symbol,fundingTime,fundingRate
ATOMUSD,1581004800000,0.0001
ATOMUSD,1581033600000,0.0001
ATOMUSD,1581062400000,0.0001
ATOMUSD,1581091200001,0.0075
ATOMUSD,1581120000000,0.0014614
ATOMUSD,1581148800000,0.00046452
ATOMUSD,1581177600000,0.0001
ATOMUSD,1581206400000,-0.00016375
ATOMUSD,1581235200000,0.0041014
ATOMUSD,1581264000000,0.00182383
ATOMUSD,1581292800000,0.00191302
ATOMUSD,1581321600000,0.00064416
ATOMUSD,1581350400009,0.0001
ATOMUSD,1581379200000,0.00044179
ATOMUSD,1581408000000,0.0001
ATOMUSD,1581436800000,0.0010229
ATOMUSD,1581465600000,0.00172988
ATOMUSD,1581494400001,0.00235787
ATOMUSD,1581523200000,0.00140706
ATOMUSD,1581552000001,0.00271325
ATOMUSD,1581580800000,0.00245318
ATOMUSD,1581609600000,0.00060479
ATOMUSD,1581638400000,0.00018869
ATOMUSD,1581667200000,0.0001286
ATOMUSD,1581696000000,0.00064731
ATOMUSD,1581724800000,0.00156312
ATOMUSD,1581753600000,0.0011618
ATOMUSD,1581782400000,0.00186952
ATOMUSD,1581811200000,0.00033814
ATOMUSD,1581840000000,0.0001
ATOMUSD,1581868800000,0.0001
ATOMUSD,1581897600000,0.0001
ATOMUSD,1581926400000,0.0001
ATOMUSD,1581955200000,0.00013213
ATOMUSD,1581984000000,0.0001
ATOMUSD,1582012800000,0.0002382
ATOMUSD,1582041600000,0.0001
ATOMUSD,1582070400000,0.00031301
ATOMUSD,1582099200001,0.0001
ATOMUSD,1582128000000,0.0001
ATOMUSD,1582156800004,0.00038177
ATOMUSD,1582185600000,0.0001
ATOMUSD,1582214400000,0.0001
ATOMUSD,1582243200000,0.0001
ATOMUSD,1582272000000,0.0001
ATOMUSD,1582300800000,0.0001
ATOMUSD,1582329600000,0.0003373
ATOMUSD,1582358400001,0.00026287
ATOMUSD,1582387200000,0.0001
ATOMUSD,1582416000000,0.0001
ATOMUSD,1582444800000,0.00032702
ATOMUSD,1582473600000,0.00027489
ATOMUSD,1582502400015,0.00128653
ATOMUSD,1582531200000,0.00111079
ATOMUSD,1582560000000,0.00045144
ATOMUSD,1582588800001,0.0001
ATOMUSD,1582617600000,0.00101254
ATOMUSD,1582646400001,0.0006252
ATOMUSD,1582675200000,0.00067251
ATOMUSD,1582704000001,0.0001
ATOMUSD,1582732800000,0.0001
ATOMUSD,1582761600001,0.00062613
ATOMUSD,1582790400001,0.0001
ATOMUSD,1582819200000,0.00017026
ATOMUSD,1582848000000,0.00016047
ATOMUSD,1582876800000,0.00099237
ATOMUSD,1582905600000,0.00013134
ATOMUSD,1582934400000,0.00138093
ATOMUSD,1582963200000,-8.287e-05
ATOMUSD,1582992000000,0.0001
ATOMUSD,1583020800000,0.00100561
ATOMUSD,1583049600000,0.00177865
ATOMUSD,1583078400001,0.0001
ATOMUSD,1583107200000,0.00070584
ATOMUSD,1583136000000,0.00047826
ATOMUSD,1583164800004,0.0001
ATOMUSD,1583193600000,0.0001
ATOMUSD,1583222400003,0.0001
ATOMUSD,1583251200000,0.00089168
ATOMUSD,1583280000002,0.00201054
ATOMUSD,1583308800000,0.0001
ATOMUSD,1583337600001,0.0001
ATOMUSD,1583366400000,0.00034972
ATOMUSD,1583395200000,0.0001
ATOMUSD,1583424000000,0.00024459
ATOMUSD,1583452800003,0.00013362
ATOMUSD,1583481600000,0.00082698
ATOMUSD,1583510400000,0.00085851
ATOMUSD,1583539200000,0.00082896
ATOMUSD,1583568000001,0.00032991
ATOMUSD,1583596800000,0.0001728
ATOMUSD,1583625600001,0.00066575
ATOMUSD,1583654400000,0.00015538
ATOMUSD,1583683200006,0.0001
ATOMUSD,1583712000000,0.0001
ATOMUSD,1583740800000,0.00135202
ATOMUSD,1583769600000,0.00019021
ATOMUSD,1583798400000,0.0001
ATOMUSD,1583827200000,0.0001
ATOMUSD,1583856000000,0.0001
ATOMUSD,1583884800001,0.00170186
ATOMUSD,1583913600000,0.0004161
ATOMUSD,1583942400000,-0.00045741
ATOMUSD,1583971200001,0.0001
ATOMUSD,1584000000001,0.0001
ATOMUSD,1584028800000,-0.00037266
ATOMUSD,1584057600000,0.0001
ATOMUSD,1584086400000,-0.00128011
ATOMUSD,1584115200002,-0.00107947
ATOMUSD,1584144000000,0.0001
ATOMUSD,1584172800001,-0.00127279
ATOMUSD,1584201600000,-0.00332109
ATOMUSD,1584230400000,-0.002513
ATOMUSD,1584259200000,-0.00108303
ATOMUSD,1584288000001,-0.00050521
ATOMUSD,1584316800000,-0.00053831
ATOMUSD,1584345600000,-0.00086177
ATOMUSD,1584374400001,-0.00040064
ATOMUSD,1584403200000,-0.0004023
ATOMUSD,1584432000000,0.0001
ATOMUSD,1584460800000,-0.00171033
ATOMUSD,1584489600000,-0.0004519
ATOMUSD,1584518400000,-0.00065475
ATOMUSD,1584547200000,0.0001
ATOMUSD,1584576000000,8.441e-05
ATOMUSD,1584604800000,0.00043933
ATOMUSD,1584633600000,2.192e-05
ATOMUSD,1584662400000,0.0001
ATOMUSD,1584691200000,0.00034063
ATOMUSD,1584720000000,-0.00016637
ATOMUSD,1584748800000,0.0001
ATOMUSD,1584777600000,0.0001
ATOMUSD,1584806400000,0.0001
ATOMUSD,1584835200000,0.0001
ATOMUSD,1584864000001,0.00046959
ATOMUSD,1584892800000,0.0001
ATOMUSD,1584921600000,0.0001
ATOMUSD,1584950400000,0.0001
ATOMUSD,1584979200000,0.00068612
ATOMUSD,1585008000000,0.0001
ATOMUSD,1585036800000,-0.0002541
ATOMUSD,1585065600000,-0.00020803
ATOMUSD,1585094400000,0.0001
ATOMUSD,1585123200000,0.0001
ATOMUSD,1585152000001,-0.00024828
ATOMUSD,1585180800006,-0.00010711
ATOMUSD,1585209600002,0.0001
ATOMUSD,1585238400000,0.0001
ATOMUSD,1585267200000,0.000512
ATOMUSD,1585296000000,-0.00038978
ATOMUSD,1585324800000,0.0001
ATOMUSD,1585353600000,-6.681e-05
ATOMUSD,1585382400000,4.164e-05
ATOMUSD,1585411200000,0.0001
ATOMUSD,1585440000000,0.0001
ATOMUSD,1585468800001,3.48e-05
ATOMUSD,1585497600000,-0.0001571
ATOMUSD,1585526400000,0.0001
ATOMUSD,1585555200000,6.645e-05
ATOMUSD,1585584000000,-0.00128229
ATOMUSD,1585612800000,-0.00080064
ATOMUSD,1585641600001,-0.00084969
ATOMUSD,1585670400001,0.0001
ATOMUSD,1585699200002,0.0001
ATOMUSD,1585728000000,0.0001
ATOMUSD,1585756800001,0.00042023
ATOMUSD,1585785600000,0.00083595
ATOMUSD,1585814400000,-0.00086391
ATOMUSD,1585843200000,0.0001
ATOMUSD,1585872000000,0.0001
ATOMUSD,1585900800000,0.0001
ATOMUSD,1585929600000,0.0001
ATOMUSD,1585958400000,-0.0003444
ATOMUSD,1585987200000,0.00048977
ATOMUSD,1586016000000,0.00099415
ATOMUSD,1586044800001,0.0001
ATOMUSD,1586073600000,0.0001
ATOMUSD,1586102400000,0.0001
ATOMUSD,1586131200000,0.0003155
ATOMUSD,1586160000000,-8.858e-05
ATOMUSD,1586188800000,0.0001
ATOMUSD,1586217600000,0.0001
ATOMUSD,1586246400000,0.0001
ATOMUSD,1586275200000,0.0001
ATOMUSD,1586304000000,0.0001
ATOMUSD,1586332800000,0.0001
ATOMUSD,1586361600000,-0.00025563
ATOMUSD,1586390400000,0.00089725
ATOMUSD,1586419200001,0.00015834
ATOMUSD,1586448000000,0.0001
ATOMUSD,1586476800001,0.0001
ATOMUSD,1586505600000,0.0001
ATOMUSD,1586534400000,0.0001
ATOMUSD,1586563200000,0.0001
ATOMUSD,1586592000000,0.0001
ATOMUSD,1586620800000,-0.00046372
ATOMUSD,1586649600000,0.0001
ATOMUSD,1586678400006,-0.00049324
ATOMUSD,1586707200001,0.0001
ATOMUSD,1586736000001,0.0001
ATOMUSD,1586764800000,5.666e-05
ATOMUSD,1586793600000,-0.00054491
ATOMUSD,1586822400000,0.0001
ATOMUSD,1586851200000,-0.00031057
ATOMUSD,1586880000000,0.0001
ATOMUSD,1586908800000,-0.00112791
ATOMUSD,1586937600000,0.0001
ATOMUSD,1586966400000,-0.00039316
ATOMUSD,1586995200000,-0.00065296
ATOMUSD,1587024000000,-0.00010468
ATOMUSD,1587052800000,0.0001
ATOMUSD,1587081600000,0.00012673
ATOMUSD,1587110400000,0.0001
ATOMUSD,1587139200000,0.0001
ATOMUSD,1587168000000,0.0001
ATOMUSD,1587196800000,0.00058198
ATOMUSD,1587225600000,0.0001
ATOMUSD,1587254400000,0.00042392
ATOMUSD,1587283200000,0.0001
ATOMUSD,1587312000000,-0.00013357
ATOMUSD,1587340800000,0.0001
ATOMUSD,1587369600000,0.0001
ATOMUSD,1587398400000,0.00035506
ATOMUSD,1587427200000,0.0001
ATOMUSD,1587456000001,0.00040274
ATOMUSD,1587484800000,0.00052557
ATOMUSD,1587513600001,0.0001
ATOMUSD,1587542400000,0.0001
ATOMUSD,1587571200000,0.00016901
ATOMUSD,1587600000000,0.0001
ATOMUSD,1587628800001,0.00011178
ATOMUSD,1587657600000,0.00042027
ATOMUSD,1587686400000,0.0001
ATOMUSD,1587715200000,0.00017177
ATOMUSD,1587744000000,0.00085504
ATOMUSD,1587772800003,0.00021819
ATOMUSD,1587801600000,0.00265087
ATOMUSD,1587830400000,0.00012697
ATOMUSD,1587859200000,-0.00021879
ATOMUSD,1587888000000,0.0001
ATOMUSD,1587916800000,0.00031955
ATOMUSD,1587945600000,0.00016606
ATOMUSD,1587974400005,0.00044419
ATOMUSD,1588003200000,0.00069608
ATOMUSD,1588032000000,0.00066072
ATOMUSD,1588060800000,0.0001
ATOMUSD,1588089600000,0.00040125
ATOMUSD,1588118400000,0.0001
ATOMUSD,1588147200001,0.00122956
ATOMUSD,1588176000000,0.00029991
ATOMUSD,1588204800000,0.0001349
ATOMUSD,1588233600000,0.00061945
ATOMUSD,1588262400000,0.0001
ATOMUSD,1588291200000,0.0001
ATOMUSD,1588320000000,0.00079314
ATOMUSD,1588348800000,0.00036563
ATOMUSD,1588377600000,0.0001
ATOMUSD,1588406400000,0.0001
ATOMUSD,1588435200000,0.00118424
ATOMUSD,1588464000000,0.0002504
ATOMUSD,1588492800000,0.0001
ATOMUSD,1588521600000,0.0001
ATOMUSD,1588550400000,0.0001
ATOMUSD,1588579200005,0.0001
ATOMUSD,1588608000000,0.0001
ATOMUSD,1588636800000,0.00137396
ATOMUSD,1588665600000,0.00031116
ATOMUSD,1588694400000,0.0001
ATOMUSD,1588723200001,0.00087818
ATOMUSD,1588752000000,0.00088454
ATOMUSD,1588780800000,0.0001
ATOMUSD,1588809600000,0.0001
ATOMUSD,1588838400011,0.0001
ATOMUSD,1588867200000,0.0001
ATOMUSD,1588896000000,0.0001
ATOMUSD,1588924800001,0.00032465
ATOMUSD,1588953600000,0.00157361
ATOMUSD,1588982400000,0.00044657
ATOMUSD,1589011200000,0.00160198
ATOMUSD,1589040000000,0.00199886
ATOMUSD,1589068800000,0.00095709
ATOMUSD,1589097600000,0.0001
ATOMUSD,1589126400000,0.0003347
ATOMUSD,1589155200000,0.0001
ATOMUSD,1589184000000,0.0001
ATOMUSD,1589212800000,0.0001
ATOMUSD,1589241600000,-0.00013379
ATOMUSD,1589270400001,0.00036538
ATOMUSD,1589299200000,0.0001
ATOMUSD,1589328000000,0.0001
ATOMUSD,1589356800000,0.0001
ATOMUSD,1589385600000,0.00026264
ATOMUSD,1589414400000,0.00068856
ATOMUSD,1589443200000,-0.00068208
ATOMUSD,1589472000000,0.0001
ATOMUSD,1589500800000,0.0001
ATOMUSD,1589529600000,0.0001
ATOMUSD,1589558400001,0.0001
ATOMUSD,1589587200008,0.0001
ATOMUSD,1589616000000,0.0001
ATOMUSD,1589644800000,0.0001
ATOMUSD,1589673600002,0.0001
ATOMUSD,1589702400000,0.0001
ATOMUSD,1589731200000,0.0001
ATOMUSD,1589760000000,0.0001
ATOMUSD,1589788800000,0.0001
ATOMUSD,1589817600001,0.0001
ATOMUSD,1589846400005,0.0001
ATOMUSD,1589875200000,0.0001
ATOMUSD,1589904000000,0.0001
ATOMUSD,1589932800000,0.0001
ATOMUSD,1589961600000,0.0001
ATOMUSD,1589990400006,0.0001
ATOMUSD,1590019200000,0.0001
ATOMUSD,1590048000000,0.0001
ATOMUSD,1590076800000,0.00021021
ATOMUSD,1590105600006,0.0001
ATOMUSD,1590134400000,0.0001
ATOMUSD,1590163200000,0.00044292
ATOMUSD,1590192000003,0.00028067
ATOMUSD,1590220800000,0.00036964
ATOMUSD,1590249600000,0.0001
ATOMUSD,1590278400006,0.0001
ATOMUSD,1590307200000,0.0001
ATOMUSD,1590336000000,0.0001
ATOMUSD,1590364800000,0.00019618
ATOMUSD,1590393600000,0.0001
ATOMUSD,1590422400000,0.0001
ATOMUSD,1590451200000,0.0001
ATOMUSD,1590480000006,0.0001
ATOMUSD,1590508800000,0.0001
ATOMUSD,1590537600000,0.00029412
ATOMUSD,1590566400000,0.00020809
ATOMUSD,1590595200000,0.0001
ATOMUSD,1590624000000,0.0001
ATOMUSD,1590652800000,0.0001
ATOMUSD,1590681600000,0.00027083
ATOMUSD,1590710400000,0.0001
ATOMUSD,1590739200000,0.0001
ATOMUSD,1590768000000,0.0001
ATOMUSD,1590796800000,0.0001
ATOMUSD,1590825600001,0.00049733
ATOMUSD,1590854400000,0.00040198
ATOMUSD,1590883200000,0.00063218
ATOMUSD,1590912000001,0.0001
ATOMUSD,1590940800000,0.00018434
ATOMUSD,1590969600000,0.0001
ATOMUSD,1590998400001,0.0005267
ATOMUSD,1591027200000,0.0001
ATOMUSD,1591056000000,0.00077061
ATOMUSD,1591084800002,0.00153324
ATOMUSD,1591113600000,0.00027032
ATOMUSD,1591142400000,0.0001
ATOMUSD,1591171200000,0.0001
ATOMUSD,1591200000002,0.0001
ATOMUSD,1591228800001,0.00084042
ATOMUSD,1591257600004,0.0001
ATOMUSD,1591286400001,0.00050095
ATOMUSD,1591315200001,0.0001
ATOMUSD,1591344000000,0.00022063
ATOMUSD,1591372800001,0.0001
ATOMUSD,1591401600000,0.0001
ATOMUSD,1591430400000,0.00044442
ATOMUSD,1591459200000,0.0001
ATOMUSD,1591488000000,0.0001
ATOMUSD,1591516800000,0.0001
ATOMUSD,1591545600006,0.00012111
ATOMUSD,1591574400008,0.0001
ATOMUSD,1591603200007,0.0001
ATOMUSD,1591632000000,0.0001
ATOMUSD,1591660800000,0.0001
ATOMUSD,1591689600000,0.0001
ATOMUSD,1591718400000,0.0001
ATOMUSD,1591747200000,0.00059919
ATOMUSD,1591776000000,0.00038076
ATOMUSD,1591804800000,0.0001
ATOMUSD,1591833600008,0.00032167
ATOMUSD,1591862400001,0.00026597
ATOMUSD,1591891200000,0.0001
ATOMUSD,1591920000003,0.0001
ATOMUSD,1591948800000,0.00037911
ATOMUSD,1591977600002,0.0001
ATOMUSD,1592006400000,0.00020149
ATOMUSD,1592035200001,0.00054454
ATOMUSD,1592064000000,0.00015633
ATOMUSD,1592092800007,0.00048969
ATOMUSD,1592121600000,0.00029536
ATOMUSD,1592150400001,0.00038939
ATOMUSD,1592179200000,0.00033416
ATOMUSD,1592208000001,0.00026476
ATOMUSD,1592236800000,0.0001
ATOMUSD,1592265600002,0.0001
ATOMUSD,1592294400000,0.0001
ATOMUSD,1592323200006,0.0001
ATOMUSD,1592352000000,0.00079418
ATOMUSD,1592380800007,0.0001
ATOMUSD,1592409600000,0.00054061
ATOMUSD,1592438400003,0.00023117
ATOMUSD,1592467200001,0.00039878
ATOMUSD,1592496000002,0.0001319
ATOMUSD,1592524800001,0.0001
ATOMUSD,1592553600003,0.0001
ATOMUSD,1592582400000,0.00044764
ATOMUSD,1592611200000,0.00053292
ATOMUSD,1592640000009,0.00013549
ATOMUSD,1592668800006,0.0005946
ATOMUSD,1592697600000,0.00086707
ATOMUSD,1592726400000,0.00016708
ATOMUSD,1592755200000,0.0001
ATOMUSD,1592784000000,0.00030964
ATOMUSD,1592812800000,0.00062252
ATOMUSD,1592841600001,0.00018152
ATOMUSD,1592870400000,0.00058271
ATOMUSD,1592899200002,0.00055483
ATOMUSD,1592928000000,0.00023866
ATOMUSD,1592956800001,0.0001
ATOMUSD,1592985600000,0.00022772
ATOMUSD,1593014400000,0.0001
ATOMUSD,1593043200000,0.0001
ATOMUSD,1593072000000,0.00013913
ATOMUSD,1593100800000,0.0001
ATOMUSD,1593129600000,0.0001
ATOMUSD,1593158400000,0.0001
ATOMUSD,1593187200000,0.0001
ATOMUSD,1593216000003,0.0001
ATOMUSD,1593244800004,0.0001
ATOMUSD,1593273600000,0.0001
ATOMUSD,1593302400003,0.0001
ATOMUSD,1593331200001,0.00034572
ATOMUSD,1593360000000,0.00016847
ATOMUSD,1593388800000,0.0001
ATOMUSD,1593417600005,0.0001
ATOMUSD,1593446400000,0.0001
ATOMUSD,1593475200000,0.0001
ATOMUSD,1593504000001,0.0001
ATOMUSD,1593532800002,0.0001
ATOMUSD,1593561600002,0.0001
ATOMUSD,1593590400000,0.0001
ATOMUSD,1593619200000,0.0001
ATOMUSD,1593648000001,0.00032428
ATOMUSD,1593676800001,0.0001
ATOMUSD,1593705600000,0.0001
ATOMUSD,1593734400000,0.00031208
ATOMUSD,1593763200001,0.0001
ATOMUSD,1593792000000,0.0001
ATOMUSD,1593820800002,0.0001
ATOMUSD,1593849600002,0.0001
ATOMUSD,1593878400001,0.0001
ATOMUSD,1593907200000,0.00014957
ATOMUSD,1593936000000,0.0001
ATOMUSD,1593964800000,0.0001
ATOMUSD,1593993600000,0.0001
ATOMUSD,1594022400001,0.0001
ATOMUSD,1594051200000,0.0001
ATOMUSD,1594080000000,0.00061602
ATOMUSD,1594108800006,0.0001
ATOMUSD,1594137600000,0.0001
ATOMUSD,1594166400000,0.00016293
ATOMUSD,1594195200000,0.0001
ATOMUSD,1594224000000,0.00113411
ATOMUSD,1594252800001,0.0001
ATOMUSD,1594281600002,0.00013516
ATOMUSD,1594310400000,0.00020288
ATOMUSD,1594339200000,0.00045368
ATOMUSD,1594368000001,0.0001
ATOMUSD,1594396800000,0.0001
ATOMUSD,1594425600000,0.0001
ATOMUSD,1594454400000,0.0001
ATOMUSD,1594483200000,0.0001
ATOMUSD,1594512000000,0.00041743
ATOMUSD,1594540800000,0.0001
ATOMUSD,1594569600000,0.00031091
ATOMUSD,1594598400000,0.0002778
ATOMUSD,1594627200001,0.0001
ATOMUSD,1594656000000,0.00154617
ATOMUSD,1594684800001,0.0001
ATOMUSD,1594713600000,-0.00057237
ATOMUSD,1594742400000,0.0001
ATOMUSD,1594771200000,0.00229105
ATOMUSD,1594800000000,0.0001
ATOMUSD,1594828800000,0.00072908
ATOMUSD,1594857600000,0.00035161
ATOMUSD,1594886400002,0.0004353
ATOMUSD,1594915200001,0.00059985
ATOMUSD,1594944000001,0.00138368
ATOMUSD,1594972800000,0.0001
ATOMUSD,1595001600000,0.00011003
ATOMUSD,1595030400003,0.00047051
ATOMUSD,1595059200001,0.0001
ATOMUSD,1595088000000,0.0001
ATOMUSD,1595116800000,-0.00025661
ATOMUSD,1595145600000,0.00018914
ATOMUSD,1595174400000,0.00055804
ATOMUSD,1595203200000,0.0001
ATOMUSD,1595232000000,0.00052344
ATOMUSD,1595260800001,0.00133008
ATOMUSD,1595289600000,0.0001
ATOMUSD,1595318400001,0.0001
ATOMUSD,1595347200004,0.00043055
ATOMUSD,1595376000000,0.0001
ATOMUSD,1595404800000,0.0003039
ATOMUSD,1595433600000,0.0001
ATOMUSD,1595462400001,0.00129969
ATOMUSD,1595491200000,0.0001
ATOMUSD,1595520000001,0.00064696
ATOMUSD,1595548800000,0.00027148
ATOMUSD,1595577600000,0.00028015
ATOMUSD,1595606400000,0.000574
ATOMUSD,1595635200000,0.0001
ATOMUSD,1595664000001,0.00041565
ATOMUSD,1595692800000,0.00148426
ATOMUSD,1595721600000,0.00135143
ATOMUSD,1595750400000,0.00215747
ATOMUSD,1595779200000,0.00032667
ATOMUSD,1595808000000,0.00016058
ATOMUSD,1595836800000,0.00180037
ATOMUSD,1595865600000,0.00021837
ATOMUSD,1595894400000,0.00017738
ATOMUSD,1595923200001,0.00010366
ATOMUSD,1595952000000,0.0018396
ATOMUSD,1595980800000,0.00100532
ATOMUSD,1596009600000,0.00224296
ATOMUSD,1596038400000,0.00130894
ATOMUSD,1596067200000,0.00121714
ATOMUSD,1596096000001,0.00086673
ATOMUSD,1596124800000,0.00168472
ATOMUSD,1596153600000,0.0017673
ATOMUSD,1596182400001,0.0001
ATOMUSD,1596211200000,0.00115754
ATOMUSD,1596240000005,0.00097227
ATOMUSD,1596268800000,0.0008304
ATOMUSD,1596297600001,0.00073946
ATOMUSD,1596326400000,0.00104457
ATOMUSD,1596355200001,0.00054564
ATOMUSD,1596384000001,0.00074479
ATOMUSD,1596412800000,0.00016819
ATOMUSD,1596441600001,0.0001
ATOMUSD,1596470400000,0.00141642
ATOMUSD,1596499200003,0.00049206
ATOMUSD,1596528000000,0.00016236
ATOMUSD,1596556800000,0.00040816
ATOMUSD,1596585600000,0.00104324
ATOMUSD,1596614400000,0.00107524
ATOMUSD,1596643200000,0.0001
ATOMUSD,1596672000000,0.00060325
ATOMUSD,1596700800007,0.0004504
ATOMUSD,1596729600000,0.00108112
ATOMUSD,1596758400001,0.00118071
ATOMUSD,1596787200000,0.00076405
ATOMUSD,1596816000000,0.00093955
ATOMUSD,1596844800000,0.00015877
ATOMUSD,1596873600000,0.00048135
ATOMUSD,1596902400000,0.00034731
ATOMUSD,1596931200000,0.0012419
ATOMUSD,1596960000000,0.00098021
ATOMUSD,1596988800000,0.0011374
ATOMUSD,1597017600001,0.00013805
ATOMUSD,1597046400000,0.00093784
ATOMUSD,1597075200001,0.00232197
ATOMUSD,1597104000001,0.00042688
ATOMUSD,1597132800000,0.00047304
ATOMUSD,1597161600001,0.00251648
ATOMUSD,1597190400000,0.001336
ATOMUSD,1597219200000,0.0013581
ATOMUSD,1597248000000,0.00013526
ATOMUSD,1597276800002,0.00157594
ATOMUSD,1597305600000,0.00097101
ATOMUSD,1597334400000,0.0016194
ATOMUSD,1597363200000,0.00162613
ATOMUSD,1597392000000,0.00086745
ATOMUSD,1597420800000,0.00243679
ATOMUSD,1597449600000,0.00035881
ATOMUSD,1597478400001,0.00151864
ATOMUSD,1597507200001,0.0001
ATOMUSD,1597536000000,0.00033777
ATOMUSD,1597564800000,0.0002152
ATOMUSD,1597593600000,0.00221206
ATOMUSD,1597622400000,0.0001
ATOMUSD,1597651200000,0.00012087
ATOMUSD,1597680000000,0.00042061
ATOMUSD,1597708800001,0.0001
ATOMUSD,1597737600008,0.0001
ATOMUSD,1597766400000,0.00153489
ATOMUSD,1597795200000,0.0001
ATOMUSD,1597824000000,0.00042315
ATOMUSD,1597852800000,0.0001
ATOMUSD,1597881600001,0.0001
ATOMUSD,1597910400000,0.0001
ATOMUSD,1597939200000,0.0001
ATOMUSD,1597968000000,0.00086721
ATOMUSD,1597996800000,0.0001
ATOMUSD,1598025600017,0.00092275
ATOMUSD,1598054400000,0.0001
ATOMUSD,1598083200000,0.00018174
ATOMUSD,1598112000000,0.0001
ATOMUSD,1598140800000,0.0001
ATOMUSD,1598169600000,0.0001
ATOMUSD,1598198400000,0.0001
ATOMUSD,1598227200006,-0.00050636
ATOMUSD,1598256000001,0.0001
ATOMUSD,1598284800000,0.0001
ATOMUSD,1598313600000,0.0001
ATOMUSD,1598342400000,0.0001
ATOMUSD,1598371200000,0.00010449
ATOMUSD,1598400000000,0.00040139
ATOMUSD,1598428800008,0.0001
ATOMUSD,1598457600002,0.00040222
ATOMUSD,1598486400000,0.00089524
ATOMUSD,1598515200010,0.00038239
ATOMUSD,1598544000000,0.0001
ATOMUSD,1598572800000,0.0001
ATOMUSD,1598601600001,0.0001
ATOMUSD,1598630400000,0.00068697
ATOMUSD,1598659200002,0.0001
ATOMUSD,1598688000006,0.00069043
ATOMUSD,1598716800003,0.0001159
ATOMUSD,1598745600000,0.00029284
ATOMUSD,1598774400000,0.00051647
ATOMUSD,1598803200000,0.0001
ATOMUSD,1598832000000,0.0001
ATOMUSD,1598860800001,0.0001
ATOMUSD,1598889600001,0.00047274
ATOMUSD,1598918400000,0.00104544
ATOMUSD,1598947200000,0.00071473
ATOMUSD,1598976000000,0.0001
ATOMUSD,1599004800000,0.0001
ATOMUSD,1599033600006,0.00062854
ATOMUSD,1599062400000,0.0001
ATOMUSD,1599091200001,0.00089453
ATOMUSD,1599120000004,0.00015054
ATOMUSD,1599148800000,0.0001
ATOMUSD,1599177600005,0.0001
ATOMUSD,1599206400000,0.0001
ATOMUSD,1599235200006,0.0001
ATOMUSD,1599264000000,0.00089144
ATOMUSD,1599292800004,0.00060874
ATOMUSD,1599321600001,0.0001
ATOMUSD,1599350400004,0.0001
ATOMUSD,1599379200000,0.0001
ATOMUSD,1599408000000,0.0001
ATOMUSD,1599436800002,0.0001
ATOMUSD,1599465600004,-0.00065411
ATOMUSD,1599494400001,0.0001
ATOMUSD,1599523200007,0.00019719
ATOMUSD,1599552000006,0.00085581
ATOMUSD,1599580800014,0.0001
ATOMUSD,1599609600000,0.0001
ATOMUSD,1599638400000,0.0001
ATOMUSD,1599667200000,0.0002785
ATOMUSD,1599696000000,0.0001
ATOMUSD,1599724800005,0.0001
ATOMUSD,1599753600000,0.0001
ATOMUSD,1599782400000,0.0001
ATOMUSD,1599811200008,0.00079929
ATOMUSD,1599840000000,0.0001
ATOMUSD,1599868800008,0.0001
ATOMUSD,1599897600000,0.0001
ATOMUSD,1599926400008,0.0001
ATOMUSD,1599955200000,0.00014108
ATOMUSD,1599984000000,0.00011053
ATOMUSD,1600012800004,0.00021419
ATOMUSD,1600041600003,0.0001
ATOMUSD,1600070400008,-0.00013429
ATOMUSD,1600099200000,0.0001
ATOMUSD,1600128000000,0.00022169
ATOMUSD,1600156800010,0.0001
ATOMUSD,1600185600003,0.0001
ATOMUSD,1600214400014,0.0001
ATOMUSD,1600243200000,0.0001
ATOMUSD,1600272000001,-4.344e-05
ATOMUSD,1600300800006,-6.278e-05
ATOMUSD,1600329600012,0.0001
ATOMUSD,1600358400000,0.0001
ATOMUSD,1600387200001,0.0001
ATOMUSD,1600416000002,0.0001
ATOMUSD,1600444800002,-0.00022146
ATOMUSD,1600473600000,0.0001
ATOMUSD,1600502400005,0.0001
ATOMUSD,1600531200008,0.0001
ATOMUSD,1600560000002,0.0001
ATOMUSD,1600588800005,0.0001
ATOMUSD,1600617600005,0.0001
ATOMUSD,1600646400000,0.0001
ATOMUSD,1600675200001,-2.14e-05
ATOMUSD,1600704000000,0.0001
ATOMUSD,1600732800001,0.0001
ATOMUSD,1600761600000,-0.00017414
ATOMUSD,1600790400004,0.00039351
ATOMUSD,1600819200007,0.0001
ATOMUSD,1600848000001,-0.00058976
ATOMUSD,1600876800001,0.0001
ATOMUSD,1600905600000,0.0001
ATOMUSD,1600934400000,0.00175076
ATOMUSD,1600963200000,0.0001
ATOMUSD,1600992000009,0.0001
ATOMUSD,1601020800045,0.0001
ATOMUSD,1601049600000,0.0001
ATOMUSD,1601078400000,0.0001
ATOMUSD,1601107200000,0.0001
ATOMUSD,1601136000005,0.00011477
ATOMUSD,1601164800000,0.0001
ATOMUSD,1601193600000,0.0001
ATOMUSD,1601222400019,0.0001
ATOMUSD,1601251200001,0.0001
ATOMUSD,1601280000000,0.0001
ATOMUSD,1601308800002,0.0001
ATOMUSD,1601337600000,0.0001
ATOMUSD,1601366400000,0.0001
ATOMUSD,1601395200000,0.0001
ATOMUSD,1601424000005,0.0001
ATOMUSD,1601452800000,0.0001
ATOMUSD,1601481600000,0.0001
ATOMUSD,1601510400000,0.0001
ATOMUSD,1601539200000,0.0001
ATOMUSD,1601568000000,0.0001
ATOMUSD,1601596800011,0.0001
ATOMUSD,1601625600000,0.0001
ATOMUSD,1601654400005,0.0001
ATOMUSD,1601683200000,0.0001
ATOMUSD,1601712000001,0.0001
ATOMUSD,1601740800000,0.0001
ATOMUSD,1601769600000,0.0001
ATOMUSD,1601798400003,0.0001
ATOMUSD,1601827200001,0.0001
ATOMUSD,1601856000000,0.0001
ATOMUSD,1601884800000,0.0001
ATOMUSD,1601913600012,0.0001
ATOMUSD,1601942400000,0.0001
ATOMUSD,1601971200005,0.0001
ATOMUSD,1602000000000,0.0001
ATOMUSD,1602028800000,9.833e-05
ATOMUSD,1602057600000,0.0001
ATOMUSD,1602086400000,0.0001
ATOMUSD,1602115200000,0.0001
ATOMUSD,1602144000009,0.0001
ATOMUSD,1602172800003,0.0001
ATOMUSD,1602201600001,0.0001
ATOMUSD,1602230400000,0.0001
ATOMUSD,1602259200004,0.0001
ATOMUSD,1602288000005,0.0001
ATOMUSD,1602316800000,0.00025404
ATOMUSD,1602345600011,0.00045086
ATOMUSD,1602374400002,0.00047899
ATOMUSD,1602403200003,0.0001
ATOMUSD,1602432000004,0.0001
ATOMUSD,1602460800001,0.0001
ATOMUSD,1602489600000,0.0001
ATOMUSD,1602518400011,0.0001
ATOMUSD,1602547200003,0.0001
ATOMUSD,1602576000000,0.0001
ATOMUSD,1602604800001,0.0001
ATOMUSD,1602633600001,0.0001
ATOMUSD,1602662400000,0.0001
ATOMUSD,1602691200001,0.0001
ATOMUSD,1602720000000,0.0001
ATOMUSD,1602748800000,0.0001
ATOMUSD,1602777600000,0.0001
ATOMUSD,1602806400002,0.0001
ATOMUSD,1602835200003,0.0001
ATOMUSD,1602864000000,0.0006067
ATOMUSD,1602892800006,0.00023777
ATOMUSD,1602921600007,0.00074201
ATOMUSD,1602950400009,0.0001
ATOMUSD,1602979200006,0.0001
ATOMUSD,1603008000000,0.00164772
ATOMUSD,1603036800000,0.0001
ATOMUSD,1603065600000,0.0001
ATOMUSD,1603094400000,0.0001
ATOMUSD,1603123200000,0.0001
ATOMUSD,1603152000015,0.00031414
ATOMUSD,1603180800000,0.0001
ATOMUSD,1603209600008,0.0001
ATOMUSD,1603238400009,0.0001
ATOMUSD,1603267200004,0.0001
ATOMUSD,1603296000000,0.0001
ATOMUSD,1603324800000,0.0001
ATOMUSD,1603353600000,0.0001
ATOMUSD,1603382400004,0.0001
ATOMUSD,1603411200007,0.00013148
ATOMUSD,1603440000000,0.00063723
ATOMUSD,1603468800000,0.00058405
ATOMUSD,1603497600000,0.0001
ATOMUSD,1603526400000,0.0001
ATOMUSD,1603555200008,0.00017005
ATOMUSD,1603584000005,0.00180418
ATOMUSD,1603612800014,0.00031846
ATOMUSD,1603641600000,0.0001281
ATOMUSD,1603670400004,0.0001
ATOMUSD,1603699200000,0.0001
ATOMUSD,1603728000000,0.0001
ATOMUSD,1603756800000,0.0001
ATOMUSD,1603785600000,0.0001
ATOMUSD,1603814400000,0.0001
ATOMUSD,1603843200000,0.0001
ATOMUSD,1603872000006,0.0001
ATOMUSD,1603900800001,0.0001
ATOMUSD,1603929600000,0.0001
ATOMUSD,1603958400000,-0.00044491
ATOMUSD,1603987200000,0.0001
ATOMUSD,1604016000000,0.0001
ATOMUSD,1604044800002,0.0001
ATOMUSD,1604073600002,0.0001
ATOMUSD,1604102400003,0.0001
ATOMUSD,1604131200000,0.0001
ATOMUSD,1604160000000,-8.12e-06
ATOMUSD,1604188800000,3.5e-07
ATOMUSD,1604217600000,-0.00037428
ATOMUSD,1604246400000,0.0001
ATOMUSD,1604275200000,0.0001
ATOMUSD,1604304000010,0.0001
ATOMUSD,1604332800000,0.00115242
ATOMUSD,1604361600000,0.0001
ATOMUSD,1604390400004,0.0001
ATOMUSD,1604419200009,0.0001
ATOMUSD,1604448000000,0.0001
ATOMUSD,1604476800000,0.0001
ATOMUSD,1604505600005,-3.834e-05
ATOMUSD,1604534400017,0.0001
ATOMUSD,1604563200001,0.0001
ATOMUSD,1604592000000,0.0001
ATOMUSD,1604620800000,0.0001
ATOMUSD,1604649600001,0.00016963
ATOMUSD,1604678400001,0.0001
ATOMUSD,1604707200001,0.00012366
ATOMUSD,1604736000000,0.00067017
ATOMUSD,1604764800006,0.00142465
ATOMUSD,1604793600000,0.0001
ATOMUSD,1604822400000,0.00011881
ATOMUSD,1604851200000,0.0001
ATOMUSD,1604880000007,0.00075674
ATOMUSD,1604908800001,0.00022361
ATOMUSD,1604937600002,0.0001
ATOMUSD,1604966400003,0.00134022
ATOMUSD,1604995200011,0.00062595
ATOMUSD,1605024000000,0.00024638
ATOMUSD,1605052800000,0.0001
ATOMUSD,1605081600009,0.0001
ATOMUSD,1605110400003,0.0001
ATOMUSD,1605139200001,0.0001
ATOMUSD,1605168000001,0.0001
ATOMUSD,1605196800000,0.0001
ATOMUSD,1605225600000,0.0001
ATOMUSD,1605254400000,0.0001
ATOMUSD,1605283200000,0.0001
ATOMUSD,1605312000005,0.0001
ATOMUSD,1605340800004,0.0001
ATOMUSD,1605369600001,0.00019684
ATOMUSD,1605398400001,-0.00023603
ATOMUSD,1605427200000,0.0001
ATOMUSD,1605456000003,0.0001282
ATOMUSD,1605484800000,-0.00071632
ATOMUSD,1605513600010,0.0001
ATOMUSD,1605542400001,0.000968
ATOMUSD,1605571200002,0.0001
ATOMUSD,1605600000003,0.00028946
ATOMUSD,1605628800003,0.00084124
ATOMUSD,1605657600005,0.00319685
ATOMUSD,1605686400006,0.00120879
ATOMUSD,1605715200000,0.0001
ATOMUSD,1605744000008,0.00044788
ATOMUSD,1605772800000,0.0001
ATOMUSD,1605801600001,0.00070345
ATOMUSD,1605830400003,0.0001
ATOMUSD,1605859200005,0.00056235
ATOMUSD,1605888000000,0.00190169
ATOMUSD,1605916800000,0.00068328
ATOMUSD,1605945600000,0.00126936
ATOMUSD,1605974400001,0.00136739
ATOMUSD,1606003200005,0.00023865
ATOMUSD,1606032000000,0.0001
ATOMUSD,1606060800000,0.0001
ATOMUSD,1606089600005,0.00024853
ATOMUSD,1606118400000,0.00087962
ATOMUSD,1606147200003,0.00079267
ATOMUSD,1606176000000,0.00081539
ATOMUSD,1606204800000,0.00127825
ATOMUSD,1606233600005,0.00063084
ATOMUSD,1606262400005,0.00060969
ATOMUSD,1606291200005,0.00097516
ATOMUSD,1606320000015,0.00141825
ATOMUSD,1606348800012,0.00044072
ATOMUSD,1606377600002,0.0001
ATOMUSD,1606406400001,0.0001
ATOMUSD,1606435200001,0.0001
ATOMUSD,1606464000000,0.0001
ATOMUSD,1606492800007,0.0001
ATOMUSD,1606521600007,0.0001
ATOMUSD,1606550400012,0.0001
ATOMUSD,1606579200000,0.0001
ATOMUSD,1606608000007,0.0001
ATOMUSD,1606636800000,0.0001
ATOMUSD,1606665600000,0.0001
ATOMUSD,1606694400004,0.0001
ATOMUSD,1606723200007,0.0001
ATOMUSD,1606752000000,0.0001
ATOMUSD,1606780800000,0.0001
ATOMUSD,1606809600003,0.0001
ATOMUSD,1606838400000,0.0001
ATOMUSD,1606867200001,0.0001
ATOMUSD,1606896000011,0.0001
ATOMUSD,1606924800005,0.0001
ATOMUSD,1606953600001,0.0001
ATOMUSD,1606982400031,0.0001
ATOMUSD,1607011200000,0.0001
ATOMUSD,1607040000006,0.00043927
ATOMUSD,1607068800009,0.0001
ATOMUSD,1607097600000,0.0001
ATOMUSD,1607126400000,0.0001
ATOMUSD,1607155200000,0.0001
ATOMUSD,1607184000000,0.0001
ATOMUSD,1607212800004,0.0001
ATOMUSD,1607241600000,0.0001
ATOMUSD,1607270400001,0.0001
ATOMUSD,1607299200000,0.0001
ATOMUSD,1607328000008,0.0001
ATOMUSD,1607356800000,0.0002533
ATOMUSD,1607385600003,0.0001
ATOMUSD,1607414400003,0.0001
ATOMUSD,1607443200033,0.0001
ATOMUSD,1607472000000,0.0001
ATOMUSD,1607500800010,0.0001
ATOMUSD,1607529600000,0.0001
ATOMUSD,1607558400000,0.0001
ATOMUSD,1607587200000,0.0001
ATOMUSD,1607616000007,0.0001
ATOMUSD,1607644800000,0.0001
ATOMUSD,1607673600016,0.0001
ATOMUSD,1607702400010,0.0001
ATOMUSD,1607731200009,0.0001
ATOMUSD,1607760000002,0.0001
ATOMUSD,1607788800000,0.0001
ATOMUSD,1607817600007,0.0001
ATOMUSD,1607846400000,0.0001
ATOMUSD,1607875200000,0.0001
ATOMUSD,1607904000000,0.0001
ATOMUSD,1607932800000,0.0001
ATOMUSD,1607961600000,0.0001
ATOMUSD,1607990400006,0.0001
ATOMUSD,1608019200001,0.0001
ATOMUSD,1608048000000,0.0001
ATOMUSD,1608076800001,0.0001
ATOMUSD,1608105600000,0.0001
ATOMUSD,1608134400000,0.0001
ATOMUSD,1608163200000,0.0001
ATOMUSD,1608192000000,0.0001
ATOMUSD,1608220800011,0.00084112
ATOMUSD,1608249600000,0.0001
ATOMUSD,1608278400000,0.0001
ATOMUSD,1608307200000,0.0001
ATOMUSD,1608336000000,0.00020508
ATOMUSD,1608364800018,0.00051823
ATOMUSD,1608393600000,0.00105278
ATOMUSD,1608422400001,0.00034071
ATOMUSD,1608451200011,0.00074946
ATOMUSD,1608480000023,0.00083727
ATOMUSD,1608508800011,0.00017341
ATOMUSD,1608537600000,0.0001
ATOMUSD,1608566400000,0.0001
ATOMUSD,1608595200001,0.0001
ATOMUSD,1608624000006,0.0001
ATOMUSD,1608652800000,0.0001
ATOMUSD,1608681600000,0.0001
ATOMUSD,1608710400000,0.0001
ATOMUSD,1608739200000,0.0001
ATOMUSD,1608768000012,0.0001
ATOMUSD,1608796800009,0.0001
ATOMUSD,1608825600001,0.0001
ATOMUSD,1608854400000,0.0001
ATOMUSD,1608883200000,0.0001
ATOMUSD,1608912000000,0.0001
ATOMUSD,1608940800009,0.0001
ATOMUSD,1608969600001,0.0001
ATOMUSD,1608998400006,0.0001
ATOMUSD,1609027200000,0.0001
ATOMUSD,1609056000000,0.0001
ATOMUSD,1609084800001,0.0001
ATOMUSD,1609113600015,0.00016094
ATOMUSD,1609142400019,0.00018419
ATOMUSD,1609171200000,0.00056283
ATOMUSD,1609200000004,0.00069374
ATOMUSD,1609228800003,0.0001
ATOMUSD,1609257600000,0.0001
ATOMUSD,1609286400001,0.0002698
ATOMUSD,1609315200001,0.00052236
ATOMUSD,1609344000012,0.0003928
ATOMUSD,1609372800009,0.00056151
ATOMUSD,1609401600000,0.0001
ATOMUSD,1609430400010,0.00019275
ATOMUSD,1609459200002,0.00029017
ATOMUSD,1609488000006,0.00063296
ATOMUSD,1609516800003,0.00087357
ATOMUSD,1609545600000,0.00084603
ATOMUSD,1609574400000,0.0008932
ATOMUSD,1609603200006,0.00073182
ATOMUSD,1609632000018,0.00092372
ATOMUSD,1609660800000,0.00108609
ATOMUSD,1609689600002,0.00179166
ATOMUSD,1609718400000,0.00190287
ATOMUSD,1609747200000,0.00365842
ATOMUSD,1609776000000,0.00049542
ATOMUSD,1609804800020,0.00068335
ATOMUSD,1609833600003,0.00019914
ATOMUSD,1609862400003,0.00082865
ATOMUSD,1609891200010,0.00196804
ATOMUSD,1609920000003,0.00170878
ATOMUSD,1609948800000,0.00319371
ATOMUSD,1609977600007,0.00135148
ATOMUSD,1610006400000,0.00177911
ATOMUSD,1610035200004,0.00277978
ATOMUSD,1610064000000,0.00117344
ATOMUSD,1610092800000,0.00060531
ATOMUSD,1610121600000,0.0010994
ATOMUSD,1610150400009,0.00012888
ATOMUSD,1610179200004,0.00131165
ATOMUSD,1610208000000,0.00149837
ATOMUSD,1610236800000,0.00266644
ATOMUSD,1610265600005,0.00367817
ATOMUSD,1610294400000,0.00013407
ATOMUSD,1610323200000,0.0001
ATOMUSD,1610352000012,0.0001
ATOMUSD,1610380800000,0.0001
ATOMUSD,1610409600000,0.0001
ATOMUSD,1610438400000,0.00057365
ATOMUSD,1610467200008,0.0001
ATOMUSD,1610496000001,0.0001
ATOMUSD,1610524800000,0.00047935
ATOMUSD,1610553600003,0.00041914
ATOMUSD,1610582400000,0.0001
ATOMUSD,1610611200012,0.00035786
ATOMUSD,1610640000000,0.00079125
ATOMUSD,1610668800002,0.00038453
ATOMUSD,1610697600000,0.00115698
ATOMUSD,1610726400004,0.00117255
ATOMUSD,1610755200000,0.00010907
ATOMUSD,1610784000008,0.00095767
ATOMUSD,1610812800000,0.00139123
ATOMUSD,1610841600009,0.00033907
ATOMUSD,1610870400000,0.00082056
ATOMUSD,1610899200001,0.00120983
ATOMUSD,1610928000000,0.00125995
ATOMUSD,1610956800004,0.00085293
ATOMUSD,1610985600000,0.00034039
ATOMUSD,1611014400000,0.00091699
ATOMUSD,1611043200005,0.00236961
ATOMUSD,1611072000012,0.00131758
ATOMUSD,1611100800012,0.00044728
ATOMUSD,1611129600001,0.00057128
ATOMUSD,1611158400001,0.0001
ATOMUSD,1611187200000,0.00030923
ATOMUSD,1611216000000,0.0001
ATOMUSD,1611244800004,0.0001
ATOMUSD,1611273600012,0.0001
ATOMUSD,1611302400003,0.0001
ATOMUSD,1611331200001,0.0001
ATOMUSD,1611360000000,0.0001
ATOMUSD,1611388800002,0.00022921
ATOMUSD,1611417600000,0.00013974
ATOMUSD,1611446400001,0.00045783
ATOMUSD,1611475200011,0.00063934
ATOMUSD,1611504000005,0.0001
ATOMUSD,1611532800007,0.0001
ATOMUSD,1611561600012,0.0004463
ATOMUSD,1611590400000,0.00040236
ATOMUSD,1611619200007,0.0001
ATOMUSD,1611648000000,0.0001
ATOMUSD,1611676800000,0.0001
ATOMUSD,1611705600000,0.00017814
ATOMUSD,1611734400011,0.0001
ATOMUSD,1611763200003,0.00013318
ATOMUSD,1611792000000,0.00016708
ATOMUSD,1611820800000,0.00050107
ATOMUSD,1611849600000,0.00070091
ATOMUSD,1611878400009,0.00074654
ATOMUSD,1611907200000,0.00047486
ATOMUSD,1611936000000,0.00184901
ATOMUSD,1611964800000,0.00082893
ATOMUSD,1611993600000,0.0007081
ATOMUSD,1612022400000,0.00097985
ATOMUSD,1612051200009,0.00064891
ATOMUSD,1612080000000,0.00083438
ATOMUSD,1612108800000,0.00108742
ATOMUSD,1612137600001,0.00023049
ATOMUSD,1612166400014,0.0003924
ATOMUSD,1612195200000,0.00049991
ATOMUSD,1612224000000,0.00050207
ATOMUSD,1612252800006,0.0007514
ATOMUSD,1612281600000,0.00182949
ATOMUSD,1612310400009,0.0021119
ATOMUSD,1612339200006,0.00250833
ATOMUSD,1612368000006,0.00248848
ATOMUSD,1612396800005,0.00307331
ATOMUSD,1612425600000,0.00163563
ATOMUSD,1612454400011,0.00182232
ATOMUSD,1612483200009,0.00164014
ATOMUSD,1612512000004,0.00309824
ATOMUSD,1612540800000,0.00333025
ATOMUSD,1612569600008,0.00155269
ATOMUSD,1612598400009,0.00061368
ATOMUSD,1612627200000,0.00077559
ATOMUSD,1612656000000,0.00108118
ATOMUSD,1612684800005,0.00025271
ATOMUSD,1612713600001,0.00044361
ATOMUSD,1612742400000,0.00027803
ATOMUSD,1612771200001,0.00032823
ATOMUSD,1612800000000,0.00208935
ATOMUSD,1612828800010,0.00087635
ATOMUSD,1612857600006,0.0016146
ATOMUSD,1612886400007,0.0014186
ATOMUSD,1612915200009,0.00164637
ATOMUSD,1612944000014,0.00267652
ATOMUSD,1612972800005,0.0013215
ATOMUSD,1613001600000,0.00029527
ATOMUSD,1613030400000,0.00073384
ATOMUSD,1613059200000,0.00178781
ATOMUSD,1613088000000,0.00070531
ATOMUSD,1613116800000,0.00037153
ATOMUSD,1613145600000,0.00142535
ATOMUSD,1613174400001,0.0019643
ATOMUSD,1613203200003,0.0015606
ATOMUSD,1613232000000,0.00031403
ATOMUSD,1613260800013,0.00158804
ATOMUSD,1613289600000,0.00125227
ATOMUSD,1613318400008,0.0010894
ATOMUSD,1613347200000,0.00069563
ATOMUSD,1613376000006,0.0001
ATOMUSD,1613404800000,0.00079263
ATOMUSD,1613433600001,0.00052577
ATOMUSD,1613462400000,0.00109121
ATOMUSD,1613491200010,0.00039844
ATOMUSD,1613520000005,0.0001091
ATOMUSD,1613548800010,0.0001
ATOMUSD,1613577600008,0.00177137
ATOMUSD,1613606400012,0.00102311
ATOMUSD,1613635200000,0.00104323
ATOMUSD,1613664000009,0.00153386
ATOMUSD,1613692800010,0.00157604
ATOMUSD,1613721600002,0.00116704
ATOMUSD,1613750400008,0.00246704
ATOMUSD,1613779200000,0.00262645
ATOMUSD,1613808000009,0.00289349
ATOMUSD,1613836800000,0.00296986
ATOMUSD,1613865600007,0.00042333
ATOMUSD,1613894400012,0.00053332
ATOMUSD,1613923200001,0.0012814
ATOMUSD,1613952000006,0.00033302
ATOMUSD,1613980800002,0.00013713
ATOMUSD,1614009600000,0.0001
ATOMUSD,1614038400000,0.0001
ATOMUSD,1614067200006,0.0001
ATOMUSD,1614096000000,0.0001
ATOMUSD,1614124800012,0.0001
ATOMUSD,1614153600016,0.0001
ATOMUSD,1614182400011,0.0001
ATOMUSD,1614211200007,-0.00014152
ATOMUSD,1614240000000,0.0001
ATOMUSD,1614268800010,0.0001
ATOMUSD,1614297600000,0.0001
ATOMUSD,1614326400025,0.0001
ATOMUSD,1614355200010,0.0001
ATOMUSD,1614384000001,0.0001
ATOMUSD,1614412800000,0.0001
ATOMUSD,1614441600000,0.00011313
ATOMUSD,1614470400021,0.0001
ATOMUSD,1614499200009,0.0001
ATOMUSD,1614528000000,0.0001
ATOMUSD,1614556800000,0.00011305
ATOMUSD,1614585600003,0.0001
ATOMUSD,1614614400001,0.0001072
ATOMUSD,1614643200000,0.00056206
ATOMUSD,1614672000000,0.00082018
ATOMUSD,1614700800004,0.00084186
ATOMUSD,1614729600000,0.0001
ATOMUSD,1614758400016,0.00021885
ATOMUSD,1614787200000,0.00045384
ATOMUSD,1614816000000,0.00046537
ATOMUSD,1614844800015,0.00041122
ATOMUSD,1614873600001,0.00086374
ATOMUSD,1614902400000,0.0001
ATOMUSD,1614931200002,0.0001
ATOMUSD,1614960000008,0.0001
ATOMUSD,1614988800000,0.00011005
ATOMUSD,1615017600000,0.00036536
ATOMUSD,1615046400000,0.0001
ATOMUSD,1615075200006,0.00058403
ATOMUSD,1615104000005,0.00055684
ATOMUSD,1615132800008,0.0007522
ATOMUSD,1615161600000,0.00076275
ATOMUSD,1615190400000,0.0007538
ATOMUSD,1615219200006,0.00101739
ATOMUSD,1615248000000,0.00110735
ATOMUSD,1615276800000,0.00112833
ATOMUSD,1615305600000,0.00182151
ATOMUSD,1615334400009,0.00208383
ATOMUSD,1615363200006,0.00085703
ATOMUSD,1615392000008,0.00123384
ATOMUSD,1615420800000,0.00050411
ATOMUSD,1615449600000,0.00053592
ATOMUSD,1615478400014,0.00095211
ATOMUSD,1615507200002,0.00149213
ATOMUSD,1615536000005,0.00116969
ATOMUSD,1615564800011,0.00029343
ATOMUSD,1615593600000,0.00022762
ATOMUSD,1615622400002,0.00041185
ATOMUSD,1615651200000,0.00160209
ATOMUSD,1615680000011,0.00241425
ATOMUSD,1615708800000,0.00123068
ATOMUSD,1615737600000,0.00135727
ATOMUSD,1615766400012,0.00149518
ATOMUSD,1615795200016,0.00105178
ATOMUSD,1615824000030,0.00101276
ATOMUSD,1615852800005,0.00106647
ATOMUSD,1615881600008,0.00068733
ATOMUSD,1615910400012,0.00108116
ATOMUSD,1615939200010,0.00117535
ATOMUSD,1615968000000,0.0005109
ATOMUSD,1615996800009,0.00046233
ATOMUSD,1616025600001,0.00106961
ATOMUSD,1616054400000,0.00113738
ATOMUSD,1616083200000,0.00134901
ATOMUSD,1616112000011,0.0012686
ATOMUSD,1616140800001,0.000903
ATOMUSD,1616169600000,0.0007429
ATOMUSD,1616198400000,0.00077801
ATOMUSD,1616227200000,0.00148114
ATOMUSD,1616256000007,0.00172871
ATOMUSD,1616284800000,0.00097643
ATOMUSD,1616313600000,0.0003651
ATOMUSD,1616342400000,0.00035015
ATOMUSD,1616371200007,0.00060415
ATOMUSD,1616400000001,0.00052559
ATOMUSD,1616428800000,0.00103106
ATOMUSD,1616457600000,0.00020293
ATOMUSD,1616486400010,0.00017101
ATOMUSD,1616515200023,0.00011106
ATOMUSD,1616544000002,0.00037282
ATOMUSD,1616572800000,0.00027928
ATOMUSD,1616601600000,0.00085341
ATOMUSD,1616630400000,0.00016346
ATOMUSD,1616659200000,0.0001
ATOMUSD,1616688000000,0.0001
ATOMUSD,1616716800008,0.0001
ATOMUSD,1616745600000,0.0001
ATOMUSD,1616774400012,0.0001
ATOMUSD,1616803200018,0.00041606
ATOMUSD,1616832000000,0.0001
ATOMUSD,1616860800001,0.00043928
ATOMUSD,1616889600000,0.00035429
ATOMUSD,1616918400000,0.00087898
ATOMUSD,1616947200005,0.00070101
ATOMUSD,1616976000003,0.00073891
ATOMUSD,1617004800000,0.00094102
ATOMUSD,1617033600000,0.00103897
ATOMUSD,1617062400018,0.00096923
ATOMUSD,1617091200012,0.00124905
ATOMUSD,1617120000001,0.00209713
ATOMUSD,1617148800000,0.00137839
ATOMUSD,1617177600000,0.00114377
ATOMUSD,1617206400000,0.00114474
ATOMUSD,1617235200025,0.00147217
ATOMUSD,1617264000011,0.00184018
ATOMUSD,1617292800004,0.00161395
ATOMUSD,1617321600000,0.00126825
ATOMUSD,1617350400000,0.00236815
ATOMUSD,1617379200000,0.00220322
ATOMUSD,1617408000003,0.00131917
ATOMUSD,1617436800000,0.00166815
ATOMUSD,1617465600000,0.00234102
ATOMUSD,1617494400000,0.00057008
ATOMUSD,1617523200000,0.00063418
ATOMUSD,1617552000016,0.00069166
ATOMUSD,1617580800000,0.00081761
ATOMUSD,1617609600001,0.00132122
ATOMUSD,1617638400001,0.00225921
ATOMUSD,1617667200010,0.00268475
ATOMUSD,1617696000000,0.00301135
ATOMUSD,1617724800003,0.00196448
ATOMUSD,1617753600000,0.00084555
ATOMUSD,1617782400006,0.00038501
ATOMUSD,1617811200004,0.00026936
ATOMUSD,1617840000013,0.00019187
ATOMUSD,1617868800003,0.00104978
ATOMUSD,1617897600005,0.00114431
ATOMUSD,1617926400000,0.00095483
ATOMUSD,1617955200004,0.00090308
ATOMUSD,1617984000004,0.00121873
ATOMUSD,1618012800011,0.00110032
ATOMUSD,1618041600005,0.00208389
ATOMUSD,1618070400000,0.0020775
ATOMUSD,1618099200004,0.00152409
ATOMUSD,1618128000000,0.00190694
ATOMUSD,1618156800000,0.00176501
ATOMUSD,1618185600001,0.00221236
ATOMUSD,1618214400001,0.00277405
ATOMUSD,1618243200008,0.0015702
ATOMUSD,1618272000003,0.0015834
ATOMUSD,1618300800008,0.00192465
ATOMUSD,1618329600008,0.00285622
ATOMUSD,1618358400008,0.00335454
ATOMUSD,1618387200000,0.00393377
ATOMUSD,1618416000012,0.00114865
ATOMUSD,1618444800006,0.00151993
ATOMUSD,1618473600000,0.00233533
ATOMUSD,1618502400008,0.00206739
ATOMUSD,1618531200008,0.00318333
ATOMUSD,1618560000000,0.00242202
ATOMUSD,1618588800002,0.00179404
ATOMUSD,1618617600008,0.00256421
ATOMUSD,1618646400000,0.00207335
ATOMUSD,1618675200001,0.00094057
ATOMUSD,1618704000006,0.00119358
ATOMUSD,1618732800004,0.0001
ATOMUSD,1618761600000,0.0001
ATOMUSD,1618790400000,0.0001
ATOMUSD,1618819200000,0.0002572
ATOMUSD,1618848000009,0.00023675
ATOMUSD,1618876800004,0.0001664
ATOMUSD,1618905600000,0.0001
ATOMUSD,1618934400001,0.0001
ATOMUSD,1618963200013,0.0001
ATOMUSD,1618992000001,0.0003063
ATOMUSD,1619020800002,0.0001
ATOMUSD,1619049600000,0.0001
ATOMUSD,1619078400000,0.0001
ATOMUSD,1619107200001,0.00027443
ATOMUSD,1619136000002,0.0001
ATOMUSD,1619164800009,0.00013015
ATOMUSD,1619193600001,0.0001
ATOMUSD,1619222400019,0.0001
ATOMUSD,1619251200001,0.0001
ATOMUSD,1619280000011,0.0001
ATOMUSD,1619308800000,0.0001
ATOMUSD,1619337600010,0.0001
ATOMUSD,1619366400000,0.0001
ATOMUSD,1619395200003,0.0001
ATOMUSD,1619424000002,0.0001
ATOMUSD,1619452800004,0.0001
ATOMUSD,1619481600000,0.0001
ATOMUSD,1619510400000,0.0001
ATOMUSD,1619539200009,0.0001
ATOMUSD,1619568000000,0.0001
ATOMUSD,1619596800000,0.0001
ATOMUSD,1619625600001,0.0001
ATOMUSD,1619654400004,0.0001
ATOMUSD,1619683200013,0.0001
ATOMUSD,1619712000003,0.00024378
ATOMUSD,1619740800004,0.0001
ATOMUSD,1619769600019,0.0001
ATOMUSD,1619798400003,0.00014111
ATOMUSD,1619827200002,0.00024877
ATOMUSD,1619856000006,0.00077255
ATOMUSD,1619884800000,0.0005075
ATOMUSD,1619913600010,0.00076545
ATOMUSD,1619942400011,0.00020507
ATOMUSD,1619971200007,0.0001
ATOMUSD,1620000000003,0.00016886
ATOMUSD,1620028800000,0.00063377
ATOMUSD,1620057600043,0.00054688
ATOMUSD,1620086400004,0.00035043
ATOMUSD,1620115200003,0.0001
ATOMUSD,1620144000011,0.00025813
ATOMUSD,1620172800001,0.0001
ATOMUSD,1620201600007,0.00025067
ATOMUSD,1620230400001,0.00043313
ATOMUSD,1620259200003,0.00064399
ATOMUSD,1620288000001,0.00132187
ATOMUSD,1620316800000,0.00175557
ATOMUSD,1620345600000,0.00052309
ATOMUSD,1620374400000,0.00074947
ATOMUSD,1620403200001,0.00106122
ATOMUSD,1620432000006,0.00117331
ATOMUSD,1620460800000,0.00063678
ATOMUSD,1620489600000,0.00069136
ATOMUSD,1620518400005,0.00016457
ATOMUSD,1620547200016,0.00058975
ATOMUSD,1620576000000,0.00050417
ATOMUSD,1620604800004,0.00094732
ATOMUSD,1620633600000,0.00106878
ATOMUSD,1620662400013,0.0007906
ATOMUSD,1620691200000,0.0001
ATOMUSD,1620720000000,0.0001
ATOMUSD,1620748800002,0.0001
ATOMUSD,1620777600004,0.0001
ATOMUSD,1620806400007,0.0001
ATOMUSD,1620835200012,0.0001
ATOMUSD,1620864000016,0.0001
ATOMUSD,1620892800000,0.0001
ATOMUSD,1620921600008,0.0001
ATOMUSD,1620950400007,0.0001
ATOMUSD,1620979200001,0.0001
ATOMUSD,1621008000004,0.0001
ATOMUSD,1621036800022,0.0001
ATOMUSD,1621065600014,0.00015481
ATOMUSD,1621094400002,0.00044383
ATOMUSD,1621123200000,0.0001
ATOMUSD,1621152000003,0.0001
ATOMUSD,1621180800002,0.0001
ATOMUSD,1621209600005,0.0001
ATOMUSD,1621238400001,0.0001
ATOMUSD,1621267200000,0.0001
ATOMUSD,1621296000019,0.00029663
ATOMUSD,1621324800001,0.00012952
ATOMUSD,1621353600006,0.00013554
ATOMUSD,1621382400000,0.0001
ATOMUSD,1621411200003,0.0001
ATOMUSD,1621440000018,-0.0075
ATOMUSD,1621468800005,0.0001
ATOMUSD,1621497600000,0.0001
ATOMUSD,1621526400005,0.0001
ATOMUSD,1621555200000,7.046e-05
ATOMUSD,1621584000000,0.0001
ATOMUSD,1621612800001,0.0001
ATOMUSD,1621641600001,0.0001
ATOMUSD,1621670400002,4.224e-05
ATOMUSD,1621699200005,-0.00020641
ATOMUSD,1621728000006,0.0001
ATOMUSD,1621756800004,0.0001
ATOMUSD,1621785600002,0.0001
ATOMUSD,1621814400007,-0.00082532
ATOMUSD,1621843200005,6.717e-05
ATOMUSD,1621872000005,-0.00014162
ATOMUSD,1621900800000,0.0001
ATOMUSD,1621929600014,0.0001
ATOMUSD,1621958400000,0.0001
ATOMUSD,1621987200022,0.0001
ATOMUSD,1622016000018,0.0001
ATOMUSD,1622044800004,0.0001
ATOMUSD,1622073600000,0.0001
ATOMUSD,1622102400017,0.0001
ATOMUSD,1622131200000,0.0001
ATOMUSD,1622160000005,0.0001
ATOMUSD,1622188800009,0.0001
ATOMUSD,1622217600000,0.0001
ATOMUSD,1622246400006,0.0001
ATOMUSD,1622275200000,0.0001
ATOMUSD,1622304000000,0.0001
ATOMUSD,1622332800003,0.0001
ATOMUSD,1622361600004,0.0001
ATOMUSD,1622390400018,0.0001
ATOMUSD,1622419200002,0.0001
ATOMUSD,1622448000000,0.0001
ATOMUSD,1622476800000,0.0001
ATOMUSD,1622505600001,0.0001
ATOMUSD,1622534400010,0.0001
ATOMUSD,1622563200010,0.0001
ATOMUSD,1622592000008,0.0001
ATOMUSD,1622620800000,0.0001
ATOMUSD,1622649600007,0.0001
ATOMUSD,1622678400019,0.0001
ATOMUSD,1622707200002,0.0001
ATOMUSD,1622736000003,0.0001
ATOMUSD,1622764800003,0.0001
ATOMUSD,1622793600006,0.0001
ATOMUSD,1622822400002,0.0001
ATOMUSD,1622851200000,0.0001
ATOMUSD,1622880000004,0.0001
ATOMUSD,1622908800020,0.0001
ATOMUSD,1622937600000,0.0001
ATOMUSD,1622966400004,0.0001
ATOMUSD,1622995200000,0.0001
ATOMUSD,1623024000007,0.0001
ATOMUSD,1623052800007,0.0001
ATOMUSD,1623081600003,0.0001
ATOMUSD,1623110400000,0.0001
ATOMUSD,1623139200000,0.0001
ATOMUSD,1623168000002,0.0001
ATOMUSD,1623196800009,0.0001
ATOMUSD,1623225600002,0.0001
ATOMUSD,1623254400000,0.0001
ATOMUSD,1623283200007,0.0001
ATOMUSD,1623312000003,0.0001
ATOMUSD,1623340800000,0.0001
ATOMUSD,1623369600010,0.0001
ATOMUSD,1623398400007,0.0001
ATOMUSD,1623427200006,0.0001
ATOMUSD,1623456000005,0.0001
ATOMUSD,1623484800000,0.0001
ATOMUSD,1623513600018,0.0001
ATOMUSD,1623542400002,0.0001
ATOMUSD,1623571200000,0.0001
ATOMUSD,1623600000003,0.0001
ATOMUSD,1623628800000,9.957e-05
ATOMUSD,1623657600015,0.0001
ATOMUSD,1623686400000,0.0001
ATOMUSD,1623715200000,0.0001
ATOMUSD,1623744000000,0.0001
ATOMUSD,1623772800004,0.0001
ATOMUSD,1623801600004,0.0001
ATOMUSD,1623830400001,0.0001
ATOMUSD,1623859200000,0.0001
ATOMUSD,1623888000004,0.0001
ATOMUSD,1623916800000,0.0001
ATOMUSD,1623945600002,0.0001
ATOMUSD,1623974400009,0.0001
ATOMUSD,1624003200014,0.0001
ATOMUSD,1624032000007,0.0001
ATOMUSD,1624060800003,0.0001
ATOMUSD,1624089600001,0.0001
ATOMUSD,1624118400000,0.0001
ATOMUSD,1624147200005,0.0001
ATOMUSD,1624176000000,0.0001
ATOMUSD,1624204800002,0.0001
ATOMUSD,1624233600019,0.0001
ATOMUSD,1624262400000,0.0001
ATOMUSD,1624291200024,4.356e-05
ATOMUSD,1624320000008,6.843e-05
ATOMUSD,1624348800009,0.0001
ATOMUSD,1624377600001,2.336e-05
ATOMUSD,1624406400003,-0.00010001
ATOMUSD,1624435200000,-0.00048036
ATOMUSD,1624464000000,2.724e-05
ATOMUSD,1624492800009,-1.129e-05
ATOMUSD,1624521600018,-0.00011219
ATOMUSD,1624550400001,0.0001
ATOMUSD,1624579200009,0.0001
ATOMUSD,1624608000004,0.0001
ATOMUSD,1624636800000,0.0001
ATOMUSD,1624665600007,0.0001
ATOMUSD,1624694400000,8.21e-05
ATOMUSD,1624723200002,0.0001
ATOMUSD,1624752000005,0.0001
ATOMUSD,1624780800010,3.167e-05
ATOMUSD,1624809600001,8.58e-06
ATOMUSD,1624838400025,0.0001
ATOMUSD,1624867200017,0.0001
ATOMUSD,1624896000007,0.0001
ATOMUSD,1624924800008,0.0001
ATOMUSD,1624953600000,0.0001
ATOMUSD,1624982400000,0.0001
ATOMUSD,1625011200011,0.0001
ATOMUSD,1625040000044,0.0001
ATOMUSD,1625068800005,0.0001
ATOMUSD,1625097600000,0.0001
ATOMUSD,1625126400004,0.0001
ATOMUSD,1625155200028,0.0001
ATOMUSD,1625184000002,0.0001
ATOMUSD,1625212800016,0.0001
ATOMUSD,1625241600007,0.0001
ATOMUSD,1625270400008,0.0001
ATOMUSD,1625299200000,0.0001
ATOMUSD,1625328000004,0.0001
ATOMUSD,1625356800012,0.0001
ATOMUSD,1625385600002,0.0001
ATOMUSD,1625414400003,0.0001
ATOMUSD,1625443200004,0.0001
ATOMUSD,1625472000000,0.0001
ATOMUSD,1625500800009,0.0001
ATOMUSD,1625529600008,0.0001
ATOMUSD,1625558400019,0.0001
ATOMUSD,1625587200000,0.0001
ATOMUSD,1625616000007,0.0001
ATOMUSD,1625644800001,0.0001
ATOMUSD,1625673600008,0.0001
ATOMUSD,1625702400002,0.0001
ATOMUSD,1625731200010,0.0001
ATOMUSD,1625760000003,0.0001
ATOMUSD,1625788800000,0.0001
ATOMUSD,1625817600006,0.0001
ATOMUSD,1625846400000,0.0001
ATOMUSD,1625875200002,0.0001
ATOMUSD,1625904000000,0.0001
ATOMUSD,1625932800001,0.0001
ATOMUSD,1625961600001,0.0001
ATOMUSD,1625990400025,0.0001
ATOMUSD,1626019200006,0.0001
ATOMUSD,1626048000000,0.0001
ATOMUSD,1626076800021,0.0001
ATOMUSD,1626105600000,0.0001
ATOMUSD,1626134400000,0.0001
ATOMUSD,1626163200013,0.0001
ATOMUSD,1626192000005,0.0001
ATOMUSD,1626220800000,0.0001
ATOMUSD,1626249600000,0.0001
ATOMUSD,1626278400005,0.0001
ATOMUSD,1626307200005,0.0001
ATOMUSD,1626336000001,0.0001
ATOMUSD,1626364800000,0.0001
ATOMUSD,1626393600000,9.034e-05
ATOMUSD,1626422400000,0.0001
ATOMUSD,1626451200001,-7.087e-05
ATOMUSD,1626480000004,0.0001
ATOMUSD,1626508800009,0.0001
ATOMUSD,1626537600006,0.0001
ATOMUSD,1626566400000,-4.709e-05
ATOMUSD,1626595200001,8.2e-07
ATOMUSD,1626624000003,-1.347e-05
ATOMUSD,1626652800002,0.0001
ATOMUSD,1626681600006,3.722e-05
ATOMUSD,1626710400006,0.0001
ATOMUSD,1626739200002,0.0001
ATOMUSD,1626768000011,0.0001
ATOMUSD,1626796800001,0.0001
ATOMUSD,1626825600022,0.0001
ATOMUSD,1626854400000,0.0001
ATOMUSD,1626883200018,0.0001
ATOMUSD,1626912000002,0.0001
ATOMUSD,1626940800006,0.0001
ATOMUSD,1626969600010,0.0001
ATOMUSD,1626998400013,0.0001
ATOMUSD,1627027200000,0.0001
ATOMUSD,1627056000005,0.0001
ATOMUSD,1627084800000,0.0001
ATOMUSD,1627113600002,0.0001
ATOMUSD,1627142400001,0.0001
ATOMUSD,1627171200003,0.0001
ATOMUSD,1627200000015,0.0001
ATOMUSD,1627228800000,0.0001
ATOMUSD,1627257600000,0.0001
ATOMUSD,1627286400000,0.0001
ATOMUSD,1627315200000,0.0001
ATOMUSD,1627344000046,0.0001
ATOMUSD,1627372800014,0.0001
ATOMUSD,1627401600007,0.0001
ATOMUSD,1627430400000,0.0001
ATOMUSD,1627459200002,0.0001
ATOMUSD,1627488000005,0.0001
ATOMUSD,1627516800004,0.0001
ATOMUSD,1627545600000,0.0001
ATOMUSD,1627574400007,0.0001
ATOMUSD,1627603200004,0.0001
ATOMUSD,1627632000000,0.0001
ATOMUSD,1627660800000,0.0001
ATOMUSD,1627689600000,0.0001
ATOMUSD,1627718400014,0.0001
ATOMUSD,1627747200003,0.0001
ATOMUSD,1627776000005,0.0001
ATOMUSD,1627804800016,0.0001
ATOMUSD,1627833600001,0.0001
ATOMUSD,1627862400000,0.0001
ATOMUSD,1627891200014,0.0001
ATOMUSD,1627920000021,0.0001
ATOMUSD,1627948800000,0.0001
ATOMUSD,1627977600000,0.0001
ATOMUSD,1628006400009,0.0001
ATOMUSD,1628035200000,0.0001
ATOMUSD,1628064000000,0.0001
ATOMUSD,1628092800003,0.0001
ATOMUSD,1628121600000,0.0001
ATOMUSD,1628150400000,0.0001
ATOMUSD,1628179200001,0.0001
ATOMUSD,1628208000000,0.0001
ATOMUSD,1628236800004,0.0001
ATOMUSD,1628265600003,0.00026316
ATOMUSD,1628294400015,0.00013788
ATOMUSD,1628323200001,0.00010225
ATOMUSD,1628352000002,0.0002468
ATOMUSD,1628380800000,0.00031304
ATOMUSD,1628409600002,0.0001124
ATOMUSD,1628438400018,0.00015094
ATOMUSD,1628467200000,0.0001
ATOMUSD,1628496000000,0.0001
ATOMUSD,1628524800002,0.0001
ATOMUSD,1628553600000,0.0001
ATOMUSD,1628582400003,0.0001
ATOMUSD,1628611200000,0.00032142
ATOMUSD,1628640000006,0.00024471
ATOMUSD,1628668800003,0.0005669
ATOMUSD,1628697600000,0.00064993
ATOMUSD,1628726400013,0.00052835
ATOMUSD,1628755200001,0.00022349
ATOMUSD,1628784000000,0.00035079
ATOMUSD,1628812800000,0.0001
ATOMUSD,1628841600000,0.00012221
ATOMUSD,1628870400002,0.0001
ATOMUSD,1628899200006,0.0001
ATOMUSD,1628928000000,0.00061428
ATOMUSD,1628956800000,0.00025489
ATOMUSD,1628985600003,0.00032876
ATOMUSD,1629014400000,0.00052754
ATOMUSD,1629043200007,0.00034885
ATOMUSD,1629072000012,0.00032478
ATOMUSD,1629100800003,0.00078946
ATOMUSD,1629129600010,0.00052963
ATOMUSD,1629158400018,0.00016316
ATOMUSD,1629187200015,0.00012935
ATOMUSD,1629216000006,0.00034349
ATOMUSD,1629244800000,0.0001
ATOMUSD,1629273600000,0.0001
ATOMUSD,1629302400011,0.0001
ATOMUSD,1629331200000,0.0001
ATOMUSD,1629360000014,0.00035307
ATOMUSD,1629388800000,0.0001
ATOMUSD,1629417600000,0.0001
ATOMUSD,1629446400001,0.00018436
ATOMUSD,1629475200001,0.00026143
ATOMUSD,1629504000005,0.0001
ATOMUSD,1629532800001,0.00055416
ATOMUSD,1629561600000,0.00052372
ATOMUSD,1629590400005,0.00065686
ATOMUSD,1629619200007,0.00033481
ATOMUSD,1629648000002,0.00024361
ATOMUSD,1629676800003,0.00054734
ATOMUSD,1629705600005,0.00085981
ATOMUSD,1629734400002,0.00030813
ATOMUSD,1629763200006,0.00051556
ATOMUSD,1629792000004,0.00086942
ATOMUSD,1629820800000,0.00036237
ATOMUSD,1629849600015,0.0001
ATOMUSD,1629878400000,0.00017569
ATOMUSD,1629907200000,0.0001
ATOMUSD,1629936000001,0.00018893
ATOMUSD,1629964800016,0.0001
ATOMUSD,1629993600004,0.0001
ATOMUSD,1630022400013,0.0001
ATOMUSD,1630051200001,0.0001
ATOMUSD,1630080000004,0.0001
ATOMUSD,1630108800000,0.0001
ATOMUSD,1630137600000,0.0001854
ATOMUSD,1630166400000,0.00027426
ATOMUSD,1630195200000,0.00038389
ATOMUSD,1630224000002,0.00032403
ATOMUSD,1630252800005,0.00016697
ATOMUSD,1630281600013,0.00021806
ATOMUSD,1630310400008,0.00050944
ATOMUSD,1630339200000,0.00016359
ATOMUSD,1630368000000,0.00049131
ATOMUSD,1630396800007,0.00033315
ATOMUSD,1630425600003,0.0004433
ATOMUSD,1630454400000,0.0001
ATOMUSD,1630483200006,0.0001
ATOMUSD,1630512000000,0.00046955
ATOMUSD,1630540800009,0.00028112
ATOMUSD,1630569600006,0.00098501
ATOMUSD,1630598400007,0.00036967
ATOMUSD,1630627200011,0.00033489
ATOMUSD,1630656000000,0.00100636
ATOMUSD,1630684800002,0.00075996
ATOMUSD,1630713600003,0.00045835
ATOMUSD,1630742400008,0.00094232
ATOMUSD,1630771200009,0.00102194
ATOMUSD,1630800000002,0.0004758
ATOMUSD,1630828800002,0.00067438
ATOMUSD,1630857600000,0.00123906
ATOMUSD,1630886400003,0.00131256
ATOMUSD,1630915200008,0.00116281
ATOMUSD,1630944000009,0.00022179
ATOMUSD,1630972800004,0.00033306
ATOMUSD,1631001600002,0.00030294
ATOMUSD,1631030400001,-0.00044257
ATOMUSD,1631059200005,0.0001
ATOMUSD,1631088000000,0.0001
ATOMUSD,1631116800000,0.0001
ATOMUSD,1631145600006,0.0001
ATOMUSD,1631174400014,0.0001
ATOMUSD,1631203200002,0.0001
ATOMUSD,1631232000001,0.00017517
ATOMUSD,1631260800018,0.0001
ATOMUSD,1631289600006,0.0001
ATOMUSD,1631318400000,0.0001
ATOMUSD,1631347200001,0.0001
ATOMUSD,1631376000000,0.0001
ATOMUSD,1631404800000,0.0001
ATOMUSD,1631433600002,0.0001
ATOMUSD,1631462400000,0.0001
ATOMUSD,1631491200000,0.0001
ATOMUSD,1631520000007,0.0001
ATOMUSD,1631548800005,0.0001
ATOMUSD,1631577600002,0.00031293
ATOMUSD,1631606400000,0.0001
ATOMUSD,1631635200007,0.0001
ATOMUSD,1631664000012,0.0001
ATOMUSD,1631692800003,0.0001
ATOMUSD,1631721600006,0.00011213
ATOMUSD,1631750400008,0.0001
ATOMUSD,1631779200005,0.0001
ATOMUSD,1631808000002,0.0001
ATOMUSD,1631836800000,0.00031774
ATOMUSD,1631865600047,0.00027669
ATOMUSD,1631894400013,0.0001
ATOMUSD,1631923200000,0.0001
ATOMUSD,1631952000010,0.0001
ATOMUSD,1631980800005,0.0001
ATOMUSD,1632009600006,0.0001
ATOMUSD,1632038400015,0.0001
ATOMUSD,1632067200007,0.0001
ATOMUSD,1632096000018,0.0001
ATOMUSD,1632124800000,0.0001
ATOMUSD,1632153600005,0.0001
ATOMUSD,1632182400005,0.0001
ATOMUSD,1632211200007,0.0001
ATOMUSD,1632240000000,0.0001
ATOMUSD,1632268800005,0.0001
ATOMUSD,1632297600006,0.0001
ATOMUSD,1632326400000,0.0001
ATOMUSD,1632355200003,4.8e-05
ATOMUSD,1632384000000,0.0001
ATOMUSD,1632412800007,0.0001
ATOMUSD,1632441600000,9.449e-05
ATOMUSD,1632470400017,0.0001
ATOMUSD,1632499200000,0.0001
ATOMUSD,1632528000007,0.0001
ATOMUSD,1632556800002,0.0001
ATOMUSD,1632585600004,0.0001
ATOMUSD,1632614400013,0.0001
ATOMUSD,1632643200000,0.0001
ATOMUSD,1632672000005,3.049e-05
ATOMUSD,1632700800000,0.0001
ATOMUSD,1632729600001,0.0001
ATOMUSD,1632758400000,0.0001
ATOMUSD,1632787200000,4.107e-05
ATOMUSD,1632816000014,0.0001
ATOMUSD,1632844800000,0.0001
ATOMUSD,1632873600000,0.0001
ATOMUSD,1632902400002,-2.539e-05
ATOMUSD,1632931200000,0.0001
ATOMUSD,1632960000000,0.0001
ATOMUSD,1632988800004,0.0001
ATOMUSD,1633017600005,0.0001
ATOMUSD,1633046400012,-2.264e-05
ATOMUSD,1633075200008,9.886e-05
ATOMUSD,1633104000000,0.0001
ATOMUSD,1633132800000,0.0001
ATOMUSD,1633161600002,0.0001
ATOMUSD,1633190400011,0.0001
ATOMUSD,1633219200019,0.0001
ATOMUSD,1633248000011,0.0001
ATOMUSD,1633276800004,0.0001
ATOMUSD,1633305600004,0.0001
ATOMUSD,1633334400000,0.0001
ATOMUSD,1633363200000,0.00027458
ATOMUSD,1633392000007,0.0001601
ATOMUSD,1633420800007,0.00033402
ATOMUSD,1633449600004,0.00038361
ATOMUSD,1633478400002,0.00032543
ATOMUSD,1633507200000,0.00014505
ATOMUSD,1633536000003,0.0001
ATOMUSD,1633564800007,0.00029856
ATOMUSD,1633593600002,0.00022719
ATOMUSD,1633622400000,0.00042495
ATOMUSD,1633651200011,0.00047893
ATOMUSD,1633680000003,0.00035338
ATOMUSD,1633708800002,0.00058754
ATOMUSD,1633737600006,0.00024847
ATOMUSD,1633766400003,0.00027699
ATOMUSD,1633795200000,0.00039034
ATOMUSD,1633824000000,0.00039069
ATOMUSD,1633852800008,0.00052755
ATOMUSD,1633881600000,0.00026635
ATOMUSD,1633910400002,0.0001
ATOMUSD,1633939200001,0.0001
ATOMUSD,1633968000006,0.00020691
ATOMUSD,1633996800008,0.0001
ATOMUSD,1634025600013,0.0001
ATOMUSD,1634054400003,0.0001
ATOMUSD,1634083200003,0.0001
ATOMUSD,1634112000015,0.0001
ATOMUSD,1634140800000,0.0001
ATOMUSD,1634169600011,0.0001
ATOMUSD,1634198400017,0.00042193
ATOMUSD,1634227200000,0.00028051
ATOMUSD,1634256000005,0.00030287
ATOMUSD,1634284800002,0.00045973
ATOMUSD,1634313600005,0.00046589
ATOMUSD,1634342400009,0.000633
ATOMUSD,1634371200000,0.0007763
ATOMUSD,1634400000003,0.00049925
ATOMUSD,1634428800001,0.00043447
ATOMUSD,1634457600002,0.0006978
ATOMUSD,1634486400002,0.00061715
ATOMUSD,1634515200006,0.00010766
ATOMUSD,1634544000004,0.00038277
ATOMUSD,1634572800001,0.00024844
ATOMUSD,1634601600002,0.0001
ATOMUSD,1634630400000,0.00013707
ATOMUSD,1634659200000,0.00011786
ATOMUSD,1634688000017,0.00015662
ATOMUSD,1634716800004,0.0003186
ATOMUSD,1634745600020,0.00052368
ATOMUSD,1634774400000,0.00085389
ATOMUSD,1634803200000,0.00085407
ATOMUSD,1634832000008,0.00082923
ATOMUSD,1634860800005,0.00076699
ATOMUSD,1634889600005,0.00040339
ATOMUSD,1634918400018,0.00067761
ATOMUSD,1634947200005,0.00071467
ATOMUSD,1634976000001,0.00038687
ATOMUSD,1635004800004,0.00060775
ATOMUSD,1635033600006,0.00057386
ATOMUSD,1635062400012,0.00068769
ATOMUSD,1635091200001,0.00074754
ATOMUSD,1635120000012,0.00021588
ATOMUSD,1635148800002,0.00038073
ATOMUSD,1635177600022,0.00080182
ATOMUSD,1635206400005,0.00085543
ATOMUSD,1635235200016,0.00100055
ATOMUSD,1635264000000,0.0004291
ATOMUSD,1635292800004,0.00088093
ATOMUSD,1635321600000,0.00058067
ATOMUSD,1635350400002,0.0001
ATOMUSD,1635379200002,0.00012307
ATOMUSD,1635408000000,0.0001
ATOMUSD,1635436800005,0.0001
ATOMUSD,1635465600000,0.00011192
ATOMUSD,1635494400007,0.0001
ATOMUSD,1635523200001,0.00011364
ATOMUSD,1635552000000,0.0003332
ATOMUSD,1635580800001,0.0001
ATOMUSD,1635609600013,0.00020489
ATOMUSD,1635638400008,0.00017483
ATOMUSD,1635667200010,0.00065305
ATOMUSD,1635696000001,0.00049321
ATOMUSD,1635724800009,0.0001
ATOMUSD,1635753600014,0.00036706
ATOMUSD,1635782400001,0.00020709
ATOMUSD,1635811200000,0.00048617
ATOMUSD,1635840000007,0.00060322
ATOMUSD,1635868800010,0.00090417
ATOMUSD,1635897600019,0.00081697
ATOMUSD,1635926400000,0.00069858
ATOMUSD,1635955200005,0.00053884
ATOMUSD,1635984000006,0.00091223
ATOMUSD,1636012800004,0.00053835
ATOMUSD,1636041600004,0.00058105
ATOMUSD,1636070400000,0.00036948
ATOMUSD,1636099200013,0.00065098
ATOMUSD,1636128000016,0.00036879
ATOMUSD,1636156800010,0.0001632
ATOMUSD,1636185600000,0.00057122
ATOMUSD,1636214400007,0.0001
ATOMUSD,1636243200013,0.00013489
ATOMUSD,1636272000005,0.00063099
ATOMUSD,1636300800004,0.0005319
ATOMUSD,1636329600001,0.0009381
ATOMUSD,1636358400000,0.00076569
ATOMUSD,1636387200000,0.00088261
ATOMUSD,1636416000000,0.00081117
ATOMUSD,1636444800014,0.00080107
ATOMUSD,1636473600001,0.00053982
ATOMUSD,1636502400000,0.00056573
ATOMUSD,1636531200003,0.00062773
ATOMUSD,1636560000001,0.00065102
ATOMUSD,1636588800008,0.0001
ATOMUSD,1636617600012,0.0001
ATOMUSD,1636646400007,0.0001
ATOMUSD,1636675200000,0.00018406
ATOMUSD,1636704000000,0.00038903
ATOMUSD,1636732800004,0.00021202
ATOMUSD,1636761600000,0.00023073
ATOMUSD,1636790400004,0.00021698
ATOMUSD,1636819200006,0.00033718
ATOMUSD,1636848000010,0.00029658
ATOMUSD,1636876800001,0.00029158
ATOMUSD,1636905600000,0.00028416
ATOMUSD,1636934400008,0.00015655
ATOMUSD,1636963200000,0.00049881
ATOMUSD,1636992000000,0.00047372
ATOMUSD,1637020800000,0.00035628
ATOMUSD,1637049600001,0.0001
ATOMUSD,1637078400018,0.0001
ATOMUSD,1637107200005,0.0001
ATOMUSD,1637136000007,0.0001
ATOMUSD,1637164800003,0.0001
ATOMUSD,1637193600017,0.0001
ATOMUSD,1637222400007,0.0001
ATOMUSD,1637251200011,0.0001
ATOMUSD,1637280000000,0.0001
ATOMUSD,1637308800000,0.0001
ATOMUSD,1637337600005,0.0001
ATOMUSD,1637366400012,0.0001
ATOMUSD,1637395200000,0.0001
ATOMUSD,1637424000007,0.00013119
ATOMUSD,1637452800000,0.0001
ATOMUSD,1637481600006,0.0001
ATOMUSD,1637510400000,0.00020186
ATOMUSD,1637539200004,0.0001
ATOMUSD,1637568000000,0.0001
ATOMUSD,1637596800000,0.0001
ATOMUSD,1637625600004,0.0001
ATOMUSD,1637654400010,0.00012152
ATOMUSD,1637683200005,0.0001
ATOMUSD,1637712000001,0.00032156
ATOMUSD,1637740800003,0.00020011
ATOMUSD,1637769600010,0.0003184
ATOMUSD,1637798400000,0.0002063
ATOMUSD,1637827200010,0.00041085
ATOMUSD,1637856000000,0.00028572
ATOMUSD,1637884800000,0.00058181
ATOMUSD,1637913600000,0.00038419
ATOMUSD,1637942400016,0.0001
ATOMUSD,1637971200005,0.0001
ATOMUSD,1638000000008,0.0001
ATOMUSD,1638028800007,0.0001
ATOMUSD,1638057600018,0.0001
ATOMUSD,1638086400000,0.0001
ATOMUSD,1638115200004,0.0001
ATOMUSD,1638144000002,0.0001
ATOMUSD,1638172800004,0.0001
ATOMUSD,1638201600000,0.0001
ATOMUSD,1638230400000,0.0001
ATOMUSD,1638259200006,0.0001
ATOMUSD,1638288000000,0.0001
ATOMUSD,1638316800000,0.00015088
ATOMUSD,1638345600000,0.00023457
ATOMUSD,1638374400001,0.00040766
ATOMUSD,1638403200000,0.0001056
ATOMUSD,1638432000007,0.00012997
ATOMUSD,1638460800008,0.00022273
ATOMUSD,1638489600004,0.0001
ATOMUSD,1638518400002,0.0001
ATOMUSD,1638547200006,0.0001
ATOMUSD,1638576000006,0.0001
ATOMUSD,1638604800004,0.0001
ATOMUSD,1638633600000,0.0001
ATOMUSD,1638662400003,4.816e-05
ATOMUSD,1638691200008,0.0001
ATOMUSD,1638720000007,0.0001
ATOMUSD,1638748800009,0.0001
ATOMUSD,1638777600001,0.0001
ATOMUSD,1638806400000,0.0001
ATOMUSD,1638835200018,0.0001
ATOMUSD,1638864000000,2.198e-05
ATOMUSD,1638892800000,0.0001
ATOMUSD,1638921600000,0.0001
ATOMUSD,1638950400018,0.0001
ATOMUSD,1638979200010,0.0001
ATOMUSD,1639008000010,0.0001
ATOMUSD,1639036800000,0.0001
ATOMUSD,1639065600000,0.0001
ATOMUSD,1639094400000,0.0001
ATOMUSD,1639123200008,0.0001
ATOMUSD,1639152000012,0.0001
ATOMUSD,1639180800009,0.0001
ATOMUSD,1639209600008,0.0001
ATOMUSD,1639238400000,0.0001
ATOMUSD,1639267200001,0.0001
ATOMUSD,1639296000015,0.0001
ATOMUSD,1639324800011,0.0001
ATOMUSD,1639353600006,0.0001
ATOMUSD,1639382400019,0.0001
ATOMUSD,1639411200000,0.0001
ATOMUSD,1639440000004,0.0001
ATOMUSD,1639468800000,0.0001
ATOMUSD,1639497600015,0.0001
ATOMUSD,1639526400000,0.0001
ATOMUSD,1639555200008,0.0001
ATOMUSD,1639584000005,0.0001
ATOMUSD,1639612800006,0.0001
ATOMUSD,1639641600009,0.0001
ATOMUSD,1639670400000,0.0001
ATOMUSD,1639699200000,0.0001
ATOMUSD,1639728000005,0.0001
ATOMUSD,1639756800006,0.0001
ATOMUSD,1639785600014,0.0001
ATOMUSD,1639814400012,0.0001
ATOMUSD,1639843200000,0.0001
ATOMUSD,1639872000031,0.0001
ATOMUSD,1639900800000,0.0001
ATOMUSD,1639929600003,0.0001
ATOMUSD,1639958400015,0.0001
ATOMUSD,1639987200007,0.0001
ATOMUSD,1640016000005,0.0001
ATOMUSD,1640044800003,0.0001
ATOMUSD,1640073600012,0.0001
ATOMUSD,1640102400005,0.0001
ATOMUSD,1640131200000,0.0001
ATOMUSD,1640160000001,0.0001
ATOMUSD,1640188800006,0.0001
ATOMUSD,1640217600011,-4.111e-05
ATOMUSD,1640246400000,0.0001
ATOMUSD,1640275200000,0.0001
ATOMUSD,1640304000005,-4.51e-06
ATOMUSD,1640332800000,0.0001
ATOMUSD,1640361600011,0.0001
ATOMUSD,1640390400000,0.0001
ATOMUSD,1640419200001,0.0001
ATOMUSD,1640448000005,0.0001
ATOMUSD,1640476800004,0.0001
ATOMUSD,1640505600002,0.0001
ATOMUSD,1640534400000,0.0001
ATOMUSD,1640563200002,0.0001
ATOMUSD,1640592000005,0.0001
ATOMUSD,1640620800000,0.0001
ATOMUSD,1640649600000,0.0001
ATOMUSD,1640678400012,0.0001
ATOMUSD,1640707200000,0.0001
ATOMUSD,1640736000006,0.0001
ATOMUSD,1640764800003,0.0001
ATOMUSD,1640793600004,0.0001
ATOMUSD,1640822400003,0.0001
ATOMUSD,1640851200001,0.0001
ATOMUSD,1640880000017,0.0001
ATOMUSD,1640908800006,0.0001
ATOMUSD,1640937600009,0.0001
ATOMUSD,1640966400000,0.0001
ATOMUSD,1640995200006,0.0001
ATOMUSD,1641024000009,0.0001
ATOMUSD,1641052800000,-3.403e-05
ATOMUSD,1641081600028,-0.00028587
ATOMUSD,1641110400000,0.0001
ATOMUSD,1641139200000,0.0001
ATOMUSD,1641168000010,0.0001
ATOMUSD,1641196800013,0.0001
ATOMUSD,1641225600018,8.47e-06
ATOMUSD,1641254400000,0.0001
ATOMUSD,1641283200010,0.0001
ATOMUSD,1641312000002,-0.00040237
ATOMUSD,1641340800001,0.0001
ATOMUSD,1641369600017,0.0001
ATOMUSD,1641398400000,0.0001
ATOMUSD,1641427200002,0.0001
ATOMUSD,1641456000021,0.0001
ATOMUSD,1641484800006,0.0001
ATOMUSD,1641513600005,0.0001
ATOMUSD,1641542400000,0.0001
ATOMUSD,1641571200001,-4.218e-05
ATOMUSD,1641600000014,0.0001
ATOMUSD,1641628800013,0.0001
ATOMUSD,1641657600000,0.0001
ATOMUSD,1641686400003,0.0001
ATOMUSD,1641715200000,2.405e-05
ATOMUSD,1641744000000,0.0001
ATOMUSD,1641772800000,0.0001
ATOMUSD,1641801600010,-5.164e-05
ATOMUSD,1641830400007,0.0001
ATOMUSD,1641859200013,0.0001
ATOMUSD,1641888000004,-0.00013861
ATOMUSD,1641916800000,0.0001
ATOMUSD,1641945600012,-5.496e-05
ATOMUSD,1641974400015,-0.00010672
ATOMUSD,1642003200000,0.0001
ATOMUSD,1642032000007,9.329e-05
ATOMUSD,1642060800000,0.0001
ATOMUSD,1642089600014,0.0001
ATOMUSD,1642118400000,0.0001
ATOMUSD,1642147200006,0.0001
ATOMUSD,1642176000014,0.0001
ATOMUSD,1642204800000,0.0001
ATOMUSD,1642233600002,0.0001
ATOMUSD,1642262400000,0.0001
ATOMUSD,1642291200000,0.0001
ATOMUSD,1642320000017,0.0001
ATOMUSD,1642348800011,0.0001
ATOMUSD,1642377600005,0.0001
ATOMUSD,1642406400006,0.0001
ATOMUSD,1642435200012,0.0001
ATOMUSD,1642464000020,0.0001
ATOMUSD,1642492800000,2.312e-05
ATOMUSD,1642521600013,0.0001
ATOMUSD,1642550400001,7.983e-05
ATOMUSD,1642579200000,0.0001
ATOMUSD,1642608000000,4.036e-05
ATOMUSD,1642636800015,0.0001
ATOMUSD,1642665600000,-0.0001858
ATOMUSD,1642694400000,-0.00031828
ATOMUSD,1642723200007,0.0001
ATOMUSD,1642752000015,0.0001
ATOMUSD,1642780800000,8.319e-05
ATOMUSD,1642809600017,0.0001
ATOMUSD,1642838400003,4.609e-05
ATOMUSD,1642867200021,-0.00011521
ATOMUSD,1642896000026,7.98e-05
ATOMUSD,1642924800010,-0.00013832
ATOMUSD,1642953600009,-0.00016613
ATOMUSD,1642982400010,-8.028e-05
ATOMUSD,1643011200000,-4.088e-05
ATOMUSD,1643040000021,3.935e-05
ATOMUSD,1643068800000,0.0001
ATOMUSD,1643097600000,8.672e-05
ATOMUSD,1643126400012,9.082e-05
ATOMUSD,1643155200000,1.81e-06
ATOMUSD,1643184000001,-0.00010878
ATOMUSD,1643212800005,1.095e-05
ATOMUSD,1643241600004,-6.545e-05
ATOMUSD,1643270400004,6.379e-05
ATOMUSD,1643299200019,-0.00018111
ATOMUSD,1643328000000,-0.00032918
ATOMUSD,1643356800000,0.0001
ATOMUSD,1643385600025,0.0001
ATOMUSD,1643414400017,-3.796e-05
ATOMUSD,1643443200000,5.395e-05
ATOMUSD,1643472000013,-0.00010727
ATOMUSD,1643500800025,-0.00019886
ATOMUSD,1643529600009,9.8e-06
ATOMUSD,1643558400000,6.39e-06
ATOMUSD,1643587200000,2.331e-05
ATOMUSD,1643616000000,0.0001
ATOMUSD,1643644800000,4.298e-05
ATOMUSD,1643673600010,-1.001e-05
ATOMUSD,1643702400000,3.638e-05
ATOMUSD,1643731200004,3.415e-05
ATOMUSD,1643760000004,0.0001
ATOMUSD,1643788800000,0.0001
ATOMUSD,1643817600002,6.163e-05
ATOMUSD,1643846400002,-1.195e-05
ATOMUSD,1643875200000,-0.00012784
ATOMUSD,1643904000000,1.76e-06
ATOMUSD,1643932800018,-0.00012197
ATOMUSD,1643961600005,-6.295e-05
ATOMUSD,1643990400010,8.305e-05
ATOMUSD,1644019200014,4.386e-05
ATOMUSD,1644048000000,2.426e-05
ATOMUSD,1644076800000,0.0001
ATOMUSD,1644105600000,-8.812e-05
ATOMUSD,1644134400000,0.0001
ATOMUSD,1644163200000,0.0001
ATOMUSD,1644192000003,0.0001
ATOMUSD,1644220800014,0.0001
ATOMUSD,1644249600003,0.0001
ATOMUSD,1644278400001,0.0001
ATOMUSD,1644307200003,0.0001
ATOMUSD,1644336000002,0.0001
ATOMUSD,1644364800000,2.898e-05
ATOMUSD,1644393600005,8.16e-05
ATOMUSD,1644422400001,0.0001
ATOMUSD,1644451200012,0.0001
ATOMUSD,1644480000000,-2.794e-05
ATOMUSD,1644508800006,-0.00012575
ATOMUSD,1644537600000,-0.00020697
ATOMUSD,1644566400009,-1.72e-06
ATOMUSD,1644595200015,5.5e-05
ATOMUSD,1644624000020,-5.082e-05
ATOMUSD,1644652800001,-0.00021371
ATOMUSD,1644681600007,1.503e-05
ATOMUSD,1644710400022,-0.00013141
ATOMUSD,1644739200001,1.37e-05
ATOMUSD,1644768000007,-4.062e-05
ATOMUSD,1644796800005,-0.00011872
ATOMUSD,1644825600013,-2.929e-05
ATOMUSD,1644854400019,-9.229e-05
ATOMUSD,1644883200012,-0.00018276
ATOMUSD,1644912000005,-0.00015848
ATOMUSD,1644940800011,-7.604e-05
ATOMUSD,1644969600009,3.654e-05
ATOMUSD,1644998400001,6.462e-05
ATOMUSD,1645027200014,1.222e-05
ATOMUSD,1645056000018,0.0001
ATOMUSD,1645084800000,0.0001
ATOMUSD,1645113600010,0.0001
ATOMUSD,1645142400000,-1.049e-05
ATOMUSD,1645171200002,0.0001
ATOMUSD,1645200000000,0.0001
ATOMUSD,1645228800007,0.0001
ATOMUSD,1645257600000,0.0001
ATOMUSD,1645286400023,0.0001
ATOMUSD,1645315200001,0.0001
ATOMUSD,1645344000003,0.0001
ATOMUSD,1645372800001,0.0001
ATOMUSD,1645401600000,4.98e-05
ATOMUSD,1645430400001,-9.69e-06
ATOMUSD,1645459200005,2.146e-05
ATOMUSD,1645488000005,4.484e-05
ATOMUSD,1645516800000,6.516e-05
ATOMUSD,1645545600000,-9.83e-06
ATOMUSD,1645574400002,5.123e-05
ATOMUSD,1645603200005,-8.404e-05
ATOMUSD,1645632000010,-8.8e-07
ATOMUSD,1645660800008,8.647e-05
ATOMUSD,1645689600003,1.378e-05
ATOMUSD,1645718400001,-1.844e-05
ATOMUSD,1645747200000,-0.00013899
ATOMUSD,1645776000006,8.073e-05
ATOMUSD,1645804800001,5.207e-05
ATOMUSD,1645833600004,0.0001
ATOMUSD,1645862400004,0.0001
ATOMUSD,1645891200007,-3.921e-05
ATOMUSD,1645920000012,9.393e-05
ATOMUSD,1645948800000,-8.913e-05
ATOMUSD,1645977600000,-6.747e-05
ATOMUSD,1646006400000,1.093e-05
ATOMUSD,1646035200001,-0.00015922
ATOMUSD,1646064000002,3.546e-05
ATOMUSD,1646092800002,0.0001
ATOMUSD,1646121600001,0.0001
ATOMUSD,1646150400000,0.0001
ATOMUSD,1646179200000,0.0001
ATOMUSD,1646208000000,0.0001
ATOMUSD,1646236800002,0.0001
ATOMUSD,1646265600000,0.0001
ATOMUSD,1646294400000,0.0001
ATOMUSD,1646323200005,8.62e-05
ATOMUSD,1646352000018,-1.268e-05
ATOMUSD,1646380800000,4.04e-05
ATOMUSD,1646409600000,6.445e-05
ATOMUSD,1646438400006,0.0001
ATOMUSD,1646467200004,-0.00022475
ATOMUSD,1646496000000,-0.00018896
ATOMUSD,1646524800004,-0.00022401
ATOMUSD,1646553600000,-8.357e-05
ATOMUSD,1646582400013,9.534e-05
ATOMUSD,1646611200008,-7.979e-05
ATOMUSD,1646640000006,-9.186e-05
ATOMUSD,1646668800000,-5.825e-05
ATOMUSD,1646697600008,0.0001
ATOMUSD,1646726400002,0.0001
ATOMUSD,1646755200000,9.902e-05
ATOMUSD,1646784000008,-0.00014668
ATOMUSD,1646812800000,0.0001
ATOMUSD,1646841600004,0.0001
ATOMUSD,1646870400000,0.0001
ATOMUSD,1646899200017,-0.00016091
ATOMUSD,1646928000000,-0.00038346
ATOMUSD,1646956800008,-0.00037378
ATOMUSD,1646985600000,-0.00033
ATOMUSD,1647014400001,-0.0003437
ATOMUSD,1647043200010,3.549e-05
ATOMUSD,1647072000001,4.043e-05
ATOMUSD,1647100800002,2.448e-05
ATOMUSD,1647129600008,-4.394e-05
ATOMUSD,1647158400000,7.955e-05
ATOMUSD,1647187200002,2.18e-05
ATOMUSD,1647216000014,2.42e-05
ATOMUSD,1647244800005,1.38e-05
ATOMUSD,1647273600002,-8.138e-05
ATOMUSD,1647302400008,9.94e-06
ATOMUSD,1647331200000,-0.0002084
ATOMUSD,1647360000006,1.129e-05
ATOMUSD,1647388800013,0.0001
ATOMUSD,1647417600000,8.85e-06
ATOMUSD,1647446400008,-6.669e-05
ATOMUSD,1647475200004,8.15e-05
ATOMUSD,1647504000000,0.0001
ATOMUSD,1647532800004,0.0001
ATOMUSD,1647561600000,0.0001
ATOMUSD,1647590400000,0.0001
ATOMUSD,1647619200017,0.0001
ATOMUSD,1647648000008,0.0001
ATOMUSD,1647676800015,0.0001
ATOMUSD,1647705600000,0.0001
ATOMUSD,1647734400000,0.0001
ATOMUSD,1647763200001,0.0001
ATOMUSD,1647792000002,0.0001
ATOMUSD,1647820800013,0.0001
ATOMUSD,1647849600004,0.0001
ATOMUSD,1647878400010,0.0001
ATOMUSD,1647907200012,0.0001
ATOMUSD,1647936000001,7.571e-05
ATOMUSD,1647964800022,0.0001
ATOMUSD,1647993600007,0.0001
ATOMUSD,1648022400000,0.0001
ATOMUSD,1648051200006,3.081e-05
ATOMUSD,1648080000013,-1.421e-05
ATOMUSD,1648108800006,0.0001
ATOMUSD,1648137600020,0.0001
ATOMUSD,1648166400010,0.0001
ATOMUSD,1648195200001,0.0001
ATOMUSD,1648224000014,0.0001
ATOMUSD,1648252800020,1.426e-05
ATOMUSD,1648281600006,2.701e-05
ATOMUSD,1648310400000,0.0001
ATOMUSD,1648339200004,0.0001
ATOMUSD,1648368000001,-2.184e-05
ATOMUSD,1648396800006,-0.00016677
ATOMUSD,1648425600012,0.0001
ATOMUSD,1648454400007,0.0001
ATOMUSD,1648483200000,0.0001
ATOMUSD,1648512000000,0.0001
ATOMUSD,1648540800015,0.0001
ATOMUSD,1648569600000,3.24e-06
ATOMUSD,1648598400000,-2.689e-05
ATOMUSD,1648627200002,0.0001
ATOMUSD,1648656000028,0.0001
ATOMUSD,1648684800017,0.0001
ATOMUSD,1648713600000,0.0001
ATOMUSD,1648742400015,0.0001
ATOMUSD,1648771200000,0.0001
ATOMUSD,1648800000000,8.38e-05
ATOMUSD,1648828800018,0.0001
ATOMUSD,1648857600000,0.0001
ATOMUSD,1648886400002,0.0001
ATOMUSD,1648915200006,0.0001
ATOMUSD,1648944000018,0.0001
ATOMUSD,1648972800018,0.0001
ATOMUSD,1649001600015,0.0001
ATOMUSD,1649030400006,0.0001
ATOMUSD,1649059200000,0.0001
ATOMUSD,1649088000016,0.0001
ATOMUSD,1649116800000,0.0001
ATOMUSD,1649145600010,0.0001
ATOMUSD,1649174400008,0.0001
ATOMUSD,1649203200001,8.062e-05
ATOMUSD,1649232000021,-4.692e-05
ATOMUSD,1649260800000,-7.794e-05
ATOMUSD,1649289600009,-0.00023436
ATOMUSD,1649318400000,-6.455e-05
ATOMUSD,1649347200000,-4.225e-05
ATOMUSD,1649376000000,-7.96e-05
ATOMUSD,1649404800004,-5.855e-05
ATOMUSD,1649433600008,2.928e-05
ATOMUSD,1649462400008,8.566e-05
ATOMUSD,1649491200000,1.351e-05
ATOMUSD,1649520000001,-0.00010268
ATOMUSD,1649548800004,-3.148e-05
ATOMUSD,1649577600007,-1.205e-05
ATOMUSD,1649606400016,-0.0002489
ATOMUSD,1649635200000,-0.00012927
ATOMUSD,1649664000000,-8.504e-05
ATOMUSD,1649692800009,-2.022e-05
ATOMUSD,1649721600000,-0.00016841
ATOMUSD,1649750400006,-0.00012897
ATOMUSD,1649779200013,-0.00013319
ATOMUSD,1649808000005,-5.8e-05
ATOMUSD,1649836800008,1.6e-05
ATOMUSD,1649865600013,-2.27e-05
ATOMUSD,1649894400007,0.0001
ATOMUSD,1649923200000,0.0001
ATOMUSD,1649952000006,-1.307e-05
ATOMUSD,1649980800008,-6.202e-05
ATOMUSD,1650009600002,-5.429e-05
ATOMUSD,1650038400000,-6.84e-05
ATOMUSD,1650067200011,-2.32e-06
ATOMUSD,1650096000007,-1.1e-07
ATOMUSD,1650124800007,-1.162e-05
ATOMUSD,1650153600000,6.576e-05
ATOMUSD,1650182400004,-9.73e-06
ATOMUSD,1650211200000,0.0001
ATOMUSD,1650240000008,2.628e-05
ATOMUSD,1650268800012,3.081e-05
ATOMUSD,1650297600000,0.0001
ATOMUSD,1650326400021,7.946e-05
ATOMUSD,1650355200031,0.0001
ATOMUSD,1650384000000,0.0001
ATOMUSD,1650412800025,0.0001
ATOMUSD,1650441600003,0.0001
ATOMUSD,1650470400000,0.0001
ATOMUSD,1650499200000,0.0001
ATOMUSD,1650528000000,0.0001
ATOMUSD,1650556800024,0.0001
ATOMUSD,1650585600008,4.93e-06
ATOMUSD,1650614400008,0.0001
ATOMUSD,1650643200008,0.0001
ATOMUSD,1650672000000,0.0001
ATOMUSD,1650700800000,0.0001
ATOMUSD,1650729600012,0.0001
ATOMUSD,1650758400004,0.0001
ATOMUSD,1650787200003,0.0001
ATOMUSD,1650816000000,0.0001
ATOMUSD,1650844800008,0.0001
ATOMUSD,1650873600018,2.834e-05
ATOMUSD,1650902400000,-5.36e-06
ATOMUSD,1650931200014,6.115e-05
ATOMUSD,1650960000000,9.747e-05
ATOMUSD,1650988800017,0.0001
ATOMUSD,1651017600012,-2.67e-06
ATOMUSD,1651046400000,-2.596e-05
ATOMUSD,1651075200002,2.92e-06
ATOMUSD,1651104000000,5.681e-05
ATOMUSD,1651132800004,0.0001
ATOMUSD,1651161600030,0.0001
ATOMUSD,1651190400000,0.0001
ATOMUSD,1651219200016,0.0001
ATOMUSD,1651248000010,0.0001
ATOMUSD,1651276800000,4.858e-05
ATOMUSD,1651305600005,0.0001
ATOMUSD,1651334400015,3.188e-05
ATOMUSD,1651363200000,-1.39e-05
ATOMUSD,1651392000000,0.0001
ATOMUSD,1651420800010,0.0001
ATOMUSD,1651449600018,0.0001
ATOMUSD,1651478400007,-1.765e-05
ATOMUSD,1651507200000,-0.00010695
ATOMUSD,1651536000006,6.724e-05
ATOMUSD,1651564800000,2.336e-05
ATOMUSD,1651593600021,7.477e-05
ATOMUSD,1651622400007,-8.9e-07
ATOMUSD,1651651200011,4.25e-05
ATOMUSD,1651680000000,6.748e-05
ATOMUSD,1651708800005,0.0001
ATOMUSD,1651737600019,0.0001
ATOMUSD,1651766400005,0.0001
ATOMUSD,1651795200005,-0.00010002
ATOMUSD,1651824000001,-6.501e-05
ATOMUSD,1651852800010,-5.455e-05
ATOMUSD,1651881600004,-6.89e-05
ATOMUSD,1651910400016,-3.552e-05
ATOMUSD,1651939200011,-0.00012308
ATOMUSD,1651968000000,-0.00010724
ATOMUSD,1651996800007,-5.932e-05
ATOMUSD,1652025600015,-1.683e-05
ATOMUSD,1652054400000,-0.00011746
ATOMUSD,1652083200001,-5.158e-05
ATOMUSD,1652112000000,-7.257e-05
ATOMUSD,1652140800000,-0.0001281
ATOMUSD,1652169600007,-0.00040511
ATOMUSD,1652198400008,-0.00029017
ATOMUSD,1652227200004,-0.00025868
ATOMUSD,1652256000007,-0.00026331
ATOMUSD,1652284800008,-0.00157487
ATOMUSD,1652313600014,-0.00115351
ATOMUSD,1652342400000,-0.00195676
ATOMUSD,1652371200007,-0.00065848
ATOMUSD,1652400000014,-0.00100591
ATOMUSD,1652428800001,-0.00029497
ATOMUSD,1652457600000,-0.00017164
ATOMUSD,1652486400000,-0.00015589
ATOMUSD,1652515200000,-0.00016148
ATOMUSD,1652544000001,-0.00036257
ATOMUSD,1652572800000,-0.00026519
ATOMUSD,1652601600000,-0.00025422
ATOMUSD,1652630400000,-0.00036096
ATOMUSD,1652659200021,-0.00018379
ATOMUSD,1652688000013,-0.00010325
ATOMUSD,1652716800006,-3.622e-05
ATOMUSD,1652745600000,-9.69e-05
ATOMUSD,1652774400010,-0.00019934
ATOMUSD,1652803200023,-0.00017597
ATOMUSD,1652832000003,-0.00016832
ATOMUSD,1652860800024,-4.376e-05
ATOMUSD,1652889600014,-0.00016384
ATOMUSD,1652918400000,-0.00030567
ATOMUSD,1652947200008,-0.00035042
ATOMUSD,1652976000015,-0.00034653
ATOMUSD,1653004800001,-0.0003586
ATOMUSD,1653033600003,-0.00061477
ATOMUSD,1653062400012,-0.00063285
ATOMUSD,1653091200008,-7.074e-05
ATOMUSD,1653120000001,-0.00012557
ATOMUSD,1653148800007,-0.0003967
ATOMUSD,1653177600003,-0.00042967
ATOMUSD,1653206400016,-0.00032179
ATOMUSD,1653235200000,-0.00029375
ATOMUSD,1653264000011,-0.00014652
ATOMUSD,1653292800000,-0.00012161
ATOMUSD,1653321600023,-3.002e-05
ATOMUSD,1653350400011,-0.00025429
ATOMUSD,1653379200000,-0.00017585
ATOMUSD,1653408000009,-0.00016923
ATOMUSD,1653436800001,-0.00027522
ATOMUSD,1653465600000,-0.00018027
ATOMUSD,1653494400015,-0.00018426
ATOMUSD,1653523200005,-0.00021111
ATOMUSD,1653552000001,-0.00022938
ATOMUSD,1653580800000,-0.00040011
ATOMUSD,1653609600007,-0.00037633
ATOMUSD,1653638400008,-0.00034669
ATOMUSD,1653667200000,-0.00027027
ATOMUSD,1653696000018,-0.00026016
ATOMUSD,1653724800016,-0.00028502
ATOMUSD,1653753600013,-0.00018643
ATOMUSD,1653782400000,-0.0002401
ATOMUSD,1653811200025,-0.0003439
ATOMUSD,1653840000002,-0.00018742
ATOMUSD,1653868800000,-0.00017715
ATOMUSD,1653897600013,-3.771e-05
ATOMUSD,1653926400005,-1.17e-06
ATOMUSD,1653955200016,-8.569e-05
ATOMUSD,1653984000000,-6.893e-05
ATOMUSD,1654012800000,-8.93e-05
ATOMUSD,1654041600000,-0.00019649
ATOMUSD,1654070400011,-0.00021814
ATOMUSD,1654099200000,-0.00010739
ATOMUSD,1654128000000,-0.00030262
ATOMUSD,1654156800006,-0.00028129
ATOMUSD,1654185600021,-0.00019008
ATOMUSD,1654214400016,-0.00029869
ATOMUSD,1654243200016,-0.00025926
ATOMUSD,1654272000012,-0.00013244
ATOMUSD,1654300800005,-0.00016791
ATOMUSD,1654329600000,-0.00020866
ATOMUSD,1654358400007,-0.00023807
ATOMUSD,1654387200005,-0.0001667
ATOMUSD,1654416000015,-0.00019661
ATOMUSD,1654444800000,-9.115e-05
ATOMUSD,1654473600000,-0.0001201
ATOMUSD,1654502400017,-3.06e-06
ATOMUSD,1654531200000,-5.089e-05
ATOMUSD,1654560000000,-3.683e-05
ATOMUSD,1654588800011,-0.00023213
ATOMUSD,1654617600000,4.21e-06
ATOMUSD,1654646400008,-0.00022005
ATOMUSD,1654675200020,-8.459e-05
ATOMUSD,1654704000012,-3.787e-05
ATOMUSD,1654732800000,-0.00021195
ATOMUSD,1654761600000,-4.803e-05
ATOMUSD,1654790400000,1.219e-05
ATOMUSD,1654819200009,-0.00010672
ATOMUSD,1654848000000,-0.00013117
ATOMUSD,1654876800006,-0.00029254
ATOMUSD,1654905600018,-0.00029233
ATOMUSD,1654934400014,-0.0002388
ATOMUSD,1654963200000,-0.00049624
ATOMUSD,1654992000015,-0.00045871
ATOMUSD,1655020800019,-0.00016556
ATOMUSD,1655049600010,-0.00030291
ATOMUSD,1655078400009,-0.00036376
ATOMUSD,1655107200000,-0.00025382
ATOMUSD,1655136000007,-0.00040169
ATOMUSD,1655164800013,-0.0001338
ATOMUSD,1655193600008,-8.589e-05
ATOMUSD,1655222400006,-7.485e-05
ATOMUSD,1655251200000,-2.012e-05
ATOMUSD,1655280000016,-0.00044798
ATOMUSD,1655308800008,-7.575e-05
ATOMUSD,1655337600009,8.393e-05
ATOMUSD,1655366400016,0.0001
ATOMUSD,1655395200000,-0.00011219
ATOMUSD,1655424000008,-0.00022725
ATOMUSD,1655452800003,-2.984e-05
ATOMUSD,1655481600000,-0.00019211
ATOMUSD,1655510400020,-2.463e-05
ATOMUSD,1655539200025,-7.808e-05
ATOMUSD,1655568000014,-0.00018276
ATOMUSD,1655596800012,-7.63e-06
ATOMUSD,1655625600012,7.522e-05
ATOMUSD,1655654400008,0.0001
ATOMUSD,1655683200016,0.0001
ATOMUSD,1655712000000,0.0001
ATOMUSD,1655740800013,0.0001
ATOMUSD,1655769600012,4.41e-05
ATOMUSD,1655798400018,1.145e-05
ATOMUSD,1655827200010,2.211e-05
ATOMUSD,1655856000000,-0.00018377
ATOMUSD,1655884800001,-9.41e-05
ATOMUSD,1655913600012,0.0001
ATOMUSD,1655942400000,0.0001
ATOMUSD,1655971200000,8.565e-05
ATOMUSD,1656000000016,-3.368e-05
ATOMUSD,1656028800005,6.974e-05
ATOMUSD,1656057600004,-9.596e-05
ATOMUSD,1656086400018,-0.00011277
ATOMUSD,1656115200001,-2.824e-05
ATOMUSD,1656144000010,3.885e-05
ATOMUSD,1656172800000,-8.212e-05
ATOMUSD,1656201600002,-4.31e-05
ATOMUSD,1656230400016,0.0001
ATOMUSD,1656259200006,-0.00015279
ATOMUSD,1656288000008,3.03e-06
ATOMUSD,1656316800000,1.028e-05
ATOMUSD,1656345600016,0.0001
ATOMUSD,1656374400016,-6.55e-06
ATOMUSD,1656403200001,-6.077e-05
ATOMUSD,1656432000005,-1.988e-05
ATOMUSD,1656460800000,8.87e-05
ATOMUSD,1656489600013,4.03e-06
ATOMUSD,1656518400000,-0.00018609
ATOMUSD,1656547200000,-2.151e-05
ATOMUSD,1656576000000,-1.186e-05
ATOMUSD,1656604800000,-0.00013595
ATOMUSD,1656633600001,2.426e-05
ATOMUSD,1656662400017,0.0001
ATOMUSD,1656691200005,-0.00010165
ATOMUSD,1656720000000,-5.015e-05
ATOMUSD,1656748800000,-4.142e-05
ATOMUSD,1656777600008,-4.934e-05
ATOMUSD,1656806400015,-0.0002652
ATOMUSD,1656835200004,-0.00022082
ATOMUSD,1656864000005,6.06e-05
ATOMUSD,1656892800021,-2.618e-05
ATOMUSD,1656921600001,-0.00028183
ATOMUSD,1656950400000,-0.00014301
ATOMUSD,1656979200000,-5.198e-05
ATOMUSD,1657008000000,-0.00012736
ATOMUSD,1657036800015,9.676e-05
ATOMUSD,1657065600006,-7.576e-05
ATOMUSD,1657094400000,-0.00015591
ATOMUSD,1657123200000,-4.948e-05
ATOMUSD,1657152000010,-8.874e-05
ATOMUSD,1657180800010,-0.00015267
ATOMUSD,1657209600011,-0.00016934
ATOMUSD,1657238400008,-0.00020517
ATOMUSD,1657267200009,-5.883e-05
ATOMUSD,1657296000000,-0.0002764
ATOMUSD,1657324800000,-0.00018809
ATOMUSD,1657353600000,-3.22e-05
ATOMUSD,1657382400009,-0.00029408
ATOMUSD,1657411200001,-0.00011638
ATOMUSD,1657440000002,-0.00036298
ATOMUSD,1657468800001,-0.0002504
ATOMUSD,1657497600000,-0.00017625
ATOMUSD,1657526400003,-0.00016828
ATOMUSD,1657555200001,-0.00016567
ATOMUSD,1657584000000,-2.46e-05
ATOMUSD,1657612800021,-0.00014615
ATOMUSD,1657641600000,-0.00038642
ATOMUSD,1657670400012,-5.025e-05
ATOMUSD,1657699200022,1.01e-05
ATOMUSD,1657728000005,-0.00031427
ATOMUSD,1657756800017,-0.00020499
ATOMUSD,1657785600001,-0.00021865
ATOMUSD,1657814400000,-0.00017369
ATOMUSD,1657843200004,4.435e-05
ATOMUSD,1657872000019,2.649e-05
ATOMUSD,1657900800017,-0.0001153
ATOMUSD,1657929600021,8.642e-05
ATOMUSD,1657958400014,5.203e-05
ATOMUSD,1657987200005,-3.397e-05
ATOMUSD,1658016000000,-8.987e-05
ATOMUSD,1658044800003,-3.951e-05
ATOMUSD,1658073600007,3.743e-05
ATOMUSD,1658102400001,-2.943e-05
ATOMUSD,1658131200004,8.205e-05
ATOMUSD,1658160000019,0.0001
ATOMUSD,1658188800000,0.0001
ATOMUSD,1658217600000,0.0001
ATOMUSD,1658246400001,0.0001
ATOMUSD,1658275200004,0.0001
ATOMUSD,1658304000000,0.0001
ATOMUSD,1658332800003,0.0001
ATOMUSD,1658361600000,7.396e-05
ATOMUSD,1658390400018,0.0001
ATOMUSD,1658419200011,-0.00023977
ATOMUSD,1658448000014,0.0001
ATOMUSD,1658476800000,0.0001
ATOMUSD,1658505600000,0.0001
ATOMUSD,1658534400004,0.0001
ATOMUSD,1658563200002,9.08e-05
ATOMUSD,1658592000001,8.092e-05
ATOMUSD,1658620800000,-0.00023785
ATOMUSD,1658649600011,-0.00016584
ATOMUSD,1658678400000,-4.572e-05
ATOMUSD,1658707200000,-9.96e-06
ATOMUSD,1658736000014,8.633e-05
ATOMUSD,1658764800006,1.253e-05
ATOMUSD,1658793600010,-0.00012674
ATOMUSD,1658822400000,-0.00024119
ATOMUSD,1658851200000,-0.00022883
ATOMUSD,1658880000008,-5.055e-05
ATOMUSD,1658908800000,-0.00013297
ATOMUSD,1658937600003,-0.00011315
ATOMUSD,1658966400009,0.0001
ATOMUSD,1658995200008,0.0001
ATOMUSD,1659024000013,0.0001
ATOMUSD,1659052800000,0.0001
ATOMUSD,1659081600000,0.0001
ATOMUSD,1659110400000,0.0001
ATOMUSD,1659139200005,0.0001
ATOMUSD,1659168000009,0.0001
ATOMUSD,1659196800000,0.0001
ATOMUSD,1659225600022,-5.762e-05
ATOMUSD,1659254400011,0.0001
ATOMUSD,1659283200019,0.0001
ATOMUSD,1659312000010,4.44e-06
ATOMUSD,1659340800019,0.0001
ATOMUSD,1659369600017,-4.217e-05
ATOMUSD,1659398400000,-4.515e-05
ATOMUSD,1659427200007,-0.00015479
ATOMUSD,1659456000014,-5.338e-05
ATOMUSD,1659484800001,-7.25e-05
ATOMUSD,1659513600020,-0.00026323
ATOMUSD,1659542400008,-0.00018507
ATOMUSD,1659571200001,-0.00011341
ATOMUSD,1659600000009,1.309e-05
ATOMUSD,1659628800015,5.7e-07
ATOMUSD,1659657600005,0.0001
ATOMUSD,1659686400000,0.0001
ATOMUSD,1659715200000,6.737e-05
ATOMUSD,1659744000021,9.191e-05
ATOMUSD,1659772800000,0.0001
ATOMUSD,1659801600015,0.0001
ATOMUSD,1659830400013,1.31e-06
ATOMUSD,1659859200000,8.8e-05
ATOMUSD,1659888000014,0.0001
ATOMUSD,1659916800009,2.826e-05
ATOMUSD,1659945600006,-0.00026938
ATOMUSD,1659974400000,5.14e-06
ATOMUSD,1660003200020,0.0001
ATOMUSD,1660032000000,0.0
ATOMUSD,1660060800000,0.0001
ATOMUSD,1660089600000,4.516e-05
ATOMUSD,1660118400016,2.856e-05
ATOMUSD,1660147200018,-8.146e-05
ATOMUSD,1660176000012,-6.79e-05
ATOMUSD,1660204800000,3.563e-05
ATOMUSD,1660233600000,0.0001
ATOMUSD,1660262400006,0.0001
ATOMUSD,1660291200000,0.0001
ATOMUSD,1660320000005,0.0001
ATOMUSD,1660348800012,4.885e-05
ATOMUSD,1660377600006,0.0001
ATOMUSD,1660406400018,0.0001
ATOMUSD,1660435200000,0.0001
ATOMUSD,1660464000000,0.0001
ATOMUSD,1660492800000,-1.1e-06
ATOMUSD,1660521600010,-2.428e-05
ATOMUSD,1660550400002,-4.83e-05
ATOMUSD,1660579200010,1.645e-05
ATOMUSD,1660608000010,-4.42e-06
ATOMUSD,1660636800002,9.219e-05
ATOMUSD,1660665600000,9.628e-05
ATOMUSD,1660694400020,4.649e-05
ATOMUSD,1660723200016,0.0001
ATOMUSD,1660752000001,0.0001
ATOMUSD,1660780800005,8.305e-05
ATOMUSD,1660809600012,0.0001
ATOMUSD,1660838400013,0.0001
ATOMUSD,1660867200000,7.503e-05
ATOMUSD,1660896000000,-0.0001056
ATOMUSD,1660924800009,-7.027e-05
ATOMUSD,1660953600000,-4.236e-05
ATOMUSD,1660982400005,-3.529e-05
ATOMUSD,1661011200000,-0.00017324
ATOMUSD,1661040000010,-0.0002071
ATOMUSD,1661068800013,-0.00021295
ATOMUSD,1661097600000,-0.00014734
ATOMUSD,1661126400011,-0.00010413
ATOMUSD,1661155200005,-4.096e-05
ATOMUSD,1661184000005,-8.69e-06
ATOMUSD,1661212800000,-5.373e-05
ATOMUSD,1661241600021,0.0001
ATOMUSD,1661270400005,0.0001
ATOMUSD,1661299200017,4.146e-05
ATOMUSD,1661328000021,-9.332e-05
ATOMUSD,1661356800000,-6.079e-05
ATOMUSD,1661385600003,1.513e-05
ATOMUSD,1661414400000,-5.486e-05
ATOMUSD,1661443200004,0.0001
ATOMUSD,1661472000001,0.0001
ATOMUSD,1661500800004,0.0001
ATOMUSD,1661529600000,0.0001
ATOMUSD,1661558400010,4.97e-05
ATOMUSD,1661587200007,-8.212e-05
ATOMUSD,1661616000008,-0.00034949
ATOMUSD,1661644800019,-0.00010204
ATOMUSD,1661673600000,-0.00011704
ATOMUSD,1661702400000,-0.00012656
ATOMUSD,1661731200000,-0.00019551
ATOMUSD,1661760000000,-0.00026025
ATOMUSD,1661788800001,-0.00035202
ATOMUSD,1661817600001,-0.00034152
ATOMUSD,1661846400005,-0.00027414
ATOMUSD,1661875200010,-1.502e-05
ATOMUSD,1661904000000,-4.275e-05
ATOMUSD,1661932800005,-0.0001223
ATOMUSD,1661961600013,-6.779e-05
ATOMUSD,1661990400012,-0.00010299
ATOMUSD,1662019200000,-6.553e-05
ATOMUSD,1662048000013,2.08e-05
ATOMUSD,1662076800002,-7.78e-05
ATOMUSD,1662105600013,-3.757e-05
ATOMUSD,1662134400000,-6.445e-05
ATOMUSD,1662163200000,8.87e-06
ATOMUSD,1662192000002,-4.281e-05
ATOMUSD,1662220800007,-0.00012871
ATOMUSD,1662249600008,5.853e-05
ATOMUSD,1662278400009,2.726e-05
ATOMUSD,1662307200000,-0.00012659
ATOMUSD,1662336000015,-1.14e-05
ATOMUSD,1662364800013,-0.00010496
ATOMUSD,1662393600007,-3.091e-05
ATOMUSD,1662422400018,-5.304e-05
ATOMUSD,1662451200020,-6.551e-05
ATOMUSD,1662480000028,-4.704e-05
ATOMUSD,1662508800013,1.663e-05
ATOMUSD,1662537600022,7.777e-05
ATOMUSD,1662566400021,4.23e-06
ATOMUSD,1662595200010,4.648e-05
ATOMUSD,1662624000000,6.809e-05
ATOMUSD,1662652800003,0.0001
ATOMUSD,1662681600011,-1.455e-05
ATOMUSD,1662710400000,-0.00024138
ATOMUSD,1662739200000,0.0001
ATOMUSD,1662768000003,0.0001
ATOMUSD,1662796800000,0.0001
ATOMUSD,1662825600012,0.0001
ATOMUSD,1662854400009,0.0001
ATOMUSD,1662883200012,5.934e-05
ATOMUSD,1662912000005,3.694e-05
ATOMUSD,1662940800007,-3.111e-05
ATOMUSD,1662969600013,-3.062e-05
ATOMUSD,1662998400000,9.758e-05
ATOMUSD,1663027200004,-0.0001178
ATOMUSD,1663056000000,-5.083e-05
ATOMUSD,1663084800000,0.0001
ATOMUSD,1663113600000,-0.00015911
ATOMUSD,1663142400000,-0.00017125
ATOMUSD,1663171200000,1.12e-06
ATOMUSD,1663200000019,-0.00018853
ATOMUSD,1663228800012,-6.573e-05
ATOMUSD,1663257600007,-0.00011508
ATOMUSD,1663286400000,-0.0004504
ATOMUSD,1663315200000,-0.00019489
ATOMUSD,1663344000000,-0.00017016
ATOMUSD,1663372800000,-0.00012728
ATOMUSD,1663401600012,-0.00015601
ATOMUSD,1663430400017,-2.234e-05
ATOMUSD,1663459200000,-2.51e-05
ATOMUSD,1663488000004,-0.00012081
ATOMUSD,1663516800000,-8.2e-06
ATOMUSD,1663545600018,4.961e-05
ATOMUSD,1663574400006,-0.00015887
ATOMUSD,1663603200010,-0.00015425
ATOMUSD,1663632000007,-0.00012085
ATOMUSD,1663660800001,-0.00015516
ATOMUSD,1663689600000,-0.00013003
ATOMUSD,1663718400001,-0.0002439
ATOMUSD,1663747200005,-0.00012062
ATOMUSD,1663776000000,-1.893e-05
ATOMUSD,1663804800000,-0.00043731
ATOMUSD,1663833600000,-0.00038218
ATOMUSD,1663862400011,-0.00017086
ATOMUSD,1663891200023,-0.00011704
ATOMUSD,1663920000004,-8.553e-05
ATOMUSD,1663948800005,-0.0003192
ATOMUSD,1663977600000,-0.00020992
ATOMUSD,1664006400005,-0.0003175
ATOMUSD,1664035200000,-0.00037089
ATOMUSD,1664064000010,-0.00047686
ATOMUSD,1664092800000,-0.00024629
ATOMUSD,1664121600003,-0.0001334
ATOMUSD,1664150400001,-0.00016841
ATOMUSD,1664179200006,-0.00021844
ATOMUSD,1664208000000,-0.00011477
ATOMUSD,1664236800026,-0.00027
ATOMUSD,1664265600004,-7.29e-05
ATOMUSD,1664294400006,-9.334e-05
ATOMUSD,1664323200011,-0.0005552
ATOMUSD,1664352000000,-0.00037228
ATOMUSD,1664380800000,-0.00028198
ATOMUSD,1664409600010,-0.00039587
ATOMUSD,1664438400000,-0.00031848
ATOMUSD,1664467200000,-0.00018746
ATOMUSD,1664496000006,-0.00028851
ATOMUSD,1664524800002,-0.00029354
ATOMUSD,1664553600007,-0.00016063
ATOMUSD,1664582400008,-8.053e-05
ATOMUSD,1664611200011,5.58e-06
ATOMUSD,1664640000000,-6.441e-05
ATOMUSD,1664668800000,-0.00026878
ATOMUSD,1664697600000,-0.00013562
ATOMUSD,1664726400006,-0.00018763
ATOMUSD,1664755200000,-0.00022075
ATOMUSD,1664784000014,-0.00014644
ATOMUSD,1664812800010,-0.00013703
ATOMUSD,1664841600006,-0.00023179
ATOMUSD,1664870400004,-0.00014086
ATOMUSD,1664899200013,-0.00019137
ATOMUSD,1664928000000,-0.00022887
ATOMUSD,1664956800000,-7.301e-05
ATOMUSD,1664985600012,5.702e-05
ATOMUSD,1665014400008,-0.00011235
ATOMUSD,1665043200002,3.1e-05
ATOMUSD,1665072000006,4.293e-05
ATOMUSD,1665100800000,-6.046e-05
ATOMUSD,1665129600000,2.794e-05
ATOMUSD,1665158400007,-4.677e-05
ATOMUSD,1665187200010,-6.476e-05
ATOMUSD,1665216000004,-6.643e-05
ATOMUSD,1665244800018,-4.788e-05
ATOMUSD,1665273600000,-7.649e-05
ATOMUSD,1665302400007,1.307e-05
ATOMUSD,1665331200011,-0.00011432
ATOMUSD,1665360000018,-6.58e-05
ATOMUSD,1665388800000,5.3e-07
ATOMUSD,1665417600026,1.243e-05
ATOMUSD,1665446400020,-6.137e-05
ATOMUSD,1665475200027,-0.00017257
ATOMUSD,1665504000000,-0.00010111
ATOMUSD,1665532800014,2.797e-05
ATOMUSD,1665561600000,-9.22e-05
ATOMUSD,1665590400000,-3.731e-05
ATOMUSD,1665619200013,-0.00013274
ATOMUSD,1665648000016,-2.357e-05
ATOMUSD,1665676800009,-0.00022495
ATOMUSD,1665705600020,-0.00017507
ATOMUSD,1665734400000,-9.575e-05
ATOMUSD,1665763200009,-0.00010632
ATOMUSD,1665792000001,-6.879e-05
ATOMUSD,1665820800005,-7.511e-05
ATOMUSD,1665849600004,-7.695e-05
ATOMUSD,1665878400012,-4.722e-05
ATOMUSD,1665907200000,-1.722e-05
ATOMUSD,1665936000010,-7.412e-05
ATOMUSD,1665964800012,-2.297e-05
ATOMUSD,1665993600010,-4.672e-05
ATOMUSD,1666022400017,-0.00015057
ATOMUSD,1666051200010,-8.664e-05
ATOMUSD,1666080000008,-1.375e-05
ATOMUSD,1666108800000,-1.48e-06
ATOMUSD,1666137600007,2.461e-05
ATOMUSD,1666166400022,0.0001
ATOMUSD,1666195200016,-1.386e-05
ATOMUSD,1666224000000,7.84e-05
ATOMUSD,1666252800013,-3.22e-06
ATOMUSD,1666281600000,3.95e-06
ATOMUSD,1666310400005,6.305e-05
ATOMUSD,1666339200018,-3.206e-05
ATOMUSD,1666368000000,-0.00011042
ATOMUSD,1666396800000,-0.00015128
ATOMUSD,1666425600015,-0.00011792
ATOMUSD,1666454400000,-0.00012139
ATOMUSD,1666483200025,-2.005e-05
ATOMUSD,1666512000000,1.104e-05
ATOMUSD,1666540800004,8.18e-06
ATOMUSD,1666569600009,-1.352e-05
ATOMUSD,1666598400012,4.628e-05
ATOMUSD,1666627200002,3.937e-05
ATOMUSD,1666656000013,-7.71e-05
ATOMUSD,1666684800013,-3.021e-05
ATOMUSD,1666713600000,-5.43e-06
ATOMUSD,1666742400006,-2.944e-05
ATOMUSD,1666771200013,2.367e-05
ATOMUSD,1666800000000,-1.221e-05
ATOMUSD,1666828800009,-0.00010381
ATOMUSD,1666857600006,-3.586e-05
ATOMUSD,1666886400009,-7.93e-06
ATOMUSD,1666915200000,6.986e-05
ATOMUSD,1666944000000,-0.00014137
ATOMUSD,1666972800007,7.06e-06
ATOMUSD,1667001600000,-0.00012103
ATOMUSD,1667030400003,-0.00011712
ATOMUSD,1667059200010,-2.005e-05
ATOMUSD,1667088000000,5.761e-05
ATOMUSD,1667116800013,9.051e-05
ATOMUSD,1667145600009,1.135e-05
ATOMUSD,1667174400012,2.964e-05
ATOMUSD,1667203200000,-2.148e-05
ATOMUSD,1667232000010,-3.25e-06
ATOMUSD,1667260800000,-6.808e-05
ATOMUSD,1667289600000,-4.812e-05
ATOMUSD,1667318400000,-4.542e-05
ATOMUSD,1667347200000,-2.901e-05
ATOMUSD,1667376000000,6.746e-05
ATOMUSD,1667404800019,3.393e-05
ATOMUSD,1667433600011,-0.00014012
ATOMUSD,1667462400016,-0.00012832
ATOMUSD,1667491200005,7.54e-06
ATOMUSD,1667520000000,-6.311e-05
ATOMUSD,1667548800004,9.967e-05
ATOMUSD,1667577600020,4.507e-05
ATOMUSD,1667606400009,8.904e-05
ATOMUSD,1667635200007,-4.799e-05
ATOMUSD,1667664000018,9.67e-06
ATOMUSD,1667692800009,2.207e-05
ATOMUSD,1667721600000,0.0001
ATOMUSD,1667750400010,0.0001
ATOMUSD,1667779200012,7.958e-05
ATOMUSD,1667808000014,7.779e-05
ATOMUSD,1667836800006,8.839e-05
ATOMUSD,1667865600000,2.711e-05
ATOMUSD,1667894400001,-9.607e-05
ATOMUSD,1667923200005,2.4e-05
ATOMUSD,1667952000000,-0.0004164
ATOMUSD,1667980800013,-0.00014155
ATOMUSD,1668009600004,-7.319e-05
ATOMUSD,1668038400006,-0.00063938
ATOMUSD,1668067200000,-0.00021344
ATOMUSD,1668096000015,-0.0002634
ATOMUSD,1668124800000,-0.00015202
ATOMUSD,1668153600015,-7.335e-05
ATOMUSD,1668182400027,-2.652e-05
ATOMUSD,1668211200007,1.655e-05
ATOMUSD,1668240000016,-8.26e-06
ATOMUSD,1668268800000,3.865e-05
ATOMUSD,1668297600004,4.186e-05
ATOMUSD,1668326400000,5.549e-05
ATOMUSD,1668355200017,9.259e-05
ATOMUSD,1668384000000,8.917e-05
ATOMUSD,1668412800000,-4.7e-05
ATOMUSD,1668441600000,-4.015e-05
ATOMUSD,1668470400014,-2.246e-05
ATOMUSD,1668499200009,-9.366e-05
ATOMUSD,1668528000010,6.175e-05
ATOMUSD,1668556800011,8.257e-05
ATOMUSD,1668585600004,-6.127e-05
ATOMUSD,1668614400008,6.253e-05
ATOMUSD,1668643200000,-5.504e-05
ATOMUSD,1668672000000,-0.00026026
ATOMUSD,1668700800006,-3.191e-05
ATOMUSD,1668729600004,-5.69e-06
ATOMUSD,1668758400016,-3.93e-06
ATOMUSD,1668787200000,3.034e-05
ATOMUSD,1668816000000,-1.473e-05
ATOMUSD,1668844800004,-4.125e-05
ATOMUSD,1668873600024,-6.69e-06
ATOMUSD,1668902400015,-4.557e-05
ATOMUSD,1668931200004,2.41e-06
ATOMUSD,1668960000000,4.18e-06
ATOMUSD,1668988800006,-1.349e-05
ATOMUSD,1669017600015,-0.00030115
ATOMUSD,1669046400000,-0.0001044
ATOMUSD,1669075200000,5.77e-06
ATOMUSD,1669104000000,8.372e-05
ATOMUSD,1669132800000,3.319e-05
ATOMUSD,1669161600000,-0.00015986
ATOMUSD,1669190400011,-0.00019367
ATOMUSD,1669219200014,-5.289e-05
ATOMUSD,1669248000007,5.647e-05
ATOMUSD,1669276800014,-0.00019002
ATOMUSD,1669305600013,-1.85e-06
ATOMUSD,1669334400004,-7.048e-05
ATOMUSD,1669363200015,1.314e-05
ATOMUSD,1669392000000,5.558e-05
ATOMUSD,1669420800011,-9.484e-05
ATOMUSD,1669449600000,-0.00038935
ATOMUSD,1669478400000,-5.48e-06
ATOMUSD,1669507200012,-2.413e-05
ATOMUSD,1669536000000,-0.00010243
ATOMUSD,1669564800003,-4.961e-05
ATOMUSD,1669593600015,4.06e-06
ATOMUSD,1669622400004,-0.000278
ATOMUSD,1669651200011,-7.678e-05
ATOMUSD,1669680000000,2.351e-05
ATOMUSD,1669708800015,5.388e-05
ATOMUSD,1669737600000,0.0001
ATOMUSD,1669766400007,-1.98e-05
ATOMUSD,1669795200000,0.0001
ATOMUSD,1669824000015,-1.56e-06
ATOMUSD,1669852800001,-1.21e-05
ATOMUSD,1669881600006,0.0001
ATOMUSD,1669910400000,0.0001
ATOMUSD,1669939200001,2.881e-05
ATOMUSD,1669968000016,0.0001
ATOMUSD,1669996800017,2.36e-06
ATOMUSD,1670025600006,4.9e-05
ATOMUSD,1670054400000,-6.383e-05
ATOMUSD,1670083200011,-5.425e-05
ATOMUSD,1670112000006,-5.764e-05
ATOMUSD,1670140800000,-5.263e-05
ATOMUSD,1670169600006,-9.589e-05
ATOMUSD,1670198400002,-0.00010514
ATOMUSD,1670227200011,-3.912e-05
ATOMUSD,1670256000008,0.0001
ATOMUSD,1670284800014,9.456e-05
ATOMUSD,1670313600027,9.383e-05
ATOMUSD,1670342400009,5.505e-05
ATOMUSD,1670371200000,-3.25e-06
ATOMUSD,1670400000000,5.817e-05
ATOMUSD,1670428800000,-1.751e-05
ATOMUSD,1670457600006,-2.734e-05
ATOMUSD,1670486400000,4.96e-06
ATOMUSD,1670515200014,-8.969e-05
ATOMUSD,1670544000017,-0.00016328
ATOMUSD,1670572800005,-9.338e-05
ATOMUSD,1670601600000,6.83e-06
ATOMUSD,1670630400009,3.947e-05
ATOMUSD,1670659200010,0.0001
ATOMUSD,1670688000001,0.0001
ATOMUSD,1670716800011,-7.956e-05
ATOMUSD,1670745600007,1.58e-05
ATOMUSD,1670774400011,3.743e-05
ATOMUSD,1670803200000,-5.472e-05
ATOMUSD,1670832000004,-3.561e-05
ATOMUSD,1670860800000,5.5e-06
ATOMUSD,1670889600000,5.762e-05
ATOMUSD,1670918400018,-1.77e-05
ATOMUSD,1670947200011,-3.187e-05
ATOMUSD,1670976000010,4.926e-05
ATOMUSD,1671004800015,0.0001
ATOMUSD,1671033600004,0.0001
ATOMUSD,1671062400000,9.597e-05
ATOMUSD,1671091200023,-1.085e-05
ATOMUSD,1671120000010,8.067e-05
ATOMUSD,1671148800016,0.0001
ATOMUSD,1671177600011,0.0001
ATOMUSD,1671206400001,3.759e-05
ATOMUSD,1671235200001,-8.128e-05
ATOMUSD,1671264000011,-0.00019034
ATOMUSD,1671292800011,-0.00019372
ATOMUSD,1671321600008,-0.00025164
ATOMUSD,1671350400001,7.28e-06
ATOMUSD,1671379200012,-0.00018164
ATOMUSD,1671408000000,-0.00021914
ATOMUSD,1671436800000,-3.493e-05
ATOMUSD,1671465600000,4.514e-05
ATOMUSD,1671494400005,2.1e-05
ATOMUSD,1671523200016,0.0001
ATOMUSD,1671552000000,0.0001
ATOMUSD,1671580800007,0.0001
ATOMUSD,1671609600012,9.22e-05
ATOMUSD,1671638400017,0.0001
ATOMUSD,1671667200004,7.88e-06
ATOMUSD,1671696000000,9.896e-05
ATOMUSD,1671724800001,1.308e-05
ATOMUSD,1671753600018,0.0001
ATOMUSD,1671782400000,0.0001
ATOMUSD,1671811200000,7.515e-05
ATOMUSD,1671840000001,0.0001
ATOMUSD,1671868800007,9.452e-05
ATOMUSD,1671897600008,5.67e-06
ATOMUSD,1671926400000,3.212e-05
ATOMUSD,1671955200013,4.194e-05
ATOMUSD,1671984000000,8.569e-05
ATOMUSD,1672012800001,1.387e-05
ATOMUSD,1672041600000,2.647e-05
ATOMUSD,1672070400005,-0.00010057
ATOMUSD,1672099200005,-8.82e-06
ATOMUSD,1672128000010,6.93e-05
ATOMUSD,1672156800006,5.147e-05
ATOMUSD,1672185600010,0.0001
ATOMUSD,1672214400010,0.0001
ATOMUSD,1672243200010,5.883e-05
ATOMUSD,1672272000011,0.0001
ATOMUSD,1672300800000,4.286e-05
ATOMUSD,1672329600008,-0.00015046
ATOMUSD,1672358400000,-9.243e-05
ATOMUSD,1672387200000,-9.057e-05
ATOMUSD,1672416000000,-0.00015213
ATOMUSD,1672444800014,8.498e-05
ATOMUSD,1672473600000,-3.048e-05
ATOMUSD,1672502400000,-6.804e-05
ATOMUSD,1672531200000,0.0001
ATOMUSD,1672560000008,0.0001
ATOMUSD,1672588800000,0.0001
ATOMUSD,1672617600000,-2.606e-05
ATOMUSD,1672646400008,-3.934e-05
ATOMUSD,1672675200015,-2.606e-05
ATOMUSD,1672704000003,9.086e-05
ATOMUSD,1672732800018,5.715e-05
ATOMUSD,1672761600000,-0.00010682
ATOMUSD,1672790400000,-7.668e-05
ATOMUSD,1672819200016,-8.088e-05
ATOMUSD,1672848000011,-3.987e-05
ATOMUSD,1672876800009,-0.00013319
ATOMUSD,1672905600011,-1.34e-05
ATOMUSD,1672934400000,2.55e-05
ATOMUSD,1672963200005,2.25e-05
ATOMUSD,1672992000001,0.0001
ATOMUSD,1673020800000,5.508e-05
ATOMUSD,1673049600006,-7.04e-05
ATOMUSD,1673078400017,-4.692e-05
ATOMUSD,1673107200000,-9.19e-05
ATOMUSD,1673136000015,-1.991e-05
ATOMUSD,1673164800000,-5.792e-05
ATOMUSD,1673193600010,-0.0001629
ATOMUSD,1673222400003,-6.785e-05
ATOMUSD,1673251200000,-1.623e-05
ATOMUSD,1673280000006,4.574e-05
ATOMUSD,1673308800003,0.0001
ATOMUSD,1673337600021,0.0001
ATOMUSD,1673366400000,9.755e-05
ATOMUSD,1673395200011,-0.00012703
ATOMUSD,1673424000006,-9.409e-05
ATOMUSD,1673452800004,-4.293e-05
ATOMUSD,1673481600000,-1.53e-05
ATOMUSD,1673510400000,3.276e-05
ATOMUSD,1673539200000,-1.15e-06
ATOMUSD,1673568000004,-0.00058026
ATOMUSD,1673596800000,-0.00010154
ATOMUSD,1673625600018,-0.00013205
ATOMUSD,1673654400000,-7.3e-05
ATOMUSD,1673683200001,0.0001
ATOMUSD,1673712000000,0.0001
ATOMUSD,1673740800010,0.0001
ATOMUSD,1673769600002,0.0001
ATOMUSD,1673798400000,0.0001
ATOMUSD,1673827200010,0.0001
ATOMUSD,1673856000007,0.0001
ATOMUSD,1673884800000,0.0001
ATOMUSD,1673913600004,6.481e-05
ATOMUSD,1673942400005,0.0001
ATOMUSD,1673971200001,0.0001
ATOMUSD,1674000000008,0.0001
ATOMUSD,1674028800009,0.0001
ATOMUSD,1674057600017,7.946e-05
ATOMUSD,1674086400000,0.0001
ATOMUSD,1674115200015,0.0001
ATOMUSD,1674144000012,6.522e-05
ATOMUSD,1674172800000,0.0001
ATOMUSD,1674201600000,7.137e-05
ATOMUSD,1674230400000,5.377e-05
ATOMUSD,1674259200013,0.0001
ATOMUSD,1674288000001,0.0001
ATOMUSD,1674316800016,0.0001
ATOMUSD,1674345600000,0.0001
ATOMUSD,1674374400000,0.0001
ATOMUSD,1674403200023,0.0001
ATOMUSD,1674432000014,0.0001
ATOMUSD,1674460800014,0.0001
ATOMUSD,1674489600016,0.0001
ATOMUSD,1674518400008,0.0001
ATOMUSD,1674547200008,0.0001
ATOMUSD,1674576000000,0.0001
ATOMUSD,1674604800012,3.586e-05
ATOMUSD,1674633600000,9.791e-05
ATOMUSD,1674662400010,0.0001
ATOMUSD,1674691200010,0.0001
ATOMUSD,1674720000003,0.0001
ATOMUSD,1674748800020,0.0001
ATOMUSD,1674777600008,0.0001
ATOMUSD,1674806400000,0.0001
ATOMUSD,1674835200000,0.0001
ATOMUSD,1674864000009,0.0001
ATOMUSD,1674892800018,0.0001
ATOMUSD,1674921600005,0.0001
ATOMUSD,1674950400011,0.0001
ATOMUSD,1674979200000,0.0001
ATOMUSD,1675008000008,0.0001
ATOMUSD,1675036800001,0.0001
ATOMUSD,1675065600000,0.0001
ATOMUSD,1675094400000,9.157e-05
ATOMUSD,1675123200005,8.682e-05
ATOMUSD,1675152000000,0.0001
ATOMUSD,1675180800007,0.0001
ATOMUSD,1675209600013,0.0001
ATOMUSD,1675238400000,0.0001
ATOMUSD,1675267200012,0.0001
ATOMUSD,1675296000004,0.0001
ATOMUSD,1675324800023,0.0001
ATOMUSD,1675353600003,0.0001
ATOMUSD,1675382400010,0.0001
ATOMUSD,1675411200000,0.0001
ATOMUSD,1675440000000,0.0001
ATOMUSD,1675468800010,0.00021179
ATOMUSD,1675497600000,0.0001
ATOMUSD,1675526400000,0.0001
ATOMUSD,1675555200016,0.0001
ATOMUSD,1675584000009,0.0001
ATOMUSD,1675612800018,0.0001
ATOMUSD,1675641600001,0.0001
ATOMUSD,1675670400000,0.0001
ATOMUSD,1675699200012,0.0001
ATOMUSD,1675728000004,0.0001
ATOMUSD,1675756800011,0.0001
ATOMUSD,1675785600018,0.0001
ATOMUSD,1675814400009,0.0001
ATOMUSD,1675843200010,0.0001
ATOMUSD,1675872000000,0.0001
ATOMUSD,1675900800014,0.0001
ATOMUSD,1675929600006,0.0001
ATOMUSD,1675958400001,0.0001
ATOMUSD,1675987200012,-0.00018019
ATOMUSD,1676016000005,-4.961e-05
ATOMUSD,1676044800020,0.0001
ATOMUSD,1676073600007,0.0001
ATOMUSD,1676102400002,3.396e-05
ATOMUSD,1676131200021,-4.919e-05
ATOMUSD,1676160000004,-5.612e-05
ATOMUSD,1676188800000,-5.231e-05
ATOMUSD,1676217600002,-4.042e-05
ATOMUSD,1676246400006,-2.108e-05
ATOMUSD,1676275200008,4.391e-05
ATOMUSD,1676304000002,2.618e-05
ATOMUSD,1676332800013,0.0001
ATOMUSD,1676361600014,9.71e-05
ATOMUSD,1676390400016,3.142e-05
ATOMUSD,1676419200011,0.0001
ATOMUSD,1676448000000,0.0001
ATOMUSD,1676476800005,2.243e-05
ATOMUSD,1676505600019,7.902e-05
ATOMUSD,1676534400000,0.0001
ATOMUSD,1676563200001,0.0001
ATOMUSD,1676592000003,-3.555e-05
ATOMUSD,1676620800016,0.0001
ATOMUSD,1676649600000,0.0001
ATOMUSD,1676678400011,0.0001
ATOMUSD,1676707200000,0.0001
ATOMUSD,1676736000007,0.0001
ATOMUSD,1676764800019,0.0001
ATOMUSD,1676793600005,0.0001
ATOMUSD,1676822400003,0.0001
ATOMUSD,1676851200006,0.0001
ATOMUSD,1676880000008,0.0001
ATOMUSD,1676908800006,0.0001
ATOMUSD,1676937600001,0.0001
ATOMUSD,1676966400004,0.0001
ATOMUSD,1676995200011,0.0001
ATOMUSD,1677024000009,0.0001
ATOMUSD,1677052800010,0.0001
ATOMUSD,1677081600000,0.0001
ATOMUSD,1677110400006,0.0001
ATOMUSD,1677139200005,0.0001
ATOMUSD,1677168000002,0.0001
ATOMUSD,1677196800015,0.0001
ATOMUSD,1677225600011,0.0001
ATOMUSD,1677254400014,0.0001
ATOMUSD,1677283200015,0.0001
ATOMUSD,1677312000015,0.0001
ATOMUSD,1677340800015,0.0001
ATOMUSD,1677369600007,-2.201e-05
ATOMUSD,1677398400012,-4.983e-05
ATOMUSD,1677427200000,-5.081e-05
ATOMUSD,1677456000011,-9.903e-05
ATOMUSD,1677484800003,-0.00023312
ATOMUSD,1677513600000,2.89e-06
ATOMUSD,1677542400011,2.176e-05
ATOMUSD,1677571200018,2.73e-05
ATOMUSD,1677600000005,6.813e-05
ATOMUSD,1677628800016,4e-08
ATOMUSD,1677657600000,0.0001
ATOMUSD,1677686400008,-0.00016714
ATOMUSD,1677715200009,8.87e-05
ATOMUSD,1677744000013,6.32e-05
ATOMUSD,1677772800000,-2.029e-05
ATOMUSD,1677801600000,-0.00010403
ATOMUSD,1677830400013,-0.0003621
ATOMUSD,1677859200000,-7.788e-05
ATOMUSD,1677888000001,5.125e-05
ATOMUSD,1677916800008,-0.00010513
ATOMUSD,1677945600012,-0.00014073
ATOMUSD,1677974400000,-5.436e-05
ATOMUSD,1678003200000,-9.628e-05
ATOMUSD,1678032000015,-6.352e-05
ATOMUSD,1678060800007,-2.705e-05
ATOMUSD,1678089600017,-6.445e-05
ATOMUSD,1678118400000,-1.54e-06
ATOMUSD,1678147200009,9.275e-05
ATOMUSD,1678176000016,4.163e-05
ATOMUSD,1678204800017,1.535e-05
ATOMUSD,1678233600000,3.972e-05
ATOMUSD,1678262400014,7.403e-05
ATOMUSD,1678291200021,-7.019e-05
ATOMUSD,1678320000010,-6.618e-05
ATOMUSD,1678348800013,1.583e-05
ATOMUSD,1678377600002,0.0001
ATOMUSD,1678406400000,-0.00031405
ATOMUSD,1678435200000,-0.0001208
ATOMUSD,1678464000005,-0.00011636
ATOMUSD,1678492800011,5.208e-05
ATOMUSD,1678521600003,4.128e-05
ATOMUSD,1678550400011,-0.00020354
ATOMUSD,1678579200001,-1.672e-05
ATOMUSD,1678608000000,0.0001
ATOMUSD,1678636800005,-0.00012442
ATOMUSD,1678665600010,-0.00033466
ATOMUSD,1678694400018,-9.985e-05
ATOMUSD,1678723200003,-0.00015061
ATOMUSD,1678752000010,7.47e-05
ATOMUSD,1678780800009,-0.00027696
ATOMUSD,1678809600010,-6.569e-05
ATOMUSD,1678838400011,0.0001
ATOMUSD,1678867200000,0.0001
ATOMUSD,1678896000012,2.038e-05
ATOMUSD,1678924800004,1.241e-05
ATOMUSD,1678953600018,6.726e-05
ATOMUSD,1678982400005,6.495e-05
ATOMUSD,1679011200017,0.0001
ATOMUSD,1679040000010,0.0001
ATOMUSD,1679068800003,0.0001
ATOMUSD,1679097600012,0.0001
ATOMUSD,1679126400000,0.0001
ATOMUSD,1679155200016,0.0001
ATOMUSD,1679184000013,0.0001
ATOMUSD,1679212800024,0.0001
ATOMUSD,1679241600000,-5.542e-05
ATOMUSD,1679270400005,0.0001
ATOMUSD,1679299200012,4.12e-06
ATOMUSD,1679328000015,-7.8e-06
ATOMUSD,1679356800006,-5.954e-05
ATOMUSD,1679385600004,1.73e-05
ATOMUSD,1679414400003,8.022e-05
ATOMUSD,1679443200000,0.0001
ATOMUSD,1679472000003,0.0001
ATOMUSD,1679500800000,7.738e-05
ATOMUSD,1679529600016,-0.00024138
ATOMUSD,1679558400001,9.17e-06
ATOMUSD,1679587200013,0.0001
ATOMUSD,1679616000013,0.0001
ATOMUSD,1679644800012,0.0001
ATOMUSD,1679673600027,0.0001
ATOMUSD,1679702400015,-0.00013406
ATOMUSD,1679731200011,-2.869e-05
ATOMUSD,1679760000011,-9.984e-05
ATOMUSD,1679788800000,-0.00021069
ATOMUSD,1679817600015,-9.154e-05
ATOMUSD,1679846400000,-8.344e-05
ATOMUSD,1679875200019,2.21e-06
ATOMUSD,1679904000009,-0.00019412
ATOMUSD,1679932800000,-0.00011252
ATOMUSD,1679961600007,-0.00026619
ATOMUSD,1679990400000,-5.912e-05
ATOMUSD,1680019200013,-7.844e-05
ATOMUSD,1680048000010,0.0001
ATOMUSD,1680076800006,0.0001
ATOMUSD,1680105600014,0.0001
ATOMUSD,1680134400000,0.0001
ATOMUSD,1680163200000,0.0001
ATOMUSD,1680192000006,4.425e-05
ATOMUSD,1680220800003,0.0001
ATOMUSD,1680249600006,0.0001
ATOMUSD,1680278400011,0.0001
ATOMUSD,1680307200000,4.764e-05
ATOMUSD,1680336000000,0.0001
ATOMUSD,1680364800018,0.0001
ATOMUSD,1680393600013,0.0001
ATOMUSD,1680422400014,0.0001
ATOMUSD,1680451200001,0.0001
ATOMUSD,1680480000000,7.097e-05
ATOMUSD,1680508800013,8.293e-05
ATOMUSD,1680537600011,0.0001
ATOMUSD,1680566400002,0.0001
ATOMUSD,1680595200017,0.0001
ATOMUSD,1680624000008,0.0001
ATOMUSD,1680652800000,0.0001
ATOMUSD,1680681600016,0.0001
ATOMUSD,1680710400004,0.0001
ATOMUSD,1680739200000,0.0001
ATOMUSD,1680768000011,0.0001
ATOMUSD,1680796800000,0.0001
ATOMUSD,1680825600006,0.0001
ATOMUSD,1680854400005,0.0001
ATOMUSD,1680883200000,6.307e-05
ATOMUSD,1680912000000,0.0001
ATOMUSD,1680940800014,0.0001
ATOMUSD,1680969600018,5.557e-05
ATOMUSD,1680998400013,7.05e-05
ATOMUSD,1681027200024,6.952e-05
ATOMUSD,1681056000010,8.112e-05
ATOMUSD,1681084800000,9.6e-05
ATOMUSD,1681113600010,0.0001
ATOMUSD,1681142400006,8.964e-05
ATOMUSD,1681171200008,0.0001
ATOMUSD,1681200000007,0.0001
ATOMUSD,1681228800016,0.0001
ATOMUSD,1681257600006,0.0001
ATOMUSD,1681286400008,0.0001
ATOMUSD,1681315200014,0.0001
ATOMUSD,1681344000027,0.0001
ATOMUSD,1681372800010,0.0001
ATOMUSD,1681401600000,0.0001
ATOMUSD,1681430400001,0.0001
ATOMUSD,1681459200008,0.0001
ATOMUSD,1681488000007,0.0001
ATOMUSD,1681516800007,0.0001
ATOMUSD,1681545600007,0.0001
ATOMUSD,1681574400011,0.0001
ATOMUSD,1681603200014,0.0001
ATOMUSD,1681632000007,0.0001
ATOMUSD,1681660800002,0.0001
ATOMUSD,1681689600017,0.0001
ATOMUSD,1681718400006,0.0001
ATOMUSD,1681747200000,0.0001
ATOMUSD,1681776000013,0.0001
ATOMUSD,1681804800017,0.0001
ATOMUSD,1681833600000,0.0001
ATOMUSD,1681862400022,0.0001
ATOMUSD,1681891200014,0.0001
ATOMUSD,1681920000000,1.16e-05
ATOMUSD,1681948800010,0.0001
ATOMUSD,1681977600012,0.0001
ATOMUSD,1682006400012,0.0001
ATOMUSD,1682035200009,0.0001
ATOMUSD,1682064000009,0.0001
ATOMUSD,1682092800003,0.0001
ATOMUSD,1682121600000,2.441e-05
ATOMUSD,1682150400000,-3.605e-05
ATOMUSD,1682179200016,1.931e-05
ATOMUSD,1682208000009,-6.207e-05
ATOMUSD,1682236800020,5.27e-05
ATOMUSD,1682265600007,2.401e-05
ATOMUSD,1682294400000,6.213e-05
ATOMUSD,1682323200008,9.604e-05
ATOMUSD,1682352000006,0.0001
ATOMUSD,1682380800014,4.696e-05
ATOMUSD,1682409600009,7.921e-05
ATOMUSD,1682438400015,3.094e-05
ATOMUSD,1682467200015,-1.247e-05
ATOMUSD,1682496000013,-4.884e-05
ATOMUSD,1682524800001,0.0001
ATOMUSD,1682553600014,-0.00041561
ATOMUSD,1682582400008,-0.00016201
ATOMUSD,1682611200005,4.55e-05
ATOMUSD,1682640000011,2.769e-05
ATOMUSD,1682668800007,8.534e-05
ATOMUSD,1682697600006,8.509e-05
ATOMUSD,1682726400004,8.101e-05
ATOMUSD,1682755200016,9.713e-05
ATOMUSD,1682784000001,0.0001
ATOMUSD,1682812800008,8.152e-05
ATOMUSD,1682841600000,-3.669e-05
ATOMUSD,1682870400010,9.313e-05
ATOMUSD,1682899200004,0.0001
ATOMUSD,1682928000008,8.14e-05
ATOMUSD,1682956800014,0.0001
ATOMUSD,1682985600015,9.241e-05
ATOMUSD,1683014400018,0.0001
ATOMUSD,1683043200000,6.761e-05
ATOMUSD,1683072000009,0.0001
ATOMUSD,1683100800003,7.912e-05
ATOMUSD,1683129600011,2.883e-05
ATOMUSD,1683158400000,6.13e-05
ATOMUSD,1683187200000,4.804e-05
ATOMUSD,1683216000011,8.677e-05
ATOMUSD,1683244800002,-8.35e-06
ATOMUSD,1683273600000,4.969e-05
ATOMUSD,1683302400000,2.612e-05
ATOMUSD,1683331200009,4.952e-05
ATOMUSD,1683360000000,0.0001
ATOMUSD,1683388800000,4.783e-05
ATOMUSD,1683417600000,-9.807e-05
ATOMUSD,1683446400000,2.452e-05
ATOMUSD,1683475200006,-1.918e-05
ATOMUSD,1683504000000,-1.09e-06
ATOMUSD,1683532800007,-0.00023943
ATOMUSD,1683561600015,4.896e-05
ATOMUSD,1683590400015,-0.00011666
ATOMUSD,1683619200000,-0.00018702
ATOMUSD,1683648000000,-0.00021201
ATOMUSD,1683676800007,-0.00018155
ATOMUSD,1683705600003,-9.233e-05
ATOMUSD,1683734400000,-5.711e-05
ATOMUSD,1683763200011,8.98e-05
ATOMUSD,1683792000000,1.355e-05
ATOMUSD,1683820800005,-0.00010319
ATOMUSD,1683849600020,3.624e-05
ATOMUSD,1683878400001,4.77e-05
ATOMUSD,1683907200010,8.432e-05
ATOMUSD,1683936000000,4.527e-05
ATOMUSD,1683964800000,-2.616e-05
ATOMUSD,1683993600026,-0.00023983
ATOMUSD,1684022400029,-0.0001639
ATOMUSD,1684051200010,-2.14e-05
ATOMUSD,1684080000008,-3.4e-06
ATOMUSD,1684108800006,-0.00016312
ATOMUSD,1684137600005,-8.415e-05
ATOMUSD,1684166400008,-8.098e-05
ATOMUSD,1684195200021,-0.0001192
ATOMUSD,1684224000000,-0.00020906
ATOMUSD,1684252800000,-9.829e-05
ATOMUSD,1684281600010,5.49e-06
ATOMUSD,1684310400000,5.137e-05
ATOMUSD,1684339200001,-1.448e-05
ATOMUSD,1684368000000,-1.47e-06
ATOMUSD,1684396800026,5.61e-05
ATOMUSD,1684425600019,7.768e-05
ATOMUSD,1684454400000,-1.538e-05
ATOMUSD,1684483200002,-0.00014463
ATOMUSD,1684512000000,-9.173e-05
ATOMUSD,1684540800005,-0.00015055
ATOMUSD,1684569600014,2.351e-05
ATOMUSD,1684598400020,-2.62e-06
ATOMUSD,1684627200014,-2.377e-05
ATOMUSD,1684656000001,2.297e-05
ATOMUSD,1684684800015,0.0001
ATOMUSD,1684713600028,2.552e-05
ATOMUSD,1684742400000,0.0001
ATOMUSD,1684771200012,0.0001
ATOMUSD,1684800000006,0.0001
ATOMUSD,1684828800014,0.0001
ATOMUSD,1684857600008,-8.56e-06
ATOMUSD,1684886400000,4.455e-05
ATOMUSD,1684915200025,-5.251e-05
ATOMUSD,1684944000008,8.658e-05
ATOMUSD,1684972800000,-3.25e-05
ATOMUSD,1685001600025,4.158e-05
ATOMUSD,1685030400016,-1.48e-06
ATOMUSD,1685059200000,1.74e-05
ATOMUSD,1685088000024,0.0001
ATOMUSD,1685116800012,9.775e-05
ATOMUSD,1685145600012,0.0001
ATOMUSD,1685174400018,8.275e-05
ATOMUSD,1685203200008,0.0001
ATOMUSD,1685232000017,0.0001
ATOMUSD,1685260800015,0.0001
ATOMUSD,1685289600000,0.0001
ATOMUSD,1685318400000,0.0001
ATOMUSD,1685347200020,0.0001
ATOMUSD,1685376000011,0.0001
ATOMUSD,1685404800003,0.0001
ATOMUSD,1685433600000,0.0001
ATOMUSD,1685462400003,0.0001
ATOMUSD,1685491200013,0.0001
ATOMUSD,1685520000000,0.0001
ATOMUSD,1685548800000,8.089e-05
ATOMUSD,1685577600008,6.682e-05
ATOMUSD,1685606400012,-4.67e-05
ATOMUSD,1685635200000,5.51e-06
ATOMUSD,1685664000000,-1.272e-05
ATOMUSD,1685692800006,0.0001
ATOMUSD,1685721600012,0.0001
ATOMUSD,1685750400000,9.122e-05
ATOMUSD,1685779200011,0.0001
ATOMUSD,1685808000003,0.0001
ATOMUSD,1685836800000,0.0001
ATOMUSD,1685865600000,2.837e-05
ATOMUSD,1685894400000,0.0001
ATOMUSD,1685923200005,0.0001
ATOMUSD,1685952000000,0.0001
ATOMUSD,1685980800000,0.0001
ATOMUSD,1686009600000,-0.00015687
ATOMUSD,1686038400009,-0.00020832
ATOMUSD,1686067200013,-3.34e-06
ATOMUSD,1686096000000,9.169e-05
ATOMUSD,1686124800016,7.899e-05
ATOMUSD,1686153600000,4.688e-05
ATOMUSD,1686182400006,7.049e-05
ATOMUSD,1686211200000,-1.171e-05
ATOMUSD,1686240000000,2.602e-05
ATOMUSD,1686268800000,6.659e-05
ATOMUSD,1686297600000,0.0001
ATOMUSD,1686326400000,0.0001
ATOMUSD,1686355200000,4.121e-05
ATOMUSD,1686384000000,-0.00051812
ATOMUSD,1686412800000,-0.00063077
ATOMUSD,1686441600001,-0.00057562
ATOMUSD,1686470400000,-0.00035455
ATOMUSD,1686499200000,-0.00053256
ATOMUSD,1686528000000,-0.0005859
ATOMUSD,1686556800000,-0.00037889
ATOMUSD,1686585600001,-0.0005163
ATOMUSD,1686614400000,-0.0003605
ATOMUSD,1686643200000,-0.00045298
ATOMUSD,1686672000000,-0.00024495
ATOMUSD,1686700800000,-0.00023761
ATOMUSD,1686729600000,-0.00025781
ATOMUSD,1686758400000,-0.00021523
ATOMUSD,1686787200000,-0.00013743
ATOMUSD,1686816000000,-0.00011677
ATOMUSD,1686844800000,-3.006e-05
ATOMUSD,1686873600000,-6.677e-05
ATOMUSD,1686902400000,-0.0002272
ATOMUSD,1686931200000,-0.00013607
ATOMUSD,1686960000000,-0.00011973
ATOMUSD,1686988800000,-0.00021441
ATOMUSD,1687017600000,-0.00020653
ATOMUSD,1687046400000,-0.00032875
ATOMUSD,1687075200000,-0.00015286
ATOMUSD,1687104000000,-9.981e-05
ATOMUSD,1687132800000,-0.00024032
ATOMUSD,1687161600000,-0.0001767
ATOMUSD,1687190400000,-0.00027045
ATOMUSD,1687219200001,-0.00025573
ATOMUSD,1687248000000,-0.00025322
ATOMUSD,1687276800000,-0.00022299
ATOMUSD,1687305600000,-0.00015119
ATOMUSD,1687334400000,-0.00023534
ATOMUSD,1687363200000,-0.0001466
ATOMUSD,1687392000000,-0.000132
ATOMUSD,1687420800001,-0.00020438
ATOMUSD,1687449600000,-0.00013183
ATOMUSD,1687478400000,-0.00011861
ATOMUSD,1687507200000,1.9e-05
ATOMUSD,1687536000000,-5.376e-05
ATOMUSD,1687564800000,-0.00018507
ATOMUSD,1687593600000,-0.0001707
ATOMUSD,1687622400000,-0.00017846
ATOMUSD,1687651200000,-0.00015543
ATOMUSD,1687680000000,-4.905e-05
ATOMUSD,1687708800000,-0.00010328
ATOMUSD,1687737600000,-0.00017207
ATOMUSD,1687766400000,-0.00016373
ATOMUSD,1687795200000,-9.106e-05
ATOMUSD,1687824000000,-0.00012062
ATOMUSD,1687852800000,-6.668e-05
ATOMUSD,1687881600000,3.55e-05
ATOMUSD,1687910400000,-0.0002986
ATOMUSD,1687939200000,-0.00031365
ATOMUSD,1687968000000,-0.0003241
ATOMUSD,1687996800000,-0.00040526
ATOMUSD,1688025600000,-0.00026222
ATOMUSD,1688054400000,5.18e-06
ATOMUSD,1688083200000,-0.00019719
ATOMUSD,1688112000000,-9.8e-06
ATOMUSD,1688140800001,-0.00022187
ATOMUSD,1688169600000,-3.549e-05
ATOMUSD,1688198400000,4.515e-05
ATOMUSD,1688227200000,-4.308e-05
ATOMUSD,1688256000000,7.506e-05
ATOMUSD,1688284800000,3.76e-05
ATOMUSD,1688313600001,5.571e-05
ATOMUSD,1688342400000,-6.97e-06
ATOMUSD,1688371200000,2.457e-05
ATOMUSD,1688400000000,-6.561e-05
ATOMUSD,1688428800001,-0.00020534
ATOMUSD,1688457600000,0.0001
ATOMUSD,1688486400000,8.71e-05
ATOMUSD,1688515200000,7.607e-05
ATOMUSD,1688544000000,4.261e-05
ATOMUSD,1688572800000,4.5e-06
ATOMUSD,1688601600000,-3.7e-07
ATOMUSD,1688630400000,-6.724e-05
ATOMUSD,1688659200000,-0.00025272
ATOMUSD,1688688000000,-0.00039643
ATOMUSD,1688716800000,-0.00030296
ATOMUSD,1688745600000,-7.301e-05
ATOMUSD,1688774400000,-2.938e-05
ATOMUSD,1688803200000,-0.00014414
ATOMUSD,1688832000000,-0.00019492
ATOMUSD,1688860800000,-0.00019306
ATOMUSD,1688889600000,-0.00025702
ATOMUSD,1688918400000,-0.00013609
ATOMUSD,1688947200000,-0.00013775
ATOMUSD,1688976000000,-0.00022575
ATOMUSD,1689004800000,6.695e-05
ATOMUSD,1689033600000,-4.283e-05
ATOMUSD,1689062400000,-6.215e-05
ATOMUSD,1689091200000,1.874e-05
ATOMUSD,1689120000000,7.461e-05
ATOMUSD,1689148800000,-4.508e-05
ATOMUSD,1689177600000,-0.00010254
ATOMUSD,1689206400000,-2.66e-05
ATOMUSD,1689235200000,-2.285e-05
ATOMUSD,1689264000000,-0.00017116
ATOMUSD,1689292800000,0.0001
ATOMUSD,1689321600000,0.0001
ATOMUSD,1689350400000,0.0001
ATOMUSD,1689379200000,9.61e-05
ATOMUSD,1689408000000,0.0001
ATOMUSD,1689436800000,0.0001
ATOMUSD,1689465600001,0.0001
ATOMUSD,1689494400000,0.0001
ATOMUSD,1689523200000,0.0001
ATOMUSD,1689552000000,9.294e-05
ATOMUSD,1689580800000,0.0001
ATOMUSD,1689609600000,0.0001
ATOMUSD,1689638400000,0.0001
ATOMUSD,1689667200000,0.0001
ATOMUSD,1689696000000,6.803e-05
ATOMUSD,1689724800000,6.631e-05
ATOMUSD,1689753600000,0.0001
ATOMUSD,1689782400001,0.0001
ATOMUSD,1689811200000,3.573e-05
ATOMUSD,1689840000000,0.0001
ATOMUSD,1689868800000,5.952e-05
ATOMUSD,1689897600001,1.826e-05
ATOMUSD,1689926400000,0.0001
ATOMUSD,1689955200000,0.0001
ATOMUSD,1689984000000,8.105e-05
ATOMUSD,1690012800000,0.0001
ATOMUSD,1690041600000,-3.898e-05
ATOMUSD,1690070400000,3.145e-05
ATOMUSD,1690099200000,4.739e-05
ATOMUSD,1690128000000,3e-06
ATOMUSD,1690156800000,-6.143e-05
ATOMUSD,1690185600000,-0.00015939
ATOMUSD,1690214400000,-8.273e-05
ATOMUSD,1690243200000,-3.25e-06
ATOMUSD,1690272000000,4.945e-05
ATOMUSD,1690300800000,-9.267e-05
ATOMUSD,1690329600000,3.017e-05
ATOMUSD,1690358400001,2.023e-05
ATOMUSD,1690387200000,-8.468e-05
ATOMUSD,1690416000000,-0.0001208
ATOMUSD,1690444800000,2.957e-05
ATOMUSD,1690473600001,4.145e-05
ATOMUSD,1690502400000,3.344e-05
ATOMUSD,1690531200000,-7.073e-05
ATOMUSD,1690560000000,-5.233e-05
ATOMUSD,1690588800000,4.055e-05
ATOMUSD,1690617600000,0.0001
ATOMUSD,1690646400001,0.0001
ATOMUSD,1690675200000,0.0001
ATOMUSD,1690704000000,0.0001
ATOMUSD,1690732800000,-1.731e-05
ATOMUSD,1690761600000,4.932e-05
ATOMUSD,1690790400000,0.0001
ATOMUSD,1690819200001,0.0001
ATOMUSD,1690848000000,-0.00011756
ATOMUSD,1690876800000,-7.939e-05
ATOMUSD,1690905600000,6.679e-05
ATOMUSD,1690934400000,-3.397e-05
ATOMUSD,1690963200000,0.0001
ATOMUSD,1690992000000,3.456e-05
ATOMUSD,1691020800000,5.053e-05
ATOMUSD,1691049600000,-6.298e-05
ATOMUSD,1691078400001,-4.275e-05
ATOMUSD,1691107200000,-0.00010386
ATOMUSD,1691136000000,-0.00015688
ATOMUSD,1691164800000,-4.38e-05
ATOMUSD,1691193600000,7.18e-05
ATOMUSD,1691222400000,3.783e-05
ATOMUSD,1691251200001,2.11e-05
ATOMUSD,1691280000000,-4.74e-05
ATOMUSD,1691308800001,6.721e-05
ATOMUSD,1691337600005,8.754e-05
ATOMUSD,1691366400000,-0.0001537
ATOMUSD,1691395200000,8.527e-05
ATOMUSD,1691424000000,0.0001
ATOMUSD,1691452800000,-1.807e-05
ATOMUSD,1691481600000,8.37e-06
ATOMUSD,1691510400000,0.0001
ATOMUSD,1691539200000,5.156e-05
ATOMUSD,1691568000000,0.0001
ATOMUSD,1691596800000,8.782e-05
ATOMUSD,1691625600001,0.0001
ATOMUSD,1691654400000,8.553e-05
ATOMUSD,1691683200000,0.0001
ATOMUSD,1691712000000,-0.00010216
ATOMUSD,1691740800000,-8.707e-05
ATOMUSD,1691769600000,3.56e-05
ATOMUSD,1691798400000,-5.93e-06
ATOMUSD,1691827200000,2.242e-05
ATOMUSD,1691856000000,0.0001
ATOMUSD,1691884800000,0.0001
ATOMUSD,1691913600000,6.794e-05
ATOMUSD,1691942400000,5.194e-05
ATOMUSD,1691971200001,1.297e-05
ATOMUSD,1692000000000,0.0001
ATOMUSD,1692028800000,2.135e-05
ATOMUSD,1692057600001,0.0001
ATOMUSD,1692086400000,0.0001
ATOMUSD,1692115200000,0.0001
ATOMUSD,1692144000000,-0.00032112
ATOMUSD,1692172800001,-0.00020684
ATOMUSD,1692201600000,-0.00010633
ATOMUSD,1692230400000,-8.432e-05
ATOMUSD,1692259200000,-1.918e-05
ATOMUSD,1692288000000,-0.00117716
ATOMUSD,1692316800000,-0.00065748
ATOMUSD,1692345600000,-0.00032936
ATOMUSD,1692374400000,-3.717e-05
ATOMUSD,1692403200000,-0.00020263
ATOMUSD,1692432000000,1.31e-06
ATOMUSD,1692460800000,-8.68e-06
ATOMUSD,1692489600000,-6.024e-05
ATOMUSD,1692518400000,0.0001
ATOMUSD,1692547200000,7.53e-05
ATOMUSD,1692576000000,3.685e-05
ATOMUSD,1692604800000,-3.053e-05
ATOMUSD,1692633600000,-4.333e-05
ATOMUSD,1692662400000,3.151e-05
ATOMUSD,1692691200000,0.0001
ATOMUSD,1692720000000,-0.00019945
ATOMUSD,1692748800000,-0.00027533
ATOMUSD,1692777600000,-0.00013658
ATOMUSD,1692806400000,-9.708e-05
ATOMUSD,1692835200000,-7.628e-05
ATOMUSD,1692864000000,-0.000116
ATOMUSD,1692892800000,-0.00024367
ATOMUSD,1692921600000,-0.00029772
ATOMUSD,1692950400000,-0.00012732
ATOMUSD,1692979200000,-0.00016313
ATOMUSD,1693008000000,-5.376e-05
ATOMUSD,1693036800000,-7.557e-05
ATOMUSD,1693065600000,-7.434e-05
ATOMUSD,1693094400000,-0.00019738
ATOMUSD,1693123200000,-0.00029118
ATOMUSD,1693152000000,-0.00025267
ATOMUSD,1693180800000,-0.00011089
ATOMUSD,1693209600001,-0.00010343
ATOMUSD,1693238400001,8.611e-05
ATOMUSD,1693267200000,4.148e-05
ATOMUSD,1693296000000,-0.00011191
ATOMUSD,1693324800000,-0.00014516
ATOMUSD,1693353600000,-3.16e-05
ATOMUSD,1693382400000,5.973e-05
ATOMUSD,1693411200000,0.0001
ATOMUSD,1693440000000,-1.83e-06
ATOMUSD,1693468800000,5.558e-05
ATOMUSD,1693497600000,-3.551e-05
ATOMUSD,1693526400000,-0.00026265
ATOMUSD,1693555200000,-0.00021312
ATOMUSD,1693584000001,-5.289e-05
ATOMUSD,1693612800000,-0.00011406
ATOMUSD,1693641600000,-0.00012718
ATOMUSD,1693670400000,-0.00012754
ATOMUSD,1693699200000,2.05e-05
ATOMUSD,1693728000000,-3.723e-05
ATOMUSD,1693756800000,4.37e-06
ATOMUSD,1693785600000,6.014e-05
ATOMUSD,1693814400000,-3.218e-05
ATOMUSD,1693843200000,-1.964e-05
ATOMUSD,1693872000000,-5.207e-05
ATOMUSD,1693900800000,-2.43e-06
ATOMUSD,1693929600000,4.63e-06
ATOMUSD,1693958400000,1.951e-05
ATOMUSD,1693987200000,-3.164e-05
ATOMUSD,1694016000001,1.157e-05
ATOMUSD,1694044800000,9.195e-05
ATOMUSD,1694073600000,-4.14e-06
ATOMUSD,1694102400000,3.299e-05
ATOMUSD,1694131200000,3.338e-05
ATOMUSD,1694160000000,-0.00012405
ATOMUSD,1694188800000,-4.389e-05
ATOMUSD,1694217600000,-8.23e-05
ATOMUSD,1694246400000,-1.492e-05
ATOMUSD,1694275200000,-5.95e-06
ATOMUSD,1694304000000,-6.38e-05
ATOMUSD,1694332800000,-0.00015385
ATOMUSD,1694361600000,-3.015e-05
ATOMUSD,1694390400000,-6.642e-05
ATOMUSD,1694419200000,5.48e-05
ATOMUSD,1694448000001,5.403e-05
ATOMUSD,1694476800000,-4.802e-05
ATOMUSD,1694505600000,7.461e-05
ATOMUSD,1694534400000,-0.00019365
ATOMUSD,1694563200000,-0.0001569
ATOMUSD,1694592000000,-0.00017996
ATOMUSD,1694620800000,-4.636e-05
ATOMUSD,1694649600000,-6.418e-05
ATOMUSD,1694678400001,-0.00018065
ATOMUSD,1694707200000,-0.00014917
ATOMUSD,1694736000000,-0.00035717
ATOMUSD,1694764800000,7.15e-06
ATOMUSD,1694793600000,2.551e-05
ATOMUSD,1694822400000,6.088e-05
ATOMUSD,1694851200000,-8.686e-05
ATOMUSD,1694880000000,-0.00015169
ATOMUSD,1694908800000,-0.00012491
ATOMUSD,1694937600000,-0.00024477
ATOMUSD,1694966400000,-0.00032355
ATOMUSD,1694995200000,-0.00018023
ATOMUSD,1695024000000,-1.829e-05
ATOMUSD,1695052800000,-2.085e-05
ATOMUSD,1695081600000,-8.15e-06
ATOMUSD,1695110400001,-7.128e-05
ATOMUSD,1695139200000,-0.00013893
ATOMUSD,1695168000000,-0.00034652
ATOMUSD,1695196800000,-0.00010824
ATOMUSD,1695225600000,2.272e-05
ATOMUSD,1695254400001,-5.85e-06
ATOMUSD,1695283200000,-0.0001374
ATOMUSD,1695312000000,-0.00041951
ATOMUSD,1695340800000,-7.947e-05
ATOMUSD,1695369600000,-3.862e-05
ATOMUSD,1695398400000,-0.00016374
ATOMUSD,1695427200000,7.939e-05
ATOMUSD,1695456000000,-3.616e-05
ATOMUSD,1695484800000,2.74e-06
ATOMUSD,1695513600000,-3.611e-05
ATOMUSD,1695542400000,3.02e-06
ATOMUSD,1695571200000,-8.061e-05
ATOMUSD,1695600000000,-6.214e-05
ATOMUSD,1695628800000,5.358e-05
ATOMUSD,1695657600000,0.0001
ATOMUSD,1695686400000,4.732e-05
ATOMUSD,1695715200000,-4.276e-05
ATOMUSD,1695744000000,-2.596e-05
ATOMUSD,1695772800000,1.401e-05
ATOMUSD,1695801600001,-3.04e-06
ATOMUSD,1695830400000,-7.008e-05
ATOMUSD,1695859200000,-0.00018751
ATOMUSD,1695888000000,-3.769e-05
ATOMUSD,1695916800000,-2.671e-05
ATOMUSD,1695945600000,-0.00012673
ATOMUSD,1695974400000,-9.232e-05
ATOMUSD,1696003200000,-7.286e-05
ATOMUSD,1696032000000,3.095e-05
ATOMUSD,1696060800000,5.973e-05
ATOMUSD,1696089600000,9.546e-05
ATOMUSD,1696118400000,3.655e-05
ATOMUSD,1696147200000,5.142e-05
ATOMUSD,1696176000000,1.697e-05
ATOMUSD,1696204800000,6.136e-05
ATOMUSD,1696233600000,-1.405e-05
ATOMUSD,1696262400000,9.071e-05
ATOMUSD,1696291200000,5.108e-05
ATOMUSD,1696320000000,-3.111e-05
ATOMUSD,1696348800000,-3.248e-05
ATOMUSD,1696377600000,8.136e-05
ATOMUSD,1696406400000,-4.28e-06
ATOMUSD,1696435200000,-0.00019302
ATOMUSD,1696464000000,-0.00021772
ATOMUSD,1696492800000,-0.0001969
ATOMUSD,1696521600001,-0.00018928
ATOMUSD,1696550400000,-0.00016439
ATOMUSD,1696579200000,-0.00018928
ATOMUSD,1696608000000,-0.00017305
ATOMUSD,1696636800000,-0.00018289
ATOMUSD,1696665600000,-0.00012218
ATOMUSD,1696694400000,-0.00021686
ATOMUSD,1696723200000,-0.00015284
ATOMUSD,1696752000001,-0.00019046
ATOMUSD,1696780800000,-0.00015717
ATOMUSD,1696809600000,-0.00025472
ATOMUSD,1696838400000,-9.102e-05
ATOMUSD,1696867200000,-0.00031141
ATOMUSD,1696896000000,-0.00054138
ATOMUSD,1696924800000,-0.00023921
ATOMUSD,1696953600000,-5.444e-05
ATOMUSD,1696982400000,-0.00029603
ATOMUSD,1697011200000,-0.00038215
ATOMUSD,1697040000000,-0.00043362
ATOMUSD,1697068800000,-0.00014016
ATOMUSD,1697097600000,-0.00020467
ATOMUSD,1697126400000,1.268e-05
ATOMUSD,1697155200000,-0.00018899
ATOMUSD,1697184000000,-0.00014971
ATOMUSD,1697212800000,-8.487e-05
ATOMUSD,1697241600000,-7.935e-05
ATOMUSD,1697270400000,-2.738e-05
ATOMUSD,1697299200000,-8.158e-05
ATOMUSD,1697328000000,-2.572e-05
ATOMUSD,1697356800000,0.0001
ATOMUSD,1697385600000,4.972e-05
ATOMUSD,1697414400000,-1.97e-06
ATOMUSD,1697443200000,-5.838e-05
ATOMUSD,1697472000000,-0.00018785
ATOMUSD,1697500800000,-0.00020277
ATOMUSD,1697529600000,-0.00014349
ATOMUSD,1697558400000,-3.505e-05
ATOMUSD,1697587200000,-6.616e-05
ATOMUSD,1697616000000,6.14e-05
ATOMUSD,1697644800000,4.011e-05
ATOMUSD,1697673600000,5.632e-05
ATOMUSD,1697702400001,3.478e-05
ATOMUSD,1697731200000,1.536e-05
ATOMUSD,1697760000000,6.467e-05
ATOMUSD,1697788800005,1.97e-05
ATOMUSD,1697817600000,-1.626e-05
ATOMUSD,1697846400000,5.506e-05
ATOMUSD,1697875200000,0.0001
ATOMUSD,1697904000000,5.434e-05
ATOMUSD,1697932800000,2.61e-05
ATOMUSD,1697961600000,3.217e-05
ATOMUSD,1697990400000,1.49e-06
ATOMUSD,1698019200000,6.608e-05
ATOMUSD,1698048000001,-1.62e-06
ATOMUSD,1698076800001,1.162e-05
ATOMUSD,1698105600000,8.03e-05
ATOMUSD,1698134400000,0.0001
ATOMUSD,1698163200000,0.0001
ATOMUSD,1698192000000,0.0001
ATOMUSD,1698220800000,0.0001
ATOMUSD,1698249600001,0.0001
ATOMUSD,1698278400001,6.683e-05
ATOMUSD,1698307200000,0.0001
ATOMUSD,1698336000000,0.0001
ATOMUSD,1698364800000,0.0001
ATOMUSD,1698393600000,0.0001
ATOMUSD,1698422400000,0.0001
ATOMUSD,1698451200000,0.0001
ATOMUSD,1698480000001,0.0001
ATOMUSD,1698508800000,0.0001
ATOMUSD,1698537600000,0.0001
ATOMUSD,1698566400000,0.0001
ATOMUSD,1698595200000,0.0001
ATOMUSD,1698624000000,0.0001
ATOMUSD,1698652800000,0.0001
ATOMUSD,1698681600000,-9.286e-05
ATOMUSD,1698710400001,-0.0004917
ATOMUSD,1698739200000,0.0001
ATOMUSD,1698768000000,-0.00029737
ATOMUSD,1698796800000,6.2e-06
ATOMUSD,1698825600000,0.0001
ATOMUSD,1698854400000,0.0001
ATOMUSD,1698883200001,0.0001
ATOMUSD,1698912000000,0.0001
ATOMUSD,1698940800000,0.0001
ATOMUSD,1698969600000,0.0001
ATOMUSD,1698998400000,0.0001
ATOMUSD,1699027200000,0.0001
ATOMUSD,1699056000000,0.0001
ATOMUSD,1699084800000,0.0001
ATOMUSD,1699113600000,0.0001
ATOMUSD,1699142400000,0.0001
ATOMUSD,1699171200000,0.0001
ATOMUSD,1699200000000,0.0001
ATOMUSD,1699228800000,0.0001
ATOMUSD,1699257600001,0.0001
ATOMUSD,1699286400000,0.0001
ATOMUSD,1699315200001,0.0001
ATOMUSD,1699344000000,0.0001
ATOMUSD,1699372800000,0.0001
ATOMUSD,1699401600000,0.0001
ATOMUSD,1699430400000,0.0001
ATOMUSD,1699459200000,0.0001
ATOMUSD,1699488000000,0.0001
ATOMUSD,1699516800000,0.0001
ATOMUSD,1699545600000,0.0001
ATOMUSD,1699574400000,-0.000316
ATOMUSD,1699603200000,8.702e-05
ATOMUSD,1699632000000,0.0001
ATOMUSD,1699660800000,0.0001
ATOMUSD,1699689600000,0.0001
ATOMUSD,1699718400000,4.703e-05
ATOMUSD,1699747200000,0.0001
ATOMUSD,1699776000000,0.0001
ATOMUSD,1699804800001,0.0001
ATOMUSD,1699833600000,0.0001
ATOMUSD,1699862400000,4.911e-05
ATOMUSD,1699891200000,0.0001
ATOMUSD,1699920000000,0.0001
ATOMUSD,1699948800000,0.0001
ATOMUSD,1699977600001,6.313e-05
ATOMUSD,1700006400000,0.0001
ATOMUSD,1700035200000,0.0001
ATOMUSD,1700064000000,0.0001
ATOMUSD,1700092800000,0.0001
ATOMUSD,1700121600000,0.0001
ATOMUSD,1700150400001,0.0001
ATOMUSD,1700179200000,0.0001
ATOMUSD,1700208000001,0.0001
ATOMUSD,1700236800001,0.0001
ATOMUSD,1700265600000,7.263e-05
ATOMUSD,1700294400000,0.0001
ATOMUSD,1700323200000,0.0001
ATOMUSD,1700352000000,0.0001
ATOMUSD,1700380800000,0.0001
ATOMUSD,1700409600000,0.0001
ATOMUSD,1700438400000,0.0001
ATOMUSD,1700467200000,0.0001
ATOMUSD,1700496000000,0.0001
ATOMUSD,1700524800000,0.0001
ATOMUSD,1700553600000,-0.0001796
ATOMUSD,1700582400000,0.0001
ATOMUSD,1700611200000,8.081e-05
ATOMUSD,1700640000000,-0.0002959
ATOMUSD,1700668800000,0.0001
ATOMUSD,1700697600000,-1.513e-05
ATOMUSD,1700726400000,3.016e-05
ATOMUSD,1700755200001,9.855e-05
ATOMUSD,1700784000000,9.56e-05
ATOMUSD,1700812800000,-0.00011408
ATOMUSD,1700841600000,0.0001
ATOMUSD,1700870400000,0.0001
ATOMUSD,1700899200000,0.0001
ATOMUSD,1700928000000,0.0001
ATOMUSD,1700956800000,0.0001
ATOMUSD,1700985600000,0.0001
ATOMUSD,1701014400000,0.0001
ATOMUSD,1701043200000,0.0001
ATOMUSD,1701072000001,0.0001
ATOMUSD,1701100800000,0.0001
ATOMUSD,1701129600000,0.0001
ATOMUSD,1701158400000,0.0001
ATOMUSD,1701187200000,0.0001
ATOMUSD,1701216000001,0.0001
ATOMUSD,1701244800000,0.0001
ATOMUSD,1701273600000,0.0001
ATOMUSD,1701302400000,-2.315e-05
ATOMUSD,1701331200000,5.268e-05
ATOMUSD,1701360000000,0.0001
ATOMUSD,1701388800000,0.0001
ATOMUSD,1701417600000,0.0001
ATOMUSD,1701446400000,-2.687e-05
ATOMUSD,1701475200000,-7.095e-05
ATOMUSD,1701504000000,7.881e-05
ATOMUSD,1701532800000,5.237e-05
ATOMUSD,1701561600000,0.0001
ATOMUSD,1701590400000,-0.00020381
ATOMUSD,1701619200000,-4.642e-05
ATOMUSD,1701648000000,0.0001
ATOMUSD,1701676800000,0.00014844
ATOMUSD,1701705600000,0.0001
ATOMUSD,1701734400000,0.0001
ATOMUSD,1701763200000,0.0001
ATOMUSD,1701792000000,0.0001
ATOMUSD,1701820800000,0.0001
ATOMUSD,1701849600000,0.0001
ATOMUSD,1701878400000,0.0001
ATOMUSD,1701907200000,0.0001
ATOMUSD,1701936000000,0.0001
ATOMUSD,1701964800000,0.0001
ATOMUSD,1701993600000,0.00023529
ATOMUSD,1702022400000,0.0002058
ATOMUSD,1702051200000,0.0001
ATOMUSD,1702080000000,0.00026101
ATOMUSD,1702108800000,0.0001
ATOMUSD,1702137600000,0.00014252
ATOMUSD,1702166400000,0.0001
ATOMUSD,1702195200000,0.0001
ATOMUSD,1702224000000,0.0001
ATOMUSD,1702252800000,0.0001
ATOMUSD,1702281600000,0.0001
ATOMUSD,1702310400000,0.0001
ATOMUSD,1702339200000,0.0001
ATOMUSD,1702368000000,0.0001
ATOMUSD,1702396800000,-0.00025272
ATOMUSD,1702425600000,0.0001
ATOMUSD,1702454400000,0.0001
ATOMUSD,1702483200001,0.0001
ATOMUSD,1702512000000,2.62e-05
ATOMUSD,1702540800000,0.0001
ATOMUSD,1702569600000,0.0001
ATOMUSD,1702598400000,0.0001
ATOMUSD,1702627200000,0.0001
ATOMUSD,1702656000000,0.0001
ATOMUSD,1702684800000,0.0001
ATOMUSD,1702713600000,0.0001
ATOMUSD,1702742400001,0.0001
ATOMUSD,1702771200000,0.0001
ATOMUSD,1702800000000,0.0001
ATOMUSD,1702828800000,0.0001
ATOMUSD,1702857600000,0.0001
ATOMUSD,1702886400001,0.0001
ATOMUSD,1702915200000,0.0001
ATOMUSD,1702944000000,0.0001
ATOMUSD,1702972800000,0.0001
ATOMUSD,1703001600000,0.0001
ATOMUSD,1703030400000,0.0001
ATOMUSD,1703059200000,0.0001
ATOMUSD,1703088000000,0.0001
ATOMUSD,1703116800000,0.0001
ATOMUSD,1703145600000,0.00026917
ATOMUSD,1703174400000,0.00010437
ATOMUSD,1703203200000,0.00021187
ATOMUSD,1703232000000,0.00025577
ATOMUSD,1703260800000,0.00045473
ATOMUSD,1703289600000,0.00037779
ATOMUSD,1703318400001,0.00037278
ATOMUSD,1703347200000,0.00026687
ATOMUSD,1703376000000,0.00034492
ATOMUSD,1703404800000,0.00022986
ATOMUSD,1703433600000,0.00018642
ATOMUSD,1703462400000,0.0001
ATOMUSD,1703491200000,0.00031462
ATOMUSD,1703520000000,0.00039846
ATOMUSD,1703548800000,0.00055331
ATOMUSD,1703577600000,0.0002238
ATOMUSD,1703606400000,0.00037853
ATOMUSD,1703635200000,0.00019928
ATOMUSD,1703664000000,0.00033318
ATOMUSD,1703692800000,0.00047539
ATOMUSD,1703721600000,0.00040032
ATOMUSD,1703750400000,0.00080639
ATOMUSD,1703779200000,0.0005883
ATOMUSD,1703808000001,0.0004221
ATOMUSD,1703836800000,0.00059795
ATOMUSD,1703865600000,0.00051046
ATOMUSD,1703894400001,0.00036759
ATOMUSD,1703923200000,0.00042333
ATOMUSD,1703952000000,0.00035526
ATOMUSD,1703980800000,0.00029824
ATOMUSD,1704009600001,0.00047926
ATOMUSD,1704038400000,0.00039431
ATOMUSD,1704067200000,0.00039194
ATOMUSD,1704096000000,0.00034373
ATOMUSD,1704124800000,0.0003887
ATOMUSD,1704153600000,0.00053204
ATOMUSD,1704182400000,0.0004471
ATOMUSD,1704211200000,0.00044069
ATOMUSD,1704240000000,0.00025758
ATOMUSD,1704268800000,0.00033617
ATOMUSD,1704297600000,0.0001
ATOMUSD,1704326400000,5.5e-05
ATOMUSD,1704355200000,0.0001
ATOMUSD,1704384000000,0.0001
ATOMUSD,1704412800001,0.0001
ATOMUSD,1704441600000,0.0001
ATOMUSD,1704470400000,3.393e-05
ATOMUSD,1704499200000,-6.63e-06
ATOMUSD,1704528000000,-1.624e-05
ATOMUSD,1704556800000,0.0001
ATOMUSD,1704585600000,0.0001
ATOMUSD,1704614400001,0.0001
ATOMUSD,1704643200001,0.0001
ATOMUSD,1704672000000,0.0001
ATOMUSD,1704700800000,9.535e-05
ATOMUSD,1704729600000,-4.655e-05
ATOMUSD,1704758400001,0.0001
ATOMUSD,1704787200000,0.0001
ATOMUSD,1704816000000,0.0001
ATOMUSD,1704844800000,0.0001
ATOMUSD,1704873600000,0.0001
ATOMUSD,1704902400000,0.0001
ATOMUSD,1704931200000,0.0001
ATOMUSD,1704960000000,0.0001
ATOMUSD,1704988800000,0.0001
ATOMUSD,1705017600001,0.0001
ATOMUSD,1705046400000,0.0001
ATOMUSD,1705075200000,0.0001
ATOMUSD,1705104000000,0.0001
ATOMUSD,1705132800000,0.0001
ATOMUSD,1705161600001,0.0001
ATOMUSD,1705190400000,0.0001
ATOMUSD,1705219200000,0.0001
ATOMUSD,1705248000001,0.0001
ATOMUSD,1705276800000,0.0001
ATOMUSD,1705305600000,0.0001
ATOMUSD,1705334400000,-5.423e-05
ATOMUSD,1705363200000,0.0001
ATOMUSD,1705392000000,0.0001
ATOMUSD,1705420800001,0.0001
ATOMUSD,1705449600000,0.0001
ATOMUSD,1705478400000,0.0001
ATOMUSD,1705507200000,0.0001
ATOMUSD,1705536000001,0.0001
ATOMUSD,1705564800000,0.0001
ATOMUSD,1705593600000,0.0001
ATOMUSD,1705622400000,0.0001
ATOMUSD,1705651200000,0.0001
ATOMUSD,1705680000002,0.0001
ATOMUSD,1705708800000,0.0001
ATOMUSD,1705737600003,0.0001
ATOMUSD,1705766400000,0.0001
ATOMUSD,1705795200000,0.0001
ATOMUSD,1705824000000,0.0001
ATOMUSD,1705852800000,0.0001
ATOMUSD,1705881600000,0.0001
ATOMUSD,1705910400000,0.0001
ATOMUSD,1705939200000,0.0001
ATOMUSD,1705968000000,5.611e-05
ATOMUSD,1705996800000,0.0001
ATOMUSD,1706025600000,-0.0001278
ATOMUSD,1706054400000,-4.189e-05
ATOMUSD,1706083200000,0.0001
ATOMUSD,1706112000000,-4.735e-05
ATOMUSD,1706140800000,0.0001
ATOMUSD,1706169600001,0.0001
ATOMUSD,1706198400000,0.0001
ATOMUSD,1706227200001,0.0001
ATOMUSD,1706256000000,4.72e-05
ATOMUSD,1706284800000,-0.00018412
ATOMUSD,1706313600000,5.82e-05
ATOMUSD,1706342400000,8.785e-05
ATOMUSD,1706371200000,5.728e-05
ATOMUSD,1706400000000,5.966e-05
ATOMUSD,1706428800000,0.0001
ATOMUSD,1706457600000,6.839e-05
ATOMUSD,1706486400000,0.0001
ATOMUSD,1706515200001,0.0001
ATOMUSD,1706544000000,0.0001
ATOMUSD,1706572800000,7.524e-05
ATOMUSD,1706601600000,8.92e-05
ATOMUSD,1706630400001,8.499e-05
ATOMUSD,1706659200000,0.0001
ATOMUSD,1706688000000,0.0001
ATOMUSD,1706716800000,0.0001
ATOMUSD,1706745600000,2.044e-05
ATOMUSD,1706774400000,0.0001
ATOMUSD,1706803200002,-5.58e-06
ATOMUSD,1706832000000,8.524e-05
ATOMUSD,1706860800000,9.82e-05
ATOMUSD,1706889600000,-1.007e-05
ATOMUSD,1706918400000,0.0001
ATOMUSD,1706947200000,5.611e-05
ATOMUSD,1706976000001,3.985e-05
ATOMUSD,1707004800000,4.174e-05
ATOMUSD,1707033600004,-1.262e-05
ATOMUSD,1707062400000,1.015e-05
ATOMUSD,1707091200000,-2.805e-05
ATOMUSD,1707120000000,8.038e-05
ATOMUSD,1707148800000,5.414e-05
ATOMUSD,1707177600000,-6.512e-05
ATOMUSD,1707206400001,9.576e-05
ATOMUSD,1707235200000,0.0001
ATOMUSD,1707264000000,0.0001
ATOMUSD,1707292800000,0.0001
ATOMUSD,1707321600000,-1.064e-05
ATOMUSD,1707350400000,-8.349e-05
ATOMUSD,1707379200000,7.111e-05
ATOMUSD,1707408000000,0.0001
ATOMUSD,1707436800000,-5.236e-05
ATOMUSD,1707465600000,6.614e-05
ATOMUSD,1707494400001,7.868e-05
ATOMUSD,1707523200001,0.0001
ATOMUSD,1707552000000,0.0001
ATOMUSD,1707580800000,0.0001
ATOMUSD,1707609600000,0.0001
ATOMUSD,1707638400001,7.113e-05
ATOMUSD,1707667200000,0.0001
ATOMUSD,1707696000000,0.0001
ATOMUSD,1707724800000,0.0001
ATOMUSD,1707753600000,0.0001
ATOMUSD,1707782400000,0.0001
ATOMUSD,1707811200000,0.0001
ATOMUSD,1707840000000,0.0001
ATOMUSD,1707868800000,0.0001
ATOMUSD,1707897600000,0.0001
ATOMUSD,1707926400000,0.0001
ATOMUSD,1707955200000,0.0001
ATOMUSD,1707984000000,0.00013655
ATOMUSD,1708012800000,0.00014885
ATOMUSD,1708041600000,0.00028773
ATOMUSD,1708070400000,0.00022308
ATOMUSD,1708099200000,0.0001
ATOMUSD,1708128000000,0.0001
ATOMUSD,1708156800000,0.00011468
ATOMUSD,1708185600000,0.0001
ATOMUSD,1708214400000,0.0001
ATOMUSD,1708243200000,0.00020919
ATOMUSD,1708272000000,0.0001584
ATOMUSD,1708300800000,0.00012511
ATOMUSD,1708329600000,0.00036461
ATOMUSD,1708358400000,0.00021
ATOMUSD,1708387200000,0.00044876
ATOMUSD,1708416000000,0.00039402
ATOMUSD,1708444800000,0.00019544
ATOMUSD,1708473600000,0.00012538
ATOMUSD,1708502400000,0.0001
ATOMUSD,1708531200000,0.0001
ATOMUSD,1708560000001,0.0001
ATOMUSD,1708588800001,0.00017456
ATOMUSD,1708617600000,0.00015759
ATOMUSD,1708646400000,0.0001
ATOMUSD,1708675200000,0.0001
ATOMUSD,1708704000000,0.00012581
ATOMUSD,1708732800000,0.0001
ATOMUSD,1708761600001,0.00020118
ATOMUSD,1708790400000,0.00024956
ATOMUSD,1708819200001,0.00010578
ATOMUSD,1708848000000,0.00028923
ATOMUSD,1708876800000,0.00021472
ATOMUSD,1708905600000,0.0003482
ATOMUSD,1708934400000,0.0002881
ATOMUSD,1708963200000,0.00028298
ATOMUSD,1708992000000,0.00021282
ATOMUSD,1709020800000,0.00035343
ATOMUSD,1709049600000,0.00032291
ATOMUSD,1709078400000,0.0001
ATOMUSD,1709107200000,0.00017057
ATOMUSD,1709136000000,0.00047213
ATOMUSD,1709164800000,0.00016684
ATOMUSD,1709193600000,0.0006068
ATOMUSD,1709222400000,0.00064645
ATOMUSD,1709251200000,0.00052614
ATOMUSD,1709280000000,0.00063231
ATOMUSD,1709308800000,0.00055075
ATOMUSD,1709337600000,0.00075561
ATOMUSD,1709366400001,0.00103751
ATOMUSD,1709395200000,0.0007672
ATOMUSD,1709424000000,0.00084872
ATOMUSD,1709452800000,0.00059092
ATOMUSD,1709481600000,0.00049814
ATOMUSD,1709510400000,0.00051539
ATOMUSD,1709539200000,0.00063362
ATOMUSD,1709568000000,0.00047553
ATOMUSD,1709596800000,0.00048543
ATOMUSD,1709625600000,0.00105136
ATOMUSD,1709654400000,0.00078676
ATOMUSD,1709683200000,0.0001
ATOMUSD,1709712000001,0.00014214
ATOMUSD,1709740800000,0.00027121
ATOMUSD,1709769600000,0.00021258
ATOMUSD,1709798400000,0.00039157
ATOMUSD,1709827200000,0.00037438
ATOMUSD,1709856000000,0.00040572
ATOMUSD,1709884800000,0.00067245
ATOMUSD,1709913600000,0.00054922
ATOMUSD,1709942400000,0.00034867
ATOMUSD,1709971200001,0.00051681
ATOMUSD,1710000000000,0.00063073
ATOMUSD,1710028800000,0.00066162
ATOMUSD,1710057600000,0.00073867
ATOMUSD,1710086400000,0.00045349
ATOMUSD,1710115200000,0.00038744
ATOMUSD,1710144000000,0.00051725
ATOMUSD,1710172800000,0.00065701
ATOMUSD,1710201600000,0.00071399
ATOMUSD,1710230400000,0.00062752
ATOMUSD,1710259200000,0.0004619
ATOMUSD,1710288000000,0.00055052
ATOMUSD,1710316800001,0.0006379
ATOMUSD,1710345600000,0.00060439
ATOMUSD,1710374400001,0.00041721
ATOMUSD,1710403200000,0.00061996
ATOMUSD,1710432000000,0.00050728
ATOMUSD,1710460800000,0.0005352
ATOMUSD,1710489600000,0.00022682
ATOMUSD,1710518400000,0.00019777
ATOMUSD,1710547200000,0.00016559
ATOMUSD,1710576000000,0.00034457
ATOMUSD,1710604800000,0.00015213
ATOMUSD,1710633600000,0.0001
ATOMUSD,1710662400000,0.00010887
ATOMUSD,1710691200000,0.0001
ATOMUSD,1710720000000,0.0001
ATOMUSD,1710748800000,0.00021775
ATOMUSD,1710777600001,0.00029936
ATOMUSD,1710806400000,0.00029244
ATOMUSD,1710835200000,0.00011346
ATOMUSD,1710864000001,0.0001
ATOMUSD,1710892800000,0.00012705
ATOMUSD,1710921600004,0.0001061
ATOMUSD,1710950400000,0.00010263
ATOMUSD,1710979200000,0.0001
ATOMUSD,1711008000000,0.00014963
ATOMUSD,1711036800000,0.0001
ATOMUSD,1711065600000,0.0002975
ATOMUSD,1711094400000,0.00013458
ATOMUSD,1711123200000,0.00012327
ATOMUSD,1711152000000,0.00016594
ATOMUSD,1711180800000,0.00020096
ATOMUSD,1711209600000,0.00013492
ATOMUSD,1711238400000,0.0001
ATOMUSD,1711267200000,0.00013885
ATOMUSD,1711296000000,0.00012713
ATOMUSD,1711324800000,0.0001
ATOMUSD,1711353600001,0.0001
ATOMUSD,1711382400000,0.0001
ATOMUSD,1711411200000,0.0001
ATOMUSD,1711440000000,0.00022261
ATOMUSD,1711468800000,0.00024117
ATOMUSD,1711497600000,0.00028255
ATOMUSD,1711526400001,0.00032562
ATOMUSD,1711555200000,0.00033492
ATOMUSD,1711584000000,0.00029542
ATOMUSD,1711612800000,0.00032608
ATOMUSD,1711641600000,0.00028031
ATOMUSD,1711670400000,0.00040232
ATOMUSD,1711699200000,0.00036545
ATOMUSD,1711728000000,0.00043327
ATOMUSD,1711756800000,0.00057079
ATOMUSD,1711785600000,0.00043233
ATOMUSD,1711814400000,0.00046027
ATOMUSD,1711843200000,0.0003831
ATOMUSD,1711872000000,0.00045781
ATOMUSD,1711900800001,0.00034094
ATOMUSD,1711929600000,0.00062973
ATOMUSD,1711958400000,0.00047496
ATOMUSD,1711987200000,0.00029303
ATOMUSD,1712016000007,0.00016326
ATOMUSD,1712044800015,0.0001
ATOMUSD,1712073600000,0.00010773
ATOMUSD,1712102400000,0.00016624
ATOMUSD,1712131200000,0.00010985
ATOMUSD,1712160000000,0.0001
ATOMUSD,1712188800000,0.00010969
ATOMUSD,1712217600000,0.0001737
ATOMUSD,1712246400000,0.000196
ATOMUSD,1712275200000,0.00012465
ATOMUSD,1712304000000,0.0001104
ATOMUSD,1712332800000,0.00015048
ATOMUSD,1712361600000,0.00024724
ATOMUSD,1712390400000,0.00016634
ATOMUSD,1712419200000,0.00024456
ATOMUSD,1712448000000,0.00010953
ATOMUSD,1712476800000,0.0001
ATOMUSD,1712505600000,0.00013763
ATOMUSD,1712534400001,0.00027913
ATOMUSD,1712563200000,0.00020297
ATOMUSD,1712592000006,0.00024813
ATOMUSD,1712620800000,0.00030632
ATOMUSD,1712649600001,0.0001707
ATOMUSD,1712678400001,0.00018741
ATOMUSD,1712707200000,0.00017028
ATOMUSD,1712736000001,0.00014606
ATOMUSD,1712764800000,0.00011218
ATOMUSD,1712793600000,0.00017371
ATOMUSD,1712822400000,0.00016054
ATOMUSD,1712851200000,0.00020582
ATOMUSD,1712880000000,0.0001
ATOMUSD,1712908800001,0.0001
ATOMUSD,1712937600000,0.0001
ATOMUSD,1712966400000,0.0001
ATOMUSD,1712995200000,0.0001
ATOMUSD,1713024000001,0.0001
ATOMUSD,1713052800000,-0.00065396
ATOMUSD,1713081600000,-0.00026037
ATOMUSD,1713110400000,3.835e-05
ATOMUSD,1713139200000,-0.00025472
ATOMUSD,1713168000001,-0.00029796
ATOMUSD,1713196800000,-8.066e-05
ATOMUSD,1713225600001,2.543e-05
ATOMUSD,1713254400000,0.0001
ATOMUSD,1713283200000,-6.411e-05
ATOMUSD,1713312000000,5.312e-05
ATOMUSD,1713340800000,1.216e-05
ATOMUSD,1713369600000,-6.572e-05
ATOMUSD,1713398400000,8.84e-06
ATOMUSD,1713427200000,0.0001
ATOMUSD,1713456000000,3.705e-05
ATOMUSD,1713484800001,-8.84e-06
ATOMUSD,1713513600000,-4.28e-05
ATOMUSD,1713542400000,9.082e-05
ATOMUSD,1713571200000,0.0001
ATOMUSD,1713600000000,-6.774e-05
ATOMUSD,1713628800000,-5.972e-05
ATOMUSD,1713657600000,-0.00014628
ATOMUSD,1713686400000,7.25e-05
ATOMUSD,1713715200000,-0.0001309
ATOMUSD,1713744000000,-9.568e-05
ATOMUSD,1713772800000,-0.00012125
ATOMUSD,1713801600000,-0.00014117
ATOMUSD,1713830400000,-0.00012056
ATOMUSD,1713859200000,-0.00020044
ATOMUSD,1713888000001,-1.968e-05
ATOMUSD,1713916800000,-0.00013243
ATOMUSD,1713945600000,5.825e-05
ATOMUSD,1713974400000,0.0001
ATOMUSD,1714003200000,0.0001
ATOMUSD,1714032000000,0.0001
ATOMUSD,1714060800010,0.0001
ATOMUSD,1714089600001,8.9e-05
ATOMUSD,1714118400000,0.0001
ATOMUSD,1714147200000,-1.694e-05
ATOMUSD,1714176000000,7.813e-05
ATOMUSD,1714204800001,-4.864e-05
ATOMUSD,1714233600000,5.005e-05
ATOMUSD,1714262400000,-1.491e-05
ATOMUSD,1714291200000,-7.461e-05
ATOMUSD,1714320000000,-4.12e-06
ATOMUSD,1714348800000,3.272e-05
ATOMUSD,1714377600000,0.0001
ATOMUSD,1714406400000,2.42e-06
ATOMUSD,1714435200000,-1.881e-05
ATOMUSD,1714464000000,-7.62e-06
ATOMUSD,1714492800000,-0.00017562
ATOMUSD,1714521600000,-0.00047235
ATOMUSD,1714550400000,-0.00041152
ATOMUSD,1714579200000,-0.00017574
ATOMUSD,1714608000000,-0.00021408
ATOMUSD,1714636800000,-1.184e-05
ATOMUSD,1714665600002,-0.00029648
ATOMUSD,1714694400000,-0.0002286
ATOMUSD,1714723200000,-0.00035244
ATOMUSD,1714752000000,-0.00026572
ATOMUSD,1714780800000,-0.00025176
ATOMUSD,1714809600000,-8.759e-05
ATOMUSD,1714838400000,-0.00012417
ATOMUSD,1714867200000,-5.191e-05
ATOMUSD,1714896000000,5.864e-05
ATOMUSD,1714924800000,9.348e-05
ATOMUSD,1714953600000,0.0001
ATOMUSD,1714982400000,2.107e-05
ATOMUSD,1715011200000,0.0001
ATOMUSD,1715040000000,0.0001
ATOMUSD,1715068800000,0.0001
ATOMUSD,1715097600000,0.0001
ATOMUSD,1715126400000,0.0001
ATOMUSD,1715155200000,0.0001
ATOMUSD,1715184000000,0.0001
ATOMUSD,1715212800000,0.0001
ATOMUSD,1715241600000,0.0001
ATOMUSD,1715270400000,0.0001
ATOMUSD,1715299200000,0.0001
ATOMUSD,1715328000000,0.0001
ATOMUSD,1715356800000,0.0001
ATOMUSD,1715385600000,0.0001
ATOMUSD,1715414400000,0.0001
ATOMUSD,1715443200000,0.0001
ATOMUSD,1715472000000,0.0001
ATOMUSD,1715500800000,4.722e-05
ATOMUSD,1715529600000,6.583e-05
ATOMUSD,1715558400001,8.056e-05
ATOMUSD,1715587200001,0.0001
ATOMUSD,1715616000000,0.0001
ATOMUSD,1715644800000,7.684e-05
ATOMUSD,1715673600000,8.004e-05
ATOMUSD,1715702400000,9.316e-05
ATOMUSD,1715731200000,7.808e-05
ATOMUSD,1715760000000,-5.54e-06
ATOMUSD,1715788800000,0.0001
ATOMUSD,1715817600004,0.0001
ATOMUSD,1715846400000,0.0001
ATOMUSD,1715875200000,0.0001
ATOMUSD,1715904000000,0.0001
ATOMUSD,1715932800000,0.0001
ATOMUSD,1715961600000,8.573e-05
ATOMUSD,1715990400000,0.0001
ATOMUSD,1716019200000,0.0001
ATOMUSD,1716048000000,0.0001
ATOMUSD,1716076800000,0.0001
ATOMUSD,1716105600000,0.0001
ATOMUSD,1716134400000,0.0001
ATOMUSD,1716163200000,0.0001
ATOMUSD,1716192000000,0.0001
ATOMUSD,1716220800003,5.1e-07
ATOMUSD,1716249600000,0.0001
ATOMUSD,1716278400001,0.0001
ATOMUSD,1716307200000,0.0001
ATOMUSD,1716336000000,0.0001
ATOMUSD,1716364800000,0.0001
ATOMUSD,1716393600000,0.0001
ATOMUSD,1716422400000,0.0001
ATOMUSD,1716451200000,0.00011386
ATOMUSD,1716480000000,0.0001
ATOMUSD,1716508800000,0.0001
ATOMUSD,1716537600000,0.0001
ATOMUSD,1716566400000,0.0001
ATOMUSD,1716595200000,0.0001
ATOMUSD,1716624000000,0.0001
ATOMUSD,1716652800000,0.0001
ATOMUSD,1716681600000,0.0001
ATOMUSD,1716710400000,0.0001
ATOMUSD,1716739200000,0.0001
ATOMUSD,1716768000000,0.0001
ATOMUSD,1716796800000,0.0001
ATOMUSD,1716825600000,0.0001
ATOMUSD,1716854400000,0.0001
ATOMUSD,1716883200000,0.0001
ATOMUSD,1716912000000,0.0001
ATOMUSD,1716940800001,0.00013093
ATOMUSD,1716969600000,0.0001
ATOMUSD,1716998400000,0.0001
ATOMUSD,1717027200000,0.0001
ATOMUSD,1717056000000,0.0001
ATOMUSD,1717084800000,0.0001
ATOMUSD,1717113600000,0.0001
ATOMUSD,1717142400000,0.0001
ATOMUSD,1717171200000,0.0001
ATOMUSD,1717200000000,0.0001
ATOMUSD,1717228800000,0.0001
ATOMUSD,1717257600001,0.0001
ATOMUSD,1717286400000,0.0001
ATOMUSD,1717315200000,0.0001
ATOMUSD,1717344000000,0.0001
ATOMUSD,1717372800000,0.0001
ATOMUSD,1717401600000,0.0001
ATOMUSD,1717430400000,0.0001
ATOMUSD,1717459200000,0.0001
ATOMUSD,1717488000000,0.0001
ATOMUSD,1717516800000,0.0001
ATOMUSD,1717545600000,0.00010099
ATOMUSD,1717574400000,0.0001
ATOMUSD,1717603200000,0.0001
ATOMUSD,1717632000000,0.0001
ATOMUSD,1717660800008,0.00018509
ATOMUSD,1717689600000,0.0001
ATOMUSD,1717718400000,0.00014893
ATOMUSD,1717747200000,0.00018674
ATOMUSD,1717776000000,0.00011766
ATOMUSD,1717804800000,0.0001
ATOMUSD,1717833600000,7.065e-05
ATOMUSD,1717862400000,-0.00021114
ATOMUSD,1717891200000,-4.087e-05
ATOMUSD,1717920000000,1.2e-06
ATOMUSD,1717948800001,-0.00024424
ATOMUSD,1717977600000,-7.59e-06
ATOMUSD,1718006400000,0.0001
ATOMUSD,1718035200001,0.0001
ATOMUSD,1718064000001,0.0001
ATOMUSD,1718092800000,0.0001
ATOMUSD,1718121600000,0.0001
ATOMUSD,1718150400000,0.0001
ATOMUSD,1718179200000,0.0001
ATOMUSD,1718208000000,0.0001
ATOMUSD,1718236800000,0.0001
ATOMUSD,1718265600001,0.0001
ATOMUSD,1718294400000,0.0001
ATOMUSD,1718323200000,-4.818e-05
ATOMUSD,1718352000000,9.511e-05
ATOMUSD,1718380800000,-1.763e-05
ATOMUSD,1718409600000,-4.086e-05
ATOMUSD,1718438400000,-8.409e-05
ATOMUSD,1718467200000,0.0001
ATOMUSD,1718496000001,0.0001
ATOMUSD,1718524800000,8.887e-05
ATOMUSD,1718553600000,-7.073e-05
ATOMUSD,1718582400000,-0.00014727
ATOMUSD,1718611200000,5.125e-05
ATOMUSD,1718640000000,-0.00015539
ATOMUSD,1718668800000,-6.258e-05
ATOMUSD,1718697600000,-0.00021342
ATOMUSD,1718726400000,-0.00029236
ATOMUSD,1718755200001,-0.00012472
ATOMUSD,1718784000001,-0.00024862
ATOMUSD,1718812800000,-0.00010062
ATOMUSD,1718841600000,-4.189e-05
ATOMUSD,1718870400000,-0.00012584
ATOMUSD,1718899200000,6.176e-05
ATOMUSD,1718928000000,-6.851e-05
ATOMUSD,1718956800000,9.06e-05
ATOMUSD,1718985600000,4.21e-05
ATOMUSD,1719014400000,3.999e-05
ATOMUSD,1719043200000,-4.784e-05
ATOMUSD,1719072000000,4.669e-05
ATOMUSD,1719100800000,-7.555e-05
ATOMUSD,1719129600000,-0.00014817
ATOMUSD,1719158400000,8.605e-05
ATOMUSD,1719187200002,6.313e-05
ATOMUSD,1719216000000,0.0001
ATOMUSD,1719244800000,2.759e-05
ATOMUSD,1719273600000,-0.00014024
ATOMUSD,1719302400000,-0.00013897
ATOMUSD,1719331200000,8.25e-05
ATOMUSD,1719360000002,-9.864e-05
ATOMUSD,1719388800000,8.295e-05
ATOMUSD,1719417600000,8.262e-05
ATOMUSD,1719446400000,-8.1e-07
ATOMUSD,1719475200001,8.224e-05
ATOMUSD,1719504000000,0.0001
ATOMUSD,1719532800000,0.0001
ATOMUSD,1719561600000,0.0001
ATOMUSD,1719590400000,0.0001
ATOMUSD,1719619200001,0.0001
ATOMUSD,1719648000000,0.0001
ATOMUSD,1719676800000,4.643e-05
ATOMUSD,1719705600000,-0.00011173
ATOMUSD,1719734400000,-6.509e-05
ATOMUSD,1719763200000,-0.00010041
ATOMUSD,1719792000000,-6.697e-05
ATOMUSD,1719820800000,2.201e-05
ATOMUSD,1719849600001,5.347e-05
ATOMUSD,1719878400000,0.0001
ATOMUSD,1719907200000,0.0001
ATOMUSD,1719936000000,0.0001
ATOMUSD,1719964800000,0.0001
ATOMUSD,1719993600001,0.0001
ATOMUSD,1720022400000,0.0001
ATOMUSD,1720051200000,0.0001
ATOMUSD,1720080000000,-6.864e-05
ATOMUSD,1720108800000,3.312e-05
ATOMUSD,1720137600000,1.065e-05
ATOMUSD,1720166400000,-0.00037133
ATOMUSD,1720195200000,-0.00050172
ATOMUSD,1720224000000,-0.00016502
ATOMUSD,1720252800000,-6.929e-05
ATOMUSD,1720281600000,-0.00022172
ATOMUSD,1720310400001,-0.00026835
ATOMUSD,1720339200000,2.78e-05
ATOMUSD,1720368000000,-6.575e-05
ATOMUSD,1720396800000,-5.461e-05
ATOMUSD,1720425600000,2.773e-05
ATOMUSD,1720454400000,9.68e-06
ATOMUSD,1720483200000,-0.00010841
ATOMUSD,1720512000001,-0.0003276
ATOMUSD,1720540800000,-0.00025915
ATOMUSD,1720569600000,-0.000107
ATOMUSD,1720598400000,-0.00014534
ATOMUSD,1720627200000,0.0001
ATOMUSD,1720656000002,0.0001
ATOMUSD,1720684800002,8.552e-05
ATOMUSD,1720713600004,0.0001
ATOMUSD,1720742400000,0.0001
ATOMUSD,1720771200000,0.0001
ATOMUSD,1720800000000,8.557e-05
ATOMUSD,1720828800000,0.0001
ATOMUSD,1720857600000,0.0001
ATOMUSD,1720886400000,0.0001
ATOMUSD,1720915200000,5.968e-05
ATOMUSD,1720944000000,0.0001
ATOMUSD,1720972800000,6.644e-05
ATOMUSD,1721001600000,-5.962e-05
ATOMUSD,1721030400000,2.021e-05
ATOMUSD,1721059200000,-6.15e-05
ATOMUSD,1721088000000,9.577e-05
ATOMUSD,1721116800000,0.0001
ATOMUSD,1721145600000,0.0001
ATOMUSD,1721174400000,0.0001
ATOMUSD,1721203200001,0.0001
ATOMUSD,1721232000000,0.0001
ATOMUSD,1721260800000,0.0001
ATOMUSD,1721289600000,0.0001
ATOMUSD,1721318400000,0.0001
ATOMUSD,1721347200000,6.368e-05
ATOMUSD,1721376000000,0.0001
ATOMUSD,1721404800000,0.0001
ATOMUSD,1721433600001,0.0001
ATOMUSD,1721462400000,0.0001
ATOMUSD,1721491200000,0.0001
ATOMUSD,1721520000000,0.0001
ATOMUSD,1721548800000,0.0001
ATOMUSD,1721577600000,0.0001
ATOMUSD,1721606400000,0.0001
ATOMUSD,1721635200000,0.0001
ATOMUSD,1721664000000,0.0001
ATOMUSD,1721692800000,0.0001
ATOMUSD,1721721600000,6.842e-05
ATOMUSD,1721750400000,0.0001
ATOMUSD,1721779200000,4.588e-05
ATOMUSD,1721808000000,0.0001
ATOMUSD,1721836800000,0.0001
ATOMUSD,1721865600000,8.714e-05
ATOMUSD,1721894400000,-5.105e-05
ATOMUSD,1721923200000,-0.00011044
ATOMUSD,1721952000000,-0.00013832
ATOMUSD,1721980800000,-0.00026215
ATOMUSD,1722009600000,6.542e-05
ATOMUSD,1722038400000,7.691e-05
ATOMUSD,1722067200000,9.994e-05
ATOMUSD,1722096000000,0.0001
ATOMUSD,1722124800000,0.0001
ATOMUSD,1722153600000,0.0001
ATOMUSD,1722182400001,0.0001
ATOMUSD,1722211200001,0.0001
ATOMUSD,1722240000000,0.0001
ATOMUSD,1722268800001,9.033e-05
ATOMUSD,1722297600000,6.877e-05
ATOMUSD,1722326400001,0.0001
ATOMUSD,1722355200000,0.0001
ATOMUSD,1722384000000,0.0001
ATOMUSD,1722412800000,0.0001
ATOMUSD,1722441600000,-8.755e-05
ATOMUSD,1722470400000,-9.002e-05
ATOMUSD,1722499200000,-0.00018278
ATOMUSD,1722528000000,-0.00024123
ATOMUSD,1722556800000,-8.281e-05
ATOMUSD,1722585600001,5.229e-05
ATOMUSD,1722614400000,-6.21e-05
ATOMUSD,1722643200000,-0.0001457
ATOMUSD,1722672000000,4.188e-05
ATOMUSD,1722700800001,-4.208e-05
ATOMUSD,1722729600000,-0.00012244
ATOMUSD,1722758400000,-0.00012934
ATOMUSD,1722787200000,-0.00017363
ATOMUSD,1722816000000,-0.00029143
ATOMUSD,1722844800000,-0.0004261
ATOMUSD,1722873600000,-0.00013271
ATOMUSD,1722902400000,3.461e-05
ATOMUSD,1722931200000,-0.00013044
ATOMUSD,1722960000000,-0.00010264
ATOMUSD,1722988800000,-0.00027087
ATOMUSD,1723017600001,-0.00015824
ATOMUSD,1723046400000,-0.00031231
ATOMUSD,1723075200001,-0.00017516
ATOMUSD,1723104000000,-0.00011103
ATOMUSD,1723132800000,5.067e-05
ATOMUSD,1723161600000,-3.566e-05
ATOMUSD,1723190400000,-0.00018095
ATOMUSD,1723219200000,-6.528e-05
ATOMUSD,1723248000000,-0.00017402
ATOMUSD,1723276800000,9.424e-05
ATOMUSD,1723305600000,2.176e-05
ATOMUSD,1723334400000,-4.832e-05
ATOMUSD,1723363200000,9.427e-05
ATOMUSD,1723392000001,-0.00026081
ATOMUSD,1723420800000,-0.0002676
ATOMUSD,1723449600000,-6.042e-05
ATOMUSD,1723478400000,-9.091e-05
ATOMUSD,1723507200000,-1.078e-05
ATOMUSD,1723536000000,8.024e-05
ATOMUSD,1723564800000,-0.00024701
ATOMUSD,1723593600000,0.0001
ATOMUSD,1723622400000,8.492e-05
ATOMUSD,1723651200000,2.63e-05
ATOMUSD,1723680000000,0.0001
ATOMUSD,1723708800000,-2.377e-05
ATOMUSD,1723737600000,-8.949e-05
ATOMUSD,1723766400000,-0.00014231
ATOMUSD,1723795200000,-0.00017914
ATOMUSD,1723824000000,-0.00012277
ATOMUSD,1723852800000,-0.00011038
ATOMUSD,1723881600000,-4.213e-05
ATOMUSD,1723910400000,-0.00019281
ATOMUSD,1723939200000,-7.635e-05
ATOMUSD,1723968000000,1.455e-05
ATOMUSD,1723996800000,-0.0002239
ATOMUSD,1724025600000,-0.00020267
ATOMUSD,1724054400000,-7.173e-05
ATOMUSD,1724083200002,-5.788e-05
ATOMUSD,1724112000000,9.04e-06
ATOMUSD,1724140800000,-4.949e-05
ATOMUSD,1724169600001,-6.758e-05
ATOMUSD,1724198400001,-3.228e-05
ATOMUSD,1724227200000,9.846e-05
ATOMUSD,1724256000001,-8.89e-06
ATOMUSD,1724284800000,8.095e-05
ATOMUSD,1724313600000,-7.299e-05
ATOMUSD,1724342400008,4.603e-05
ATOMUSD,1724371200000,0.0001
ATOMUSD,1724400000000,0.0001
ATOMUSD,1724428800000,9.139e-05
ATOMUSD,1724457600000,0.0001
ATOMUSD,1724486400005,6.543e-05
ATOMUSD,1724515200000,-8.59e-05
ATOMUSD,1724544000000,-0.00028902
ATOMUSD,1724572800000,-0.00035331
ATOMUSD,1724601600000,0.0001
ATOMUSD,1724630400000,0.0001
ATOMUSD,1724659200001,0.0001
ATOMUSD,1724688000000,8.518e-05
ATOMUSD,1724716800001,8.769e-05
ATOMUSD,1724745600000,2.214e-05
ATOMUSD,1724774400000,-2.033e-05
ATOMUSD,1724803200000,-0.00010903
ATOMUSD,1724832000000,-0.00016534
ATOMUSD,1724860800001,-6.449e-05
ATOMUSD,1724889600000,-5.594e-05
ATOMUSD,1724918400001,-0.00020058
ATOMUSD,1724947200000,-0.00014478
ATOMUSD,1724976000000,-6.782e-05
ATOMUSD,1725004800000,7.856e-05
ATOMUSD,1725033600000,-2.806e-05
ATOMUSD,1725062400000,4.537e-05
ATOMUSD,1725091200000,9.216e-05
ATOMUSD,1725120000000,6.616e-05
ATOMUSD,1725148800000,0.0001
ATOMUSD,1725177600001,-2.469e-05
ATOMUSD,1725206400000,4.225e-05
ATOMUSD,1725235200001,-0.00014858
ATOMUSD,1725264000001,-0.00012813
ATOMUSD,1725292800000,-1.258e-05
ATOMUSD,1725321600000,-6.903e-05
ATOMUSD,1725350400001,-7.801e-05
ATOMUSD,1725379200000,4.536e-05
ATOMUSD,1725408000000,0.0001
ATOMUSD,1725436800000,-0.00014008
ATOMUSD,1725465600000,-6.332e-05
ATOMUSD,1725494400000,-5.307e-05
ATOMUSD,1725523200000,-0.00010661
ATOMUSD,1725552000005,2.145e-05
ATOMUSD,1725580800000,0.0001
ATOMUSD,1725609600001,-5.88e-06
ATOMUSD,1725638400000,0.0001
ATOMUSD,1725667200000,4.102e-05
ATOMUSD,1725696000000,0.0001
ATOMUSD,1725724800000,8.501e-05
ATOMUSD,1725753600000,3.903e-05
ATOMUSD,1725782400000,0.0001
ATOMUSD,1725811200000,8.928e-05
ATOMUSD,1725840000000,0.0001
ATOMUSD,1725868800000,0.0001
ATOMUSD,1725897600001,7.25e-05
ATOMUSD,1725926400000,0.0001
ATOMUSD,1725955200000,0.0001
ATOMUSD,1725984000000,9.465e-05
ATOMUSD,1726012800000,0.0001
ATOMUSD,1726041600000,2.008e-05
ATOMUSD,1726070400000,8.939e-05
ATOMUSD,1726099200000,4.328e-05
ATOMUSD,1726128000000,1.206e-05
ATOMUSD,1726156800000,-7.9e-06
ATOMUSD,1726185600000,5.203e-05
ATOMUSD,1726214400001,1.646e-05
ATOMUSD,1726243200001,1.753e-05
ATOMUSD,1726272000000,-7.23e-06
ATOMUSD,1726300800000,4.714e-05
ATOMUSD,1726329600001,2.225e-05
ATOMUSD,1726358400000,4.923e-05
ATOMUSD,1726387200000,9.266e-05
ATOMUSD,1726416000000,-5.94e-06
ATOMUSD,1726444800000,-1.951e-05
ATOMUSD,1726473600001,-0.00013322
ATOMUSD,1726502400000,-1.821e-05
ATOMUSD,1726531200001,-7.773e-05
ATOMUSD,1726560000000,-3.618e-05
ATOMUSD,1726588800000,-5.361e-05
ATOMUSD,1726617600000,3.393e-05
ATOMUSD,1726646400000,9.709e-05
ATOMUSD,1726675200004,0.0001
ATOMUSD,1726704000000,6.956e-05
ATOMUSD,1726732800000,-1.141e-05
ATOMUSD,1726761600001,-8.398e-05
ATOMUSD,1726790400000,0.0001
ATOMUSD,1726819200001,1.02e-06
ATOMUSD,1726848000000,0.0001
ATOMUSD,1726876800001,7.521e-05
ATOMUSD,1726905600000,0.0001
ATOMUSD,1726934400000,4.014e-05
ATOMUSD,1726963200000,1.594e-05
ATOMUSD,1726992000000,0.0001
ATOMUSD,1727020800000,6.78e-05
ATOMUSD,1727049600000,2.45e-06
ATOMUSD,1727078400000,-1.868e-05
ATOMUSD,1727107200000,-0.00016542
ATOMUSD,1727136000000,2.659e-05
ATOMUSD,1727164800000,7.953e-05
ATOMUSD,1727193600001,-6.984e-05
ATOMUSD,1727222400000,7.575e-05
ATOMUSD,1727251200003,-3.71e-05
ATOMUSD,1727280000000,-8.438e-05
ATOMUSD,1727308800005,-2.746e-05
ATOMUSD,1727337600000,5.598e-05
ATOMUSD,1727366400000,-2.41e-06
ATOMUSD,1727395200000,5.666e-05
ATOMUSD,1727424000000,4.982e-05
ATOMUSD,1727452800000,4.65e-05
ATOMUSD,1727481600000,9.026e-05
ATOMUSD,1727510400001,-4.935e-05
ATOMUSD,1727539200000,0.0001
ATOMUSD,1727568000001,0.0001
ATOMUSD,1727596800000,-4.697e-05
ATOMUSD,1727625600000,0.0001
ATOMUSD,1727654400000,4.826e-05
ATOMUSD,1727683200001,0.0001
ATOMUSD,1727712000000,7.832e-05
ATOMUSD,1727740800000,0.0001
ATOMUSD,1727769600000,6.291e-05
ATOMUSD,1727798400001,-6.942e-05
ATOMUSD,1727827200000,-9.963e-05
ATOMUSD,1727856000000,-0.00010163
ATOMUSD,1727884800000,6.581e-05
ATOMUSD,1727913600000,-2.171e-05
ATOMUSD,1727942400000,-6.58e-06
ATOMUSD,1727971200000,-2.632e-05
ATOMUSD,1728000000000,7.577e-05
ATOMUSD,1728028800000,8.618e-05
ATOMUSD,1728057600001,8.92e-05
ATOMUSD,1728086400000,1.321e-05
ATOMUSD,1728115200000,0.0001
ATOMUSD,1728144000000,0.0001
ATOMUSD,1728172800000,0.0001
ATOMUSD,1728201600001,0.0001
ATOMUSD,1728230400000,0.0001
ATOMUSD,1728259200000,0.0001
ATOMUSD,1728288000000,-2.52e-06
ATOMUSD,1728316800001,0.0001
ATOMUSD,1728345600000,-8.427e-05
ATOMUSD,1728374400000,-2.912e-05
ATOMUSD,1728403200000,-5.122e-05
ATOMUSD,1728432000000,8.829e-05
ATOMUSD,1728460800000,1.993e-05
ATOMUSD,1728489600000,4.364e-05
ATOMUSD,1728518400000,0.0001
ATOMUSD,1728547200000,0.0001
ATOMUSD,1728576000000,0.0001
ATOMUSD,1728604800000,5.44e-06
ATOMUSD,1728633600000,5.874e-05
ATOMUSD,1728662400001,1.578e-05
ATOMUSD,1728691200000,-8.605e-05
ATOMUSD,1728720000001,0.0001
ATOMUSD,1728748800000,0.0001
ATOMUSD,1728777600000,6.938e-05
ATOMUSD,1728806400000,0.0001
ATOMUSD,1728835200000,0.0001
ATOMUSD,1728864000000,8.04e-06
ATOMUSD,1728892800000,0.0001
ATOMUSD,1728921600000,7.686e-05
ATOMUSD,1728950400000,0.0001
ATOMUSD,1728979200000,0.0001
ATOMUSD,1729008000000,0.0001
ATOMUSD,1729036800000,8.376e-05
ATOMUSD,1729065600001,-7.839e-05
ATOMUSD,1729094400000,0.0001
ATOMUSD,1729123200000,0.0001
ATOMUSD,1729152000000,5.475e-05
ATOMUSD,1729180800001,8.955e-05
ATOMUSD,1729209600010,-3.006e-05
ATOMUSD,1729238400001,0.0001
ATOMUSD,1729267200000,6.39e-06
ATOMUSD,1729296000000,0.0001
ATOMUSD,1729324800000,0.0001
ATOMUSD,1729353600000,0.0001
ATOMUSD,1729382400000,0.0001
ATOMUSD,1729411200000,0.0001
ATOMUSD,1729440000000,0.0001
ATOMUSD,1729468800000,0.0001
ATOMUSD,1729497600000,0.0001
ATOMUSD,1729526400000,0.0001
ATOMUSD,1729555200000,-5.559e-05
ATOMUSD,1729584000000,0.0001
ATOMUSD,1729612800000,0.0001
ATOMUSD,1729641600000,0.0001
ATOMUSD,1729670400000,0.0001
ATOMUSD,1729699200000,0.0001
ATOMUSD,1729728000000,0.0001
ATOMUSD,1729756800000,0.0001
ATOMUSD,1729785600000,0.0001
ATOMUSD,1729814400000,0.0001
ATOMUSD,1729843200000,0.0001
ATOMUSD,1729872000000,0.0001
ATOMUSD,1729900800000,0.0001
ATOMUSD,1729929600001,-0.00026895
ATOMUSD,1729958400000,2.862e-05
ATOMUSD,1729987200000,6.809e-05
ATOMUSD,1730016000000,-4.855e-05
ATOMUSD,1730044800000,2.222e-05
ATOMUSD,1730073600000,8.886e-05
ATOMUSD,1730102400001,0.0001
ATOMUSD,1730131200000,0.0001
ATOMUSD,1730160000000,0.0001
ATOMUSD,1730188800000,0.0001
ATOMUSD,1730217600004,0.0001
ATOMUSD,1730246400000,0.0001
ATOMUSD,1730275200000,0.0001
ATOMUSD,1730304000013,0.0001
ATOMUSD,1730332800000,0.0001
ATOMUSD,1730361600000,0.0001
ATOMUSD,1730390400000,0.0001
ATOMUSD,1730419200000,0.0001
ATOMUSD,1730448000000,9.64e-05
ATOMUSD,1730476800000,8.649e-05
ATOMUSD,1730505600000,0.0001
ATOMUSD,1730534400000,0.0001
ATOMUSD,1730563200000,-0.00020657
ATOMUSD,1730592000000,-0.00016224
ATOMUSD,1730620800000,-6.303e-05
ATOMUSD,1730649600000,-6.977e-05
ATOMUSD,1730678400000,-0.00017326
ATOMUSD,1730707200000,-0.00016342
ATOMUSD,1730736000000,-0.00014427
ATOMUSD,1730764800000,-0.00014305
ATOMUSD,1730793600003,-0.00013011
ATOMUSD,1730822400001,-4.951e-05
ATOMUSD,1730851200000,3.978e-05
ATOMUSD,1730880000000,0.0001
ATOMUSD,1730908800000,0.0001
ATOMUSD,1730937600000,0.0001
ATOMUSD,1730966400000,0.0001
ATOMUSD,1730995200000,0.0001
ATOMUSD,1731024000000,0.0001
ATOMUSD,1731052800000,0.0001
ATOMUSD,1731081600000,0.0001
ATOMUSD,1731110400000,0.0001
ATOMUSD,1731139200000,0.0001
ATOMUSD,1731168000000,0.0001
ATOMUSD,1731196800000,0.0001
ATOMUSD,1731225600000,0.0001
ATOMUSD,1731254400000,0.0001
ATOMUSD,1731283200001,0.0001
ATOMUSD,1731312000000,0.0001
ATOMUSD,1731340800000,0.0001
ATOMUSD,1731369600002,0.0001
ATOMUSD,1731398400000,0.0001
ATOMUSD,1731427200000,0.0001
ATOMUSD,1731456000000,0.0001
ATOMUSD,1731484800010,0.0001
ATOMUSD,1731513600000,0.0001
ATOMUSD,1731542400001,0.0001
ATOMUSD,1731571200000,0.0001
ATOMUSD,1731600000000,0.0001
ATOMUSD,1731628800000,0.0001
ATOMUSD,1731657600000,0.0001
ATOMUSD,1731686400000,0.0001
ATOMUSD,1731715200001,0.0001
ATOMUSD,1731744000001,0.0001
ATOMUSD,1731772800000,0.0001
ATOMUSD,1731801600000,0.0001
ATOMUSD,1731830400000,2.453e-05
ATOMUSD,1731859200001,0.0001
ATOMUSD,1731888000000,3.7e-06
ATOMUSD,1731916800000,4.178e-05
ATOMUSD,1731945600000,0.0001
ATOMUSD,1731974400000,2.196e-05
ATOMUSD,1732003200000,-0.00034475
ATOMUSD,1732032000000,-0.0001405
ATOMUSD,1732060800003,7.188e-05
ATOMUSD,1732089600000,-4.609e-05
ATOMUSD,1732118400000,-2.436e-05
ATOMUSD,1732147200001,-2.947e-05
ATOMUSD,1732176000000,-3.47e-06
ATOMUSD,1732204800001,0.0001
ATOMUSD,1732233600000,0.0001
ATOMUSD,1732262400000,0.0001
ATOMUSD,1732291200001,0.0001
ATOMUSD,1732320000000,0.0001
ATOMUSD,1732348800000,-5.666e-05
ATOMUSD,1732377600000,-0.00031076
ATOMUSD,1732406400001,-0.00010984
ATOMUSD,1732435200000,8.372e-05
ATOMUSD,1732464000000,0.0001
ATOMUSD,1732492800000,0.0001
ATOMUSD,1732521600000,0.0001
ATOMUSD,1732550400000,0.0001
ATOMUSD,1732579200000,0.0001
ATOMUSD,1732608000000,0.0001
ATOMUSD,1732636800000,0.0001
ATOMUSD,1732665600000,0.0001
ATOMUSD,1732694400000,0.0001
ATOMUSD,1732723200001,0.0001
ATOMUSD,1732752000000,0.0001
ATOMUSD,1732780800000,0.0001
ATOMUSD,1732809600000,0.0001
ATOMUSD,1732838400000,0.0001
ATOMUSD,1732867200000,0.0001
ATOMUSD,1732896000000,0.0001
ATOMUSD,1732924800000,0.0001503
ATOMUSD,1732953600000,0.00010281
ATOMUSD,1732982400000,0.00010272
ATOMUSD,1733011200000,0.0001
ATOMUSD,1733040000000,0.0001
ATOMUSD,1733068800000,0.00013416
ATOMUSD,1733097600001,0.00022571
ATOMUSD,1733126400001,0.0001
ATOMUSD,1733155200000,0.0001
ATOMUSD,1733184000000,0.00013656
ATOMUSD,1733212800000,0.0003044
ATOMUSD,1733241600000,0.0001
ATOMUSD,1733270400000,0.00010764
ATOMUSD,1733299200000,0.00029199
ATOMUSD,1733328000000,0.00021004
ATOMUSD,1733356800001,0.0001
ATOMUSD,1733385600000,0.00036129
ATOMUSD,1733414400000,0.00033642
ATOMUSD,1733443200000,0.0001
ATOMUSD,1733472000000,0.00020204
ATOMUSD,1733500800000,0.0001
ATOMUSD,1733529600000,0.00022177
ATOMUSD,1733558400000,0.00019315
ATOMUSD,1733587200000,0.00019847
ATOMUSD,1733616000000,0.00022453
ATOMUSD,1733644800000,0.0001
ATOMUSD,1733673600000,0.00017527
ATOMUSD,1733702400000,0.00012555
ATOMUSD,1733731200000,0.0001
ATOMUSD,1733760000001,0.0001
ATOMUSD,1733788800007,0.0001
ATOMUSD,1733817600000,0.0001
ATOMUSD,1733846400000,0.0001
ATOMUSD,1733875200000,0.0001
ATOMUSD,1733904000000,0.0001
ATOMUSD,1733932800001,0.0001
ATOMUSD,1733961600001,2.92e-05
ATOMUSD,1733990400000,0.0001
ATOMUSD,1734019200001,0.0001
ATOMUSD,1734048000000,0.0001
ATOMUSD,1734076800000,0.0001
ATOMUSD,1734105600001,6.256e-05
ATOMUSD,1734134400000,9.116e-05
ATOMUSD,1734163200000,-5.443e-05
ATOMUSD,1734192000000,0.0001
ATOMUSD,1734220800000,0.0001
ATOMUSD,1734249600000,-7.672e-05
ATOMUSD,1734278400000,0.0001
ATOMUSD,1734307200000,0.0001
ATOMUSD,1734336000001,0.0001
ATOMUSD,1734364800000,0.0001
ATOMUSD,1734393600000,0.0001
ATOMUSD,1734422400000,0.0001
ATOMUSD,1734451200000,0.0001
ATOMUSD,1734480000000,0.0001
ATOMUSD,1734508800000,0.0001
ATOMUSD,1734537600000,0.0001
ATOMUSD,1734566400000,-1.612e-05
ATOMUSD,1734595200000,-0.0001765
ATOMUSD,1734624000000,-0.00022799
ATOMUSD,1734652800000,-0.00028586
ATOMUSD,1734681600001,-1.386e-05
ATOMUSD,1734710400014,-0.00021107
ATOMUSD,1734739200000,0.0001
ATOMUSD,1734768000000,0.0001
ATOMUSD,1734796800001,0.0001
ATOMUSD,1734825600000,2.99e-05
ATOMUSD,1734854400000,8.231e-05
ATOMUSD,1734883200000,-0.0001037
ATOMUSD,1734912000000,-1.812e-05
ATOMUSD,1734940800000,4.853e-05
ATOMUSD,1734969600001,-6.778e-05
ATOMUSD,1734998400000,-1.973e-05
ATOMUSD,1735027200000,-7.48e-06
ATOMUSD,1735056000001,2.34e-06
ATOMUSD,1735084800001,8.48e-05
ATOMUSD,1735113600000,-0.00010604
ATOMUSD,1735142400000,-0.0001585
ATOMUSD,1735171200000,-0.00011308
ATOMUSD,1735200000000,-4.371e-05
ATOMUSD,1735228800000,-3.739e-05
ATOMUSD,1735257600000,4.818e-05
ATOMUSD,1735286400000,-5.684e-05
ATOMUSD,1735315200000,-0.0001194
ATOMUSD,1735344000001,-0.00012149
ATOMUSD,1735372800000,-0.00015908
ATOMUSD,1735401600000,-0.00011897
ATOMUSD,1735430400000,5.603e-05
ATOMUSD,1735459200000,0.0001
ATOMUSD,1735488000000,8.831e-05
ATOMUSD,1735516800000,-9.887e-05
ATOMUSD,1735545600001,-6.88e-06
ATOMUSD,1735574400000,-3.722e-05
ATOMUSD,1735603200000,7.425e-05
ATOMUSD,1735632000000,5.704e-05
ATOMUSD,1735660800000,0.0001
ATOMUSD,1735689600015,0.0001
ATOMUSD,1735718400000,-3.892e-05
ATOMUSD,1735747200001,3.709e-05
ATOMUSD,1735776000000,0.0001
ATOMUSD,1735804800006,0.0001
ATOMUSD,1735833600000,0.0001
ATOMUSD,1735862400000,0.0001
ATOMUSD,1735891200000,0.0001
ATOMUSD,1735920000000,0.0001
ATOMUSD,1735948800000,4.33e-05
ATOMUSD,1735977600000,0.0001
ATOMUSD,1736006400000,1.014e-05
ATOMUSD,1736035200000,8.853e-05
ATOMUSD,1736064000000,0.0001
ATOMUSD,1736092800000,0.0001
ATOMUSD,1736121600000,0.0001
ATOMUSD,1736150400001,-0.00021821
ATOMUSD,1736179200000,4.237e-05
ATOMUSD,1736208000000,1.749e-05
ATOMUSD,1736236800000,-1.31e-05
ATOMUSD,1736265600008,2.158e-05
ATOMUSD,1736294400001,0.0001
ATOMUSD,1736323200000,0.0001
ATOMUSD,1736352000000,-0.00012828
ATOMUSD,1736380800000,-0.00015755
ATOMUSD,1736409600000,-0.00017105
ATOMUSD,1736438400000,8.414e-05
ATOMUSD,1736467200000,1.691e-05
ATOMUSD,1736496000000,1.631e-05
ATOMUSD,1736524800000,0.0001
ATOMUSD,1736553600000,5.397e-05
ATOMUSD,1736582400000,-5.64e-06
ATOMUSD,1736611200000,-4e-08
ATOMUSD,1736640000000,9.867e-05
ATOMUSD,1736668800000,-4.003e-05
ATOMUSD,1736697600000,4.36e-06
ATOMUSD,1736726400000,-0.00011166
ATOMUSD,1736755200000,-0.0001124
ATOMUSD,1736784000000,-0.00012567
ATOMUSD,1736812800000,-0.0001221
ATOMUSD,1736841600000,2.617e-05
ATOMUSD,1736870400000,-0.00017345
ATOMUSD,1736899200000,-0.00011915
ATOMUSD,1736928000000,1.649e-05
ATOMUSD,1736956800000,0.0001
ATOMUSD,1736985600000,0.0001
ATOMUSD,1737014400000,0.0001
ATOMUSD,1737043200000,0.0001
ATOMUSD,1737072000004,0.0001
ATOMUSD,1737100800000,0.0001
ATOMUSD,1737129600008,-1.619e-05
ATOMUSD,1737158400000,0.0001
ATOMUSD,1737187200007,7.268e-05
ATOMUSD,1737216000000,6.1e-06
ATOMUSD,1737244800000,3.4e-06
ATOMUSD,1737273600000,-1.837e-05
ATOMUSD,1737302400000,0.0001
ATOMUSD,1737331200000,0.0001
ATOMUSD,1737360000009,-3.935e-05
ATOMUSD,1737388800000,0.0001
ATOMUSD,1737417600000,0.0001
ATOMUSD,1737446400000,0.0001
ATOMUSD,1737475200000,0.0001
ATOMUSD,1737504000000,0.0001
ATOMUSD,1737532800000,0.0001
ATOMUSD,1737561600000,0.0001
ATOMUSD,1737590400001,0.0001
ATOMUSD,1737619200000,5.956e-05
ATOMUSD,1737648000000,-6.57e-05
ATOMUSD,1737676800000,2.497e-05
ATOMUSD,1737705600000,0.0001
ATOMUSD,1737734400000,0.0001
ATOMUSD,1737763200000,0.0001
ATOMUSD,1737792000000,4.017e-05
ATOMUSD,1737820800001,7.978e-05
ATOMUSD,1737849600000,0.0001
ATOMUSD,1737878400000,0.0001
ATOMUSD,1737907200000,-3.879e-05
ATOMUSD,1737936000000,-0.00010581
ATOMUSD,1737964800000,-0.00012625
ATOMUSD,1737993600000,-0.00021083
ATOMUSD,1738022400000,2.371e-05
ATOMUSD,1738051200000,-2.397e-05
ATOMUSD,1738080000000,6.157e-05
ATOMUSD,1738108800000,-1.475e-05
ATOMUSD,1738137600000,8.704e-05
ATOMUSD,1738166400000,-6.017e-05
ATOMUSD,1738195200000,-2.63e-05
ATOMUSD,1738224000000,0.0001
ATOMUSD,1738252800000,0.0001
ATOMUSD,1738281600000,0.0001
ATOMUSD,1738310400000,0.0001
ATOMUSD,1738339200000,0.0001
ATOMUSD,1738368000000,0.0001
ATOMUSD,1738396800000,0.0001
ATOMUSD,1738425600000,0.0001
ATOMUSD,1738454400001,-1.27e-05
ATOMUSD,1738483200000,-9.862e-05
ATOMUSD,1738512000000,-0.00017355
ATOMUSD,1738540800000,-0.00023423
ATOMUSD,1738569600000,-0.00045001
ATOMUSD,1738598400000,-0.00039959
ATOMUSD,1738627200000,-0.00023934
ATOMUSD,1738656000001,-0.00031961
ATOMUSD,1738684800000,-0.00015578
ATOMUSD,1738713600001,-8.552e-05
ATOMUSD,1738742400001,-6.588e-05
ATOMUSD,1738771200000,-0.00031123
ATOMUSD,1738800000001,-0.00036137
ATOMUSD,1738828800001,-0.00024234
ATOMUSD,1738857600000,-0.00035069
ATOMUSD,1738886400000,-0.00022893
ATOMUSD,1738915200000,-0.000176
ATOMUSD,1738944000000,-8.234e-05
ATOMUSD,1738972800000,-3.981e-05
ATOMUSD,1739001600000,-2.852e-05
ATOMUSD,1739030400000,-7.447e-05
ATOMUSD,1739059200000,-9.168e-05
ATOMUSD,1739088000000,-9.031e-05
ATOMUSD,1739116800000,-0.00014097
ATOMUSD,1739145600000,-0.0001055
ATOMUSD,1739174400000,-7.807e-05
ATOMUSD,1739203200000,-2.781e-05
ATOMUSD,1739232000000,-8.739e-05
ATOMUSD,1739260800000,-0.0001506
ATOMUSD,1739289600000,-0.00011727
ATOMUSD,1739318400000,-0.00020212
ATOMUSD,1739347200000,-0.00013064
ATOMUSD,1739376000001,-6.667e-05
ATOMUSD,1739404800001,-2.053e-05
ATOMUSD,1739433600000,-3.14e-05
ATOMUSD,1739462400001,-5.214e-05
ATOMUSD,1739491200000,-0.0001106
ATOMUSD,1739520000001,-1.008e-05
ATOMUSD,1739548800000,-0.00010271
ATOMUSD,1739577600000,-5.723e-05
ATOMUSD,1739606400000,-7.671e-05
ATOMUSD,1739635200000,-0.00023303
ATOMUSD,1739664000000,-0.00032075
ATOMUSD,1739692800000,-0.0002532
ATOMUSD,1739721600000,-6.73e-05
ATOMUSD,1739750400000,-0.00020318
ATOMUSD,1739779200000,-7.6e-05
ATOMUSD,1739808000000,-0.0001089
ATOMUSD,1739836800000,-0.00011331
ATOMUSD,1739865600000,-0.00018455
ATOMUSD,1739894400000,2.546e-05
ATOMUSD,1739923200000,-1.23e-06
ATOMUSD,1739952000000,2.898e-05
ATOMUSD,1739980800000,-9.821e-05
ATOMUSD,1740009600000,-7.656e-05
ATOMUSD,1740038400000,-1.002e-05
ATOMUSD,1740067200000,5.257e-05
ATOMUSD,1740096000001,-1.59e-05
ATOMUSD,1740124800000,-4.653e-05
ATOMUSD,1740153600000,3.958e-05
ATOMUSD,1740182400000,-0.00047907
ATOMUSD,1740211200000,-0.00021909
ATOMUSD,1740240000000,-0.00022864
ATOMUSD,1740268800000,0.0001
ATOMUSD,1740297600000,0.0001
ATOMUSD,1740326400000,-0.0001477
ATOMUSD,1740355200000,-0.00010959
ATOMUSD,1740384000000,-0.00014
ATOMUSD,1740412800000,-0.00029609
ATOMUSD,1740441600000,-0.00025199
ATOMUSD,1740470400000,-0.0002344
ATOMUSD,1740499200000,-0.0002709
ATOMUSD,1740528000000,-0.00024282
ATOMUSD,1740556800000,-0.00012357
ATOMUSD,1740585600000,-3.422e-05
ATOMUSD,1740614400001,-1.125e-05
ATOMUSD,1740643200000,0.0001
ATOMUSD,1740672000000,0.0001
ATOMUSD,1740700800001,-2.56e-05
ATOMUSD,1740729600000,-0.00033718
ATOMUSD,1740758400000,-0.00019522
ATOMUSD,1740787200000,9e-06
ATOMUSD,1740816000000,-4.791e-05
ATOMUSD,1740844800001,-2.444e-05
ATOMUSD,1740873600000,0.0001
ATOMUSD,1740902400000,-1.611e-05
ATOMUSD,1740931200000,-6.424e-05
ATOMUSD,1740960000001,3.24e-05
ATOMUSD,1740988800000,-8.142e-05
ATOMUSD,1741017600000,-0.00017553
ATOMUSD,1741046400001,-0.00047938
ATOMUSD,1741075200005,-0.00029829
ATOMUSD,1741104000000,-0.00022656
ATOMUSD,1741132800000,-0.00012415
ATOMUSD,1741161600000,-7.896e-05
ATOMUSD,1741190400000,-0.00022731
ATOMUSD,1741219200000,-4.091e-05
ATOMUSD,1741248000001,-7.721e-05
ATOMUSD,1741276800000,-0.00014439
ATOMUSD,1741305600000,6.8e-06
ATOMUSD,1741334400001,-5.55e-05
ATOMUSD,1741363200000,1.654e-05
ATOMUSD,1741392000000,-4.396e-05
ATOMUSD,1741420800001,-8.88e-05
ATOMUSD,1741449600001,-0.00011836
ATOMUSD,1741478400001,-0.00013091
ATOMUSD,1741507200000,-0.00022103
ATOMUSD,1741536000000,-0.00025145
ATOMUSD,1741564800000,-0.00044919
ATOMUSD,1741593600000,-0.00025555
ATOMUSD,1741622400000,-0.00019587
ATOMUSD,1741651200000,-0.00034867
ATOMUSD,1741680000000,-0.00022169
ATOMUSD,1741708800001,-0.00025716
ATOMUSD,1741737600000,-0.00021854
ATOMUSD,1741766400000,-0.00019572
ATOMUSD,1741795200001,5.73e-06
ATOMUSD,1741824000000,8.361e-05
ATOMUSD,1741852800000,-9.177e-05
ATOMUSD,1741881600000,-5.665e-05
ATOMUSD,1741910400000,9.34e-06
ATOMUSD,1741939200000,-0.00021206
ATOMUSD,1741968000000,-0.0001039
ATOMUSD,1741996800000,-0.00030698
ATOMUSD,1742025600000,-0.0003057
ATOMUSD,1742054400000,-0.00037268
ATOMUSD,1742083200000,-0.00012032
ATOMUSD,1742112000000,-6.316e-05
ATOMUSD,1742140800000,-8.29e-06
ATOMUSD,1742169600000,-2.632e-05
ATOMUSD,1742198400000,3.345e-05
ATOMUSD,1742227200000,-9.979e-05
ATOMUSD,1742256000000,-0.00012296
ATOMUSD,1742284800000,-3.911e-05
ATOMUSD,1742313600000,-0.00011492
ATOMUSD,1742342400000,-9.16e-05
ATOMUSD,1742371200000,-6.974e-05
ATOMUSD,1742400000000,-0.00010331
ATOMUSD,1742428800000,9.58e-05
ATOMUSD,1742457600000,-0.00014167
ATOMUSD,1742486400000,2.616e-05
ATOMUSD,1742515200000,-4.075e-05
ATOMUSD,1742544000000,-0.00016927
ATOMUSD,1742572800000,-7.341e-05
ATOMUSD,1742601600000,-4.645e-05
ATOMUSD,1742630400004,0.0001
ATOMUSD,1742659200000,8.23e-06
ATOMUSD,1742688000000,-9.015e-05
ATOMUSD,1742716800000,-6.238e-05
ATOMUSD,1742745600000,-0.00014493
ATOMUSD,1742774400000,-6.334e-05
ATOMUSD,1742803200000,4.14e-05
ATOMUSD,1742832000000,-6.599e-05
ATOMUSD,1742860800001,-2.924e-05
ATOMUSD,1742889600000,4.886e-05
ATOMUSD,1742918400000,4.4e-06
ATOMUSD,1742947200000,8.046e-05
ATOMUSD,1742976000000,-3.537e-05
ATOMUSD,1743004800001,-9.66e-05
ATOMUSD,1743033600001,1.353e-05
ATOMUSD,1743062400001,-6.623e-05
ATOMUSD,1743091200002,-3.577e-05
ATOMUSD,1743120000001,-0.00013218
ATOMUSD,1743148800001,-0.00012931
ATOMUSD,1743177600000,-1.884e-05
ATOMUSD,1743206400000,-8.434e-05
ATOMUSD,1743235200000,-5.544e-05
ATOMUSD,1743264000000,7.693e-05
ATOMUSD,1743292800000,5.581e-05
ATOMUSD,1743321600000,-9.743e-05
ATOMUSD,1743350400000,-2.145e-05
ATOMUSD,1743379200000,-5.169e-05
ATOMUSD,1743408000000,-5.224e-05
ATOMUSD,1743436800000,-0.00013077
ATOMUSD,1743465600000,-0.00010621
ATOMUSD,1743494400001,0.0001
ATOMUSD,1743523200000,3.473e-05
ATOMUSD,1743552000001,6.502e-05
ATOMUSD,1743580800000,-6.501e-05
ATOMUSD,1743609600000,-1.98e-05
ATOMUSD,1743638400000,-0.00010015
ATOMUSD,1743667200000,-2.407e-05
ATOMUSD,1743696000000,3.709e-05
ATOMUSD,1743724800000,-0.00019047
ATOMUSD,1743753600000,-0.0001276
ATOMUSD,1743782400000,2.62e-06
ATOMUSD,1743811200000,9.438e-05
ATOMUSD,1743840000000,0.0001
ATOMUSD,1743868800000,-5.773e-05
ATOMUSD,1743897600000,8.972e-05
ATOMUSD,1743926400000,6.649e-05
ATOMUSD,1743955200002,5.168e-05
ATOMUSD,1743984000000,-4.685e-05
ATOMUSD,1744012800000,2.615e-05
ATOMUSD,1744041600000,-5.235e-05
ATOMUSD,1744070400000,-1.113e-05
ATOMUSD,1744099200000,-0.00036234
ATOMUSD,1744128000000,-0.00018603
ATOMUSD,1744156800000,-0.00017943
ATOMUSD,1744185600001,-8.645e-05
ATOMUSD,1744214400000,-8.204e-05
ATOMUSD,1744243200000,0.0001
ATOMUSD,1744272000000,6.337e-05
ATOMUSD,1744300800000,3.723e-05
ATOMUSD,1744329600001,-3.94e-06
ATOMUSD,1744358400000,4.869e-05
ATOMUSD,1744387200000,-0.00019256
ATOMUSD,1744416000000,-0.00019579
ATOMUSD,1744444800001,-9.357e-05
ATOMUSD,1744473600000,-0.0001735
ATOMUSD,1744502400000,-4.45e-06
ATOMUSD,1744531200000,5.356e-05
ATOMUSD,1744560000000,-0.00017373
ATOMUSD,1744588800000,-0.00030578
ATOMUSD,1744617600000,-0.00029743
ATOMUSD,1744646400000,-0.00016474
ATOMUSD,1744675200000,-0.00019132
ATOMUSD,1744704000000,-0.00032282
ATOMUSD,1744732800001,-0.00014936
ATOMUSD,1744761600000,-0.00021078
ATOMUSD,1744790400000,-0.00013307
ATOMUSD,1744819200000,-0.00030617
ATOMUSD,1744848000001,-0.00021817
ATOMUSD,1744876800000,-0.00011123
ATOMUSD,1744905600001,-0.00016789
ATOMUSD,1744934400000,-0.00027125
ATOMUSD,1744963200000,-0.00012694
ATOMUSD,1744992000000,-0.000109
ATOMUSD,1745020800000,-0.0001216
ATOMUSD,1745049600000,2.384e-05
ATOMUSD,1745078400000,-0.00020002
ATOMUSD,1745107200000,0.0001
ATOMUSD,1745136000000,2.747e-05
ATOMUSD,1745164800000,-0.00018836
ATOMUSD,1745193600000,1e-08
ATOMUSD,1745222400005,0.0001
ATOMUSD,1745251200003,8.766e-05
ATOMUSD,1745280000008,-0.00046177
ATOMUSD,1745308800000,-0.00052757
ATOMUSD,1745337600000,-0.00021675
ATOMUSD,1745366400000,9.928e-05
ATOMUSD,1745395200002,-6.998e-05
ATOMUSD,1745424000000,9.775e-05
ATOMUSD,1745452800000,0.0001
ATOMUSD,1745481600001,0.0001
ATOMUSD,1745510400001,9.69e-06
ATOMUSD,1745539200007,6.406e-05
ATOMUSD,1745568000002,-2.83e-05
ATOMUSD,1745596800003,-0.00032733
ATOMUSD,1745625600002,-5.955e-05
ATOMUSD,1745654400000,-8.602e-05
ATOMUSD,1745683200002,-8.511e-05
ATOMUSD,1745712000001,-0.00013763
ATOMUSD,1745740800000,-0.00017659
ATOMUSD,1745769600000,-0.00015145
ATOMUSD,1745798400001,-3.147e-05
ATOMUSD,1745827200003,0.0001
ATOMUSD,1745856000005,3.04e-06
ATOMUSD,1745884800000,0.0001
ATOMUSD,1745913600000,0.0001
ATOMUSD,1745942400010,5.046e-05
ATOMUSD,1745971200001,-7.296e-05
ATOMUSD,1746000000000,9.506e-05
ATOMUSD,1746028800003,-1.003e-05
ATOMUSD,1746057600000,-8.942e-05
ATOMUSD,1746086400000,-5.685e-05
ATOMUSD,1746115200001,-7.744e-05
ATOMUSD,1746144000000,0.0001
ATOMUSD,1746172800000,0.0001
ATOMUSD,1746201600003,-1.92e-05
ATOMUSD,1746230400000,8.163e-05
ATOMUSD,1746259200000,4.041e-05
ATOMUSD,1746288000000,-0.00018988
ATOMUSD,1746316800001,-0.00013064
ATOMUSD,1746345600001,-6.389e-05
ATOMUSD,1746374400002,-0.00024404
ATOMUSD,1746403200000,-0.00032527
ATOMUSD,1746432000000,-0.00027265
ATOMUSD,1746460800006,-0.00044729
ATOMUSD,1746489600002,-0.00017188
ATOMUSD,1746518400005,-0.00026839
ATOMUSD,1746547200000,-5.511e-05
ATOMUSD,1746576000002,-0.0002506
ATOMUSD,1746604800000,-0.00033726
ATOMUSD,1746633600006,-0.00031719
ATOMUSD,1746662400000,-0.00012563
ATOMUSD,1746691200001,0.0001
ATOMUSD,1746720000002,0.0001
ATOMUSD,1746748800001,0.0001
ATOMUSD,1746777600006,0.0001
ATOMUSD,1746806400000,0.0001
ATOMUSD,1746835200001,0.0001
ATOMUSD,1746864000000,0.0001
ATOMUSD,1746892800001,0.0001
ATOMUSD,1746921600000,5.79e-06
ATOMUSD,1746950400001,0.0001
ATOMUSD,1746979200001,-1.05e-05
ATOMUSD,1747008000004,-4.059e-05
ATOMUSD,1747036800000,9.805e-05
ATOMUSD,1747065600000,9.326e-05
ATOMUSD,1747094400000,0.0001
ATOMUSD,1747123200008,0.0001
ATOMUSD,1747152000001,0.0001
ATOMUSD,1747180800007,0.0001
ATOMUSD,1747209600000,0.0001
ATOMUSD,1747238400002,5.997e-05
ATOMUSD,1747267200000,0.0001
ATOMUSD,1747296000003,7.045e-05
ATOMUSD,1747324800000,-3.359e-05
ATOMUSD,1747353600001,2.054e-05
ATOMUSD,1747382400000,4.074e-05
ATOMUSD,1747411200000,-1.857e-05
ATOMUSD,1747440000000,-6.914e-05
ATOMUSD,1747468800001,2.194e-05
ATOMUSD,1747497600004,-0.00013552
ATOMUSD,1747526400000,-5.055e-05
ATOMUSD,1747555200000,5.506e-05
ATOMUSD,1747584000000,1.993e-05
ATOMUSD,1747612800000,-2.93e-05
ATOMUSD,1747641600006,-0.00019528
ATOMUSD,1747670400010,7.815e-05
ATOMUSD,1747699200000,0.0001
ATOMUSD,1747728000002,0.0001
ATOMUSD,1747756800000,8.02e-06
ATOMUSD,1747785600000,0.0001
ATOMUSD,1747814400001,0.0001
ATOMUSD,1747843200004,4.483e-05
ATOMUSD,1747872000001,0.0001
ATOMUSD,1747900800000,0.0001
ATOMUSD,1747929600002,8.25e-05
ATOMUSD,1747958400006,0.0001
ATOMUSD,1747987200000,0.0001
ATOMUSD,1748016000007,7.695e-05
ATOMUSD,1748044800010,2.158e-05
ATOMUSD,1748073600000,-9.186e-05
ATOMUSD,1748102400003,-0.00021379
ATOMUSD,1748131200004,-0.00011137
ATOMUSD,1748160000000,1.626e-05
ATOMUSD,1748188800000,-0.00011845
ATOMUSD,1748217600000,-3.953e-05
ATOMUSD,1748246400000,7.32e-06
ATOMUSD,1748275200002,-9.047e-05
ATOMUSD,1748304000003,-0.00011974
ATOMUSD,1748332800001,-4.519e-05
ATOMUSD,1748361600005,6.332e-05
ATOMUSD,1748390400002,0.0001
ATOMUSD,1748419200003,-6.877e-05
ATOMUSD,1748448000002,5.565e-05
ATOMUSD,1748476800000,0.0001
ATOMUSD,1748505600006,0.0001
ATOMUSD,1748534400000,7.299e-05
ATOMUSD,1748563200003,-2.399e-05
ATOMUSD,1748592000003,-0.00028439
ATOMUSD,1748620800000,6.32e-06
ATOMUSD,1748649600000,-6.349e-05
ATOMUSD,1748678400000,-9.198e-05
ATOMUSD,1748707200000,-9.304e-05
ATOMUSD,1748736000001,-0.00014027
ATOMUSD,1748764800002,2.4e-05
ATOMUSD,1748793600000,-3.009e-05
ATOMUSD,1748822400001,-2.889e-05
ATOMUSD,1748851200000,-4.091e-05
ATOMUSD,1748880000000,1.586e-05
ATOMUSD,1748908800000,0.0001
ATOMUSD,1748937600000,5.82e-05
ATOMUSD,1748966400001,0.0001
ATOMUSD,1748995200000,6.276e-05
ATOMUSD,1749024000000,5.425e-05
ATOMUSD,1749052800000,-7.411e-05
ATOMUSD,1749081600016,-0.00010802
ATOMUSD,1749110400000,-0.00013496
ATOMUSD,1749139200000,-5.083e-05
ATOMUSD,1749168000002,-0.00025685
ATOMUSD,1749196800000,-0.00014342
ATOMUSD,1749225600006,-0.00028136
ATOMUSD,1749254400000,-0.00012383
ATOMUSD,1749283200000,3.687e-05
ATOMUSD,1749312000002,-3.827e-05
ATOMUSD,1749340800000,0.0001
ATOMUSD,1749369600000,0.0001
ATOMUSD,1749398400000,9.036e-05
ATOMUSD,1749427200000,-5.209e-05
ATOMUSD,1749456000001,-0.00011879
ATOMUSD,1749484800001,-6.44e-06
ATOMUSD,1749513600000,9.793e-05
ATOMUSD,1749542400001,0.0001
ATOMUSD,1749571200003,2.458e-05
ATOMUSD,1749600000000,4.411e-05
ATOMUSD,1749628800000,6.672e-05
ATOMUSD,1749657600010,2.699e-05
ATOMUSD,1749686400002,5.665e-05
ATOMUSD,1749715200003,-4.555e-05
ATOMUSD,1749744000001,-9.728e-05
ATOMUSD,1749772800000,-9.351e-05
ATOMUSD,1749801600001,-0.00034018
ATOMUSD,1749830400004,-0.00020217
ATOMUSD,1749859200000,-7.038e-05
ATOMUSD,1749888000000,-6.075e-05
ATOMUSD,1749916800000,-0.00026212
ATOMUSD,1749945600005,4.157e-05
ATOMUSD,1749974400009,-7.605e-05
ATOMUSD,1750003200000,-9.99e-05
ATOMUSD,1750032000000,-0.00014726
ATOMUSD,1750060800000,5.511e-05
ATOMUSD,1750089600003,2.641e-05
ATOMUSD,1750118400000,3.123e-05
ATOMUSD,1750147200006,2.787e-05
ATOMUSD,1750176000001,-0.00011495
ATOMUSD,1750204800001,-0.00013194
ATOMUSD,1750233600001,-4.324e-05
ATOMUSD,1750262400001,-0.00038824
ATOMUSD,1750291200005,-0.00021948
ATOMUSD,1750320000003,4.155e-05
ATOMUSD,1750348800000,-2.618e-05
ATOMUSD,1750377600000,-0.00015732
ATOMUSD,1750406400002,1.645e-05
ATOMUSD,1750435200001,-0.0001668
ATOMUSD,1750464000002,-0.00026348
ATOMUSD,1750492800005,-0.00028733
ATOMUSD,1750521600000,-0.00023786
ATOMUSD,1750550400005,-0.0004048
ATOMUSD,1750579200000,-0.00036596
ATOMUSD,1750608000003,-0.00039008
ATOMUSD,1750636800000,-0.00040328
ATOMUSD,1750665600004,-0.00027144
ATOMUSD,1750694400013,-0.00010486
ATOMUSD,1750723200003,4.346e-05
ATOMUSD,1750752000000,-7.01e-06
ATOMUSD,1750780800000,-0.00031224
ATOMUSD,1750809600005,-4.201e-05
ATOMUSD,1750838400000,-0.00010444
ATOMUSD,1750867200005,-0.00018472
ATOMUSD,1750896000000,-0.00017293
ATOMUSD,1750924800006,-0.00020138
ATOMUSD,1750953600007,-0.00027418
ATOMUSD,1750982400000,-0.00024961
ATOMUSD,1751011200000,-0.00023212
ATOMUSD,1751040000009,-0.00010092
ATOMUSD,1751068800001,-6.295e-05
ATOMUSD,1751097600002,-2.018e-05
ATOMUSD,1751126400000,-0.00041502
ATOMUSD,1751155200004,-3.099e-05
ATOMUSD,1751184000001,-3.134e-05
ATOMUSD,1751212800001,-0.00016816
ATOMUSD,1751241600000,1.59e-06
ATOMUSD,1751270400005,8.14e-05
ATOMUSD,1751299200002,-9.761e-05
ATOMUSD,1751328000007,-8.578e-05
ATOMUSD,1751356800002,-6.515e-05
ATOMUSD,1751385600000,-0.00023113
ATOMUSD,1751414400001,-0.00036122
ATOMUSD,1751443200000,-9.991e-05
ATOMUSD,1751472000003,-0.00011047
ATOMUSD,1751500800006,0.0001
ATOMUSD,1751529600003,0.0001
ATOMUSD,1751558400003,-3.778e-05
ATOMUSD,1751587200005,-6.786e-05
ATOMUSD,1751616000003,-9.866e-05
ATOMUSD,1751644800001,-0.00013733
ATOMUSD,1751673600004,-0.00019991
ATOMUSD,1751702400009,-8.835e-05
ATOMUSD,1751731200006,-0.00023809
ATOMUSD,1751760000001,-0.00010686
ATOMUSD,1751788800002,-0.00020187
ATOMUSD,1751817600004,-0.00012257
ATOMUSD,1751846400000,-6.418e-05
ATOMUSD,1751875200007,0.0001
ATOMUSD,1751904000000,-0.00013115
ATOMUSD,1751932800010,-7.27e-05
ATOMUSD,1751961600003,-0.00013884
ATOMUSD,1751990400000,-0.00021068
ATOMUSD,1752019200002,8.116e-05
ATOMUSD,1752048000006,0.0001
ATOMUSD,1752076800001,7.329e-05
ATOMUSD,1752105600003,9.773e-05
ATOMUSD,1752134400000,9.759e-05
ATOMUSD,1752163200004,-2.508e-05
ATOMUSD,1752192000004,-1.874e-05
ATOMUSD,1752220800007,7.695e-05
ATOMUSD,1752249600001,0.0001
ATOMUSD,1752278400000,-4.164e-05
ATOMUSD,1752307200001,0.0001
ATOMUSD,1752336000002,-2.479e-05
ATOMUSD,1752364800006,3.371e-05
ATOMUSD,1752393600001,0.0001
ATOMUSD,1752422400003,0.0001
ATOMUSD,1752451200000,6.881e-05
ATOMUSD,1752480000000,0.0001
ATOMUSD,1752508800000,0.0001
ATOMUSD,1752537600002,9.769e-05
ATOMUSD,1752566400000,0.0001
ATOMUSD,1752595200000,0.0001
ATOMUSD,1752624000000,0.0001
ATOMUSD,1752652800000,0.0001
ATOMUSD,1752681600008,0.0001
ATOMUSD,1752710400003,0.0001
ATOMUSD,1752739200000,0.0001
ATOMUSD,1752768000000,0.0001
ATOMUSD,1752796800004,0.0001
ATOMUSD,1752825600000,0.0001
ATOMUSD,1752854400000,0.0001
ATOMUSD,1752883200009,0.0001
ATOMUSD,1752912000000,0.0001
ATOMUSD,1752940800002,0.0001
ATOMUSD,1752969600000,0.0001
ATOMUSD,1752998400000,0.0001
ATOMUSD,1753027200000,0.0001
ATOMUSD,1753056000001,0.0001
ATOMUSD,1753084800000,0.0001
ATOMUSD,1753113600001,0.0001
ATOMUSD,1753142400000,0.0001
ATOMUSD,1753171200010,0.0001
ATOMUSD,1753200000007,0.0001
ATOMUSD,1753228800000,0.0001
ATOMUSD,1753257600004,0.0001
ATOMUSD,1753286400002,0.0001
ATOMUSD,1753315200000,0.0001
ATOMUSD,1753344000001,9.34e-06
ATOMUSD,1753372800000,-7.497e-05
ATOMUSD,1753401600000,4.241e-05
ATOMUSD,1753430400000,3.261e-05
ATOMUSD,1753459200000,0.0001
ATOMUSD,1753488000001,0.0001
ATOMUSD,1753516800005,0.0001
ATOMUSD,1753545600001,7.899e-05
ATOMUSD,1753574400001,6.867e-05
ATOMUSD,1753603200000,0.0001
ATOMUSD,1753632000008,0.0001
ATOMUSD,1753660800005,0.0001
ATOMUSD,1753689600000,0.0001
ATOMUSD,1753718400000,4.336e-05
ATOMUSD,1753747200001,-0.00037965
ATOMUSD,1753776000000,-0.00031204
ATOMUSD,1753804800000,4.127e-05
ATOMUSD,1753833600011,-8.27e-05
ATOMUSD,1753862400000,0.0001
ATOMUSD,1753891200008,0.0001
ATOMUSD,1753920000000,1.574e-05
ATOMUSD,1753948800009,5.739e-05
ATOMUSD,1753977600000,-0.0002021
ATOMUSD,1754006400001,-6.232e-05
ATOMUSD,1754035200003,-0.00015015
ATOMUSD,1754064000000,-0.00029024
ATOMUSD,1754092800004,-0.00015343
ATOMUSD,1754121600000,-0.00013972
ATOMUSD,1754150400000,-0.00011651
ATOMUSD,1754179200000,-0.00016726
ATOMUSD,1754208000000,-0.00017437
ATOMUSD,1754236800003,-0.00024322
ATOMUSD,1754265600004,-0.00018468
ATOMUSD,1754294400000,-5.028e-05
ATOMUSD,1754323200002,-3.196e-05
ATOMUSD,1754352000000,8.116e-05
ATOMUSD,1754380800000,4.219e-05
ATOMUSD,1754409600000,-4.609e-05
ATOMUSD,1754438400005,-0.00010392
ATOMUSD,1754467200000,-0.0001422
ATOMUSD,1754496000000,6.027e-05
ATOMUSD,1754524800003,-0.00011127
ATOMUSD,1754553600002,7.304e-05
ATOMUSD,1754582400002,2.911e-05
ATOMUSD,1754611200002,3.621e-05
ATOMUSD,1754640000004,-6.312e-05
ATOMUSD,1754668800000,-0.00011743
ATOMUSD,1754697600005,0.0001
ATOMUSD,1754726400000,0.0001
ATOMUSD,1754755200007,0.0001
ATOMUSD,1754784000003,0.0001
ATOMUSD,1754812800005,-2.226e-05
ATOMUSD,1754841600002,0.0001
ATOMUSD,1754870400000,0.0001
ATOMUSD,1754899200000,0.0001
ATOMUSD,1754928000000,-0.00011243
ATOMUSD,1754956800000,-0.00023642
ATOMUSD,1754985600001,-4.566e-05
ATOMUSD,1755014400005,-3.155e-05
ATOMUSD,1755043200000,0.0001
ATOMUSD,1755072000002,0.0001
ATOMUSD,1755100800006,0.0001
ATOMUSD,1755129600002,0.0001
ATOMUSD,1755158400003,0.0001
ATOMUSD,1755187200000,0.0001
ATOMUSD,1755216000000,-6.392e-05
ATOMUSD,1755244800000,-0.00015967
ATOMUSD,1755273600000,-0.00013676
ATOMUSD,1755302400004,-0.00014448
ATOMUSD,1755331200000,-1.05e-06
ATOMUSD,1755360000002,-7.212e-05
ATOMUSD,1755388800000,-9.182e-05
ATOMUSD,1755417600001,3.849e-05
ATOMUSD,1755446400007,7.995e-05
ATOMUSD,1755475200000,0.0001
ATOMUSD,1755504000001,-0.00014553
ATOMUSD,1755532800002,-0.000239
ATOMUSD,1755561600000,-0.00019476
ATOMUSD,1755590400001,-0.00013152
ATOMUSD,1755619200000,-4.017e-05
ATOMUSD,1755648000000,-0.00011439
ATOMUSD,1755676800000,-7.916e-05
ATOMUSD,1755705600000,-7.532e-05
ATOMUSD,1755734400006,3.154e-05
ATOMUSD,1755763200000,-6.44e-05
ATOMUSD,1755792000003,-8.333e-05
ATOMUSD,1755820800010,1.63e-06
ATOMUSD,1755849600007,-5.056e-05
ATOMUSD,1755878400001,-0.00012584
ATOMUSD,1755907200004,0.0001
ATOMUSD,1755936000006,0.0001
ATOMUSD,1755964800000,0.0001
ATOMUSD,1755993600001,0.0001
ATOMUSD,1756022400002,0.0001
ATOMUSD,1756051200001,6.434e-05
ATOMUSD,1756080000000,2.561e-05
ATOMUSD,1756108800002,3.822e-05
ATOMUSD,1756137600002,-0.00036487
ATOMUSD,1756166400000,-0.00023668
ATOMUSD,1756195200000,-5.239e-05
ATOMUSD,1756224000000,-4.128e-05
ATOMUSD,1756252800003,1.141e-05
ATOMUSD,1756281600000,2.985e-05
ATOMUSD,1756310400009,-2.958e-05
ATOMUSD,1756339200000,7.13e-05
ATOMUSD,1756368000005,-2.949e-05
ATOMUSD,1756396800004,-5.764e-05
ATOMUSD,1756425600000,2.77e-06
ATOMUSD,1756454400000,-3.741e-05
ATOMUSD,1756483200005,-7.67e-05
ATOMUSD,1756512000000,-0.00030665
ATOMUSD,1756540800002,-0.00020371
ATOMUSD,1756569600003,-9.112e-05
ATOMUSD,1756598400016,-5.233e-05
ATOMUSD,1756627200000,-1.482e-05
ATOMUSD,1756656000001,-2.312e-05
ATOMUSD,1756684800000,-0.00011702
ATOMUSD,1756713600000,-0.00020118
ATOMUSD,1756742400001,0.0001
ATOMUSD,1756771200000,-0.00024476
ATOMUSD,1756800000005,-6.334e-05
ATOMUSD,1756828800007,5.51e-05
ATOMUSD,1756857600006,-1.795e-05
ATOMUSD,1756886400002,-0.000127
ATOMUSD,1756915200002,2.64e-05
ATOMUSD,1756944000002,8.432e-05
ATOMUSD,1756972800000,-0.00024706
ATOMUSD,1757001600000,-6.689e-05
ATOMUSD,1757030400001,-0.00038011
ATOMUSD,1757059200006,1.46e-05
ATOMUSD,1757088000000,0.0001
ATOMUSD,1757116800000,9.182e-05
ATOMUSD,1757145600005,-1.85e-05
ATOMUSD,1757174400000,-5.17e-05
ATOMUSD,1757203200000,-0.00018388
ATOMUSD,1757232000000,0.0001
ATOMUSD,1757260800000,0.0001
ATOMUSD,1757289600007,6.32e-06
ATOMUSD,1757318400000,7.828e-05
ATOMUSD,1757347200000,0.0001
ATOMUSD,1757376000000,0.0001
ATOMUSD,1757404800000,8.94e-05
ATOMUSD,1757433600000,0.0001
ATOMUSD,1757462400000,5.498e-05
ATOMUSD,1757491200002,0.0001
ATOMUSD,1757520000000,0.0001
ATOMUSD,1757548800000,0.0001
ATOMUSD,1757577600000,0.0001
ATOMUSD,1757606400001,0.0001
ATOMUSD,1757635200002,0.0001
ATOMUSD,1757664000001,0.0001
ATOMUSD,1757692800005,6.403e-05
ATOMUSD,1757721600005,0.0001
ATOMUSD,1757750400002,0.0001
ATOMUSD,1757779200000,0.0001
ATOMUSD,1757808000006,0.0001
ATOMUSD,1757836800000,0.0001
ATOMUSD,1757865600001,0.0001
ATOMUSD,1757894400006,0.0001
ATOMUSD,1757923200002,0.0001
ATOMUSD,1757952000001,-0.00023943
ATOMUSD,1757980800001,-8.6e-06
ATOMUSD,1758009600000,0.0001
ATOMUSD,1758038400000,7.19e-06
ATOMUSD,1758067200001,-6.47e-06
ATOMUSD,1758096000000,1.776e-05
ATOMUSD,1758124800003,-4.466e-05
ATOMUSD,1758153600006,0.0001
ATOMUSD,1758182400002,0.0001
ATOMUSD,1758211200000,0.0001
ATOMUSD,1758240000000,0.0001
ATOMUSD,1758268800005,0.0001
ATOMUSD,1758297600000,7.216e-05
ATOMUSD,1758326400000,-0.00010451
ATOMUSD,1758355200000,-6.423e-05
ATOMUSD,1758384000002,-5.646e-05
ATOMUSD,1758412800000,9.02e-06
ATOMUSD,1758441600000,0.0001
ATOMUSD,1758470400000,-5.021e-05
ATOMUSD,1758499200005,2.057e-05
ATOMUSD,1758528000003,-0.00042281
ATOMUSD,1758556800000,-0.00021305
ATOMUSD,1758585600000,-0.00021991
ATOMUSD,1758614400001,-0.00023118
ATOMUSD,1758643200000,-0.00016151
ATOMUSD,1758672000003,1.054e-05
ATOMUSD,1758700800001,-5.335e-05
ATOMUSD,1758729600002,2.884e-05
ATOMUSD,1758758400000,-0.00028964
ATOMUSD,1758787200001,-0.00023576
ATOMUSD,1758816000000,-9.155e-05
ATOMUSD,1758844800000,-0.00028358
ATOMUSD,1758873600000,-6.376e-05
ATOMUSD,1758902400008,-2.099e-05
ATOMUSD,1758931200000,7.067e-05
ATOMUSD,1758960000010,1.851e-05
ATOMUSD,1758988800003,-2.315e-05
ATOMUSD,1759017600000,-0.00033094
ATOMUSD,1759046400000,-1.909e-05
ATOMUSD,1759075200000,-0.00028483
ATOMUSD,1759104000000,-6.745e-05
ATOMUSD,1759132800002,0.0001
ATOMUSD,1759161600001,-3.488e-05
ATOMUSD,1759190400002,9.59e-05
ATOMUSD,1759219200005,-3.68e-05
ATOMUSD,1759248000000,-0.00013865
ATOMUSD,1759276800000,-7.337e-05
ATOMUSD,1759305600000,8.184e-05
ATOMUSD,1759334400000,0.0001
ATOMUSD,1759363200000,0.0001
ATOMUSD,1759392000013,0.0001
ATOMUSD,1759420800000,0.0001
ATOMUSD,1759449600006,0.0001
ATOMUSD,1759478400006,0.0001
ATOMUSD,1759507200000,8.202e-05
ATOMUSD,1759536000001,0.0001
ATOMUSD,1759564800000,0.0001
ATOMUSD,1759593600000,-7.76e-05
ATOMUSD,1759622400000,-1.404e-05
ATOMUSD,1759651200003,0.0001
ATOMUSD,1759680000009,0.0001
ATOMUSD,1759708800004,-1.917e-05
ATOMUSD,1759737600002,-0.00010141
ATOMUSD,1759766400004,0.0001
ATOMUSD,1759795200000,0.0001
ATOMUSD,1759824000003,0.0001
ATOMUSD,1759852800000,0.0001
ATOMUSD,1759881600000,-0.00015695
ATOMUSD,1759910400006,-0.00013812
ATOMUSD,1759939200002,-2.268e-05
ATOMUSD,1759968000001,0.0001
ATOMUSD,1759996800000,3.242e-05
ATOMUSD,1760025600000,-9.26e-05
ATOMUSD,1760054400005,2.24e-06
ATOMUSD,1760083200002,3.057e-05
ATOMUSD,1760112000014,0.0001
ATOMUSD,1760140800000,-0.00218287
ATOMUSD,1760169600003,-0.00111801
ATOMUSD,1760198400000,-0.00116239
ATOMUSD,1760227200004,-0.0045
ATOMUSD,1760256000002,-0.00082214
ATOMUSD,1760284800000,-0.0005692
ATOMUSD,1760313600003,-0.0004462
ATOMUSD,1760342400002,-0.00048967
ATOMUSD,1760371200003,-0.00026111
ATOMUSD,1760400000000,-0.00052836
ATOMUSD,1760428800000,-0.00034599
ATOMUSD,1760457600000,-0.00022733
ATOMUSD,1760486400006,-0.00034062
ATOMUSD,1760515200002,-0.00013335
ATOMUSD,1760544000000,-0.00010898
ATOMUSD,1760572800000,-7.942e-05
ATOMUSD,1760601600003,-0.00013194
ATOMUSD,1760630400002,-0.00015605
ATOMUSD,1760659200001,-0.00027219
ATOMUSD,1760688000005,-0.00024616
ATOMUSD,1760716800003,-0.00031575
ATOMUSD,1760745600000,-0.00025775
ATOMUSD,1760774400002,-0.00021681
ATOMUSD,1760803200001,-0.00043584
ATOMUSD,1760832000001,-0.00019939
ATOMUSD,1760860800001,-0.00042321
ATOMUSD,1760889600001,-0.0001834
ATOMUSD,1760918400004,-0.00031673
ATOMUSD,1760947200001,-0.00022204
ATOMUSD,1760976000000,-0.00022266
ATOMUSD,1761004800009,-0.00038704
ATOMUSD,1761033600000,-0.00040999
ATOMUSD,1761062400000,-0.0001381
ATOMUSD,1761091200004,-0.0002539
ATOMUSD,1761120000000,-0.00021408
ATOMUSD,1761148800000,-0.00013582
ATOMUSD,1761177600000,-0.00026413
ATOMUSD,1761206400001,-0.0003074
ATOMUSD,1761235200004,-0.00022729
ATOMUSD,1761264000000,-5.912e-05
ATOMUSD,1761292800000,-0.00024707
ATOMUSD,1761321600009,-0.00030239
ATOMUSD,1761350400000,-5.098e-05
ATOMUSD,1761379200001,-0.00026114
ATOMUSD,1761408000001,-0.00021412
ATOMUSD,1761436800001,-0.0002167
ATOMUSD,1761465600001,-0.00035633
ATOMUSD,1761494400000,-0.00012551
ATOMUSD,1761523200000,-5.485e-05
ATOMUSD,1761552000005,-9.123e-05
ATOMUSD,1761580800000,-0.00013249
ATOMUSD,1761609600000,-0.00026259
ATOMUSD,1761638400000,-0.00029204
ATOMUSD,1761667200004,-0.00028858
ATOMUSD,1761696000004,-0.00052317
ATOMUSD,1761724800005,-0.00046487
ATOMUSD,1761753600000,-0.00021388
ATOMUSD,1761782400004,-0.00065662
ATOMUSD,1761811200008,-0.00088282
ATOMUSD,1761840000001,-0.0014222
ATOMUSD,1761868800000,-0.002872
ATOMUSD,1761897600008,-0.00060426
ATOMUSD,1761926400007,-0.00084366
ATOMUSD,1761955200001,-0.00060503
ATOMUSD,1761984000000,-0.00060966
ATOMUSD,1762012800000,-0.0002364
ATOMUSD,1762041600007,-0.00023267
ATOMUSD,1762070400000,-0.00013142
ATOMUSD,1762099200001,-0.00049313
ATOMUSD,1762128000000,-0.00017386
ATOMUSD,1762156800010,-0.00111948
ATOMUSD,1762185600000,-0.00069469
ATOMUSD,1762214400002,-6.259e-05
ATOMUSD,1762243200004,-0.00054177
ATOMUSD,1762272000000,-0.00056022
ATOMUSD,1762300800000,-0.00028421
ATOMUSD,1762329600000,-5.495e-05
ATOMUSD,1762358400004,-0.00013919
ATOMUSD,1762387200001,-0.00024639
ATOMUSD,1762416000000,1.375e-05
ATOMUSD,1762444800001,-7.474e-05
ATOMUSD,1762473600005,-9.744e-05
ATOMUSD,1762502400003,-0.00018657
ATOMUSD,1762531200005,-0.00019741
ATOMUSD,1762560000011,1.573e-05
ATOMUSD,1762588800015,-3.65e-06
ATOMUSD,1762617600001,-1.769e-05
ATOMUSD,1762646400004,-0.00011109
ATOMUSD,1762675200000,-0.00013706
ATOMUSD,1762704000005,1.64e-06
ATOMUSD,1762732800000,-8.281e-05
ATOMUSD,1762761600000,-4.131e-05
ATOMUSD,1762790400003,-0.00019711
ATOMUSD,1762819200007,-0.00010813
ATOMUSD,1762848000000,-0.00010401
ATOMUSD,1762876800009,4.362e-05
ATOMUSD,1762905600000,-0.00017909
ATOMUSD,1762934400002,5.74e-06
ATOMUSD,1762963200000,-6.651e-05
ATOMUSD,1762992000002,-0.00033341
ATOMUSD,1763020800000,-0.00015165
ATOMUSD,1763049600001,-8.125e-05
ATOMUSD,1763078400000,-6.495e-05
ATOMUSD,1763107200000,2.671e-05
ATOMUSD,1763136000001,0.0001
ATOMUSD,1763164800005,-3.666e-05
ATOMUSD,1763193600000,2.683e-05
ATOMUSD,1763222400001,-0.00016145
ATOMUSD,1763251200001,-0.00016836
ATOMUSD,1763280000000,-3.516e-05
ATOMUSD,1763308800000,-0.00015292
ATOMUSD,1763337600003,-3.74e-05
ATOMUSD,1763366400003,-8.501e-05
ATOMUSD,1763395200000,5.635e-05
ATOMUSD,1763424000002,-6.87e-05
ATOMUSD,1763452800004,-3.801e-05
ATOMUSD,1763481600000,0.0001
ATOMUSD,1763510400000,2.999e-05
ATOMUSD,1763539200000,-9.405e-05
ATOMUSD,1763568000008,3.17e-05
ATOMUSD,1763596800000,8.651e-05
ATOMUSD,1763625600000,-0.00019067
ATOMUSD,1763654400000,0.0001
ATOMUSD,1763683200001,-0.00038458
ATOMUSD,1763712000000,-0.00012167
ATOMUSD,1763740800001,-0.00032553
ATOMUSD,1763769600004,-0.00014809
ATOMUSD,1763798400000,-4.897e-05
ATOMUSD,1763827200000,-0.00021216
ATOMUSD,1763856000000,-0.00032697
ATOMUSD,1763884800008,-0.00019202
ATOMUSD,1763913600003,-0.00044171
ATOMUSD,1763942400004,-0.00025312
ATOMUSD,1763971200000,-9.272e-05
ATOMUSD,1764000000006,-4.727e-05
ATOMUSD,1764028800000,-0.00027347
ATOMUSD,1764057600009,-0.00011912
ATOMUSD,1764086400007,-0.00014029
ATOMUSD,1764115200001,-5.4e-07
ATOMUSD,1764144000001,-0.00015809
ATOMUSD,1764172800000,-0.00013405
ATOMUSD,1764201600013,5.38e-05
ATOMUSD,1764230400000,-0.00013065
ATOMUSD,1764259200004,-8.394e-05
ATOMUSD,1764288000008,-0.00026802
ATOMUSD,1764316800000,-0.00024746
ATOMUSD,1764345600008,-9.966e-05
ATOMUSD,1764374400000,-5.977e-05
ATOMUSD,1764403200005,-0.00022099
ATOMUSD,1764432000001,-0.00052313
ATOMUSD,1764460800003,-5.053e-05
ATOMUSD,1764489600000,-0.0002432
ATOMUSD,1764518400004,-0.00028467
ATOMUSD,1764547200000,-0.00038897
ATOMUSD,1764576000004,-0.00047489
ATOMUSD,1764604800000,-4.057e-05
ATOMUSD,1764633600004,-0.00025112
ATOMUSD,1764662400000,-0.00022206
ATOMUSD,1764691200000,-6.624e-05
ATOMUSD,1764720000000,5.297e-05
ATOMUSD,1764748800000,-4.701e-05
ATOMUSD,1764777600005,-4.309e-05
ATOMUSD,1764806400012,-0.00016536
ATOMUSD,1764835200000,-0.00024523
ATOMUSD,1764864000011,-0.00016321
ATOMUSD,1764892800000,-0.00029902
ATOMUSD,1764921600000,-0.00031958
ATOMUSD,1764950400010,-0.00035188
ATOMUSD,1764979200001,-0.00061789
ATOMUSD,1765008000001,-0.00066711
ATOMUSD,1765036800008,-0.00045371
ATOMUSD,1765065600000,1.323e-05
ATOMUSD,1765094400004,-0.00017293
ATOMUSD,1765123200000,-0.00025106
ATOMUSD,1765152000000,-0.00046728
ATOMUSD,1765180800000,-0.00021141
ATOMUSD,1765209600001,-0.00023529
ATOMUSD,1765238400001,1.552e-05
ATOMUSD,1765267200001,-0.00012455
ATOMUSD,1765296000007,3.133e-05
ATOMUSD,1765324800007,-8.112e-05
ATOMUSD,1765353600002,-4.593e-05
ATOMUSD,1765382400012,3.127e-05
ATOMUSD,1765411200001,-7.452e-05
ATOMUSD,1765440000000,-0.00034047
ATOMUSD,1765468800000,-0.00016192
ATOMUSD,1765497600005,-0.0001327
ATOMUSD,1765526400007,-0.00021067
ATOMUSD,1765555200002,-0.00019276
ATOMUSD,1765584000001,-0.00029782
ATOMUSD,1765612800006,5.15e-06
ATOMUSD,1765641600000,0.0001
ATOMUSD,1765670400000,-2.691e-05
ATOMUSD,1765699200003,-0.00026659
ATOMUSD,1765728000005,-0.00017794
ATOMUSD,1765756800000,-0.00025846
ATOMUSD,1765785600000,-4.615e-05
ATOMUSD,1765814400000,-0.00018297
ATOMUSD,1765843200002,-0.00013769
ATOMUSD,1765872000000,-8.599e-05
ATOMUSD,1765900800002,7.466e-05
ATOMUSD,1765929600004,-6.08e-06
ATOMUSD,1765958400000,-2.516e-05
ATOMUSD,1765987200000,5.376e-05
ATOMUSD,1766016000005,-1.753e-05
ATOMUSD,1766044800007,-9.522e-05
ATOMUSD,1766073600001,-5.475e-05
ATOMUSD,1766102400000,-0.00024475
ATOMUSD,1766131200001,-5.937e-05
ATOMUSD,1766160000000,-7.592e-05
ATOMUSD,1766188800005,9.572e-05
ATOMUSD,1766217600000,5.986e-05
ATOMUSD,1766246400002,-6.927e-05
ATOMUSD,1766275200000,-8.249e-05
ATOMUSD,1766304000009,-6.397e-05
ATOMUSD,1766332800000,-0.00020462
ATOMUSD,1766361600000,-1.757e-05
ATOMUSD,1766390400005,1.236e-05
ATOMUSD,1766419200009,6.703e-05
ATOMUSD,1766448000000,-7.288e-05
ATOMUSD,1766476800000,-8.015e-05
ATOMUSD,1766505600001,-0.00022787
ATOMUSD,1766534400001,1.433e-05
ATOMUSD,1766563200001,-0.00014916
ATOMUSD,1766592000000,-1.109e-05
ATOMUSD,1766620800000,8.571e-05
ATOMUSD,1766649600001,0.0001
ATOMUSD,1766678400005,-3.251e-05
ATOMUSD,1766707200004,-0.00011731
ATOMUSD,1766736000001,1.216e-05
ATOMUSD,1766764800007,-8.46e-06
ATOMUSD,1766793600000,-2.263e-05
ATOMUSD,1766822400000,-2.565e-05
ATOMUSD,1766851200011,7.473e-05
ATOMUSD,1766880000008,6.969e-05
ATOMUSD,1766908800000,4.32e-06
ATOMUSD,1766937600000,2e-06
ATOMUSD,1766966400016,3.825e-05
ATOMUSD,1766995200001,-3.791e-05
ATOMUSD,1767024000000,-3.628e-05
ATOMUSD,1767052800005,7.618e-05
ATOMUSD,1767081600001,-2.924e-05
ATOMUSD,1767110400003,0.0001
ATOMUSD,1767139200004,-8.418e-05
ATOMUSD,1767168000001,2.88e-05
ATOMUSD,1767196800001,7.19e-06
ATOMUSD,1767225600008,7.378e-05
ATOMUSD,1767254400002,2.28e-06
ATOMUSD,1767283200001,9.112e-05
ATOMUSD,1767312000006,8.102e-05
ATOMUSD,1767340800007,-4.84e-06
ATOMUSD,1767369600000,-0.00027262
ATOMUSD,1767398400001,-0.00018941
ATOMUSD,1767427200000,1.749e-05
ATOMUSD,1767456000000,-0.00016876
ATOMUSD,1767484800000,-0.0001029
ATOMUSD,1767513600000,-7.84e-05
ATOMUSD,1767542400001,-8.185e-05
ATOMUSD,1767571200000,-7.6e-06
ATOMUSD,1767600000000,-1.808e-05
ATOMUSD,1767628800000,-1.762e-05
ATOMUSD,1767657600010,6.511e-05
ATOMUSD,1767686400000,7.591e-05
ATOMUSD,1767715200000,-6.562e-05
ATOMUSD,1767744000001,-9.294e-05
ATOMUSD,1767772800001,-2.27e-06
ATOMUSD,1767801600001,-0.00018124
ATOMUSD,1767830400001,-3.992e-05
ATOMUSD,1767859200000,-1.132e-05
ATOMUSD,1767888000000,-0.0001884
ATOMUSD,1767916800003,-0.00010666
ATOMUSD,1767945600000,-8.09e-05
ATOMUSD,1767974400001,-4.045e-05
ATOMUSD,1768003200000,-4.147e-05
ATOMUSD,1768032000002,-0.00012048
ATOMUSD,1768060800001,-2.95e-05
ATOMUSD,1768089600003,6.841e-05
ATOMUSD,1768118400006,4.414e-05
ATOMUSD,1768147200000,-7.437e-05
ATOMUSD,1768176000005,-0.00014563
ATOMUSD,1768204800000,-0.00011797
ATOMUSD,1768233600000,-0.00011197
ATOMUSD,1768262400007,-0.00010868
ATOMUSD,1768291200009,0.0001
ATOMUSD,1768320000002,6.951e-05
ATOMUSD,1768348800000,1.82e-05
ATOMUSD,1768377600001,-7.907e-05
ATOMUSD,1768406400004,-0.00016016
ATOMUSD,1768435200000,-0.00023129
ATOMUSD,1768464000004,-0.00011384
ATOMUSD,1768492800002,-7.91e-05
ATOMUSD,1768521600000,-0.00012748
ATOMUSD,1768550400000,-6.523e-05
ATOMUSD,1768579200001,-0.0002005
ATOMUSD,1768608000000,-4.097e-05
ATOMUSD,1768636800000,-4.458e-05
ATOMUSD,1768665600002,2.107e-05
ATOMUSD,1768694400001,-0.00015068
ATOMUSD,1768723200000,-0.00028792
ATOMUSD,1768752000000,-3.256e-05
ATOMUSD,1768780800007,-0.00015381
ATOMUSD,1768809600007,-8.832e-05
ATOMUSD,1768838400007,-7.677e-05
ATOMUSD,1768867200005,-4.663e-05
ATOMUSD,1768896000001,-1.896e-05
ATOMUSD,1768924800009,-1.81e-06
ATOMUSD,1768953600001,5.156e-05
ATOMUSD,1768982400011,2.089e-05
ATOMUSD,1769011200011,-9.36e-06
ATOMUSD,1769040000010,2.966e-05
ATOMUSD,1769068800003,6.028e-05
ATOMUSD,1769097600005,-0.00022692
ATOMUSD,1769126400005,1.96e-05
ATOMUSD,1769155200000,4.02e-05
ATOMUSD,1769184000011,-0.00013998
ATOMUSD,1769212800011,-0.00016052
ATOMUSD,1769241600002,-0.00013704
ATOMUSD,1769270400001,-9.558e-05
ATOMUSD,1769299200002,-0.00014498
ATOMUSD,1769328000011,-8.219e-05
ATOMUSD,1769356800005,-0.00010437
ATOMUSD,1769385600000,9.991e-05
ATOMUSD,1769414400003,3.875e-05
ATOMUSD,1769443200000,-5.687e-05
ATOMUSD,1769472000002,3.98e-06
ATOMUSD,1769500800000,4.542e-05
ATOMUSD,1769529600000,-6.876e-05
ATOMUSD,1769558400000,-6.133e-05
ATOMUSD,1769587200000,-8.919e-05
ATOMUSD,1769616000000,-0.00017486
ATOMUSD,1769644800000,0.0001
ATOMUSD,1769673600009,-0.0001028
ATOMUSD,1769702400000,-0.00022697
ATOMUSD,1769731200008,8.36e-06
ATOMUSD,1769760000000,-5.346e-05
ATOMUSD,1769788800001,-0.0001593
ATOMUSD,1769817600000,-8.661e-05
ATOMUSD,1769846400001,-5.269e-05
ATOMUSD,1769875200009,-0.00015417
ATOMUSD,1769904000001,-0.00026483
ATOMUSD,1769932800004,-0.0002214
ATOMUSD,1769961600000,-0.00023293
ATOMUSD,1769990400000,-0.00025729
ATOMUSD,1770019200014,-4.522e-05
ATOMUSD,1770048000000,-2.689e-05
ATOMUSD,1770076800000,-0.00021508
ATOMUSD,1770105600007,-3.737e-05
ATOMUSD,1770134400000,-0.00018238
ATOMUSD,1770163200002,-1.909e-05
ATOMUSD,1770192000007,4.02e-06
ATOMUSD,1770220800000,1.495e-05
ATOMUSD,1770249600011,1.854e-05
ATOMUSD,1770278400000,7.147e-05
ATOMUSD,1770307200007,4.188e-05
ATOMUSD,1770336000000,-0.00016728
ATOMUSD,1770364800001,-0.00027251
ATOMUSD,1770393600000,-0.00021416
ATOMUSD,1770422400003,5.733e-05
ATOMUSD,1770451200000,-2.403e-05
ATOMUSD,1770480000010,8.037e-05
ATOMUSD,1770508800003,4.131e-05
ATOMUSD,1770537600000,-2.094e-05
ATOMUSD,1770566400000,-1.354e-05
ATOMUSD,1770595200002,-1.412e-05
ATOMUSD,1770624000001,-5.3e-06
ATOMUSD,1770652800007,4.747e-05
ATOMUSD,1770681600000,7.314e-05
ATOMUSD,1770710400007,-0.00010309
ATOMUSD,1770739200000,-2.035e-05
ATOMUSD,1770768000000,-2.316e-05
ATOMUSD,1770796800006,-0.00021373
ATOMUSD,1770825600000,-0.00018016
ATOMUSD,1770854400000,-1.045e-05
ATOMUSD,1770883200001,0.0001
ATOMUSD,1770912000001,6.946e-05
ATOMUSD,1770940800007,4.293e-05
ATOMUSD,1770969600003,7.506e-05
ATOMUSD,1770998400005,-2.674e-05
ATOMUSD,1771027200002,4.644e-05
ATOMUSD,1771056000004,3.625e-05
ATOMUSD,1771084800002,0.0001
ATOMUSD,1771113600000,2.93e-05
ATOMUSD,1771142400002,2.163e-05
ATOMUSD,1771171200000,5.666e-05
ATOMUSD,1771200000001,5.87e-05
ATOMUSD,1771228800003,3.91e-06
ATOMUSD,1771257600000,-0.00021441
ATOMUSD,1771286400008,-0.00011927
ATOMUSD,1771315200001,-6.441e-05
ATOMUSD,1771344000002,2.701e-05
ATOMUSD,1771372800000,0.0001
ATOMUSD,1771401600000,-2.737e-05
ATOMUSD,1771430400011,-0.00019883
ATOMUSD,1771459200013,0.0001
ATOMUSD,1771488000000,-5.57e-05
ATOMUSD,1771516800003,0.0001
ATOMUSD,1771545600000,0.0001
ATOMUSD,1771574400000,1.641e-05
ATOMUSD,1771603200000,3.346e-05
ATOMUSD,1771632000004,8.067e-05
ATOMUSD,1771660800000,-5.559e-05
ATOMUSD,1771689600005,-0.00013006
ATOMUSD,1771718400001,-9.635e-05
ATOMUSD,1771747200004,-0.00017446
ATOMUSD,1771776000000,0.0001
ATOMUSD,1771804800001,-2.982e-05
ATOMUSD,1771833600000,1.079e-05
ATOMUSD,1771862400000,-8e-06
ATOMUSD,1771891200007,6.372e-05
ATOMUSD,1771920000000,7.068e-05
ATOMUSD,1771948800001,8.2e-05
ATOMUSD,1771977600001,6.076e-05
ATOMUSD,1772006400007,-0.00013677
ATOMUSD,1772035200000,3.598e-05
ATOMUSD,1772064000000,-0.0019703
ATOMUSD,1772092800006,-0.00367043
ATOMUSD,1772121600002,-0.00384723
ATOMUSD,1772150400007,-0.00204358
ATOMUSD,1772179200000,-0.00106219
ATOMUSD,1772208000001,-0.00089809
ATOMUSD,1772236800000,-0.00067959
ATOMUSD,1772265600000,-0.00099234
ATOMUSD,1772294400004,-0.00046138
ATOMUSD,1772323200005,-0.00069161
ATOMUSD,1772352000000,-0.00077749
ATOMUSD,1772380800002,-0.00121932
ATOMUSD,1772409600001,-0.00150108
ATOMUSD,1772438400007,-0.0015858
ATOMUSD,1772467200000,-0.00038852
ATOMUSD,1772496000000,-0.00035152
ATOMUSD,1772524800000,-0.00055334
ATOMUSD,1772553600007,-0.00018691
ATOMUSD,1772582400001,-0.00032562
ATOMUSD,1772611200005,-0.00043662
ATOMUSD,1772640000000,-0.00033404
ATOMUSD,1772668800000,-0.00039194
ATOMUSD,1772697600000,-0.00057548
ATOMUSD,1772726400004,-0.00036688
ATOMUSD,1772755200001,-0.00012591
ATOMUSD,1772784000001,-0.00042379
ATOMUSD,1772812800004,-0.0005383
ATOMUSD,1772841600001,-0.00087815
ATOMUSD,1772870400012,-0.00035198
ATOMUSD,1772899200001,-0.00038693
ATOMUSD,1772928000001,-0.00078498
ATOMUSD,1772956800000,-0.00067003
ATOMUSD,1772985600002,-0.00084623
ATOMUSD,1773014400000,-0.00105611
ATOMUSD,1773043200004,-0.00033685
ATOMUSD,1773072000003,-0.0002138
ATOMUSD,1773100800012,-0.00049068
ATOMUSD,1773129600002,-0.00026399
ATOMUSD,1773158400001,-0.00027955
ATOMUSD,1773187200000,-0.00020371
ATOMUSD,1773216000007,7.04e-06
ATOMUSD,1773244800010,5.38e-06
ATOMUSD,1773273600000,-0.00025038
ATOMUSD,1773302400000,-2.597e-05
ATOMUSD,1773331200000,-0.00020617
ATOMUSD,1773360000006,-8.746e-05
ATOMUSD,1773388800001,-5.574e-05
ATOMUSD,1773417600000,-2.975e-05
ATOMUSD,1773446400001,7.31e-06
ATOMUSD,1773475200000,-0.00014848
ATOMUSD,1773504000007,-0.0001584
ATOMUSD,1773532800000,2.254e-05
ATOMUSD,1773561600000,-0.00017094
ATOMUSD,1773590400000,-9.635e-05
ATOMUSD,1773619200000,-9.468e-05
ATOMUSD,1773648000010,-0.00013585
ATOMUSD,1773676800000,4.167e-05
ATOMUSD,1773705600000,-0.00017095
ATOMUSD,1773734400002,-7.041e-05
ATOMUSD,1773763200011,-0.00034634
ATOMUSD,1773792000002,-7.073e-05
ATOMUSD,1773820800002,4.906e-05
ATOMUSD,1773849600005,-9.443e-05
ATOMUSD,1773878400000,-0.00018881
ATOMUSD,1773907200003,-0.00021595
ATOMUSD,1773936000003,-2.752e-05
ATOMUSD,1773964800002,-9.189e-05
ATOMUSD,1773993600000,2.705e-05
ATOMUSD,1774022400000,9.61e-06
ATOMUSD,1774051200000,6.594e-05
ATOMUSD,1774080000000,-8.493e-05
ATOMUSD,1774108800014,-1.825e-05
ATOMUSD,1774137600012,-0.00028151
ATOMUSD,1774166400007,-0.00033306
ATOMUSD,1774195200002,-0.00014491
ATOMUSD,1774224000000,-0.00031415
ATOMUSD,1774252800003,-4.87e-05
ATOMUSD,1774281600002,-7.833e-05
ATOMUSD,1774310400000,-0.00028048
ATOMUSD,1774339200000,-0.00015219
ATOMUSD,1774368000003,-3.719e-05
ATOMUSD,1774396800000,0.0001
ATOMUSD,1774425600000,-0.00019365
ATOMUSD,1774454400013,-0.00038201
ATOMUSD,1774483200001,-0.00017203
ATOMUSD,1774512000001,-0.00058967
ATOMUSD,1774540800000,-0.00022837
ATOMUSD,1774569600006,-0.0003519
ATOMUSD,1774598400000,5.909e-05
ATOMUSD,1774627200000,-0.00046541
ATOMUSD,1774656000005,-0.00033419
ATOMUSD,1774684800005,-0.00014159
ATOMUSD,1774713600000,-6.694e-05
ATOMUSD,1774742400003,-0.00033135
ATOMUSD,1774771200001,-0.00023645
ATOMUSD,1774800000000,-0.00025053
ATOMUSD,1774828800000,-0.00039252
ATOMUSD,1774857600005,-2.4e-07
ATOMUSD,1774886400000,-0.00013845
ATOMUSD,1774915200000,-4.281e-05
ATOMUSD,1774944000000,-6.294e-05
ATOMUSD,1774972800000,3.402e-05
ATOMUSD,1775001600000,-0.0001058
ATOMUSD,1775030400000,-0.00012575
ATOMUSD,1775059200000,0.0001
ATOMUSD,1775088000003,-0.00027666
ATOMUSD,1775116800001,-0.00026463
ATOMUSD,1775145600001,-0.00035949
ATOMUSD,1775174400000,-7.572e-05
ATOMUSD,1775203200008,0.0001
ATOMUSD,1775232000008,5.765e-05
ATOMUSD,1775260800000,7.008e-05
ATOMUSD,1775289600003,-7.569e-05
ATOMUSD,1775318400000,-7.941e-05
ATOMUSD,1775347200008,-0.00015351
ATOMUSD,1775376000000,-8.179e-05
ATOMUSD,1775404800001,-0.00026967
ATOMUSD,1775433600004,4.507e-05
ATOMUSD,1775462400001,-0.00032241
ATOMUSD,1775491200003,3.396e-05
ATOMUSD,1775520000000,-0.00011825
ATOMUSD,1775548800000,-8.321e-05
ATOMUSD,1775577600000,-0.00016225
ATOMUSD,1775606400000,0.0001
ATOMUSD,1775635200000,0.0001
ATOMUSD,1775664000006,8.932e-05
ATOMUSD,1775692800000,1.692e-05
ATOMUSD,1775721600010,5.693e-05
ATOMUSD,1775750400001,-4.098e-05
ATOMUSD,1775779200000,-5.511e-05
ATOMUSD,1775808000005,0.0001
ATOMUSD,1775836800000,5.311e-05
ATOMUSD,1775865600000,-3.716e-05
ATOMUSD,1775894400000,5.208e-05
ATOMUSD,1775923200003,-0.0002387
ATOMUSD,1775952000000,-0.00027213
ATOMUSD,1775980800000,-8.838e-05
ATOMUSD,1776009600000,-0.00022816
ATOMUSD,1776038400011,1.762e-05
ATOMUSD,1776067200006,4.153e-05
ATOMUSD,1776096000000,-0.0001859
ATOMUSD,1776124800005,9.537e-05
ATOMUSD,1776153600003,-0.00023765
ATOMUSD,1776182400001,-0.00012189
ATOMUSD,1776211200000,7.455e-05
ATOMUSD,1776240000000,-7.468e-05
ATOMUSD,1776268800000,-0.00010123
ATOMUSD,1776297600013,4.03e-05
ATOMUSD,1776326400000,0.0001
ATOMUSD,1776355200000,-3.584e-05
ATOMUSD,1776384000001,-6.489e-05
ATOMUSD,1776412800011,6.052e-05
ATOMUSD,1776441600001,-7.682e-05
ATOMUSD,1776470400001,-7.92e-06
ATOMUSD,1776499200006,5.67e-05
ATOMUSD,1776528000000,-2.191e-05
ATOMUSD,1776556800002,8.486e-05
ATOMUSD,1776585600010,-0.00019898
ATOMUSD,1776614400001,-0.0001267
ATOMUSD,1776643200000,-0.00011984
ATOMUSD,1776672000000,1.413e-05
ATOMUSD,1776700800001,5.205e-05
ATOMUSD,1776729600000,8.986e-05
ATOMUSD,1776758400004,2.529e-05
ATOMUSD,1776787200004,0.0001
ATOMUSD,1776816000004,0.0001
ATOMUSD,1776844800000,0.0001
ATOMUSD,1776873600000,6.3e-07
ATOMUSD,1776902400000,4.875e-05
ATOMUSD,1776931200000,3.427e-05
ATOMUSD,1776960000004,6.175e-05
ATOMUSD,1776988800006,0.0001
ATOMUSD,1777017600000,9.487e-05
ATOMUSD,1777046400000,9.188e-05
ATOMUSD,1777075200000,5.268e-05
ATOMUSD,1777104000002,0.0001
ATOMUSD,1777132800002,4.498e-05
ATOMUSD,1777161600003,1.528e-05
ATOMUSD,1777190400007,1.159e-05
ATOMUSD,1777219200004,8.282e-05
ATOMUSD,1777248000004,-3.623e-05
ATOMUSD,1777276800000,2.827e-05
ATOMUSD,1777305600002,2.9e-06
ATOMUSD,1777334400001,7.76e-05
ATOMUSD,1777363200000,8.227e-05
ATOMUSD,1777392000004,0.0001
ATOMUSD,1777420800006,-9.6e-07
ATOMUSD,1777449600011,-1.285e-05
ATOMUSD,1777478400003,-2.882e-05
ATOMUSD,1777507200002,-2.65e-06
ATOMUSD,1777536000000,9.475e-05
ATOMUSD,1777564800000,-9.915e-05
ATOMUSD,1777593600000,3.874e-05
ATOMUSD,1777622400005,-8.088e-05
ATOMUSD,1777651200000,8.048e-05
ATOMUSD,1777680000006,4.057e-05
ATOMUSD,1777708800000,-0.00012177
ATOMUSD,1777737600010,-1.138e-05
ATOMUSD,1777766400005,2.829e-05
ATOMUSD,1777795200003,-1.079e-05
ATOMUSD,1777824000000,-5.777e-05
ATOMUSD,1777852800000,-9.058e-05
ATOMUSD,1777881600000,-5.896e-05
ATOMUSD,1777910400003,-6.247e-05
ATOMUSD,1777939200000,2.402e-05
ATOMUSD,1777968000011,6.525e-05
ATOMUSD,1777996800000,-0.00015363
ATOMUSD,1778025600010,-0.00019336
ATOMUSD,1778054400000,5.061e-05
ATOMUSD,1778083200002,-3.041e-05
ATOMUSD,1778112000000,-4.93e-05
ATOMUSD,1778140800000,-0.00010184
ATOMUSD,1778169600004,-3.551e-05
ATOMUSD,1778198400003,-1.97e-05
ATOMUSD,1778227200002,-0.00019068
ATOMUSD,1778256000003,-8.859e-05
ATOMUSD,1778284800000,7.975e-05
ATOMUSD,1778313600001,0.0001
ATOMUSD,1778342400002,2.797e-05
ATOMUSD,1778371200003,2.802e-05
ATOMUSD,1778400000000,-0.00015547
ATOMUSD,1778428800000,-2.1e-07
ATOMUSD,1778457600000,-1.392e-05
ATOMUSD,1778486400000,-6.48e-05
ATOMUSD,1778515200000,-0.00010764
ATOMUSD,1778544000002,-7.489e-05
ATOMUSD,1778572800008,-4.376e-05
ATOMUSD,1778601600000,-0.00013008
ATOMUSD,1778630400010,-5.496e-05
ATOMUSD,1778659200003,-8.198e-05
ATOMUSD,1778688000001,-6.216e-05
ATOMUSD,1778716800005,-8.883e-05
ATOMUSD,1778745600000,7.736e-05
ATOMUSD,1778774400000,6.66e-05
ATOMUSD,1778803200000,-6.485e-05
ATOMUSD,1778832000016,-0.00011938
ATOMUSD,1778860800012,-0.00018353
ATOMUSD,1778889600005,-0.00012043
ATOMUSD,1778918400000,-0.00018279
ATOMUSD,1778947200005,6.983e-05
ATOMUSD,1778976000000,0.0001
ATOMUSD,1779004800010,5.748e-05
ATOMUSD,1779033600009,-3.045e-05
ATOMUSD,1779062400007,7.181e-05
ATOMUSD,1779091200002,-2.225e-05
ATOMUSD,1779120000007,0.0001
ATOMUSD,1779148800001,7.766e-05
ATOMUSD,1779177600001,7.735e-05
ATOMUSD,1779206400009,7.432e-05
ATOMUSD,1779235200001,7.507e-05
ATOMUSD,1779264000006,-0.00010127
ATOMUSD,1779292800000,0.0001
ATOMUSD,1779321600001,-7.854e-05
ATOMUSD,1779350400000,0.0001
ATOMUSD,1779379200000,3.435e-05
ATOMUSD,1779408000000,0.0001
ATOMUSD,1779436800004,0.0001
ATOMUSD,1779465600001,6.899e-05
ATOMUSD,1779494400009,2.34e-06
ATOMUSD,1779523200001,6.279e-05
ATOMUSD,1779552000003,1.594e-05
ATOMUSD,1779580800011,9.351e-05
ATOMUSD,1779609600008,-3.781e-05
ATOMUSD,1779638400000,3.95e-06
ATOMUSD,1779667200001,-1.294e-05
ATOMUSD,1779696000001,0.0001
ATOMUSD,1779724800001,0.0001
ATOMUSD,1779753600000,0.0001
ATOMUSD,1779782400003,2.079e-05
ATOMUSD,1779811200000,5.28e-06
ATOMUSD,1779840000000,8.041e-05
ATOMUSD,1779868800004,0.0001
ATOMUSD,1779897600009,4.979e-05
ATOMUSD,1779926400001,6.51e-06
ATOMUSD,1779955200000,2.111e-05
ATOMUSD,1779984000001,-0.0001559
ATOMUSD,1780012800000,-0.00011297
ATOMUSD,1780041600001,-1.966e-05
ATOMUSD,1780070400008,-4.664e-05
ATOMUSD,1780099200000,3.113e-05
ATOMUSD,1780128000001,-4.928e-05
ATOMUSD,1780156800000,-4.761e-05
ATOMUSD,1780185600000,-0.00019514
ATOMUSD,1780214400000,-0.00013016
ATOMUSD,1780243200004,-4.032e-05
ATOMUSD,1780272000001,-0.00013399
ATOMUSD,1780300800001,-0.00018035
ATOMUSD,1780329600000,-9.45e-06
ATOMUSD,1780358400000,-0.00016972
ATOMUSD,1780387200000,-0.00029629
ATOMUSD,1780416000000,-0.00017535
ATOMUSD,1780444800013,-0.00029239
ATOMUSD,1780473600000,-7.673e-05
ATOMUSD,1780502400001,-5.202e-05
ATOMUSD,1780531200009,-5.3e-07
ATOMUSD,1780560000000,-9.483e-05
ATOMUSD,1780588800003,-0.00024189
ATOMUSD,1780617600000,-0.00016591
ATOMUSD,1780646400004,-0.00018825
ATOMUSD,1780675200009,-0.00016992
ATOMUSD,1780704000000,-0.00017536
ATOMUSD,1780732800000,-0.0004844
ATOMUSD,1780761600000,-0.00031934
ATOMUSD,1780790400001,-0.00033906
ATOMUSD,1780819200000,-0.00032397
ATOMUSD,1780848000000,-0.0002002
ATOMUSD,1780876800000,-0.00015746
ATOMUSD,1780905600005,2e-07
ATOMUSD,1780934400004,-0.00018047
ATOMUSD,1780963200000,-0.00019611
ATOMUSD,1780992000000,-7.372e-05
ATOMUSD,1781020800001,-0.00011406
ATOMUSD,1781049600001,8.182e-05
ATOMUSD,1781078400011,2.024e-05
ATOMUSD,1781107200009,-2.971e-05
ATOMUSD,1781136000000,-0.00014642
ATOMUSD,1781164800004,-7.666e-05
ATOMUSD,1781193600000,9.373e-05
ATOMUSD,1781222400000,7.969e-05
ATOMUSD,1781251200000,5.224e-05
ATOMUSD,1781280000000,8.013e-05
ATOMUSD,1781308800000,6.596e-05
ATOMUSD,1781337600007,3.802e-05
ATOMUSD,1781366400002,-1.355e-05
ATOMUSD,1781395200005,-9.647e-05
ATOMUSD,1781424000009,-4.069e-05
ATOMUSD,1781452800000,-0.00012761
ATOMUSD,1781481600013,1.216e-05
ATOMUSD,1781510400013,2.215e-05
ATOMUSD,1781539200004,1.862e-05
ATOMUSD,1781568000000,-0.00014439
ATOMUSD,1781596800000,-7.663e-05
ATOMUSD,1781625600001,4.165e-05
ATOMUSD,1781654400012,3.352e-05
ATOMUSD,1781683200000,-0.00012718
ATOMUSD,1781712000000,0.0001
ATOMUSD,1781740800002,1.69e-05
ATOMUSD,1781769600000,-0.00012727
ATOMUSD,1781798400001,-0.00030606
ATOMUSD,1781827200005,-0.00021351
ATOMUSD,1781856000001,-9.488e-05
ATOMUSD,1781884800001,-6.967e-05
ATOMUSD,1781913600001,-2.11e-05
ATOMUSD,1781942400000,-5.227e-05
ATOMUSD,1781971200001,-0.00019165
ATOMUSD,1782000000000,-7.91e-06
ATOMUSD,1782028800000,-0.00011296
ATOMUSD,1782057600000,-0.00014606
ATOMUSD,1782086400000,-2.905e-05
ATOMUSD,1782115200000,-0.00015939
ATOMUSD,1782144000002,-7.816e-05
ATOMUSD,1782172800003,3.218e-05
ATOMUSD,1782201600005,-0.00018245
ATOMUSD,1782230400002,2.38e-06
ATOMUSD,1782259200005,-6.775e-05
ATOMUSD,1782288000005,-0.00022204
ATOMUSD,1782316800003,-6.502e-05
ATOMUSD,1782345600000,-7.673e-05
ATOMUSD,1782374400000,-0.00018522
ATOMUSD,1782403200000,-0.00013942
ATOMUSD,1782432000010,-7.7e-06
ATOMUSD,1782460800002,-5.895e-05
ATOMUSD,1782489600000,-2.503e-05
ATOMUSD,1782518400000,2.339e-05
ATOMUSD,1782547200000,-6.855e-05
ATOMUSD,1782576000009,-0.00013982
ATOMUSD,1782604800000,-3.307e-05
ATOMUSD,1782633600013,-0.00030083
ATOMUSD,1782662400000,-8.992e-05
ATOMUSD,1782691200006,7.37e-06
ATOMUSD,1782720000013,-0.00015273
ATOMUSD,1782748800004,-9.726e-05
ATOMUSD,1782777600000,-1.098e-05
ATOMUSD,1782806400000,-0.00013612
ATOMUSD,1782835200005,-0.00019107
ATOMUSD,1782864000000,9.029e-05
ATOMUSD,1782892800000,-2.583e-05
ATOMUSD,1782921600000,-7.87e-05
ATOMUSD,1782950400000,-0.0001671
ATOMUSD,1782979200000,-8.05e-05
ATOMUSD,1783008000000,-0.00014821
ATOMUSD,1783036800000,-0.00013253
ATOMUSD,1783065600007,-0.00014211
ATOMUSD,1783094400000,-4.35e-06
ATOMUSD,1783123200000,-0.00017571
ATOMUSD,1783152000000,-0.00021888
ATOMUSD,1783180800007,-0.00013994
ATOMUSD,1783209600003,-0.00016842
ATOMUSD,1783238400001,-0.00047488
ATOMUSD,1783267200000,-0.0002114
ATOMUSD,1783296000000,-8.893e-05
ATOMUSD,1783324800000,-0.00023028
ATOMUSD,1783353600000,-5.242e-05
ATOMUSD,1783382400000,2.34e-05
ATOMUSD,1783411200000,-6.96e-05
ATOMUSD,1783440000000,-0.00014036
ATOMUSD,1783468800000,-0.00018575
ATOMUSD,1783497600000,-0.00022372
ATOMUSD,1783526400000,-0.00034487
ATOMUSD,1783555200000,-0.00021898
ATOMUSD,1783584000001,-0.0001364
ATOMUSD,1783612800001,-7.483e-05
ATOMUSD,1783641600000,-0.00015724
ATOMUSD,1783670400005,-0.00014545
ATOMUSD,1783699200005,-3.49e-06
ATOMUSD,1783728000000,-7.4e-06
ATOMUSD,1783756800000,1.212e-05
ATOMUSD,1783785600000,-2.315e-05
ATOMUSD,1783814400000,-0.00011029
ATOMUSD,1783843200003,-0.00018232
ATOMUSD,1783872000000,-0.0002443
ATOMUSD,1783900800000,-0.00028676
ATOMUSD,1783929600001,-0.00024263
ATOMUSD,1783958400004,-0.0003862
ATOMUSD,1783987200000,-0.00010068
ATOMUSD,1784016000002,-5.375e-05
ATOMUSD,1784044800001,-0.00016599
ATOMUSD,1784073600005,-3.92e-05
ATOMUSD,1784102400002,-1.3e-06
ATOMUSD,1784131200000,-3.538e-05
ATOMUSD,1784160000000,-3.897e-05
ATOMUSD,1784188800003,-9.18e-05
ATOMUSD,1784217600002,-2.223e-05
ATOMUSD,1784246400000,-8.119e-05
ATOMUSD,1784275200010,-0.00023916
ATOMUSD,1784304000004,-0.00021101
ATOMUSD,1784332800000,7.636e-05
ATOMUSD,1784361600000,-4.828e-05
ATOMUSD,1784390400001,-0.00039423
ATOMUSD,1784419200003,-0.00021343
ATOMUSD,1784448000000,-1.631e-05
ATOMUSD,1784476800001,-0.00012155
ATOMUSD,1784505600000,-0.00018217
ATOMUSD,1784534400001,-0.00025168
ATOMUSD,1784563200004,-4.551e-05
ATOMUSD,1784592000001,9.491e-05
ATOMUSD,1784620800000,7.226e-05
ATOMUSD,1784649600002,-5.275e-05
ATOMUSD,1784678400000,-0.00010176
ATOMUSD,1784707200000,-0.00016981
ATOMUSD,1784736000001,-0.00019347
ATOMUSD,1784764800000,-0.00010421
ATOMUSD,1784793600000,-0.00016631
ATOMUSD,1784822400000,-8e-06
ATOMUSD,1784851200000,-0.000134
ATOMUSD,1784880000000,5.403e-05
ATOMUSD,1784908800008,-0.00023859
ATOMUSD,1784937600002,-1.8e-07
ATOMUSD,1784966400000,-5.742e-05
ATOMUSD,1784995200000,4.416e-05
ATOMUSD,1785024000000,-0.00011329
ATOMUSD,1785052800002,2.308e-05
ATOMUSD,1785081600000,8.296e-05
ATOMUSD,1785110400010,1.284e-05
ATOMUSD,1785139200000,-9.519e-05
ATOMUSD,1785168000001,-0.00012599
ATOMUSD,1785196800000,-0.00010696
ATOMUSD,1785225600000,-0.00022643
ATOMUSD,1785254400000,-0.00025543
ATOMUSD,1785283200000,3.269e-05
ATOMUSD,1785312000002,-0.00010628
ATOMUSD,1785340800000,-0.00019138
ATOMUSD,1785369600000,-0.00012999
ATOMUSD,1785398400000,-7.551e-05
ATOMUSD,1785427200000,-3.278e-05
ATOMUSD,1785456000003,-5.294e-05
ATOMUSD,1785484800000,-8.29e-05
ATOMUSD,1785513600000,-0.00012165
ATOMUSD,1785542400001,-2.046e-05
ATOMUSD,1785571200000,-3.98e-05
ATOMUSD,1785600000000,5.09e-06
ATOMUSD,1785628800000,-3.959e-05
ATOMUSD,1785657600000,-1.318e-05
ATOMUSD,1785686400000,1.15e-06
ATOMUSD,1785715200000,-6.068e-05
ATOMUSD,1785744000000,-3.217e-05
ATOMUSD,1785772800000,-4.611e-05
ATOMUSD,1785801600004,7.352e-05
ATOMUSD,1785830400002,-9.022e-05
ATOMUSD,1785859200000,-1.634e-05
ATOMUSD,1785888000003,0.0001
ATOMUSD,1785916800004,7.994e-05
ATOMUSD,1785945600000,1.77e-06
ATOMUSD,1785974400002,1.541e-05
ATOMUSD,1786003200000,6.482e-05
ATOMUSD,1786032000000,2.16e-05
ATOMUSD,1786060800000,-3.254e-05
ATOMUSD,1786089600000,8.956e-05
ATOMUSD,1786118400000,-1.805e-05
ATOMUSD,1786147200001,0.0001
ATOMUSD,1786176000000,-3.802e-05
ATOMUSD,1786204800002,4.569e-05
ATOMUSD,1786233600000,0.0001
ATOMUSD,1786262400005,4.499e-05
ATOMUSD,1786291200000,0.0001
ATOMUSD,1786320000001,1.632e-05
ATOMUSD,1786348800005,7.76e-06
ATOMUSD,1786377600000,7.386e-05
ATOMUSD,1786406400000,2.292e-05
ATOMUSD,1786435200006,6.807e-05
ATOMUSD,1786464000000,5.532e-05
ATOMUSD,1786492800001,-3.41e-06
ATOMUSD,1786521600000,1.476e-05
ATOMUSD,1786550400000,-1.49e-06
ATOMUSD,1786579200000,0.0001
ATOMUSD,1786608000000,0.0001
ATOMUSD,1786636800000,-9.795e-05
ATOMUSD,1786665600000,-0.00018049
ATOMUSD,1786694400001,-2.027e-05
ATOMUSD,1786723200001,3.612e-05
ATOMUSD,1786752000003,7.888e-05
ATOMUSD,1786780800002,0.0001
ATOMUSD,1786809600000,0.0001
ATOMUSD,1786838400000,0.0001
ATOMUSD,1786867200002,-4.041e-05
ATOMUSD,1786896000000,-2.062e-05
ATOMUSD,1786924800001,6.021e-05
ATOMUSD,1786953600003,0.0001
ATOMUSD,1786982400005,-5.714e-05
ATOMUSD,1787011200006,-6.284e-05
ATOMUSD,1787040000001,3.27e-06
ATOMUSD,1787068800003,-0.00036951
ATOMUSD,1787097600000,-4.136e-05
ATOMUSD,1787126400000,7.393e-05
ATOMUSD,1787155200004,-3.121e-05
ATOMUSD,1787184000001,5.167e-05
ATOMUSD,1787212800000,-6.193e-05
ATOMUSD,1787241600005,-2.741e-05
ATOMUSD,1787270400004,-0.00010877
ATOMUSD,1787299200000,0.0001
ATOMUSD,1787328000001,0.0001
ATOMUSD,1787356800000,-4.87e-05
ATOMUSD,1787385600000,0.0001
ATOMUSD,1787414400000,-7.81e-06
ATOMUSD,1787443200000,1.048e-05
ATOMUSD,1787472000000,1.82e-06
ATOMUSD,1787500800006,4.238e-05
ATOMUSD,1787529600001,-7.388e-05
ATOMUSD,1787558400002,3.56e-06
ATOMUSD,1787587200000,9.426e-05
ATOMUSD,1787616000001,-9.086e-05
ATOMUSD,1787644800000,-0.00026346
ATOMUSD,1787673600005,-8.539e-05
ATOMUSD,1787702400000,-0.00015514
ATOMUSD,1787731200005,3.861e-05
ATOMUSD,1787760000000,-1.062e-05
ATOMUSD,1787788800000,-3.25e-06
ATOMUSD,1787817600000,-0.00011969
ATOMUSD,1787846400013,-0.00025643
ATOMUSD,1787875200026,-4.63e-05
ATOMUSD,1787904000000,-2.327e-05
ATOMUSD,1787932800001,-0.00017741
ATOMUSD,1787961600000,-0.00033153
ATOMUSD,1787990400000,-0.00027525
ATOMUSD,1788019200002,-0.0002491
ATOMUSD,1788048000000,-2.125e-05
ATOMUSD,1788076800000,-0.00011646
ATOMUSD,1788105600001,-0.00018524
ATOMUSD,1788134400002,-0.00022429
ATOMUSD,1788163200002,-0.00028078
ATOMUSD,1788192000001,-6.031e-05
