symbol,fundingTime,fundingRate
ETCUSD,1579161600000,0.0001
ETCUSD,1579190400000,0.0001
ETCUSD,1579219200000,0.0001
ETCUSD,1579248000000,0.00039602
ETCUSD,1579276800000,0.00042811
ETCUSD,1579305600001,0.00482591
ETCUSD,1579334400001,0.00060635
ETCUSD,1579363200000,0.00021154
ETCUSD,1579392000000,0.00047428
ETCUSD,1579420800000,0.0001
ETCUSD,1579449600000,0.0001
ETCUSD,1579478400000,0.0001
ETCUSD,1579507200000,0.0001
ETCUSD,1579536000000,0.0001
ETCUSD,1579564800000,0.0001
ETCUSD,1579593600000,0.0001
ETCUSD,1579622400000,0.0001
ETCUSD,1579651200000,0.0001
ETCUSD,1579680000001,0.0001
ETCUSD,1579708800000,0.0001
ETCUSD,1579737600000,0.0001
ETCUSD,1579766400000,0.0001
ETCUSD,1579795200000,0.0001
ETCUSD,1579824000000,0.0001
ETCUSD,1579852800000,0.0001
ETCUSD,1579881600001,0.0001
ETCUSD,1579910400000,0.0001
ETCUSD,1579939200000,0.0001
ETCUSD,1579968000001,0.00019893
ETCUSD,1579996800000,0.0001
ETCUSD,1580025600000,0.0001
ETCUSD,1580054400000,-0.00024741
ETCUSD,1580083200000,-0.0003151
ETCUSD,1580112000001,-0.00022022
ETCUSD,1580140800000,-0.00031241
ETCUSD,1580169600000,0.0001
ETCUSD,1580198400000,0.0001
ETCUSD,1580227200000,0.0001
ETCUSD,1580256000001,0.0001
ETCUSD,1580284800000,6.46e-05
ETCUSD,1580313600002,0.0001
ETCUSD,1580342400000,0.0001
ETCUSD,1580371200000,0.0001
ETCUSD,1580400000000,0.0001
ETCUSD,1580428800000,0.00022897
ETCUSD,1580457600000,0.00020827
ETCUSD,1580486400000,0.00048118
ETCUSD,1580515200000,0.00047746
ETCUSD,1580544000000,0.0001
ETCUSD,1580572800000,0.0001
ETCUSD,1580601600000,0.0001
ETCUSD,1580630400000,0.00013162
ETCUSD,1580659200000,0.00019412
ETCUSD,1580688000000,0.00098812
ETCUSD,1580716800000,0.00076144
ETCUSD,1580745600000,0.00093712
ETCUSD,1580774400000,0.0007927
ETCUSD,1580803200001,0.0008711
ETCUSD,1580832000000,0.00116544
ETCUSD,1580860800002,0.00062561
ETCUSD,1580889600000,0.00072472
ETCUSD,1580918400000,0.00093187
ETCUSD,1580947200000,0.00260386
ETCUSD,1580976000000,0.00161721
ETCUSD,1581004800000,0.00095361
ETCUSD,1581033600000,0.00028066
ETCUSD,1581062400000,0.0001
ETCUSD,1581091200001,0.00012638
ETCUSD,1581120000000,0.00032524
ETCUSD,1581148800000,0.00012468
ETCUSD,1581177600000,0.00063193
ETCUSD,1581206400000,0.00078225
ETCUSD,1581235200000,0.00139544
ETCUSD,1581264000000,0.00107473
ETCUSD,1581292800000,0.00083397
ETCUSD,1581321600000,0.0007394
ETCUSD,1581350400009,0.00057045
ETCUSD,1581379200000,0.00086052
ETCUSD,1581408000000,0.00046639
ETCUSD,1581436800000,0.00126962
ETCUSD,1581465600000,0.00287374
ETCUSD,1581494400001,0.00484806
ETCUSD,1581523200000,0.00222075
ETCUSD,1581552000001,0.00168905
ETCUSD,1581580800000,0.00171046
ETCUSD,1581609600000,0.00045888
ETCUSD,1581638400000,0.00053769
ETCUSD,1581667200000,0.00059702
ETCUSD,1581696000000,0.00123915
ETCUSD,1581724800000,0.00161648
ETCUSD,1581753600000,0.00126106
ETCUSD,1581782400000,0.00125426
ETCUSD,1581811200000,0.0001
ETCUSD,1581840000000,0.0001
ETCUSD,1581868800000,0.0001
ETCUSD,1581897600000,0.0001
ETCUSD,1581926400000,0.0001
ETCUSD,1581955200000,0.0001
ETCUSD,1581984000000,0.0001
ETCUSD,1582012800000,0.0001
ETCUSD,1582041600000,0.0001
ETCUSD,1582070400000,0.0001
ETCUSD,1582099200001,0.0001
ETCUSD,1582128000000,0.000498
ETCUSD,1582156800004,0.00049528
ETCUSD,1582185600000,0.0001
ETCUSD,1582214400000,0.0001
ETCUSD,1582243200000,0.0001
ETCUSD,1582272000000,0.0001
ETCUSD,1582300800000,0.0001
ETCUSD,1582329600000,0.0001
ETCUSD,1582358400001,0.0001
ETCUSD,1582387200000,0.0001
ETCUSD,1582416000000,0.0001
ETCUSD,1582444800000,0.0001
ETCUSD,1582473600000,0.0001
ETCUSD,1582502400015,0.00119736
ETCUSD,1582531200000,0.00054228
ETCUSD,1582560000000,0.0001764
ETCUSD,1582588800001,0.00067022
ETCUSD,1582617600000,0.00049266
ETCUSD,1582646400001,0.00089243
ETCUSD,1582675200000,0.0004146
ETCUSD,1582704000001,0.00014136
ETCUSD,1582732800000,0.0001
ETCUSD,1582761600001,0.0001
ETCUSD,1582790400001,0.0001
ETCUSD,1582819200000,0.0001
ETCUSD,1582848000000,0.0001
ETCUSD,1582876800000,0.00021259
ETCUSD,1582905600000,0.00045876
ETCUSD,1582934400000,0.000705
ETCUSD,1582963200000,0.0008079
ETCUSD,1582992000000,0.00048493
ETCUSD,1583020800000,0.00016893
ETCUSD,1583049600000,0.00059079
ETCUSD,1583078400001,0.00014664
ETCUSD,1583107200000,0.00043506
ETCUSD,1583136000000,0.00024134
ETCUSD,1583164800004,0.0001
ETCUSD,1583193600000,0.0001
ETCUSD,1583222400003,0.0001
ETCUSD,1583251200000,0.0001
ETCUSD,1583280000002,0.0001
ETCUSD,1583308800000,0.0001
ETCUSD,1583337600001,0.0001
ETCUSD,1583366400000,0.0001
ETCUSD,1583395200000,0.0001
ETCUSD,1583424000000,0.00036322
ETCUSD,1583452800003,0.00019557
ETCUSD,1583481600000,0.00035838
ETCUSD,1583510400000,0.00020615
ETCUSD,1583539200000,0.0001754
ETCUSD,1583568000001,0.0001
ETCUSD,1583596800000,0.00032105
ETCUSD,1583625600001,0.0001
ETCUSD,1583654400000,0.0001
ETCUSD,1583683200006,0.0001
ETCUSD,1583712000000,-0.00045054
ETCUSD,1583740800000,5.962e-05
ETCUSD,1583769600000,-0.00011503
ETCUSD,1583798400000,0.0001
ETCUSD,1583827200000,-7.939e-05
ETCUSD,1583856000000,-0.00014144
ETCUSD,1583884800001,0.0001
ETCUSD,1583913600000,-0.00017719
ETCUSD,1583942400000,-1.68e-05
ETCUSD,1583971200001,0.0001
ETCUSD,1584000000001,6.435e-05
ETCUSD,1584028800000,-0.00109144
ETCUSD,1584057600000,-0.0007606
ETCUSD,1584086400000,-0.005025
ETCUSD,1584115200002,-0.00362441
ETCUSD,1584144000000,-0.00249187
ETCUSD,1584172800001,-0.00096091
ETCUSD,1584201600000,-0.00012532
ETCUSD,1584230400000,-8.111e-05
ETCUSD,1584259200000,0.0001
ETCUSD,1584288000001,0.0001
ETCUSD,1584316800000,0.0001
ETCUSD,1584345600000,-0.00181331
ETCUSD,1584374400001,-0.00056979
ETCUSD,1584403200000,2.339e-05
ETCUSD,1584432000000,0.0001
ETCUSD,1584460800000,-0.00080031
ETCUSD,1584489600000,-0.0007211
ETCUSD,1584518400000,-0.00111461
ETCUSD,1584547200000,-0.00023545
ETCUSD,1584576000000,0.0001
ETCUSD,1584604800000,-0.00046592
ETCUSD,1584633600000,0.0001
ETCUSD,1584662400000,0.0001
ETCUSD,1584691200000,0.0001
ETCUSD,1584720000000,0.0001
ETCUSD,1584748800000,0.0001
ETCUSD,1584777600000,0.0001
ETCUSD,1584806400000,0.0001
ETCUSD,1584835200000,6.385e-05
ETCUSD,1584864000001,0.0001
ETCUSD,1584892800000,0.0001
ETCUSD,1584921600000,0.0001
ETCUSD,1584950400000,0.0001
ETCUSD,1584979200000,0.0001
ETCUSD,1585008000000,6.972e-05
ETCUSD,1585036800000,0.0001
ETCUSD,1585065600000,0.0001
ETCUSD,1585094400000,0.0001
ETCUSD,1585123200000,5.127e-05
ETCUSD,1585152000001,0.0001
ETCUSD,1585180800006,-0.00016364
ETCUSD,1585209600002,6.679e-05
ETCUSD,1585238400000,0.0001
ETCUSD,1585267200000,0.0001
ETCUSD,1585296000000,0.0001
ETCUSD,1585324800000,0.0001
ETCUSD,1585353600000,0.0001
ETCUSD,1585382400000,0.0001
ETCUSD,1585411200000,0.0001
ETCUSD,1585440000000,-0.000192
ETCUSD,1585468800001,0.0001
ETCUSD,1585497600000,0.0001
ETCUSD,1585526400000,-0.0005937
ETCUSD,1585555200000,0.0001
ETCUSD,1585584000000,0.0001
ETCUSD,1585612800000,0.0001
ETCUSD,1585641600001,0.0001
ETCUSD,1585670400001,0.0001
ETCUSD,1585699200002,0.0001
ETCUSD,1585728000000,0.0001
ETCUSD,1585756800001,-7.277e-05
ETCUSD,1585785600000,0.0001
ETCUSD,1585814400000,0.0001
ETCUSD,1585843200000,0.0001
ETCUSD,1585872000000,0.0001
ETCUSD,1585900800000,0.0001
ETCUSD,1585929600000,0.0001
ETCUSD,1585958400000,0.0001
ETCUSD,1585987200000,0.0001
ETCUSD,1586016000000,0.0001
ETCUSD,1586044800001,0.0001
ETCUSD,1586073600000,0.0001
ETCUSD,1586102400000,0.0001
ETCUSD,1586131200000,0.0001
ETCUSD,1586160000000,0.0001
ETCUSD,1586188800000,0.0001
ETCUSD,1586217600000,0.0001
ETCUSD,1586246400000,0.0001
ETCUSD,1586275200000,0.0001
ETCUSD,1586304000000,0.0001
ETCUSD,1586332800000,0.0001
ETCUSD,1586361600000,0.0001
ETCUSD,1586390400000,0.0001
ETCUSD,1586419200001,0.0001
ETCUSD,1586448000000,0.0001
ETCUSD,1586476800001,0.0001
ETCUSD,1586505600000,0.0001
ETCUSD,1586534400000,6.088e-05
ETCUSD,1586563200000,-0.00029767
ETCUSD,1586592000000,0.0001
ETCUSD,1586620800000,0.0001
ETCUSD,1586649600000,0.0001
ETCUSD,1586678400006,0.0001
ETCUSD,1586707200001,0.0001
ETCUSD,1586736000001,-8.755e-05
ETCUSD,1586764800000,0.0001
ETCUSD,1586793600000,0.0001
ETCUSD,1586822400000,0.0001
ETCUSD,1586851200000,0.0001
ETCUSD,1586880000000,0.0001
ETCUSD,1586908800000,5.069e-05
ETCUSD,1586937600000,0.0001
ETCUSD,1586966400000,0.0001
ETCUSD,1586995200000,0.0001
ETCUSD,1587024000000,0.0001
ETCUSD,1587052800000,0.0001
ETCUSD,1587081600000,0.0001
ETCUSD,1587110400000,0.0001
ETCUSD,1587139200000,8.04e-06
ETCUSD,1587168000000,0.0001
ETCUSD,1587196800000,0.0001
ETCUSD,1587225600000,0.0001
ETCUSD,1587254400000,0.0001
ETCUSD,1587283200000,0.0001
ETCUSD,1587312000000,0.0001
ETCUSD,1587340800000,0.0001
ETCUSD,1587369600000,0.0001
ETCUSD,1587398400000,0.0001
ETCUSD,1587427200000,0.0001
ETCUSD,1587456000001,0.0001
ETCUSD,1587484800000,0.0001
ETCUSD,1587513600001,0.0001
ETCUSD,1587542400000,0.0001
ETCUSD,1587571200000,0.0001
ETCUSD,1587600000000,0.0001
ETCUSD,1587628800001,0.0001
ETCUSD,1587657600000,0.0001
ETCUSD,1587686400000,0.0001
ETCUSD,1587715200000,0.0001
ETCUSD,1587744000000,0.0001
ETCUSD,1587772800003,0.0001
ETCUSD,1587801600000,0.00021392
ETCUSD,1587830400000,0.0001
ETCUSD,1587859200000,0.00016541
ETCUSD,1587888000000,0.0001
ETCUSD,1587916800000,0.0001
ETCUSD,1587945600000,0.0001
ETCUSD,1587974400005,0.0001
ETCUSD,1588003200000,0.0001
ETCUSD,1588032000000,0.0001
ETCUSD,1588060800000,0.0001
ETCUSD,1588089600000,0.0001
ETCUSD,1588118400000,0.00017635
ETCUSD,1588147200001,0.0001254
ETCUSD,1588176000000,0.00041995
ETCUSD,1588204800000,0.00055803
ETCUSD,1588233600000,0.00055985
ETCUSD,1588262400000,0.0001
ETCUSD,1588291200000,0.00038514
ETCUSD,1588320000000,0.00059566
ETCUSD,1588348800000,0.00015341
ETCUSD,1588377600000,0.00047301
ETCUSD,1588406400000,0.00068422
ETCUSD,1588435200000,0.00015373
ETCUSD,1588464000000,0.00032908
ETCUSD,1588492800000,0.0001
ETCUSD,1588521600000,0.00012367
ETCUSD,1588550400000,0.0001
ETCUSD,1588579200005,0.00013219
ETCUSD,1588608000000,0.0001
ETCUSD,1588636800000,0.0001
ETCUSD,1588665600000,0.0001
ETCUSD,1588694400000,0.0001
ETCUSD,1588723200001,0.0001
ETCUSD,1588752000000,0.00015312
ETCUSD,1588780800000,0.00011269
ETCUSD,1588809600000,0.00013494
ETCUSD,1588838400011,0.0001592
ETCUSD,1588867200000,0.00031713
ETCUSD,1588896000000,0.0001
ETCUSD,1588924800001,0.00017268
ETCUSD,1588953600000,0.00020727
ETCUSD,1588982400000,0.00029768
ETCUSD,1589011200000,0.00036773
ETCUSD,1589040000000,0.00055196
ETCUSD,1589068800000,0.00031605
ETCUSD,1589097600000,0.0001
ETCUSD,1589126400000,0.0001
ETCUSD,1589155200000,0.0001
ETCUSD,1589184000000,0.0001
ETCUSD,1589212800000,0.0001
ETCUSD,1589241600000,0.0001
ETCUSD,1589270400001,0.0001
ETCUSD,1589299200000,0.0001
ETCUSD,1589328000000,0.0001
ETCUSD,1589356800000,0.0001
ETCUSD,1589385600000,0.0001
ETCUSD,1589414400000,0.0001
ETCUSD,1589443200000,0.0001
ETCUSD,1589472000000,0.0001
ETCUSD,1589500800000,0.0001
ETCUSD,1589529600000,0.0001
ETCUSD,1589558400001,0.0001
ETCUSD,1589587200008,0.0001
ETCUSD,1589616000000,0.0001
ETCUSD,1589644800000,0.0001
ETCUSD,1589673600002,0.0001
ETCUSD,1589702400000,0.0001
ETCUSD,1589731200000,0.0001
ETCUSD,1589760000000,0.0001
ETCUSD,1589788800000,0.0001
ETCUSD,1589817600001,0.0001
ETCUSD,1589846400005,0.0001
ETCUSD,1589875200000,0.0001
ETCUSD,1589904000000,0.0001
ETCUSD,1589932800000,0.0001
ETCUSD,1589961600000,0.0001
ETCUSD,1589990400006,0.0001
ETCUSD,1590019200000,0.0001
ETCUSD,1590048000000,0.0001
ETCUSD,1590076800000,0.0001
ETCUSD,1590105600006,0.0001
ETCUSD,1590134400000,0.0001
ETCUSD,1590163200000,0.0001
ETCUSD,1590192000003,0.0001
ETCUSD,1590220800000,0.0001
ETCUSD,1590249600000,0.0001
ETCUSD,1590278400006,-1.609e-05
ETCUSD,1590307200000,2.432e-05
ETCUSD,1590336000000,0.0001
ETCUSD,1590364800000,0.0001
ETCUSD,1590393600000,0.0001
ETCUSD,1590422400000,0.0001
ETCUSD,1590451200000,0.0001
ETCUSD,1590480000006,0.0001
ETCUSD,1590508800000,0.0001
ETCUSD,1590537600000,9.384e-05
ETCUSD,1590566400000,0.0001
ETCUSD,1590595200000,0.0001
ETCUSD,1590624000000,0.0001
ETCUSD,1590652800000,0.0001
ETCUSD,1590681600000,0.0001
ETCUSD,1590710400000,0.0001
ETCUSD,1590739200000,0.0001
ETCUSD,1590768000000,0.0001
ETCUSD,1590796800000,0.0001
ETCUSD,1590825600001,0.0001
ETCUSD,1590854400000,0.0001
ETCUSD,1590883200000,0.0001
ETCUSD,1590912000001,0.0001
ETCUSD,1590940800000,0.0001
ETCUSD,1590969600000,0.0001
ETCUSD,1590998400001,0.0001
ETCUSD,1591027200000,0.0001
ETCUSD,1591056000000,0.0001
ETCUSD,1591084800002,0.0001
ETCUSD,1591113600000,0.0001
ETCUSD,1591142400000,0.0001
ETCUSD,1591171200000,0.0001
ETCUSD,1591200000002,0.0001
ETCUSD,1591228800001,0.0001
ETCUSD,1591257600004,0.0001
ETCUSD,1591286400001,0.0001
ETCUSD,1591315200001,0.0001
ETCUSD,1591344000000,0.0001
ETCUSD,1591372800001,0.0001
ETCUSD,1591401600000,0.0001
ETCUSD,1591430400000,0.0001
ETCUSD,1591459200000,0.0001
ETCUSD,1591488000000,0.0001
ETCUSD,1591516800000,0.0001
ETCUSD,1591545600006,0.0001
ETCUSD,1591574400008,0.0001
ETCUSD,1591603200007,0.0001
ETCUSD,1591632000000,0.0001
ETCUSD,1591660800000,0.0001
ETCUSD,1591689600000,0.0001
ETCUSD,1591718400000,0.0001
ETCUSD,1591747200000,0.0001
ETCUSD,1591776000000,0.0001
ETCUSD,1591804800000,0.0001
ETCUSD,1591833600008,0.0001
ETCUSD,1591862400001,0.0001
ETCUSD,1591891200000,0.0001
ETCUSD,1591920000003,0.0001
ETCUSD,1591948800000,0.0001
ETCUSD,1591977600002,0.0001
ETCUSD,1592006400000,0.0001
ETCUSD,1592035200001,0.0001
ETCUSD,1592064000000,0.0001
ETCUSD,1592092800007,0.0001
ETCUSD,1592121600000,0.0001
ETCUSD,1592150400001,0.0001
ETCUSD,1592179200000,0.0001
ETCUSD,1592208000001,0.0001
ETCUSD,1592236800000,0.0001
ETCUSD,1592265600002,0.0001
ETCUSD,1592294400000,0.0001
ETCUSD,1592323200006,0.0001
ETCUSD,1592352000000,0.0001
ETCUSD,1592380800007,0.0001
ETCUSD,1592409600000,0.0001
ETCUSD,1592438400003,0.0001
ETCUSD,1592467200001,0.0001
ETCUSD,1592496000002,0.0001
ETCUSD,1592524800001,0.0001
ETCUSD,1592553600003,0.0001
ETCUSD,1592582400000,0.0001
ETCUSD,1592611200000,0.0001
ETCUSD,1592640000009,0.0001
ETCUSD,1592668800006,0.0001
ETCUSD,1592697600000,0.0001
ETCUSD,1592726400000,0.0001
ETCUSD,1592755200000,0.0001
ETCUSD,1592784000000,0.0001
ETCUSD,1592812800000,0.0001
ETCUSD,1592841600001,0.0001
ETCUSD,1592870400000,0.0001
ETCUSD,1592899200002,0.0001
ETCUSD,1592928000000,0.0001
ETCUSD,1592956800001,0.0001
ETCUSD,1592985600000,0.0001
ETCUSD,1593014400000,0.0001
ETCUSD,1593043200000,0.0001
ETCUSD,1593072000000,0.0001
ETCUSD,1593100800000,0.0001
ETCUSD,1593129600000,0.0001
ETCUSD,1593158400000,0.0001
ETCUSD,1593187200000,0.0001
ETCUSD,1593216000003,0.0001
ETCUSD,1593244800004,0.0001
ETCUSD,1593273600000,0.0001
ETCUSD,1593302400003,0.0001
ETCUSD,1593331200001,0.0001
ETCUSD,1593360000000,0.0001
ETCUSD,1593388800000,0.0001
ETCUSD,1593417600005,0.0001
ETCUSD,1593446400000,0.0001
ETCUSD,1593475200000,0.0001
ETCUSD,1593504000001,0.0001
ETCUSD,1593532800002,0.0001
ETCUSD,1593561600002,0.0001
ETCUSD,1593590400000,0.0001
ETCUSD,1593619200000,0.0001
ETCUSD,1593648000001,0.0001
ETCUSD,1593676800001,0.0001
ETCUSD,1593705600000,0.0001
ETCUSD,1593734400000,0.0001
ETCUSD,1593763200001,9.625e-05
ETCUSD,1593792000000,0.0001
ETCUSD,1593820800002,0.0001
ETCUSD,1593849600002,0.0001
ETCUSD,1593878400001,0.0001
ETCUSD,1593907200000,0.0001
ETCUSD,1593936000000,0.0001
ETCUSD,1593964800000,0.0001
ETCUSD,1593993600000,0.0001
ETCUSD,1594022400001,0.0001
ETCUSD,1594051200000,0.0001
ETCUSD,1594080000000,0.0001
ETCUSD,1594108800006,0.0001
ETCUSD,1594137600000,0.0001
ETCUSD,1594166400000,0.0001
ETCUSD,1594195200000,0.0001
ETCUSD,1594224000000,0.0001
ETCUSD,1594252800001,0.0001
ETCUSD,1594281600002,0.0001
ETCUSD,1594310400000,0.0001
ETCUSD,1594339200000,0.00022922
ETCUSD,1594368000001,0.0001
ETCUSD,1594396800000,0.0001
ETCUSD,1594425600000,0.0001
ETCUSD,1594454400000,0.0001
ETCUSD,1594483200000,0.0001
ETCUSD,1594512000000,0.00020353
ETCUSD,1594540800000,0.0001
ETCUSD,1594569600000,0.0001
ETCUSD,1594598400000,0.00027967
ETCUSD,1594627200001,0.0001
ETCUSD,1594656000000,0.0001
ETCUSD,1594684800001,0.0001
ETCUSD,1594713600000,0.0001
ETCUSD,1594742400000,0.0001
ETCUSD,1594771200000,0.0001
ETCUSD,1594800000000,0.0001
ETCUSD,1594828800000,0.0001
ETCUSD,1594857600000,0.0001
ETCUSD,1594886400002,0.0001
ETCUSD,1594915200001,0.0001
ETCUSD,1594944000001,0.0001
ETCUSD,1594972800000,0.0001
ETCUSD,1595001600000,0.00021471
ETCUSD,1595030400003,0.0001
ETCUSD,1595059200001,0.0001
ETCUSD,1595088000000,0.00024004
ETCUSD,1595116800000,0.0001
ETCUSD,1595145600000,0.0001
ETCUSD,1595174400000,0.0001
ETCUSD,1595203200000,0.00023725
ETCUSD,1595232000000,0.00064497
ETCUSD,1595260800001,0.0004179
ETCUSD,1595289600000,0.0001
ETCUSD,1595318400001,0.0001
ETCUSD,1595347200004,0.0001
ETCUSD,1595376000000,0.00035304
ETCUSD,1595404800000,0.0001
ETCUSD,1595433600000,0.00018189
ETCUSD,1595462400001,0.00054084
ETCUSD,1595491200000,0.00053841
ETCUSD,1595520000001,0.00057319
ETCUSD,1595548800000,0.00026295
ETCUSD,1595577600000,0.00014589
ETCUSD,1595606400000,0.0001
ETCUSD,1595635200000,0.0001
ETCUSD,1595664000001,0.0001
ETCUSD,1595692800000,0.00014254
ETCUSD,1595721600000,0.0002709
ETCUSD,1595750400000,0.00070491
ETCUSD,1595779200000,0.00054858
ETCUSD,1595808000000,0.0006401
ETCUSD,1595836800000,0.00049609
ETCUSD,1595865600000,0.00041594
ETCUSD,1595894400000,0.00023937
ETCUSD,1595923200001,0.00069807
ETCUSD,1595952000000,0.00066145
ETCUSD,1595980800000,0.00094223
ETCUSD,1596009600000,0.0007518
ETCUSD,1596038400000,0.00073003
ETCUSD,1596067200000,0.00041384
ETCUSD,1596096000001,0.00034108
ETCUSD,1596124800000,0.00040677
ETCUSD,1596153600000,0.00063262
ETCUSD,1596182400001,0.00039952
ETCUSD,1596211200000,0.00037905
ETCUSD,1596240000005,0.00044905
ETCUSD,1596268800000,0.00083631
ETCUSD,1596297600001,0.00057649
ETCUSD,1596326400000,0.00274187
ETCUSD,1596355200001,0.00034772
ETCUSD,1596384000001,0.00035201
ETCUSD,1596412800000,0.00036632
ETCUSD,1596441600001,0.00049249
ETCUSD,1596470400000,0.00069873
ETCUSD,1596499200003,0.0003809
ETCUSD,1596528000000,0.00035839
ETCUSD,1596556800000,0.00057132
ETCUSD,1596585600000,0.00080857
ETCUSD,1596614400000,0.00082277
ETCUSD,1596643200000,0.00081526
ETCUSD,1596672000000,0.00108355
ETCUSD,1596700800007,0.0009102
ETCUSD,1596729600000,0.00100065
ETCUSD,1596758400001,0.00088505
ETCUSD,1596787200000,0.00108161
ETCUSD,1596816000000,0.00079892
ETCUSD,1596844800000,0.00062185
ETCUSD,1596873600000,0.00077085
ETCUSD,1596902400000,0.00075849
ETCUSD,1596931200000,0.00106991
ETCUSD,1596960000000,0.00094981
ETCUSD,1596988800000,0.00024603
ETCUSD,1597017600001,0.0001
ETCUSD,1597046400000,0.00064146
ETCUSD,1597075200001,0.00034501
ETCUSD,1597104000001,0.00042153
ETCUSD,1597132800000,0.00013199
ETCUSD,1597161600001,0.0001
ETCUSD,1597190400000,0.0001
ETCUSD,1597219200000,0.0001
ETCUSD,1597248000000,0.0001
ETCUSD,1597276800002,0.0001
ETCUSD,1597305600000,0.00016802
ETCUSD,1597334400000,0.0001
ETCUSD,1597363200000,0.0005152
ETCUSD,1597392000000,0.00052022
ETCUSD,1597420800000,0.00051675
ETCUSD,1597449600000,0.00048687
ETCUSD,1597478400001,0.00120795
ETCUSD,1597507200001,0.00124117
ETCUSD,1597536000000,0.00128824
ETCUSD,1597564800000,0.00092112
ETCUSD,1597593600000,0.00026593
ETCUSD,1597622400000,0.00098765
ETCUSD,1597651200000,0.00047904
ETCUSD,1597680000000,0.00078004
ETCUSD,1597708800001,0.00181287
ETCUSD,1597737600008,0.00090676
ETCUSD,1597766400000,0.00093066
ETCUSD,1597795200000,0.00047654
ETCUSD,1597824000000,0.00027271
ETCUSD,1597852800000,0.00036879
ETCUSD,1597881600001,0.0001
ETCUSD,1597910400000,0.0001
ETCUSD,1597939200000,0.00020423
ETCUSD,1597968000000,0.00036214
ETCUSD,1597996800000,0.00023064
ETCUSD,1598025600017,0.00019467
ETCUSD,1598054400000,0.00029528
ETCUSD,1598083200000,0.00059312
ETCUSD,1598112000000,0.00082998
ETCUSD,1598140800000,0.0002712
ETCUSD,1598169600000,0.00023986
ETCUSD,1598198400000,0.00097761
ETCUSD,1598227200006,0.00032234
ETCUSD,1598256000001,0.00077815
ETCUSD,1598284800000,0.00045559
ETCUSD,1598313600000,0.00031968
ETCUSD,1598342400000,0.00020494
ETCUSD,1598371200000,0.00041951
ETCUSD,1598400000000,0.0001
ETCUSD,1598428800008,0.0001
ETCUSD,1598457600002,0.0001
ETCUSD,1598486400000,0.0001
ETCUSD,1598515200010,0.00037662
ETCUSD,1598544000000,0.00077157
ETCUSD,1598572800000,0.0001
ETCUSD,1598601600001,0.00043757
ETCUSD,1598630400000,0.0001
ETCUSD,1598659200002,0.00271385
ETCUSD,1598688000006,0.00147092
ETCUSD,1598716800003,0.00142941
ETCUSD,1598745600000,0.00208532
ETCUSD,1598774400000,0.00193457
ETCUSD,1598803200000,0.00271351
ETCUSD,1598832000000,0.00263331
ETCUSD,1598860800001,0.00199443
ETCUSD,1598889600001,0.00134416
ETCUSD,1598918400000,0.00180021
ETCUSD,1598947200000,0.00320813
ETCUSD,1598976000000,0.0026034
ETCUSD,1599004800000,0.00183527
ETCUSD,1599033600006,0.002955
ETCUSD,1599062400000,0.00025417
ETCUSD,1599091200001,0.00095419
ETCUSD,1599120000004,0.00042018
ETCUSD,1599148800000,0.0009084
ETCUSD,1599177600005,0.00138498
ETCUSD,1599206400000,0.0001
ETCUSD,1599235200006,0.0001
ETCUSD,1599264000000,0.0001
ETCUSD,1599292800004,0.00026658
ETCUSD,1599321600001,0.00014362
ETCUSD,1599350400004,0.0001
ETCUSD,1599379200000,0.00114946
ETCUSD,1599408000000,0.0007652
ETCUSD,1599436800002,0.00071712
ETCUSD,1599465600004,0.00074361
ETCUSD,1599494400001,0.00050151
ETCUSD,1599523200007,0.00046418
ETCUSD,1599552000006,0.0002386
ETCUSD,1599580800014,0.00076964
ETCUSD,1599609600000,0.00048923
ETCUSD,1599638400000,0.0001
ETCUSD,1599667200000,0.00030244
ETCUSD,1599696000000,0.00056706
ETCUSD,1599724800005,0.0001
ETCUSD,1599753600000,0.00081146
ETCUSD,1599782400000,0.00045115
ETCUSD,1599811200008,0.00011031
ETCUSD,1599840000000,0.0001
ETCUSD,1599868800008,0.0001
ETCUSD,1599897600000,0.0008046
ETCUSD,1599926400008,0.00127327
ETCUSD,1599955200000,0.00097406
ETCUSD,1599984000000,0.00062084
ETCUSD,1600012800004,0.0001
ETCUSD,1600041600003,7.56e-05
ETCUSD,1600070400008,0.0001
ETCUSD,1600099200000,0.00100135
ETCUSD,1600128000000,0.0001
ETCUSD,1600156800010,0.00062702
ETCUSD,1600185600003,0.0001
ETCUSD,1600214400014,0.0001
ETCUSD,1600243200000,-0.00010527
ETCUSD,1600272000001,-0.00016118
ETCUSD,1600300800006,0.0001
ETCUSD,1600329600012,-0.00032646
ETCUSD,1600358400000,-6.526e-05
ETCUSD,1600387200001,0.0001
ETCUSD,1600416000002,0.0001
ETCUSD,1600444800002,0.0001
ETCUSD,1600473600000,0.0001
ETCUSD,1600502400005,5.209e-05
ETCUSD,1600531200008,0.0001
ETCUSD,1600560000002,0.00066735
ETCUSD,1600588800005,0.0001
ETCUSD,1600617600005,0.0001
ETCUSD,1600646400000,0.0001
ETCUSD,1600675200001,0.0001
ETCUSD,1600704000000,3.831e-05
ETCUSD,1600732800001,-0.00061157
ETCUSD,1600761600000,8.211e-05
ETCUSD,1600790400004,0.0001
ETCUSD,1600819200007,-0.00021187
ETCUSD,1600848000001,0.0001
ETCUSD,1600876800001,0.00033144
ETCUSD,1600905600000,0.0001
ETCUSD,1600934400000,0.00015482
ETCUSD,1600963200000,0.0001
ETCUSD,1600992000009,-1.061e-05
ETCUSD,1601020800045,0.0004106
ETCUSD,1601049600000,0.00072492
ETCUSD,1601078400000,0.0001
ETCUSD,1601107200000,0.00035287
ETCUSD,1601136000005,0.00152812
ETCUSD,1601164800000,0.00182998
ETCUSD,1601193600000,0.000523
ETCUSD,1601222400019,0.0001
ETCUSD,1601251200001,0.0001
ETCUSD,1601280000000,0.0001
ETCUSD,1601308800002,0.00044767
ETCUSD,1601337600000,0.00053387
ETCUSD,1601366400000,0.00062633
ETCUSD,1601395200000,0.00025003
ETCUSD,1601424000005,0.0009835
ETCUSD,1601452800000,0.0001
ETCUSD,1601481600000,0.00058576
ETCUSD,1601510400000,0.00029845
ETCUSD,1601539200000,0.0001
ETCUSD,1601568000000,0.0001
ETCUSD,1601596800011,0.0003628
ETCUSD,1601625600000,0.0001
ETCUSD,1601654400005,0.0001
ETCUSD,1601683200000,0.00065343
ETCUSD,1601712000001,0.0001
ETCUSD,1601740800000,0.0001
ETCUSD,1601769600000,0.0001
ETCUSD,1601798400003,0.0001
ETCUSD,1601827200001,-0.00012463
ETCUSD,1601856000000,-5.529e-05
ETCUSD,1601884800000,-0.00033271
ETCUSD,1601913600012,-1.79e-06
ETCUSD,1601942400000,0.0001
ETCUSD,1601971200005,-0.00045242
ETCUSD,1602000000000,0.00053055
ETCUSD,1602028800000,0.00038308
ETCUSD,1602057600000,0.00039634
ETCUSD,1602086400000,0.00021898
ETCUSD,1602115200000,0.00051918
ETCUSD,1602144000009,0.0001
ETCUSD,1602172800003,0.0001
ETCUSD,1602201600001,0.0001
ETCUSD,1602230400000,0.0001
ETCUSD,1602259200004,0.0001
ETCUSD,1602288000005,-5.694e-05
ETCUSD,1602316800000,-0.00014297
ETCUSD,1602345600011,-0.00045944
ETCUSD,1602374400002,-0.000545
ETCUSD,1602403200003,0.0001
ETCUSD,1602432000004,-0.00034332
ETCUSD,1602460800001,5.127e-05
ETCUSD,1602489600000,-0.00022162
ETCUSD,1602518400011,5.198e-05
ETCUSD,1602547200003,5.038e-05
ETCUSD,1602576000000,-3.378e-05
ETCUSD,1602604800001,-7.655e-05
ETCUSD,1602633600001,-0.00017403
ETCUSD,1602662400000,-0.00072903
ETCUSD,1602691200001,0.0001
ETCUSD,1602720000000,8.11e-05
ETCUSD,1602748800000,0.0001
ETCUSD,1602777600000,1.03e-06
ETCUSD,1602806400002,-0.00153497
ETCUSD,1602835200003,-0.0005102
ETCUSD,1602864000000,-0.00125286
ETCUSD,1602892800006,-0.00034191
ETCUSD,1602921600007,-0.00142524
ETCUSD,1602950400009,-0.00161351
ETCUSD,1602979200006,-3.771e-05
ETCUSD,1603008000000,0.0001
ETCUSD,1603036800000,0.0001
ETCUSD,1603065600000,-0.00033053
ETCUSD,1603094400000,-0.00069734
ETCUSD,1603123200000,0.0001
ETCUSD,1603152000015,-0.00147022
ETCUSD,1603180800000,-0.00109299
ETCUSD,1603209600008,-0.00173324
ETCUSD,1603238400009,0.0001
ETCUSD,1603267200004,-0.00011077
ETCUSD,1603296000000,-0.00019664
ETCUSD,1603324800000,0.0001
ETCUSD,1603353600000,0.00047425
ETCUSD,1603382400004,0.0001
ETCUSD,1603411200007,0.00010817
ETCUSD,1603440000000,0.00023011
ETCUSD,1603468800000,-0.00025553
ETCUSD,1603497600000,-0.00078459
ETCUSD,1603526400000,-0.00024852
ETCUSD,1603555200008,-0.00073399
ETCUSD,1603584000005,4.22e-06
ETCUSD,1603612800014,1.941e-05
ETCUSD,1603641600000,-0.00017659
ETCUSD,1603670400004,-4.996e-05
ETCUSD,1603699200000,0.0001
ETCUSD,1603728000000,0.0001
ETCUSD,1603756800000,-0.00113226
ETCUSD,1603785600000,0.0001
ETCUSD,1603814400000,-0.00020405
ETCUSD,1603843200000,0.00026175
ETCUSD,1603872000006,0.0001
ETCUSD,1603900800001,-0.00036453
ETCUSD,1603929600000,-2.421e-05
ETCUSD,1603958400000,0.0001
ETCUSD,1603987200000,-0.0009239
ETCUSD,1604016000000,0.0001
ETCUSD,1604044800002,0.0001
ETCUSD,1604073600002,0.0001
ETCUSD,1604102400003,0.0001
ETCUSD,1604131200000,0.0001
ETCUSD,1604160000000,0.0001
ETCUSD,1604188800000,0.0001
ETCUSD,1604217600000,0.0001
ETCUSD,1604246400000,0.0001
ETCUSD,1604275200000,0.0001
ETCUSD,1604304000010,0.0001
ETCUSD,1604332800000,0.0001
ETCUSD,1604361600000,0.0001
ETCUSD,1604390400004,-0.00046893
ETCUSD,1604419200009,0.0001
ETCUSD,1604448000000,0.0001
ETCUSD,1604476800000,0.0001
ETCUSD,1604505600005,9.781e-05
ETCUSD,1604534400017,0.0001
ETCUSD,1604563200001,0.00022558
ETCUSD,1604592000000,0.0001
ETCUSD,1604620800000,0.00010654
ETCUSD,1604649600001,0.0004245
ETCUSD,1604678400001,0.00078102
ETCUSD,1604707200001,0.00134961
ETCUSD,1604736000000,0.00119057
ETCUSD,1604764800006,0.0013463
ETCUSD,1604793600000,0.00140124
ETCUSD,1604822400000,0.00057986
ETCUSD,1604851200000,0.0010467
ETCUSD,1604880000007,0.00091645
ETCUSD,1604908800001,0.00023303
ETCUSD,1604937600002,0.0001
ETCUSD,1604966400003,0.0001
ETCUSD,1604995200011,0.0004356
ETCUSD,1605024000000,0.0001
ETCUSD,1605052800000,0.00015261
ETCUSD,1605081600009,0.00011778
ETCUSD,1605110400003,0.0001
ETCUSD,1605139200001,0.0001
ETCUSD,1605168000001,0.0002041
ETCUSD,1605196800000,0.00026427
ETCUSD,1605225600000,0.00039666
ETCUSD,1605254400000,0.0001
ETCUSD,1605283200000,0.00087104
ETCUSD,1605312000005,0.00081102
ETCUSD,1605340800004,0.00018734
ETCUSD,1605369600001,0.0001
ETCUSD,1605398400001,0.0001
ETCUSD,1605427200000,0.00011817
ETCUSD,1605456000003,0.00015588
ETCUSD,1605484800000,0.0001344
ETCUSD,1605513600010,0.00033063
ETCUSD,1605542400001,0.00115576
ETCUSD,1605571200002,0.00125126
ETCUSD,1605600000003,0.00139101
ETCUSD,1605628800003,0.00041051
ETCUSD,1605657600005,0.00188754
ETCUSD,1605686400006,0.00049891
ETCUSD,1605715200000,0.00083438
ETCUSD,1605744000008,0.0001
ETCUSD,1605772800000,0.0001
ETCUSD,1605801600001,0.00039707
ETCUSD,1605830400003,0.00026623
ETCUSD,1605859200005,0.00029948
ETCUSD,1605888000000,0.00069341
ETCUSD,1605916800000,0.00043938
ETCUSD,1605945600000,0.00039393
ETCUSD,1605974400001,0.00127789
ETCUSD,1606003200005,0.00100658
ETCUSD,1606032000000,0.00024183
ETCUSD,1606060800000,0.00054628
ETCUSD,1606089600005,0.00057023
ETCUSD,1606118400000,0.00099464
ETCUSD,1606147200003,0.00126083
ETCUSD,1606176000000,0.0001
ETCUSD,1606204800000,0.00126632
ETCUSD,1606233600005,0.00091101
ETCUSD,1606262400005,0.00054464
ETCUSD,1606291200005,0.00051932
ETCUSD,1606320000015,0.00033734
ETCUSD,1606348800012,0.0001
ETCUSD,1606377600002,0.0001
ETCUSD,1606406400001,0.0001
ETCUSD,1606435200001,0.0001
ETCUSD,1606464000000,0.0001
ETCUSD,1606492800007,0.0001
ETCUSD,1606521600007,0.0001
ETCUSD,1606550400012,0.0001
ETCUSD,1606579200000,0.0001
ETCUSD,1606608000007,0.0001
ETCUSD,1606636800000,0.0001
ETCUSD,1606665600000,0.0001
ETCUSD,1606694400004,0.0001
ETCUSD,1606723200007,0.0001
ETCUSD,1606752000000,0.0001
ETCUSD,1606780800000,0.00060158
ETCUSD,1606809600003,0.00043479
ETCUSD,1606838400000,0.0001
ETCUSD,1606867200001,0.0001
ETCUSD,1606896000011,0.0001
ETCUSD,1606924800005,0.00028653
ETCUSD,1606953600001,0.00021345
ETCUSD,1606982400031,0.0001
ETCUSD,1607011200000,0.0001
ETCUSD,1607040000006,0.0001
ETCUSD,1607068800009,0.0001
ETCUSD,1607097600000,0.0001
ETCUSD,1607126400000,0.0001
ETCUSD,1607155200000,0.0001
ETCUSD,1607184000000,0.0001
ETCUSD,1607212800004,0.0001
ETCUSD,1607241600000,0.0001
ETCUSD,1607270400001,0.0001
ETCUSD,1607299200000,0.0001
ETCUSD,1607328000008,0.0001
ETCUSD,1607356800000,0.0001
ETCUSD,1607385600003,0.00013032
ETCUSD,1607414400003,0.00018603
ETCUSD,1607443200033,0.0001
ETCUSD,1607472000000,0.0001
ETCUSD,1607500800010,0.0001
ETCUSD,1607529600000,0.0001
ETCUSD,1607558400000,0.0001
ETCUSD,1607587200000,0.0001
ETCUSD,1607616000007,0.0001
ETCUSD,1607644800000,0.0001
ETCUSD,1607673600016,0.0001
ETCUSD,1607702400010,0.0001
ETCUSD,1607731200009,0.0001
ETCUSD,1607760000002,0.0001
ETCUSD,1607788800000,0.0001
ETCUSD,1607817600007,0.0001
ETCUSD,1607846400000,0.0001
ETCUSD,1607875200000,0.0001
ETCUSD,1607904000000,0.0001
ETCUSD,1607932800000,0.0001
ETCUSD,1607961600000,0.0001
ETCUSD,1607990400006,0.0001
ETCUSD,1608019200001,0.0001
ETCUSD,1608048000000,0.0001052
ETCUSD,1608076800001,0.00010588
ETCUSD,1608105600000,0.0001
ETCUSD,1608134400000,0.00046953
ETCUSD,1608163200000,0.00017163
ETCUSD,1608192000000,0.00013826
ETCUSD,1608220800011,0.00078536
ETCUSD,1608249600000,0.0001
ETCUSD,1608278400000,0.0001
ETCUSD,1608307200000,0.00031229
ETCUSD,1608336000000,0.0001988
ETCUSD,1608364800018,0.00050202
ETCUSD,1608393600000,0.00069571
ETCUSD,1608422400001,0.00055976
ETCUSD,1608451200011,0.00032999
ETCUSD,1608480000023,0.00038129
ETCUSD,1608508800011,0.00031431
ETCUSD,1608537600000,0.00030359
ETCUSD,1608566400000,0.0001
ETCUSD,1608595200001,0.0001
ETCUSD,1608624000006,0.0001
ETCUSD,1608652800000,0.0001
ETCUSD,1608681600000,0.0001
ETCUSD,1608710400000,0.0001
ETCUSD,1608739200000,-0.00045518
ETCUSD,1608768000012,-0.00063716
ETCUSD,1608796800009,-0.00071799
ETCUSD,1608825600001,0.0001
ETCUSD,1608854400000,0.0001
ETCUSD,1608883200000,0.0001
ETCUSD,1608912000000,0.0001
ETCUSD,1608940800009,0.0001
ETCUSD,1608969600001,0.0001
ETCUSD,1608998400006,0.0001
ETCUSD,1609027200000,0.0001
ETCUSD,1609056000000,0.0001
ETCUSD,1609084800001,0.0001
ETCUSD,1609113600015,0.0001
ETCUSD,1609142400019,0.0001
ETCUSD,1609171200000,0.00034251
ETCUSD,1609200000004,0.00020787
ETCUSD,1609228800003,0.0001
ETCUSD,1609257600000,0.0001
ETCUSD,1609286400001,0.0001
ETCUSD,1609315200001,0.0001
ETCUSD,1609344000012,0.0001
ETCUSD,1609372800009,0.0001
ETCUSD,1609401600000,0.0001
ETCUSD,1609430400010,0.0001
ETCUSD,1609459200002,0.0001
ETCUSD,1609488000006,0.0001
ETCUSD,1609516800003,0.0001
ETCUSD,1609545600000,0.0001
ETCUSD,1609574400000,0.0001
ETCUSD,1609603200006,0.0001
ETCUSD,1609632000018,0.0001
ETCUSD,1609660800000,0.0001
ETCUSD,1609689600002,0.00147485
ETCUSD,1609718400000,0.00153433
ETCUSD,1609747200000,0.0010138
ETCUSD,1609776000000,0.0001
ETCUSD,1609804800020,0.00043016
ETCUSD,1609833600003,0.0001
ETCUSD,1609862400003,0.0001
ETCUSD,1609891200010,0.00031066
ETCUSD,1609920000003,0.00123676
ETCUSD,1609948800000,0.00240819
ETCUSD,1609977600007,0.00122178
ETCUSD,1610006400000,0.00137815
ETCUSD,1610035200004,0.00073251
ETCUSD,1610064000000,0.00072116
ETCUSD,1610092800000,0.0001
ETCUSD,1610121600000,0.00144612
ETCUSD,1610150400009,0.00028455
ETCUSD,1610179200004,0.00106311
ETCUSD,1610208000000,0.00123009
ETCUSD,1610236800000,0.00339936
ETCUSD,1610265600005,0.00230319
ETCUSD,1610294400000,0.00102963
ETCUSD,1610323200000,0.00082921
ETCUSD,1610352000012,0.0001
ETCUSD,1610380800000,0.0001
ETCUSD,1610409600000,0.0001
ETCUSD,1610438400000,0.0001
ETCUSD,1610467200008,0.0001
ETCUSD,1610496000001,0.0001
ETCUSD,1610524800000,0.00021004
ETCUSD,1610553600003,0.00032725
ETCUSD,1610582400000,0.0001
ETCUSD,1610611200012,0.00013845
ETCUSD,1610640000000,0.00049878
ETCUSD,1610668800002,0.00040291
ETCUSD,1610697600000,0.00054616
ETCUSD,1610726400004,0.00055189
ETCUSD,1610755200000,0.0001
ETCUSD,1610784000008,0.00023303
ETCUSD,1610812800000,0.00075781
ETCUSD,1610841600009,0.00092093
ETCUSD,1610870400000,0.00062649
ETCUSD,1610899200001,0.00055064
ETCUSD,1610928000000,0.00090182
ETCUSD,1610956800004,0.00068538
ETCUSD,1610985600000,0.00085792
ETCUSD,1611014400000,0.00081878
ETCUSD,1611043200005,0.00163056
ETCUSD,1611072000012,0.00101673
ETCUSD,1611100800012,0.00046403
ETCUSD,1611129600001,0.00092727
ETCUSD,1611158400001,0.0001
ETCUSD,1611187200000,0.00041959
ETCUSD,1611216000000,0.0003578
ETCUSD,1611244800004,0.00010691
ETCUSD,1611273600012,0.0001
ETCUSD,1611302400003,0.0001
ETCUSD,1611331200001,0.0001
ETCUSD,1611360000000,0.0001
ETCUSD,1611388800002,0.0001
ETCUSD,1611417600000,0.00012915
ETCUSD,1611446400001,0.0001
ETCUSD,1611475200011,0.00023224
ETCUSD,1611504000005,0.00019266
ETCUSD,1611532800007,0.00023436
ETCUSD,1611561600012,0.00025368
ETCUSD,1611590400000,0.00053657
ETCUSD,1611619200007,0.0001
ETCUSD,1611648000000,0.0001
ETCUSD,1611676800000,0.0001
ETCUSD,1611705600000,0.0001
ETCUSD,1611734400011,0.0001
ETCUSD,1611763200003,0.0001
ETCUSD,1611792000000,0.0001
ETCUSD,1611820800000,0.0001
ETCUSD,1611849600000,0.00032108
ETCUSD,1611878400009,0.00063182
ETCUSD,1611907200000,0.0005814
ETCUSD,1611936000000,0.001809
ETCUSD,1611964800000,0.00043035
ETCUSD,1611993600000,0.00037877
ETCUSD,1612022400000,0.00044487
ETCUSD,1612051200009,0.00061775
ETCUSD,1612080000000,0.00023417
ETCUSD,1612108800000,0.00057973
ETCUSD,1612137600001,0.0002853
ETCUSD,1612166400014,0.00086522
ETCUSD,1612195200000,0.00038667
ETCUSD,1612224000000,0.00085314
ETCUSD,1612252800006,0.00075973
ETCUSD,1612281600000,0.00151713
ETCUSD,1612310400009,0.00094293
ETCUSD,1612339200006,0.00129278
ETCUSD,1612368000006,0.00091892
ETCUSD,1612396800005,0.00119203
ETCUSD,1612425600000,0.00084201
ETCUSD,1612454400011,0.00106208
ETCUSD,1612483200009,0.00097009
ETCUSD,1612512000004,0.00163438
ETCUSD,1612540800000,0.00197441
ETCUSD,1612569600008,0.00168883
ETCUSD,1612598400009,0.00155942
ETCUSD,1612627200000,0.00138422
ETCUSD,1612656000000,0.00197303
ETCUSD,1612684800005,0.00077456
ETCUSD,1612713600001,0.00130365
ETCUSD,1612742400000,0.00108893
ETCUSD,1612771200001,0.00112566
ETCUSD,1612800000000,0.00186233
ETCUSD,1612828800010,0.00142188
ETCUSD,1612857600006,0.00196857
ETCUSD,1612886400007,0.00161782
ETCUSD,1612915200009,0.00269768
ETCUSD,1612944000014,0.00276451
ETCUSD,1612972800005,0.00165951
ETCUSD,1613001600000,0.00084295
ETCUSD,1613030400000,0.00062443
ETCUSD,1613059200000,0.00119808
ETCUSD,1613088000000,0.00110915
ETCUSD,1613116800000,0.00134665
ETCUSD,1613145600000,0.00221644
ETCUSD,1613174400001,0.00326921
ETCUSD,1613203200003,0.00347791
ETCUSD,1613232000000,0.00179367
ETCUSD,1613260800013,0.00247958
ETCUSD,1613289600000,0.00293547
ETCUSD,1613318400008,0.00170307
ETCUSD,1613347200000,0.00205076
ETCUSD,1613376000006,0.00015728
ETCUSD,1613404800000,0.00071327
ETCUSD,1613433600001,0.000955
ETCUSD,1613462400000,0.00085714
ETCUSD,1613491200010,0.00106315
ETCUSD,1613520000005,0.00073172
ETCUSD,1613548800010,0.00098201
ETCUSD,1613577600008,0.00162862
ETCUSD,1613606400012,0.00162849
ETCUSD,1613635200000,0.00136331
ETCUSD,1613664000009,0.00161096
ETCUSD,1613692800010,0.0017903
ETCUSD,1613721600002,0.00162667
ETCUSD,1613750400008,0.00346872
ETCUSD,1613779200000,0.0020272
ETCUSD,1613808000009,0.00173597
ETCUSD,1613836800000,0.0031873
ETCUSD,1613865600007,0.00102147
ETCUSD,1613894400012,0.00091618
ETCUSD,1613923200001,0.00114644
ETCUSD,1613952000006,0.00090479
ETCUSD,1613980800002,0.00106781
ETCUSD,1614009600000,0.0001
ETCUSD,1614038400000,0.0001
ETCUSD,1614067200006,0.0001
ETCUSD,1614096000000,0.0001
ETCUSD,1614124800012,0.0001
ETCUSD,1614153600016,0.0001
ETCUSD,1614182400011,0.0001
ETCUSD,1614211200007,0.0001
ETCUSD,1614240000000,0.0001
ETCUSD,1614268800010,0.0001
ETCUSD,1614297600000,0.0001
ETCUSD,1614326400025,0.0001
ETCUSD,1614355200010,0.0001
ETCUSD,1614384000001,0.0001
ETCUSD,1614412800000,0.0001
ETCUSD,1614441600000,0.00021034
ETCUSD,1614470400021,0.0001
ETCUSD,1614499200009,0.0001
ETCUSD,1614528000000,0.0001
ETCUSD,1614556800000,0.0001
ETCUSD,1614585600003,0.0001
ETCUSD,1614614400001,0.0001
ETCUSD,1614643200000,0.0001
ETCUSD,1614672000000,0.0001
ETCUSD,1614700800004,0.0001
ETCUSD,1614729600000,0.0001
ETCUSD,1614758400016,0.0001
ETCUSD,1614787200000,0.00014017
ETCUSD,1614816000000,0.0001
ETCUSD,1614844800015,0.0001
ETCUSD,1614873600001,0.00019869
ETCUSD,1614902400000,0.0001
ETCUSD,1614931200002,0.0001
ETCUSD,1614960000008,0.0001
ETCUSD,1614988800000,0.0001
ETCUSD,1615017600000,0.0001
ETCUSD,1615046400000,0.0001
ETCUSD,1615075200006,0.0001
ETCUSD,1615104000005,0.0001
ETCUSD,1615132800008,0.00017499
ETCUSD,1615161600000,0.0001
ETCUSD,1615190400000,0.00031589
ETCUSD,1615219200006,0.0001
ETCUSD,1615248000000,0.0001
ETCUSD,1615276800000,0.00078073
ETCUSD,1615305600000,0.00023392
ETCUSD,1615334400009,0.000928
ETCUSD,1615363200006,0.00034422
ETCUSD,1615392000008,0.00044203
ETCUSD,1615420800000,0.00041163
ETCUSD,1615449600000,0.00054295
ETCUSD,1615478400014,0.00057103
ETCUSD,1615507200002,0.00010555
ETCUSD,1615536000005,0.00053351
ETCUSD,1615564800011,0.0001
ETCUSD,1615593600000,0.0001
ETCUSD,1615622400002,0.0001
ETCUSD,1615651200000,0.0008543
ETCUSD,1615680000011,0.0015057
ETCUSD,1615708800000,0.0018195
ETCUSD,1615737600000,0.00146484
ETCUSD,1615766400012,0.00123623
ETCUSD,1615795200016,0.00084559
ETCUSD,1615824000030,0.000286
ETCUSD,1615852800005,0.00035429
ETCUSD,1615881600008,0.0001
ETCUSD,1615910400012,0.00033345
ETCUSD,1615939200010,0.00021834
ETCUSD,1615968000000,0.00048713
ETCUSD,1615996800009,0.00025658
ETCUSD,1616025600001,0.0005154
ETCUSD,1616054400000,0.00089114
ETCUSD,1616083200000,0.00112652
ETCUSD,1616112000011,0.0005392
ETCUSD,1616140800001,0.00050117
ETCUSD,1616169600000,0.00045243
ETCUSD,1616198400000,0.00047801
ETCUSD,1616227200000,0.00062757
ETCUSD,1616256000007,0.00119938
ETCUSD,1616284800000,0.00054985
ETCUSD,1616313600000,0.00053817
ETCUSD,1616342400000,0.00016548
ETCUSD,1616371200007,0.00046942
ETCUSD,1616400000001,0.0001
ETCUSD,1616428800000,0.0001
ETCUSD,1616457600000,0.0001
ETCUSD,1616486400010,0.0001
ETCUSD,1616515200023,0.0001
ETCUSD,1616544000002,0.0001
ETCUSD,1616572800000,0.0002949
ETCUSD,1616601600000,0.00030871
ETCUSD,1616630400000,0.0001
ETCUSD,1616659200000,0.0001
ETCUSD,1616688000000,0.0001
ETCUSD,1616716800008,0.0001
ETCUSD,1616745600000,0.0001
ETCUSD,1616774400012,0.0001
ETCUSD,1616803200018,0.0001
ETCUSD,1616832000000,0.0001
ETCUSD,1616860800001,0.00017842
ETCUSD,1616889600000,0.00021035
ETCUSD,1616918400000,0.00014856
ETCUSD,1616947200005,0.00033257
ETCUSD,1616976000003,0.00031241
ETCUSD,1617004800000,0.00034888
ETCUSD,1617033600000,0.00071563
ETCUSD,1617062400018,0.00055707
ETCUSD,1617091200012,0.00091435
ETCUSD,1617120000001,0.00120529
ETCUSD,1617148800000,0.00041881
ETCUSD,1617177600000,0.00064771
ETCUSD,1617206400000,0.00079301
ETCUSD,1617235200025,0.00106133
ETCUSD,1617264000011,0.00142054
ETCUSD,1617292800004,0.00097747
ETCUSD,1617321600000,0.00042963
ETCUSD,1617350400000,0.00142096
ETCUSD,1617379200000,0.00138891
ETCUSD,1617408000003,0.00139632
ETCUSD,1617436800000,0.001379
ETCUSD,1617465600000,0.00174653
ETCUSD,1617494400000,0.0001
ETCUSD,1617523200000,0.0001
ETCUSD,1617552000016,0.0001
ETCUSD,1617580800000,0.00021405
ETCUSD,1617609600001,0.00024123
ETCUSD,1617638400001,0.00051454
ETCUSD,1617667200010,0.00030628
ETCUSD,1617696000000,0.00011013
ETCUSD,1617724800003,0.0001
ETCUSD,1617753600000,0.00064645
ETCUSD,1617782400006,-9.128e-05
ETCUSD,1617811200004,-0.00028614
ETCUSD,1617840000013,0.0001
ETCUSD,1617868800003,0.0001
ETCUSD,1617897600005,0.0001
ETCUSD,1617926400000,0.0001
ETCUSD,1617955200004,0.00091581
ETCUSD,1617984000004,0.0011652
ETCUSD,1618012800011,0.00066288
ETCUSD,1618041600005,0.00113547
ETCUSD,1618070400000,0.00135612
ETCUSD,1618099200004,0.00126159
ETCUSD,1618128000000,0.0017306
ETCUSD,1618156800000,0.0010661
ETCUSD,1618185600001,0.00095077
ETCUSD,1618214400001,0.00194076
ETCUSD,1618243200008,0.00136518
ETCUSD,1618272000003,0.00122474
ETCUSD,1618300800008,0.00160827
ETCUSD,1618329600008,0.00187255
ETCUSD,1618358400008,0.00150917
ETCUSD,1618387200000,0.00172428
ETCUSD,1618416000012,0.00019554
ETCUSD,1618444800006,0.00033008
ETCUSD,1618473600000,0.00096988
ETCUSD,1618502400008,0.00152218
ETCUSD,1618531200008,0.00180606
ETCUSD,1618560000000,0.0001
ETCUSD,1618588800002,0.00031459
ETCUSD,1618617600008,0.00211442
ETCUSD,1618646400000,0.00160647
ETCUSD,1618675200001,0.00231314
ETCUSD,1618704000006,0.00120305
ETCUSD,1618732800004,0.0001
ETCUSD,1618761600000,0.0001
ETCUSD,1618790400000,0.0001
ETCUSD,1618819200000,0.0001
ETCUSD,1618848000009,0.0001
ETCUSD,1618876800004,0.0001
ETCUSD,1618905600000,0.0001
ETCUSD,1618934400001,0.0001
ETCUSD,1618963200013,0.0001
ETCUSD,1618992000001,0.0001
ETCUSD,1619020800002,0.0001
ETCUSD,1619049600000,0.0001
ETCUSD,1619078400000,0.0001
ETCUSD,1619107200001,0.0001
ETCUSD,1619136000002,0.0001
ETCUSD,1619164800009,0.0001
ETCUSD,1619193600001,0.0001
ETCUSD,1619222400019,0.0001
ETCUSD,1619251200001,0.0001
ETCUSD,1619280000011,0.0001
ETCUSD,1619308800000,0.0001
ETCUSD,1619337600010,0.0001
ETCUSD,1619366400000,0.0001
ETCUSD,1619395200003,0.0001
ETCUSD,1619424000002,0.0001
ETCUSD,1619452800004,0.0001
ETCUSD,1619481600000,0.0001
ETCUSD,1619510400000,0.0001
ETCUSD,1619539200009,0.0001
ETCUSD,1619568000000,0.0001
ETCUSD,1619596800000,0.0001
ETCUSD,1619625600001,0.0001
ETCUSD,1619654400004,0.0001
ETCUSD,1619683200013,0.0001
ETCUSD,1619712000003,0.0001
ETCUSD,1619740800004,0.0001
ETCUSD,1619769600019,0.0001
ETCUSD,1619798400003,0.00028547
ETCUSD,1619827200002,0.0001
ETCUSD,1619856000006,0.00025107
ETCUSD,1619884800000,0.00070339
ETCUSD,1619913600010,0.00088814
ETCUSD,1619942400011,0.0001
ETCUSD,1619971200007,0.00077352
ETCUSD,1620000000003,0.00018944
ETCUSD,1620028800000,0.00016919
ETCUSD,1620057600043,0.00035149
ETCUSD,1620086400004,0.00075376
ETCUSD,1620115200003,0.0001
ETCUSD,1620144000011,0.00024121
ETCUSD,1620172800001,0.00013986
ETCUSD,1620201600007,0.0002895
ETCUSD,1620230400001,0.0001
ETCUSD,1620259200003,-0.00013727
ETCUSD,1620288000001,0.0001
ETCUSD,1620316800000,-0.0023084
ETCUSD,1620345600000,0.0001
ETCUSD,1620374400000,0.0003716
ETCUSD,1620403200001,0.0001
ETCUSD,1620432000006,0.0001
ETCUSD,1620460800000,0.00023516
ETCUSD,1620489600000,0.0011886
ETCUSD,1620518400005,0.00152322
ETCUSD,1620547200016,0.00083656
ETCUSD,1620576000000,0.00106489
ETCUSD,1620604800004,0.00116747
ETCUSD,1620633600000,0.00146875
ETCUSD,1620662400013,0.00113226
ETCUSD,1620691200000,0.0001
ETCUSD,1620720000000,0.0001
ETCUSD,1620748800002,0.0001
ETCUSD,1620777600004,0.0001
ETCUSD,1620806400007,0.00081196
ETCUSD,1620835200012,0.0001
ETCUSD,1620864000016,0.0001
ETCUSD,1620892800000,-2.275e-05
ETCUSD,1620921600008,0.0001
ETCUSD,1620950400007,0.0001
ETCUSD,1620979200001,0.0001
ETCUSD,1621008000004,0.0001
ETCUSD,1621036800022,0.0001
ETCUSD,1621065600014,0.00023558
ETCUSD,1621094400002,0.00027385
ETCUSD,1621123200000,0.0001
ETCUSD,1621152000003,0.0001
ETCUSD,1621180800002,0.0001
ETCUSD,1621209600005,4.305e-05
ETCUSD,1621238400001,-0.00042462
ETCUSD,1621267200000,-0.00020485
ETCUSD,1621296000019,-4.067e-05
ETCUSD,1621324800001,0.0001
ETCUSD,1621353600006,0.0001
ETCUSD,1621382400000,0.0001
ETCUSD,1621411200003,-0.00042296
ETCUSD,1621440000018,-0.004875
ETCUSD,1621468800005,-0.00061486
ETCUSD,1621497600000,-0.00039419
ETCUSD,1621526400005,-0.00111943
ETCUSD,1621555200000,-0.0010229
ETCUSD,1621584000000,-0.00104201
ETCUSD,1621612800001,-0.00160544
ETCUSD,1621641600001,-0.00158676
ETCUSD,1621670400002,-0.00112069
ETCUSD,1621699200005,-0.00098789
ETCUSD,1621728000006,-0.00051607
ETCUSD,1621756800004,-0.00041096
ETCUSD,1621785600002,-0.00063596
ETCUSD,1621814400007,-0.00062353
ETCUSD,1621843200005,-0.0006887
ETCUSD,1621872000005,-0.00026706
ETCUSD,1621900800000,-0.00022126
ETCUSD,1621929600014,-0.00025831
ETCUSD,1621958400000,-3.704e-05
ETCUSD,1621987200022,0.0001
ETCUSD,1622016000018,0.0001
ETCUSD,1622044800004,-0.00070042
ETCUSD,1622073600000,-0.00035919
ETCUSD,1622102400017,-0.00065976
ETCUSD,1622131200000,-0.00089622
ETCUSD,1622160000005,-0.00070944
ETCUSD,1622188800009,-0.00049216
ETCUSD,1622217600000,-0.0008752
ETCUSD,1622246400006,-0.00046722
ETCUSD,1622275200000,-0.00028894
ETCUSD,1622304000000,-0.00097217
ETCUSD,1622332800003,-0.00018686
ETCUSD,1622361600004,-0.00104477
ETCUSD,1622390400018,-0.00060183
ETCUSD,1622419200002,-0.00025949
ETCUSD,1622448000000,-0.00080743
ETCUSD,1622476800000,-0.00029388
ETCUSD,1622505600001,-0.00022416
ETCUSD,1622534400010,-4.515e-05
ETCUSD,1622563200010,-0.00038438
ETCUSD,1622592000008,-0.00030724
ETCUSD,1622620800000,-0.00045543
ETCUSD,1622649600007,-0.00013349
ETCUSD,1622678400019,-0.0001526
ETCUSD,1622707200002,8.39e-05
ETCUSD,1622736000003,0.0001
ETCUSD,1622764800003,0.0001
ETCUSD,1622793600006,-0.00029976
ETCUSD,1622822400002,-0.0005894
ETCUSD,1622851200000,-0.00072703
ETCUSD,1622880000004,-0.00037953
ETCUSD,1622908800020,-0.00064241
ETCUSD,1622937600000,-0.00058376
ETCUSD,1622966400004,-0.00038116
ETCUSD,1622995200000,-0.00036964
ETCUSD,1623024000007,-0.00020927
ETCUSD,1623052800007,-0.00017584
ETCUSD,1623081600003,-0.00025183
ETCUSD,1623110400000,-0.00041973
ETCUSD,1623139200000,-0.00031852
ETCUSD,1623168000002,-0.00034928
ETCUSD,1623196800009,-0.00018702
ETCUSD,1623225600002,-0.00052284
ETCUSD,1623254400000,-0.00060507
ETCUSD,1623283200007,-0.00054073
ETCUSD,1623312000003,-0.00034131
ETCUSD,1623340800000,-0.00056944
ETCUSD,1623369600010,-0.00040059
ETCUSD,1623398400007,-0.00044812
ETCUSD,1623427200006,-0.00021032
ETCUSD,1623456000005,-0.00027773
ETCUSD,1623484800000,-0.00127736
ETCUSD,1623513600018,-0.00144453
ETCUSD,1623542400002,-0.00072279
ETCUSD,1623571200000,-0.0005681
ETCUSD,1623600000003,-0.00026574
ETCUSD,1623628800000,-0.00103862
ETCUSD,1623657600015,-7.41e-06
ETCUSD,1623686400000,-0.00022166
ETCUSD,1623715200000,1.954e-05
ETCUSD,1623744000000,4.468e-05
ETCUSD,1623772800004,3.207e-05
ETCUSD,1623801600004,9.812e-05
ETCUSD,1623830400001,2.79e-05
ETCUSD,1623859200000,-0.00038962
ETCUSD,1623888000004,-0.00035914
ETCUSD,1623916800000,-0.00026513
ETCUSD,1623945600002,-6.554e-05
ETCUSD,1623974400009,-0.00020768
ETCUSD,1624003200014,-7.31e-06
ETCUSD,1624032000007,-6.621e-05
ETCUSD,1624060800003,-0.00047675
ETCUSD,1624089600001,-0.00011398
ETCUSD,1624118400000,-4.852e-05
ETCUSD,1624147200005,-8.711e-05
ETCUSD,1624176000000,-9.452e-05
ETCUSD,1624204800002,-0.00040575
ETCUSD,1624233600019,-0.00018942
ETCUSD,1624262400000,-0.00034922
ETCUSD,1624291200024,-0.00010415
ETCUSD,1624320000008,0.0001
ETCUSD,1624348800009,1.037e-05
ETCUSD,1624377600001,-0.00026025
ETCUSD,1624406400003,-2.548e-05
ETCUSD,1624435200000,-0.00053345
ETCUSD,1624464000000,-0.00064402
ETCUSD,1624492800009,-0.00046485
ETCUSD,1624521600018,-0.00042225
ETCUSD,1624550400001,-0.00031878
ETCUSD,1624579200009,-0.0005939
ETCUSD,1624608000004,-0.00026424
ETCUSD,1624636800000,-0.00017751
ETCUSD,1624665600007,-0.00031955
ETCUSD,1624694400000,-0.00030848
ETCUSD,1624723200002,-0.00036309
ETCUSD,1624752000005,-0.00050118
ETCUSD,1624780800010,-0.00035989
ETCUSD,1624809600001,-0.00043672
ETCUSD,1624838400025,-0.00055613
ETCUSD,1624867200017,-0.00019648
ETCUSD,1624896000007,-0.00013279
ETCUSD,1624924800008,-0.00028048
ETCUSD,1624953600000,-0.00040397
ETCUSD,1624982400000,-0.00010749
ETCUSD,1625011200011,-0.0003021
ETCUSD,1625040000044,-0.0002649
ETCUSD,1625068800005,3.953e-05
ETCUSD,1625097600000,-5.897e-05
ETCUSD,1625126400004,-0.00022699
ETCUSD,1625155200028,-0.00011554
ETCUSD,1625184000002,9.025e-05
ETCUSD,1625212800016,-0.00015052
ETCUSD,1625241600007,-0.00033462
ETCUSD,1625270400008,-0.0002755
ETCUSD,1625299200000,-0.00048198
ETCUSD,1625328000004,-3.611e-05
ETCUSD,1625356800012,3.342e-05
ETCUSD,1625385600002,-0.00017466
ETCUSD,1625414400003,2.958e-05
ETCUSD,1625443200004,-0.00024113
ETCUSD,1625472000000,-0.00026951
ETCUSD,1625500800009,-0.00048118
ETCUSD,1625529600008,-0.00024982
ETCUSD,1625558400019,-0.00043038
ETCUSD,1625587200000,-1.623e-05
ETCUSD,1625616000007,-0.00014362
ETCUSD,1625644800001,-0.00055995
ETCUSD,1625673600008,0.0001
ETCUSD,1625702400002,-0.0001334
ETCUSD,1625731200010,0.0001
ETCUSD,1625760000003,7.532e-05
ETCUSD,1625788800000,0.0001
ETCUSD,1625817600006,-0.00021573
ETCUSD,1625846400000,8.29e-06
ETCUSD,1625875200002,-0.0002639
ETCUSD,1625904000000,-0.00021479
ETCUSD,1625932800001,-0.0002905
ETCUSD,1625961600001,-1.679e-05
ETCUSD,1625990400025,-0.00023471
ETCUSD,1626019200006,-8.777e-05
ETCUSD,1626048000000,-0.00038162
ETCUSD,1626076800021,-2.181e-05
ETCUSD,1626105600000,-0.00016247
ETCUSD,1626134400000,0.0001
ETCUSD,1626163200013,0.0001
ETCUSD,1626192000005,0.0001
ETCUSD,1626220800000,4.586e-05
ETCUSD,1626249600000,7.559e-05
ETCUSD,1626278400005,-0.00046573
ETCUSD,1626307200005,2.66e-06
ETCUSD,1626336000001,-2.102e-05
ETCUSD,1626364800000,7.973e-05
ETCUSD,1626393600000,-5.164e-05
ETCUSD,1626422400000,0.0001
ETCUSD,1626451200001,-0.00010802
ETCUSD,1626480000004,0.0001
ETCUSD,1626508800009,0.0001
ETCUSD,1626537600006,2.569e-05
ETCUSD,1626566400000,9.52e-06
ETCUSD,1626595200001,-0.00019549
ETCUSD,1626624000003,1.691e-05
ETCUSD,1626652800002,4.841e-05
ETCUSD,1626681600006,4.31e-06
ETCUSD,1626710400006,2.6e-06
ETCUSD,1626739200002,0.0001
ETCUSD,1626768000011,-0.00067699
ETCUSD,1626796800001,-0.00055195
ETCUSD,1626825600022,-0.000474
ETCUSD,1626854400000,-0.00057908
ETCUSD,1626883200018,-0.0004721
ETCUSD,1626912000002,-0.00032138
ETCUSD,1626940800006,-6.01e-06
ETCUSD,1626969600010,0.0001
ETCUSD,1626998400013,0.0001
ETCUSD,1627027200000,0.0001
ETCUSD,1627056000005,0.0001
ETCUSD,1627084800000,-0.00029787
ETCUSD,1627113600002,-6.009e-05
ETCUSD,1627142400001,-4.99e-06
ETCUSD,1627171200003,0.0001
ETCUSD,1627200000015,5.317e-05
ETCUSD,1627228800000,0.0001
ETCUSD,1627257600000,-0.00019056
ETCUSD,1627286400000,0.0001
ETCUSD,1627315200000,0.0001
ETCUSD,1627344000046,0.0001
ETCUSD,1627372800014,0.0001
ETCUSD,1627401600007,0.0001
ETCUSD,1627430400000,0.0001
ETCUSD,1627459200002,0.0001
ETCUSD,1627488000005,0.0001
ETCUSD,1627516800004,0.0001
ETCUSD,1627545600000,0.0001
ETCUSD,1627574400007,0.0001
ETCUSD,1627603200004,0.0001
ETCUSD,1627632000000,0.0001
ETCUSD,1627660800000,0.0001
ETCUSD,1627689600000,0.0001
ETCUSD,1627718400014,0.0001
ETCUSD,1627747200003,0.0001
ETCUSD,1627776000005,0.0001
ETCUSD,1627804800016,0.0001
ETCUSD,1627833600001,0.0001
ETCUSD,1627862400000,0.0001
ETCUSD,1627891200014,0.0001
ETCUSD,1627920000021,0.0001
ETCUSD,1627948800000,0.0001
ETCUSD,1627977600000,0.0001
ETCUSD,1628006400009,0.0001
ETCUSD,1628035200000,0.0001
ETCUSD,1628064000000,0.0001
ETCUSD,1628092800003,0.0001
ETCUSD,1628121600000,0.0001
ETCUSD,1628150400000,0.0001
ETCUSD,1628179200001,0.0001
ETCUSD,1628208000000,0.0001
ETCUSD,1628236800004,0.0001
ETCUSD,1628265600003,0.0001
ETCUSD,1628294400015,0.0001
ETCUSD,1628323200001,0.00011536
ETCUSD,1628352000002,0.00020411
ETCUSD,1628380800000,0.0001808
ETCUSD,1628409600002,0.0001
ETCUSD,1628438400018,0.00019129
ETCUSD,1628467200000,0.0001
ETCUSD,1628496000000,0.0001
ETCUSD,1628524800002,0.0001
ETCUSD,1628553600000,0.0001
ETCUSD,1628582400003,0.00018264
ETCUSD,1628611200000,0.00046942
ETCUSD,1628640000006,0.00024074
ETCUSD,1628668800003,0.00063103
ETCUSD,1628697600000,0.00064435
ETCUSD,1628726400013,0.00072833
ETCUSD,1628755200001,0.00037251
ETCUSD,1628784000000,0.0001
ETCUSD,1628812800000,0.0001
ETCUSD,1628841600000,0.00011018
ETCUSD,1628870400002,0.0002405
ETCUSD,1628899200006,0.0001
ETCUSD,1628928000000,0.00052981
ETCUSD,1628956800000,0.00044832
ETCUSD,1628985600003,0.00046538
ETCUSD,1629014400000,0.00088097
ETCUSD,1629043200007,0.0007968
ETCUSD,1629072000012,0.0008735
ETCUSD,1629100800003,0.00056717
ETCUSD,1629129600010,0.00042542
ETCUSD,1629158400018,0.0001
ETCUSD,1629187200015,0.0001
ETCUSD,1629216000006,0.0001
ETCUSD,1629244800000,0.0001
ETCUSD,1629273600000,0.0001
ETCUSD,1629302400011,0.0001
ETCUSD,1629331200000,0.0001
ETCUSD,1629360000014,0.0001
ETCUSD,1629388800000,0.0001
ETCUSD,1629417600000,0.0001
ETCUSD,1629446400001,0.00036755
ETCUSD,1629475200001,0.00043694
ETCUSD,1629504000005,0.0001
ETCUSD,1629532800001,0.00067581
ETCUSD,1629561600000,0.00024334
ETCUSD,1629590400005,0.00051877
ETCUSD,1629619200007,0.0005115
ETCUSD,1629648000002,0.00051544
ETCUSD,1629676800003,0.00013132
ETCUSD,1629705600005,0.00085528
ETCUSD,1629734400002,0.00059349
ETCUSD,1629763200006,0.00081277
ETCUSD,1629792000004,0.00078393
ETCUSD,1629820800000,0.00044358
ETCUSD,1629849600015,0.0001
ETCUSD,1629878400000,0.0001
ETCUSD,1629907200000,0.0001
ETCUSD,1629936000001,0.0001
ETCUSD,1629964800016,0.0001
ETCUSD,1629993600004,0.0001
ETCUSD,1630022400013,0.0001
ETCUSD,1630051200001,0.0001
ETCUSD,1630080000004,0.0001
ETCUSD,1630108800000,0.0001
ETCUSD,1630137600000,0.00038732
ETCUSD,1630166400000,0.00037867
ETCUSD,1630195200000,0.00010003
ETCUSD,1630224000002,0.0001
ETCUSD,1630252800005,0.0001
ETCUSD,1630281600013,0.000224
ETCUSD,1630310400008,0.00020715
ETCUSD,1630339200000,0.0001
ETCUSD,1630368000000,0.00022059
ETCUSD,1630396800007,0.0001
ETCUSD,1630425600003,0.00030231
ETCUSD,1630454400000,0.00031077
ETCUSD,1630483200006,0.00022655
ETCUSD,1630512000000,0.00060391
ETCUSD,1630540800009,0.00014239
ETCUSD,1630569600006,0.00088323
ETCUSD,1630598400007,0.00105749
ETCUSD,1630627200011,0.00039452
ETCUSD,1630656000000,0.0006486
ETCUSD,1630684800002,0.00073908
ETCUSD,1630713600003,0.00058752
ETCUSD,1630742400008,0.00061477
ETCUSD,1630771200009,0.00056276
ETCUSD,1630800000002,0.00044495
ETCUSD,1630828800002,0.00056281
ETCUSD,1630857600000,0.00081294
ETCUSD,1630886400003,0.00073677
ETCUSD,1630915200008,0.00099254
ETCUSD,1630944000009,0.0005471
ETCUSD,1630972800004,0.00056854
ETCUSD,1631001600002,0.00084093
ETCUSD,1631030400001,-0.00176387
ETCUSD,1631059200005,-0.00041892
ETCUSD,1631088000000,0.0001
ETCUSD,1631116800000,0.0001
ETCUSD,1631145600006,0.0001
ETCUSD,1631174400014,0.0001
ETCUSD,1631203200002,0.0001
ETCUSD,1631232000001,0.0001
ETCUSD,1631260800018,0.0001
ETCUSD,1631289600006,0.0001
ETCUSD,1631318400000,0.0001
ETCUSD,1631347200001,0.0001
ETCUSD,1631376000000,0.0001
ETCUSD,1631404800000,0.0001
ETCUSD,1631433600002,0.0001
ETCUSD,1631462400000,0.0001
ETCUSD,1631491200000,0.0001
ETCUSD,1631520000007,0.0001
ETCUSD,1631548800005,0.0001
ETCUSD,1631577600002,0.0001
ETCUSD,1631606400000,0.0001
ETCUSD,1631635200007,0.0001
ETCUSD,1631664000012,0.0001
ETCUSD,1631692800003,0.0001
ETCUSD,1631721600006,0.0001
ETCUSD,1631750400008,0.0001
ETCUSD,1631779200005,0.0001
ETCUSD,1631808000002,0.0001
ETCUSD,1631836800000,0.0001
ETCUSD,1631865600047,0.0001
ETCUSD,1631894400013,0.0001
ETCUSD,1631923200000,0.0001
ETCUSD,1631952000010,0.0001
ETCUSD,1631980800005,0.0001
ETCUSD,1632009600006,0.0001
ETCUSD,1632038400015,0.0001
ETCUSD,1632067200007,0.0001
ETCUSD,1632096000018,0.0001
ETCUSD,1632124800000,0.0001
ETCUSD,1632153600005,1.898e-05
ETCUSD,1632182400005,7.231e-05
ETCUSD,1632211200007,0.0001
ETCUSD,1632240000000,0.0001
ETCUSD,1632268800005,7.454e-05
ETCUSD,1632297600006,-5.612e-05
ETCUSD,1632326400000,4.94e-05
ETCUSD,1632355200003,-3.703e-05
ETCUSD,1632384000000,0.0001
ETCUSD,1632412800007,0.0001
ETCUSD,1632441600000,6.762e-05
ETCUSD,1632470400017,4.33e-05
ETCUSD,1632499200000,-3.165e-05
ETCUSD,1632528000007,-0.00023699
ETCUSD,1632556800002,-2.504e-05
ETCUSD,1632585600004,2.523e-05
ETCUSD,1632614400013,6.509e-05
ETCUSD,1632643200000,1.641e-05
ETCUSD,1632672000005,0.0001
ETCUSD,1632700800000,1.257e-05
ETCUSD,1632729600001,-9.12e-06
ETCUSD,1632758400000,-0.00019955
ETCUSD,1632787200000,-0.00029622
ETCUSD,1632816000014,-0.00036738
ETCUSD,1632844800000,-0.00011042
ETCUSD,1632873600000,-0.00035719
ETCUSD,1632902400002,-0.00037891
ETCUSD,1632931200000,-5.301e-05
ETCUSD,1632960000000,-0.00010754
ETCUSD,1632988800004,-5e-06
ETCUSD,1633017600005,6.059e-05
ETCUSD,1633046400012,5.098e-05
ETCUSD,1633075200008,9.493e-05
ETCUSD,1633104000000,0.0001
ETCUSD,1633132800000,-8.34e-06
ETCUSD,1633161600002,0.0001
ETCUSD,1633190400011,0.0001
ETCUSD,1633219200019,1.84e-06
ETCUSD,1633248000011,0.0001
ETCUSD,1633276800004,0.0001
ETCUSD,1633305600004,0.0001
ETCUSD,1633334400000,0.0001
ETCUSD,1633363200000,0.0001
ETCUSD,1633392000007,0.0001
ETCUSD,1633420800007,0.0001
ETCUSD,1633449600004,0.0001
ETCUSD,1633478400002,0.0001
ETCUSD,1633507200000,0.0001
ETCUSD,1633536000003,0.0001
ETCUSD,1633564800007,0.0001
ETCUSD,1633593600002,0.0001
ETCUSD,1633622400000,0.00016368
ETCUSD,1633651200011,0.00014329
ETCUSD,1633680000003,0.0001
ETCUSD,1633708800002,0.00040151
ETCUSD,1633737600006,0.00030717
ETCUSD,1633766400003,0.00015247
ETCUSD,1633795200000,0.00032772
ETCUSD,1633824000000,0.00019341
ETCUSD,1633852800008,0.0001
ETCUSD,1633881600000,0.00014688
ETCUSD,1633910400002,0.0001
ETCUSD,1633939200001,0.0001
ETCUSD,1633968000006,0.0001
ETCUSD,1633996800008,0.0001
ETCUSD,1634025600013,0.0001
ETCUSD,1634054400003,0.0001
ETCUSD,1634083200003,0.0001
ETCUSD,1634112000015,0.0001
ETCUSD,1634140800000,0.0001
ETCUSD,1634169600011,0.0001
ETCUSD,1634198400017,0.00013929
ETCUSD,1634227200000,0.00027242
ETCUSD,1634256000005,0.00021103
ETCUSD,1634284800002,0.00030892
ETCUSD,1634313600005,0.00017733
ETCUSD,1634342400009,0.00031386
ETCUSD,1634371200000,0.00057932
ETCUSD,1634400000003,0.00043643
ETCUSD,1634428800001,0.000548
ETCUSD,1634457600002,0.00062412
ETCUSD,1634486400002,0.00048178
ETCUSD,1634515200006,0.0001
ETCUSD,1634544000004,0.0001
ETCUSD,1634572800001,0.00020191
ETCUSD,1634601600002,0.00020613
ETCUSD,1634630400000,0.00028196
ETCUSD,1634659200000,0.00027207
ETCUSD,1634688000017,0.00011904
ETCUSD,1634716800004,0.00032343
ETCUSD,1634745600020,0.00051898
ETCUSD,1634774400000,0.00062679
ETCUSD,1634803200000,0.00055959
ETCUSD,1634832000008,0.0007959
ETCUSD,1634860800005,0.00050259
ETCUSD,1634889600005,0.0003707
ETCUSD,1634918400018,0.00043281
ETCUSD,1634947200005,0.00020857
ETCUSD,1634976000001,0.00018009
ETCUSD,1635004800004,0.00018442
ETCUSD,1635033600006,0.0001
ETCUSD,1635062400012,0.00050461
ETCUSD,1635091200001,0.00047508
ETCUSD,1635120000012,0.00025994
ETCUSD,1635148800002,0.00041611
ETCUSD,1635177600022,0.00048395
ETCUSD,1635206400005,0.00033163
ETCUSD,1635235200016,0.00088347
ETCUSD,1635264000000,0.0004725
ETCUSD,1635292800004,0.0001
ETCUSD,1635321600000,0.00042286
ETCUSD,1635350400002,-0.00016284
ETCUSD,1635379200002,0.0001
ETCUSD,1635408000000,0.0001
ETCUSD,1635436800005,0.0001
ETCUSD,1635465600000,0.0001
ETCUSD,1635494400007,0.0001
ETCUSD,1635523200001,0.0001
ETCUSD,1635552000000,0.0001
ETCUSD,1635580800001,0.0001
ETCUSD,1635609600013,0.0001
ETCUSD,1635638400008,0.0001
ETCUSD,1635667200010,0.00019372
ETCUSD,1635696000001,0.0001
ETCUSD,1635724800009,0.0001
ETCUSD,1635753600014,0.0001
ETCUSD,1635782400001,0.00033515
ETCUSD,1635811200000,0.00010805
ETCUSD,1635840000007,0.00050474
ETCUSD,1635868800010,0.00050595
ETCUSD,1635897600019,0.00047294
ETCUSD,1635926400000,0.0004162
ETCUSD,1635955200005,0.0001
ETCUSD,1635984000006,0.00016629
ETCUSD,1636012800004,0.00062925
ETCUSD,1636041600004,0.00031988
ETCUSD,1636070400000,0.00020132
ETCUSD,1636099200013,0.00016935
ETCUSD,1636128000016,0.0001
ETCUSD,1636156800010,0.0001
ETCUSD,1636185600000,0.0001
ETCUSD,1636214400007,0.0001
ETCUSD,1636243200013,0.0001
ETCUSD,1636272000005,0.0001
ETCUSD,1636300800004,0.0001
ETCUSD,1636329600001,0.0001
ETCUSD,1636358400000,0.00029747
ETCUSD,1636387200000,0.00068963
ETCUSD,1636416000000,0.00040908
ETCUSD,1636444800014,0.00088992
ETCUSD,1636473600001,0.00033898
ETCUSD,1636502400000,0.00043673
ETCUSD,1636531200003,0.00021984
ETCUSD,1636560000001,0.0006893
ETCUSD,1636588800008,0.0001
ETCUSD,1636617600012,0.0001
ETCUSD,1636646400007,0.0001
ETCUSD,1636675200000,0.0001
ETCUSD,1636704000000,0.0001
ETCUSD,1636732800004,0.0001
ETCUSD,1636761600000,0.0001
ETCUSD,1636790400004,0.0001
ETCUSD,1636819200006,0.0001
ETCUSD,1636848000010,0.0001
ETCUSD,1636876800001,0.0001
ETCUSD,1636905600000,0.0001
ETCUSD,1636934400008,0.0002184
ETCUSD,1636963200000,0.00035798
ETCUSD,1636992000000,0.00027615
ETCUSD,1637020800000,0.00013741
ETCUSD,1637049600001,0.0001
ETCUSD,1637078400018,0.0001
ETCUSD,1637107200005,0.0001
ETCUSD,1637136000007,0.0001
ETCUSD,1637164800003,0.0001
ETCUSD,1637193600017,0.0001
ETCUSD,1637222400007,0.0001
ETCUSD,1637251200011,0.0001
ETCUSD,1637280000000,0.0001
ETCUSD,1637308800000,0.0001
ETCUSD,1637337600005,0.0001
ETCUSD,1637366400012,0.0001
ETCUSD,1637395200000,0.0001
ETCUSD,1637424000007,0.0001
ETCUSD,1637452800000,0.0001
ETCUSD,1637481600006,0.0001
ETCUSD,1637510400000,0.0001
ETCUSD,1637539200004,0.0001
ETCUSD,1637568000000,0.0001
ETCUSD,1637596800000,0.0001
ETCUSD,1637625600004,0.0001
ETCUSD,1637654400010,0.0001
ETCUSD,1637683200005,0.0001
ETCUSD,1637712000001,0.0001
ETCUSD,1637740800003,0.0001
ETCUSD,1637769600010,0.0001
ETCUSD,1637798400000,0.0001
ETCUSD,1637827200010,0.00040492
ETCUSD,1637856000000,0.00021796
ETCUSD,1637884800000,0.00033248
ETCUSD,1637913600000,0.00030619
ETCUSD,1637942400016,0.0001
ETCUSD,1637971200005,0.0001
ETCUSD,1638000000008,0.0001
ETCUSD,1638028800007,0.0001
ETCUSD,1638057600018,0.0001
ETCUSD,1638086400000,0.0001
ETCUSD,1638115200004,0.0001
ETCUSD,1638144000002,0.0001
ETCUSD,1638172800004,0.0001
ETCUSD,1638201600000,0.0001
ETCUSD,1638230400000,0.0001
ETCUSD,1638259200006,0.0001
ETCUSD,1638288000000,0.0001
ETCUSD,1638316800000,0.0001
ETCUSD,1638345600000,0.0001
ETCUSD,1638374400001,0.0001
ETCUSD,1638403200000,0.0001
ETCUSD,1638432000007,0.0001
ETCUSD,1638460800008,0.0001
ETCUSD,1638489600004,0.0001
ETCUSD,1638518400002,0.0001
ETCUSD,1638547200006,0.0001
ETCUSD,1638576000006,0.0001
ETCUSD,1638604800004,-0.0010321
ETCUSD,1638633600000,-0.00076846
ETCUSD,1638662400003,-0.00066338
ETCUSD,1638691200008,-0.00062153
ETCUSD,1638720000007,-0.00031165
ETCUSD,1638748800009,-0.00010878
ETCUSD,1638777600001,-2.933e-05
ETCUSD,1638806400000,-0.00011934
ETCUSD,1638835200018,-0.00017147
ETCUSD,1638864000000,-0.00015077
ETCUSD,1638892800000,-0.00019354
ETCUSD,1638921600000,1.819e-05
ETCUSD,1638950400018,-4.742e-05
ETCUSD,1638979200010,-2.908e-05
ETCUSD,1639008000010,-0.00022492
ETCUSD,1639036800000,-0.00019583
ETCUSD,1639065600000,-2.725e-05
ETCUSD,1639094400000,2.022e-05
ETCUSD,1639123200008,-9.775e-05
ETCUSD,1639152000012,-0.00025515
ETCUSD,1639180800009,-0.00011267
ETCUSD,1639209600008,-4.94e-06
ETCUSD,1639238400000,0.0001
ETCUSD,1639267200001,5.019e-05
ETCUSD,1639296000015,-6.99e-06
ETCUSD,1639324800011,2.59e-06
ETCUSD,1639353600006,1.405e-05
ETCUSD,1639382400019,-4.884e-05
ETCUSD,1639411200000,5.118e-05
ETCUSD,1639440000004,-8.811e-05
ETCUSD,1639468800000,-3.129e-05
ETCUSD,1639497600015,-5.376e-05
ETCUSD,1639526400000,-7.521e-05
ETCUSD,1639555200008,0.0001
ETCUSD,1639584000005,1.087e-05
ETCUSD,1639612800006,6.185e-05
ETCUSD,1639641600009,0.0001
ETCUSD,1639670400000,7.831e-05
ETCUSD,1639699200000,0.0001
ETCUSD,1639728000005,-3.022e-05
ETCUSD,1639756800006,-6.347e-05
ETCUSD,1639785600014,-0.00013095
ETCUSD,1639814400012,-5.119e-05
ETCUSD,1639843200000,0.0001
ETCUSD,1639872000031,6.498e-05
ETCUSD,1639900800000,0.0001
ETCUSD,1639929600003,0.0001
ETCUSD,1639958400015,0.0001
ETCUSD,1639987200007,0.0001
ETCUSD,1640016000005,-7.3e-06
ETCUSD,1640044800003,1.13e-05
ETCUSD,1640073600012,-7.113e-05
ETCUSD,1640102400005,-4.473e-05
ETCUSD,1640131200000,-0.00012387
ETCUSD,1640160000001,-5.819e-05
ETCUSD,1640188800006,6.347e-05
ETCUSD,1640217600011,-0.00010148
ETCUSD,1640246400000,5.215e-05
ETCUSD,1640275200000,0.0001
ETCUSD,1640304000005,-1.956e-05
ETCUSD,1640332800000,-4.377e-05
ETCUSD,1640361600011,0.0001
ETCUSD,1640390400000,0.0001
ETCUSD,1640419200001,0.0001
ETCUSD,1640448000005,0.0001
ETCUSD,1640476800004,8.133e-05
ETCUSD,1640505600002,0.0001
ETCUSD,1640534400000,0.0001
ETCUSD,1640563200002,6.932e-05
ETCUSD,1640592000005,0.0001
ETCUSD,1640620800000,0.0001
ETCUSD,1640649600000,0.0001
ETCUSD,1640678400012,-0.00026783
ETCUSD,1640707200000,-2.246e-05
ETCUSD,1640736000006,-0.00022938
ETCUSD,1640764800003,-0.00011347
ETCUSD,1640793600004,-6.547e-05
ETCUSD,1640822400003,-5.227e-05
ETCUSD,1640851200001,1.197e-05
ETCUSD,1640880000017,-7.709e-05
ETCUSD,1640908800006,9.941e-05
ETCUSD,1640937600009,2.181e-05
ETCUSD,1640966400000,0.0001
ETCUSD,1640995200006,-3.728e-05
ETCUSD,1641024000009,0.0001
ETCUSD,1641052800000,0.0001
ETCUSD,1641081600028,6.607e-05
ETCUSD,1641110400000,4.878e-05
ETCUSD,1641139200000,7.524e-05
ETCUSD,1641168000010,0.0001
ETCUSD,1641196800013,0.0001
ETCUSD,1641225600018,0.0001
ETCUSD,1641254400000,0.0001
ETCUSD,1641283200010,0.0001
ETCUSD,1641312000002,0.0001
ETCUSD,1641340800001,0.0001
ETCUSD,1641369600017,0.0001
ETCUSD,1641398400000,0.0001
ETCUSD,1641427200002,-5.237e-05
ETCUSD,1641456000021,-9.645e-05
ETCUSD,1641484800006,8.732e-05
ETCUSD,1641513600005,2.123e-05
ETCUSD,1641542400000,-9.4e-06
ETCUSD,1641571200001,0.0001
ETCUSD,1641600000014,0.0001
ETCUSD,1641628800013,0.0001
ETCUSD,1641657600000,0.0001
ETCUSD,1641686400003,-0.00016301
ETCUSD,1641715200000,-4.563e-05
ETCUSD,1641744000000,6.98e-05
ETCUSD,1641772800000,-0.00010542
ETCUSD,1641801600010,3.367e-05
ETCUSD,1641830400007,-1.76e-06
ETCUSD,1641859200013,-0.00013667
ETCUSD,1641888000004,-1.558e-05
ETCUSD,1641916800000,8.843e-05
ETCUSD,1641945600012,-8.249e-05
ETCUSD,1641974400015,-5.985e-05
ETCUSD,1642003200000,-0.00012975
ETCUSD,1642032000007,-0.00011506
ETCUSD,1642060800000,6.43e-06
ETCUSD,1642089600014,9.363e-05
ETCUSD,1642118400000,8.569e-05
ETCUSD,1642147200006,9.54e-06
ETCUSD,1642176000014,-4.352e-05
ETCUSD,1642204800000,-1.894e-05
ETCUSD,1642233600002,-2.628e-05
ETCUSD,1642262400000,-5.179e-05
ETCUSD,1642291200000,-6.242e-05
ETCUSD,1642320000017,-1.89e-05
ETCUSD,1642348800011,5.587e-05
ETCUSD,1642377600005,7.331e-05
ETCUSD,1642406400006,0.0001
ETCUSD,1642435200012,-4.165e-05
ETCUSD,1642464000020,0.0001
ETCUSD,1642492800000,4.002e-05
ETCUSD,1642521600013,-1.714e-05
ETCUSD,1642550400001,0.0001
ETCUSD,1642579200000,-1.485e-05
ETCUSD,1642608000000,5.242e-05
ETCUSD,1642636800015,-1.852e-05
ETCUSD,1642665600000,8.856e-05
ETCUSD,1642694400000,-0.00012847
ETCUSD,1642723200007,-4.035e-05
ETCUSD,1642752000015,-5.97e-05
ETCUSD,1642780800000,4.807e-05
ETCUSD,1642809600017,0.0001
ETCUSD,1642838400003,-3.781e-05
ETCUSD,1642867200021,-0.00035857
ETCUSD,1642896000026,-0.00015777
ETCUSD,1642924800010,-0.00015448
ETCUSD,1642953600009,-0.00033346
ETCUSD,1642982400010,-0.00022002
ETCUSD,1643011200000,-4.925e-05
ETCUSD,1643040000021,-0.00014178
ETCUSD,1643068800000,-0.00031279
ETCUSD,1643097600000,0.0001
ETCUSD,1643126400012,1.329e-05
ETCUSD,1643155200000,1.014e-05
ETCUSD,1643184000001,1.161e-05
ETCUSD,1643212800005,0.0001
ETCUSD,1643241600004,-6.5e-07
ETCUSD,1643270400004,7.819e-05
ETCUSD,1643299200019,-5.636e-05
ETCUSD,1643328000000,9.114e-05
ETCUSD,1643356800000,-0.00012023
ETCUSD,1643385600025,0.0001
ETCUSD,1643414400017,2.679e-05
ETCUSD,1643443200000,0.0001
ETCUSD,1643472000013,0.0001
ETCUSD,1643500800025,0.0001
ETCUSD,1643529600009,9.845e-05
ETCUSD,1643558400000,0.0001
ETCUSD,1643587200000,8.068e-05
ETCUSD,1643616000000,-3.425e-05
ETCUSD,1643644800000,-1.036e-05
ETCUSD,1643673600010,7.531e-05
ETCUSD,1643702400000,6.98e-05
ETCUSD,1643731200004,3.036e-05
ETCUSD,1643760000004,4.273e-05
ETCUSD,1643788800000,-0.00012834
ETCUSD,1643817600002,0.0001
ETCUSD,1643846400002,3.692e-05
ETCUSD,1643875200000,-8.554e-05
ETCUSD,1643904000000,2.889e-05
ETCUSD,1643932800018,-2.87e-06
ETCUSD,1643961600005,-0.0001451
ETCUSD,1643990400010,-9.68e-06
ETCUSD,1644019200014,-0.00037384
ETCUSD,1644048000000,-0.00037908
ETCUSD,1644076800000,-0.00049858
ETCUSD,1644105600000,-0.00027691
ETCUSD,1644134400000,-9.737e-05
ETCUSD,1644163200000,-4.04e-05
ETCUSD,1644192000003,-0.000101
ETCUSD,1644220800014,-4.158e-05
ETCUSD,1644249600003,-0.00014452
ETCUSD,1644278400001,-4.561e-05
ETCUSD,1644307200003,0.0001
ETCUSD,1644336000002,0.0001
ETCUSD,1644364800000,3.99e-05
ETCUSD,1644393600005,-7.848e-05
ETCUSD,1644422400001,-3.787e-05
ETCUSD,1644451200012,4.656e-05
ETCUSD,1644480000000,0.0001
ETCUSD,1644508800006,0.0001
ETCUSD,1644537600000,0.0001
ETCUSD,1644566400009,0.0001
ETCUSD,1644595200015,1.701e-05
ETCUSD,1644624000020,0.0001
ETCUSD,1644652800001,6.126e-05
ETCUSD,1644681600007,-2.487e-05
ETCUSD,1644710400022,-0.00031698
ETCUSD,1644739200001,-0.00024118
ETCUSD,1644768000007,-0.00013974
ETCUSD,1644796800005,2.919e-05
ETCUSD,1644825600013,0.0001
ETCUSD,1644854400019,-4.915e-05
ETCUSD,1644883200012,-8.865e-05
ETCUSD,1644912000005,-0.00048502
ETCUSD,1644940800011,-0.00021075
ETCUSD,1644969600009,2.647e-05
ETCUSD,1644998400001,0.0001
ETCUSD,1645027200014,0.0001
ETCUSD,1645056000018,-3.627e-05
ETCUSD,1645084800000,-0.00014857
ETCUSD,1645113600010,6.419e-05
ETCUSD,1645142400000,8.435e-05
ETCUSD,1645171200002,6e-07
ETCUSD,1645200000000,9.097e-05
ETCUSD,1645228800007,2.168e-05
ETCUSD,1645257600000,0.0001
ETCUSD,1645286400023,0.0001
ETCUSD,1645315200001,8.699e-05
ETCUSD,1645344000003,9.196e-05
ETCUSD,1645372800001,6.887e-05
ETCUSD,1645401600000,0.0001
ETCUSD,1645430400001,5.85e-05
ETCUSD,1645459200005,-6.25e-05
ETCUSD,1645488000005,-8.148e-05
ETCUSD,1645516800000,-0.00014368
ETCUSD,1645545600000,-6.262e-05
ETCUSD,1645574400002,-7.719e-05
ETCUSD,1645603200005,-0.00029371
ETCUSD,1645632000010,-7e-08
ETCUSD,1645660800008,-6.166e-05
ETCUSD,1645689600003,-0.00042651
ETCUSD,1645718400001,-0.00033483
ETCUSD,1645747200000,4.25e-05
ETCUSD,1645776000006,-0.00011245
ETCUSD,1645804800001,-0.00011301
ETCUSD,1645833600004,-9.357e-05
ETCUSD,1645862400004,0.0001
ETCUSD,1645891200007,0.0001
ETCUSD,1645920000012,-1.705e-05
ETCUSD,1645948800000,1.121e-05
ETCUSD,1645977600000,6.293e-05
ETCUSD,1646006400000,-5.736e-05
ETCUSD,1646035200001,-0.00012247
ETCUSD,1646064000002,5.61e-06
ETCUSD,1646092800002,0.0001
ETCUSD,1646121600001,0.0001
ETCUSD,1646150400000,9.843e-05
ETCUSD,1646179200000,0.0001
ETCUSD,1646208000000,0.0001
ETCUSD,1646236800002,3.172e-05
ETCUSD,1646265600000,0.0001
ETCUSD,1646294400000,7.671e-05
ETCUSD,1646323200005,0.0001
ETCUSD,1646352000018,8.079e-05
ETCUSD,1646380800000,0.0001
ETCUSD,1646409600000,4.9e-05
ETCUSD,1646438400006,-0.00017526
ETCUSD,1646467200004,-0.00011627
ETCUSD,1646496000000,-7.286e-05
ETCUSD,1646524800004,-1.8e-07
ETCUSD,1646553600000,4.181e-05
ETCUSD,1646582400013,4.353e-05
ETCUSD,1646611200008,-4.669e-05
ETCUSD,1646640000006,8.07e-06
ETCUSD,1646668800000,8.055e-05
ETCUSD,1646697600008,-7.28e-05
ETCUSD,1646726400002,0.0001
ETCUSD,1646755200000,0.0001
ETCUSD,1646784000008,4.311e-05
ETCUSD,1646812800000,7.14e-05
ETCUSD,1646841600004,0.0001
ETCUSD,1646870400000,0.0001
ETCUSD,1646899200017,-0.00014282
ETCUSD,1646928000000,-0.00012075
ETCUSD,1646956800008,8.948e-05
ETCUSD,1646985600000,-0.0001676
ETCUSD,1647014400001,0.0001
ETCUSD,1647043200010,-4.241e-05
ETCUSD,1647072000001,0.0001
ETCUSD,1647100800002,0.0001
ETCUSD,1647129600008,3.465e-05
ETCUSD,1647158400000,0.0001
ETCUSD,1647187200002,-1.832e-05
ETCUSD,1647216000014,-0.00012119
ETCUSD,1647244800005,5.3e-06
ETCUSD,1647273600002,0.0001
ETCUSD,1647302400008,3.577e-05
ETCUSD,1647331200000,4.036e-05
ETCUSD,1647360000006,8.886e-05
ETCUSD,1647388800013,0.0001
ETCUSD,1647417600000,0.0001
ETCUSD,1647446400008,9.404e-05
ETCUSD,1647475200004,-0.00020983
ETCUSD,1647504000000,0.0001
ETCUSD,1647532800004,0.0001
ETCUSD,1647561600000,7.538e-05
ETCUSD,1647590400000,0.0001
ETCUSD,1647619200017,0.0001
ETCUSD,1647648000008,0.0001
ETCUSD,1647676800015,0.0001
ETCUSD,1647705600000,0.0001
ETCUSD,1647734400000,0.0001
ETCUSD,1647763200001,-2.7e-06
ETCUSD,1647792000002,-1.333e-05
ETCUSD,1647820800013,-0.00034505
ETCUSD,1647849600004,2.746e-05
ETCUSD,1647878400010,-0.00016633
ETCUSD,1647907200012,0.0001
ETCUSD,1647936000001,0.0001
ETCUSD,1647964800022,0.0001
ETCUSD,1647993600007,2.393e-05
ETCUSD,1648022400000,6.91e-05
ETCUSD,1648051200006,-0.00042574
ETCUSD,1648080000013,-0.00010467
ETCUSD,1648108800006,5.92e-05
ETCUSD,1648137600020,0.0001
ETCUSD,1648166400010,0.0001
ETCUSD,1648195200001,0.0001
ETCUSD,1648224000014,-5.32e-06
ETCUSD,1648252800020,-6.098e-05
ETCUSD,1648281600006,7.639e-05
ETCUSD,1648310400000,0.0001
ETCUSD,1648339200004,0.0001
ETCUSD,1648368000001,3.783e-05
ETCUSD,1648396800006,6.715e-05
ETCUSD,1648425600012,2.327e-05
ETCUSD,1648454400007,0.0001
ETCUSD,1648483200000,0.0001
ETCUSD,1648512000000,0.0001
ETCUSD,1648540800015,0.0001
ETCUSD,1648569600000,0.0001
ETCUSD,1648598400000,0.0001
ETCUSD,1648627200002,0.0001
ETCUSD,1648656000028,0.0001
ETCUSD,1648684800017,0.0001
ETCUSD,1648713600000,0.0001
ETCUSD,1648742400015,0.0001
ETCUSD,1648771200000,0.0001
ETCUSD,1648800000000,0.0001
ETCUSD,1648828800018,0.0001
ETCUSD,1648857600000,0.0001
ETCUSD,1648886400002,0.0001
ETCUSD,1648915200006,0.0001
ETCUSD,1648944000018,0.0001
ETCUSD,1648972800018,0.0001
ETCUSD,1649001600015,0.0001
ETCUSD,1649030400006,0.0001
ETCUSD,1649059200000,0.0001
ETCUSD,1649088000016,0.0001
ETCUSD,1649116800000,0.0001
ETCUSD,1649145600010,0.0001
ETCUSD,1649174400008,0.0001
ETCUSD,1649203200001,0.0001
ETCUSD,1649232000021,5.462e-05
ETCUSD,1649260800000,0.0001
ETCUSD,1649289600009,3.951e-05
ETCUSD,1649318400000,-5.44e-06
ETCUSD,1649347200000,-0.00018279
ETCUSD,1649376000000,9.928e-05
ETCUSD,1649404800004,0.0001
ETCUSD,1649433600008,0.0001
ETCUSD,1649462400008,0.0001
ETCUSD,1649491200000,0.0001
ETCUSD,1649520000001,0.0001
ETCUSD,1649548800004,4.737e-05
ETCUSD,1649577600007,0.0001
ETCUSD,1649606400016,7.343e-05
ETCUSD,1649635200000,-6.735e-05
ETCUSD,1649664000000,7.505e-05
ETCUSD,1649692800009,6.403e-05
ETCUSD,1649721600000,-0.00021161
ETCUSD,1649750400006,-8.646e-05
ETCUSD,1649779200013,-0.0002514
ETCUSD,1649808000005,-0.00011724
ETCUSD,1649836800008,-0.00012819
ETCUSD,1649865600013,-3.296e-05
ETCUSD,1649894400007,8.948e-05
ETCUSD,1649923200000,4.765e-05
ETCUSD,1649952000006,6.947e-05
ETCUSD,1649980800008,-7.73e-05
ETCUSD,1650009600002,-7.536e-05
ETCUSD,1650038400000,1.613e-05
ETCUSD,1650067200011,4.562e-05
ETCUSD,1650096000007,6.211e-05
ETCUSD,1650124800007,0.0001
ETCUSD,1650153600000,6.625e-05
ETCUSD,1650182400004,8.408e-05
ETCUSD,1650211200000,-6.772e-05
ETCUSD,1650240000008,-9.42e-06
ETCUSD,1650268800012,-0.00029178
ETCUSD,1650297600000,-0.00011979
ETCUSD,1650326400021,-0.00031645
ETCUSD,1650355200031,5.788e-05
ETCUSD,1650384000000,6.691e-05
ETCUSD,1650412800025,0.0001
ETCUSD,1650441600003,0.0001
ETCUSD,1650470400000,0.0001
ETCUSD,1650499200000,4.039e-05
ETCUSD,1650528000000,0.0001
ETCUSD,1650556800024,0.0001
ETCUSD,1650585600008,-9.582e-05
ETCUSD,1650614400008,-0.00014701
ETCUSD,1650643200008,7.642e-05
ETCUSD,1650672000000,-2.748e-05
ETCUSD,1650700800000,8.366e-05
ETCUSD,1650729600012,7.164e-05
ETCUSD,1650758400004,0.0001
ETCUSD,1650787200003,3.598e-05
ETCUSD,1650816000000,9.025e-05
ETCUSD,1650844800008,0.0001
ETCUSD,1650873600018,8.269e-05
ETCUSD,1650902400000,2.73e-05
ETCUSD,1650931200014,3.766e-05
ETCUSD,1650960000000,0.0001
ETCUSD,1650988800017,0.0001
ETCUSD,1651017600012,-5.523e-05
ETCUSD,1651046400000,0.0001
ETCUSD,1651075200002,3.965e-05
ETCUSD,1651104000000,5.427e-05
ETCUSD,1651132800004,0.0001
ETCUSD,1651161600030,0.0001
ETCUSD,1651190400000,0.0001
ETCUSD,1651219200016,0.0001
ETCUSD,1651248000010,0.0001
ETCUSD,1651276800000,7.721e-05
ETCUSD,1651305600005,9.178e-05
ETCUSD,1651334400015,5.881e-05
ETCUSD,1651363200000,-7.894e-05
ETCUSD,1651392000000,-0.00034102
ETCUSD,1651420800010,-0.00020466
ETCUSD,1651449600018,-0.00022264
ETCUSD,1651478400007,-0.00020805
ETCUSD,1651507200000,-0.00010537
ETCUSD,1651536000006,-7.166e-05
ETCUSD,1651564800000,8.324e-05
ETCUSD,1651593600021,8.269e-05
ETCUSD,1651622400007,-0.00014212
ETCUSD,1651651200011,0.0001
ETCUSD,1651680000000,0.0001
ETCUSD,1651708800005,0.0001
ETCUSD,1651737600019,0.0001
ETCUSD,1651766400005,0.0001
ETCUSD,1651795200005,3.994e-05
ETCUSD,1651824000001,1.712e-05
ETCUSD,1651852800010,2.24e-05
ETCUSD,1651881600004,5.843e-05
ETCUSD,1651910400016,-1.729e-05
ETCUSD,1651939200011,3.366e-05
ETCUSD,1651968000000,1.212e-05
ETCUSD,1651996800007,-2.81e-06
ETCUSD,1652025600015,3.9e-05
ETCUSD,1652054400000,6.394e-05
ETCUSD,1652083200001,-4.063e-05
ETCUSD,1652112000000,-5.814e-05
ETCUSD,1652140800000,-0.00016636
ETCUSD,1652169600007,-4.213e-05
ETCUSD,1652198400008,1.154e-05
ETCUSD,1652227200004,-7.632e-05
ETCUSD,1652256000007,-6.546e-05
ETCUSD,1652284800008,-0.00017071
ETCUSD,1652313600014,-0.00013929
ETCUSD,1652342400000,-0.00056257
ETCUSD,1652371200007,-6.811e-05
ETCUSD,1652400000014,-0.00017413
ETCUSD,1652428800001,-0.0003292
ETCUSD,1652457600000,-0.00022432
ETCUSD,1652486400000,-0.00010934
ETCUSD,1652515200000,-2.353e-05
ETCUSD,1652544000001,0.0001
ETCUSD,1652572800000,-5.657e-05
ETCUSD,1652601600000,-5.836e-05
ETCUSD,1652630400000,-8.272e-05
ETCUSD,1652659200021,-5.723e-05
ETCUSD,1652688000013,9.017e-05
ETCUSD,1652716800006,5.437e-05
ETCUSD,1652745600000,-0.00010913
ETCUSD,1652774400010,-4.034e-05
ETCUSD,1652803200023,-6.585e-05
ETCUSD,1652832000003,-0.00010277
ETCUSD,1652860800024,-6.056e-05
ETCUSD,1652889600014,-0.00018307
ETCUSD,1652918400000,-0.00020194
ETCUSD,1652947200008,-0.00011449
ETCUSD,1652976000015,-4.542e-05
ETCUSD,1653004800001,0.0001
ETCUSD,1653033600003,-1.836e-05
ETCUSD,1653062400012,7.326e-05
ETCUSD,1653091200008,1.765e-05
ETCUSD,1653120000001,-6.191e-05
ETCUSD,1653148800007,-4.521e-05
ETCUSD,1653177600003,-7.879e-05
ETCUSD,1653206400016,-1.976e-05
ETCUSD,1653235200000,0.0001
ETCUSD,1653264000011,0.0001
ETCUSD,1653292800000,6.882e-05
ETCUSD,1653321600023,1.069e-05
ETCUSD,1653350400011,0.0001
ETCUSD,1653379200000,-0.00018011
ETCUSD,1653408000009,-0.00023626
ETCUSD,1653436800001,-0.00016692
ETCUSD,1653465600000,-6.016e-05
ETCUSD,1653494400015,-9.887e-05
ETCUSD,1653523200005,6.44e-06
ETCUSD,1653552000001,-9.305e-05
ETCUSD,1653580800000,-0.00037905
ETCUSD,1653609600007,5.148e-05
ETCUSD,1653638400008,-0.00018638
ETCUSD,1653667200000,-8.801e-05
ETCUSD,1653696000018,-5.308e-05
ETCUSD,1653724800016,-1.252e-05
ETCUSD,1653753600013,-4.811e-05
ETCUSD,1653782400000,-7.167e-05
ETCUSD,1653811200025,-0.00017977
ETCUSD,1653840000002,-6.96e-06
ETCUSD,1653868800000,3.782e-05
ETCUSD,1653897600013,-2.706e-05
ETCUSD,1653926400005,0.0001
ETCUSD,1653955200016,-6.205e-05
ETCUSD,1653984000000,0.0001
ETCUSD,1654012800000,9.614e-05
ETCUSD,1654041600000,-1.333e-05
ETCUSD,1654070400011,5.56e-05
ETCUSD,1654099200000,5.589e-05
ETCUSD,1654128000000,-0.0002141
ETCUSD,1654156800006,-0.00020725
ETCUSD,1654185600021,-0.00013054
ETCUSD,1654214400016,-0.00017681
ETCUSD,1654243200016,-0.00023714
ETCUSD,1654272000012,-0.00013008
ETCUSD,1654300800005,-0.00012892
ETCUSD,1654329600000,1.128e-05
ETCUSD,1654358400007,-4.82e-05
ETCUSD,1654387200005,-0.00014662
ETCUSD,1654416000015,-8.086e-05
ETCUSD,1654444800000,-0.00019436
ETCUSD,1654473600000,-8.724e-05
ETCUSD,1654502400017,5.751e-05
ETCUSD,1654531200000,0.0001
ETCUSD,1654560000000,0.0001
ETCUSD,1654588800011,-0.00024697
ETCUSD,1654617600000,-0.00021096
ETCUSD,1654646400008,-1.386e-05
ETCUSD,1654675200020,-0.0002274
ETCUSD,1654704000012,-2.252e-05
ETCUSD,1654732800000,-0.0001509
ETCUSD,1654761600000,-2.667e-05
ETCUSD,1654790400000,-3.147e-05
ETCUSD,1654819200009,-6.685e-05
ETCUSD,1654848000000,-6.987e-05
ETCUSD,1654876800006,-0.00015723
ETCUSD,1654905600018,-7.165e-05
ETCUSD,1654934400014,-0.00012459
ETCUSD,1654963200000,-2.356e-05
ETCUSD,1654992000015,-0.00046193
ETCUSD,1655020800019,-0.00030226
ETCUSD,1655049600010,-0.00029356
ETCUSD,1655078400009,-0.00036554
ETCUSD,1655107200000,-0.00055346
ETCUSD,1655136000007,-0.00047056
ETCUSD,1655164800013,-0.00040871
ETCUSD,1655193600008,-0.0004584
ETCUSD,1655222400006,-0.00021532
ETCUSD,1655251200000,-0.00030538
ETCUSD,1655280000016,-0.00041906
ETCUSD,1655308800008,-0.00030054
ETCUSD,1655337600009,-2.137e-05
ETCUSD,1655366400016,-8.497e-05
ETCUSD,1655395200000,-0.00037688
ETCUSD,1655424000008,-0.00044074
ETCUSD,1655452800003,-0.00036632
ETCUSD,1655481600000,-0.00031633
ETCUSD,1655510400020,-0.00031767
ETCUSD,1655539200025,-0.00026648
ETCUSD,1655568000014,-0.00031625
ETCUSD,1655596800012,-0.0002846
ETCUSD,1655625600012,-0.0003831
ETCUSD,1655654400008,-9.8e-07
ETCUSD,1655683200016,3.208e-05
ETCUSD,1655712000000,3.813e-05
ETCUSD,1655740800013,8.435e-05
ETCUSD,1655769600012,-2.656e-05
ETCUSD,1655798400018,0.0001
ETCUSD,1655827200010,0.0001
ETCUSD,1655856000000,0.0001
ETCUSD,1655884800001,0.0001
ETCUSD,1655913600012,2.492e-05
ETCUSD,1655942400000,3.183e-05
ETCUSD,1655971200000,9.278e-05
ETCUSD,1656000000016,2.433e-05
ETCUSD,1656028800005,2.851e-05
ETCUSD,1656057600004,0.0001
ETCUSD,1656086400018,0.0001
ETCUSD,1656115200001,0.0001
ETCUSD,1656144000010,0.0001
ETCUSD,1656172800000,-2.093e-05
ETCUSD,1656201600002,0.0001
ETCUSD,1656230400016,0.0001
ETCUSD,1656259200006,0.0001
ETCUSD,1656288000008,5.663e-05
ETCUSD,1656316800000,3.746e-05
ETCUSD,1656345600016,0.0001
ETCUSD,1656374400016,0.0001
ETCUSD,1656403200001,5.347e-05
ETCUSD,1656432000005,1.1e-07
ETCUSD,1656460800000,-0.00016978
ETCUSD,1656489600013,5.13e-05
ETCUSD,1656518400000,-1.86e-06
ETCUSD,1656547200000,-0.00012008
ETCUSD,1656576000000,0.0001
ETCUSD,1656604800000,-0.00019091
ETCUSD,1656633600001,-1.896e-05
ETCUSD,1656662400017,0.0001
ETCUSD,1656691200005,-7.022e-05
ETCUSD,1656720000000,-9.134e-05
ETCUSD,1656748800000,9.4e-05
ETCUSD,1656777600008,4.606e-05
ETCUSD,1656806400015,-3.546e-05
ETCUSD,1656835200004,3.862e-05
ETCUSD,1656864000005,-4.54e-06
ETCUSD,1656892800021,4.893e-05
ETCUSD,1656921600001,-9.28e-05
ETCUSD,1656950400000,0.0001
ETCUSD,1656979200000,0.0001
ETCUSD,1657008000000,0.0001
ETCUSD,1657036800015,0.0001
ETCUSD,1657065600006,6.941e-05
ETCUSD,1657094400000,0.0001
ETCUSD,1657123200000,0.0001
ETCUSD,1657152000010,7.828e-05
ETCUSD,1657180800010,0.0001
ETCUSD,1657209600011,0.0001
ETCUSD,1657238400008,0.0001
ETCUSD,1657267200009,0.0001
ETCUSD,1657296000000,0.0001
ETCUSD,1657324800000,7.497e-05
ETCUSD,1657353600000,0.0001
ETCUSD,1657382400009,0.0001
ETCUSD,1657411200001,0.0001
ETCUSD,1657440000002,0.0001
ETCUSD,1657468800001,0.0001
ETCUSD,1657497600000,-1.559e-05
ETCUSD,1657526400003,5.119e-05
ETCUSD,1657555200001,5.583e-05
ETCUSD,1657584000000,-0.00012771
ETCUSD,1657612800021,-0.00014894
ETCUSD,1657641600000,-0.00012642
ETCUSD,1657670400012,-0.00019205
ETCUSD,1657699200022,-6.456e-05
ETCUSD,1657728000005,-0.00026803
ETCUSD,1657756800017,-0.00039896
ETCUSD,1657785600001,-0.00013842
ETCUSD,1657814400000,-3.288e-05
ETCUSD,1657843200004,-1.16e-05
ETCUSD,1657872000019,-3.722e-05
ETCUSD,1657900800017,2.221e-05
ETCUSD,1657929600021,1.197e-05
ETCUSD,1657958400014,0.0001
ETCUSD,1657987200005,9.507e-05
ETCUSD,1658016000000,0.0001
ETCUSD,1658044800003,-0.00057599
ETCUSD,1658073600007,-0.00027738
ETCUSD,1658102400001,-0.00020352
ETCUSD,1658131200004,-0.00067781
ETCUSD,1658160000019,-0.00034278
ETCUSD,1658188800000,-0.00023795
ETCUSD,1658217600000,-9.053e-05
ETCUSD,1658246400001,-0.00016499
ETCUSD,1658275200004,-0.00022605
ETCUSD,1658304000000,-8.428e-05
ETCUSD,1658332800003,-6.773e-05
ETCUSD,1658361600000,0.0001
ETCUSD,1658390400018,0.0001
ETCUSD,1658419200011,0.0001
ETCUSD,1658448000014,0.0001
ETCUSD,1658476800000,0.0001
ETCUSD,1658505600000,0.0001
ETCUSD,1658534400004,0.0001
ETCUSD,1658563200002,0.0001
ETCUSD,1658592000001,0.0001
ETCUSD,1658620800000,0.0001
ETCUSD,1658649600011,4.601e-05
ETCUSD,1658678400000,-4.209e-05
ETCUSD,1658707200000,6.923e-05
ETCUSD,1658736000014,-0.00021908
ETCUSD,1658764800006,8.257e-05
ETCUSD,1658793600010,2.697e-05
ETCUSD,1658822400000,-0.00018389
ETCUSD,1658851200000,-0.00023714
ETCUSD,1658880000008,-0.0001579
ETCUSD,1658908800000,-0.00029579
ETCUSD,1658937600003,-0.00035476
ETCUSD,1658966400009,-0.00014663
ETCUSD,1658995200008,0.0001
ETCUSD,1659024000013,-7.034e-05
ETCUSD,1659052800000,0.0001
ETCUSD,1659081600000,0.0001
ETCUSD,1659110400000,6.266e-05
ETCUSD,1659139200005,0.0001
ETCUSD,1659168000009,0.0001
ETCUSD,1659196800000,0.0001
ETCUSD,1659225600022,0.0001
ETCUSD,1659254400011,0.0001
ETCUSD,1659283200019,0.0001
ETCUSD,1659312000010,0.0001
ETCUSD,1659340800019,0.0001
ETCUSD,1659369600017,0.0001
ETCUSD,1659398400000,0.0001
ETCUSD,1659427200007,0.0001
ETCUSD,1659456000014,4.018e-05
ETCUSD,1659484800001,3.043e-05
ETCUSD,1659513600020,4.66e-06
ETCUSD,1659542400008,-1.919e-05
ETCUSD,1659571200001,2.095e-05
ETCUSD,1659600000009,-1.097e-05
ETCUSD,1659628800015,-2.642e-05
ETCUSD,1659657600005,0.0001
ETCUSD,1659686400000,0.0001
ETCUSD,1659715200000,0.0001
ETCUSD,1659744000021,8.75e-05
ETCUSD,1659772800000,0.0001
ETCUSD,1659801600015,0.0001
ETCUSD,1659830400013,0.0001
ETCUSD,1659859200000,0.0001
ETCUSD,1659888000014,1.227e-05
ETCUSD,1659916800009,0.0001
ETCUSD,1659945600006,-0.00011111
ETCUSD,1659974400000,0.0001
ETCUSD,1660003200020,5.954e-05
ETCUSD,1660032000000,0.0001
ETCUSD,1660060800000,-0.00019197
ETCUSD,1660089600000,1.244e-05
ETCUSD,1660118400016,0.0001
ETCUSD,1660147200018,0.0001
ETCUSD,1660176000012,0.0001
ETCUSD,1660204800000,0.0001
ETCUSD,1660233600000,0.0001
ETCUSD,1660262400006,0.0001
ETCUSD,1660291200000,0.0001
ETCUSD,1660320000005,1.367e-05
ETCUSD,1660348800012,0.0001
ETCUSD,1660377600006,0.0001
ETCUSD,1660406400018,0.0001
ETCUSD,1660435200000,0.0001
ETCUSD,1660464000000,4.56e-06
ETCUSD,1660492800000,-4.57e-06
ETCUSD,1660521600010,-4.09e-05
ETCUSD,1660550400002,9.254e-05
ETCUSD,1660579200010,7.046e-05
ETCUSD,1660608000010,0.0001
ETCUSD,1660636800002,5.502e-05
ETCUSD,1660665600000,1.18e-05
ETCUSD,1660694400020,-9.252e-05
ETCUSD,1660723200016,8.16e-06
ETCUSD,1660752000001,1.101e-05
ETCUSD,1660780800005,0.0001
ETCUSD,1660809600012,0.0001
ETCUSD,1660838400013,6.248e-05
ETCUSD,1660867200000,-2.287e-05
ETCUSD,1660896000000,-0.00033327
ETCUSD,1660924800009,-0.0003488
ETCUSD,1660953600000,-4.79e-06
ETCUSD,1660982400005,-0.00022748
ETCUSD,1661011200000,-0.00036592
ETCUSD,1661040000010,-0.00034288
ETCUSD,1661068800013,-0.00018908
ETCUSD,1661097600000,-0.00056647
ETCUSD,1661126400011,-0.00046834
ETCUSD,1661155200005,-0.00037789
ETCUSD,1661184000005,-0.00013018
ETCUSD,1661212800000,-3.513e-05
ETCUSD,1661241600021,-5.599e-05
ETCUSD,1661270400005,-0.00010199
ETCUSD,1661299200017,-5.302e-05
ETCUSD,1661328000021,-0.0002701
ETCUSD,1661356800000,-0.00022984
ETCUSD,1661385600003,-2.71e-06
ETCUSD,1661414400000,-0.000269
ETCUSD,1661443200004,-0.00019348
ETCUSD,1661472000001,-0.00020318
ETCUSD,1661500800004,-0.00021892
ETCUSD,1661529600000,-0.00018455
ETCUSD,1661558400010,-0.00024001
ETCUSD,1661587200007,-0.00022413
ETCUSD,1661616000008,-0.00027255
ETCUSD,1661644800019,-0.00038528
ETCUSD,1661673600000,-0.00034572
ETCUSD,1661702400000,-0.00031156
ETCUSD,1661731200000,-0.00044735
ETCUSD,1661760000000,-0.00040876
ETCUSD,1661788800001,-0.00082872
ETCUSD,1661817600001,-0.00018368
ETCUSD,1661846400005,-0.00020553
ETCUSD,1661875200010,-0.00016021
ETCUSD,1661904000000,-0.00036266
ETCUSD,1661932800005,-0.00023597
ETCUSD,1661961600013,-0.00046438
ETCUSD,1661990400012,-0.00015789
ETCUSD,1662019200000,-0.00025727
ETCUSD,1662048000013,-0.0002615
ETCUSD,1662076800002,-9.644e-05
ETCUSD,1662105600013,8.09e-06
ETCUSD,1662134400000,-5.849e-05
ETCUSD,1662163200000,-0.00021731
ETCUSD,1662192000002,-0.00019356
ETCUSD,1662220800007,-0.00016422
ETCUSD,1662249600008,-0.00020438
ETCUSD,1662278400009,-0.00011358
ETCUSD,1662307200000,-0.00025165
ETCUSD,1662336000015,-0.00014667
ETCUSD,1662364800013,-0.00023745
ETCUSD,1662393600007,-0.00022818
ETCUSD,1662422400018,7.508e-05
ETCUSD,1662451200020,8.062e-05
ETCUSD,1662480000028,5.908e-05
ETCUSD,1662508800013,4.67e-06
ETCUSD,1662537600022,-0.00022941
ETCUSD,1662566400021,-0.00029953
ETCUSD,1662595200010,-0.00075493
ETCUSD,1662624000000,-0.00015833
ETCUSD,1662652800003,-2.085e-05
ETCUSD,1662681600011,-0.00013962
ETCUSD,1662710400000,3.788e-05
ETCUSD,1662739200000,0.0001
ETCUSD,1662768000003,0.0001
ETCUSD,1662796800000,9.17e-05
ETCUSD,1662825600012,-1.58e-06
ETCUSD,1662854400009,5.172e-05
ETCUSD,1662883200012,-3.757e-05
ETCUSD,1662912000005,-5.367e-05
ETCUSD,1662940800007,1.635e-05
ETCUSD,1662969600013,-0.00010452
ETCUSD,1662998400000,-0.00011009
ETCUSD,1663027200004,-0.00010881
ETCUSD,1663056000000,0.0001
ETCUSD,1663084800000,-0.00017618
ETCUSD,1663113600000,-0.00016579
ETCUSD,1663142400000,2.396e-05
ETCUSD,1663171200000,-0.0001516
ETCUSD,1663200000019,5.002e-05
ETCUSD,1663228800012,-0.00043869
ETCUSD,1663257600007,-8.539e-05
ETCUSD,1663286400000,-0.0002
ETCUSD,1663315200000,-0.00251487
ETCUSD,1663344000000,-0.00157957
ETCUSD,1663372800000,-0.001153
ETCUSD,1663401600012,-0.0010052
ETCUSD,1663430400017,-0.00049902
ETCUSD,1663459200000,-0.0003832
ETCUSD,1663488000004,-0.00029388
ETCUSD,1663516800000,-0.00060987
ETCUSD,1663545600018,-0.00074423
ETCUSD,1663574400006,-0.00165888
ETCUSD,1663603200010,-0.00249497
ETCUSD,1663632000007,-0.00278547
ETCUSD,1663660800001,-0.00109638
ETCUSD,1663689600000,-0.0006373
ETCUSD,1663718400001,-0.00070344
ETCUSD,1663747200005,-0.00068755
ETCUSD,1663776000000,-0.00048725
ETCUSD,1663804800000,-0.00239283
ETCUSD,1663833600000,-0.00196283
ETCUSD,1663862400011,-0.00059057
ETCUSD,1663891200023,-0.00074775
ETCUSD,1663920000004,-0.00043619
ETCUSD,1663948800005,-0.00076122
ETCUSD,1663977600000,-0.00014874
ETCUSD,1664006400005,-0.00011985
ETCUSD,1664035200000,-0.00028157
ETCUSD,1664064000010,-0.00026195
ETCUSD,1664092800000,-0.00027644
ETCUSD,1664121600003,-0.00034558
ETCUSD,1664150400001,-0.00045441
ETCUSD,1664179200006,-0.00040635
ETCUSD,1664208000000,-0.00051586
ETCUSD,1664236800026,-0.00030589
ETCUSD,1664265600004,-0.00019169
ETCUSD,1664294400006,-0.00011752
ETCUSD,1664323200011,-0.00044769
ETCUSD,1664352000000,-0.00058169
ETCUSD,1664380800000,-0.00053852
ETCUSD,1664409600010,-0.00044664
ETCUSD,1664438400000,-0.00032897
ETCUSD,1664467200000,-0.00032336
ETCUSD,1664496000006,-0.00062408
ETCUSD,1664524800002,-0.00018649
ETCUSD,1664553600007,-0.00018809
ETCUSD,1664582400008,-0.00020566
ETCUSD,1664611200011,-5.08e-06
ETCUSD,1664640000000,-0.00023786
ETCUSD,1664668800000,-0.00017802
ETCUSD,1664697600000,-4.435e-05
ETCUSD,1664726400006,-0.00014594
ETCUSD,1664755200000,-3.965e-05
ETCUSD,1664784000014,-2.627e-05
ETCUSD,1664812800010,3.025e-05
ETCUSD,1664841600006,-3.902e-05
ETCUSD,1664870400004,5.431e-05
ETCUSD,1664899200013,-0.00017791
ETCUSD,1664928000000,-5.502e-05
ETCUSD,1664956800000,-5.845e-05
ETCUSD,1664985600012,-2.37e-05
ETCUSD,1665014400008,-6.3e-05
ETCUSD,1665043200002,5.581e-05
ETCUSD,1665072000006,3.42e-06
ETCUSD,1665100800000,2.23e-06
ETCUSD,1665129600000,4.723e-05
ETCUSD,1665158400007,1.248e-05
ETCUSD,1665187200010,-2.352e-05
ETCUSD,1665216000004,6.505e-05
ETCUSD,1665244800018,1.781e-05
ETCUSD,1665273600000,-9.213e-05
ETCUSD,1665302400007,-7.241e-05
ETCUSD,1665331200011,-5.012e-05
ETCUSD,1665360000018,-0.00014388
ETCUSD,1665388800000,5.204e-05
ETCUSD,1665417600026,-0.00014953
ETCUSD,1665446400020,-0.00033376
ETCUSD,1665475200027,-0.00042517
ETCUSD,1665504000000,-0.00037726
ETCUSD,1665532800014,-8.887e-05
ETCUSD,1665561600000,-0.00018019
ETCUSD,1665590400000,-0.00010938
ETCUSD,1665619200013,-0.00015098
ETCUSD,1665648000016,-0.00024438
ETCUSD,1665676800009,-0.00067074
ETCUSD,1665705600020,-0.00051881
ETCUSD,1665734400000,-0.00014418
ETCUSD,1665763200009,-0.00023972
ETCUSD,1665792000001,-0.00016186
ETCUSD,1665820800005,-0.00023292
ETCUSD,1665849600004,-0.00035048
ETCUSD,1665878400012,-0.00032467
ETCUSD,1665907200000,-0.00029584
ETCUSD,1665936000010,-0.00035104
ETCUSD,1665964800012,-0.00023522
ETCUSD,1665993600010,-0.0001978
ETCUSD,1666022400017,-0.00035903
ETCUSD,1666051200010,-0.00018535
ETCUSD,1666080000008,-0.00015133
ETCUSD,1666108800000,-0.00015671
ETCUSD,1666137600007,-0.00014285
ETCUSD,1666166400022,-3.627e-05
ETCUSD,1666195200016,2.416e-05
ETCUSD,1666224000000,-2.3e-05
ETCUSD,1666252800013,-2.48e-06
ETCUSD,1666281600000,-6.474e-05
ETCUSD,1666310400005,-0.00014565
ETCUSD,1666339200018,-0.00026349
ETCUSD,1666368000000,-0.00013628
ETCUSD,1666396800000,-0.00014491
ETCUSD,1666425600015,-6.157e-05
ETCUSD,1666454400000,-0.00023872
ETCUSD,1666483200025,-0.00012326
ETCUSD,1666512000000,3.96e-06
ETCUSD,1666540800004,5.859e-05
ETCUSD,1666569600009,-6.052e-05
ETCUSD,1666598400012,-0.00012629
ETCUSD,1666627200002,-0.00031374
ETCUSD,1666656000013,2.555e-05
ETCUSD,1666684800013,7.683e-05
ETCUSD,1666713600000,-7.756e-05
ETCUSD,1666742400006,2.774e-05
ETCUSD,1666771200013,-2.4e-07
ETCUSD,1666800000000,-6.95e-05
ETCUSD,1666828800009,1.833e-05
ETCUSD,1666857600006,-1.87e-06
ETCUSD,1666886400009,-5.862e-05
ETCUSD,1666915200000,-4.645e-05
ETCUSD,1666944000000,-3.996e-05
ETCUSD,1666972800007,4.577e-05
ETCUSD,1667001600000,1.961e-05
ETCUSD,1667030400003,3.774e-05
ETCUSD,1667059200010,4.266e-05
ETCUSD,1667088000000,9.129e-05
ETCUSD,1667116800013,0.0001
ETCUSD,1667145600009,-1.306e-05
ETCUSD,1667174400012,-7.24e-05
ETCUSD,1667203200000,6.155e-05
ETCUSD,1667232000010,-5.263e-05
ETCUSD,1667260800000,-0.00014822
ETCUSD,1667289600000,5.83e-06
ETCUSD,1667318400000,-1.116e-05
ETCUSD,1667347200000,-0.00013149
ETCUSD,1667376000000,-1.168e-05
ETCUSD,1667404800019,-8.007e-05
ETCUSD,1667433600011,-0.0002404
ETCUSD,1667462400016,-3.62e-06
ETCUSD,1667491200005,6.13e-06
ETCUSD,1667520000000,-1.243e-05
ETCUSD,1667548800004,5.621e-05
ETCUSD,1667577600020,0.0001
ETCUSD,1667606400009,9.673e-05
ETCUSD,1667635200007,0.0001
ETCUSD,1667664000018,0.0001
ETCUSD,1667692800009,0.0001
ETCUSD,1667721600000,2.461e-05
ETCUSD,1667750400010,4.241e-05
ETCUSD,1667779200012,4.93e-05
ETCUSD,1667808000014,-7.586e-05
ETCUSD,1667836800006,0.0001
ETCUSD,1667865600000,4.61e-06
ETCUSD,1667894400001,-0.00023599
ETCUSD,1667923200005,-7.019e-05
ETCUSD,1667952000000,-0.00044766
ETCUSD,1667980800013,-0.0002648
ETCUSD,1668009600004,-8.603e-05
ETCUSD,1668038400006,-0.00055324
ETCUSD,1668067200000,-5.897e-05
ETCUSD,1668096000015,-4.569e-05
ETCUSD,1668124800000,5.266e-05
ETCUSD,1668153600015,9.752e-05
ETCUSD,1668182400027,9.508e-05
ETCUSD,1668211200007,6.365e-05
ETCUSD,1668240000016,5.075e-05
ETCUSD,1668268800000,-0.00013316
ETCUSD,1668297600004,-0.00011984
ETCUSD,1668326400000,-0.00011761
ETCUSD,1668355200017,2.295e-05
ETCUSD,1668384000000,6.467e-05
ETCUSD,1668412800000,6.228e-05
ETCUSD,1668441600000,7.08e-05
ETCUSD,1668470400014,7.061e-05
ETCUSD,1668499200009,3.826e-05
ETCUSD,1668528000010,5.74e-06
ETCUSD,1668556800011,-0.00018507
ETCUSD,1668585600004,-5.235e-05
ETCUSD,1668614400008,-5.19e-05
ETCUSD,1668643200000,-0.00010962
ETCUSD,1668672000000,-8e-08
ETCUSD,1668700800006,2.055e-05
ETCUSD,1668729600004,-0.00025238
ETCUSD,1668758400016,9.149e-05
ETCUSD,1668787200000,-4.286e-05
ETCUSD,1668816000000,-0.00025397
ETCUSD,1668844800004,-0.00036775
ETCUSD,1668873600024,-0.00038452
ETCUSD,1668902400015,-0.00017434
ETCUSD,1668931200004,-0.0001066
ETCUSD,1668960000000,-0.00024885
ETCUSD,1668988800006,-0.00038813
ETCUSD,1669017600015,-0.00025068
ETCUSD,1669046400000,-6.365e-05
ETCUSD,1669075200000,-1.685e-05
ETCUSD,1669104000000,0.0001
ETCUSD,1669132800000,6.402e-05
ETCUSD,1669161600000,-2.598e-05
ETCUSD,1669190400011,9.65e-06
ETCUSD,1669219200014,-9.022e-05
ETCUSD,1669248000007,2.113e-05
ETCUSD,1669276800014,3.229e-05
ETCUSD,1669305600013,4.439e-05
ETCUSD,1669334400004,1.799e-05
ETCUSD,1669363200015,8.919e-05
ETCUSD,1669392000000,2.374e-05
ETCUSD,1669420800011,-4.706e-05
ETCUSD,1669449600000,-2.135e-05
ETCUSD,1669478400000,8.3e-06
ETCUSD,1669507200012,-9.933e-05
ETCUSD,1669536000000,-3.03e-05
ETCUSD,1669564800003,7.438e-05
ETCUSD,1669593600015,0.0001
ETCUSD,1669622400004,-0.00014855
ETCUSD,1669651200011,-0.00014471
ETCUSD,1669680000000,4.047e-05
ETCUSD,1669708800015,8.477e-05
ETCUSD,1669737600000,5.271e-05
ETCUSD,1669766400007,-3.401e-05
ETCUSD,1669795200000,-2.285e-05
ETCUSD,1669824000015,-0.00011238
ETCUSD,1669852800001,-9.444e-05
ETCUSD,1669881600006,5.116e-05
ETCUSD,1669910400000,3.145e-05
ETCUSD,1669939200001,3.129e-05
ETCUSD,1669968000016,-0.00010457
ETCUSD,1669996800017,-0.00024645
ETCUSD,1670025600006,7.08e-06
ETCUSD,1670054400000,2.076e-05
ETCUSD,1670083200011,-1.08e-05
ETCUSD,1670112000006,-0.0002604
ETCUSD,1670140800000,-6.709e-05
ETCUSD,1670169600006,-3.069e-05
ETCUSD,1670198400002,-4.543e-05
ETCUSD,1670227200011,3.881e-05
ETCUSD,1670256000008,5.602e-05
ETCUSD,1670284800014,-0.00019849
ETCUSD,1670313600027,-0.00012831
ETCUSD,1670342400009,-6.98e-05
ETCUSD,1670371200000,-5.88e-06
ETCUSD,1670400000000,-4.614e-05
ETCUSD,1670428800000,-0.00033401
ETCUSD,1670457600006,-0.00028036
ETCUSD,1670486400000,-0.00011291
ETCUSD,1670515200014,-0.00016267
ETCUSD,1670544000017,-9.559e-05
ETCUSD,1670572800005,0.0001
ETCUSD,1670601600000,4.746e-05
ETCUSD,1670630400009,-7.23e-06
ETCUSD,1670659200010,-2.169e-05
ETCUSD,1670688000001,1.955e-05
ETCUSD,1670716800011,6.416e-05
ETCUSD,1670745600007,2.166e-05
ETCUSD,1670774400011,-4.063e-05
ETCUSD,1670803200000,-2.198e-05
ETCUSD,1670832000004,-0.00027804
ETCUSD,1670860800000,-0.00024233
ETCUSD,1670889600000,-0.00030581
ETCUSD,1670918400018,-0.00020799
ETCUSD,1670947200011,8.779e-05
ETCUSD,1670976000010,0.0001
ETCUSD,1671004800015,4.375e-05
ETCUSD,1671033600004,-0.00012667
ETCUSD,1671062400000,-3.252e-05
ETCUSD,1671091200023,1.847e-05
ETCUSD,1671120000010,-5.719e-05
ETCUSD,1671148800016,-0.00021753
ETCUSD,1671177600011,-1.344e-05
ETCUSD,1671206400001,-0.00027713
ETCUSD,1671235200001,-0.00039816
ETCUSD,1671264000011,-0.00046544
ETCUSD,1671292800011,-0.00034689
ETCUSD,1671321600008,-0.00049589
ETCUSD,1671350400001,-0.00036118
ETCUSD,1671379200012,-0.00026201
ETCUSD,1671408000000,-0.00046393
ETCUSD,1671436800000,-0.00036716
ETCUSD,1671465600000,-0.00024912
ETCUSD,1671494400005,-0.00040004
ETCUSD,1671523200016,-0.00014417
ETCUSD,1671552000000,-0.00048957
ETCUSD,1671580800007,-0.00034275
ETCUSD,1671609600012,-0.00024227
ETCUSD,1671638400017,-0.00029462
ETCUSD,1671667200004,-0.00030555
ETCUSD,1671696000000,-0.00020704
ETCUSD,1671724800001,-6.206e-05
ETCUSD,1671753600018,-7.43e-05
ETCUSD,1671782400000,1.449e-05
ETCUSD,1671811200000,-5.027e-05
ETCUSD,1671840000001,1.536e-05
ETCUSD,1671868800007,-5.147e-05
ETCUSD,1671897600008,-3.142e-05
ETCUSD,1671926400000,-6.619e-05
ETCUSD,1671955200013,-3.997e-05
ETCUSD,1671984000000,3.43e-06
ETCUSD,1672012800001,-8.595e-05
ETCUSD,1672041600000,8.92e-06
ETCUSD,1672070400005,4.68e-05
ETCUSD,1672099200005,7.937e-05
ETCUSD,1672128000010,8.697e-05
ETCUSD,1672156800006,-6.272e-05
ETCUSD,1672185600010,-0.00025648
ETCUSD,1672214400010,-0.00019181
ETCUSD,1672243200010,-3.686e-05
ETCUSD,1672272000011,-0.00010071
ETCUSD,1672300800000,-0.00020733
ETCUSD,1672329600008,-0.00035485
ETCUSD,1672358400000,-4.397e-05
ETCUSD,1672387200000,-0.00010946
ETCUSD,1672416000000,-0.00012434
ETCUSD,1672444800014,-6.655e-05
ETCUSD,1672473600000,-4.03e-06
ETCUSD,1672502400000,3.04e-05
ETCUSD,1672531200000,9.157e-05
ETCUSD,1672560000008,0.0001
ETCUSD,1672588800000,6.409e-05
ETCUSD,1672617600000,8.201e-05
ETCUSD,1672646400008,0.0001
ETCUSD,1672675200015,6.864e-05
ETCUSD,1672704000003,3.245e-05
ETCUSD,1672732800018,-3.111e-05
ETCUSD,1672761600000,3.614e-05
ETCUSD,1672790400000,-0.00027464
ETCUSD,1672819200016,-1.334e-05
ETCUSD,1672848000011,-0.00034999
ETCUSD,1672876800009,-0.00011275
ETCUSD,1672905600011,-0.00019696
ETCUSD,1672934400000,0.0001
ETCUSD,1672963200005,0.0001
ETCUSD,1672992000001,7.9e-05
ETCUSD,1673020800000,-2.678e-05
ETCUSD,1673049600006,-0.00017707
ETCUSD,1673078400017,-3.96e-05
ETCUSD,1673107200000,-0.00014336
ETCUSD,1673136000015,3.9e-07
ETCUSD,1673164800000,-3.433e-05
ETCUSD,1673193600010,-4.27e-06
ETCUSD,1673222400003,4.23e-06
ETCUSD,1673251200000,0.0001
ETCUSD,1673280000006,0.0001
ETCUSD,1673308800003,0.0001
ETCUSD,1673337600021,0.0001
ETCUSD,1673366400000,0.0001
ETCUSD,1673395200011,0.0001
ETCUSD,1673424000006,0.0001
ETCUSD,1673452800004,0.0001
ETCUSD,1673481600000,0.0001
ETCUSD,1673510400000,0.0001
ETCUSD,1673539200000,0.0001
ETCUSD,1673568000004,0.0001
ETCUSD,1673596800000,0.0001
ETCUSD,1673625600018,0.0001
ETCUSD,1673654400000,0.0001
ETCUSD,1673683200001,0.00040569
ETCUSD,1673712000000,0.0001
ETCUSD,1673740800010,0.0001
ETCUSD,1673769600002,0.0001
ETCUSD,1673798400000,0.0001
ETCUSD,1673827200010,0.0001
ETCUSD,1673856000007,0.0001
ETCUSD,1673884800000,0.0001
ETCUSD,1673913600004,9.1e-05
ETCUSD,1673942400005,0.0001
ETCUSD,1673971200001,0.0001
ETCUSD,1674000000008,0.0001
ETCUSD,1674028800009,0.0001
ETCUSD,1674057600017,0.0001
ETCUSD,1674086400000,0.0001
ETCUSD,1674115200015,0.0001
ETCUSD,1674144000012,0.0001
ETCUSD,1674172800000,0.0001
ETCUSD,1674201600000,0.0001
ETCUSD,1674230400000,0.0001
ETCUSD,1674259200013,0.0001
ETCUSD,1674288000001,0.00033078
ETCUSD,1674316800016,0.0001
ETCUSD,1674345600000,0.0001
ETCUSD,1674374400000,0.0001
ETCUSD,1674403200023,0.0001
ETCUSD,1674432000014,0.0001
ETCUSD,1674460800014,0.0001
ETCUSD,1674489600016,0.0001
ETCUSD,1674518400008,0.0001
ETCUSD,1674547200008,0.00011965
ETCUSD,1674576000000,0.0001
ETCUSD,1674604800012,0.0001
ETCUSD,1674633600000,0.0001
ETCUSD,1674662400010,0.0001
ETCUSD,1674691200010,0.0001
ETCUSD,1674720000003,0.0001
ETCUSD,1674748800020,0.0001
ETCUSD,1674777600008,0.0001
ETCUSD,1674806400000,0.0001
ETCUSD,1674835200000,0.0001
ETCUSD,1674864000009,0.0001
ETCUSD,1674892800018,0.0001
ETCUSD,1674921600005,0.0001
ETCUSD,1674950400011,0.0001
ETCUSD,1674979200000,0.0001
ETCUSD,1675008000008,0.0001
ETCUSD,1675036800001,0.0001
ETCUSD,1675065600000,0.0001
ETCUSD,1675094400000,0.0001
ETCUSD,1675123200005,0.0001
ETCUSD,1675152000000,0.0001
ETCUSD,1675180800007,0.0001
ETCUSD,1675209600013,0.0001
ETCUSD,1675238400000,0.0001
ETCUSD,1675267200012,0.0001
ETCUSD,1675296000004,0.0001
ETCUSD,1675324800023,0.00017687
ETCUSD,1675353600003,0.0001
ETCUSD,1675382400010,0.00020547
ETCUSD,1675411200000,0.0001214
ETCUSD,1675440000000,0.0001
ETCUSD,1675468800010,0.0001
ETCUSD,1675497600000,0.0001
ETCUSD,1675526400000,0.00025587
ETCUSD,1675555200016,0.0001
ETCUSD,1675584000009,0.0001
ETCUSD,1675612800018,0.0001
ETCUSD,1675641600001,0.0001
ETCUSD,1675670400000,0.0001
ETCUSD,1675699200012,0.0001
ETCUSD,1675728000004,0.0001
ETCUSD,1675756800011,0.0001
ETCUSD,1675785600018,0.0001
ETCUSD,1675814400009,0.0001
ETCUSD,1675843200010,0.0001
ETCUSD,1675872000000,0.0001
ETCUSD,1675900800014,0.0001
ETCUSD,1675929600006,0.0001
ETCUSD,1675958400001,0.0001
ETCUSD,1675987200012,-7.96e-06
ETCUSD,1676016000005,-8.871e-05
ETCUSD,1676044800020,0.0001
ETCUSD,1676073600007,0.0001
ETCUSD,1676102400002,0.0001
ETCUSD,1676131200021,0.0001
ETCUSD,1676160000004,0.0001
ETCUSD,1676188800000,0.0001
ETCUSD,1676217600002,0.0001
ETCUSD,1676246400006,4.7e-05
ETCUSD,1676275200008,0.0001
ETCUSD,1676304000002,0.0001
ETCUSD,1676332800013,5.02e-06
ETCUSD,1676361600014,0.0001
ETCUSD,1676390400016,0.0001
ETCUSD,1676419200011,0.0001
ETCUSD,1676448000000,0.0001
ETCUSD,1676476800005,9.092e-05
ETCUSD,1676505600019,0.0001
ETCUSD,1676534400000,0.0001
ETCUSD,1676563200001,0.0001
ETCUSD,1676592000003,0.0001
ETCUSD,1676620800016,0.0001
ETCUSD,1676649600000,0.0001
ETCUSD,1676678400011,0.0001
ETCUSD,1676707200000,0.0001
ETCUSD,1676736000007,0.0001
ETCUSD,1676764800019,0.0001
ETCUSD,1676793600005,0.0001
ETCUSD,1676822400003,0.00017121
ETCUSD,1676851200006,0.0001
ETCUSD,1676880000008,0.0001
ETCUSD,1676908800006,0.00019704
ETCUSD,1676937600001,0.00012877
ETCUSD,1676966400004,0.0001
ETCUSD,1676995200011,0.0001
ETCUSD,1677024000009,0.0001
ETCUSD,1677052800010,0.0001
ETCUSD,1677081600000,0.0001
ETCUSD,1677110400006,0.0001
ETCUSD,1677139200005,0.0001
ETCUSD,1677168000002,0.0001
ETCUSD,1677196800015,0.0001
ETCUSD,1677225600011,0.0001
ETCUSD,1677254400014,0.0001
ETCUSD,1677283200015,0.0001
ETCUSD,1677312000015,0.0001
ETCUSD,1677340800015,0.0001
ETCUSD,1677369600007,0.0001
ETCUSD,1677398400012,0.0001
ETCUSD,1677427200000,0.0001
ETCUSD,1677456000011,0.0001
ETCUSD,1677484800003,0.0001
ETCUSD,1677513600000,0.0001
ETCUSD,1677542400011,0.0001
ETCUSD,1677571200018,0.0001
ETCUSD,1677600000005,0.0001
ETCUSD,1677628800016,0.0001
ETCUSD,1677657600000,0.0001
ETCUSD,1677686400008,0.0001
ETCUSD,1677715200009,0.0001
ETCUSD,1677744000013,0.0001
ETCUSD,1677772800000,0.0001
ETCUSD,1677801600000,0.0001
ETCUSD,1677830400013,-5.581e-05
ETCUSD,1677859200000,9.04e-05
ETCUSD,1677888000001,0.0001
ETCUSD,1677916800008,0.0001
ETCUSD,1677945600012,0.0001
ETCUSD,1677974400000,4.968e-05
ETCUSD,1678003200000,0.0001
ETCUSD,1678032000015,0.0001
ETCUSD,1678060800007,0.0001
ETCUSD,1678089600017,7.4e-07
ETCUSD,1678118400000,0.0001
ETCUSD,1678147200009,0.0001
ETCUSD,1678176000016,0.0001
ETCUSD,1678204800017,0.0001
ETCUSD,1678233600000,0.0001
ETCUSD,1678262400014,5.026e-05
ETCUSD,1678291200021,4.175e-05
ETCUSD,1678320000010,-3.196e-05
ETCUSD,1678348800013,2.507e-05
ETCUSD,1678377600002,-1.8e-05
ETCUSD,1678406400000,-0.00017248
ETCUSD,1678435200000,-2.542e-05
ETCUSD,1678464000005,-4.928e-05
ETCUSD,1678492800011,-3.519e-05
ETCUSD,1678521600003,0.0001
ETCUSD,1678550400011,4.007e-05
ETCUSD,1678579200001,0.0001
ETCUSD,1678608000000,0.0001
ETCUSD,1678636800005,-0.00019562
ETCUSD,1678665600010,0.0001
ETCUSD,1678694400018,0.0001
ETCUSD,1678723200003,0.0001
ETCUSD,1678752000010,0.0001
ETCUSD,1678780800009,0.0001
ETCUSD,1678809600010,0.0001
ETCUSD,1678838400011,0.00032007
ETCUSD,1678867200000,0.00016958
ETCUSD,1678896000012,0.0001
ETCUSD,1678924800004,0.0001
ETCUSD,1678953600018,0.0001
ETCUSD,1678982400005,1.715e-05
ETCUSD,1679011200017,0.0001
ETCUSD,1679040000010,1.17e-06
ETCUSD,1679068800003,0.0001
ETCUSD,1679097600012,0.0001
ETCUSD,1679126400000,0.0001
ETCUSD,1679155200016,0.0001
ETCUSD,1679184000013,0.0001
ETCUSD,1679212800024,0.0001
ETCUSD,1679241600000,0.0001
ETCUSD,1679270400005,0.0001
ETCUSD,1679299200012,0.0001
ETCUSD,1679328000015,0.0001
ETCUSD,1679356800006,-5.519e-05
ETCUSD,1679385600004,8.583e-05
ETCUSD,1679414400003,0.0001
ETCUSD,1679443200000,0.0001
ETCUSD,1679472000003,0.0001
ETCUSD,1679500800000,0.0001
ETCUSD,1679529600016,8.911e-05
ETCUSD,1679558400001,0.0001
ETCUSD,1679587200013,0.0001
ETCUSD,1679616000013,0.0001
ETCUSD,1679644800012,0.0001
ETCUSD,1679673600027,0.0001
ETCUSD,1679702400015,9.964e-05
ETCUSD,1679731200011,0.0001
ETCUSD,1679760000011,0.0001
ETCUSD,1679788800000,-1.776e-05
ETCUSD,1679817600015,0.0001
ETCUSD,1679846400000,0.0001
ETCUSD,1679875200019,0.0001
ETCUSD,1679904000009,8.413e-05
ETCUSD,1679932800000,5.71e-05
ETCUSD,1679961600007,9.201e-05
ETCUSD,1679990400000,0.0001
ETCUSD,1680019200013,0.0001
ETCUSD,1680048000010,0.0001
ETCUSD,1680076800006,0.0001
ETCUSD,1680105600014,0.0001
ETCUSD,1680134400000,0.0001
ETCUSD,1680163200000,0.0001
ETCUSD,1680192000006,0.0001
ETCUSD,1680220800003,0.0001
ETCUSD,1680249600006,0.0001
ETCUSD,1680278400011,0.0001
ETCUSD,1680307200000,0.0001
ETCUSD,1680336000000,0.0001
ETCUSD,1680364800018,0.0001
ETCUSD,1680393600013,0.0001
ETCUSD,1680422400014,0.0001
ETCUSD,1680451200001,0.0001
ETCUSD,1680480000000,1.475e-05
ETCUSD,1680508800013,0.0001
ETCUSD,1680537600011,5.136e-05
ETCUSD,1680566400002,0.0001
ETCUSD,1680595200017,0.0001
ETCUSD,1680624000008,0.0001
ETCUSD,1680652800000,0.0001
ETCUSD,1680681600016,0.0001
ETCUSD,1680710400004,0.0001
ETCUSD,1680739200000,0.0001
ETCUSD,1680768000011,0.0001
ETCUSD,1680796800000,0.0001
ETCUSD,1680825600006,9.912e-05
ETCUSD,1680854400005,0.0001
ETCUSD,1680883200000,3.719e-05
ETCUSD,1680912000000,0.0001
ETCUSD,1680940800014,0.0001
ETCUSD,1680969600018,0.0001
ETCUSD,1680998400013,0.0001
ETCUSD,1681027200024,0.0001
ETCUSD,1681056000010,0.0001
ETCUSD,1681084800000,0.0001
ETCUSD,1681113600010,0.0001
ETCUSD,1681142400006,4.662e-05
ETCUSD,1681171200008,0.0001
ETCUSD,1681200000007,0.0001
ETCUSD,1681228800016,0.0001
ETCUSD,1681257600006,0.0001
ETCUSD,1681286400008,0.0001
ETCUSD,1681315200014,0.0001
ETCUSD,1681344000027,0.0001
ETCUSD,1681372800010,0.0001
ETCUSD,1681401600000,0.0001
ETCUSD,1681430400001,0.0001
ETCUSD,1681459200008,0.0001
ETCUSD,1681488000007,0.0001
ETCUSD,1681516800007,0.0001
ETCUSD,1681545600007,0.0001
ETCUSD,1681574400011,0.0001
ETCUSD,1681603200014,0.0001
ETCUSD,1681632000007,0.0001
ETCUSD,1681660800002,0.0001
ETCUSD,1681689600017,0.00023233
ETCUSD,1681718400006,0.0001
ETCUSD,1681747200000,0.0001
ETCUSD,1681776000013,0.0001
ETCUSD,1681804800017,0.0001
ETCUSD,1681833600000,0.00010682
ETCUSD,1681862400022,0.0001
ETCUSD,1681891200014,0.0001
ETCUSD,1681920000000,-4.334e-05
ETCUSD,1681948800010,0.0001
ETCUSD,1681977600012,0.0001
ETCUSD,1682006400012,0.0001
ETCUSD,1682035200009,0.0001
ETCUSD,1682064000009,0.0001
ETCUSD,1682092800003,7.138e-05
ETCUSD,1682121600000,-7.663e-05
ETCUSD,1682150400000,-1.203e-05
ETCUSD,1682179200016,1.679e-05
ETCUSD,1682208000009,9.57e-05
ETCUSD,1682236800020,0.0001
ETCUSD,1682265600007,9.265e-05
ETCUSD,1682294400000,2.172e-05
ETCUSD,1682323200008,0.0001
ETCUSD,1682352000006,5.997e-05
ETCUSD,1682380800014,-5.274e-05
ETCUSD,1682409600009,4.659e-05
ETCUSD,1682438400015,9.194e-05
ETCUSD,1682467200015,0.0001
ETCUSD,1682496000013,0.0001
ETCUSD,1682524800001,3.161e-05
ETCUSD,1682553600014,-0.00011266
ETCUSD,1682582400008,0.0001
ETCUSD,1682611200005,0.0001
ETCUSD,1682640000011,0.0001
ETCUSD,1682668800007,0.0001
ETCUSD,1682697600006,7.695e-05
ETCUSD,1682726400004,0.0001
ETCUSD,1682755200016,0.0001
ETCUSD,1682784000001,0.0001
ETCUSD,1682812800008,0.0001
ETCUSD,1682841600000,0.0001
ETCUSD,1682870400010,0.0001
ETCUSD,1682899200004,-8.68e-06
ETCUSD,1682928000008,0.0001
ETCUSD,1682956800014,0.0001
ETCUSD,1682985600015,8.544e-05
ETCUSD,1683014400018,0.0001
ETCUSD,1683043200000,5.882e-05
ETCUSD,1683072000009,0.0001
ETCUSD,1683100800003,6.999e-05
ETCUSD,1683129600011,9.328e-05
ETCUSD,1683158400000,0.0001
ETCUSD,1683187200000,0.0001
ETCUSD,1683216000011,0.0001
ETCUSD,1683244800002,0.0001
ETCUSD,1683273600000,0.0001
ETCUSD,1683302400000,0.0001
ETCUSD,1683331200009,0.0001
ETCUSD,1683360000000,0.0001
ETCUSD,1683388800000,3.093e-05
ETCUSD,1683417600000,-1.05e-06
ETCUSD,1683446400000,0.0001
ETCUSD,1683475200006,6.005e-05
ETCUSD,1683504000000,5.289e-05
ETCUSD,1683532800007,2.649e-05
ETCUSD,1683561600015,0.0001
ETCUSD,1683590400015,0.0001
ETCUSD,1683619200000,1.616e-05
ETCUSD,1683648000000,0.0001
ETCUSD,1683676800007,0.0001
ETCUSD,1683705600003,0.0001
ETCUSD,1683734400000,6.241e-05
ETCUSD,1683763200011,0.0001
ETCUSD,1683792000000,0.0001
ETCUSD,1683820800005,4.267e-05
ETCUSD,1683849600020,3.279e-05
ETCUSD,1683878400001,0.0001
ETCUSD,1683907200010,7.962e-05
ETCUSD,1683936000000,0.0001
ETCUSD,1683964800000,0.0001
ETCUSD,1683993600026,7.257e-05
ETCUSD,1684022400029,0.0001
ETCUSD,1684051200010,0.0001
ETCUSD,1684080000008,0.0001
ETCUSD,1684108800006,4.682e-05
ETCUSD,1684137600005,0.0001
ETCUSD,1684166400008,6.9e-05
ETCUSD,1684195200021,9.387e-05
ETCUSD,1684224000000,0.0001
ETCUSD,1684252800000,0.0001
ETCUSD,1684281600010,0.0001
ETCUSD,1684310400000,0.0001
ETCUSD,1684339200001,0.0001
ETCUSD,1684368000000,0.0001
ETCUSD,1684396800026,0.0001
ETCUSD,1684425600019,0.0001
ETCUSD,1684454400000,0.0001
ETCUSD,1684483200002,0.0001
ETCUSD,1684512000000,0.0001
ETCUSD,1684540800005,0.0001
ETCUSD,1684569600014,0.0001
ETCUSD,1684598400020,0.0001
ETCUSD,1684627200014,0.0001
ETCUSD,1684656000001,0.0001
ETCUSD,1684684800015,0.0001
ETCUSD,1684713600028,-2.813e-05
ETCUSD,1684742400000,6.47e-05
ETCUSD,1684771200012,0.0001
ETCUSD,1684800000006,0.0001
ETCUSD,1684828800014,0.0001
ETCUSD,1684857600008,0.0001
ETCUSD,1684886400000,0.0001
ETCUSD,1684915200025,0.0001
ETCUSD,1684944000008,0.0001
ETCUSD,1684972800000,8.292e-05
ETCUSD,1685001600025,0.0001
ETCUSD,1685030400016,0.0001
ETCUSD,1685059200000,7.718e-05
ETCUSD,1685088000024,0.0001
ETCUSD,1685116800012,0.0001
ETCUSD,1685145600012,0.0001
ETCUSD,1685174400018,0.0001
ETCUSD,1685203200008,0.0001
ETCUSD,1685232000017,0.0001
ETCUSD,1685260800015,0.0001
ETCUSD,1685289600000,0.0001
ETCUSD,1685318400000,0.0001
ETCUSD,1685347200020,0.0001
ETCUSD,1685376000011,0.0001
ETCUSD,1685404800003,0.0001
ETCUSD,1685433600000,0.0001
ETCUSD,1685462400003,0.0001
ETCUSD,1685491200013,0.0001
ETCUSD,1685520000000,0.0001
ETCUSD,1685548800000,0.0001
ETCUSD,1685577600008,3.92e-05
ETCUSD,1685606400012,0.0001
ETCUSD,1685635200000,0.0001
ETCUSD,1685664000000,0.0001
ETCUSD,1685692800006,0.0001
ETCUSD,1685721600012,0.0001
ETCUSD,1685750400000,0.0001
ETCUSD,1685779200011,0.0001
ETCUSD,1685808000003,0.0001
ETCUSD,1685836800000,0.0001
ETCUSD,1685865600000,0.0001
ETCUSD,1685894400000,0.0001
ETCUSD,1685923200005,0.0001
ETCUSD,1685952000000,0.0001
ETCUSD,1685980800000,0.0001
ETCUSD,1686009600000,-8.139e-05
ETCUSD,1686038400009,4.099e-05
ETCUSD,1686067200013,0.0001
ETCUSD,1686096000000,0.0001
ETCUSD,1686124800016,0.0001
ETCUSD,1686153600000,0.0001
ETCUSD,1686182400006,3.4e-05
ETCUSD,1686211200000,9.843e-05
ETCUSD,1686240000000,0.0001
ETCUSD,1686268800000,9.791e-05
ETCUSD,1686297600000,0.0001
ETCUSD,1686326400000,0.0001
ETCUSD,1686355200000,0.0001
ETCUSD,1686384000000,0.0001
ETCUSD,1686412800000,-0.00011126
ETCUSD,1686441600001,-9.862e-05
ETCUSD,1686470400000,-0.00019074
ETCUSD,1686499200000,-1.284e-05
ETCUSD,1686528000000,9.06e-06
ETCUSD,1686556800000,7.554e-05
ETCUSD,1686585600001,0.0001
ETCUSD,1686614400000,6.461e-05
ETCUSD,1686643200000,2.932e-05
ETCUSD,1686672000000,6.838e-05
ETCUSD,1686700800000,6.712e-05
ETCUSD,1686729600000,4.703e-05
ETCUSD,1686758400000,0.0001
ETCUSD,1686787200000,-2.728e-05
ETCUSD,1686816000000,0.0001
ETCUSD,1686844800000,0.0001
ETCUSD,1686873600000,5.07e-05
ETCUSD,1686902400000,0.0001
ETCUSD,1686931200000,6.899e-05
ETCUSD,1686960000000,1.404e-05
ETCUSD,1686988800000,0.0001
ETCUSD,1687017600000,0.0001
ETCUSD,1687046400000,0.0001
ETCUSD,1687075200000,8.033e-05
ETCUSD,1687104000000,0.0001
ETCUSD,1687132800000,7.052e-05
ETCUSD,1687161600000,5.836e-05
ETCUSD,1687190400000,6.516e-05
ETCUSD,1687219200001,6.372e-05
ETCUSD,1687248000000,3.454e-05
ETCUSD,1687276800000,-2.809e-05
ETCUSD,1687305600000,0.0001
ETCUSD,1687334400000,4.61e-05
ETCUSD,1687363200000,3.948e-05
ETCUSD,1687392000000,1.3e-06
ETCUSD,1687420800001,8.617e-05
ETCUSD,1687449600000,0.0001
ETCUSD,1687478400000,0.0001
ETCUSD,1687507200000,0.0001
ETCUSD,1687536000000,0.0001
ETCUSD,1687564800000,0.0001
ETCUSD,1687593600000,0.0001
ETCUSD,1687622400000,0.0001
ETCUSD,1687651200000,0.0001
ETCUSD,1687680000000,0.0001
ETCUSD,1687708800000,0.0001
ETCUSD,1687737600000,6.9e-05
ETCUSD,1687766400000,0.0001
ETCUSD,1687795200000,0.0001
ETCUSD,1687824000000,-2.125e-05
ETCUSD,1687852800000,0.0001
ETCUSD,1687881600000,3.782e-05
ETCUSD,1687910400000,0.0001
ETCUSD,1687939200000,-6.11e-05
ETCUSD,1687968000000,7.988e-05
ETCUSD,1687996800000,-1.137e-05
ETCUSD,1688025600000,2.352e-05
ETCUSD,1688054400000,5.711e-05
ETCUSD,1688083200000,4.48e-06
ETCUSD,1688112000000,0.0001
ETCUSD,1688140800001,0.0001
ETCUSD,1688169600000,6.744e-05
ETCUSD,1688198400000,0.0001
ETCUSD,1688227200000,0.0001
ETCUSD,1688256000000,9.62e-05
ETCUSD,1688284800000,0.0001
ETCUSD,1688313600001,0.0001
ETCUSD,1688342400000,0.0001
ETCUSD,1688371200000,0.0001
ETCUSD,1688400000000,0.0001
ETCUSD,1688428800001,4.247e-05
ETCUSD,1688457600000,0.0001
ETCUSD,1688486400000,0.0001
ETCUSD,1688515200000,-2.004e-05
ETCUSD,1688544000000,0.0001
ETCUSD,1688572800000,3.164e-05
ETCUSD,1688601600000,-3.31e-05
ETCUSD,1688630400000,2.396e-05
ETCUSD,1688659200000,-9.866e-05
ETCUSD,1688688000000,4.928e-05
ETCUSD,1688716800000,4.109e-05
ETCUSD,1688745600000,3.371e-05
ETCUSD,1688774400000,2.3e-07
ETCUSD,1688803200000,0.0001
ETCUSD,1688832000000,2.354e-05
ETCUSD,1688860800000,-4.211e-05
ETCUSD,1688889600000,0.0001
ETCUSD,1688918400000,8.168e-05
ETCUSD,1688947200000,3e-05
ETCUSD,1688976000000,-2.614e-05
ETCUSD,1689004800000,0.0001
ETCUSD,1689033600000,0.0001
ETCUSD,1689062400000,0.0001
ETCUSD,1689091200000,6.357e-05
ETCUSD,1689120000000,1.644e-05
ETCUSD,1689148800000,8.831e-05
ETCUSD,1689177600000,0.0001
ETCUSD,1689206400000,-2.342e-05
ETCUSD,1689235200000,3.931e-05
ETCUSD,1689264000000,3.789e-05
ETCUSD,1689292800000,0.0001
ETCUSD,1689321600000,0.0001
ETCUSD,1689350400000,0.0001
ETCUSD,1689379200000,-6.525e-05
ETCUSD,1689408000000,0.0001
ETCUSD,1689436800000,0.0001
ETCUSD,1689465600001,0.0001
ETCUSD,1689494400000,0.0001
ETCUSD,1689523200000,0.0001
ETCUSD,1689552000000,-8.735e-05
ETCUSD,1689580800000,8.014e-05
ETCUSD,1689609600000,1.962e-05
ETCUSD,1689638400000,0.0001
ETCUSD,1689667200000,0.0001
ETCUSD,1689696000000,9.229e-05
ETCUSD,1689724800000,4.825e-05
ETCUSD,1689753600000,0.0001
ETCUSD,1689782400001,0.0001
ETCUSD,1689811200000,0.0001
ETCUSD,1689840000000,0.0001
ETCUSD,1689868800000,0.0001
ETCUSD,1689897600001,-0.00013103
ETCUSD,1689926400000,5.473e-05
ETCUSD,1689955200000,0.0001
ETCUSD,1689984000000,0.0001
ETCUSD,1690012800000,0.0001
ETCUSD,1690041600000,0.0001
ETCUSD,1690070400000,0.0001
ETCUSD,1690099200000,0.0001
ETCUSD,1690128000000,0.0001
ETCUSD,1690156800000,0.0001
ETCUSD,1690185600000,6.229e-05
ETCUSD,1690214400000,6.982e-05
ETCUSD,1690243200000,-4.459e-05
ETCUSD,1690272000000,8.344e-05
ETCUSD,1690300800000,4.965e-05
ETCUSD,1690329600000,4.619e-05
ETCUSD,1690358400001,0.0001
ETCUSD,1690387200000,0.0001
ETCUSD,1690416000000,-1.805e-05
ETCUSD,1690444800000,7.098e-05
ETCUSD,1690473600001,5.424e-05
ETCUSD,1690502400000,0.0001
ETCUSD,1690531200000,0.0001
ETCUSD,1690560000000,1.32e-06
ETCUSD,1690588800000,-5.59e-06
ETCUSD,1690617600000,7.753e-05
ETCUSD,1690646400001,0.0001
ETCUSD,1690675200000,4.221e-05
ETCUSD,1690704000000,0.0001
ETCUSD,1690732800000,0.0001
ETCUSD,1690761600000,5.152e-05
ETCUSD,1690790400000,0.0001
ETCUSD,1690819200001,6.861e-05
ETCUSD,1690848000000,-8.593e-05
ETCUSD,1690876800000,-3.261e-05
ETCUSD,1690905600000,0.0001
ETCUSD,1690934400000,3.153e-05
ETCUSD,1690963200000,7.636e-05
ETCUSD,1690992000000,-1.352e-05
ETCUSD,1691020800000,4.631e-05
ETCUSD,1691049600000,0.0001
ETCUSD,1691078400001,0.0001
ETCUSD,1691107200000,1.64e-05
ETCUSD,1691136000000,5.668e-05
ETCUSD,1691164800000,0.0001
ETCUSD,1691193600000,0.0001
ETCUSD,1691222400000,0.0001
ETCUSD,1691251200001,0.0001
ETCUSD,1691280000000,0.0001
ETCUSD,1691308800001,0.0001
ETCUSD,1691337600005,0.0001
ETCUSD,1691366400000,0.0001
ETCUSD,1691395200000,0.0001
ETCUSD,1691424000000,0.0001
ETCUSD,1691452800000,4e-05
ETCUSD,1691481600000,8.612e-05
ETCUSD,1691510400000,0.0001
ETCUSD,1691539200000,0.0001
ETCUSD,1691568000000,0.0001
ETCUSD,1691596800000,0.0001
ETCUSD,1691625600001,0.0001
ETCUSD,1691654400000,0.0001
ETCUSD,1691683200000,0.0001
ETCUSD,1691712000000,2.298e-05
ETCUSD,1691740800000,0.0001
ETCUSD,1691769600000,0.0001
ETCUSD,1691798400000,0.0001
ETCUSD,1691827200000,6.927e-05
ETCUSD,1691856000000,0.0001
ETCUSD,1691884800000,0.0001
ETCUSD,1691913600000,0.0001
ETCUSD,1691942400000,9.565e-05
ETCUSD,1691971200001,8.931e-05
ETCUSD,1692000000000,0.0001
ETCUSD,1692028800000,0.0001
ETCUSD,1692057600001,-2.597e-05
ETCUSD,1692086400000,0.0001
ETCUSD,1692115200000,0.0001
ETCUSD,1692144000000,-0.00012596
ETCUSD,1692172800001,0.0001
ETCUSD,1692201600000,4.408e-05
ETCUSD,1692230400000,1.435e-05
ETCUSD,1692259200000,0.0001
ETCUSD,1692288000000,8.821e-05
ETCUSD,1692316800000,-0.00023767
ETCUSD,1692345600000,-8.383e-05
ETCUSD,1692374400000,0.0001
ETCUSD,1692403200000,-6.55e-05
ETCUSD,1692432000000,-5.774e-05
ETCUSD,1692460800000,-0.00010674
ETCUSD,1692489600000,2.417e-05
ETCUSD,1692518400000,1.344e-05
ETCUSD,1692547200000,-4.481e-05
ETCUSD,1692576000000,-1.35e-06
ETCUSD,1692604800000,-2.1e-05
ETCUSD,1692633600000,-0.00011197
ETCUSD,1692662400000,2.244e-05
ETCUSD,1692691200000,6.296e-05
ETCUSD,1692720000000,-3.28e-05
ETCUSD,1692748800000,-4.238e-05
ETCUSD,1692777600000,-7.057e-05
ETCUSD,1692806400000,4.407e-05
ETCUSD,1692835200000,0.0001
ETCUSD,1692864000000,0.0001
ETCUSD,1692892800000,0.0001
ETCUSD,1692921600000,0.0001
ETCUSD,1692950400000,0.0001
ETCUSD,1692979200000,0.0001
ETCUSD,1693008000000,0.0001
ETCUSD,1693036800000,0.0001
ETCUSD,1693065600000,0.0001
ETCUSD,1693094400000,0.0001
ETCUSD,1693123200000,5.156e-05
ETCUSD,1693152000000,0.0001
ETCUSD,1693180800000,9.674e-05
ETCUSD,1693209600001,8.324e-05
ETCUSD,1693238400001,0.0001
ETCUSD,1693267200000,0.0001
ETCUSD,1693296000000,5.45e-05
ETCUSD,1693324800000,-0.00011147
ETCUSD,1693353600000,0.0001
ETCUSD,1693382400000,0.0001
ETCUSD,1693411200000,0.0001
ETCUSD,1693440000000,9.123e-05
ETCUSD,1693468800000,4.699e-05
ETCUSD,1693497600000,6.536e-05
ETCUSD,1693526400000,3.85e-06
ETCUSD,1693555200000,5.672e-05
ETCUSD,1693584000001,4.076e-05
ETCUSD,1693612800000,2.248e-05
ETCUSD,1693641600000,7.954e-05
ETCUSD,1693670400000,1.909e-05
ETCUSD,1693699200000,-0.00012651
ETCUSD,1693728000000,1.47e-06
ETCUSD,1693756800000,-3.011e-05
ETCUSD,1693785600000,-4.385e-05
ETCUSD,1693814400000,-3.98e-06
ETCUSD,1693843200000,1.331e-05
ETCUSD,1693872000000,3.506e-05
ETCUSD,1693900800000,7.176e-05
ETCUSD,1693929600000,-4.568e-05
ETCUSD,1693958400000,-1.057e-05
ETCUSD,1693987200000,6.092e-05
ETCUSD,1694016000001,9.182e-05
ETCUSD,1694044800000,8.264e-05
ETCUSD,1694073600000,0.0001
ETCUSD,1694102400000,0.0001
ETCUSD,1694131200000,0.0001
ETCUSD,1694160000000,6.29e-05
ETCUSD,1694188800000,6.466e-05
ETCUSD,1694217600000,0.0001
ETCUSD,1694246400000,-1.622e-05
ETCUSD,1694275200000,3.941e-05
ETCUSD,1694304000000,5.573e-05
ETCUSD,1694332800000,-2.694e-05
ETCUSD,1694361600000,2.816e-05
ETCUSD,1694390400000,-4.254e-05
ETCUSD,1694419200000,0.0001
ETCUSD,1694448000001,1.405e-05
ETCUSD,1694476800000,-9.115e-05
ETCUSD,1694505600000,-8.521e-05
ETCUSD,1694534400000,5.095e-05
ETCUSD,1694563200000,1.172e-05
ETCUSD,1694592000000,8.762e-05
ETCUSD,1694620800000,8.542e-05
ETCUSD,1694649600000,3.846e-05
ETCUSD,1694678400001,4.175e-05
ETCUSD,1694707200000,2.089e-05
ETCUSD,1694736000000,4.255e-05
ETCUSD,1694764800000,-5.4e-05
ETCUSD,1694793600000,0.0001
ETCUSD,1694822400000,8.412e-05
ETCUSD,1694851200000,9.906e-05
ETCUSD,1694880000000,-5.613e-05
ETCUSD,1694908800000,8.5e-06
ETCUSD,1694937600000,-4.057e-05
ETCUSD,1694966400000,6.516e-05
ETCUSD,1694995200000,4.811e-05
ETCUSD,1695024000000,5.675e-05
ETCUSD,1695052800000,0.0001
ETCUSD,1695081600000,0.0001
ETCUSD,1695110400001,1.285e-05
ETCUSD,1695139200000,0.0001
ETCUSD,1695168000000,0.0001
ETCUSD,1695196800000,2.999e-05
ETCUSD,1695225600000,-6.451e-05
ETCUSD,1695254400001,7.92e-05
ETCUSD,1695283200000,8.895e-05
ETCUSD,1695312000000,8.051e-05
ETCUSD,1695340800000,0.0001
ETCUSD,1695369600000,5.554e-05
ETCUSD,1695398400000,3.133e-05
ETCUSD,1695427200000,2.587e-05
ETCUSD,1695456000000,2.717e-05
ETCUSD,1695484800000,-4.757e-05
ETCUSD,1695513600000,-1.121e-05
ETCUSD,1695542400000,2.81e-06
ETCUSD,1695571200000,2.478e-05
ETCUSD,1695600000000,6.509e-05
ETCUSD,1695628800000,7.982e-05
ETCUSD,1695657600000,0.0001
ETCUSD,1695686400000,2.093e-05
ETCUSD,1695715200000,8.428e-05
ETCUSD,1695744000000,5.687e-05
ETCUSD,1695772800000,0.0001
ETCUSD,1695801600001,0.0001
ETCUSD,1695830400000,0.0001
ETCUSD,1695859200000,-7.99e-06
ETCUSD,1695888000000,8.392e-05
ETCUSD,1695916800000,7.046e-05
ETCUSD,1695945600000,6.15e-06
ETCUSD,1695974400000,0.0001
ETCUSD,1696003200000,5.72e-05
ETCUSD,1696032000000,9.699e-05
ETCUSD,1696060800000,0.0001
ETCUSD,1696089600000,6.79e-05
ETCUSD,1696118400000,6.706e-05
ETCUSD,1696147200000,6.163e-05
ETCUSD,1696176000000,1.042e-05
ETCUSD,1696204800000,0.0001
ETCUSD,1696233600000,0.0001
ETCUSD,1696262400000,7.137e-05
ETCUSD,1696291200000,0.0001
ETCUSD,1696320000000,0.0001
ETCUSD,1696348800000,6.705e-05
ETCUSD,1696377600000,-6.3e-07
ETCUSD,1696406400000,-7.217e-05
ETCUSD,1696435200000,-1.255e-05
ETCUSD,1696464000000,-5.52e-06
ETCUSD,1696492800000,0.0001
ETCUSD,1696521600001,4.209e-05
ETCUSD,1696550400000,0.0001
ETCUSD,1696579200000,0.0001
ETCUSD,1696608000000,3.519e-05
ETCUSD,1696636800000,6.977e-05
ETCUSD,1696665600000,0.0001
ETCUSD,1696694400000,8.205e-05
ETCUSD,1696723200000,0.0001
ETCUSD,1696752000001,0.0001
ETCUSD,1696780800000,0.0001
ETCUSD,1696809600000,0.0001
ETCUSD,1696838400000,0.0001
ETCUSD,1696867200000,-6.849e-05
ETCUSD,1696896000000,-2.114e-05
ETCUSD,1696924800000,2.68e-05
ETCUSD,1696953600000,5.619e-05
ETCUSD,1696982400000,1.671e-05
ETCUSD,1697011200000,0.0001
ETCUSD,1697040000000,2.876e-05
ETCUSD,1697068800000,-9.65e-06
ETCUSD,1697097600000,8.5e-06
ETCUSD,1697126400000,1.992e-05
ETCUSD,1697155200000,3.518e-05
ETCUSD,1697184000000,2.378e-05
ETCUSD,1697212800000,-1.049e-05
ETCUSD,1697241600000,6.413e-05
ETCUSD,1697270400000,0.0001
ETCUSD,1697299200000,8.575e-05
ETCUSD,1697328000000,0.0001
ETCUSD,1697356800000,8.658e-05
ETCUSD,1697385600000,0.0001
ETCUSD,1697414400000,6.914e-05
ETCUSD,1697443200000,0.0001
ETCUSD,1697472000000,0.0001
ETCUSD,1697500800000,-4.861e-05
ETCUSD,1697529600000,6.463e-05
ETCUSD,1697558400000,4.366e-05
ETCUSD,1697587200000,-9.918e-05
ETCUSD,1697616000000,7.591e-05
ETCUSD,1697644800000,2.805e-05
ETCUSD,1697673600000,-0.00013043
ETCUSD,1697702400001,-8.663e-05
ETCUSD,1697731200000,-5.965e-05
ETCUSD,1697760000000,-5.472e-05
ETCUSD,1697788800005,-7.993e-05
ETCUSD,1697817600000,0.0001
ETCUSD,1697846400000,6.403e-05
ETCUSD,1697875200000,9.021e-05
ETCUSD,1697904000000,0.0001
ETCUSD,1697932800000,0.0001
ETCUSD,1697961600000,0.0001
ETCUSD,1697990400000,0.0001
ETCUSD,1698019200000,0.0001
ETCUSD,1698048000001,5.907e-05
ETCUSD,1698076800001,-6.692e-05
ETCUSD,1698105600000,0.0001
ETCUSD,1698134400000,0.0001
ETCUSD,1698163200000,0.0001
ETCUSD,1698192000000,0.0001
ETCUSD,1698220800000,0.0001
ETCUSD,1698249600001,0.0001
ETCUSD,1698278400001,0.0001
ETCUSD,1698307200000,0.0001
ETCUSD,1698336000000,0.0001
ETCUSD,1698364800000,0.0001
ETCUSD,1698393600000,0.0001
ETCUSD,1698422400000,0.0001
ETCUSD,1698451200000,0.0001
ETCUSD,1698480000001,0.0001
ETCUSD,1698508800000,0.0001
ETCUSD,1698537600000,0.0001
ETCUSD,1698566400000,0.0001
ETCUSD,1698595200000,0.0001
ETCUSD,1698624000000,0.0001
ETCUSD,1698652800000,0.0001
ETCUSD,1698681600000,0.0001
ETCUSD,1698710400001,0.0001
ETCUSD,1698739200000,0.0001
ETCUSD,1698768000000,0.0001
ETCUSD,1698796800000,0.0001
ETCUSD,1698825600000,0.0001
ETCUSD,1698854400000,0.0001
ETCUSD,1698883200001,0.00025568
ETCUSD,1698912000000,0.00017208
ETCUSD,1698940800000,0.0001
ETCUSD,1698969600000,0.0001
ETCUSD,1698998400000,0.0001
ETCUSD,1699027200000,0.00011207
ETCUSD,1699056000000,0.0001
ETCUSD,1699084800000,0.0001
ETCUSD,1699113600000,0.0001
ETCUSD,1699142400000,0.0001
ETCUSD,1699171200000,0.00012585
ETCUSD,1699200000000,0.00010634
ETCUSD,1699228800000,0.0001
ETCUSD,1699257600001,0.00015464
ETCUSD,1699286400000,0.0001
ETCUSD,1699315200001,0.0002163
ETCUSD,1699344000000,0.00011602
ETCUSD,1699372800000,0.0001
ETCUSD,1699401600000,0.00018785
ETCUSD,1699430400000,0.00026958
ETCUSD,1699459200000,0.00012546
ETCUSD,1699488000000,0.0001
ETCUSD,1699516800000,0.00028314
ETCUSD,1699545600000,0.00038162
ETCUSD,1699574400000,0.0001
ETCUSD,1699603200000,0.00029557
ETCUSD,1699632000000,0.0001
ETCUSD,1699660800000,0.0001
ETCUSD,1699689600000,0.0001
ETCUSD,1699718400000,0.0001
ETCUSD,1699747200000,0.0001
ETCUSD,1699776000000,0.0001726
ETCUSD,1699804800001,0.0001813
ETCUSD,1699833600000,0.00032827
ETCUSD,1699862400000,0.00010982
ETCUSD,1699891200000,0.00021106
ETCUSD,1699920000000,0.00037262
ETCUSD,1699948800000,0.00013103
ETCUSD,1699977600001,0.0001
ETCUSD,1700006400000,0.0001
ETCUSD,1700035200000,0.00014099
ETCUSD,1700064000000,0.0001
ETCUSD,1700092800000,0.0001
ETCUSD,1700121600000,0.00034833
ETCUSD,1700150400001,0.00014821
ETCUSD,1700179200000,0.0001
ETCUSD,1700208000001,0.0001
ETCUSD,1700236800001,0.0001
ETCUSD,1700265600000,0.0001
ETCUSD,1700294400000,0.0001
ETCUSD,1700323200000,0.0001
ETCUSD,1700352000000,0.0001
ETCUSD,1700380800000,0.0001
ETCUSD,1700409600000,0.0001
ETCUSD,1700438400000,0.0001
ETCUSD,1700467200000,0.00023549
ETCUSD,1700496000000,0.00011714
ETCUSD,1700524800000,0.00022576
ETCUSD,1700553600000,0.00022633
ETCUSD,1700582400000,0.0001
ETCUSD,1700611200000,0.0001
ETCUSD,1700640000000,0.0001
ETCUSD,1700668800000,0.0001
ETCUSD,1700697600000,0.0001
ETCUSD,1700726400000,0.0001
ETCUSD,1700755200001,0.0001
ETCUSD,1700784000000,0.0001
ETCUSD,1700812800000,0.0001
ETCUSD,1700841600000,0.00015733
ETCUSD,1700870400000,0.0001
ETCUSD,1700899200000,0.0001279
ETCUSD,1700928000000,0.00013201
ETCUSD,1700956800000,0.00024597
ETCUSD,1700985600000,0.00020622
ETCUSD,1701014400000,0.00012148
ETCUSD,1701043200000,0.00018068
ETCUSD,1701072000001,0.0001
ETCUSD,1701100800000,0.0001
ETCUSD,1701129600000,0.0001
ETCUSD,1701158400000,0.0001
ETCUSD,1701187200000,0.0001
ETCUSD,1701216000001,0.0001
ETCUSD,1701244800000,0.0001
ETCUSD,1701273600000,0.0001
ETCUSD,1701302400000,0.0001
ETCUSD,1701331200000,0.0001
ETCUSD,1701360000000,0.0001
ETCUSD,1701388800000,0.0001
ETCUSD,1701417600000,0.0001
ETCUSD,1701446400000,0.00022399
ETCUSD,1701475200000,0.0001
ETCUSD,1701504000000,0.00017364
ETCUSD,1701532800000,0.0002744
ETCUSD,1701561600000,0.00040159
ETCUSD,1701590400000,0.00033536
ETCUSD,1701619200000,0.00019149
ETCUSD,1701648000000,0.00033416
ETCUSD,1701676800000,0.00049377
ETCUSD,1701705600000,0.00017889
ETCUSD,1701734400000,0.00014668
ETCUSD,1701763200000,0.00014721
ETCUSD,1701792000000,0.00013867
ETCUSD,1701820800000,0.00041103
ETCUSD,1701849600000,0.0003392
ETCUSD,1701878400000,0.00011391
ETCUSD,1701907200000,0.00013544
ETCUSD,1701936000000,0.00020386
ETCUSD,1701964800000,0.00017278
ETCUSD,1701993600000,0.00030778
ETCUSD,1702022400000,0.00038132
ETCUSD,1702051200000,0.00017521
ETCUSD,1702080000000,0.00023314
ETCUSD,1702108800000,0.00054591
ETCUSD,1702137600000,0.00043676
ETCUSD,1702166400000,0.00029247
ETCUSD,1702195200000,0.00036672
ETCUSD,1702224000000,0.00051546
ETCUSD,1702252800000,0.00059403
ETCUSD,1702281600000,0.0001
ETCUSD,1702310400000,0.0001
ETCUSD,1702339200000,0.0001
ETCUSD,1702368000000,0.0001
ETCUSD,1702396800000,0.0001
ETCUSD,1702425600000,0.0001
ETCUSD,1702454400000,0.0001
ETCUSD,1702483200001,0.0001
ETCUSD,1702512000000,0.0001
ETCUSD,1702540800000,0.0001
ETCUSD,1702569600000,0.00013173
ETCUSD,1702598400000,0.0001312
ETCUSD,1702627200000,0.00028561
ETCUSD,1702656000000,0.00029402
ETCUSD,1702684800000,0.0001
ETCUSD,1702713600000,0.0001
ETCUSD,1702742400001,0.0001
ETCUSD,1702771200000,0.0001
ETCUSD,1702800000000,0.0001
ETCUSD,1702828800000,0.00010568
ETCUSD,1702857600000,0.0001
ETCUSD,1702886400001,0.0001
ETCUSD,1702915200000,0.0001
ETCUSD,1702944000000,0.0001
ETCUSD,1702972800000,0.0001
ETCUSD,1703001600000,0.0001
ETCUSD,1703030400000,0.0001
ETCUSD,1703059200000,0.00012917
ETCUSD,1703088000000,0.0003135
ETCUSD,1703116800000,0.00036871
ETCUSD,1703145600000,0.00035134
ETCUSD,1703174400000,0.00041825
ETCUSD,1703203200000,0.00049673
ETCUSD,1703232000000,0.0002735
ETCUSD,1703260800000,0.00042578
ETCUSD,1703289600000,0.00019431
ETCUSD,1703318400001,0.00012404
ETCUSD,1703347200000,0.00015099
ETCUSD,1703376000000,0.0001544
ETCUSD,1703404800000,0.00035448
ETCUSD,1703433600000,0.00033708
ETCUSD,1703462400000,0.00012673
ETCUSD,1703491200000,0.00034937
ETCUSD,1703520000000,0.00043433
ETCUSD,1703548800000,0.00054024
ETCUSD,1703577600000,0.00041994
ETCUSD,1703606400000,0.00050407
ETCUSD,1703635200000,0.00035243
ETCUSD,1703664000000,0.00014133
ETCUSD,1703692800000,0.00060406
ETCUSD,1703721600000,0.00053315
ETCUSD,1703750400000,0.00057859
ETCUSD,1703779200000,0.00067049
ETCUSD,1703808000001,0.00071592
ETCUSD,1703836800000,0.00034533
ETCUSD,1703865600000,0.00052506
ETCUSD,1703894400001,0.00025422
ETCUSD,1703923200000,0.00042263
ETCUSD,1703952000000,0.00038362
ETCUSD,1703980800000,0.00028951
ETCUSD,1704009600001,0.00045882
ETCUSD,1704038400000,0.00039101
ETCUSD,1704067200000,0.00051215
ETCUSD,1704096000000,0.00037258
ETCUSD,1704124800000,0.0005912
ETCUSD,1704153600000,0.00079093
ETCUSD,1704182400000,0.00053031
ETCUSD,1704211200000,0.00057249
ETCUSD,1704240000000,0.00031087
ETCUSD,1704268800000,0.00032716
ETCUSD,1704297600000,0.0001
ETCUSD,1704326400000,0.0001
ETCUSD,1704355200000,0.0001
ETCUSD,1704384000000,-8.63e-06
ETCUSD,1704412800001,8.558e-05
ETCUSD,1704441600000,0.0001
ETCUSD,1704470400000,0.0001
ETCUSD,1704499200000,0.0001
ETCUSD,1704528000000,0.0001
ETCUSD,1704556800000,0.0001
ETCUSD,1704585600000,0.0001
ETCUSD,1704614400001,0.0001
ETCUSD,1704643200001,0.0001
ETCUSD,1704672000000,9.388e-05
ETCUSD,1704700800000,9.025e-05
ETCUSD,1704729600000,0.0001
ETCUSD,1704758400001,0.0001
ETCUSD,1704787200000,0.0001
ETCUSD,1704816000000,0.0001
ETCUSD,1704844800000,0.0001
ETCUSD,1704873600000,0.0001
ETCUSD,1704902400000,0.0001
ETCUSD,1704931200000,0.0001
ETCUSD,1704960000000,0.0001
ETCUSD,1704988800000,0.0001
ETCUSD,1705017600001,0.0001
ETCUSD,1705046400000,0.0001
ETCUSD,1705075200000,0.0001
ETCUSD,1705104000000,0.0001
ETCUSD,1705132800000,0.0001
ETCUSD,1705161600001,0.0001
ETCUSD,1705190400000,0.0001
ETCUSD,1705219200000,0.0001
ETCUSD,1705248000001,0.0001
ETCUSD,1705276800000,0.0001
ETCUSD,1705305600000,0.0001
ETCUSD,1705334400000,0.0001
ETCUSD,1705363200000,0.0001
ETCUSD,1705392000000,0.0001
ETCUSD,1705420800001,0.0001
ETCUSD,1705449600000,0.0001
ETCUSD,1705478400000,0.0001
ETCUSD,1705507200000,0.0001
ETCUSD,1705536000001,0.0001
ETCUSD,1705564800000,0.0001
ETCUSD,1705593600000,0.0001
ETCUSD,1705622400000,0.0001
ETCUSD,1705651200000,0.0001
ETCUSD,1705680000002,0.0001
ETCUSD,1705708800000,0.0001
ETCUSD,1705737600003,0.0001
ETCUSD,1705766400000,0.0001
ETCUSD,1705795200000,0.0001
ETCUSD,1705824000000,0.0001
ETCUSD,1705852800000,0.0001
ETCUSD,1705881600000,0.0001
ETCUSD,1705910400000,0.0001
ETCUSD,1705939200000,0.0001
ETCUSD,1705968000000,0.0001
ETCUSD,1705996800000,0.0001
ETCUSD,1706025600000,0.0001
ETCUSD,1706054400000,0.0001
ETCUSD,1706083200000,0.0001
ETCUSD,1706112000000,0.0001
ETCUSD,1706140800000,0.0001
ETCUSD,1706169600001,0.0001
ETCUSD,1706198400000,0.0001
ETCUSD,1706227200001,0.0001
ETCUSD,1706256000000,0.0001
ETCUSD,1706284800000,0.0001
ETCUSD,1706313600000,0.0001
ETCUSD,1706342400000,0.0001
ETCUSD,1706371200000,0.0001
ETCUSD,1706400000000,0.0001
ETCUSD,1706428800000,0.0001
ETCUSD,1706457600000,0.0001
ETCUSD,1706486400000,0.0001
ETCUSD,1706515200001,0.0001
ETCUSD,1706544000000,0.0001
ETCUSD,1706572800000,0.0001
ETCUSD,1706601600000,0.0001
ETCUSD,1706630400001,0.0001
ETCUSD,1706659200000,0.0001
ETCUSD,1706688000000,0.0001
ETCUSD,1706716800000,0.0001
ETCUSD,1706745600000,0.0001
ETCUSD,1706774400000,0.0001
ETCUSD,1706803200002,0.0001
ETCUSD,1706832000000,0.0001
ETCUSD,1706860800000,0.0001
ETCUSD,1706889600000,0.0001
ETCUSD,1706918400000,0.0001
ETCUSD,1706947200000,0.0001
ETCUSD,1706976000001,0.0001
ETCUSD,1707004800000,0.0001
ETCUSD,1707033600004,0.0001
ETCUSD,1707062400000,0.0001
ETCUSD,1707091200000,0.0001
ETCUSD,1707120000000,0.0001
ETCUSD,1707148800000,0.0001
ETCUSD,1707177600000,0.0001
ETCUSD,1707206400001,0.0001
ETCUSD,1707235200000,0.0001
ETCUSD,1707264000000,0.0001
ETCUSD,1707292800000,0.0001
ETCUSD,1707321600000,0.0001
ETCUSD,1707350400000,0.0001
ETCUSD,1707379200000,0.0001
ETCUSD,1707408000000,0.0001
ETCUSD,1707436800000,0.0001
ETCUSD,1707465600000,0.0001
ETCUSD,1707494400001,0.0001
ETCUSD,1707523200001,0.0001
ETCUSD,1707552000000,0.0001
ETCUSD,1707580800000,0.0001
ETCUSD,1707609600000,0.0001
ETCUSD,1707638400001,0.0001
ETCUSD,1707667200000,0.0001
ETCUSD,1707696000000,0.0001
ETCUSD,1707724800000,0.0001
ETCUSD,1707753600000,0.0001
ETCUSD,1707782400000,0.0001
ETCUSD,1707811200000,0.0001
ETCUSD,1707840000000,0.00019099
ETCUSD,1707868800000,0.00019203
ETCUSD,1707897600000,0.0001438
ETCUSD,1707926400000,0.00039967
ETCUSD,1707955200000,0.00044347
ETCUSD,1707984000000,0.00044705
ETCUSD,1708012800000,0.00044535
ETCUSD,1708041600000,0.0004094
ETCUSD,1708070400000,0.00059636
ETCUSD,1708099200000,0.00035911
ETCUSD,1708128000000,0.00028863
ETCUSD,1708156800000,0.00044065
ETCUSD,1708185600000,0.00019021
ETCUSD,1708214400000,0.00022448
ETCUSD,1708243200000,0.00030616
ETCUSD,1708272000000,0.00025742
ETCUSD,1708300800000,0.00030546
ETCUSD,1708329600000,0.00034904
ETCUSD,1708358400000,0.00033337
ETCUSD,1708387200000,0.00054424
ETCUSD,1708416000000,0.00043863
ETCUSD,1708444800000,0.00036168
ETCUSD,1708473600000,0.00030832
ETCUSD,1708502400000,0.00024637
ETCUSD,1708531200000,0.0001
ETCUSD,1708560000001,0.0001
ETCUSD,1708588800001,0.00020842
ETCUSD,1708617600000,0.00029914
ETCUSD,1708646400000,0.0002756
ETCUSD,1708675200000,0.00022716
ETCUSD,1708704000000,0.00032947
ETCUSD,1708732800000,0.00032773
ETCUSD,1708761600001,0.00038283
ETCUSD,1708790400000,0.00036013
ETCUSD,1708819200001,0.0004513
ETCUSD,1708848000000,0.00047214
ETCUSD,1708876800000,0.00044696
ETCUSD,1708905600000,0.0006509
ETCUSD,1708934400000,0.00057253
ETCUSD,1708963200000,0.00049507
ETCUSD,1708992000000,0.0004976
ETCUSD,1709020800000,0.00078348
ETCUSD,1709049600000,0.00047945
ETCUSD,1709078400000,0.00051282
ETCUSD,1709107200000,0.0005607
ETCUSD,1709136000000,0.0007618
ETCUSD,1709164800000,0.00054986
ETCUSD,1709193600000,0.00094827
ETCUSD,1709222400000,0.00080294
ETCUSD,1709251200000,0.00047298
ETCUSD,1709280000000,0.00075883
ETCUSD,1709308800000,0.0007246
ETCUSD,1709337600000,0.00082214
ETCUSD,1709366400001,0.00109108
ETCUSD,1709395200000,0.00084515
ETCUSD,1709424000000,0.0006249
ETCUSD,1709452800000,0.00071867
ETCUSD,1709481600000,0.0002593
ETCUSD,1709510400000,0.00034577
ETCUSD,1709539200000,0.00061369
ETCUSD,1709568000000,0.00072817
ETCUSD,1709596800000,0.00067384
ETCUSD,1709625600000,0.00117899
ETCUSD,1709654400000,0.00089774
ETCUSD,1709683200000,0.0001
ETCUSD,1709712000001,0.00010386
ETCUSD,1709740800000,0.00040694
ETCUSD,1709769600000,0.00050746
ETCUSD,1709798400000,0.00040848
ETCUSD,1709827200000,0.00046307
ETCUSD,1709856000000,0.00057635
ETCUSD,1709884800000,0.0004263
ETCUSD,1709913600000,0.0005406
ETCUSD,1709942400000,0.00048351
ETCUSD,1709971200001,0.00055869
ETCUSD,1710000000000,0.00065015
ETCUSD,1710028800000,0.00049658
ETCUSD,1710057600000,0.00064748
ETCUSD,1710086400000,0.00039086
ETCUSD,1710115200000,0.00054859
ETCUSD,1710144000000,0.00052263
ETCUSD,1710172800000,0.00062993
ETCUSD,1710201600000,0.00082054
ETCUSD,1710230400000,0.00054657
ETCUSD,1710259200000,0.00039955
ETCUSD,1710288000000,0.00059325
ETCUSD,1710316800001,0.00066746
ETCUSD,1710345600000,0.00057556
ETCUSD,1710374400001,0.00045517
ETCUSD,1710403200000,0.00055964
ETCUSD,1710432000000,0.00048669
ETCUSD,1710460800000,0.00053874
ETCUSD,1710489600000,0.00033664
ETCUSD,1710518400000,0.00019287
ETCUSD,1710547200000,0.0001
ETCUSD,1710576000000,0.0002653
ETCUSD,1710604800000,0.0001
ETCUSD,1710633600000,0.00017413
ETCUSD,1710662400000,0.00018093
ETCUSD,1710691200000,0.00023551
ETCUSD,1710720000000,0.00012147
ETCUSD,1710748800000,0.00020347
ETCUSD,1710777600001,0.00028786
ETCUSD,1710806400000,0.00029403
ETCUSD,1710835200000,0.0001
ETCUSD,1710864000001,0.0001
ETCUSD,1710892800000,0.00011114
ETCUSD,1710921600004,0.00012694
ETCUSD,1710950400000,0.0001
ETCUSD,1710979200000,0.00010042
ETCUSD,1711008000000,0.0001
ETCUSD,1711036800000,0.00010755
ETCUSD,1711065600000,0.00030309
ETCUSD,1711094400000,0.00023997
ETCUSD,1711123200000,0.00010132
ETCUSD,1711152000000,0.0001
ETCUSD,1711180800000,0.0002682
ETCUSD,1711209600000,0.00028945
ETCUSD,1711238400000,0.00030223
ETCUSD,1711267200000,0.00018284
ETCUSD,1711296000000,0.0001
ETCUSD,1711324800000,0.00011321
ETCUSD,1711353600001,0.0001
ETCUSD,1711382400000,0.00023841
ETCUSD,1711411200000,0.00026279
ETCUSD,1711440000000,0.0002975
ETCUSD,1711468800000,0.00030235
ETCUSD,1711497600000,0.00041753
ETCUSD,1711526400001,0.00043333
ETCUSD,1711555200000,0.00032507
ETCUSD,1711584000000,0.00052578
ETCUSD,1711612800000,0.00043531
ETCUSD,1711641600000,0.00035367
ETCUSD,1711670400000,0.00052196
ETCUSD,1711699200000,0.00047498
ETCUSD,1711728000000,0.00051058
ETCUSD,1711756800000,0.00044869
ETCUSD,1711785600000,0.00033453
ETCUSD,1711814400000,0.00048763
ETCUSD,1711843200000,0.00040577
ETCUSD,1711872000000,0.00048902
ETCUSD,1711900800001,0.0005717
ETCUSD,1711929600000,0.00061188
ETCUSD,1711958400000,0.00043658
ETCUSD,1711987200000,0.00030865
ETCUSD,1712016000007,0.00017283
ETCUSD,1712044800015,0.0001
ETCUSD,1712073600000,0.00014312
ETCUSD,1712102400000,0.0001
ETCUSD,1712131200000,0.0001
ETCUSD,1712160000000,0.0001
ETCUSD,1712188800000,0.00017718
ETCUSD,1712217600000,0.00019388
ETCUSD,1712246400000,0.0001667
ETCUSD,1712275200000,0.0002355
ETCUSD,1712304000000,0.00014733
ETCUSD,1712332800000,0.0001914
ETCUSD,1712361600000,0.00024382
ETCUSD,1712390400000,0.00018185
ETCUSD,1712419200000,0.0001
ETCUSD,1712448000000,0.00016248
ETCUSD,1712476800000,0.00016676
ETCUSD,1712505600000,0.0001
ETCUSD,1712534400001,0.0001
ETCUSD,1712563200000,0.00010032
ETCUSD,1712592000006,0.00026121
ETCUSD,1712620800000,0.00022082
ETCUSD,1712649600001,0.00019726
ETCUSD,1712678400001,0.0001
ETCUSD,1712707200000,0.0001
ETCUSD,1712736000001,0.0001
ETCUSD,1712764800000,0.00014879
ETCUSD,1712793600000,0.00015187
ETCUSD,1712822400000,0.0001
ETCUSD,1712851200000,0.00030433
ETCUSD,1712880000000,0.00024137
ETCUSD,1712908800001,0.00017554
ETCUSD,1712937600000,0.00020342
ETCUSD,1712966400000,0.0001
ETCUSD,1712995200000,0.0001
ETCUSD,1713024000001,0.0001
ETCUSD,1713052800000,0.0001
ETCUSD,1713081600000,0.0001
ETCUSD,1713110400000,0.0001
ETCUSD,1713139200000,5.819e-05
ETCUSD,1713168000001,0.0001
ETCUSD,1713196800000,0.0001
ETCUSD,1713225600001,1.044e-05
ETCUSD,1713254400000,0.0001
ETCUSD,1713283200000,0.0001
ETCUSD,1713312000000,4.677e-05
ETCUSD,1713340800000,5.975e-05
ETCUSD,1713369600000,0.0001
ETCUSD,1713398400000,9.039e-05
ETCUSD,1713427200000,0.0001
ETCUSD,1713456000000,8.077e-05
ETCUSD,1713484800001,0.0001
ETCUSD,1713513600000,8.249e-05
ETCUSD,1713542400000,8.657e-05
ETCUSD,1713571200000,0.0001
ETCUSD,1713600000000,9.144e-05
ETCUSD,1713628800000,3.265e-05
ETCUSD,1713657600000,0.0001
ETCUSD,1713686400000,9.525e-05
ETCUSD,1713715200000,9.187e-05
ETCUSD,1713744000000,0.0001
ETCUSD,1713772800000,0.0001
ETCUSD,1713801600000,3.288e-05
ETCUSD,1713830400000,0.0001
ETCUSD,1713859200000,4.407e-05
ETCUSD,1713888000001,5.91e-05
ETCUSD,1713916800000,0.0001
ETCUSD,1713945600000,0.0001
ETCUSD,1713974400000,7.894e-05
ETCUSD,1714003200000,-9.85e-06
ETCUSD,1714032000000,4.312e-05
ETCUSD,1714060800010,5.782e-05
ETCUSD,1714089600001,-3.282e-05
ETCUSD,1714118400000,-8.3e-07
ETCUSD,1714147200000,7.424e-05
ETCUSD,1714176000000,0.0001
ETCUSD,1714204800001,4.917e-05
ETCUSD,1714233600000,-1.787e-05
ETCUSD,1714262400000,0.0001
ETCUSD,1714291200000,0.0001
ETCUSD,1714320000000,4.54e-05
ETCUSD,1714348800000,0.0001
ETCUSD,1714377600000,0.0001
ETCUSD,1714406400000,3.521e-05
ETCUSD,1714435200000,7.2e-06
ETCUSD,1714464000000,0.0001
ETCUSD,1714492800000,-2.807e-05
ETCUSD,1714521600000,-0.00011794
ETCUSD,1714550400000,6.616e-05
ETCUSD,1714579200000,0.0001
ETCUSD,1714608000000,8.152e-05
ETCUSD,1714636800000,0.0001
ETCUSD,1714665600002,7.968e-05
ETCUSD,1714694400000,4.663e-05
ETCUSD,1714723200000,9.514e-05
ETCUSD,1714752000000,0.0001
ETCUSD,1714780800000,0.0001
ETCUSD,1714809600000,0.0001
ETCUSD,1714838400000,0.0001
ETCUSD,1714867200000,0.0001
ETCUSD,1714896000000,0.0001
ETCUSD,1714924800000,0.0001
ETCUSD,1714953600000,0.0001
ETCUSD,1714982400000,0.0001
ETCUSD,1715011200000,0.0001
ETCUSD,1715040000000,7.931e-05
ETCUSD,1715068800000,0.0001
ETCUSD,1715097600000,0.0001
ETCUSD,1715126400000,0.0001
ETCUSD,1715155200000,9.928e-05
ETCUSD,1715184000000,0.0001
ETCUSD,1715212800000,1.683e-05
ETCUSD,1715241600000,-1.91e-06
ETCUSD,1715270400000,9.6e-06
ETCUSD,1715299200000,0.0001
ETCUSD,1715328000000,0.0001
ETCUSD,1715356800000,0.0001
ETCUSD,1715385600000,4.556e-05
ETCUSD,1715414400000,8.091e-05
ETCUSD,1715443200000,0.0001
ETCUSD,1715472000000,0.0001
ETCUSD,1715500800000,0.0001
ETCUSD,1715529600000,0.0001
ETCUSD,1715558400001,0.0001
ETCUSD,1715587200001,5.876e-05
ETCUSD,1715616000000,0.0001
ETCUSD,1715644800000,0.0001
ETCUSD,1715673600000,0.0001
ETCUSD,1715702400000,0.0001
ETCUSD,1715731200000,3.006e-05
ETCUSD,1715760000000,7.234e-05
ETCUSD,1715788800000,0.0001
ETCUSD,1715817600004,0.0001
ETCUSD,1715846400000,0.0001
ETCUSD,1715875200000,0.0001
ETCUSD,1715904000000,0.0001
ETCUSD,1715932800000,0.0001
ETCUSD,1715961600000,0.0001
ETCUSD,1715990400000,0.0001
ETCUSD,1716019200000,0.0001
ETCUSD,1716048000000,0.0001
ETCUSD,1716076800000,0.0001
ETCUSD,1716105600000,0.0001
ETCUSD,1716134400000,0.0001
ETCUSD,1716163200000,0.0001
ETCUSD,1716192000000,0.0001
ETCUSD,1716220800003,0.0001
ETCUSD,1716249600000,0.0001
ETCUSD,1716278400001,0.0001
ETCUSD,1716307200000,0.0001
ETCUSD,1716336000000,0.0001
ETCUSD,1716364800000,0.0001
ETCUSD,1716393600000,0.0001
ETCUSD,1716422400000,0.0001
ETCUSD,1716451200000,0.0001
ETCUSD,1716480000000,0.0001
ETCUSD,1716508800000,0.0001
ETCUSD,1716537600000,0.0001
ETCUSD,1716566400000,0.0001
ETCUSD,1716595200000,0.0001
ETCUSD,1716624000000,0.0001
ETCUSD,1716652800000,0.0001
ETCUSD,1716681600000,0.0001
ETCUSD,1716710400000,0.0001
ETCUSD,1716739200000,0.0001
ETCUSD,1716768000000,0.0001
ETCUSD,1716796800000,0.0001
ETCUSD,1716825600000,0.0001
ETCUSD,1716854400000,0.0001
ETCUSD,1716883200000,0.0001
ETCUSD,1716912000000,0.0001
ETCUSD,1716940800001,0.0002706
ETCUSD,1716969600000,0.0001
ETCUSD,1716998400000,0.0001
ETCUSD,1717027200000,0.0001
ETCUSD,1717056000000,0.00011096
ETCUSD,1717084800000,0.00018767
ETCUSD,1717113600000,0.0001639
ETCUSD,1717142400000,0.00011169
ETCUSD,1717171200000,0.0001
ETCUSD,1717200000000,0.0001
ETCUSD,1717228800000,0.00019552
ETCUSD,1717257600001,0.0001715
ETCUSD,1717286400000,0.00010792
ETCUSD,1717315200000,0.00016319
ETCUSD,1717344000000,0.00010627
ETCUSD,1717372800000,0.0001135
ETCUSD,1717401600000,0.00017916
ETCUSD,1717430400000,0.0001
ETCUSD,1717459200000,0.0001
ETCUSD,1717488000000,0.0001
ETCUSD,1717516800000,0.0001
ETCUSD,1717545600000,0.00031242
ETCUSD,1717574400000,0.00021845
ETCUSD,1717603200000,0.00018877
ETCUSD,1717632000000,0.00016657
ETCUSD,1717660800008,0.00023158
ETCUSD,1717689600000,0.000202
ETCUSD,1717718400000,0.00017907
ETCUSD,1717747200000,0.00020334
ETCUSD,1717776000000,0.00018879
ETCUSD,1717804800000,0.0001
ETCUSD,1717833600000,0.0001
ETCUSD,1717862400000,9.126e-05
ETCUSD,1717891200000,5.756e-05
ETCUSD,1717920000000,9.79e-06
ETCUSD,1717948800001,-3.469e-05
ETCUSD,1717977600000,0.0001
ETCUSD,1718006400000,0.0001
ETCUSD,1718035200001,0.0001
ETCUSD,1718064000001,0.0001
ETCUSD,1718092800000,0.0001
ETCUSD,1718121600000,8.157e-05
ETCUSD,1718150400000,7.29e-05
ETCUSD,1718179200000,7.182e-05
ETCUSD,1718208000000,-0.00010677
ETCUSD,1718236800000,0.0001
ETCUSD,1718265600001,5.963e-05
ETCUSD,1718294400000,-3.517e-05
ETCUSD,1718323200000,0.0001
ETCUSD,1718352000000,0.0001
ETCUSD,1718380800000,-1.845e-05
ETCUSD,1718409600000,-8.201e-05
ETCUSD,1718438400000,5.256e-05
ETCUSD,1718467200000,0.0001
ETCUSD,1718496000001,8.857e-05
ETCUSD,1718524800000,0.0001
ETCUSD,1718553600000,-0.00011655
ETCUSD,1718582400000,-6.372e-05
ETCUSD,1718611200000,7.063e-05
ETCUSD,1718640000000,-5.306e-05
ETCUSD,1718668800000,-9.977e-05
ETCUSD,1718697600000,-6.145e-05
ETCUSD,1718726400000,-1.067e-05
ETCUSD,1718755200001,4.757e-05
ETCUSD,1718784000001,1.157e-05
ETCUSD,1718812800000,7.745e-05
ETCUSD,1718841600000,6.525e-05
ETCUSD,1718870400000,-9.57e-05
ETCUSD,1718899200000,0.0001
ETCUSD,1718928000000,5.942e-05
ETCUSD,1718956800000,0.0001
ETCUSD,1718985600000,0.0001
ETCUSD,1719014400000,5.189e-05
ETCUSD,1719043200000,8.2e-05
ETCUSD,1719072000000,1.579e-05
ETCUSD,1719100800000,-9.68e-06
ETCUSD,1719129600000,-2.49e-05
ETCUSD,1719158400000,0.0001
ETCUSD,1719187200002,0.0001
ETCUSD,1719216000000,8.296e-05
ETCUSD,1719244800000,2.799e-05
ETCUSD,1719273600000,0.0001
ETCUSD,1719302400000,-1.084e-05
ETCUSD,1719331200000,0.0001
ETCUSD,1719360000002,7.561e-05
ETCUSD,1719388800000,0.0001
ETCUSD,1719417600000,0.0001
ETCUSD,1719446400000,0.0001
ETCUSD,1719475200001,0.0001
ETCUSD,1719504000000,0.0001
ETCUSD,1719532800000,7.129e-05
ETCUSD,1719561600000,0.0001
ETCUSD,1719590400000,0.0001
ETCUSD,1719619200001,0.0001
ETCUSD,1719648000000,0.0001
ETCUSD,1719676800000,9.443e-05
ETCUSD,1719705600000,3.532e-05
ETCUSD,1719734400000,7.306e-05
ETCUSD,1719763200000,6.621e-05
ETCUSD,1719792000000,8.001e-05
ETCUSD,1719820800000,7.436e-05
ETCUSD,1719849600001,0.0001
ETCUSD,1719878400000,0.0001
ETCUSD,1719907200000,9.842e-05
ETCUSD,1719936000000,3.182e-05
ETCUSD,1719964800000,7.521e-05
ETCUSD,1719993600001,0.0001
ETCUSD,1720022400000,0.0001
ETCUSD,1720051200000,0.0001
ETCUSD,1720080000000,6.098e-05
ETCUSD,1720108800000,7.486e-05
ETCUSD,1720137600000,-5.674e-05
ETCUSD,1720166400000,-0.0001291
ETCUSD,1720195200000,-0.00012737
ETCUSD,1720224000000,-0.00022012
ETCUSD,1720252800000,8.874e-05
ETCUSD,1720281600000,9.72e-05
ETCUSD,1720310400001,0.0001
ETCUSD,1720339200000,0.0001
ETCUSD,1720368000000,4.199e-05
ETCUSD,1720396800000,-2.967e-05
ETCUSD,1720425600000,-5.029e-05
ETCUSD,1720454400000,0.0001
ETCUSD,1720483200000,2.79e-05
ETCUSD,1720512000001,-3.91e-05
ETCUSD,1720540800000,0.0001
ETCUSD,1720569600000,7.235e-05
ETCUSD,1720598400000,0.0001
ETCUSD,1720627200000,0.0001
ETCUSD,1720656000002,-1.198e-05
ETCUSD,1720684800002,0.0001
ETCUSD,1720713600004,0.0001
ETCUSD,1720742400000,9.76e-05
ETCUSD,1720771200000,7.266e-05
ETCUSD,1720800000000,0.0001
ETCUSD,1720828800000,0.0001
ETCUSD,1720857600000,0.0001
ETCUSD,1720886400000,0.0001
ETCUSD,1720915200000,0.0001
ETCUSD,1720944000000,6.03e-06
ETCUSD,1720972800000,6.585e-05
ETCUSD,1721001600000,0.0001
ETCUSD,1721030400000,0.0001
ETCUSD,1721059200000,8.472e-05
ETCUSD,1721088000000,0.0001
ETCUSD,1721116800000,0.0001
ETCUSD,1721145600000,0.0001
ETCUSD,1721174400000,8.227e-05
ETCUSD,1721203200001,0.0001
ETCUSD,1721232000000,8.548e-05
ETCUSD,1721260800000,1.54e-05
ETCUSD,1721289600000,9.361e-05
ETCUSD,1721318400000,0.0001
ETCUSD,1721347200000,0.0001
ETCUSD,1721376000000,0.0001
ETCUSD,1721404800000,0.0001
ETCUSD,1721433600001,0.0001
ETCUSD,1721462400000,0.0001
ETCUSD,1721491200000,0.0001
ETCUSD,1721520000000,0.0001
ETCUSD,1721548800000,0.0001
ETCUSD,1721577600000,6.752e-05
ETCUSD,1721606400000,0.0001
ETCUSD,1721635200000,0.0001
ETCUSD,1721664000000,-7.29e-06
ETCUSD,1721692800000,4.049e-05
ETCUSD,1721721600000,5.587e-05
ETCUSD,1721750400000,9.624e-05
ETCUSD,1721779200000,-4.437e-05
ETCUSD,1721808000000,-2.055e-05
ETCUSD,1721836800000,-6.428e-05
ETCUSD,1721865600000,-0.00011508
ETCUSD,1721894400000,-4.706e-05
ETCUSD,1721923200000,4.938e-05
ETCUSD,1721952000000,-5.869e-05
ETCUSD,1721980800000,6.982e-05
ETCUSD,1722009600000,1.629e-05
ETCUSD,1722038400000,-8.528e-05
ETCUSD,1722067200000,0.0001
ETCUSD,1722096000000,0.0001
ETCUSD,1722124800000,0.0001
ETCUSD,1722153600000,0.0001
ETCUSD,1722182400001,0.0001
ETCUSD,1722211200001,0.0001
ETCUSD,1722240000000,0.0001
ETCUSD,1722268800001,0.0001
ETCUSD,1722297600000,0.0001
ETCUSD,1722326400001,0.0001
ETCUSD,1722355200000,0.0001
ETCUSD,1722384000000,3.907e-05
ETCUSD,1722412800000,9.657e-05
ETCUSD,1722441600000,8.95e-06
ETCUSD,1722470400000,2.366e-05
ETCUSD,1722499200000,0.0001
ETCUSD,1722528000000,0.0001
ETCUSD,1722556800000,4.412e-05
ETCUSD,1722585600001,7.108e-05
ETCUSD,1722614400000,4.199e-05
ETCUSD,1722643200000,3.797e-05
ETCUSD,1722672000000,7.158e-05
ETCUSD,1722700800001,3.99e-05
ETCUSD,1722729600000,1.743e-05
ETCUSD,1722758400000,-6.33e-06
ETCUSD,1722787200000,-4.275e-05
ETCUSD,1722816000000,3.428e-05
ETCUSD,1722844800000,4.172e-05
ETCUSD,1722873600000,9.081e-05
ETCUSD,1722902400000,7.327e-05
ETCUSD,1722931200000,-0.00012295
ETCUSD,1722960000000,-2.8e-05
ETCUSD,1722988800000,-0.00011845
ETCUSD,1723017600001,-6.253e-05
ETCUSD,1723046400000,-0.00020391
ETCUSD,1723075200001,-1.477e-05
ETCUSD,1723104000000,4.861e-05
ETCUSD,1723132800000,1.52e-05
ETCUSD,1723161600000,0.0001
ETCUSD,1723190400000,2.708e-05
ETCUSD,1723219200000,0.0001
ETCUSD,1723248000000,4.45e-05
ETCUSD,1723276800000,0.0001
ETCUSD,1723305600000,6.559e-05
ETCUSD,1723334400000,-4.427e-05
ETCUSD,1723363200000,1.33e-05
ETCUSD,1723392000001,5.694e-05
ETCUSD,1723420800000,2.863e-05
ETCUSD,1723449600000,0.0001
ETCUSD,1723478400000,8.265e-05
ETCUSD,1723507200000,5.675e-05
ETCUSD,1723536000000,0.0001
ETCUSD,1723564800000,0.0001
ETCUSD,1723593600000,7.737e-05
ETCUSD,1723622400000,6.619e-05
ETCUSD,1723651200000,7.553e-05
ETCUSD,1723680000000,-6.18e-06
ETCUSD,1723708800000,0.0001
ETCUSD,1723737600000,5.739e-05
ETCUSD,1723766400000,5.196e-05
ETCUSD,1723795200000,0.0001
ETCUSD,1723824000000,-4.022e-05
ETCUSD,1723852800000,9.757e-05
ETCUSD,1723881600000,8.151e-05
ETCUSD,1723910400000,3.682e-05
ETCUSD,1723939200000,-3.722e-05
ETCUSD,1723968000000,7.492e-05
ETCUSD,1723996800000,7.796e-05
ETCUSD,1724025600000,-4.715e-05
ETCUSD,1724054400000,-5.69e-05
ETCUSD,1724083200002,3.098e-05
ETCUSD,1724112000000,0.0001
ETCUSD,1724140800000,5.645e-05
ETCUSD,1724169600001,2.628e-05
ETCUSD,1724198400001,0.0001
ETCUSD,1724227200000,-1.184e-05
ETCUSD,1724256000001,0.0001
ETCUSD,1724284800000,0.0001
ETCUSD,1724313600000,0.0001
ETCUSD,1724342400008,0.0001
ETCUSD,1724371200000,8.61e-05
ETCUSD,1724400000000,0.0001
ETCUSD,1724428800000,0.0001
ETCUSD,1724457600000,4.519e-05
ETCUSD,1724486400005,5.889e-05
ETCUSD,1724515200000,8.325e-05
ETCUSD,1724544000000,0.0001
ETCUSD,1724572800000,5.552e-05
ETCUSD,1724601600000,0.0001
ETCUSD,1724630400000,2.836e-05
ETCUSD,1724659200001,0.0001
ETCUSD,1724688000000,6.775e-05
ETCUSD,1724716800001,6.887e-05
ETCUSD,1724745600000,1.644e-05
ETCUSD,1724774400000,7.523e-05
ETCUSD,1724803200000,-5.004e-05
ETCUSD,1724832000000,-0.00014138
ETCUSD,1724860800001,6.419e-05
ETCUSD,1724889600000,-8.673e-05
ETCUSD,1724918400001,-7.767e-05
ETCUSD,1724947200000,6.878e-05
ETCUSD,1724976000000,5.786e-05
ETCUSD,1725004800000,0.0001
ETCUSD,1725033600000,-1e-05
ETCUSD,1725062400000,5.575e-05
ETCUSD,1725091200000,9.702e-05
ETCUSD,1725120000000,0.0001
ETCUSD,1725148800000,-1.783e-05
ETCUSD,1725177600001,7.544e-05
ETCUSD,1725206400000,-0.00010122
ETCUSD,1725235200001,-0.00010725
ETCUSD,1725264000001,-4.54e-05
ETCUSD,1725292800000,1.065e-05
ETCUSD,1725321600000,1.67e-05
ETCUSD,1725350400001,9.266e-05
ETCUSD,1725379200000,-1.501e-05
ETCUSD,1725408000000,-7.572e-05
ETCUSD,1725436800000,3e-06
ETCUSD,1725465600000,8.31e-06
ETCUSD,1725494400000,6.263e-05
ETCUSD,1725523200000,0.0001
ETCUSD,1725552000005,0.0001
ETCUSD,1725580800000,2.229e-05
ETCUSD,1725609600001,4.53e-06
ETCUSD,1725638400000,3.205e-05
ETCUSD,1725667200000,-8.23e-05
ETCUSD,1725696000000,9.257e-05
ETCUSD,1725724800000,0.0001
ETCUSD,1725753600000,8.92e-05
ETCUSD,1725782400000,7.368e-05
ETCUSD,1725811200000,0.0001
ETCUSD,1725840000000,5.234e-05
ETCUSD,1725868800000,0.0001
ETCUSD,1725897600001,4.928e-05
ETCUSD,1725926400000,0.0001
ETCUSD,1725955200000,3.794e-05
ETCUSD,1725984000000,3.818e-05
ETCUSD,1726012800000,9.257e-05
ETCUSD,1726041600000,6.829e-05
ETCUSD,1726070400000,8.513e-05
ETCUSD,1726099200000,7.16e-05
ETCUSD,1726128000000,5.794e-05
ETCUSD,1726156800000,1.7e-05
ETCUSD,1726185600000,0.0001
ETCUSD,1726214400001,4.29e-05
ETCUSD,1726243200001,9.451e-05
ETCUSD,1726272000000,-2.806e-05
ETCUSD,1726300800000,5.93e-05
ETCUSD,1726329600001,3.8e-06
ETCUSD,1726358400000,2.239e-05
ETCUSD,1726387200000,-1.568e-05
ETCUSD,1726416000000,-0.0001839
ETCUSD,1726444800000,-0.00021884
ETCUSD,1726473600001,-0.00010683
ETCUSD,1726502400000,-5.889e-05
ETCUSD,1726531200001,-6.469e-05
ETCUSD,1726560000000,1.765e-05
ETCUSD,1726588800000,4.2e-06
ETCUSD,1726617600000,-2.444e-05
ETCUSD,1726646400000,3.251e-05
ETCUSD,1726675200004,-5.467e-05
ETCUSD,1726704000000,8.728e-05
ETCUSD,1726732800000,0.0001
ETCUSD,1726761600001,0.0001
ETCUSD,1726790400000,0.0001
ETCUSD,1726819200001,0.0001
ETCUSD,1726848000000,0.0001
ETCUSD,1726876800001,0.0001
ETCUSD,1726905600000,0.0001
ETCUSD,1726934400000,0.0001
ETCUSD,1726963200000,0.0001
ETCUSD,1726992000000,0.0001
ETCUSD,1727020800000,5.758e-05
ETCUSD,1727049600000,2.403e-05
ETCUSD,1727078400000,0.0001
ETCUSD,1727107200000,0.0001
ETCUSD,1727136000000,0.0001
ETCUSD,1727164800000,0.0001
ETCUSD,1727193600001,6.55e-05
ETCUSD,1727222400000,0.0001
ETCUSD,1727251200003,7.871e-05
ETCUSD,1727280000000,0.0001
ETCUSD,1727308800005,0.0001
ETCUSD,1727337600000,0.0001
ETCUSD,1727366400000,0.0001
ETCUSD,1727395200000,0.0001
ETCUSD,1727424000000,0.0001
ETCUSD,1727452800000,0.0001
ETCUSD,1727481600000,0.0001
ETCUSD,1727510400001,0.0001
ETCUSD,1727539200000,0.0001
ETCUSD,1727568000001,0.0001
ETCUSD,1727596800000,0.0001
ETCUSD,1727625600000,0.0001
ETCUSD,1727654400000,8.297e-05
ETCUSD,1727683200001,0.0001
ETCUSD,1727712000000,0.0001
ETCUSD,1727740800000,8.217e-05
ETCUSD,1727769600000,0.0001
ETCUSD,1727798400001,1.062e-05
ETCUSD,1727827200000,-5.07e-05
ETCUSD,1727856000000,9.779e-05
ETCUSD,1727884800000,5.671e-05
ETCUSD,1727913600000,6.003e-05
ETCUSD,1727942400000,5.967e-05
ETCUSD,1727971200000,6.667e-05
ETCUSD,1728000000000,3.943e-05
ETCUSD,1728028800000,0.0001
ETCUSD,1728057600001,7.078e-05
ETCUSD,1728086400000,-6.44e-05
ETCUSD,1728115200000,0.0001
ETCUSD,1728144000000,5.197e-05
ETCUSD,1728172800000,0.0001
ETCUSD,1728201600001,0.0001
ETCUSD,1728230400000,2.647e-05
ETCUSD,1728259200000,0.0001
ETCUSD,1728288000000,0.0001
ETCUSD,1728316800001,0.0001
ETCUSD,1728345600000,0.0001
ETCUSD,1728374400000,0.0001
ETCUSD,1728403200000,0.0001
ETCUSD,1728432000000,0.0001
ETCUSD,1728460800000,0.0001
ETCUSD,1728489600000,0.0001
ETCUSD,1728518400000,0.0001
ETCUSD,1728547200000,0.0001
ETCUSD,1728576000000,0.0001
ETCUSD,1728604800000,0.0001
ETCUSD,1728633600000,8.544e-05
ETCUSD,1728662400001,0.0001
ETCUSD,1728691200000,0.0001
ETCUSD,1728720000001,0.0001
ETCUSD,1728748800000,0.0001
ETCUSD,1728777600000,0.0001
ETCUSD,1728806400000,0.0001
ETCUSD,1728835200000,0.0001
ETCUSD,1728864000000,0.0001
ETCUSD,1728892800000,0.0001
ETCUSD,1728921600000,0.0001
ETCUSD,1728950400000,0.0001
ETCUSD,1728979200000,0.0001
ETCUSD,1729008000000,0.0001
ETCUSD,1729036800000,0.0001
ETCUSD,1729065600001,0.0001
ETCUSD,1729094400000,0.0001
ETCUSD,1729123200000,0.0001
ETCUSD,1729152000000,0.0001
ETCUSD,1729180800001,0.0001
ETCUSD,1729209600010,1.603e-05
ETCUSD,1729238400001,0.0001
ETCUSD,1729267200000,0.0001
ETCUSD,1729296000000,0.0001
ETCUSD,1729324800000,0.0001
ETCUSD,1729353600000,0.0001
ETCUSD,1729382400000,0.0001
ETCUSD,1729411200000,0.0001
ETCUSD,1729440000000,0.0001
ETCUSD,1729468800000,0.0001
ETCUSD,1729497600000,0.0001
ETCUSD,1729526400000,0.0001
ETCUSD,1729555200000,0.0001
ETCUSD,1729584000000,0.0001
ETCUSD,1729612800000,0.0001
ETCUSD,1729641600000,0.0001
ETCUSD,1729670400000,0.0001
ETCUSD,1729699200000,5.411e-05
ETCUSD,1729728000000,8.889e-05
ETCUSD,1729756800000,0.0001
ETCUSD,1729785600000,0.0001
ETCUSD,1729814400000,0.0001
ETCUSD,1729843200000,0.0001
ETCUSD,1729872000000,0.0001
ETCUSD,1729900800000,0.0001
ETCUSD,1729929600001,7.901e-05
ETCUSD,1729958400000,5.903e-05
ETCUSD,1729987200000,-0.0001264
ETCUSD,1730016000000,-7.896e-05
ETCUSD,1730044800000,-5.831e-05
ETCUSD,1730073600000,0.0001
ETCUSD,1730102400001,0.0001
ETCUSD,1730131200000,0.0001
ETCUSD,1730160000000,0.0001
ETCUSD,1730188800000,0.0001
ETCUSD,1730217600004,0.0001
ETCUSD,1730246400000,0.0001
ETCUSD,1730275200000,0.0001
ETCUSD,1730304000013,0.0001
ETCUSD,1730332800000,0.0001
ETCUSD,1730361600000,0.0001
ETCUSD,1730390400000,0.0001
ETCUSD,1730419200000,0.0001
ETCUSD,1730448000000,0.0001
ETCUSD,1730476800000,0.0001
ETCUSD,1730505600000,0.0001
ETCUSD,1730534400000,0.0001
ETCUSD,1730563200000,4.43e-05
ETCUSD,1730592000000,-1.364e-05
ETCUSD,1730620800000,-4.962e-05
ETCUSD,1730649600000,-4.996e-05
ETCUSD,1730678400000,6.176e-05
ETCUSD,1730707200000,6.158e-05
ETCUSD,1730736000000,5.376e-05
ETCUSD,1730764800000,9.01e-05
ETCUSD,1730793600003,0.0001
ETCUSD,1730822400001,0.0001
ETCUSD,1730851200000,0.0001
ETCUSD,1730880000000,0.0001
ETCUSD,1730908800000,0.0001
ETCUSD,1730937600000,0.0001
ETCUSD,1730966400000,0.0001
ETCUSD,1730995200000,0.0001
ETCUSD,1731024000000,0.0001
ETCUSD,1731052800000,0.0001
ETCUSD,1731081600000,0.0001
ETCUSD,1731110400000,0.0001
ETCUSD,1731139200000,0.0001
ETCUSD,1731168000000,0.0001
ETCUSD,1731196800000,0.0001
ETCUSD,1731225600000,0.00029253
ETCUSD,1731254400000,0.00025353
ETCUSD,1731283200001,0.00020112
ETCUSD,1731312000000,0.00025987
ETCUSD,1731340800000,0.00012308
ETCUSD,1731369600002,0.00032156
ETCUSD,1731398400000,0.00022867
ETCUSD,1731427200000,0.0001
ETCUSD,1731456000000,0.0001
ETCUSD,1731484800010,0.0001
ETCUSD,1731513600000,0.0001
ETCUSD,1731542400001,0.0001
ETCUSD,1731571200000,0.0001
ETCUSD,1731600000000,0.0001
ETCUSD,1731628800000,0.0001
ETCUSD,1731657600000,0.0001
ETCUSD,1731686400000,0.0001
ETCUSD,1731715200001,0.0001
ETCUSD,1731744000001,0.0001
ETCUSD,1731772800000,0.0001
ETCUSD,1731801600000,0.00017025
ETCUSD,1731830400000,0.0001
ETCUSD,1731859200001,0.0001
ETCUSD,1731888000000,0.0001
ETCUSD,1731916800000,0.0001
ETCUSD,1731945600000,0.0001
ETCUSD,1731974400000,0.0001
ETCUSD,1732003200000,0.0001
ETCUSD,1732032000000,0.0001
ETCUSD,1732060800003,0.0001
ETCUSD,1732089600000,0.0001
ETCUSD,1732118400000,0.0001
ETCUSD,1732147200001,0.0001
ETCUSD,1732176000000,0.0001
ETCUSD,1732204800001,0.0001
ETCUSD,1732233600000,0.00015912
ETCUSD,1732262400000,0.0001
ETCUSD,1732291200001,0.0001
ETCUSD,1732320000000,0.0001
ETCUSD,1732348800000,0.00012064
ETCUSD,1732377600000,0.00030864
ETCUSD,1732406400001,0.00016453
ETCUSD,1732435200000,0.00020602
ETCUSD,1732464000000,0.0001
ETCUSD,1732492800000,0.0001
ETCUSD,1732521600000,0.00013602
ETCUSD,1732550400000,0.00027433
ETCUSD,1732579200000,0.00027909
ETCUSD,1732608000000,0.0001
ETCUSD,1732636800000,0.0001
ETCUSD,1732665600000,0.0001
ETCUSD,1732694400000,0.0001
ETCUSD,1732723200001,0.0001
ETCUSD,1732752000000,0.00021563
ETCUSD,1732780800000,0.00017126
ETCUSD,1732809600000,0.0001
ETCUSD,1732838400000,0.0001
ETCUSD,1732867200000,0.0001
ETCUSD,1732896000000,0.0001
ETCUSD,1732924800000,0.00023575
ETCUSD,1732953600000,0.0003061
ETCUSD,1732982400000,0.00019329
ETCUSD,1733011200000,0.0001
ETCUSD,1733040000000,0.00020692
ETCUSD,1733068800000,0.0002277
ETCUSD,1733097600001,0.00040409
ETCUSD,1733126400001,0.00031138
ETCUSD,1733155200000,0.00022001
ETCUSD,1733184000000,0.00046666
ETCUSD,1733212800000,0.0004559
ETCUSD,1733241600000,0.00016432
ETCUSD,1733270400000,0.00045627
ETCUSD,1733299200000,0.00047854
ETCUSD,1733328000000,0.00055749
ETCUSD,1733356800001,0.00038451
ETCUSD,1733385600000,0.00065995
ETCUSD,1733414400000,0.00052123
ETCUSD,1733443200000,0.00038003
ETCUSD,1733472000000,0.00058912
ETCUSD,1733500800000,0.00010017
ETCUSD,1733529600000,0.00078604
ETCUSD,1733558400000,0.00035427
ETCUSD,1733587200000,0.00023529
ETCUSD,1733616000000,0.00047993
ETCUSD,1733644800000,0.00015434
ETCUSD,1733673600000,0.00012444
ETCUSD,1733702400000,0.00023195
ETCUSD,1733731200000,0.00023198
ETCUSD,1733760000001,0.0001
ETCUSD,1733788800007,0.0001
ETCUSD,1733817600000,0.0001
ETCUSD,1733846400000,0.0001
ETCUSD,1733875200000,0.0001
ETCUSD,1733904000000,0.0001
ETCUSD,1733932800001,0.0001
ETCUSD,1733961600001,0.0001
ETCUSD,1733990400000,0.0001
ETCUSD,1734019200001,0.0001
ETCUSD,1734048000000,0.0001
ETCUSD,1734076800000,0.0001
ETCUSD,1734105600001,0.0001
ETCUSD,1734134400000,0.0001
ETCUSD,1734163200000,0.0001
ETCUSD,1734192000000,0.0001
ETCUSD,1734220800000,0.0001
ETCUSD,1734249600000,0.0001
ETCUSD,1734278400000,0.0001
ETCUSD,1734307200000,0.0001
ETCUSD,1734336000001,0.0001
ETCUSD,1734364800000,0.0001
ETCUSD,1734393600000,0.0001
ETCUSD,1734422400000,0.0001
ETCUSD,1734451200000,0.0001
ETCUSD,1734480000000,0.0001
ETCUSD,1734508800000,0.0001
ETCUSD,1734537600000,0.0001
ETCUSD,1734566400000,0.0001
ETCUSD,1734595200000,0.0001
ETCUSD,1734624000000,0.0001
ETCUSD,1734652800000,0.0001
ETCUSD,1734681600001,8.565e-05
ETCUSD,1734710400014,0.0001
ETCUSD,1734739200000,0.0001
ETCUSD,1734768000000,0.0001
ETCUSD,1734796800001,0.0001
ETCUSD,1734825600000,6.206e-05
ETCUSD,1734854400000,0.0001
ETCUSD,1734883200000,0.0001
ETCUSD,1734912000000,6.812e-05
ETCUSD,1734940800000,0.0001
ETCUSD,1734969600001,0.0001
ETCUSD,1734998400000,0.0001
ETCUSD,1735027200000,0.0001
ETCUSD,1735056000001,0.0001
ETCUSD,1735084800001,0.0001
ETCUSD,1735113600000,0.0001
ETCUSD,1735142400000,0.0001
ETCUSD,1735171200000,0.0001
ETCUSD,1735200000000,0.0001
ETCUSD,1735228800000,0.0001
ETCUSD,1735257600000,0.0001
ETCUSD,1735286400000,0.0001
ETCUSD,1735315200000,0.0001
ETCUSD,1735344000001,0.0001
ETCUSD,1735372800000,0.0001
ETCUSD,1735401600000,0.0001
ETCUSD,1735430400000,0.0001
ETCUSD,1735459200000,0.0001
ETCUSD,1735488000000,0.0001
ETCUSD,1735516800000,0.0001
ETCUSD,1735545600001,0.0001
ETCUSD,1735574400000,0.0001
ETCUSD,1735603200000,0.0001
ETCUSD,1735632000000,0.0001
ETCUSD,1735660800000,0.0001
ETCUSD,1735689600015,0.0001
ETCUSD,1735718400000,0.0001
ETCUSD,1735747200001,0.0001
ETCUSD,1735776000000,0.0001
ETCUSD,1735804800006,0.0001
ETCUSD,1735833600000,0.0001
ETCUSD,1735862400000,0.0001
ETCUSD,1735891200000,0.0001
ETCUSD,1735920000000,0.0001
ETCUSD,1735948800000,0.0001
ETCUSD,1735977600000,0.0001
ETCUSD,1736006400000,0.0001
ETCUSD,1736035200000,0.0001
ETCUSD,1736064000000,0.0001
ETCUSD,1736092800000,0.0001
ETCUSD,1736121600000,0.0001
ETCUSD,1736150400001,0.0001
ETCUSD,1736179200000,0.0001
ETCUSD,1736208000000,0.0001
ETCUSD,1736236800000,0.0001
ETCUSD,1736265600008,0.0001
ETCUSD,1736294400001,0.0001
ETCUSD,1736323200000,0.0001
ETCUSD,1736352000000,5.058e-05
ETCUSD,1736380800000,-7.49e-06
ETCUSD,1736409600000,-1.55e-06
ETCUSD,1736438400000,0.0001
ETCUSD,1736467200000,7.992e-05
ETCUSD,1736496000000,0.0001
ETCUSD,1736524800000,0.0001
ETCUSD,1736553600000,0.0001
ETCUSD,1736582400000,0.0001
ETCUSD,1736611200000,0.0001
ETCUSD,1736640000000,0.0001
ETCUSD,1736668800000,0.0001
ETCUSD,1736697600000,0.0001
ETCUSD,1736726400000,0.0001
ETCUSD,1736755200000,-1.971e-05
ETCUSD,1736784000000,-0.00010416
ETCUSD,1736812800000,-6.985e-05
ETCUSD,1736841600000,-1.938e-05
ETCUSD,1736870400000,0.0001
ETCUSD,1736899200000,0.0001
ETCUSD,1736928000000,0.0001
ETCUSD,1736956800000,0.0001
ETCUSD,1736985600000,0.0001
ETCUSD,1737014400000,0.0001
ETCUSD,1737043200000,0.0001
ETCUSD,1737072000004,0.0001
ETCUSD,1737100800000,0.0001
ETCUSD,1737129600008,0.0001
ETCUSD,1737158400000,0.0001
ETCUSD,1737187200007,0.0001
ETCUSD,1737216000000,0.0001
ETCUSD,1737244800000,0.0001
ETCUSD,1737273600000,0.0001
ETCUSD,1737302400000,0.0001
ETCUSD,1737331200000,0.0001
ETCUSD,1737360000009,0.0001
ETCUSD,1737388800000,0.0001
ETCUSD,1737417600000,0.0001
ETCUSD,1737446400000,0.0001
ETCUSD,1737475200000,0.0001
ETCUSD,1737504000000,0.0001
ETCUSD,1737532800000,0.0001
ETCUSD,1737561600000,0.0001
ETCUSD,1737590400001,0.0001
ETCUSD,1737619200000,0.0001
ETCUSD,1737648000000,0.0001
ETCUSD,1737676800000,0.0001
ETCUSD,1737705600000,0.0001
ETCUSD,1737734400000,0.0001
ETCUSD,1737763200000,0.0001
ETCUSD,1737792000000,0.0001
ETCUSD,1737820800001,4.985e-05
ETCUSD,1737849600000,0.0001
ETCUSD,1737878400000,0.0001
ETCUSD,1737907200000,0.0001
ETCUSD,1737936000000,2.506e-05
ETCUSD,1737964800000,0.0001
ETCUSD,1737993600000,7.357e-05
ETCUSD,1738022400000,0.0001
ETCUSD,1738051200000,0.0001
ETCUSD,1738080000000,0.0001
ETCUSD,1738108800000,0.0001
ETCUSD,1738137600000,0.0001
ETCUSD,1738166400000,0.0001
ETCUSD,1738195200000,5.102e-05
ETCUSD,1738224000000,0.0001
ETCUSD,1738252800000,0.0001
ETCUSD,1738281600000,0.0001
ETCUSD,1738310400000,0.0001
ETCUSD,1738339200000,0.0001
ETCUSD,1738368000000,0.0001
ETCUSD,1738396800000,0.0001
ETCUSD,1738425600000,0.0001
ETCUSD,1738454400001,5.308e-05
ETCUSD,1738483200000,1.372e-05
ETCUSD,1738512000000,2.503e-05
ETCUSD,1738540800000,-3.473e-05
ETCUSD,1738569600000,3.294e-05
ETCUSD,1738598400000,-4.45e-06
ETCUSD,1738627200000,-0.00019477
ETCUSD,1738656000001,-0.00010521
ETCUSD,1738684800000,-4.402e-05
ETCUSD,1738713600001,0.0001
ETCUSD,1738742400001,0.0001
ETCUSD,1738771200000,0.0001
ETCUSD,1738800000001,7.849e-05
ETCUSD,1738828800001,-2.56e-05
ETCUSD,1738857600000,-4.756e-05
ETCUSD,1738886400000,-8.341e-05
ETCUSD,1738915200000,-5.048e-05
ETCUSD,1738944000000,2.247e-05
ETCUSD,1738972800000,5.66e-05
ETCUSD,1739001600000,6.813e-05
ETCUSD,1739030400000,-3.27e-05
ETCUSD,1739059200000,-6.307e-05
ETCUSD,1739088000000,-0.00017163
ETCUSD,1739116800000,0.0001
ETCUSD,1739145600000,-1.023e-05
ETCUSD,1739174400000,0.0001
ETCUSD,1739203200000,0.0001
ETCUSD,1739232000000,4.312e-05
ETCUSD,1739260800000,1.988e-05
ETCUSD,1739289600000,8.215e-05
ETCUSD,1739318400000,-3.766e-05
ETCUSD,1739347200000,4.13e-06
ETCUSD,1739376000001,6.421e-05
ETCUSD,1739404800001,0.0001
ETCUSD,1739433600000,0.0001
ETCUSD,1739462400001,0.0001
ETCUSD,1739491200000,0.0001
ETCUSD,1739520000001,0.0001
ETCUSD,1739548800000,7.658e-05
ETCUSD,1739577600000,8.336e-05
ETCUSD,1739606400000,4.851e-05
ETCUSD,1739635200000,7.38e-06
ETCUSD,1739664000000,-9.754e-05
ETCUSD,1739692800000,-0.00017635
ETCUSD,1739721600000,-5.167e-05
ETCUSD,1739750400000,-1.944e-05
ETCUSD,1739779200000,1.025e-05
ETCUSD,1739808000000,0.0001
ETCUSD,1739836800000,0.0001
ETCUSD,1739865600000,-0.00010355
ETCUSD,1739894400000,-0.00013903
ETCUSD,1739923200000,-6.306e-05
ETCUSD,1739952000000,-2.08e-06
ETCUSD,1739980800000,0.0001
ETCUSD,1740009600000,0.0001
ETCUSD,1740038400000,0.0001
ETCUSD,1740067200000,0.0001
ETCUSD,1740096000001,6.839e-05
ETCUSD,1740124800000,0.0001
ETCUSD,1740153600000,0.0001
ETCUSD,1740182400000,0.0001
ETCUSD,1740211200000,4.106e-05
ETCUSD,1740240000000,6.605e-05
ETCUSD,1740268800000,0.0001
ETCUSD,1740297600000,0.0001
ETCUSD,1740326400000,0.0001
ETCUSD,1740355200000,9.705e-05
ETCUSD,1740384000000,-1.666e-05
ETCUSD,1740412800000,1.136e-05
ETCUSD,1740441600000,-6.214e-05
ETCUSD,1740470400000,1.088e-05
ETCUSD,1740499200000,-0.00013841
ETCUSD,1740528000000,8.505e-05
ETCUSD,1740556800000,4.329e-05
ETCUSD,1740585600000,0.0001
ETCUSD,1740614400001,4.997e-05
ETCUSD,1740643200000,0.0001
ETCUSD,1740672000000,0.0001
ETCUSD,1740700800001,5.22e-05
ETCUSD,1740729600000,-0.00027813
ETCUSD,1740758400000,7.998e-05
ETCUSD,1740787200000,0.0001
ETCUSD,1740816000000,8.002e-05
ETCUSD,1740844800001,0.0001
ETCUSD,1740873600000,0.0001
ETCUSD,1740902400000,0.0001
ETCUSD,1740931200000,0.0001
ETCUSD,1740960000001,0.0001
ETCUSD,1740988800000,0.0001
ETCUSD,1741017600000,0.0001
ETCUSD,1741046400001,3.326e-05
ETCUSD,1741075200005,2.35e-06
ETCUSD,1741104000000,5.253e-05
ETCUSD,1741132800000,0.0001
ETCUSD,1741161600000,-2.639e-05
ETCUSD,1741190400000,0.0001
ETCUSD,1741219200000,0.0001
ETCUSD,1741248000001,6.857e-05
ETCUSD,1741276800000,4.763e-05
ETCUSD,1741305600000,5.555e-05
ETCUSD,1741334400001,8.457e-05
ETCUSD,1741363200000,0.0001
ETCUSD,1741392000000,9.376e-05
ETCUSD,1741420800001,2.972e-05
ETCUSD,1741449600001,2.168e-05
ETCUSD,1741478400001,6.041e-05
ETCUSD,1741507200000,-3.347e-05
ETCUSD,1741536000000,-5.651e-05
ETCUSD,1741564800000,-0.00038997
ETCUSD,1741593600000,-1.206e-05
ETCUSD,1741622400000,2.4e-06
ETCUSD,1741651200000,-5.899e-05
ETCUSD,1741680000000,4.249e-05
ETCUSD,1741708800001,-4.667e-05
ETCUSD,1741737600000,3.694e-05
ETCUSD,1741766400000,0.0001
ETCUSD,1741795200001,4.103e-05
ETCUSD,1741824000000,0.0001
ETCUSD,1741852800000,8.312e-05
ETCUSD,1741881600000,7.459e-05
ETCUSD,1741910400000,6.929e-05
ETCUSD,1741939200000,3.691e-05
ETCUSD,1741968000000,9.654e-05
ETCUSD,1741996800000,2.307e-05
ETCUSD,1742025600000,-3.776e-05
ETCUSD,1742054400000,-1.976e-05
ETCUSD,1742083200000,-8.71e-06
ETCUSD,1742112000000,0.0001
ETCUSD,1742140800000,-0.00015344
ETCUSD,1742169600000,1.58e-05
ETCUSD,1742198400000,0.0001
ETCUSD,1742227200000,0.0001
ETCUSD,1742256000000,5.473e-05
ETCUSD,1742284800000,5.69e-06
ETCUSD,1742313600000,-0.00012897
ETCUSD,1742342400000,-2.891e-05
ETCUSD,1742371200000,9.199e-05
ETCUSD,1742400000000,0.0001
ETCUSD,1742428800000,0.0001
ETCUSD,1742457600000,8.82e-06
ETCUSD,1742486400000,-3.897e-05
ETCUSD,1742515200000,3.799e-05
ETCUSD,1742544000000,0.0001
ETCUSD,1742572800000,-5.617e-05
ETCUSD,1742601600000,-0.00012214
ETCUSD,1742630400004,9.192e-05
ETCUSD,1742659200000,5.299e-05
ETCUSD,1742688000000,0.0001
ETCUSD,1742716800000,-2.012e-05
ETCUSD,1742745600000,2.984e-05
ETCUSD,1742774400000,4.657e-05
ETCUSD,1742803200000,0.0001
ETCUSD,1742832000000,0.0001
ETCUSD,1742860800001,0.0001
ETCUSD,1742889600000,0.0001
ETCUSD,1742918400000,0.0001
ETCUSD,1742947200000,0.0001
ETCUSD,1742976000000,0.0001
ETCUSD,1743004800001,0.0001
ETCUSD,1743033600001,0.0001
ETCUSD,1743062400001,0.0001
ETCUSD,1743091200002,0.0001
ETCUSD,1743120000001,-3.79e-06
ETCUSD,1743148800001,-2.482e-05
ETCUSD,1743177600000,-3.012e-05
ETCUSD,1743206400000,-8.974e-05
ETCUSD,1743235200000,5.5e-05
ETCUSD,1743264000000,-1.895e-05
ETCUSD,1743292800000,-0.00011743
ETCUSD,1743321600000,8.93e-06
ETCUSD,1743350400000,-4.542e-05
ETCUSD,1743379200000,-2.095e-05
ETCUSD,1743408000000,-1.498e-05
ETCUSD,1743436800000,5.178e-05
ETCUSD,1743465600000,1.222e-05
ETCUSD,1743494400001,5.351e-05
ETCUSD,1743523200000,0.0001
ETCUSD,1743552000001,-5.35e-05
ETCUSD,1743580800000,2.6e-05
ETCUSD,1743609600000,6.735e-05
ETCUSD,1743638400000,-1.394e-05
ETCUSD,1743667200000,6.706e-05
ETCUSD,1743696000000,-5.6e-07
ETCUSD,1743724800000,-5.079e-05
ETCUSD,1743753600000,3.996e-05
ETCUSD,1743782400000,8.389e-05
ETCUSD,1743811200000,5.255e-05
ETCUSD,1743840000000,0.0001
ETCUSD,1743868800000,0.0001
ETCUSD,1743897600000,-7.308e-05
ETCUSD,1743926400000,8.118e-05
ETCUSD,1743955200002,-3.357e-05
ETCUSD,1743984000000,6.194e-05
ETCUSD,1744012800000,-9.26e-06
ETCUSD,1744041600000,0.0001
ETCUSD,1744070400000,6.024e-05
ETCUSD,1744099200000,2.13e-05
ETCUSD,1744128000000,-2.21e-06
ETCUSD,1744156800000,3.633e-05
ETCUSD,1744185600001,2.894e-05
ETCUSD,1744214400000,9.617e-05
ETCUSD,1744243200000,0.0001
ETCUSD,1744272000000,3.246e-05
ETCUSD,1744300800000,-1.996e-05
ETCUSD,1744329600001,7.994e-05
ETCUSD,1744358400000,0.0001
ETCUSD,1744387200000,4.384e-05
ETCUSD,1744416000000,3.598e-05
ETCUSD,1744444800001,-4.261e-05
ETCUSD,1744473600000,3.955e-05
ETCUSD,1744502400000,5.18e-05
ETCUSD,1744531200000,7.144e-05
ETCUSD,1744560000000,7.663e-05
ETCUSD,1744588800000,0.0001
ETCUSD,1744617600000,4.742e-05
ETCUSD,1744646400000,3.864e-05
ETCUSD,1744675200000,-3.647e-05
ETCUSD,1744704000000,-1.24e-06
ETCUSD,1744732800001,-6.98e-06
ETCUSD,1744761600000,7.045e-05
ETCUSD,1744790400000,4.645e-05
ETCUSD,1744819200000,7.29e-05
ETCUSD,1744848000001,5.092e-05
ETCUSD,1744876800000,8.47e-05
ETCUSD,1744905600001,4.884e-05
ETCUSD,1744934400000,0.0001
ETCUSD,1744963200000,6.384e-05
ETCUSD,1744992000000,0.0001
ETCUSD,1745020800000,8.908e-05
ETCUSD,1745049600000,5.407e-05
ETCUSD,1745078400000,8.293e-05
ETCUSD,1745107200000,4.284e-05
ETCUSD,1745136000000,0.0001
ETCUSD,1745164800000,9.497e-05
ETCUSD,1745193600000,8.667e-05
ETCUSD,1745222400005,5.908e-05
ETCUSD,1745251200003,-7.36e-06
ETCUSD,1745280000008,-1.92e-05
ETCUSD,1745308800000,-0.00016998
ETCUSD,1745337600000,2.199e-05
ETCUSD,1745366400000,8.575e-05
ETCUSD,1745395200002,-1.83e-06
ETCUSD,1745424000000,0.0001
ETCUSD,1745452800000,0.0001
ETCUSD,1745481600001,0.0001
ETCUSD,1745510400001,2.89e-05
ETCUSD,1745539200007,0.0001
ETCUSD,1745568000002,0.0001
ETCUSD,1745596800003,0.0001
ETCUSD,1745625600002,6.041e-05
ETCUSD,1745654400000,5.918e-05
ETCUSD,1745683200002,4.828e-05
ETCUSD,1745712000001,-6.221e-05
ETCUSD,1745740800000,4.097e-05
ETCUSD,1745769600000,6.101e-05
ETCUSD,1745798400001,-6.594e-05
ETCUSD,1745827200003,0.0001
ETCUSD,1745856000005,-6.814e-05
ETCUSD,1745884800000,5.472e-05
ETCUSD,1745913600000,0.0001
ETCUSD,1745942400010,4.45e-06
ETCUSD,1745971200001,-8.976e-05
ETCUSD,1746000000000,-0.00010145
ETCUSD,1746028800003,-2.362e-05
ETCUSD,1746057600000,5.378e-05
ETCUSD,1746086400000,7.714e-05
ETCUSD,1746115200001,8.07e-05
ETCUSD,1746144000000,0.0001
ETCUSD,1746172800000,0.0001
ETCUSD,1746201600003,7.558e-05
ETCUSD,1746230400000,0.0001
ETCUSD,1746259200000,9.567e-05
ETCUSD,1746288000000,-6.511e-05
ETCUSD,1746316800001,-0.00010833
ETCUSD,1746345600001,-0.00011789
ETCUSD,1746374400002,-0.0002412
ETCUSD,1746403200000,4.9e-05
ETCUSD,1746432000000,-1.982e-05
ETCUSD,1746460800006,7.072e-05
ETCUSD,1746489600002,-8.404e-05
ETCUSD,1746518400005,9.861e-05
ETCUSD,1746547200000,-6.11e-06
ETCUSD,1746576000002,1.128e-05
ETCUSD,1746604800000,1.322e-05
ETCUSD,1746633600006,-5.527e-05
ETCUSD,1746662400000,-2.84e-06
ETCUSD,1746691200001,0.0001
ETCUSD,1746720000002,0.0001
ETCUSD,1746748800001,0.0001
ETCUSD,1746777600006,0.0001
ETCUSD,1746806400000,0.0001
ETCUSD,1746835200001,0.0001
ETCUSD,1746864000000,0.0001
ETCUSD,1746892800001,0.0001
ETCUSD,1746921600000,0.0001
ETCUSD,1746950400001,0.0001
ETCUSD,1746979200001,0.0001
ETCUSD,1747008000004,0.0001
ETCUSD,1747036800000,0.0001
ETCUSD,1747065600000,0.0001
ETCUSD,1747094400000,0.0001
ETCUSD,1747123200008,0.0001
ETCUSD,1747152000001,0.0001
ETCUSD,1747180800007,0.0001
ETCUSD,1747209600000,0.0001
ETCUSD,1747238400002,6.188e-05
ETCUSD,1747267200000,0.0001
ETCUSD,1747296000003,0.0001
ETCUSD,1747324800000,1.378e-05
ETCUSD,1747353600001,8.752e-05
ETCUSD,1747382400000,7.624e-05
ETCUSD,1747411200000,0.0001
ETCUSD,1747440000000,8.89e-06
ETCUSD,1747468800001,1.797e-05
ETCUSD,1747497600004,6.479e-05
ETCUSD,1747526400000,5.632e-05
ETCUSD,1747555200000,9.431e-05
ETCUSD,1747584000000,-2.736e-05
ETCUSD,1747612800000,-7.82e-06
ETCUSD,1747641600006,1.994e-05
ETCUSD,1747670400010,9.568e-05
ETCUSD,1747699200000,0.0001
ETCUSD,1747728000002,0.0001
ETCUSD,1747756800000,5.566e-05
ETCUSD,1747785600000,0.0001
ETCUSD,1747814400001,0.0001
ETCUSD,1747843200004,0.0001
ETCUSD,1747872000001,0.0001
ETCUSD,1747900800000,0.0001
ETCUSD,1747929600002,0.0001
ETCUSD,1747958400006,0.0001
ETCUSD,1747987200000,0.0001
ETCUSD,1748016000007,0.0001
ETCUSD,1748044800010,0.0001
ETCUSD,1748073600000,9.573e-05
ETCUSD,1748102400003,8.425e-05
ETCUSD,1748131200004,0.0001
ETCUSD,1748160000000,5.747e-05
ETCUSD,1748188800000,5.688e-05
ETCUSD,1748217600000,8.25e-06
ETCUSD,1748246400000,7.038e-05
ETCUSD,1748275200002,0.0001
ETCUSD,1748304000003,6.19e-05
ETCUSD,1748332800001,7.418e-05
ETCUSD,1748361600005,0.0001
ETCUSD,1748390400002,0.0001
ETCUSD,1748419200003,0.0001
ETCUSD,1748448000002,0.0001
ETCUSD,1748476800000,0.0001
ETCUSD,1748505600006,0.0001
ETCUSD,1748534400000,0.0001
ETCUSD,1748563200003,-9.32e-06
ETCUSD,1748592000003,-8.54e-05
ETCUSD,1748620800000,-7.626e-05
ETCUSD,1748649600000,-0.0001082
ETCUSD,1748678400000,-4.829e-05
ETCUSD,1748707200000,-3.636e-05
ETCUSD,1748736000001,-4.78e-05
ETCUSD,1748764800002,-3.811e-05
ETCUSD,1748793600000,5.784e-05
ETCUSD,1748822400001,3.653e-05
ETCUSD,1748851200000,7.01e-05
ETCUSD,1748880000000,2.829e-05
ETCUSD,1748908800000,0.0001
ETCUSD,1748937600000,8.141e-05
ETCUSD,1748966400001,5.621e-05
ETCUSD,1748995200000,7.192e-05
ETCUSD,1749024000000,0.0001
ETCUSD,1749052800000,8.058e-05
ETCUSD,1749081600016,-2.94e-06
ETCUSD,1749110400000,2.72e-05
ETCUSD,1749139200000,-7.858e-05
ETCUSD,1749168000002,-0.00021595
ETCUSD,1749196800000,-9.932e-05
ETCUSD,1749225600006,5.896e-05
ETCUSD,1749254400000,1.322e-05
ETCUSD,1749283200000,4.665e-05
ETCUSD,1749312000002,0.0001
ETCUSD,1749340800000,0.0001
ETCUSD,1749369600000,0.0001
ETCUSD,1749398400000,0.0001
ETCUSD,1749427200000,0.0001
ETCUSD,1749456000001,-9.431e-05
ETCUSD,1749484800001,0.0001
ETCUSD,1749513600000,0.0001
ETCUSD,1749542400001,0.0001
ETCUSD,1749571200003,0.0001
ETCUSD,1749600000000,0.0001
ETCUSD,1749628800000,0.0001
ETCUSD,1749657600010,0.0001
ETCUSD,1749686400002,0.0001
ETCUSD,1749715200003,5.969e-05
ETCUSD,1749744000001,-2.088e-05
ETCUSD,1749772800000,4.323e-05
ETCUSD,1749801600001,-0.00024716
ETCUSD,1749830400004,-9.62e-06
ETCUSD,1749859200000,5.55e-05
ETCUSD,1749888000000,2.082e-05
ETCUSD,1749916800000,9.77e-05
ETCUSD,1749945600005,-2.659e-05
ETCUSD,1749974400009,-4.687e-05
ETCUSD,1750003200000,-6.353e-05
ETCUSD,1750032000000,1.507e-05
ETCUSD,1750060800000,5.667e-05
ETCUSD,1750089600003,8.377e-05
ETCUSD,1750118400000,0.0001
ETCUSD,1750147200006,5.59e-06
ETCUSD,1750176000001,-6.655e-05
ETCUSD,1750204800001,-3.648e-05
ETCUSD,1750233600001,-4.235e-05
ETCUSD,1750262400001,-2.99e-05
ETCUSD,1750291200005,-7.793e-05
ETCUSD,1750320000003,4.576e-05
ETCUSD,1750348800000,1.177e-05
ETCUSD,1750377600000,6.953e-05
ETCUSD,1750406400002,0.0001
ETCUSD,1750435200001,3.668e-05
ETCUSD,1750464000002,-4.545e-05
ETCUSD,1750492800005,-0.00019136
ETCUSD,1750521600000,-7.852e-05
ETCUSD,1750550400005,1.846e-05
ETCUSD,1750579200000,-3.753e-05
ETCUSD,1750608000003,-4.036e-05
ETCUSD,1750636800000,-3.04e-05
ETCUSD,1750665600004,-5.742e-05
ETCUSD,1750694400013,-3.28e-06
ETCUSD,1750723200003,0.0001
ETCUSD,1750752000000,0.0001
ETCUSD,1750780800000,6.82e-05
ETCUSD,1750809600005,0.0001
ETCUSD,1750838400000,0.0001
ETCUSD,1750867200005,3.566e-05
ETCUSD,1750896000000,5.939e-05
ETCUSD,1750924800006,2.763e-05
ETCUSD,1750953600007,3.47e-05
ETCUSD,1750982400000,-4.357e-05
ETCUSD,1751011200000,-3.434e-05
ETCUSD,1751040000009,1.652e-05
ETCUSD,1751068800001,3.927e-05
ETCUSD,1751097600002,2.068e-05
ETCUSD,1751126400000,4.719e-05
ETCUSD,1751155200004,8.95e-06
ETCUSD,1751184000001,5.48e-06
ETCUSD,1751212800001,6.631e-05
ETCUSD,1751241600000,0.0001
ETCUSD,1751270400005,-0.00014831
ETCUSD,1751299200002,-0.00011564
ETCUSD,1751328000007,5.932e-05
ETCUSD,1751356800002,-1.369e-05
ETCUSD,1751385600000,-0.00012306
ETCUSD,1751414400001,-9.483e-05
ETCUSD,1751443200000,-2.139e-05
ETCUSD,1751472000003,0.0001
ETCUSD,1751500800006,0.0001
ETCUSD,1751529600003,0.0001
ETCUSD,1751558400003,0.0001
ETCUSD,1751587200005,0.0001
ETCUSD,1751616000003,0.0001
ETCUSD,1751644800001,7.537e-05
ETCUSD,1751673600004,2.855e-05
ETCUSD,1751702400009,-0.00012774
ETCUSD,1751731200006,-5.035e-05
ETCUSD,1751760000001,-2.974e-05
ETCUSD,1751788800002,-7.615e-05
ETCUSD,1751817600004,1.45e-05
ETCUSD,1751846400000,0.0001
ETCUSD,1751875200007,0.0001
ETCUSD,1751904000000,5.421e-05
ETCUSD,1751932800010,0.0001
ETCUSD,1751961600003,9.45e-06
ETCUSD,1751990400000,5.419e-05
ETCUSD,1752019200002,7.707e-05
ETCUSD,1752048000006,6.231e-05
ETCUSD,1752076800001,0.0001
ETCUSD,1752105600003,0.0001
ETCUSD,1752134400000,0.0001
ETCUSD,1752163200004,0.0001
ETCUSD,1752192000004,0.0001
ETCUSD,1752220800007,0.0001
ETCUSD,1752249600001,0.0001
ETCUSD,1752278400000,0.0001
ETCUSD,1752307200001,0.0001
ETCUSD,1752336000002,0.0001
ETCUSD,1752364800006,0.0001
ETCUSD,1752393600001,0.0001
ETCUSD,1752422400003,0.0001
ETCUSD,1752451200000,0.0001
ETCUSD,1752480000000,0.0001
ETCUSD,1752508800000,0.0001
ETCUSD,1752537600002,0.0001
ETCUSD,1752566400000,0.0001
ETCUSD,1752595200000,0.0001
ETCUSD,1752624000000,0.0001
ETCUSD,1752652800000,0.0001
ETCUSD,1752681600008,0.0001
ETCUSD,1752710400003,0.0001
ETCUSD,1752739200000,0.0001
ETCUSD,1752768000000,0.0001
ETCUSD,1752796800004,0.0001
ETCUSD,1752825600000,0.0001
ETCUSD,1752854400000,0.0001
ETCUSD,1752883200009,0.0001
ETCUSD,1752912000000,0.0001
ETCUSD,1752940800002,0.0001
ETCUSD,1752969600000,4.327e-05
ETCUSD,1752998400000,0.0001
ETCUSD,1753027200000,0.0001
ETCUSD,1753056000001,0.0001
ETCUSD,1753084800000,0.0001
ETCUSD,1753113600001,0.0001
ETCUSD,1753142400000,0.0001
ETCUSD,1753171200010,0.0001
ETCUSD,1753200000007,0.0001
ETCUSD,1753228800000,0.0001
ETCUSD,1753257600004,0.0001
ETCUSD,1753286400002,0.0001
ETCUSD,1753315200000,0.0001
ETCUSD,1753344000001,0.0001
ETCUSD,1753372800000,0.0001
ETCUSD,1753401600000,0.0001
ETCUSD,1753430400000,0.0001
ETCUSD,1753459200000,0.0001
ETCUSD,1753488000001,0.0001
ETCUSD,1753516800005,0.0001
ETCUSD,1753545600001,0.0001
ETCUSD,1753574400001,0.0001
ETCUSD,1753603200000,0.0001
ETCUSD,1753632000008,0.0001
ETCUSD,1753660800005,0.0001
ETCUSD,1753689600000,0.0001
ETCUSD,1753718400000,0.0001
ETCUSD,1753747200001,0.0001
ETCUSD,1753776000000,0.0001
ETCUSD,1753804800000,0.0001
ETCUSD,1753833600011,0.0001
ETCUSD,1753862400000,0.0001
ETCUSD,1753891200008,8.394e-05
ETCUSD,1753920000000,0.0001
ETCUSD,1753948800009,0.0001
ETCUSD,1753977600000,4.729e-05
ETCUSD,1754006400001,8.565e-05
ETCUSD,1754035200003,5.753e-05
ETCUSD,1754064000000,8.904e-05
ETCUSD,1754092800004,0.0001
ETCUSD,1754121600000,0.0001
ETCUSD,1754150400000,0.0001
ETCUSD,1754179200000,0.0001
ETCUSD,1754208000000,8.771e-05
ETCUSD,1754236800003,8.056e-05
ETCUSD,1754265600004,-2.137e-05
ETCUSD,1754294400000,1.9e-06
ETCUSD,1754323200002,0.0001
ETCUSD,1754352000000,-8.32e-06
ETCUSD,1754380800000,0.0001
ETCUSD,1754409600000,0.0001
ETCUSD,1754438400005,9.749e-05
ETCUSD,1754467200000,0.0001
ETCUSD,1754496000000,0.0001
ETCUSD,1754524800003,2.726e-05
ETCUSD,1754553600002,3.002e-05
ETCUSD,1754582400002,5.764e-05
ETCUSD,1754611200002,0.0001
ETCUSD,1754640000004,8.218e-05
ETCUSD,1754668800000,5.337e-05
ETCUSD,1754697600005,0.0001
ETCUSD,1754726400000,0.0001
ETCUSD,1754755200007,0.0001
ETCUSD,1754784000003,0.0001
ETCUSD,1754812800005,0.0001
ETCUSD,1754841600002,0.0001
ETCUSD,1754870400000,0.0001
ETCUSD,1754899200000,0.0001
ETCUSD,1754928000000,0.0001
ETCUSD,1754956800000,0.0001
ETCUSD,1754985600001,0.0001
ETCUSD,1755014400005,8.142e-05
ETCUSD,1755043200000,0.0001
ETCUSD,1755072000002,0.0001
ETCUSD,1755100800006,0.0001
ETCUSD,1755129600002,0.0001
ETCUSD,1755158400003,0.0001
ETCUSD,1755187200000,0.0001
ETCUSD,1755216000000,0.0001
ETCUSD,1755244800000,-1.785e-05
ETCUSD,1755273600000,8.049e-05
ETCUSD,1755302400004,5.946e-05
ETCUSD,1755331200000,0.0001
ETCUSD,1755360000002,0.0001
ETCUSD,1755388800000,0.0001
ETCUSD,1755417600001,0.0001
ETCUSD,1755446400007,9.392e-05
ETCUSD,1755475200000,9.477e-05
ETCUSD,1755504000001,5.648e-05
ETCUSD,1755532800002,3.698e-05
ETCUSD,1755561600000,4.558e-05
ETCUSD,1755590400001,0.0001
ETCUSD,1755619200000,0.0001
ETCUSD,1755648000000,4.601e-05
ETCUSD,1755676800000,1.221e-05
ETCUSD,1755705600000,6.644e-05
ETCUSD,1755734400006,9.396e-05
ETCUSD,1755763200000,0.0001
ETCUSD,1755792000003,9.343e-05
ETCUSD,1755820800010,0.0001
ETCUSD,1755849600007,1.674e-05
ETCUSD,1755878400001,4.708e-05
ETCUSD,1755907200004,0.0001
ETCUSD,1755936000006,0.0001
ETCUSD,1755964800000,0.0001
ETCUSD,1755993600001,0.0001
ETCUSD,1756022400002,0.0001
ETCUSD,1756051200001,0.0001
ETCUSD,1756080000000,0.0001
ETCUSD,1756108800002,0.0001
ETCUSD,1756137600002,2.024e-05
ETCUSD,1756166400000,0.0001
ETCUSD,1756195200000,7.339e-05
ETCUSD,1756224000000,-2.824e-05
ETCUSD,1756252800003,-5.04e-05
ETCUSD,1756281600000,5.329e-05
ETCUSD,1756310400009,-9.6e-06
ETCUSD,1756339200000,0.0001
ETCUSD,1756368000005,0.0001
ETCUSD,1756396800004,0.0001
ETCUSD,1756425600000,0.0001
ETCUSD,1756454400000,0.0001
ETCUSD,1756483200005,0.0001
ETCUSD,1756512000000,7.643e-05
ETCUSD,1756540800002,0.0001
ETCUSD,1756569600003,0.0001
ETCUSD,1756598400016,0.0001
ETCUSD,1756627200000,0.0001
ETCUSD,1756656000001,0.0001
ETCUSD,1756684800000,0.0001
ETCUSD,1756713600000,0.0001
ETCUSD,1756742400001,5.208e-05
ETCUSD,1756771200000,1.361e-05
ETCUSD,1756800000005,9.593e-05
ETCUSD,1756828800007,0.0001
ETCUSD,1756857600006,0.0001
ETCUSD,1756886400002,0.0001
ETCUSD,1756915200002,6.936e-05
ETCUSD,1756944000002,0.0001
ETCUSD,1756972800000,-0.00013764
ETCUSD,1757001600000,2.375e-05
ETCUSD,1757030400001,-7.89e-06
ETCUSD,1757059200006,9.61e-05
ETCUSD,1757088000000,0.0001
ETCUSD,1757116800000,5.918e-05
ETCUSD,1757145600005,3.736e-05
ETCUSD,1757174400000,1.98e-05
ETCUSD,1757203200000,3.57e-05
ETCUSD,1757232000000,5.013e-05
ETCUSD,1757260800000,6.943e-05
ETCUSD,1757289600007,3.805e-05
ETCUSD,1757318400000,6.283e-05
ETCUSD,1757347200000,0.0001
ETCUSD,1757376000000,0.0001
ETCUSD,1757404800000,0.0001
ETCUSD,1757433600000,0.0001
ETCUSD,1757462400000,-8.009e-05
ETCUSD,1757491200002,5.331e-05
ETCUSD,1757520000000,0.0001
ETCUSD,1757548800000,0.0001
ETCUSD,1757577600000,0.0001
ETCUSD,1757606400001,0.0001
ETCUSD,1757635200002,0.0001
ETCUSD,1757664000001,0.0001
ETCUSD,1757692800005,0.0001
ETCUSD,1757721600005,0.0001
ETCUSD,1757750400002,0.0001
ETCUSD,1757779200000,0.0001
ETCUSD,1757808000006,0.0001
ETCUSD,1757836800000,0.0001
ETCUSD,1757865600001,5.97e-06
ETCUSD,1757894400006,-4.47e-05
ETCUSD,1757923200002,6.468e-05
ETCUSD,1757952000001,-0.00017773
ETCUSD,1757980800001,-0.00021681
ETCUSD,1758009600000,3.382e-05
ETCUSD,1758038400000,-7.779e-05
ETCUSD,1758067200001,5.793e-05
ETCUSD,1758096000000,5.728e-05
ETCUSD,1758124800003,-2.973e-05
ETCUSD,1758153600006,0.0001
ETCUSD,1758182400002,0.0001
ETCUSD,1758211200000,0.0001
ETCUSD,1758240000000,0.0001
ETCUSD,1758268800005,0.0001
ETCUSD,1758297600000,4.893e-05
ETCUSD,1758326400000,-4.587e-05
ETCUSD,1758355200000,-3.022e-05
ETCUSD,1758384000002,-4.616e-05
ETCUSD,1758412800000,-3.285e-05
ETCUSD,1758441600000,8.038e-05
ETCUSD,1758470400000,-6.697e-05
ETCUSD,1758499200005,-8.572e-05
ETCUSD,1758528000003,-1.05e-05
ETCUSD,1758556800000,-0.00017412
ETCUSD,1758585600000,-1.018e-05
ETCUSD,1758614400001,-1.538e-05
ETCUSD,1758643200000,-2.774e-05
ETCUSD,1758672000003,6.256e-05
ETCUSD,1758700800001,8.556e-05
ETCUSD,1758729600002,0.0001
ETCUSD,1758758400000,6.251e-05
ETCUSD,1758787200001,3.536e-05
ETCUSD,1758816000000,0.0001
ETCUSD,1758844800000,0.0001
ETCUSD,1758873600000,9.439e-05
ETCUSD,1758902400008,9.418e-05
ETCUSD,1758931200000,8.664e-05
ETCUSD,1758960000010,7.159e-05
ETCUSD,1758988800003,0.0001
ETCUSD,1759017600000,0.0001
ETCUSD,1759046400000,8.038e-05
ETCUSD,1759075200000,6.471e-05
ETCUSD,1759104000000,0.0001
ETCUSD,1759132800002,7.998e-05
ETCUSD,1759161600001,0.0001
ETCUSD,1759190400002,0.0001
ETCUSD,1759219200005,0.0001
ETCUSD,1759248000000,-1.231e-05
ETCUSD,1759276800000,0.0001
ETCUSD,1759305600000,9.496e-05
ETCUSD,1759334400000,0.0001
ETCUSD,1759363200000,0.0001
ETCUSD,1759392000013,0.0001
ETCUSD,1759420800000,9.198e-05
ETCUSD,1759449600006,0.0001
ETCUSD,1759478400006,0.0001
ETCUSD,1759507200000,5.702e-05
ETCUSD,1759536000001,0.0001
ETCUSD,1759564800000,0.0001
ETCUSD,1759593600000,2.987e-05
ETCUSD,1759622400000,0.0001
ETCUSD,1759651200003,0.0001
ETCUSD,1759680000009,0.0001
ETCUSD,1759708800004,2.972e-05
ETCUSD,1759737600002,0.0001
ETCUSD,1759766400004,0.0001
ETCUSD,1759795200000,0.0001
ETCUSD,1759824000003,0.0001
ETCUSD,1759852800000,0.0001
ETCUSD,1759881600000,0.0001
ETCUSD,1759910400006,0.0001
ETCUSD,1759939200002,0.0001
ETCUSD,1759968000001,0.0001
ETCUSD,1759996800000,0.0001
ETCUSD,1760025600000,3.981e-05
ETCUSD,1760054400005,0.0001
ETCUSD,1760083200002,0.0001
ETCUSD,1760112000014,9.208e-05
ETCUSD,1760140800000,-0.00088868
ETCUSD,1760169600003,-0.00010373
ETCUSD,1760198400000,-0.00015841
ETCUSD,1760227200004,-0.00043708
ETCUSD,1760256000002,-0.00028032
ETCUSD,1760284800000,-0.00024412
ETCUSD,1760313600003,3.425e-05
ETCUSD,1760342400002,-2.138e-05
ETCUSD,1760371200003,6.172e-05
ETCUSD,1760400000000,-0.00038111
ETCUSD,1760428800000,-8.701e-05
ETCUSD,1760457600000,-0.00014981
ETCUSD,1760486400006,-9.315e-05
ETCUSD,1760515200002,-2.908e-05
ETCUSD,1760544000000,2.12e-06
ETCUSD,1760572800000,-1.495e-05
ETCUSD,1760601600003,-5.585e-05
ETCUSD,1760630400002,-2.114e-05
ETCUSD,1760659200001,2.695e-05
ETCUSD,1760688000005,2.177e-05
ETCUSD,1760716800003,-8.901e-05
ETCUSD,1760745600000,-9.404e-05
ETCUSD,1760774400002,-0.00013881
ETCUSD,1760803200001,-2.68e-05
ETCUSD,1760832000001,-4.463e-05
ETCUSD,1760860800001,-0.00010603
ETCUSD,1760889600001,-7.776e-05
ETCUSD,1760918400004,-3.762e-05
ETCUSD,1760947200001,4e-06
ETCUSD,1760976000000,-2.82e-06
ETCUSD,1761004800009,-9.581e-05
ETCUSD,1761033600000,-6.931e-05
ETCUSD,1761062400000,6.315e-05
ETCUSD,1761091200004,0.0001
ETCUSD,1761120000000,-7.178e-05
ETCUSD,1761148800000,-9.94e-06
ETCUSD,1761177600000,2.513e-05
ETCUSD,1761206400001,-6.717e-05
ETCUSD,1761235200004,0.0001
ETCUSD,1761264000000,9.362e-05
ETCUSD,1761292800000,-1.035e-05
ETCUSD,1761321600009,6.086e-05
ETCUSD,1761350400000,1.792e-05
ETCUSD,1761379200001,4.534e-05
ETCUSD,1761408000001,7.593e-05
ETCUSD,1761436800001,5.361e-05
ETCUSD,1761465600001,6.15e-05
ETCUSD,1761494400000,-1.537e-05
ETCUSD,1761523200000,-1.192e-05
ETCUSD,1761552000005,2.937e-05
ETCUSD,1761580800000,7.285e-05
ETCUSD,1761609600000,0.0001
ETCUSD,1761638400000,4.469e-05
ETCUSD,1761667200004,5.402e-05
ETCUSD,1761696000004,-0.00016006
ETCUSD,1761724800005,9.184e-05
ETCUSD,1761753600000,8.819e-05
ETCUSD,1761782400004,9.758e-05
ETCUSD,1761811200008,1.717e-05
ETCUSD,1761840000001,-0.00017722
ETCUSD,1761868800000,-0.00040924
ETCUSD,1761897600008,3.819e-05
ETCUSD,1761926400007,7.96e-06
ETCUSD,1761955200001,-3.977e-05
ETCUSD,1761984000000,-0.00011757
ETCUSD,1762012800000,0.0001
ETCUSD,1762041600007,8.295e-05
ETCUSD,1762070400000,7.12e-06
ETCUSD,1762099200001,3.912e-05
ETCUSD,1762128000000,3.122e-05
ETCUSD,1762156800010,-0.00016948
ETCUSD,1762185600000,-0.00026021
ETCUSD,1762214400002,-0.00028378
ETCUSD,1762243200004,-0.00012739
ETCUSD,1762272000000,-9.706e-05
ETCUSD,1762300800000,-0.00012294
ETCUSD,1762329600000,-2.243e-05
ETCUSD,1762358400004,-0.00013318
ETCUSD,1762387200001,-2.473e-05
ETCUSD,1762416000000,-0.00013709
ETCUSD,1762444800001,-0.0001771
ETCUSD,1762473600005,-2.43e-05
ETCUSD,1762502400003,-9.978e-05
ETCUSD,1762531200005,-2.856e-05
ETCUSD,1762560000011,0.0001
ETCUSD,1762588800015,0.0001
ETCUSD,1762617600001,0.0001
ETCUSD,1762646400004,1.634e-05
ETCUSD,1762675200000,0.0001
ETCUSD,1762704000005,-2.046e-05
ETCUSD,1762732800000,3.303e-05
ETCUSD,1762761600000,-8.032e-05
ETCUSD,1762790400003,-7e-07
ETCUSD,1762819200007,0.0001
ETCUSD,1762848000000,8.788e-05
ETCUSD,1762876800009,0.0001
ETCUSD,1762905600000,3.654e-05
ETCUSD,1762934400002,2.039e-05
ETCUSD,1762963200000,5.461e-05
ETCUSD,1762992000002,-0.00010438
ETCUSD,1763020800000,3.131e-05
ETCUSD,1763049600001,1.806e-05
ETCUSD,1763078400000,-0.00010528
ETCUSD,1763107200000,-3.969e-05
ETCUSD,1763136000001,8.2e-06
ETCUSD,1763164800005,-0.00015986
ETCUSD,1763193600000,-0.00016854
ETCUSD,1763222400001,-0.00024905
ETCUSD,1763251200001,-0.00012376
ETCUSD,1763280000000,-0.00014311
ETCUSD,1763308800000,-0.00014888
ETCUSD,1763337600003,-0.00019784
ETCUSD,1763366400003,3.982e-05
ETCUSD,1763395200000,0.0001
ETCUSD,1763424000002,-0.00022573
ETCUSD,1763452800004,6.33e-06
ETCUSD,1763481600000,1.309e-05
ETCUSD,1763510400000,9.679e-05
ETCUSD,1763539200000,-1.968e-05
ETCUSD,1763568000008,-2.666e-05
ETCUSD,1763596800000,-6.61e-05
ETCUSD,1763625600000,5.002e-05
ETCUSD,1763654400000,0.0001
ETCUSD,1763683200001,-0.00016226
ETCUSD,1763712000000,-5.76e-06
ETCUSD,1763740800001,6.03e-05
ETCUSD,1763769600004,-0.00010895
ETCUSD,1763798400000,0.0001
ETCUSD,1763827200000,-0.0001448
ETCUSD,1763856000000,-8.82e-06
ETCUSD,1763884800008,-2.47e-05
ETCUSD,1763913600003,-6.799e-05
ETCUSD,1763942400004,-5.304e-05
ETCUSD,1763971200000,4.421e-05
ETCUSD,1764000000006,2.623e-05
ETCUSD,1764028800000,9.871e-05
ETCUSD,1764057600009,2.79e-05
ETCUSD,1764086400007,3.871e-05
ETCUSD,1764115200001,0.0001
ETCUSD,1764144000001,0.0001
ETCUSD,1764172800000,5.177e-05
ETCUSD,1764201600013,4.28e-06
ETCUSD,1764230400000,0.0001
ETCUSD,1764259200004,6.12e-05
ETCUSD,1764288000008,2.092e-05
ETCUSD,1764316800000,-5.466e-05
ETCUSD,1764345600008,0.0001
ETCUSD,1764374400000,-2.167e-05
ETCUSD,1764403200005,1.795e-05
ETCUSD,1764432000001,-2.851e-05
ETCUSD,1764460800003,7.474e-05
ETCUSD,1764489600000,9.94e-05
ETCUSD,1764518400004,0.0001
ETCUSD,1764547200000,-2.54e-05
ETCUSD,1764576000004,-0.00011628
ETCUSD,1764604800000,-8.475e-05
ETCUSD,1764633600004,-9.807e-05
ETCUSD,1764662400000,-4.719e-05
ETCUSD,1764691200000,7.035e-05
ETCUSD,1764720000000,0.0001
ETCUSD,1764748800000,7.794e-05
ETCUSD,1764777600005,0.0001
ETCUSD,1764806400012,0.0001
ETCUSD,1764835200000,0.0001
ETCUSD,1764864000011,0.0001
ETCUSD,1764892800000,0.0001
ETCUSD,1764921600000,8.24e-05
ETCUSD,1764950400010,-3.923e-05
ETCUSD,1764979200001,-8.569e-05
ETCUSD,1765008000001,-0.0001312
ETCUSD,1765036800008,-7.689e-05
ETCUSD,1765065600000,4.497e-05
ETCUSD,1765094400004,2.555e-05
ETCUSD,1765123200000,-3.423e-05
ETCUSD,1765152000000,-7.6e-06
ETCUSD,1765180800000,8.314e-05
ETCUSD,1765209600001,0.0001
ETCUSD,1765238400001,9.151e-05
ETCUSD,1765267200001,7.532e-05
ETCUSD,1765296000007,9.74e-05
ETCUSD,1765324800007,0.0001
ETCUSD,1765353600002,5.63e-05
ETCUSD,1765382400012,5.659e-05
ETCUSD,1765411200001,6.104e-05
ETCUSD,1765440000000,-0.0002023
ETCUSD,1765468800000,-8.655e-05
ETCUSD,1765497600005,4.325e-05
ETCUSD,1765526400007,-6.63e-05
ETCUSD,1765555200002,-5.841e-05
ETCUSD,1765584000001,0.0001
ETCUSD,1765612800006,6.125e-05
ETCUSD,1765641600000,0.0001
ETCUSD,1765670400000,0.0001
ETCUSD,1765699200003,5.431e-05
ETCUSD,1765728000005,-0.00017151
ETCUSD,1765756800000,-0.0001392
ETCUSD,1765785600000,7.611e-05
ETCUSD,1765814400000,-3.346e-05
ETCUSD,1765843200002,-0.00021919
ETCUSD,1765872000000,-0.00016453
ETCUSD,1765900800002,-2.358e-05
ETCUSD,1765929600004,-4.4e-05
ETCUSD,1765958400000,6.318e-05
ETCUSD,1765987200000,-1.515e-05
ETCUSD,1766016000005,-1.81e-06
ETCUSD,1766044800007,-9.615e-05
ETCUSD,1766073600001,4.362e-05
ETCUSD,1766102400000,-0.00010854
ETCUSD,1766131200001,9.867e-05
ETCUSD,1766160000000,0.0001
ETCUSD,1766188800005,6.148e-05
ETCUSD,1766217600000,9.079e-05
ETCUSD,1766246400002,0.0001
ETCUSD,1766275200000,0.0001
ETCUSD,1766304000009,0.0001
ETCUSD,1766332800000,-3.923e-05
ETCUSD,1766361600000,6.289e-05
ETCUSD,1766390400005,-8.78e-06
ETCUSD,1766419200009,9.551e-05
ETCUSD,1766448000000,-1.146e-05
ETCUSD,1766476800000,3.519e-05
ETCUSD,1766505600001,-1.757e-05
ETCUSD,1766534400001,3.151e-05
ETCUSD,1766563200001,-3.772e-05
ETCUSD,1766592000000,0.0001
ETCUSD,1766620800000,0.0001
ETCUSD,1766649600001,0.0001
ETCUSD,1766678400005,7.878e-05
ETCUSD,1766707200004,-5.298e-05
ETCUSD,1766736000001,3.268e-05
ETCUSD,1766764800007,-2.516e-05
ETCUSD,1766793600000,3.125e-05
ETCUSD,1766822400000,-0.0001012
ETCUSD,1766851200011,-1.432e-05
ETCUSD,1766880000008,0.0001
ETCUSD,1766908800000,0.0001
ETCUSD,1766937600000,0.0001
ETCUSD,1766966400016,1.408e-05
ETCUSD,1766995200001,0.0001
ETCUSD,1767024000000,-1.184e-05
ETCUSD,1767052800005,-6.873e-05
ETCUSD,1767081600001,8.135e-05
ETCUSD,1767110400003,0.0001
ETCUSD,1767139200004,3.851e-05
ETCUSD,1767168000001,-3.129e-05
ETCUSD,1767196800001,4.032e-05
ETCUSD,1767225600008,-0.0001583
ETCUSD,1767254400002,1.588e-05
ETCUSD,1767283200001,9.248e-05
ETCUSD,1767312000006,0.0001
ETCUSD,1767340800007,0.0001
ETCUSD,1767369600000,0.0001
ETCUSD,1767398400001,0.0001
ETCUSD,1767427200000,0.0001
ETCUSD,1767456000000,0.0001
ETCUSD,1767484800000,0.0001
ETCUSD,1767513600000,1.69e-05
ETCUSD,1767542400001,0.0001
ETCUSD,1767571200000,0.0001
ETCUSD,1767600000000,5.853e-05
ETCUSD,1767628800000,0.0001
ETCUSD,1767657600010,8.817e-05
ETCUSD,1767686400000,6.21e-05
ETCUSD,1767715200000,0.0001
ETCUSD,1767744000001,0.0001
ETCUSD,1767772800001,9.124e-05
ETCUSD,1767801600001,3.862e-05
ETCUSD,1767830400001,7.191e-05
ETCUSD,1767859200000,3.868e-05
ETCUSD,1767888000000,5.529e-05
ETCUSD,1767916800003,0.0001
ETCUSD,1767945600000,0.0001
ETCUSD,1767974400001,0.0001
ETCUSD,1768003200000,9.286e-05
ETCUSD,1768032000002,8.427e-05
ETCUSD,1768060800001,0.0001
ETCUSD,1768089600003,0.0001
ETCUSD,1768118400006,0.0001
ETCUSD,1768147200000,6.54e-05
ETCUSD,1768176000005,9.31e-06
ETCUSD,1768204800000,7.16e-05
ETCUSD,1768233600000,-1.921e-05
ETCUSD,1768262400007,-3.83e-05
ETCUSD,1768291200009,0.0001
ETCUSD,1768320000002,0.0001
ETCUSD,1768348800000,0.0001
ETCUSD,1768377600001,0.0001
ETCUSD,1768406400004,0.0001
ETCUSD,1768435200000,0.0001
ETCUSD,1768464000004,0.0001
ETCUSD,1768492800002,4.664e-05
ETCUSD,1768521600000,4.11e-05
ETCUSD,1768550400000,0.0001
ETCUSD,1768579200001,4.265e-05
ETCUSD,1768608000000,0.0001
ETCUSD,1768636800000,0.0001
ETCUSD,1768665600002,0.0001
ETCUSD,1768694400001,0.0001
ETCUSD,1768723200000,1.077e-05
ETCUSD,1768752000000,4.411e-05
ETCUSD,1768780800007,-1.863e-05
ETCUSD,1768809600007,-0.00017761
ETCUSD,1768838400007,-7.91e-06
ETCUSD,1768867200005,5.68e-06
ETCUSD,1768896000001,3.033e-05
ETCUSD,1768924800009,-7.296e-05
ETCUSD,1768953600001,-1.806e-05
ETCUSD,1768982400011,0.0001
ETCUSD,1769011200011,-1.075e-05
ETCUSD,1769040000010,2.942e-05
ETCUSD,1769068800003,1.977e-05
ETCUSD,1769097600005,-5.181e-05
ETCUSD,1769126400005,1.423e-05
ETCUSD,1769155200000,5.06e-06
ETCUSD,1769184000011,-8.43e-06
ETCUSD,1769212800011,-3.037e-05
ETCUSD,1769241600002,3.803e-05
ETCUSD,1769270400001,-6.37e-05
ETCUSD,1769299200002,-0.00010485
ETCUSD,1769328000011,3.62e-06
ETCUSD,1769356800005,-5.873e-05
ETCUSD,1769385600000,-2.858e-05
ETCUSD,1769414400003,4.184e-05
ETCUSD,1769443200000,3.419e-05
ETCUSD,1769472000002,8.785e-05
ETCUSD,1769500800000,-6.763e-05
ETCUSD,1769529600000,4.836e-05
ETCUSD,1769558400000,4.879e-05
ETCUSD,1769587200000,8.206e-05
ETCUSD,1769616000000,0.0001
ETCUSD,1769644800000,8.135e-05
ETCUSD,1769673600009,-5.385e-05
ETCUSD,1769702400000,-0.00018874
ETCUSD,1769731200008,-6.144e-05
ETCUSD,1769760000000,-4.996e-05
ETCUSD,1769788800001,2.007e-05
ETCUSD,1769817600000,8.192e-05
ETCUSD,1769846400001,4.227e-05
ETCUSD,1769875200009,-1.796e-05
ETCUSD,1769904000001,-2.76e-06
ETCUSD,1769932800004,-1.591e-05
ETCUSD,1769961600000,2.453e-05
ETCUSD,1769990400000,1.113e-05
ETCUSD,1770019200014,4.005e-05
ETCUSD,1770048000000,-5.05e-06
ETCUSD,1770076800000,3.333e-05
ETCUSD,1770105600007,-2.982e-05
ETCUSD,1770134400000,3.146e-05
ETCUSD,1770163200002,6.777e-05
ETCUSD,1770192000007,7.392e-05
ETCUSD,1770220800000,1.163e-05
ETCUSD,1770249600011,6.476e-05
ETCUSD,1770278400000,-2.413e-05
ETCUSD,1770307200007,-0.00023811
ETCUSD,1770336000000,-9.544e-05
ETCUSD,1770364800001,-6.63e-06
ETCUSD,1770393600000,-0.00013071
ETCUSD,1770422400003,-2.413e-05
ETCUSD,1770451200000,3.005e-05
ETCUSD,1770480000010,0.0001
ETCUSD,1770508800003,4.426e-05
ETCUSD,1770537600000,-3.96e-06
ETCUSD,1770566400000,-4.645e-05
ETCUSD,1770595200002,-3.162e-05
ETCUSD,1770624000001,-3.8e-07
ETCUSD,1770652800007,-5.615e-05
ETCUSD,1770681600000,1.417e-05
ETCUSD,1770710400007,-7.547e-05
ETCUSD,1770739200000,-7.436e-05
ETCUSD,1770768000000,1.655e-05
ETCUSD,1770796800006,-8.445e-05
ETCUSD,1770825600000,-9.443e-05
ETCUSD,1770854400000,-2.276e-05
ETCUSD,1770883200001,9.641e-05
ETCUSD,1770912000001,1.79e-06
ETCUSD,1770940800007,9.805e-05
ETCUSD,1770969600003,-1.068e-05
ETCUSD,1770998400005,-7.343e-05
ETCUSD,1771027200002,-0.00010567
ETCUSD,1771056000004,2.413e-05
ETCUSD,1771084800002,6.712e-05
ETCUSD,1771113600000,2.96e-06
ETCUSD,1771142400002,6.524e-05
ETCUSD,1771171200000,1.779e-05
ETCUSD,1771200000001,2.388e-05
ETCUSD,1771228800003,-0.00011198
ETCUSD,1771257600000,-8.961e-05
ETCUSD,1771286400008,4.296e-05
ETCUSD,1771315200001,1.057e-05
ETCUSD,1771344000002,-7.22e-06
ETCUSD,1771372800000,3.03e-05
ETCUSD,1771401600000,1.38e-05
ETCUSD,1771430400011,3.675e-05
ETCUSD,1771459200013,-5.599e-05
ETCUSD,1771488000000,2.179e-05
ETCUSD,1771516800003,-3.548e-05
ETCUSD,1771545600000,2.274e-05
ETCUSD,1771574400000,-0.00018952
ETCUSD,1771603200000,-4.984e-05
ETCUSD,1771632000004,4.34e-05
ETCUSD,1771660800000,6.855e-05
ETCUSD,1771689600005,7.65e-06
ETCUSD,1771718400001,3.38e-06
ETCUSD,1771747200004,-0.00017878
ETCUSD,1771776000000,-9.123e-05
ETCUSD,1771804800001,-0.00016978
ETCUSD,1771833600000,-0.00017385
ETCUSD,1771862400000,1.552e-05
ETCUSD,1771891200007,4.46e-06
ETCUSD,1771920000000,-8.354e-05
ETCUSD,1771948800001,-0.00010884
ETCUSD,1771977600001,1.135e-05
ETCUSD,1772006400007,-5.968e-05
ETCUSD,1772035200000,0.0001
ETCUSD,1772064000000,0.0001
ETCUSD,1772092800006,6.948e-05
ETCUSD,1772121600002,3.631e-05
ETCUSD,1772150400007,9.721e-05
ETCUSD,1772179200000,0.0001
ETCUSD,1772208000001,3.398e-05
ETCUSD,1772236800000,6.733e-05
ETCUSD,1772265600000,-6.305e-05
ETCUSD,1772294400004,-0.00013699
ETCUSD,1772323200005,-1.817e-05
ETCUSD,1772352000000,1.265e-05
ETCUSD,1772380800002,1.133e-05
ETCUSD,1772409600001,-2.298e-05
ETCUSD,1772438400007,2.71e-05
ETCUSD,1772467200000,1.994e-05
ETCUSD,1772496000000,4.868e-05
ETCUSD,1772524800000,-7.088e-05
ETCUSD,1772553600007,-6.815e-05
ETCUSD,1772582400001,-1.654e-05
ETCUSD,1772611200005,7.75e-06
ETCUSD,1772640000000,-7.671e-05
ETCUSD,1772668800000,8.124e-05
ETCUSD,1772697600000,-1.425e-05
ETCUSD,1772726400004,3.393e-05
ETCUSD,1772755200001,8.413e-05
ETCUSD,1772784000001,2.506e-05
ETCUSD,1772812800004,-0.0001497
ETCUSD,1772841600001,-0.00014762
ETCUSD,1772870400012,-0.00020757
ETCUSD,1772899200001,-0.00011499
ETCUSD,1772928000001,-0.00012559
ETCUSD,1772956800000,-0.00025515
ETCUSD,1772985600002,-0.00013025
ETCUSD,1773014400000,-0.00012511
ETCUSD,1773043200004,-4.715e-05
ETCUSD,1773072000003,-5.217e-05
ETCUSD,1773100800012,-7.074e-05
ETCUSD,1773129600002,-0.00019831
ETCUSD,1773158400001,6.785e-05
ETCUSD,1773187200000,-2.151e-05
ETCUSD,1773216000007,-7.394e-05
ETCUSD,1773244800010,8.979e-05
ETCUSD,1773273600000,1.025e-05
ETCUSD,1773302400000,-0.00016383
ETCUSD,1773331200000,-0.00027045
ETCUSD,1773360000006,-3.442e-05
ETCUSD,1773388800001,8.576e-05
ETCUSD,1773417600000,0.0001
ETCUSD,1773446400001,5.358e-05
ETCUSD,1773475200000,-2.599e-05
ETCUSD,1773504000007,-0.00032644
ETCUSD,1773532800000,-0.00014032
ETCUSD,1773561600000,-0.00017219
ETCUSD,1773590400000,5.583e-05
ETCUSD,1773619200000,5.419e-05
ETCUSD,1773648000010,0.0001
ETCUSD,1773676800000,0.0001
ETCUSD,1773705600000,0.0001
ETCUSD,1773734400002,4.457e-05
ETCUSD,1773763200011,0.0001
ETCUSD,1773792000002,0.0001
ETCUSD,1773820800002,6.82e-05
ETCUSD,1773849600005,-0.0001027
ETCUSD,1773878400000,5.443e-05
ETCUSD,1773907200003,-6.31e-06
ETCUSD,1773936000003,-7.203e-05
ETCUSD,1773964800002,-3.761e-05
ETCUSD,1773993600000,0.0001
ETCUSD,1774022400000,-1.179e-05
ETCUSD,1774051200000,6.874e-05
ETCUSD,1774080000000,7.11e-05
ETCUSD,1774108800014,7.654e-05
ETCUSD,1774137600012,-3.709e-05
ETCUSD,1774166400007,-0.00019257
ETCUSD,1774195200002,-0.00022399
ETCUSD,1774224000000,-0.00017883
ETCUSD,1774252800003,1.936e-05
ETCUSD,1774281600002,9.923e-05
ETCUSD,1774310400000,0.0001
ETCUSD,1774339200000,0.0001
ETCUSD,1774368000003,1.566e-05
ETCUSD,1774396800000,9.674e-05
ETCUSD,1774425600000,0.0001
ETCUSD,1774454400013,0.0001
ETCUSD,1774483200001,9.5e-07
ETCUSD,1774512000001,1.807e-05
ETCUSD,1774540800000,1.86e-05
ETCUSD,1774569600006,3.083e-05
ETCUSD,1774598400000,5.996e-05
ETCUSD,1774627200000,-0.00026404
ETCUSD,1774656000005,-3.915e-05
ETCUSD,1774684800005,-6.511e-05
ETCUSD,1774713600000,-6.72e-06
ETCUSD,1774742400003,-0.00013991
ETCUSD,1774771200001,-0.00019988
ETCUSD,1774800000000,-0.0001757
ETCUSD,1774828800000,-5.518e-05
ETCUSD,1774857600005,0.0001
ETCUSD,1774886400000,0.0001
ETCUSD,1774915200000,6.492e-05
ETCUSD,1774944000000,5.484e-05
ETCUSD,1774972800000,3.558e-05
ETCUSD,1775001600000,1.561e-05
ETCUSD,1775030400000,8.836e-05
ETCUSD,1775059200000,6.414e-05
ETCUSD,1775088000003,5.637e-05
ETCUSD,1775116800001,-0.0002415
ETCUSD,1775145600001,-0.00019399
ETCUSD,1775174400000,-0.00014596
ETCUSD,1775203200008,-0.00010297
ETCUSD,1775232000008,3.992e-05
ETCUSD,1775260800000,7.192e-05
ETCUSD,1775289600003,0.0001
ETCUSD,1775318400000,0.0001
ETCUSD,1775347200008,0.0001
ETCUSD,1775376000000,0.0001
ETCUSD,1775404800001,0.0001
ETCUSD,1775433600004,0.0001
ETCUSD,1775462400001,0.0001
ETCUSD,1775491200003,8.337e-05
ETCUSD,1775520000000,5.805e-05
ETCUSD,1775548800000,-7.28e-05
ETCUSD,1775577600000,-2.398e-05
ETCUSD,1775606400000,0.0001
ETCUSD,1775635200000,0.0001
ETCUSD,1775664000006,5.447e-05
ETCUSD,1775692800000,-3.257e-05
ETCUSD,1775721600010,9.328e-05
ETCUSD,1775750400001,2.95e-06
ETCUSD,1775779200000,4.666e-05
ETCUSD,1775808000005,0.0001
ETCUSD,1775836800000,3.089e-05
ETCUSD,1775865600000,-7.57e-06
ETCUSD,1775894400000,-2.596e-05
ETCUSD,1775923200003,1.195e-05
ETCUSD,1775952000000,0.0001
ETCUSD,1775980800000,-0.00012113
ETCUSD,1776009600000,-0.00021026
ETCUSD,1776038400011,-7.511e-05
ETCUSD,1776067200006,7.448e-05
ETCUSD,1776096000000,4.562e-05
ETCUSD,1776124800005,0.0001
ETCUSD,1776153600003,0.0001
ETCUSD,1776182400001,0.0001
ETCUSD,1776211200000,-1.885e-05
ETCUSD,1776240000000,-4.584e-05
ETCUSD,1776268800000,0.0001
ETCUSD,1776297600013,0.0001
ETCUSD,1776326400000,0.0001
ETCUSD,1776355200000,0.0001
ETCUSD,1776384000001,0.0001
ETCUSD,1776412800011,0.0001
ETCUSD,1776441600001,0.0001
ETCUSD,1776470400001,3.913e-05
ETCUSD,1776499200006,6.659e-05
ETCUSD,1776528000000,-1.977e-05
ETCUSD,1776556800002,4.941e-05
ETCUSD,1776585600010,-7.078e-05
ETCUSD,1776614400001,6.655e-05
ETCUSD,1776643200000,-0.00019557
ETCUSD,1776672000000,0.0001
ETCUSD,1776700800001,-2.987e-05
ETCUSD,1776729600000,3.313e-05
ETCUSD,1776758400004,6.894e-05
ETCUSD,1776787200004,0.0001
ETCUSD,1776816000004,-5.503e-05
ETCUSD,1776844800000,0.0001
ETCUSD,1776873600000,0.0001
ETCUSD,1776902400000,-5.044e-05
ETCUSD,1776931200000,-5.673e-05
ETCUSD,1776960000004,3.663e-05
ETCUSD,1776988800006,0.0001
ETCUSD,1777017600000,9.77e-06
ETCUSD,1777046400000,0.0001
ETCUSD,1777075200000,0.0001
ETCUSD,1777104000002,0.0001
ETCUSD,1777132800002,6.452e-05
ETCUSD,1777161600003,-8.49e-06
ETCUSD,1777190400007,4.848e-05
ETCUSD,1777219200004,3.105e-05
ETCUSD,1777248000004,5.551e-05
ETCUSD,1777276800000,-8.682e-05
ETCUSD,1777305600002,-9.304e-05
ETCUSD,1777334400001,-0.00014387
ETCUSD,1777363200000,4.755e-05
ETCUSD,1777392000004,6.719e-05
ETCUSD,1777420800006,0.0001
ETCUSD,1777449600011,4.408e-05
ETCUSD,1777478400003,-7.969e-05
ETCUSD,1777507200002,-9.291e-05
ETCUSD,1777536000000,-8.13e-06
ETCUSD,1777564800000,4.142e-05
ETCUSD,1777593600000,3.33e-05
ETCUSD,1777622400005,8.718e-05
ETCUSD,1777651200000,0.0001
ETCUSD,1777680000006,6.63e-06
ETCUSD,1777708800000,-1e-05
ETCUSD,1777737600010,0.0001
ETCUSD,1777766400005,0.0001
ETCUSD,1777795200003,9.661e-05
ETCUSD,1777824000000,4.804e-05
ETCUSD,1777852800000,0.0001
ETCUSD,1777881600000,0.0001
ETCUSD,1777910400003,2.22e-06
ETCUSD,1777939200000,0.0001
ETCUSD,1777968000011,0.0001
ETCUSD,1777996800000,0.0001
ETCUSD,1778025600010,7.95e-05
ETCUSD,1778054400000,0.0001
ETCUSD,1778083200002,0.0001
ETCUSD,1778112000000,7.836e-05
ETCUSD,1778140800000,0.0001
ETCUSD,1778169600004,0.0001
ETCUSD,1778198400003,7.572e-05
ETCUSD,1778227200002,0.0001
ETCUSD,1778256000003,3.82e-05
ETCUSD,1778284800000,0.0001
ETCUSD,1778313600001,0.0001
ETCUSD,1778342400002,0.0001
ETCUSD,1778371200003,-0.00018579
ETCUSD,1778400000000,0.0001
ETCUSD,1778428800000,0.0001
ETCUSD,1778457600000,5.52e-05
ETCUSD,1778486400000,0.0001
ETCUSD,1778515200000,4.675e-05
ETCUSD,1778544000002,0.0001
ETCUSD,1778572800008,6.443e-05
ETCUSD,1778601600000,4.63e-05
ETCUSD,1778630400010,5.786e-05
ETCUSD,1778659200003,9.416e-05
ETCUSD,1778688000001,2.65e-05
ETCUSD,1778716800005,1.316e-05
ETCUSD,1778745600000,6.266e-05
ETCUSD,1778774400000,0.0001
ETCUSD,1778803200000,-2.29e-05
ETCUSD,1778832000016,8.311e-05
ETCUSD,1778860800012,-0.00011634
ETCUSD,1778889600005,9.62e-06
ETCUSD,1778918400000,-7.279e-05
ETCUSD,1778947200005,-2.845e-05
ETCUSD,1778976000000,9.3e-07
ETCUSD,1779004800010,7.492e-05
ETCUSD,1779033600009,4.888e-05
ETCUSD,1779062400007,1.255e-05
ETCUSD,1779091200002,0.0001
ETCUSD,1779120000007,2.473e-05
ETCUSD,1779148800001,1.238e-05
ETCUSD,1779177600001,0.0001
ETCUSD,1779206400009,-5.795e-05
ETCUSD,1779235200001,2.116e-05
ETCUSD,1779264000006,3.253e-05
ETCUSD,1779292800000,0.0001
ETCUSD,1779321600001,0.0001
ETCUSD,1779350400000,0.0001
ETCUSD,1779379200000,-2.26e-06
ETCUSD,1779408000000,3.427e-05
ETCUSD,1779436800004,3.558e-05
ETCUSD,1779465600001,0.0001
ETCUSD,1779494400009,-3.761e-05
ETCUSD,1779523200001,-0.00010723
ETCUSD,1779552000003,6.33e-06
ETCUSD,1779580800011,9.863e-05
ETCUSD,1779609600008,3.98e-05
ETCUSD,1779638400000,-2.658e-05
ETCUSD,1779667200001,-5.8e-07
ETCUSD,1779696000001,0.0001
ETCUSD,1779724800001,0.0001
ETCUSD,1779753600000,0.0001
ETCUSD,1779782400003,-1.747e-05
ETCUSD,1779811200000,-2.775e-05
ETCUSD,1779840000000,5.239e-05
ETCUSD,1779868800004,-1.16e-05
ETCUSD,1779897600009,1.331e-05
ETCUSD,1779926400001,3.052e-05
ETCUSD,1779955200000,-0.00012916
ETCUSD,1779984000001,-0.00012594
ETCUSD,1780012800000,3.417e-05
ETCUSD,1780041600001,3.501e-05
ETCUSD,1780070400008,-4.173e-05
ETCUSD,1780099200000,2.766e-05
ETCUSD,1780128000001,9.02e-06
ETCUSD,1780156800000,-4.015e-05
ETCUSD,1780185600000,-5.188e-05
ETCUSD,1780214400000,-6.06e-06
ETCUSD,1780243200004,4.888e-05
ETCUSD,1780272000001,6.424e-05
ETCUSD,1780300800001,-2.309e-05
ETCUSD,1780329600000,-3.929e-05
ETCUSD,1780358400000,-1.056e-05
ETCUSD,1780387200000,-1.271e-05
ETCUSD,1780416000000,-5.16e-06
ETCUSD,1780444800013,-0.00014324
ETCUSD,1780473600000,-3.422e-05
ETCUSD,1780502400001,0.0001
ETCUSD,1780531200009,2.597e-05
ETCUSD,1780560000000,-2.481e-05
ETCUSD,1780588800003,-6.814e-05
ETCUSD,1780617600000,-5.13e-05
ETCUSD,1780646400004,-8.683e-05
ETCUSD,1780675200009,-4.354e-05
ETCUSD,1780704000000,-6.826e-05
ETCUSD,1780732800000,-5.03e-05
ETCUSD,1780761600000,-2.678e-05
ETCUSD,1780790400001,-6.74e-06
ETCUSD,1780819200000,4.045e-05
ETCUSD,1780848000000,1.342e-05
ETCUSD,1780876800000,1.297e-05
ETCUSD,1780905600005,3.288e-05
ETCUSD,1780934400004,1.815e-05
ETCUSD,1780963200000,1.31e-06
ETCUSD,1780992000000,4.848e-05
ETCUSD,1781020800001,-1.009e-05
ETCUSD,1781049600001,6.929e-05
ETCUSD,1781078400011,2.35e-06
ETCUSD,1781107200009,-6.336e-05
ETCUSD,1781136000000,-6.281e-05
ETCUSD,1781164800004,0.0001
ETCUSD,1781193600000,0.0001
ETCUSD,1781222400000,2.617e-05
ETCUSD,1781251200000,0.0001
ETCUSD,1781280000000,0.0001
ETCUSD,1781308800000,0.0001
ETCUSD,1781337600007,0.0001
ETCUSD,1781366400002,3.482e-05
ETCUSD,1781395200005,2.82e-05
ETCUSD,1781424000009,8.42e-06
ETCUSD,1781452800000,6.967e-05
ETCUSD,1781481600013,-0.00011155
ETCUSD,1781510400013,0.0001
ETCUSD,1781539200004,0.0001
ETCUSD,1781568000000,2.476e-05
ETCUSD,1781596800000,6.5e-05
ETCUSD,1781625600001,-2.635e-05
ETCUSD,1781654400012,0.0001
ETCUSD,1781683200000,0.0001
ETCUSD,1781712000000,0.0001
ETCUSD,1781740800002,1.529e-05
ETCUSD,1781769600000,3.415e-05
ETCUSD,1781798400001,-0.00013631
ETCUSD,1781827200005,6.091e-05
ETCUSD,1781856000001,-0.00011924
ETCUSD,1781884800001,0.0001
ETCUSD,1781913600001,0.0001
ETCUSD,1781942400000,0.0001
ETCUSD,1781971200001,0.0001
ETCUSD,1782000000000,3.584e-05
ETCUSD,1782028800000,1.939e-05
ETCUSD,1782057600000,3.142e-05
ETCUSD,1782086400000,7.07e-06
ETCUSD,1782115200000,-4.023e-05
ETCUSD,1782144000002,3.576e-05
ETCUSD,1782172800003,4.596e-05
ETCUSD,1782201600005,-2.691e-05
ETCUSD,1782230400002,-9.86e-06
ETCUSD,1782259200005,-8.998e-05
ETCUSD,1782288000005,0.0001
ETCUSD,1782316800003,-2.67e-06
ETCUSD,1782345600000,-0.0001881
ETCUSD,1782374400000,0.0001
ETCUSD,1782403200000,3.683e-05
ETCUSD,1782432000010,4.469e-05
ETCUSD,1782460800002,0.0001
ETCUSD,1782489600000,-1.442e-05
ETCUSD,1782518400000,0.0001
ETCUSD,1782547200000,0.0001
ETCUSD,1782576000009,0.0001
ETCUSD,1782604800000,3.914e-05
ETCUSD,1782633600013,4.755e-05
ETCUSD,1782662400000,4.255e-05
ETCUSD,1782691200006,4.871e-05
ETCUSD,1782720000013,6.255e-05
ETCUSD,1782748800004,3.707e-05
ETCUSD,1782777600000,3.996e-05
ETCUSD,1782806400000,2.877e-05
ETCUSD,1782835200005,3.942e-05
ETCUSD,1782864000000,2.821e-05
ETCUSD,1782892800000,3.512e-05
ETCUSD,1782921600000,-1.19e-06
ETCUSD,1782950400000,9.476e-05
ETCUSD,1782979200000,0.0001
ETCUSD,1783008000000,6.243e-05
ETCUSD,1783036800000,8.43e-06
ETCUSD,1783065600007,0.0001
ETCUSD,1783094400000,0.0001
ETCUSD,1783123200000,0.0001
ETCUSD,1783152000000,0.0001
ETCUSD,1783180800007,0.0001
ETCUSD,1783209600003,0.0001
ETCUSD,1783238400001,1.808e-05
ETCUSD,1783267200000,2.64e-05
ETCUSD,1783296000000,7.465e-05
ETCUSD,1783324800000,-6.27e-06
ETCUSD,1783353600000,2.939e-05
ETCUSD,1783382400000,4.17e-06
ETCUSD,1783411200000,0.0001
ETCUSD,1783440000000,3.695e-05
ETCUSD,1783468800000,2.353e-05
ETCUSD,1783497600000,2.456e-05
ETCUSD,1783526400000,5.931e-05
ETCUSD,1783555200000,4.861e-05
ETCUSD,1783584000001,8.753e-05
ETCUSD,1783612800001,0.0001
ETCUSD,1783641600000,4.587e-05
ETCUSD,1783670400005,0.0001
ETCUSD,1783699200005,9.43e-05
ETCUSD,1783728000000,-8.3e-07
ETCUSD,1783756800000,0.0001
ETCUSD,1783785600000,0.0001
ETCUSD,1783814400000,0.0001
ETCUSD,1783843200003,-0.00011479
ETCUSD,1783872000000,4.222e-05
ETCUSD,1783900800000,-0.00010692
ETCUSD,1783929600001,6.184e-05
ETCUSD,1783958400004,4.299e-05
ETCUSD,1783987200000,2.125e-05
ETCUSD,1784016000002,4.976e-05
ETCUSD,1784044800001,-1.933e-05
ETCUSD,1784073600005,0.0001
ETCUSD,1784102400002,0.0001
ETCUSD,1784131200000,3.371e-05
ETCUSD,1784160000000,0.0001
ETCUSD,1784188800003,7.946e-05
ETCUSD,1784217600002,3.751e-05
ETCUSD,1784246400000,0.0001
ETCUSD,1784275200010,-2.136e-05
ETCUSD,1784304000004,2.046e-05
ETCUSD,1784332800000,4.834e-05
ETCUSD,1784361600000,0.0001
ETCUSD,1784390400001,4.68e-06
ETCUSD,1784419200003,4.902e-05
ETCUSD,1784448000000,0.0001
ETCUSD,1784476800001,-0.00014646
ETCUSD,1784505600000,2.834e-05
ETCUSD,1784534400001,-0.00024971
ETCUSD,1784563200004,-0.00011071
ETCUSD,1784592000001,0.0001
ETCUSD,1784620800000,0.0001
ETCUSD,1784649600002,5.971e-05
ETCUSD,1784678400000,-7.945e-05
ETCUSD,1784707200000,6.915e-05
ETCUSD,1784736000001,5.417e-05
ETCUSD,1784764800000,2.469e-05
ETCUSD,1784793600000,-9.5e-05
ETCUSD,1784822400000,5.366e-05
ETCUSD,1784851200000,1.15e-06
ETCUSD,1784880000000,-6.895e-05
ETCUSD,1784908800008,-0.00024932
ETCUSD,1784937600002,-0.00017482
ETCUSD,1784966400000,-6.141e-05
ETCUSD,1784995200000,2.26e-05
ETCUSD,1785024000000,7.33e-06
ETCUSD,1785052800002,0.0001
ETCUSD,1785081600000,0.0001
ETCUSD,1785110400010,0.0001
ETCUSD,1785139200000,0.0001
ETCUSD,1785168000001,0.0001
ETCUSD,1785196800000,7.979e-05
ETCUSD,1785225600000,0.0001
ETCUSD,1785254400000,-7.033e-05
ETCUSD,1785283200000,2.847e-05
ETCUSD,1785312000002,0.0001
ETCUSD,1785340800000,5.59e-06
ETCUSD,1785369600000,-4.792e-05
ETCUSD,1785398400000,3.289e-05
ETCUSD,1785427200000,0.0001
ETCUSD,1785456000003,0.0001
ETCUSD,1785484800000,2.337e-05
ETCUSD,1785513600000,-7.47e-05
ETCUSD,1785542400001,-0.00010994
ETCUSD,1785571200000,0.0001
ETCUSD,1785600000000,0.0001
ETCUSD,1785628800000,-0.00013974
ETCUSD,1785657600000,0.0001
ETCUSD,1785686400000,0.0001
ETCUSD,1785715200000,6.763e-05
ETCUSD,1785744000000,-9.06e-06
ETCUSD,1785772800000,4.727e-05
ETCUSD,1785801600004,0.0001
ETCUSD,1785830400002,7.083e-05
ETCUSD,1785859200000,5.557e-05
ETCUSD,1785888000003,0.0001
ETCUSD,1785916800004,0.0001
ETCUSD,1785945600000,8.55e-05
ETCUSD,1785974400002,-4.255e-05
ETCUSD,1786003200000,0.0001
ETCUSD,1786032000000,-8.459e-05
ETCUSD,1786060800000,-1.519e-05
ETCUSD,1786089600000,8.988e-05
ETCUSD,1786118400000,-8.209e-05
ETCUSD,1786147200001,4.59e-06
ETCUSD,1786176000000,-7.314e-05
ETCUSD,1786204800002,0.0001
ETCUSD,1786233600000,0.0001
ETCUSD,1786262400005,0.0001
ETCUSD,1786291200000,0.0001
ETCUSD,1786320000001,-9.569e-05
ETCUSD,1786348800005,0.0001
ETCUSD,1786377600000,0.0001
ETCUSD,1786406400000,8.049e-05
ETCUSD,1786435200006,-0.00015279
ETCUSD,1786464000000,1.712e-05
ETCUSD,1786492800001,1.001e-05
ETCUSD,1786521600000,1.128e-05
ETCUSD,1786550400000,0.0001
ETCUSD,1786579200000,1.981e-05
ETCUSD,1786608000000,0.0001
ETCUSD,1786636800000,8.539e-05
ETCUSD,1786665600000,5.216e-05
ETCUSD,1786694400001,3.151e-05
ETCUSD,1786723200001,-0.00015939
ETCUSD,1786752000003,2.552e-05
ETCUSD,1786780800002,0.0001
ETCUSD,1786809600000,0.0001
ETCUSD,1786838400000,-1.57e-05
ETCUSD,1786867200002,0.0001
ETCUSD,1786896000000,1.2e-05
ETCUSD,1786924800001,-0.0001808
ETCUSD,1786953600003,0.0001
ETCUSD,1786982400005,0.0001
ETCUSD,1787011200006,0.0001
ETCUSD,1787040000001,-9.939e-05
ETCUSD,1787068800003,-4.014e-05
ETCUSD,1787097600000,-3.141e-05
ETCUSD,1787126400000,0.0001
ETCUSD,1787155200004,4.87e-05
ETCUSD,1787184000001,5.1e-06
ETCUSD,1787212800000,0.0001
ETCUSD,1787241600005,7.003e-05
ETCUSD,1787270400004,0.0001
ETCUSD,1787299200000,0.0001
ETCUSD,1787328000001,0.0001
ETCUSD,1787356800000,0.0001
ETCUSD,1787385600000,0.0001
ETCUSD,1787414400000,0.0001
ETCUSD,1787443200000,0.0001
ETCUSD,1787472000000,0.0001
ETCUSD,1787500800006,0.0001
ETCUSD,1787529600001,0.0001
ETCUSD,1787558400002,0.0001
ETCUSD,1787587200000,9.162e-05
ETCUSD,1787616000001,0.0001
ETCUSD,1787644800000,0.0001
ETCUSD,1787673600005,0.0001
ETCUSD,1787702400000,0.0001
ETCUSD,1787731200005,0.0001
ETCUSD,1787760000000,0.0001
ETCUSD,1787788800000,0.0001
ETCUSD,1787817600000,0.0001
ETCUSD,1787846400013,0.0001
ETCUSD,1787875200026,0.0001
ETCUSD,1787904000000,0.0001
ETCUSD,1787932800001,0.0001
ETCUSD,1787961600000,8.99e-05
ETCUSD,1787990400000,0.0001
ETCUSD,1788019200002,8.566e-05
ETCUSD,1788048000000,8.917e-05
ETCUSD,1788076800000,1.64e-06
ETCUSD,1788105600001,0.0001
ETCUSD,1788134400002,-2.78e-06
ETCUSD,1788163200002,0.0001
ETCUSD,1788192000001,-2.059e-05
