symbol,fundingTime,fundingRate
NEARUSD,1602691200001,0.0001
NEARUSD,1602720000000,0.0001
NEARUSD,1602748800000,0.0001
NEARUSD,1602777600000,0.0001
NEARUSD,1602806400002,0.0001
NEARUSD,1602835200003,0.0001
NEARUSD,1602864000000,0.0001
NEARUSD,1602892800006,0.0001
NEARUSD,1602921600007,0.0001
NEARUSD,1602950400009,0.0001
NEARUSD,1602979200006,0.0001
NEARUSD,1603008000000,0.0001
NEARUSD,1603036800000,0.0001
NEARUSD,1603065600000,0.0001
NEARUSD,1603094400000,0.0001
NEARUSD,1603123200000,0.0001
NEARUSD,1603152000015,0.0001
NEARUSD,1603180800000,0.0001
NEARUSD,1603209600008,0.0001
NEARUSD,1603238400009,0.0001
NEARUSD,1603267200004,0.0001
NEARUSD,1603296000000,0.0001
NEARUSD,1603324800000,0.0001
NEARUSD,1603353600000,0.0001
NEARUSD,1603382400004,0.0001
NEARUSD,1603411200007,0.0001
NEARUSD,1603440000000,0.0001
NEARUSD,1603468800000,0.0001
NEARUSD,1603497600000,0.0001
NEARUSD,1603526400000,0.0001
NEARUSD,1603555200008,0.0001
NEARUSD,1603584000005,0.0001
NEARUSD,1603612800014,0.0001
NEARUSD,1603641600000,0.0001
NEARUSD,1603670400004,0.0001
NEARUSD,1603699200000,0.0001
NEARUSD,1603728000000,0.0001
NEARUSD,1603756800000,0.0001
NEARUSD,1603785600000,0.0001
NEARUSD,1603814400000,0.0001
NEARUSD,1603843200000,0.0001
NEARUSD,1603872000006,0.0001
NEARUSD,1603900800001,0.0001
NEARUSD,1603929600000,0.0001
NEARUSD,1603958400000,0.0001
NEARUSD,1603987200000,0.0001
NEARUSD,1604016000000,0.0001
NEARUSD,1604044800002,0.0001
NEARUSD,1604073600002,0.0001
NEARUSD,1604102400003,0.0001
NEARUSD,1604131200000,0.0001
NEARUSD,1604160000000,0.0001
NEARUSD,1604188800000,0.0001
NEARUSD,1604217600000,0.0001
NEARUSD,1604246400000,0.0001
NEARUSD,1604275200000,0.0001
NEARUSD,1604304000010,0.0001
NEARUSD,1604332800000,0.0001
NEARUSD,1604361600000,0.0001
NEARUSD,1604390400004,0.0001
NEARUSD,1604419200009,0.0001
NEARUSD,1604448000000,0.0001
NEARUSD,1604476800000,0.0001
NEARUSD,1604505600005,0.0001
NEARUSD,1604534400017,0.0001
NEARUSD,1604563200001,-0.00093484
NEARUSD,1604592000000,-0.00326807
NEARUSD,1604620800000,-0.00204843
NEARUSD,1604649600001,-0.00014056
NEARUSD,1604678400001,0.0001
NEARUSD,1604707200001,0.0001
NEARUSD,1604736000000,0.0001
NEARUSD,1604764800006,0.0001
NEARUSD,1604793600000,0.0001
NEARUSD,1604822400000,0.0001
NEARUSD,1604851200000,0.0001
NEARUSD,1604880000007,-3.552e-05
NEARUSD,1604908800001,0.0001
NEARUSD,1604937600002,-0.00045105
NEARUSD,1604966400003,-0.00043183
NEARUSD,1604995200011,0.0001
NEARUSD,1605024000000,0.0001
NEARUSD,1605052800000,0.0001
NEARUSD,1605081600009,0.0001
NEARUSD,1605110400003,0.0001
NEARUSD,1605139200001,0.0001
NEARUSD,1605168000001,0.0001
NEARUSD,1605196800000,0.0001
NEARUSD,1605225600000,0.0001
NEARUSD,1605254400000,0.0001
NEARUSD,1605283200000,0.0001
NEARUSD,1605312000005,0.0001
NEARUSD,1605340800004,0.0001
NEARUSD,1605369600001,0.0001
NEARUSD,1605398400001,0.0001
NEARUSD,1605427200000,0.0001
NEARUSD,1605456000003,0.0001
NEARUSD,1605484800000,0.0001
NEARUSD,1605513600010,0.0001
NEARUSD,1605542400001,0.0001
NEARUSD,1605571200002,0.0001
NEARUSD,1605600000003,0.0001
NEARUSD,1605628800003,0.0001
NEARUSD,1605657600005,0.0001
NEARUSD,1605686400006,0.0001
NEARUSD,1605715200000,0.0001
NEARUSD,1605744000008,0.0001
NEARUSD,1605772800000,0.0001
NEARUSD,1605801600001,0.0001
NEARUSD,1605830400003,0.0001
NEARUSD,1605859200005,0.0001
NEARUSD,1605888000000,0.0001
NEARUSD,1605916800000,0.0001
NEARUSD,1605945600000,0.0001
NEARUSD,1605974400001,0.0001
NEARUSD,1606003200005,0.0001
NEARUSD,1606032000000,0.0001
NEARUSD,1606060800000,0.0001
NEARUSD,1606089600005,0.00055257
NEARUSD,1606118400000,0.00014887
NEARUSD,1606147200003,0.0001
NEARUSD,1606176000000,0.0001
NEARUSD,1606204800000,0.00095299
NEARUSD,1606233600005,0.00019779
NEARUSD,1606262400005,0.00139654
NEARUSD,1606291200005,0.00074554
NEARUSD,1606320000015,0.00172786
NEARUSD,1606348800012,0.00031156
NEARUSD,1606377600002,0.0001
NEARUSD,1606406400001,0.0001
NEARUSD,1606435200001,0.0001
NEARUSD,1606464000000,0.0001
NEARUSD,1606492800007,0.0001
NEARUSD,1606521600007,0.0001
NEARUSD,1606550400012,0.0001
NEARUSD,1606579200000,0.0001
NEARUSD,1606608000007,0.0001
NEARUSD,1606636800000,0.0001
NEARUSD,1606665600000,0.0001
NEARUSD,1606694400004,0.0001
NEARUSD,1606723200007,0.0001
NEARUSD,1606752000000,0.0001
NEARUSD,1606780800000,0.0001
NEARUSD,1606809600003,0.0001
NEARUSD,1606838400000,0.0001
NEARUSD,1606867200001,0.0001
NEARUSD,1606896000011,0.0001
NEARUSD,1606924800005,0.0001
NEARUSD,1606953600001,0.0001
NEARUSD,1606982400031,0.0001
NEARUSD,1607011200000,0.0001
NEARUSD,1607040000006,0.0001
NEARUSD,1607068800009,0.0001
NEARUSD,1607097600000,0.0001
NEARUSD,1607126400000,0.0001
NEARUSD,1607155200000,0.0001
NEARUSD,1607184000000,0.0001
NEARUSD,1607212800004,0.0001
NEARUSD,1607241600000,0.0001
NEARUSD,1607270400001,0.0001
NEARUSD,1607299200000,0.0001
NEARUSD,1607328000008,0.0001
NEARUSD,1607356800000,0.0001
NEARUSD,1607385600003,0.0001
NEARUSD,1607414400003,0.0001
NEARUSD,1607443200033,0.0001
NEARUSD,1607472000000,0.0001
NEARUSD,1607500800010,0.0001
NEARUSD,1607529600000,0.0001
NEARUSD,1607558400000,0.0001
NEARUSD,1607587200000,0.0001
NEARUSD,1607616000007,0.0001
NEARUSD,1607644800000,0.0001
NEARUSD,1607673600016,0.0001
NEARUSD,1607702400010,0.0001
NEARUSD,1607731200009,0.0001
NEARUSD,1607760000002,0.0001
NEARUSD,1607788800000,0.0001
NEARUSD,1607817600007,0.0001
NEARUSD,1607846400000,0.0001
NEARUSD,1607875200000,0.0001
NEARUSD,1607904000000,0.0001
NEARUSD,1607932800000,0.0001
NEARUSD,1607961600000,0.0001
NEARUSD,1607990400006,0.0001
NEARUSD,1608019200001,0.0001
NEARUSD,1608048000000,0.0001
NEARUSD,1608076800001,0.0001
NEARUSD,1608105600000,0.0001
NEARUSD,1608134400000,0.0001
NEARUSD,1608163200000,0.0001
NEARUSD,1608192000000,0.0001
NEARUSD,1608220800011,0.0008735
NEARUSD,1608249600000,0.0001
NEARUSD,1608278400000,0.0001
NEARUSD,1608307200000,0.00082909
NEARUSD,1608336000000,0.00088693
NEARUSD,1608364800018,0.00068212
NEARUSD,1608393600000,0.0001929
NEARUSD,1608422400001,0.0001
NEARUSD,1608451200011,0.0001
NEARUSD,1608480000023,0.00035826
NEARUSD,1608508800011,0.0001
NEARUSD,1608537600000,0.00066968
NEARUSD,1608566400000,0.00139369
NEARUSD,1608595200001,0.0001
NEARUSD,1608624000006,0.00027478
NEARUSD,1608652800000,0.0001
NEARUSD,1608681600000,0.0001
NEARUSD,1608710400000,0.0001
NEARUSD,1608739200000,0.0001
NEARUSD,1608768000012,0.0001
NEARUSD,1608796800009,0.0001
NEARUSD,1608825600001,0.0001
NEARUSD,1608854400000,0.0001
NEARUSD,1608883200000,0.0001
NEARUSD,1608912000000,0.0001
NEARUSD,1608940800009,0.0001
NEARUSD,1608969600001,0.0001
NEARUSD,1608998400006,0.0001
NEARUSD,1609027200000,0.0001
NEARUSD,1609056000000,0.0001
NEARUSD,1609084800001,0.0001
NEARUSD,1609113600015,0.0001
NEARUSD,1609142400019,0.0001
NEARUSD,1609171200000,0.00018807
NEARUSD,1609200000004,0.0001
NEARUSD,1609228800003,0.0001
NEARUSD,1609257600000,0.0001
NEARUSD,1609286400001,0.0001
NEARUSD,1609315200001,0.0001
NEARUSD,1609344000012,0.0001
NEARUSD,1609372800009,0.0001
NEARUSD,1609401600000,0.0001
NEARUSD,1609430400010,0.0001
NEARUSD,1609459200002,0.0001
NEARUSD,1609488000006,0.0001
NEARUSD,1609516800003,0.0001
NEARUSD,1609545600000,0.0001
NEARUSD,1609574400000,0.0001
NEARUSD,1609603200006,0.0001
NEARUSD,1609632000018,0.0001
NEARUSD,1609660800000,0.00018896
NEARUSD,1609689600002,0.00146168
NEARUSD,1609718400000,0.00143541
NEARUSD,1609747200000,0.0026509
NEARUSD,1609776000000,0.00023088
NEARUSD,1609804800020,0.00024235
NEARUSD,1609833600003,0.0001
NEARUSD,1609862400003,0.00021489
NEARUSD,1609891200010,0.00058875
NEARUSD,1609920000003,0.0012593
NEARUSD,1609948800000,0.00266159
NEARUSD,1609977600007,0.00141171
NEARUSD,1610006400000,0.00249618
NEARUSD,1610035200004,0.00181115
NEARUSD,1610064000000,0.00068591
NEARUSD,1610092800000,0.0001
NEARUSD,1610121600000,0.00116429
NEARUSD,1610150400009,0.00029992
NEARUSD,1610179200004,0.00010236
NEARUSD,1610208000000,0.00081679
NEARUSD,1610236800000,0.00203307
NEARUSD,1610265600005,0.00248636
NEARUSD,1610294400000,0.0001
NEARUSD,1610323200000,0.0005776
NEARUSD,1610352000012,0.0001
NEARUSD,1610380800000,0.0001
NEARUSD,1610409600000,0.0001
NEARUSD,1610438400000,0.0001
NEARUSD,1610467200008,0.0001
NEARUSD,1610496000001,0.0001
NEARUSD,1610524800000,0.0001
NEARUSD,1610553600003,0.0001
NEARUSD,1610582400000,0.0001
NEARUSD,1610611200012,0.0001
NEARUSD,1610640000000,0.0008289
NEARUSD,1610668800002,0.00038366
NEARUSD,1610697600000,0.00033929
NEARUSD,1610726400004,0.00028112
NEARUSD,1610755200000,0.0001
NEARUSD,1610784000008,0.0001
NEARUSD,1610812800000,0.00032725
NEARUSD,1610841600009,0.00031692
NEARUSD,1610870400000,0.0001
NEARUSD,1610899200001,0.0001
NEARUSD,1610928000000,0.00073391
NEARUSD,1610956800004,0.0004167
NEARUSD,1610985600000,0.00041762
NEARUSD,1611014400000,0.00060239
NEARUSD,1611043200005,0.00180993
NEARUSD,1611072000012,0.00149901
NEARUSD,1611100800012,0.00068064
NEARUSD,1611129600001,0.0001
NEARUSD,1611158400001,0.0001
NEARUSD,1611187200000,0.0001
NEARUSD,1611216000000,0.0001
NEARUSD,1611244800004,0.0001
NEARUSD,1611273600012,0.0001
NEARUSD,1611302400003,0.0001
NEARUSD,1611331200001,0.0001
NEARUSD,1611360000000,0.00013926
NEARUSD,1611388800002,0.00017938
NEARUSD,1611417600000,0.0001
NEARUSD,1611446400001,0.0001
NEARUSD,1611475200011,0.0001
NEARUSD,1611504000005,0.00049024
NEARUSD,1611532800007,0.00031991
NEARUSD,1611561600012,0.00038742
NEARUSD,1611590400000,0.00031158
NEARUSD,1611619200007,0.00032074
NEARUSD,1611648000000,0.0001
NEARUSD,1611676800000,0.0001
NEARUSD,1611705600000,0.0001
NEARUSD,1611734400011,0.00023867
NEARUSD,1611763200003,0.0001
NEARUSD,1611792000000,0.0001
NEARUSD,1611820800000,0.0001
NEARUSD,1611849600000,0.0001
NEARUSD,1611878400009,0.0001
NEARUSD,1611907200000,0.0001
NEARUSD,1611936000000,0.00042087
NEARUSD,1611964800000,0.00010075
NEARUSD,1611993600000,0.0001
NEARUSD,1612022400000,0.00042443
NEARUSD,1612051200009,0.00032914
NEARUSD,1612080000000,0.00021606
NEARUSD,1612108800000,0.00029273
NEARUSD,1612137600001,0.0001
NEARUSD,1612166400014,0.0001
NEARUSD,1612195200000,0.0001
NEARUSD,1612224000000,0.00035503
NEARUSD,1612252800006,0.0002876
NEARUSD,1612281600000,0.00152357
NEARUSD,1612310400009,0.00119736
NEARUSD,1612339200006,0.0021053
NEARUSD,1612368000006,0.00171597
NEARUSD,1612396800005,0.00148409
NEARUSD,1612425600000,0.00161677
NEARUSD,1612454400011,0.00038037
NEARUSD,1612483200009,0.00114043
NEARUSD,1612512000004,0.00237347
NEARUSD,1612540800000,0.00283141
NEARUSD,1612569600008,0.00181044
NEARUSD,1612598400009,0.00115539
NEARUSD,1612627200000,0.00157535
NEARUSD,1612656000000,0.0020707
NEARUSD,1612684800005,0.00053952
NEARUSD,1612713600001,0.00074208
NEARUSD,1612742400000,0.00030974
NEARUSD,1612771200001,0.0008192
NEARUSD,1612800000000,0.00232767
NEARUSD,1612828800010,0.00118765
NEARUSD,1612857600006,0.00255682
NEARUSD,1612886400007,0.0013809
NEARUSD,1612915200009,0.00207736
NEARUSD,1612944000014,0.00531804
NEARUSD,1612972800005,0.00213849
NEARUSD,1613001600000,0.00158674
NEARUSD,1613030400000,0.00088513
NEARUSD,1613059200000,0.00291667
NEARUSD,1613088000000,0.00112451
NEARUSD,1613116800000,0.00168272
NEARUSD,1613145600000,0.0014193
NEARUSD,1613174400001,0.00363518
NEARUSD,1613203200003,0.00559178
NEARUSD,1613232000000,0.0007366
NEARUSD,1613260800013,0.00236816
NEARUSD,1613289600000,0.00332888
NEARUSD,1613318400008,0.0033733
NEARUSD,1613347200000,0.00228156
NEARUSD,1613376000006,0.0001
NEARUSD,1613404800000,0.0001
NEARUSD,1613433600001,0.0001
NEARUSD,1613462400000,0.0001
NEARUSD,1613491200010,0.00010755
NEARUSD,1613520000005,0.0001
NEARUSD,1613548800010,0.0001
NEARUSD,1613577600008,0.00146203
NEARUSD,1613606400012,0.00106293
NEARUSD,1613635200000,0.00167541
NEARUSD,1613664000009,0.00159078
NEARUSD,1613692800010,0.00104126
NEARUSD,1613721600002,0.00140184
NEARUSD,1613750400008,0.0029922
NEARUSD,1613779200000,0.00163319
NEARUSD,1613808000009,0.00276087
NEARUSD,1613836800000,0.00240947
NEARUSD,1613865600007,0.0002313
NEARUSD,1613894400012,0.0001
NEARUSD,1613923200001,0.00061277
NEARUSD,1613952000006,0.00032006
NEARUSD,1613980800002,0.00035746
NEARUSD,1614009600000,0.0001
NEARUSD,1614038400000,0.0001
NEARUSD,1614067200006,0.0001
NEARUSD,1614096000000,0.0001
NEARUSD,1614124800012,-6.17e-06
NEARUSD,1614153600016,0.0001
NEARUSD,1614182400011,0.0001
NEARUSD,1614211200007,0.0001
NEARUSD,1614240000000,0.0001
NEARUSD,1614268800010,0.0001
NEARUSD,1614297600000,0.0001
NEARUSD,1614326400025,0.0001
NEARUSD,1614355200010,0.0001
NEARUSD,1614384000001,0.0001
NEARUSD,1614412800000,0.0001
NEARUSD,1614441600000,0.0001
NEARUSD,1614470400021,0.0001
NEARUSD,1614499200009,0.0001
NEARUSD,1614528000000,0.0001
NEARUSD,1614556800000,0.0001
NEARUSD,1614585600003,0.0001
NEARUSD,1614614400001,0.0001
NEARUSD,1614643200000,0.0001
NEARUSD,1614672000000,0.0001
NEARUSD,1614700800004,0.0001
NEARUSD,1614729600000,0.0001
NEARUSD,1614758400016,0.0001
NEARUSD,1614787200000,0.0001
NEARUSD,1614816000000,0.0001
NEARUSD,1614844800015,0.0001
NEARUSD,1614873600001,0.0001
NEARUSD,1614902400000,0.0001
NEARUSD,1614931200002,0.0001
NEARUSD,1614960000008,0.0001
NEARUSD,1614988800000,0.0001
NEARUSD,1615017600000,0.0001
NEARUSD,1615046400000,0.0001
NEARUSD,1615075200006,0.0001
NEARUSD,1615104000005,0.0001
NEARUSD,1615132800008,0.0001
NEARUSD,1615161600000,0.00051728
NEARUSD,1615190400000,0.00019901
NEARUSD,1615219200006,0.00050244
NEARUSD,1615248000000,0.00016379
NEARUSD,1615276800000,0.00054929
NEARUSD,1615305600000,0.00060907
NEARUSD,1615334400009,0.00150266
NEARUSD,1615363200006,0.00032499
NEARUSD,1615392000008,0.00076602
NEARUSD,1615420800000,0.0005123
NEARUSD,1615449600000,0.00014202
NEARUSD,1615478400014,0.0001
NEARUSD,1615507200002,0.00033302
NEARUSD,1615536000005,0.00018823
NEARUSD,1615564800011,0.00032522
NEARUSD,1615593600000,0.00016716
NEARUSD,1615622400002,0.0005005
NEARUSD,1615651200000,0.00074947
NEARUSD,1615680000011,0.00090937
NEARUSD,1615708800000,0.00053197
NEARUSD,1615737600000,0.00068576
NEARUSD,1615766400012,0.00043273
NEARUSD,1615795200016,0.00071207
NEARUSD,1615824000030,0.00020337
NEARUSD,1615852800005,0.00047575
NEARUSD,1615881600008,0.0001
NEARUSD,1615910400012,0.0001
NEARUSD,1615939200010,0.00027417
NEARUSD,1615968000000,0.00018578
NEARUSD,1615996800009,0.00025208
NEARUSD,1616025600001,0.0003736
NEARUSD,1616054400000,0.00068374
NEARUSD,1616083200000,0.00090602
NEARUSD,1616112000011,0.0007851
NEARUSD,1616140800001,0.00053132
NEARUSD,1616169600000,0.00070998
NEARUSD,1616198400000,0.00085505
NEARUSD,1616227200000,0.00093321
NEARUSD,1616256000007,0.00173995
NEARUSD,1616284800000,0.00049786
NEARUSD,1616313600000,0.00046494
NEARUSD,1616342400000,0.00061333
NEARUSD,1616371200007,0.00060459
NEARUSD,1616400000001,0.00100719
NEARUSD,1616428800000,0.00130654
NEARUSD,1616457600000,0.00045822
NEARUSD,1616486400010,0.0001
NEARUSD,1616515200023,0.00044543
NEARUSD,1616544000002,0.00021301
NEARUSD,1616572800000,0.00035683
NEARUSD,1616601600000,0.00032949
NEARUSD,1616630400000,0.0001
NEARUSD,1616659200000,0.0001
NEARUSD,1616688000000,0.0001
NEARUSD,1616716800008,0.0001
NEARUSD,1616745600000,0.0001
NEARUSD,1616774400012,0.0001
NEARUSD,1616803200018,0.0001
NEARUSD,1616832000000,0.0001
NEARUSD,1616860800001,0.0001
NEARUSD,1616889600000,0.0001
NEARUSD,1616918400000,0.00016322
NEARUSD,1616947200005,0.00011796
NEARUSD,1616976000003,0.00054947
NEARUSD,1617004800000,0.00041578
NEARUSD,1617033600000,0.00035699
NEARUSD,1617062400018,0.00030662
NEARUSD,1617091200012,0.00084118
NEARUSD,1617120000001,0.00174943
NEARUSD,1617148800000,0.00129172
NEARUSD,1617177600000,0.00118465
NEARUSD,1617206400000,0.00013823
NEARUSD,1617235200025,0.0012834
NEARUSD,1617264000011,0.00117243
NEARUSD,1617292800004,0.00138346
NEARUSD,1617321600000,0.0007899
NEARUSD,1617350400000,0.00209851
NEARUSD,1617379200000,0.00156238
NEARUSD,1617408000003,0.00177389
NEARUSD,1617436800000,0.00159757
NEARUSD,1617465600000,0.00240961
NEARUSD,1617494400000,0.00038801
NEARUSD,1617523200000,0.00035799
NEARUSD,1617552000016,0.00066182
NEARUSD,1617580800000,0.00061872
NEARUSD,1617609600001,0.00090228
NEARUSD,1617638400001,0.00167599
NEARUSD,1617667200010,0.00177709
NEARUSD,1617696000000,0.00176282
NEARUSD,1617724800003,0.00141266
NEARUSD,1617753600000,0.00121231
NEARUSD,1617782400006,0.00119349
NEARUSD,1617811200004,0.00015356
NEARUSD,1617840000013,0.00016274
NEARUSD,1617868800003,0.00094826
NEARUSD,1617897600005,0.00046625
NEARUSD,1617926400000,0.00063116
NEARUSD,1617955200004,0.0011876
NEARUSD,1617984000004,0.0007661
NEARUSD,1618012800011,0.00058074
NEARUSD,1618041600005,0.00156759
NEARUSD,1618070400000,0.00139834
NEARUSD,1618099200004,0.00094585
NEARUSD,1618128000000,0.00112918
NEARUSD,1618156800000,0.001437
NEARUSD,1618185600001,0.00170461
NEARUSD,1618214400001,0.00137302
NEARUSD,1618243200008,0.00117707
NEARUSD,1618272000003,0.00128138
NEARUSD,1618300800008,0.0013463
NEARUSD,1618329600008,0.00257032
NEARUSD,1618358400008,0.00271275
NEARUSD,1618387200000,0.00312993
NEARUSD,1618416000012,0.00099656
NEARUSD,1618444800006,0.00155632
NEARUSD,1618473600000,0.00117963
NEARUSD,1618502400008,0.00220869
NEARUSD,1618531200008,0.00213311
NEARUSD,1618560000000,0.0021042
NEARUSD,1618588800002,0.00156314
NEARUSD,1618617600008,0.00274864
NEARUSD,1618646400000,0.00257357
NEARUSD,1618675200001,0.00190036
NEARUSD,1618704000006,0.00127107
NEARUSD,1618732800004,0.0001
NEARUSD,1618761600000,0.0001
NEARUSD,1618790400000,0.0001
NEARUSD,1618819200000,0.0001
NEARUSD,1618848000009,0.0001
NEARUSD,1618876800004,0.0001
NEARUSD,1618905600000,-8.939e-05
NEARUSD,1618934400001,0.0001
NEARUSD,1618963200013,0.0001
NEARUSD,1618992000001,0.0001
NEARUSD,1619020800002,0.0001
NEARUSD,1619049600000,0.0001
NEARUSD,1619078400000,0.0001
NEARUSD,1619107200001,0.0001
NEARUSD,1619136000002,0.0001
NEARUSD,1619164800009,0.0001
NEARUSD,1619193600001,0.0001
NEARUSD,1619222400019,0.0001
NEARUSD,1619251200001,0.0001
NEARUSD,1619280000011,0.0001
NEARUSD,1619308800000,0.0001
NEARUSD,1619337600010,0.0001
NEARUSD,1619366400000,0.0001
NEARUSD,1619395200003,0.0001
NEARUSD,1619424000002,0.0001
NEARUSD,1619452800004,0.0001
NEARUSD,1619481600000,0.0001
NEARUSD,1619510400000,0.0001
NEARUSD,1619539200009,0.0001
NEARUSD,1619568000000,0.0001
NEARUSD,1619596800000,0.00013955
NEARUSD,1619625600001,0.0001
NEARUSD,1619654400004,0.0001
NEARUSD,1619683200013,0.00017666
NEARUSD,1619712000003,0.0001
NEARUSD,1619740800004,0.00017415
NEARUSD,1619769600019,0.00021153
NEARUSD,1619798400003,0.00034346
NEARUSD,1619827200002,0.00027558
NEARUSD,1619856000006,0.00058825
NEARUSD,1619884800000,0.00024203
NEARUSD,1619913600010,0.0001
NEARUSD,1619942400011,0.00025619
NEARUSD,1619971200007,0.00057739
NEARUSD,1620000000003,0.00023694
NEARUSD,1620028800000,0.00066422
NEARUSD,1620057600043,0.00048051
NEARUSD,1620086400004,0.00052702
NEARUSD,1620115200003,0.0001
NEARUSD,1620144000011,0.00027229
NEARUSD,1620172800001,0.0001
NEARUSD,1620201600007,0.00019465
NEARUSD,1620230400001,0.00013855
NEARUSD,1620259200003,0.00041357
NEARUSD,1620288000001,0.00089323
NEARUSD,1620316800000,0.00098012
NEARUSD,1620345600000,0.00058241
NEARUSD,1620374400000,0.00048318
NEARUSD,1620403200001,0.00089059
NEARUSD,1620432000006,0.00065657
NEARUSD,1620460800000,0.00114988
NEARUSD,1620489600000,0.00083933
NEARUSD,1620518400005,0.00054266
NEARUSD,1620547200016,0.00020225
NEARUSD,1620576000000,0.00029871
NEARUSD,1620604800004,0.00045667
NEARUSD,1620633600000,0.00037299
NEARUSD,1620662400013,0.00058442
NEARUSD,1620691200000,0.0001
NEARUSD,1620720000000,0.0001
NEARUSD,1620748800002,0.0001
NEARUSD,1620777600004,0.0001
NEARUSD,1620806400007,0.00021715
NEARUSD,1620835200012,0.00039261
NEARUSD,1620864000016,0.0001
NEARUSD,1620892800000,0.0001
NEARUSD,1620921600008,0.0001
NEARUSD,1620950400007,0.0001
NEARUSD,1620979200001,0.0001
NEARUSD,1621008000004,0.0001
NEARUSD,1621036800022,0.0001
NEARUSD,1621065600014,0.0001
NEARUSD,1621094400002,0.00033603
NEARUSD,1621123200000,0.0001
NEARUSD,1621152000003,0.0001
NEARUSD,1621180800002,0.0001
NEARUSD,1621209600005,0.0001
NEARUSD,1621238400001,0.0001
NEARUSD,1621267200000,0.0001
NEARUSD,1621296000019,0.0001
NEARUSD,1621324800001,0.0001
NEARUSD,1621353600006,0.0001
NEARUSD,1621382400000,0.0001
NEARUSD,1621411200003,0.0001
NEARUSD,1621440000018,-0.00384187
NEARUSD,1621468800005,0.0001
NEARUSD,1621497600000,0.0001
NEARUSD,1621526400005,0.0001
NEARUSD,1621555200000,0.0001
NEARUSD,1621584000000,0.0001
NEARUSD,1621612800001,0.0001
NEARUSD,1621641600001,0.0001
NEARUSD,1621670400002,0.0001
NEARUSD,1621699200005,0.0001
NEARUSD,1621728000006,0.0001
NEARUSD,1621756800004,0.0001
NEARUSD,1621785600002,0.0001
NEARUSD,1621814400007,0.0001
NEARUSD,1621843200005,0.0001
NEARUSD,1621872000005,0.0001
NEARUSD,1621900800000,0.0001
NEARUSD,1621929600014,0.0001
NEARUSD,1621958400000,0.0001
NEARUSD,1621987200022,0.0001
NEARUSD,1622016000018,0.0001
NEARUSD,1622044800004,0.0001
NEARUSD,1622073600000,0.0001
NEARUSD,1622102400017,0.0001
NEARUSD,1622131200000,0.0001
NEARUSD,1622160000005,0.0001
NEARUSD,1622188800009,0.0001
NEARUSD,1622217600000,0.0001
NEARUSD,1622246400006,0.0001
NEARUSD,1622275200000,0.0001
NEARUSD,1622304000000,0.0001
NEARUSD,1622332800003,0.0001
NEARUSD,1622361600004,-2.358e-05
NEARUSD,1622390400018,0.0001
NEARUSD,1622419200002,0.0001
NEARUSD,1622448000000,0.0001
NEARUSD,1622476800000,0.0001
NEARUSD,1622505600001,0.0001
NEARUSD,1622534400010,0.0001
NEARUSD,1622563200010,0.0001
NEARUSD,1622592000008,0.0001
NEARUSD,1622620800000,0.0001
NEARUSD,1622649600007,0.0001
NEARUSD,1622678400019,0.0001
NEARUSD,1622707200002,0.0001
NEARUSD,1622736000003,0.0001
NEARUSD,1622764800003,0.0001
NEARUSD,1622793600006,0.0001
NEARUSD,1622822400002,0.0001
NEARUSD,1622851200000,0.0001
NEARUSD,1622880000004,0.0001
NEARUSD,1622908800020,0.0001
NEARUSD,1622937600000,0.0001
NEARUSD,1622966400004,0.0001
NEARUSD,1622995200000,0.0001
NEARUSD,1623024000007,0.0001
NEARUSD,1623052800007,0.0001
NEARUSD,1623081600003,0.0001
NEARUSD,1623110400000,4.516e-05
NEARUSD,1623139200000,9.036e-05
NEARUSD,1623168000002,0.0001
NEARUSD,1623196800009,0.0001
NEARUSD,1623225600002,0.0001
NEARUSD,1623254400000,-6.889e-05
NEARUSD,1623283200007,0.0001
NEARUSD,1623312000003,0.0001
NEARUSD,1623340800000,0.0001
NEARUSD,1623369600010,0.0001
NEARUSD,1623398400007,0.0001
NEARUSD,1623427200006,0.0001
NEARUSD,1623456000005,0.0001
NEARUSD,1623484800000,9.352e-05
NEARUSD,1623513600018,-6.22e-06
NEARUSD,1623542400002,2.521e-05
NEARUSD,1623571200000,-2.219e-05
NEARUSD,1623600000003,0.0001
NEARUSD,1623628800000,0.0001
NEARUSD,1623657600015,0.0001
NEARUSD,1623686400000,0.0001
NEARUSD,1623715200000,0.0001
NEARUSD,1623744000000,0.0001
NEARUSD,1623772800004,0.0001
NEARUSD,1623801600004,0.0001
NEARUSD,1623830400001,0.0001
NEARUSD,1623859200000,0.0001
NEARUSD,1623888000004,0.0001
NEARUSD,1623916800000,0.0001
NEARUSD,1623945600002,0.0001
NEARUSD,1623974400009,0.0001
NEARUSD,1624003200014,0.0001
NEARUSD,1624032000007,0.0001
NEARUSD,1624060800003,0.0001
NEARUSD,1624089600001,0.0001
NEARUSD,1624118400000,0.0001
NEARUSD,1624147200005,0.0001
NEARUSD,1624176000000,0.0001
NEARUSD,1624204800002,-0.00028616
NEARUSD,1624233600019,3.52e-06
NEARUSD,1624262400000,0.0001
NEARUSD,1624291200024,-0.00016864
NEARUSD,1624320000008,-0.00018817
NEARUSD,1624348800009,-2.804e-05
NEARUSD,1624377600001,0.0001
NEARUSD,1624406400003,0.0001
NEARUSD,1624435200000,0.0001
NEARUSD,1624464000000,0.0001
NEARUSD,1624492800009,0.0001
NEARUSD,1624521600018,0.0001
NEARUSD,1624550400001,0.0001
NEARUSD,1624579200009,9.896e-05
NEARUSD,1624608000004,0.0001
NEARUSD,1624636800000,0.0001
NEARUSD,1624665600007,0.0001
NEARUSD,1624694400000,0.0001
NEARUSD,1624723200002,-9.408e-05
NEARUSD,1624752000005,-0.000137
NEARUSD,1624780800010,-0.00015016
NEARUSD,1624809600001,-0.00019362
NEARUSD,1624838400025,-0.00026332
NEARUSD,1624867200017,0.0001
NEARUSD,1624896000007,0.0001
NEARUSD,1624924800008,9.241e-05
NEARUSD,1624953600000,0.0001
NEARUSD,1624982400000,0.0001
NEARUSD,1625011200011,0.0001
NEARUSD,1625040000044,0.0001
NEARUSD,1625068800005,9.738e-05
NEARUSD,1625097600000,-0.00025414
NEARUSD,1625126400004,-0.00032171
NEARUSD,1625155200028,-0.00018662
NEARUSD,1625184000002,0.0001
NEARUSD,1625212800016,0.0001
NEARUSD,1625241600007,-0.0004135
NEARUSD,1625270400008,-0.00033316
NEARUSD,1625299200000,-0.00017829
NEARUSD,1625328000004,-8.874e-05
NEARUSD,1625356800012,-0.00016756
NEARUSD,1625385600002,9.016e-05
NEARUSD,1625414400003,8.438e-05
NEARUSD,1625443200004,-5.434e-05
NEARUSD,1625472000000,-2.13e-06
NEARUSD,1625500800009,-0.00042659
NEARUSD,1625529600008,-0.00027261
NEARUSD,1625558400019,4.364e-05
NEARUSD,1625587200000,-0.00027064
NEARUSD,1625616000007,0.0001
NEARUSD,1625644800001,0.0001
NEARUSD,1625673600008,0.0001
NEARUSD,1625702400002,2.009e-05
NEARUSD,1625731200010,0.0001
NEARUSD,1625760000003,8.627e-05
NEARUSD,1625788800000,0.0001
NEARUSD,1625817600006,0.0001
NEARUSD,1625846400000,0.0001
NEARUSD,1625875200002,0.0001
NEARUSD,1625904000000,0.0001
NEARUSD,1625932800001,5.274e-05
NEARUSD,1625961600001,-2.725e-05
NEARUSD,1625990400025,4.182e-05
NEARUSD,1626019200006,0.0001
NEARUSD,1626048000000,2.709e-05
NEARUSD,1626076800021,0.0001
NEARUSD,1626105600000,5.013e-05
NEARUSD,1626134400000,-0.00013058
NEARUSD,1626163200013,0.0001
NEARUSD,1626192000005,0.0001
NEARUSD,1626220800000,0.0001
NEARUSD,1626249600000,2.117e-05
NEARUSD,1626278400005,0.0001
NEARUSD,1626307200005,-4.07e-05
NEARUSD,1626336000001,2.058e-05
NEARUSD,1626364800000,0.0001
NEARUSD,1626393600000,5.565e-05
NEARUSD,1626422400000,0.0001
NEARUSD,1626451200001,-0.0001361
NEARUSD,1626480000004,-0.00014609
NEARUSD,1626508800009,-0.00049042
NEARUSD,1626537600006,-0.00010776
NEARUSD,1626566400000,3.042e-05
NEARUSD,1626595200001,-1.378e-05
NEARUSD,1626624000003,2.65e-05
NEARUSD,1626652800002,-5.05e-06
NEARUSD,1626681600006,-0.0001247
NEARUSD,1626710400006,-6.82e-05
NEARUSD,1626739200002,7.094e-05
NEARUSD,1626768000011,-1.83e-05
NEARUSD,1626796800001,-0.00022211
NEARUSD,1626825600022,-0.00026444
NEARUSD,1626854400000,-0.00037256
NEARUSD,1626883200018,-0.00013731
NEARUSD,1626912000002,-0.00015326
NEARUSD,1626940800006,-0.00037953
NEARUSD,1626969600010,-9.779e-05
NEARUSD,1626998400013,-0.00017182
NEARUSD,1627027200000,5.338e-05
NEARUSD,1627056000005,-4.26e-05
NEARUSD,1627084800000,0.0001
NEARUSD,1627113600002,3.696e-05
NEARUSD,1627142400001,0.0001
NEARUSD,1627171200003,0.0001
NEARUSD,1627200000015,0.0001
NEARUSD,1627228800000,0.0001
NEARUSD,1627257600000,0.0001
NEARUSD,1627286400000,0.0001
NEARUSD,1627315200000,0.0001
NEARUSD,1627344000046,0.0001
NEARUSD,1627372800014,0.0001
NEARUSD,1627401600007,0.0001
NEARUSD,1627430400000,0.0001
NEARUSD,1627459200002,0.0001
NEARUSD,1627488000005,0.0001
NEARUSD,1627516800004,0.0001
NEARUSD,1627545600000,0.0001
NEARUSD,1627574400007,0.0001
NEARUSD,1627603200004,0.0001
NEARUSD,1627632000000,0.0001
NEARUSD,1627660800000,8.104e-05
NEARUSD,1627689600000,-3.938e-05
NEARUSD,1627718400014,0.0001
NEARUSD,1627747200003,0.0001
NEARUSD,1627776000005,0.0001
NEARUSD,1627804800016,0.0001
NEARUSD,1627833600001,0.0001
NEARUSD,1627862400000,0.0001
NEARUSD,1627891200014,0.0001
NEARUSD,1627920000021,0.0001
NEARUSD,1627948800000,0.0001
NEARUSD,1627977600000,0.0001
NEARUSD,1628006400009,0.0001
NEARUSD,1628035200000,0.0001
NEARUSD,1628064000000,0.0001
NEARUSD,1628092800003,0.0001
NEARUSD,1628121600000,0.0001
NEARUSD,1628150400000,0.0001
NEARUSD,1628179200001,0.0001
NEARUSD,1628208000000,0.0001
NEARUSD,1628236800004,0.0001
NEARUSD,1628265600003,0.0001
NEARUSD,1628294400015,0.0001
NEARUSD,1628323200001,0.00041728
NEARUSD,1628352000002,0.00023033
NEARUSD,1628380800000,0.0001
NEARUSD,1628409600002,0.0001
NEARUSD,1628438400018,0.0001
NEARUSD,1628467200000,0.0001
NEARUSD,1628496000000,0.0001
NEARUSD,1628524800002,0.0001
NEARUSD,1628553600000,0.0001
NEARUSD,1628582400003,0.0001
NEARUSD,1628611200000,0.0001
NEARUSD,1628640000006,0.0001
NEARUSD,1628668800003,0.00014929
NEARUSD,1628697600000,0.00026294
NEARUSD,1628726400013,0.0001
NEARUSD,1628755200001,0.00011273
NEARUSD,1628784000000,0.00026056
NEARUSD,1628812800000,0.0001
NEARUSD,1628841600000,0.0001
NEARUSD,1628870400002,0.00011362
NEARUSD,1628899200006,0.0001
NEARUSD,1628928000000,0.00027615
NEARUSD,1628956800000,0.00046383
NEARUSD,1628985600003,0.00046307
NEARUSD,1629014400000,0.00066315
NEARUSD,1629043200007,0.00047245
NEARUSD,1629072000012,0.00062517
NEARUSD,1629100800003,0.00018789
NEARUSD,1629129600010,0.00043306
NEARUSD,1629158400018,0.00018612
NEARUSD,1629187200015,0.00023915
NEARUSD,1629216000006,0.00018237
NEARUSD,1629244800000,0.0001
NEARUSD,1629273600000,0.0001
NEARUSD,1629302400011,0.0001
NEARUSD,1629331200000,0.0001
NEARUSD,1629360000014,0.0001
NEARUSD,1629388800000,0.0001
NEARUSD,1629417600000,0.0001
NEARUSD,1629446400001,0.00032451
NEARUSD,1629475200001,0.00023947
NEARUSD,1629504000005,0.00022844
NEARUSD,1629532800001,0.00072257
NEARUSD,1629561600000,0.00045424
NEARUSD,1629590400005,0.00047123
NEARUSD,1629619200007,0.00077815
NEARUSD,1629648000002,0.00071792
NEARUSD,1629676800003,0.00059827
NEARUSD,1629705600005,0.00076552
NEARUSD,1629734400002,0.00075861
NEARUSD,1629763200006,0.00067825
NEARUSD,1629792000004,0.0007839
NEARUSD,1629820800000,0.00036461
NEARUSD,1629849600015,0.0001
NEARUSD,1629878400000,0.0001
NEARUSD,1629907200000,0.0001
NEARUSD,1629936000001,0.0001
NEARUSD,1629964800016,0.00012263
NEARUSD,1629993600004,0.0001
NEARUSD,1630022400013,0.0001
NEARUSD,1630051200001,0.0001
NEARUSD,1630080000004,0.0001
NEARUSD,1630108800000,0.0001
NEARUSD,1630137600000,0.00021998
NEARUSD,1630166400000,0.00021412
NEARUSD,1630195200000,0.00042464
NEARUSD,1630224000002,0.00019788
NEARUSD,1630252800005,0.00038234
NEARUSD,1630281600013,0.00039614
NEARUSD,1630310400008,0.00058878
NEARUSD,1630339200000,0.00019149
NEARUSD,1630368000000,0.00045047
NEARUSD,1630396800007,0.00013002
NEARUSD,1630425600003,0.0001
NEARUSD,1630454400000,0.0001
NEARUSD,1630483200006,0.00041939
NEARUSD,1630512000000,0.00019064
NEARUSD,1630540800009,0.00017297
NEARUSD,1630569600006,0.00100524
NEARUSD,1630598400007,0.00084767
NEARUSD,1630627200011,0.00041116
NEARUSD,1630656000000,0.00067375
NEARUSD,1630684800002,0.000843
NEARUSD,1630713600003,0.0009247
NEARUSD,1630742400008,0.00102962
NEARUSD,1630771200009,0.00101469
NEARUSD,1630800000002,0.00120088
NEARUSD,1630828800002,0.0009358
NEARUSD,1630857600000,0.00113349
NEARUSD,1630886400003,0.00094653
NEARUSD,1630915200008,0.00074046
NEARUSD,1630944000009,0.00022672
NEARUSD,1630972800004,0.00038744
NEARUSD,1631001600002,0.00045341
NEARUSD,1631030400001,-0.00481102
NEARUSD,1631059200005,0.00030635
NEARUSD,1631088000000,0.00015879
NEARUSD,1631116800000,0.00017317
NEARUSD,1631145600006,0.0001
NEARUSD,1631174400014,0.0001
NEARUSD,1631203200002,0.0001
NEARUSD,1631232000001,0.0002442
NEARUSD,1631260800018,0.0001
NEARUSD,1631289600006,0.0001
NEARUSD,1631318400000,0.0001
NEARUSD,1631347200001,0.0001
NEARUSD,1631376000000,0.0001
NEARUSD,1631404800000,0.0001
NEARUSD,1631433600002,0.0001
NEARUSD,1631462400000,0.0001
NEARUSD,1631491200000,0.0001
NEARUSD,1631520000007,0.0001
NEARUSD,1631548800005,0.0001
NEARUSD,1631577600002,0.0001
NEARUSD,1631606400000,0.0001
NEARUSD,1631635200007,0.0001
NEARUSD,1631664000012,0.0001
NEARUSD,1631692800003,0.0001
NEARUSD,1631721600006,0.0001
NEARUSD,1631750400008,0.0001
NEARUSD,1631779200005,0.0001
NEARUSD,1631808000002,0.0001
NEARUSD,1631836800000,0.0001
NEARUSD,1631865600047,0.0001
NEARUSD,1631894400013,0.0001
NEARUSD,1631923200000,0.00010829
NEARUSD,1631952000010,0.0001
NEARUSD,1631980800005,0.0001
NEARUSD,1632009600006,0.00034182
NEARUSD,1632038400015,0.0001
NEARUSD,1632067200007,0.0001
NEARUSD,1632096000018,0.00024607
NEARUSD,1632124800000,0.0001
NEARUSD,1632153600005,0.0001
NEARUSD,1632182400005,0.0001
NEARUSD,1632211200007,0.0001
NEARUSD,1632240000000,0.0001
NEARUSD,1632268800005,0.0001
NEARUSD,1632297600006,0.0001
NEARUSD,1632326400000,0.0001
NEARUSD,1632355200003,9.227e-05
NEARUSD,1632384000000,0.0001
NEARUSD,1632412800007,0.0001
NEARUSD,1632441600000,0.0001
NEARUSD,1632470400017,0.0001
NEARUSD,1632499200000,0.0001
NEARUSD,1632528000007,-0.00014578
NEARUSD,1632556800002,0.0001
NEARUSD,1632585600004,0.0001
NEARUSD,1632614400013,-4.302e-05
NEARUSD,1632643200000,0.0001
NEARUSD,1632672000005,0.0001
NEARUSD,1632700800000,0.0001
NEARUSD,1632729600001,0.0001
NEARUSD,1632758400000,0.0001
NEARUSD,1632787200000,0.0001
NEARUSD,1632816000014,0.0001
NEARUSD,1632844800000,0.0001
NEARUSD,1632873600000,0.0001
NEARUSD,1632902400002,0.0001
NEARUSD,1632931200000,0.0001
NEARUSD,1632960000000,0.0001
NEARUSD,1632988800004,0.0001
NEARUSD,1633017600005,0.0001
NEARUSD,1633046400012,0.0001
NEARUSD,1633075200008,0.0001
NEARUSD,1633104000000,0.0001
NEARUSD,1633132800000,0.0001
NEARUSD,1633161600002,0.0001
NEARUSD,1633190400011,0.0001
NEARUSD,1633219200019,0.0001
NEARUSD,1633248000011,0.0001
NEARUSD,1633276800004,0.0001
NEARUSD,1633305600004,0.0001
NEARUSD,1633334400000,0.0001
NEARUSD,1633363200000,0.0001
NEARUSD,1633392000007,0.0001
NEARUSD,1633420800007,0.0001
NEARUSD,1633449600004,0.00023008
NEARUSD,1633478400002,0.0001
NEARUSD,1633507200000,0.0001
NEARUSD,1633536000003,0.0001
NEARUSD,1633564800007,0.0001
NEARUSD,1633593600002,0.00042509
NEARUSD,1633622400000,0.00055631
NEARUSD,1633651200011,0.00020035
NEARUSD,1633680000003,0.0003753
NEARUSD,1633708800002,0.00058362
NEARUSD,1633737600006,0.00045497
NEARUSD,1633766400003,0.00040898
NEARUSD,1633795200000,0.00046632
NEARUSD,1633824000000,0.00042914
NEARUSD,1633852800008,0.00028587
NEARUSD,1633881600000,0.00045848
NEARUSD,1633910400002,0.0001
NEARUSD,1633939200001,0.00013384
NEARUSD,1633968000006,0.0001
NEARUSD,1633996800008,0.0001
NEARUSD,1634025600013,0.0001
NEARUSD,1634054400003,0.0001
NEARUSD,1634083200003,0.0001
NEARUSD,1634112000015,0.0001
NEARUSD,1634140800000,0.0001
NEARUSD,1634169600011,0.0001
NEARUSD,1634198400017,0.00011031
NEARUSD,1634227200000,0.00025235
NEARUSD,1634256000005,0.0001
NEARUSD,1634284800002,0.00018457
NEARUSD,1634313600005,0.00019186
NEARUSD,1634342400009,0.00033653
NEARUSD,1634371200000,0.0006633
NEARUSD,1634400000003,0.00053482
NEARUSD,1634428800001,0.00032752
NEARUSD,1634457600002,0.00058343
NEARUSD,1634486400002,0.00051454
NEARUSD,1634515200006,0.0001
NEARUSD,1634544000004,0.00030395
NEARUSD,1634572800001,0.00014085
NEARUSD,1634601600002,0.00033958
NEARUSD,1634630400000,0.00042949
NEARUSD,1634659200000,0.00024365
NEARUSD,1634688000017,0.00017598
NEARUSD,1634716800004,0.00025275
NEARUSD,1634745600020,0.0005605
NEARUSD,1634774400000,0.00070243
NEARUSD,1634803200000,0.00071909
NEARUSD,1634832000008,0.00087793
NEARUSD,1634860800005,0.00017348
NEARUSD,1634889600005,0.0003506
NEARUSD,1634918400018,0.00034292
NEARUSD,1634947200005,0.00046745
NEARUSD,1634976000001,0.00052487
NEARUSD,1635004800004,0.0005686
NEARUSD,1635033600006,0.00045145
NEARUSD,1635062400012,0.0004151
NEARUSD,1635091200001,0.00029781
NEARUSD,1635120000012,0.00019271
NEARUSD,1635148800002,0.00056946
NEARUSD,1635177600022,0.00055175
NEARUSD,1635206400005,0.0007639
NEARUSD,1635235200016,0.00084874
NEARUSD,1635264000000,0.00087472
NEARUSD,1635292800004,0.00089254
NEARUSD,1635321600000,0.00111936
NEARUSD,1635350400002,0.0001
NEARUSD,1635379200002,0.0001
NEARUSD,1635408000000,0.00012897
NEARUSD,1635436800005,0.0001
NEARUSD,1635465600000,0.0001
NEARUSD,1635494400007,0.0001
NEARUSD,1635523200001,0.00012033
NEARUSD,1635552000000,0.0001
NEARUSD,1635580800001,0.00040326
NEARUSD,1635609600013,0.00034355
NEARUSD,1635638400008,0.00032061
NEARUSD,1635667200010,0.0007151
NEARUSD,1635696000001,0.00024776
NEARUSD,1635724800009,0.00021229
NEARUSD,1635753600014,0.0001
NEARUSD,1635782400001,0.00036516
NEARUSD,1635811200000,0.00050803
NEARUSD,1635840000007,0.00052071
NEARUSD,1635868800010,0.00061859
NEARUSD,1635897600019,0.00061485
NEARUSD,1635926400000,0.00049222
NEARUSD,1635955200005,0.00047735
NEARUSD,1635984000006,0.00032235
NEARUSD,1636012800004,0.00053268
NEARUSD,1636041600004,0.00062094
NEARUSD,1636070400000,0.00041242
NEARUSD,1636099200013,0.00043988
NEARUSD,1636128000016,0.00050078
NEARUSD,1636156800010,0.0003882
NEARUSD,1636185600000,0.00056602
NEARUSD,1636214400007,0.00017367
NEARUSD,1636243200013,0.00029066
NEARUSD,1636272000005,0.00050219
NEARUSD,1636300800004,0.00054727
NEARUSD,1636329600001,0.00071335
NEARUSD,1636358400000,0.00083566
NEARUSD,1636387200000,0.00069831
NEARUSD,1636416000000,0.00038339
NEARUSD,1636444800014,0.00090347
NEARUSD,1636473600001,0.00048687
NEARUSD,1636502400000,0.00056152
NEARUSD,1636531200003,0.00047654
NEARUSD,1636560000001,0.0005891
NEARUSD,1636588800008,0.0001
NEARUSD,1636617600012,0.0001
NEARUSD,1636646400007,0.00037069
NEARUSD,1636675200000,0.0001
NEARUSD,1636704000000,0.00028141
NEARUSD,1636732800004,0.00017588
NEARUSD,1636761600000,0.0001
NEARUSD,1636790400004,0.00036613
NEARUSD,1636819200006,0.0001
NEARUSD,1636848000010,0.0001
NEARUSD,1636876800001,0.0001
NEARUSD,1636905600000,0.0001
NEARUSD,1636934400008,0.0004458
NEARUSD,1636963200000,0.00052507
NEARUSD,1636992000000,0.00065501
NEARUSD,1637020800000,0.00059047
NEARUSD,1637049600001,0.00021138
NEARUSD,1637078400018,0.0001
NEARUSD,1637107200005,0.0001
NEARUSD,1637136000007,0.0001
NEARUSD,1637164800003,0.0001
NEARUSD,1637193600017,0.0001
NEARUSD,1637222400007,0.0001
NEARUSD,1637251200011,0.0001
NEARUSD,1637280000000,0.0001
NEARUSD,1637308800000,0.00011053
NEARUSD,1637337600005,0.0001
NEARUSD,1637366400012,0.0001
NEARUSD,1637395200000,0.0001
NEARUSD,1637424000007,0.00012423
NEARUSD,1637452800000,0.00016486
NEARUSD,1637481600006,0.0001
NEARUSD,1637510400000,0.00030696
NEARUSD,1637539200004,0.00025942
NEARUSD,1637568000000,0.0001
NEARUSD,1637596800000,0.0001
NEARUSD,1637625600004,0.0001
NEARUSD,1637654400010,0.0001
NEARUSD,1637683200005,0.00026692
NEARUSD,1637712000001,0.00044604
NEARUSD,1637740800003,0.00035845
NEARUSD,1637769600010,0.0001
NEARUSD,1637798400000,0.0001
NEARUSD,1637827200010,0.00036591
NEARUSD,1637856000000,0.00025281
NEARUSD,1637884800000,0.00052688
NEARUSD,1637913600000,0.00044006
NEARUSD,1637942400016,0.0001
NEARUSD,1637971200005,0.0001
NEARUSD,1638000000008,0.00017159
NEARUSD,1638028800007,0.0001
NEARUSD,1638057600018,0.0001
NEARUSD,1638086400000,0.0001
NEARUSD,1638115200004,0.0001
NEARUSD,1638144000002,0.0001
NEARUSD,1638172800004,0.0001
NEARUSD,1638201600000,0.0001
NEARUSD,1638230400000,0.0001
NEARUSD,1638259200006,0.0001
NEARUSD,1638288000000,0.0001
NEARUSD,1638316800000,0.0001
NEARUSD,1638345600000,0.00018952
NEARUSD,1638374400001,0.00014541
NEARUSD,1638403200000,0.00024463
NEARUSD,1638432000007,0.00020715
NEARUSD,1638460800008,0.00017431
NEARUSD,1638489600004,0.0001
NEARUSD,1638518400002,0.0001
NEARUSD,1638547200006,0.0001
NEARUSD,1638576000006,0.0001
NEARUSD,1638604800004,0.0001
NEARUSD,1638633600000,0.0001
NEARUSD,1638662400003,0.0001
NEARUSD,1638691200008,0.0001
NEARUSD,1638720000007,0.0001
NEARUSD,1638748800009,0.0001
NEARUSD,1638777600001,0.0001
NEARUSD,1638806400000,0.0001
NEARUSD,1638835200018,0.0001
NEARUSD,1638864000000,0.0001
NEARUSD,1638892800000,0.0001
NEARUSD,1638921600000,0.0001
NEARUSD,1638950400018,0.0001
NEARUSD,1638979200010,0.0001
NEARUSD,1639008000010,0.0001
NEARUSD,1639036800000,0.0001
NEARUSD,1639065600000,0.0001
NEARUSD,1639094400000,0.0001
NEARUSD,1639123200008,0.0001
NEARUSD,1639152000012,0.0001
NEARUSD,1639180800009,0.0001
NEARUSD,1639209600008,0.0001
NEARUSD,1639238400000,0.0001
NEARUSD,1639267200001,0.0001
NEARUSD,1639296000015,0.0001
NEARUSD,1639324800011,0.0001
NEARUSD,1639353600006,0.0001
NEARUSD,1639382400019,0.0001
NEARUSD,1639411200000,0.0001
NEARUSD,1639440000004,0.0001
NEARUSD,1639468800000,0.0001
NEARUSD,1639497600015,0.0001
NEARUSD,1639526400000,0.0001
NEARUSD,1639555200008,0.0001
NEARUSD,1639584000005,0.0001
NEARUSD,1639612800006,0.0001
NEARUSD,1639641600009,0.0001
NEARUSD,1639670400000,0.0001
NEARUSD,1639699200000,0.0001
NEARUSD,1639728000005,0.0001
NEARUSD,1639756800006,0.0001
NEARUSD,1639785600014,0.0001
NEARUSD,1639814400012,0.0001
NEARUSD,1639843200000,0.0001
NEARUSD,1639872000031,0.0001
NEARUSD,1639900800000,0.0001
NEARUSD,1639929600003,0.0001
NEARUSD,1639958400015,0.0001
NEARUSD,1639987200007,0.0001
NEARUSD,1640016000005,0.0001
NEARUSD,1640044800003,0.0001
NEARUSD,1640073600012,0.0001
NEARUSD,1640102400005,0.0001
NEARUSD,1640131200000,0.0001
NEARUSD,1640160000001,0.0001
NEARUSD,1640188800006,0.0001
NEARUSD,1640217600011,0.0001
NEARUSD,1640246400000,0.0001
NEARUSD,1640275200000,0.0001
NEARUSD,1640304000005,0.0001
NEARUSD,1640332800000,0.0001
NEARUSD,1640361600011,0.0001
NEARUSD,1640390400000,0.0001
NEARUSD,1640419200001,0.0001
NEARUSD,1640448000005,0.0001
NEARUSD,1640476800004,0.0001
NEARUSD,1640505600002,0.0001
NEARUSD,1640534400000,0.0001
NEARUSD,1640563200002,0.0001
NEARUSD,1640592000005,2.27e-05
NEARUSD,1640620800000,2.721e-05
NEARUSD,1640649600000,3.08e-05
NEARUSD,1640678400012,0.0001
NEARUSD,1640707200000,0.0001
NEARUSD,1640736000006,0.0001
NEARUSD,1640764800003,0.0001
NEARUSD,1640793600004,0.0001
NEARUSD,1640822400003,0.0001
NEARUSD,1640851200001,0.0001
NEARUSD,1640880000017,9.72e-06
NEARUSD,1640908800006,9.285e-05
NEARUSD,1640937600009,0.0001
NEARUSD,1640966400000,-3.459e-05
NEARUSD,1640995200006,-4.974e-05
NEARUSD,1641024000009,-0.00012047
NEARUSD,1641052800000,-0.00010763
NEARUSD,1641081600028,0.0001
NEARUSD,1641110400000,0.0001
NEARUSD,1641139200000,0.0001
NEARUSD,1641168000010,0.0001
NEARUSD,1641196800013,0.0001
NEARUSD,1641225600018,0.0001
NEARUSD,1641254400000,0.0001
NEARUSD,1641283200010,0.0001
NEARUSD,1641312000002,-8.842e-05
NEARUSD,1641340800001,0.0001
NEARUSD,1641369600017,0.0001
NEARUSD,1641398400000,0.0001
NEARUSD,1641427200002,0.0001
NEARUSD,1641456000021,-0.0001471
NEARUSD,1641484800006,0.0001
NEARUSD,1641513600005,-6.462e-05
NEARUSD,1641542400000,4.904e-05
NEARUSD,1641571200001,0.0001
NEARUSD,1641600000014,0.0001
NEARUSD,1641628800013,0.0001
NEARUSD,1641657600000,0.0001
NEARUSD,1641686400003,-1.457e-05
NEARUSD,1641715200000,0.0001
NEARUSD,1641744000000,0.0001
NEARUSD,1641772800000,-6.52e-06
NEARUSD,1641801600010,2.551e-05
NEARUSD,1641830400007,0.0001
NEARUSD,1641859200013,4.445e-05
NEARUSD,1641888000004,2.978e-05
NEARUSD,1641916800000,-5.177e-05
NEARUSD,1641945600012,-0.00014461
NEARUSD,1641974400015,0.0001
NEARUSD,1642003200000,0.0001
NEARUSD,1642032000007,0.0001
NEARUSD,1642060800000,0.0001
NEARUSD,1642089600014,0.0001
NEARUSD,1642118400000,0.0001
NEARUSD,1642147200006,0.0001
NEARUSD,1642176000014,0.0001
NEARUSD,1642204800000,3.793e-05
NEARUSD,1642233600002,8.43e-05
NEARUSD,1642262400000,3.602e-05
NEARUSD,1642291200000,3.268e-05
NEARUSD,1642320000017,0.0001
NEARUSD,1642348800011,0.0001
NEARUSD,1642377600005,0.0001
NEARUSD,1642406400006,0.0001
NEARUSD,1642435200012,0.0001
NEARUSD,1642464000020,0.0001
NEARUSD,1642492800000,1.867e-05
NEARUSD,1642521600013,0.0001
NEARUSD,1642550400001,1.367e-05
NEARUSD,1642579200000,-0.00040212
NEARUSD,1642608000000,-0.00012589
NEARUSD,1642636800015,0.0001
NEARUSD,1642665600000,-0.00019957
NEARUSD,1642694400000,7.28e-06
NEARUSD,1642723200007,-2.964e-05
NEARUSD,1642752000015,3.463e-05
NEARUSD,1642780800000,0.0001
NEARUSD,1642809600017,0.0001
NEARUSD,1642838400003,-0.00015708
NEARUSD,1642867200021,-0.00032533
NEARUSD,1642896000026,-0.00020781
NEARUSD,1642924800010,-0.0004986
NEARUSD,1642953600009,-0.0003177
NEARUSD,1642982400010,-9.741e-05
NEARUSD,1643011200000,-0.00023338
NEARUSD,1643040000021,-0.00032006
NEARUSD,1643068800000,-0.00031792
NEARUSD,1643097600000,-0.00023445
NEARUSD,1643126400012,-0.00038743
NEARUSD,1643155200000,-0.00024668
NEARUSD,1643184000001,-0.00026722
NEARUSD,1643212800005,-0.00068876
NEARUSD,1643241600004,-0.00057653
NEARUSD,1643270400004,-0.00073607
NEARUSD,1643299200019,-0.00101767
NEARUSD,1643328000000,-2.578e-05
NEARUSD,1643356800000,-5.244e-05
NEARUSD,1643385600025,4.174e-05
NEARUSD,1643414400017,-6.378e-05
NEARUSD,1643443200000,-0.00012242
NEARUSD,1643472000013,0.0001
NEARUSD,1643500800025,7.4e-05
NEARUSD,1643529600009,0.0001
NEARUSD,1643558400000,0.0001
NEARUSD,1643587200000,-3.169e-05
NEARUSD,1643616000000,0.0001
NEARUSD,1643644800000,6.784e-05
NEARUSD,1643673600010,5.659e-05
NEARUSD,1643702400000,0.0001
NEARUSD,1643731200004,0.0001
NEARUSD,1643760000004,0.0001
NEARUSD,1643788800000,0.0001
NEARUSD,1643817600002,0.0001
NEARUSD,1643846400002,0.0001
NEARUSD,1643875200000,-1.59e-06
NEARUSD,1643904000000,6.749e-05
NEARUSD,1643932800018,-0.00011242
NEARUSD,1643961600005,9.869e-05
NEARUSD,1643990400010,0.0001
NEARUSD,1644019200014,0.0001
NEARUSD,1644048000000,0.0001
NEARUSD,1644076800000,0.0001
NEARUSD,1644105600000,0.0001
NEARUSD,1644134400000,0.0001
NEARUSD,1644163200000,0.0001
NEARUSD,1644192000003,3.702e-05
NEARUSD,1644220800014,0.0001
NEARUSD,1644249600003,4.444e-05
NEARUSD,1644278400001,-3.571e-05
NEARUSD,1644307200003,0.0001
NEARUSD,1644336000002,0.0001
NEARUSD,1644364800000,-6.448e-05
NEARUSD,1644393600005,0.0001
NEARUSD,1644422400001,-5.003e-05
NEARUSD,1644451200012,-0.00012257
NEARUSD,1644480000000,0.0001
NEARUSD,1644508800006,-0.00013426
NEARUSD,1644537600000,-8.753e-05
NEARUSD,1644566400009,1.965e-05
NEARUSD,1644595200015,8.349e-05
NEARUSD,1644624000020,-0.00014092
NEARUSD,1644652800001,0.0001
NEARUSD,1644681600007,3.872e-05
NEARUSD,1644710400022,-5.05e-05
NEARUSD,1644739200001,-0.00011828
NEARUSD,1644768000007,2.578e-05
NEARUSD,1644796800005,-0.00018488
NEARUSD,1644825600013,0.0001
NEARUSD,1644854400019,9.543e-05
NEARUSD,1644883200012,-9.024e-05
NEARUSD,1644912000005,-0.00011165
NEARUSD,1644940800011,-0.00028363
NEARUSD,1644969600009,-0.00016213
NEARUSD,1644998400001,0.0001
NEARUSD,1645027200014,0.0001
NEARUSD,1645056000018,0.0001
NEARUSD,1645084800000,0.0001
NEARUSD,1645113600010,-2.795e-05
NEARUSD,1645142400000,-0.00044133
NEARUSD,1645171200002,-0.00016885
NEARUSD,1645200000000,7.45e-05
NEARUSD,1645228800007,3.87e-06
NEARUSD,1645257600000,0.0001
NEARUSD,1645286400023,0.0001
NEARUSD,1645315200001,3.741e-05
NEARUSD,1645344000003,-8.8e-07
NEARUSD,1645372800001,5.007e-05
NEARUSD,1645401600000,-5.72e-06
NEARUSD,1645430400001,-0.00018729
NEARUSD,1645459200005,1.88e-06
NEARUSD,1645488000005,-0.00018273
NEARUSD,1645516800000,-0.00037748
NEARUSD,1645545600000,-0.00033883
NEARUSD,1645574400002,-0.00017521
NEARUSD,1645603200005,-0.00030779
NEARUSD,1645632000010,-0.0002051
NEARUSD,1645660800008,-0.00017351
NEARUSD,1645689600003,-8.22e-05
NEARUSD,1645718400001,-0.00012707
NEARUSD,1645747200000,-1.45e-06
NEARUSD,1645776000006,1.592e-05
NEARUSD,1645804800001,8.439e-05
NEARUSD,1645833600004,5.873e-05
NEARUSD,1645862400004,9.273e-05
NEARUSD,1645891200007,8.435e-05
NEARUSD,1645920000012,0.0001
NEARUSD,1645948800000,-1.79e-06
NEARUSD,1645977600000,1.819e-05
NEARUSD,1646006400000,-0.00016547
NEARUSD,1646035200001,-0.00013583
NEARUSD,1646064000002,8.286e-05
NEARUSD,1646092800002,0.0001
NEARUSD,1646121600001,0.0001
NEARUSD,1646150400000,0.0001
NEARUSD,1646179200000,0.0001
NEARUSD,1646208000000,0.0001
NEARUSD,1646236800002,0.0001
NEARUSD,1646265600000,0.0001
NEARUSD,1646294400000,0.0001
NEARUSD,1646323200005,0.0001
NEARUSD,1646352000018,0.0001
NEARUSD,1646380800000,0.0001
NEARUSD,1646409600000,0.0001
NEARUSD,1646438400006,-7.622e-05
NEARUSD,1646467200004,-0.00020317
NEARUSD,1646496000000,-9.931e-05
NEARUSD,1646524800004,-7.778e-05
NEARUSD,1646553600000,8.145e-05
NEARUSD,1646582400013,8.913e-05
NEARUSD,1646611200008,-9.008e-05
NEARUSD,1646640000006,-2.18e-05
NEARUSD,1646668800000,-4.25e-05
NEARUSD,1646697600008,2.985e-05
NEARUSD,1646726400002,-2.028e-05
NEARUSD,1646755200000,6.423e-05
NEARUSD,1646784000008,-4.014e-05
NEARUSD,1646812800000,-7.589e-05
NEARUSD,1646841600004,0.0001
NEARUSD,1646870400000,0.0001
NEARUSD,1646899200017,0.0001
NEARUSD,1646928000000,0.0001
NEARUSD,1646956800008,4.527e-05
NEARUSD,1646985600000,-0.00017148
NEARUSD,1647014400001,0.0001
NEARUSD,1647043200010,-0.00047078
NEARUSD,1647072000001,-0.00019871
NEARUSD,1647100800002,-6.858e-05
NEARUSD,1647129600008,-0.00017602
NEARUSD,1647158400000,-0.00014232
NEARUSD,1647187200002,8.142e-05
NEARUSD,1647216000014,-1.729e-05
NEARUSD,1647244800005,-0.00035187
NEARUSD,1647273600002,7.663e-05
NEARUSD,1647302400008,1.124e-05
NEARUSD,1647331200000,6.548e-05
NEARUSD,1647360000006,0.0001
NEARUSD,1647388800013,9.522e-05
NEARUSD,1647417600000,-3.54e-05
NEARUSD,1647446400008,-0.00033211
NEARUSD,1647475200004,-1.38e-05
NEARUSD,1647504000000,0.0001
NEARUSD,1647532800004,0.0001
NEARUSD,1647561600000,2.139e-05
NEARUSD,1647590400000,0.0001
NEARUSD,1647619200017,4.155e-05
NEARUSD,1647648000008,0.0001
NEARUSD,1647676800015,0.0001
NEARUSD,1647705600000,0.0001
NEARUSD,1647734400000,0.0001
NEARUSD,1647763200001,0.0001
NEARUSD,1647792000002,0.0001
NEARUSD,1647820800013,0.0001
NEARUSD,1647849600004,6.031e-05
NEARUSD,1647878400010,0.0001
NEARUSD,1647907200012,7.419e-05
NEARUSD,1647936000001,0.0001
NEARUSD,1647964800022,0.0001
NEARUSD,1647993600007,6.145e-05
NEARUSD,1648022400000,0.0001
NEARUSD,1648051200006,0.0001
NEARUSD,1648080000013,0.0001
NEARUSD,1648108800006,0.0001
NEARUSD,1648137600020,0.0001
NEARUSD,1648166400010,0.0001
NEARUSD,1648195200001,0.0001
NEARUSD,1648224000014,9.476e-05
NEARUSD,1648252800020,0.0001
NEARUSD,1648281600006,0.0001
NEARUSD,1648310400000,0.0001
NEARUSD,1648339200004,0.0001
NEARUSD,1648368000001,0.0001
NEARUSD,1648396800006,9.925e-05
NEARUSD,1648425600012,6.525e-05
NEARUSD,1648454400007,0.0001
NEARUSD,1648483200000,0.0001
NEARUSD,1648512000000,0.0001
NEARUSD,1648540800015,0.0001
NEARUSD,1648569600000,0.0001
NEARUSD,1648598400000,0.0001
NEARUSD,1648627200002,0.0001
NEARUSD,1648656000028,0.0001
NEARUSD,1648684800017,0.0001
NEARUSD,1648713600000,0.0001
NEARUSD,1648742400015,0.0001
NEARUSD,1648771200000,0.0001
NEARUSD,1648800000000,0.0001
NEARUSD,1648828800018,0.0001
NEARUSD,1648857600000,0.0001
NEARUSD,1648886400002,0.0001
NEARUSD,1648915200006,0.0003165
NEARUSD,1648944000018,0.0001
NEARUSD,1648972800018,0.0001
NEARUSD,1649001600015,0.0001
NEARUSD,1649030400006,0.0001
NEARUSD,1649059200000,0.0001
NEARUSD,1649088000016,0.0001
NEARUSD,1649116800000,0.0001
NEARUSD,1649145600010,0.0001
NEARUSD,1649174400008,0.0001
NEARUSD,1649203200001,0.0001
NEARUSD,1649232000021,0.0001
NEARUSD,1649260800000,0.0001
NEARUSD,1649289600009,-8.9e-06
NEARUSD,1649318400000,-0.00016086
NEARUSD,1649347200000,0.0001
NEARUSD,1649376000000,9.856e-05
NEARUSD,1649404800004,-0.00036976
NEARUSD,1649433600008,0.0001
NEARUSD,1649462400008,0.0001
NEARUSD,1649491200000,0.0001
NEARUSD,1649520000001,0.0001
NEARUSD,1649548800004,-0.00015723
NEARUSD,1649577600007,0.0001
NEARUSD,1649606400016,0.0001
NEARUSD,1649635200000,-8.482e-05
NEARUSD,1649664000000,3.575e-05
NEARUSD,1649692800009,0.0001
NEARUSD,1649721600000,9.731e-05
NEARUSD,1649750400006,0.0001
NEARUSD,1649779200013,0.0001
NEARUSD,1649808000005,-7.896e-05
NEARUSD,1649836800008,0.0001
NEARUSD,1649865600013,-1.172e-05
NEARUSD,1649894400007,0.0001
NEARUSD,1649923200000,0.0001
NEARUSD,1649952000006,0.0001
NEARUSD,1649980800008,-0.00010741
NEARUSD,1650009600002,0.0001
NEARUSD,1650038400000,5.503e-05
NEARUSD,1650067200011,0.0001
NEARUSD,1650096000007,4.087e-05
NEARUSD,1650124800007,0.0001
NEARUSD,1650153600000,0.0001
NEARUSD,1650182400004,0.0001
NEARUSD,1650211200000,0.0001
NEARUSD,1650240000008,0.0001
NEARUSD,1650268800012,0.0001
NEARUSD,1650297600000,0.0001
NEARUSD,1650326400021,0.0001
NEARUSD,1650355200031,0.0001
NEARUSD,1650384000000,0.0001
NEARUSD,1650412800025,0.0001
NEARUSD,1650441600003,0.0001
NEARUSD,1650470400000,0.0001
NEARUSD,1650499200000,0.0001
NEARUSD,1650528000000,0.0001
NEARUSD,1650556800024,0.0001
NEARUSD,1650585600008,0.0001
NEARUSD,1650614400008,0.0001
NEARUSD,1650643200008,0.0001
NEARUSD,1650672000000,0.0001
NEARUSD,1650700800000,0.0001
NEARUSD,1650729600012,0.0001
NEARUSD,1650758400004,0.0001
NEARUSD,1650787200003,0.0001
NEARUSD,1650816000000,0.0001
NEARUSD,1650844800008,0.0001
NEARUSD,1650873600018,0.0001
NEARUSD,1650902400000,3.359e-05
NEARUSD,1650931200014,-8.99e-06
NEARUSD,1650960000000,0.0001
NEARUSD,1650988800017,0.0001
NEARUSD,1651017600012,-5.248e-05
NEARUSD,1651046400000,-0.00027009
NEARUSD,1651075200002,-0.00019622
NEARUSD,1651104000000,-0.00022309
NEARUSD,1651132800004,0.0001
NEARUSD,1651161600030,-0.00014981
NEARUSD,1651190400000,-0.00023248
NEARUSD,1651219200016,4.901e-05
NEARUSD,1651248000010,7.696e-05
NEARUSD,1651276800000,-1.279e-05
NEARUSD,1651305600005,-3.95e-06
NEARUSD,1651334400015,1.204e-05
NEARUSD,1651363200000,-0.00031691
NEARUSD,1651392000000,-0.00052957
NEARUSD,1651420800010,-0.00059121
NEARUSD,1651449600018,-0.00016381
NEARUSD,1651478400007,-0.00036809
NEARUSD,1651507200000,-0.00057471
NEARUSD,1651536000006,-0.00023623
NEARUSD,1651564800000,-0.00013817
NEARUSD,1651593600021,-0.00012386
NEARUSD,1651622400007,-0.00018406
NEARUSD,1651651200011,-0.00011385
NEARUSD,1651680000000,-0.00019179
NEARUSD,1651708800005,-9.36e-06
NEARUSD,1651737600019,0.0001
NEARUSD,1651766400005,0.0001
NEARUSD,1651795200005,-0.00016254
NEARUSD,1651824000001,-2.087e-05
NEARUSD,1651852800010,-0.00011189
NEARUSD,1651881600004,-0.00016607
NEARUSD,1651910400016,-8.805e-05
NEARUSD,1651939200011,-0.00024194
NEARUSD,1651968000000,-0.0001569
NEARUSD,1651996800007,-6.329e-05
NEARUSD,1652025600015,5.189e-05
NEARUSD,1652054400000,4.321e-05
NEARUSD,1652083200001,-0.0003551
NEARUSD,1652112000000,0.0001
NEARUSD,1652140800000,-0.00010116
NEARUSD,1652169600007,-0.00023113
NEARUSD,1652198400008,1.8e-07
NEARUSD,1652227200004,-0.00011544
NEARUSD,1652256000007,-0.00030054
NEARUSD,1652284800008,-0.00465909
NEARUSD,1652313600014,-0.00162133
NEARUSD,1652342400000,-0.00458897
NEARUSD,1652371200007,-0.00074073
NEARUSD,1652400000014,-0.00023089
NEARUSD,1652428800001,-0.00049644
NEARUSD,1652457600000,-0.00039268
NEARUSD,1652486400000,-0.00098482
NEARUSD,1652515200000,-0.00094569
NEARUSD,1652544000001,-0.00082233
NEARUSD,1652572800000,-0.00064262
NEARUSD,1652601600000,-0.00028466
NEARUSD,1652630400000,-0.0005813
NEARUSD,1652659200021,-0.00016229
NEARUSD,1652688000013,-0.00024903
NEARUSD,1652716800006,-0.0004082
NEARUSD,1652745600000,-0.00067519
NEARUSD,1652774400010,-0.00030257
NEARUSD,1652803200023,-0.00036117
NEARUSD,1652832000003,-0.00071907
NEARUSD,1652860800024,-0.00034153
NEARUSD,1652889600014,-0.00015893
NEARUSD,1652918400000,-0.0002647
NEARUSD,1652947200008,-0.00012432
NEARUSD,1652976000015,-0.00015705
NEARUSD,1653004800001,0.0001
NEARUSD,1653033600003,-5.241e-05
NEARUSD,1653062400012,-0.00015272
NEARUSD,1653091200008,-0.00031219
NEARUSD,1653120000001,-0.00024734
NEARUSD,1653148800007,-0.000179
NEARUSD,1653177600003,-0.00016246
NEARUSD,1653206400016,-0.00013805
NEARUSD,1653235200000,-4.254e-05
NEARUSD,1653264000011,-0.00015965
NEARUSD,1653292800000,-1.985e-05
NEARUSD,1653321600023,-0.00010041
NEARUSD,1653350400011,-0.0002646
NEARUSD,1653379200000,-0.00020169
NEARUSD,1653408000009,-0.00026851
NEARUSD,1653436800001,-0.00017578
NEARUSD,1653465600000,-6.775e-05
NEARUSD,1653494400015,-0.00015769
NEARUSD,1653523200005,-0.000235
NEARUSD,1653552000001,-0.00017574
NEARUSD,1653580800000,-0.00024677
NEARUSD,1653609600007,-0.00026842
NEARUSD,1653638400008,-0.00034673
NEARUSD,1653667200000,-0.00027253
NEARUSD,1653696000018,-0.00044739
NEARUSD,1653724800016,-0.0004041
NEARUSD,1653753600013,-0.00018241
NEARUSD,1653782400000,-0.0004581
NEARUSD,1653811200025,-0.00036606
NEARUSD,1653840000002,-0.00026367
NEARUSD,1653868800000,-0.00016425
NEARUSD,1653897600013,-0.00039568
NEARUSD,1653926400005,-5.111e-05
NEARUSD,1653955200016,-0.00031153
NEARUSD,1653984000000,0.0001
NEARUSD,1654012800000,7.613e-05
NEARUSD,1654041600000,-0.00012399
NEARUSD,1654070400011,0.0001
NEARUSD,1654099200000,-8.96e-06
NEARUSD,1654128000000,-7.836e-05
NEARUSD,1654156800006,-0.00029683
NEARUSD,1654185600021,-0.00011637
NEARUSD,1654214400016,-0.0001697
NEARUSD,1654243200016,-6.732e-05
NEARUSD,1654272000012,-0.00027581
NEARUSD,1654300800005,-8.369e-05
NEARUSD,1654329600000,-0.000109
NEARUSD,1654358400007,-0.00016511
NEARUSD,1654387200005,-0.0001104
NEARUSD,1654416000015,-1.174e-05
NEARUSD,1654444800000,-6.274e-05
NEARUSD,1654473600000,-0.00016979
NEARUSD,1654502400017,8.32e-05
NEARUSD,1654531200000,7.69e-05
NEARUSD,1654560000000,2.161e-05
NEARUSD,1654588800011,-0.00013299
NEARUSD,1654617600000,-5.389e-05
NEARUSD,1654646400008,5.278e-05
NEARUSD,1654675200020,4.017e-05
NEARUSD,1654704000012,0.0001
NEARUSD,1654732800000,0.0001
NEARUSD,1654761600000,-3.738e-05
NEARUSD,1654790400000,9.894e-05
NEARUSD,1654819200009,8.117e-05
NEARUSD,1654848000000,0.0001
NEARUSD,1654876800006,-0.00028185
NEARUSD,1654905600018,-0.00018648
NEARUSD,1654934400014,-0.00025922
NEARUSD,1654963200000,-4.509e-05
NEARUSD,1654992000015,-0.00028812
NEARUSD,1655020800019,-0.00022618
NEARUSD,1655049600010,-0.00026892
NEARUSD,1655078400009,-0.00031185
NEARUSD,1655107200000,-0.00046413
NEARUSD,1655136000007,-0.00075657
NEARUSD,1655164800013,-0.00015282
NEARUSD,1655193600008,-0.00018961
NEARUSD,1655222400006,-0.00015588
NEARUSD,1655251200000,-0.00028584
NEARUSD,1655280000016,-0.0006747
NEARUSD,1655308800008,-0.00023338
NEARUSD,1655337600009,-0.00019325
NEARUSD,1655366400016,8.889e-05
NEARUSD,1655395200000,-0.00033039
NEARUSD,1655424000008,-0.00037734
NEARUSD,1655452800003,-0.00087284
NEARUSD,1655481600000,-0.00098291
NEARUSD,1655510400020,-0.00037679
NEARUSD,1655539200025,-0.0008647
NEARUSD,1655568000014,-0.00061813
NEARUSD,1655596800012,-0.00123454
NEARUSD,1655625600012,-0.0003402
NEARUSD,1655654400008,-0.00037846
NEARUSD,1655683200016,-0.00057625
NEARUSD,1655712000000,-0.00039787
NEARUSD,1655740800013,6.76e-06
NEARUSD,1655769600012,-2.353e-05
NEARUSD,1655798400018,2.12e-05
NEARUSD,1655827200010,-6.747e-05
NEARUSD,1655856000000,-0.00013542
NEARUSD,1655884800001,-8.246e-05
NEARUSD,1655913600012,-0.00012311
NEARUSD,1655942400000,-0.00017384
NEARUSD,1655971200000,-3.94e-05
NEARUSD,1656000000016,-2.194e-05
NEARUSD,1656028800005,4.43e-05
NEARUSD,1656057600004,5.826e-05
NEARUSD,1656086400018,1.032e-05
NEARUSD,1656115200001,2.064e-05
NEARUSD,1656144000010,-0.00015614
NEARUSD,1656172800000,0.0001
NEARUSD,1656201600002,-0.00020691
NEARUSD,1656230400016,-0.00018559
NEARUSD,1656259200006,-0.00035081
NEARUSD,1656288000008,-0.00038828
NEARUSD,1656316800000,-0.0003473
NEARUSD,1656345600016,-7.47e-05
NEARUSD,1656374400016,-0.00022979
NEARUSD,1656403200001,-4.81e-05
NEARUSD,1656432000005,-6.146e-05
NEARUSD,1656460800000,-0.00025499
NEARUSD,1656489600013,-9.697e-05
NEARUSD,1656518400000,-0.00012375
NEARUSD,1656547200000,-2.692e-05
NEARUSD,1656576000000,-7.149e-05
NEARUSD,1656604800000,-0.00026534
NEARUSD,1656633600001,-6.758e-05
NEARUSD,1656662400017,-0.00026268
NEARUSD,1656691200005,-0.0002355
NEARUSD,1656720000000,-0.00011729
NEARUSD,1656748800000,-0.00019368
NEARUSD,1656777600008,-0.00016298
NEARUSD,1656806400015,-0.00017529
NEARUSD,1656835200004,-0.00032998
NEARUSD,1656864000005,-0.00018782
NEARUSD,1656892800021,1.208e-05
NEARUSD,1656921600001,-0.00013701
NEARUSD,1656950400000,-8.5e-06
NEARUSD,1656979200000,1.417e-05
NEARUSD,1657008000000,0.0001
NEARUSD,1657036800015,5.555e-05
NEARUSD,1657065600006,3.234e-05
NEARUSD,1657094400000,-7.58e-05
NEARUSD,1657123200000,-7.116e-05
NEARUSD,1657152000010,-3.686e-05
NEARUSD,1657180800010,0.0001
NEARUSD,1657209600011,3.75e-05
NEARUSD,1657238400008,6.926e-05
NEARUSD,1657267200009,0.0001
NEARUSD,1657296000000,-0.00016519
NEARUSD,1657324800000,-0.00014092
NEARUSD,1657353600000,2.065e-05
NEARUSD,1657382400009,0.0001
NEARUSD,1657411200001,7.171e-05
NEARUSD,1657440000002,0.0001
NEARUSD,1657468800001,0.0001
NEARUSD,1657497600000,-2.796e-05
NEARUSD,1657526400003,3.435e-05
NEARUSD,1657555200001,-0.00017788
NEARUSD,1657584000000,-0.00010364
NEARUSD,1657612800021,-0.00032037
NEARUSD,1657641600000,-0.00029799
NEARUSD,1657670400012,-0.00021671
NEARUSD,1657699200022,-0.00027501
NEARUSD,1657728000005,-0.00053046
NEARUSD,1657756800017,-0.00028683
NEARUSD,1657785600001,-0.00019433
NEARUSD,1657814400000,-0.00031342
NEARUSD,1657843200004,-0.00019127
NEARUSD,1657872000019,-6.702e-05
NEARUSD,1657900800017,-0.00016318
NEARUSD,1657929600021,3.56e-06
NEARUSD,1657958400014,6.229e-05
NEARUSD,1657987200005,-0.00024716
NEARUSD,1658016000000,-9.55e-05
NEARUSD,1658044800003,-1.976e-05
NEARUSD,1658073600007,4.693e-05
NEARUSD,1658102400001,4.31e-05
NEARUSD,1658131200004,-0.00013807
NEARUSD,1658160000019,8.608e-05
NEARUSD,1658188800000,0.0001
NEARUSD,1658217600000,0.0001
NEARUSD,1658246400001,0.0001
NEARUSD,1658275200004,-2.28e-05
NEARUSD,1658304000000,7.309e-05
NEARUSD,1658332800003,-6.596e-05
NEARUSD,1658361600000,9.89e-05
NEARUSD,1658390400018,0.0001
NEARUSD,1658419200011,8.025e-05
NEARUSD,1658448000014,-2.267e-05
NEARUSD,1658476800000,4.822e-05
NEARUSD,1658505600000,6.192e-05
NEARUSD,1658534400004,-7.156e-05
NEARUSD,1658563200002,-0.00013914
NEARUSD,1658592000001,8.405e-05
NEARUSD,1658620800000,-0.00013922
NEARUSD,1658649600011,-5.637e-05
NEARUSD,1658678400000,-0.00016259
NEARUSD,1658707200000,-4.387e-05
NEARUSD,1658736000014,-0.00017552
NEARUSD,1658764800006,-8.397e-05
NEARUSD,1658793600010,4.814e-05
NEARUSD,1658822400000,0.0001
NEARUSD,1658851200000,-0.00017322
NEARUSD,1658880000008,-9.834e-05
NEARUSD,1658908800000,-0.00026732
NEARUSD,1658937600003,-0.00018608
NEARUSD,1658966400009,-0.00019366
NEARUSD,1658995200008,-7.343e-05
NEARUSD,1659024000013,-8.152e-05
NEARUSD,1659052800000,6.104e-05
NEARUSD,1659081600000,0.0001
NEARUSD,1659110400000,8.507e-05
NEARUSD,1659139200005,9.138e-05
NEARUSD,1659168000009,-0.00012757
NEARUSD,1659196800000,0.0001
NEARUSD,1659225600022,1.659e-05
NEARUSD,1659254400011,-0.0002511
NEARUSD,1659283200019,-3.921e-05
NEARUSD,1659312000010,-8.73e-05
NEARUSD,1659340800019,-3.596e-05
NEARUSD,1659369600017,-0.00018216
NEARUSD,1659398400000,-0.00027114
NEARUSD,1659427200007,-0.00023117
NEARUSD,1659456000014,-9.498e-05
NEARUSD,1659484800001,-2.464e-05
NEARUSD,1659513600020,6.6e-06
NEARUSD,1659542400008,-0.00024546
NEARUSD,1659571200001,5.256e-05
NEARUSD,1659600000009,0.0001
NEARUSD,1659628800015,0.0001
NEARUSD,1659657600005,1e-08
NEARUSD,1659686400000,-0.0001398
NEARUSD,1659715200000,9.219e-05
NEARUSD,1659744000021,0.0001
NEARUSD,1659772800000,0.0001
NEARUSD,1659801600015,0.0001
NEARUSD,1659830400013,0.0001
NEARUSD,1659859200000,0.0001
NEARUSD,1659888000014,2.982e-05
NEARUSD,1659916800009,-9.347e-05
NEARUSD,1659945600006,-0.00019252
NEARUSD,1659974400000,2.204e-05
NEARUSD,1660003200020,0.0001
NEARUSD,1660032000000,3.096e-05
NEARUSD,1660060800000,0.0001
NEARUSD,1660089600000,3.5e-07
NEARUSD,1660118400016,-1.781e-05
NEARUSD,1660147200018,-0.00043056
NEARUSD,1660176000012,-0.00022496
NEARUSD,1660204800000,-0.0002337
NEARUSD,1660233600000,-0.00026972
NEARUSD,1660262400006,4.487e-05
NEARUSD,1660291200000,9.146e-05
NEARUSD,1660320000005,0.0001
NEARUSD,1660348800012,-3.89e-06
NEARUSD,1660377600006,-0.00011822
NEARUSD,1660406400018,-2.248e-05
NEARUSD,1660435200000,0.0001
NEARUSD,1660464000000,4.273e-05
NEARUSD,1660492800000,-0.00020448
NEARUSD,1660521600010,-0.00024092
NEARUSD,1660550400002,3.029e-05
NEARUSD,1660579200010,6.911e-05
NEARUSD,1660608000010,7.89e-05
NEARUSD,1660636800002,0.0001
NEARUSD,1660665600000,0.0001
NEARUSD,1660694400020,0.0001
NEARUSD,1660723200016,0.0001
NEARUSD,1660752000001,0.0001
NEARUSD,1660780800005,0.0001
NEARUSD,1660809600012,0.0001
NEARUSD,1660838400013,7.618e-05
NEARUSD,1660867200000,8.526e-05
NEARUSD,1660896000000,-3.187e-05
NEARUSD,1660924800009,8.702e-05
NEARUSD,1660953600000,9.692e-05
NEARUSD,1660982400005,0.0001
NEARUSD,1661011200000,0.0001
NEARUSD,1661040000010,-4.304e-05
NEARUSD,1661068800013,1.418e-05
NEARUSD,1661097600000,-8.374e-05
NEARUSD,1661126400011,6.66e-05
NEARUSD,1661155200005,0.0001
NEARUSD,1661184000005,0.0001
NEARUSD,1661212800000,0.0001
NEARUSD,1661241600021,7.272e-05
NEARUSD,1661270400005,0.0001
NEARUSD,1661299200017,0.0001
NEARUSD,1661328000021,0.0001
NEARUSD,1661356800000,9.547e-05
NEARUSD,1661385600003,0.0001
NEARUSD,1661414400000,0.0001
NEARUSD,1661443200004,0.0001
NEARUSD,1661472000001,0.0001
NEARUSD,1661500800004,0.0001
NEARUSD,1661529600000,0.0001
NEARUSD,1661558400010,3.479e-05
NEARUSD,1661587200007,7.131e-05
NEARUSD,1661616000008,0.0001
NEARUSD,1661644800019,0.0001
NEARUSD,1661673600000,0.0001
NEARUSD,1661702400000,9.076e-05
NEARUSD,1661731200000,8.3e-06
NEARUSD,1661760000000,-3.42e-06
NEARUSD,1661788800001,-2.137e-05
NEARUSD,1661817600001,7.57e-06
NEARUSD,1661846400005,6.08e-06
NEARUSD,1661875200010,0.0001
NEARUSD,1661904000000,4.916e-05
NEARUSD,1661932800005,4.182e-05
NEARUSD,1661961600013,-4.325e-05
NEARUSD,1661990400012,-3.87e-06
NEARUSD,1662019200000,0.0001
NEARUSD,1662048000013,0.0001
NEARUSD,1662076800002,0.0001
NEARUSD,1662105600013,0.0001
NEARUSD,1662134400000,9.6e-07
NEARUSD,1662163200000,1.037e-05
NEARUSD,1662192000002,0.0001
NEARUSD,1662220800007,0.0001
NEARUSD,1662249600008,0.0001
NEARUSD,1662278400009,0.0001
NEARUSD,1662307200000,0.0001
NEARUSD,1662336000015,4.48e-05
NEARUSD,1662364800013,0.0001
NEARUSD,1662393600007,1.284e-05
NEARUSD,1662422400018,-2.47e-05
NEARUSD,1662451200020,0.0001
NEARUSD,1662480000028,0.0001
NEARUSD,1662508800013,3.555e-05
NEARUSD,1662537600022,0.0001
NEARUSD,1662566400021,3.634e-05
NEARUSD,1662595200010,9.709e-05
NEARUSD,1662624000000,0.0001
NEARUSD,1662652800003,0.0001
NEARUSD,1662681600011,0.0001
NEARUSD,1662710400000,0.0001
NEARUSD,1662739200000,7.728e-05
NEARUSD,1662768000003,8.77e-05
NEARUSD,1662796800000,0.0001
NEARUSD,1662825600012,0.0001
NEARUSD,1662854400009,0.0001
NEARUSD,1662883200012,0.0001
NEARUSD,1662912000005,0.0001
NEARUSD,1662940800007,0.0001
NEARUSD,1662969600013,0.0001
NEARUSD,1662998400000,0.0001
NEARUSD,1663027200004,8.275e-05
NEARUSD,1663056000000,0.0001
NEARUSD,1663084800000,9.612e-05
NEARUSD,1663113600000,4.985e-05
NEARUSD,1663142400000,6.475e-05
NEARUSD,1663171200000,-1.92e-06
NEARUSD,1663200000019,8.027e-05
NEARUSD,1663228800012,9.034e-05
NEARUSD,1663257600007,3.188e-05
NEARUSD,1663286400000,-4.145e-05
NEARUSD,1663315200000,-1.228e-05
NEARUSD,1663344000000,9.733e-05
NEARUSD,1663372800000,-4.016e-05
NEARUSD,1663401600012,-1.491e-05
NEARUSD,1663430400017,-4.633e-05
NEARUSD,1663459200000,7.242e-05
NEARUSD,1663488000004,8.498e-05
NEARUSD,1663516800000,7.901e-05
NEARUSD,1663545600018,2.963e-05
NEARUSD,1663574400006,-8.206e-05
NEARUSD,1663603200010,-0.00016203
NEARUSD,1663632000007,3.698e-05
NEARUSD,1663660800001,7.624e-05
NEARUSD,1663689600000,7.409e-05
NEARUSD,1663718400001,-3.433e-05
NEARUSD,1663747200005,-5.5e-06
NEARUSD,1663776000000,-5.434e-05
NEARUSD,1663804800000,-0.00039532
NEARUSD,1663833600000,-0.00024272
NEARUSD,1663862400011,-6.917e-05
NEARUSD,1663891200023,-0.00012054
NEARUSD,1663920000004,9.915e-05
NEARUSD,1663948800005,-7.187e-05
NEARUSD,1663977600000,-0.00026424
NEARUSD,1664006400005,-3.019e-05
NEARUSD,1664035200000,-7.482e-05
NEARUSD,1664064000010,-4.111e-05
NEARUSD,1664092800000,-0.00018206
NEARUSD,1664121600003,-7.788e-05
NEARUSD,1664150400001,-5.144e-05
NEARUSD,1664179200006,-9.194e-05
NEARUSD,1664208000000,-7.096e-05
NEARUSD,1664236800026,0.0001
NEARUSD,1664265600004,-9.42e-06
NEARUSD,1664294400006,4.01e-05
NEARUSD,1664323200011,-0.00022436
NEARUSD,1664352000000,-8.646e-05
NEARUSD,1664380800000,-0.00018916
NEARUSD,1664409600010,8.079e-05
NEARUSD,1664438400000,0.0001
NEARUSD,1664467200000,0.0001
NEARUSD,1664496000006,0.0001
NEARUSD,1664524800002,0.0001
NEARUSD,1664553600007,7.807e-05
NEARUSD,1664582400008,8.008e-05
NEARUSD,1664611200011,0.0001
NEARUSD,1664640000000,0.0001
NEARUSD,1664668800000,0.0001
NEARUSD,1664697600000,0.0001
NEARUSD,1664726400006,0.0001
NEARUSD,1664755200000,0.0001
NEARUSD,1664784000014,-8.31e-06
NEARUSD,1664812800010,4.002e-05
NEARUSD,1664841600006,2.716e-05
NEARUSD,1664870400004,0.0001
NEARUSD,1664899200013,0.0001
NEARUSD,1664928000000,9.5e-05
NEARUSD,1664956800000,0.0001
NEARUSD,1664985600012,3.498e-05
NEARUSD,1665014400008,-4.853e-05
NEARUSD,1665043200002,0.0001
NEARUSD,1665072000006,-4.912e-05
NEARUSD,1665100800000,0.0001
NEARUSD,1665129600000,0.0001
NEARUSD,1665158400007,9.541e-05
NEARUSD,1665187200010,3.569e-05
NEARUSD,1665216000004,0.0001
NEARUSD,1665244800018,0.0001
NEARUSD,1665273600000,0.0001
NEARUSD,1665302400007,0.0001
NEARUSD,1665331200011,0.0001
NEARUSD,1665360000018,0.0001
NEARUSD,1665388800000,0.0001
NEARUSD,1665417600026,0.0001
NEARUSD,1665446400020,0.0001
NEARUSD,1665475200027,1.884e-05
NEARUSD,1665504000000,5.793e-05
NEARUSD,1665532800014,0.0001
NEARUSD,1665561600000,0.0001
NEARUSD,1665590400000,0.0001
NEARUSD,1665619200013,0.0001
NEARUSD,1665648000016,0.0001
NEARUSD,1665676800009,-0.00035939
NEARUSD,1665705600020,-7.322e-05
NEARUSD,1665734400000,-4.522e-05
NEARUSD,1665763200009,-3.388e-05
NEARUSD,1665792000001,-4.108e-05
NEARUSD,1665820800005,3.191e-05
NEARUSD,1665849600004,0.0001
NEARUSD,1665878400012,9.741e-05
NEARUSD,1665907200000,0.0001
NEARUSD,1665936000010,0.0001
NEARUSD,1665964800012,3.179e-05
NEARUSD,1665993600010,0.0001
NEARUSD,1666022400017,8.31e-05
NEARUSD,1666051200010,0.0001
NEARUSD,1666080000008,0.0001
NEARUSD,1666108800000,0.0001
NEARUSD,1666137600007,5.599e-05
NEARUSD,1666166400022,0.0001
NEARUSD,1666195200016,6.03e-05
NEARUSD,1666224000000,-2.103e-05
NEARUSD,1666252800013,8.149e-05
NEARUSD,1666281600000,-8.21e-06
NEARUSD,1666310400005,0.0001
NEARUSD,1666339200018,7.892e-05
NEARUSD,1666368000000,2.885e-05
NEARUSD,1666396800000,0.0001
NEARUSD,1666425600015,0.0001
NEARUSD,1666454400000,0.0001
NEARUSD,1666483200025,0.0001
NEARUSD,1666512000000,0.0001
NEARUSD,1666540800004,0.0001
NEARUSD,1666569600009,4.322e-05
NEARUSD,1666598400012,0.0001
NEARUSD,1666627200002,6.576e-05
NEARUSD,1666656000013,8.759e-05
NEARUSD,1666684800013,0.0001
NEARUSD,1666713600000,1.306e-05
NEARUSD,1666742400006,0.0001
NEARUSD,1666771200013,3.275e-05
NEARUSD,1666800000000,2.494e-05
NEARUSD,1666828800009,8.885e-05
NEARUSD,1666857600006,0.0001
NEARUSD,1666886400009,0.0001
NEARUSD,1666915200000,0.0001
NEARUSD,1666944000000,7.416e-05
NEARUSD,1666972800007,6.34e-06
NEARUSD,1667001600000,0.0001
NEARUSD,1667030400003,0.0001
NEARUSD,1667059200010,0.0001
NEARUSD,1667088000000,0.0001
NEARUSD,1667116800013,0.0001
NEARUSD,1667145600009,0.0001
NEARUSD,1667174400012,0.0001
NEARUSD,1667203200000,0.0001
NEARUSD,1667232000010,9.08e-05
NEARUSD,1667260800000,4.617e-05
NEARUSD,1667289600000,1.558e-05
NEARUSD,1667318400000,0.0001
NEARUSD,1667347200000,6.902e-05
NEARUSD,1667376000000,-2.593e-05
NEARUSD,1667404800019,-7.415e-05
NEARUSD,1667433600011,-0.00012785
NEARUSD,1667462400016,-4.871e-05
NEARUSD,1667491200005,0.0001
NEARUSD,1667520000000,0.0001
NEARUSD,1667548800004,2.321e-05
NEARUSD,1667577600020,5.289e-05
NEARUSD,1667606400009,-2.499e-05
NEARUSD,1667635200007,6.015e-05
NEARUSD,1667664000018,-2.351e-05
NEARUSD,1667692800009,3.289e-05
NEARUSD,1667721600000,0.0001
NEARUSD,1667750400010,0.0001
NEARUSD,1667779200012,0.0001
NEARUSD,1667808000014,2.264e-05
NEARUSD,1667836800006,-2.93e-06
NEARUSD,1667865600000,-3.841e-05
NEARUSD,1667894400001,-0.00024116
NEARUSD,1667923200005,-0.00015866
NEARUSD,1667952000000,-0.00144243
NEARUSD,1667980800013,-8.904e-05
NEARUSD,1668009600004,-0.00178755
NEARUSD,1668038400006,-0.00227294
NEARUSD,1668067200000,-0.00144677
NEARUSD,1668096000015,-0.00039791
NEARUSD,1668124800000,-0.00079247
NEARUSD,1668153600015,-0.00038183
NEARUSD,1668182400027,-9.495e-05
NEARUSD,1668211200007,4.119e-05
NEARUSD,1668240000016,5.801e-05
NEARUSD,1668268800000,1.655e-05
NEARUSD,1668297600004,0.0001
NEARUSD,1668326400000,0.0001
NEARUSD,1668355200017,0.0001
NEARUSD,1668384000000,0.0001
NEARUSD,1668412800000,0.0001
NEARUSD,1668441600000,0.0001
NEARUSD,1668470400014,0.0001
NEARUSD,1668499200009,0.0001
NEARUSD,1668528000010,0.0001
NEARUSD,1668556800011,0.0001
NEARUSD,1668585600004,0.0001
NEARUSD,1668614400008,0.0001
NEARUSD,1668643200000,0.0001
NEARUSD,1668672000000,0.0001
NEARUSD,1668700800006,0.0001
NEARUSD,1668729600004,-5.17e-06
NEARUSD,1668758400016,0.0001
NEARUSD,1668787200000,0.0001
NEARUSD,1668816000000,8.034e-05
NEARUSD,1668844800004,0.0001
NEARUSD,1668873600024,0.0001
NEARUSD,1668902400015,0.0001
NEARUSD,1668931200004,0.0001
NEARUSD,1668960000000,7.259e-05
NEARUSD,1668988800006,3.539e-05
NEARUSD,1669017600015,3.325e-05
NEARUSD,1669046400000,3.626e-05
NEARUSD,1669075200000,-6.68e-06
NEARUSD,1669104000000,0.0001
NEARUSD,1669132800000,0.0001
NEARUSD,1669161600000,6.795e-05
NEARUSD,1669190400011,8.25e-05
NEARUSD,1669219200014,7.52e-05
NEARUSD,1669248000007,-4.28e-06
NEARUSD,1669276800014,0.0001
NEARUSD,1669305600013,0.0001
NEARUSD,1669334400004,0.0001
NEARUSD,1669363200015,0.0001
NEARUSD,1669392000000,0.0001
NEARUSD,1669420800011,0.0001
NEARUSD,1669449600000,0.0001
NEARUSD,1669478400000,0.0001
NEARUSD,1669507200012,6.1e-06
NEARUSD,1669536000000,0.0001
NEARUSD,1669564800003,-5.043e-05
NEARUSD,1669593600015,0.0001
NEARUSD,1669622400004,-0.00021664
NEARUSD,1669651200011,5.58e-06
NEARUSD,1669680000000,0.0001
NEARUSD,1669708800015,0.0001
NEARUSD,1669737600000,0.0001
NEARUSD,1669766400007,0.0001
NEARUSD,1669795200000,0.0001
NEARUSD,1669824000015,0.0001
NEARUSD,1669852800001,7.431e-05
NEARUSD,1669881600006,0.0001
NEARUSD,1669910400000,9.875e-05
NEARUSD,1669939200001,3.663e-05
NEARUSD,1669968000016,0.0001
NEARUSD,1669996800017,0.0001
NEARUSD,1670025600006,1.797e-05
NEARUSD,1670054400000,0.0001
NEARUSD,1670083200011,0.0001
NEARUSD,1670112000006,-8.755e-05
NEARUSD,1670140800000,7.369e-05
NEARUSD,1670169600006,8.7e-05
NEARUSD,1670198400002,2.977e-05
NEARUSD,1670227200011,0.0001
NEARUSD,1670256000008,0.0001
NEARUSD,1670284800014,8.43e-05
NEARUSD,1670313600027,0.0001
NEARUSD,1670342400009,2.368e-05
NEARUSD,1670371200000,5.366e-05
NEARUSD,1670400000000,0.0001
NEARUSD,1670428800000,7.623e-05
NEARUSD,1670457600006,-4.925e-05
NEARUSD,1670486400000,3.863e-05
NEARUSD,1670515200014,-0.00011878
NEARUSD,1670544000017,-1.772e-05
NEARUSD,1670572800005,0.0001
NEARUSD,1670601600000,1.933e-05
NEARUSD,1670630400009,0.0001
NEARUSD,1670659200010,0.0001
NEARUSD,1670688000001,-4.49e-06
NEARUSD,1670716800011,0.0001
NEARUSD,1670745600007,4.656e-05
NEARUSD,1670774400011,0.0001
NEARUSD,1670803200000,0.0001
NEARUSD,1670832000004,-1.609e-05
NEARUSD,1670860800000,1.272e-05
NEARUSD,1670889600000,-0.00020739
NEARUSD,1670918400018,3.076e-05
NEARUSD,1670947200011,0.0001
NEARUSD,1670976000010,0.0001
NEARUSD,1671004800015,0.0001
NEARUSD,1671033600004,0.0001
NEARUSD,1671062400000,0.0001
NEARUSD,1671091200023,0.0001
NEARUSD,1671120000010,0.0001
NEARUSD,1671148800016,0.0001
NEARUSD,1671177600011,0.0001
NEARUSD,1671206400001,5.658e-05
NEARUSD,1671235200001,-0.00019009
NEARUSD,1671264000011,-0.00017395
NEARUSD,1671292800011,-0.00010438
NEARUSD,1671321600008,-0.00024918
NEARUSD,1671350400001,-5.538e-05
NEARUSD,1671379200012,-2.485e-05
NEARUSD,1671408000000,-1.167e-05
NEARUSD,1671436800000,-0.00019799
NEARUSD,1671465600000,-1.587e-05
NEARUSD,1671494400005,0.0001
NEARUSD,1671523200016,0.0001
NEARUSD,1671552000000,1.993e-05
NEARUSD,1671580800007,-0.00013285
NEARUSD,1671609600012,0.0001
NEARUSD,1671638400017,-3.3e-06
NEARUSD,1671667200004,9.949e-05
NEARUSD,1671696000000,0.0001
NEARUSD,1671724800001,0.0001
NEARUSD,1671753600018,0.0001
NEARUSD,1671782400000,9.304e-05
NEARUSD,1671811200000,3.891e-05
NEARUSD,1671840000001,0.0001
NEARUSD,1671868800007,0.0001
NEARUSD,1671897600008,0.0001
NEARUSD,1671926400000,2.678e-05
NEARUSD,1671955200013,0.0001
NEARUSD,1671984000000,0.0001
NEARUSD,1672012800001,0.0001
NEARUSD,1672041600000,-0.00011048
NEARUSD,1672070400005,2.896e-05
NEARUSD,1672099200005,2.338e-05
NEARUSD,1672128000010,0.0001
NEARUSD,1672156800006,6.027e-05
NEARUSD,1672185600010,0.0001
NEARUSD,1672214400010,0.0001
NEARUSD,1672243200010,0.0001
NEARUSD,1672272000011,0.0001
NEARUSD,1672300800000,0.0001
NEARUSD,1672329600008,0.0001
NEARUSD,1672358400000,4.197e-05
NEARUSD,1672387200000,0.0001
NEARUSD,1672416000000,-0.00013439
NEARUSD,1672444800014,3.89e-06
NEARUSD,1672473600000,9.434e-05
NEARUSD,1672502400000,-7.481e-05
NEARUSD,1672531200000,3.809e-05
NEARUSD,1672560000008,-0.00020445
NEARUSD,1672588800000,-0.00016405
NEARUSD,1672617600000,-0.00035913
NEARUSD,1672646400008,3.581e-05
NEARUSD,1672675200015,1.899e-05
NEARUSD,1672704000003,2.969e-05
NEARUSD,1672732800018,0.0001
NEARUSD,1672761600000,0.0001
NEARUSD,1672790400000,-0.00010693
NEARUSD,1672819200016,-8.91e-06
NEARUSD,1672848000011,-0.00195869
NEARUSD,1672876800009,-0.0002473
NEARUSD,1672905600011,3.269e-05
NEARUSD,1672934400000,8.999e-05
NEARUSD,1672963200005,0.0001
NEARUSD,1672992000001,0.0001
NEARUSD,1673020800000,0.0001
NEARUSD,1673049600006,3.438e-05
NEARUSD,1673078400017,0.0001
NEARUSD,1673107200000,1.973e-05
NEARUSD,1673136000015,4.2e-07
NEARUSD,1673164800000,0.0001
NEARUSD,1673193600010,-2.84e-06
NEARUSD,1673222400003,0.0001
NEARUSD,1673251200000,0.0001
NEARUSD,1673280000006,0.0001
NEARUSD,1673308800003,0.0001
NEARUSD,1673337600021,0.0001
NEARUSD,1673366400000,0.0001
NEARUSD,1673395200011,0.0001
NEARUSD,1673424000006,0.0001
NEARUSD,1673452800004,0.0001
NEARUSD,1673481600000,0.0001
NEARUSD,1673510400000,0.0001
NEARUSD,1673539200000,0.0001
NEARUSD,1673568000004,0.0001
NEARUSD,1673596800000,0.0001
NEARUSD,1673625600018,0.0001
NEARUSD,1673654400000,0.0001
NEARUSD,1673683200001,0.00064288
NEARUSD,1673712000000,0.0001
NEARUSD,1673740800010,0.00015785
NEARUSD,1673769600002,0.00040907
NEARUSD,1673798400000,0.00016012
NEARUSD,1673827200010,0.0001
NEARUSD,1673856000007,0.0003007
NEARUSD,1673884800000,0.0001
NEARUSD,1673913600004,0.0001
NEARUSD,1673942400005,0.0001
NEARUSD,1673971200001,0.0001
NEARUSD,1674000000008,0.0001
NEARUSD,1674028800009,0.0001
NEARUSD,1674057600017,0.0001
NEARUSD,1674086400000,0.0001
NEARUSD,1674115200015,0.0001
NEARUSD,1674144000012,0.0001
NEARUSD,1674172800000,0.0001
NEARUSD,1674201600000,0.0001
NEARUSD,1674230400000,0.0001
NEARUSD,1674259200013,0.0001
NEARUSD,1674288000001,0.00037171
NEARUSD,1674316800016,0.0001
NEARUSD,1674345600000,0.0001
NEARUSD,1674374400000,0.0001
NEARUSD,1674403200023,0.0001
NEARUSD,1674432000014,0.0001
NEARUSD,1674460800014,0.0001
NEARUSD,1674489600016,0.0001
NEARUSD,1674518400008,0.0001
NEARUSD,1674547200008,0.0001
NEARUSD,1674576000000,0.0001
NEARUSD,1674604800012,0.0001
NEARUSD,1674633600000,0.0001
NEARUSD,1674662400010,0.0001
NEARUSD,1674691200010,0.0001
NEARUSD,1674720000003,0.0001
NEARUSD,1674748800020,0.0001
NEARUSD,1674777600008,0.0001
NEARUSD,1674806400000,0.00014762
NEARUSD,1674835200000,0.0001
NEARUSD,1674864000009,0.00025825
NEARUSD,1674892800018,0.00028041
NEARUSD,1674921600005,0.0001
NEARUSD,1674950400011,0.0001
NEARUSD,1674979200000,0.0001
NEARUSD,1675008000008,0.0001
NEARUSD,1675036800001,0.0001
NEARUSD,1675065600000,0.0001
NEARUSD,1675094400000,0.0001
NEARUSD,1675123200005,0.0001
NEARUSD,1675152000000,0.0001
NEARUSD,1675180800007,0.0001
NEARUSD,1675209600013,0.0001
NEARUSD,1675238400000,0.0001
NEARUSD,1675267200012,0.0001
NEARUSD,1675296000004,0.0001
NEARUSD,1675324800023,0.00011363
NEARUSD,1675353600003,0.0001
NEARUSD,1675382400010,0.0001
NEARUSD,1675411200000,0.0001
NEARUSD,1675440000000,0.0001
NEARUSD,1675468800010,0.0001
NEARUSD,1675497600000,0.0001
NEARUSD,1675526400000,0.0001
NEARUSD,1675555200016,0.0001
NEARUSD,1675584000009,0.0001
NEARUSD,1675612800018,0.0001
NEARUSD,1675641600001,0.0001
NEARUSD,1675670400000,0.0001
NEARUSD,1675699200012,0.0001
NEARUSD,1675728000004,0.0001
NEARUSD,1675756800011,0.0001
NEARUSD,1675785600018,0.0001
NEARUSD,1675814400009,0.0001
NEARUSD,1675843200010,0.0001
NEARUSD,1675872000000,0.0001
NEARUSD,1675900800014,0.0001
NEARUSD,1675929600006,0.0001
NEARUSD,1675958400001,0.0001
NEARUSD,1675987200012,0.0001
NEARUSD,1676016000005,-8.042e-05
NEARUSD,1676044800020,0.0001
NEARUSD,1676073600007,1.94e-06
NEARUSD,1676102400002,-1.516e-05
NEARUSD,1676131200021,7.474e-05
NEARUSD,1676160000004,-2.535e-05
NEARUSD,1676188800000,9.285e-05
NEARUSD,1676217600002,0.0001
NEARUSD,1676246400006,9.781e-05
NEARUSD,1676275200008,0.0001
NEARUSD,1676304000002,0.0001
NEARUSD,1676332800013,0.0001
NEARUSD,1676361600014,0.0001
NEARUSD,1676390400016,5.431e-05
NEARUSD,1676419200011,0.0001
NEARUSD,1676448000000,0.0001
NEARUSD,1676476800005,-2.829e-05
NEARUSD,1676505600019,0.0001
NEARUSD,1676534400000,0.0001
NEARUSD,1676563200001,0.00015658
NEARUSD,1676592000003,0.0001
NEARUSD,1676620800016,0.0001
NEARUSD,1676649600000,0.0001
NEARUSD,1676678400011,0.0001
NEARUSD,1676707200000,0.0001
NEARUSD,1676736000007,0.0001
NEARUSD,1676764800019,0.0001
NEARUSD,1676793600005,0.0001
NEARUSD,1676822400003,0.0001
NEARUSD,1676851200006,0.0001
NEARUSD,1676880000008,0.0001
NEARUSD,1676908800006,0.0001
NEARUSD,1676937600001,0.0001
NEARUSD,1676966400004,0.0001
NEARUSD,1676995200011,0.0001
NEARUSD,1677024000009,0.0001
NEARUSD,1677052800010,0.0001
NEARUSD,1677081600000,0.0001
NEARUSD,1677110400006,0.0001
NEARUSD,1677139200005,0.0001
NEARUSD,1677168000002,0.0001
NEARUSD,1677196800015,0.0001
NEARUSD,1677225600011,0.0001
NEARUSD,1677254400014,0.0001
NEARUSD,1677283200015,6.578e-05
NEARUSD,1677312000015,0.0001
NEARUSD,1677340800015,0.0001
NEARUSD,1677369600007,-8.156e-05
NEARUSD,1677398400012,1.181e-05
NEARUSD,1677427200000,0.0001
NEARUSD,1677456000011,0.0001
NEARUSD,1677484800003,0.0001
NEARUSD,1677513600000,0.0001
NEARUSD,1677542400011,0.0001
NEARUSD,1677571200018,0.0001
NEARUSD,1677600000005,0.0001
NEARUSD,1677628800016,0.0001
NEARUSD,1677657600000,0.0001
NEARUSD,1677686400008,0.0001
NEARUSD,1677715200009,0.0001
NEARUSD,1677744000013,0.0001
NEARUSD,1677772800000,0.0001
NEARUSD,1677801600000,0.0001
NEARUSD,1677830400013,-0.00020486
NEARUSD,1677859200000,0.0001
NEARUSD,1677888000001,0.0001
NEARUSD,1677916800008,-0.00012777
NEARUSD,1677945600012,-0.00017185
NEARUSD,1677974400000,-0.00011567
NEARUSD,1678003200000,-7.07e-06
NEARUSD,1678032000015,-4.143e-05
NEARUSD,1678060800007,-8.88e-05
NEARUSD,1678089600017,-5.307e-05
NEARUSD,1678118400000,8.538e-05
NEARUSD,1678147200009,3.864e-05
NEARUSD,1678176000016,0.0001
NEARUSD,1678204800017,3.983e-05
NEARUSD,1678233600000,6.537e-05
NEARUSD,1678262400014,7.851e-05
NEARUSD,1678291200021,-0.00018731
NEARUSD,1678320000010,-0.0002946
NEARUSD,1678348800013,2.383e-05
NEARUSD,1678377600002,-8.831e-05
NEARUSD,1678406400000,-0.00036621
NEARUSD,1678435200000,-0.0001115
NEARUSD,1678464000005,6.743e-05
NEARUSD,1678492800011,-0.00023928
NEARUSD,1678521600003,-0.00013712
NEARUSD,1678550400011,-0.0003955
NEARUSD,1678579200001,-0.00037992
NEARUSD,1678608000000,-0.00019918
NEARUSD,1678636800005,-0.00010336
NEARUSD,1678665600010,-0.00020125
NEARUSD,1678694400018,0.0001
NEARUSD,1678723200003,0.0001
NEARUSD,1678752000010,1.396e-05
NEARUSD,1678780800009,0.0001
NEARUSD,1678809600010,0.0001
NEARUSD,1678838400011,0.0001
NEARUSD,1678867200000,0.0001
NEARUSD,1678896000012,0.0001
NEARUSD,1678924800004,0.0001
NEARUSD,1678953600018,0.0001
NEARUSD,1678982400005,8e-07
NEARUSD,1679011200017,7.684e-05
NEARUSD,1679040000010,1.511e-05
NEARUSD,1679068800003,0.0001
NEARUSD,1679097600012,7.638e-05
NEARUSD,1679126400000,0.0001
NEARUSD,1679155200016,0.0001
NEARUSD,1679184000013,0.0001
NEARUSD,1679212800024,0.0001
NEARUSD,1679241600000,0.0001
NEARUSD,1679270400005,0.0001
NEARUSD,1679299200012,0.0001
NEARUSD,1679328000015,0.0001
NEARUSD,1679356800006,-5.3e-05
NEARUSD,1679385600004,0.0001
NEARUSD,1679414400003,0.0001
NEARUSD,1679443200000,0.0001
NEARUSD,1679472000003,0.0001
NEARUSD,1679500800000,0.0001
NEARUSD,1679529600016,-0.0002308
NEARUSD,1679558400001,0.0001
NEARUSD,1679587200013,0.0001
NEARUSD,1679616000013,0.0001
NEARUSD,1679644800012,0.0001
NEARUSD,1679673600027,0.0001
NEARUSD,1679702400015,-1.877e-05
NEARUSD,1679731200011,7.226e-05
NEARUSD,1679760000011,-0.00019384
NEARUSD,1679788800000,-0.00022101
NEARUSD,1679817600015,7.713e-05
NEARUSD,1679846400000,0.0001
NEARUSD,1679875200019,0.0001
NEARUSD,1679904000009,0.0001
NEARUSD,1679932800000,-7.899e-05
NEARUSD,1679961600007,4.547e-05
NEARUSD,1679990400000,0.0001
NEARUSD,1680019200013,0.0001
NEARUSD,1680048000010,0.0001
NEARUSD,1680076800006,0.0001
NEARUSD,1680105600014,-4.696e-05
NEARUSD,1680134400000,-3.184e-05
NEARUSD,1680163200000,0.0001
NEARUSD,1680192000006,0.0001
NEARUSD,1680220800003,0.0001
NEARUSD,1680249600006,0.0001
NEARUSD,1680278400011,0.0001
NEARUSD,1680307200000,0.0001
NEARUSD,1680336000000,0.0001
NEARUSD,1680364800018,0.0001
NEARUSD,1680393600013,0.0001
NEARUSD,1680422400014,0.0001
NEARUSD,1680451200001,0.0001
NEARUSD,1680480000000,0.0001
NEARUSD,1680508800013,2.535e-05
NEARUSD,1680537600011,1.793e-05
NEARUSD,1680566400002,0.0001
NEARUSD,1680595200017,9.786e-05
NEARUSD,1680624000008,0.0001
NEARUSD,1680652800000,0.0001
NEARUSD,1680681600016,0.0001
NEARUSD,1680710400004,0.0001
NEARUSD,1680739200000,0.0001
NEARUSD,1680768000011,0.0001
NEARUSD,1680796800000,0.0001
NEARUSD,1680825600006,0.0001
NEARUSD,1680854400005,0.0001
NEARUSD,1680883200000,0.0001
NEARUSD,1680912000000,0.0001
NEARUSD,1680940800014,0.0001
NEARUSD,1680969600018,0.0001
NEARUSD,1680998400013,2.586e-05
NEARUSD,1681027200024,0.0001
NEARUSD,1681056000010,0.0001
NEARUSD,1681084800000,0.0001
NEARUSD,1681113600010,0.0001
NEARUSD,1681142400006,0.0001
NEARUSD,1681171200008,0.0001
NEARUSD,1681200000007,0.0001
NEARUSD,1681228800016,0.0001
NEARUSD,1681257600006,0.0001
NEARUSD,1681286400008,0.0001
NEARUSD,1681315200014,0.0001
NEARUSD,1681344000027,-6.935e-05
NEARUSD,1681372800010,0.0001
NEARUSD,1681401600000,0.0001
NEARUSD,1681430400001,0.0001
NEARUSD,1681459200008,0.0001
NEARUSD,1681488000007,0.0001
NEARUSD,1681516800007,0.0001
NEARUSD,1681545600007,0.0001
NEARUSD,1681574400011,0.0001
NEARUSD,1681603200014,0.0001
NEARUSD,1681632000007,0.0001
NEARUSD,1681660800002,0.0001
NEARUSD,1681689600017,0.0001
NEARUSD,1681718400006,0.0001
NEARUSD,1681747200000,0.0001
NEARUSD,1681776000013,0.0001
NEARUSD,1681804800017,0.00015774
NEARUSD,1681833600000,0.0001
NEARUSD,1681862400022,0.0001
NEARUSD,1681891200014,0.0001
NEARUSD,1681920000000,0.0001
NEARUSD,1681948800010,0.0001
NEARUSD,1681977600012,0.0001
NEARUSD,1682006400012,0.0001
NEARUSD,1682035200009,0.0001
NEARUSD,1682064000009,0.0001
NEARUSD,1682092800003,0.0001
NEARUSD,1682121600000,0.0001
NEARUSD,1682150400000,3.964e-05
NEARUSD,1682179200016,0.0001
NEARUSD,1682208000009,-9.008e-05
NEARUSD,1682236800020,3.11e-06
NEARUSD,1682265600007,7.774e-05
NEARUSD,1682294400000,0.0001
NEARUSD,1682323200008,0.0001
NEARUSD,1682352000006,0.0001
NEARUSD,1682380800014,0.0001
NEARUSD,1682409600009,0.0001
NEARUSD,1682438400015,2.192e-05
NEARUSD,1682467200015,0.0001
NEARUSD,1682496000013,0.0001
NEARUSD,1682524800001,0.0001
NEARUSD,1682553600014,-4.906e-05
NEARUSD,1682582400008,0.0001
NEARUSD,1682611200005,6.045e-05
NEARUSD,1682640000011,0.0001
NEARUSD,1682668800007,0.0001
NEARUSD,1682697600006,-3.344e-05
NEARUSD,1682726400004,7.348e-05
NEARUSD,1682755200016,0.0001
NEARUSD,1682784000001,8.404e-05
NEARUSD,1682812800008,0.0001
NEARUSD,1682841600000,-0.0001327
NEARUSD,1682870400010,0.0001
NEARUSD,1682899200004,7.127e-05
NEARUSD,1682928000008,0.0001
NEARUSD,1682956800014,0.0001
NEARUSD,1682985600015,0.0001
NEARUSD,1683014400018,0.0001
NEARUSD,1683043200000,0.0001
NEARUSD,1683072000009,0.0001
NEARUSD,1683100800003,0.0001
NEARUSD,1683129600011,-1.873e-05
NEARUSD,1683158400000,0.0001
NEARUSD,1683187200000,0.0001
NEARUSD,1683216000011,-1.251e-05
NEARUSD,1683244800002,0.0001
NEARUSD,1683273600000,0.0001
NEARUSD,1683302400000,0.0001
NEARUSD,1683331200009,0.0001
NEARUSD,1683360000000,4.421e-05
NEARUSD,1683388800000,3.875e-05
NEARUSD,1683417600000,8.712e-05
NEARUSD,1683446400000,0.0001
NEARUSD,1683475200006,0.0001
NEARUSD,1683504000000,0.0001
NEARUSD,1683532800007,0.0001
NEARUSD,1683561600015,0.0001
NEARUSD,1683590400015,2.183e-05
NEARUSD,1683619200000,7.496e-05
NEARUSD,1683648000000,3.949e-05
NEARUSD,1683676800007,1.544e-05
NEARUSD,1683705600003,-5.62e-05
NEARUSD,1683734400000,0.0001
NEARUSD,1683763200011,8.002e-05
NEARUSD,1683792000000,2.7e-05
NEARUSD,1683820800005,-7.05e-06
NEARUSD,1683849600020,8.854e-05
NEARUSD,1683878400001,0.0001
NEARUSD,1683907200010,-0.00033027
NEARUSD,1683936000000,-1.906e-05
NEARUSD,1683964800000,5.073e-05
NEARUSD,1683993600026,6.448e-05
NEARUSD,1684022400029,-0.0003306
NEARUSD,1684051200010,-0.00010999
NEARUSD,1684080000008,1.601e-05
NEARUSD,1684108800006,0.0001
NEARUSD,1684137600005,0.0001
NEARUSD,1684166400008,0.0001
NEARUSD,1684195200021,0.0001
NEARUSD,1684224000000,0.0001
NEARUSD,1684252800000,0.0001
NEARUSD,1684281600010,0.0001
NEARUSD,1684310400000,0.0001
NEARUSD,1684339200001,0.0001
NEARUSD,1684368000000,0.0001
NEARUSD,1684396800026,8.184e-05
NEARUSD,1684425600019,0.0001
NEARUSD,1684454400000,8.462e-05
NEARUSD,1684483200002,0.0001
NEARUSD,1684512000000,0.0001
NEARUSD,1684540800005,0.0001
NEARUSD,1684569600014,0.0001
NEARUSD,1684598400020,9.223e-05
NEARUSD,1684627200014,5.638e-05
NEARUSD,1684656000001,1.4e-06
NEARUSD,1684684800015,-1.897e-05
NEARUSD,1684713600028,0.0001
NEARUSD,1684742400000,8.007e-05
NEARUSD,1684771200012,0.0001
NEARUSD,1684800000006,0.0001
NEARUSD,1684828800014,0.0001
NEARUSD,1684857600008,0.0001
NEARUSD,1684886400000,0.0001
NEARUSD,1684915200025,7.286e-05
NEARUSD,1684944000008,5.574e-05
NEARUSD,1684972800000,-3.64e-05
NEARUSD,1685001600025,-0.00010475
NEARUSD,1685030400016,8.597e-05
NEARUSD,1685059200000,3.359e-05
NEARUSD,1685088000024,-1.28e-06
NEARUSD,1685116800012,-2.381e-05
NEARUSD,1685145600012,5.362e-05
NEARUSD,1685174400018,8.499e-05
NEARUSD,1685203200008,0.0001
NEARUSD,1685232000017,0.0001
NEARUSD,1685260800015,0.0001
NEARUSD,1685289600000,0.0001
NEARUSD,1685318400000,0.0001
NEARUSD,1685347200020,0.0001
NEARUSD,1685376000011,0.0001
NEARUSD,1685404800003,0.0001
NEARUSD,1685433600000,0.0001
NEARUSD,1685462400003,0.0001
NEARUSD,1685491200013,0.0001
NEARUSD,1685520000000,-8.75e-06
NEARUSD,1685548800000,2.299e-05
NEARUSD,1685577600008,6.57e-05
NEARUSD,1685606400012,1.991e-05
NEARUSD,1685635200000,5.688e-05
NEARUSD,1685664000000,5.167e-05
NEARUSD,1685692800006,0.0001
NEARUSD,1685721600012,0.0001
NEARUSD,1685750400000,0.0001
NEARUSD,1685779200011,0.0001
NEARUSD,1685808000003,0.0001
NEARUSD,1685836800000,0.0001
NEARUSD,1685865600000,0.0001
NEARUSD,1685894400000,0.0001
NEARUSD,1685923200005,0.0001
NEARUSD,1685952000000,0.0001
NEARUSD,1685980800000,0.0001
NEARUSD,1686009600000,-0.00050708
NEARUSD,1686038400009,-0.00019053
NEARUSD,1686067200013,0.0001
NEARUSD,1686096000000,-8.91e-06
NEARUSD,1686124800016,0.0001
NEARUSD,1686153600000,1.318e-05
NEARUSD,1686182400006,0.0001
NEARUSD,1686211200000,5.563e-05
NEARUSD,1686240000000,0.0001
NEARUSD,1686268800000,6.492e-05
NEARUSD,1686297600000,0.0001
NEARUSD,1686326400000,0.0001
NEARUSD,1686355200000,0.0001
NEARUSD,1686384000000,-0.00033343
NEARUSD,1686412800000,-5.047e-05
NEARUSD,1686441600001,-0.00017482
NEARUSD,1686470400000,-0.00038157
NEARUSD,1686499200000,-0.0002421
NEARUSD,1686528000000,-0.00020132
NEARUSD,1686556800000,9.1e-06
NEARUSD,1686585600001,6.135e-05
NEARUSD,1686614400000,1.18e-06
NEARUSD,1686643200000,-0.00019302
NEARUSD,1686672000000,7.057e-05
NEARUSD,1686700800000,0.0001
NEARUSD,1686729600000,2.32e-06
NEARUSD,1686758400000,-0.0002004
NEARUSD,1686787200000,-0.00020381
NEARUSD,1686816000000,-0.00017765
NEARUSD,1686844800000,-3.024e-05
NEARUSD,1686873600000,8.48e-05
NEARUSD,1686902400000,-0.00011438
NEARUSD,1686931200000,-0.00032872
NEARUSD,1686960000000,0.0001
NEARUSD,1686988800000,-0.00017262
NEARUSD,1687017600000,-0.00021512
NEARUSD,1687046400000,6.269e-05
NEARUSD,1687075200000,0.0001
NEARUSD,1687104000000,4.195e-05
NEARUSD,1687132800000,-0.00024456
NEARUSD,1687161600000,-1.86e-05
NEARUSD,1687190400000,0.0001
NEARUSD,1687219200001,6.985e-05
NEARUSD,1687248000000,6.671e-05
NEARUSD,1687276800000,7.877e-05
NEARUSD,1687305600000,0.0001
NEARUSD,1687334400000,-3.291e-05
NEARUSD,1687363200000,-0.00035943
NEARUSD,1687392000000,-0.00021035
NEARUSD,1687420800001,-0.00018482
NEARUSD,1687449600000,0.0001
NEARUSD,1687478400000,0.0001
NEARUSD,1687507200000,0.0001
NEARUSD,1687536000000,6.38e-06
NEARUSD,1687564800000,0.0001
NEARUSD,1687593600000,-0.00021806
NEARUSD,1687622400000,-4.67e-05
NEARUSD,1687651200000,3.85e-06
NEARUSD,1687680000000,-5.726e-05
NEARUSD,1687708800000,4.538e-05
NEARUSD,1687737600000,-3.26e-05
NEARUSD,1687766400000,-0.00069329
NEARUSD,1687795200000,-0.00025225
NEARUSD,1687824000000,-5.76e-05
NEARUSD,1687852800000,1.895e-05
NEARUSD,1687881600000,-8.669e-05
NEARUSD,1687910400000,4.392e-05
NEARUSD,1687939200000,0.0001
NEARUSD,1687968000000,0.0001
NEARUSD,1687996800000,-8.371e-05
NEARUSD,1688025600000,9.47e-05
NEARUSD,1688054400000,-0.00021167
NEARUSD,1688083200000,1.678e-05
NEARUSD,1688112000000,0.0001
NEARUSD,1688140800001,0.0001
NEARUSD,1688169600000,6.32e-06
NEARUSD,1688198400000,0.0001
NEARUSD,1688227200000,-1.55e-06
NEARUSD,1688256000000,-0.00024153
NEARUSD,1688284800000,-6.3e-05
NEARUSD,1688313600001,3.973e-05
NEARUSD,1688342400000,6.618e-05
NEARUSD,1688371200000,0.0001
NEARUSD,1688400000000,0.0001
NEARUSD,1688428800001,7.179e-05
NEARUSD,1688457600000,0.0001
NEARUSD,1688486400000,0.0001
NEARUSD,1688515200000,0.0001
NEARUSD,1688544000000,0.0001
NEARUSD,1688572800000,3.023e-05
NEARUSD,1688601600000,1.643e-05
NEARUSD,1688630400000,2.72e-05
NEARUSD,1688659200000,-0.0001593
NEARUSD,1688688000000,-0.00023328
NEARUSD,1688716800000,-0.00012842
NEARUSD,1688745600000,-0.00012392
NEARUSD,1688774400000,0.0001
NEARUSD,1688803200000,-7.258e-05
NEARUSD,1688832000000,-0.00031865
NEARUSD,1688860800000,-7.456e-05
NEARUSD,1688889600000,0.0001
NEARUSD,1688918400000,8.027e-05
NEARUSD,1688947200000,-0.00022224
NEARUSD,1688976000000,-5.58e-05
NEARUSD,1689004800000,-0.00010504
NEARUSD,1689033600000,7.1e-06
NEARUSD,1689062400000,0.0001
NEARUSD,1689091200000,0.0001
NEARUSD,1689120000000,0.0001
NEARUSD,1689148800000,2.15e-06
NEARUSD,1689177600000,6.632e-05
NEARUSD,1689206400000,8.758e-05
NEARUSD,1689235200000,0.0001
NEARUSD,1689264000000,8.844e-05
NEARUSD,1689292800000,0.0001
NEARUSD,1689321600000,0.0001
NEARUSD,1689350400000,0.0001
NEARUSD,1689379200000,0.0001
NEARUSD,1689408000000,0.0001
NEARUSD,1689436800000,0.0001
NEARUSD,1689465600001,0.0001
NEARUSD,1689494400000,0.0001
NEARUSD,1689523200000,0.0001
NEARUSD,1689552000000,0.0001
NEARUSD,1689580800000,0.0001
NEARUSD,1689609600000,0.0001
NEARUSD,1689638400000,0.0001
NEARUSD,1689667200000,0.0001
NEARUSD,1689696000000,0.0001
NEARUSD,1689724800000,0.0001
NEARUSD,1689753600000,0.0001
NEARUSD,1689782400001,0.0001
NEARUSD,1689811200000,0.0001
NEARUSD,1689840000000,0.0001
NEARUSD,1689868800000,0.0001
NEARUSD,1689897600001,0.0001
NEARUSD,1689926400000,0.0001
NEARUSD,1689955200000,0.0001
NEARUSD,1689984000000,0.0001
NEARUSD,1690012800000,0.0001
NEARUSD,1690041600000,7.923e-05
NEARUSD,1690070400000,0.0001
NEARUSD,1690099200000,0.0001
NEARUSD,1690128000000,0.0001
NEARUSD,1690156800000,8.834e-05
NEARUSD,1690185600000,0.0001
NEARUSD,1690214400000,9.308e-05
NEARUSD,1690243200000,0.0001
NEARUSD,1690272000000,0.0001
NEARUSD,1690300800000,-9.298e-05
NEARUSD,1690329600000,-1.37e-06
NEARUSD,1690358400001,0.0001
NEARUSD,1690387200000,4.758e-05
NEARUSD,1690416000000,-3.488e-05
NEARUSD,1690444800000,-5.213e-05
NEARUSD,1690473600001,0.0001
NEARUSD,1690502400000,2.319e-05
NEARUSD,1690531200000,0.0001
NEARUSD,1690560000000,0.0001
NEARUSD,1690588800000,0.0001
NEARUSD,1690617600000,8.552e-05
NEARUSD,1690646400001,0.0001
NEARUSD,1690675200000,0.0001
NEARUSD,1690704000000,0.0001
NEARUSD,1690732800000,0.0001
NEARUSD,1690761600000,0.0001
NEARUSD,1690790400000,0.0001
NEARUSD,1690819200001,0.0001
NEARUSD,1690848000000,0.0001
NEARUSD,1690876800000,0.0001
NEARUSD,1690905600000,0.0001
NEARUSD,1690934400000,0.0001
NEARUSD,1690963200000,0.0001
NEARUSD,1690992000000,9.744e-05
NEARUSD,1691020800000,9.276e-05
NEARUSD,1691049600000,9.925e-05
NEARUSD,1691078400001,0.0001
NEARUSD,1691107200000,0.0001
NEARUSD,1691136000000,1.146e-05
NEARUSD,1691164800000,-5.179e-05
NEARUSD,1691193600000,-9.594e-05
NEARUSD,1691222400000,3.2e-07
NEARUSD,1691251200001,4.274e-05
NEARUSD,1691280000000,5.816e-05
NEARUSD,1691308800001,0.0001
NEARUSD,1691337600005,0.0001
NEARUSD,1691366400000,0.0001
NEARUSD,1691395200000,0.0001
NEARUSD,1691424000000,0.0001
NEARUSD,1691452800000,-3.058e-05
NEARUSD,1691481600000,0.0001
NEARUSD,1691510400000,0.0001
NEARUSD,1691539200000,0.0001
NEARUSD,1691568000000,0.0001
NEARUSD,1691596800000,0.0001
NEARUSD,1691625600001,0.0001
NEARUSD,1691654400000,0.0001
NEARUSD,1691683200000,0.0001
NEARUSD,1691712000000,0.0001
NEARUSD,1691740800000,0.0001
NEARUSD,1691769600000,0.0001
NEARUSD,1691798400000,0.0001
NEARUSD,1691827200000,0.0001
NEARUSD,1691856000000,1.565e-05
NEARUSD,1691884800000,0.0001
NEARUSD,1691913600000,0.0001
NEARUSD,1691942400000,0.0001
NEARUSD,1691971200001,0.0001
NEARUSD,1692000000000,0.0001
NEARUSD,1692028800000,0.0001
NEARUSD,1692057600001,7.459e-05
NEARUSD,1692086400000,0.0001
NEARUSD,1692115200000,0.0001
NEARUSD,1692144000000,-8.58e-05
NEARUSD,1692172800001,7.69e-06
NEARUSD,1692201600000,8.18e-05
NEARUSD,1692230400000,7.69e-06
NEARUSD,1692259200000,4.346e-05
NEARUSD,1692288000000,-6.75e-06
NEARUSD,1692316800000,-0.00065845
NEARUSD,1692345600000,-0.00035479
NEARUSD,1692374400000,-4.018e-05
NEARUSD,1692403200000,-9.217e-05
NEARUSD,1692432000000,8.075e-05
NEARUSD,1692460800000,-0.00049211
NEARUSD,1692489600000,-0.00013157
NEARUSD,1692518400000,-0.00023267
NEARUSD,1692547200000,-0.00030213
NEARUSD,1692576000000,-1.749e-05
NEARUSD,1692604800000,0.0001
NEARUSD,1692633600000,-1.98e-05
NEARUSD,1692662400000,0.0001
NEARUSD,1692691200000,-4.833e-05
NEARUSD,1692720000000,-0.00062123
NEARUSD,1692748800000,-0.00090373
NEARUSD,1692777600000,-0.00029645
NEARUSD,1692806400000,-0.00015113
NEARUSD,1692835200000,-0.00013047
NEARUSD,1692864000000,-0.00027849
NEARUSD,1692892800000,-7.014e-05
NEARUSD,1692921600000,-4.975e-05
NEARUSD,1692950400000,-3.804e-05
NEARUSD,1692979200000,-0.00017239
NEARUSD,1693008000000,-5.18e-06
NEARUSD,1693036800000,-2.47e-05
NEARUSD,1693065600000,6.963e-05
NEARUSD,1693094400000,7.22e-06
NEARUSD,1693123200000,-9.757e-05
NEARUSD,1693152000000,-0.0004384
NEARUSD,1693180800000,-0.00032405
NEARUSD,1693209600001,-0.00013103
NEARUSD,1693238400001,4.764e-05
NEARUSD,1693267200000,9.154e-05
NEARUSD,1693296000000,7.697e-05
NEARUSD,1693324800000,-0.00017025
NEARUSD,1693353600000,0.0001
NEARUSD,1693382400000,1.952e-05
NEARUSD,1693411200000,4.506e-05
NEARUSD,1693440000000,0.0001
NEARUSD,1693468800000,0.0001
NEARUSD,1693497600000,4.713e-05
NEARUSD,1693526400000,-0.00020989
NEARUSD,1693555200000,-1.647e-05
NEARUSD,1693584000001,-0.00010062
NEARUSD,1693612800000,-2.797e-05
NEARUSD,1693641600000,-0.0003022
NEARUSD,1693670400000,-0.0003412
NEARUSD,1693699200000,-0.00030322
NEARUSD,1693728000000,-0.00026337
NEARUSD,1693756800000,-0.00020506
NEARUSD,1693785600000,-2.742e-05
NEARUSD,1693814400000,-0.00017856
NEARUSD,1693843200000,-0.000227
NEARUSD,1693872000000,-7.829e-05
NEARUSD,1693900800000,0.0001
NEARUSD,1693929600000,4.082e-05
NEARUSD,1693958400000,0.0001
NEARUSD,1693987200000,-0.00022015
NEARUSD,1694016000001,-0.00015766
NEARUSD,1694044800000,0.0001
NEARUSD,1694073600000,-2.771e-05
NEARUSD,1694102400000,0.0001
NEARUSD,1694131200000,0.0001
NEARUSD,1694160000000,3.924e-05
NEARUSD,1694188800000,5.694e-05
NEARUSD,1694217600000,6.031e-05
NEARUSD,1694246400000,5.296e-05
NEARUSD,1694275200000,-0.00011691
NEARUSD,1694304000000,-5.749e-05
NEARUSD,1694332800000,-9.31e-06
NEARUSD,1694361600000,-2.165e-05
NEARUSD,1694390400000,-9.328e-05
NEARUSD,1694419200000,7.902e-05
NEARUSD,1694448000001,-0.00010677
NEARUSD,1694476800000,4.619e-05
NEARUSD,1694505600000,0.0001
NEARUSD,1694534400000,0.0001
NEARUSD,1694563200000,-0.00010804
NEARUSD,1694592000000,2.475e-05
NEARUSD,1694620800000,-0.00013078
NEARUSD,1694649600000,0.0001
NEARUSD,1694678400001,-4.719e-05
NEARUSD,1694707200000,-0.00013211
NEARUSD,1694736000000,-5.38e-05
NEARUSD,1694764800000,0.0001
NEARUSD,1694793600000,0.0001
NEARUSD,1694822400000,8.031e-05
NEARUSD,1694851200000,0.0001
NEARUSD,1694880000000,3.187e-05
NEARUSD,1694908800000,0.0001
NEARUSD,1694937600000,0.0001
NEARUSD,1694966400000,1.332e-05
NEARUSD,1694995200000,4.376e-05
NEARUSD,1695024000000,-9.56e-06
NEARUSD,1695052800000,9.88e-05
NEARUSD,1695081600000,7.609e-05
NEARUSD,1695110400001,7.384e-05
NEARUSD,1695139200000,7.734e-05
NEARUSD,1695168000000,0.0001
NEARUSD,1695196800000,0.0001
NEARUSD,1695225600000,8.904e-05
NEARUSD,1695254400001,0.0001
NEARUSD,1695283200000,-8.587e-05
NEARUSD,1695312000000,-0.00027374
NEARUSD,1695340800000,-0.00016432
NEARUSD,1695369600000,0.0001
NEARUSD,1695398400000,7.387e-05
NEARUSD,1695427200000,-0.00021698
NEARUSD,1695456000000,4.497e-05
NEARUSD,1695484800000,1.888e-05
NEARUSD,1695513600000,8.251e-05
NEARUSD,1695542400000,0.0001
NEARUSD,1695571200000,-6.379e-05
NEARUSD,1695600000000,-1.142e-05
NEARUSD,1695628800000,0.0001
NEARUSD,1695657600000,0.0001
NEARUSD,1695686400000,9.077e-05
NEARUSD,1695715200000,-0.00019379
NEARUSD,1695744000000,-4.255e-05
NEARUSD,1695772800000,-3.145e-05
NEARUSD,1695801600001,-0.00041373
NEARUSD,1695830400000,-0.00018653
NEARUSD,1695859200000,-0.00016881
NEARUSD,1695888000000,9.284e-05
NEARUSD,1695916800000,0.0001
NEARUSD,1695945600000,0.0001
NEARUSD,1695974400000,0.0001
NEARUSD,1696003200000,0.0001
NEARUSD,1696032000000,0.0001
NEARUSD,1696060800000,0.0001
NEARUSD,1696089600000,0.0001
NEARUSD,1696118400000,0.0001
NEARUSD,1696147200000,0.0001
NEARUSD,1696176000000,0.0001
NEARUSD,1696204800000,0.0001
NEARUSD,1696233600000,0.0001
NEARUSD,1696262400000,0.0001
NEARUSD,1696291200000,8.101e-05
NEARUSD,1696320000000,0.0001
NEARUSD,1696348800000,0.0001
NEARUSD,1696377600000,-2.786e-05
NEARUSD,1696406400000,9.209e-05
NEARUSD,1696435200000,-0.00012649
NEARUSD,1696464000000,-0.00015055
NEARUSD,1696492800000,-7.154e-05
NEARUSD,1696521600001,-0.00013515
NEARUSD,1696550400000,-0.00018712
NEARUSD,1696579200000,-0.00012635
NEARUSD,1696608000000,-7.41e-05
NEARUSD,1696636800000,-0.00033302
NEARUSD,1696665600000,-0.00019286
NEARUSD,1696694400000,-8.817e-05
NEARUSD,1696723200000,-0.00014214
NEARUSD,1696752000001,-7.213e-05
NEARUSD,1696780800000,-0.00012102
NEARUSD,1696809600000,5.628e-05
NEARUSD,1696838400000,0.0001
NEARUSD,1696867200000,-0.00012081
NEARUSD,1696896000000,-0.00027384
NEARUSD,1696924800000,-0.00034354
NEARUSD,1696953600000,-5.113e-05
NEARUSD,1696982400000,0.0001
NEARUSD,1697011200000,4.944e-05
NEARUSD,1697040000000,-1.048e-05
NEARUSD,1697068800000,8.98e-05
NEARUSD,1697097600000,0.0001
NEARUSD,1697126400000,0.0001
NEARUSD,1697155200000,0.0001
NEARUSD,1697184000000,0.0001
NEARUSD,1697212800000,0.0001
NEARUSD,1697241600000,0.0001
NEARUSD,1697270400000,0.0001
NEARUSD,1697299200000,0.0001
NEARUSD,1697328000000,0.0001
NEARUSD,1697356800000,0.0001
NEARUSD,1697385600000,0.0001
NEARUSD,1697414400000,0.0001
NEARUSD,1697443200000,0.0001
NEARUSD,1697472000000,0.0001
NEARUSD,1697500800000,0.0001
NEARUSD,1697529600000,0.0001
NEARUSD,1697558400000,0.0001
NEARUSD,1697587200000,0.0001
NEARUSD,1697616000000,0.0001
NEARUSD,1697644800000,0.0001
NEARUSD,1697673600000,0.0001
NEARUSD,1697702400001,0.0001
NEARUSD,1697731200000,0.0001
NEARUSD,1697760000000,0.0001
NEARUSD,1697788800005,0.0001
NEARUSD,1697817600000,0.0001
NEARUSD,1697846400000,0.0001
NEARUSD,1697875200000,0.0001
NEARUSD,1697904000000,0.0001
NEARUSD,1697932800000,0.0001
NEARUSD,1697961600000,0.0001
NEARUSD,1697990400000,0.0001
NEARUSD,1698019200000,0.0001
NEARUSD,1698048000001,0.0001
NEARUSD,1698076800001,0.0001
NEARUSD,1698105600000,0.0001
NEARUSD,1698134400000,0.0001
NEARUSD,1698163200000,0.0001
NEARUSD,1698192000000,0.0001
NEARUSD,1698220800000,0.0001
NEARUSD,1698249600001,0.0001
NEARUSD,1698278400001,0.0001
NEARUSD,1698307200000,0.0001
NEARUSD,1698336000000,0.0001
NEARUSD,1698364800000,0.0001
NEARUSD,1698393600000,0.0001
NEARUSD,1698422400000,0.0001
NEARUSD,1698451200000,0.0001
NEARUSD,1698480000001,0.0001
NEARUSD,1698508800000,0.0001
NEARUSD,1698537600000,0.0001
NEARUSD,1698566400000,0.0001
NEARUSD,1698595200000,0.0001
NEARUSD,1698624000000,0.0001
NEARUSD,1698652800000,0.0001
NEARUSD,1698681600000,0.00023093
NEARUSD,1698710400001,0.0001
NEARUSD,1698739200000,0.00015887
NEARUSD,1698768000000,0.00016408
NEARUSD,1698796800000,0.0001
NEARUSD,1698825600000,0.0001
NEARUSD,1698854400000,0.0001
NEARUSD,1698883200001,0.00025666
NEARUSD,1698912000000,0.00041791
NEARUSD,1698940800000,0.0001
NEARUSD,1698969600000,0.0001
NEARUSD,1698998400000,0.0001
NEARUSD,1699027200000,0.0001
NEARUSD,1699056000000,0.0001
NEARUSD,1699084800000,0.0001
NEARUSD,1699113600000,0.0001
NEARUSD,1699142400000,0.0001
NEARUSD,1699171200000,0.00023655
NEARUSD,1699200000000,0.00025485
NEARUSD,1699228800000,0.00023549
NEARUSD,1699257600001,0.0002396
NEARUSD,1699286400000,0.00023832
NEARUSD,1699315200001,0.00019308
NEARUSD,1699344000000,0.00035303
NEARUSD,1699372800000,0.0001
NEARUSD,1699401600000,0.0001
NEARUSD,1699430400000,0.0001
NEARUSD,1699459200000,0.0001
NEARUSD,1699488000000,0.0001
NEARUSD,1699516800000,0.0001
NEARUSD,1699545600000,0.0001
NEARUSD,1699574400000,0.0001
NEARUSD,1699603200000,0.0001
NEARUSD,1699632000000,0.0001
NEARUSD,1699660800000,0.00013221
NEARUSD,1699689600000,0.0001
NEARUSD,1699718400000,0.00033983
NEARUSD,1699747200000,0.00037383
NEARUSD,1699776000000,0.00043596
NEARUSD,1699804800001,0.00027496
NEARUSD,1699833600000,0.0001
NEARUSD,1699862400000,0.00016433
NEARUSD,1699891200000,0.00017276
NEARUSD,1699920000000,0.00023011
NEARUSD,1699948800000,0.0001
NEARUSD,1699977600001,0.0001
NEARUSD,1700006400000,0.0001
NEARUSD,1700035200000,0.0001
NEARUSD,1700064000000,0.00025025
NEARUSD,1700092800000,0.00023808
NEARUSD,1700121600000,0.00022882
NEARUSD,1700150400001,0.00027417
NEARUSD,1700179200000,0.0001
NEARUSD,1700208000001,0.0001
NEARUSD,1700236800001,0.0001
NEARUSD,1700265600000,0.0001
NEARUSD,1700294400000,0.0001
NEARUSD,1700323200000,0.0001
NEARUSD,1700352000000,0.0001
NEARUSD,1700380800000,0.0001
NEARUSD,1700409600000,0.0001
NEARUSD,1700438400000,0.0001
NEARUSD,1700467200000,0.0001
NEARUSD,1700496000000,0.0001
NEARUSD,1700524800000,0.0001
NEARUSD,1700553600000,0.0001
NEARUSD,1700582400000,0.0001
NEARUSD,1700611200000,0.0001
NEARUSD,1700640000000,0.0001
NEARUSD,1700668800000,0.0001
NEARUSD,1700697600000,0.0001
NEARUSD,1700726400000,0.0001
NEARUSD,1700755200001,0.0001
NEARUSD,1700784000000,0.0001
NEARUSD,1700812800000,0.0001
NEARUSD,1700841600000,0.0001
NEARUSD,1700870400000,0.0001
NEARUSD,1700899200000,0.0001
NEARUSD,1700928000000,0.0001
NEARUSD,1700956800000,0.0001
NEARUSD,1700985600000,0.0001
NEARUSD,1701014400000,0.0001
NEARUSD,1701043200000,0.0001
NEARUSD,1701072000001,0.0001
NEARUSD,1701100800000,0.0001
NEARUSD,1701129600000,0.0001
NEARUSD,1701158400000,0.0001
NEARUSD,1701187200000,0.0001
NEARUSD,1701216000001,0.0001
NEARUSD,1701244800000,0.0001
NEARUSD,1701273600000,0.0001
NEARUSD,1701302400000,0.0001
NEARUSD,1701331200000,0.0001
NEARUSD,1701360000000,0.0001
NEARUSD,1701388800000,0.0001
NEARUSD,1701417600000,0.0001
NEARUSD,1701446400000,0.0001
NEARUSD,1701475200000,0.0001
NEARUSD,1701504000000,0.0001
NEARUSD,1701532800000,0.0001
NEARUSD,1701561600000,0.0001
NEARUSD,1701590400000,0.00012987
NEARUSD,1701619200000,0.00020998
NEARUSD,1701648000000,0.0001581
NEARUSD,1701676800000,0.00034174
NEARUSD,1701705600000,0.00013127
NEARUSD,1701734400000,0.0001
NEARUSD,1701763200000,0.00031015
NEARUSD,1701792000000,0.0001
NEARUSD,1701820800000,0.00019809
NEARUSD,1701849600000,0.0001
NEARUSD,1701878400000,0.0001
NEARUSD,1701907200000,0.0001
NEARUSD,1701936000000,0.00026497
NEARUSD,1701964800000,0.0001
NEARUSD,1701993600000,0.00048595
NEARUSD,1702022400000,0.00037804
NEARUSD,1702051200000,0.000362
NEARUSD,1702080000000,0.00042369
NEARUSD,1702108800000,0.00060313
NEARUSD,1702137600000,0.00048436
NEARUSD,1702166400000,0.00029426
NEARUSD,1702195200000,0.00019617
NEARUSD,1702224000000,0.00014763
NEARUSD,1702252800000,0.0002112
NEARUSD,1702281600000,0.00014161
NEARUSD,1702310400000,0.0001
NEARUSD,1702339200000,0.0001
NEARUSD,1702368000000,0.0001
NEARUSD,1702396800000,0.00022981
NEARUSD,1702425600000,0.0001
NEARUSD,1702454400000,0.0001
NEARUSD,1702483200001,0.0001
NEARUSD,1702512000000,0.0001
NEARUSD,1702540800000,0.00010996
NEARUSD,1702569600000,0.000162
NEARUSD,1702598400000,0.00025571
NEARUSD,1702627200000,0.00026796
NEARUSD,1702656000000,0.00029999
NEARUSD,1702684800000,0.00017922
NEARUSD,1702713600000,0.00030226
NEARUSD,1702742400001,0.00015937
NEARUSD,1702771200000,0.00025017
NEARUSD,1702800000000,0.00030305
NEARUSD,1702828800000,0.00035728
NEARUSD,1702857600000,0.0001633
NEARUSD,1702886400001,0.0001
NEARUSD,1702915200000,0.0001
NEARUSD,1702944000000,0.0001
NEARUSD,1702972800000,0.00021543
NEARUSD,1703001600000,0.00028201
NEARUSD,1703030400000,0.00011997
NEARUSD,1703059200000,0.00013037
NEARUSD,1703088000000,0.00030532
NEARUSD,1703116800000,0.0001385
NEARUSD,1703145600000,0.0001
NEARUSD,1703174400000,0.00025777
NEARUSD,1703203200000,0.0004127
NEARUSD,1703232000000,0.00033808
NEARUSD,1703260800000,0.00055088
NEARUSD,1703289600000,0.00046896
NEARUSD,1703318400001,0.00013867
NEARUSD,1703347200000,0.00015902
NEARUSD,1703376000000,0.00031845
NEARUSD,1703404800000,0.00029781
NEARUSD,1703433600000,0.00015072
NEARUSD,1703462400000,0.00013486
NEARUSD,1703491200000,0.0002589
NEARUSD,1703520000000,0.00021254
NEARUSD,1703548800000,0.00049447
NEARUSD,1703577600000,0.00025946
NEARUSD,1703606400000,0.00051613
NEARUSD,1703635200000,0.00014069
NEARUSD,1703664000000,0.0003005
NEARUSD,1703692800000,0.00035173
NEARUSD,1703721600000,0.00044201
NEARUSD,1703750400000,0.00048401
NEARUSD,1703779200000,0.00041324
NEARUSD,1703808000001,0.00041341
NEARUSD,1703836800000,0.00026523
NEARUSD,1703865600000,0.00050961
NEARUSD,1703894400001,0.00048019
NEARUSD,1703923200000,0.00030561
NEARUSD,1703952000000,0.00044866
NEARUSD,1703980800000,0.00044418
NEARUSD,1704009600001,0.00049032
NEARUSD,1704038400000,0.00045872
NEARUSD,1704067200000,0.00038585
NEARUSD,1704096000000,0.00050639
NEARUSD,1704124800000,0.00041879
NEARUSD,1704153600000,0.00074378
NEARUSD,1704182400000,0.00031138
NEARUSD,1704211200000,0.00092199
NEARUSD,1704240000000,0.00013981
NEARUSD,1704268800000,0.00016729
NEARUSD,1704297600000,0.0001
NEARUSD,1704326400000,0.0001
NEARUSD,1704355200000,0.0001
NEARUSD,1704384000000,0.0001
NEARUSD,1704412800001,0.0001
NEARUSD,1704441600000,0.0001
NEARUSD,1704470400000,0.0001
NEARUSD,1704499200000,0.0001
NEARUSD,1704528000000,0.0001
NEARUSD,1704556800000,0.0001
NEARUSD,1704585600000,0.0001
NEARUSD,1704614400001,0.0001
NEARUSD,1704643200001,0.0001
NEARUSD,1704672000000,0.0001
NEARUSD,1704700800000,0.0001
NEARUSD,1704729600000,0.0001
NEARUSD,1704758400001,0.0001
NEARUSD,1704787200000,0.0001
NEARUSD,1704816000000,0.0001
NEARUSD,1704844800000,0.0001
NEARUSD,1704873600000,0.0001
NEARUSD,1704902400000,0.0001
NEARUSD,1704931200000,0.0001
NEARUSD,1704960000000,0.0001
NEARUSD,1704988800000,0.0001
NEARUSD,1705017600001,0.0001
NEARUSD,1705046400000,0.0001
NEARUSD,1705075200000,0.0001
NEARUSD,1705104000000,0.0001
NEARUSD,1705132800000,0.0001
NEARUSD,1705161600001,0.0001
NEARUSD,1705190400000,0.0001
NEARUSD,1705219200000,0.0001
NEARUSD,1705248000001,0.0001
NEARUSD,1705276800000,0.0001
NEARUSD,1705305600000,0.0001
NEARUSD,1705334400000,0.0001
NEARUSD,1705363200000,0.0001
NEARUSD,1705392000000,0.0001
NEARUSD,1705420800001,0.0001
NEARUSD,1705449600000,0.0001
NEARUSD,1705478400000,0.0001
NEARUSD,1705507200000,0.0001
NEARUSD,1705536000001,0.0001
NEARUSD,1705564800000,0.0001
NEARUSD,1705593600000,0.0001
NEARUSD,1705622400000,0.0001
NEARUSD,1705651200000,0.0001
NEARUSD,1705680000002,0.0001
NEARUSD,1705708800000,0.0001
NEARUSD,1705737600003,0.0001
NEARUSD,1705766400000,0.0001
NEARUSD,1705795200000,0.0001
NEARUSD,1705824000000,0.0001
NEARUSD,1705852800000,0.0001
NEARUSD,1705881600000,0.0001
NEARUSD,1705910400000,0.0001
NEARUSD,1705939200000,0.0001
NEARUSD,1705968000000,0.0001
NEARUSD,1705996800000,0.0001
NEARUSD,1706025600000,0.0001
NEARUSD,1706054400000,0.0001
NEARUSD,1706083200000,0.0001
NEARUSD,1706112000000,0.0001
NEARUSD,1706140800000,0.0001
NEARUSD,1706169600001,0.0001
NEARUSD,1706198400000,0.0001
NEARUSD,1706227200001,0.0001
NEARUSD,1706256000000,0.0001
NEARUSD,1706284800000,0.0001
NEARUSD,1706313600000,7.273e-05
NEARUSD,1706342400000,0.0001
NEARUSD,1706371200000,0.0001
NEARUSD,1706400000000,0.0001
NEARUSD,1706428800000,0.0001
NEARUSD,1706457600000,0.0001
NEARUSD,1706486400000,0.0001
NEARUSD,1706515200001,0.0001
NEARUSD,1706544000000,0.0001
NEARUSD,1706572800000,0.0001
NEARUSD,1706601600000,0.0001
NEARUSD,1706630400001,0.0001
NEARUSD,1706659200000,0.0001
NEARUSD,1706688000000,0.0001
NEARUSD,1706716800000,0.0001
NEARUSD,1706745600000,0.0001
NEARUSD,1706774400000,0.0001
NEARUSD,1706803200002,0.0001
NEARUSD,1706832000000,0.0001
NEARUSD,1706860800000,0.0001
NEARUSD,1706889600000,0.0001
NEARUSD,1706918400000,0.0001
NEARUSD,1706947200000,0.0001
NEARUSD,1706976000001,0.0001
NEARUSD,1707004800000,0.0001
NEARUSD,1707033600004,0.0001
NEARUSD,1707062400000,0.0001
NEARUSD,1707091200000,0.0001
NEARUSD,1707120000000,0.0001
NEARUSD,1707148800000,0.0001
NEARUSD,1707177600000,0.0001
NEARUSD,1707206400001,0.0001
NEARUSD,1707235200000,0.0001
NEARUSD,1707264000000,0.0001
NEARUSD,1707292800000,0.0001
NEARUSD,1707321600000,0.0001
NEARUSD,1707350400000,0.0001
NEARUSD,1707379200000,0.0001
NEARUSD,1707408000000,0.0001
NEARUSD,1707436800000,0.0001
NEARUSD,1707465600000,0.0001
NEARUSD,1707494400001,0.0001
NEARUSD,1707523200001,0.0001
NEARUSD,1707552000000,0.0001
NEARUSD,1707580800000,0.0001
NEARUSD,1707609600000,0.0001
NEARUSD,1707638400001,0.0001
NEARUSD,1707667200000,0.0001
NEARUSD,1707696000000,0.0001
NEARUSD,1707724800000,0.0001
NEARUSD,1707753600000,0.0001
NEARUSD,1707782400000,0.0001
NEARUSD,1707811200000,0.0001
NEARUSD,1707840000000,0.0001
NEARUSD,1707868800000,0.0001
NEARUSD,1707897600000,0.0001
NEARUSD,1707926400000,0.00014505
NEARUSD,1707955200000,0.0001
NEARUSD,1707984000000,0.0001
NEARUSD,1708012800000,0.00023226
NEARUSD,1708041600000,0.00025584
NEARUSD,1708070400000,0.00034222
NEARUSD,1708099200000,0.0001
NEARUSD,1708128000000,0.0001
NEARUSD,1708156800000,0.00011548
NEARUSD,1708185600000,0.00030471
NEARUSD,1708214400000,0.00035785
NEARUSD,1708243200000,0.00044763
NEARUSD,1708272000000,0.00040834
NEARUSD,1708300800000,0.00038684
NEARUSD,1708329600000,0.00027407
NEARUSD,1708358400000,0.00038817
NEARUSD,1708387200000,0.00045272
NEARUSD,1708416000000,0.00041025
NEARUSD,1708444800000,0.00027706
NEARUSD,1708473600000,0.0002673
NEARUSD,1708502400000,0.0002658
NEARUSD,1708531200000,0.00013723
NEARUSD,1708560000001,0.0001
NEARUSD,1708588800001,0.00030298
NEARUSD,1708617600000,0.00023869
NEARUSD,1708646400000,0.00028148
NEARUSD,1708675200000,0.00035489
NEARUSD,1708704000000,0.00034183
NEARUSD,1708732800000,0.00020882
NEARUSD,1708761600001,0.00012504
NEARUSD,1708790400000,0.00031931
NEARUSD,1708819200001,0.00038545
NEARUSD,1708848000000,0.00030998
NEARUSD,1708876800000,0.00038584
NEARUSD,1708905600000,0.00035427
NEARUSD,1708934400000,0.00033662
NEARUSD,1708963200000,0.00034636
NEARUSD,1708992000000,0.00058443
NEARUSD,1709020800000,0.00066158
NEARUSD,1709049600000,0.00034951
NEARUSD,1709078400000,0.00039881
NEARUSD,1709107200000,0.00038358
NEARUSD,1709136000000,0.00051613
NEARUSD,1709164800000,0.00012582
NEARUSD,1709193600000,0.00065988
NEARUSD,1709222400000,0.00070838
NEARUSD,1709251200000,0.00047459
NEARUSD,1709280000000,0.00071943
NEARUSD,1709308800000,0.00060497
NEARUSD,1709337600000,0.00057342
NEARUSD,1709366400001,0.0009419
NEARUSD,1709395200000,0.00103354
NEARUSD,1709424000000,0.00091644
NEARUSD,1709452800000,0.00089371
NEARUSD,1709481600000,0.00043626
NEARUSD,1709510400000,0.00054986
NEARUSD,1709539200000,0.0006564
NEARUSD,1709568000000,0.0006846
NEARUSD,1709596800000,0.00061323
NEARUSD,1709625600000,0.00130046
NEARUSD,1709654400000,0.0011737
NEARUSD,1709683200000,0.0001
NEARUSD,1709712000001,0.00049011
NEARUSD,1709740800000,0.00051958
NEARUSD,1709769600000,0.00079809
NEARUSD,1709798400000,0.00070242
NEARUSD,1709827200000,0.00066787
NEARUSD,1709856000000,0.0006131
NEARUSD,1709884800000,0.00074941
NEARUSD,1709913600000,0.00070343
NEARUSD,1709942400000,0.0003745
NEARUSD,1709971200001,0.00069425
NEARUSD,1710000000000,0.00116482
NEARUSD,1710028800000,0.00086057
NEARUSD,1710057600000,0.00089235
NEARUSD,1710086400000,0.00063812
NEARUSD,1710115200000,0.00065738
NEARUSD,1710144000000,0.00098172
NEARUSD,1710172800000,0.00090109
NEARUSD,1710201600000,0.00081982
NEARUSD,1710230400000,0.00050258
NEARUSD,1710259200000,0.00060808
NEARUSD,1710288000000,0.00070206
NEARUSD,1710316800001,0.00090423
NEARUSD,1710345600000,0.00068719
NEARUSD,1710374400001,0.0005488
NEARUSD,1710403200000,0.00069779
NEARUSD,1710432000000,0.00087709
NEARUSD,1710460800000,0.00095543
NEARUSD,1710489600000,0.0008146
NEARUSD,1710518400000,0.00018899
NEARUSD,1710547200000,0.0001598
NEARUSD,1710576000000,0.00029843
NEARUSD,1710604800000,0.00040021
NEARUSD,1710633600000,0.00012737
NEARUSD,1710662400000,0.00021541
NEARUSD,1710691200000,0.00027397
NEARUSD,1710720000000,0.00029669
NEARUSD,1710748800000,0.00034817
NEARUSD,1710777600001,0.0001
NEARUSD,1710806400000,0.0001
NEARUSD,1710835200000,0.0001
NEARUSD,1710864000001,0.0001
NEARUSD,1710892800000,0.0001
NEARUSD,1710921600004,0.0001
NEARUSD,1710950400000,0.0001
NEARUSD,1710979200000,0.00022916
NEARUSD,1711008000000,0.0001409
NEARUSD,1711036800000,0.0001
NEARUSD,1711065600000,0.00016172
NEARUSD,1711094400000,0.00010588
NEARUSD,1711123200000,0.00011246
NEARUSD,1711152000000,0.00011808
NEARUSD,1711180800000,0.00011653
NEARUSD,1711209600000,0.0001
NEARUSD,1711238400000,0.0001
NEARUSD,1711267200000,0.0001
NEARUSD,1711296000000,0.0001
NEARUSD,1711324800000,0.00020808
NEARUSD,1711353600001,0.00025527
NEARUSD,1711382400000,0.00019718
NEARUSD,1711411200000,0.00036054
NEARUSD,1711440000000,0.00035113
NEARUSD,1711468800000,0.00045976
NEARUSD,1711497600000,0.00053015
NEARUSD,1711526400001,0.00046375
NEARUSD,1711555200000,0.00037952
NEARUSD,1711584000000,0.00025971
NEARUSD,1711612800000,0.00038595
NEARUSD,1711641600000,0.00046839
NEARUSD,1711670400000,0.00035319
NEARUSD,1711699200000,0.000393
NEARUSD,1711728000000,0.00049192
NEARUSD,1711756800000,0.00066345
NEARUSD,1711785600000,0.00039447
NEARUSD,1711814400000,0.00054624
NEARUSD,1711843200000,0.00039063
NEARUSD,1711872000000,0.00054704
NEARUSD,1711900800001,0.00051336
NEARUSD,1711929600000,0.0006878
NEARUSD,1711958400000,0.000365
NEARUSD,1711987200000,0.00025286
NEARUSD,1712016000007,0.00014736
NEARUSD,1712044800015,0.0001
NEARUSD,1712073600000,0.0001
NEARUSD,1712102400000,0.00012991
NEARUSD,1712131200000,0.0001
NEARUSD,1712160000000,0.0001357
NEARUSD,1712188800000,0.0001
NEARUSD,1712217600000,0.0001
NEARUSD,1712246400000,0.00018402
NEARUSD,1712275200000,0.00011087
NEARUSD,1712304000000,0.0001
NEARUSD,1712332800000,0.00011867
NEARUSD,1712361600000,0.00019767
NEARUSD,1712390400000,0.0001131
NEARUSD,1712419200000,0.00012989
NEARUSD,1712448000000,0.00010673
NEARUSD,1712476800000,0.0001
NEARUSD,1712505600000,0.0001
NEARUSD,1712534400001,0.00014127
NEARUSD,1712563200000,0.0001
NEARUSD,1712592000006,0.00025777
NEARUSD,1712620800000,0.00033218
NEARUSD,1712649600001,0.00017065
NEARUSD,1712678400001,0.00027591
NEARUSD,1712707200000,0.00016017
NEARUSD,1712736000001,0.00012987
NEARUSD,1712764800000,0.00010465
NEARUSD,1712793600000,0.0001
NEARUSD,1712822400000,0.00010968
NEARUSD,1712851200000,0.00015869
NEARUSD,1712880000000,0.0001
NEARUSD,1712908800001,0.0001
NEARUSD,1712937600000,0.00017194
NEARUSD,1712966400000,0.0001
NEARUSD,1712995200000,0.0001
NEARUSD,1713024000001,0.0001
NEARUSD,1713052800000,-5.011e-05
NEARUSD,1713081600000,0.0001
NEARUSD,1713110400000,0.0001
NEARUSD,1713139200000,1.037e-05
NEARUSD,1713168000001,1.58e-06
NEARUSD,1713196800000,-4.3e-05
NEARUSD,1713225600001,-0.00014889
NEARUSD,1713254400000,8.96e-06
NEARUSD,1713283200000,3.888e-05
NEARUSD,1713312000000,-7.026e-05
NEARUSD,1713340800000,2.599e-05
NEARUSD,1713369600000,0.0001
NEARUSD,1713398400000,2.484e-05
NEARUSD,1713427200000,-2.053e-05
NEARUSD,1713456000000,5.035e-05
NEARUSD,1713484800001,-4.269e-05
NEARUSD,1713513600000,8.21e-05
NEARUSD,1713542400000,-6.115e-05
NEARUSD,1713571200000,3.238e-05
NEARUSD,1713600000000,6.59e-06
NEARUSD,1713628800000,5.966e-05
NEARUSD,1713657600000,0.0001
NEARUSD,1713686400000,9.254e-05
NEARUSD,1713715200000,0.0001
NEARUSD,1713744000000,4.705e-05
NEARUSD,1713772800000,4.003e-05
NEARUSD,1713801600000,0.0001
NEARUSD,1713830400000,8.055e-05
NEARUSD,1713859200000,0.0001
NEARUSD,1713888000001,2.776e-05
NEARUSD,1713916800000,0.0001
NEARUSD,1713945600000,4.706e-05
NEARUSD,1713974400000,0.0001
NEARUSD,1714003200000,0.0001
NEARUSD,1714032000000,0.0001
NEARUSD,1714060800010,0.0001
NEARUSD,1714089600001,0.0001
NEARUSD,1714118400000,9.714e-05
NEARUSD,1714147200000,6.909e-05
NEARUSD,1714176000000,6.652e-05
NEARUSD,1714204800001,0.0001
NEARUSD,1714233600000,0.0001
NEARUSD,1714262400000,0.0001
NEARUSD,1714291200000,5.845e-05
NEARUSD,1714320000000,0.0001
NEARUSD,1714348800000,5.152e-05
NEARUSD,1714377600000,8.179e-05
NEARUSD,1714406400000,3.354e-05
NEARUSD,1714435200000,-4.07e-06
NEARUSD,1714464000000,1.291e-05
NEARUSD,1714492800000,0.0001
NEARUSD,1714521600000,-2.421e-05
NEARUSD,1714550400000,0.0001
NEARUSD,1714579200000,0.0001
NEARUSD,1714608000000,4.996e-05
NEARUSD,1714636800000,0.0001
NEARUSD,1714665600002,-2.259e-05
NEARUSD,1714694400000,9.745e-05
NEARUSD,1714723200000,4.638e-05
NEARUSD,1714752000000,0.0001
NEARUSD,1714780800000,0.0001
NEARUSD,1714809600000,0.0001
NEARUSD,1714838400000,5.369e-05
NEARUSD,1714867200000,0.0001
NEARUSD,1714896000000,0.0001
NEARUSD,1714924800000,0.0001
NEARUSD,1714953600000,0.0001
NEARUSD,1714982400000,0.0001
NEARUSD,1715011200000,0.0001
NEARUSD,1715040000000,0.0001
NEARUSD,1715068800000,0.0001
NEARUSD,1715097600000,0.0001
NEARUSD,1715126400000,0.0001
NEARUSD,1715155200000,0.0001
NEARUSD,1715184000000,0.0001
NEARUSD,1715212800000,0.0001
NEARUSD,1715241600000,0.0001
NEARUSD,1715270400000,0.0001
NEARUSD,1715299200000,0.0001
NEARUSD,1715328000000,0.0001
NEARUSD,1715356800000,0.0001
NEARUSD,1715385600000,8.904e-05
NEARUSD,1715414400000,8.243e-05
NEARUSD,1715443200000,6.928e-05
NEARUSD,1715472000000,5.776e-05
NEARUSD,1715500800000,4.211e-05
NEARUSD,1715529600000,1.768e-05
NEARUSD,1715558400001,8.01e-05
NEARUSD,1715587200001,9.062e-05
NEARUSD,1715616000000,3.561e-05
NEARUSD,1715644800000,0.0001
NEARUSD,1715673600000,0.0001
NEARUSD,1715702400000,0.0001
NEARUSD,1715731200000,4.399e-05
NEARUSD,1715760000000,4.406e-05
NEARUSD,1715788800000,0.0001
NEARUSD,1715817600004,0.0001
NEARUSD,1715846400000,0.0001
NEARUSD,1715875200000,0.0001
NEARUSD,1715904000000,0.0001
NEARUSD,1715932800000,0.0001
NEARUSD,1715961600000,3.68e-05
NEARUSD,1715990400000,1.724e-05
NEARUSD,1716019200000,0.0001
NEARUSD,1716048000000,0.0001
NEARUSD,1716076800000,0.0001
NEARUSD,1716105600000,9.544e-05
NEARUSD,1716134400000,0.0001
NEARUSD,1716163200000,0.0001
NEARUSD,1716192000000,2.934e-05
NEARUSD,1716220800003,6.148e-05
NEARUSD,1716249600000,0.0001
NEARUSD,1716278400001,0.0001
NEARUSD,1716307200000,0.0001
NEARUSD,1716336000000,0.0001
NEARUSD,1716364800000,0.0001
NEARUSD,1716393600000,0.0001
NEARUSD,1716422400000,0.0001
NEARUSD,1716451200000,0.0001
NEARUSD,1716480000000,0.0001
NEARUSD,1716508800000,0.0001
NEARUSD,1716537600000,0.0001
NEARUSD,1716566400000,0.0001
NEARUSD,1716595200000,0.0001
NEARUSD,1716624000000,0.0001
NEARUSD,1716652800000,0.0001
NEARUSD,1716681600000,0.00019278
NEARUSD,1716710400000,0.00010539
NEARUSD,1716739200000,0.0001
NEARUSD,1716768000000,0.0001
NEARUSD,1716796800000,0.0001
NEARUSD,1716825600000,0.0001
NEARUSD,1716854400000,0.0001
NEARUSD,1716883200000,0.0001
NEARUSD,1716912000000,0.0001
NEARUSD,1716940800001,0.0001
NEARUSD,1716969600000,0.0001
NEARUSD,1716998400000,0.0001
NEARUSD,1717027200000,0.0001
NEARUSD,1717056000000,0.0001
NEARUSD,1717084800000,0.0001
NEARUSD,1717113600000,0.0001
NEARUSD,1717142400000,0.0001
NEARUSD,1717171200000,0.0001
NEARUSD,1717200000000,0.0001
NEARUSD,1717228800000,0.00012931
NEARUSD,1717257600001,0.0001
NEARUSD,1717286400000,0.00016629
NEARUSD,1717315200000,0.00014574
NEARUSD,1717344000000,0.00014976
NEARUSD,1717372800000,0.0001
NEARUSD,1717401600000,0.00016179
NEARUSD,1717430400000,0.0001266
NEARUSD,1717459200000,0.0001
NEARUSD,1717488000000,0.0001
NEARUSD,1717516800000,0.00019671
NEARUSD,1717545600000,0.00019639
NEARUSD,1717574400000,0.0001409
NEARUSD,1717603200000,0.00013324
NEARUSD,1717632000000,0.0001
NEARUSD,1717660800008,0.00025951
NEARUSD,1717689600000,0.00020278
NEARUSD,1717718400000,0.0001
NEARUSD,1717747200000,0.0001
NEARUSD,1717776000000,0.000125
NEARUSD,1717804800000,0.0001
NEARUSD,1717833600000,0.0001
NEARUSD,1717862400000,0.0001
NEARUSD,1717891200000,0.0001
NEARUSD,1717920000000,0.0001
NEARUSD,1717948800001,0.0001
NEARUSD,1717977600000,0.0001
NEARUSD,1718006400000,0.0001
NEARUSD,1718035200001,0.0001
NEARUSD,1718064000001,0.0001
NEARUSD,1718092800000,0.0001
NEARUSD,1718121600000,0.0001
NEARUSD,1718150400000,0.0001
NEARUSD,1718179200000,0.0001
NEARUSD,1718208000000,0.0001
NEARUSD,1718236800000,0.0001
NEARUSD,1718265600001,0.0001
NEARUSD,1718294400000,0.0001
NEARUSD,1718323200000,0.0001
NEARUSD,1718352000000,0.0001
NEARUSD,1718380800000,0.0001
NEARUSD,1718409600000,-6.43e-06
NEARUSD,1718438400000,7.059e-05
NEARUSD,1718467200000,1.21e-06
NEARUSD,1718496000001,0.0001
NEARUSD,1718524800000,0.0001
NEARUSD,1718553600000,8.78e-05
NEARUSD,1718582400000,0.0001
NEARUSD,1718611200000,0.0001
NEARUSD,1718640000000,0.0001
NEARUSD,1718668800000,0.0001
NEARUSD,1718697600000,1.887e-05
NEARUSD,1718726400000,0.0001
NEARUSD,1718755200001,-2.676e-05
NEARUSD,1718784000001,-9.31e-05
NEARUSD,1718812800000,0.0001
NEARUSD,1718841600000,8.535e-05
NEARUSD,1718870400000,2.89e-05
NEARUSD,1718899200000,0.0001
NEARUSD,1718928000000,0.0001
NEARUSD,1718956800000,1.71e-05
NEARUSD,1718985600000,0.0001
NEARUSD,1719014400000,7.174e-05
NEARUSD,1719043200000,-1.917e-05
NEARUSD,1719072000000,0.0001
NEARUSD,1719100800000,5.586e-05
NEARUSD,1719129600000,0.0001
NEARUSD,1719158400000,0.0001
NEARUSD,1719187200002,3.001e-05
NEARUSD,1719216000000,7.878e-05
NEARUSD,1719244800000,0.0001
NEARUSD,1719273600000,6.623e-05
NEARUSD,1719302400000,5.476e-05
NEARUSD,1719331200000,0.0001
NEARUSD,1719360000002,-2.873e-05
NEARUSD,1719388800000,0.0001
NEARUSD,1719417600000,2.586e-05
NEARUSD,1719446400000,-6.308e-05
NEARUSD,1719475200001,0.0001
NEARUSD,1719504000000,6.473e-05
NEARUSD,1719532800000,9.179e-05
NEARUSD,1719561600000,-3.066e-05
NEARUSD,1719590400000,0.0001
NEARUSD,1719619200001,0.0001
NEARUSD,1719648000000,0.0001
NEARUSD,1719676800000,3.232e-05
NEARUSD,1719705600000,0.0001
NEARUSD,1719734400000,0.0001
NEARUSD,1719763200000,0.0001
NEARUSD,1719792000000,0.0001
NEARUSD,1719820800000,0.0001
NEARUSD,1719849600001,0.0001
NEARUSD,1719878400000,0.0001
NEARUSD,1719907200000,0.0001
NEARUSD,1719936000000,0.0001
NEARUSD,1719964800000,0.0001
NEARUSD,1719993600001,0.0001
NEARUSD,1720022400000,0.0001
NEARUSD,1720051200000,0.0001
NEARUSD,1720080000000,0.0001
NEARUSD,1720108800000,0.0001
NEARUSD,1720137600000,0.0001
NEARUSD,1720166400000,-0.0001183
NEARUSD,1720195200000,-0.0001691
NEARUSD,1720224000000,3.479e-05
NEARUSD,1720252800000,-3.19e-05
NEARUSD,1720281600000,-0.00015202
NEARUSD,1720310400001,8.14e-05
NEARUSD,1720339200000,0.0001
NEARUSD,1720368000000,0.0001
NEARUSD,1720396800000,0.0001
NEARUSD,1720425600000,3.17e-05
NEARUSD,1720454400000,0.0001
NEARUSD,1720483200000,0.0001
NEARUSD,1720512000001,3.086e-05
NEARUSD,1720540800000,2.4e-05
NEARUSD,1720569600000,0.0001
NEARUSD,1720598400000,0.0001
NEARUSD,1720627200000,0.0001
NEARUSD,1720656000002,0.0001
NEARUSD,1720684800002,0.0001
NEARUSD,1720713600004,7.379e-05
NEARUSD,1720742400000,6.395e-05
NEARUSD,1720771200000,9.256e-05
NEARUSD,1720800000000,9.368e-05
NEARUSD,1720828800000,5.312e-05
NEARUSD,1720857600000,0.0001
NEARUSD,1720886400000,5.263e-05
NEARUSD,1720915200000,0.0001
NEARUSD,1720944000000,4.861e-05
NEARUSD,1720972800000,0.0001
NEARUSD,1721001600000,0.0001
NEARUSD,1721030400000,0.0001
NEARUSD,1721059200000,8.38e-05
NEARUSD,1721088000000,0.0001
NEARUSD,1721116800000,0.0001
NEARUSD,1721145600000,8.063e-05
NEARUSD,1721174400000,0.0001
NEARUSD,1721203200001,0.0001
NEARUSD,1721232000000,7.613e-05
NEARUSD,1721260800000,0.0001
NEARUSD,1721289600000,0.0001
NEARUSD,1721318400000,0.0001
NEARUSD,1721347200000,0.0001
NEARUSD,1721376000000,0.0001
NEARUSD,1721404800000,4.969e-05
NEARUSD,1721433600001,0.0001
NEARUSD,1721462400000,0.0001
NEARUSD,1721491200000,0.0001
NEARUSD,1721520000000,0.0001
NEARUSD,1721548800000,0.0001
NEARUSD,1721577600000,0.0001
NEARUSD,1721606400000,0.0001
NEARUSD,1721635200000,0.0001
NEARUSD,1721664000000,9.409e-05
NEARUSD,1721692800000,5.355e-05
NEARUSD,1721721600000,4.644e-05
NEARUSD,1721750400000,4.75e-06
NEARUSD,1721779200000,0.0001
NEARUSD,1721808000000,-9.47e-06
NEARUSD,1721836800000,0.0001
NEARUSD,1721865600000,-7.275e-05
NEARUSD,1721894400000,3.85e-05
NEARUSD,1721923200000,0.0001
NEARUSD,1721952000000,-6.046e-05
NEARUSD,1721980800000,3.099e-05
NEARUSD,1722009600000,7.058e-05
NEARUSD,1722038400000,-2.006e-05
NEARUSD,1722067200000,-2.358e-05
NEARUSD,1722096000000,0.0001
NEARUSD,1722124800000,-8.94e-06
NEARUSD,1722153600000,1.349e-05
NEARUSD,1722182400001,8.711e-05
NEARUSD,1722211200001,-2.462e-05
NEARUSD,1722240000000,1.612e-05
NEARUSD,1722268800001,6.97e-05
NEARUSD,1722297600000,-2.098e-05
NEARUSD,1722326400001,5.893e-05
NEARUSD,1722355200000,0.0001
NEARUSD,1722384000000,-9.851e-05
NEARUSD,1722412800000,0.0001
NEARUSD,1722441600000,6.788e-05
NEARUSD,1722470400000,9.753e-05
NEARUSD,1722499200000,1.424e-05
NEARUSD,1722528000000,6.683e-05
NEARUSD,1722556800000,4.482e-05
NEARUSD,1722585600001,8.06e-05
NEARUSD,1722614400000,5.625e-05
NEARUSD,1722643200000,0.0001
NEARUSD,1722672000000,-2.409e-05
NEARUSD,1722700800001,0.0001
NEARUSD,1722729600000,-0.00015771
NEARUSD,1722758400000,8.65e-06
NEARUSD,1722787200000,-9.08e-06
NEARUSD,1722816000000,3.485e-05
NEARUSD,1722844800000,4.79e-06
NEARUSD,1722873600000,1.663e-05
NEARUSD,1722902400000,-0.00025592
NEARUSD,1722931200000,-0.00019953
NEARUSD,1722960000000,-9.859e-05
NEARUSD,1722988800000,-0.00010619
NEARUSD,1723017600001,-0.00010361
NEARUSD,1723046400000,-8.736e-05
NEARUSD,1723075200001,-0.00028715
NEARUSD,1723104000000,-0.00019686
NEARUSD,1723132800000,-5.425e-05
NEARUSD,1723161600000,-7.76e-05
NEARUSD,1723190400000,-0.00013408
NEARUSD,1723219200000,5.285e-05
NEARUSD,1723248000000,-0.00024951
NEARUSD,1723276800000,-4.079e-05
NEARUSD,1723305600000,-0.00030347
NEARUSD,1723334400000,-0.00030629
NEARUSD,1723363200000,-9.765e-05
NEARUSD,1723392000001,-6.536e-05
NEARUSD,1723420800000,-0.00030501
NEARUSD,1723449600000,-6.119e-05
NEARUSD,1723478400000,1.745e-05
NEARUSD,1723507200000,-0.00015384
NEARUSD,1723536000000,-5.841e-05
NEARUSD,1723564800000,4.144e-05
NEARUSD,1723593600000,3.277e-05
NEARUSD,1723622400000,-5.275e-05
NEARUSD,1723651200000,-9.558e-05
NEARUSD,1723680000000,-2.312e-05
NEARUSD,1723708800000,0.0001
NEARUSD,1723737600000,-1.059e-05
NEARUSD,1723766400000,-0.00022301
NEARUSD,1723795200000,-6.037e-05
NEARUSD,1723824000000,-7.234e-05
NEARUSD,1723852800000,-2.63e-06
NEARUSD,1723881600000,7.337e-05
NEARUSD,1723910400000,-8.146e-05
NEARUSD,1723939200000,5.46e-06
NEARUSD,1723968000000,-9.181e-05
NEARUSD,1723996800000,-3.111e-05
NEARUSD,1724025600000,-3.273e-05
NEARUSD,1724054400000,-0.00022414
NEARUSD,1724083200002,5.806e-05
NEARUSD,1724112000000,8.567e-05
NEARUSD,1724140800000,7.568e-05
NEARUSD,1724169600001,7.787e-05
NEARUSD,1724198400001,4.014e-05
NEARUSD,1724227200000,7.005e-05
NEARUSD,1724256000001,3.083e-05
NEARUSD,1724284800000,5.728e-05
NEARUSD,1724313600000,0.0001
NEARUSD,1724342400008,5.514e-05
NEARUSD,1724371200000,0.0001
NEARUSD,1724400000000,7.261e-05
NEARUSD,1724428800000,7.041e-05
NEARUSD,1724457600000,0.0001
NEARUSD,1724486400005,0.0001
NEARUSD,1724515200000,0.0001
NEARUSD,1724544000000,0.0001
NEARUSD,1724572800000,0.0001
NEARUSD,1724601600000,9.23e-05
NEARUSD,1724630400000,0.0001
NEARUSD,1724659200001,0.0001
NEARUSD,1724688000000,0.0001
NEARUSD,1724716800001,0.0001
NEARUSD,1724745600000,0.0001
NEARUSD,1724774400000,0.0001
NEARUSD,1724803200000,2.202e-05
NEARUSD,1724832000000,7.907e-05
NEARUSD,1724860800001,4.62e-05
NEARUSD,1724889600000,-7.177e-05
NEARUSD,1724918400001,3e-06
NEARUSD,1724947200000,-8.214e-05
NEARUSD,1724976000000,6.53e-06
NEARUSD,1725004800000,5.674e-05
NEARUSD,1725033600000,1.88e-05
NEARUSD,1725062400000,5.121e-05
NEARUSD,1725091200000,-2.766e-05
NEARUSD,1725120000000,6.261e-05
NEARUSD,1725148800000,7.615e-05
NEARUSD,1725177600001,0.0001
NEARUSD,1725206400000,8.425e-05
NEARUSD,1725235200001,2.923e-05
NEARUSD,1725264000001,9.309e-05
NEARUSD,1725292800000,2.634e-05
NEARUSD,1725321600000,-7.87e-06
NEARUSD,1725350400001,-3.59e-05
NEARUSD,1725379200000,-4.101e-05
NEARUSD,1725408000000,-8.815e-05
NEARUSD,1725436800000,1.68e-05
NEARUSD,1725465600000,-0.00010148
NEARUSD,1725494400000,-9.528e-05
NEARUSD,1725523200000,0.0001
NEARUSD,1725552000005,1.813e-05
NEARUSD,1725580800000,0.0001
NEARUSD,1725609600001,0.0001
NEARUSD,1725638400000,6.2e-05
NEARUSD,1725667200000,1.766e-05
NEARUSD,1725696000000,4.238e-05
NEARUSD,1725724800000,9.532e-05
NEARUSD,1725753600000,0.0001
NEARUSD,1725782400000,0.0001
NEARUSD,1725811200000,0.0001
NEARUSD,1725840000000,5.022e-05
NEARUSD,1725868800000,0.0001
NEARUSD,1725897600001,0.0001
NEARUSD,1725926400000,0.0001
NEARUSD,1725955200000,0.0001
NEARUSD,1725984000000,0.0001
NEARUSD,1726012800000,9.129e-05
NEARUSD,1726041600000,0.0001
NEARUSD,1726070400000,5.008e-05
NEARUSD,1726099200000,0.0001
NEARUSD,1726128000000,-7.02e-06
NEARUSD,1726156800000,5.921e-05
NEARUSD,1726185600000,0.0001
NEARUSD,1726214400001,0.0001
NEARUSD,1726243200001,8.544e-05
NEARUSD,1726272000000,-1.85e-06
NEARUSD,1726300800000,0.0001
NEARUSD,1726329600001,-2.485e-05
NEARUSD,1726358400000,0.0001
NEARUSD,1726387200000,8.801e-05
NEARUSD,1726416000000,7.875e-05
NEARUSD,1726444800000,0.0001
NEARUSD,1726473600001,2.467e-05
NEARUSD,1726502400000,6.712e-05
NEARUSD,1726531200001,2.943e-05
NEARUSD,1726560000000,4.658e-05
NEARUSD,1726588800000,4.35e-05
NEARUSD,1726617600000,0.0001
NEARUSD,1726646400000,7.022e-05
NEARUSD,1726675200004,8.716e-05
NEARUSD,1726704000000,0.0001
NEARUSD,1726732800000,0.0001
NEARUSD,1726761600001,9.977e-05
NEARUSD,1726790400000,0.0001
NEARUSD,1726819200001,0.0001
NEARUSD,1726848000000,0.0001
NEARUSD,1726876800001,0.0001
NEARUSD,1726905600000,0.0001
NEARUSD,1726934400000,0.0001
NEARUSD,1726963200000,0.0001
NEARUSD,1726992000000,0.0001
NEARUSD,1727020800000,0.0001
NEARUSD,1727049600000,0.0001
NEARUSD,1727078400000,0.0001
NEARUSD,1727107200000,0.0001
NEARUSD,1727136000000,0.0001
NEARUSD,1727164800000,8.179e-05
NEARUSD,1727193600001,0.0001
NEARUSD,1727222400000,0.0001
NEARUSD,1727251200003,0.0001
NEARUSD,1727280000000,0.0001
NEARUSD,1727308800005,0.0001
NEARUSD,1727337600000,0.0001
NEARUSD,1727366400000,0.0001
NEARUSD,1727395200000,0.0001
NEARUSD,1727424000000,3.319e-05
NEARUSD,1727452800000,9.814e-05
NEARUSD,1727481600000,0.0001
NEARUSD,1727510400001,0.0001
NEARUSD,1727539200000,0.0001
NEARUSD,1727568000001,0.0001
NEARUSD,1727596800000,0.0001
NEARUSD,1727625600000,0.0001
NEARUSD,1727654400000,0.0001
NEARUSD,1727683200001,0.0001
NEARUSD,1727712000000,2.049e-05
NEARUSD,1727740800000,5.691e-05
NEARUSD,1727769600000,0.0001
NEARUSD,1727798400001,3.174e-05
NEARUSD,1727827200000,-6.171e-05
NEARUSD,1727856000000,0.0001
NEARUSD,1727884800000,0.0001
NEARUSD,1727913600000,1.814e-05
NEARUSD,1727942400000,0.0001
NEARUSD,1727971200000,0.0001
NEARUSD,1728000000000,3.509e-05
NEARUSD,1728028800000,0.0001
NEARUSD,1728057600001,4.744e-05
NEARUSD,1728086400000,9.554e-05
NEARUSD,1728115200000,0.0001
NEARUSD,1728144000000,9.089e-05
NEARUSD,1728172800000,0.0001
NEARUSD,1728201600001,0.0001
NEARUSD,1728230400000,0.0001
NEARUSD,1728259200000,0.0001
NEARUSD,1728288000000,0.0001
NEARUSD,1728316800001,8.174e-05
NEARUSD,1728345600000,0.0001
NEARUSD,1728374400000,0.0001
NEARUSD,1728403200000,0.0001
NEARUSD,1728432000000,0.0001
NEARUSD,1728460800000,0.0001
NEARUSD,1728489600000,0.0001
NEARUSD,1728518400000,1.369e-05
NEARUSD,1728547200000,7.658e-05
NEARUSD,1728576000000,3.107e-05
NEARUSD,1728604800000,-1.945e-05
NEARUSD,1728633600000,8.146e-05
NEARUSD,1728662400001,5.423e-05
NEARUSD,1728691200000,0.0001
NEARUSD,1728720000001,0.0001
NEARUSD,1728748800000,0.0001
NEARUSD,1728777600000,0.0001
NEARUSD,1728806400000,0.0001
NEARUSD,1728835200000,0.0001
NEARUSD,1728864000000,0.0001
NEARUSD,1728892800000,0.0001
NEARUSD,1728921600000,0.0001
NEARUSD,1728950400000,0.0001
NEARUSD,1728979200000,0.0001
NEARUSD,1729008000000,0.0001
NEARUSD,1729036800000,0.0001
NEARUSD,1729065600001,0.0001
NEARUSD,1729094400000,0.0001
NEARUSD,1729123200000,0.0001
NEARUSD,1729152000000,0.0001
NEARUSD,1729180800001,0.0001
NEARUSD,1729209600010,0.0001
NEARUSD,1729238400001,0.0001
NEARUSD,1729267200000,4.244e-05
NEARUSD,1729296000000,0.0001
NEARUSD,1729324800000,0.0001
NEARUSD,1729353600000,0.0001
NEARUSD,1729382400000,6.185e-05
NEARUSD,1729411200000,0.0001
NEARUSD,1729440000000,0.0001
NEARUSD,1729468800000,0.0001
NEARUSD,1729497600000,0.0001
NEARUSD,1729526400000,0.0001
NEARUSD,1729555200000,0.0001
NEARUSD,1729584000000,0.0001
NEARUSD,1729612800000,0.0001
NEARUSD,1729641600000,0.0001
NEARUSD,1729670400000,5.847e-05
NEARUSD,1729699200000,0.0001
NEARUSD,1729728000000,4.23e-05
NEARUSD,1729756800000,0.0001
NEARUSD,1729785600000,0.0001
NEARUSD,1729814400000,-1.3e-07
NEARUSD,1729843200000,0.0001
NEARUSD,1729872000000,0.0001
NEARUSD,1729900800000,-1.15e-05
NEARUSD,1729929600001,-0.00011142
NEARUSD,1729958400000,8.324e-05
NEARUSD,1729987200000,8.874e-05
NEARUSD,1730016000000,6.615e-05
NEARUSD,1730044800000,1.559e-05
NEARUSD,1730073600000,-0.00019397
NEARUSD,1730102400001,8.966e-05
NEARUSD,1730131200000,-7.456e-05
NEARUSD,1730160000000,5.185e-05
NEARUSD,1730188800000,4.414e-05
NEARUSD,1730217600004,7.744e-05
NEARUSD,1730246400000,0.0001
NEARUSD,1730275200000,0.0001
NEARUSD,1730304000013,0.0001
NEARUSD,1730332800000,0.0001
NEARUSD,1730361600000,0.0001
NEARUSD,1730390400000,8.717e-05
NEARUSD,1730419200000,-4.7e-06
NEARUSD,1730448000000,0.0001
NEARUSD,1730476800000,4.071e-05
NEARUSD,1730505600000,8.632e-05
NEARUSD,1730534400000,-0.00015046
NEARUSD,1730563200000,0.0001
NEARUSD,1730592000000,-1.404e-05
NEARUSD,1730620800000,-4.832e-05
NEARUSD,1730649600000,-3.318e-05
NEARUSD,1730678400000,-0.00010017
NEARUSD,1730707200000,1.573e-05
NEARUSD,1730736000000,2.306e-05
NEARUSD,1730764800000,0.0001
NEARUSD,1730793600003,0.0001
NEARUSD,1730822400001,-2.797e-05
NEARUSD,1730851200000,0.0001
NEARUSD,1730880000000,0.0001
NEARUSD,1730908800000,0.0001
NEARUSD,1730937600000,0.0001
NEARUSD,1730966400000,0.0001
NEARUSD,1730995200000,0.0001
NEARUSD,1731024000000,0.0001
NEARUSD,1731052800000,0.0001
NEARUSD,1731081600000,0.0001
NEARUSD,1731110400000,0.0001
NEARUSD,1731139200000,0.0001
NEARUSD,1731168000000,0.0001
NEARUSD,1731196800000,0.0001
NEARUSD,1731225600000,0.00010809
NEARUSD,1731254400000,0.0001992
NEARUSD,1731283200001,0.0001
NEARUSD,1731312000000,0.00011496
NEARUSD,1731340800000,0.00010752
NEARUSD,1731369600002,0.00026205
NEARUSD,1731398400000,0.00033865
NEARUSD,1731427200000,0.00045869
NEARUSD,1731456000000,0.00012085
NEARUSD,1731484800010,0.00014746
NEARUSD,1731513600000,0.0001
NEARUSD,1731542400001,0.0001
NEARUSD,1731571200000,0.00023329
NEARUSD,1731600000000,0.0001
NEARUSD,1731628800000,0.0001
NEARUSD,1731657600000,0.0001
NEARUSD,1731686400000,0.0001
NEARUSD,1731715200001,0.0001
NEARUSD,1731744000001,0.00018961
NEARUSD,1731772800000,0.00019225
NEARUSD,1731801600000,0.0001
NEARUSD,1731830400000,0.0001
NEARUSD,1731859200001,0.0001
NEARUSD,1731888000000,0.0001
NEARUSD,1731916800000,0.0001
NEARUSD,1731945600000,0.0001
NEARUSD,1731974400000,0.0001
NEARUSD,1732003200000,0.0001
NEARUSD,1732032000000,0.0001
NEARUSD,1732060800003,0.0001
NEARUSD,1732089600000,0.0001
NEARUSD,1732118400000,0.0001
NEARUSD,1732147200001,0.0001
NEARUSD,1732176000000,0.0001
NEARUSD,1732204800001,0.0001
NEARUSD,1732233600000,0.00015949
NEARUSD,1732262400000,0.00011584
NEARUSD,1732291200001,0.00011162
NEARUSD,1732320000000,0.00028268
NEARUSD,1732348800000,0.00037083
NEARUSD,1732377600000,0.00018185
NEARUSD,1732406400001,0.00015261
NEARUSD,1732435200000,0.00022388
NEARUSD,1732464000000,0.0001
NEARUSD,1732492800000,0.00010878
NEARUSD,1732521600000,0.00014674
NEARUSD,1732550400000,0.00020766
NEARUSD,1732579200000,0.00036763
NEARUSD,1732608000000,0.00029589
NEARUSD,1732636800000,0.0001
NEARUSD,1732665600000,0.0001
NEARUSD,1732694400000,0.00017937
NEARUSD,1732723200001,0.00015501
NEARUSD,1732752000000,0.00020693
NEARUSD,1732780800000,0.0001655
NEARUSD,1732809600000,0.0001
NEARUSD,1732838400000,0.00021003
NEARUSD,1732867200000,0.0001675
NEARUSD,1732896000000,0.0001
NEARUSD,1732924800000,0.0001611
NEARUSD,1732953600000,0.00027538
NEARUSD,1732982400000,0.00031661
NEARUSD,1733011200000,0.00034367
NEARUSD,1733040000000,0.0001
NEARUSD,1733068800000,0.0001
NEARUSD,1733097600001,0.0002388
NEARUSD,1733126400001,0.00025994
NEARUSD,1733155200000,0.0001
NEARUSD,1733184000000,0.00044688
NEARUSD,1733212800000,0.00043103
NEARUSD,1733241600000,0.00022644
NEARUSD,1733270400000,0.00024836
NEARUSD,1733299200000,0.00047788
NEARUSD,1733328000000,0.00034994
NEARUSD,1733356800001,0.0003364
NEARUSD,1733385600000,0.00060433
NEARUSD,1733414400000,0.00058194
NEARUSD,1733443200000,0.00043205
NEARUSD,1733472000000,0.00050333
NEARUSD,1733500800000,0.0001
NEARUSD,1733529600000,0.00039738
NEARUSD,1733558400000,0.00023582
NEARUSD,1733587200000,0.00017713
NEARUSD,1733616000000,0.00027644
NEARUSD,1733644800000,0.0001
NEARUSD,1733673600000,0.0001
NEARUSD,1733702400000,0.0001
NEARUSD,1733731200000,0.0001
NEARUSD,1733760000001,0.0001
NEARUSD,1733788800007,0.0001
NEARUSD,1733817600000,0.0001
NEARUSD,1733846400000,0.0001
NEARUSD,1733875200000,0.0001
NEARUSD,1733904000000,0.0001
NEARUSD,1733932800001,-1.716e-05
NEARUSD,1733961600001,0.0001
NEARUSD,1733990400000,6.836e-05
NEARUSD,1734019200001,0.0001
NEARUSD,1734048000000,0.0001
NEARUSD,1734076800000,0.0001
NEARUSD,1734105600001,0.0001
NEARUSD,1734134400000,0.0001
NEARUSD,1734163200000,0.0001
NEARUSD,1734192000000,0.0001
NEARUSD,1734220800000,3.497e-05
NEARUSD,1734249600000,6.751e-05
NEARUSD,1734278400000,5.276e-05
NEARUSD,1734307200000,0.0001
NEARUSD,1734336000001,0.0001
NEARUSD,1734364800000,0.0001
NEARUSD,1734393600000,0.0001
NEARUSD,1734422400000,6.492e-05
NEARUSD,1734451200000,0.0001
NEARUSD,1734480000000,0.0001
NEARUSD,1734508800000,7.076e-05
NEARUSD,1734537600000,-4.5e-07
NEARUSD,1734566400000,-1.175e-05
NEARUSD,1734595200000,-0.00013991
NEARUSD,1734624000000,-7.915e-05
NEARUSD,1734652800000,-0.00017205
NEARUSD,1734681600001,8.586e-05
NEARUSD,1734710400014,-0.00010194
NEARUSD,1734739200000,-1.8e-07
NEARUSD,1734768000000,5.597e-05
NEARUSD,1734796800001,0.0001
NEARUSD,1734825600000,-9.445e-05
NEARUSD,1734854400000,0.0001
NEARUSD,1734883200000,5.697e-05
NEARUSD,1734912000000,4.933e-05
NEARUSD,1734940800000,4.511e-05
NEARUSD,1734969600001,-1.774e-05
NEARUSD,1734998400000,-3.418e-05
NEARUSD,1735027200000,-0.00029846
NEARUSD,1735056000001,-5.87e-05
NEARUSD,1735084800001,-8.95e-06
NEARUSD,1735113600000,0.0001
NEARUSD,1735142400000,0.0001
NEARUSD,1735171200000,0.0001
NEARUSD,1735200000000,0.0001
NEARUSD,1735228800000,9.109e-05
NEARUSD,1735257600000,-0.00011811
NEARUSD,1735286400000,5.68e-05
NEARUSD,1735315200000,-0.00010155
NEARUSD,1735344000001,1.258e-05
NEARUSD,1735372800000,-0.00024185
NEARUSD,1735401600000,-8.88e-05
NEARUSD,1735430400000,2.158e-05
NEARUSD,1735459200000,7.664e-05
NEARUSD,1735488000000,0.0001
NEARUSD,1735516800000,0.0001
NEARUSD,1735545600001,0.0001
NEARUSD,1735574400000,8.013e-05
NEARUSD,1735603200000,0.0001
NEARUSD,1735632000000,-1.964e-05
NEARUSD,1735660800000,0.0001
NEARUSD,1735689600015,0.0001
NEARUSD,1735718400000,-2.437e-05
NEARUSD,1735747200001,0.0001
NEARUSD,1735776000000,0.0001
NEARUSD,1735804800006,0.0001
NEARUSD,1735833600000,0.0001
NEARUSD,1735862400000,0.0001
NEARUSD,1735891200000,0.0001
NEARUSD,1735920000000,0.0001
NEARUSD,1735948800000,0.0001
NEARUSD,1735977600000,0.0001
NEARUSD,1736006400000,0.0001
NEARUSD,1736035200000,0.0001
NEARUSD,1736064000000,0.0001
NEARUSD,1736092800000,0.0001
NEARUSD,1736121600000,0.0001
NEARUSD,1736150400001,0.0001
NEARUSD,1736179200000,0.0001
NEARUSD,1736208000000,0.0001
NEARUSD,1736236800000,0.0001
NEARUSD,1736265600008,0.0001
NEARUSD,1736294400001,-3.099e-05
NEARUSD,1736323200000,0.0001
NEARUSD,1736352000000,-5.626e-05
NEARUSD,1736380800000,-0.00034833
NEARUSD,1736409600000,0.0001
NEARUSD,1736438400000,1.263e-05
NEARUSD,1736467200000,-2.85e-06
NEARUSD,1736496000000,-1.019e-05
NEARUSD,1736524800000,0.0001
NEARUSD,1736553600000,0.0001
NEARUSD,1736582400000,0.0001
NEARUSD,1736611200000,8.218e-05
NEARUSD,1736640000000,0.0001
NEARUSD,1736668800000,-7.6e-07
NEARUSD,1736697600000,5.008e-05
NEARUSD,1736726400000,9e-05
NEARUSD,1736755200000,-0.00021231
NEARUSD,1736784000000,-0.00032853
NEARUSD,1736812800000,-0.00022548
NEARUSD,1736841600000,-9.51e-06
NEARUSD,1736870400000,-5.465e-05
NEARUSD,1736899200000,-9.553e-05
NEARUSD,1736928000000,-3e-06
NEARUSD,1736956800000,-6.258e-05
NEARUSD,1736985600000,-7.85e-06
NEARUSD,1737014400000,-3.589e-05
NEARUSD,1737043200000,1.6e-05
NEARUSD,1737072000004,0.0001
NEARUSD,1737100800000,0.0001
NEARUSD,1737129600008,2.998e-05
NEARUSD,1737158400000,8.48e-05
NEARUSD,1737187200007,0.0001
NEARUSD,1737216000000,3.003e-05
NEARUSD,1737244800000,7.223e-05
NEARUSD,1737273600000,-8.08e-06
NEARUSD,1737302400000,5.288e-05
NEARUSD,1737331200000,0.0001
NEARUSD,1737360000009,-4.061e-05
NEARUSD,1737388800000,0.0001
NEARUSD,1737417600000,0.0001
NEARUSD,1737446400000,-0.00014487
NEARUSD,1737475200000,0.0001
NEARUSD,1737504000000,0.0001
NEARUSD,1737532800000,0.0001
NEARUSD,1737561600000,0.0001
NEARUSD,1737590400001,0.0001
NEARUSD,1737619200000,0.0001
NEARUSD,1737648000000,0.0001
NEARUSD,1737676800000,0.0001
NEARUSD,1737705600000,0.0001
NEARUSD,1737734400000,0.0001
NEARUSD,1737763200000,6.167e-05
NEARUSD,1737792000000,2.841e-05
NEARUSD,1737820800001,-4.557e-05
NEARUSD,1737849600000,8.109e-05
NEARUSD,1737878400000,0.0001
NEARUSD,1737907200000,0.0001
NEARUSD,1737936000000,-7.467e-05
NEARUSD,1737964800000,-0.00011004
NEARUSD,1737993600000,-0.00015436
NEARUSD,1738022400000,0.0001
NEARUSD,1738051200000,1.853e-05
NEARUSD,1738080000000,-4.961e-05
NEARUSD,1738108800000,-2.436e-05
NEARUSD,1738137600000,-3.232e-05
NEARUSD,1738166400000,-7.3e-07
NEARUSD,1738195200000,5.48e-05
NEARUSD,1738224000000,0.0001
NEARUSD,1738252800000,0.0001
NEARUSD,1738281600000,0.0001
NEARUSD,1738310400000,0.0001
NEARUSD,1738339200000,0.0001
NEARUSD,1738368000000,0.0001
NEARUSD,1738396800000,0.0001
NEARUSD,1738425600000,7.48e-05
NEARUSD,1738454400001,-4.007e-05
NEARUSD,1738483200000,-6.224e-05
NEARUSD,1738512000000,-1.211e-05
NEARUSD,1738540800000,-0.0002485
NEARUSD,1738569600000,-0.00034477
NEARUSD,1738598400000,-0.00016098
NEARUSD,1738627200000,-0.00017183
NEARUSD,1738656000001,-0.00018252
NEARUSD,1738684800000,-0.00028177
NEARUSD,1738713600001,-1.286e-05
NEARUSD,1738742400001,3.6e-06
NEARUSD,1738771200000,-2.4e-05
NEARUSD,1738800000001,-4.06e-06
NEARUSD,1738828800001,-9.42e-05
NEARUSD,1738857600000,-0.00016399
NEARUSD,1738886400000,5.111e-05
NEARUSD,1738915200000,-9.461e-05
NEARUSD,1738944000000,-0.00015987
NEARUSD,1738972800000,-2.112e-05
NEARUSD,1739001600000,-1.266e-05
NEARUSD,1739030400000,-2.963e-05
NEARUSD,1739059200000,-0.00022992
NEARUSD,1739088000000,-4.497e-05
NEARUSD,1739116800000,0.0001
NEARUSD,1739145600000,6.1e-06
NEARUSD,1739174400000,2.366e-05
NEARUSD,1739203200000,0.0001
NEARUSD,1739232000000,0.0001
NEARUSD,1739260800000,5.233e-05
NEARUSD,1739289600000,7.03e-05
NEARUSD,1739318400000,-9.361e-05
NEARUSD,1739347200000,-0.00012288
NEARUSD,1739376000001,1.11e-05
NEARUSD,1739404800001,2.68e-05
NEARUSD,1739433600000,0.0001
NEARUSD,1739462400001,1.27e-06
NEARUSD,1739491200000,-0.00012154
NEARUSD,1739520000001,-0.00015317
NEARUSD,1739548800000,4.329e-05
NEARUSD,1739577600000,-0.00014748
NEARUSD,1739606400000,3.244e-05
NEARUSD,1739635200000,-4.506e-05
NEARUSD,1739664000000,2.942e-05
NEARUSD,1739692800000,-0.00028672
NEARUSD,1739721600000,-0.00015554
NEARUSD,1739750400000,-0.00023857
NEARUSD,1739779200000,-0.00012123
NEARUSD,1739808000000,0.0001
NEARUSD,1739836800000,0.0001
NEARUSD,1739865600000,4.206e-05
NEARUSD,1739894400000,3.329e-05
NEARUSD,1739923200000,4.6e-05
NEARUSD,1739952000000,-7.562e-05
NEARUSD,1739980800000,-8.581e-05
NEARUSD,1740009600000,-0.00015884
NEARUSD,1740038400000,-0.00015853
NEARUSD,1740067200000,-6.791e-05
NEARUSD,1740096000001,0.0001
NEARUSD,1740124800000,0.0001
NEARUSD,1740153600000,0.0001
NEARUSD,1740182400000,0.0001
NEARUSD,1740211200000,7.946e-05
NEARUSD,1740240000000,0.0001
NEARUSD,1740268800000,7.942e-05
NEARUSD,1740297600000,0.0001
NEARUSD,1740326400000,1.492e-05
NEARUSD,1740355200000,-0.00010362
NEARUSD,1740384000000,-4.905e-05
NEARUSD,1740412800000,1.414e-05
NEARUSD,1740441600000,1.719e-05
NEARUSD,1740470400000,-0.00017496
NEARUSD,1740499200000,-0.00020314
NEARUSD,1740528000000,-0.00036277
NEARUSD,1740556800000,-0.00016722
NEARUSD,1740585600000,2.467e-05
NEARUSD,1740614400001,0.0001
NEARUSD,1740643200000,6.698e-05
NEARUSD,1740672000000,8.731e-05
NEARUSD,1740700800001,8.743e-05
NEARUSD,1740729600000,1.041e-05
NEARUSD,1740758400000,1.895e-05
NEARUSD,1740787200000,0.0001
NEARUSD,1740816000000,9.019e-05
NEARUSD,1740844800001,8.484e-05
NEARUSD,1740873600000,0.0001
NEARUSD,1740902400000,6.14e-06
NEARUSD,1740931200000,8.645e-05
NEARUSD,1740960000001,0.0001
NEARUSD,1740988800000,0.0001
NEARUSD,1741017600000,6.482e-05
NEARUSD,1741046400001,-0.00023048
NEARUSD,1741075200005,-0.00011621
NEARUSD,1741104000000,-7.359e-05
NEARUSD,1741132800000,-0.00024603
NEARUSD,1741161600000,-0.00020559
NEARUSD,1741190400000,-5.991e-05
NEARUSD,1741219200000,-0.00023834
NEARUSD,1741248000001,3.546e-05
NEARUSD,1741276800000,-7.559e-05
NEARUSD,1741305600000,6.441e-05
NEARUSD,1741334400001,-4.988e-05
NEARUSD,1741363200000,6.035e-05
NEARUSD,1741392000000,7.68e-05
NEARUSD,1741420800001,5.298e-05
NEARUSD,1741449600001,3.472e-05
NEARUSD,1741478400001,7.54e-06
NEARUSD,1741507200000,-4.312e-05
NEARUSD,1741536000000,8.864e-05
NEARUSD,1741564800000,-0.0001361
NEARUSD,1741593600000,-0.00012412
NEARUSD,1741622400000,-6.152e-05
NEARUSD,1741651200000,-0.00017466
NEARUSD,1741680000000,-0.00041601
NEARUSD,1741708800001,2.726e-05
NEARUSD,1741737600000,5.43e-05
NEARUSD,1741766400000,4.674e-05
NEARUSD,1741795200001,-5.172e-05
NEARUSD,1741824000000,4.221e-05
NEARUSD,1741852800000,6.976e-05
NEARUSD,1741881600000,0.0001
NEARUSD,1741910400000,-2.45e-06
NEARUSD,1741939200000,5.831e-05
NEARUSD,1741968000000,6.694e-05
NEARUSD,1741996800000,2.527e-05
NEARUSD,1742025600000,0.0001
NEARUSD,1742054400000,0.0001
NEARUSD,1742083200000,0.0001
NEARUSD,1742112000000,0.0001
NEARUSD,1742140800000,6.133e-05
NEARUSD,1742169600000,-2.19e-06
NEARUSD,1742198400000,7.336e-05
NEARUSD,1742227200000,1.844e-05
NEARUSD,1742256000000,0.0001
NEARUSD,1742284800000,2.98e-06
NEARUSD,1742313600000,-2.001e-05
NEARUSD,1742342400000,2.472e-05
NEARUSD,1742371200000,3.522e-05
NEARUSD,1742400000000,0.0001
NEARUSD,1742428800000,0.0001
NEARUSD,1742457600000,8.795e-05
NEARUSD,1742486400000,0.0001
NEARUSD,1742515200000,0.0001
NEARUSD,1742544000000,3.027e-05
NEARUSD,1742572800000,0.0001
NEARUSD,1742601600000,8.622e-05
NEARUSD,1742630400004,-3.447e-05
NEARUSD,1742659200000,-1.345e-05
NEARUSD,1742688000000,2.121e-05
NEARUSD,1742716800000,7.952e-05
NEARUSD,1742745600000,-3.7e-07
NEARUSD,1742774400000,3.409e-05
NEARUSD,1742803200000,8.705e-05
NEARUSD,1742832000000,-2.048e-05
NEARUSD,1742860800001,0.0001
NEARUSD,1742889600000,7.298e-05
NEARUSD,1742918400000,-9.78e-06
NEARUSD,1742947200000,0.0001
NEARUSD,1742976000000,0.0001
NEARUSD,1743004800001,0.0001
NEARUSD,1743033600001,-4.127e-05
NEARUSD,1743062400001,2.814e-05
NEARUSD,1743091200002,-0.00012956
NEARUSD,1743120000001,-4.94e-06
NEARUSD,1743148800001,9.355e-05
NEARUSD,1743177600000,-7.782e-05
NEARUSD,1743206400000,-8.022e-05
NEARUSD,1743235200000,-3.902e-05
NEARUSD,1743264000000,-7.802e-05
NEARUSD,1743292800000,-0.00015774
NEARUSD,1743321600000,-8.66e-05
NEARUSD,1743350400000,-1.491e-05
NEARUSD,1743379200000,-9.9e-06
NEARUSD,1743408000000,4.156e-05
NEARUSD,1743436800000,-1.383e-05
NEARUSD,1743465600000,0.0001
NEARUSD,1743494400001,6.735e-05
NEARUSD,1743523200000,0.0001
NEARUSD,1743552000001,7.94e-06
NEARUSD,1743580800000,8.226e-05
NEARUSD,1743609600000,-6.475e-05
NEARUSD,1743638400000,2.852e-05
NEARUSD,1743667200000,8.507e-05
NEARUSD,1743696000000,-6.699e-05
NEARUSD,1743724800000,-0.00012396
NEARUSD,1743753600000,1.381e-05
NEARUSD,1743782400000,3.208e-05
NEARUSD,1743811200000,0.0001
NEARUSD,1743840000000,0.0001
NEARUSD,1743868800000,-4.231e-05
NEARUSD,1743897600000,1.006e-05
NEARUSD,1743926400000,1.314e-05
NEARUSD,1743955200002,-3.267e-05
NEARUSD,1743984000000,7.36e-05
NEARUSD,1744012800000,4.42e-05
NEARUSD,1744041600000,-0.00020291
NEARUSD,1744070400000,-0.00030351
NEARUSD,1744099200000,-0.00025704
NEARUSD,1744128000000,-0.00053012
NEARUSD,1744156800000,-0.00018966
NEARUSD,1744185600001,-3.523e-05
NEARUSD,1744214400000,-0.00010295
NEARUSD,1744243200000,6.49e-06
NEARUSD,1744272000000,1.338e-05
NEARUSD,1744300800000,4.168e-05
NEARUSD,1744329600001,7.148e-05
NEARUSD,1744358400000,3.569e-05
NEARUSD,1744387200000,-0.00010727
NEARUSD,1744416000000,7.634e-05
NEARUSD,1744444800001,4.43e-06
NEARUSD,1744473600000,-5.982e-05
NEARUSD,1744502400000,-1.664e-05
NEARUSD,1744531200000,7.421e-05
NEARUSD,1744560000000,0.0001
NEARUSD,1744588800000,0.0001
NEARUSD,1744617600000,-0.00018511
NEARUSD,1744646400000,4.32e-06
NEARUSD,1744675200000,8.077e-05
NEARUSD,1744704000000,-9.649e-05
NEARUSD,1744732800001,-0.00021216
NEARUSD,1744761600000,-0.00020471
NEARUSD,1744790400000,-0.00020614
NEARUSD,1744819200000,-0.00016805
NEARUSD,1744848000001,9.453e-05
NEARUSD,1744876800000,-5.949e-05
NEARUSD,1744905600001,-0.00011051
NEARUSD,1744934400000,9.011e-05
NEARUSD,1744963200000,5.629e-05
NEARUSD,1744992000000,3.937e-05
NEARUSD,1745020800000,2.396e-05
NEARUSD,1745049600000,0.0001
NEARUSD,1745078400000,-8.972e-05
NEARUSD,1745107200000,0.0001
NEARUSD,1745136000000,0.0001
NEARUSD,1745164800000,0.0001
NEARUSD,1745193600000,0.0001
NEARUSD,1745222400005,6.544e-05
NEARUSD,1745251200003,0.0001
NEARUSD,1745280000008,0.0001
NEARUSD,1745308800000,-0.00017443
NEARUSD,1745337600000,-0.0001148
NEARUSD,1745366400000,8.907e-05
NEARUSD,1745395200002,-4.797e-05
NEARUSD,1745424000000,0.0001
NEARUSD,1745452800000,0.0001
NEARUSD,1745481600001,0.0001
NEARUSD,1745510400001,0.0001
NEARUSD,1745539200007,0.0001
NEARUSD,1745568000002,8.672e-05
NEARUSD,1745596800003,5.112e-05
NEARUSD,1745625600002,0.0001
NEARUSD,1745654400000,4.691e-05
NEARUSD,1745683200002,0.0001
NEARUSD,1745712000001,-0.00011986
NEARUSD,1745740800000,6.85e-06
NEARUSD,1745769600000,0.0001
NEARUSD,1745798400001,5.249e-05
NEARUSD,1745827200003,-0.00010942
NEARUSD,1745856000005,6.39e-06
NEARUSD,1745884800000,-2.085e-05
NEARUSD,1745913600000,-6.23e-06
NEARUSD,1745942400010,-4.915e-05
NEARUSD,1745971200001,-5.126e-05
NEARUSD,1746000000000,-7.33e-05
NEARUSD,1746028800003,-4.626e-05
NEARUSD,1746057600000,8.406e-05
NEARUSD,1746086400000,6.028e-05
NEARUSD,1746115200001,0.0001
NEARUSD,1746144000000,0.0001
NEARUSD,1746172800000,7.188e-05
NEARUSD,1746201600003,9.842e-05
NEARUSD,1746230400000,9.476e-05
NEARUSD,1746259200000,-1.467e-05
NEARUSD,1746288000000,-0.00013604
NEARUSD,1746316800001,-0.0001372
NEARUSD,1746345600001,-0.00014282
NEARUSD,1746374400002,1.36e-05
NEARUSD,1746403200000,-4.327e-05
NEARUSD,1746432000000,-7.391e-05
NEARUSD,1746460800006,-2.33e-05
NEARUSD,1746489600002,-3.437e-05
NEARUSD,1746518400005,-4.165e-05
NEARUSD,1746547200000,-2.814e-05
NEARUSD,1746576000002,4.305e-05
NEARUSD,1746604800000,-2.308e-05
NEARUSD,1746633600006,-0.000102
NEARUSD,1746662400000,5.958e-05
NEARUSD,1746691200001,0.0001
NEARUSD,1746720000002,0.0001
NEARUSD,1746748800001,0.0001
NEARUSD,1746777600006,0.0001
NEARUSD,1746806400000,0.0001
NEARUSD,1746835200001,0.0001
NEARUSD,1746864000000,0.0001
NEARUSD,1746892800001,0.0001
NEARUSD,1746921600000,8.474e-05
NEARUSD,1746950400001,0.0001
NEARUSD,1746979200001,2.577e-05
NEARUSD,1747008000004,0.0001
NEARUSD,1747036800000,0.0001
NEARUSD,1747065600000,-5.724e-05
NEARUSD,1747094400000,0.0001
NEARUSD,1747123200008,0.0001
NEARUSD,1747152000001,-5.41e-06
NEARUSD,1747180800007,0.0001
NEARUSD,1747209600000,7.481e-05
NEARUSD,1747238400002,9.369e-05
NEARUSD,1747267200000,-4.102e-05
NEARUSD,1747296000003,0.0001
NEARUSD,1747324800000,2.483e-05
NEARUSD,1747353600001,-2.325e-05
NEARUSD,1747382400000,1.96e-06
NEARUSD,1747411200000,0.0001
NEARUSD,1747440000000,4.798e-05
NEARUSD,1747468800001,-7.657e-05
NEARUSD,1747497600004,8.46e-05
NEARUSD,1747526400000,6.415e-05
NEARUSD,1747555200000,-4.513e-05
NEARUSD,1747584000000,-8.433e-05
NEARUSD,1747612800000,-4.364e-05
NEARUSD,1747641600006,-0.00016623
NEARUSD,1747670400010,-9.222e-05
NEARUSD,1747699200000,2.365e-05
NEARUSD,1747728000002,5.942e-05
NEARUSD,1747756800000,-7.277e-05
NEARUSD,1747785600000,1.009e-05
NEARUSD,1747814400001,0.0001
NEARUSD,1747843200004,-1.157e-05
NEARUSD,1747872000001,6.483e-05
NEARUSD,1747900800000,0.0001
NEARUSD,1747929600002,0.0001
NEARUSD,1747958400006,0.0001
NEARUSD,1747987200000,0.0001
NEARUSD,1748016000007,0.0001
NEARUSD,1748044800010,0.0001
NEARUSD,1748073600000,-0.00010941
NEARUSD,1748102400003,-0.00013709
NEARUSD,1748131200004,-0.0001339
NEARUSD,1748160000000,-9.838e-05
NEARUSD,1748188800000,-0.00024359
NEARUSD,1748217600000,-0.00016208
NEARUSD,1748246400000,-1.885e-05
NEARUSD,1748275200002,7.537e-05
NEARUSD,1748304000003,4.048e-05
NEARUSD,1748332800001,9.656e-05
NEARUSD,1748361600005,0.0001
NEARUSD,1748390400002,0.0001
NEARUSD,1748419200003,3.475e-05
NEARUSD,1748448000002,9.869e-05
NEARUSD,1748476800000,4.971e-05
NEARUSD,1748505600006,8.466e-05
NEARUSD,1748534400000,5.914e-05
NEARUSD,1748563200003,-0.00010473
NEARUSD,1748592000003,-0.00031717
NEARUSD,1748620800000,-3.052e-05
NEARUSD,1748649600000,-0.0002582
NEARUSD,1748678400000,-0.00028474
NEARUSD,1748707200000,-0.00012507
NEARUSD,1748736000001,-3.158e-05
NEARUSD,1748764800002,-9.185e-05
NEARUSD,1748793600000,-1.843e-05
NEARUSD,1748822400001,-2.92e-05
NEARUSD,1748851200000,2.024e-05
NEARUSD,1748880000000,7.878e-05
NEARUSD,1748908800000,0.0001
NEARUSD,1748937600000,0.0001
NEARUSD,1748966400001,7.815e-05
NEARUSD,1748995200000,0.0001
NEARUSD,1749024000000,0.0001
NEARUSD,1749052800000,2.8e-07
NEARUSD,1749081600016,5.684e-05
NEARUSD,1749110400000,4.197e-05
NEARUSD,1749139200000,-3.836e-05
NEARUSD,1749168000002,-0.00019732
NEARUSD,1749196800000,7.06e-06
NEARUSD,1749225600006,-4.272e-05
NEARUSD,1749254400000,7.78e-05
NEARUSD,1749283200000,0.0001
NEARUSD,1749312000002,0.0001
NEARUSD,1749340800000,0.0001
NEARUSD,1749369600000,0.0001
NEARUSD,1749398400000,0.0001
NEARUSD,1749427200000,0.0001
NEARUSD,1749456000001,0.0001
NEARUSD,1749484800001,0.0001
NEARUSD,1749513600000,0.0001
NEARUSD,1749542400001,0.0001
NEARUSD,1749571200003,0.0001
NEARUSD,1749600000000,0.0001
NEARUSD,1749628800000,0.0001
NEARUSD,1749657600010,0.0001
NEARUSD,1749686400002,0.0001
NEARUSD,1749715200003,-1.06e-05
NEARUSD,1749744000001,-8.34e-06
NEARUSD,1749772800000,-9.987e-05
NEARUSD,1749801600001,-0.0004474
NEARUSD,1749830400004,-3.593e-05
NEARUSD,1749859200000,1.195e-05
NEARUSD,1749888000000,-8.313e-05
NEARUSD,1749916800000,-7.409e-05
NEARUSD,1749945600005,9.153e-05
NEARUSD,1749974400009,8.688e-05
NEARUSD,1750003200000,0.0001
NEARUSD,1750032000000,5.949e-05
NEARUSD,1750060800000,0.0001
NEARUSD,1750089600003,0.0001
NEARUSD,1750118400000,0.0001
NEARUSD,1750147200006,0.0001
NEARUSD,1750176000001,0.0001
NEARUSD,1750204800001,5.669e-05
NEARUSD,1750233600001,4.863e-05
NEARUSD,1750262400001,-9.251e-05
NEARUSD,1750291200005,3.202e-05
NEARUSD,1750320000003,1.184e-05
NEARUSD,1750348800000,4.836e-05
NEARUSD,1750377600000,-0.00016804
NEARUSD,1750406400002,0.0001
NEARUSD,1750435200001,5.268e-05
NEARUSD,1750464000002,-0.00012254
NEARUSD,1750492800005,4.242e-05
NEARUSD,1750521600000,-6.008e-05
NEARUSD,1750550400005,2.203e-05
NEARUSD,1750579200000,5.7e-05
NEARUSD,1750608000003,3.03e-06
NEARUSD,1750636800000,-0.00011661
NEARUSD,1750665600004,-8.116e-05
NEARUSD,1750694400013,-0.00021477
NEARUSD,1750723200003,-3.952e-05
NEARUSD,1750752000000,0.0001
NEARUSD,1750780800000,8.253e-05
NEARUSD,1750809600005,0.0001
NEARUSD,1750838400000,5.49e-05
NEARUSD,1750867200005,8.877e-05
NEARUSD,1750896000000,9.405e-05
NEARUSD,1750924800006,-9.052e-05
NEARUSD,1750953600007,0.0001
NEARUSD,1750982400000,1.62e-06
NEARUSD,1751011200000,-3.395e-05
NEARUSD,1751040000009,7.756e-05
NEARUSD,1751068800001,-1.008e-05
NEARUSD,1751097600002,4.229e-05
NEARUSD,1751126400000,0.0001
NEARUSD,1751155200004,7.512e-05
NEARUSD,1751184000001,0.0001
NEARUSD,1751212800001,0.0001
NEARUSD,1751241600000,0.0001
NEARUSD,1751270400005,0.0001
NEARUSD,1751299200002,-6.381e-05
NEARUSD,1751328000007,1.73e-05
NEARUSD,1751356800002,-0.00012289
NEARUSD,1751385600000,-2.429e-05
NEARUSD,1751414400001,8.845e-05
NEARUSD,1751443200000,-0.0001969
NEARUSD,1751472000003,0.0001
NEARUSD,1751500800006,0.0001
NEARUSD,1751529600003,0.0001
NEARUSD,1751558400003,0.0001
NEARUSD,1751587200005,0.0001
NEARUSD,1751616000003,0.0001
NEARUSD,1751644800001,-4.557e-05
NEARUSD,1751673600004,-0.00033432
NEARUSD,1751702400009,-0.00026989
NEARUSD,1751731200006,-0.00018744
NEARUSD,1751760000001,-0.00014404
NEARUSD,1751788800002,3.544e-05
NEARUSD,1751817600004,0.0001
NEARUSD,1751846400000,9.683e-05
NEARUSD,1751875200007,0.0001
NEARUSD,1751904000000,0.0001
NEARUSD,1751932800010,0.0001
NEARUSD,1751961600003,-0.00012272
NEARUSD,1751990400000,6.735e-05
NEARUSD,1752019200002,0.0001
NEARUSD,1752048000006,0.0001
NEARUSD,1752076800001,0.0001
NEARUSD,1752105600003,0.0001
NEARUSD,1752134400000,0.0001
NEARUSD,1752163200004,0.0001
NEARUSD,1752192000004,0.0001
NEARUSD,1752220800007,0.0001
NEARUSD,1752249600001,0.0001
NEARUSD,1752278400000,0.0001
NEARUSD,1752307200001,0.0001
NEARUSD,1752336000002,0.0001
NEARUSD,1752364800006,0.0001
NEARUSD,1752393600001,0.0001
NEARUSD,1752422400003,0.0001
NEARUSD,1752451200000,0.0001
NEARUSD,1752480000000,0.0001
NEARUSD,1752508800000,0.0001
NEARUSD,1752537600002,7.864e-05
NEARUSD,1752566400000,0.0001
NEARUSD,1752595200000,3.684e-05
NEARUSD,1752624000000,0.0001
NEARUSD,1752652800000,0.0001
NEARUSD,1752681600008,0.0001
NEARUSD,1752710400003,0.0001
NEARUSD,1752739200000,0.0001
NEARUSD,1752768000000,0.0001
NEARUSD,1752796800004,0.0001
NEARUSD,1752825600000,0.0001
NEARUSD,1752854400000,0.0001
NEARUSD,1752883200009,0.0001
NEARUSD,1752912000000,4.526e-05
NEARUSD,1752940800002,0.0001
NEARUSD,1752969600000,6.832e-05
NEARUSD,1752998400000,0.0001
NEARUSD,1753027200000,0.0001
NEARUSD,1753056000001,0.0001
NEARUSD,1753084800000,0.0001
NEARUSD,1753113600001,0.0001
NEARUSD,1753142400000,0.0001
NEARUSD,1753171200010,7.391e-05
NEARUSD,1753200000007,0.0001
NEARUSD,1753228800000,0.0001
NEARUSD,1753257600004,0.0001
NEARUSD,1753286400002,3.963e-05
NEARUSD,1753315200000,-1.392e-05
NEARUSD,1753344000001,-5.903e-05
NEARUSD,1753372800000,2.832e-05
NEARUSD,1753401600000,-0.00014096
NEARUSD,1753430400000,1.844e-05
NEARUSD,1753459200000,8.828e-05
NEARUSD,1753488000001,0.0001
NEARUSD,1753516800005,0.0001
NEARUSD,1753545600001,0.0001
NEARUSD,1753574400001,0.0001
NEARUSD,1753603200000,0.0001
NEARUSD,1753632000008,0.0001
NEARUSD,1753660800005,0.0001
NEARUSD,1753689600000,0.0001
NEARUSD,1753718400000,0.0001
NEARUSD,1753747200001,-9.342e-05
NEARUSD,1753776000000,-0.00011873
NEARUSD,1753804800000,-0.00010371
NEARUSD,1753833600011,-0.00017711
NEARUSD,1753862400000,-0.00014973
NEARUSD,1753891200008,5.202e-05
NEARUSD,1753920000000,-5.528e-05
NEARUSD,1753948800009,6.326e-05
NEARUSD,1753977600000,5.175e-05
NEARUSD,1754006400001,5.823e-05
NEARUSD,1754035200003,-7.939e-05
NEARUSD,1754064000000,8.78e-06
NEARUSD,1754092800004,5.985e-05
NEARUSD,1754121600000,-2.77e-05
NEARUSD,1754150400000,5.176e-05
NEARUSD,1754179200000,0.0001
NEARUSD,1754208000000,-6.095e-05
NEARUSD,1754236800003,2.054e-05
NEARUSD,1754265600004,5.59e-06
NEARUSD,1754294400000,0.0001
NEARUSD,1754323200002,-2.92e-06
NEARUSD,1754352000000,0.0001
NEARUSD,1754380800000,0.0001
NEARUSD,1754409600000,-0.0003637
NEARUSD,1754438400005,9.594e-05
NEARUSD,1754467200000,-4.746e-05
NEARUSD,1754496000000,-0.00015697
NEARUSD,1754524800003,9.244e-05
NEARUSD,1754553600002,0.0001
NEARUSD,1754582400002,0.0001
NEARUSD,1754611200002,0.0001
NEARUSD,1754640000004,7.976e-05
NEARUSD,1754668800000,0.0001
NEARUSD,1754697600005,9.134e-05
NEARUSD,1754726400000,0.0001
NEARUSD,1754755200007,0.0001
NEARUSD,1754784000003,6.922e-05
NEARUSD,1754812800005,0.0001
NEARUSD,1754841600002,0.0001
NEARUSD,1754870400000,0.0001
NEARUSD,1754899200000,3.035e-05
NEARUSD,1754928000000,0.0001
NEARUSD,1754956800000,4.38e-05
NEARUSD,1754985600001,5.733e-05
NEARUSD,1755014400005,-1.058e-05
NEARUSD,1755043200000,0.0001
NEARUSD,1755072000002,0.0001
NEARUSD,1755100800006,0.0001
NEARUSD,1755129600002,0.0001
NEARUSD,1755158400003,0.0001
NEARUSD,1755187200000,0.0001
NEARUSD,1755216000000,-3.57e-06
NEARUSD,1755244800000,-0.00012609
NEARUSD,1755273600000,-7.885e-05
NEARUSD,1755302400004,-0.00018435
NEARUSD,1755331200000,-6.444e-05
NEARUSD,1755360000002,4.67e-06
NEARUSD,1755388800000,0.0001
NEARUSD,1755417600001,0.0001
NEARUSD,1755446400007,0.0001
NEARUSD,1755475200000,0.0001
NEARUSD,1755504000001,-0.00024829
NEARUSD,1755532800002,-0.00035446
NEARUSD,1755561600000,-5.825e-05
NEARUSD,1755590400001,-7.947e-05
NEARUSD,1755619200000,0.0001
NEARUSD,1755648000000,0.0001
NEARUSD,1755676800000,-0.00019118
NEARUSD,1755705600000,1.705e-05
NEARUSD,1755734400006,0.0001
NEARUSD,1755763200000,0.0001
NEARUSD,1755792000003,0.0001
NEARUSD,1755820800010,0.0001
NEARUSD,1755849600007,0.0001
NEARUSD,1755878400001,8.935e-05
NEARUSD,1755907200004,0.0001
NEARUSD,1755936000006,0.0001
NEARUSD,1755964800000,0.0001
NEARUSD,1755993600001,0.0001
NEARUSD,1756022400002,0.0001
NEARUSD,1756051200001,4.761e-05
NEARUSD,1756080000000,0.0001
NEARUSD,1756108800002,-3.64e-06
NEARUSD,1756137600002,4.161e-05
NEARUSD,1756166400000,-0.00029246
NEARUSD,1756195200000,-0.0003203
NEARUSD,1756224000000,-7.77e-05
NEARUSD,1756252800003,0.0001
NEARUSD,1756281600000,0.0001
NEARUSD,1756310400009,4.42e-06
NEARUSD,1756339200000,0.0001
NEARUSD,1756368000005,0.0001
NEARUSD,1756396800004,6.1e-05
NEARUSD,1756425600000,0.0001
NEARUSD,1756454400000,0.0001
NEARUSD,1756483200005,4.699e-05
NEARUSD,1756512000000,3.881e-05
NEARUSD,1756540800002,7.036e-05
NEARUSD,1756569600003,2.544e-05
NEARUSD,1756598400016,1.847e-05
NEARUSD,1756627200000,0.0001
NEARUSD,1756656000001,0.0001
NEARUSD,1756684800000,-0.00015969
NEARUSD,1756713600000,-8.817e-05
NEARUSD,1756742400001,0.0001
NEARUSD,1756771200000,0.0001
NEARUSD,1756800000005,0.0001
NEARUSD,1756828800007,7.608e-05
NEARUSD,1756857600006,0.0001
NEARUSD,1756886400002,0.0001
NEARUSD,1756915200002,0.0001
NEARUSD,1756944000002,0.0001
NEARUSD,1756972800000,0.0001
NEARUSD,1757001600000,2.825e-05
NEARUSD,1757030400001,3.128e-05
NEARUSD,1757059200006,8.81e-06
NEARUSD,1757088000000,0.0001
NEARUSD,1757116800000,0.0001
NEARUSD,1757145600005,0.0001
NEARUSD,1757174400000,0.0001
NEARUSD,1757203200000,0.0001
NEARUSD,1757232000000,0.0001
NEARUSD,1757260800000,0.0001
NEARUSD,1757289600007,0.0001
NEARUSD,1757318400000,0.0001
NEARUSD,1757347200000,0.0001
NEARUSD,1757376000000,0.0001
NEARUSD,1757404800000,0.0001
NEARUSD,1757433600000,0.0001
NEARUSD,1757462400000,0.0001
NEARUSD,1757491200002,7.857e-05
NEARUSD,1757520000000,0.0001
NEARUSD,1757548800000,0.0001
NEARUSD,1757577600000,0.0001
NEARUSD,1757606400001,0.0001
NEARUSD,1757635200002,0.0001
NEARUSD,1757664000001,0.0001
NEARUSD,1757692800005,0.0001
NEARUSD,1757721600005,0.0001
NEARUSD,1757750400002,0.0001
NEARUSD,1757779200000,0.0001
NEARUSD,1757808000006,0.0001
NEARUSD,1757836800000,0.0001
NEARUSD,1757865600001,0.0001
NEARUSD,1757894400006,6.69e-06
NEARUSD,1757923200002,-7.56e-06
NEARUSD,1757952000001,1.456e-05
NEARUSD,1757980800001,1.32e-05
NEARUSD,1758009600000,-1.323e-05
NEARUSD,1758038400000,9.82e-05
NEARUSD,1758067200001,4.906e-05
NEARUSD,1758096000000,-1.86e-05
NEARUSD,1758124800003,9.386e-05
NEARUSD,1758153600006,0.0001
NEARUSD,1758182400002,0.0001
NEARUSD,1758211200000,0.0001
NEARUSD,1758240000000,0.0001
NEARUSD,1758268800005,9.545e-05
NEARUSD,1758297600000,0.0001
NEARUSD,1758326400000,4.6e-07
NEARUSD,1758355200000,8.361e-05
NEARUSD,1758384000002,-7e-06
NEARUSD,1758412800000,1.361e-05
NEARUSD,1758441600000,0.0001
NEARUSD,1758470400000,3.018e-05
NEARUSD,1758499200005,1.565e-05
NEARUSD,1758528000003,7.28e-06
NEARUSD,1758556800000,1.226e-05
NEARUSD,1758585600000,4.473e-05
NEARUSD,1758614400001,6.576e-05
NEARUSD,1758643200000,5.091e-05
NEARUSD,1758672000003,8.709e-05
NEARUSD,1758700800001,-2.029e-05
NEARUSD,1758729600002,0.0001
NEARUSD,1758758400000,0.0001
NEARUSD,1758787200001,-6.965e-05
NEARUSD,1758816000000,0.0001
NEARUSD,1758844800000,0.0001
NEARUSD,1758873600000,4.203e-05
NEARUSD,1758902400008,-1.851e-05
NEARUSD,1758931200000,3.941e-05
NEARUSD,1758960000010,0.0001
NEARUSD,1758988800003,1.789e-05
NEARUSD,1759017600000,0.0001
NEARUSD,1759046400000,0.0001
NEARUSD,1759075200000,0.0001
NEARUSD,1759104000000,0.0001
NEARUSD,1759132800002,8.713e-05
NEARUSD,1759161600001,1.443e-05
NEARUSD,1759190400002,3.346e-05
NEARUSD,1759219200005,-1.96e-06
NEARUSD,1759248000000,-2.907e-05
NEARUSD,1759276800000,-8.385e-05
NEARUSD,1759305600000,0.0001
NEARUSD,1759334400000,0.0001
NEARUSD,1759363200000,0.0001
NEARUSD,1759392000013,-4.145e-05
NEARUSD,1759420800000,0.0001
NEARUSD,1759449600006,4.119e-05
NEARUSD,1759478400006,0.0001
NEARUSD,1759507200000,5.068e-05
NEARUSD,1759536000001,0.0001
NEARUSD,1759564800000,0.0001
NEARUSD,1759593600000,8.802e-05
NEARUSD,1759622400000,1.828e-05
NEARUSD,1759651200003,4.096e-05
NEARUSD,1759680000009,8.427e-05
NEARUSD,1759708800004,-4.699e-05
NEARUSD,1759737600002,-5.772e-05
NEARUSD,1759766400004,6.716e-05
NEARUSD,1759795200000,0.0001
NEARUSD,1759824000003,0.0001
NEARUSD,1759852800000,6.413e-05
NEARUSD,1759881600000,8.598e-05
NEARUSD,1759910400006,6.086e-05
NEARUSD,1759939200002,0.0001
NEARUSD,1759968000001,0.0001
NEARUSD,1759996800000,-6.759e-05
NEARUSD,1760025600000,-6.74e-06
NEARUSD,1760054400005,0.0001
NEARUSD,1760083200002,0.0001
NEARUSD,1760112000014,0.0001
NEARUSD,1760140800000,0.0001
NEARUSD,1760169600003,2.37e-06
NEARUSD,1760198400000,-9.87e-06
NEARUSD,1760227200004,-2.445e-05
NEARUSD,1760256000002,-0.00015439
NEARUSD,1760284800000,-0.00011035
NEARUSD,1760313600003,-3.91e-06
NEARUSD,1760342400002,-0.00011546
NEARUSD,1760371200003,-0.00015843
NEARUSD,1760400000000,-5.048e-05
NEARUSD,1760428800000,0.0001
NEARUSD,1760457600000,-1.539e-05
NEARUSD,1760486400006,0.0001
NEARUSD,1760515200002,1.239e-05
NEARUSD,1760544000000,-0.00023342
NEARUSD,1760572800000,-0.00045353
NEARUSD,1760601600003,-0.0002934
NEARUSD,1760630400002,-0.0001467
NEARUSD,1760659200001,7.885e-05
NEARUSD,1760688000005,-0.00021112
NEARUSD,1760716800003,-4.024e-05
NEARUSD,1760745600000,1.103e-05
NEARUSD,1760774400002,0.0001
NEARUSD,1760803200001,7.78e-06
NEARUSD,1760832000001,1.128e-05
NEARUSD,1760860800001,-7.218e-05
NEARUSD,1760889600001,-0.0004006
NEARUSD,1760918400004,-0.00052248
NEARUSD,1760947200001,-9.607e-05
NEARUSD,1760976000000,-0.00012914
NEARUSD,1761004800009,0.0001
NEARUSD,1761033600000,0.0001
NEARUSD,1761062400000,0.0001
NEARUSD,1761091200004,0.0001
NEARUSD,1761120000000,-0.00010637
NEARUSD,1761148800000,-0.00011303
NEARUSD,1761177600000,0.0001
NEARUSD,1761206400001,1.82e-06
NEARUSD,1761235200004,0.0001
NEARUSD,1761264000000,0.0001
NEARUSD,1761292800000,0.0001
NEARUSD,1761321600009,0.0001
NEARUSD,1761350400000,0.0001
NEARUSD,1761379200001,5.439e-05
NEARUSD,1761408000001,4.06e-05
NEARUSD,1761436800001,5.369e-05
NEARUSD,1761465600001,-1.52e-05
NEARUSD,1761494400000,0.0001
NEARUSD,1761523200000,0.0001
NEARUSD,1761552000005,3.447e-05
NEARUSD,1761580800000,0.0001
NEARUSD,1761609600000,6.74e-05
NEARUSD,1761638400000,5.76e-06
NEARUSD,1761667200004,3.008e-05
NEARUSD,1761696000004,-6.406e-05
NEARUSD,1761724800005,-0.00012684
NEARUSD,1761753600000,0.0001
NEARUSD,1761782400004,0.0001
NEARUSD,1761811200008,-3.101e-05
NEARUSD,1761840000001,-7.833e-05
NEARUSD,1761868800000,-2.77e-05
NEARUSD,1761897600008,-3.969e-05
NEARUSD,1761926400007,1.272e-05
NEARUSD,1761955200001,2.808e-05
NEARUSD,1761984000000,2.545e-05
NEARUSD,1762012800000,0.0001
NEARUSD,1762041600007,-1.119e-05
NEARUSD,1762070400000,3.132e-05
NEARUSD,1762099200001,4.337e-05
NEARUSD,1762128000000,0.0001
NEARUSD,1762156800010,-0.00012705
NEARUSD,1762185600000,-6.634e-05
NEARUSD,1762214400002,0.0001
NEARUSD,1762243200004,5.935e-05
NEARUSD,1762272000000,8.308e-05
NEARUSD,1762300800000,0.0001
NEARUSD,1762329600000,0.0001
NEARUSD,1762358400004,1.643e-05
NEARUSD,1762387200001,4.413e-05
NEARUSD,1762416000000,0.0001
NEARUSD,1762444800001,-6.588e-05
NEARUSD,1762473600005,-0.00030488
NEARUSD,1762502400003,-0.00076454
NEARUSD,1762531200005,-0.00051413
NEARUSD,1762560000011,-4.306e-05
NEARUSD,1762588800015,8.4e-06
NEARUSD,1762617600001,-5.52e-05
NEARUSD,1762646400004,-0.00030104
NEARUSD,1762675200000,4.44e-05
NEARUSD,1762704000005,-2.205e-05
NEARUSD,1762732800000,6.8e-07
NEARUSD,1762761600000,-2.818e-05
NEARUSD,1762790400003,5.07e-06
NEARUSD,1762819200007,0.0001
NEARUSD,1762848000000,8.047e-05
NEARUSD,1762876800009,4.653e-05
NEARUSD,1762905600000,0.0001
NEARUSD,1762934400002,-3.332e-05
NEARUSD,1762963200000,6.05e-05
NEARUSD,1762992000002,6.183e-05
NEARUSD,1763020800000,-8.413e-05
NEARUSD,1763049600001,9e-06
NEARUSD,1763078400000,3.57e-06
NEARUSD,1763107200000,0.0001
NEARUSD,1763136000001,0.0001
NEARUSD,1763164800005,0.0001
NEARUSD,1763193600000,-0.00013798
NEARUSD,1763222400001,-0.00021076
NEARUSD,1763251200001,5.405e-05
NEARUSD,1763280000000,-3.882e-05
NEARUSD,1763308800000,0.0001
NEARUSD,1763337600003,2.359e-05
NEARUSD,1763366400003,0.0001
NEARUSD,1763395200000,9.29e-05
NEARUSD,1763424000002,0.0001
NEARUSD,1763452800004,0.0001
NEARUSD,1763481600000,0.0001
NEARUSD,1763510400000,0.0001
NEARUSD,1763539200000,0.0001
NEARUSD,1763568000008,0.0001
NEARUSD,1763596800000,0.0001
NEARUSD,1763625600000,0.0001
NEARUSD,1763654400000,0.0001
NEARUSD,1763683200001,-3.664e-05
NEARUSD,1763712000000,0.0001
NEARUSD,1763740800001,0.0001
NEARUSD,1763769600004,1.755e-05
NEARUSD,1763798400000,0.0001
NEARUSD,1763827200000,5.445e-05
NEARUSD,1763856000000,9.56e-06
NEARUSD,1763884800008,1.539e-05
NEARUSD,1763913600003,-5.212e-05
NEARUSD,1763942400004,-0.0001115
NEARUSD,1763971200000,4.375e-05
NEARUSD,1764000000006,-0.00010249
NEARUSD,1764028800000,-8.968e-05
NEARUSD,1764057600009,2.066e-05
NEARUSD,1764086400007,-0.00016822
NEARUSD,1764115200001,0.0001
NEARUSD,1764144000001,0.0001
NEARUSD,1764172800000,0.0001
NEARUSD,1764201600013,-1.278e-05
NEARUSD,1764230400000,0.0001
NEARUSD,1764259200004,0.0001
NEARUSD,1764288000008,0.0001
NEARUSD,1764316800000,2.172e-05
NEARUSD,1764345600008,1.311e-05
NEARUSD,1764374400000,0.0001
NEARUSD,1764403200005,-0.0001835
NEARUSD,1764432000001,3.743e-05
NEARUSD,1764460800003,4.211e-05
NEARUSD,1764489600000,1.937e-05
NEARUSD,1764518400004,3.909e-05
NEARUSD,1764547200000,-0.00021666
NEARUSD,1764576000004,0.0001
NEARUSD,1764604800000,0.0001
NEARUSD,1764633600004,-4.662e-05
NEARUSD,1764662400000,-6.202e-05
NEARUSD,1764691200000,5.41e-05
NEARUSD,1764720000000,0.0001
NEARUSD,1764748800000,-1.373e-05
NEARUSD,1764777600005,0.0001
NEARUSD,1764806400012,7.256e-05
NEARUSD,1764835200000,0.0001
NEARUSD,1764864000011,0.0001
NEARUSD,1764892800000,0.0001
NEARUSD,1764921600000,0.0001
NEARUSD,1764950400010,5.08e-05
NEARUSD,1764979200001,-4.795e-05
NEARUSD,1765008000001,-0.00012526
NEARUSD,1765036800008,1.044e-05
NEARUSD,1765065600000,0.0001
NEARUSD,1765094400004,-9.361e-05
NEARUSD,1765123200000,8.521e-05
NEARUSD,1765152000000,3.892e-05
NEARUSD,1765180800000,0.0001
NEARUSD,1765209600001,0.0001
NEARUSD,1765238400001,0.0001
NEARUSD,1765267200001,-4.477e-05
NEARUSD,1765296000007,8.41e-05
NEARUSD,1765324800007,0.0001
NEARUSD,1765353600002,-3.898e-05
NEARUSD,1765382400012,0.0001
NEARUSD,1765411200001,7.11e-06
NEARUSD,1765440000000,-9.766e-05
NEARUSD,1765468800000,-2.815e-05
NEARUSD,1765497600005,4.22e-06
NEARUSD,1765526400007,-4.35e-06
NEARUSD,1765555200002,0.0001
NEARUSD,1765584000001,-2.826e-05
NEARUSD,1765612800006,0.0001
NEARUSD,1765641600000,0.0001
NEARUSD,1765670400000,0.0001
NEARUSD,1765699200003,-8.183e-05
NEARUSD,1765728000005,6.45e-06
NEARUSD,1765756800000,-0.00018813
NEARUSD,1765785600000,0.0001
NEARUSD,1765814400000,0.0001
NEARUSD,1765843200002,-0.00034796
NEARUSD,1765872000000,-2.816e-05
NEARUSD,1765900800002,0.0001
NEARUSD,1765929600004,0.0001
NEARUSD,1765958400000,7.063e-05
NEARUSD,1765987200000,3.095e-05
NEARUSD,1766016000005,-7.295e-05
NEARUSD,1766044800007,2.984e-05
NEARUSD,1766073600001,0.0001
NEARUSD,1766102400000,0.0001
NEARUSD,1766131200001,7.074e-05
NEARUSD,1766160000000,0.0001
NEARUSD,1766188800005,0.0001
NEARUSD,1766217600000,0.0001
NEARUSD,1766246400002,0.0001
NEARUSD,1766275200000,6.642e-05
NEARUSD,1766304000009,5.448e-05
NEARUSD,1766332800000,-6.656e-05
NEARUSD,1766361600000,0.0001
NEARUSD,1766390400005,5.494e-05
NEARUSD,1766419200009,6.654e-05
NEARUSD,1766448000000,1.296e-05
NEARUSD,1766476800000,-3.509e-05
NEARUSD,1766505600001,-0.00012783
NEARUSD,1766534400001,0.0001
NEARUSD,1766563200001,-0.00031013
NEARUSD,1766592000000,-4.394e-05
NEARUSD,1766620800000,-6.464e-05
NEARUSD,1766649600001,0.0001
NEARUSD,1766678400005,0.0001
NEARUSD,1766707200004,3.51e-06
NEARUSD,1766736000001,0.0001
NEARUSD,1766764800007,0.0001
NEARUSD,1766793600000,7.287e-05
NEARUSD,1766822400000,9.822e-05
NEARUSD,1766851200011,2.679e-05
NEARUSD,1766880000008,0.0001
NEARUSD,1766908800000,0.0001
NEARUSD,1766937600000,0.0001
NEARUSD,1766966400016,7.78e-06
NEARUSD,1766995200001,0.0001
NEARUSD,1767024000000,-0.00029313
NEARUSD,1767052800005,4.184e-05
NEARUSD,1767081600001,0.0001
NEARUSD,1767110400003,0.0001
NEARUSD,1767139200004,-2.49e-06
NEARUSD,1767168000001,0.0001
NEARUSD,1767196800001,0.0001
NEARUSD,1767225600008,7.552e-05
NEARUSD,1767254400002,0.0001
NEARUSD,1767283200001,0.0001
NEARUSD,1767312000006,0.0001
NEARUSD,1767340800007,0.0001
NEARUSD,1767369600000,0.0001
NEARUSD,1767398400001,5.752e-05
NEARUSD,1767427200000,8.277e-05
NEARUSD,1767456000000,0.0001
NEARUSD,1767484800000,0.0001
NEARUSD,1767513600000,0.0001
NEARUSD,1767542400001,0.0001
NEARUSD,1767571200000,3.36e-05
NEARUSD,1767600000000,-5.215e-05
NEARUSD,1767628800000,3.431e-05
NEARUSD,1767657600010,5.345e-05
NEARUSD,1767686400000,8.814e-05
NEARUSD,1767715200000,-0.00012
NEARUSD,1767744000001,-3.812e-05
NEARUSD,1767772800001,-5.356e-05
NEARUSD,1767801600001,-1.812e-05
NEARUSD,1767830400001,0.0001
NEARUSD,1767859200000,6.448e-05
NEARUSD,1767888000000,0.0001
NEARUSD,1767916800003,0.0001
NEARUSD,1767945600000,0.0001
NEARUSD,1767974400001,6.566e-05
NEARUSD,1768003200000,-3.92e-05
NEARUSD,1768032000002,-9.268e-05
NEARUSD,1768060800001,0.0001
NEARUSD,1768089600003,-5.169e-05
NEARUSD,1768118400006,0.0001
NEARUSD,1768147200000,9.88e-05
NEARUSD,1768176000005,-6.936e-05
NEARUSD,1768204800000,2.886e-05
NEARUSD,1768233600000,2.146e-05
NEARUSD,1768262400007,-0.00014375
NEARUSD,1768291200009,0.0001
NEARUSD,1768320000002,0.0001
NEARUSD,1768348800000,0.0001
NEARUSD,1768377600001,0.0001
NEARUSD,1768406400004,4.763e-05
NEARUSD,1768435200000,2.608e-05
NEARUSD,1768464000004,5.415e-05
NEARUSD,1768492800002,3.61e-06
NEARUSD,1768521600000,-6.318e-05
NEARUSD,1768550400000,-0.00013052
NEARUSD,1768579200001,2.504e-05
NEARUSD,1768608000000,7.701e-05
NEARUSD,1768636800000,0.0001
NEARUSD,1768665600002,0.0001
NEARUSD,1768694400001,0.0001
NEARUSD,1768723200000,-0.00018221
NEARUSD,1768752000000,-4.386e-05
NEARUSD,1768780800007,-0.00010435
NEARUSD,1768809600007,-2.444e-05
NEARUSD,1768838400007,0.0001
NEARUSD,1768867200005,0.0001
NEARUSD,1768896000001,0.0001
NEARUSD,1768924800009,7.808e-05
NEARUSD,1768953600001,-5.551e-05
NEARUSD,1768982400011,3.743e-05
NEARUSD,1769011200011,4.29e-05
NEARUSD,1769040000010,6.391e-05
NEARUSD,1769068800003,-4.78e-05
NEARUSD,1769097600005,0.0001
NEARUSD,1769126400005,0.0001
NEARUSD,1769155200000,6.584e-05
NEARUSD,1769184000011,-8.48e-06
NEARUSD,1769212800011,-3.212e-05
NEARUSD,1769241600002,-3.733e-05
NEARUSD,1769270400001,7.24e-06
NEARUSD,1769299200002,-0.00018918
NEARUSD,1769328000011,0.0001
NEARUSD,1769356800005,-1.814e-05
NEARUSD,1769385600000,7.68e-05
NEARUSD,1769414400003,-3.649e-05
NEARUSD,1769443200000,-0.00010228
NEARUSD,1769472000002,0.0001
NEARUSD,1769500800000,2.949e-05
NEARUSD,1769529600000,-1.932e-05
NEARUSD,1769558400000,0.0001
NEARUSD,1769587200000,0.0001
NEARUSD,1769616000000,0.0001
NEARUSD,1769644800000,0.0001
NEARUSD,1769673600009,-2.243e-05
NEARUSD,1769702400000,-7.951e-05
NEARUSD,1769731200008,2.723e-05
NEARUSD,1769760000000,0.0001
NEARUSD,1769788800001,9.256e-05
NEARUSD,1769817600000,0.0001
NEARUSD,1769846400001,-3.79e-05
NEARUSD,1769875200009,2.722e-05
NEARUSD,1769904000001,-5.045e-05
NEARUSD,1769932800004,-8.101e-05
NEARUSD,1769961600000,5.78e-05
NEARUSD,1769990400000,5.448e-05
NEARUSD,1770019200014,-2.173e-05
NEARUSD,1770048000000,-5.036e-05
NEARUSD,1770076800000,0.0001
NEARUSD,1770105600007,8.746e-05
NEARUSD,1770134400000,5.132e-05
NEARUSD,1770163200002,0.0001
NEARUSD,1770192000007,4.338e-05
NEARUSD,1770220800000,7.475e-05
NEARUSD,1770249600011,8.727e-05
NEARUSD,1770278400000,3.548e-05
NEARUSD,1770307200007,0.0001
NEARUSD,1770336000000,-5.13e-06
NEARUSD,1770364800001,3.367e-05
NEARUSD,1770393600000,-2.205e-05
NEARUSD,1770422400003,0.0001
NEARUSD,1770451200000,0.0001
NEARUSD,1770480000010,9.789e-05
NEARUSD,1770508800003,0.0001
NEARUSD,1770537600000,-1.645e-05
NEARUSD,1770566400000,-8.797e-05
NEARUSD,1770595200002,7.963e-05
NEARUSD,1770624000001,8.56e-06
NEARUSD,1770652800007,0.0001
NEARUSD,1770681600000,3.943e-05
NEARUSD,1770710400007,8.055e-05
NEARUSD,1770739200000,8.296e-05
NEARUSD,1770768000000,5.17e-05
NEARUSD,1770796800006,-5.34e-06
NEARUSD,1770825600000,-6.354e-05
NEARUSD,1770854400000,4.713e-05
NEARUSD,1770883200001,0.0001
NEARUSD,1770912000001,-2.034e-05
NEARUSD,1770940800007,0.0001
NEARUSD,1770969600003,-0.00021003
NEARUSD,1770998400005,0.0001
NEARUSD,1771027200002,9.707e-05
NEARUSD,1771056000004,2.98e-05
NEARUSD,1771084800002,9.534e-05
NEARUSD,1771113600000,3.299e-05
NEARUSD,1771142400002,0.0001
NEARUSD,1771171200000,0.0001
NEARUSD,1771200000001,0.0001
NEARUSD,1771228800003,1.263e-05
NEARUSD,1771257600000,-2.286e-05
NEARUSD,1771286400008,6.085e-05
NEARUSD,1771315200001,4.783e-05
NEARUSD,1771344000002,-5.924e-05
NEARUSD,1771372800000,2.263e-05
NEARUSD,1771401600000,0.0001
NEARUSD,1771430400011,-0.00010004
NEARUSD,1771459200013,1.656e-05
NEARUSD,1771488000000,8.39e-05
NEARUSD,1771516800003,-0.00011123
NEARUSD,1771545600000,2.603e-05
NEARUSD,1771574400000,-0.00010204
NEARUSD,1771603200000,0.0001
NEARUSD,1771632000004,0.0001
NEARUSD,1771660800000,0.0001
NEARUSD,1771689600005,-0.00014488
NEARUSD,1771718400001,-3.429e-05
NEARUSD,1771747200004,-0.00010115
NEARUSD,1771776000000,-7.4e-06
NEARUSD,1771804800001,2.76e-05
NEARUSD,1771833600000,-1.916e-05
NEARUSD,1771862400000,-0.00016245
NEARUSD,1771891200007,4.344e-05
NEARUSD,1771920000000,6.28e-06
NEARUSD,1771948800001,-7.12e-05
NEARUSD,1771977600001,0.0001
NEARUSD,1772006400007,-3.268e-05
NEARUSD,1772035200000,0.0001
NEARUSD,1772064000000,2.212e-05
NEARUSD,1772092800006,0.0001
NEARUSD,1772121600002,1.076e-05
NEARUSD,1772150400007,-0.00021323
NEARUSD,1772179200000,-9.115e-05
NEARUSD,1772208000001,0.0001
NEARUSD,1772236800000,0.0001
NEARUSD,1772265600000,8.105e-05
NEARUSD,1772294400004,-1.314e-05
NEARUSD,1772323200005,-0.0002918
NEARUSD,1772352000000,0.0001
NEARUSD,1772380800002,-7.039e-05
NEARUSD,1772409600001,0.0001
NEARUSD,1772438400007,-7.306e-05
NEARUSD,1772467200000,-0.00025037
NEARUSD,1772496000000,3.853e-05
NEARUSD,1772524800000,-8.05e-06
NEARUSD,1772553600007,-9.253e-05
NEARUSD,1772582400001,-0.00011318
NEARUSD,1772611200005,4.586e-05
NEARUSD,1772640000000,-7.261e-05
NEARUSD,1772668800000,0.0001
NEARUSD,1772697600000,-0.00012796
NEARUSD,1772726400004,8.235e-05
NEARUSD,1772755200001,0.0001
NEARUSD,1772784000001,-7.643e-05
NEARUSD,1772812800004,0.0001
NEARUSD,1772841600001,0.0001
NEARUSD,1772870400012,9.08e-06
NEARUSD,1772899200001,-9.201e-05
NEARUSD,1772928000001,-0.00012007
NEARUSD,1772956800000,-2.081e-05
NEARUSD,1772985600002,-0.00051825
NEARUSD,1773014400000,-0.00041414
NEARUSD,1773043200004,-0.00047239
NEARUSD,1773072000003,-0.00013006
NEARUSD,1773100800012,-0.00013051
NEARUSD,1773129600002,-6.402e-05
NEARUSD,1773158400001,-9.156e-05
NEARUSD,1773187200000,0.0001
NEARUSD,1773216000007,9.467e-05
NEARUSD,1773244800010,8.155e-05
NEARUSD,1773273600000,0.0001
NEARUSD,1773302400000,-0.00013089
NEARUSD,1773331200000,-0.00013636
NEARUSD,1773360000006,-7.413e-05
NEARUSD,1773388800001,0.0001
NEARUSD,1773417600000,5.006e-05
NEARUSD,1773446400001,0.0001
NEARUSD,1773475200000,0.0001
NEARUSD,1773504000007,0.0001
NEARUSD,1773532800000,0.0001
NEARUSD,1773561600000,4.25e-06
NEARUSD,1773590400000,7.91e-05
NEARUSD,1773619200000,-8.96e-06
NEARUSD,1773648000010,0.0001
NEARUSD,1773676800000,0.0001
NEARUSD,1773705600000,0.0001
NEARUSD,1773734400002,0.0001
NEARUSD,1773763200011,0.0001
NEARUSD,1773792000002,0.0001
NEARUSD,1773820800002,3.157e-05
NEARUSD,1773849600005,-5.685e-05
NEARUSD,1773878400000,0.0001
NEARUSD,1773907200003,0.0001
NEARUSD,1773936000003,0.0001
NEARUSD,1773964800002,6.926e-05
NEARUSD,1773993600000,1.33e-06
NEARUSD,1774022400000,3.283e-05
NEARUSD,1774051200000,8.549e-05
NEARUSD,1774080000000,8.884e-05
NEARUSD,1774108800014,7.594e-05
NEARUSD,1774137600012,3.626e-05
NEARUSD,1774166400007,8.24e-05
NEARUSD,1774195200002,0.0001
NEARUSD,1774224000000,-5.405e-05
NEARUSD,1774252800003,4.049e-05
NEARUSD,1774281600002,-0.00017435
NEARUSD,1774310400000,5.065e-05
NEARUSD,1774339200000,0.0001
NEARUSD,1774368000003,4.266e-05
NEARUSD,1774396800000,2.961e-05
NEARUSD,1774425600000,-0.00019244
NEARUSD,1774454400013,-0.00017882
NEARUSD,1774483200001,0.0001
NEARUSD,1774512000001,4.872e-05
NEARUSD,1774540800000,0.0001
NEARUSD,1774569600006,0.0001
NEARUSD,1774598400000,8.857e-05
NEARUSD,1774627200000,0.0001
NEARUSD,1774656000005,0.0001
NEARUSD,1774684800005,3.513e-05
NEARUSD,1774713600000,-7.393e-05
NEARUSD,1774742400003,4.691e-05
NEARUSD,1774771200001,0.0001
NEARUSD,1774800000000,0.0001
NEARUSD,1774828800000,0.0001
NEARUSD,1774857600005,0.0001
NEARUSD,1774886400000,-8.7e-07
NEARUSD,1774915200000,0.0001
NEARUSD,1774944000000,-0.00014302
NEARUSD,1774972800000,1.396e-05
NEARUSD,1775001600000,3.062e-05
NEARUSD,1775030400000,8.758e-05
NEARUSD,1775059200000,-6.061e-05
NEARUSD,1775088000003,-1.414e-05
NEARUSD,1775116800001,5.489e-05
NEARUSD,1775145600001,0.0001
NEARUSD,1775174400000,3.75e-06
NEARUSD,1775203200008,0.0001
NEARUSD,1775232000008,5.54e-05
NEARUSD,1775260800000,4.875e-05
NEARUSD,1775289600003,5.122e-05
NEARUSD,1775318400000,0.0001
NEARUSD,1775347200008,6.476e-05
NEARUSD,1775376000000,4.772e-05
NEARUSD,1775404800001,4.187e-05
NEARUSD,1775433600004,-8.036e-05
NEARUSD,1775462400001,2.401e-05
NEARUSD,1775491200003,0.0001
NEARUSD,1775520000000,6.802e-05
NEARUSD,1775548800000,-2.093e-05
NEARUSD,1775577600000,0.0001
NEARUSD,1775606400000,7.652e-05
NEARUSD,1775635200000,4.64e-05
NEARUSD,1775664000006,0.0001
NEARUSD,1775692800000,-7.873e-05
NEARUSD,1775721600010,5.948e-05
NEARUSD,1775750400001,0.0001
NEARUSD,1775779200000,-5.769e-05
NEARUSD,1775808000005,8.148e-05
NEARUSD,1775836800000,9.197e-05
NEARUSD,1775865600000,-0.00019899
NEARUSD,1775894400000,-0.0002162
NEARUSD,1775923200003,0.0001
NEARUSD,1775952000000,0.0001
NEARUSD,1775980800000,0.0001
NEARUSD,1776009600000,0.0001
NEARUSD,1776038400011,0.0001
NEARUSD,1776067200006,3.371e-05
NEARUSD,1776096000000,7.339e-05
NEARUSD,1776124800005,-3.101e-05
NEARUSD,1776153600003,-3.073e-05
NEARUSD,1776182400001,-3.264e-05
NEARUSD,1776211200000,0.0001
NEARUSD,1776240000000,-3.763e-05
NEARUSD,1776268800000,1.694e-05
NEARUSD,1776297600013,0.0001
NEARUSD,1776326400000,5.652e-05
NEARUSD,1776355200000,0.0001
NEARUSD,1776384000001,6.644e-05
NEARUSD,1776412800011,-2.376e-05
NEARUSD,1776441600001,0.0001
NEARUSD,1776470400001,0.0001
NEARUSD,1776499200006,-3.949e-05
NEARUSD,1776528000000,3.13e-06
NEARUSD,1776556800002,-1.321e-05
NEARUSD,1776585600010,0.0001
NEARUSD,1776614400001,-0.00012364
NEARUSD,1776643200000,0.0001
NEARUSD,1776672000000,0.0001
NEARUSD,1776700800001,-9.963e-05
NEARUSD,1776729600000,-4.873e-05
NEARUSD,1776758400004,7.969e-05
NEARUSD,1776787200004,0.0001
NEARUSD,1776816000004,2.91e-05
NEARUSD,1776844800000,-5.468e-05
NEARUSD,1776873600000,-8.48e-06
NEARUSD,1776902400000,3.624e-05
NEARUSD,1776931200000,6.775e-05
NEARUSD,1776960000004,-1.45e-06
NEARUSD,1776988800006,3.932e-05
NEARUSD,1777017600000,9.466e-05
NEARUSD,1777046400000,0.0001
NEARUSD,1777075200000,-6.84e-05
NEARUSD,1777104000002,-3.702e-05
NEARUSD,1777132800002,5.091e-05
NEARUSD,1777161600003,0.0001
NEARUSD,1777190400007,9.55e-05
NEARUSD,1777219200004,0.0001
NEARUSD,1777248000004,-2.769e-05
NEARUSD,1777276800000,0.0001
NEARUSD,1777305600002,0.0001
NEARUSD,1777334400001,0.0001
NEARUSD,1777363200000,0.0001
NEARUSD,1777392000004,0.0001
NEARUSD,1777420800006,-1.741e-05
NEARUSD,1777449600011,2.564e-05
NEARUSD,1777478400003,9.127e-05
NEARUSD,1777507200002,0.0001
NEARUSD,1777536000000,2.574e-05
NEARUSD,1777564800000,3.478e-05
NEARUSD,1777593600000,5.755e-05
NEARUSD,1777622400005,-0.00012613
NEARUSD,1777651200000,-9.87e-06
NEARUSD,1777680000006,0.0001
NEARUSD,1777708800000,-1.875e-05
NEARUSD,1777737600010,-7.492e-05
NEARUSD,1777766400005,4.448e-05
NEARUSD,1777795200003,4.387e-05
NEARUSD,1777824000000,-7.899e-05
NEARUSD,1777852800000,3.49e-06
NEARUSD,1777881600000,7.155e-05
NEARUSD,1777910400003,-0.00017467
NEARUSD,1777939200000,8.018e-05
NEARUSD,1777968000011,-0.00015264
NEARUSD,1777996800000,6.071e-05
NEARUSD,1778025600010,7.898e-05
NEARUSD,1778054400000,0.0001
NEARUSD,1778083200002,0.0001
NEARUSD,1778112000000,7.241e-05
NEARUSD,1778140800000,9.347e-05
NEARUSD,1778169600004,0.0001
NEARUSD,1778198400003,0.0001
NEARUSD,1778227200002,2.77e-05
NEARUSD,1778256000003,-5.071e-05
NEARUSD,1778284800000,-6.752e-05
NEARUSD,1778313600001,1.906e-05
NEARUSD,1778342400002,6.895e-05
NEARUSD,1778371200003,-9.61e-06
NEARUSD,1778400000000,9.163e-05
NEARUSD,1778428800000,5.061e-05
NEARUSD,1778457600000,-2.1e-05
NEARUSD,1778486400000,-1.464e-05
NEARUSD,1778515200000,7.064e-05
NEARUSD,1778544000002,-6.998e-05
NEARUSD,1778572800008,-0.00010546
NEARUSD,1778601600000,-6.632e-05
NEARUSD,1778630400010,-0.00019112
NEARUSD,1778659200003,-2.712e-05
NEARUSD,1778688000001,1.911e-05
NEARUSD,1778716800005,0.0001
NEARUSD,1778745600000,-1.461e-05
NEARUSD,1778774400000,8.945e-05
NEARUSD,1778803200000,4.865e-05
NEARUSD,1778832000016,7.108e-05
NEARUSD,1778860800012,2.677e-05
NEARUSD,1778889600005,7.512e-05
NEARUSD,1778918400000,6.15e-06
NEARUSD,1778947200005,9.73e-06
NEARUSD,1778976000000,1.033e-05
NEARUSD,1779004800010,6.842e-05
NEARUSD,1779033600009,0.0001
NEARUSD,1779062400007,1.706e-05
NEARUSD,1779091200002,7.723e-05
NEARUSD,1779120000007,-7.327e-05
NEARUSD,1779148800001,-8.626e-05
NEARUSD,1779177600001,5.151e-05
NEARUSD,1779206400009,-2.605e-05
NEARUSD,1779235200001,0.0001
NEARUSD,1779264000006,0.0001
NEARUSD,1779292800000,5.106e-05
NEARUSD,1779321600001,-9.96e-06
NEARUSD,1779350400000,-5.657e-05
NEARUSD,1779379200000,7.628e-05
NEARUSD,1779408000000,9.556e-05
NEARUSD,1779436800004,7.216e-05
NEARUSD,1779465600001,0.0001
NEARUSD,1779494400009,0.0001
NEARUSD,1779523200001,0.0001
NEARUSD,1779552000003,-7.21e-05
NEARUSD,1779580800011,8.222e-05
NEARUSD,1779609600008,0.0001
NEARUSD,1779638400000,5.13e-06
NEARUSD,1779667200001,7.598e-05
NEARUSD,1779696000001,2.388e-05
NEARUSD,1779724800001,7.939e-05
NEARUSD,1779753600000,-4.244e-05
NEARUSD,1779782400003,-0.00010463
NEARUSD,1779811200000,-0.0001436
NEARUSD,1779840000000,0.0001
NEARUSD,1779868800004,0.0001
NEARUSD,1779897600009,0.0001
NEARUSD,1779926400001,0.0001
NEARUSD,1779955200000,0.0001
NEARUSD,1779984000001,0.0001
NEARUSD,1780012800000,1.232e-05
NEARUSD,1780041600001,3.929e-05
NEARUSD,1780070400008,0.0001
NEARUSD,1780099200000,0.0001
NEARUSD,1780128000001,0.0001
NEARUSD,1780156800000,0.0001
NEARUSD,1780185600000,0.0001
NEARUSD,1780214400000,-3.207e-05
NEARUSD,1780243200004,5.942e-05
NEARUSD,1780272000001,7.756e-05
NEARUSD,1780300800001,-7.079e-05
NEARUSD,1780329600000,-1.5e-07
NEARUSD,1780358400000,-3.849e-05
NEARUSD,1780387200000,0.0001
NEARUSD,1780416000000,1.766e-05
NEARUSD,1780444800013,-4.93e-06
NEARUSD,1780473600000,2.088e-05
NEARUSD,1780502400001,-5.487e-05
NEARUSD,1780531200009,2.641e-05
NEARUSD,1780560000000,5.967e-05
NEARUSD,1780588800003,-1.968e-05
NEARUSD,1780617600000,0.0001
NEARUSD,1780646400004,0.0001
NEARUSD,1780675200009,4.878e-05
NEARUSD,1780704000000,-6.46e-05
NEARUSD,1780732800000,3.146e-05
NEARUSD,1780761600000,0.0001
NEARUSD,1780790400001,0.0001
NEARUSD,1780819200000,1.896e-05
NEARUSD,1780848000000,-6.212e-05
NEARUSD,1780876800000,-6.148e-05
NEARUSD,1780905600005,-8.138e-05
NEARUSD,1780934400004,-9.048e-05
NEARUSD,1780963200000,4.137e-05
NEARUSD,1780992000000,2.12e-05
NEARUSD,1781020800001,3.044e-05
NEARUSD,1781049600001,3.509e-05
NEARUSD,1781078400011,2.322e-05
NEARUSD,1781107200009,-1.528e-05
NEARUSD,1781136000000,8.909e-05
NEARUSD,1781164800004,5.871e-05
NEARUSD,1781193600000,0.0001
NEARUSD,1781222400000,2.388e-05
NEARUSD,1781251200000,0.0001
NEARUSD,1781280000000,-9.71e-06
NEARUSD,1781308800000,6.653e-05
NEARUSD,1781337600007,7.44e-06
NEARUSD,1781366400002,6.147e-05
NEARUSD,1781395200005,0.0001
NEARUSD,1781424000009,4.602e-05
NEARUSD,1781452800000,7.517e-05
NEARUSD,1781481600013,2.632e-05
NEARUSD,1781510400013,-2.173e-05
NEARUSD,1781539200004,-4.57e-06
NEARUSD,1781568000000,0.0001
NEARUSD,1781596800000,-5.828e-05
NEARUSD,1781625600001,6.556e-05
NEARUSD,1781654400012,-8.428e-05
NEARUSD,1781683200000,-6.174e-05
NEARUSD,1781712000000,-6.181e-05
NEARUSD,1781740800002,7.171e-05
NEARUSD,1781769600000,-8.64e-06
NEARUSD,1781798400001,-2.033e-05
NEARUSD,1781827200005,6.558e-05
NEARUSD,1781856000001,-6.646e-05
NEARUSD,1781884800001,-4.996e-05
NEARUSD,1781913600001,1.176e-05
NEARUSD,1781942400000,-2.072e-05
NEARUSD,1781971200001,-6.934e-05
NEARUSD,1782000000000,-3.695e-05
NEARUSD,1782028800000,-6.51e-06
NEARUSD,1782057600000,-0.00011018
NEARUSD,1782086400000,-7.573e-05
NEARUSD,1782115200000,7.688e-05
NEARUSD,1782144000002,-2.375e-05
NEARUSD,1782172800003,7.873e-05
NEARUSD,1782201600005,5.791e-05
NEARUSD,1782230400002,7.325e-05
NEARUSD,1782259200005,0.0001
NEARUSD,1782288000005,5.344e-05
NEARUSD,1782316800003,3.296e-05
NEARUSD,1782345600000,5.43e-06
NEARUSD,1782374400000,-1.02e-06
NEARUSD,1782403200000,0.0001
NEARUSD,1782432000010,0.0001
NEARUSD,1782460800002,0.0001
NEARUSD,1782489600000,6.803e-05
NEARUSD,1782518400000,0.0001
NEARUSD,1782547200000,0.0001
NEARUSD,1782576000009,-2.028e-05
NEARUSD,1782604800000,-0.00010329
NEARUSD,1782633600013,-2.818e-05
NEARUSD,1782662400000,0.0001
NEARUSD,1782691200006,0.0001
NEARUSD,1782720000013,0.0001
NEARUSD,1782748800004,0.0001
NEARUSD,1782777600000,0.0001
NEARUSD,1782806400000,0.0001
NEARUSD,1782835200005,0.0001
NEARUSD,1782864000000,0.0001
NEARUSD,1782892800000,0.0001
NEARUSD,1782921600000,0.0001
NEARUSD,1782950400000,1.485e-05
NEARUSD,1782979200000,0.0001
NEARUSD,1783008000000,9.236e-05
NEARUSD,1783036800000,0.0001
NEARUSD,1783065600007,0.0001
NEARUSD,1783094400000,1.894e-05
NEARUSD,1783123200000,-9.432e-05
NEARUSD,1783152000000,0.0001
NEARUSD,1783180800007,-4.16e-06
NEARUSD,1783209600003,8.88e-06
NEARUSD,1783238400001,0.0001
NEARUSD,1783267200000,5.211e-05
NEARUSD,1783296000000,6.141e-05
NEARUSD,1783324800000,3.09e-06
NEARUSD,1783353600000,0.0001
NEARUSD,1783382400000,2.64e-06
NEARUSD,1783411200000,-7.42e-06
NEARUSD,1783440000000,0.0001
NEARUSD,1783468800000,0.0001
NEARUSD,1783497600000,-7.55e-06
NEARUSD,1783526400000,-8.913e-05
NEARUSD,1783555200000,-0.00012107
NEARUSD,1783584000001,0.0001
NEARUSD,1783612800001,0.0001
NEARUSD,1783641600000,0.0001
NEARUSD,1783670400005,0.0001
NEARUSD,1783699200005,9.722e-05
NEARUSD,1783728000000,2.434e-05
NEARUSD,1783756800000,4.749e-05
NEARUSD,1783785600000,0.0001
NEARUSD,1783814400000,0.0001
NEARUSD,1783843200003,9.298e-05
NEARUSD,1783872000000,1.988e-05
NEARUSD,1783900800000,0.0001
NEARUSD,1783929600001,0.0001
NEARUSD,1783958400004,0.0001
NEARUSD,1783987200000,7.07e-05
NEARUSD,1784016000002,2.426e-05
NEARUSD,1784044800001,-0.00010911
NEARUSD,1784073600005,0.0001
NEARUSD,1784102400002,-1.55e-05
NEARUSD,1784131200000,8.1e-06
NEARUSD,1784160000000,8.61e-06
NEARUSD,1784188800003,2.682e-05
NEARUSD,1784217600002,4.141e-05
NEARUSD,1784246400000,4.958e-05
NEARUSD,1784275200010,0.0001
NEARUSD,1784304000004,-2.609e-05
NEARUSD,1784332800000,1.74e-06
NEARUSD,1784361600000,2.771e-05
NEARUSD,1784390400001,-6.199e-05
NEARUSD,1784419200003,2.785e-05
NEARUSD,1784448000000,6.492e-05
NEARUSD,1784476800001,3.102e-05
NEARUSD,1784505600000,0.0001
NEARUSD,1784534400001,6.404e-05
NEARUSD,1784563200004,3.365e-05
NEARUSD,1784592000001,0.0001
NEARUSD,1784620800000,0.0001
NEARUSD,1784649600002,-5.187e-05
NEARUSD,1784678400000,-3.531e-05
NEARUSD,1784707200000,3.693e-05
NEARUSD,1784736000001,-0.00018836
NEARUSD,1784764800000,4.52e-06
NEARUSD,1784793600000,-6.394e-05
NEARUSD,1784822400000,0.0001
NEARUSD,1784851200000,0.0001
NEARUSD,1784880000000,0.0001
NEARUSD,1784908800008,8.922e-05
NEARUSD,1784937600002,-1.128e-05
NEARUSD,1784966400000,0.0001
NEARUSD,1784995200000,-5.614e-05
NEARUSD,1785024000000,-6.161e-05
NEARUSD,1785052800002,-3.85e-05
NEARUSD,1785081600000,5.523e-05
NEARUSD,1785110400010,0.0001
NEARUSD,1785139200000,0.0001
NEARUSD,1785168000001,0.0001
NEARUSD,1785196800000,7.148e-05
NEARUSD,1785225600000,2.96e-06
NEARUSD,1785254400000,5.144e-05
NEARUSD,1785283200000,0.0001
NEARUSD,1785312000002,0.0001
NEARUSD,1785340800000,4.585e-05
NEARUSD,1785369600000,2.979e-05
NEARUSD,1785398400000,-3.354e-05
NEARUSD,1785427200000,1.6e-05
NEARUSD,1785456000003,2.075e-05
NEARUSD,1785484800000,0.0001
NEARUSD,1785513600000,-0.00014729
NEARUSD,1785542400001,0.0001
NEARUSD,1785571200000,0.0001
NEARUSD,1785600000000,0.0001
NEARUSD,1785628800000,3.752e-05
NEARUSD,1785657600000,0.0001
NEARUSD,1785686400000,0.0001
NEARUSD,1785715200000,0.0001
NEARUSD,1785744000000,0.0001
NEARUSD,1785772800000,7.611e-05
NEARUSD,1785801600004,0.0001
NEARUSD,1785830400002,0.0001
NEARUSD,1785859200000,0.0001
NEARUSD,1785888000003,0.0001
NEARUSD,1785916800004,0.0001
NEARUSD,1785945600000,5.842e-05
NEARUSD,1785974400002,0.0001
NEARUSD,1786003200000,-4.779e-05
NEARUSD,1786032000000,-0.00014385
NEARUSD,1786060800000,0.0001
NEARUSD,1786089600000,0.0001
NEARUSD,1786118400000,8.938e-05
NEARUSD,1786147200001,-0.00023117
NEARUSD,1786176000000,0.0001
NEARUSD,1786204800002,0.0001
NEARUSD,1786233600000,0.0001
NEARUSD,1786262400005,0.0001
NEARUSD,1786291200000,0.0001
NEARUSD,1786320000001,0.0001
NEARUSD,1786348800005,0.0001
NEARUSD,1786377600000,0.0001
NEARUSD,1786406400000,0.0001
NEARUSD,1786435200006,5.882e-05
NEARUSD,1786464000000,0.0001
NEARUSD,1786492800001,0.0001
NEARUSD,1786521600000,0.0001
NEARUSD,1786550400000,0.0001
NEARUSD,1786579200000,0.0001
NEARUSD,1786608000000,2.153e-05
NEARUSD,1786636800000,0.0001
NEARUSD,1786665600000,0.0001
NEARUSD,1786694400001,0.0001
NEARUSD,1786723200001,5.217e-05
NEARUSD,1786752000003,0.0001
NEARUSD,1786780800002,0.0001
NEARUSD,1786809600000,0.0001
NEARUSD,1786838400000,0.0001
NEARUSD,1786867200002,8.32e-06
NEARUSD,1786896000000,0.0001
NEARUSD,1786924800001,2.73e-05
NEARUSD,1786953600003,5.164e-05
NEARUSD,1786982400005,5.43e-06
NEARUSD,1787011200006,-7.774e-05
NEARUSD,1787040000001,3.465e-05
NEARUSD,1787068800003,3.865e-05
NEARUSD,1787097600000,-7.532e-05
NEARUSD,1787126400000,-3.64e-06
NEARUSD,1787155200004,0.0001
NEARUSD,1787184000001,0.0001
NEARUSD,1787212800000,0.0001
NEARUSD,1787241600005,2.254e-05
NEARUSD,1787270400004,6.634e-05
NEARUSD,1787299200000,0.0001
NEARUSD,1787328000001,0.0001
NEARUSD,1787356800000,0.0001
NEARUSD,1787385600000,0.0001
NEARUSD,1787414400000,0.0001
NEARUSD,1787443200000,0.0001
NEARUSD,1787472000000,0.0001
NEARUSD,1787500800006,0.0001
NEARUSD,1787529600001,0.0001
NEARUSD,1787558400002,0.0001
NEARUSD,1787587200000,0.0001
NEARUSD,1787616000001,0.0001
NEARUSD,1787644800000,2.3e-06
NEARUSD,1787673600005,0.0001
NEARUSD,1787702400000,-4.05e-06
NEARUSD,1787731200005,7.215e-05
NEARUSD,1787760000000,5.292e-05
NEARUSD,1787788800000,0.0001
NEARUSD,1787817600000,-2.498e-05
NEARUSD,1787846400013,5.447e-05
NEARUSD,1787875200026,0.0001
NEARUSD,1787904000000,-4.72e-06
NEARUSD,1787932800001,-2.538e-05
NEARUSD,1787961600000,-1.336e-05
NEARUSD,1787990400000,3.193e-05
NEARUSD,1788019200002,-2.449e-05
NEARUSD,1788048000000,3.012e-05
NEARUSD,1788076800000,-5.801e-05
NEARUSD,1788105600001,-3.69e-06
NEARUSD,1788134400002,-4.904e-05
NEARUSD,1788163200002,1.199e-05
NEARUSD,1788192000001,-1.033e-05
