symbol,fundingTime,fundingRate
DOTUSD,1756886400000,1.2200088888889e-05
DOTUSD,1756890000000,1.3314931944444e-05
DOTUSD,1756893600000,3.477868055556e-06
DOTUSD,1756897200000,1.3430990277778e-05
DOTUSD,1756900800000,1.0655548611111e-05
DOTUSD,1756904400000,4.103738888889e-06
DOTUSD,1756908000000,3.903295833333e-06
DOTUSD,1756911600000,9.117327777778e-06
DOTUSD,1756915200000,5.66335e-06
DOTUSD,1756918800000,2.412463888889e-06
DOTUSD,1756922400000,1.6133743055556e-05
DOTUSD,1756926000000,1.6387083333333e-05
DOTUSD,1756929600000,1.6658165277778e-05
DOTUSD,1756933200000,1.1975409722222e-05
DOTUSD,1756936800000,-3.953005555556e-06
DOTUSD,1756940400000,-1.655819444444e-06
DOTUSD,1756944000000,7.713326388889e-06
DOTUSD,1756947600000,1.6315513888889e-05
DOTUSD,1756951200000,6.198290277778e-06
DOTUSD,1756954800000,5.99144444444e-07
DOTUSD,1756958400000,-8.28381944444e-07
DOTUSD,1756962000000,5.003663888889e-06
DOTUSD,1756965600000,1.5027279166667e-05
DOTUSD,1756969200000,1.2710268055556e-05
DOTUSD,1756972800000,8.997873611111e-06
DOTUSD,1756976400000,1.918944444444e-06
DOTUSD,1756980000000,-9.59772222222e-07
DOTUSD,1756983600000,6.364879166667e-06
DOTUSD,1756987200000,1.0493415277778e-05
DOTUSD,1756990800000,9.043348611111e-06
DOTUSD,1756994400000,-1.469097222222e-06
DOTUSD,1756998000000,-2.490119444444e-06
DOTUSD,1757001600000,2.124508333333e-06
DOTUSD,1757005200000,3.39951388889e-07
DOTUSD,1757008800000,6.71302777778e-07
DOTUSD,1757012400000,-4.024125e-06
DOTUSD,1757016000000,-3.070634722222e-06
DOTUSD,1757019600000,2.303176388889e-06
DOTUSD,1757023200000,7.111583333333e-06
DOTUSD,1757026800000,1.2565488888889e-05
DOTUSD,1757030400000,4.419338888889e-06
DOTUSD,1757034000000,-5.08573611111e-07
DOTUSD,1757037600000,4.694880555556e-06
DOTUSD,1757041200000,4.120501388889e-06
DOTUSD,1757044800000,4.63236111111e-07
DOTUSD,1757048400000,7.92669444444e-07
DOTUSD,1757052000000,2.880038888889e-06
DOTUSD,1757055600000,-1.489661111111e-06
DOTUSD,1757059200000,1.6875904166667e-05
DOTUSD,1757062800000,1.9159326388889e-05
DOTUSD,1757066400000,1.7015779166667e-05
DOTUSD,1757070000000,1.5153077777778e-05
DOTUSD,1757073600000,9.959045833333e-06
DOTUSD,1757077200000,5.764505555556e-06
DOTUSD,1757080800000,-1.9720897222222e-05
DOTUSD,1757084400000,-1.1889843055556e-05
DOTUSD,1757088000000,6.689972222222e-06
DOTUSD,1757091600000,1.652422222222e-06
DOTUSD,1757095200000,5.514908333333e-06
DOTUSD,1757098800000,1.3319101388889e-05
DOTUSD,1757102400000,1.5898377777778e-05
DOTUSD,1757106000000,7.524583333333e-06
DOTUSD,1757109600000,-3.080791666667e-06
DOTUSD,1757113200000,8.411477777778e-06
DOTUSD,1757116800000,2.2503066666667e-05
DOTUSD,1757120400000,2.4818279166667e-05
DOTUSD,1757124000000,2.0804418055556e-05
DOTUSD,1757127600000,1.8476759722222e-05
DOTUSD,1757131200000,7.218566666667e-06
DOTUSD,1757134800000,6.665606944444e-06
DOTUSD,1757138400000,-8.64630555556e-07
DOTUSD,1757142000000,1.2648572222222e-05
DOTUSD,1757145600000,-5.247343055556e-06
DOTUSD,1757149200000,-2.074301388889e-06
DOTUSD,1757152800000,1.701656944444e-06
DOTUSD,1757156400000,1.1718504166667e-05
DOTUSD,1757160000000,2.660205e-05
DOTUSD,1757163600000,2.0061044444444e-05
DOTUSD,1757167200000,1.8615670833333e-05
DOTUSD,1757170800000,2.1629555555556e-05
DOTUSD,1757174400000,1.8424051388889e-05
DOTUSD,1757178000000,1.1504316666667e-05
DOTUSD,1757181600000,3.646365277778e-06
DOTUSD,1757185200000,7.347148611111e-06
DOTUSD,1757188800000,1.0621770833333e-05
DOTUSD,1757192400000,9.088341666667e-06
DOTUSD,1757196000000,8.439505555556e-06
DOTUSD,1757199600000,5.594273611111e-06
DOTUSD,1757203200000,-4.194504166667e-06
DOTUSD,1757206800000,-3.202536111111e-06
DOTUSD,1757210400000,1.3277847222222e-05
DOTUSD,1757214000000,2.1385576388889e-05
DOTUSD,1757217600000,2.2032968055556e-05
DOTUSD,1757221200000,1.8907734722222e-05
DOTUSD,1757224800000,1.7654294444444e-05
DOTUSD,1757228400000,1.8367240277778e-05
DOTUSD,1757232000000,1.4251773611111e-05
DOTUSD,1757235600000,1.52245125e-05
DOTUSD,1757239200000,1.0463695833333e-05
DOTUSD,1757242800000,9.144727777778e-06
DOTUSD,1757246400000,1.2911530555556e-05
DOTUSD,1757250000000,1.7490848611111e-05
DOTUSD,1757253600000,2.3232465277778e-05
DOTUSD,1757257200000,2.0873988888889e-05
DOTUSD,1757260800000,2.0263279166667e-05
DOTUSD,1757264400000,1.95744e-05
DOTUSD,1757268000000,1.5363172222222e-05
DOTUSD,1757271600000,-3.031923611111e-06
DOTUSD,1757275200000,-1.524143055556e-06
DOTUSD,1757278800000,1.224895833333e-06
DOTUSD,1757282400000,3.142343055556e-06
DOTUSD,1757286000000,5.511290277778e-06
DOTUSD,1757289600000,-6.126236111111e-06
DOTUSD,1757293200000,2.0997125e-06
DOTUSD,1757296800000,8.375548611111e-06
DOTUSD,1757300400000,1.7265230555556e-05
DOTUSD,1757304000000,2.2202052777778e-05
DOTUSD,1757307600000,1.1813209722222e-05
DOTUSD,1757311200000,1.3633997222222e-05
DOTUSD,1757314800000,6.759848611111e-06
DOTUSD,1757318400000,8.066143055556e-06
DOTUSD,1757322000000,1.0237984722222e-05
DOTUSD,1757325600000,1.3882144444444e-05
DOTUSD,1757329200000,1.2587102777778e-05
DOTUSD,1757332800000,9.325948611111e-06
DOTUSD,1757336400000,1.6362033333333e-05
DOTUSD,1757340000000,4.628481944444e-06
DOTUSD,1757343600000,4.634731944444e-06
DOTUSD,1757347200000,3.631041666667e-06
DOTUSD,1757350800000,-2.438593055556e-06
DOTUSD,1757354400000,-3.188148611111e-06
DOTUSD,1757358000000,3.331240277778e-06
DOTUSD,1757361600000,-8.560276388889e-06
DOTUSD,1757365200000,-4.5246625e-06
DOTUSD,1757368800000,2.094868055556e-06
DOTUSD,1757372400000,-1.1164748611111e-05
DOTUSD,1757376000000,3.657859722222e-06
DOTUSD,1757379600000,9.2723e-06
DOTUSD,1757383200000,1.2344341666667e-05
DOTUSD,1757386800000,2.0012329166667e-05
DOTUSD,1757390400000,9.237652777778e-06
DOTUSD,1757394000000,3.231120833333e-06
DOTUSD,1757397600000,4.867713888889e-06
DOTUSD,1757401200000,1.9111525e-05
DOTUSD,1757404800000,2.4904118055556e-05
DOTUSD,1757408400000,2.52963375e-05
DOTUSD,1757412000000,2.2409573611111e-05
DOTUSD,1757415600000,3.2771981944444e-05
DOTUSD,1757419200000,3.2840222222222e-05
DOTUSD,1757422800000,1.3581580555556e-05
DOTUSD,1757426400000,1.7284238888889e-05
DOTUSD,1757430000000,1.9419375e-06
DOTUSD,1757433600000,-9.684195833333e-06
DOTUSD,1757437200000,-3.626480555556e-06
DOTUSD,1757440800000,-4.72741666667e-07
DOTUSD,1757444400000,1.1011556944444e-05
DOTUSD,1757448000000,2.790865277778e-06
DOTUSD,1757451600000,-1.0052218055556e-05
DOTUSD,1757455200000,-1.8745133333333e-05
DOTUSD,1757458800000,-1.2887955555556e-05
DOTUSD,1757462400000,-1.532498611111e-06
DOTUSD,1757466000000,-6.64483333333e-07
DOTUSD,1757469600000,8.358452777778e-06
DOTUSD,1757473200000,1.0793945833333e-05
DOTUSD,1757476800000,8.275969444444e-06
DOTUSD,1757480400000,-2.382397222222e-06
DOTUSD,1757484000000,-4.507990277778e-06
DOTUSD,1757487600000,-3.841727777778e-06
DOTUSD,1757491200000,-2.97576388889e-07
DOTUSD,1757494800000,9.871418055556e-06
DOTUSD,1757498400000,1.2551151234568e-05
DOTUSD,1757502000000,7.156815277778e-06
DOTUSD,1757505600000,1.0503986111111e-05
DOTUSD,1757509200000,9.605651388889e-06
DOTUSD,1757512800000,7.712172222222e-06
DOTUSD,1757516400000,9.543868055556e-06
DOTUSD,1757520000000,1.0192434722222e-05
DOTUSD,1757523600000,1.0022959722222e-05
DOTUSD,1757527200000,8.722268055556e-06
DOTUSD,1757530800000,1.2464070833333e-05
DOTUSD,1757534400000,-2.299034722222e-06
DOTUSD,1757538000000,-1.43595e-06
DOTUSD,1757541600000,-2.133895833333e-06
DOTUSD,1757545200000,8.49519444444e-07
DOTUSD,1757548800000,1.4170656944444e-05
DOTUSD,1757552400000,1.2718868055556e-05
DOTUSD,1757556000000,2.5463047222222e-05
DOTUSD,1757559600000,2.1239358333333e-05
DOTUSD,1757563200000,2.6350648611111e-05
DOTUSD,1757566800000,2.7145834722222e-05
DOTUSD,1757570400000,2.0792041666667e-05
DOTUSD,1757574000000,1.9067634722222e-05
DOTUSD,1757577600000,2.6992111607143e-05
DOTUSD,1757581200000,2.9247229166667e-05
DOTUSD,1757584800000,1.0811133333333e-05
DOTUSD,1757588400000,1.5622397222222e-05
DOTUSD,1757592000000,3.762876388889e-06
DOTUSD,1757595600000,7.193384722222e-06
DOTUSD,1757599200000,2.850108333333e-06
DOTUSD,1757602800000,8.575734722222e-06
DOTUSD,1757606400000,-1.005973611111e-06
DOTUSD,1757610000000,2.584431944444e-06
DOTUSD,1757613600000,1.363497222222e-06
DOTUSD,1757617200000,-2.355455555556e-06
DOTUSD,1757620800000,6.9491125e-06
DOTUSD,1757624400000,1.9230022222222e-05
DOTUSD,1757628000000,3.659101388889e-06
DOTUSD,1757631600000,1.511725e-06
DOTUSD,1757635200000,1.5951475e-05
DOTUSD,1757638800000,1.6548769444444e-05
DOTUSD,1757642400000,1.11454e-05
DOTUSD,1757646000000,1.009241666667e-06
DOTUSD,1757649600000,1.3191534722222e-05
DOTUSD,1757653200000,1.5290005555556e-05
DOTUSD,1757656800000,1.5582759722222e-05
DOTUSD,1757660400000,8.4022375e-06
DOTUSD,1757664000000,1.8206122222222e-05
DOTUSD,1757667600000,2.3130833333333e-05
DOTUSD,1757671200000,2.6658441666667e-05
DOTUSD,1757674800000,3.0568805555556e-05
DOTUSD,1757678400000,2.3809573611111e-05
DOTUSD,1757682000000,2.6794077777778e-05
DOTUSD,1757685600000,9.313401388889e-06
DOTUSD,1757689200000,8.939659722222e-06
DOTUSD,1757692800000,7.62672222222e-07
DOTUSD,1757696400000,1.5276536111111e-05
DOTUSD,1757700000000,3.1143395833333e-05
DOTUSD,1757703600000,3.3499681944444e-05
DOTUSD,1757707200000,4.1689976388889e-05
DOTUSD,1757710800000,1.1620769444444e-05
DOTUSD,1757714400000,9.306279166667e-06
DOTUSD,1757718000000,2.3451851388889e-05
DOTUSD,1757721600000,1.59184625e-05
DOTUSD,1757725200000,2.6338268055556e-05
DOTUSD,1757728800000,1.6196870833333e-05
DOTUSD,1757732400000,2.6107084722222e-05
DOTUSD,1757736000000,3.25106125e-05
DOTUSD,1757739600000,1.5865936111111e-05
DOTUSD,1757743200000,1.1312766666667e-05
DOTUSD,1757746800000,2.82207875e-05
DOTUSD,1757750400000,3.2582468055556e-05
DOTUSD,1757754000000,1.9387484722222e-05
DOTUSD,1757757600000,1.50854125e-05
DOTUSD,1757761200000,1.2999320833333e-05
DOTUSD,1757764800000,2.1867104166667e-05
DOTUSD,1757768400000,3.0767033333333e-05
DOTUSD,1757772000000,2.3219620833333e-05
DOTUSD,1757775600000,2.3230684722222e-05
DOTUSD,1757779200000,2.0489527777778e-05
DOTUSD,1757782800000,1.8532677777778e-05
DOTUSD,1757786400000,3.2376381944444e-05
DOTUSD,1757790000000,2.6797947222222e-05
DOTUSD,1757793600000,1.9092945833333e-05
DOTUSD,1757797200000,2.4580690277778e-05
DOTUSD,1757800800000,1.8231388888889e-05
DOTUSD,1757804400000,1.8776495833333e-05
DOTUSD,1757808000000,2.2242722222222e-05
DOTUSD,1757811600000,1.7206720833333e-05
DOTUSD,1757815200000,2.5946852777778e-05
DOTUSD,1757818800000,3.4476834722222e-05
DOTUSD,1757822400000,3.2675286111111e-05
DOTUSD,1757826000000,1.2949966666667e-05
DOTUSD,1757829600000,1.8088252777778e-05
DOTUSD,1757833200000,1.5681594444444e-05
DOTUSD,1757836800000,1.4391863888889e-05
DOTUSD,1757840400000,2.8746343055556e-05
DOTUSD,1757844000000,2.1464861111111e-05
DOTUSD,1757847600000,1.5487013888889e-05
DOTUSD,1757851200000,5.311455555556e-06
DOTUSD,1757854800000,-8.11111111e-10
DOTUSD,1757858400000,2.775308333333e-06
DOTUSD,1757862000000,-6.933808333333e-06
DOTUSD,1757865600000,-1.73233125e-05
DOTUSD,1757869200000,-1.2900915277778e-05
DOTUSD,1757872800000,-3.565465277778e-06
DOTUSD,1757876400000,-2.360722222222e-06
DOTUSD,1757880000000,5.878702777778e-06
DOTUSD,1757883600000,1.3344905555556e-05
DOTUSD,1757887200000,1.0157488888889e-05
DOTUSD,1757890800000,8.417927777778e-06
DOTUSD,1757894400000,9.013822222222e-06
DOTUSD,1757898000000,-4.332020833333e-06
DOTUSD,1757901600000,-1.705923611111e-06
DOTUSD,1757905200000,-5.172434722222e-06
DOTUSD,1757908800000,3.759005555556e-06
DOTUSD,1757912400000,2.057843055556e-06
DOTUSD,1757916000000,1.2792834722222e-05
DOTUSD,1757919600000,5.247004166667e-06
DOTUSD,1757923200000,6.942793055556e-06
DOTUSD,1757926800000,-1.13654625e-05
DOTUSD,1757930400000,-2.78485875e-05
DOTUSD,1757934000000,-2.2158363888889e-05
DOTUSD,1757937600000,-2.6557445833333e-05
DOTUSD,1757941200000,-2.4532848611111e-05
DOTUSD,1757944800000,-2.4081298611111e-05
DOTUSD,1757948400000,-1.1630325e-05
DOTUSD,1757952000000,-1.660722222222e-06
DOTUSD,1757955600000,-1.1464602777778e-05
DOTUSD,1757959200000,-1.1761165277778e-05
DOTUSD,1757962800000,-1.2618154166667e-05
DOTUSD,1757966400000,-9.254019444444e-06
DOTUSD,1757970000000,2.607106944444e-06
DOTUSD,1757973600000,1.4388548611111e-05
DOTUSD,1757977200000,1.747683333333e-06
DOTUSD,1757980800000,1.0418163888889e-05
DOTUSD,1757984400000,2.35575e-07
DOTUSD,1757988000000,1.528818055556e-06
DOTUSD,1757991600000,-1.857423611111e-06
DOTUSD,1757995200000,1.7129245833333e-05
DOTUSD,1757998800000,1.0443268055556e-05
DOTUSD,1758002400000,3.4082111111111e-05
DOTUSD,1758006000000,1.5940018055556e-05
DOTUSD,1758009600000,1.8003661111111e-05
DOTUSD,1758013200000,1.0109784722222e-05
DOTUSD,1758016800000,8.444873611111e-06
DOTUSD,1758020400000,-1.0316897222222e-05
DOTUSD,1758024000000,-1.0912384722222e-05
DOTUSD,1758027600000,-5.301045833333e-06
DOTUSD,1758031200000,-7.018597222222e-06
DOTUSD,1758034800000,-4.73758333333e-07
DOTUSD,1758038400000,-5.765454166667e-06
DOTUSD,1758042000000,-1.7727655555556e-05
DOTUSD,1758045600000,-1.5950952777778e-05
DOTUSD,1758049200000,-1.5415005555556e-05
DOTUSD,1758052800000,-1.8450688888889e-05
DOTUSD,1758056400000,-9.010626388889e-06
DOTUSD,1758060000000,-1.4261256944444e-05
DOTUSD,1758063600000,-1.1717481944444e-05
DOTUSD,1758067200000,-1.3328034722222e-05
DOTUSD,1758070800000,7.431379166667e-06
DOTUSD,1758074400000,9.075468055556e-06
DOTUSD,1758078000000,4.528629166667e-06
DOTUSD,1758081600000,-1.4691005555556e-05
DOTUSD,1758085200000,-5.337375e-07
DOTUSD,1758088800000,-1.5528052777778e-05
DOTUSD,1758092400000,-1.2699831944444e-05
DOTUSD,1758096000000,-4.473888888889e-06
DOTUSD,1758099600000,6.09365e-06
DOTUSD,1758103200000,1.0571401388889e-05
DOTUSD,1758106800000,-4.335773611111e-06
DOTUSD,1758110400000,2.6915625e-06
DOTUSD,1758114000000,2.45366666667e-07
DOTUSD,1758117600000,-8.291116666667e-06
DOTUSD,1758121200000,-1.1259638888889e-05
DOTUSD,1758124800000,-1.6955605555556e-05
DOTUSD,1758128400000,-1.2754406944444e-05
DOTUSD,1758132000000,-2.242445833333e-06
DOTUSD,1758135600000,8.7883333333e-08
DOTUSD,1758139200000,9.9297222222e-08
DOTUSD,1758142800000,8.83297222222e-07
DOTUSD,1758146400000,7.848536111111e-06
DOTUSD,1758150000000,7.599802777778e-06
DOTUSD,1758153600000,1.9010588888889e-05
DOTUSD,1758157200000,1.7505044444444e-05
DOTUSD,1758160800000,1.8793565277778e-05
DOTUSD,1758164400000,1.8584169444444e-05
DOTUSD,1758168000000,3.5751190277778e-05
DOTUSD,1758171600000,3.0285748611111e-05
DOTUSD,1758175200000,2.0379618055556e-05
DOTUSD,1758178800000,1.7682363888889e-05
DOTUSD,1758182400000,2.5494194444444e-05
DOTUSD,1758186000000,1.9047968055556e-05
DOTUSD,1758189600000,-1.204772222222e-06
DOTUSD,1758193200000,-6.256545833333e-06
DOTUSD,1758196800000,-7.547602777778e-06
DOTUSD,1758200400000,5.098155555556e-06
DOTUSD,1758204000000,2.834216666667e-06
DOTUSD,1758207600000,1.0830016666667e-05
DOTUSD,1758211200000,-3.746259722222e-06
DOTUSD,1758214800000,-3.256531944444e-06
DOTUSD,1758218400000,6.104638888889e-06
DOTUSD,1758222000000,1.8775505555556e-05
DOTUSD,1758225600000,3.3671059722222e-05
DOTUSD,1758229200000,4.5125136111111e-05
DOTUSD,1758232800000,3.0382573611111e-05
DOTUSD,1758236400000,3.1879780555556e-05
DOTUSD,1758240000000,3.1010918055556e-05
DOTUSD,1758243600000,2.8076252777778e-05
DOTUSD,1758247200000,2.0405104166667e-05
DOTUSD,1758250800000,2.6978709722222e-05
DOTUSD,1758254400000,2.8801433333333e-05
DOTUSD,1758258000000,1.4630169444444e-05
DOTUSD,1758261600000,1.0287119444444e-05
DOTUSD,1758265200000,7.071323611111e-06
DOTUSD,1758268800000,1.2650755555556e-05
DOTUSD,1758272400000,9.1101875e-06
DOTUSD,1758276000000,1.6368454166667e-05
DOTUSD,1758279600000,9.592115277778e-06
DOTUSD,1758283200000,1.5907873611111e-05
DOTUSD,1758286800000,3.0049140277778e-05
DOTUSD,1758290400000,2.1987822222222e-05
DOTUSD,1758294000000,6.953398611111e-06
DOTUSD,1758297600000,1.7096736111111e-05
DOTUSD,1758301200000,2.5117206944444e-05
DOTUSD,1758304800000,1.0259108333333e-05
DOTUSD,1758308400000,1.0405276388889e-05
DOTUSD,1758312000000,4.351561111111e-06
DOTUSD,1758315600000,9.795183333333e-06
DOTUSD,1758319200000,6.857201388889e-06
DOTUSD,1758322800000,-1.281748611111e-06
DOTUSD,1758326400000,1.0256909722222e-05
DOTUSD,1758330000000,9.3039125e-06
DOTUSD,1758333600000,8.802729166667e-06
DOTUSD,1758337200000,1.8540391666667e-05
DOTUSD,1758340800000,1.9375672222222e-05
DOTUSD,1758344400000,1.3940258333333e-05
DOTUSD,1758348000000,1.1849111111111e-05
DOTUSD,1758351600000,1.6023708333333e-05
DOTUSD,1758355200000,2.05135e-06
DOTUSD,1758358800000,-2.135163888889e-06
DOTUSD,1758362400000,5.780276388889e-06
DOTUSD,1758366000000,3.664533333333e-06
DOTUSD,1758369600000,1.3524020833333e-05
DOTUSD,1758373200000,1.2112058333333e-05
DOTUSD,1758376800000,9.464794444444e-06
DOTUSD,1758380400000,1.6430483333333e-05
DOTUSD,1758384000000,1.2808784722222e-05
DOTUSD,1758387600000,9.826348611111e-06
DOTUSD,1758391200000,4.470233333333e-06
DOTUSD,1758394800000,4.408311111111e-06
DOTUSD,1758398400000,1.7363736111111e-05
DOTUSD,1758402000000,2.6234480555556e-05
DOTUSD,1758405600000,1.8322029166667e-05
DOTUSD,1758409200000,1.2317170833333e-05
DOTUSD,1758412800000,1.0723370833333e-05
DOTUSD,1758416400000,1.3723847222222e-05
DOTUSD,1758420000000,5.490252777778e-06
DOTUSD,1758423600000,1.7282530555556e-05
DOTUSD,1758427200000,1.0947583333333e-05
DOTUSD,1758430800000,1.1122075e-05
DOTUSD,1758434400000,1.5993981944444e-05
DOTUSD,1758438000000,1.7431497222222e-05
DOTUSD,1758441600000,1.9193979166667e-05
DOTUSD,1758445200000,1.2692430555556e-05
DOTUSD,1758448800000,1.4995348611111e-05
DOTUSD,1758452400000,2.5646673611111e-05
DOTUSD,1758456000000,3.1918104166667e-05
DOTUSD,1758459600000,3.4942134722222e-05
DOTUSD,1758463200000,3.0269886111111e-05
DOTUSD,1758466800000,2.9150623611111e-05
DOTUSD,1758470400000,2.5319709722222e-05
DOTUSD,1758474000000,2.1288643055556e-05
DOTUSD,1758477600000,2.1159434722222e-05
DOTUSD,1758481200000,2.9092822222222e-05
DOTUSD,1758484800000,2.4979816666667e-05
DOTUSD,1758488400000,2.2575691666667e-05
DOTUSD,1758492000000,1.5089940277778e-05
DOTUSD,1758495600000,8.161325e-06
DOTUSD,1758499200000,7.459447222222e-06
DOTUSD,1758502800000,8.953901388889e-06
DOTUSD,1758506400000,1.2063826388889e-05
DOTUSD,1758510000000,-4.35001388889e-07
DOTUSD,1758513600000,-1.855005e-05
DOTUSD,1758517200000,-4.272661111111e-06
DOTUSD,1758520800000,-1.3478823611111e-05
DOTUSD,1758524400000,-4.7900201388889e-05
DOTUSD,1758528000000,-4.1001694444444e-05
DOTUSD,1758531600000,-1.3044293055556e-05
DOTUSD,1758535200000,-5.104036111111e-06
DOTUSD,1758538800000,1.2997745833333e-05
DOTUSD,1758542400000,-3.1699848611111e-05
DOTUSD,1758546000000,-2.6480154166667e-05
DOTUSD,1758549600000,-2.22817625e-05
DOTUSD,1758553200000,-1.0979361111111e-05
DOTUSD,1758556800000,-5.279776388889e-06
DOTUSD,1758560400000,-8.841923611111e-06
DOTUSD,1758564000000,-6.052075e-06
DOTUSD,1758567600000,-6.297161111111e-06
DOTUSD,1758571200000,-1.2524472222222e-05
DOTUSD,1758574800000,-9.029431944444e-06
DOTUSD,1758578400000,-1.6821577777778e-05
DOTUSD,1758582000000,-2.5222986111111e-05
DOTUSD,1758585600000,-2.5119784722222e-05
DOTUSD,1758589200000,-1.9225327777778e-05
DOTUSD,1758592800000,-1.3162093055556e-05
DOTUSD,1758596400000,-1.6653972222222e-05
DOTUSD,1758600000000,-1.18554875e-05
DOTUSD,1758603600000,-9.048190277778e-06
DOTUSD,1758607200000,-1.22285125e-05
DOTUSD,1758610800000,-1.21327125e-05
DOTUSD,1758614400000,-1.6443851388889e-05
DOTUSD,1758618000000,-8.197461111111e-06
DOTUSD,1758621600000,-1.6923223611111e-05
DOTUSD,1758625200000,-1.4798409722222e-05
DOTUSD,1758628800000,-1.6308290277778e-05
DOTUSD,1758632400000,-1.6156548611111e-05
DOTUSD,1758636000000,-2.7299179166667e-05
DOTUSD,1758639600000,-2.9832522222222e-05
DOTUSD,1758643200000,-2.9730006944444e-05
DOTUSD,1758646800000,-2.2775430555556e-05
DOTUSD,1758650400000,-2.4327590277778e-05
DOTUSD,1758654000000,-5.911908333333e-06
DOTUSD,1758657600000,-8.408529166667e-06
DOTUSD,1758661200000,-8.553358333333e-06
DOTUSD,1758664800000,-1.1795951388889e-05
DOTUSD,1758668400000,-1.3826954166667e-05
DOTUSD,1758672000000,-6.105395833333e-06
DOTUSD,1758675600000,-1.376661111111e-06
DOTUSD,1758679200000,-2.243859722222e-06
DOTUSD,1758682800000,-3.488797222222e-06
DOTUSD,1758686400000,-9.872341666667e-06
DOTUSD,1758690000000,-1.8206201388889e-05
DOTUSD,1758693600000,-7.271630555556e-06
DOTUSD,1758697200000,-1.061486111111e-06
DOTUSD,1758700800000,2.698840277778e-06
DOTUSD,1758704400000,9.334555555556e-06
DOTUSD,1758708000000,2.5185975e-05
DOTUSD,1758711600000,2.4057681944444e-05
DOTUSD,1758715200000,8.232448611111e-06
DOTUSD,1758718800000,7.0901875e-06
DOTUSD,1758722400000,1.314052777778e-06
DOTUSD,1758726000000,1.287993055556e-06
DOTUSD,1758729600000,-6.6035875e-06
DOTUSD,1758733200000,-1.070220833333e-06
DOTUSD,1758736800000,-5.835086111111e-06
DOTUSD,1758740400000,-1.1653983333333e-05
DOTUSD,1758744000000,-1.9395713888889e-05
DOTUSD,1758747600000,-3.374847222222e-06
DOTUSD,1758751200000,2.019054166667e-06
DOTUSD,1758754800000,-5.887520833333e-06
DOTUSD,1758758400000,8.095319444444e-06
DOTUSD,1758762000000,1.6430393055556e-05
DOTUSD,1758765600000,1.1793588888889e-05
DOTUSD,1758769200000,7.351216666667e-06
DOTUSD,1758772800000,3.507075e-06
DOTUSD,1758776400000,1.998347222222e-06
DOTUSD,1758780000000,7.807623611111e-06
DOTUSD,1758783600000,1.7455620833333e-05
DOTUSD,1758787200000,1.7689790064103e-05
DOTUSD,1758790800000,2.5949193055556e-05
DOTUSD,1758794400000,9.913834722222e-06
DOTUSD,1758798000000,7.778109722222e-06
DOTUSD,1758801600000,5.9082375e-06
DOTUSD,1758805200000,6.775820833333e-06
DOTUSD,1758808800000,3.539441666667e-06
DOTUSD,1758812400000,-2.540904166667e-06
DOTUSD,1758816000000,2.787127777778e-06
DOTUSD,1758819600000,-1.018004166667e-06
DOTUSD,1758823200000,-2.606302777778e-06
DOTUSD,1758826800000,-2.655913888889e-06
DOTUSD,1758830400000,-7.341290277778e-06
DOTUSD,1758834000000,-1.2289073611111e-05
DOTUSD,1758837600000,-1.2665129166667e-05
DOTUSD,1758841200000,-2.2523718055556e-05
DOTUSD,1758844800000,-1.1381405555556e-05
DOTUSD,1758848400000,2.351986111111e-06
DOTUSD,1758852000000,-8.264366666667e-06
DOTUSD,1758855600000,-1.16377777778e-07
DOTUSD,1758859200000,-7.287609722222e-06
DOTUSD,1758862800000,-1.7207055555556e-05
DOTUSD,1758866400000,-2.9154373611111e-05
DOTUSD,1758870000000,-1.0918023611111e-05
DOTUSD,1758873600000,1.91279761905e-07
DOTUSD,1758877200000,7.086648611111e-06
DOTUSD,1758880800000,7.929598611111e-06
DOTUSD,1758884400000,-1.158677777778e-06
DOTUSD,1758888000000,1.7328738888889e-05
DOTUSD,1758891600000,8.065005555556e-06
DOTUSD,1758895200000,-3.412141666667e-06
DOTUSD,1758898800000,-8.038806944444e-06
DOTUSD,1758902400000,-2.959675e-06
DOTUSD,1758906000000,8.452579166667e-06
DOTUSD,1758909600000,7.5180375e-06
DOTUSD,1758913200000,1.0184836111111e-05
DOTUSD,1758916800000,6.377483333333e-06
DOTUSD,1758920400000,2.105402777778e-06
DOTUSD,1758924000000,1.4245408333333e-05
DOTUSD,1758927600000,1.9021301388889e-05
DOTUSD,1758931200000,3.1771348611111e-05
DOTUSD,1758934800000,2.229135e-05
DOTUSD,1758938400000,1.9428470833333e-05
DOTUSD,1758942000000,2.0826870833333e-05
DOTUSD,1758945600000,8.402234722222e-06
DOTUSD,1758949200000,3.0077856944444e-05
DOTUSD,1758952800000,3.6184101388889e-05
DOTUSD,1758956400000,2.5272936111111e-05
DOTUSD,1758960000000,2.1228955555556e-05
DOTUSD,1758963600000,1.9369456944444e-05
DOTUSD,1758967200000,1.7937152777778e-05
DOTUSD,1758970800000,1.4726455555556e-05
DOTUSD,1758974400000,5.858351388889e-06
DOTUSD,1758978000000,1.41545125e-05
DOTUSD,1758981600000,2.1983495833333e-05
DOTUSD,1758985200000,1.5019140277778e-05
DOTUSD,1758988800000,1.1866152777778e-05
DOTUSD,1758992400000,-6.081455555556e-06
DOTUSD,1758996000000,-6.471513888889e-06
DOTUSD,1758999600000,3.834781944444e-06
DOTUSD,1759003200000,4.218598611111e-06
DOTUSD,1759006800000,-1.654990277778e-06
DOTUSD,1759010400000,5.4874375e-06
DOTUSD,1759014000000,1.0731111111111e-05
DOTUSD,1759017600000,6.753423611111e-06
DOTUSD,1759021200000,1.5854333333333e-05
DOTUSD,1759024800000,7.109922222222e-06
DOTUSD,1759028400000,8.247048611111e-06
DOTUSD,1759032000000,5.941258333333e-06
DOTUSD,1759035600000,2.345758333333e-06
DOTUSD,1759039200000,5.711016666667e-06
DOTUSD,1759042800000,2.583501388889e-06
DOTUSD,1759046400000,7.629852777778e-06
DOTUSD,1759050000000,9.17886111111e-07
DOTUSD,1759053600000,-2.725783333333e-06
DOTUSD,1759057200000,-1.527413888889e-06
DOTUSD,1759060800000,-3.321977777778e-06
DOTUSD,1759064400000,1.455256944444e-06
DOTUSD,1759068000000,1.2975915277778e-05
DOTUSD,1759071600000,5.8435125e-06
DOTUSD,1759075200000,3.989729166667e-06
DOTUSD,1759078800000,-1.9193055556e-08
DOTUSD,1759082400000,-2.001220833333e-06
DOTUSD,1759086000000,-3.362038888889e-06
DOTUSD,1759089600000,-7.483969444444e-06
DOTUSD,1759093200000,5.9083375e-06
DOTUSD,1759096800000,1.990115277778e-06
DOTUSD,1759100400000,4.306780555556e-06
DOTUSD,1759104000000,2.158772222222e-06
DOTUSD,1759107600000,8.507744444444e-06
DOTUSD,1759111200000,3.794756944444e-06
DOTUSD,1759114800000,8.976476388889e-06
DOTUSD,1759118400000,6.691358333333e-06
DOTUSD,1759122000000,1.2052951388889e-05
DOTUSD,1759125600000,5.815526388889e-06
DOTUSD,1759129200000,4.327430555556e-06
DOTUSD,1759132800000,1.1165798611111e-05
DOTUSD,1759136400000,1.3251215277778e-05
DOTUSD,1759140000000,2.496069444444e-06
DOTUSD,1759143600000,-5.008423611111e-06
DOTUSD,1759147200000,5.70477777778e-07
DOTUSD,1759150800000,-4.98748611111e-07
DOTUSD,1759154400000,6.401472222222e-06
DOTUSD,1759158000000,1.2383095833333e-05
DOTUSD,1759161600000,9.730325e-06
DOTUSD,1759165200000,1.2120813888889e-05
DOTUSD,1759168800000,1.4100166666667e-05
DOTUSD,1759172400000,9.043641666667e-06
DOTUSD,1759176000000,1.4680556944444e-05
DOTUSD,1759179600000,1.6336804166667e-05
DOTUSD,1759183200000,1.3762876388889e-05
DOTUSD,1759186800000,1.5933827777778e-05
DOTUSD,1759190400000,1.5801970833333e-05
DOTUSD,1759194000000,1.3918297222222e-05
DOTUSD,1759197600000,6.080676388889e-06
DOTUSD,1759201200000,1.2341247222222e-05
DOTUSD,1759204800000,1.3436177777778e-05
DOTUSD,1759208400000,9.911488888889e-06
DOTUSD,1759212000000,7.595101388889e-06
DOTUSD,1759215600000,6.371911111111e-06
DOTUSD,1759219200000,5.147086111111e-06
DOTUSD,1759222800000,9.3297125e-06
DOTUSD,1759226400000,8.530177777778e-06
DOTUSD,1759230000000,9.5214375e-06
DOTUSD,1759233600000,1.8990347222222e-05
DOTUSD,1759237200000,1.92828125e-05
DOTUSD,1759240800000,5.843829166667e-06
DOTUSD,1759244400000,-1.722625e-06
DOTUSD,1759248000000,-3.932905555556e-06
DOTUSD,1759251600000,-1.422261111111e-06
DOTUSD,1759255200000,-9.996652777778e-06
DOTUSD,1759258800000,-6.00738888889e-07
DOTUSD,1759262400000,1.3449108333333e-05
DOTUSD,1759266000000,1.7263322222222e-05
DOTUSD,1759269600000,1.2133020833333e-05
DOTUSD,1759273200000,3.732979166667e-06
DOTUSD,1759276800000,1.1969568055556e-05
DOTUSD,1759280400000,-9.71919444444e-07
DOTUSD,1759284000000,9.053020833333e-06
DOTUSD,1759287600000,3.827941666667e-06
DOTUSD,1759291200000,3.667722222222e-06
DOTUSD,1759294800000,5.647729166667e-06
DOTUSD,1759298400000,1.0020488888889e-05
DOTUSD,1759302000000,4.125430555556e-06
DOTUSD,1759305600000,1.3096073611111e-05
DOTUSD,1759309200000,1.90847875e-05
DOTUSD,1759312800000,9.715672222222e-06
DOTUSD,1759316400000,-8.697945833333e-06
DOTUSD,1759320000000,-9.2497625e-06
DOTUSD,1759323600000,-3.131323611111e-06
DOTUSD,1759327200000,3.134523611111e-06
DOTUSD,1759330800000,1.3589526388889e-05
DOTUSD,1759334400000,7.878768055556e-06
DOTUSD,1759338000000,1.1271002777778e-05
DOTUSD,1759341600000,2.9048523611111e-05
DOTUSD,1759345200000,2.6084016666667e-05
DOTUSD,1759348800000,5.439583333333e-06
DOTUSD,1759352400000,1.4422701388889e-05
DOTUSD,1759356000000,1.16875875e-05
DOTUSD,1759359600000,5.793469444444e-06
DOTUSD,1759363200000,1.1077131944444e-05
DOTUSD,1759366800000,-2.073181944444e-06
DOTUSD,1759370400000,3.303466666667e-06
DOTUSD,1759374000000,4.662813888889e-06
DOTUSD,1759377600000,9.367775e-06
DOTUSD,1759381200000,7.1747375e-06
DOTUSD,1759384800000,-3.20193055556e-07
DOTUSD,1759388400000,-9.993468055556e-06
DOTUSD,1759392000000,-1.6199665178571e-05
DOTUSD,1759395600000,-6.468744444444e-06
DOTUSD,1759399200000,-8.63894444444e-07
DOTUSD,1759402800000,9.869252777778e-06
DOTUSD,1759406400000,2.5246308333333e-05
DOTUSD,1759410000000,1.7763443055556e-05
DOTUSD,1759413600000,1.5223811111111e-05
DOTUSD,1759417200000,1.1498619444444e-05
DOTUSD,1759420800000,1.6109972222222e-05
DOTUSD,1759424400000,9.846908333333e-06
DOTUSD,1759428000000,1.1081793055556e-05
DOTUSD,1759431600000,2.6763561111111e-05
DOTUSD,1759435200000,8.486536111111e-06
DOTUSD,1759438800000,2.0153143055556e-05
DOTUSD,1759442400000,2.7310180555556e-05
DOTUSD,1759446000000,2.1055558333333e-05
DOTUSD,1759449600000,2.0031893055556e-05
DOTUSD,1759453200000,1.17093125e-05
DOTUSD,1759456800000,1.6700793055556e-05
DOTUSD,1759460400000,2.4072170833333e-05
DOTUSD,1759464000000,1.9159127777778e-05
DOTUSD,1759467600000,2.2530040277778e-05
DOTUSD,1759471200000,1.69757125e-05
DOTUSD,1759474800000,1.8119372222222e-05
DOTUSD,1759478400000,7.950288888889e-06
DOTUSD,1759482000000,3.081506944444e-06
DOTUSD,1759485600000,1.1550669444444e-05
DOTUSD,1759489200000,1.8867209722222e-05
DOTUSD,1759492800000,2.2345845833333e-05
DOTUSD,1759496400000,2.6919331944444e-05
DOTUSD,1759500000000,1.3881516666667e-05
DOTUSD,1759503600000,8.568326388889e-06
DOTUSD,1759507200000,2.9746448611111e-05
DOTUSD,1759510800000,2.3627277777778e-05
DOTUSD,1759514400000,1.7185895833333e-05
DOTUSD,1759518000000,1.8035048611111e-05
DOTUSD,1759521600000,7.100622222222e-06
DOTUSD,1759525200000,8.841983333333e-06
DOTUSD,1759528800000,1.102331944444e-06
DOTUSD,1759532400000,-1.075479166667e-06
DOTUSD,1759536000000,2.430891666667e-06
DOTUSD,1759539600000,8.505605555556e-06
DOTUSD,1759543200000,-2.799672222222e-06
DOTUSD,1759546800000,7.695770833333e-06
DOTUSD,1759550400000,5.9054166667e-08
DOTUSD,1759554000000,-1.558881944444e-06
DOTUSD,1759557600000,6.788479166667e-06
DOTUSD,1759561200000,1.0832359722222e-05
DOTUSD,1759564800000,1.1652761111111e-05
DOTUSD,1759568400000,1.3887290277778e-05
DOTUSD,1759572000000,1.7997663888889e-05
DOTUSD,1759575600000,1.6781520833333e-05
DOTUSD,1759579200000,1.5282858333333e-05
DOTUSD,1759582800000,2.1636236111111e-05
DOTUSD,1759586400000,2.0099976388889e-05
DOTUSD,1759590000000,9.891890277778e-06
DOTUSD,1759593600000,2.0318747222222e-05
DOTUSD,1759597200000,2.6204233333333e-05
DOTUSD,1759600800000,2.7977459722222e-05
DOTUSD,1759604400000,2.4578131944444e-05
DOTUSD,1759608000000,2.9833034722222e-05
DOTUSD,1759611600000,3.3324755555556e-05
DOTUSD,1759615200000,1.9397201388889e-05
DOTUSD,1759618800000,2.5502558333333e-05
DOTUSD,1759622400000,2.7204133333333e-05
DOTUSD,1759626000000,1.76966375e-05
DOTUSD,1759629600000,2.589925e-05
DOTUSD,1759633200000,2.8631186111111e-05
DOTUSD,1759636800000,3.7500594444444e-05
DOTUSD,1759640400000,3.4317601388889e-05
DOTUSD,1759644000000,2.84197e-05
DOTUSD,1759647600000,1.29570375e-05
DOTUSD,1759651200000,2.2217165277778e-05
DOTUSD,1759654800000,2.1339441666667e-05
DOTUSD,1759658400000,1.9916490277778e-05
DOTUSD,1759662000000,2.7202170833333e-05
DOTUSD,1759665600000,2.3387870833333e-05
DOTUSD,1759669200000,1.58575e-05
DOTUSD,1759672800000,1.8464405555556e-05
DOTUSD,1759676400000,1.5453294444444e-05
DOTUSD,1759680000000,1.5967231944444e-05
DOTUSD,1759683600000,1.7446968055556e-05
DOTUSD,1759687200000,1.5820011111111e-05
DOTUSD,1759690800000,2.7197148611111e-05
DOTUSD,1759694400000,1.4236676388889e-05
DOTUSD,1759698000000,-5.76759722222e-07
DOTUSD,1759701600000,-2.625956944444e-06
DOTUSD,1759705200000,4.488276388889e-06
DOTUSD,1759708800000,-3.25630555556e-07
DOTUSD,1759712400000,5.097143055556e-06
DOTUSD,1759716000000,4.403891666667e-06
DOTUSD,1759719600000,2.610436111111e-06
DOTUSD,1759723200000,1.430384722222e-06
DOTUSD,1759726800000,1.5553793055556e-05
DOTUSD,1759730400000,3.2439179166667e-05
DOTUSD,1759734000000,1.3466838888889e-05
DOTUSD,1759737600000,1.1180830555556e-05
DOTUSD,1759741200000,1.3065183333333e-05
DOTUSD,1759744800000,1.5966620833333e-05
DOTUSD,1759748400000,1.2636694444444e-05
DOTUSD,1759752000000,1.4282904166667e-05
DOTUSD,1759755600000,1.2587916666667e-05
DOTUSD,1759759200000,1.1906433333333e-05
DOTUSD,1759762800000,8.136901388889e-06
DOTUSD,1759766400000,1.116054166667e-06
DOTUSD,1759770000000,9.097741666667e-06
DOTUSD,1759773600000,1.3318376388889e-05
DOTUSD,1759777200000,5.522438888889e-06
DOTUSD,1759780800000,1.371183333333e-06
DOTUSD,1759784400000,5.896519444444e-06
DOTUSD,1759788000000,1.9415123611111e-05
DOTUSD,1759791600000,1.0855622222222e-05
DOTUSD,1759795200000,1.2597863888889e-05
DOTUSD,1759798800000,3.2593026388889e-05
DOTUSD,1759802400000,3.1105241666667e-05
DOTUSD,1759806000000,2.2728469444444e-05
DOTUSD,1759809600000,2.0385265277778e-05
DOTUSD,1759813200000,2.6692569444444e-05
DOTUSD,1759816800000,2.88382625e-05
DOTUSD,1759820400000,2.9652109722222e-05
DOTUSD,1759824000000,2.5009720833333e-05
DOTUSD,1759827600000,2.2222051388889e-05
DOTUSD,1759831200000,1.6379836111111e-05
DOTUSD,1759834800000,1.7335773611111e-05
DOTUSD,1759838400000,1.5687043055556e-05
DOTUSD,1759842000000,1.6858426388889e-05
DOTUSD,1759845600000,1.4803877777778e-05
DOTUSD,1759849200000,1.8482726388889e-05
DOTUSD,1759852800000,1.0816858333333e-05
DOTUSD,1759856400000,4.992488888889e-06
DOTUSD,1759860000000,7.296765277778e-06
DOTUSD,1759863600000,3.624877777778e-06
DOTUSD,1759867200000,2.971073611111e-06
DOTUSD,1759870800000,-1.272984722222e-06
DOTUSD,1759874400000,9.381625e-07
DOTUSD,1759878000000,5.706118055556e-06
DOTUSD,1759881600000,3.788219444444e-06
DOTUSD,1759885200000,1.5106113888889e-05
DOTUSD,1759888800000,1.3610443055556e-05
DOTUSD,1759892400000,1.5271747222222e-05
DOTUSD,1759896000000,1.2953729166667e-05
DOTUSD,1759899600000,2.0236477777778e-05
DOTUSD,1759903200000,8.401554166667e-06
DOTUSD,1759906800000,4.263811111111e-06
DOTUSD,1759910400000,1.2804925e-05
DOTUSD,1759914000000,1.8403086111111e-05
DOTUSD,1759917600000,8.6104875e-06
DOTUSD,1759921200000,1.9007075e-05
DOTUSD,1759924800000,4.918804166667e-06
DOTUSD,1759928400000,1.2336309722222e-05
DOTUSD,1759932000000,1.45901875e-05
DOTUSD,1759935600000,5.3667e-06
DOTUSD,1759939200000,1.0921088888889e-05
DOTUSD,1759942800000,1.1124356944444e-05
DOTUSD,1759946400000,1.4583401388889e-05
DOTUSD,1759950000000,1.4109368055556e-05
DOTUSD,1759953600000,1.4143733333333e-05
DOTUSD,1759957200000,8.116475e-06
DOTUSD,1759960800000,1.1750838888889e-05
DOTUSD,1759964400000,1.4766590277778e-05
DOTUSD,1759968000000,2.1203740277778e-05
DOTUSD,1759971600000,1.7153570833333e-05
DOTUSD,1759975200000,3.241002777778e-06
DOTUSD,1759978800000,3.7072625e-06
DOTUSD,1759982400000,1.3375676388889e-05
DOTUSD,1759986000000,1.0307636111111e-05
DOTUSD,1759989600000,1.982461111111e-06
DOTUSD,1759993200000,-2.867504166667e-06
DOTUSD,1759996800000,-6.358936781609e-06
DOTUSD,1760000400000,-1.0521466666667e-05
DOTUSD,1760004000000,4.952901388889e-06
DOTUSD,1760007600000,-3.83408333333e-07
DOTUSD,1760011200000,2.849983333333e-06
DOTUSD,1760014800000,-6.914120833333e-06
DOTUSD,1760018400000,-8.896104166667e-06
DOTUSD,1760022000000,1.1108905555556e-05
DOTUSD,1760025600000,7.586405555556e-06
DOTUSD,1760029200000,5.215581944444e-06
DOTUSD,1760032800000,5.94620833333e-07
DOTUSD,1760036400000,-8.941156944444e-06
DOTUSD,1760040000000,-8.920580555556e-06
DOTUSD,1760043600000,-1.4535677777778e-05
DOTUSD,1760047200000,-6.632638888889e-06
DOTUSD,1760050800000,2.098615277778e-06
DOTUSD,1760054400000,1.377320833333e-06
DOTUSD,1760058000000,-1.003336111111e-06
DOTUSD,1760061600000,3.271195833333e-06
DOTUSD,1760065200000,-2.614918055556e-06
DOTUSD,1760068800000,3.193483333333e-06
DOTUSD,1760072400000,-2.881638888889e-06
DOTUSD,1760076000000,-2.610694444444e-06
DOTUSD,1760079600000,-3.1070875e-06
DOTUSD,1760083200000,9.67188888889e-07
DOTUSD,1760086800000,4.806134722222e-06
DOTUSD,1760090400000,9.965197222222e-06
DOTUSD,1760094000000,5.353031944444e-06
DOTUSD,1760097600000,4.802990277778e-06
DOTUSD,1760101200000,3.395230555556e-06
DOTUSD,1760104800000,1.06647875e-05
DOTUSD,1760108400000,-1.113405e-05
DOTUSD,1760112000000,-1.2498588888889e-05
DOTUSD,1760115600000,-1.6392920833333e-05
DOTUSD,1760119200000,-2.1708972222222e-05
DOTUSD,1760122800000,-2.3141845833333e-05
DOTUSD,1760126400000,-2.7751805555556e-05
DOTUSD,1760130000000,-2.0739288793103e-05
DOTUSD,1760133600000,-0.0025
DOTUSD,1760137200000,-0.0025
DOTUSD,1760140800000,-0.0025
DOTUSD,1760144400000,-0.000528105248611111
DOTUSD,1760148000000,-8.9558638888889e-05
DOTUSD,1760151600000,-8.2245884722222e-05
DOTUSD,1760155200000,-9.1178518055556e-05
DOTUSD,1760158800000,-6.4232556944444e-05
DOTUSD,1760162400000,-6.1006776388889e-05
DOTUSD,1760166000000,-4.4669702777778e-05
DOTUSD,1760169600000,-1.7538951388889e-05
DOTUSD,1760173200000,-4.6417625e-06
DOTUSD,1760176800000,-2.46294875e-05
DOTUSD,1760180400000,-2.7654786111111e-05
DOTUSD,1760184000000,7.854258333333e-06
DOTUSD,1760187600000,2.4471469444444e-05
DOTUSD,1760191200000,1.4655569444444e-05
DOTUSD,1760194800000,-2.4242526388889e-05
DOTUSD,1760198400000,-2.47852777778e-07
DOTUSD,1760202000000,-8.522259722222e-06
DOTUSD,1760205600000,6.19254166667e-07
DOTUSD,1760209200000,-5.69983333333e-07
DOTUSD,1760212800000,-1.6246301388889e-05
DOTUSD,1760216400000,-2.09603625e-05
DOTUSD,1760220000000,-2.376286111111e-06
DOTUSD,1760223600000,-6.641066666667e-06
DOTUSD,1760227200000,4.156879166667e-06
DOTUSD,1760230800000,2.98625e-06
DOTUSD,1760234400000,-8.217595833333e-06
DOTUSD,1760238000000,-5.8744365277778e-05
DOTUSD,1760241600000,-4.153961111111e-06
DOTUSD,1760245200000,4.0234270833333e-05
DOTUSD,1760248800000,2.7739302777778e-05
DOTUSD,1760252400000,2.6687611111111e-05
DOTUSD,1760256000000,3.2722105555556e-05
DOTUSD,1760259600000,1.7445316666667e-05
DOTUSD,1760263200000,2.0543730555556e-05
DOTUSD,1760266800000,9.730770833333e-06
DOTUSD,1760270400000,3.433272222222e-06
DOTUSD,1760274000000,9.243873611111e-06
DOTUSD,1760277600000,9.624511111111e-06
DOTUSD,1760281200000,7.577113888889e-06
DOTUSD,1760284800000,1.0936109722222e-05
DOTUSD,1760288400000,5.436926388889e-06
DOTUSD,1760292000000,2.5615880555556e-05
DOTUSD,1760295600000,1.3686093055556e-05
DOTUSD,1760299200000,1.0959452777778e-05
DOTUSD,1760302800000,3.002890277778e-06
DOTUSD,1760306400000,1.534597222222e-06
DOTUSD,1760310000000,1.4274455555556e-05
DOTUSD,1760313600000,1.1178490277778e-05
DOTUSD,1760317200000,8.020813888889e-06
DOTUSD,1760320800000,9.87809722222e-07
DOTUSD,1760324400000,-1.0322808333333e-05
DOTUSD,1760328000000,-2.0751916666667e-05
DOTUSD,1760331600000,-8.581825e-06
DOTUSD,1760335200000,-1.1146420833333e-05
DOTUSD,1760338800000,-9.730395833333e-06
DOTUSD,1760342400000,-8.961440277778e-06
DOTUSD,1760346000000,-9.10365e-06
DOTUSD,1760349600000,-2.991118055556e-06
DOTUSD,1760353200000,1.0284275e-05
DOTUSD,1760356800000,-4.907143055556e-06
DOTUSD,1760360400000,2.848601388889e-06
DOTUSD,1760364000000,8.383290277778e-06
DOTUSD,1760367600000,-6.245134722222e-06
DOTUSD,1760371200000,1.7033058333333e-05
DOTUSD,1760374800000,2.4231686111111e-05
DOTUSD,1760378400000,3.2317873611111e-05
DOTUSD,1760382000000,7.557666666667e-06
DOTUSD,1760385600000,1.0379519444444e-05
DOTUSD,1760389200000,1.1697781944444e-05
DOTUSD,1760392800000,-7.347588888889e-06
DOTUSD,1760396400000,-7.52865e-06
DOTUSD,1760400000000,1.2528997222222e-05
DOTUSD,1760403600000,1.6750388888889e-05
DOTUSD,1760407200000,1.6399783333333e-05
DOTUSD,1760410800000,1.7327309722222e-05
DOTUSD,1760414400000,1.1053166666667e-05
DOTUSD,1760418000000,7.44576388889e-07
DOTUSD,1760421600000,1.143329166667e-06
DOTUSD,1760425200000,-1.796738888889e-06
DOTUSD,1760428800000,-1.1498569444444e-05
DOTUSD,1760432400000,-5.886577777778e-06
DOTUSD,1760436000000,1.045969444444e-06
DOTUSD,1760439600000,1.2006669444444e-05
DOTUSD,1760443200000,1.680806944444e-06
DOTUSD,1760446800000,-8.18083333333e-07
DOTUSD,1760450400000,7.886044444444e-06
DOTUSD,1760454000000,-8.3527e-06
DOTUSD,1760457600000,-2.24515e-06
DOTUSD,1760461200000,-6.866840277778e-06
DOTUSD,1760464800000,-1.679079166667e-06
DOTUSD,1760468400000,-5.513594444444e-06
DOTUSD,1760472000000,-6.144306944444e-06
DOTUSD,1760475600000,7.87069444444e-07
DOTUSD,1760479200000,-3.6961e-06
DOTUSD,1760482800000,-1.1619025e-05
DOTUSD,1760486400000,-6.657568055556e-06
DOTUSD,1760490000000,-4.650468055556e-06
DOTUSD,1760493600000,-2.615309722222e-06
DOTUSD,1760497200000,-2.846426388889e-06
DOTUSD,1760500800000,-1.0066576388889e-05
DOTUSD,1760504400000,-4.836126388889e-06
DOTUSD,1760508000000,-8.850401388889e-06
DOTUSD,1760511600000,-1.0874155555556e-05
DOTUSD,1760515200000,-1.4958980555556e-05
DOTUSD,1760518800000,-1.6110241666667e-05
DOTUSD,1760522400000,-6.740801388889e-06
DOTUSD,1760526000000,-5.321138888889e-06
DOTUSD,1760529600000,-5.016318055556e-06
DOTUSD,1760533200000,-7.974022222222e-06
DOTUSD,1760536800000,-1.17305625e-05
DOTUSD,1760540400000,-1.7597841666667e-05
DOTUSD,1760544000000,-7.184616666667e-06
DOTUSD,1760547600000,-1.578251388889e-06
DOTUSD,1760551200000,-8.86279166667e-07
DOTUSD,1760554800000,-5.846813888889e-06
DOTUSD,1760558400000,-1.7516709722222e-05
DOTUSD,1760562000000,-3.0936459722222e-05
DOTUSD,1760565600000,-2.8405294444444e-05
DOTUSD,1760569200000,-2.7318466666667e-05
DOTUSD,1760572800000,-8.4839875e-06
DOTUSD,1760576400000,-1.6048254166667e-05
DOTUSD,1760580000000,-3.15565e-05
DOTUSD,1760583600000,-3.7589183333333e-05
DOTUSD,1760587200000,-2.5501361111111e-05
DOTUSD,1760590800000,-3.2649333333333e-05
DOTUSD,1760594400000,-3.53087125e-05
DOTUSD,1760598000000,-3.3510875e-05
DOTUSD,1760601600000,-4.1290186011905e-05
DOTUSD,1760605200000,-2.7687134722222e-05
DOTUSD,1760608800000,-2.9302530555556e-05
DOTUSD,1760612400000,-2.1501777777778e-05
DOTUSD,1760616000000,-2.4691177777778e-05
DOTUSD,1760619600000,-2.4470759722222e-05
DOTUSD,1760623200000,-3.1943943055556e-05
DOTUSD,1760626800000,-3.4629618055556e-05
DOTUSD,1760630400000,-5.33804375e-05
DOTUSD,1760634000000,-4.1965566666667e-05
DOTUSD,1760637600000,-4.1294315277778e-05
DOTUSD,1760641200000,-4.3078419444444e-05
DOTUSD,1760644800000,-4.4089209722222e-05
DOTUSD,1760648400000,-3.7731166666667e-05
DOTUSD,1760652000000,-3.6653722222222e-05
DOTUSD,1760655600000,-4.9597025e-05
DOTUSD,1760659200000,-3.0674944444444e-05
DOTUSD,1760662800000,-3.4912129166667e-05
DOTUSD,1760666400000,-5.4267804166667e-05
DOTUSD,1760670000000,-5.4948790277778e-05
DOTUSD,1760673600000,-5.241015e-05
DOTUSD,1760677200000,-5.9306095833333e-05
DOTUSD,1760680800000,-5.8372173611111e-05
DOTUSD,1760684400000,-4.4595704166667e-05
DOTUSD,1760688000000,-4.8493844444444e-05
DOTUSD,1760691600000,-4.7346641666667e-05
DOTUSD,1760695200000,-2.1424893055556e-05
DOTUSD,1760698800000,-1.496605e-05
DOTUSD,1760702400000,-1.15218e-05
DOTUSD,1760706000000,-1.9584034722222e-05
DOTUSD,1760709600000,-1.8123025e-05
DOTUSD,1760713200000,-3.5884225e-05
DOTUSD,1760716800000,-1.7565234722222e-05
DOTUSD,1760720400000,-2.1992594444444e-05
DOTUSD,1760724000000,-2.5750095833333e-05
DOTUSD,1760727600000,-3.5383973611111e-05
DOTUSD,1760731200000,-3.6758719444444e-05
DOTUSD,1760734800000,-3.29534875e-05
DOTUSD,1760738400000,-2.77697875e-05
DOTUSD,1760742000000,-2.3543708333333e-05
DOTUSD,1760745600000,-2.2543811111111e-05
DOTUSD,1760749200000,-3.1231768055556e-05
DOTUSD,1760752800000,-2.9055173611111e-05
DOTUSD,1760756400000,-3.3264748611111e-05
DOTUSD,1760760000000,-3.2741516666667e-05
DOTUSD,1760763600000,-2.94098625e-05
DOTUSD,1760767200000,-2.2717668055556e-05
DOTUSD,1760770800000,-2.3264411111111e-05
DOTUSD,1760774400000,-2.4769909722222e-05
DOTUSD,1760778000000,-1.7138659722222e-05
DOTUSD,1760781600000,-1.8955394444444e-05
DOTUSD,1760785200000,-1.6026066666667e-05
DOTUSD,1760788800000,-2.19281e-05
DOTUSD,1760792400000,-2.2840593055556e-05
DOTUSD,1760796000000,-2.0862175e-05
DOTUSD,1760799600000,-2.0787458333333e-05
DOTUSD,1760803200000,-1.8863090277778e-05
DOTUSD,1760806800000,-2.20460125e-05
DOTUSD,1760810400000,-2.1029543055556e-05
DOTUSD,1760814000000,-2.3634394444444e-05
DOTUSD,1760817600000,-1.9118826388889e-05
DOTUSD,1760821200000,-1.4587458333333e-05
DOTUSD,1760824800000,-2.2748059722222e-05
DOTUSD,1760828400000,-2.4727036111111e-05
DOTUSD,1760832000000,-3.3560958333333e-05
DOTUSD,1760835600000,-3.9337777777778e-05
DOTUSD,1760839200000,-4.0462954166667e-05
DOTUSD,1760842800000,-2.8060994444444e-05
DOTUSD,1760846400000,-1.5340794444444e-05
DOTUSD,1760850000000,-1.8461644444444e-05
DOTUSD,1760853600000,-2.0925547222222e-05
DOTUSD,1760857200000,-2.5217605555556e-05
DOTUSD,1760860800000,-2.68638e-05
DOTUSD,1760864400000,-3.0227765277778e-05
DOTUSD,1760868000000,-2.7596733333333e-05
DOTUSD,1760871600000,-1.1859526388889e-05
DOTUSD,1760875200000,-2.2154620833333e-05
DOTUSD,1760878800000,-2.1031425e-05
DOTUSD,1760882400000,-2.3223120833333e-05
DOTUSD,1760886000000,-2.1290405555556e-05
DOTUSD,1760889600000,-2.4578386111111e-05
DOTUSD,1760893200000,-2.5003081944444e-05
DOTUSD,1760896800000,-2.0818226388889e-05
DOTUSD,1760900400000,-1.3156275e-05
DOTUSD,1760904000000,-1.2791233333333e-05
DOTUSD,1760907600000,-1.0219526388889e-05
DOTUSD,1760911200000,-1.0253044444444e-05
DOTUSD,1760914800000,-5.578319444444e-06
DOTUSD,1760918400000,-1.94680375e-05
DOTUSD,1760922000000,-2.1702711111111e-05
DOTUSD,1760925600000,-1.7359781944444e-05
DOTUSD,1760929200000,-1.4912688888889e-05
DOTUSD,1760932800000,-9.985809722222e-06
DOTUSD,1760936400000,-7.847495833333e-06
DOTUSD,1760940000000,-9.241852777778e-06
DOTUSD,1760943600000,-6.787615277778e-06
DOTUSD,1760947200000,-1.0649068055556e-05
DOTUSD,1760950800000,-1.11152625e-05
DOTUSD,1760954400000,-1.4890411111111e-05
DOTUSD,1760958000000,-1.2551327777778e-05
DOTUSD,1760961600000,-1.7369105555556e-05
DOTUSD,1760965200000,-1.5237715277778e-05
DOTUSD,1760968800000,-1.7371963888889e-05
DOTUSD,1760972400000,-1.4440091666667e-05
DOTUSD,1760976000000,-1.7863895833333e-05
DOTUSD,1760979600000,-1.4581406944444e-05
DOTUSD,1760983200000,-1.3586275e-05
DOTUSD,1760986800000,-1.8227915277778e-05
DOTUSD,1760990400000,-1.1080044444444e-05
DOTUSD,1760994000000,-1.3051240277778e-05
DOTUSD,1760997600000,-1.3879568055556e-05
DOTUSD,1761001200000,-1.3031815277778e-05
DOTUSD,1761004800000,-1.2401227777778e-05
DOTUSD,1761008400000,-1.5137516666667e-05
DOTUSD,1761012000000,-1.4403740277778e-05
DOTUSD,1761015600000,-1.42336125e-05
DOTUSD,1761019200000,-1.9654143055556e-05
DOTUSD,1761022800000,-1.6947911111111e-05
DOTUSD,1761026400000,-2.0568369444444e-05
DOTUSD,1761030000000,-1.9549556944444e-05
DOTUSD,1761033600000,-2.4879540277778e-05
DOTUSD,1761037200000,-2.25343875e-05
DOTUSD,1761040800000,-1.6724408333333e-05
DOTUSD,1761044400000,-1.2530834722222e-05
DOTUSD,1761048000000,-9.359465277778e-06
DOTUSD,1761051600000,-5.614819444444e-06
DOTUSD,1761055200000,-1.2828570833333e-05
DOTUSD,1761058800000,-1.2933372222222e-05
DOTUSD,1761062400000,9.27144444444e-07
DOTUSD,1761066000000,-3.429851388889e-06
DOTUSD,1761069600000,-1.06198625e-05
DOTUSD,1761073200000,-1.5901859722222e-05
DOTUSD,1761076800000,-1.6588777777778e-05
DOTUSD,1761080400000,-3.974618055556e-06
DOTUSD,1761084000000,5.86847222222e-07
DOTUSD,1761087600000,-1.3520488888889e-05
DOTUSD,1761091200000,-1.1215395833333e-05
DOTUSD,1761094800000,-1.5642736111111e-05
DOTUSD,1761098400000,-2.2967123611111e-05
DOTUSD,1761102000000,-2.8188683333333e-05
DOTUSD,1761105600000,-2.8758315277778e-05
DOTUSD,1761109200000,-2.3138431944444e-05
DOTUSD,1761112800000,-2.0459955555556e-05
DOTUSD,1761116400000,-1.4434011111111e-05
DOTUSD,1761120000000,-1.4828341666667e-05
DOTUSD,1761123600000,-1.3378376388889e-05
DOTUSD,1761127200000,-1.2034618055556e-05
DOTUSD,1761130800000,-1.3554605555556e-05
DOTUSD,1761134400000,-1.1050806944444e-05
DOTUSD,1761138000000,-1.1696458333333e-05
DOTUSD,1761141600000,-2.9713222222222e-05
DOTUSD,1761145200000,-1.34454e-05
DOTUSD,1761148800000,-1.6669166666667e-05
DOTUSD,1761152400000,-1.7393109722222e-05
DOTUSD,1761156000000,-1.2418134722222e-05
DOTUSD,1761159600000,-1.3822183333333e-05
DOTUSD,1761163200000,-1.6338216666667e-05
DOTUSD,1761166800000,-1.8050220833333e-05
DOTUSD,1761170400000,-3.6674116666667e-05
DOTUSD,1761174000000,-2.8461608333333e-05
DOTUSD,1761177600000,-2.4400459722222e-05
DOTUSD,1761181200000,-2.75185875e-05
DOTUSD,1761184800000,-4.0321831944444e-05
DOTUSD,1761188400000,-3.3575916666667e-05
DOTUSD,1761192000000,-2.3789744444444e-05
DOTUSD,1761195600000,-2.0337793055556e-05
DOTUSD,1761199200000,-2.3721033333333e-05
DOTUSD,1761202800000,-1.9673844444444e-05
DOTUSD,1761206400000,-2.6130995192308e-05
DOTUSD,1761210000000,-1.5857066666667e-05
DOTUSD,1761213600000,-1.0049194444444e-05
DOTUSD,1761217200000,-1.3461904166667e-05
DOTUSD,1761220800000,-3.2732481944444e-05
DOTUSD,1761224400000,-2.2458934722222e-05
DOTUSD,1761228000000,-1.5704161111111e-05
DOTUSD,1761231600000,-1.703865277778e-06
DOTUSD,1761235200000,-2.8157e-06
DOTUSD,1761238800000,2.185668055556e-06
DOTUSD,1761242400000,-3.958630555556e-06
DOTUSD,1761246000000,6.23940277778e-07
DOTUSD,1761249600000,3.350122222222e-06
DOTUSD,1761253200000,-6.560323611111e-06
DOTUSD,1761256800000,1.794315277778e-06
DOTUSD,1761260400000,-3.436818055556e-06
DOTUSD,1761264000000,3.826390277778e-06
DOTUSD,1761267600000,5.472380555556e-06
DOTUSD,1761271200000,7.656558333333e-06
DOTUSD,1761274800000,9.437175e-06
DOTUSD,1761278400000,1.4535701388889e-05
DOTUSD,1761282000000,1.4998248611111e-05
DOTUSD,1761285600000,1.074168055556e-06
DOTUSD,1761289200000,2.20830555556e-07
DOTUSD,1761292800000,-2.454243055556e-06
DOTUSD,1761296400000,1.361651388889e-06
DOTUSD,1761300000000,6.01863888889e-07
DOTUSD,1761303600000,-1.965838888889e-06
DOTUSD,1761307200000,-2.028740277778e-06
DOTUSD,1761310800000,5.23773611111e-07
DOTUSD,1761314400000,1.0105870833333e-05
DOTUSD,1761318000000,7.584681944444e-06
DOTUSD,1761321600000,-5.287291666667e-06
DOTUSD,1761325200000,-4.916791666667e-06
DOTUSD,1761328800000,2.020490277778e-06
DOTUSD,1761332400000,2.423344444444e-06
DOTUSD,1761336000000,2.2147222222e-08
DOTUSD,1761339600000,8.838898611111e-06
DOTUSD,1761343200000,9.391929166667e-06
DOTUSD,1761346800000,1.0799826388889e-05
DOTUSD,1761350400000,1.0123222222222e-05
DOTUSD,1761354000000,6.642019444444e-06
DOTUSD,1761357600000,1.385488888889e-06
DOTUSD,1761361200000,-1.1574280555556e-05
DOTUSD,1761364800000,-1.3694356944444e-05
DOTUSD,1761368400000,-1.4441573611111e-05
DOTUSD,1761372000000,-1.2176113888889e-05
DOTUSD,1761375600000,-1.4125879166667e-05
DOTUSD,1761379200000,-1.6230977777778e-05
DOTUSD,1761382800000,-1.3832504166667e-05
DOTUSD,1761386400000,-1.2209826388889e-05
DOTUSD,1761390000000,-1.3775625e-05
DOTUSD,1761393600000,-1.8670275e-05
DOTUSD,1761397200000,-9.456411111111e-06
DOTUSD,1761400800000,-4.244938888889e-06
DOTUSD,1761404400000,-6.082715277778e-06
DOTUSD,1761408000000,-1.0957356944444e-05
DOTUSD,1761411600000,-7.930466666667e-06
DOTUSD,1761415200000,-1.0005970833333e-05
DOTUSD,1761418800000,-6.611680555556e-06
DOTUSD,1761422400000,-7.085848611111e-06
DOTUSD,1761426000000,-6.044970833333e-06
DOTUSD,1761429600000,-2.5633486111111e-05
DOTUSD,1761433200000,-2.6930663888889e-05
DOTUSD,1761436800000,-1.98883875e-05
DOTUSD,1761440400000,-1.7614345833333e-05
DOTUSD,1761444000000,-2.8465206944444e-05
DOTUSD,1761447600000,-1.06962e-05
DOTUSD,1761451200000,-1.5984405555556e-05
DOTUSD,1761454800000,-1.2488459722222e-05
DOTUSD,1761458400000,-1.8954956944444e-05
DOTUSD,1761462000000,-1.8701248611111e-05
DOTUSD,1761465600000,-1.4141173611111e-05
DOTUSD,1761469200000,-1.2838173611111e-05
DOTUSD,1761472800000,-1.1743194444444e-05
DOTUSD,1761476400000,-1.3534343055556e-05
DOTUSD,1761480000000,-2.0079090277778e-05
DOTUSD,1761483600000,-7.407556944444e-06
DOTUSD,1761487200000,-1.5563936111111e-05
DOTUSD,1761490800000,-8.400465277778e-06
DOTUSD,1761494400000,9.02144444444e-07
DOTUSD,1761498000000,-4.720461111111e-06
DOTUSD,1761501600000,-1.2978901388889e-05
DOTUSD,1761505200000,-1.1317530555556e-05
DOTUSD,1761508800000,-1.7336625e-05
DOTUSD,1761512400000,-1.4573780555556e-05
DOTUSD,1761516000000,-8.150936111111e-06
DOTUSD,1761519600000,2.775577777778e-06
DOTUSD,1761523200000,-4.32918055556e-07
DOTUSD,1761526800000,1.6519766666667e-05
DOTUSD,1761530400000,1.0438631944444e-05
DOTUSD,1761534000000,-1.137565277778e-06
DOTUSD,1761537600000,-1.296883333333e-06
DOTUSD,1761541200000,1.515163888889e-06
DOTUSD,1761544800000,5.43890277778e-07
DOTUSD,1761548400000,-9.48813888889e-07
DOTUSD,1761552000000,1.1267872222222e-05
DOTUSD,1761555600000,1.3664172222222e-05
DOTUSD,1761559200000,1.4811159722222e-05
DOTUSD,1761562800000,1.6323054166667e-05
DOTUSD,1761566400000,1.2908402777778e-05
DOTUSD,1761570000000,6.126002777778e-06
DOTUSD,1761573600000,9.934798611111e-06
DOTUSD,1761577200000,6.587181944444e-06
DOTUSD,1761580800000,1.1908675e-05
DOTUSD,1761584400000,1.3624940277778e-05
DOTUSD,1761588000000,6.096204166667e-06
DOTUSD,1761591600000,6.83e-07
DOTUSD,1761595200000,3.084529166667e-06
DOTUSD,1761598800000,3.420720833333e-06
DOTUSD,1761602400000,-4.4829e-06
DOTUSD,1761606000000,-3.937680555556e-06
DOTUSD,1761609600000,6.976626388889e-06
DOTUSD,1761613200000,5.015963888889e-06
DOTUSD,1761616800000,3.672236111111e-06
DOTUSD,1761620400000,3.0940277778e-08
DOTUSD,1761624000000,4.994819444444e-06
DOTUSD,1761627600000,7.271779166667e-06
DOTUSD,1761631200000,-4.489986111111e-06
DOTUSD,1761634800000,8.428645833333e-06
DOTUSD,1761638400000,-1.0313416666667e-05
DOTUSD,1761642000000,-1.4889588888889e-05
DOTUSD,1761645600000,-1.5810408333333e-05
DOTUSD,1761649200000,-1.0011576388889e-05
DOTUSD,1761652800000,-7.821615277778e-06
DOTUSD,1761656400000,-1.8147652777778e-05
DOTUSD,1761660000000,-1.8350884722222e-05
DOTUSD,1761663600000,-1.1865204166667e-05
DOTUSD,1761667200000,-8.584855555556e-06
DOTUSD,1761670800000,-1.4222261111111e-05
DOTUSD,1761674400000,-1.5604269444444e-05
DOTUSD,1761678000000,-1.6320283333333e-05
DOTUSD,1761681600000,-1.5326644444444e-05
DOTUSD,1761685200000,-3.3383059722222e-05
DOTUSD,1761688800000,-2.6739965277778e-05
DOTUSD,1761692400000,-1.9741754166667e-05
DOTUSD,1761696000000,-2.4481891666667e-05
DOTUSD,1761699600000,-3.0334422222222e-05
DOTUSD,1761703200000,-2.0223243055556e-05
DOTUSD,1761706800000,-2.0976447222222e-05
DOTUSD,1761710400000,-2.2890855555556e-05
DOTUSD,1761714000000,-3.0548595833333e-05
DOTUSD,1761717600000,-3.3232941666667e-05
DOTUSD,1761721200000,-3.0697211111111e-05
DOTUSD,1761724800000,-1.6519369444444e-05
DOTUSD,1761728400000,-1.51859375e-05
DOTUSD,1761732000000,-1.2491395833333e-05
DOTUSD,1761735600000,-8.759713888889e-06
DOTUSD,1761739200000,-6.098266666667e-06
DOTUSD,1761742800000,-4.989840277778e-06
DOTUSD,1761746400000,-8.930306944444e-06
DOTUSD,1761750000000,-4.093090277778e-06
DOTUSD,1761753600000,7.230125e-07
DOTUSD,1761757200000,-1.1549616666667e-05
DOTUSD,1761760800000,-1.1074956944444e-05
DOTUSD,1761764400000,1.267269444444e-06
DOTUSD,1761768000000,-8.50301388889e-07
DOTUSD,1761771600000,5.50605555556e-07
DOTUSD,1761775200000,3.713647222222e-06
DOTUSD,1761778800000,-4.402566666667e-06
DOTUSD,1761782400000,2.89095833333e-07
DOTUSD,1761786000000,-4.942986111111e-06
DOTUSD,1761789600000,-6.835805555556e-06
DOTUSD,1761793200000,-1.777823611111e-06
DOTUSD,1761796800000,-6.561645833333e-06
DOTUSD,1761800400000,-1.1668813888889e-05
DOTUSD,1761804000000,-8.918195833333e-06
DOTUSD,1761807600000,-2.0066783333333e-05
DOTUSD,1761811200000,-4.851631944444e-06
DOTUSD,1761814800000,2.2406156944444e-05
DOTUSD,1761818400000,1.2949986111111e-05
DOTUSD,1761822000000,6.836405555556e-06
DOTUSD,1761825600000,1.595577777778e-06
DOTUSD,1761829200000,1.0660243055556e-05
DOTUSD,1761832800000,-1.5341847222222e-05
DOTUSD,1761836400000,-6.444480555556e-06
DOTUSD,1761840000000,-1.60911125e-05
DOTUSD,1761843600000,-1.6811156944444e-05
DOTUSD,1761847200000,-1.56732625e-05
DOTUSD,1761850800000,-1.6134622222222e-05
DOTUSD,1761854400000,-2.0871859722222e-05
DOTUSD,1761858000000,-7.026554166667e-06
DOTUSD,1761861600000,-1.5761933333333e-05
DOTUSD,1761865200000,-1.2070284722222e-05
DOTUSD,1761868800000,-8.559468055556e-06
DOTUSD,1761872400000,-8.099811111111e-06
DOTUSD,1761876000000,-1.0341576388889e-05
DOTUSD,1761879600000,6.328355555556e-06
DOTUSD,1761883200000,3.757991666667e-06
DOTUSD,1761886800000,6.694868055556e-06
DOTUSD,1761890400000,2.959277777778e-06
DOTUSD,1761894000000,5.950993055556e-06
DOTUSD,1761897600000,5.969743055556e-06
DOTUSD,1761901200000,-3.658193055556e-06
DOTUSD,1761904800000,-8.748630555556e-06
DOTUSD,1761908400000,1.1946611111111e-05
DOTUSD,1761912000000,1.0446595833333e-05
DOTUSD,1761915600000,1.3814929166667e-05
DOTUSD,1761919200000,1.303554166667e-06
DOTUSD,1761922800000,7.478540277778e-06
DOTUSD,1761926400000,-8.282323611111e-06
DOTUSD,1761930000000,-1.6440440277778e-05
DOTUSD,1761933600000,-1.0574e-05
DOTUSD,1761937200000,-1.989452777778e-06
DOTUSD,1761940800000,7.212944444444e-06
DOTUSD,1761944400000,-8.516008333333e-06
DOTUSD,1761948000000,-2.764891666667e-06
DOTUSD,1761951600000,-5.187233333333e-06
DOTUSD,1761955200000,-5.717840277778e-06
DOTUSD,1761958800000,-7.987406944444e-06
DOTUSD,1761962400000,-1.0638066666667e-05
DOTUSD,1761966000000,-1.358245833333e-06
DOTUSD,1761969600000,9.537523611111e-06
DOTUSD,1761973200000,8.699036111111e-06
DOTUSD,1761976800000,-9.86894444444e-07
DOTUSD,1761980400000,1.457711111111e-06
DOTUSD,1761984000000,1.8292730555556e-05
DOTUSD,1761987600000,1.5636395833333e-05
DOTUSD,1761991200000,1.6362054166667e-05
DOTUSD,1761994800000,1.4526783333333e-05
DOTUSD,1761998400000,1.2853979166667e-05
DOTUSD,1762002000000,1.7183361111111e-05
DOTUSD,1762005600000,1.7739709722222e-05
DOTUSD,1762009200000,1.1253176388889e-05
DOTUSD,1762020000000,-0.00018548325
DOTUSD,1762023600000,-6.8002909722222e-05
DOTUSD,1762027200000,-0.000143237402777778
DOTUSD,1762030800000,-0.000200535865277778
DOTUSD,1762034400000,-0.000156093938888889
DOTUSD,1762038000000,1.4837381944444e-05
DOTUSD,1762041600000,-1.2735755555556e-05
DOTUSD,1762045200000,-1.153515e-05
DOTUSD,1762048800000,2.07345833333e-07
DOTUSD,1762052400000,4.297965277778e-06
DOTUSD,1762059600000,1.45719e-06
DOTUSD,1762063200000,1.1573436111111e-05
DOTUSD,1762066800000,8.453134722222e-06
DOTUSD,1762070400000,1.2253883333333e-05
DOTUSD,1762074000000,8.314877777778e-06
DOTUSD,1762077600000,1.3504856944444e-05
DOTUSD,1762081200000,1.19638888889e-07
DOTUSD,1762084800000,6.359866666667e-06
DOTUSD,1762088400000,6.284790277778e-06
DOTUSD,1762092000000,-1.6463469444444e-05
DOTUSD,1762095600000,-2.7557281944444e-05
DOTUSD,1762099200000,-2.1697444444444e-05
DOTUSD,1762102800000,-1.8435123611111e-05
DOTUSD,1762106400000,-3.1836861111111e-05
DOTUSD,1762110000000,-3.3770751388889e-05
DOTUSD,1762113600000,-3.1524905555556e-05
DOTUSD,1762117200000,-2.5821008333333e-05
DOTUSD,1762120800000,-2.4156054166667e-05
DOTUSD,1762124400000,-2.0007456944444e-05
DOTUSD,1762128000000,-7.602093055556e-06
DOTUSD,1762131600000,-7.593684722222e-06
DOTUSD,1762135200000,-8.419020833333e-06
DOTUSD,1762138800000,-1.4027625e-05
DOTUSD,1762142400000,-3.3175791666667e-05
DOTUSD,1762146000000,-4.4151586111111e-05
DOTUSD,1762149600000,-3.8692708333333e-05
DOTUSD,1762153200000,-4.3627533333333e-05
DOTUSD,1762156800000,-1.1389983333333e-05
DOTUSD,1762160400000,-1.3870652777778e-05
DOTUSD,1762164000000,1.154354166667e-06
DOTUSD,1762167600000,-1.0263325e-05
DOTUSD,1762171200000,-1.3594233333333e-05
DOTUSD,1762174800000,-1.5816080555556e-05
DOTUSD,1762178400000,-1.2058016666667e-05
DOTUSD,1762182000000,-2.2087502777778e-05
DOTUSD,1762185600000,-5.9656691666667e-05
DOTUSD,1762189200000,-5.8072452777778e-05
DOTUSD,1762192800000,-5.5413811111111e-05
DOTUSD,1762196400000,-6.2295777777778e-05
DOTUSD,1762200000000,-6.0400491666667e-05
DOTUSD,1762203600000,-5.1657302777778e-05
DOTUSD,1762207200000,-5.6310216666667e-05
DOTUSD,1762210800000,-6.811605e-05
DOTUSD,1762214400000,-6.6783888888889e-05
DOTUSD,1762218000000,-5.4142220833333e-05
DOTUSD,1762221600000,-3.6020351388889e-05
DOTUSD,1762225200000,-3.6778405555556e-05
DOTUSD,1762228800000,-3.7177754166667e-05
DOTUSD,1762232400000,-3.2755951388889e-05
DOTUSD,1762236000000,-2.9088925e-05
DOTUSD,1762239600000,-1.3612731944444e-05
DOTUSD,1762243200000,-2.7689605555556e-05
DOTUSD,1762246800000,-1.2414001388889e-05
DOTUSD,1762250400000,-5.319634722222e-06
DOTUSD,1762254000000,-8.413614583333e-06
DOTUSD,1762257600000,-1.4268180555556e-05
DOTUSD,1762261200000,-2.5765876388889e-05
DOTUSD,1762264800000,-3.4862925e-05
DOTUSD,1762268400000,-3.4770366666667e-05
DOTUSD,1762272000000,-4.2184006944444e-05
DOTUSD,1762275600000,-3.7106044444444e-05
DOTUSD,1762279200000,-5.0917245833333e-05
DOTUSD,1762282800000,-3.5670798611111e-05
DOTUSD,1762286400000,-4.2783268055556e-05
DOTUSD,1762290000000,-1.5929158333333e-05
DOTUSD,1762293600000,-1.2700851388889e-05
DOTUSD,1762297200000,1.7030243055556e-05
DOTUSD,1762300800000,-6.691876388889e-06
DOTUSD,1762304400000,-1.3344063888889e-05
DOTUSD,1762308000000,-1.0247730555556e-05
DOTUSD,1762311600000,1.1677730555556e-05
DOTUSD,1762315200000,7.158429166667e-06
DOTUSD,1762318800000,1.302838888889e-06
DOTUSD,1762322400000,-3.098370833333e-06
DOTUSD,1762326000000,-1.2707977777778e-05
DOTUSD,1762329600000,-1.3892147222222e-05
DOTUSD,1762333200000,-4.78387125e-05
DOTUSD,1762336800000,-2.7124883333333e-05
DOTUSD,1762340400000,-2.7732284722222e-05
DOTUSD,1762344000000,-1.8560906944444e-05
DOTUSD,1762347600000,-4.0316470833333e-05
DOTUSD,1762351200000,-4.1266454166667e-05
DOTUSD,1762354800000,-4.7831391666667e-05
DOTUSD,1762358400000,-4.3270772222222e-05
DOTUSD,1762362000000,-3.7841979166667e-05
DOTUSD,1762365600000,-1.6342466666667e-05
DOTUSD,1762369200000,-9.167601388889e-06
DOTUSD,1762372800000,-1.7946181944444e-05
DOTUSD,1762376400000,-4.17554e-05
DOTUSD,1762380000000,-4.7752216666667e-05
DOTUSD,1762383600000,-3.9709936111111e-05
DOTUSD,1762387200000,-4.005615e-05
DOTUSD,1762390800000,-3.9724965277778e-05
DOTUSD,1762394400000,-3.3634626388889e-05
DOTUSD,1762398000000,-3.4958688888889e-05
DOTUSD,1762401600000,-2.3336825e-05
DOTUSD,1762405200000,-2.4883431944444e-05
DOTUSD,1762408800000,-2.9744070833333e-05
DOTUSD,1762412400000,-2.4030223611111e-05
DOTUSD,1762416000000,-2.3814251388889e-05
DOTUSD,1762419600000,-2.1586854166667e-05
DOTUSD,1762423200000,-2.9579491666667e-05
DOTUSD,1762426800000,-4.1017833333333e-05
DOTUSD,1762430400000,-4.3654083333333e-05
DOTUSD,1762434000000,-2.3077297222222e-05
DOTUSD,1762437600000,-2.5005368055556e-05
DOTUSD,1762441200000,-0.000110301956944444
DOTUSD,1762444800000,-0.000147568694444444
DOTUSD,1762448400000,-5.4355122222222e-05
DOTUSD,1762452000000,-2.5902779166667e-05
DOTUSD,1762455600000,-1.5060436111111e-05
DOTUSD,1762459200000,-1.7621929166667e-05
DOTUSD,1762462800000,-2.4102465277778e-05
DOTUSD,1762466400000,-2.9108197222222e-05
DOTUSD,1762470000000,-3.6154755555556e-05
DOTUSD,1762473600000,-3.1917316666667e-05
DOTUSD,1762477200000,-5.0024959722222e-05
DOTUSD,1762480800000,-7.8407945833333e-05
DOTUSD,1762484400000,-5.4109086111111e-05
DOTUSD,1762488000000,-6.8102091666667e-05
DOTUSD,1762491600000,-7.9361748611111e-05
DOTUSD,1762495200000,-6.0771501388889e-05
DOTUSD,1762498800000,-6.1252211111111e-05
DOTUSD,1762502400000,-4.0471759722222e-05
DOTUSD,1762506000000,-4.8774301388889e-05
DOTUSD,1762509600000,-5.6699368055556e-05
DOTUSD,1762513200000,-5.2511908333333e-05
DOTUSD,1762516800000,-6.2356794444444e-05
DOTUSD,1762520400000,-6.5037669444444e-05
DOTUSD,1762524000000,-7.5587138888889e-05
DOTUSD,1762527600000,-8.47149875e-05
DOTUSD,1762531200000,-2.0304911111111e-05
DOTUSD,1762534800000,-5.7878355555556e-05
DOTUSD,1762538400000,-4.9735301388889e-05
DOTUSD,1762542000000,-3.5051719444444e-05
DOTUSD,1762545600000,-4.059568055556e-06
DOTUSD,1762549200000,-4.82647222222e-07
DOTUSD,1762552800000,6.398240277778e-06
DOTUSD,1762556400000,-1.1353694444444e-05
DOTUSD,1762560000000,-2.1247477777778e-05
DOTUSD,1762563600000,-5.407215277778e-06
DOTUSD,1762567200000,-1.6782488888889e-05
DOTUSD,1762570800000,-7.2320215277778e-05
DOTUSD,1762574400000,-2.9555144444444e-05
DOTUSD,1762578000000,-3.604945833333e-06
DOTUSD,1762581600000,-1.5822584722222e-05
DOTUSD,1762585200000,-1.4380772222222e-05
DOTUSD,1762588800000,2.1391802777778e-05
DOTUSD,1762592400000,2.460197222222e-06
DOTUSD,1762596000000,-3.873323611111e-06
DOTUSD,1762599600000,1.6992040277778e-05
DOTUSD,1762603200000,1.3064227777778e-05
DOTUSD,1762606800000,-1.2249584722222e-05
DOTUSD,1762610400000,-1.7188775e-05
DOTUSD,1762614000000,1.9080768055556e-05
DOTUSD,1762617600000,1.0166647222222e-05
DOTUSD,1762621200000,7.832329166667e-06
DOTUSD,1762624800000,-1.8591122222222e-05
DOTUSD,1762628400000,-1.7293240591398e-05
DOTUSD,1762632000000,-1.8641188172043e-05
DOTUSD,1762635600000,-5.111868055556e-06
DOTUSD,1762639200000,-1.98212375e-05
DOTUSD,1762642800000,-3.1270851388889e-05
DOTUSD,1762646400000,-3.6775686111111e-05
DOTUSD,1762650000000,-3.7798236111111e-05
DOTUSD,1762653600000,-3.0486668055556e-05
DOTUSD,1762657200000,-2.9799209722222e-05
DOTUSD,1762660800000,-1.1800054166667e-05
DOTUSD,1762664400000,1.297715277778e-06
DOTUSD,1762668000000,-6.651e-06
DOTUSD,1762671600000,-2.5267077777778e-05
DOTUSD,1762675200000,-1.6120638888889e-05
DOTUSD,1762678800000,-1.4669209722222e-05
DOTUSD,1762682400000,-2.2101198611111e-05
DOTUSD,1762686000000,-1.1356309722222e-05
DOTUSD,1762689600000,-1.5627366666667e-05
DOTUSD,1762693200000,-1.7274041666667e-05
DOTUSD,1762696800000,-2.3577865277778e-05
DOTUSD,1762700400000,-3.8974358333333e-05
DOTUSD,1762704000000,-1.2423201388889e-05
DOTUSD,1762707600000,-5.858059722222e-06
DOTUSD,1762711200000,-5.684444444444e-06
DOTUSD,1762714800000,-8.216826388889e-06
DOTUSD,1762718400000,-2.0317090277778e-05
DOTUSD,1762722000000,3.641026388889e-06
DOTUSD,1762725600000,-1.4712791666667e-05
DOTUSD,1762729200000,-2.1687952777778e-05
DOTUSD,1762732800000,-3.0421897222222e-05
DOTUSD,1762736400000,-4.56974375e-05
DOTUSD,1762740000000,-3.9772573611111e-05
DOTUSD,1762743600000,-2.3554866666667e-05
DOTUSD,1762747200000,-2.0933402777778e-05
DOTUSD,1762750800000,-3.3978748611111e-05
DOTUSD,1762754400000,-1.5417133333333e-05
DOTUSD,1762758000000,-3.6054041666667e-05
DOTUSD,1762761600000,-3.6378018055556e-05
DOTUSD,1762765200000,-2.5982806944444e-05
DOTUSD,1762768800000,-1.9527626388889e-05
DOTUSD,1762772400000,-2.4074545833333e-05
DOTUSD,1762776000000,-1.2922520833333e-05
DOTUSD,1762779600000,-2.1750918055556e-05
DOTUSD,1762783200000,-2.72286375e-05
DOTUSD,1762786800000,-1.2137513888889e-05
DOTUSD,1762790400000,5.77435e-06
DOTUSD,1762794000000,1.912493055556e-06
DOTUSD,1762797600000,-1.7738691666667e-05
DOTUSD,1762801200000,-1.4277865277778e-05
DOTUSD,1762804800000,-1.29747625e-05
DOTUSD,1762808400000,-1.7601193055556e-05
DOTUSD,1762812000000,-1.3173280555556e-05
DOTUSD,1762815600000,-1.0925872222222e-05
DOTUSD,1762819200000,-1.2916681944444e-05
DOTUSD,1762822800000,-3.982973611111e-06
DOTUSD,1762826400000,-2.6756555555556e-05
DOTUSD,1762830000000,-2.5177818055556e-05
DOTUSD,1762833600000,-1.7403283333333e-05
DOTUSD,1762837200000,-1.6648511111111e-05
DOTUSD,1762840800000,-1.5034972222222e-05
DOTUSD,1762844400000,-9.650690277778e-06
DOTUSD,1762848000000,-9.010781944444e-06
DOTUSD,1762851600000,-5.565433333333e-06
DOTUSD,1762855200000,-2.095702777778e-06
DOTUSD,1762858800000,2.128518055556e-06
DOTUSD,1762862400000,5.487191666667e-06
DOTUSD,1762866000000,-9.506305555556e-06
DOTUSD,1762869600000,-1.3587673611111e-05
DOTUSD,1762873200000,-2.906959722222e-06
DOTUSD,1762876800000,4.022659722222e-06
DOTUSD,1762880400000,5.41883333333e-07
DOTUSD,1762884000000,-1.3416416666667e-05
DOTUSD,1762887600000,-1.5159877777778e-05
DOTUSD,1762891200000,-1.3564144444444e-05
DOTUSD,1762894800000,1.045434722222e-06
DOTUSD,1762898400000,-8.423116666667e-06
DOTUSD,1762902000000,1.0433968055556e-05
DOTUSD,1762905600000,7.942254032258e-06
DOTUSD,1762909200000,1.5830208333333e-05
DOTUSD,1762912800000,1.3660036111111e-05
DOTUSD,1762916400000,5.333731944444e-06
DOTUSD,1762920000000,4.026813888889e-06
DOTUSD,1762923600000,-4.448379166667e-06
DOTUSD,1762927200000,-8.649068055556e-06
DOTUSD,1762930800000,-1.3397552777778e-05
DOTUSD,1762934400000,-1.3162804166667e-05
DOTUSD,1762938000000,9.701863888889e-06
DOTUSD,1762941600000,4.193916666667e-06
DOTUSD,1762945200000,4.656441666667e-06
DOTUSD,1762948800000,1.196119444444e-06
DOTUSD,1762952400000,-4.630520833333e-06
DOTUSD,1762956000000,-2.317856944444e-06
DOTUSD,1762959600000,-1.2131351388889e-05
DOTUSD,1762963200000,-5.768366666667e-06
DOTUSD,1762966800000,-9.642176388889e-06
DOTUSD,1762970400000,-1.7052158333333e-05
DOTUSD,1762974000000,-2.6854543055556e-05
DOTUSD,1762977600000,-1.9943531944444e-05
DOTUSD,1762981200000,-2.4544236111111e-05
DOTUSD,1762984800000,-2.1061480555556e-05
DOTUSD,1762988400000,-2.4266947222222e-05
DOTUSD,1762992000000,-2.1965679166667e-05
DOTUSD,1762995600000,-2.6742719444444e-05
DOTUSD,1762999200000,-1.9391222222222e-05
DOTUSD,1763002800000,-1.82760875e-05
DOTUSD,1763006400000,-5.079980555556e-06
DOTUSD,1763010000000,-1.4874120833333e-05
DOTUSD,1763013600000,-1.1880380555556e-05
DOTUSD,1763017200000,-1.0806005555556e-05
DOTUSD,1763020800000,2.001105555556e-06
DOTUSD,1763024400000,-6.849600308642e-06
DOTUSD,1763028000000,-5.807516666667e-06
DOTUSD,1763031600000,-1.6529206944444e-05
DOTUSD,1763035200000,-5.082876388889e-06
DOTUSD,1763038800000,1.6859120833333e-05
DOTUSD,1763042400000,4.972826388889e-06
DOTUSD,1763046000000,7.7455375e-06
DOTUSD,1763049600000,-7.885122222222e-06
DOTUSD,1763053200000,5.2582875e-06
DOTUSD,1763056800000,7.350284722222e-06
DOTUSD,1763060400000,-9.822183333333e-06
DOTUSD,1763064000000,-1.7737393055556e-05
DOTUSD,1763067600000,-4.0608183333333e-05
DOTUSD,1763071200000,-3.5163193055556e-05
DOTUSD,1763074800000,-3.2636248611111e-05
DOTUSD,1763078400000,-2.2845508333333e-05
DOTUSD,1763082000000,-2.6863484722222e-05
DOTUSD,1763085600000,-1.8850816666667e-05
DOTUSD,1763089200000,-3.1705152777778e-05
DOTUSD,1763092800000,-3.6982544444444e-05
DOTUSD,1763096400000,-1.9444520833333e-05
DOTUSD,1763100000000,-1.7722563888889e-05
DOTUSD,1763103600000,-2.9058351388889e-05
DOTUSD,1763107200000,-3.676629166667e-06
DOTUSD,1763110800000,-5.511675e-06
DOTUSD,1763114400000,-1.1174225e-05
DOTUSD,1763118000000,-2.5596019444444e-05
DOTUSD,1763121600000,-2.5104120833333e-05
DOTUSD,1763125200000,3.589169444444e-06
DOTUSD,1763128800000,8.2990875e-06
DOTUSD,1763132400000,2.3077625e-06
DOTUSD,1763136000000,3.095543055556e-06
DOTUSD,1763139600000,6.210026388889e-06
DOTUSD,1763143200000,-2.05181944444e-07
DOTUSD,1763146800000,9.286198611111e-06
DOTUSD,1763150400000,6.496552777778e-06
DOTUSD,1763154000000,1.744141666667e-06
DOTUSD,1763157600000,-2.252325e-06
DOTUSD,1763161200000,-1.0781870833333e-05
DOTUSD,1763164800000,-9.198013888889e-06
DOTUSD,1763168400000,-6.357898611111e-06
DOTUSD,1763172000000,-1.8931075e-05
DOTUSD,1763175600000,3.84313888889e-07
DOTUSD,1763179200000,8.651640277778e-06
DOTUSD,1763182800000,8.085226388889e-06
DOTUSD,1763186400000,1.6068686111111e-05
DOTUSD,1763190000000,3.871145833333e-06
DOTUSD,1763193600000,-1.7788461111111e-05
DOTUSD,1763197200000,-1.6600234722222e-05
DOTUSD,1763200800000,-8.204133333333e-06
DOTUSD,1763204400000,-1.3350097222222e-05
DOTUSD,1763208000000,-1.0314877777778e-05
DOTUSD,1763211600000,3.888252777778e-06
DOTUSD,1763215200000,-1.0137394444444e-05
DOTUSD,1763218800000,-1.74734e-05
DOTUSD,1763222400000,-1.14117e-05
DOTUSD,1763226000000,-2.0956861111111e-05
DOTUSD,1763229600000,-1.7193919444444e-05
DOTUSD,1763233200000,-1.0807554166667e-05
DOTUSD,1763236800000,-7.199256944444e-06
DOTUSD,1763240400000,-1.0365188888889e-05
DOTUSD,1763244000000,1.41915277778e-07
DOTUSD,1763247600000,-4.36519444444e-07
DOTUSD,1763251200000,-8.269659722222e-06
DOTUSD,1763254800000,6.926916666667e-06
DOTUSD,1763258400000,8.358777777778e-06
DOTUSD,1763262000000,1.0502193055556e-05
DOTUSD,1763265600000,-6.530186111111e-06
DOTUSD,1763269200000,-2.211561111111e-06
DOTUSD,1763272800000,1.212831944444e-06
DOTUSD,1763276400000,5.69644444444e-07
DOTUSD,1763280000000,7.180156944444e-06
DOTUSD,1763283600000,-1.727579166667e-06
DOTUSD,1763287200000,6.231663888889e-06
DOTUSD,1763290800000,7.297597222222e-06
DOTUSD,1763294400000,-1.1094872222222e-05
DOTUSD,1763298000000,-8.769990277778e-06
DOTUSD,1763301600000,3.178808333333e-06
DOTUSD,1763305200000,1.1123881944444e-05
DOTUSD,1763308800000,4.308488888889e-06
DOTUSD,1763312400000,8.349820833333e-06
DOTUSD,1763316000000,1.3719180555556e-05
DOTUSD,1763319600000,2.7798254166667e-05
DOTUSD,1763323200000,2.5716395833333e-05
DOTUSD,1763326800000,1.9190954166667e-05
DOTUSD,1763330400000,1.3941481944444e-05
DOTUSD,1763334000000,2.4418227777778e-05
DOTUSD,1763337600000,2.6896068055556e-05
DOTUSD,1763341200000,2.6996308333333e-05
DOTUSD,1763344800000,1.1807015277778e-05
DOTUSD,1763348400000,1.9703136111111e-05
DOTUSD,1763352000000,1.3514311111111e-05
DOTUSD,1763355600000,1.5842769444444e-05
DOTUSD,1763359200000,1.4540769444444e-05
DOTUSD,1763362800000,1.2409227777778e-05
DOTUSD,1763366400000,2.384794444444e-06
DOTUSD,1763370000000,3.74116666667e-07
DOTUSD,1763373600000,6.4352125e-06
DOTUSD,1763377200000,7.402413888889e-06
DOTUSD,1763380800000,1.4797788888889e-05
DOTUSD,1763384400000,7.208506944444e-06
DOTUSD,1763388000000,-5.8366e-06
DOTUSD,1763391600000,2.5213875e-06
DOTUSD,1763395200000,1.815365277778e-06
DOTUSD,1763398800000,-3.565097222222e-06
DOTUSD,1763402400000,-1.4153197222222e-05
DOTUSD,1763406000000,-7.788351388889e-06
DOTUSD,1763409600000,-3.927129166667e-06
DOTUSD,1763413200000,2.18394375e-05
DOTUSD,1763416800000,1.772013888889e-06
DOTUSD,1763420400000,3.399581944444e-06
DOTUSD,1763424000000,1.084595e-05
DOTUSD,1763427600000,6.111590277778e-06
DOTUSD,1763431200000,8.875277777778e-06
DOTUSD,1763434800000,1.0336991666667e-05
DOTUSD,1763438400000,9.287491666667e-06
DOTUSD,1763442000000,7.466830555556e-06
DOTUSD,1763445600000,1.6431869444444e-05
DOTUSD,1763449200000,1.2557006944444e-05
DOTUSD,1763452800000,8.743931944444e-06
DOTUSD,1763456400000,3.848390277778e-06
DOTUSD,1763460000000,1.888895e-05
DOTUSD,1763463600000,2.5561272222222e-05
DOTUSD,1763467200000,2.3925218055556e-05
DOTUSD,1763470800000,2.2445055555556e-05
DOTUSD,1763474400000,3.0248823611111e-05
DOTUSD,1763478000000,2.1682454166667e-05
DOTUSD,1763481600000,1.8159909722222e-05
DOTUSD,1763485200000,4.049813888889e-06
DOTUSD,1763488800000,-1.519205555556e-06
DOTUSD,1763492400000,7.94405e-06
DOTUSD,1763496000000,1.3016402777778e-05
DOTUSD,1763499600000,9.454334722222e-06
DOTUSD,1763503200000,9.386733333333e-06
DOTUSD,1763506800000,1.9655618055556e-05
DOTUSD,1763510400000,1.71720125e-05
DOTUSD,1763514000000,1.3996159722222e-05
DOTUSD,1763517600000,1.64475e-05
DOTUSD,1763521200000,2.1675708333333e-05
DOTUSD,1763524800000,1.1896803571429e-05
DOTUSD,1763532000000,-8.756552083333e-06
DOTUSD,1763535600000,8.60540277778e-07
DOTUSD,1763539200000,-3.93386111111e-07
DOTUSD,1763542800000,2.92586111111e-07
DOTUSD,1763546400000,7.80725e-07
DOTUSD,1763550000000,1.913288888889e-06
DOTUSD,1763553600000,8.867018055556e-06
DOTUSD,1763557200000,-1.5284125e-06
DOTUSD,1763560800000,-1.3724969444444e-05
DOTUSD,1763564400000,6.742845833333e-06
DOTUSD,1763568000000,5.853134722222e-06
DOTUSD,1763571600000,1.0169552777778e-05
DOTUSD,1763575200000,-5.615030555556e-06
DOTUSD,1763578800000,5.03852777778e-07
DOTUSD,1763582400000,1.0810563888889e-05
DOTUSD,1763586000000,2.3940961111111e-05
DOTUSD,1763589600000,1.6286070833333e-05
DOTUSD,1763593200000,2.0578434139785e-05
DOTUSD,1763596800000,3.2907021505376e-05
DOTUSD,1763600400000,2.0028561111111e-05
DOTUSD,1763604000000,1.7551948611111e-05
DOTUSD,1763607600000,1.64443375e-05
DOTUSD,1763611200000,2.1868031944444e-05
DOTUSD,1763614800000,1.2355886111111e-05
DOTUSD,1763618400000,8.995080645161e-06
DOTUSD,1763622000000,2.0440022849462e-05
DOTUSD,1763625600000,3.0019129166667e-05
DOTUSD,1763629200000,1.3867729166667e-05
DOTUSD,1763632800000,1.3540377777778e-05
DOTUSD,1763636400000,1.1221515277778e-05
DOTUSD,1763640000000,7.336768055556e-06
DOTUSD,1763643600000,1.1560368055556e-05
DOTUSD,1763647200000,-8.338127777778e-06
DOTUSD,1763650800000,-6.4215277778e-08
DOTUSD,1763654400000,1.0638420833333e-05
DOTUSD,1763658000000,-1.582281944444e-06
DOTUSD,1763661600000,1.0806201388889e-05
DOTUSD,1763665200000,-3.177648611111e-06
DOTUSD,1763668800000,9.342238888889e-06
DOTUSD,1763672400000,1.8704009722222e-05
DOTUSD,1763676000000,2.811561111111e-06
DOTUSD,1763679600000,3.752136111111e-06
DOTUSD,1763683200000,1.1567827777778e-05
DOTUSD,1763686800000,1.0189955555556e-05
DOTUSD,1763690400000,8.006558333333e-06
DOTUSD,1763694000000,4.329701612903e-06
DOTUSD,1763697600000,2.3274408602151e-05
DOTUSD,1763701200000,1.8161227777778e-05
DOTUSD,1763704800000,1.1814056944444e-05
DOTUSD,1763708400000,6.486879166667e-06
DOTUSD,1763712000000,-2.0435631944444e-05
DOTUSD,1763715600000,-2.3327255555556e-05
DOTUSD,1763719200000,-1.1920094444444e-05
DOTUSD,1763722800000,-4.505459722222e-06
DOTUSD,1763726400000,-1.4231772222222e-05
DOTUSD,1763730000000,-1.3871861111111e-05
DOTUSD,1763733600000,-2.6216865277778e-05
DOTUSD,1763737200000,-3.4966726388889e-05
DOTUSD,1763740800000,-2.1304736111111e-05
DOTUSD,1763744400000,-1.6865016666667e-05
DOTUSD,1763748000000,-3.8256908333333e-05
DOTUSD,1763751600000,-3.0539652777778e-05
DOTUSD,1763755200000,-3.0773911111111e-05
DOTUSD,1763758800000,-3.5536283333333e-05
DOTUSD,1763762400000,-3.9068969444444e-05
DOTUSD,1763766000000,-4.7917330555556e-05
DOTUSD,1763769600000,-4.2444230555556e-05
DOTUSD,1763773200000,-2.7973327777778e-05
DOTUSD,1763776800000,-2.4122051388889e-05
DOTUSD,1763780400000,-2.9960809722222e-05
DOTUSD,1763784000000,-1.6416152777778e-05
DOTUSD,1763787600000,-1.1020566666667e-05
DOTUSD,1763791200000,-1.5661081989247e-05
DOTUSD,1763794800000,-7.195165322581e-06
DOTUSD,1763798400000,-1.1670308333333e-05
DOTUSD,1763802000000,-1.4258998611111e-05
DOTUSD,1763805600000,-1.3043131944444e-05
DOTUSD,1763809200000,-1.6317906944444e-05
DOTUSD,1763812800000,-1.4196290277778e-05
DOTUSD,1763816400000,-2.0127136111111e-05
DOTUSD,1763820000000,-2.8629122222222e-05
DOTUSD,1763823600000,-2.9231918055556e-05
DOTUSD,1763827200000,-3.4742452777778e-05
DOTUSD,1763830800000,-3.6770513888889e-05
DOTUSD,1763834400000,-3.8531759722222e-05
DOTUSD,1763838000000,-3.0069225e-05
DOTUSD,1763841600000,-3.6668111111111e-05
DOTUSD,1763845200000,-3.9263343055556e-05
DOTUSD,1763848800000,-3.5343719444444e-05
DOTUSD,1763852400000,-2.9478184722222e-05
DOTUSD,1763856000000,-3.9701820833333e-05
DOTUSD,1763859600000,-3.898245e-05
DOTUSD,1763863200000,-2.8366066666667e-05
DOTUSD,1763866800000,-4.4360025e-05
DOTUSD,1763870400000,-3.2777479166667e-05
DOTUSD,1763874000000,-3.6934052777778e-05
DOTUSD,1763877600000,-3.0487655555556e-05
DOTUSD,1763881200000,-2.5529118055556e-05
DOTUSD,1763884800000,-2.29368375e-05
DOTUSD,1763888400000,-1.1858426388889e-05
DOTUSD,1763892000000,-1.5338193055556e-05
DOTUSD,1763895600000,-2.0704770833333e-05
DOTUSD,1763899200000,-9.05611111111e-07
DOTUSD,1763902800000,-3.118451388889e-06
DOTUSD,1763906400000,-7.947880555556e-06
DOTUSD,1763910000000,-7.32545e-06
DOTUSD,1763913600000,2.569218055556e-06
DOTUSD,1763917200000,5.536025e-06
DOTUSD,1763920800000,-1.941063888889e-06
DOTUSD,1763924400000,-3.021459722222e-06
DOTUSD,1763928000000,-1.167665e-05
DOTUSD,1763931600000,-2.3566859722222e-05
DOTUSD,1763935200000,-1.8729801388889e-05
DOTUSD,1763938800000,-1.6977544444444e-05
DOTUSD,1763942400000,-1.6026845833333e-05
DOTUSD,1763946000000,-1.8672102777778e-05
DOTUSD,1763949600000,-2.2211801388889e-05
DOTUSD,1763953200000,-1.9583556944444e-05
DOTUSD,1763956800000,-1.3991381944444e-05
DOTUSD,1763960400000,-7.024741666667e-06
DOTUSD,1763964000000,-6.878770833333e-06
DOTUSD,1763967600000,-8.942058333333e-06
DOTUSD,1763971200000,-1.3308404166667e-05
DOTUSD,1763974800000,-1.5422652777778e-05
DOTUSD,1763978400000,-3.0956830555556e-05
DOTUSD,1763982000000,-2.6084948611111e-05
DOTUSD,1763985600000,-1.9054760752688e-05
DOTUSD,1763989200000,-2.582615188172e-05
DOTUSD,1763992800000,-2.5015144444444e-05
DOTUSD,1763996400000,-2.3026172222222e-05
DOTUSD,1764000000000,-1.7264547222222e-05
DOTUSD,1764003600000,-2.6445756944444e-05
DOTUSD,1764007200000,-8.930511111111e-06
DOTUSD,1764010800000,-3.1733065277778e-05
DOTUSD,1764014400000,-3.1202286111111e-05
DOTUSD,1764018000000,-3.6099911111111e-05
DOTUSD,1764021600000,-3.7103690277778e-05
DOTUSD,1764025200000,-3.0306729166667e-05
DOTUSD,1764028800000,-1.4600231944444e-05
DOTUSD,1764032400000,-1.2309979166667e-05
DOTUSD,1764036000000,-1.9574533333333e-05
DOTUSD,1764039600000,-1.9013025e-05
DOTUSD,1764043200000,-2.0795926388889e-05
DOTUSD,1764046800000,-2.2263451388889e-05
DOTUSD,1764050400000,-3.1359958333333e-05
DOTUSD,1764054000000,-3.2121375e-05
DOTUSD,1764057600000,-3.5979194444444e-05
DOTUSD,1764061200000,-1.9890106944444e-05
DOTUSD,1764064800000,-2.2523301388889e-05
DOTUSD,1764068400000,-7.314819444444e-06
DOTUSD,1764072000000,-1.9098211111111e-05
DOTUSD,1764075600000,-2.2869134722222e-05
DOTUSD,1764079200000,-1.8862220833333e-05
DOTUSD,1764082800000,-1.2356180555556e-05
DOTUSD,1764086400000,-1.7596522222222e-05
DOTUSD,1764090000000,-1.9514626388889e-05
DOTUSD,1764093600000,-2.1604559722222e-05
DOTUSD,1764097200000,-2.5627e-05
DOTUSD,1764100800000,-1.1963941666667e-05
DOTUSD,1764104400000,-8.666338888889e-06
DOTUSD,1764108000000,-2.2791191666667e-05
DOTUSD,1764111600000,-2.6068225806452e-05
DOTUSD,1764115200000,-2.5379444892473e-05
DOTUSD,1764118800000,-1.6705591666667e-05
DOTUSD,1764122400000,-1.10277125e-05
DOTUSD,1764126000000,-1.9971720833333e-05
DOTUSD,1764129600000,-2.0511925e-05
DOTUSD,1764133200000,-2.1569044444444e-05
DOTUSD,1764136800000,-1.3840640277778e-05
DOTUSD,1764140400000,-1.3360179166667e-05
DOTUSD,1764144000000,-2.2697041666667e-05
DOTUSD,1764147600000,-3.9659923611111e-05
DOTUSD,1764151200000,-2.6471777777778e-05
DOTUSD,1764154800000,-1.3179401388889e-05
DOTUSD,1764158400000,-3.2297473611111e-05
DOTUSD,1764162000000,-3.6998873611111e-05
DOTUSD,1764165600000,-2.5619731944444e-05
DOTUSD,1764169200000,-2.6245648611111e-05
DOTUSD,1764172800000,-2.6810059722222e-05
DOTUSD,1764176400000,-2.0826438172043e-05
DOTUSD,1764180000000,-2.5107233870968e-05
DOTUSD,1764183600000,-8.574548611111e-06
DOTUSD,1764187200000,-6.377459722222e-06
DOTUSD,1764190800000,-2.834745833333e-06
DOTUSD,1764194400000,-3.368741666667e-06
DOTUSD,1764198000000,-5.851534722222e-06
DOTUSD,1764201600000,-3.787720833333e-06
DOTUSD,1764205200000,-1.6295877777778e-05
DOTUSD,1764208800000,-1.5116213888889e-05
DOTUSD,1764212400000,-1.0331413888889e-05
DOTUSD,1764216000000,-2.2836981182796e-05
DOTUSD,1764219600000,-2.8126969086022e-05
DOTUSD,1764223200000,-2.9559983333333e-05
DOTUSD,1764226800000,-2.5791451388889e-05
DOTUSD,1764230400000,-2.5693730555556e-05
DOTUSD,1764234000000,-2.0468628472222e-05
DOTUSD,1764237600000,-3.0784772222222e-05
DOTUSD,1764241200000,-3.0533372222222e-05
DOTUSD,1764244800000,-3.7830298611111e-05
DOTUSD,1764248400000,-3.3537059294872e-05
DOTUSD,1764252000000,-2.4290966666667e-05
DOTUSD,1764255600000,-3.6798008333333e-05
DOTUSD,1764259200000,-3.2540969444444e-05
DOTUSD,1764262800000,-1.7030931944444e-05
DOTUSD,1764266400000,-2.3595859722222e-05
DOTUSD,1764270000000,-2.2539545833333e-05
DOTUSD,1764273600000,-2.4065798611111e-05
DOTUSD,1764277200000,-2.7118075e-05
DOTUSD,1764280800000,-3.5623775e-05
DOTUSD,1764284400000,-3.8958976388889e-05
DOTUSD,1764288000000,-2.1293244444444e-05
DOTUSD,1764291600000,-1.6873647222222e-05
DOTUSD,1764295200000,-3.3684233333333e-05
DOTUSD,1764298800000,-3.3744061111111e-05
DOTUSD,1764302400000,-2.8955479166667e-05
DOTUSD,1764306000000,-1.6221438888889e-05
DOTUSD,1764309600000,-1.40925e-05
DOTUSD,1764313200000,-1.5519865277778e-05
DOTUSD,1764316800000,-1.40459375e-05
DOTUSD,1764320400000,-2.590525e-06
DOTUSD,1764324000000,-6.35656944444e-07
DOTUSD,1764327600000,-2.96766666667e-07
DOTUSD,1764331200000,-7.225215277778e-06
DOTUSD,1764334800000,-1.041005e-05
DOTUSD,1764338400000,-1.9006797222222e-05
DOTUSD,1764342000000,-1.4271918055556e-05
DOTUSD,1764345600000,-3.872133333333e-06
DOTUSD,1764349200000,-1.0427968055556e-05
DOTUSD,1764352800000,-1.7353327777778e-05
DOTUSD,1764356400000,-2.1143797222222e-05
DOTUSD,1764360000000,-2.1210801388889e-05
DOTUSD,1764363600000,-2.7293581944444e-05
DOTUSD,1764367200000,-2.6389402777778e-05
DOTUSD,1764370800000,-2.9323898611111e-05
DOTUSD,1764374400000,-1.4583611111111e-05
DOTUSD,1764378000000,-1.9575677777778e-05
DOTUSD,1764381600000,-2.21069125e-05
DOTUSD,1764385200000,-1.91405875e-05
DOTUSD,1764388800000,-1.9881879166667e-05
DOTUSD,1764392400000,-1.8179491666667e-05
DOTUSD,1764396000000,-1.3327623611111e-05
DOTUSD,1764399600000,-1.1221022222222e-05
DOTUSD,1764403200000,-2.3085976388889e-05
DOTUSD,1764406800000,-2.1098131944444e-05
DOTUSD,1764410400000,-2.1022131944444e-05
DOTUSD,1764414000000,-1.8181736111111e-05
DOTUSD,1764417600000,-1.98849875e-05
DOTUSD,1764421200000,-2.5434541666667e-05
DOTUSD,1764424800000,-2.2318965277778e-05
DOTUSD,1764428400000,-3.7678488888889e-05
DOTUSD,1764432000000,-2.5785698611111e-05
DOTUSD,1764435600000,-2.4693518055556e-05
DOTUSD,1764439200000,-2.7393886111111e-05
DOTUSD,1764442800000,-2.3242018055556e-05
DOTUSD,1764446400000,-1.5788351388889e-05
DOTUSD,1764450000000,-1.4062113888889e-05
DOTUSD,1764453600000,-8.058922222222e-06
DOTUSD,1764457200000,-1.17651375e-05
DOTUSD,1764460800000,-8.159876388889e-06
DOTUSD,1764464400000,-3.793608333333e-06
DOTUSD,1764468000000,-1.615816666667e-06
DOTUSD,1764471600000,-3.4974375e-06
DOTUSD,1764475200000,-2.1164448611111e-05
DOTUSD,1764478800000,-2.1067927777778e-05
DOTUSD,1764482400000,-1.9254358333333e-05
DOTUSD,1764486000000,-2.4359154166667e-05
DOTUSD,1764489600000,-2.5733736111111e-05
DOTUSD,1764493200000,-2.4542676388889e-05
DOTUSD,1764496800000,-2.8296069444444e-05
DOTUSD,1764500400000,-2.3910618055556e-05
DOTUSD,1764504000000,-2.8340111111111e-05
DOTUSD,1764507600000,-2.4882788888889e-05
DOTUSD,1764511200000,-2.7953938888889e-05
DOTUSD,1764514800000,-4.2926466666667e-05
DOTUSD,1764518400000,-5.0637401388889e-05
DOTUSD,1764522000000,-3.6258523611111e-05
DOTUSD,1764525600000,-4.1372366666667e-05
DOTUSD,1764529200000,-2.5424394444444e-05
DOTUSD,1764532800000,-2.2616665277778e-05
DOTUSD,1764536400000,-2.16325625e-05
DOTUSD,1764540000000,-1.9827854166667e-05
DOTUSD,1764543600000,-2.7044211111111e-05
DOTUSD,1764547200000,-3.6582109722222e-05
DOTUSD,1764550800000,-5.4103091666667e-05
DOTUSD,1764554400000,-6.2234716666667e-05
DOTUSD,1764558000000,-6.4331997222222e-05
DOTUSD,1764561600000,-5.9308505555556e-05
DOTUSD,1764565200000,-5.0469427777778e-05
DOTUSD,1764568800000,-3.1757590277778e-05
DOTUSD,1764572400000,-3.042525e-05
DOTUSD,1764576000000,-1.9026879166667e-05
DOTUSD,1764579600000,-3.4800238888889e-05
DOTUSD,1764583200000,-4.6311401388889e-05
DOTUSD,1764586800000,-5.3086661111111e-05
DOTUSD,1764590400000,-5.1709709722222e-05
DOTUSD,1764594000000,-4.2424036111111e-05
DOTUSD,1764597600000,-3.0329754166667e-05
DOTUSD,1764601200000,-3.3715979166667e-05
DOTUSD,1764604800000,-3.2638552777778e-05
DOTUSD,1764608400000,-3.0436595833333e-05
DOTUSD,1764612000000,-3.0661793055556e-05
DOTUSD,1764615600000,-3.6720495833333e-05
DOTUSD,1764619200000,-4.3992056944444e-05
DOTUSD,1764622800000,-5.6037852777778e-05
DOTUSD,1764626400000,-5.9238263888889e-05
DOTUSD,1764630000000,-6.8010705555556e-05
DOTUSD,1764633600000,-6.4452548611111e-05
DOTUSD,1764637200000,-5.1655419444444e-05
DOTUSD,1764640800000,-3.6658634722222e-05
DOTUSD,1764644400000,-2.4764693055556e-05
DOTUSD,1764648000000,-3.4461869444444e-05
DOTUSD,1764651600000,-4.6353588888889e-05
DOTUSD,1764655200000,-3.76541125e-05
DOTUSD,1764658800000,-3.5347095833333e-05
DOTUSD,1764662400000,-3.1374711111111e-05
DOTUSD,1764666000000,-2.5730088888889e-05
DOTUSD,1764669600000,-2.7679672222222e-05
DOTUSD,1764673200000,-2.6686995833333e-05
DOTUSD,1764676800000,-2.3343445833333e-05
DOTUSD,1764680400000,-3.9564968055556e-05
DOTUSD,1764684000000,-4.5696230555556e-05
DOTUSD,1764687600000,-4.6155855555556e-05
DOTUSD,1764691200000,-1.8367411111111e-05
DOTUSD,1764694800000,1.548536111111e-06
DOTUSD,1764698400000,-9.442656944444e-06
DOTUSD,1764702000000,-1.0280791666667e-05
DOTUSD,1764705600000,-5.055930555556e-06
DOTUSD,1764709200000,-9.533518055556e-06
DOTUSD,1764712800000,-2.67238625e-05
DOTUSD,1764716400000,-1.8324291666667e-05
DOTUSD,1764720000000,-1.7434518055556e-05
DOTUSD,1764723600000,-9.950561111111e-06
DOTUSD,1764727200000,-1.9452956944444e-05
DOTUSD,1764730800000,-1.4552179166667e-05
DOTUSD,1764734400000,-1.1911619444444e-05
DOTUSD,1764738000000,-1.3831016666667e-05
DOTUSD,1764741600000,-2.7605252777778e-05
DOTUSD,1764745200000,-2.5500494444444e-05
DOTUSD,1764748800000,-1.6379847222222e-05
DOTUSD,1764752400000,-1.4826444444444e-05
DOTUSD,1764756000000,-1.3401181944444e-05
DOTUSD,1764759600000,-1.6806066666667e-05
DOTUSD,1764763200000,-6.841776388889e-06
DOTUSD,1764766800000,-9.0231e-06
DOTUSD,1764770400000,-2.1312554166667e-05
DOTUSD,1764774000000,-3.1222090277778e-05
DOTUSD,1764777600000,-3.0735293055556e-05
DOTUSD,1764781200000,-2.6357613888889e-05
DOTUSD,1764784800000,-2.8221715277778e-05
DOTUSD,1764788400000,-3.1255181944444e-05
DOTUSD,1764792000000,-2.4571251388889e-05
DOTUSD,1764795600000,-2.0474797222222e-05
DOTUSD,1764799200000,-3.4169133333333e-05
DOTUSD,1764802800000,-2.0259040277778e-05
DOTUSD,1764806400000,-1.3044798611111e-05
DOTUSD,1764810000000,-1.2037455555556e-05
DOTUSD,1764813600000,-2.8675480555556e-05
DOTUSD,1764817200000,-2.6036013888889e-05
DOTUSD,1764820800000,-2.8746434722222e-05
DOTUSD,1764824400000,-2.0745277777778e-05
DOTUSD,1764828000000,-1.8610358333333e-05
DOTUSD,1764831600000,-1.7578811111111e-05
DOTUSD,1764835200000,-4.150079166667e-06
DOTUSD,1764842400000,-1.4471907986111e-05
DOTUSD,1764846000000,-1.9311563888889e-05
DOTUSD,1764849600000,-1.7849056944444e-05
DOTUSD,1764853200000,-1.2286716666667e-05
DOTUSD,1764856800000,-3.4587351388889e-05
DOTUSD,1764860400000,-4.0134431944444e-05
DOTUSD,1764864000000,-2.3185061111111e-05
DOTUSD,1764867600000,-2.2666022222222e-05
DOTUSD,1764871200000,-1.5175161111111e-05
DOTUSD,1764874800000,-4.743027777778e-06
DOTUSD,1764878400000,-1.2176754166667e-05
DOTUSD,1764882000000,-1.4147073611111e-05
DOTUSD,1764885600000,-2.3977997222222e-05
DOTUSD,1764889200000,-1.5867861111111e-05
DOTUSD,1764892800000,-1.1317222222222e-05
DOTUSD,1764896400000,-6.758159722222e-06
DOTUSD,1764900000000,-1.0463563888889e-05
DOTUSD,1764903600000,-1.21816e-05
DOTUSD,1764907200000,-1.3817798611111e-05
DOTUSD,1764910800000,-1.8726236111111e-05
DOTUSD,1764914400000,-2.7065491666667e-05
DOTUSD,1764918000000,-1.9098159722222e-05
DOTUSD,1764921600000,-1.8479338888889e-05
DOTUSD,1764925200000,-1.3271508333333e-05
DOTUSD,1764928800000,-1.4295019444444e-05
DOTUSD,1764932400000,-2.512573611111e-06
DOTUSD,1764936000000,-1.0755993055556e-05
DOTUSD,1764939600000,-1.6626991666667e-05
DOTUSD,1764943200000,-2.0007573611111e-05
DOTUSD,1764946800000,-2.3438015277778e-05
DOTUSD,1764950400000,-4.8312677777778e-05
DOTUSD,1764954000000,-2.9610738888889e-05
DOTUSD,1764957600000,-2.2198354166667e-05
DOTUSD,1764961200000,-4.4933473611111e-05
DOTUSD,1764964800000,-3.5497405555556e-05
DOTUSD,1764968400000,-4.0367345833333e-05
DOTUSD,1764972000000,-3.5801327777778e-05
DOTUSD,1764975600000,-3.2806955555556e-05
DOTUSD,1764979200000,-3.4733856944444e-05
DOTUSD,1764982800000,-2.8309391666667e-05
DOTUSD,1764986400000,-3.5678926388889e-05
DOTUSD,1764990000000,-2.8438027777778e-05
DOTUSD,1764993600000,-2.9397322222222e-05
DOTUSD,1764997200000,-3.2837255555556e-05
DOTUSD,1765000800000,-4.1332344444444e-05
DOTUSD,1765004400000,-4.6233369444444e-05
DOTUSD,1765008000000,-5.58267125e-05
DOTUSD,1765011600000,-3.7749851388889e-05
DOTUSD,1765015200000,-2.6174595833333e-05
DOTUSD,1765018800000,-2.36598375e-05
DOTUSD,1765022400000,-2.6802270833333e-05
DOTUSD,1765026000000,-3.0571616666667e-05
DOTUSD,1765029600000,-2.0266669444444e-05
DOTUSD,1765033200000,-3.7075934722222e-05
DOTUSD,1765036800000,-4.1903379166667e-05
DOTUSD,1765040400000,-2.3049023611111e-05
DOTUSD,1765044000000,-2.2079883333333e-05
DOTUSD,1765047600000,-1.4585298611111e-05
DOTUSD,1765051200000,-3.2187915277778e-05
DOTUSD,1765054800000,-2.9249063888889e-05
DOTUSD,1765058400000,-2.7905890277778e-05
DOTUSD,1765062000000,-3.9854547222222e-05
DOTUSD,1765065600000,-3.1210488888889e-05
DOTUSD,1765069200000,-1.9758986111111e-05
DOTUSD,1765072800000,-3.2566469444444e-05
DOTUSD,1765076400000,-3.37903125e-05
DOTUSD,1765080000000,-2.28399625e-05
DOTUSD,1765083600000,-2.47996125e-05
DOTUSD,1765087200000,-2.1759265277778e-05
DOTUSD,1765090800000,-1.6949530555556e-05
DOTUSD,1765094400000,-1.5113766666667e-05
DOTUSD,1765098000000,-6.6072125e-06
DOTUSD,1765101600000,-1.4516233333333e-05
DOTUSD,1765105200000,-9.886869444444e-06
DOTUSD,1765108800000,-1.0407563888889e-05
DOTUSD,1765112400000,-7.868180555556e-06
DOTUSD,1765116000000,-5.365095833333e-06
DOTUSD,1765119600000,-1.0039473611111e-05
DOTUSD,1765123200000,-7.7536125e-06
DOTUSD,1765126800000,-1.0097681944444e-05
DOTUSD,1765130400000,-2.815276388889e-06
DOTUSD,1765134000000,3.735348611111e-06
DOTUSD,1765137600000,1.4252116666667e-05
DOTUSD,1765141200000,1.4283315277778e-05
DOTUSD,1765144800000,-2.340856944444e-06
DOTUSD,1765148400000,-1.2377793055556e-05
DOTUSD,1765152000000,-1.99039125e-05
DOTUSD,1765155600000,-1.9868368055556e-05
DOTUSD,1765159200000,-1.6866580555556e-05
DOTUSD,1765162800000,-1.0547365277778e-05
DOTUSD,1765166400000,2.587436111111e-06
DOTUSD,1765170000000,9.646220833333e-06
DOTUSD,1765173600000,1.6154266666667e-05
DOTUSD,1765177200000,1.3842456944444e-05
DOTUSD,1765180800000,8.640747222222e-06
DOTUSD,1765184400000,-8.535875e-07
DOTUSD,1765188000000,-8.3465277778e-08
DOTUSD,1765191600000,1.554416666667e-06
DOTUSD,1765195200000,-3.33377777778e-07
DOTUSD,1765198800000,-2.413204166667e-06
DOTUSD,1765202400000,-3.848811111111e-06
DOTUSD,1765206000000,-1.2753626388889e-05
DOTUSD,1765209600000,-2.6348847222222e-05
DOTUSD,1765213200000,-1.6144795833333e-05
DOTUSD,1765216800000,-6.202673611111e-06
DOTUSD,1765220400000,-1.9101338888889e-05
DOTUSD,1765224000000,-2.410568055556e-06
DOTUSD,1765227600000,3.387730555556e-06
DOTUSD,1765231200000,-6.038797222222e-06
DOTUSD,1765234800000,-5.558751388889e-06
DOTUSD,1765238400000,-7.887570833333e-06
DOTUSD,1765242000000,-1.2292255555556e-05
DOTUSD,1765245600000,-1.4979919444444e-05
DOTUSD,1765249200000,-4.686143055556e-06
DOTUSD,1765252800000,-1.0759183333333e-05
DOTUSD,1765256400000,-1.1098373611111e-05
DOTUSD,1765260000000,-7.87085e-06
DOTUSD,1765263600000,-1.4996793055556e-05
DOTUSD,1765267200000,-4.603645833333e-06
DOTUSD,1765270800000,9.276431944444e-06
DOTUSD,1765274400000,1.603479166667e-06
DOTUSD,1765278000000,1.40002777778e-07
DOTUSD,1765281600000,2.371875e-07
DOTUSD,1765285200000,6.819925e-06
DOTUSD,1765288800000,9.248145833333e-06
DOTUSD,1765292400000,7.007644444444e-06
DOTUSD,1765296000000,2.323451388889e-06
DOTUSD,1765299600000,1.1451740277778e-05
DOTUSD,1765303200000,2.5222145833333e-05
DOTUSD,1765306800000,1.6894944444444e-05
DOTUSD,1765310400000,2.24461125e-05
DOTUSD,1765314000000,2.15325625e-05
DOTUSD,1765317600000,2.4282393055556e-05
DOTUSD,1765321200000,1.5013073611111e-05
DOTUSD,1765324800000,2.0818927777778e-05
DOTUSD,1765328400000,1.7459915277778e-05
DOTUSD,1765332000000,1.0068634722222e-05
DOTUSD,1765335600000,7.892825e-06
DOTUSD,1765339200000,3.955863888889e-06
DOTUSD,1765342800000,1.593708333333e-06
DOTUSD,1765346400000,-1.018025e-06
DOTUSD,1765350000000,-5.283170833333e-06
DOTUSD,1765353600000,-1.115372222222e-06
DOTUSD,1765357200000,1.8164827777778e-05
DOTUSD,1765360800000,1.4037765277778e-05
DOTUSD,1765364400000,1.3134177777778e-05
DOTUSD,1765368000000,2.9262995833333e-05
DOTUSD,1765371600000,2.0027711111111e-05
DOTUSD,1765375200000,2.382911111111e-06
DOTUSD,1765378800000,6.273561111111e-06
DOTUSD,1765382400000,1.0679875e-05
DOTUSD,1765386000000,9.282263888889e-06
DOTUSD,1765389600000,-8.191841666667e-06
DOTUSD,1765393200000,-9.50816666667e-07
DOTUSD,1765396800000,1.1204031944444e-05
DOTUSD,1765400400000,-1.7662941666667e-05
DOTUSD,1765404000000,-2.70675625e-05
DOTUSD,1765407600000,-1.6122594444444e-05
DOTUSD,1765411200000,-1.2374616666667e-05
DOTUSD,1765414800000,-2.3513575e-05
DOTUSD,1765418400000,-3.2522856944444e-05
DOTUSD,1765422000000,-3.7626361111111e-05
DOTUSD,1765425600000,-3.2785730555556e-05
DOTUSD,1765429200000,-3.6952854166667e-05
DOTUSD,1765432800000,-3.9212015277778e-05
DOTUSD,1765436400000,-4.6523131944444e-05
DOTUSD,1765440000000,-3.9383383333333e-05
DOTUSD,1765443600000,-3.1015123611111e-05
DOTUSD,1765447200000,-3.0833279166667e-05
DOTUSD,1765450800000,-5.1208244444444e-05
DOTUSD,1765454400000,-5.4234979166667e-05
DOTUSD,1765458000000,-4.1834e-05
DOTUSD,1765461600000,-2.6641744444444e-05
DOTUSD,1765465200000,-3.5837430555556e-05
DOTUSD,1765468800000,-3.6253120833333e-05
DOTUSD,1765472400000,-2.2796690277778e-05
DOTUSD,1765476000000,-2.4934479166667e-05
DOTUSD,1765479600000,-2.6812998611111e-05
DOTUSD,1765483200000,-3.8275802777778e-05
DOTUSD,1765486800000,-2.7155309722222e-05
DOTUSD,1765490400000,-2.4654006944444e-05
DOTUSD,1765494000000,-3.1826054166667e-05
DOTUSD,1765497600000,-2.5752266666667e-05
DOTUSD,1765501200000,-2.4794913888889e-05
DOTUSD,1765504800000,-2.3998447222222e-05
DOTUSD,1765508400000,-2.9391580555556e-05
DOTUSD,1765512000000,-3.8750884722222e-05
DOTUSD,1765515600000,-3.3869495833333e-05
DOTUSD,1765519200000,-2.6648833333333e-05
DOTUSD,1765522800000,-1.4369718055556e-05
DOTUSD,1765526400000,-1.70850125e-05
DOTUSD,1765530000000,-1.1945105555556e-05
DOTUSD,1765533600000,-1.9354631944444e-05
DOTUSD,1765537200000,-2.0670959722222e-05
DOTUSD,1765540800000,-8.462830555556e-06
DOTUSD,1765544400000,-8.151469444444e-06
DOTUSD,1765548000000,-1.5955688888889e-05
DOTUSD,1765551600000,-2.0789944444444e-05
DOTUSD,1765555200000,-3.3426665277778e-05
DOTUSD,1765558800000,-4.9575836111111e-05
DOTUSD,1765562400000,-4.4093215277778e-05
DOTUSD,1765566000000,-4.0329176388889e-05
DOTUSD,1765569600000,-3.2229252777778e-05
DOTUSD,1765573200000,-2.4815683333333e-05
DOTUSD,1765576800000,-3.4134252777778e-05
DOTUSD,1765580400000,-3.3993415277778e-05
DOTUSD,1765584000000,-2.3482859722222e-05
DOTUSD,1765587600000,-1.0685108333333e-05
DOTUSD,1765591200000,-3.190863888889e-06
DOTUSD,1765594800000,-1.921430555556e-06
DOTUSD,1765598400000,6.718093055556e-06
DOTUSD,1765602000000,7.421101388889e-06
DOTUSD,1765605600000,4.134786111111e-06
DOTUSD,1765609200000,-1.677677777778e-06
DOTUSD,1765612800000,5.469301388889e-06
DOTUSD,1765616400000,-1.810602777778e-06
DOTUSD,1765620000000,-2.518148611111e-06
DOTUSD,1765623600000,-8.049720833333e-06
DOTUSD,1765627200000,-1.27329375e-05
DOTUSD,1765630800000,-1.1916109722222e-05
DOTUSD,1765634400000,-1.0898430555556e-05
DOTUSD,1765638000000,-5.243847222222e-06
DOTUSD,1765641600000,-8.269495833333e-06
DOTUSD,1765645200000,-1.5532440277778e-05
DOTUSD,1765648800000,-1.5049540277778e-05
DOTUSD,1765652400000,-1.49223e-05
DOTUSD,1765656000000,-1.2892116666667e-05
DOTUSD,1765659600000,-1.3674901388889e-05
DOTUSD,1765663200000,-1.8219033333333e-05
DOTUSD,1765666800000,-1.5713773611111e-05
DOTUSD,1765670400000,-1.6456513888889e-05
DOTUSD,1765674000000,-7.879638888889e-06
DOTUSD,1765677600000,-1.15519125e-05
DOTUSD,1765681200000,-1.8489523611111e-05
DOTUSD,1765684800000,-1.7681298611111e-05
DOTUSD,1765688400000,-2.0619352777778e-05
DOTUSD,1765692000000,-3.3314781944444e-05
DOTUSD,1765695600000,-3.5067748611111e-05
DOTUSD,1765699200000,-3.0413961111111e-05
DOTUSD,1765702800000,-3.6251386111111e-05
DOTUSD,1765706400000,-3.2477213888889e-05
DOTUSD,1765710000000,-1.1852254166667e-05
DOTUSD,1765713600000,-2.0063455555556e-05
DOTUSD,1765717200000,-2.8955379166667e-05
DOTUSD,1765720800000,-2.0322686111111e-05
DOTUSD,1765724400000,-1.67347e-05
DOTUSD,1765728000000,-1.9833294444444e-05
DOTUSD,1765731600000,-2.4127263888889e-05
DOTUSD,1765735200000,-3.1762525e-05
DOTUSD,1765738800000,-2.7457576388889e-05
DOTUSD,1765742400000,-4.0782256944444e-05
DOTUSD,1765746000000,-4.5710981944444e-05
DOTUSD,1765749600000,-4.8746888888889e-05
DOTUSD,1765753200000,-4.4669502777778e-05
DOTUSD,1765756800000,-3.655585e-05
DOTUSD,1765760400000,-3.3633788888889e-05
DOTUSD,1765764000000,-3.1351965277778e-05
DOTUSD,1765767600000,-2.5493863888889e-05
DOTUSD,1765771200000,-2.8014194444444e-05
DOTUSD,1765774800000,-3.09124875e-05
DOTUSD,1765778400000,-2.2950690277778e-05
DOTUSD,1765782000000,-2.1536522222222e-05
DOTUSD,1765785600000,-2.3486098611111e-05
DOTUSD,1765789200000,-1.0518002777778e-05
DOTUSD,1765792800000,-1.5798905555556e-05
DOTUSD,1765796400000,-1.8469755555556e-05
DOTUSD,1765800000000,-1.1905184722222e-05
DOTUSD,1765803600000,-1.2750408333333e-05
DOTUSD,1765807200000,-2.94200625e-05
DOTUSD,1765810800000,-2.91799125e-05
DOTUSD,1765814400000,-5.3704204166667e-05
DOTUSD,1765818000000,-3.6742426388889e-05
DOTUSD,1765821600000,-4.9006408333333e-05
DOTUSD,1765825200000,-4.2324565277778e-05
DOTUSD,1765828800000,-4.6801156944444e-05
DOTUSD,1765832400000,-3.9544520833333e-05
DOTUSD,1765836000000,-3.4634375e-05
DOTUSD,1765839600000,-3.7783813888889e-05
DOTUSD,1765843200000,-3.1422216666667e-05
DOTUSD,1765846800000,-2.0067626388889e-05
DOTUSD,1765850400000,-1.2474040277778e-05
DOTUSD,1765854000000,-4.665455555556e-06
DOTUSD,1765857600000,2.915875e-06
DOTUSD,1765861200000,-2.889098611111e-06
DOTUSD,1765864800000,2.791444444444e-06
DOTUSD,1765868400000,-4.293093055556e-06
DOTUSD,1765872000000,-1.1236383333333e-05
DOTUSD,1765875600000,-1.2252873611111e-05
DOTUSD,1765879200000,-1.7803136111111e-05
DOTUSD,1765882800000,-1.1299776388889e-05
DOTUSD,1765886400000,8.143936111111e-06
DOTUSD,1765890000000,1.083201388889e-06
DOTUSD,1765893600000,-6.846191666667e-06
DOTUSD,1765897200000,-1.1494444444444e-05
DOTUSD,1765900800000,-5.956825e-06
DOTUSD,1765904400000,-1.2616734722222e-05
DOTUSD,1765908000000,-2.5896202777778e-05
DOTUSD,1765911600000,-2.6195991666667e-05
DOTUSD,1765915200000,-2.9346666666667e-05
DOTUSD,1765918800000,-2.62293e-05
DOTUSD,1765922400000,-2.5142527777778e-05
DOTUSD,1765926000000,-2.2847623611111e-05
DOTUSD,1765929600000,-1.8250759722222e-05
DOTUSD,1765933200000,-1.8996077777778e-05
DOTUSD,1765936800000,-1.50936875e-05
DOTUSD,1765940400000,-1.2738273611111e-05
DOTUSD,1765944000000,-1.6847333333333e-05
DOTUSD,1765947600000,-2.366786111111e-06
DOTUSD,1765951200000,2.821484722222e-06
DOTUSD,1765954800000,-1.641654166667e-06
DOTUSD,1765958400000,-1.035641666667e-06
DOTUSD,1765962000000,-2.962163888889e-06
DOTUSD,1765965600000,-3.495608333333e-06
DOTUSD,1765969200000,-1.2621468055556e-05
DOTUSD,1765972800000,-1.6951094444444e-05
DOTUSD,1765976400000,-2.0930173611111e-05
DOTUSD,1765980000000,-1.8680286111111e-05
DOTUSD,1765983600000,-1.1189755555556e-05
DOTUSD,1765987200000,1.129080555556e-06
DOTUSD,1765990800000,-2.3518661111111e-05
DOTUSD,1765994400000,-3.1418027777778e-05
DOTUSD,1765998000000,-2.3334766666667e-05
DOTUSD,1766001600000,-1.8502776388889e-05
DOTUSD,1766005200000,-1.092920833333e-06
DOTUSD,1766008800000,-7.392593055556e-06
DOTUSD,1766012400000,-1.5662158333333e-05
DOTUSD,1766016000000,-1.7876815277778e-05
DOTUSD,1766019600000,-1.8782631944444e-05
DOTUSD,1766023200000,-4.898127777778e-06
DOTUSD,1766026800000,4.145666666667e-06
DOTUSD,1766030400000,-4.224455555556e-06
DOTUSD,1766034000000,-1.2136680555556e-05
DOTUSD,1766037600000,-1.8113144444444e-05
DOTUSD,1766041200000,-1.3964631944444e-05
DOTUSD,1766044800000,-2.2616427777778e-05
DOTUSD,1766048400000,-2.6003922101449e-05
DOTUSD,1766052000000,-2.8773220833333e-05
DOTUSD,1766055600000,-3.5979527777778e-05
DOTUSD,1766059200000,-2.2629747222222e-05
DOTUSD,1766062800000,-2.4910686111111e-05
DOTUSD,1766066400000,-2.5592e-05
DOTUSD,1766070000000,-1.0994234722222e-05
DOTUSD,1766073600000,-7.115855555556e-06
DOTUSD,1766077200000,-6.832154166667e-06
DOTUSD,1766080800000,-5.8432583333333e-05
DOTUSD,1766084400000,-5.8366136111111e-05
DOTUSD,1766088000000,-5.5002361111111e-05
DOTUSD,1766091600000,-3.6927894444444e-05
DOTUSD,1766095200000,-1.3327018055556e-05
DOTUSD,1766098800000,-8.799054166667e-06
DOTUSD,1766102400000,-1.0192315277778e-05
DOTUSD,1766106000000,-1.903358333333e-06
DOTUSD,1766109600000,-9.130298611111e-06
DOTUSD,1766113200000,-1.1776777777778e-05
DOTUSD,1766116800000,1.2207227777778e-05
DOTUSD,1766120400000,5.637622222222e-06
DOTUSD,1766124000000,-6.325243055556e-06
DOTUSD,1766127600000,-8.711504166667e-06
DOTUSD,1766131200000,-1.3046988888889e-05
DOTUSD,1766134800000,-1.3008194444444e-05
DOTUSD,1766138400000,-1.46017125e-05
DOTUSD,1766142000000,-6.537627777778e-06
DOTUSD,1766145600000,-3.680536111111e-06
DOTUSD,1766149200000,-1.0751056944444e-05
DOTUSD,1766152800000,-2.2654405555556e-05
DOTUSD,1766156400000,-1.986305e-05
DOTUSD,1766160000000,-2.7752097222222e-05
DOTUSD,1766163600000,-2.3076098611111e-05
DOTUSD,1766167200000,-2.7184058333333e-05
DOTUSD,1766170800000,-2.4135747222222e-05
DOTUSD,1766174400000,-1.8746402777778e-05
DOTUSD,1766178000000,-1.2191448611111e-05
DOTUSD,1766181600000,-1.8229618055556e-05
DOTUSD,1766185200000,-1.5459738888889e-05
DOTUSD,1766188800000,-1.3871509722222e-05
DOTUSD,1766192400000,-1.5821552777778e-05
DOTUSD,1766196000000,-1.2977834722222e-05
DOTUSD,1766199600000,-1.7896701388889e-05
DOTUSD,1766203200000,-2.59738875e-05
DOTUSD,1766206800000,-2.44656625e-05
DOTUSD,1766210400000,-2.1459173611111e-05
DOTUSD,1766214000000,-2.1401630555556e-05
DOTUSD,1766217600000,-7.011569444444e-06
DOTUSD,1766221200000,8.7188375e-06
DOTUSD,1766224800000,-2.419633333333e-06
DOTUSD,1766228400000,-1.7002693055556e-05
DOTUSD,1766232000000,-1.5489172222222e-05
DOTUSD,1766235600000,-1.5624888888889e-05
DOTUSD,1766239200000,-1.1849263888889e-05
DOTUSD,1766242800000,-1.2192236111111e-05
DOTUSD,1766246400000,-8.298369444444e-06
DOTUSD,1766250000000,-1.6629038888889e-05
DOTUSD,1766253600000,-1.5051418055556e-05
DOTUSD,1766257200000,-1.4734229166667e-05
DOTUSD,1766260800000,-2.0867331944444e-05
DOTUSD,1766264400000,-1.4325972222222e-05
DOTUSD,1766268000000,-1.4708538888889e-05
DOTUSD,1766271600000,-1.1595844444444e-05
DOTUSD,1766275200000,-1.0742476388889e-05
DOTUSD,1766278800000,-1.0830029166667e-05
DOTUSD,1766282400000,-2.4832691666667e-05
DOTUSD,1766286000000,-2.9192408333333e-05
DOTUSD,1766289600000,-2.5447222222222e-05
DOTUSD,1766293200000,-1.9655355555556e-05
DOTUSD,1766296800000,-1.3538780555556e-05
DOTUSD,1766300400000,-1.8249851388889e-05
DOTUSD,1766304000000,-2.28283375e-05
DOTUSD,1766307600000,-2.2507856944444e-05
DOTUSD,1766311200000,-1.2836095833333e-05
DOTUSD,1766314800000,-1.2762833333333e-05
DOTUSD,1766318400000,-9.370180555556e-06
DOTUSD,1766322000000,-2.4434855555556e-05
DOTUSD,1766325600000,-2.3695027777778e-05
DOTUSD,1766329200000,-1.94060125e-05
DOTUSD,1766332800000,-1.6895645833333e-05
DOTUSD,1766336400000,-2.3601075e-05
DOTUSD,1766340000000,-1.8919326388889e-05
DOTUSD,1766343600000,-1.9816020833333e-05
DOTUSD,1766347200000,-1.2077715277778e-05
DOTUSD,1766350800000,-2.4306308333333e-05
DOTUSD,1766354400000,-1.3920804166667e-05
DOTUSD,1766358000000,-1.0529561111111e-05
DOTUSD,1766361600000,-4.020388888889e-06
DOTUSD,1766365200000,2.965656944444e-06
DOTUSD,1766368800000,-1.165968055556e-06
DOTUSD,1766372400000,-8.101104166667e-06
DOTUSD,1766376000000,-1.0272915277778e-05
DOTUSD,1766379600000,-9.404136111111e-06
DOTUSD,1766383200000,-1.3779530555556e-05
DOTUSD,1766386800000,-7.771905555556e-06
DOTUSD,1766390400000,-2.543895833333e-06
DOTUSD,1766394000000,5.467239583333e-06
DOTUSD,1766397600000,8.56313888889e-07
DOTUSD,1766401200000,-4.8246375e-06
DOTUSD,1766404800000,6.457947222222e-06
DOTUSD,1766408400000,-1.194193055556e-06
DOTUSD,1766412000000,-7.298347222222e-06
DOTUSD,1766415600000,-3.765908333333e-06
DOTUSD,1766419200000,8.0429166667e-08
DOTUSD,1766422800000,-1.7515165277778e-05
DOTUSD,1766426400000,-1.201875e-06
DOTUSD,1766430000000,1.1692951388889e-05
DOTUSD,1766433600000,1.1477131944444e-05
DOTUSD,1766437200000,-2.05525e-06
DOTUSD,1766440800000,-1.2374372222222e-05
DOTUSD,1766444400000,-2.2942826388889e-05
DOTUSD,1766448000000,-1.4487781944444e-05
DOTUSD,1766451600000,-2.426356944444e-06
DOTUSD,1766455200000,5.815661111111e-06
DOTUSD,1766458800000,4.577444444444e-06
DOTUSD,1766462400000,-9.797870833333e-06
DOTUSD,1766466000000,-6.461345833333e-06
DOTUSD,1766469600000,-6.008126388889e-06
DOTUSD,1766473200000,-6.090436111111e-06
DOTUSD,1766476800000,-1.3538651388889e-05
DOTUSD,1766480400000,-1.50373875e-05
DOTUSD,1766484000000,-1.7333293055556e-05
DOTUSD,1766487600000,-6.786751388889e-06
DOTUSD,1766491200000,-3.0156625e-06
DOTUSD,1766494800000,-6.630895833333e-06
DOTUSD,1766498400000,-7.046983333333e-06
DOTUSD,1766502000000,-1.3759455555556e-05
DOTUSD,1766505600000,-1.0562268055556e-05
DOTUSD,1766509200000,-1.15246125e-05
DOTUSD,1766512800000,-1.7527883333333e-05
DOTUSD,1766516400000,-9.721591666667e-06
DOTUSD,1766520000000,4.146322222222e-06
DOTUSD,1766523600000,9.437419444444e-06
DOTUSD,1766527200000,5.601525e-06
DOTUSD,1766530800000,1.669851388889e-06
DOTUSD,1766534400000,6.141013888889e-06
DOTUSD,1766538000000,6.788241666667e-06
DOTUSD,1766541600000,5.886298611111e-06
DOTUSD,1766545200000,-4.094902777778e-06
DOTUSD,1766548800000,-1.0556020833333e-05
DOTUSD,1766552400000,-9.224672222222e-06
DOTUSD,1766556000000,-1.0561697222222e-05
DOTUSD,1766559600000,-1.0952380555556e-05
DOTUSD,1766563200000,-1.2721741666667e-05
DOTUSD,1766566800000,-2.5573540277778e-05
DOTUSD,1766570400000,-2.2186281944444e-05
DOTUSD,1766574000000,-2.7673622222222e-05
DOTUSD,1766577600000,-1.9651002777778e-05
DOTUSD,1766581200000,-1.3860780555556e-05
DOTUSD,1766584800000,-1.0727122222222e-05
DOTUSD,1766588400000,-7.480813888889e-06
DOTUSD,1766592000000,6.245463888889e-06
DOTUSD,1766595600000,-2.838441666667e-06
DOTUSD,1766599200000,-3.637276388889e-06
DOTUSD,1766602800000,-7.966354166667e-06
DOTUSD,1766606400000,-5.594940277778e-06
DOTUSD,1766610000000,-5.506890277778e-06
DOTUSD,1766613600000,-9.402791666667e-06
DOTUSD,1766617200000,-1.4114763888889e-05
DOTUSD,1766620800000,-7.096994444444e-06
DOTUSD,1766624400000,-5.127081944444e-06
DOTUSD,1766628000000,-7.384626388889e-06
DOTUSD,1766631600000,-6.063502777778e-06
DOTUSD,1766635200000,-1.703101388889e-06
DOTUSD,1766638800000,1.3782918055556e-05
DOTUSD,1766642400000,8.661320833333e-06
DOTUSD,1766646000000,9.402866666667e-06
DOTUSD,1766649600000,-1.000743055556e-06
DOTUSD,1766653200000,-6.048134722222e-06
DOTUSD,1766656800000,-3.0244625e-06
DOTUSD,1766660400000,-1.3495479166667e-05
DOTUSD,1766664000000,-1.6371975e-05
DOTUSD,1766667600000,-1.3197933333333e-05
DOTUSD,1766671200000,-3.55902777778e-07
DOTUSD,1766674800000,7.22623611111e-07
DOTUSD,1766678400000,-2.890733333333e-06
DOTUSD,1766682000000,-6.194348611111e-06
DOTUSD,1766685600000,-9.05858333333e-07
DOTUSD,1766689200000,-1.1899593055556e-05
DOTUSD,1766692800000,-1.2849476388889e-05
DOTUSD,1766696400000,-1.4107895833333e-05
DOTUSD,1766700000000,-1.1882670833333e-05
DOTUSD,1766703600000,-2.115818055556e-06
DOTUSD,1766707200000,-8.831708333333e-06
DOTUSD,1766710800000,-3.3256801388889e-05
DOTUSD,1766714400000,-1.2366573611111e-05
DOTUSD,1766718000000,3.744322222222e-06
DOTUSD,1766721600000,1.4287870833333e-05
DOTUSD,1766725200000,1.47770625e-05
DOTUSD,1766728800000,1.6812729166667e-05
DOTUSD,1766732400000,1.5142147222222e-05
DOTUSD,1766736000000,-1.081422222222e-06
DOTUSD,1766739600000,1.950808333333e-06
DOTUSD,1766743200000,1.3416656944444e-05
DOTUSD,1766746800000,1.4743025e-05
DOTUSD,1766750400000,-1.4654440277778e-05
DOTUSD,1766754000000,-5.5535e-07
DOTUSD,1766757600000,-1.2030129166667e-05
DOTUSD,1766761200000,-1.1701851388889e-05
DOTUSD,1766764800000,-1.5428005555556e-05
DOTUSD,1766768400000,-2.4871501388889e-05
DOTUSD,1766772000000,-1.9592423611111e-05
DOTUSD,1766775600000,-7.960520833333e-06
DOTUSD,1766779200000,2.783394444444e-06
DOTUSD,1766782800000,1.5468e-06
DOTUSD,1766786400000,-9.18927777778e-07
DOTUSD,1766790000000,4.838565277778e-06
DOTUSD,1766793600000,9.265055555556e-06
DOTUSD,1766797200000,1.0915891666667e-05
DOTUSD,1766800800000,1.8113866666667e-05
DOTUSD,1766804400000,-1.7007661111111e-05
DOTUSD,1766808000000,-7.294155555556e-06
DOTUSD,1766811600000,5.064941666667e-06
DOTUSD,1766815200000,8.574272222222e-06
DOTUSD,1766818800000,8.771906944444e-06
DOTUSD,1766822400000,1.233625e-05
DOTUSD,1766826000000,7.751338888889e-06
DOTUSD,1766829600000,5.740693055556e-06
DOTUSD,1766833200000,-4.952961111111e-06
DOTUSD,1766836800000,-7.24527777778e-07
DOTUSD,1766840400000,-9.476673611111e-06
DOTUSD,1766844000000,-1.7968670833333e-05
DOTUSD,1766847600000,-2.0048840277778e-05
DOTUSD,1766851200000,-1.5745906944444e-05
DOTUSD,1766854800000,4.207923611111e-06
DOTUSD,1766858400000,-3.086511111111e-06
DOTUSD,1766862000000,5.170140277778e-06
DOTUSD,1766865600000,-6.517077777778e-06
DOTUSD,1766869200000,3.071180555556e-06
DOTUSD,1766872800000,1.2373245833333e-05
DOTUSD,1766876400000,5.314245833333e-06
DOTUSD,1766880000000,-3.3485033333333e-05
DOTUSD,1766883600000,-3.6228645833333e-05
DOTUSD,1766887200000,-2.9828870833333e-05
DOTUSD,1766890800000,-2.4453759722222e-05
DOTUSD,1766894400000,-2.5032930555556e-05
DOTUSD,1766898000000,-2.4790743055556e-05
DOTUSD,1766901600000,-2.9382738888889e-05
DOTUSD,1766905200000,-2.5936768055556e-05
DOTUSD,1766908800000,-1.5065640277778e-05
DOTUSD,1766912400000,-2.4786261111111e-05
DOTUSD,1766916000000,-2.8680018055556e-05
DOTUSD,1766919600000,-1.1948951388889e-05
DOTUSD,1766923200000,-2.25021375e-05
DOTUSD,1766926800000,-2.1249241666667e-05
DOTUSD,1766930400000,-1.2091756944444e-05
DOTUSD,1766934000000,-1.9344706944444e-05
DOTUSD,1766937600000,-1.2107395833333e-05
DOTUSD,1766941200000,-9.636855555556e-06
DOTUSD,1766944800000,-5.181355555556e-06
DOTUSD,1766948400000,3.619547222222e-06
DOTUSD,1766952000000,-1.3547390277778e-05
DOTUSD,1766955600000,-1.8993334722222e-05
DOTUSD,1766959200000,-7.857783333333e-06
DOTUSD,1766962800000,-6.619573611111e-06
DOTUSD,1766966400000,-8.823877777778e-06
DOTUSD,1766970000000,3.954013888889e-06
DOTUSD,1766973600000,-3.805356944444e-06
DOTUSD,1766977200000,8.880609722222e-06
DOTUSD,1766980800000,1.321705555556e-06
DOTUSD,1766984400000,1.3799055555556e-05
DOTUSD,1766988000000,1.7141847222222e-05
DOTUSD,1766991600000,-3.843243055556e-06
DOTUSD,1766995200000,1.2992165277778e-05
DOTUSD,1766998800000,5.728559722222e-06
DOTUSD,1767002400000,5.713115277778e-06
DOTUSD,1767006000000,-2.706441666667e-06
DOTUSD,1767009600000,-9.696098611111e-06
DOTUSD,1767013200000,-2.8974091666667e-05
DOTUSD,1767016800000,-2.9775772222222e-05
DOTUSD,1767020400000,-1.7395023611111e-05
DOTUSD,1767024000000,5.380458333333e-06
DOTUSD,1767027600000,1.1690829166667e-05
DOTUSD,1767031200000,8.339245833333e-06
DOTUSD,1767034800000,-6.792148611111e-06
DOTUSD,1767038400000,-4.435122222222e-06
DOTUSD,1767042000000,-1.60259722222e-07
DOTUSD,1767045600000,-7.7088888889e-08
DOTUSD,1767049200000,2.724979166667e-06
DOTUSD,1767052800000,1.2992425e-05
DOTUSD,1767056400000,1.8138173611111e-05
DOTUSD,1767060000000,3.863518055556e-06
DOTUSD,1767063600000,-8.063934722222e-06
DOTUSD,1767067200000,-1.0728591666667e-05
DOTUSD,1767070800000,-4.009788888889e-06
DOTUSD,1767074400000,-1.2989013888889e-05
DOTUSD,1767078000000,-3.675244444444e-06
DOTUSD,1767081600000,-1.3491323611111e-05
DOTUSD,1767085200000,-1.3579330555556e-05
DOTUSD,1767088800000,-3.158540277778e-06
DOTUSD,1767092400000,-4.347316666667e-06
DOTUSD,1767096000000,3.049069444444e-06
DOTUSD,1767099600000,7.217877777778e-06
DOTUSD,1767103200000,6.815506944444e-06
DOTUSD,1767106800000,8.444052777778e-06
DOTUSD,1767110400000,9.318333333333e-06
DOTUSD,1767114000000,1.0739504166667e-05
DOTUSD,1767117600000,5.055115277778e-06
DOTUSD,1767121200000,9.583458333333e-06
DOTUSD,1767124800000,1.0242786111111e-05
DOTUSD,1767128400000,1.3168169444444e-05
DOTUSD,1767132000000,1.6885690277778e-05
DOTUSD,1767135600000,7.659563888889e-06
DOTUSD,1767139200000,6.648909722222e-06
DOTUSD,1767142800000,-1.224369444444e-06
DOTUSD,1767146400000,7.053555555556e-06
DOTUSD,1767150000000,5.6018625e-06
DOTUSD,1767153600000,5.248718055556e-06
DOTUSD,1767157200000,1.5416083333333e-05
DOTUSD,1767160800000,1.7058101388889e-05
DOTUSD,1767164400000,1.9794868055556e-05
DOTUSD,1767168000000,2.3128963888889e-05
DOTUSD,1767171600000,2.1911970833333e-05
DOTUSD,1767175200000,2.4978522222222e-05
DOTUSD,1767178800000,1.9159511111111e-05
DOTUSD,1767182400000,1.7246311111111e-05
DOTUSD,1767186000000,1.2291872222222e-05
DOTUSD,1767189600000,1.5840322222222e-05
DOTUSD,1767193200000,1.7219831944444e-05
DOTUSD,1767196800000,1.52033625e-05
DOTUSD,1767200400000,6.062669444444e-06
DOTUSD,1767204000000,6.000741666667e-06
DOTUSD,1767207600000,-5.521572222222e-06
DOTUSD,1767211200000,4.645847222222e-06
DOTUSD,1767214800000,2.7172775e-05
DOTUSD,1767218400000,3.15155875e-05
DOTUSD,1767222000000,2.48389e-05
DOTUSD,1767225600000,2.3673552777778e-05
DOTUSD,1767229200000,2.4917129166667e-05
DOTUSD,1767232800000,3.3692076388889e-05
DOTUSD,1767236400000,3.3127534722222e-05
DOTUSD,1767240000000,2.4581572222222e-05
DOTUSD,1767243600000,2.2568433333333e-05
DOTUSD,1767247200000,2.8623954166667e-05
DOTUSD,1767250800000,2.3064226388889e-05
DOTUSD,1767254400000,2.8928843055556e-05
DOTUSD,1767258000000,2.2514366666667e-05
DOTUSD,1767261600000,2.7907831944444e-05
DOTUSD,1767265200000,3.1827623611111e-05
DOTUSD,1767268800000,3.2288634722222e-05
DOTUSD,1767272400000,3.6868629166667e-05
DOTUSD,1767276000000,1.9895061111111e-05
DOTUSD,1767279600000,1.8965551388889e-05
DOTUSD,1767283200000,2.4109931944444e-05
DOTUSD,1767286800000,2.5921522222222e-05
DOTUSD,1767290400000,2.2805870833333e-05
DOTUSD,1767294000000,1.06091125e-05
DOTUSD,1767297600000,3.0450566666667e-05
DOTUSD,1767301200000,1.3424909722222e-05
DOTUSD,1767304800000,1.2047181944444e-05
DOTUSD,1767308400000,3.672802777778e-06
DOTUSD,1767312000000,1.3164248611111e-05
DOTUSD,1767315600000,1.4380926388889e-05
DOTUSD,1767319200000,8.9892375e-06
DOTUSD,1767322800000,1.3146497222222e-05
DOTUSD,1767326400000,9.146836111111e-06
DOTUSD,1767330000000,-4.62119444444e-07
DOTUSD,1767333600000,8.159254166667e-06
DOTUSD,1767337200000,2.600783333333e-06
DOTUSD,1767340800000,-1.607790277778e-06
DOTUSD,1767344400000,-1.485715277778e-06
DOTUSD,1767348000000,1.3668677777778e-05
DOTUSD,1767351600000,1.3581731944444e-05
DOTUSD,1767355200000,8.572880555556e-06
DOTUSD,1767358800000,8.764897222222e-06
DOTUSD,1767362400000,3.996913888889e-06
DOTUSD,1767366000000,3.435301388889e-06
DOTUSD,1767369600000,2.0571005555556e-05
DOTUSD,1767373200000,-1.0217376388889e-05
DOTUSD,1767376800000,-3.09086125e-05
DOTUSD,1767380400000,-7.390625e-07
DOTUSD,1767384000000,-5.521115277778e-06
DOTUSD,1767387600000,-1.2436868055556e-05
DOTUSD,1767391200000,-3.044851388889e-06
DOTUSD,1767394800000,1.65151875e-05
DOTUSD,1767398400000,1.9852175e-05
DOTUSD,1767402000000,1.5775163888889e-05
DOTUSD,1767405600000,2.6021136111111e-05
DOTUSD,1767409200000,1.7921156944444e-05
DOTUSD,1767412800000,2.3186138888889e-05
DOTUSD,1767416400000,3.1617720833333e-05
DOTUSD,1767420000000,3.8659247222222e-05
DOTUSD,1767423600000,3.9156901388889e-05
DOTUSD,1767427200000,1.8733713888889e-05
DOTUSD,1767430800000,1.3128020833333e-05
DOTUSD,1767434400000,6.638129166667e-06
DOTUSD,1767438000000,7.367368055556e-06
DOTUSD,1767441600000,1.7947856944444e-05
DOTUSD,1767445200000,2.9941616666667e-05
DOTUSD,1767448800000,2.1570148611111e-05
DOTUSD,1767452400000,7.479319444444e-06
DOTUSD,1767456000000,1.6618375e-06
DOTUSD,1767459600000,-3.1063375e-06
DOTUSD,1767463200000,6.644897222222e-06
DOTUSD,1767466800000,1.1724016666667e-05
DOTUSD,1767470400000,1.5852958333333e-05
DOTUSD,1767474000000,1.8308744444444e-05
DOTUSD,1767477600000,3.0155684722222e-05
DOTUSD,1767481200000,4.1497434722222e-05
DOTUSD,1767484800000,2.9637565277778e-05
DOTUSD,1767488400000,2.4572352777778e-05
DOTUSD,1767492000000,1.0086977777778e-05
DOTUSD,1767495600000,1.2461702777778e-05
DOTUSD,1767499200000,9.8879e-06
DOTUSD,1767502800000,7.121147222222e-06
DOTUSD,1767506400000,7.731231944444e-06
DOTUSD,1767510000000,1.2378165277778e-05
DOTUSD,1767513600000,1.5270718055556e-05
DOTUSD,1767517200000,7.691565277778e-06
DOTUSD,1767520800000,5.210423611111e-06
DOTUSD,1767524400000,-2.296502777778e-06
DOTUSD,1767528000000,-1.072104166667e-06
DOTUSD,1767531600000,-1.3486806944444e-05
DOTUSD,1767535200000,-2.1087441666667e-05
DOTUSD,1767538800000,-2.16671125e-05
DOTUSD,1767542400000,-2.0657865277778e-05
DOTUSD,1767546000000,-3.7383716666667e-05
DOTUSD,1767549600000,-3.5511533333333e-05
DOTUSD,1767553200000,-1.1208270833333e-05
DOTUSD,1767556800000,-4.753141666667e-06
DOTUSD,1767560400000,-1.934443055556e-06
DOTUSD,1767564000000,-3.660911111111e-06
DOTUSD,1767567600000,8.8382625e-06
DOTUSD,1767571200000,1.4753180555556e-05
DOTUSD,1767574800000,2.2786286111111e-05
DOTUSD,1767578400000,1.4206795833333e-05
DOTUSD,1767582000000,4.498694444444e-06
DOTUSD,1767585600000,1.0476401388889e-05
DOTUSD,1767589200000,8.4093125e-06
DOTUSD,1767592800000,1.503227777778e-06
DOTUSD,1767596400000,9.134068055556e-06
DOTUSD,1767600000000,1.2423651388889e-05
DOTUSD,1767603600000,1.0202429166667e-05
DOTUSD,1767607200000,3.7032943055556e-05
DOTUSD,1767610800000,2.2219626388889e-05
DOTUSD,1767614400000,2.3297152777778e-05
DOTUSD,1767618000000,1.47504625e-05
DOTUSD,1767621600000,1.2545575e-05
DOTUSD,1767625200000,9.371044444444e-06
DOTUSD,1767628800000,1.9818702777778e-05
DOTUSD,1767632400000,1.1458854166667e-05
DOTUSD,1767636000000,1.6281740277778e-05
DOTUSD,1767639600000,1.03843125e-05
DOTUSD,1767643200000,1.0299063888889e-05
DOTUSD,1767646800000,1.5167501388889e-05
DOTUSD,1767650400000,1.5373484722222e-05
DOTUSD,1767654000000,-1.646919444444e-06
DOTUSD,1767657600000,-1.0494377777778e-05
DOTUSD,1767661200000,-1.9119452777778e-05
DOTUSD,1767664800000,-2.9111495833333e-05
DOTUSD,1767668400000,-2.10379125e-05
DOTUSD,1767672000000,-1.9176229166667e-05
DOTUSD,1767675600000,-2.0867769444444e-05
DOTUSD,1767679200000,-2.4343495833333e-05
DOTUSD,1767682800000,-3.2185865277778e-05
DOTUSD,1767686400000,-3.5530288888889e-05
DOTUSD,1767690000000,-2.3706720833333e-05
DOTUSD,1767693600000,-2.3504668055556e-05
DOTUSD,1767697200000,-2.2612506944444e-05
DOTUSD,1767700800000,-1.201985e-05
DOTUSD,1767704400000,-3.2913375e-06
DOTUSD,1767708000000,-9.876270833333e-06
DOTUSD,1767711600000,-1.7569875e-05
DOTUSD,1767715200000,-2.9523925e-05
DOTUSD,1767718800000,-3.2263344444444e-05
DOTUSD,1767722400000,-2.5011320833333e-05
DOTUSD,1767726000000,-3.049331944444e-06
DOTUSD,1767729600000,-1.02415277778e-07
DOTUSD,1767733200000,-5.579668055556e-06
DOTUSD,1767736800000,-2.726752777778e-06
DOTUSD,1767740400000,9.889183333333e-06
DOTUSD,1767744000000,2.919233333333e-06
DOTUSD,1767747600000,-6.508640277778e-06
DOTUSD,1767751200000,-7.564384722222e-06
DOTUSD,1767754800000,2.632263888889e-06
DOTUSD,1767758400000,1.0640831944444e-05
DOTUSD,1767762000000,6.12405e-06
DOTUSD,1767765600000,6.807781944444e-06
DOTUSD,1767769200000,5.623790277778e-06
DOTUSD,1767772800000,-3.777344444444e-06
DOTUSD,1767776400000,-6.363361111111e-06
DOTUSD,1767780000000,-1.9382755555556e-05
DOTUSD,1767783600000,-9.380020833333e-06
DOTUSD,1767787200000,-2.221322222222e-06
DOTUSD,1767790800000,-1.1450469444444e-05
DOTUSD,1767794400000,-1.4733177777778e-05
DOTUSD,1767798000000,-2.719725e-05
DOTUSD,1767801600000,-1.3698891666667e-05
DOTUSD,1767805200000,-5.846633333333e-06
DOTUSD,1767808800000,1.0412e-06
DOTUSD,1767812400000,-1.573045833333e-06
DOTUSD,1767816000000,4.40304166667e-07
DOTUSD,1767819600000,6.637138888889e-06
DOTUSD,1767823200000,1.210434722222e-06
DOTUSD,1767826800000,6.644276388889e-06
DOTUSD,1767830400000,1.58520375e-05
DOTUSD,1767834000000,1.2678980555556e-05
DOTUSD,1767837600000,1.3960518055556e-05
DOTUSD,1767841200000,7.712391666667e-06
DOTUSD,1767844800000,1.060145833333e-06
DOTUSD,1767848400000,6.681494444444e-06
DOTUSD,1767852000000,1.9130322222222e-05
DOTUSD,1767855600000,-1.924955555556e-06
DOTUSD,1767859200000,3.048697222222e-06
DOTUSD,1767862800000,5.224954166667e-06
DOTUSD,1767866400000,2.650295833333e-06
DOTUSD,1767870000000,1.0178072222222e-05
DOTUSD,1767873600000,-3.562302777778e-06
DOTUSD,1767877200000,-1.3242241666667e-05
DOTUSD,1767880800000,-2.1603909722222e-05
DOTUSD,1767884400000,-2.0376173611111e-05
DOTUSD,1767888000000,-1.7792841666667e-05
DOTUSD,1767891600000,-1.8921002777778e-05
DOTUSD,1767895200000,-2.1431165277778e-05
DOTUSD,1767898800000,-1.6829081944444e-05
DOTUSD,1767902400000,-2.07780875e-05
DOTUSD,1767906000000,-1.5062733333333e-05
DOTUSD,1767909600000,-1.374663888889e-06
DOTUSD,1767913200000,-6.192736111111e-06
DOTUSD,1767916800000,2.717047222222e-06
DOTUSD,1767920400000,7.597209722222e-06
DOTUSD,1767924000000,-7.733179166667e-06
DOTUSD,1767927600000,-1.7781976388889e-05
DOTUSD,1767931200000,-5.811352777778e-06
DOTUSD,1767934800000,3.640980555556e-06
DOTUSD,1767938400000,7.456908333333e-06
DOTUSD,1767942000000,8.881777777778e-06
DOTUSD,1767945600000,1.8575926388889e-05
DOTUSD,1767949200000,-1.25255e-06
DOTUSD,1767952800000,-7.388272222222e-06
DOTUSD,1767956400000,-9.954723611111e-06
DOTUSD,1767960000000,-9.258566666667e-06
DOTUSD,1767963600000,-1.9581016666667e-05
DOTUSD,1767967200000,-1.6172951388889e-05
DOTUSD,1767970800000,-1.4122684722222e-05
DOTUSD,1767974400000,5.939844444444e-06
DOTUSD,1767978000000,8.790061111111e-06
DOTUSD,1767981600000,-4.556334722222e-06
DOTUSD,1767985200000,-3.823459722222e-06
DOTUSD,1767988800000,-8.3425e-07
DOTUSD,1767992400000,-1.3353608333333e-05
DOTUSD,1767996000000,-1.1972347222222e-05
DOTUSD,1767999600000,-3.611326388889e-06
DOTUSD,1768003200000,-2.143508333333e-06
DOTUSD,1768006800000,-1.830386111111e-06
DOTUSD,1768010400000,2.020351388889e-06
DOTUSD,1768014000000,-3.180948611111e-06
DOTUSD,1768017600000,-2.985648611111e-06
DOTUSD,1768021200000,-3.199011111111e-06
DOTUSD,1768024800000,-3.342452777778e-06
DOTUSD,1768028400000,-7.402777778e-09
DOTUSD,1768032000000,1.4411048611111e-05
DOTUSD,1768035600000,2.3059451388889e-05
DOTUSD,1768039200000,1.8966076388889e-05
DOTUSD,1768042800000,1.9498433333333e-05
DOTUSD,1768046400000,1.0467015277778e-05
DOTUSD,1768050000000,1.6395963888889e-05
DOTUSD,1768053600000,2.5871706944444e-05
DOTUSD,1768057200000,1.0039873611111e-05
DOTUSD,1768060800000,5.2100625e-06
DOTUSD,1768064400000,1.1034605555556e-05
DOTUSD,1768068000000,9.891340277778e-06
DOTUSD,1768071600000,2.394322222222e-06
DOTUSD,1768075200000,8.5111111111e-08
DOTUSD,1768078800000,-9.0459722222e-08
DOTUSD,1768082400000,-6.373340277778e-06
DOTUSD,1768086000000,-1.1039352777778e-05
DOTUSD,1768089600000,-1.0577558333333e-05
DOTUSD,1768093200000,-8.113648611111e-06
DOTUSD,1768096800000,-2.983372222222e-06
DOTUSD,1768100400000,5.31145e-06
DOTUSD,1768104000000,1.6462923611111e-05
DOTUSD,1768107600000,5.013055555556e-06
DOTUSD,1768111200000,4.258722222222e-06
DOTUSD,1768114800000,4.364956944444e-06
DOTUSD,1768118400000,8.023279166667e-06
DOTUSD,1768122000000,1.829691666667e-06
DOTUSD,1768125600000,4.403555555556e-06
DOTUSD,1768129200000,9.889022222222e-06
DOTUSD,1768132800000,6.5390719697e-07
DOTUSD,1768136400000,1.6947008333333e-05
DOTUSD,1768140000000,1.5222322222222e-05
DOTUSD,1768143600000,8.180941666667e-06
DOTUSD,1768147200000,8.7775875e-06
DOTUSD,1768150800000,7.723273611111e-06
DOTUSD,1768154400000,1.4093456944444e-05
DOTUSD,1768158000000,4.091529166667e-06
DOTUSD,1768161600000,1.0729548611111e-05
DOTUSD,1768165200000,3.6761125e-06
DOTUSD,1768168800000,3.838548611111e-06
DOTUSD,1768172400000,-6.31255555556e-07
DOTUSD,1768176000000,-2.690226388889e-06
DOTUSD,1768179600000,-7.17081944444e-07
DOTUSD,1768183200000,1.083701388889e-06
DOTUSD,1768186800000,1.9251604166667e-05
DOTUSD,1768190400000,2.6584893055556e-05
DOTUSD,1768194000000,1.8017330555556e-05
DOTUSD,1768197600000,1.6024280555556e-05
DOTUSD,1768201200000,7.499402777778e-06
DOTUSD,1768204800000,-4.813290277778e-06
DOTUSD,1768208400000,-1.4283827777778e-05
DOTUSD,1768212000000,-1.2920433333333e-05
DOTUSD,1768215600000,2.345595833333e-06
DOTUSD,1768219200000,3.770269444444e-06
DOTUSD,1768222800000,-4.493019444444e-06
DOTUSD,1768226400000,-1.3431804166667e-05
DOTUSD,1768230000000,-3.97851388889e-07
DOTUSD,1768233600000,-3.718614583333e-06
DOTUSD,1768237200000,8.126395833333e-06
DOTUSD,1768240800000,5.412513888889e-06
DOTUSD,1768244400000,-6.347545833333e-06
DOTUSD,1768248000000,-1.44265625e-05
DOTUSD,1768251600000,-1.7953205555556e-05
DOTUSD,1768255200000,-2.6871866666667e-05
DOTUSD,1768258800000,-2.3595773611111e-05
DOTUSD,1768262400000,-2.0999395833333e-05
DOTUSD,1768266000000,-4.496534722222e-06
DOTUSD,1768269600000,-3.744970833333e-06
DOTUSD,1768273200000,7.26256944444e-07
DOTUSD,1768276800000,9.696243055556e-06
DOTUSD,1768280400000,2.829245833333e-06
DOTUSD,1768284000000,1.6627444444444e-05
DOTUSD,1768287600000,1.0114930555556e-05
DOTUSD,1768291200000,-1.873036111111e-06
DOTUSD,1768294800000,-8.773518055556e-06
DOTUSD,1768298400000,-7.923118055556e-06
DOTUSD,1768302000000,3.664484722222e-06
DOTUSD,1768305600000,-8.1088888889e-08
DOTUSD,1768309200000,2.501826388889e-06
DOTUSD,1768312800000,-5.56980555556e-07
DOTUSD,1768316400000,2.3578268055556e-05
DOTUSD,1768320000000,-6.299018055556e-06
DOTUSD,1768323600000,2.4409465277778e-05
DOTUSD,1768327200000,2.552245833333e-06
DOTUSD,1768330800000,7.645288888889e-06
DOTUSD,1768334400000,-1.523929166667e-06
DOTUSD,1768338000000,-6.594980555556e-06
DOTUSD,1768341600000,8.883801388889e-06
DOTUSD,1768345200000,1.6633475e-05
DOTUSD,1768348800000,-4.950929166667e-06
DOTUSD,1768352400000,1.0252320833333e-05
DOTUSD,1768356000000,3.317827777778e-06
DOTUSD,1768359600000,7.647876388889e-06
DOTUSD,1768363200000,4.262288888889e-06
DOTUSD,1768366800000,1.5113875e-06
DOTUSD,1768370400000,1.3588e-06
DOTUSD,1768374000000,1.2804175e-05
DOTUSD,1768377600000,9.603318055556e-06
DOTUSD,1768381200000,4.976979166667e-06
DOTUSD,1768384800000,-8.356168055556e-06
DOTUSD,1768388400000,-7.573215277778e-06
DOTUSD,1768392000000,3.662327777778e-06
DOTUSD,1768395600000,8.471198611111e-06
DOTUSD,1768399200000,2.645625e-06
DOTUSD,1768402800000,2.47848611111e-07
DOTUSD,1768406400000,-3.540352777778e-06
DOTUSD,1768410000000,1.142477777778e-06
DOTUSD,1768413600000,-2.862945833333e-06
DOTUSD,1768417200000,1.0334748611111e-05
DOTUSD,1768420800000,6.715961111111e-06
DOTUSD,1768424400000,-3.83890277778e-07
DOTUSD,1768428000000,-2.349781944444e-06
DOTUSD,1768431600000,-3.64923611111e-07
DOTUSD,1768435200000,5.738055555556e-06
DOTUSD,1768438800000,7.731656944444e-06
DOTUSD,1768442400000,4.242572222222e-06
DOTUSD,1768446000000,3.741143055556e-06
DOTUSD,1768449600000,1.3656394444444e-05
DOTUSD,1768453200000,1.5760773611111e-05
DOTUSD,1768456800000,4.685958333333e-06
DOTUSD,1768460400000,1.0161270833333e-05
DOTUSD,1768464000000,5.41097222222e-07
DOTUSD,1768467600000,-3.159612179487e-06
DOTUSD,1768471200000,5.878480555556e-06
DOTUSD,1768474800000,-3.940956944444e-06
DOTUSD,1768478400000,-1.5739330555556e-05
DOTUSD,1768482000000,3.511209722222e-06
DOTUSD,1768485600000,5.925319444444e-06
DOTUSD,1768489200000,-2.383551388889e-06
DOTUSD,1768492800000,-3.115909722222e-06
DOTUSD,1768496400000,-8.369108333333e-06
DOTUSD,1768500000000,-2.5445534722222e-05
DOTUSD,1768503600000,-3.0264205555556e-05
DOTUSD,1768507200000,-2.2409602777778e-05
DOTUSD,1768510800000,-2.4967316666667e-05
DOTUSD,1768514400000,-1.8948722222222e-05
DOTUSD,1768518000000,-3.2159609722222e-05
DOTUSD,1768521600000,-2.2010011111111e-05
DOTUSD,1768525200000,-2.1755045833333e-05
DOTUSD,1768528800000,-2.4567404166667e-05
DOTUSD,1768532400000,-1.6645904166667e-05
DOTUSD,1768536000000,-1.6897393055556e-05
DOTUSD,1768539600000,-2.6589640277778e-05
DOTUSD,1768543200000,-2.8733505555556e-05
DOTUSD,1768546800000,-1.9435543055556e-05
DOTUSD,1768550400000,-3.26461e-05
DOTUSD,1768554000000,-1.9017474137931e-05
DOTUSD,1768557600000,-1.5148463888889e-05
DOTUSD,1768561200000,-1.5032344444444e-05
DOTUSD,1768564800000,-1.2376627777778e-05
DOTUSD,1768568400000,-1.9388688888889e-05
DOTUSD,1768572000000,-1.4656605555556e-05
DOTUSD,1768575600000,-1.1836954166667e-05
DOTUSD,1768579200000,-2.2533665277778e-05
DOTUSD,1768582800000,-1.9690376388889e-05
DOTUSD,1768586400000,-4.330006944444e-06
DOTUSD,1768590000000,-3.008556944444e-06
DOTUSD,1768593600000,-3.189513888889e-06
DOTUSD,1768597200000,3.341430555556e-06
DOTUSD,1768600800000,-6.32118055556e-07
DOTUSD,1768604400000,-1.487943055556e-06
DOTUSD,1768608000000,6.826247222222e-06
DOTUSD,1768611600000,4.134105555556e-06
DOTUSD,1768615200000,2.543663888889e-06
DOTUSD,1768618800000,3.515745833333e-06
DOTUSD,1768622400000,8.82277777778e-07
DOTUSD,1768626000000,3.344445833333e-06
DOTUSD,1768629600000,1.600951388889e-06
DOTUSD,1768633200000,1.1524630555556e-05
DOTUSD,1768636800000,1.1780968055556e-05
DOTUSD,1768640400000,2.4044219444444e-05
DOTUSD,1768644000000,3.372625e-06
DOTUSD,1768647600000,9.035598611111e-06
DOTUSD,1768651200000,4.639222222222e-06
DOTUSD,1768654800000,1.4488404166667e-05
DOTUSD,1768658400000,-3.406151388889e-06
DOTUSD,1768662000000,1.2332829166667e-05
DOTUSD,1768665600000,6.906740277778e-06
DOTUSD,1768669200000,8.450248611111e-06
DOTUSD,1768672800000,-9.474375e-07
DOTUSD,1768676400000,5.724270833333e-06
DOTUSD,1768680000000,8.684286111111e-06
DOTUSD,1768683600000,1.7283391666667e-05
DOTUSD,1768687200000,2.3560126388889e-05
DOTUSD,1768690800000,1.4971754166667e-05
DOTUSD,1768694400000,1.24570875e-05
DOTUSD,1768698000000,2.2063648611111e-05
DOTUSD,1768701600000,-4.270873611111e-06
DOTUSD,1768705200000,-8.505123611111e-06
DOTUSD,1768708800000,-4.6692625e-06
DOTUSD,1768712400000,-1.6199797222222e-05
DOTUSD,1768716000000,-1.7683794444444e-05
DOTUSD,1768719600000,-8.135156944444e-06
DOTUSD,1768723200000,-3.987980555556e-06
DOTUSD,1768726800000,-8.5814625e-06
DOTUSD,1768730400000,4.674027777778e-06
DOTUSD,1768734000000,2.1219219444444e-05
DOTUSD,1768737600000,1.1429118055556e-05
DOTUSD,1768741200000,8.882483333333e-06
DOTUSD,1768744800000,3.911441666667e-06
DOTUSD,1768748400000,-1.553322222222e-06
DOTUSD,1768752000000,-4.75255e-06
DOTUSD,1768755600000,-1.0121893055556e-05
DOTUSD,1768759200000,-7.886694444444e-06
DOTUSD,1768762800000,-2.055581944444e-06
DOTUSD,1768766400000,-2.294161111111e-06
DOTUSD,1768770000000,2.139375e-06
DOTUSD,1768773600000,2.3462625e-06
DOTUSD,1768777200000,1.889947222222e-06
DOTUSD,1768780800000,-1.2661872222222e-05
DOTUSD,1768784400000,-4.4005486111111e-05
DOTUSD,1768788000000,-2.3369794444444e-05
DOTUSD,1768791600000,-4.08914375e-05
DOTUSD,1768795200000,-3.987605e-05
DOTUSD,1768798800000,-3.2677491666667e-05
DOTUSD,1768802400000,-3.7357872222222e-05
DOTUSD,1768806000000,-2.9415851388889e-05
DOTUSD,1768809600000,-3.0157038888889e-05
DOTUSD,1768813200000,-3.8975256944444e-05
DOTUSD,1768816800000,-3.94582375e-05
DOTUSD,1768820400000,-3.6961036111111e-05
DOTUSD,1768824000000,-3.8642973611111e-05
DOTUSD,1768827600000,-4.7056165277778e-05
DOTUSD,1768831200000,-4.3254422222222e-05
DOTUSD,1768834800000,-2.9439888888889e-05
DOTUSD,1768838400000,-2.7223669444444e-05
DOTUSD,1768842000000,-2.4829177777778e-05
DOTUSD,1768845600000,-2.1553398611111e-05
DOTUSD,1768849200000,-2.711085e-05
DOTUSD,1768852800000,-2.09449875e-05
DOTUSD,1768856400000,-1.6628043055556e-05
DOTUSD,1768860000000,-2.1572831944444e-05
DOTUSD,1768863600000,-2.9366591666667e-05
DOTUSD,1768867200000,-1.3333023611111e-05
DOTUSD,1768870800000,-1.6848091666667e-05
DOTUSD,1768874400000,-1.8267218055556e-05
DOTUSD,1768878000000,-2.2328894444444e-05
DOTUSD,1768881600000,-1.9493365277778e-05
DOTUSD,1768885200000,-2.2756402777778e-05
DOTUSD,1768888800000,1.90772222222e-07
DOTUSD,1768892400000,1.1402831944444e-05
DOTUSD,1768896000000,4.032751388889e-06
DOTUSD,1768899600000,-2.615095833333e-06
DOTUSD,1768903200000,-1.511440277778e-06
DOTUSD,1768906800000,-1.2939236111111e-05
DOTUSD,1768910400000,-2.6025581944444e-05
DOTUSD,1768914000000,-1.5593319444444e-05
DOTUSD,1768917600000,-2.4677279166667e-05
DOTUSD,1768921200000,-3.122088888889e-06
DOTUSD,1768924800000,-9.314116666667e-06
DOTUSD,1768928400000,-7.687899425287e-06
DOTUSD,1768932000000,-1.5713929166667e-05
DOTUSD,1768935600000,-1.1553609722222e-05
DOTUSD,1768939200000,-9.628469444444e-06
DOTUSD,1768942800000,-2.1198677777778e-05
DOTUSD,1768946400000,-1.0965143055556e-05
DOTUSD,1768950000000,-3.159769444444e-06
DOTUSD,1768953600000,7.996234722222e-06
DOTUSD,1768957200000,9.814055555556e-06
DOTUSD,1768960800000,9.461661111111e-06
DOTUSD,1768964400000,2.170986111111e-06
DOTUSD,1768968000000,9.733283333333e-06
DOTUSD,1768971600000,1.8217859722222e-05
DOTUSD,1768975200000,9.368518055556e-06
DOTUSD,1768978800000,2.63538888889e-07
DOTUSD,1768982400000,1.0629406944444e-05
DOTUSD,1768986000000,-3.52852777778e-07
DOTUSD,1768989600000,1.72080555556e-07
DOTUSD,1768993200000,7.396665277778e-06
DOTUSD,1768996800000,1.1223125e-06
DOTUSD,1769000400000,-1.3766843055556e-05
DOTUSD,1769004000000,-6.195923611111e-06
DOTUSD,1769007600000,-8.110769444444e-06
DOTUSD,1769011200000,-1.3669704166667e-05
DOTUSD,1769014800000,-1.9148723611111e-05
DOTUSD,1769018400000,-6.168634722222e-06
DOTUSD,1769022000000,-1.1545920833333e-05
DOTUSD,1769025600000,-9.570877777778e-06
DOTUSD,1769029200000,-1.001090277778e-06
DOTUSD,1769032800000,-6.166838888889e-06
DOTUSD,1769036400000,-9.8067125e-06
DOTUSD,1769040000000,-7.615811111111e-06
DOTUSD,1769043600000,-3.568341666667e-06
DOTUSD,1769047200000,-6.2615e-07
DOTUSD,1769050800000,-3.86651388889e-07
DOTUSD,1769054400000,-2.305373611111e-06
DOTUSD,1769058000000,1.414155555556e-06
DOTUSD,1769061600000,1.2030073611111e-05
DOTUSD,1769065200000,-1.007376388889e-06
DOTUSD,1769068800000,-2.6745419444444e-05
DOTUSD,1769072400000,-2.7833186781609e-05
DOTUSD,1769076000000,-3.4755036111111e-05
DOTUSD,1769079600000,-3.0042877777778e-05
DOTUSD,1769083200000,-3.0429108333333e-05
DOTUSD,1769086800000,-2.9279459722222e-05
DOTUSD,1769090400000,-3.4839473611111e-05
DOTUSD,1769094000000,-2.8179625e-05
DOTUSD,1769097600000,-1.4776880555556e-05
DOTUSD,1769101200000,-1.0672201388889e-05
DOTUSD,1769104800000,-1.0976768055556e-05
DOTUSD,1769108400000,-1.5464276388889e-05
DOTUSD,1769112000000,-1.7728352777778e-05
DOTUSD,1769115600000,-2.2548784722222e-05
DOTUSD,1769119200000,-1.8361534722222e-05
DOTUSD,1769122800000,-9.198127777778e-06
DOTUSD,1769126400000,-3.306366666667e-06
DOTUSD,1769130000000,-1.007536111111e-06
DOTUSD,1769133600000,6.81985e-06
DOTUSD,1769137200000,3.107713888889e-06
DOTUSD,1769140800000,2.245130555556e-06
DOTUSD,1769144400000,-5.784904166667e-06
DOTUSD,1769148000000,-1.0410606944444e-05
DOTUSD,1769151600000,2.327893055556e-06
DOTUSD,1769155200000,-7.182154166667e-06
DOTUSD,1769158800000,-8.4803e-06
DOTUSD,1769162400000,-1.4293368055556e-05
DOTUSD,1769166000000,-2.33123e-05
DOTUSD,1769169600000,-1.8425313888889e-05
DOTUSD,1769173200000,-1.6988581944444e-05
DOTUSD,1769176800000,-1.3329472222222e-05
DOTUSD,1769180400000,-7.893333333333e-06
DOTUSD,1769184000000,-3.0932633333333e-05
DOTUSD,1769187600000,-2.3090761111111e-05
DOTUSD,1769191200000,-3.6769373611111e-05
DOTUSD,1769194800000,-3.8749611111111e-05
DOTUSD,1769198400000,-2.6489140277778e-05
DOTUSD,1769202000000,-3.09916125e-05
DOTUSD,1769205600000,-3.6775055555556e-05
DOTUSD,1769209200000,-3.497585e-05
DOTUSD,1769212800000,-3.11372375e-05
DOTUSD,1769216400000,-2.4099823611111e-05
DOTUSD,1769220000000,-1.1584543055556e-05
DOTUSD,1769223600000,-1.0616613888889e-05
DOTUSD,1769227200000,-1.0492481944444e-05
DOTUSD,1769230800000,-9.1617875e-06
DOTUSD,1769234400000,-1.0344768055556e-05
DOTUSD,1769238000000,-3.09805555556e-07
DOTUSD,1769241600000,2.261933333333e-06
DOTUSD,1769245200000,1.752388888889e-06
DOTUSD,1769248800000,3.10497222222e-07
DOTUSD,1769252400000,2.266086111111e-06
DOTUSD,1769256000000,-2.694238888889e-06
DOTUSD,1769259600000,-2.115634722222e-06
DOTUSD,1769263200000,-7.032808333333e-06
DOTUSD,1769266800000,-1.1972426388889e-05
DOTUSD,1769270400000,-1.3805945833333e-05
DOTUSD,1769274000000,-2.5884861111111e-05
DOTUSD,1769277600000,-2.5520626388889e-05
DOTUSD,1769281200000,-2.7103351388889e-05
DOTUSD,1769284800000,-2.3679688888889e-05
DOTUSD,1769288400000,-1.3989125e-05
DOTUSD,1769292000000,-1.0464472222222e-05
DOTUSD,1769295600000,-6.097065277778e-06
DOTUSD,1769299200000,-2.089940277778e-06
DOTUSD,1769302800000,1.139530555556e-06
DOTUSD,1769306400000,3.81305e-06
DOTUSD,1769310000000,7.770934722222e-06
DOTUSD,1769313600000,1.971309722222e-06
DOTUSD,1769317200000,-1.9922125e-06
DOTUSD,1769320800000,-9.42680555556e-07
DOTUSD,1769324400000,-4.846490277778e-06
DOTUSD,1769328000000,-1.8342486111111e-05
DOTUSD,1769331600000,-1.1542909722222e-05
DOTUSD,1769335200000,-1.1043173611111e-05
DOTUSD,1769338800000,-1.4251788888889e-05
DOTUSD,1769342400000,-2.0964004166667e-05
DOTUSD,1769346000000,-1.5579543055556e-05
DOTUSD,1769349600000,-1.4994555555556e-05
DOTUSD,1769353200000,-2.1017034722222e-05
DOTUSD,1769356800000,-1.7533551388889e-05
DOTUSD,1769360400000,-2.0208301388889e-05
DOTUSD,1769364000000,-1.9480631944444e-05
DOTUSD,1769367600000,-2.470025e-05
DOTUSD,1769371200000,-1.6978440277778e-05
DOTUSD,1769374800000,-1.4124927777778e-05
DOTUSD,1769378400000,-2.2135459677419e-05
DOTUSD,1769382000000,-2.1431934139785e-05
DOTUSD,1769385600000,-9.392775e-06
DOTUSD,1769389200000,-1.331338888889e-06
DOTUSD,1769392800000,1.5836734722222e-05
DOTUSD,1769396400000,1.3679884722222e-05
DOTUSD,1769400000000,1.2980519444444e-05
DOTUSD,1769403600000,8.760238888889e-06
DOTUSD,1769407200000,4.230993055556e-06
DOTUSD,1769410800000,9.217091666667e-06
DOTUSD,1769414400000,9.184009722222e-06
DOTUSD,1769418000000,1.0687797222222e-05
DOTUSD,1769421600000,1.0730480555556e-05
DOTUSD,1769425200000,2.664572222222e-06
DOTUSD,1769428800000,9.717826388889e-06
DOTUSD,1769432400000,8.013486111111e-06
DOTUSD,1769436000000,2.597195833333e-06
DOTUSD,1769439600000,-4.72370833333e-07
DOTUSD,1769443200000,-1.2956231944444e-05
DOTUSD,1769446800000,-3.0094054166667e-05
DOTUSD,1769450400000,-2.8335840277778e-05
DOTUSD,1769454000000,-2.6806430555556e-05
DOTUSD,1769457600000,-2.9809838888889e-05
DOTUSD,1769461200000,-1.2748406944444e-05
DOTUSD,1769464800000,-1.4606848611111e-05
DOTUSD,1769468400000,-9.419095833333e-06
DOTUSD,1769472000000,-3.486718055556e-06
DOTUSD,1769475600000,3.643030555556e-06
DOTUSD,1769479200000,8.419191666667e-06
DOTUSD,1769482800000,3.919020833333e-06
DOTUSD,1769486400000,-2.562673611111e-06
DOTUSD,1769490000000,-2.510380555556e-06
DOTUSD,1769493600000,-5.629270833333e-06
DOTUSD,1769497200000,-6.140177777778e-06
DOTUSD,1769500800000,-8.93458333333e-07
DOTUSD,1769504400000,5.160881944444e-06
DOTUSD,1769508000000,8.287095833333e-06
DOTUSD,1769511600000,6.085072222222e-06
DOTUSD,1769515200000,6.580147222222e-06
DOTUSD,1769518800000,1.397838888889e-06
DOTUSD,1769522400000,2.777602777778e-06
DOTUSD,1769526000000,1.4609118055556e-05
DOTUSD,1769529600000,1.0250623611111e-05
DOTUSD,1769533200000,8.553663888889e-06
DOTUSD,1769536800000,3.2874125e-06
DOTUSD,1769540400000,-3.725129166667e-06
DOTUSD,1769544000000,-3.270091666667e-06
DOTUSD,1769547600000,8.063604166667e-06
DOTUSD,1769551200000,1.262877777778e-06
DOTUSD,1769554800000,4.36875e-08
DOTUSD,1769558400000,6.206715277778e-06
DOTUSD,1769562000000,1.1085723611111e-05
DOTUSD,1769565600000,1.1225847222222e-05
DOTUSD,1769569200000,6.467006944444e-06
DOTUSD,1769572800000,1.4517748611111e-05
DOTUSD,1769576400000,6.616486111111e-06
DOTUSD,1769580000000,8.550275e-06
DOTUSD,1769583600000,8.214170833333e-06
DOTUSD,1769587200000,7.01294444444e-07
DOTUSD,1769590800000,-4.398229166667e-06
DOTUSD,1769594400000,-1.07119e-05
DOTUSD,1769598000000,-1.8012705555556e-05
DOTUSD,1769601600000,-1.7762063888889e-05
DOTUSD,1769605200000,-1.3773043055556e-05
DOTUSD,1769608800000,-2.5150198611111e-05
DOTUSD,1769612400000,-1.051530555556e-06
DOTUSD,1769616000000,1.565476388889e-06
DOTUSD,1769619600000,-3.864047222222e-06
DOTUSD,1769623200000,2.775580555556e-06
DOTUSD,1769626800000,-5.362823611111e-06
DOTUSD,1769630400000,-1.0201397222222e-05
DOTUSD,1769634000000,-4.918676388889e-06
DOTUSD,1769637600000,1.38931944444e-07
DOTUSD,1769641200000,7.221430555556e-06
DOTUSD,1769644800000,1.3199581944444e-05
DOTUSD,1769648400000,1.1927769444444e-05
DOTUSD,1769652000000,3.652461111111e-06
DOTUSD,1769655600000,-2.781959722222e-06
DOTUSD,1769659200000,1.930013888889e-06
DOTUSD,1769662800000,-1.3812597222222e-05
DOTUSD,1769666400000,-1.7481652777778e-05
DOTUSD,1769670000000,-1.2621734722222e-05
DOTUSD,1769673600000,-6.65627777778e-07
DOTUSD,1769677200000,2.876058908046e-06
DOTUSD,1769680800000,1.8458691666667e-05
DOTUSD,1769684400000,8.284926388889e-06
DOTUSD,1769688000000,3.073004166667e-06
DOTUSD,1769691600000,7.414847222222e-06
DOTUSD,1769695200000,-1.182206944444e-06
DOTUSD,1769698800000,-3.766516666667e-06
DOTUSD,1769702400000,-8.654181944444e-06
DOTUSD,1769706000000,-6.737406944444e-06
DOTUSD,1769709600000,-2.4952930555556e-05
DOTUSD,1769713200000,-1.7832140277778e-05
DOTUSD,1769716800000,-1.4077645833333e-05
DOTUSD,1769720400000,-1.2440463888889e-05
DOTUSD,1769724000000,-8.927843055556e-06
DOTUSD,1769727600000,-3.934255555556e-06
DOTUSD,1769731200000,-3.61693055556e-07
DOTUSD,1769734800000,-9.1424e-06
DOTUSD,1769738400000,-4.939590277778e-06
DOTUSD,1769742000000,-2.35620833333e-07
DOTUSD,1769745600000,-4.742847222222e-06
DOTUSD,1769749200000,-2.555822222222e-06
DOTUSD,1769752800000,-6.472359722222e-06
DOTUSD,1769756400000,6.421698611111e-06
DOTUSD,1769760000000,1.0593915277778e-05
DOTUSD,1769763600000,5.621270833333e-06
DOTUSD,1769767200000,1.0880441666667e-05
DOTUSD,1769770800000,1.1764119444444e-05
DOTUSD,1769774400000,8.311101388889e-06
DOTUSD,1769778000000,3.880901388889e-06
DOTUSD,1769781600000,-8.701544444444e-06
DOTUSD,1769785200000,-3.359879166667e-06
DOTUSD,1769788800000,1.23437375e-05
DOTUSD,1769792400000,1.780079166667e-06
DOTUSD,1769796000000,8.354215277778e-06
DOTUSD,1769799600000,5.613086111111e-06
DOTUSD,1769803200000,-4.378969444444e-06
DOTUSD,1769806800000,-4.165811111111e-06
DOTUSD,1769810400000,1.242058333333e-06
DOTUSD,1769814000000,-2.55704166667e-07
DOTUSD,1769817600000,9.40238888889e-07
DOTUSD,1769821200000,3.959694444444e-06
DOTUSD,1769824800000,-6.229645833333e-06
DOTUSD,1769828400000,-3.894781944444e-06
DOTUSD,1769832000000,-3.910686111111e-06
DOTUSD,1769835600000,-1.3437347222222e-05
DOTUSD,1769839200000,-1.6241977777778e-05
DOTUSD,1769842800000,-1.3650066666667e-05
DOTUSD,1769846400000,-1.4029405555556e-05
DOTUSD,1769850000000,6.6823e-06
DOTUSD,1769853600000,9.994543010753e-06
DOTUSD,1769857200000,1.5546045698925e-05
DOTUSD,1769860800000,1.4598743055556e-05
DOTUSD,1769864400000,6.37976388889e-07
DOTUSD,1769868000000,4.235129166667e-06
DOTUSD,1769871600000,-3.2725270833333e-05
DOTUSD,1769875200000,-4.5998656944444e-05
DOTUSD,1769878800000,-2.6576156944444e-05
DOTUSD,1769882400000,-4.7609013888889e-05
DOTUSD,1769886000000,-4.1777188888889e-05
DOTUSD,1769889600000,-3.0946131944444e-05
DOTUSD,1769893200000,-3.5500281944444e-05
DOTUSD,1769896800000,-4.0994593055556e-05
DOTUSD,1769900400000,-4.2657393055556e-05
DOTUSD,1769904000000,-5.7896569444444e-05
DOTUSD,1769907600000,-6.3798434722222e-05
DOTUSD,1769911200000,-6.7634427777778e-05
DOTUSD,1769914800000,-6.2385147222222e-05
DOTUSD,1769918400000,-5.9907031944444e-05
DOTUSD,1769922000000,-6.1262304166667e-05
DOTUSD,1769925600000,-6.1006572222222e-05
DOTUSD,1769929200000,-3.6926834722222e-05
DOTUSD,1769932800000,-1.72304e-05
DOTUSD,1769936400000,-1.4227934722222e-05
DOTUSD,1769940000000,-7.500402777778e-06
DOTUSD,1769943600000,-3.6323658333333e-05
DOTUSD,1769947200000,-3.7469033333333e-05
DOTUSD,1769950800000,-3.4776672222222e-05
DOTUSD,1769954400000,-1.8864340277778e-05
DOTUSD,1769958000000,-1.7204169444444e-05
DOTUSD,1769961600000,-1.2970479166667e-05
DOTUSD,1769965200000,-2.2291775e-05
DOTUSD,1769968800000,-2.2788333333333e-05
DOTUSD,1769972400000,-2.0682602777778e-05
DOTUSD,1769976000000,-2.5502173611111e-05
DOTUSD,1769979600000,-2.3019898611111e-05
DOTUSD,1769983200000,-2.4139794444444e-05
DOTUSD,1769986800000,-2.1251720833333e-05
DOTUSD,1769990400000,-2.4808270833333e-05
DOTUSD,1769994000000,-2.5804498611111e-05
DOTUSD,1769997600000,-1.9521513888889e-05
DOTUSD,1770001200000,-3.188255e-05
DOTUSD,1770004800000,-2.7841159722222e-05
DOTUSD,1770008400000,-9.412494444444e-06
DOTUSD,1770012000000,-9.598004166667e-06
DOTUSD,1770015600000,-7.701398611111e-06
DOTUSD,1770019200000,-2.7161934722222e-05
DOTUSD,1770022800000,-1.5819022222222e-05
DOTUSD,1770026400000,-1.0598919444444e-05
DOTUSD,1770030000000,-6.128202777778e-06
DOTUSD,1770033600000,-3.892533333333e-06
DOTUSD,1770037200000,-1.5822401388889e-05
DOTUSD,1770040800000,-2.9882761111111e-05
DOTUSD,1770044400000,-3.8496540277778e-05
DOTUSD,1770048000000,-3.7262451388889e-05
DOTUSD,1770051600000,-5.1898495833333e-05
DOTUSD,1770055200000,-5.0780529166667e-05
DOTUSD,1770058800000,-4.3054548611111e-05
DOTUSD,1770062400000,-3.3322536111111e-05
DOTUSD,1770066000000,-2.6934370833333e-05
DOTUSD,1770069600000,-2.2656716666667e-05
DOTUSD,1770073200000,-2.62747625e-05
DOTUSD,1770076800000,-2.0654991666667e-05
DOTUSD,1770080400000,-2.1075102777778e-05
DOTUSD,1770084000000,-1.6424904166667e-05
DOTUSD,1770087600000,-2.2163530555556e-05
DOTUSD,1770091200000,-1.3265416666667e-05
DOTUSD,1770094800000,-6.993829166667e-06
DOTUSD,1770098400000,-1.3249304166667e-05
DOTUSD,1770102000000,-2.8703404166667e-05
DOTUSD,1770105600000,-2.7834522222222e-05
DOTUSD,1770109200000,-2.8441191666667e-05
DOTUSD,1770112800000,-2.5078958333333e-05
DOTUSD,1770116400000,-2.4781073611111e-05
DOTUSD,1770120000000,-3.6328486111111e-05
DOTUSD,1770123600000,-2.1947195833333e-05
DOTUSD,1770127200000,-2.8459144444444e-05
DOTUSD,1770130800000,-2.1001244444444e-05
DOTUSD,1770134400000,-1.458158333333e-06
DOTUSD,1770138000000,3.268586111111e-06
DOTUSD,1770141600000,1.287002777778e-06
DOTUSD,1770145200000,-2.317329166667e-06
DOTUSD,1770148800000,3.088e-07
DOTUSD,1770152400000,1.870034722222e-06
DOTUSD,1770156000000,-3.399308333333e-06
DOTUSD,1770159600000,-1.8278e-06
DOTUSD,1770163200000,1.64030555556e-07
DOTUSD,1770166800000,-8.03608333333e-07
DOTUSD,1770170400000,-5.327938888889e-06
DOTUSD,1770174000000,-6.161916666667e-06
DOTUSD,1770177600000,-5.551552777778e-06
DOTUSD,1770181200000,-1.0167854166667e-05
DOTUSD,1770184800000,-5.194970833333e-06
DOTUSD,1770188400000,6.922491666667e-06
DOTUSD,1770192000000,1.2746797222222e-05
DOTUSD,1770195600000,1.3813531944444e-05
DOTUSD,1770199200000,1.2024219444444e-05
DOTUSD,1770202800000,7.206320833333e-06
DOTUSD,1770210000000,1.848950892857e-06
DOTUSD,1770213600000,-4.344463888889e-06
DOTUSD,1770217200000,-8.293356944444e-06
DOTUSD,1770220800000,-1.4146973611111e-05
DOTUSD,1770224400000,-1.4945770833333e-05
DOTUSD,1770228000000,-1.3058875e-06
DOTUSD,1770231600000,1.505056944444e-06
DOTUSD,1770235200000,7.470719444444e-06
DOTUSD,1770238800000,-1.460373611111e-06
DOTUSD,1770242400000,8.335620833333e-06
DOTUSD,1770246000000,3.826775e-06
DOTUSD,1770249600000,6.926186111111e-06
DOTUSD,1770253200000,4.683905555556e-06
DOTUSD,1770256800000,5.677838888889e-06
DOTUSD,1770260400000,3.185648611111e-06
DOTUSD,1770264000000,-2.2388888889e-08
DOTUSD,1770267600000,3.180127777778e-06
DOTUSD,1770271200000,-4.281483333333e-06
DOTUSD,1770274800000,-1.2836283333333e-05
DOTUSD,1770278400000,-7.983747222222e-06
DOTUSD,1770282000000,-8.909604166667e-06
DOTUSD,1770285600000,-4.837727777778e-06
DOTUSD,1770289200000,-2.311758333333e-06
DOTUSD,1770292800000,-1.395755e-05
DOTUSD,1770296400000,-2.3670370833333e-05
DOTUSD,1770300000000,-2.0046823611111e-05
DOTUSD,1770303600000,-1.8404620833333e-05
DOTUSD,1770307200000,-2.7436036458333e-05
DOTUSD,1770310800000,-2.8128973611111e-05
DOTUSD,1770314400000,-4.6483344444444e-05
DOTUSD,1770318000000,-3.8393659722222e-05
DOTUSD,1770321600000,-3.6184705555556e-05
DOTUSD,1770325200000,-1.9553561111111e-05
DOTUSD,1770328800000,-1.57140875e-05
DOTUSD,1770332400000,-2.3476804166667e-05
DOTUSD,1770336000000,-1.3724879166667e-05
DOTUSD,1770339600000,-3.6943879166667e-05
DOTUSD,1770343200000,-1.4627591666667e-05
DOTUSD,1770346800000,-2.9355659722222e-05
DOTUSD,1770350400000,-2.7181045833333e-05
DOTUSD,1770354000000,-2.2908345833333e-05
DOTUSD,1770357600000,-1.4653636111111e-05
DOTUSD,1770361200000,-3.15195125e-05
DOTUSD,1770364800000,-2.9993820833333e-05
DOTUSD,1770368400000,-2.5062270833333e-05
DOTUSD,1770372000000,-1.9870745833333e-05
DOTUSD,1770375600000,-2.2704069444444e-05
DOTUSD,1770379200000,-4.4687331944444e-05
DOTUSD,1770382800000,-4.052295e-05
DOTUSD,1770386400000,-3.6586884722222e-05
DOTUSD,1770390000000,-3.9518393055556e-05
DOTUSD,1770393600000,-4.4571913888889e-05
DOTUSD,1770397200000,-4.4643104166667e-05
DOTUSD,1770400800000,-2.7987626388889e-05
DOTUSD,1770404400000,-1.9353501388889e-05
DOTUSD,1770408000000,-1.5134769444444e-05
DOTUSD,1770411600000,-2.6830873611111e-05
DOTUSD,1770415200000,-3.3590770833333e-05
DOTUSD,1770418800000,-1.9250176388889e-05
DOTUSD,1770422400000,-6.879441666667e-06
DOTUSD,1770426000000,-1.4979068055556e-05
DOTUSD,1770429600000,-2.3303576388889e-05
DOTUSD,1770433200000,-2.1868876388889e-05
DOTUSD,1770436800000,-2.8951102777778e-05
DOTUSD,1770440400000,-2.5568898611111e-05
DOTUSD,1770444000000,-3.799552777778e-06
DOTUSD,1770447600000,-1.03334e-05
DOTUSD,1770451200000,-2.2024444444444e-05
DOTUSD,1770454800000,-1.40748375e-05
DOTUSD,1770458400000,-1.0451668055556e-05
DOTUSD,1770462000000,-8.285491666667e-06
DOTUSD,1770465600000,-8.967308333333e-06
DOTUSD,1770469200000,-1.373316666667e-06
DOTUSD,1770472800000,-1.284404166667e-06
DOTUSD,1770476400000,1.72823611111e-07
DOTUSD,1770480000000,-1.450551388889e-06
DOTUSD,1770483600000,-2.3615258333333e-05
DOTUSD,1770487200000,-2.9063869444444e-05
DOTUSD,1770490800000,-1.8373698611111e-05
DOTUSD,1770494400000,-2.0376970833333e-05
DOTUSD,1770498000000,-2.2671211111111e-05
DOTUSD,1770501600000,-2.0214976388889e-05
DOTUSD,1770505200000,-2.0366747222222e-05
DOTUSD,1770508800000,-1.7233681944444e-05
DOTUSD,1770512400000,-1.9079154166667e-05
DOTUSD,1770516000000,-1.8093959722222e-05
DOTUSD,1770519600000,-2.0251630555556e-05
DOTUSD,1770523200000,-2.2605043055556e-05
DOTUSD,1770526800000,-1.6629377777778e-05
DOTUSD,1770530400000,-1.6293615277778e-05
DOTUSD,1770534000000,-2.8901736111111e-05
DOTUSD,1770537600000,-2.9540469444444e-05
DOTUSD,1770541200000,-2.7031763888889e-05
DOTUSD,1770544800000,-3.2961344444444e-05
DOTUSD,1770548400000,-3.6798758333333e-05
DOTUSD,1770552000000,-3.1942313888889e-05
DOTUSD,1770555600000,-3.9577311111111e-05
DOTUSD,1770559200000,-3.9201840277778e-05
DOTUSD,1770562800000,-3.8347611111111e-05
DOTUSD,1770566400000,-4.52056125e-05
DOTUSD,1770570000000,-4.3848625e-05
DOTUSD,1770573600000,-3.3739698611111e-05
DOTUSD,1770577200000,-2.6596823611111e-05
DOTUSD,1770580800000,-2.5003719444444e-05
DOTUSD,1770584400000,-3.4955636111111e-05
DOTUSD,1770588000000,-3.8629316666667e-05
DOTUSD,1770591600000,-3.0692706944444e-05
DOTUSD,1770595200000,-2.2067402777778e-05
DOTUSD,1770598800000,-1.3106802777778e-05
DOTUSD,1770602400000,-1.88320875e-05
DOTUSD,1770606000000,-1.8980355555556e-05
DOTUSD,1770609600000,-4.876616666667e-06
DOTUSD,1770613200000,-2.192098611111e-06
DOTUSD,1770616800000,-4.956965277778e-06
DOTUSD,1770620400000,-2.5044627777778e-05
DOTUSD,1770624000000,-2.9681675e-05
DOTUSD,1770627600000,-3.4522769444444e-05
DOTUSD,1770631200000,-3.38616125e-05
DOTUSD,1770634800000,-3.5440159722222e-05
DOTUSD,1770638400000,-2.7734404166667e-05
DOTUSD,1770642000000,-3.4848998611111e-05
DOTUSD,1770645600000,-4.2430781944444e-05
DOTUSD,1770649200000,-3.9952127777778e-05
DOTUSD,1770652800000,-3.5705525e-05
DOTUSD,1770656400000,-3.5727983333333e-05
DOTUSD,1770660000000,-4.6868908333333e-05
DOTUSD,1770663600000,-4.80875125e-05
DOTUSD,1770667200000,-2.1836581944444e-05
DOTUSD,1770670800000,-1.3346815277778e-05
DOTUSD,1770674400000,-1.8202605555556e-05
DOTUSD,1770678000000,-2.3266805555556e-05
DOTUSD,1770681600000,-1.8534258333333e-05
DOTUSD,1770685200000,-2.0219930555556e-05
DOTUSD,1770688800000,-2.8969263888889e-05
DOTUSD,1770692400000,-3.0622484722222e-05
DOTUSD,1770696000000,-3.893635e-05
DOTUSD,1770699600000,-3.9906065277778e-05
DOTUSD,1770703200000,-3.4854218055556e-05
DOTUSD,1770706800000,-3.2004398611111e-05
DOTUSD,1770710400000,-2.8818586111111e-05
DOTUSD,1770714000000,-1.5074540277778e-05
DOTUSD,1770717600000,-8.174916666667e-06
DOTUSD,1770721200000,-2.615106944444e-06
DOTUSD,1770724800000,-1.4636781944444e-05
DOTUSD,1770728400000,-1.3848161111111e-05
DOTUSD,1770732000000,-2.6908080555556e-05
DOTUSD,1770735600000,-4.2510413888889e-05
DOTUSD,1770739200000,-2.6271527777778e-05
DOTUSD,1770742800000,-3.63497e-05
DOTUSD,1770746400000,-4.2748673611111e-05
DOTUSD,1770750000000,-3.0158761111111e-05
DOTUSD,1770753600000,-3.3813641666667e-05
DOTUSD,1770757200000,-3.5916348611111e-05
DOTUSD,1770760800000,-3.3988381944444e-05
DOTUSD,1770764400000,-2.9503958333333e-05
DOTUSD,1770768000000,-1.6815079166667e-05
DOTUSD,1770771600000,-2.02634875e-05
DOTUSD,1770775200000,-1.6001908333333e-05
DOTUSD,1770778800000,-1.3508379166667e-05
DOTUSD,1770782400000,-1.1230652777778e-05
DOTUSD,1770786000000,-1.1080883333333e-05
DOTUSD,1770789600000,-5.247381944444e-06
DOTUSD,1770793200000,-1.4281238888889e-05
DOTUSD,1770796800000,-1.6881859722222e-05
DOTUSD,1770800400000,-1.1358173611111e-05
DOTUSD,1770804000000,-2.6465418055556e-05
DOTUSD,1770807600000,-1.9859875e-05
DOTUSD,1770811200000,-1.6673661111111e-05
DOTUSD,1770814800000,-6.681797222222e-06
DOTUSD,1770818400000,-9.732705555556e-06
DOTUSD,1770822000000,-1.1299147222222e-05
DOTUSD,1770825600000,-3.3241536111111e-05
DOTUSD,1770829200000,-2.51363125e-05
DOTUSD,1770832800000,-1.4071116666667e-05
DOTUSD,1770836400000,-1.0952695833333e-05
DOTUSD,1770840000000,-1.33921125e-05
DOTUSD,1770843600000,-1.6318675e-05
DOTUSD,1770847200000,-1.8110698611111e-05
DOTUSD,1770850800000,-1.6436933333333e-05
DOTUSD,1770854400000,-1.6510423611111e-05
DOTUSD,1770858000000,-2.73413125e-05
DOTUSD,1770861600000,-2.9870869444444e-05
DOTUSD,1770865200000,-3.1690384722222e-05
DOTUSD,1770868800000,-2.9616718055556e-05
DOTUSD,1770872400000,-2.4936045833333e-05
DOTUSD,1770876000000,-2.5668466666667e-05
DOTUSD,1770879600000,-1.5284220833333e-05
DOTUSD,1770883200000,-7.783848611111e-06
DOTUSD,1770886800000,-4.121732954545e-06
DOTUSD,1770890400000,4.469727777778e-06
DOTUSD,1770894000000,7.854404166667e-06
DOTUSD,1770897600000,5.897602777778e-06
DOTUSD,1770901200000,-1.2488502777778e-05
DOTUSD,1770904800000,-2.2559269444444e-05
DOTUSD,1770908400000,-3.6509793055556e-05
DOTUSD,1770912000000,-4.3177756944444e-05
DOTUSD,1770915600000,-3.92134625e-05
DOTUSD,1770919200000,-3.1930240277778e-05
DOTUSD,1770922800000,-2.9537869444444e-05
DOTUSD,1770926400000,-2.0787906944444e-05
DOTUSD,1770930000000,-1.4043944444444e-05
DOTUSD,1770933600000,-2.3087008333333e-05
DOTUSD,1770937200000,-1.1214906944444e-05
DOTUSD,1770940800000,-1.442802777778e-06
DOTUSD,1770944400000,-1.0777811111111e-05
DOTUSD,1770948000000,-9.00836111111e-07
DOTUSD,1770951600000,-3.560115277778e-06
DOTUSD,1770955200000,-1.6490934722222e-05
DOTUSD,1770958800000,-1.9951472222222e-05
DOTUSD,1770962400000,-2.90045375e-05
DOTUSD,1770966000000,-3.3592468055556e-05
DOTUSD,1770969600000,-2.9020629166667e-05
DOTUSD,1770973200000,-1.9932560897436e-05
DOTUSD,1770976800000,-1.5402433333333e-05
DOTUSD,1770980400000,-1.6964238888889e-05
DOTUSD,1770984000000,-2.1900613888889e-05
DOTUSD,1770987600000,-3.4986001388889e-05
DOTUSD,1770991200000,-3.7874911111111e-05
DOTUSD,1770994800000,-3.4298258333333e-05
DOTUSD,1770998400000,-2.6397630555556e-05
DOTUSD,1771002000000,-3.8500547222222e-05
DOTUSD,1771009200000,-3.3376478448276e-05
DOTUSD,1771012800000,-3.5369986111111e-05
DOTUSD,1771016400000,-3.4129654166667e-05
DOTUSD,1771020000000,-3.4709447222222e-05
DOTUSD,1771023600000,-1.2572801388889e-05
DOTUSD,1771027200000,-8.844820833333e-06
DOTUSD,1771030800000,-4.053713888889e-06
DOTUSD,1771034400000,-1.0329575e-05
DOTUSD,1771038000000,-1.786504166667e-06
DOTUSD,1771041600000,8.16777777778e-07
DOTUSD,1771045200000,1.197701388889e-06
DOTUSD,1771048800000,7.33908333333e-07
DOTUSD,1771052400000,-1.914918055556e-06
DOTUSD,1771056000000,-4.280925e-06
DOTUSD,1771059600000,-4.235130555556e-06
DOTUSD,1771063200000,-6.768965277778e-06
DOTUSD,1771066800000,-1.7930669444444e-05
DOTUSD,1771070400000,-1.7581036111111e-05
DOTUSD,1771074000000,-2.0721129166667e-05
DOTUSD,1771077600000,-5.190688888889e-06
DOTUSD,1771081200000,-3.397420833333e-06
DOTUSD,1771084800000,3.346330555556e-06
DOTUSD,1771088400000,6.656126388889e-06
DOTUSD,1771092000000,1.7862713888889e-05
DOTUSD,1771095600000,7.985269444444e-06
DOTUSD,1771099200000,4.079859722222e-06
DOTUSD,1771102800000,6.402111111111e-06
DOTUSD,1771106400000,-1.2522533333333e-05
DOTUSD,1771110000000,-6.53679166667e-07
DOTUSD,1771113600000,-2.4002036111111e-05
DOTUSD,1771117200000,-3.1441241666667e-05
DOTUSD,1771120800000,-1.806515e-05
DOTUSD,1771124400000,-1.2525004166667e-05
DOTUSD,1771128000000,-1.8965934722222e-05
DOTUSD,1771131600000,-1.7396947222222e-05
DOTUSD,1771135200000,-1.1288975e-05
DOTUSD,1771138800000,-1.1335008333333e-05
DOTUSD,1771142400000,-1.0414469444444e-05
DOTUSD,1771146000000,-1.4768080555556e-05
DOTUSD,1771149600000,-1.7090395833333e-05
DOTUSD,1771153200000,-1.5269601388889e-05
DOTUSD,1771156800000,-1.84669125e-05
DOTUSD,1771160400000,-1.8497183333333e-05
DOTUSD,1771164000000,-1.5687977777778e-05
DOTUSD,1771167600000,-4.833934722222e-06
DOTUSD,1771171200000,-1.4135104166667e-05
DOTUSD,1771174800000,-1.2851686111111e-05
DOTUSD,1771178400000,-1.1886144444444e-05
DOTUSD,1771182000000,-1.6610956944444e-05
DOTUSD,1771185600000,-2.9091702777778e-05
DOTUSD,1771189200000,-2.6943586111111e-05
DOTUSD,1771192800000,-3.24239375e-05
DOTUSD,1771196400000,-3.8269195833333e-05
DOTUSD,1771200000000,-2.3352755555556e-05
DOTUSD,1771203600000,-1.7447915277778e-05
DOTUSD,1771207200000,-1.2365043055556e-05
DOTUSD,1771210800000,-2.2295206944444e-05
DOTUSD,1771214400000,-2.9725158333333e-05
DOTUSD,1771218000000,-2.8909756944444e-05
DOTUSD,1771221600000,-9.167720833333e-06
DOTUSD,1771225200000,-1.2629541666667e-05
DOTUSD,1771228800000,-1.0002972222222e-05
DOTUSD,1771232400000,-1.6982394444444e-05
DOTUSD,1771236000000,-1.8888647222222e-05
DOTUSD,1771239600000,-1.8499084722222e-05
DOTUSD,1771243200000,-1.6893423611111e-05
DOTUSD,1771246800000,-1.3934193055556e-05
DOTUSD,1771250400000,-2.6545261111111e-05
DOTUSD,1771254000000,-3.8133640277778e-05
DOTUSD,1771257600000,-3.7929386111111e-05
DOTUSD,1771261200000,-3.3487991666667e-05
DOTUSD,1771264800000,-2.7318198611111e-05
DOTUSD,1771268400000,-3.2557458333333e-05
DOTUSD,1771272000000,-3.6780383333333e-05
DOTUSD,1771275600000,-3.5848768055556e-05
DOTUSD,1771279200000,-3.1430541666667e-05
DOTUSD,1771282800000,-3.1411670833333e-05
DOTUSD,1771286400000,-1.72389125e-05
DOTUSD,1771290000000,-1.3709831944444e-05
DOTUSD,1771293600000,-1.4365991666667e-05
DOTUSD,1771297200000,-1.4076795833333e-05
DOTUSD,1771300800000,-2.8985047222222e-05
DOTUSD,1771304400000,-2.2838930555556e-05
DOTUSD,1771308000000,-2.7412397222222e-05
DOTUSD,1771311600000,-2.5206234722222e-05
DOTUSD,1771315200000,-1.871645e-05
DOTUSD,1771318800000,-1.7238954166667e-05
DOTUSD,1771322400000,-2.5016806944444e-05
DOTUSD,1771326000000,-2.5275858333333e-05
DOTUSD,1771329600000,-2.3558548611111e-05
DOTUSD,1771333200000,-2.2354652777778e-05
DOTUSD,1771336800000,-2.8188480555556e-05
DOTUSD,1771340400000,-3.6969505555556e-05
DOTUSD,1771344000000,-3.2715188888889e-05
DOTUSD,1771347600000,-1.6970988888889e-05
DOTUSD,1771351200000,-2.09122375e-05
DOTUSD,1771354800000,-2.4549730555556e-05
DOTUSD,1771358400000,-2.6054326388889e-05
DOTUSD,1771362000000,-3.4626201388889e-05
DOTUSD,1771365600000,-2.8645013888889e-05
DOTUSD,1771369200000,-2.18169e-05
DOTUSD,1771372800000,-1.485365277778e-06
DOTUSD,1771376400000,-7.097104166667e-06
DOTUSD,1771380000000,-2.0816765277778e-05
DOTUSD,1771383600000,-2.5874366666667e-05
DOTUSD,1771387200000,-2.3391870833333e-05
DOTUSD,1771390800000,-2.4774743055556e-05
DOTUSD,1771394400000,-2.37834e-05
DOTUSD,1771398000000,-2.2142406944444e-05
DOTUSD,1771401600000,-2.0208145833333e-05
DOTUSD,1771405200000,-1.8343925e-05
DOTUSD,1771408800000,-2.2772393055556e-05
DOTUSD,1771412400000,-2.5902688888889e-05
DOTUSD,1771416000000,-1.8975931944444e-05
DOTUSD,1771419600000,-1.9124948611111e-05
DOTUSD,1771423200000,-2.6488945833333e-05
DOTUSD,1771426800000,-2.6847036111111e-05
DOTUSD,1771430400000,-2.3806347222222e-05
DOTUSD,1771434000000,-1.6591672222222e-05
DOTUSD,1771437600000,-2.0288308333333e-05
DOTUSD,1771441200000,-3.0882180555556e-05
DOTUSD,1771444800000,-4.37924625e-05
DOTUSD,1771448400000,-3.9785159722222e-05
DOTUSD,1771452000000,-4.1603727777778e-05
DOTUSD,1771455600000,-4.0126288888889e-05
DOTUSD,1771459200000,-5.0084659722222e-05
DOTUSD,1771462800000,-5.2637244444444e-05
DOTUSD,1771466400000,-4.8294727777778e-05
DOTUSD,1771470000000,-4.8276018055556e-05
DOTUSD,1771473600000,-3.9633090277778e-05
DOTUSD,1771477200000,-2.7729333333333e-05
DOTUSD,1771480800000,-3.3890326388889e-05
DOTUSD,1771484400000,-3.2423811111111e-05
DOTUSD,1771488000000,-3.0363736111111e-05
DOTUSD,1771491600000,-3.6858155172414e-05
DOTUSD,1771495200000,-5.3970154166667e-05
DOTUSD,1771498800000,-4.4091536111111e-05
DOTUSD,1771502400000,-3.2827156944444e-05
DOTUSD,1771506000000,-3.2267295833333e-05
DOTUSD,1771509600000,-4.8410905555556e-05
DOTUSD,1771513200000,-4.3983701388889e-05
DOTUSD,1771516800000,-4.8367406944444e-05
DOTUSD,1771520400000,-4.2798752777778e-05
DOTUSD,1771524000000,-4.7276577777778e-05
DOTUSD,1771527600000,-4.6859602777778e-05
DOTUSD,1771531200000,-4.1563744444444e-05
DOTUSD,1771534800000,-4.4885344444444e-05
DOTUSD,1771538400000,-4.7274418055556e-05
DOTUSD,1771542000000,-4.8849325e-05
DOTUSD,1771545600000,-4.2896416666667e-05
DOTUSD,1771549200000,-4.2486473611111e-05
DOTUSD,1771552800000,-3.7175086111111e-05
DOTUSD,1771556400000,-3.3187181944444e-05
DOTUSD,1771560000000,-3.4413119444444e-05
DOTUSD,1771563600000,-2.8608736111111e-05
DOTUSD,1771567200000,-3.0201077777778e-05
DOTUSD,1771570800000,-3.7862183333333e-05
DOTUSD,1771574400000,-3.9902502777778e-05
DOTUSD,1771578000000,-4.4775388888889e-05
DOTUSD,1771581600000,-3.7250483333333e-05
DOTUSD,1771585200000,-3.71411875e-05
DOTUSD,1771588800000,-3.6165338888889e-05
DOTUSD,1771592400000,-4.8853806944444e-05
DOTUSD,1771596000000,-5.59184e-05
DOTUSD,1771599600000,-4.3324293055556e-05
DOTUSD,1771603200000,-1.3139811111111e-05
DOTUSD,1771606800000,-5.673429166667e-06
DOTUSD,1771610400000,-1.6069180555556e-05
DOTUSD,1771614000000,-1.7064738888889e-05
DOTUSD,1771617600000,-2.7205198611111e-05
DOTUSD,1771621200000,-2.9355704166667e-05
DOTUSD,1771624800000,-3.36617125e-05
DOTUSD,1771628400000,-2.8616702777778e-05
DOTUSD,1771632000000,-1.9862268055556e-05
DOTUSD,1771635600000,-1.9315358333333e-05
DOTUSD,1771639200000,-2.4164752777778e-05
DOTUSD,1771642800000,-2.05930375e-05
DOTUSD,1771646400000,-1.4554505555556e-05
DOTUSD,1771650000000,-1.1842097222222e-05
DOTUSD,1771653600000,-1.3140638888889e-05
DOTUSD,1771657200000,-1.0679941666667e-05
DOTUSD,1771660800000,-1.1511086111111e-05
DOTUSD,1771664400000,-8.822002777778e-06
DOTUSD,1771668000000,-2.475236111111e-06
DOTUSD,1771671600000,-1.1522784722222e-05
DOTUSD,1771675200000,-1.2030641666667e-05
DOTUSD,1771678800000,-6.747409722222e-06
DOTUSD,1771682400000,-1.8577204166667e-05
DOTUSD,1771686000000,-2.050215e-05
DOTUSD,1771689600000,-2.1733941666667e-05
DOTUSD,1771693200000,-2.4060172222222e-05
DOTUSD,1771696800000,-2.6914101388889e-05
DOTUSD,1771700400000,-2.9663377777778e-05
DOTUSD,1771704000000,-3.0932604166667e-05
DOTUSD,1771707600000,-2.97500625e-05
DOTUSD,1771711200000,-3.0044377777778e-05
DOTUSD,1771714800000,-2.8217438888889e-05
DOTUSD,1771718400000,-2.4103358333333e-05
DOTUSD,1771722000000,-2.8562448611111e-05
DOTUSD,1771725600000,-3.3632711111111e-05
DOTUSD,1771729200000,-4.9007780555556e-05
DOTUSD,1771732800000,-5.0224e-05
DOTUSD,1771736400000,-5.6530151388889e-05
DOTUSD,1771740000000,-3.9505581944444e-05
DOTUSD,1771743600000,-3.7376040277778e-05
DOTUSD,1771747200000,-2.15539125e-05
DOTUSD,1771750800000,-2.6050893055556e-05
DOTUSD,1771754400000,-4.5728205555556e-05
DOTUSD,1771758000000,-5.99232125e-05
DOTUSD,1771761600000,-4.8892675e-05
DOTUSD,1771765200000,-5.3486136111111e-05
DOTUSD,1771768800000,-5.3263305555556e-05
DOTUSD,1771772400000,-5.78123125e-05
DOTUSD,1771776000000,-5.2936384722222e-05
DOTUSD,1771779600000,-4.8048433333333e-05
DOTUSD,1771783200000,-4.2555995833333e-05
DOTUSD,1771786800000,-5.1654365277778e-05
DOTUSD,1771790400000,-5.2540397222222e-05
DOTUSD,1771794000000,-5.2677580555556e-05
DOTUSD,1771797600000,-5.9304138888889e-05
DOTUSD,1771801200000,-6.3276325e-05
DOTUSD,1771804800000,-6.0438793055556e-05
DOTUSD,1771808400000,-5.6770273611111e-05
DOTUSD,1771812000000,-9.9712623611111e-05
DOTUSD,1771815600000,-8.3442109722222e-05
DOTUSD,1771819200000,-7.4286383333333e-05
DOTUSD,1771822800000,-7.99190875e-05
DOTUSD,1771826400000,-7.2010594444444e-05
DOTUSD,1771830000000,-6.0482491666667e-05
DOTUSD,1771833600000,-5.9446884722222e-05
DOTUSD,1771837200000,-6.1019765277778e-05
DOTUSD,1771840800000,-3.1427656944444e-05
DOTUSD,1771844400000,-2.6602305555556e-05
DOTUSD,1771848000000,-3.1274354166667e-05
DOTUSD,1771851600000,-2.1267279166667e-05
DOTUSD,1771855200000,-1.9771241666667e-05
DOTUSD,1771858800000,-4.3376191666667e-05
DOTUSD,1771862400000,-3.9357797222222e-05
DOTUSD,1771866000000,-4.2650304166667e-05
DOTUSD,1771869600000,-4.4330704166667e-05
DOTUSD,1771873200000,-2.6302698611111e-05
DOTUSD,1771876800000,-2.2650523611111e-05
DOTUSD,1771880400000,-2.9920873611111e-05
DOTUSD,1771884000000,-2.72318e-05
DOTUSD,1771887600000,-3.1156411111111e-05
DOTUSD,1771891200000,-2.2082477777778e-05
DOTUSD,1771894800000,-1.3630790277778e-05
DOTUSD,1771898400000,-2.3297679166667e-05
DOTUSD,1771902000000,-2.8277870833333e-05
DOTUSD,1771905600000,-3.2538509722222e-05
DOTUSD,1771909200000,-3.5726295833333e-05
DOTUSD,1771912800000,-4.3830268055556e-05
DOTUSD,1771916400000,-3.7440255555556e-05
DOTUSD,1771920000000,-3.2140105555556e-05
DOTUSD,1771923600000,-2.1254348611111e-05
DOTUSD,1771927200000,-5.948218055556e-06
DOTUSD,1771930800000,-2.403644444444e-06
DOTUSD,1771934400000,-1.0291276388889e-05
DOTUSD,1771938000000,-8.167016666667e-06
DOTUSD,1771941600000,-1.79325e-05
DOTUSD,1771945200000,-2.3283979166667e-05
DOTUSD,1771948800000,-3.3525027777778e-05
DOTUSD,1771952400000,-2.4646765277778e-05
DOTUSD,1771956000000,-3.2869304166667e-05
DOTUSD,1771959600000,-2.8326405555556e-05
DOTUSD,1771963200000,-3.5202013888889e-05
DOTUSD,1771966800000,-4.4391951388889e-05
DOTUSD,1771970400000,-5.5698481944444e-05
DOTUSD,1771974000000,-4.02691375e-05
DOTUSD,1771977600000,-4.0205401388889e-05
DOTUSD,1771981200000,-3.5519340277778e-05
DOTUSD,1771984800000,-8.336069444444e-06
DOTUSD,1771988400000,-3.561686111111e-06
DOTUSD,1771992000000,-1.2604344444444e-05
DOTUSD,1771995600000,-2.2077323611111e-05
DOTUSD,1771999200000,-2.9928991666667e-05
DOTUSD,1772002800000,-3.5617694444444e-05
DOTUSD,1772006400000,-4.28232875e-05
DOTUSD,1772010000000,-2.1255291666667e-05
DOTUSD,1772013600000,-1.3656343055556e-05
DOTUSD,1772017200000,2.589252777778e-06
DOTUSD,1772020800000,7.953123611111e-06
DOTUSD,1772024400000,1.5984790277778e-05
DOTUSD,1772028000000,-1.7593995833333e-05
DOTUSD,1772031600000,-7.539166666667e-06
DOTUSD,1772035200000,-1.2560454166667e-05
DOTUSD,1772038800000,-1.996565e-05
DOTUSD,1772042400000,-2.1024006944444e-05
DOTUSD,1772046000000,-2.9085238888889e-05
DOTUSD,1772049600000,-2.1410225e-05
DOTUSD,1772053200000,-1.8551826388889e-05
DOTUSD,1772056800000,-6.245294444444e-06
DOTUSD,1772060400000,-2.6033959722222e-05
DOTUSD,1772064000000,-7.9149125e-06
DOTUSD,1772067600000,-1.1164854166667e-05
DOTUSD,1772071200000,-8.855025e-06
DOTUSD,1772074800000,-1.5140763888889e-05
DOTUSD,1772078400000,-1.12058125e-05
DOTUSD,1772082000000,-5.337822222222e-06
DOTUSD,1772085600000,1.386623611111e-06
DOTUSD,1772089200000,-1.08944375e-05
DOTUSD,1772092800000,-5.021805555556e-06
DOTUSD,1772096400000,-7.664824404762e-06
DOTUSD,1772100000000,-2.4384025e-05
DOTUSD,1772103600000,-4.1844866666667e-05
DOTUSD,1772107200000,-1.7059973611111e-05
DOTUSD,1772110800000,-1.4115697222222e-05
DOTUSD,1772114400000,-1.7114963888889e-05
DOTUSD,1772118000000,-1.5543898611111e-05
DOTUSD,1772121600000,-2.38552777778e-07
DOTUSD,1772125200000,-2.939988888889e-06
DOTUSD,1772128800000,-7.189173611111e-06
DOTUSD,1772132400000,-8.76611111111e-07
DOTUSD,1772136000000,1.3281311111111e-05
DOTUSD,1772139600000,-1.8367581944444e-05
DOTUSD,1772143200000,-9.292513888889e-06
DOTUSD,1772146800000,-2.6644875e-06
DOTUSD,1772150400000,-6.650822222222e-06
DOTUSD,1772154000000,-2.9709818055556e-05
DOTUSD,1772157600000,-2.8938708333333e-05
DOTUSD,1772161200000,-2.2023880555556e-05
DOTUSD,1772164800000,-1.74039e-05
DOTUSD,1772168400000,-5.613954166667e-06
DOTUSD,1772172000000,-2.299738888889e-06
DOTUSD,1772175600000,1.0931779166667e-05
DOTUSD,1772179200000,-1.2189105555556e-05
DOTUSD,1772182800000,-1.4125415277778e-05
DOTUSD,1772186400000,-1.2242980555556e-05
DOTUSD,1772190000000,-1.5969634722222e-05
DOTUSD,1772193600000,-2.1102830555556e-05
DOTUSD,1772197200000,-2.3059195833333e-05
DOTUSD,1772200800000,-3.0481152777778e-05
DOTUSD,1772204400000,-4.0738873611111e-05
DOTUSD,1772208000000,-3.1548795833333e-05
DOTUSD,1772211600000,-2.3428898611111e-05
DOTUSD,1772215200000,-2.8391576388889e-05
DOTUSD,1772218800000,-2.2451654166667e-05
DOTUSD,1772222400000,-4.3824151388889e-05
DOTUSD,1772226000000,-2.86473375e-05
DOTUSD,1772229600000,-2.3879561111111e-05
DOTUSD,1772233200000,-2.1448754166667e-05
DOTUSD,1772236800000,-8.968347222222e-06
DOTUSD,1772240400000,9.34684722222e-07
DOTUSD,1772244000000,-6.377156944444e-06
DOTUSD,1772247600000,1.2255106944444e-05
DOTUSD,1772251200000,1.5144670833333e-05
DOTUSD,1772254800000,1.0620620833333e-05
DOTUSD,1772258400000,1.26325e-06
DOTUSD,1772262000000,-3.263179166667e-06
DOTUSD,1772265600000,1.9533291666667e-05
DOTUSD,1772269200000,3.8315125e-06
DOTUSD,1772272800000,-3.816133333333e-06
DOTUSD,1772276400000,3.108386111111e-06
DOTUSD,1772280000000,1.0577898611111e-05
DOTUSD,1772283600000,3.526077777778e-06
DOTUSD,1772287200000,-1.128930555556e-06
DOTUSD,1772290800000,-2.8589734722222e-05
DOTUSD,1772294400000,-5.468822222222e-06
DOTUSD,1772298000000,-7.76959722222e-07
DOTUSD,1772301600000,-1.2381879166667e-05
DOTUSD,1772305200000,-7.234179166667e-06
DOTUSD,1772308800000,-7.973081944444e-06
DOTUSD,1772312400000,-3.604394444444e-06
DOTUSD,1772316000000,-1.8762227777778e-05
DOTUSD,1772319600000,-8.16011111111e-07
DOTUSD,1772323200000,-4.560751388889e-06
DOTUSD,1772326800000,-2.7520390277778e-05
DOTUSD,1772330400000,-4.067197222222e-06
DOTUSD,1772334000000,1.6526019444444e-05
DOTUSD,1772337600000,2.2389230555556e-05
DOTUSD,1772341200000,1.5135759722222e-05
DOTUSD,1772344800000,-9.690391666667e-06
DOTUSD,1772348400000,-2.3091727777778e-05
DOTUSD,1772352000000,-1.6080429166667e-05
DOTUSD,1772355600000,-2.0283827777778e-05
DOTUSD,1772359200000,-2.47273375e-05
DOTUSD,1772362800000,-1.7884366666667e-05
DOTUSD,1772366400000,-1.7307920833333e-05
DOTUSD,1772370000000,-4.522081944444e-06
DOTUSD,1772373600000,1.36672222222e-07
DOTUSD,1772377200000,-2.824166666667e-06
DOTUSD,1772380800000,-5.741473611111e-06
DOTUSD,1772384400000,-1.941308333333e-06
DOTUSD,1772388000000,3.285666666667e-06
DOTUSD,1772391600000,-6.833597222222e-06
DOTUSD,1772395200000,-1.0382119444444e-05
DOTUSD,1772398800000,-1.3304808333333e-05
DOTUSD,1772402400000,-1.0411902777778e-05
DOTUSD,1772406000000,-1.0668665277778e-05
DOTUSD,1772409600000,-8.945916666667e-06
DOTUSD,1772413200000,-4.388929166667e-06
DOTUSD,1772416800000,-4.515501388889e-06
DOTUSD,1772420400000,-6.109334722222e-06
DOTUSD,1772424000000,-1.112843055556e-06
DOTUSD,1772427600000,1.047051388889e-06
DOTUSD,1772431200000,1.097059722222e-06
DOTUSD,1772434800000,4.540847222222e-06
DOTUSD,1772438400000,-6.159751388889e-06
DOTUSD,1772442000000,1.351186111111e-06
DOTUSD,1772445600000,-3.010975e-06
DOTUSD,1772449200000,-4.314916666667e-06
DOTUSD,1772452800000,1.1163479166667e-05
DOTUSD,1772456400000,-1.211229166667e-06
DOTUSD,1772460000000,-9.126609722222e-06
DOTUSD,1772463600000,1.1756454166667e-05
DOTUSD,1772467200000,8.300915277778e-06
DOTUSD,1772470800000,-1.1163456944444e-05
DOTUSD,1772474400000,-2.2584505555556e-05
DOTUSD,1772478000000,-2.0843320833333e-05
DOTUSD,1772481600000,-1.7032609722222e-05
DOTUSD,1772485200000,-2.4579684722222e-05
DOTUSD,1772488800000,-3.0931394444444e-05
DOTUSD,1772492400000,-2.5719048611111e-05
DOTUSD,1772496000000,-1.2587572222222e-05
DOTUSD,1772499600000,-2.5850715277778e-05
DOTUSD,1772503200000,-1.2720205555556e-05
DOTUSD,1772506800000,3.6520833333e-08
DOTUSD,1772510400000,4.911666666667e-06
DOTUSD,1772514000000,-1.00701388889e-07
DOTUSD,1772517600000,-1.409211111111e-06
DOTUSD,1772521200000,-3.8581625e-06
DOTUSD,1772524800000,-1.1873554166667e-05
DOTUSD,1772528400000,-3.9132875e-06
DOTUSD,1772532000000,4.59658333333e-07
DOTUSD,1772535600000,7.925176388889e-06
DOTUSD,1772539200000,-5.686716666667e-06
DOTUSD,1772542800000,2.689090277778e-06
DOTUSD,1772546400000,-3.363751388889e-06
DOTUSD,1772550000000,-4.785159722222e-06
DOTUSD,1772553600000,-5.594906944444e-06
DOTUSD,1772557200000,-3.351883333333e-06
DOTUSD,1772560800000,1.2049781944444e-05
DOTUSD,1772564400000,1.131248611111e-06
DOTUSD,1772568000000,-5.909294444444e-06
DOTUSD,1772571600000,-9.061859722222e-06
DOTUSD,1772575200000,-7.123990277778e-06
DOTUSD,1772578800000,-1.1951397222222e-05
DOTUSD,1772582400000,8.848143055556e-06
DOTUSD,1772586000000,3.795077777778e-06
DOTUSD,1772589600000,-8.298376388889e-06
DOTUSD,1772593200000,-9.289555555556e-06
DOTUSD,1772596800000,-1.0644540277778e-05
DOTUSD,1772600400000,-1.0916088888889e-05
DOTUSD,1772604000000,-6.026870833333e-06
DOTUSD,1772607600000,-7.320601388889e-06
DOTUSD,1772611200000,-1.1174786111111e-05
DOTUSD,1772614800000,-1.1098581944444e-05
DOTUSD,1772618400000,-3.728086111111e-06
DOTUSD,1772622000000,-1.1709918055556e-05
DOTUSD,1772625600000,-1.7517951388889e-05
DOTUSD,1772629200000,-1.863905e-05
DOTUSD,1772632800000,-2.0106997222222e-05
DOTUSD,1772636400000,-1.9634395833333e-05
DOTUSD,1772640000000,-3.0674222222222e-05
DOTUSD,1772643600000,-3.2109602777778e-05
DOTUSD,1772647200000,-3.5027486111111e-05
DOTUSD,1772650800000,-3.7615768055556e-05
DOTUSD,1772654400000,-4.1239926388889e-05
DOTUSD,1772658000000,-5.3568630555556e-05
DOTUSD,1772661600000,-4.0974336111111e-05
DOTUSD,1772665200000,-3.4012755555556e-05
DOTUSD,1772668800000,-1.4322848611111e-05
DOTUSD,1772672400000,-1.54886875e-05
DOTUSD,1772676000000,-1.3682005555556e-05
DOTUSD,1772679600000,-1.0841875e-05
DOTUSD,1772683200000,-8.156626388889e-06
DOTUSD,1772686800000,-7.509494444444e-06
DOTUSD,1772690400000,-2.0928615277778e-05
DOTUSD,1772694000000,-1.8817365277778e-05
DOTUSD,1772697600000,-2.0175655555556e-05
DOTUSD,1772701200000,-1.748358974359e-05
DOTUSD,1772704800000,-1.0153216666667e-05
DOTUSD,1772708400000,-8.796808333333e-06
DOTUSD,1772712000000,-1.2430927777778e-05
DOTUSD,1772715600000,-1.65651e-05
DOTUSD,1772719200000,-2.4645188888889e-05
DOTUSD,1772722800000,-2.09045125e-05
DOTUSD,1772726400000,-1.9693113888889e-05
DOTUSD,1772730000000,-4.5560256944444e-05
DOTUSD,1772733600000,-5.1367206944444e-05
DOTUSD,1772737200000,-4.8116008333333e-05
DOTUSD,1772740800000,-4.0974768055556e-05
DOTUSD,1772744400000,-1.9440309722222e-05
DOTUSD,1772748000000,9.6934722222e-08
DOTUSD,1772751600000,-2.9146631944444e-05
DOTUSD,1772755200000,-3.1006320833333e-05
DOTUSD,1772758800000,-2.9438209722222e-05
DOTUSD,1772762400000,-1.83106e-05
DOTUSD,1772766000000,-1.6071844444444e-05
DOTUSD,1772769600000,-1.8830601388889e-05
DOTUSD,1772773200000,-2.4450458333333e-05
DOTUSD,1772776800000,-1.8594490277778e-05
DOTUSD,1772780400000,-9.813394444444e-06
DOTUSD,1772784000000,-2.963380555556e-06
DOTUSD,1772787600000,-9.4929125e-06
DOTUSD,1772791200000,-1.9540016666667e-05
DOTUSD,1772794800000,-2.7935876388889e-05
DOTUSD,1772798400000,-2.8980102777778e-05
DOTUSD,1772802000000,-3.81435625e-05
DOTUSD,1772805600000,-3.7398094444444e-05
DOTUSD,1772809200000,-3.8270651388889e-05
DOTUSD,1772812800000,-4.6530479166667e-05
DOTUSD,1772816400000,-4.1828273611111e-05
DOTUSD,1772820000000,-3.4442951388889e-05
DOTUSD,1772823600000,-3.0171205555556e-05
DOTUSD,1772827200000,-3.9597080555556e-05
DOTUSD,1772830800000,-3.5873525e-05
DOTUSD,1772834400000,-3.7550329166667e-05
DOTUSD,1772838000000,-4.4455509722222e-05
DOTUSD,1772841600000,-4.4096781944444e-05
DOTUSD,1772845200000,-3.6176170833333e-05
DOTUSD,1772848800000,-5.1534515277778e-05
DOTUSD,1772852400000,-4.0796452777778e-05
DOTUSD,1772856000000,-3.5435841666667e-05
DOTUSD,1772859600000,-3.8916076388889e-05
DOTUSD,1772863200000,-4.0744927777778e-05
DOTUSD,1772866800000,-3.6417806944444e-05
DOTUSD,1772870400000,-3.3368345833333e-05
DOTUSD,1772874000000,-2.8384876388889e-05
DOTUSD,1772877600000,-4.2738479166667e-05
DOTUSD,1772881200000,-3.9197222222222e-05
DOTUSD,1772884800000,-4.2864538888889e-05
DOTUSD,1772888400000,-4.2611231944444e-05
DOTUSD,1772892000000,-4.1266966666667e-05
DOTUSD,1772895600000,-4.0515947222222e-05
DOTUSD,1772899200000,-4.4823176388889e-05
DOTUSD,1772902800000,-4.4060454166667e-05
DOTUSD,1772906400000,-3.5330240277778e-05
DOTUSD,1772910000000,-5.3653222222222e-05
DOTUSD,1772913600000,-5.80436125e-05
DOTUSD,1772917200000,-5.1032409722222e-05
DOTUSD,1772920800000,-5.6728309722222e-05
DOTUSD,1772924400000,-5.8175916666667e-05
DOTUSD,1772928000000,-5.41377375e-05
DOTUSD,1772931600000,-5.7794344444444e-05
DOTUSD,1772935200000,-6.2355340277778e-05
DOTUSD,1772938800000,-6.1556406944444e-05
DOTUSD,1772942400000,-3.9056161111111e-05
DOTUSD,1772946000000,-4.5968784722222e-05
DOTUSD,1772949600000,-4.7370016666667e-05
DOTUSD,1772953200000,-6.0367877777778e-05
DOTUSD,1772956800000,-5.4144688888889e-05
DOTUSD,1772960400000,-4.9785073611111e-05
DOTUSD,1772964000000,-4.8049202777778e-05
DOTUSD,1772967600000,-3.4870886111111e-05
DOTUSD,1772971200000,-2.2764009722222e-05
DOTUSD,1772974800000,-1.2087240277778e-05
DOTUSD,1772978400000,-6.352258333333e-06
DOTUSD,1772982000000,-3.475877777778e-06
DOTUSD,1772985600000,-1.3408923611111e-05
DOTUSD,1772989200000,-1.6852622222222e-05
DOTUSD,1772992800000,-2.6070997222222e-05
DOTUSD,1772996400000,-2.1605345833333e-05
DOTUSD,1773000000000,-3.0099269444444e-05
DOTUSD,1773003600000,-3.6946268055556e-05
DOTUSD,1773007200000,-4.0579251388889e-05
DOTUSD,1773010800000,-4.5663120833333e-05
DOTUSD,1773014400000,-4.0404009722222e-05
DOTUSD,1773018000000,-3.4029781944444e-05
DOTUSD,1773021600000,-3.20936625e-05
DOTUSD,1773025200000,-3.0083508333333e-05
DOTUSD,1773028800000,-3.1428213888889e-05
DOTUSD,1773032400000,-3.0523194444444e-05
DOTUSD,1773036000000,-1.4094045833333e-05
DOTUSD,1773039600000,-1.0052556944444e-05
DOTUSD,1773043200000,-2.5160563888889e-05
DOTUSD,1773046800000,-2.9387626893939e-05
DOTUSD,1773050400000,-3.2422329166667e-05
DOTUSD,1773054000000,-3.6233884722222e-05
DOTUSD,1773057600000,-3.43030125e-05
DOTUSD,1773061200000,-3.88637375e-05
DOTUSD,1773064800000,-4.0656880555556e-05
DOTUSD,1773068400000,-4.2239347222222e-05
DOTUSD,1773072000000,-3.9219083333333e-05
DOTUSD,1773075600000,-4.0519179166667e-05
DOTUSD,1773079200000,-3.0145630555556e-05
DOTUSD,1773082800000,-3.8621584722222e-05
DOTUSD,1773086400000,-2.2680113888889e-05
DOTUSD,1773090000000,-3.1214786111111e-05
DOTUSD,1773093600000,-3.4453797222222e-05
DOTUSD,1773097200000,-3.6270936111111e-05
DOTUSD,1773100800000,-3.8069065277778e-05
DOTUSD,1773104400000,-4.60160875e-05
DOTUSD,1773108000000,-3.9046456944444e-05
DOTUSD,1773111600000,-3.6016120833333e-05
DOTUSD,1773115200000,-3.2087870833333e-05
DOTUSD,1773118800000,-3.4325518055556e-05
DOTUSD,1773122400000,-2.0495927777778e-05
DOTUSD,1773126000000,-1.4400269444444e-05
DOTUSD,1773129600000,-1.8866922222222e-05
DOTUSD,1773133200000,-1.8793997222222e-05
DOTUSD,1773136800000,-7.257327777778e-06
DOTUSD,1773140400000,-9.12648611111e-07
DOTUSD,1773144000000,-3.311506944444e-06
DOTUSD,1773147600000,-1.5974877777778e-05
DOTUSD,1773151200000,-3.4518273611111e-05
DOTUSD,1773154800000,-4.4541751388889e-05
DOTUSD,1773158400000,-5.1526111111111e-05
DOTUSD,1773162000000,-4.6257861111111e-05
DOTUSD,1773165600000,-5.0917365277778e-05
DOTUSD,1773169200000,-5.0415563888889e-05
DOTUSD,1773172800000,-5.3104425e-05
DOTUSD,1773176400000,-5.0680663888889e-05
DOTUSD,1773180000000,-5.8559790277778e-05
DOTUSD,1773183600000,-7.4836148611111e-05
DOTUSD,1773187200000,-5.5026476388889e-05
DOTUSD,1773190800000,-5.6058779166667e-05
DOTUSD,1773194400000,-5.9229113888889e-05
DOTUSD,1773198000000,-5.8011961111111e-05
DOTUSD,1773201600000,-5.7353081944444e-05
DOTUSD,1773205200000,-4.9024658333333e-05
DOTUSD,1773208800000,-4.7173638888889e-05
DOTUSD,1773212400000,-3.8742290277778e-05
DOTUSD,1773216000000,-2.8675891666667e-05
DOTUSD,1773219600000,-1.5170930555556e-05
DOTUSD,1773223200000,-1.8439569444444e-05
DOTUSD,1773226800000,-1.7841530555556e-05
DOTUSD,1773230400000,-1.3141136111111e-05
DOTUSD,1773234000000,-2.1869438888889e-05
DOTUSD,1773237600000,-2.8048595833333e-05
DOTUSD,1773241200000,-2.3759372222222e-05
DOTUSD,1773244800000,-3.6304426388889e-05
DOTUSD,1773248400000,-3.2632186111111e-05
DOTUSD,1773252000000,-2.8431959722222e-05
DOTUSD,1773255600000,-2.2297547222222e-05
DOTUSD,1773259200000,-3.5999233333333e-05
DOTUSD,1773262800000,-2.6254358333333e-05
DOTUSD,1773266400000,-1.4276676388889e-05
DOTUSD,1773270000000,-1.3498651388889e-05
DOTUSD,1773273600000,-2.8685e-06
DOTUSD,1773277200000,-1.6586175e-05
DOTUSD,1773280800000,-8.030308333333e-06
DOTUSD,1773284400000,-1.1463156944444e-05
DOTUSD,1773288000000,-2.2218515277778e-05
DOTUSD,1773291600000,-3.0670583333333e-05
DOTUSD,1773295200000,-3.0138769444444e-05
DOTUSD,1773298800000,-2.5159383333333e-05
DOTUSD,1773302400000,-2.8742665277778e-05
DOTUSD,1773306000000,-2.3246063888889e-05
DOTUSD,1773309600000,-2.9285709722222e-05
DOTUSD,1773313200000,-2.96989e-05
DOTUSD,1773316800000,-3.2987776388889e-05
DOTUSD,1773320400000,-3.752075e-05
DOTUSD,1773324000000,-3.9623273611111e-05
DOTUSD,1773327600000,-4.2060901388889e-05
DOTUSD,1773331200000,-2.9559431944444e-05
DOTUSD,1773334800000,-1.4171555555556e-05
DOTUSD,1773338400000,-1.4366444444444e-05
DOTUSD,1773342000000,-1.340905e-05
DOTUSD,1773345600000,-1.0126956944444e-05
DOTUSD,1773349200000,-6.096944444444e-06
DOTUSD,1773352800000,5.98447222222e-07
DOTUSD,1773356400000,-6.864748611111e-06
DOTUSD,1773360000000,-7.581418055556e-06
DOTUSD,1773363600000,-3.705686111111e-06
DOTUSD,1773367200000,-1.0177325e-05
DOTUSD,1773370800000,-7.681205555556e-06
DOTUSD,1773374400000,-1.6162894444444e-05
DOTUSD,1773378000000,-1.1070848611111e-05
DOTUSD,1773381600000,-1.8506251388889e-05
DOTUSD,1773385200000,-1.9476390277778e-05
DOTUSD,1773388800000,2.186195833333e-06
DOTUSD,1773392400000,-3.161148611111e-06
DOTUSD,1773396000000,-9.643627777778e-06
DOTUSD,1773399600000,-9.563868055556e-06
DOTUSD,1773403200000,-9.642715277778e-06
DOTUSD,1773406800000,-3.8532e-06
DOTUSD,1773410400000,-3.007066666667e-06
DOTUSD,1773414000000,-4.092373611111e-06
DOTUSD,1773417600000,-1.2474659722222e-05
DOTUSD,1773421200000,-1.5274525e-05
DOTUSD,1773424800000,-2.6451091666667e-05
DOTUSD,1773428400000,-6.2450980555556e-05
DOTUSD,1773432000000,-7.8416415277778e-05
DOTUSD,1773435600000,-7.4208680555556e-05
DOTUSD,1773439200000,-7.5157597222222e-05
DOTUSD,1773442800000,-0.000116184155555556
DOTUSD,1773446400000,-7.3786991666667e-05
DOTUSD,1773450000000,-6.6793481944444e-05
DOTUSD,1773453600000,-7.6581865277778e-05
DOTUSD,1773457200000,-8.0712734722222e-05
DOTUSD,1773460800000,-0.000100506552777778
DOTUSD,1773464400000,-0.000110662455555556
DOTUSD,1773468000000,-0.000107772616666667
DOTUSD,1773471600000,-0.000126189019444444
DOTUSD,1773475200000,-0.000119769151388889
DOTUSD,1773478800000,-9.5921025e-05
DOTUSD,1773482400000,-0.000109914723611111
DOTUSD,1773486000000,-0.000127754073611111
DOTUSD,1773489600000,-0.000136908351388889
DOTUSD,1773493200000,-0.000155708570833333
DOTUSD,1773496800000,-0.000159410423611111
DOTUSD,1773500400000,-0.000155522838888889
DOTUSD,1773504000000,-0.000151391290277778
DOTUSD,1773507600000,-0.000117556029166667
DOTUSD,1773511200000,-9.9746780555556e-05
DOTUSD,1773514800000,-6.7412576388889e-05
DOTUSD,1773518400000,-4.4795083333333e-05
DOTUSD,1773522000000,-4.2461805555556e-05
DOTUSD,1773525600000,-2.5536940277778e-05
DOTUSD,1773529200000,-2.1929925e-05
DOTUSD,1773532800000,-3.4246986111111e-05
DOTUSD,1773536400000,-4.1813651388889e-05
DOTUSD,1773540000000,-3.97481625e-05
DOTUSD,1773543600000,-5.4070923611111e-05
DOTUSD,1773547200000,-6.7528776388889e-05
DOTUSD,1773550800000,-7.5648745833333e-05
DOTUSD,1773554400000,-7.8049951388889e-05
DOTUSD,1773558000000,-0.000113432036111111
DOTUSD,1773561600000,-0.000115328506944444
DOTUSD,1773565200000,-8.6426188888889e-05
DOTUSD,1773568800000,-0.000110416698611111
DOTUSD,1773572400000,-0.000116818175
DOTUSD,1773576000000,-0.000110188845833333
DOTUSD,1773579600000,-0.000100996838888889
DOTUSD,1773583200000,-9.3019945833333e-05
DOTUSD,1773586800000,-7.6636926388889e-05
DOTUSD,1773590400000,-6.7373777777778e-05
DOTUSD,1773594000000,-4.6390490277778e-05
DOTUSD,1773597600000,-4.4552540277778e-05
DOTUSD,1773601200000,-4.4280173611111e-05
DOTUSD,1773604800000,-5.0245244444444e-05
DOTUSD,1773608400000,-4.5479048611111e-05
DOTUSD,1773612000000,-6.0465155555556e-05
DOTUSD,1773615600000,-6.9903630555556e-05
DOTUSD,1773619200000,-7.6610681944444e-05
DOTUSD,1773622800000,-7.3474804166667e-05
DOTUSD,1773626400000,-5.9340513888889e-05
DOTUSD,1773630000000,-3.6819401388889e-05
DOTUSD,1773633600000,-1.17644625e-05
DOTUSD,1773637200000,1.0685563888889e-05
DOTUSD,1773640800000,2.275931944444e-06
DOTUSD,1773644400000,-6.137498611111e-06
DOTUSD,1773648000000,-4.284393055556e-06
DOTUSD,1773651600000,7.017225e-06
DOTUSD,1773655200000,-3.81058333333e-07
DOTUSD,1773658800000,1.0531177777778e-05
DOTUSD,1773662400000,3.562055555556e-06
DOTUSD,1773666000000,9.545615277778e-06
DOTUSD,1773669600000,3.306833333333e-06
DOTUSD,1773673200000,2.909786111111e-06
DOTUSD,1773676800000,-7.741356944444e-06
DOTUSD,1773680400000,-3.31295e-06
DOTUSD,1773684000000,2.023918055556e-06
DOTUSD,1773687600000,3.725068055556e-06
DOTUSD,1773691200000,2.68959722222e-07
DOTUSD,1773694800000,-9.76681944444e-07
DOTUSD,1773698400000,-5.114809722222e-06
DOTUSD,1773702000000,-3.659526388889e-06
DOTUSD,1773705600000,2.635919444444e-06
DOTUSD,1773709200000,5.085066666667e-06
DOTUSD,1773712800000,-5.561968055556e-06
DOTUSD,1773716400000,-5.710115277778e-06
DOTUSD,1773720000000,2.408858333333e-06
DOTUSD,1773723600000,-2.081184722222e-06
DOTUSD,1773727200000,-1.5752672222222e-05
DOTUSD,1773730800000,3.111598611111e-06
DOTUSD,1773734400000,-1.220536111111e-06
DOTUSD,1773738000000,-1.7402851388889e-05
DOTUSD,1773741600000,-2.4051981944444e-05
DOTUSD,1773745200000,-1.7346666666667e-05
DOTUSD,1773748800000,-1.17765375e-05
DOTUSD,1773752400000,-2.2130468055556e-05
DOTUSD,1773756000000,-3.4817902777778e-05
DOTUSD,1773759600000,-2.8563311111111e-05
DOTUSD,1773763200000,-3.5095726388889e-05
DOTUSD,1773766800000,-2.6005173611111e-05
DOTUSD,1773770400000,-3.0689356944444e-05
DOTUSD,1773774000000,-2.6397945833333e-05
DOTUSD,1773777600000,-2.3753984722222e-05
DOTUSD,1773781200000,-2.6755627777778e-05
DOTUSD,1773784800000,-2.6415041666667e-05
DOTUSD,1773788400000,-3.0755038888889e-05
DOTUSD,1773792000000,-1.9549594444444e-05
DOTUSD,1773795600000,-1.7234202777778e-05
DOTUSD,1773799200000,-1.6294936111111e-05
DOTUSD,1773802800000,-2.1265109722222e-05
DOTUSD,1773806400000,-1.4159931944444e-05
DOTUSD,1773810000000,-2.527880555556e-06
DOTUSD,1773813600000,-1.1363794444444e-05
DOTUSD,1773817200000,-1.4562690277778e-05
DOTUSD,1773820800000,-3.21715277778e-07
DOTUSD,1773824400000,5.955981944444e-06
DOTUSD,1773828000000,7.6867625e-06
DOTUSD,1773831600000,1.2847194444444e-05
DOTUSD,1773835200000,4.7350875e-06
DOTUSD,1773838800000,-1.4452241666667e-05
DOTUSD,1773842400000,-8.453823611111e-06
DOTUSD,1773846000000,-1.5970447222222e-05
DOTUSD,1773849600000,-1.8200769444444e-05
DOTUSD,1773853200000,-1.7935168055556e-05
DOTUSD,1773856800000,-1.6971873611111e-05
DOTUSD,1773860400000,-1.0878019444444e-05
DOTUSD,1773864000000,-1.5224309722222e-05
DOTUSD,1773867600000,-6.297598611111e-06
DOTUSD,1773871200000,-8.526181944444e-06
DOTUSD,1773874800000,-1.0204984722222e-05
DOTUSD,1773878400000,-4.84063888889e-07
DOTUSD,1773882000000,-3.371680555556e-06
DOTUSD,1773885600000,-3.11990277778e-07
DOTUSD,1773889200000,1.249313888889e-06
DOTUSD,1773892800000,1.6620833333e-08
DOTUSD,1773896400000,-3.088647222222e-06
DOTUSD,1773900000000,-4.624552777778e-06
DOTUSD,1773903600000,-1.0262031944444e-05
DOTUSD,1773907200000,-1.9976706944444e-05
DOTUSD,1773910800000,-1.4116577083333e-05
DOTUSD,1773914400000,-9.727465277778e-06
DOTUSD,1773918000000,-6.567879166667e-06
DOTUSD,1773921600000,-5.089469444444e-06
DOTUSD,1773925200000,-1.1713472222222e-05
DOTUSD,1773928800000,-2.5965170833333e-05
DOTUSD,1773932400000,-2.6369363888889e-05
DOTUSD,1773936000000,-1.90421e-05
DOTUSD,1773939600000,-1.3411401388889e-05
DOTUSD,1773943200000,-1.0513618055556e-05
DOTUSD,1773946800000,-1.3247466666667e-05
DOTUSD,1773950400000,-3.2613625e-06
DOTUSD,1773954000000,1.770191666667e-06
DOTUSD,1773957600000,-3.78701388889e-07
DOTUSD,1773961200000,-2.94436111111e-07
DOTUSD,1773964800000,3.185348611111e-06
DOTUSD,1773968400000,-2.059223611111e-06
DOTUSD,1773972000000,7.24120833333e-07
DOTUSD,1773975600000,3.0032125e-06
DOTUSD,1773979200000,-3.056634722222e-06
DOTUSD,1773982800000,-5.695502777778e-06
DOTUSD,1773986400000,-4.831023611111e-06
DOTUSD,1773990000000,-8.47748611111e-07
DOTUSD,1773993600000,1.5704013888889e-05
DOTUSD,1773997200000,9.3770125e-06
DOTUSD,1774000800000,8.45904166667e-07
DOTUSD,1774004400000,-1.315377777778e-06
DOTUSD,1774008000000,-1.438191666667e-06
DOTUSD,1774011600000,1.696931944444e-06
DOTUSD,1774015200000,1.409869444444e-06
DOTUSD,1774018800000,1.1541598611111e-05
DOTUSD,1774022400000,6.243240277778e-06
DOTUSD,1774026000000,3.680468055556e-06
DOTUSD,1774029600000,-1.1942625e-06
DOTUSD,1774033200000,1.174830555556e-06
DOTUSD,1774036800000,-7.088540277778e-06
DOTUSD,1774040400000,-1.303195e-05
DOTUSD,1774044000000,1.520636111111e-06
DOTUSD,1774047600000,-5.545715277778e-06
DOTUSD,1774051200000,6.319619444444e-06
DOTUSD,1774054800000,5.265284722222e-06
DOTUSD,1774058400000,1.6331291666667e-05
DOTUSD,1774062000000,8.565645833333e-06
DOTUSD,1774065600000,6.753531944444e-06
DOTUSD,1774069200000,2.6578875e-06
DOTUSD,1774072800000,8.28061111111e-07
DOTUSD,1774076400000,4.610238888889e-06
DOTUSD,1774080000000,3.543370833333e-06
DOTUSD,1774083600000,-4.447266666667e-06
DOTUSD,1774087200000,-4.936773611111e-06
DOTUSD,1774090800000,-6.224494444444e-06
DOTUSD,1774094400000,-8.762172222222e-06
DOTUSD,1774098000000,1.972586111111e-06
DOTUSD,1774101600000,1.0864294444444e-05
DOTUSD,1774105200000,1.7334952777778e-05
DOTUSD,1774108800000,-2.810531944444e-06
DOTUSD,1774112400000,3.941708333333e-06
DOTUSD,1774116000000,2.278713888889e-06
DOTUSD,1774119600000,3.207218055556e-06
DOTUSD,1774123200000,-3.011611111111e-06
DOTUSD,1774126800000,-7.221409722222e-06
DOTUSD,1774130400000,-8.408697222222e-06
DOTUSD,1774134000000,-1.0979781944444e-05
DOTUSD,1774137600000,-8.460759722222e-06
DOTUSD,1774141200000,-8.499175e-06
DOTUSD,1774144800000,8.3286111111e-08
DOTUSD,1774148400000,-6.72533333333e-07
DOTUSD,1774152000000,-6.9272375e-06
DOTUSD,1774155600000,-8.621343055556e-06
DOTUSD,1774159200000,-7.171040277778e-06
DOTUSD,1774162800000,-4.918755555556e-06
DOTUSD,1774166400000,-2.473e-07
DOTUSD,1774170000000,-1.0427375e-06
DOTUSD,1774173600000,-1.1491083333333e-05
DOTUSD,1774177200000,-7.784213888889e-06
DOTUSD,1774180800000,-9.124370833333e-06
DOTUSD,1774184400000,-1.0592981944444e-05
DOTUSD,1774188000000,-6.234347222222e-06
DOTUSD,1774191600000,-6.802656944444e-06
DOTUSD,1774195200000,-1.4034065277778e-05
DOTUSD,1774198800000,-2.0187258333333e-05
DOTUSD,1774202400000,-1.8957097222222e-05
DOTUSD,1774206000000,-1.9044956944444e-05
DOTUSD,1774209600000,-2.0976834722222e-05
DOTUSD,1774213200000,-1.8900072222222e-05
DOTUSD,1774216800000,-1.3197025e-05
DOTUSD,1774220400000,-5.57583333333e-07
DOTUSD,1774224000000,-3.923244444444e-06
DOTUSD,1774227600000,-1.2947456944444e-05
DOTUSD,1774231200000,-1.4866023611111e-05
DOTUSD,1774234800000,-1.8961580555556e-05
DOTUSD,1774238400000,-2.7915273611111e-05
DOTUSD,1774242000000,-2.7650529166667e-05
DOTUSD,1774245600000,-1.7985069444444e-05
DOTUSD,1774249200000,-1.5337977777778e-05
DOTUSD,1774252800000,-1.6692418055556e-05
DOTUSD,1774256400000,-7.748973611111e-06
DOTUSD,1774260000000,-4.905254166667e-06
DOTUSD,1774263600000,-5.858115277778e-06
DOTUSD,1774267200000,8.89784722222e-07
DOTUSD,1774270800000,-1.8232626388889e-05
DOTUSD,1774274400000,-3.0747018055556e-05
DOTUSD,1774278000000,-3.3674951388889e-05
DOTUSD,1774281600000,-2.2545873611111e-05
DOTUSD,1774285200000,-2.3020554166667e-05
DOTUSD,1774288800000,-2.0050422222222e-05
DOTUSD,1774292400000,-2.1285434722222e-05
DOTUSD,1774296000000,-2.0834288888889e-05
DOTUSD,1774299600000,-3.0836309722222e-05
DOTUSD,1774303200000,-2.8333520833333e-05
DOTUSD,1774306800000,-3.8136666666667e-05
DOTUSD,1774310400000,-3.9622831944444e-05
DOTUSD,1774314000000,-3.5553022222222e-05
DOTUSD,1774317600000,-2.2573718055556e-05
DOTUSD,1774321200000,-2.0442354166667e-05
DOTUSD,1774324800000,-2.0429608333333e-05
DOTUSD,1774328400000,-1.9816030555556e-05
DOTUSD,1774332000000,-2.0368995833333e-05
DOTUSD,1774335600000,-9.654529166667e-06
DOTUSD,1774339200000,-1.5473055555556e-05
DOTUSD,1774342800000,-2.7438243055556e-05
DOTUSD,1774346400000,-3.1015484722222e-05
DOTUSD,1774350000000,-3.2878573611111e-05
DOTUSD,1774353600000,-5.4877830555556e-05
DOTUSD,1774357200000,-6.1302641666667e-05
DOTUSD,1774360800000,-7.0279095833333e-05
DOTUSD,1774364400000,-4.77983e-05
DOTUSD,1774368000000,-4.6252893055556e-05
DOTUSD,1774371600000,-4.7896265277778e-05
DOTUSD,1774375200000,-4.2675944444444e-05
DOTUSD,1774378800000,-3.5741305555556e-05
DOTUSD,1774382400000,-1.9122915277778e-05
DOTUSD,1774386000000,-9.262208333333e-06
DOTUSD,1774389600000,-2.942790277778e-06
DOTUSD,1774393200000,-1.1099772222222e-05
DOTUSD,1774396800000,-1.8016638888889e-05
DOTUSD,1774400400000,-2.5586926388889e-05
DOTUSD,1774404000000,-1.9124038888889e-05
DOTUSD,1774407600000,3.197302777778e-06
DOTUSD,1774411200000,7.285888888889e-06
DOTUSD,1774414800000,-1.47441666667e-07
DOTUSD,1774418400000,-1.294802777778e-06
DOTUSD,1774422000000,-5.074706944444e-06
DOTUSD,1774425600000,-1.0272186111111e-05
DOTUSD,1774429200000,-6.009426388889e-06
DOTUSD,1774432800000,-2.7543956944444e-05
DOTUSD,1774436400000,-2.4023033333333e-05
DOTUSD,1774440000000,-2.77259875e-05
DOTUSD,1774443600000,-4.7986054166667e-05
DOTUSD,1774447200000,-6.7513022222222e-05
DOTUSD,1774450800000,-9.4730001388889e-05
DOTUSD,1774454400000,-9.9849548611111e-05
DOTUSD,1774458000000,-0.000100196288888889
DOTUSD,1774461600000,-0.000125359734722222
DOTUSD,1774465200000,-0.000127730209722222
DOTUSD,1774468800000,-0.000125755631944444
DOTUSD,1774472400000,-0.0001175894
DOTUSD,1774476000000,-0.000117220080555556
DOTUSD,1774479600000,-0.000118380290277778
DOTUSD,1774483200000,-0.000122600748611111
DOTUSD,1774486800000,-0.000107125898611111
DOTUSD,1774490400000,-9.5258986111111e-05
DOTUSD,1774494000000,-6.4300120833333e-05
DOTUSD,1774497600000,-5.0015083333333e-05
DOTUSD,1774501200000,-2.8394197222222e-05
DOTUSD,1774504800000,-1.5582618055556e-05
DOTUSD,1774508400000,-1.6498702777778e-05
DOTUSD,1774512000000,-1.5819043055556e-05
DOTUSD,1774515600000,-1.5310305555556e-05
DOTUSD,1774519200000,-1.72525375e-05
DOTUSD,1774522800000,-2.7972155555556e-05
DOTUSD,1774526400000,-1.7345245833333e-05
DOTUSD,1774530000000,-1.2702073611111e-05
DOTUSD,1774533600000,-1.9455530555556e-05
DOTUSD,1774537200000,-2.4013355555556e-05
DOTUSD,1774540800000,-2.4755447222222e-05
DOTUSD,1774544400000,-2.6145201388889e-05
DOTUSD,1774548000000,-3.0037969444444e-05
DOTUSD,1774551600000,-2.5753227777778e-05
DOTUSD,1774555200000,-9.481486111111e-06
DOTUSD,1774558800000,-6.234586111111e-06
DOTUSD,1774562400000,-5.577258333333e-06
DOTUSD,1774566000000,-1.0112172222222e-05
DOTUSD,1774569600000,-1.1745648611111e-05
DOTUSD,1774573200000,-1.0495783333333e-05
DOTUSD,1774576800000,-1.9145295833333e-05
DOTUSD,1774580400000,-1.0164351388889e-05
DOTUSD,1774584000000,-9.348688888889e-06
DOTUSD,1774587600000,-9.135770833333e-06
DOTUSD,1774591200000,-1.8739693055556e-05
DOTUSD,1774594800000,-8.893763888889e-06
DOTUSD,1774598400000,-8.520980555556e-06
DOTUSD,1774602000000,-1.6886909722222e-05
DOTUSD,1774605600000,-1.7728008333333e-05
DOTUSD,1774609200000,-1.3505744444444e-05
DOTUSD,1774612800000,-1.9606966666667e-05
DOTUSD,1774616400000,-1.7068073611111e-05
DOTUSD,1774620000000,-2.3764276388889e-05
DOTUSD,1774623600000,-1.8197409722222e-05
DOTUSD,1774627200000,-2.2221919444444e-05
DOTUSD,1774630800000,-1.9076495833333e-05
DOTUSD,1774634400000,-1.2430968055556e-05
DOTUSD,1774638000000,-9.354733333333e-06
DOTUSD,1774641600000,-3.726776388889e-06
DOTUSD,1774645200000,-6.307951388889e-06
DOTUSD,1774648800000,-1.0237751388889e-05
DOTUSD,1774652400000,-1.4637283333333e-05
DOTUSD,1774656000000,-1.8010447222222e-05
DOTUSD,1774659600000,-1.5826644444444e-05
DOTUSD,1774663200000,-1.4740266666667e-05
DOTUSD,1774666800000,-1.6866306944444e-05
DOTUSD,1774670400000,-2.0120508333333e-05
DOTUSD,1774674000000,-2.0273701388889e-05
DOTUSD,1774677600000,-1.1171934722222e-05
DOTUSD,1774681200000,-1.7097e-06
DOTUSD,1774684800000,-8.526484722222e-06
DOTUSD,1774688400000,-2.7409848611111e-05
DOTUSD,1774692000000,-2.5708188888889e-05
DOTUSD,1774695600000,-2.1997858333333e-05
DOTUSD,1774699200000,-2.2230845833333e-05
DOTUSD,1774702800000,-2.6959915277778e-05
DOTUSD,1774706400000,-2.5575572222222e-05
DOTUSD,1774710000000,-2.8437827777778e-05
DOTUSD,1774713600000,-1.4958713888889e-05
DOTUSD,1774717200000,-2.9196672222222e-05
DOTUSD,1774720800000,-3.1231977777778e-05
DOTUSD,1774724400000,-4.3048379166667e-05
DOTUSD,1774728000000,-4.2885926388889e-05
DOTUSD,1774731600000,-4.3252681944444e-05
DOTUSD,1774735200000,-4.0802686111111e-05
DOTUSD,1774738800000,-1.2666902777778e-05
DOTUSD,1774742400000,-1.6350297222222e-05
DOTUSD,1774746000000,-2.2366329166667e-05
DOTUSD,1774749600000,-1.9968206944444e-05
DOTUSD,1774753200000,-1.0053136111111e-05
DOTUSD,1774756800000,-1.7273555555556e-05
DOTUSD,1774760400000,-1.1214815277778e-05
DOTUSD,1774764000000,-1.8642391666667e-05
DOTUSD,1774767600000,-1.0290194444444e-05
DOTUSD,1774771200000,-5.446394444444e-06
DOTUSD,1774774800000,-1.6648636111111e-05
DOTUSD,1774778400000,-1.4460927777778e-05
DOTUSD,1774782000000,-1.0304220833333e-05
DOTUSD,1774785600000,-1.2334119444444e-05
DOTUSD,1774789200000,-8.5463875e-06
DOTUSD,1774792800000,-1.9679934722222e-05
DOTUSD,1774796400000,-2.0357397222222e-05
DOTUSD,1774800000000,-1.7453838888889e-05
DOTUSD,1774803600000,-1.8737002777778e-05
DOTUSD,1774807200000,-1.9363783333333e-05
DOTUSD,1774810800000,-1.7608879166667e-05
DOTUSD,1774814400000,-1.5713705555556e-05
DOTUSD,1774818000000,-1.4856890277778e-05
DOTUSD,1774821600000,-1.5014631944444e-05
DOTUSD,1774825200000,-2.1080645833333e-05
DOTUSD,1774828800000,-2.5325716666667e-05
DOTUSD,1774832400000,-2.9537975e-05
DOTUSD,1774836000000,-3.1984877777778e-05
DOTUSD,1774839600000,-3.5094133333333e-05
DOTUSD,1774843200000,-3.0676779166667e-05
DOTUSD,1774846800000,-2.6180397222222e-05
DOTUSD,1774850400000,-2.5857404166667e-05
DOTUSD,1774854000000,-2.2329944444444e-05
DOTUSD,1774857600000,-1.1484227777778e-05
DOTUSD,1774861200000,-1.1819841666667e-05
DOTUSD,1774864800000,-2.13609375e-05
DOTUSD,1774868400000,-3.0382847222222e-05
DOTUSD,1774872000000,-3.5070969444444e-05
DOTUSD,1774875600000,-1.9148734722222e-05
DOTUSD,1774879200000,-2.3756876388889e-05
DOTUSD,1774882800000,-2.7906747222222e-05
DOTUSD,1774886400000,-3.1278726388889e-05
DOTUSD,1774890000000,-3.7901648611111e-05
DOTUSD,1774893600000,-4.6875694444444e-05
DOTUSD,1774897200000,-4.2433390277778e-05
DOTUSD,1774900800000,-4.1682001388889e-05
DOTUSD,1774904400000,-3.9211601388889e-05
DOTUSD,1774908000000,-2.9212059722222e-05
DOTUSD,1774911600000,-2.8857794444444e-05
DOTUSD,1774915200000,-2.6028409722222e-05
DOTUSD,1774918800000,-2.398115e-05
DOTUSD,1774922400000,-2.1371497222222e-05
DOTUSD,1774926000000,-2.4928877777778e-05
DOTUSD,1774929600000,-3.88619125e-05
DOTUSD,1774933200000,-2.9429115277778e-05
DOTUSD,1774936800000,-2.5563965277778e-05
DOTUSD,1774940400000,-2.5258222222222e-05
DOTUSD,1774944000000,-2.1094543055556e-05
DOTUSD,1774947600000,-2.2954652777778e-05
DOTUSD,1774951200000,-3.6298544444444e-05
DOTUSD,1774954800000,-3.0377326388889e-05
DOTUSD,1774958400000,3.663797222222e-06
DOTUSD,1774962000000,-1.2988361111111e-05
DOTUSD,1774965600000,-4.1104655555556e-05
DOTUSD,1774969200000,-4.1822615277778e-05
DOTUSD,1774972800000,-2.4672519444444e-05
DOTUSD,1774976400000,-2.4609772222222e-05
DOTUSD,1774980000000,-2.1859206944444e-05
DOTUSD,1774983600000,-3.3828369444444e-05
DOTUSD,1774987200000,-3.5801944444444e-05
DOTUSD,1774990800000,-2.0876204166667e-05
DOTUSD,1774994400000,-1.6597651388889e-05
DOTUSD,1774998000000,-9.1953125e-06
DOTUSD,1775001600000,-8.630043055556e-06
DOTUSD,1775005200000,-1.86665875e-05
DOTUSD,1775008800000,-3.5564777777778e-05
DOTUSD,1775012400000,-4.4987755555556e-05
DOTUSD,1775016000000,-3.8867941666667e-05
DOTUSD,1775019600000,-4.2224006944444e-05
DOTUSD,1775023200000,-2.8358951388889e-05
DOTUSD,1775026800000,-1.5834611111111e-05
DOTUSD,1775030400000,-2.5695908333333e-05
DOTUSD,1775034000000,-2.3327354166667e-05
DOTUSD,1775037600000,-1.3070951388889e-05
DOTUSD,1775041200000,-1.8340375e-05
DOTUSD,1775044800000,-2.7382270833333e-05
DOTUSD,1775048400000,-1.3097923611111e-05
DOTUSD,1775052000000,-7.718984722222e-06
DOTUSD,1775055600000,-9.593102777778e-06
DOTUSD,1775059200000,-2.31748375e-05
DOTUSD,1775062800000,-2.5946886111111e-05
DOTUSD,1775066400000,-2.9788598611111e-05
DOTUSD,1775070000000,-2.0130101388889e-05
DOTUSD,1775073600000,-2.2869127777778e-05
DOTUSD,1775077200000,-2.7841748611111e-05
DOTUSD,1775080800000,-2.9529306944444e-05
DOTUSD,1775084400000,-4.5157002777778e-05
DOTUSD,1775088000000,-4.2263084722222e-05
DOTUSD,1775091600000,-3.5086280555556e-05
DOTUSD,1775095200000,-4.9898025e-05
DOTUSD,1775098800000,-5.2033141666667e-05
DOTUSD,1775102400000,-5.9574594444444e-05
DOTUSD,1775106000000,-5.6667281944444e-05
DOTUSD,1775109600000,-6.6101259722222e-05
DOTUSD,1775113200000,-6.4205544444444e-05
DOTUSD,1775116800000,-5.9869715277778e-05
DOTUSD,1775120400000,-4.562222172619e-05
DOTUSD,1775124000000,-4.9593020833333e-05
DOTUSD,1775127600000,-4.658205e-05
DOTUSD,1775131200000,-3.9407890277778e-05
DOTUSD,1775134800000,-4.6195098611111e-05
DOTUSD,1775138400000,-5.1415570833333e-05
DOTUSD,1775142000000,-4.4466281944444e-05
DOTUSD,1775145600000,-2.1683334722222e-05
DOTUSD,1775149200000,-1.3982030555556e-05
DOTUSD,1775152800000,-1.49583125e-05
DOTUSD,1775156400000,-1.3568338888889e-05
DOTUSD,1775160000000,-1.9478479166667e-05
DOTUSD,1775163600000,-2.6498644444444e-05
DOTUSD,1775167200000,-3.2399161111111e-05
DOTUSD,1775170800000,-3.4682430555556e-05
DOTUSD,1775174400000,-3.2551906944444e-05
DOTUSD,1775178000000,-2.2713563888889e-05
DOTUSD,1775181600000,-1.9470372222222e-05
DOTUSD,1775185200000,-1.5601280555556e-05
DOTUSD,1775188800000,-8.166359722222e-06
DOTUSD,1775192400000,-2.602002777778e-06
DOTUSD,1775196000000,-4.839720833333e-06
DOTUSD,1775199600000,-2.130236111111e-06
DOTUSD,1775203200000,-1.2112257440476e-05
DOTUSD,1775206800000,-1.2911783333333e-05
DOTUSD,1775210400000,-1.1335970833333e-05
DOTUSD,1775214000000,-8.954311111111e-06
DOTUSD,1775217600000,-1.3323976388889e-05
DOTUSD,1775221200000,-1.3839986111111e-05
DOTUSD,1775224800000,-2.971916666667e-06
DOTUSD,1775228400000,-8.580443055556e-06
DOTUSD,1775232000000,-1.6191263888889e-05
DOTUSD,1775235600000,-1.3592579166667e-05
DOTUSD,1775239200000,-2.4712531944444e-05
DOTUSD,1775242800000,-2.3614538888889e-05
DOTUSD,1775246400000,-2.5693205555556e-05
DOTUSD,1775250000000,-2.7815627777778e-05
DOTUSD,1775253600000,-2.1667209722222e-05
DOTUSD,1775257200000,-2.2944069444444e-05
DOTUSD,1775260800000,-2.5298301388889e-05
DOTUSD,1775264400000,-3.3650988888889e-05
DOTUSD,1775268000000,-2.5691972222222e-05
DOTUSD,1775271600000,-3.1389969444444e-05
DOTUSD,1775275200000,-3.1328119444444e-05
DOTUSD,1775278800000,-3.4186769444444e-05
DOTUSD,1775282400000,-2.82761875e-05
DOTUSD,1775286000000,-2.8688093055556e-05
DOTUSD,1775289600000,-2.7330095833333e-05
DOTUSD,1775293200000,-1.6786741666667e-05
DOTUSD,1775296800000,-1.0184038888889e-05
DOTUSD,1775300400000,-6.256511111111e-06
DOTUSD,1775304000000,-1.4247591666667e-05
DOTUSD,1775307600000,-7.202336111111e-06
DOTUSD,1775311200000,-1.0972109722222e-05
DOTUSD,1775314800000,-1.6190608333333e-05
DOTUSD,1775318400000,-5.672208333333e-06
DOTUSD,1775322000000,-7.951302777778e-06
DOTUSD,1775325600000,-1.3558658333333e-05
DOTUSD,1775329200000,-1.47610625e-05
DOTUSD,1775332800000,-2.0652452777778e-05
DOTUSD,1775336400000,-2.0786372222222e-05
DOTUSD,1775340000000,-2.6831752777778e-05
DOTUSD,1775343600000,-2.6593515277778e-05
DOTUSD,1775347200000,-2.2465838888889e-05
DOTUSD,1775350800000,-2.7645056944444e-05
DOTUSD,1775354400000,-2.5974325e-05
DOTUSD,1775358000000,-2.7022120833333e-05
DOTUSD,1775361600000,-3.4663120833333e-05
DOTUSD,1775365200000,-2.9335133333333e-05
DOTUSD,1775368800000,-3.47747625e-05
DOTUSD,1775372400000,-3.1984058333333e-05
DOTUSD,1775376000000,-1.3715131944444e-05
DOTUSD,1775379600000,-1.4761663888889e-05
DOTUSD,1775383200000,-1.7168383333333e-05
DOTUSD,1775386800000,-2.0577241666667e-05
DOTUSD,1775390400000,-1.5897018055556e-05
DOTUSD,1775394000000,-1.7778183333333e-05
DOTUSD,1775397600000,-1.8663966666667e-05
DOTUSD,1775401200000,-1.4202125e-05
DOTUSD,1775404800000,-3.8765354166667e-05
DOTUSD,1775408400000,-3.9972801388889e-05
DOTUSD,1775412000000,-4.5101709722222e-05
DOTUSD,1775415600000,-4.0609286111111e-05
DOTUSD,1775419200000,-4.1919669444444e-05
DOTUSD,1775422800000,-4.5288072222222e-05
DOTUSD,1775426400000,-5.1165040277778e-05
DOTUSD,1775430000000,-5.0005625e-05
DOTUSD,1775433600000,-4.3755040277778e-05
DOTUSD,1775437200000,-1.8446672222222e-05
DOTUSD,1775440800000,-1.6054830555556e-05
DOTUSD,1775444400000,-9.497020833333e-06
DOTUSD,1775448000000,1.124681944444e-06
DOTUSD,1775451600000,8.158305555556e-06
DOTUSD,1775455200000,6.83986111111e-07
DOTUSD,1775458800000,6.976498611111e-06
DOTUSD,1775462400000,4.71395833333e-07
DOTUSD,1775466000000,1.2154754166667e-05
DOTUSD,1775469600000,1.3858493589744e-05
DOTUSD,1775473200000,1.4514383333333e-05
DOTUSD,1775476800000,1.5495330555556e-05
DOTUSD,1775480400000,1.3512590277778e-05
DOTUSD,1775484000000,6.207168055556e-06
DOTUSD,1775487600000,-2.767565277778e-06
DOTUSD,1775491200000,-1.22976125e-05
DOTUSD,1775494800000,-7.8807e-06
DOTUSD,1775498400000,-6.770294444444e-06
DOTUSD,1775502000000,-9.99516666667e-07
DOTUSD,1775505600000,2.132872222222e-06
DOTUSD,1775509200000,-9.230473611111e-06
DOTUSD,1775512800000,-5.803005555556e-06
DOTUSD,1775516400000,-2.5494870833333e-05
DOTUSD,1775520000000,-1.5152445833333e-05
DOTUSD,1775523600000,-1.0233498611111e-05
DOTUSD,1775527200000,-1.1676429166667e-05
DOTUSD,1775530800000,-1.8323183333333e-05
DOTUSD,1775534400000,-6.3608625e-06
DOTUSD,1775538000000,-4.952559722222e-06
DOTUSD,1775541600000,-3.51583333333e-07
DOTUSD,1775545200000,-1.3415248611111e-05
DOTUSD,1775548800000,-1.8933945833333e-05
DOTUSD,1775552400000,-6.116206944444e-06
DOTUSD,1775556000000,-9.264519444444e-06
DOTUSD,1775559600000,-1.2063127777778e-05
DOTUSD,1775563200000,-5.04081944444e-07
DOTUSD,1775566800000,-2.636108333333e-06
DOTUSD,1775570400000,-1.0439801388889e-05
DOTUSD,1775574000000,-2.3455594444444e-05
DOTUSD,1775577600000,-1.00769125e-05
DOTUSD,1775581200000,-2.5297006944444e-05
DOTUSD,1775584800000,-3.0361704166667e-05
DOTUSD,1775588400000,-2.9937534722222e-05
DOTUSD,1775592000000,-2.3343629166667e-05
DOTUSD,1775595600000,-1.8743672222222e-05
DOTUSD,1775599200000,-7.57905e-06
DOTUSD,1775602800000,1.4962831944444e-05
DOTUSD,1775606400000,2.136904166667e-06
DOTUSD,1775610000000,1.2075819444444e-05
DOTUSD,1775613600000,7.248783333333e-06
DOTUSD,1775617200000,1.5977176388889e-05
DOTUSD,1775620800000,1.9697775e-05
DOTUSD,1775624400000,2.17810375e-05
DOTUSD,1775628000000,1.8205916666667e-05
DOTUSD,1775631600000,1.1627977777778e-05
DOTUSD,1775635200000,7.012498611111e-06
DOTUSD,1775638800000,9.355036111111e-06
DOTUSD,1775642400000,-6.9814375e-06
DOTUSD,1775646000000,-3.598233333333e-06
DOTUSD,1775649600000,-5.525044444444e-06
DOTUSD,1775653200000,-7.126363888889e-06
DOTUSD,1775656800000,-1.5050945833333e-05
DOTUSD,1775660400000,-7.295140277778e-06
DOTUSD,1775664000000,-8.471031944444e-06
DOTUSD,1775667600000,-1.5834594444444e-05
DOTUSD,1775671200000,-2.0602375e-06
DOTUSD,1775674800000,-1.941084722222e-06
DOTUSD,1775678400000,-1.3502961111111e-05
DOTUSD,1775682000000,-6.576147222222e-06
DOTUSD,1775685600000,-1.1829141666667e-05
DOTUSD,1775689200000,-4.297130555556e-06
DOTUSD,1775692800000,-1.3995490277778e-05
DOTUSD,1775696400000,-2.3543984722222e-05
DOTUSD,1775700000000,-2.9240356944444e-05
DOTUSD,1775703600000,-3.1345656944444e-05
DOTUSD,1775707200000,-3.3302733333333e-05
DOTUSD,1775710800000,-2.9681280555556e-05
DOTUSD,1775714400000,-1.388005e-05
DOTUSD,1775718000000,-1.8043383333333e-05
DOTUSD,1775721600000,-2.1056936111111e-05
DOTUSD,1775725200000,-3.738681547619e-06
DOTUSD,1775728800000,-1.097835e-05
DOTUSD,1775732400000,-1.2741683333333e-05
DOTUSD,1775736000000,-3.84215e-06
DOTUSD,1775739600000,-1.6566674107143e-05
DOTUSD,1775743200000,-1.27485875e-05
DOTUSD,1775746800000,-2.4063441666667e-05
DOTUSD,1775750400000,-1.5392670833333e-05
DOTUSD,1775754000000,-4.447656944444e-06
DOTUSD,1775757600000,-2.390559722222e-06
DOTUSD,1775761200000,-4.944104166667e-06
DOTUSD,1775764800000,-3.7531301388889e-05
DOTUSD,1775768400000,-3.1737854166667e-05
DOTUSD,1775772000000,-2.1325258333333e-05
DOTUSD,1775775600000,-5.775584722222e-06
DOTUSD,1775779200000,-4.488352777778e-06
DOTUSD,1775782800000,-6.997780555556e-06
DOTUSD,1775786400000,-1.3116218055556e-05
DOTUSD,1775790000000,-6.969833333333e-06
DOTUSD,1775793600000,-1.8957493055556e-05
DOTUSD,1775797200000,-2.0010454166667e-05
DOTUSD,1775800800000,-1.4405631944444e-05
DOTUSD,1775804400000,-1.1821038888889e-05
DOTUSD,1775808000000,-2.0354836111111e-05
DOTUSD,1775811600000,-1.9749719444444e-05
DOTUSD,1775815200000,-1.7801190277778e-05
DOTUSD,1775818800000,-1.2686031944444e-05
DOTUSD,1775822400000,-1.0100627777778e-05
DOTUSD,1775826000000,-2.0427273611111e-05
DOTUSD,1775829600000,-2.2101495833333e-05
DOTUSD,1775833200000,-2.2872519444444e-05
DOTUSD,1775836800000,-2.8640856944444e-05
DOTUSD,1775840400000,-2.4389497222222e-05
DOTUSD,1775844000000,-2.8224077777778e-05
DOTUSD,1775847600000,-2.2400909722222e-05
DOTUSD,1775851200000,-1.1459865277778e-05
DOTUSD,1775854800000,-4.223758333333e-06
DOTUSD,1775858400000,-5.533534722222e-06
DOTUSD,1775862000000,-8.721698611111e-06
DOTUSD,1775865600000,-1.1265813888889e-05
DOTUSD,1775869200000,-7.848270833333e-06
DOTUSD,1775872800000,-1.2156754166667e-05
DOTUSD,1775876400000,-8.215394444444e-06
DOTUSD,1775880000000,-2.5057175e-05
DOTUSD,1775883600000,-2.7262741666667e-05
DOTUSD,1775887200000,-3.4522715277778e-05
DOTUSD,1775890800000,-3.4437063888889e-05
DOTUSD,1775894400000,-4.0643068055556e-05
DOTUSD,1775898000000,-2.1867340277778e-05
DOTUSD,1775901600000,-2.5611916666667e-05
DOTUSD,1775905200000,-2.27689125e-05
DOTUSD,1775908800000,-2.3167369444444e-05
DOTUSD,1775912400000,-1.6835909722222e-05
DOTUSD,1775916000000,-3.0020723611111e-05
DOTUSD,1775919600000,-2.4750241666667e-05
DOTUSD,1775923200000,-2.7401126388889e-05
DOTUSD,1775926800000,-2.2249106944444e-05
DOTUSD,1775930400000,-2.0312351388889e-05
DOTUSD,1775934000000,-2.2540347222222e-05
DOTUSD,1775937600000,-1.1313629166667e-05
DOTUSD,1775941200000,-1.142048611111e-06
DOTUSD,1775944800000,-6.808020833333e-06
DOTUSD,1775948400000,-4.536091666667e-06
DOTUSD,1775952000000,-2.2836265277778e-05
DOTUSD,1775955600000,-1.3363656944444e-05
DOTUSD,1775959200000,-1.7638969444444e-05
DOTUSD,1775962800000,-2.5972598611111e-05
DOTUSD,1775966400000,-2.5230058333333e-05
DOTUSD,1775970000000,-3.0600415277778e-05
DOTUSD,1775973600000,-3.9536290277778e-05
DOTUSD,1775977200000,-5.9038058333333e-05
DOTUSD,1775980800000,-8.8700761111111e-05
DOTUSD,1775984400000,-9.0658625e-05
DOTUSD,1775988000000,-0.000126556877777778
DOTUSD,1775991600000,-0.000139402830555556
DOTUSD,1775995200000,-0.000136022063888889
DOTUSD,1775998800000,-0.000131467211111111
DOTUSD,1776002400000,-0.000113019227777778
DOTUSD,1776006000000,-0.000126366751388889
DOTUSD,1776009600000,-0.000131306286111111
DOTUSD,1776013200000,-9.4988304166667e-05
DOTUSD,1776016800000,-7.1693781944444e-05
DOTUSD,1776020400000,-6.8205002777778e-05
DOTUSD,1776024000000,-6.3968838888889e-05
DOTUSD,1776027600000,-5.97657e-05
DOTUSD,1776031200000,-5.5578020833333e-05
DOTUSD,1776034800000,-5.9099031944444e-05
DOTUSD,1776038400000,-4.99719625e-05
DOTUSD,1776042000000,-3.2995418055556e-05
DOTUSD,1776045600000,-2.3520248611111e-05
DOTUSD,1776049200000,-2.4445383333333e-05
DOTUSD,1776052800000,-3.1218201388889e-05
DOTUSD,1776056400000,-2.7150609722222e-05
DOTUSD,1776060000000,-0.000217532895833333
DOTUSD,1776063600000,-0.000167270180555556
DOTUSD,1776067200000,-0.000141288904166667
DOTUSD,1776070800000,-0.000138606886111111
DOTUSD,1776074400000,-0.000126858870833333
DOTUSD,1776078000000,-0.000114046559722222
DOTUSD,1776081600000,-0.000133471445833333
DOTUSD,1776085200000,-0.000139349705555556
DOTUSD,1776088800000,-0.000123506494444444
DOTUSD,1776092400000,-0.000137592430555556
DOTUSD,1776096000000,-0.000166426884722222
DOTUSD,1776099600000,-0.000184200286111111
DOTUSD,1776103200000,-0.000268881644444444
DOTUSD,1776106800000,-0.000252062868055556
DOTUSD,1776110400000,-0.000190812565277778
DOTUSD,1776114000000,-0.000128351961111111
DOTUSD,1776117600000,-0.0001408613
DOTUSD,1776121200000,-0.000162195277777778
DOTUSD,1776124800000,-0.000197065284722222
DOTUSD,1776128400000,-0.000147091433333333
DOTUSD,1776132000000,-0.000128601291666667
DOTUSD,1776135600000,-0.000126047813888889
DOTUSD,1776139200000,-0.000117901568055556
DOTUSD,1776142800000,-0.000123224451388889
DOTUSD,1776146400000,-8.2390051388889e-05
DOTUSD,1776150000000,-7.9170968055556e-05
DOTUSD,1776153600000,-7.4736029166667e-05
DOTUSD,1776157200000,-8.189425e-05
DOTUSD,1776160800000,-9.9824163888889e-05
DOTUSD,1776164400000,-8.7956068055556e-05
DOTUSD,1776168000000,-9.65840375e-05
DOTUSD,1776171600000,-9.7201084722222e-05
DOTUSD,1776175200000,-0.000118935727777778
DOTUSD,1776178800000,-0.000151801572222222
DOTUSD,1776182400000,-0.000194068280555556
DOTUSD,1776186000000,-0.000166854409722222
DOTUSD,1776189600000,-0.000180485955555556
DOTUSD,1776193200000,-0.0001696421125
DOTUSD,1776196800000,-0.000194487513888889
DOTUSD,1776200400000,-0.000192746323611111
DOTUSD,1776204000000,-0.000237905206944444
DOTUSD,1776207600000,-0.000269778397222222
DOTUSD,1776211200000,-0.000249097131944444
DOTUSD,1776214800000,-0.000193654188888889
DOTUSD,1776218400000,-0.000174441769444444
DOTUSD,1776222000000,-0.000155833322222222
DOTUSD,1776225600000,-0.000130259513888889
DOTUSD,1776229200000,-0.000118658126388889
DOTUSD,1776232800000,-0.0001079173375
DOTUSD,1776236400000,-9.7121434722222e-05
DOTUSD,1776240000000,-0.000108701294444444
DOTUSD,1776243600000,-0.000104159591666667
DOTUSD,1776247200000,-9.3713166666667e-05
DOTUSD,1776250800000,-9.7086234722222e-05
DOTUSD,1776254400000,-9.9141969444444e-05
DOTUSD,1776258000000,-0.000109891975
DOTUSD,1776261600000,-0.000116288734722222
DOTUSD,1776265200000,-0.000122155288888889
DOTUSD,1776268800000,-0.000135792323611111
DOTUSD,1776272400000,-0.000124041904166667
DOTUSD,1776276000000,-9.7889581944444e-05
DOTUSD,1776279600000,-9.8207338888889e-05
DOTUSD,1776283200000,-0.000106629677777778
DOTUSD,1776286800000,-9.8606102777778e-05
DOTUSD,1776290400000,-0.000100908323611111
DOTUSD,1776294000000,-9.5893770833333e-05
DOTUSD,1776297600000,-0.000107701976388889
DOTUSD,1776301200000,-8.5354108333333e-05
DOTUSD,1776304800000,-8.2632109722222e-05
DOTUSD,1776308400000,-7.7269070833333e-05
DOTUSD,1776312000000,-6.1857719444444e-05
DOTUSD,1776315600000,-3.6453273611111e-05
DOTUSD,1776319200000,-1.7622445833333e-05
DOTUSD,1776322800000,-2.4674848611111e-05
DOTUSD,1776326400000,-5.37421625e-05
DOTUSD,1776330000000,-5.8832345833333e-05
DOTUSD,1776333600000,-4.8741831944444e-05
DOTUSD,1776337200000,-4.4623552777778e-05
DOTUSD,1776340800000,-4.4493808333333e-05
DOTUSD,1776344400000,-4.6542731944444e-05
DOTUSD,1776348000000,-4.35407125e-05
DOTUSD,1776351600000,-3.0504940277778e-05
DOTUSD,1776355200000,-1.5616715277778e-05
DOTUSD,1776358800000,-1.2839152777778e-05
DOTUSD,1776362400000,-1.77511625e-05
DOTUSD,1776366000000,-1.1697802777778e-05
DOTUSD,1776369600000,-3.453015277778e-06
DOTUSD,1776373200000,-1.5519286111111e-05
DOTUSD,1776376800000,-2.9459947222222e-05
DOTUSD,1776380400000,-2.76991625e-05
DOTUSD,1776384000000,-3.3883913888889e-05
DOTUSD,1776387600000,-3.4360373611111e-05
DOTUSD,1776391200000,-2.6759931944444e-05
DOTUSD,1776394800000,-1.7856406944444e-05
DOTUSD,1776398400000,-1.8454854166667e-05
DOTUSD,1776402000000,-1.5970256944444e-05
DOTUSD,1776405600000,-1.8153802777778e-05
DOTUSD,1776409200000,-2.9675794444444e-05
DOTUSD,1776412800000,-4.2372413888889e-05
DOTUSD,1776416400000,-3.8609097222222e-05
DOTUSD,1776420000000,-4.8299633333333e-05
DOTUSD,1776423600000,-4.4493680555556e-05
DOTUSD,1776427200000,-4.9907423611111e-05
DOTUSD,1776430800000,-5.6300013888889e-05
DOTUSD,1776434400000,-4.5359833333333e-05
DOTUSD,1776438000000,-3.8320119444444e-05
DOTUSD,1776441600000,-3.7581856944444e-05
DOTUSD,1776445200000,-2.8960929166667e-05
DOTUSD,1776448800000,-2.2529230555556e-05
DOTUSD,1776452400000,-2.782e-05
DOTUSD,1776456000000,-2.8641409722222e-05
DOTUSD,1776459600000,-2.8448447222222e-05
DOTUSD,1776463200000,-2.9049034722222e-05
DOTUSD,1776466800000,-3.82429e-05
DOTUSD,1776470400000,-3.6628777777778e-05
DOTUSD,1776474000000,-3.6026373611111e-05
DOTUSD,1776477600000,-2.28532875e-05
DOTUSD,1776481200000,-2.9744722222222e-05
DOTUSD,1776484800000,-2.9476845833333e-05
DOTUSD,1776488400000,-3.5614823611111e-05
DOTUSD,1776492000000,-5.3886220833333e-05
DOTUSD,1776495600000,-2.1971020833333e-05
DOTUSD,1776499200000,-9.912306944444e-06
DOTUSD,1776502800000,-1.8012276388889e-05
DOTUSD,1776506400000,-2.4541020833333e-05
DOTUSD,1776510000000,-1.3744790277778e-05
DOTUSD,1776513600000,-1.7914522222222e-05
DOTUSD,1776517200000,-2.3129852777778e-05
DOTUSD,1776520800000,-2.7762997222222e-05
DOTUSD,1776524400000,-2.9941418055556e-05
DOTUSD,1776528000000,-3.3435079166667e-05
DOTUSD,1776531600000,-3.0258693055556e-05
DOTUSD,1776535200000,-2.4329097222222e-05
DOTUSD,1776538800000,-2.47278125e-05
DOTUSD,1776542400000,-2.4262416666667e-05
DOTUSD,1776546000000,-7.712320833333e-06
DOTUSD,1776549600000,-2.1035747222222e-05
DOTUSD,1776553200000,-2.295275e-05
DOTUSD,1776556800000,-2.2729661111111e-05
DOTUSD,1776560400000,-9.913191666667e-06
DOTUSD,1776564000000,-1.8961463888889e-05
DOTUSD,1776567600000,-1.6449616666667e-05
DOTUSD,1776571200000,-2.3454415277778e-05
DOTUSD,1776574800000,-2.4416045833333e-05
DOTUSD,1776578400000,-2.4148863888889e-05
DOTUSD,1776582000000,-1.8114325e-05
DOTUSD,1776585600000,-1.8407455555556e-05
DOTUSD,1776589200000,5.508572222222e-06
DOTUSD,1776592800000,9.938993055556e-06
DOTUSD,1776596400000,5.919944444444e-06
DOTUSD,1776600000000,-6.095384722222e-06
DOTUSD,1776603600000,-2.231097222222e-06
DOTUSD,1776607200000,-1.0345786111111e-05
DOTUSD,1776610800000,-1.6121359722222e-05
DOTUSD,1776614400000,-1.1947184722222e-05
DOTUSD,1776618000000,-5.016940277778e-06
DOTUSD,1776621600000,-1.7764068055556e-05
DOTUSD,1776625200000,-2.3505825e-05
DOTUSD,1776628800000,-1.6536708333333e-05
DOTUSD,1776632400000,-2.5385483333333e-05
DOTUSD,1776636000000,-2.2296595833333e-05
DOTUSD,1776639600000,-2.5936452777778e-05
DOTUSD,1776643200000,-1.190795e-05
DOTUSD,1776646800000,-1.2266368055556e-05
DOTUSD,1776650400000,-1.0963811111111e-05
DOTUSD,1776654000000,-9.221179166667e-06
DOTUSD,1776657600000,-2.422966666667e-06
DOTUSD,1776661200000,-1.317566666667e-06
DOTUSD,1776664800000,2.829033333333e-06
DOTUSD,1776668400000,-2.913484722222e-06
DOTUSD,1776672000000,-1.3573194444444e-05
DOTUSD,1776675600000,-8.336559722222e-06
DOTUSD,1776679200000,-9.829872222222e-06
DOTUSD,1776682800000,-7.567222222222e-06
DOTUSD,1776686400000,-3.2089e-06
DOTUSD,1776690000000,-1.21085875e-05
DOTUSD,1776693600000,-9.512520833333e-06
DOTUSD,1776697200000,-3.054129166667e-06
DOTUSD,1776700800000,-6.244518055556e-06
DOTUSD,1776704400000,5.461043055556e-06
DOTUSD,1776708000000,5.448840277778e-06
DOTUSD,1776711600000,1.3928536111111e-05
DOTUSD,1776715200000,-1.053313888889e-06
DOTUSD,1776718800000,5.178643055556e-06
DOTUSD,1776722400000,2.558568055556e-06
DOTUSD,1776726000000,2.596498611111e-06
DOTUSD,1776729600000,-2.29655555556e-07
DOTUSD,1776733200000,-4.2752777778e-08
DOTUSD,1776736800000,1.395945833333e-06
DOTUSD,1776740400000,1.5655495833333e-05
DOTUSD,1776744000000,6.959670833333e-06
DOTUSD,1776747600000,8.443226388889e-06
DOTUSD,1776751200000,1.3238651388889e-05
DOTUSD,1776754800000,9.046684722222e-06
DOTUSD,1776758400000,8.291627777778e-06
DOTUSD,1776762000000,4.122572222222e-06
DOTUSD,1776765600000,5.298394444444e-06
DOTUSD,1776769200000,1.577263888889e-06
DOTUSD,1776772800000,6.27172222222e-07
DOTUSD,1776776400000,4.624805555556e-06
DOTUSD,1776780000000,7.471998611111e-06
DOTUSD,1776783600000,5.276172222222e-06
DOTUSD,1776787200000,4.163722222222e-06
DOTUSD,1776790800000,1.787098611111e-06
DOTUSD,1776794400000,-5.626569444444e-06
DOTUSD,1776798000000,-4.634859722222e-06
DOTUSD,1776801600000,-7.320440277778e-06
DOTUSD,1776805200000,-5.55129166667e-07
DOTUSD,1776808800000,-7.377191666667e-06
DOTUSD,1776812400000,-1.0209101388889e-05
DOTUSD,1776816000000,-2.360754166667e-06
DOTUSD,1776819600000,7.72315277778e-07
DOTUSD,1776823200000,-2.82326388889e-07
DOTUSD,1776826800000,1.607805555556e-06
DOTUSD,1776830400000,2.566926388889e-06
DOTUSD,1776834000000,7.650058333333e-06
DOTUSD,1776837600000,1.942444444444e-06
DOTUSD,1776841200000,3.320706944444e-06
DOTUSD,1776844800000,2.359018055556e-06
DOTUSD,1776848400000,9.267609722222e-06
DOTUSD,1776852000000,1.482405555556e-06
DOTUSD,1776855600000,1.262665277778e-06
DOTUSD,1776859200000,2.481398611111e-06
DOTUSD,1776862800000,-4.243751388889e-06
DOTUSD,1776866400000,-1.0044813888889e-05
DOTUSD,1776870000000,-1.683990277778e-06
DOTUSD,1776873600000,-7.57231944444e-07
DOTUSD,1776877200000,-3.602748611111e-06
DOTUSD,1776880800000,-4.875069444444e-06
DOTUSD,1776884400000,5.655379166667e-06
DOTUSD,1776888000000,-1.133058333333e-06
DOTUSD,1776891600000,-1.1048304166667e-05
DOTUSD,1776895200000,-8.037623611111e-06
DOTUSD,1776898800000,-1.5524205555556e-05
DOTUSD,1776902400000,-2.6408280555556e-05
DOTUSD,1776906000000,-1.1983244444444e-05
DOTUSD,1776909600000,-1.7897811111111e-05
DOTUSD,1776913200000,-2.2155548611111e-05
DOTUSD,1776916800000,-2.2255929166667e-05
DOTUSD,1776920400000,-3.1444458333333e-05
DOTUSD,1776924000000,-3.2017908333333e-05
DOTUSD,1776927600000,-3.1603572222222e-05
DOTUSD,1776931200000,-1.7354416666667e-05
DOTUSD,1776934800000,-2.8573176388889e-05
DOTUSD,1776938400000,-2.7057286111111e-05
DOTUSD,1776942000000,-3.0437909722222e-05
DOTUSD,1776945600000,-3.4502065277778e-05
DOTUSD,1776949200000,-2.7795736111111e-05
DOTUSD,1776952800000,-1.5766227777778e-05
DOTUSD,1776956400000,-1.6487320833333e-05
DOTUSD,1776960000000,-1.8281856944444e-05
DOTUSD,1776963600000,-1.7233195833333e-05
DOTUSD,1776967200000,-2.3078426388889e-05
DOTUSD,1776970800000,-2.9718859722222e-05
DOTUSD,1776974400000,-3.306755e-05
DOTUSD,1776978000000,-4.6514918055556e-05
DOTUSD,1776981600000,-3.6854766666667e-05
DOTUSD,1776985200000,-3.8922963888889e-05
DOTUSD,1776988800000,-3.7623576388889e-05
DOTUSD,1776992400000,-2.4736568055556e-05
DOTUSD,1776996000000,-2.4866329166667e-05
DOTUSD,1776999600000,-2.1083043055556e-05
DOTUSD,1777003200000,-2.1371368055556e-05
DOTUSD,1777006800000,-2.6454920833333e-05
DOTUSD,1777010400000,-2.4397052777778e-05
DOTUSD,1777014000000,-2.9977583333333e-05
DOTUSD,1777017600000,-3.40795625e-05
DOTUSD,1777021200000,-2.5868184722222e-05
DOTUSD,1777024800000,-3.3508459722222e-05
DOTUSD,1777028400000,-3.4088031944444e-05
DOTUSD,1777032000000,-2.8248198611111e-05
DOTUSD,1777035600000,-2.8686638888889e-05
DOTUSD,1777039200000,-2.9156954166667e-05
DOTUSD,1777042800000,-2.1838826388889e-05
DOTUSD,1777046400000,-1.5487747222222e-05
DOTUSD,1777050000000,-1.1502173611111e-05
DOTUSD,1777053600000,-6.968361111111e-06
DOTUSD,1777057200000,-1.0411911111111e-05
DOTUSD,1777060800000,-8.710156944444e-06
DOTUSD,1777064400000,-1.1879320833333e-05
DOTUSD,1777068000000,-1.0929773611111e-05
DOTUSD,1777071600000,-1.9645534722222e-05
DOTUSD,1777075200000,-2.4255045833333e-05
DOTUSD,1777078800000,-2.0714497222222e-05
DOTUSD,1777082400000,-2.787965e-05
DOTUSD,1777086000000,-2.0654094444444e-05
DOTUSD,1777089600000,-1.9549190277778e-05
DOTUSD,1777093200000,-2.5245261111111e-05
DOTUSD,1777096800000,-2.3880334722222e-05
DOTUSD,1777100400000,-1.4848486111111e-05
DOTUSD,1777104000000,-1.3813576388889e-05
DOTUSD,1777107600000,-9.201991666667e-06
DOTUSD,1777111200000,-5.922294444444e-06
DOTUSD,1777114800000,-1.015931944444e-06
DOTUSD,1777118400000,-4.193794444444e-06
DOTUSD,1777122000000,-3.2847505555556e-05
DOTUSD,1777125600000,-2.1366686111111e-05
DOTUSD,1777129200000,-2.5345241666667e-05
DOTUSD,1777132800000,-2.0784198611111e-05
DOTUSD,1777136400000,-1.5850697222222e-05
DOTUSD,1777140000000,-1.99852875e-05
DOTUSD,1777143600000,-2.4638001388889e-05
DOTUSD,1777147200000,-1.4609636111111e-05
DOTUSD,1777150800000,-9.206626388889e-06
DOTUSD,1777154400000,-1.3418897988506e-05
DOTUSD,1777158000000,-1.4598401388889e-05
DOTUSD,1777161600000,-1.3693693055556e-05
DOTUSD,1777165200000,-1.7285633333333e-05
DOTUSD,1777168800000,-2.0134227777778e-05
DOTUSD,1777172400000,-2.0894947222222e-05
DOTUSD,1777176000000,-1.7944415277778e-05
DOTUSD,1777179600000,-1.5965930555556e-05
DOTUSD,1777183200000,-1.6333647222222e-05
DOTUSD,1777186800000,-1.1537576388889e-05
DOTUSD,1777190400000,6.728983333333e-06
DOTUSD,1777194000000,3.129052777778e-06
DOTUSD,1777197600000,9.11248611111e-07
DOTUSD,1777201200000,3.615816666667e-06
DOTUSD,1777204800000,1.989233333333e-06
DOTUSD,1777208400000,7.393427777778e-06
DOTUSD,1777212000000,-1.133197222222e-06
DOTUSD,1777215600000,-2.045680555556e-06
DOTUSD,1777219200000,1.20816666667e-07
DOTUSD,1777222800000,-1.459469444444e-06
DOTUSD,1777226400000,-8.203579166667e-06
DOTUSD,1777230000000,-8.663972222222e-06
DOTUSD,1777233600000,-1.2612805555556e-05
DOTUSD,1777237200000,-6.458881944444e-06
DOTUSD,1777240800000,-4.870340277778e-06
DOTUSD,1777244400000,-4.999622222222e-06
DOTUSD,1777248000000,-7.165918055556e-06
DOTUSD,1777251600000,-2.955125e-07
DOTUSD,1777255200000,-1.360047222222e-06
DOTUSD,1777258800000,2.6969875e-06
DOTUSD,1777262400000,7.754405555556e-06
DOTUSD,1777266000000,3.989475e-06
DOTUSD,1777269600000,-2.0254045833333e-05
DOTUSD,1777273200000,-4.0823202777778e-05
DOTUSD,1777276800000,-3.7452254166667e-05
DOTUSD,1777280400000,-3.15436875e-05
DOTUSD,1777284000000,-4.3197738888889e-05
DOTUSD,1777287600000,-4.037325e-05
DOTUSD,1777291200000,-2.4777463888889e-05
DOTUSD,1777294800000,-2.3868351388889e-05
DOTUSD,1777298400000,-1.9598065277778e-05
DOTUSD,1777302000000,-2.0397929166667e-05
DOTUSD,1777305600000,-4.3036620833333e-05
DOTUSD,1777309200000,-4.2558944444444e-05
DOTUSD,1777312800000,-4.1080333333333e-05
DOTUSD,1777316400000,-3.3443075e-05
DOTUSD,1777320000000,-3.5209134722222e-05
DOTUSD,1777323600000,-2.7887506944444e-05
DOTUSD,1777327200000,-2.16452375e-05
DOTUSD,1777330800000,-3.5978769444444e-05
DOTUSD,1777334400000,-2.5767438888889e-05
DOTUSD,1777338000000,-1.8543548611111e-05
DOTUSD,1777341600000,-1.6001948611111e-05
DOTUSD,1777345200000,-1.1884956944444e-05
DOTUSD,1777348800000,-1.9120745833333e-05
DOTUSD,1777352400000,-5.698209722222e-06
DOTUSD,1777356000000,1.842595833333e-06
DOTUSD,1777359600000,1.08183e-05
DOTUSD,1777363200000,6.6455375e-06
DOTUSD,1777366800000,7.284894444444e-06
DOTUSD,1777370400000,-4.864801388889e-06
DOTUSD,1777374000000,-9.09268055556e-07
DOTUSD,1777377600000,-9.867738888889e-06
DOTUSD,1777381200000,-2.3178425e-05
DOTUSD,1777384800000,-2.2417909722222e-05
DOTUSD,1777388400000,-1.58139125e-05
DOTUSD,1777392000000,-9.313583333333e-06
DOTUSD,1777395600000,7.7041375e-06
DOTUSD,1777399200000,-3.538159722222e-06
DOTUSD,1777402800000,7.843148611111e-06
DOTUSD,1777406400000,1.3039977777778e-05
DOTUSD,1777410000000,5.458529166667e-06
DOTUSD,1777413600000,-1.2286769444444e-05
DOTUSD,1777417200000,-1.4211043055556e-05
DOTUSD,1777420800000,-1.0667059722222e-05
DOTUSD,1777424400000,-9.066047222222e-06
DOTUSD,1777428000000,-9.0999375e-06
DOTUSD,1777431600000,1.909195833333e-06
DOTUSD,1777435200000,9.12598611111e-07
DOTUSD,1777438800000,1.375636111111e-06
DOTUSD,1777442400000,-1.303245833333e-06
DOTUSD,1777446000000,1.0738294444444e-05
DOTUSD,1777449600000,2.090611111111e-06
DOTUSD,1777453200000,-1.481691666667e-06
DOTUSD,1777456800000,-5.829876388889e-06
DOTUSD,1777460400000,3.533925e-06
DOTUSD,1777464000000,7.973969444444e-06
DOTUSD,1777467600000,-7.858619444444e-06
DOTUSD,1777471200000,-9.500843055556e-06
DOTUSD,1777474800000,-2.7002405555556e-05
DOTUSD,1777478400000,-3.3426683333333e-05
DOTUSD,1777482000000,-3.7838334722222e-05
DOTUSD,1777485600000,-3.31283125e-05
DOTUSD,1777489200000,-3.0974556944444e-05
DOTUSD,1777492800000,-2.3392681944444e-05
DOTUSD,1777496400000,-2.3273568055556e-05
DOTUSD,1777500000000,-2.4225454166667e-05
DOTUSD,1777503600000,-2.5884804166667e-05
DOTUSD,1777507200000,-1.9276369444444e-05
DOTUSD,1777510800000,-3.637072222222e-06
DOTUSD,1777514400000,-8.003863888889e-06
DOTUSD,1777518000000,-1.7292665277778e-05
DOTUSD,1777521600000,-2.2524006944444e-05
DOTUSD,1777525200000,-2.2013255555556e-05
DOTUSD,1777528800000,-2.2170366666667e-05
DOTUSD,1777532400000,-1.2689515277778e-05
DOTUSD,1777536000000,-8.547198611111e-06
DOTUSD,1777539600000,-1.6689054166667e-05
DOTUSD,1777543200000,-1.7857547222222e-05
DOTUSD,1777546800000,-1.7890188888889e-05
DOTUSD,1777550400000,-1.4412108630952e-05
DOTUSD,1777554000000,-1.1162768055556e-05
DOTUSD,1777557600000,-9.355120833333e-06
DOTUSD,1777561200000,-1.27781625e-05
DOTUSD,1777564800000,-2.5240201388889e-05
DOTUSD,1777568400000,-1.5903733333333e-05
DOTUSD,1777572000000,-1.4553193055556e-05
DOTUSD,1777575600000,-1.4722476388889e-05
DOTUSD,1777579200000,-1.5186480555556e-05
DOTUSD,1777582800000,-7.347244444444e-06
DOTUSD,1777586400000,-9.249211111111e-06
DOTUSD,1777590000000,-1.3865481944444e-05
DOTUSD,1777593600000,-9.724375e-06
DOTUSD,1777597200000,9.936375e-07
DOTUSD,1777600800000,9.32909722222e-07
DOTUSD,1777604400000,6.121805555556e-06
DOTUSD,1777608000000,5.713176388889e-06
DOTUSD,1777611600000,2.002509722222e-06
DOTUSD,1777615200000,1.249916666667e-06
DOTUSD,1777618800000,1.222702777778e-06
DOTUSD,1777622400000,-1.964229166667e-06
DOTUSD,1777626000000,-2.811644444444e-06
DOTUSD,1777629600000,-1.1853458333333e-05
DOTUSD,1777633200000,-1.6806772222222e-05
DOTUSD,1777636800000,1.03402777778e-07
DOTUSD,1777640400000,-4.609601388889e-06
DOTUSD,1777644000000,-9.209768055556e-06
DOTUSD,1777647600000,-5.525841666667e-06
DOTUSD,1777651200000,-1.51193625e-05
DOTUSD,1777654800000,-2.2550238888889e-05
DOTUSD,1777658400000,-2.2486354166667e-05
DOTUSD,1777662000000,-2.3761909722222e-05
DOTUSD,1777665600000,-2.4660695833333e-05
DOTUSD,1777669200000,-2.5016420833333e-05
DOTUSD,1777672800000,-3.0455822222222e-05
DOTUSD,1777676400000,-1.8999444444444e-05
DOTUSD,1777680000000,-2.2060598611111e-05
DOTUSD,1777683600000,-1.9869091666667e-05
DOTUSD,1777687200000,-4.614705555556e-06
DOTUSD,1777690800000,-1.3939438888889e-05
DOTUSD,1777694400000,-2.1390675e-05
DOTUSD,1777698000000,-2.1437827777778e-05
DOTUSD,1777701600000,-1.6018505555556e-05
DOTUSD,1777705200000,-1.0833694444444e-05
DOTUSD,1777708800000,2.7609875e-06
DOTUSD,1777712400000,-2.0436176388889e-05
DOTUSD,1777716000000,-1.6744295833333e-05
DOTUSD,1777719600000,-1.3491351388889e-05
DOTUSD,1777723200000,-1.3516393055556e-05
DOTUSD,1777726800000,-4.404673611111e-06
DOTUSD,1777730400000,-5.480825e-06
DOTUSD,1777734000000,-6.018711111111e-06
DOTUSD,1777737600000,3.278756944444e-06
DOTUSD,1777741200000,3.543430555556e-06
DOTUSD,1777744800000,9.567434722222e-06
DOTUSD,1777748400000,1.1175625e-06
DOTUSD,1777752000000,2.410234722222e-06
DOTUSD,1777755600000,6.0186125e-06
DOTUSD,1777759200000,3.3265375e-06
DOTUSD,1777762800000,9.672443055556e-06
DOTUSD,1777766400000,8.009983333333e-06
DOTUSD,1777770000000,5.7334625e-06
DOTUSD,1777773600000,-7.736620833333e-06
DOTUSD,1777777200000,-2.3600083333333e-05
DOTUSD,1777780800000,-2.0372077777778e-05
DOTUSD,1777784400000,-2.8911251388889e-05
DOTUSD,1777788000000,-2.4763484722222e-05
DOTUSD,1777791600000,-1.9939936111111e-05
DOTUSD,1777795200000,-6.134904166667e-06
DOTUSD,1777798800000,-5.84047222222e-07
DOTUSD,1777802400000,8.856454166667e-06
DOTUSD,1777806000000,-4.635801388889e-06
DOTUSD,1777809600000,-8.292551388889e-06
DOTUSD,1777813200000,-1.1126038888889e-05
DOTUSD,1777816800000,-1.6469384722222e-05
DOTUSD,1777820400000,-3.0066870833333e-05
DOTUSD,1777824000000,-2.4166226388889e-05
DOTUSD,1777827600000,-1.3018731944444e-05
DOTUSD,1777831200000,-1.3142254166667e-05
DOTUSD,1777834800000,-9.4940125e-06
DOTUSD,1777838400000,-4.302331944444e-06
DOTUSD,1777842000000,5.978790277778e-06
DOTUSD,1777845600000,7.143765277778e-06
DOTUSD,1777849200000,6.628283333333e-06
DOTUSD,1777852800000,2.157290277778e-06
DOTUSD,1777856400000,-2.1311480555556e-05
DOTUSD,1777860000000,-3.0770861111111e-05
DOTUSD,1777863600000,-1.095527777778e-06
DOTUSD,1777867200000,1.8473775e-05
DOTUSD,1777870800000,1.6224461111111e-05
DOTUSD,1777874400000,2.6132244444444e-05
DOTUSD,1777878000000,2.1874265277778e-05
DOTUSD,1777881600000,5.207618055556e-06
DOTUSD,1777885200000,6.6546625e-06
DOTUSD,1777888800000,1.711536111111e-06
DOTUSD,1777892400000,-1.538869444444e-06
DOTUSD,1777896000000,-4.509977777778e-06
DOTUSD,1777899600000,-2.350722222222e-06
DOTUSD,1777903200000,-1.3464319444444e-05
DOTUSD,1777906800000,-8.581047222222e-06
DOTUSD,1777910400000,-8.813158333333e-06
DOTUSD,1777914000000,-3.682318055556e-06
DOTUSD,1777917600000,3.328313888889e-06
DOTUSD,1777921200000,1.2956123611111e-05
DOTUSD,1777924800000,9.214426388889e-06
DOTUSD,1777928400000,8.37086111111e-07
DOTUSD,1777932000000,9.9510625e-06
DOTUSD,1777935600000,1.2970948611111e-05
DOTUSD,1777939200000,1.289843055556e-06
DOTUSD,1777942800000,5.009484722222e-06
DOTUSD,1777946400000,5.217088888889e-06
DOTUSD,1777950000000,8.128211111111e-06
DOTUSD,1777953600000,2.789104166667e-06
DOTUSD,1777957200000,4.201698611111e-06
DOTUSD,1777960800000,3.459680555556e-06
DOTUSD,1777964400000,1.3389427777778e-05
DOTUSD,1777968000000,1.3362333333333e-05
DOTUSD,1777971600000,1.954211111111e-06
DOTUSD,1777975200000,9.4003875e-06
DOTUSD,1777978800000,1.2324894444444e-05
DOTUSD,1777982400000,1.5561925e-05
DOTUSD,1777986000000,4.0316375e-06
DOTUSD,1777989600000,-6.206827777778e-06
DOTUSD,1777993200000,-6.419859722222e-06
DOTUSD,1777996800000,-1.565830555556e-06
DOTUSD,1778000400000,6.958894444444e-06
DOTUSD,1778004000000,-6.80090277778e-07
DOTUSD,1778007600000,-2.396326388889e-06
DOTUSD,1778011200000,-8.161498611111e-06
DOTUSD,1778014800000,-6.042608333333e-06
DOTUSD,1778018400000,-2.664263888889e-06
DOTUSD,1778022000000,1.709994444444e-06
DOTUSD,1778025600000,-6.929519444444e-06
DOTUSD,1778029200000,-4.956623611111e-06
DOTUSD,1778032800000,-1.080311111111e-06
DOTUSD,1778036400000,-5.242522222222e-06
DOTUSD,1778040000000,1.7566579166667e-05
DOTUSD,1778043600000,2.3813719444444e-05
DOTUSD,1778047200000,1.3673488888889e-05
DOTUSD,1778050800000,1.9277720833333e-05
DOTUSD,1778054400000,1.3766311111111e-05
DOTUSD,1778058000000,5.410772222222e-06
DOTUSD,1778061600000,1.0891723611111e-05
DOTUSD,1778065200000,2.2140152777778e-05
DOTUSD,1778068800000,1.8143330555556e-05
DOTUSD,1778072400000,1.2861261111111e-05
DOTUSD,1778076000000,1.4740293055556e-05
DOTUSD,1778079600000,1.3961863888889e-05
DOTUSD,1778083200000,2.796969444444e-06
DOTUSD,1778086800000,3.662745833333e-06
DOTUSD,1778090400000,-1.461373611111e-06
DOTUSD,1778094000000,-1.4439829166667e-05
DOTUSD,1778097600000,-1.8167745833333e-05
DOTUSD,1778101200000,-5.594248611111e-06
DOTUSD,1778104800000,-7.992120833333e-06
DOTUSD,1778108400000,-6.048265277778e-06
DOTUSD,1778112000000,-6.40268055556e-07
DOTUSD,1778115600000,-4.097997222222e-06
DOTUSD,1778119200000,-1.1854756944444e-05
DOTUSD,1778122800000,-1.3538441666667e-05
DOTUSD,1778126400000,-6.5627375e-06
DOTUSD,1778130000000,-2.2018133333333e-05
DOTUSD,1778133600000,-7.519591666667e-06
DOTUSD,1778137200000,-6.901502777778e-06
DOTUSD,1778140800000,2.1967822916667e-05
DOTUSD,1778144400000,2.20143875e-05
DOTUSD,1778148000000,8.804455555556e-06
DOTUSD,1778151600000,6.96309722222e-07
DOTUSD,1778155200000,2.754081944444e-06
DOTUSD,1778158800000,-3.885358333333e-06
DOTUSD,1778162400000,-7.017356944444e-06
DOTUSD,1778166000000,-1.4219568055556e-05
DOTUSD,1778169600000,-6.672979166667e-06
DOTUSD,1778173200000,-3.886958333333e-06
DOTUSD,1778176800000,-9.217408333333e-06
DOTUSD,1778180400000,-1.1948266666667e-05
DOTUSD,1778184000000,-9.942644444444e-06
DOTUSD,1778187600000,-5.790559722222e-06
DOTUSD,1778191200000,-4.367486111111e-06
DOTUSD,1778194800000,8.846798611111e-06
DOTUSD,1778198400000,5.884011111111e-06
DOTUSD,1778202000000,8.343576388889e-06
DOTUSD,1778205600000,1.2313865277778e-05
DOTUSD,1778209200000,1.3604069444444e-05
DOTUSD,1778212800000,1.2344352777778e-05
DOTUSD,1778216400000,1.19369625e-05
DOTUSD,1778220000000,1.5290534722222e-05
DOTUSD,1778223600000,1.2847597222222e-05
DOTUSD,1778227200000,2.07303875e-05
DOTUSD,1778230800000,2.1862530555556e-05
DOTUSD,1778234400000,1.9151033333333e-05
DOTUSD,1778238000000,9.171338888889e-06
DOTUSD,1778241600000,6.23225e-06
DOTUSD,1778245200000,9.997031944444e-06
DOTUSD,1778248800000,1.2867890277778e-05
DOTUSD,1778252400000,1.8370465277778e-05
DOTUSD,1778256000000,3.0587216666667e-05
DOTUSD,1778259600000,2.4166926388889e-05
DOTUSD,1778263200000,2.42076125e-05
DOTUSD,1778266800000,2.8647740277778e-05
DOTUSD,1778270400000,3.6465434722222e-05
DOTUSD,1778274000000,3.5711752777778e-05
DOTUSD,1778277600000,2.8828040277778e-05
DOTUSD,1778281200000,1.0935820833333e-05
DOTUSD,1778284800000,-6.643659722222e-06
DOTUSD,1778288400000,-9.566973611111e-06
DOTUSD,1778292000000,1.057269444444e-06
DOTUSD,1778295600000,1.00704625e-05
DOTUSD,1778299200000,6.811413888889e-06
DOTUSD,1778302800000,3.772965277778e-06
DOTUSD,1778306400000,6.5044317204301e-05
DOTUSD,1778310000000,2.886362903226e-06
DOTUSD,1778313600000,-4.890365277778e-06
DOTUSD,1778317200000,-1.3880929166667e-05
DOTUSD,1778320800000,-1.1135609722222e-05
DOTUSD,1778324400000,-1.0921490277778e-05
DOTUSD,1778328000000,-2.0777604166667e-05
DOTUSD,1778331600000,-1.7602448611111e-05
DOTUSD,1778335200000,-1.4005454166667e-05
DOTUSD,1778338800000,-3.505054166667e-06
DOTUSD,1778342400000,-2.564404166667e-06
DOTUSD,1778346000000,-9.810420833333e-06
DOTUSD,1778349600000,-1.6171745833333e-05
DOTUSD,1778353200000,-1.48184625e-05
DOTUSD,1778356800000,-1.4777568055556e-05
DOTUSD,1778360400000,-6.706161111111e-06
DOTUSD,1778364000000,3.29520833333e-07
DOTUSD,1778367600000,-1.635438888889e-06
DOTUSD,1778371200000,-7.155688888889e-06
DOTUSD,1778374800000,-1.0959116666667e-05
DOTUSD,1778378400000,-8.083176388889e-06
DOTUSD,1778382000000,-5.744365277778e-06
DOTUSD,1778385600000,-4.264172222222e-06
DOTUSD,1778389200000,-1.485654166667e-06
DOTUSD,1778392800000,-5.732479166667e-06
DOTUSD,1778396400000,-5.769533333333e-06
DOTUSD,1778400000000,-5.068618055556e-06
DOTUSD,1778403600000,-4.722188888889e-06
DOTUSD,1778407200000,-1.801223611111e-06
DOTUSD,1778410800000,5.164865277778e-06
DOTUSD,1778414400000,1.73440277778e-07
DOTUSD,1778418000000,-5.134525e-06
DOTUSD,1778421600000,-3.113415277778e-06
DOTUSD,1778425200000,9.291856944444e-06
DOTUSD,1778428800000,6.840106944444e-06
DOTUSD,1778432400000,3.0735556944444e-05
DOTUSD,1778436000000,3.8273865277778e-05
DOTUSD,1778439600000,2.8631959722222e-05
DOTUSD,1778443200000,2.5363125e-05
DOTUSD,1778446800000,1.4860741666667e-05
DOTUSD,1778450400000,-1.1045911111111e-05
DOTUSD,1778454000000,-1.0216116666667e-05
DOTUSD,1778457600000,1.0917309722222e-05
DOTUSD,1778461200000,5.146936111111e-06
DOTUSD,1778464800000,3.231702777778e-06
DOTUSD,1778468400000,-1.4998923611111e-05
DOTUSD,1778472000000,-1.9565027777778e-05
DOTUSD,1778475600000,-1.2327225e-05
DOTUSD,1778479200000,-4.119827777778e-06
DOTUSD,1778482800000,2.653763888889e-06
DOTUSD,1778486400000,3.923951388889e-06
DOTUSD,1778490000000,7.535325e-06
DOTUSD,1778493600000,1.1733341666667e-05
DOTUSD,1778497200000,2.1730209722222e-05
DOTUSD,1778500800000,8.835511111111e-06
DOTUSD,1778504400000,-1.560813888889e-06
DOTUSD,1778508000000,3.180306944444e-06
DOTUSD,1778511600000,5.712179166667e-06
DOTUSD,1778515200000,5.1739e-06
DOTUSD,1778518800000,2.174355555556e-06
DOTUSD,1778522400000,-8.153691666667e-06
DOTUSD,1778526000000,-1.820408333333e-06
DOTUSD,1778529600000,-3.940784722222e-06
DOTUSD,1778533200000,2.473375e-07
DOTUSD,1778536800000,-7.502309722222e-06
DOTUSD,1778540400000,-5.998984722222e-06
DOTUSD,1778544000000,-5.190063888889e-06
DOTUSD,1778547600000,-6.924269444444e-06
DOTUSD,1778551200000,-5.943201388889e-06
DOTUSD,1778554800000,-1.673508333333e-06
DOTUSD,1778558400000,-3.124690277778e-06
DOTUSD,1778562000000,-1.1599876388889e-05
DOTUSD,1778565600000,-1.1307155555556e-05
DOTUSD,1778569200000,-1.501308333333e-06
DOTUSD,1778572800000,5.156123611111e-06
DOTUSD,1778576400000,5.222590277778e-06
DOTUSD,1778580000000,1.6797911111111e-05
DOTUSD,1778583600000,1.0967504166667e-05
DOTUSD,1778587200000,9.396705555556e-06
DOTUSD,1778590800000,5.388268055556e-06
DOTUSD,1778594400000,9.508361111111e-06
DOTUSD,1778598000000,-2.128993055556e-06
DOTUSD,1778601600000,2.0320375e-06
DOTUSD,1778605200000,-5.59834722222e-07
DOTUSD,1778608800000,-1.852815277778e-06
DOTUSD,1778612400000,-1.13215e-06
DOTUSD,1778616000000,3.355963888889e-06
DOTUSD,1778619600000,7.4199375e-06
DOTUSD,1778623200000,1.7574282986111e-05
DOTUSD,1778626800000,2.2021505555556e-05
DOTUSD,1778630400000,1.0307025e-05
DOTUSD,1778634000000,5.589170833333e-06
DOTUSD,1778637600000,7.286638888889e-06
DOTUSD,1778641200000,1.28338625e-05
DOTUSD,1778644800000,1.6143929166667e-05
DOTUSD,1778648400000,2.52487375e-05
DOTUSD,1778652000000,4.6739993055556e-05
DOTUSD,1778655600000,3.0988659722222e-05
DOTUSD,1778659200000,2.2166038888889e-05
DOTUSD,1778662800000,1.1049997222222e-05
DOTUSD,1778666400000,1.7004811111111e-05
DOTUSD,1778670000000,2.652597222222e-06
DOTUSD,1778673600000,7.02843055556e-07
DOTUSD,1778677200000,-1.1267372222222e-05
DOTUSD,1778680800000,-2.4793436111111e-05
DOTUSD,1778684400000,-7.890404166667e-06
DOTUSD,1778688000000,2.299273611111e-06
DOTUSD,1778691600000,-1.242598611111e-06
DOTUSD,1778695200000,-3.248677777778e-06
DOTUSD,1778698800000,-5.366938888889e-06
DOTUSD,1778702400000,-1.5141956944444e-05
DOTUSD,1778706000000,-7.211219444444e-06
DOTUSD,1778709600000,-7.8270125e-06
DOTUSD,1778713200000,-1.1762844444444e-05
DOTUSD,1778716800000,-4.07618055556e-07
DOTUSD,1778720400000,-2.927538888889e-06
DOTUSD,1778724000000,-2.777634722222e-06
DOTUSD,1778727600000,-3.872333333333e-06
DOTUSD,1778731200000,-9.046783333333e-06
DOTUSD,1778734800000,-5.685008333333e-06
DOTUSD,1778738400000,-7.020309722222e-06
DOTUSD,1778742000000,-3.917122222222e-06
DOTUSD,1778745600000,5.591474702381e-06
DOTUSD,1778749200000,-3.469422222222e-06
DOTUSD,1778752800000,-7.968268055556e-06
DOTUSD,1778756400000,-7.794380555556e-06
DOTUSD,1778760000000,3.502934722222e-06
DOTUSD,1778763600000,-9.57245e-06
DOTUSD,1778767200000,-1.040515277778e-06
DOTUSD,1778770800000,1.754513888889e-06
DOTUSD,1778774400000,2.224440277778e-06
DOTUSD,1778778000000,8.2104875e-06
DOTUSD,1778781600000,4.650548611111e-06
DOTUSD,1778785200000,1.3403779166667e-05
DOTUSD,1778788800000,2.4850184722222e-05
DOTUSD,1778792400000,1.8518586111111e-05
DOTUSD,1778796000000,2.0603854166667e-05
DOTUSD,1778799600000,2.1792022222222e-05
DOTUSD,1778803200000,9.173309722222e-06
DOTUSD,1778806800000,8.033980555556e-06
DOTUSD,1778810400000,1.1692641666667e-05
DOTUSD,1778814000000,6.800620833333e-06
DOTUSD,1778817600000,7.605505555556e-06
DOTUSD,1778821200000,9.881045833333e-06
DOTUSD,1778824800000,4.659461111111e-06
DOTUSD,1778828400000,1.67493055556e-07
DOTUSD,1778832000000,-1.804548850575e-06
DOTUSD,1778835600000,-1.20989625e-05
DOTUSD,1778839200000,-1.6114980555556e-05
DOTUSD,1778842800000,-1.2524169444444e-05
DOTUSD,1778846400000,-6.120552777778e-06
DOTUSD,1778850000000,-1.3089906944444e-05
DOTUSD,1778853600000,-5.917805555556e-06
DOTUSD,1778857200000,-9.937747222222e-06
DOTUSD,1778860800000,-9.748823611111e-06
DOTUSD,1778864400000,-1.811679166667e-06
DOTUSD,1778868000000,1.240097222222e-06
DOTUSD,1778871600000,-9.45101388889e-07
DOTUSD,1778875200000,-3.411216666667e-06
DOTUSD,1778878800000,-7.39533333333e-07
DOTUSD,1778882400000,8.46879166667e-07
DOTUSD,1778886000000,-7.212073611111e-06
DOTUSD,1778889600000,-6.305390277778e-06
DOTUSD,1778893200000,-1.022781944444e-06
DOTUSD,1778896800000,3.2469444444e-08
DOTUSD,1778900400000,-7.3840375e-06
DOTUSD,1778904000000,-1.7649193055556e-05
DOTUSD,1778907600000,-2.6986722222222e-05
DOTUSD,1778911200000,-2.5101584722222e-05
DOTUSD,1778914800000,-8.730129166667e-06
DOTUSD,1778918400000,-2.6286125e-06
DOTUSD,1778922000000,-5.108277777778e-06
DOTUSD,1778925600000,-9.394613888889e-06
DOTUSD,1778929200000,-9.562398611111e-06
DOTUSD,1778932800000,-6.791208333333e-06
DOTUSD,1778936400000,-1.2512938888889e-05
DOTUSD,1778940000000,-9.943202777778e-06
DOTUSD,1778943600000,-7.568690277778e-06
DOTUSD,1778947200000,5.503080555556e-06
DOTUSD,1778950800000,8.099727777778e-06
DOTUSD,1778954400000,2.025401388889e-06
DOTUSD,1778958000000,1.2771158333333e-05
DOTUSD,1778961600000,4.813391666667e-06
DOTUSD,1778965200000,3.877458333333e-06
DOTUSD,1778968800000,-6.698511111111e-06
DOTUSD,1778972400000,-4.271581944444e-06
DOTUSD,1778976000000,-6.742181944444e-06
DOTUSD,1778979600000,-5.001156944444e-06
DOTUSD,1778983200000,-1.2822530555556e-05
DOTUSD,1778986800000,-1.4946284722222e-05
DOTUSD,1778990400000,-1.9060030555556e-05
DOTUSD,1778994000000,-1.6945622222222e-05
DOTUSD,1778997600000,-1.3157226388889e-05
DOTUSD,1779001200000,-2.63101125e-05
DOTUSD,1779004800000,-2.5803655555556e-05
DOTUSD,1779008400000,-1.1986744444444e-05
DOTUSD,1779012000000,-2.05392875e-05
DOTUSD,1779015600000,-1.8346919444444e-05
DOTUSD,1779019200000,-1.8530363888889e-05
DOTUSD,1779022800000,-2.2187427777778e-05
DOTUSD,1779026400000,-1.91876375e-05
DOTUSD,1779030000000,-1.2014519444444e-05
DOTUSD,1779033600000,-1.0768240277778e-05
DOTUSD,1779037200000,-8.132859722222e-06
DOTUSD,1779040800000,-3.807783333333e-06
DOTUSD,1779044400000,-7.911381944444e-06
DOTUSD,1779048000000,-1.0731498611111e-05
DOTUSD,1779051600000,-1.037305e-05
DOTUSD,1779055200000,-1.2369575e-05
DOTUSD,1779058800000,-1.2020120833333e-05
DOTUSD,1779062400000,-2.3377379166667e-05
DOTUSD,1779066000000,-2.6406238888889e-05
DOTUSD,1779069600000,-1.4056865277778e-05
DOTUSD,1779073200000,-4.5473625e-06
DOTUSD,1779076800000,2.677175e-06
DOTUSD,1779080400000,-4.273034722222e-06
DOTUSD,1779084000000,-9.284618055556e-06
DOTUSD,1779087600000,-2.5397815277778e-05
DOTUSD,1779091200000,-2.0947709722222e-05
DOTUSD,1779094800000,-1.9696151388889e-05
DOTUSD,1779098400000,-2.4633479166667e-05
DOTUSD,1779102000000,-2.1148945833333e-05
DOTUSD,1779105600000,-2.1374815277778e-05
DOTUSD,1779109200000,-1.8544194444444e-05
DOTUSD,1779112800000,-6.226755555556e-06
DOTUSD,1779116400000,1.03555555556e-07
DOTUSD,1779120000000,9.716359722222e-06
DOTUSD,1779123600000,9.109327777778e-06
DOTUSD,1779127200000,5.87331944444e-07
DOTUSD,1779130800000,7.315684722222e-06
DOTUSD,1779134400000,1.0405881944444e-05
DOTUSD,1779138000000,1.0271205555556e-05
DOTUSD,1779141600000,1.61401875e-05
DOTUSD,1779145200000,1.48244875e-05
DOTUSD,1779148800000,1.4801719444444e-05
DOTUSD,1779152400000,1.9597108333333e-05
DOTUSD,1779156000000,2.1436966666667e-05
DOTUSD,1779159600000,1.71456375e-05
DOTUSD,1779163200000,1.5093204166667e-05
DOTUSD,1779166800000,1.4011145833333e-05
DOTUSD,1779170400000,1.3965833333333e-05
DOTUSD,1779174000000,8.169363888889e-06
DOTUSD,1779177600000,3.785818055556e-06
DOTUSD,1779181200000,5.523772222222e-06
DOTUSD,1779184800000,3.222443055556e-06
DOTUSD,1779188400000,-3.618820833333e-06
DOTUSD,1779192000000,-1.58815277778e-07
DOTUSD,1779195600000,9.92741666667e-07
DOTUSD,1779199200000,-1.010425e-06
DOTUSD,1779202800000,-2.590115277778e-06
DOTUSD,1779206400000,-4.168323611111e-06
DOTUSD,1779210000000,-7.413659722222e-06
DOTUSD,1779213600000,4.314890277778e-06
DOTUSD,1779217200000,9.57390277778e-07
DOTUSD,1779220800000,-6.387398611111e-06
DOTUSD,1779224400000,-1.39706125e-05
DOTUSD,1779228000000,-4.325315277778e-06
DOTUSD,1779231600000,2.267125e-07
DOTUSD,1779235200000,8.391172222222e-06
DOTUSD,1779238800000,2.428981944444e-06
DOTUSD,1779242400000,8.74920833333e-07
DOTUSD,1779246000000,5.65802777778e-07
DOTUSD,1779249600000,-4.633022222222e-06
DOTUSD,1779253200000,-2.983823611111e-06
DOTUSD,1779256800000,2.520956944444e-06
DOTUSD,1779260400000,4.330718055556e-06
DOTUSD,1779264000000,-1.598083333333e-06
DOTUSD,1779267600000,1.086533333333e-06
DOTUSD,1779271200000,-5.503383333333e-06
DOTUSD,1779274800000,-3.809831944444e-06
DOTUSD,1779278400000,-8.436597222222e-06
DOTUSD,1779282000000,-3.942770833333e-06
DOTUSD,1779285600000,3.977691666667e-06
DOTUSD,1779289200000,-5.915613888889e-06
DOTUSD,1779292800000,1.392083333333e-06
DOTUSD,1779296400000,9.343566666667e-06
DOTUSD,1779300000000,1.0557155555556e-05
DOTUSD,1779303600000,1.212143055556e-06
DOTUSD,1779307200000,-4.458784722222e-06
DOTUSD,1779310800000,-7.32026388889e-07
DOTUSD,1779314400000,1.0327463888889e-05
DOTUSD,1779318000000,1.0986127777778e-05
DOTUSD,1779321600000,1.1877454166667e-05
DOTUSD,1779325200000,7.619009722222e-06
DOTUSD,1779328800000,1.8714626388889e-05
DOTUSD,1779332400000,9.598966666667e-06
DOTUSD,1779336000000,5.711711111111e-06
DOTUSD,1779339600000,8.419863888889e-06
DOTUSD,1779343200000,7.580825e-06
DOTUSD,1779346800000,1.0793913888889e-05
DOTUSD,1779350400000,5.540944444444e-06
DOTUSD,1779354000000,1.687023611111e-06
DOTUSD,1779357600000,1.045268055556e-06
DOTUSD,1779361200000,-1.247458333333e-06
DOTUSD,1779364800000,7.403566666667e-06
DOTUSD,1779368400000,3.157168055556e-06
DOTUSD,1779372000000,3.4926375e-06
DOTUSD,1779375600000,-1.3134698611111e-05
DOTUSD,1779379200000,-1.8503875e-06
DOTUSD,1779382800000,2.44890277778e-07
DOTUSD,1779386400000,-7.709616666667e-06
DOTUSD,1779390000000,-8.054966666667e-06
DOTUSD,1779393600000,-4.483345833333e-06
DOTUSD,1779397200000,1.3157265277778e-05
DOTUSD,1779400800000,2.1080916666667e-05
DOTUSD,1779404400000,1.3151840277778e-05
DOTUSD,1779408000000,1.164345e-05
DOTUSD,1779411600000,8.214627777778e-06
DOTUSD,1779415200000,6.808644444444e-06
DOTUSD,1779418800000,1.4678959722222e-05
DOTUSD,1779422400000,8.544855555556e-06
DOTUSD,1779426000000,1.3386018055556e-05
DOTUSD,1779429600000,1.6653575e-05
DOTUSD,1779433200000,1.9004820833333e-05
DOTUSD,1779436800000,1.16330375e-05
DOTUSD,1779440400000,3.945241666667e-06
DOTUSD,1779444000000,3.15293055556e-07
DOTUSD,1779447600000,-2.608547222222e-06
DOTUSD,1779451200000,5.218584722222e-06
DOTUSD,1779454800000,1.04316625e-05
DOTUSD,1779458400000,9.246261111111e-06
DOTUSD,1779462000000,-6.31130555556e-07
DOTUSD,1779465600000,-2.328361111111e-06
DOTUSD,1779469200000,-6.3483333333e-08
DOTUSD,1779472800000,1.791275e-06
DOTUSD,1779476400000,-8.200831944444e-06
DOTUSD,1779480000000,-4.900698611111e-06
DOTUSD,1779483600000,-5.940508333333e-06
DOTUSD,1779487200000,9.623488888889e-06
DOTUSD,1779490800000,5.460272222222e-06
DOTUSD,1779494400000,1.3512733333333e-05
DOTUSD,1779498000000,-8.52444444444e-07
DOTUSD,1779501600000,-7.216169444444e-06
DOTUSD,1779505200000,-4.913319444444e-06
DOTUSD,1779508800000,-9.602994444444e-06
DOTUSD,1779512400000,-5.019911111111e-06
DOTUSD,1779516000000,1.772490277778e-06
DOTUSD,1779519600000,3.494420833333e-06
DOTUSD,1779523200000,8.707555059524e-06
DOTUSD,1779526800000,8.84390277778e-07
DOTUSD,1779530400000,-1.395572222222e-06
DOTUSD,1779534000000,2.654077777778e-06
DOTUSD,1779537600000,1.825409722222e-06
DOTUSD,1779541200000,6.450995833333e-06
DOTUSD,1779544800000,3.472901388889e-06
DOTUSD,1779548400000,3.823790277778e-06
DOTUSD,1779552000000,1.1915922222222e-05
DOTUSD,1779555600000,4.833970833333e-06
DOTUSD,1779559200000,6.511113888889e-06
DOTUSD,1779562800000,1.4851220833333e-05
DOTUSD,1779566400000,1.8859433333333e-05
DOTUSD,1779570000000,8.009301388889e-06
DOTUSD,1779573600000,1.4399448611111e-05
DOTUSD,1779577200000,1.4048243055556e-05
DOTUSD,1779580800000,3.329726388889e-06
DOTUSD,1779584400000,-6.809306944444e-06
DOTUSD,1779588000000,-9.920756944444e-06
DOTUSD,1779591600000,-5.476706944444e-06
DOTUSD,1779595200000,-9.895995833333e-06
DOTUSD,1779598800000,-8.571970833333e-06
DOTUSD,1779602400000,-1.1195766666667e-05
DOTUSD,1779606000000,-2.648059722222e-06
DOTUSD,1779609600000,-9.17995e-06
DOTUSD,1779613200000,-8.335977777778e-06
DOTUSD,1779616800000,-1.1070027777778e-05
DOTUSD,1779620400000,-8.008575e-06
DOTUSD,1779624000000,2.937497222222e-06
DOTUSD,1779627600000,-2.280134722222e-06
DOTUSD,1779631200000,-8.74305555556e-07
DOTUSD,1779634800000,-7.077370833333e-06
DOTUSD,1779638400000,-1.2973398611111e-05
DOTUSD,1779642000000,-1.0863719444444e-05
DOTUSD,1779645600000,-7.437223611111e-06
DOTUSD,1779649200000,-1.470629166667e-06
DOTUSD,1779652800000,-3.286483333333e-06
DOTUSD,1779656400000,-3.6831e-06
DOTUSD,1779660000000,-1.2428241666667e-05
DOTUSD,1779663600000,-1.1274411111111e-05
DOTUSD,1779667200000,-2.403370833333e-06
DOTUSD,1779670800000,-2.521759722222e-06
DOTUSD,1779674400000,1.042386111111e-06
DOTUSD,1779678000000,5.55647222222e-07
DOTUSD,1779681600000,-1.141697222222e-06
DOTUSD,1779685200000,-3.4347375e-06
DOTUSD,1779688800000,1.510265277778e-06
DOTUSD,1779692400000,6.347666666667e-06
DOTUSD,1779696000000,1.1795070833333e-05
DOTUSD,1779699600000,1.0820081944444e-05
DOTUSD,1779703200000,1.7749383333333e-05
DOTUSD,1779706800000,1.5733227777778e-05
DOTUSD,1779710400000,1.9999722222222e-05
DOTUSD,1779714000000,1.1653872222222e-05
DOTUSD,1779717600000,1.1513133333333e-05
DOTUSD,1779721200000,9.426230555556e-06
DOTUSD,1779724800000,7.765448611111e-06
DOTUSD,1779728400000,8.432670833333e-06
DOTUSD,1779732000000,1.1125291666667e-05
DOTUSD,1779735600000,1.4372809722222e-05
DOTUSD,1779739200000,1.2436422222222e-05
DOTUSD,1779742800000,8.674713888889e-06
DOTUSD,1779746400000,1.0143859722222e-05
DOTUSD,1779750000000,5.447883333333e-06
DOTUSD,1779753600000,1.618798611111e-06
DOTUSD,1779757200000,-4.961522222222e-06
DOTUSD,1779760800000,-5.292420833333e-06
DOTUSD,1779764400000,-1.8555247222222e-05
DOTUSD,1779768000000,-1.67251875e-05
DOTUSD,1779771600000,-1.1517391666667e-05
DOTUSD,1779775200000,-2.585905555556e-06
DOTUSD,1779778800000,7.165827777778e-06
DOTUSD,1779782400000,5.861622222222e-06
DOTUSD,1779786000000,5.717525e-06
DOTUSD,1779789600000,7.363897222222e-06
DOTUSD,1779793200000,2.1472763888889e-05
DOTUSD,1779796800000,1.9325363888889e-05
DOTUSD,1779800400000,1.9004447222222e-05
DOTUSD,1779804000000,1.6896718055556e-05
DOTUSD,1779807600000,7.789956944444e-06
DOTUSD,1779811200000,5.93045833333e-07
DOTUSD,1779814800000,-1.142068055556e-06
DOTUSD,1779818400000,-9.249893055556e-06
DOTUSD,1779822000000,-1.1756965277778e-05
DOTUSD,1779825600000,-1.6100876388889e-05
DOTUSD,1779829200000,-1.9301430555556e-05
DOTUSD,1779832800000,-1.8793884722222e-05
DOTUSD,1779836400000,-1.7246705555556e-05
DOTUSD,1779840000000,5.891376388889e-06
DOTUSD,1779843600000,5.430469444444e-06
DOTUSD,1779847200000,6.4110375e-06
DOTUSD,1779850800000,-3.635715277778e-06
DOTUSD,1779854400000,-9.784686111111e-06
DOTUSD,1779858000000,-1.5197895833333e-05
DOTUSD,1779861600000,-1.0202127777778e-05
DOTUSD,1779865200000,9.734511111111e-06
DOTUSD,1779868800000,1.2115331944444e-05
DOTUSD,1779872400000,1.1473327777778e-05
DOTUSD,1779876000000,6.73386111111e-07
DOTUSD,1779879600000,7.1294875e-06
DOTUSD,1779883200000,5.576813888889e-06
DOTUSD,1779886800000,-9.013125e-07
DOTUSD,1779890400000,5.492759722222e-06
DOTUSD,1779894000000,-2.603306944444e-06
DOTUSD,1779897600000,1.5500068055556e-05
DOTUSD,1779901200000,8.690170833333e-06
DOTUSD,1779904800000,3.742523611111e-06
DOTUSD,1779908400000,-6.28993055556e-07
DOTUSD,1779912000000,1.4840704166667e-05
DOTUSD,1779915600000,7.785448611111e-06
DOTUSD,1779919200000,-3.513129166667e-06
DOTUSD,1779922800000,-5.767033333333e-06
DOTUSD,1779926400000,5.79365e-06
DOTUSD,1779930000000,-7.753598611111e-06
DOTUSD,1779933600000,-7.946981944444e-06
DOTUSD,1779937200000,-1.4585015277778e-05
DOTUSD,1779940800000,-1.7202456989247e-05
DOTUSD,1779944400000,-6.932849462366e-06
DOTUSD,1779948000000,-1.3784093055556e-05
DOTUSD,1779951600000,-1.8380481944444e-05
DOTUSD,1779955200000,-1.2493389367816e-05
DOTUSD,1779958800000,-9.737251388889e-06
DOTUSD,1779962400000,-7.837106944444e-06
DOTUSD,1779966000000,1.957073611111e-06
DOTUSD,1779969600000,-1.114193055556e-06
DOTUSD,1779973200000,3.486875e-07
DOTUSD,1779976800000,6.436656944444e-06
DOTUSD,1779980400000,2.267834722222e-06
DOTUSD,1779984000000,2.7026875e-06
DOTUSD,1779987600000,4.392331944444e-06
DOTUSD,1779991200000,5.910616666667e-06
DOTUSD,1779994800000,1.6973379166667e-05
DOTUSD,1779998400000,1.4456593055556e-05
DOTUSD,1780002000000,1.532186111111e-06
DOTUSD,1780005600000,2.852422222222e-06
DOTUSD,1780009200000,-1.349979166667e-06
DOTUSD,1780012800000,-6.701225e-06
DOTUSD,1780016400000,-4.419470833333e-06
DOTUSD,1780020000000,1.997041666667e-06
DOTUSD,1780023600000,6.545995833333e-06
DOTUSD,1780027200000,1.278015277778e-06
DOTUSD,1780030800000,-3.9595e-06
DOTUSD,1780034400000,-4.559063888889e-06
DOTUSD,1780038000000,-4.47020833333e-07
DOTUSD,1780041600000,3.507416666667e-06
DOTUSD,1780045200000,4.742094444444e-06
DOTUSD,1780048800000,4.173065277778e-06
DOTUSD,1780052400000,-7.90868055556e-07
DOTUSD,1780056000000,-3.678501388889e-06
DOTUSD,1780059600000,-5.688913888889e-06
DOTUSD,1780063200000,-1.269645e-05
DOTUSD,1780066800000,-3.098943055556e-06
DOTUSD,1780070400000,8.150315277778e-06
DOTUSD,1780074000000,6.052125e-06
DOTUSD,1780077600000,1.3800425e-05
DOTUSD,1780081200000,1.0431427777778e-05
DOTUSD,1780084800000,1.3131993055556e-05
DOTUSD,1780088400000,1.7444604166667e-05
DOTUSD,1780092000000,1.5859568055556e-05
DOTUSD,1780095600000,8.346108333333e-06
DOTUSD,1780099200000,3.549745833333e-06
DOTUSD,1780102800000,1.5322536111111e-05
DOTUSD,1780106400000,1.3117733333333e-05
DOTUSD,1780110000000,2.1367413888889e-05
DOTUSD,1780113600000,1.09743e-05
DOTUSD,1780117200000,7.563295833333e-06
DOTUSD,1780120800000,1.169694444444e-06
DOTUSD,1780124400000,1.052569444444e-06
DOTUSD,1780128000000,8.37372222222e-07
DOTUSD,1780131600000,1.74475e-06
DOTUSD,1780135200000,-1.173136111111e-06
DOTUSD,1780138800000,-4.4747875e-06
DOTUSD,1780142400000,4.291134722222e-06
DOTUSD,1780146000000,2.208227777778e-06
DOTUSD,1780149600000,8.76991666667e-07
DOTUSD,1780153200000,-3.25102777778e-07
DOTUSD,1780156800000,3.429759722222e-06
DOTUSD,1780160400000,3.069194444444e-06
DOTUSD,1780164000000,-3.6956125e-06
DOTUSD,1780167600000,-6.745705555556e-06
DOTUSD,1780171200000,-3.613704166667e-06
DOTUSD,1780174800000,-6.212386111111e-06
DOTUSD,1780178400000,2.496644444444e-06
DOTUSD,1780182000000,9.47108333333e-07
DOTUSD,1780185600000,-3.031384722222e-06
DOTUSD,1780189200000,-2.112325e-06
DOTUSD,1780192800000,-3.0640875e-06
DOTUSD,1780196400000,-1.689730555556e-06
DOTUSD,1780200000000,-1.210040277778e-06
DOTUSD,1780203600000,2.899984722222e-06
DOTUSD,1780207200000,2.5655e-07
DOTUSD,1780210800000,-3.809751388889e-06
DOTUSD,1780214400000,-1.1667888888889e-05
DOTUSD,1780218000000,-1.3503597222222e-05
DOTUSD,1780221600000,-7.537608333333e-06
DOTUSD,1780225200000,-1.209175e-05
DOTUSD,1780228800000,-6.409683333333e-06
DOTUSD,1780232400000,-7.650994444444e-06
DOTUSD,1780236000000,-5.926075e-06
DOTUSD,1780239600000,-5.293995833333e-06
DOTUSD,1780243200000,-3.661993055556e-06
DOTUSD,1780246800000,-9.480106944444e-06
DOTUSD,1780250400000,-1.8712706944444e-05
DOTUSD,1780254000000,-2.0734656944444e-05
DOTUSD,1780257600000,-1.0947886111111e-05
DOTUSD,1780261200000,-6.879520833333e-06
DOTUSD,1780264800000,1.876584722222e-06
DOTUSD,1780268400000,8.406294444444e-06
DOTUSD,1780272000000,1.4075906944444e-05
DOTUSD,1780275600000,1.2626875e-05
DOTUSD,1780279200000,1.0885886111111e-05
DOTUSD,1780282800000,9.315595833333e-06
DOTUSD,1780286400000,1.9556104166667e-05
DOTUSD,1780290000000,1.48058375e-05
DOTUSD,1780293600000,1.2074944444444e-05
DOTUSD,1780297200000,7.055688888889e-06
DOTUSD,1780300800000,1.703494444444e-06
DOTUSD,1780304400000,4.604698611111e-06
DOTUSD,1780308000000,8.18418055556e-07
DOTUSD,1780311600000,-3.947881944444e-06
DOTUSD,1780315200000,-6.36058333333e-07
DOTUSD,1780318800000,7.950481944444e-06
DOTUSD,1780322400000,1.627398611111e-06
DOTUSD,1780326000000,-1.6999148611111e-05
DOTUSD,1780329600000,-1.2306213888889e-05
DOTUSD,1780333200000,-2.54787e-05
DOTUSD,1780336800000,-2.4482666666667e-05
DOTUSD,1780340400000,-1.8230820833333e-05
DOTUSD,1780344000000,-2.4110358333333e-05
DOTUSD,1780347600000,-1.6984540277778e-05
DOTUSD,1780351200000,-1.2479670833333e-05
DOTUSD,1780354800000,-1.7519375e-05
DOTUSD,1780358400000,-1.1947893055556e-05
DOTUSD,1780362000000,-1.2160247222222e-05
DOTUSD,1780365600000,-7.557491666667e-06
DOTUSD,1780369200000,-1.7797291666667e-05
DOTUSD,1780372800000,-1.3213472222222e-05
DOTUSD,1780376400000,-9.533944444444e-06
DOTUSD,1780380000000,-9.9341125e-06
DOTUSD,1780383600000,-6.1760329166667e-05
DOTUSD,1780387200000,-4.1268045833333e-05
DOTUSD,1780390800000,-5.0712054166667e-05
DOTUSD,1780394400000,-6.1805245833333e-05
DOTUSD,1780398000000,-2.773125e-05
DOTUSD,1780401600000,-3.3121541666667e-05
DOTUSD,1780405200000,-4.0587954166667e-05
DOTUSD,1780408800000,-3.8328675e-05
DOTUSD,1780412400000,-8.0882408333333e-05
DOTUSD,1780416000000,-7.4410695833333e-05
DOTUSD,1780419600000,-7.39071875e-05
DOTUSD,1780423200000,-3.7544475e-05
DOTUSD,1780426800000,-3.7114020833333e-05
DOTUSD,1780430400000,-4.39424e-05
DOTUSD,1780434000000,-3.4803516666667e-05
DOTUSD,1780437600000,-4.0100266666667e-05
DOTUSD,1780441200000,-4.2093525e-05
DOTUSD,1780444800000,-4.11062625e-05
DOTUSD,1780448400000,-4.8032008333333e-05
DOTUSD,1780452000000,-3.6406083333333e-05
DOTUSD,1780455600000,-2.996225e-05
DOTUSD,1780459200000,-1.9568841666667e-05
DOTUSD,1780462800000,-1.9756370833333e-05
DOTUSD,1780466400000,-1.0485925e-05
DOTUSD,1780470000000,1.04764125e-05
DOTUSD,1780473600000,-4.266941666667e-06
DOTUSD,1780477200000,-1.0912166666667e-05
DOTUSD,1780480800000,1.56244875e-05
DOTUSD,1780484400000,-3.81420833333e-07
DOTUSD,1780488000000,1.7755241666667e-05
DOTUSD,1780491600000,6.079545833333e-06
DOTUSD,1780495200000,6.3173375e-06
DOTUSD,1780498800000,-1.2049633333333e-05
DOTUSD,1780502400000,-1.94300875e-05
DOTUSD,1780506000000,-3.9816991666667e-05
DOTUSD,1780509600000,-3.1534545833333e-05
DOTUSD,1780513200000,-3.3076158333333e-05
DOTUSD,1780516800000,-3.9845479166667e-05
DOTUSD,1780520400000,-1.073854166667e-06
DOTUSD,1780524000000,-1.363979166667e-06
DOTUSD,1780527600000,-1.79832875e-05
DOTUSD,1780531200000,-3.2634204166667e-05
DOTUSD,1780534800000,-4.9079441666667e-05
DOTUSD,1780538400000,-3.7816175e-05
DOTUSD,1780542000000,-9.2113025e-05
DOTUSD,1780545600000,-5.4626754166667e-05
DOTUSD,1780549200000,-5.904225e-05
DOTUSD,1780552800000,-5.1017695833333e-05
DOTUSD,1780556400000,-4.62356875e-05
DOTUSD,1780560000000,-6.0035745689655e-05
DOTUSD,1780563600000,-4.8785083333333e-05
DOTUSD,1780567200000,-3.9522845833333e-05
DOTUSD,1780570800000,-2.0647729166667e-05
DOTUSD,1780574400000,-4.09990875e-05
DOTUSD,1780578000000,-2.5288558333333e-05
DOTUSD,1780581600000,-1.8864266666667e-05
DOTUSD,1780585200000,-2.7471683333333e-05
DOTUSD,1780588800000,-1.1863620833333e-05
DOTUSD,1780592400000,1.564858333333e-06
DOTUSD,1780596000000,-4.3575e-08
DOTUSD,1780599600000,-9.613191666667e-06
DOTUSD,1780603200000,1.7565825e-05
DOTUSD,1780606800000,-6.28855e-06
DOTUSD,1780610400000,-8.891104166667e-06
DOTUSD,1780614000000,-3.7748458333333e-05
DOTUSD,1780617600000,-2.647535e-05
DOTUSD,1780621200000,-5.94395e-06
DOTUSD,1780624800000,-1.4428341666667e-05
DOTUSD,1780628400000,-7.890275e-06
DOTUSD,1780632000000,-2.4248266666667e-05
DOTUSD,1780635600000,-3.1518341666667e-05
DOTUSD,1780639200000,-5.2215520833333e-05
DOTUSD,1780642800000,-8.0725508333333e-05
DOTUSD,1780646400000,-9.16031625e-05
DOTUSD,1780650000000,-8.6282008333333e-05
DOTUSD,1780653600000,-6.259745e-05
DOTUSD,1780657200000,-5.9507808333333e-05
DOTUSD,1780660800000,-4.0849979166667e-05
DOTUSD,1780664400000,-3.8126595833333e-05
DOTUSD,1780668000000,-4.3124325e-05
DOTUSD,1780671600000,-4.22415875e-05
DOTUSD,1780675200000,-3.47124875e-05
DOTUSD,1780678800000,-3.0513675e-05
DOTUSD,1780682400000,-1.2492191666667e-05
DOTUSD,1780686000000,-3.4582945833333e-05
DOTUSD,1780689600000,-6.193835e-05
DOTUSD,1780693200000,-7.0296604166667e-05
DOTUSD,1780696800000,-3.5891333333333e-05
DOTUSD,1780700400000,-4.25437625e-05
DOTUSD,1780704000000,-6.5190595833333e-05
DOTUSD,1780707600000,-5.7758375e-05
DOTUSD,1780711200000,-4.9121545833333e-05
DOTUSD,1780714800000,-6.5223379166667e-05
DOTUSD,1780718400000,-5.4604979166667e-05
DOTUSD,1780722000000,-8.3863645833333e-05
DOTUSD,1780725600000,-5.87011e-05
DOTUSD,1780729200000,-5.8513729166667e-05
DOTUSD,1780732800000,-5.13377e-05
DOTUSD,1780736400000,-4.0156945833333e-05
DOTUSD,1780740000000,-1.3030808333333e-05
DOTUSD,1780743600000,-9.414470833333e-06
DOTUSD,1780747200000,-2.7360279166667e-05
DOTUSD,1780750800000,-3.885335e-05
DOTUSD,1780754400000,1.49407e-05
DOTUSD,1780758000000,1.2852841666667e-05
DOTUSD,1780761600000,-7.129666666667e-06
DOTUSD,1780765200000,1.865845833333e-06
DOTUSD,1780768800000,1.903654166667e-06
DOTUSD,1780772400000,-7.102670833333e-06
DOTUSD,1780776000000,-4.6402375e-06
DOTUSD,1780779600000,-1.9575329166667e-05
DOTUSD,1780783200000,-2.3686920833333e-05
DOTUSD,1780786800000,-9.3857125e-06
DOTUSD,1780790400000,-3.672516666667e-06
DOTUSD,1780794000000,6.890979166667e-06
DOTUSD,1780797600000,8.1721625e-06
DOTUSD,1780801200000,1.5557666666667e-05
DOTUSD,1780804800000,3.50616666667e-07
DOTUSD,1780808400000,-5.445445833333e-06
DOTUSD,1780812000000,-1.8109875e-06
DOTUSD,1780815600000,-1.134175e-05
DOTUSD,1780819200000,-7.013854166667e-06
DOTUSD,1780822800000,-3.60952375e-05
DOTUSD,1780826400000,-3.9301525e-05
DOTUSD,1780830000000,-3.4028804166667e-05
DOTUSD,1780833600000,-3.48639875e-05
DOTUSD,1780837200000,-3.6855929166667e-05
DOTUSD,1780840800000,-3.0750570833333e-05
DOTUSD,1780844400000,-1.3327845833333e-05
DOTUSD,1780848000000,-4.704366666667e-06
DOTUSD,1780851600000,-2.1353720833333e-05
DOTUSD,1780855200000,8.62520833333e-07
DOTUSD,1780858800000,1.2117225e-05
DOTUSD,1780862400000,-1.78109375e-05
DOTUSD,1780866000000,-8.847466666667e-06
DOTUSD,1780869600000,-4.21405e-06
DOTUSD,1780873200000,-2.76324875e-05
DOTUSD,1780876800000,-4.0806591666667e-05
DOTUSD,1780880400000,-4.5136870833333e-05
DOTUSD,1780884000000,-3.5367158333333e-05
DOTUSD,1780887600000,-3.4236025e-05
DOTUSD,1780891200000,-3.4717633333333e-05
DOTUSD,1780894800000,-3.1875191666667e-05
DOTUSD,1780898400000,-3.4376141666667e-05
DOTUSD,1780902000000,-2.3086141666667e-05
DOTUSD,1780905600000,-2.63786625e-05
DOTUSD,1780909200000,-1.8620454166667e-05
DOTUSD,1780912800000,-1.8797695833333e-05
DOTUSD,1780916400000,-1.3484395833333e-05
DOTUSD,1780920000000,-2.491420833333e-06
DOTUSD,1780923600000,-2.9939083333333e-05
DOTUSD,1780927200000,-3.0674254166667e-05
DOTUSD,1780930800000,-5.2549941666667e-05
DOTUSD,1780934400000,-3.4388254166667e-05
DOTUSD,1780938000000,-4.36255125e-05
DOTUSD,1780941600000,-3.4589333333333e-05
DOTUSD,1780945200000,-2.2996525e-05
DOTUSD,1780948800000,-4.0932279166667e-05
DOTUSD,1780952400000,-3.5009554166667e-05
DOTUSD,1780956000000,-3.09151125e-05
DOTUSD,1780959600000,-3.5577858333333e-05
DOTUSD,1780963200000,-2.7035566666667e-05
DOTUSD,1780966800000,-3.37813e-05
DOTUSD,1780970400000,-3.9856245833333e-05
DOTUSD,1780974000000,-2.988055e-05
DOTUSD,1780977600000,-2.10227125e-05
DOTUSD,1780981200000,-3.1944941666667e-05
DOTUSD,1780984800000,-2.1183733333333e-05
DOTUSD,1780988400000,-1.6682633333333e-05
DOTUSD,1780992000000,-2.6731145833333e-05
DOTUSD,1780995600000,-3.6169645833333e-05
DOTUSD,1780999200000,-3.7997491666667e-05
DOTUSD,1781002800000,-2.7409020833333e-05
DOTUSD,1781006400000,-2.7780829166667e-05
DOTUSD,1781010000000,-2.9078941666667e-05
DOTUSD,1781013600000,-1.8219575e-05
DOTUSD,1781017200000,-4.0806604166667e-05
DOTUSD,1781020800000,-5.4807241666667e-05
DOTUSD,1781024400000,-4.2419975e-05
DOTUSD,1781028000000,-4.5540770833333e-05
DOTUSD,1781031600000,-2.3909908333333e-05
DOTUSD,1781035200000,3.166270833333e-06
DOTUSD,1781038800000,1.4804933333333e-05
DOTUSD,1781042400000,4.505366666667e-06
DOTUSD,1781046000000,1.6983875e-06
DOTUSD,1781049600000,-2.566670833333e-06
DOTUSD,1781053200000,-1.4606183333333e-05
DOTUSD,1781056800000,-6.293270833333e-06
DOTUSD,1781060400000,-3.603575e-06
DOTUSD,1781064000000,-1.0429841666667e-05
DOTUSD,1781067600000,8.497154166667e-06
DOTUSD,1781071200000,1.0352404166667e-05
DOTUSD,1781074800000,6.324795833333e-06
DOTUSD,1781078400000,8.060683333333e-06
DOTUSD,1781082000000,4.9984875e-06
DOTUSD,1781085600000,3.866091666667e-06
DOTUSD,1781089200000,4.7570125e-06
DOTUSD,1781092800000,5.154591666667e-06
DOTUSD,1781096400000,6.911545833333e-06
DOTUSD,1781100000000,-7.313198275862e-06
DOTUSD,1781103600000,-1.7054633333333e-05
DOTUSD,1781107200000,-2.3199345833333e-05
DOTUSD,1781110800000,9.33625e-08
DOTUSD,1781114400000,-1.74541666667e-07
DOTUSD,1781118000000,-2.5153625e-06
DOTUSD,1781121600000,-6.9275625e-06
DOTUSD,1781125200000,-8.244745833333e-06
DOTUSD,1781128800000,-1.18514875e-05
DOTUSD,1781132400000,-2.1038225e-05
DOTUSD,1781136000000,-1.8256316666667e-05
DOTUSD,1781139600000,-2.570491666667e-06
DOTUSD,1781143200000,-1.10117e-05
DOTUSD,1781146800000,-1.4260658333333e-05
DOTUSD,1781150400000,-1.05127625e-05
DOTUSD,1781154000000,7.801133333333e-06
DOTUSD,1781157600000,1.21095e-05
DOTUSD,1781161200000,5.814545833333e-06
DOTUSD,1781164800000,1.9896775e-05
DOTUSD,1781168400000,1.05823875e-05
DOTUSD,1781172000000,2.9662629166667e-05
DOTUSD,1781175600000,1.7467e-05
DOTUSD,1781179200000,3.0423504166667e-05
DOTUSD,1781182800000,1.8032695833333e-05
DOTUSD,1781186400000,1.8502308333333e-05
DOTUSD,1781190000000,1.1322941666667e-05
DOTUSD,1781193600000,6.256870833333e-06
DOTUSD,1781197200000,2.4845458333333e-05
DOTUSD,1781200800000,1.4839270833333e-05
DOTUSD,1781204400000,1.9844175e-05
DOTUSD,1781208000000,1.6343541666667e-05
DOTUSD,1781211600000,1.9127795833333e-05
DOTUSD,1781215200000,3.30641875e-05
DOTUSD,1781218800000,2.8654616666667e-05
DOTUSD,1781222400000,1.7627804166667e-05
DOTUSD,1781226000000,1.1118116666667e-05
DOTUSD,1781229600000,6.158733333333e-06
DOTUSD,1781233200000,1.4563320833333e-05
DOTUSD,1781236800000,2.5385970833333e-05
DOTUSD,1781240400000,3.0812475e-05
DOTUSD,1781244000000,1.51723875e-05
DOTUSD,1781247600000,-2.6022841666667e-05
DOTUSD,1781251200000,-4.7566129166667e-05
DOTUSD,1781254800000,-2.22901875e-05
DOTUSD,1781258400000,-2.74054166667e-07
DOTUSD,1781262000000,-1.2557e-06
DOTUSD,1781265600000,2.5400366666667e-05
DOTUSD,1781269200000,6.209195833333e-06
DOTUSD,1781272800000,-2.8304183333333e-05
DOTUSD,1781276400000,-2.2183616666667e-05
DOTUSD,1781280000000,-2.9631091666667e-05
DOTUSD,1781283600000,-4.30114e-05
DOTUSD,1781287200000,-9.966458333333e-06
DOTUSD,1781290800000,-1.6628083333333e-05
DOTUSD,1781294400000,-2.7994320833333e-05
DOTUSD,1781298000000,-2.4918358333333e-05
DOTUSD,1781301600000,-2.6684704166667e-05
DOTUSD,1781305200000,-3.7620570833333e-05
DOTUSD,1781308800000,-3.7137129166667e-05
DOTUSD,1781312400000,-2.9019970833333e-05
DOTUSD,1781316000000,-1.7146825e-05
DOTUSD,1781319600000,-1.292295833333e-06
DOTUSD,1781323200000,-8.7133375e-06
DOTUSD,1781326800000,-1.107365e-05
DOTUSD,1781330400000,-8.7732e-06
DOTUSD,1781334000000,-1.3922791666667e-05
DOTUSD,1781337600000,9.557708333333e-06
DOTUSD,1781341200000,2.490016666667e-06
DOTUSD,1781344800000,-9.8375625e-06
DOTUSD,1781348400000,2.415291666667e-06
DOTUSD,1781352000000,3.1359625e-06
DOTUSD,1781355600000,-6.493554166667e-06
DOTUSD,1781359200000,-2.5796625e-06
DOTUSD,1781362800000,-1.693566666667e-06
DOTUSD,1781366400000,1.5169145833333e-05
DOTUSD,1781370000000,-2.1527779166667e-05
DOTUSD,1781373600000,-1.2448425e-05
DOTUSD,1781377200000,-2.0173204166667e-05
DOTUSD,1781380800000,-2.8470670833333e-05
DOTUSD,1781384400000,-3.2481754166667e-05
DOTUSD,1781388000000,-3.52552e-05
DOTUSD,1781391600000,-3.2750070833333e-05
DOTUSD,1781395200000,-4.0762266666667e-05
DOTUSD,1781398800000,-3.91837625e-05
DOTUSD,1781402400000,-2.3963370833333e-05
DOTUSD,1781406000000,-2.1315354166667e-05
DOTUSD,1781409600000,-2.9379533333333e-05
DOTUSD,1781413200000,-4.1259079166667e-05
DOTUSD,1781416800000,-5.10673375e-05
DOTUSD,1781420400000,-3.7543933333333e-05
DOTUSD,1781424000000,-3.1853191666667e-05
DOTUSD,1781427600000,-2.720345e-05
DOTUSD,1781431200000,-3.1791291666667e-05
DOTUSD,1781434800000,-2.7325775e-05
DOTUSD,1781438400000,-4.224895e-05
DOTUSD,1781442000000,-3.1826595833333e-05
DOTUSD,1781445600000,-2.9260945833333e-05
DOTUSD,1781449200000,-2.1637816666667e-05
DOTUSD,1781452800000,-1.1881454166667e-05
DOTUSD,1781456400000,-1.4549791666667e-05
DOTUSD,1781460000000,-9.250329166667e-06
DOTUSD,1781463600000,-1.0866566666667e-05
DOTUSD,1781467200000,-1.4992966666667e-05
DOTUSD,1781470800000,-2.2985941666667e-05
DOTUSD,1781474400000,-8.430804166667e-06
DOTUSD,1781478000000,6.111429166667e-06
DOTUSD,1781481600000,1.027058333333e-06
DOTUSD,1781485200000,-6.614420833333e-06
DOTUSD,1781488800000,1.2453354166667e-05
DOTUSD,1781492400000,1.36800125e-05
DOTUSD,1781496000000,-1.9329879166667e-05
DOTUSD,1781499600000,-5.578595833333e-06
DOTUSD,1781503200000,-9.792775e-06
DOTUSD,1781506800000,-1.1947379166667e-05
DOTUSD,1781510400000,-6.146058333333e-06
DOTUSD,1781514000000,-1.6288329166667e-05
DOTUSD,1781517600000,-1.1559270833333e-05
DOTUSD,1781521200000,-9.597404166667e-06
DOTUSD,1781524800000,-1.3431875e-05
DOTUSD,1781528400000,-2.4124933333333e-05
DOTUSD,1781532000000,-1.8344883333333e-05
DOTUSD,1781535600000,-1.3536845833333e-05
DOTUSD,1781539200000,4.8530304166667e-05
DOTUSD,1781542800000,9.41820875e-05
DOTUSD,1781546400000,5.7466258333333e-05
DOTUSD,1781550000000,6.2449683333333e-05
DOTUSD,1781553600000,4.6062983333333e-05
DOTUSD,1781557200000,3.15223125e-05
DOTUSD,1781560800000,2.2429254166667e-05
DOTUSD,1781564400000,1.6793629166667e-05
DOTUSD,1781568000000,7.036479166667e-06
DOTUSD,1781571600000,2.222345e-05
DOTUSD,1781575200000,2.5783183333333e-05
DOTUSD,1781578800000,2.1198433333333e-05
DOTUSD,1781582400000,2.6679570833333e-05
DOTUSD,1781586000000,3.5772645833333e-05
DOTUSD,1781589600000,2.4481404166667e-05
DOTUSD,1781593200000,4.6640741666667e-05
DOTUSD,1781596800000,2.7389729166667e-05
DOTUSD,1781600400000,1.0197125e-05
DOTUSD,1781604000000,5.433758333333e-06
DOTUSD,1781607600000,1.4670645833333e-05
DOTUSD,1781611200000,1.64844125e-05
DOTUSD,1781614800000,1.4139225e-05
DOTUSD,1781618400000,-5.445716666667e-06
DOTUSD,1781622000000,-8.701333333333e-06
DOTUSD,1781625600000,-1.5201375e-05
DOTUSD,1781629200000,3.3747375e-06
DOTUSD,1781632800000,1.4055804166667e-05
DOTUSD,1781636400000,9.562108333333e-06
DOTUSD,1781640000000,3.337595833333e-06
DOTUSD,1781643600000,1.3816679166667e-05
DOTUSD,1781647200000,9.134333333333e-06
DOTUSD,1781650800000,1.8023875e-06
DOTUSD,1781654400000,-3.774908333333e-06
DOTUSD,1781658000000,-4.716816666667e-06
DOTUSD,1781661600000,1.349385e-05
DOTUSD,1781665200000,1.71805125e-05
DOTUSD,1781668800000,2.1663545833333e-05
DOTUSD,1781672400000,1.6054804166667e-05
DOTUSD,1781676000000,1.778445e-05
DOTUSD,1781679600000,2.6701658333333e-05
DOTUSD,1781683200000,2.0021991666667e-05
DOTUSD,1781686800000,-1.71792875e-05
DOTUSD,1781690400000,-2.926666666667e-06
DOTUSD,1781694000000,-9.13495e-06
DOTUSD,1781697600000,3.0227375e-06
DOTUSD,1781701200000,6.19908333333e-07
DOTUSD,1781704800000,1.5577108333333e-05
DOTUSD,1781708400000,2.1290483333333e-05
DOTUSD,1781712000000,3.6806233333333e-05
DOTUSD,1781715600000,2.5027e-05
DOTUSD,1781719200000,2.9777145833333e-05
DOTUSD,1781722800000,6.13875e-08
DOTUSD,1781726400000,-1.0719120833333e-05
DOTUSD,1781730000000,-1.2941795833333e-05
DOTUSD,1781733600000,-1.617491666667e-06
DOTUSD,1781737200000,-7.120833333e-09
DOTUSD,1781740800000,-4.0206125e-06
DOTUSD,1781744400000,2.572079166667e-06
DOTUSD,1781748000000,1.2066329166667e-05
DOTUSD,1781751600000,1.1256308333333e-05
DOTUSD,1781755200000,-1.4275445833333e-05
DOTUSD,1781758800000,-2.53191125e-05
DOTUSD,1781762400000,-1.7205870833333e-05
DOTUSD,1781766000000,-2.14956375e-05
DOTUSD,1781769600000,-2.769311637931e-05
DOTUSD,1781773200000,-4.0965608333333e-05
DOTUSD,1781776800000,-3.8669054166667e-05
DOTUSD,1781780400000,-3.9125608333333e-05
DOTUSD,1781784000000,-3.0222891666667e-05
DOTUSD,1781787600000,-7.339891666667e-06
DOTUSD,1781791200000,-1.1855870833333e-05
DOTUSD,1781794800000,-3.8641791666667e-05
DOTUSD,1781798400000,-4.18022e-05
DOTUSD,1781802000000,-3.514455e-05
DOTUSD,1781805600000,-4.9796854166667e-05
DOTUSD,1781809200000,-4.3431416666667e-05
DOTUSD,1781812800000,-3.8820391666667e-05
DOTUSD,1781816400000,-5.9634625e-06
DOTUSD,1781820000000,-1.3537395833333e-05
DOTUSD,1781823600000,-1.7803629166667e-05
DOTUSD,1781827200000,-2.77425875e-05
DOTUSD,1781830800000,-1.2477479166667e-05
DOTUSD,1781834400000,1.016591666667e-06
DOTUSD,1781838000000,1.021155e-05
DOTUSD,1781841600000,-1.702525e-05
DOTUSD,1781845200000,-4.0369258333333e-05
DOTUSD,1781848800000,-2.6494808333333e-05
DOTUSD,1781852400000,-1.87328875e-05
DOTUSD,1781856000000,-2.0521245833333e-05
DOTUSD,1781859600000,-1.7725204166667e-05
DOTUSD,1781863200000,-2.56562375e-05
DOTUSD,1781866800000,-1.3657679166667e-05
DOTUSD,1781870400000,-3.12682625e-05
DOTUSD,1781874000000,-3.4092558333333e-05
DOTUSD,1781877600000,-2.1531995833333e-05
DOTUSD,1781881200000,-1.1942366666667e-05
DOTUSD,1781884800000,2.110125e-06
DOTUSD,1781888400000,-4.878629166667e-06
DOTUSD,1781892000000,-2.8651345833333e-05
DOTUSD,1781895600000,-3.04608125e-05
DOTUSD,1781899200000,-1.8767145833333e-05
DOTUSD,1781902800000,-3.0713166666667e-05
DOTUSD,1781906400000,-2.61962625e-05
DOTUSD,1781910000000,-1.76197875e-05
DOTUSD,1781913600000,-2.5874995833333e-05
DOTUSD,1781917200000,-4.199775e-06
DOTUSD,1781920800000,-5.421045833333e-06
DOTUSD,1781924400000,-5.091125e-06
DOTUSD,1781928000000,-8.239520833333e-06
DOTUSD,1781931600000,-7.605879166667e-06
DOTUSD,1781935200000,5.4314e-06
DOTUSD,1781938800000,3.0699045833333e-05
DOTUSD,1781942400000,1.3097370833333e-05
DOTUSD,1781946000000,5.925604166667e-06
DOTUSD,1781949600000,8.178683333333e-06
DOTUSD,1781953200000,4.5227125e-06
DOTUSD,1781956800000,-1.1617841666667e-05
DOTUSD,1781960400000,-6.2198875e-06
DOTUSD,1781964000000,-7.9814125e-06
DOTUSD,1781967600000,-2.1178458333333e-05
DOTUSD,1781971200000,-9.141666666667e-06
DOTUSD,1781974800000,4.8741375e-06
DOTUSD,1781978400000,-1.34926375e-05
DOTUSD,1781982000000,-8.415358333333e-06
DOTUSD,1781985600000,-6.218866666667e-06
DOTUSD,1781989200000,-1.03364e-05
DOTUSD,1781992800000,2.034075e-05
DOTUSD,1781996400000,2.4093245833333e-05
DOTUSD,1782000000000,1.6338e-05
DOTUSD,1782003600000,1.2212983333333e-05
DOTUSD,1782007200000,2.0618141666667e-05
DOTUSD,1782010800000,9.297908333333e-06
DOTUSD,1782014400000,1.4739875e-05
DOTUSD,1782018000000,1.57749625e-05
DOTUSD,1782021600000,1.6257641666667e-05
DOTUSD,1782025200000,2.4334316666667e-05
DOTUSD,1782028800000,2.23205375e-05
DOTUSD,1782032400000,1.3993233333333e-05
DOTUSD,1782036000000,1.374316666667e-06
DOTUSD,1782039600000,4.969970833333e-06
DOTUSD,1782043200000,-1.040683333333e-06
DOTUSD,1782046800000,-2.1756741666667e-05
DOTUSD,1782050400000,-2.20539e-05
DOTUSD,1782054000000,-1.85707125e-05
DOTUSD,1782057600000,-3.1082058333333e-05
DOTUSD,1782061200000,-1.8912583333333e-05
DOTUSD,1782064800000,1.9304841666667e-05
DOTUSD,1782068400000,-8.7158125e-06
DOTUSD,1782072000000,1.77149375e-05
DOTUSD,1782075600000,1.6393058333333e-05
DOTUSD,1782079200000,-6.196125e-07
DOTUSD,1782082800000,2.0860941666667e-05
DOTUSD,1782086400000,1.3427458333333e-05
DOTUSD,1782090000000,8.435975e-06
DOTUSD,1782093600000,3.2651516666667e-05
DOTUSD,1782097200000,3.0955429166667e-05
DOTUSD,1782100800000,1.23551625e-05
DOTUSD,1782104400000,7.051716666667e-06
DOTUSD,1782108000000,5.24891666667e-07
DOTUSD,1782111600000,1.0134370833333e-05
DOTUSD,1782115200000,1.548325e-05
DOTUSD,1782118800000,7.401733333333e-06
DOTUSD,1782122400000,9.633208333333e-06
DOTUSD,1782126000000,9.5505625e-06
DOTUSD,1782129600000,2.2099141666667e-05
DOTUSD,1782133200000,1.4413733333333e-05
DOTUSD,1782136800000,3.3188041666667e-05
DOTUSD,1782140400000,2.06802625e-05
DOTUSD,1782144000000,1.2478870833333e-05
DOTUSD,1782147600000,-2.3492875e-06
DOTUSD,1782151200000,-1.6712895833333e-05
DOTUSD,1782154800000,-1.5204529166667e-05
DOTUSD,1782158400000,1.7890808333333e-05
DOTUSD,1782162000000,1.0122266666667e-05
DOTUSD,1782165600000,3.1715254166667e-05
DOTUSD,1782169200000,-7.807345833333e-06
DOTUSD,1782172800000,-1.5250658333333e-05
DOTUSD,1782176400000,-2.89118e-05
DOTUSD,1782180000000,-5.6246970833333e-05
DOTUSD,1782183600000,-4.4591266666667e-05
DOTUSD,1782187200000,-2.513315e-05
DOTUSD,1782190800000,-4.226054166667e-06
DOTUSD,1782194400000,-4.978658333333e-06
DOTUSD,1782198000000,-2.3797433333333e-05
DOTUSD,1782201600000,1.36136e-05
DOTUSD,1782205200000,-1.173325e-05
DOTUSD,1782208800000,-2.518870833333e-06
DOTUSD,1782212400000,1.3953654166667e-05
DOTUSD,1782216000000,7.341295833333e-06
DOTUSD,1782219600000,-2.1212058333333e-05
DOTUSD,1782223200000,1.0251341666667e-05
DOTUSD,1782226800000,1.8914408333333e-05
DOTUSD,1782230400000,1.7429104166667e-05
DOTUSD,1782234000000,1.7519241666667e-05
DOTUSD,1782237600000,1.85380625e-05
DOTUSD,1782241200000,2.03874875e-05
DOTUSD,1782244800000,3.5573241666667e-05
DOTUSD,1782248400000,4.42247375e-05
DOTUSD,1782252000000,2.4212025e-05
DOTUSD,1782255600000,1.2729141666667e-05
DOTUSD,1782259200000,9.5901125e-06
DOTUSD,1782262800000,3.7266758333333e-05
DOTUSD,1782266400000,3.8336216666667e-05
DOTUSD,1782270000000,4.1523720833333e-05
DOTUSD,1782273600000,2.4298525e-05
DOTUSD,1782277200000,2.9353029166667e-05
DOTUSD,1782280800000,1.5603704166667e-05
DOTUSD,1782284400000,1.8132779166667e-05
DOTUSD,1782288000000,1.02130875e-05
DOTUSD,1782291600000,1.403045e-05
DOTUSD,1782295200000,1.75690875e-05
DOTUSD,1782298800000,1.85147125e-05
DOTUSD,1782302400000,9.61879166667e-07
DOTUSD,1782306000000,1.2681879166667e-05
DOTUSD,1782309600000,1.1715608333333e-05
DOTUSD,1782313200000,2.9133383333333e-05
DOTUSD,1782316800000,2.049304166667e-06
DOTUSD,1782320400000,-2.8937691666667e-05
DOTUSD,1782324000000,-1.73363375e-05
DOTUSD,1782327600000,-1.31120875e-05
DOTUSD,1782331200000,1.0719225e-05
DOTUSD,1782334800000,1.0043083333333e-05
DOTUSD,1782338400000,-1.6154333333333e-05
DOTUSD,1782342000000,-5.212941666667e-06
DOTUSD,1782345600000,-2.9619e-06
DOTUSD,1782349200000,1.4062404166667e-05
DOTUSD,1782352800000,1.4844604166667e-05
DOTUSD,1782356400000,7.8450875e-06
DOTUSD,1782360000000,2.080279166667e-06
DOTUSD,1782363600000,3.591683333333e-06
DOTUSD,1782367200000,2.5829866666667e-05
DOTUSD,1782370800000,2.03534e-05
DOTUSD,1782374400000,1.3112245833333e-05
DOTUSD,1782378000000,1.218241666667e-06
DOTUSD,1782381600000,-1.3097e-05
DOTUSD,1782385200000,-2.30437375e-05
DOTUSD,1782388800000,-1.239465e-05
DOTUSD,1782392400000,-1.82345625e-05
DOTUSD,1782396000000,-2.1265579166667e-05
DOTUSD,1782399600000,-2.9469783333333e-05
DOTUSD,1782403200000,-4.7000520833333e-05
DOTUSD,1782406800000,-2.7912109375e-05
DOTUSD,1782410400000,9.233920833333e-06
DOTUSD,1782414000000,-1.7931429166667e-05
DOTUSD,1782417600000,-3.918470833333e-06
DOTUSD,1782421200000,8.587041666667e-06
DOTUSD,1782424800000,-1.133925e-06
DOTUSD,1782428400000,-2.12188e-05
DOTUSD,1782432000000,-2.297935e-05
DOTUSD,1782435600000,-1.1723108333333e-05
DOTUSD,1782439200000,-2.9286245833333e-05
DOTUSD,1782442800000,-6.4296766666667e-05
DOTUSD,1782446400000,-5.38559125e-05
DOTUSD,1782450000000,-3.69227625e-05
DOTUSD,1782453600000,-3.6348845833333e-05
DOTUSD,1782457200000,-3.2541075e-05
DOTUSD,1782460800000,-7.535361607143e-06
DOTUSD,1782464400000,-5.366066666667e-06
DOTUSD,1782468000000,-3.05187125e-05
DOTUSD,1782471600000,-3.8566104166667e-05
DOTUSD,1782475200000,-3.045825e-05
DOTUSD,1782478800000,-1.7144929166667e-05
DOTUSD,1782482400000,-2.96534375e-05
DOTUSD,1782486000000,-2.2086229166667e-05
DOTUSD,1782489600000,-2.0952020833333e-05
DOTUSD,1782493200000,-4.724675e-06
DOTUSD,1782496800000,-1.0288879166667e-05
DOTUSD,1782500400000,-1.6885558333333e-05
DOTUSD,1782504000000,-1.1211645833333e-05
DOTUSD,1782507600000,-1.3460379166667e-05
DOTUSD,1782511200000,-1.2491891666667e-05
DOTUSD,1782514800000,-5.878779166667e-06
DOTUSD,1782518400000,-2.149945833333e-06
DOTUSD,1782522000000,-1.9545570833333e-05
DOTUSD,1782525600000,-2.6518583333333e-05
DOTUSD,1782529200000,-1.54647375e-05
DOTUSD,1782532800000,-1.9915808333333e-05
DOTUSD,1782536400000,-5.38429166667e-07
DOTUSD,1782540000000,-4.178275e-06
DOTUSD,1782543600000,-2.44233333333e-07
DOTUSD,1782547200000,4.44345833333e-07
DOTUSD,1782550800000,-5.731195833333e-06
DOTUSD,1782554400000,-1.1710925e-05
DOTUSD,1782558000000,-7.956195833333e-06
DOTUSD,1782561600000,-1.4241925e-05
DOTUSD,1782565200000,-2.81398875e-05
DOTUSD,1782568800000,-3.08114375e-05
DOTUSD,1782572400000,-2.4128179166667e-05
DOTUSD,1782576000000,-1.4320554166667e-05
DOTUSD,1782579600000,9.778608333333e-06
DOTUSD,1782583200000,-1.8912991666667e-05
DOTUSD,1782586800000,-3.5384070833333e-05
DOTUSD,1782590400000,-3.6860233333333e-05
DOTUSD,1782594000000,-4.6910033333333e-05
DOTUSD,1782597600000,-5.444705e-05
DOTUSD,1782601200000,-4.0827695833333e-05
DOTUSD,1782604800000,-3.2520808333333e-05
DOTUSD,1782608400000,-3.2878775e-05
DOTUSD,1782612000000,-2.61478875e-05
DOTUSD,1782615600000,-8.1278875e-06
DOTUSD,1782619200000,-1.5973279166667e-05
DOTUSD,1782622800000,-1.0645158333333e-05
DOTUSD,1782626400000,-1.3236670833333e-05
DOTUSD,1782630000000,-2.5327183333333e-05
DOTUSD,1782633600000,-8.550608333333e-06
DOTUSD,1782637200000,-4.844741666667e-06
DOTUSD,1782640800000,-1.2154833333333e-05
DOTUSD,1782644400000,-2.7849541666667e-05
DOTUSD,1782648000000,-1.17740625e-05
DOTUSD,1782651600000,5.10883333333e-07
DOTUSD,1782655200000,-7.355854166667e-06
DOTUSD,1782658800000,-1.0373425e-05
DOTUSD,1782662400000,-6.458058333333e-06
DOTUSD,1782666000000,-1.865265e-05
DOTUSD,1782669600000,-9.862704166667e-06
DOTUSD,1782673200000,-1.4587341666667e-05
DOTUSD,1782676800000,-4.025295833333e-06
DOTUSD,1782680400000,-4.845e-08
DOTUSD,1782684000000,-3.451179166667e-06
DOTUSD,1782687600000,-6.190625e-07
DOTUSD,1782691200000,-9.278770833333e-06
DOTUSD,1782694800000,1.1931166666667e-05
DOTUSD,1782698400000,5.367908333333e-06
DOTUSD,1782702000000,-9.097166666667e-06
DOTUSD,1782705600000,-2.72975e-06
DOTUSD,1782709200000,-1.3774275e-05
DOTUSD,1782712800000,-2.246308333333e-06
DOTUSD,1782716400000,-1.4595329166667e-05
DOTUSD,1782720000000,-2.1543320833333e-05
DOTUSD,1782723600000,-1.9047604166667e-05
DOTUSD,1782727200000,-1.2564454166667e-05
DOTUSD,1782730800000,-2.794020833333e-06
DOTUSD,1782734400000,-2.4608116666667e-05
DOTUSD,1782738000000,1.10895833333e-07
DOTUSD,1782741600000,1.8729091666667e-05
DOTUSD,1782745200000,-5.949491666667e-06
DOTUSD,1782748800000,2.038608333333e-06
DOTUSD,1782752400000,-1.4771641666667e-05
DOTUSD,1782756000000,4.8507625e-06
DOTUSD,1782759600000,1.4823279166667e-05
DOTUSD,1782763200000,1.8053454166667e-05
DOTUSD,1782766800000,2.1521504166667e-05
DOTUSD,1782770400000,3.021479166667e-06
DOTUSD,1782774000000,6.643095833333e-06
DOTUSD,1782777600000,-6.017108333333e-06
DOTUSD,1782781200000,-2.590629166667e-06
DOTUSD,1782784800000,-7.538691666667e-06
DOTUSD,1782788400000,1.5879320833333e-05
DOTUSD,1782792000000,-2.27244125e-05
DOTUSD,1782795600000,-7.8644875e-06
DOTUSD,1782799200000,-7.765233333333e-06
DOTUSD,1782802800000,8.16666666667e-07
DOTUSD,1782806400000,1.330908333333e-06
DOTUSD,1782810000000,-1.337108333333e-06
DOTUSD,1782813600000,4.462129166667e-06
DOTUSD,1782817200000,1.3730720833333e-05
DOTUSD,1782820800000,3.07943e-05
DOTUSD,1782824400000,-2.500491666667e-06
DOTUSD,1782828000000,-1.6923625e-06
DOTUSD,1782831600000,4.437833333333e-06
DOTUSD,1782835200000,-7.486775e-06
DOTUSD,1782838800000,-2.06972125e-05
DOTUSD,1782842400000,-2.62241125e-05
DOTUSD,1782846000000,3.0170329166667e-05
DOTUSD,1782849600000,1.5854920833333e-05
DOTUSD,1782853200000,7.1625625e-06
DOTUSD,1782856800000,3.564575e-06
DOTUSD,1782860400000,1.27012875e-05
DOTUSD,1782864000000,2.086855e-05
DOTUSD,1782867600000,1.4761879166667e-05
DOTUSD,1782871200000,2.741779166667e-06
DOTUSD,1782874800000,6.654708333333e-06
DOTUSD,1782878400000,-2.5041625e-06
DOTUSD,1782882000000,1.2522633333333e-05
DOTUSD,1782885600000,1.4610779166667e-05
DOTUSD,1782889200000,-8.552125e-07
DOTUSD,1782892800000,8.097091666667e-06
DOTUSD,1782896400000,-3.0265e-07
DOTUSD,1782900000000,7.6726e-06
DOTUSD,1782903600000,4.785041666667e-06
DOTUSD,1782907200000,1.0070333333333e-05
DOTUSD,1782910800000,4.07095e-06
DOTUSD,1782914400000,3.78209125e-05
DOTUSD,1782918000000,1.5324645833333e-05
DOTUSD,1782921600000,-9.466841666667e-06
DOTUSD,1782925200000,-2.3167141666667e-05
DOTUSD,1782928800000,-1.596735e-05
DOTUSD,1782932400000,3.138041666667e-06
DOTUSD,1782936000000,4.6886125e-06
DOTUSD,1782939600000,-9.950508333333e-06
DOTUSD,1782943200000,1.35012875e-05
DOTUSD,1782946800000,-4.673579166667e-06
DOTUSD,1782950400000,-1.1339983333333e-05
DOTUSD,1782954000000,-2.5507108333333e-05
DOTUSD,1782957600000,-9.703866666667e-06
DOTUSD,1782961200000,-1.3359191666667e-05
DOTUSD,1782964800000,-9.645370833333e-06
DOTUSD,1782968400000,1.478045833333e-06
DOTUSD,1782972000000,-1.0402229166667e-05
DOTUSD,1782975600000,-1.12903625e-05
DOTUSD,1782979200000,-2.5524663793103e-05
DOTUSD,1782982800000,-2.0694404166667e-05
DOTUSD,1782986400000,2.351654166667e-06
DOTUSD,1782990000000,-2.46445833333e-07
DOTUSD,1782993600000,-2.74903875e-05
DOTUSD,1782997200000,-1.7672733333333e-05
DOTUSD,1783000800000,-1.7770008333333e-05
DOTUSD,1783004400000,-3.5213745833333e-05
DOTUSD,1783008000000,-2.9914508333333e-05
DOTUSD,1783011600000,-3.9360995833333e-05
DOTUSD,1783015200000,-1.9490029166667e-05
DOTUSD,1783018800000,-2.0303608333333e-05
DOTUSD,1783022400000,2.418145833333e-06
DOTUSD,1783026000000,-1.25024875e-05
DOTUSD,1783029600000,-1.1052016666667e-05
DOTUSD,1783033200000,-2.1315158333333e-05
DOTUSD,1783036800000,-1.3597770833333e-05
DOTUSD,1783040400000,-6.706529166667e-06
DOTUSD,1783044000000,6.876083333333e-06
DOTUSD,1783047600000,1.6445866666667e-05
DOTUSD,1783051200000,-3.76405e-06
DOTUSD,1783054800000,1.178254166667e-06
DOTUSD,1783058400000,-5.73615e-06
DOTUSD,1783062000000,-8.678191666667e-06
DOTUSD,1783065600000,-1.42348625e-05
DOTUSD,1783069200000,-1.3323966666667e-05
DOTUSD,1783072800000,-1.0565641666667e-05
DOTUSD,1783076400000,-4.6029383333333e-05
DOTUSD,1783080000000,3.072625e-06
DOTUSD,1783083600000,6.669416666667e-06
DOTUSD,1783087200000,-4.0125e-09
DOTUSD,1783090800000,-1.56915125e-05
DOTUSD,1783094400000,-1.097241666667e-06
DOTUSD,1783098000000,4.946245833333e-06
DOTUSD,1783101600000,1.95830875e-05
DOTUSD,1783105200000,2.4766695833333e-05
DOTUSD,1783108800000,3.4290858333333e-05
DOTUSD,1783112400000,1.8308775e-05
DOTUSD,1783116000000,4.8164383333333e-05
DOTUSD,1783119600000,1.5520470833333e-05
DOTUSD,1783123200000,3.0034133333333e-05
DOTUSD,1783126800000,3.5686175e-05
DOTUSD,1783130400000,-6.70683333333e-07
DOTUSD,1783134000000,5.400925e-06
DOTUSD,1783137600000,-4.882470833333e-06
DOTUSD,1783141200000,1.635265e-05
DOTUSD,1783144800000,2.5875766666667e-05
DOTUSD,1783148400000,3.6055470833333e-05
DOTUSD,1783152000000,-1.3400045833333e-05
DOTUSD,1783155600000,-4.773583333333e-06
DOTUSD,1783159200000,-1.75484375e-05
DOTUSD,1783162800000,-1.386385e-05
DOTUSD,1783166400000,-2.04339e-05
DOTUSD,1783170000000,-5.863216666667e-06
DOTUSD,1783173600000,-3.636883333333e-06
DOTUSD,1783177200000,7.864154166667e-06
DOTUSD,1783180800000,1.6150595833333e-05
DOTUSD,1783184400000,4.3855866666667e-05
DOTUSD,1783188000000,4.8774725e-05
DOTUSD,1783191600000,2.502465e-05
DOTUSD,1783195200000,-1.9623375e-06
DOTUSD,1783198800000,-8.756929166667e-06
DOTUSD,1783202400000,-1.206366666667e-06
DOTUSD,1783206000000,5.7271125e-06
DOTUSD,1783209600000,-8.94875e-08
DOTUSD,1783213200000,-1.3065991666667e-05
DOTUSD,1783216800000,-2.7082091666667e-05
DOTUSD,1783220400000,-1.8294341666667e-05
DOTUSD,1783224000000,-1.8625745833333e-05
DOTUSD,1783227600000,-1.8551208333333e-05
DOTUSD,1783231200000,-1.57314625e-05
DOTUSD,1783234800000,-1.4075854166667e-05
DOTUSD,1783238400000,-1.0441741666667e-05
DOTUSD,1783242000000,-2.0899583333333e-05
DOTUSD,1783245600000,-6.21754166667e-07
DOTUSD,1783249200000,9.644416666667e-06
DOTUSD,1783252800000,3.3535575e-05
DOTUSD,1783256400000,2.7110970833333e-05
DOTUSD,1783260000000,6.505479166667e-06
DOTUSD,1783263600000,1.4856391666667e-05
DOTUSD,1783267200000,2.1438875e-06
DOTUSD,1783270800000,1.4229366666667e-05
DOTUSD,1783274400000,1.5379533333333e-05
DOTUSD,1783278000000,-1.9583758333333e-05
DOTUSD,1783281600000,-1.9134266666667e-05
DOTUSD,1783285200000,-6.523525e-06
DOTUSD,1783288800000,-1.918665e-05
DOTUSD,1783292400000,2.9165195833333e-05
DOTUSD,1783296000000,2.091995e-05
DOTUSD,1783299600000,2.9331704166667e-05
DOTUSD,1783303200000,3.229285e-05
DOTUSD,1783306800000,1.6189266666667e-05
DOTUSD,1783310400000,-1.0443183333333e-05
DOTUSD,1783314000000,9.324441666667e-06
DOTUSD,1783317600000,8.388783333333e-06
DOTUSD,1783321200000,-5.591454166667e-06
DOTUSD,1783324800000,-8.506345833333e-06
DOTUSD,1783328400000,-1.319375e-05
DOTUSD,1783332000000,-2.703841666667e-06
DOTUSD,1783335600000,5.197645833333e-06
DOTUSD,1783339200000,2.160275e-06
DOTUSD,1783342800000,3.35429166667e-07
DOTUSD,1783346400000,2.3123654166667e-05
DOTUSD,1783350000000,2.4698779166667e-05
DOTUSD,1783353600000,2.4527366666667e-05
DOTUSD,1783357200000,2.3991625e-05
DOTUSD,1783360800000,3.843495833333e-06
DOTUSD,1783364400000,1.4388995833333e-05
DOTUSD,1783368000000,2.1644545833333e-05
DOTUSD,1783371600000,4.324708333333e-06
DOTUSD,1783375200000,1.27651625e-05
DOTUSD,1783378800000,1.4770670833333e-05
DOTUSD,1783382400000,1.1959629166667e-05
DOTUSD,1783386000000,-2.08137375e-05
DOTUSD,1783389600000,-1.14976375e-05
DOTUSD,1783393200000,-2.8258929166667e-05
DOTUSD,1783396800000,-1.6842804166667e-05
DOTUSD,1783400400000,-2.6470254166667e-05
DOTUSD,1783404000000,-2.6097583333333e-05
DOTUSD,1783407600000,-3.45508333333e-07
DOTUSD,1783411200000,1.1268841666667e-05
DOTUSD,1783414800000,-1.8037641666667e-05
DOTUSD,1783418400000,-1.2130466666667e-05
DOTUSD,1783422000000,-4.152475e-06
DOTUSD,1783425600000,2.020791666667e-06
DOTUSD,1783429200000,1.56278625e-05
DOTUSD,1783432800000,-3.0681333333333e-05
DOTUSD,1783436400000,-1.000915e-05
DOTUSD,1783440000000,-2.685533333333e-06
DOTUSD,1783443600000,-4.437108333333e-06
DOTUSD,1783447200000,-1.0488375e-06
DOTUSD,1783450800000,-3.8748375e-06
DOTUSD,1783454400000,-2.7037466666667e-05
DOTUSD,1783458000000,-1.13348125e-05
DOTUSD,1783461600000,-1.3248970833333e-05
DOTUSD,1783465200000,-2.6251645833333e-05
DOTUSD,1783468800000,-3.6201533333333e-05
DOTUSD,1783472400000,-3.4221441666667e-05
DOTUSD,1783476000000,-2.94310875e-05
DOTUSD,1783479600000,-2.5381366666667e-05
DOTUSD,1783483200000,-1.8254220833333e-05
DOTUSD,1783486800000,-1.0544029166667e-05
DOTUSD,1783490400000,-1.8585145833333e-05
DOTUSD,1783494000000,-3.5350425e-05
DOTUSD,1783497600000,5.3297875e-06
DOTUSD,1783501200000,-1.9538583333333e-05
DOTUSD,1783504800000,-1.8525070833333e-05
DOTUSD,1783508400000,-1.772508333333e-06
DOTUSD,1783512000000,-3.463016666667e-06
DOTUSD,1783515600000,-3.4590125e-06
DOTUSD,1783519200000,1.0215158333333e-05
DOTUSD,1783522800000,-2.082316666667e-06
DOTUSD,1783526400000,-2.8457e-06
DOTUSD,1783530000000,-2.16393125e-05
DOTUSD,1783533600000,-1.258341666667e-06
DOTUSD,1783537200000,1.7171975e-05
DOTUSD,1783540800000,1.6255483333333e-05
DOTUSD,1783544400000,7.546133333333e-06
DOTUSD,1783548000000,-1.9311891666667e-05
DOTUSD,1783551600000,-2.43549375e-05
DOTUSD,1783555200000,-1.95117875e-05
DOTUSD,1783558800000,-2.02029166667e-07
DOTUSD,1783562400000,-2.4637125e-06
DOTUSD,1783566000000,-5.419779166667e-06
DOTUSD,1783569600000,8.8380875e-06
DOTUSD,1783573200000,-9.358591666667e-06
DOTUSD,1783576800000,9.542175e-06
DOTUSD,1783580400000,-1.7097929166667e-05
DOTUSD,1783584000000,-8.5429125e-06
DOTUSD,1783587600000,-6.8422875e-06
DOTUSD,1783591200000,-1.5734229166667e-05
DOTUSD,1783594800000,-1.65255125e-05
DOTUSD,1783598400000,8.819554166667e-06
DOTUSD,1783602000000,-1.9574670833333e-05
DOTUSD,1783605600000,5.46395833333e-07
DOTUSD,1783609200000,-1.0237716666667e-05
DOTUSD,1783612800000,2.769191666667e-06
DOTUSD,1783616400000,-5.1442875e-06
DOTUSD,1783620000000,-1.2681375e-06
DOTUSD,1783623600000,-1.4789875e-05
DOTUSD,1783627200000,-2.9482783333333e-05
DOTUSD,1783630800000,-4.4786516666667e-05
DOTUSD,1783634400000,-2.7381408333333e-05
DOTUSD,1783638000000,-7.359733333333e-06
DOTUSD,1783641600000,-2.3406245833333e-05
DOTUSD,1783645200000,-8.706720833333e-06
DOTUSD,1783648800000,2.099679166667e-06
DOTUSD,1783652400000,-5.071479166667e-06
DOTUSD,1783656000000,-3.804125e-06
DOTUSD,1783659600000,-1.482025e-06
DOTUSD,1783663200000,-1.1177908333333e-05
DOTUSD,1783666800000,-1.775075e-06
DOTUSD,1783670400000,2.7463829166667e-05
DOTUSD,1783674000000,1.968965e-05
DOTUSD,1783677600000,2.6892070833333e-05
DOTUSD,1783681200000,1.4341316666667e-05
DOTUSD,1783684800000,3.4225766666667e-05
DOTUSD,1783688400000,4.0239741666667e-05
DOTUSD,1783692000000,4.8247208333333e-05
DOTUSD,1783695600000,2.42939375e-05
DOTUSD,1783699200000,4.94212125e-05
DOTUSD,1783702800000,4.5072883333333e-05
DOTUSD,1783706400000,3.7086654166667e-05
DOTUSD,1783710000000,3.7953179166667e-05
DOTUSD,1783713600000,2.7351895833333e-05
DOTUSD,1783717200000,4.6961304166667e-05
DOTUSD,1783720800000,5.1978033333333e-05
DOTUSD,1783724400000,4.4968154166667e-05
DOTUSD,1783728000000,5.11859625e-05
DOTUSD,1783731600000,1.7937283333333e-05
DOTUSD,1783735200000,4.4612708333333e-05
DOTUSD,1783738800000,3.7158595833333e-05
DOTUSD,1783742400000,2.5947641666667e-05
DOTUSD,1783746000000,3.65591e-05
DOTUSD,1783749600000,2.79849e-05
DOTUSD,1783753200000,1.52895125e-05
DOTUSD,1783756800000,1.5462595833333e-05
DOTUSD,1783760400000,6.181054166667e-06
DOTUSD,1783764000000,9.052195833333e-06
DOTUSD,1783767600000,1.689795833333e-06
DOTUSD,1783771200000,2.72031e-05
DOTUSD,1783774800000,-5.312208333333e-06
DOTUSD,1783778400000,9.736520833333e-06
DOTUSD,1783782000000,1.59699875e-05
DOTUSD,1783785600000,4.0792670833333e-05
DOTUSD,1783789200000,2.88450125e-05
DOTUSD,1783792800000,2.008055e-05
DOTUSD,1783796400000,1.63323125e-05
DOTUSD,1783800000000,1.7970516666667e-05
DOTUSD,1783803600000,1.1259470833333e-05
DOTUSD,1783807200000,-1.8499116666667e-05
DOTUSD,1783810800000,-1.9162595833333e-05
DOTUSD,1783814400000,-9.036825e-06
DOTUSD,1783818000000,1.567441666667e-06
DOTUSD,1783821600000,-2.6366116666667e-05
DOTUSD,1783825200000,-3.9844970833333e-05
DOTUSD,1783828800000,-2.0729004166667e-05
DOTUSD,1783832400000,-3.117770833333e-06
DOTUSD,1783836000000,-1.7298895833333e-05
DOTUSD,1783839600000,-2.1797925e-05
DOTUSD,1783843200000,-9.448579166667e-06
DOTUSD,1783846800000,-3.91375e-07
DOTUSD,1783850400000,-2.1663883333333e-05
DOTUSD,1783854000000,-8.914875e-06
DOTUSD,1783857600000,-5.823254166667e-06
DOTUSD,1783861200000,2.556541666667e-06
DOTUSD,1783864800000,-7.348883333333e-06
DOTUSD,1783868400000,-1.6047954166667e-05
DOTUSD,1783872000000,2.1013883333333e-05
DOTUSD,1783875600000,1.3032579166667e-05
DOTUSD,1783879200000,-1.5236908333333e-05
DOTUSD,1783882800000,-2.8504179166667e-05
DOTUSD,1783886400000,-2.665675e-06
DOTUSD,1783890000000,-1.472745e-05
DOTUSD,1783893600000,-2.3732245833333e-05
DOTUSD,1783897200000,-2.3117179166667e-05
DOTUSD,1783900800000,6.750416666667e-06
DOTUSD,1783904400000,1.6210875e-06
DOTUSD,1783908000000,-3.6023e-05
DOTUSD,1783911600000,-3.2821725e-05
DOTUSD,1783915200000,-1.92767e-05
DOTUSD,1783918800000,-2.3039208333333e-05
DOTUSD,1783922400000,-1.245425e-05
DOTUSD,1783926000000,-1.591155e-05
DOTUSD,1783929600000,-1.6873840517241e-05
DOTUSD,1783933200000,-3.6438625e-06
DOTUSD,1783936800000,-2.2700429166667e-05
DOTUSD,1783940400000,-1.2603216666667e-05
DOTUSD,1783944000000,-3.296125e-06
DOTUSD,1783947600000,-8.619341666667e-06
DOTUSD,1783951200000,2.270145e-05
DOTUSD,1783954800000,4.1169716666667e-05
DOTUSD,1783958400000,2.5291316666667e-05
DOTUSD,1783962000000,3.8521595833333e-05
DOTUSD,1783965600000,1.58842625e-05
DOTUSD,1783969200000,1.5126804166667e-05
DOTUSD,1783972800000,-1.245966666667e-06
DOTUSD,1783976400000,-2.98419875e-05
DOTUSD,1783980000000,-2.4310641666667e-05
DOTUSD,1783983600000,-6.506275e-06
DOTUSD,1783987200000,-2.3577091666667e-05
DOTUSD,1783990800000,7.260620833333e-06
DOTUSD,1783994400000,-6.317e-06
DOTUSD,1783998000000,-6.109116666667e-06
DOTUSD,1784001600000,-3.2289525e-05
DOTUSD,1784005200000,1.374355e-05
DOTUSD,1784008800000,2.2754216666667e-05
DOTUSD,1784012400000,3.3768254166667e-05
DOTUSD,1784016000000,4.394133333333e-06
DOTUSD,1784019600000,-2.965758333333e-06
DOTUSD,1784023200000,1.1910375e-05
DOTUSD,1784026800000,1.2426658333333e-05
DOTUSD,1784030400000,7.153141666667e-06
DOTUSD,1784034000000,-9.850870833333e-06
DOTUSD,1784037600000,4.562708333333e-06
DOTUSD,1784041200000,1.5742016666667e-05
DOTUSD,1784044800000,-6.0607e-06
DOTUSD,1784048400000,-1.88768375e-05
DOTUSD,1784052000000,2.0108070833333e-05
DOTUSD,1784055600000,1.7349041666667e-05
DOTUSD,1784059200000,3.3544216666667e-05
DOTUSD,1784062800000,2.0191408333333e-05
DOTUSD,1784066400000,2.0396329166667e-05
DOTUSD,1784070000000,1.610883333333e-06
DOTUSD,1784073600000,6.759158333333e-06
DOTUSD,1784077200000,5.807895833333e-06
DOTUSD,1784080800000,2.626058333333e-06
DOTUSD,1784084400000,1.15904875e-05
DOTUSD,1784088000000,1.806420833333e-06
DOTUSD,1784091600000,2.2241170833333e-05
DOTUSD,1784095200000,1.7898804166667e-05
DOTUSD,1784098800000,3.107733333333e-06
DOTUSD,1784102400000,1.5331208333333e-05
DOTUSD,1784106000000,1.2860291666667e-05
DOTUSD,1784109600000,-1.0456408333333e-05
DOTUSD,1784113200000,2.740758333333e-06
DOTUSD,1784116800000,7.544208333333e-06
DOTUSD,1784120400000,-1.9227729166667e-05
DOTUSD,1784124000000,-1.0195616666667e-05
DOTUSD,1784127600000,-1.0669516666667e-05
DOTUSD,1784131200000,-1.1613558333333e-05
DOTUSD,1784134800000,3.14595833333e-07
DOTUSD,1784138400000,1.7288620833333e-05
DOTUSD,1784142000000,6.3353375e-06
DOTUSD,1784145600000,2.5743245833333e-05
DOTUSD,1784149200000,1.91263625e-05
DOTUSD,1784152800000,-1.2801608333333e-05
DOTUSD,1784156400000,-1.73024875e-05
DOTUSD,1784160000000,-8.754258333333e-06
DOTUSD,1784163600000,-5.92015e-06
DOTUSD,1784167200000,5.048354166667e-06
DOTUSD,1784170800000,6.85054166667e-07
DOTUSD,1784174400000,8.74185e-06
DOTUSD,1784178000000,5.1948320833333e-05
DOTUSD,1784181600000,2.1577541666667e-05
DOTUSD,1784185200000,2.4230016666667e-05
DOTUSD,1784188800000,-5.216433333333e-06
DOTUSD,1784192400000,-3.6911633333333e-05
DOTUSD,1784196000000,2.991605e-05
DOTUSD,1784199600000,2.6526216666667e-05
DOTUSD,1784203200000,1.9697758333333e-05
DOTUSD,1784206800000,1.8039666666667e-05
DOTUSD,1784210400000,1.1480333333333e-05
DOTUSD,1784214000000,3.30375125e-05
DOTUSD,1784217600000,3.0356420833333e-05
DOTUSD,1784221200000,-2.6345745833333e-05
DOTUSD,1784224800000,-2.76635625e-05
DOTUSD,1784228400000,1.38707625e-05
DOTUSD,1784232000000,2.9092429166667e-05
DOTUSD,1784235600000,4.73636125e-05
DOTUSD,1784239200000,4.05259e-05
DOTUSD,1784242800000,3.3133945833333e-05
DOTUSD,1784246400000,2.84036e-05
DOTUSD,1784250000000,3.2100925e-05
DOTUSD,1784253600000,4.53019625e-05
DOTUSD,1784257200000,3.09191e-05
DOTUSD,1784260800000,5.3684891666667e-05
DOTUSD,1784264400000,4.1150691666667e-05
DOTUSD,1784268000000,2.7348666666667e-05
DOTUSD,1784271600000,-3.5988329166667e-05
DOTUSD,1784275200000,-1.2824041666667e-05
DOTUSD,1784278800000,-1.85537875e-05
DOTUSD,1784282400000,-5.225085e-05
DOTUSD,1784286000000,-6.1561445833333e-05
DOTUSD,1784289600000,-3.3424604166667e-05
DOTUSD,1784293200000,-6.02128875e-05
DOTUSD,1784296800000,-2.1833441666667e-05
DOTUSD,1784300400000,-5.717683333333e-06
DOTUSD,1784304000000,6.195833333e-09
DOTUSD,1784307600000,1.46410375e-05
DOTUSD,1784311200000,-2.6711104166667e-05
DOTUSD,1784314800000,-3.0306170833333e-05
DOTUSD,1784318400000,-2.4166379166667e-05
DOTUSD,1784322000000,-2.8369370833333e-05
DOTUSD,1784325600000,-1.7782579166667e-05
DOTUSD,1784329200000,-2.0251095833333e-05
DOTUSD,1784332800000,-3.875479166667e-06
DOTUSD,1784336400000,-1.9978716666667e-05
DOTUSD,1784340000000,6.4276125e-06
DOTUSD,1784343600000,-1.095125e-05
DOTUSD,1784347200000,-2.6327920833333e-05
DOTUSD,1784350800000,1.3240625e-06
DOTUSD,1784354400000,-1.2944933333333e-05
DOTUSD,1784358000000,-1.5321904166667e-05
DOTUSD,1784361600000,-4.688404166667e-06
DOTUSD,1784365200000,-2.403345e-05
DOTUSD,1784368800000,-2.0141975e-05
DOTUSD,1784372400000,-3.1219420833333e-05
DOTUSD,1784376000000,-1.25418625e-05
DOTUSD,1784379600000,-6.422895833333e-06
DOTUSD,1784383200000,7.729225e-06
DOTUSD,1784386800000,-5.952620833333e-06
DOTUSD,1784390400000,3.9999891666667e-05
DOTUSD,1784394000000,3.960445833333e-06
DOTUSD,1784397600000,-4.513885e-05
DOTUSD,1784401200000,-5.74064875e-05
DOTUSD,1784404800000,-5.0330645833333e-05
DOTUSD,1784408400000,-2.5275579166667e-05
DOTUSD,1784412000000,-1.7933029166667e-05
DOTUSD,1784415600000,-8.320133333333e-06
DOTUSD,1784419200000,-3.0875429166667e-05
DOTUSD,1784422800000,1.21314625e-05
DOTUSD,1784426400000,2.4297904166667e-05
DOTUSD,1784430000000,1.046204166667e-06
DOTUSD,1784433600000,9.270670833333e-06
DOTUSD,1784437200000,-1.1795245833333e-05
DOTUSD,1784440800000,2.689416666667e-06
DOTUSD,1784444400000,-3.981120833333e-06
DOTUSD,1784448000000,-3.4879325e-05
DOTUSD,1784451600000,-4.1035666666667e-05
DOTUSD,1784455200000,-3.748015e-05
DOTUSD,1784458800000,-6.394085e-05
DOTUSD,1784462400000,-2.6522683333333e-05
DOTUSD,1784466000000,-3.7159233333333e-05
DOTUSD,1784469600000,-6.6265870833333e-05
DOTUSD,1784473200000,-5.7177325e-05
DOTUSD,1784476800000,-4.4999441666667e-05
DOTUSD,1784480400000,-2.7645245833333e-05
DOTUSD,1784484000000,-4.515665e-05
DOTUSD,1784487600000,-3.46415625e-05
DOTUSD,1784491200000,3.999541666667e-06
DOTUSD,1784494800000,2.1751795833333e-05
DOTUSD,1784498400000,1.0615379166667e-05
DOTUSD,1784502000000,3.216070833333e-06
DOTUSD,1784505600000,3.87265e-06
DOTUSD,1784509200000,-3.684945833333e-06
DOTUSD,1784512800000,-3.6784070833333e-05
DOTUSD,1784516400000,-3.3847666666667e-05
DOTUSD,1784520000000,-4.0147858333333e-05
DOTUSD,1784523600000,-3.8870766666667e-05
DOTUSD,1784527200000,-4.3405141666667e-05
DOTUSD,1784530800000,-5.0790433333333e-05
DOTUSD,1784534400000,-3.2634641666667e-05
DOTUSD,1784538000000,-2.6757933333333e-05
DOTUSD,1784541600000,-4.1163883333333e-05
DOTUSD,1784545200000,-2.52771e-05
DOTUSD,1784548800000,-7.711320833333e-06
DOTUSD,1784552400000,2.6936325e-05
DOTUSD,1784556000000,4.1872466666667e-05
DOTUSD,1784559600000,1.4986645833333e-05
DOTUSD,1784563200000,-4.377125e-06
DOTUSD,1784566800000,-1.4783708333333e-05
DOTUSD,1784570400000,9.057725e-06
DOTUSD,1784574000000,3.137e-06
DOTUSD,1784577600000,4.759308333333e-06
DOTUSD,1784581200000,9.175179166667e-06
DOTUSD,1784584800000,7.29385e-06
DOTUSD,1784588400000,-2.9421304166667e-05
DOTUSD,1784592000000,-6.2122e-06
DOTUSD,1784595600000,3.719e-06
DOTUSD,1784599200000,5.333091666667e-06
DOTUSD,1784602800000,2.121391666667e-06
DOTUSD,1784606400000,-4.198566666667e-06
DOTUSD,1784610000000,7.886575e-06
DOTUSD,1784613600000,2.76393375e-05
DOTUSD,1784617200000,3.0255683333333e-05
DOTUSD,1784620800000,1.80103125e-05
DOTUSD,1784624400000,9.188054166667e-06
DOTUSD,1784628000000,3.083720833333e-06
DOTUSD,1784631600000,1.90750125e-05
DOTUSD,1784635200000,2.55383625e-05
DOTUSD,1784638800000,4.027975e-06
DOTUSD,1784642400000,4.63183625e-05
DOTUSD,1784646000000,1.3234066666667e-05
DOTUSD,1784649600000,1.07534375e-05
DOTUSD,1784653200000,8.304070833333e-06
DOTUSD,1784656800000,2.67960875e-05
DOTUSD,1784660400000,1.8930233333333e-05
DOTUSD,1784664000000,-1.223625e-06
DOTUSD,1784667600000,-1.8138308333333e-05
DOTUSD,1784671200000,-1.5491666666667e-05
DOTUSD,1784674800000,-4.36816666667e-07
DOTUSD,1784678400000,6.164858333333e-06
DOTUSD,1784682000000,-3.30943375e-05
DOTUSD,1784685600000,-2.1389316666667e-05
DOTUSD,1784689200000,-7.853808333333e-06
DOTUSD,1784692800000,-1.0142058333333e-05
DOTUSD,1784696400000,4.9119779166667e-05
DOTUSD,1784700000000,1.3205858333333e-05
DOTUSD,1784703600000,-1.8732775e-05
DOTUSD,1784707200000,-2.4025525e-05
DOTUSD,1784710800000,-2.3406070833333e-05
DOTUSD,1784714400000,-2.2924858333333e-05
DOTUSD,1784718000000,-4.123995833333e-06
DOTUSD,1784721600000,-8.0964875e-06
DOTUSD,1784725200000,-1.9398125e-06
DOTUSD,1784728800000,1.7067970833333e-05
DOTUSD,1784732400000,7.843320833333e-06
DOTUSD,1784736000000,1.3238916666667e-05
DOTUSD,1784739600000,5.410591666667e-06
DOTUSD,1784743200000,1.0588370833333e-05
DOTUSD,1784746800000,3.410779166667e-06
DOTUSD,1784750400000,5.649904166667e-06
DOTUSD,1784754000000,-1.1425070833333e-05
DOTUSD,1784757600000,-1.4211966666667e-05
DOTUSD,1784761200000,1.1043591666667e-05
DOTUSD,1784764800000,-2.502979166667e-06
DOTUSD,1784768400000,-3.00300375e-05
DOTUSD,1784772000000,-2.2670933333333e-05
DOTUSD,1784775600000,-3.15859875e-05
DOTUSD,1784779200000,-1.4262179166667e-05
DOTUSD,1784782800000,-1.906265e-05
DOTUSD,1784786400000,-9.673208333333e-06
DOTUSD,1784790000000,-1.4651691666667e-05
DOTUSD,1784793600000,-1.2900675e-05
DOTUSD,1784797200000,-2.96749625e-05
DOTUSD,1784800800000,-4.7843754166667e-05
DOTUSD,1784804400000,-1.5839616666667e-05
DOTUSD,1784808000000,-2.48149625e-05
DOTUSD,1784811600000,-2.6738479166667e-05
DOTUSD,1784815200000,-2.2873745833333e-05
DOTUSD,1784818800000,1.1486604166667e-05
DOTUSD,1784822400000,1.074716666667e-06
DOTUSD,1784826000000,-9.450479166667e-06
DOTUSD,1784829600000,1.3356375e-06
DOTUSD,1784833200000,-2.86665e-06
DOTUSD,1784836800000,3.6751625e-06
DOTUSD,1784840400000,-2.29475e-06
DOTUSD,1784844000000,-1.31049375e-05
DOTUSD,1784847600000,5.918266666667e-06
DOTUSD,1784851200000,-1.274991666667e-06
DOTUSD,1784854800000,6.95815e-06
DOTUSD,1784858400000,2.7476625e-06
DOTUSD,1784862000000,7.060741666667e-06
DOTUSD,1784865600000,2.7079308333333e-05
DOTUSD,1784869200000,9.522208333333e-06
DOTUSD,1784872800000,1.1509029166667e-05
DOTUSD,1784876400000,4.6815483333333e-05
DOTUSD,1784880000000,-5.031966666667e-06
DOTUSD,1784883600000,-1.3780991666667e-05
DOTUSD,1784887200000,-8.231e-07
DOTUSD,1784890800000,-1.23420125e-05
DOTUSD,1784894400000,-1.8445941666667e-05
DOTUSD,1784898000000,-2.080483333333e-06
DOTUSD,1784901600000,-4.5276758333333e-05
DOTUSD,1784905200000,-3.7000916666667e-05
DOTUSD,1784908800000,-2.15982875e-05
DOTUSD,1784912400000,-2.34069875e-05
DOTUSD,1784916000000,8.67625e-07
DOTUSD,1784919600000,-1.0713704166667e-05
DOTUSD,1784923200000,-2.9724883333333e-05
DOTUSD,1784926800000,-3.516791666667e-06
DOTUSD,1784930400000,-3.712391666667e-06
DOTUSD,1784934000000,1.8911683333333e-05
DOTUSD,1784937600000,-5.930079166667e-06
DOTUSD,1784941200000,-5.317879166667e-06
DOTUSD,1784944800000,-1.0098204166667e-05
DOTUSD,1784948400000,-7.426425e-06
DOTUSD,1784952000000,-3.06616666667e-07
DOTUSD,1784955600000,-1.3108829166667e-05
DOTUSD,1784959200000,-9.56505e-06
DOTUSD,1784962800000,-1.9841145833333e-05
DOTUSD,1784966400000,-1.6989079166667e-05
DOTUSD,1784970000000,-2.7742583333333e-05
DOTUSD,1784973600000,-1.8440466666667e-05
DOTUSD,1784977200000,-3.071041666667e-06
DOTUSD,1784980800000,-7.168983333333e-06
DOTUSD,1784984400000,-2.3312420833333e-05
DOTUSD,1784988000000,5.68875e-08
DOTUSD,1784991600000,-1.3300104166667e-05
DOTUSD,1784995200000,-1.8446916666667e-05
DOTUSD,1784998800000,-1.2625225e-05
DOTUSD,1785002400000,-1.2853025e-05
DOTUSD,1785006000000,-1.2681245833333e-05
DOTUSD,1785009600000,-2.1631316666667e-05
DOTUSD,1785013200000,-1.4915420833333e-05
DOTUSD,1785016800000,-4.602545833333e-06
DOTUSD,1785020400000,1.4188604166667e-05
DOTUSD,1785024000000,3.0638625e-06
DOTUSD,1785027600000,2.605145833333e-06
DOTUSD,1785031200000,-6.128475e-06
DOTUSD,1785034800000,-3.6745125e-06
DOTUSD,1785038400000,6.8104e-06
DOTUSD,1785042000000,2.55635e-05
DOTUSD,1785045600000,1.6257525e-05
DOTUSD,1785049200000,8.91055e-06
DOTUSD,1785052800000,1.106620833333e-06
DOTUSD,1785056400000,-1.52441666667e-07
DOTUSD,1785060000000,6.4054125e-06
DOTUSD,1785063600000,1.2830775e-05
DOTUSD,1785067200000,1.36204125e-05
DOTUSD,1785070800000,1.0391608333333e-05
DOTUSD,1785074400000,2.95183875e-05
DOTUSD,1785078000000,1.5388495833333e-05
DOTUSD,1785081600000,2.5837958333333e-05
DOTUSD,1785085200000,3.2312683333333e-05
DOTUSD,1785088800000,1.73236125e-05
DOTUSD,1785092400000,3.2826670833333e-05
DOTUSD,1785096000000,2.3179566666667e-05
DOTUSD,1785099600000,3.1084441666667e-05
DOTUSD,1785103200000,2.4447375e-05
DOTUSD,1785106800000,2.961329166667e-06
DOTUSD,1785110400000,3.484495e-05
DOTUSD,1785114000000,3.0492704166667e-05
DOTUSD,1785117600000,2.636170833333e-06
DOTUSD,1785121200000,1.3915066666667e-05
DOTUSD,1785124800000,1.0747875e-06
DOTUSD,1785128400000,5.3063e-06
DOTUSD,1785132000000,3.167629166667e-06
DOTUSD,1785135600000,1.4329533333333e-05
DOTUSD,1785139200000,3.009443965517e-06
DOTUSD,1785142800000,-6.5829875e-06
DOTUSD,1785146400000,-1.6775833333333e-05
DOTUSD,1785150000000,-2.3879854166667e-05
DOTUSD,1785153600000,-2.1328508333333e-05
DOTUSD,1785157200000,-3.10357875e-05
DOTUSD,1785160800000,-3.4394529166667e-05
DOTUSD,1785164400000,-2.3036641666667e-05
DOTUSD,1785168000000,-1.83864875e-05
DOTUSD,1785171600000,-2.3154295833333e-05
DOTUSD,1785175200000,-2.0867241666667e-05
DOTUSD,1785178800000,-1.6246358333333e-05
DOTUSD,1785182400000,1.680416666667e-06
DOTUSD,1785186000000,-1.5134408333333e-05
DOTUSD,1785189600000,-5.315e-08
DOTUSD,1785193200000,-4.60801875e-05
DOTUSD,1785196800000,-6.32705625e-05
DOTUSD,1785200400000,-6.1041145833333e-05
DOTUSD,1785204000000,-4.8015191666667e-05
DOTUSD,1785207600000,-3.0632129166667e-05
DOTUSD,1785211200000,-2.9136216666667e-05
DOTUSD,1785214800000,-2.53829875e-05
DOTUSD,1785218400000,-4.4615441666667e-05
DOTUSD,1785222000000,-6.62475375e-05
DOTUSD,1785225600000,-7.23191666667e-07
DOTUSD,1785229200000,-1.7169404166667e-05
DOTUSD,1785232800000,-1.1479241666667e-05
DOTUSD,1785236400000,-1.75879875e-05
DOTUSD,1785240000000,-1.0306804166667e-05
DOTUSD,1785243600000,-1.0670083333333e-05
DOTUSD,1785247200000,-5.5276125e-06
DOTUSD,1785250800000,-7.69458333333e-07
DOTUSD,1785254400000,-1.5135420833333e-05
DOTUSD,1785258000000,-1.2318733333333e-05
DOTUSD,1785261600000,-1.5580554166667e-05
DOTUSD,1785265200000,-3.8190091666667e-05
DOTUSD,1785268800000,-1.9869520833333e-05
DOTUSD,1785272400000,-6.228183333333e-06
DOTUSD,1785276000000,-6.306933333333e-06
DOTUSD,1785279600000,-1.7772295833333e-05
DOTUSD,1785283200000,-1.3709725e-05
DOTUSD,1785286800000,-9.008291666667e-06
DOTUSD,1785290400000,-3.82820375e-05
DOTUSD,1785294000000,-5.287491666667e-06
DOTUSD,1785297600000,-1.809020833333e-06
DOTUSD,1785301200000,1.02761875e-05
DOTUSD,1785304800000,1.4007945833333e-05
DOTUSD,1785308400000,9.56855e-06
DOTUSD,1785312000000,2.0759875e-06
DOTUSD,1785315600000,2.1360125e-06
DOTUSD,1785319200000,3.438754166667e-06
DOTUSD,1785322800000,1.32602375e-05
DOTUSD,1785326400000,2.50195375e-05
DOTUSD,1785330000000,1.036455e-05
DOTUSD,1785333600000,6.745833333333e-06
DOTUSD,1785337200000,2.2885683333333e-05
DOTUSD,1785340800000,1.9436204166667e-05
DOTUSD,1785344400000,-1.161241666667e-06
DOTUSD,1785348000000,1.8334895833333e-05
DOTUSD,1785351600000,-4.699154166667e-06
DOTUSD,1785355200000,-2.325808333333e-06
DOTUSD,1785358800000,-4.066879166667e-06
DOTUSD,1785362400000,1.6042054166667e-05
DOTUSD,1785366000000,1.02799e-05
DOTUSD,1785369600000,1.2850991666667e-05
DOTUSD,1785373200000,7.15565e-06
DOTUSD,1785376800000,5.45908333333e-07
DOTUSD,1785380400000,-4.395675e-06
DOTUSD,1785384000000,-9.684279166667e-06
DOTUSD,1785387600000,5.45691666667e-07
DOTUSD,1785391200000,2.1056070833333e-05
DOTUSD,1785394800000,-1.089083333333e-06
DOTUSD,1785398400000,1.1156116666667e-05
DOTUSD,1785402000000,1.304825e-06
DOTUSD,1785405600000,1.18303625e-05
DOTUSD,1785409200000,5.4803625e-06
DOTUSD,1785412800000,-4.619179166667e-06
DOTUSD,1785416400000,9.504225e-06
DOTUSD,1785420000000,-9.5749375e-06
DOTUSD,1785423600000,-6.439983333333e-06
DOTUSD,1785427200000,7.66675e-07
DOTUSD,1785430800000,-4.330108333333e-06
DOTUSD,1785434400000,-1.1823175e-05
DOTUSD,1785438000000,-3.91242625e-05
DOTUSD,1785441600000,4.032020833333e-06
DOTUSD,1785445200000,7.1029125e-06
DOTUSD,1785448800000,2.3759375e-05
DOTUSD,1785452400000,6.039516666667e-06
DOTUSD,1785456000000,1.75284375e-05
DOTUSD,1785459600000,4.0147625e-06
DOTUSD,1785463200000,2.4373125e-06
DOTUSD,1785466800000,3.429833333333e-06
DOTUSD,1785470400000,2.8755125e-06
DOTUSD,1785474000000,2.24801625e-05
DOTUSD,1785477600000,1.6979179166667e-05
DOTUSD,1785481200000,1.60038625e-05
DOTUSD,1785484800000,9.012733333333e-06
DOTUSD,1785488400000,2.350425e-05
DOTUSD,1785492000000,1.0531933333333e-05
DOTUSD,1785495600000,6.00929166667e-07
DOTUSD,1785499200000,1.2031875e-06
DOTUSD,1785502800000,9.129529166667e-06
DOTUSD,1785506400000,6.254270833333e-06
DOTUSD,1785510000000,-2.0740295833333e-05
DOTUSD,1785513600000,-4.9501295833333e-05
DOTUSD,1785517200000,-4.8214058333333e-05
DOTUSD,1785520800000,-3.9478966666667e-05
DOTUSD,1785524400000,-4.0303804166667e-05
DOTUSD,1785528000000,-3.0687870833333e-05
DOTUSD,1785531600000,-9.892183333333e-06
DOTUSD,1785535200000,-1.5504658333333e-05
DOTUSD,1785538800000,-8.827366666667e-06
DOTUSD,1785542400000,-1.0103425e-05
DOTUSD,1785546000000,1.263205e-05
DOTUSD,1785549600000,1.5172820833333e-05
DOTUSD,1785553200000,-2.346733333333e-06
DOTUSD,1785556800000,1.254875e-06
DOTUSD,1785560400000,-1.3953329166667e-05
DOTUSD,1785564000000,-1.414416666667e-06
DOTUSD,1785567600000,-1.27344375e-05
DOTUSD,1785571200000,-1.0397704166667e-05
DOTUSD,1785574800000,-1.7515175e-05
DOTUSD,1785578400000,-1.4949433333333e-05
DOTUSD,1785582000000,-1.4754504166667e-05
DOTUSD,1785585600000,-7.205241666667e-06
DOTUSD,1785589200000,6.560258333333e-06
DOTUSD,1785592800000,-5.030741666667e-06
DOTUSD,1785596400000,7.68495833333e-07
DOTUSD,1785600000000,-6.644058333333e-06
DOTUSD,1785603600000,3.1565375e-06
DOTUSD,1785607200000,-1.1435941666667e-05
DOTUSD,1785610800000,-1.8586520833333e-05
DOTUSD,1785614400000,-9.576170833333e-06
DOTUSD,1785618000000,-5.90595833333e-07
DOTUSD,1785621600000,1.8838208333333e-05
DOTUSD,1785625200000,2.1372054166667e-05
DOTUSD,1785628800000,2.5109208333333e-05
DOTUSD,1785632400000,9.631141666667e-06
DOTUSD,1785636000000,1.9372679166667e-05
DOTUSD,1785639600000,4.7121675e-05
DOTUSD,1785643200000,3.00363125e-05
DOTUSD,1785646800000,2.9892679166667e-05
DOTUSD,1785650400000,1.7487925e-05
DOTUSD,1785654000000,1.3702391666667e-05
DOTUSD,1785657600000,2.3315416666667e-05
DOTUSD,1785661200000,3.1190629166667e-05
DOTUSD,1785664800000,2.13370375e-05
DOTUSD,1785668400000,1.9107375e-05
DOTUSD,1785672000000,-7.87416666667e-07
DOTUSD,1785675600000,1.5687191666667e-05
DOTUSD,1785679200000,4.023466666667e-06
DOTUSD,1785682800000,9.379625e-07
DOTUSD,1785686400000,6.136058333333e-06
DOTUSD,1785690000000,7.568620833333e-06
DOTUSD,1785693600000,3.6875e-07
DOTUSD,1785697200000,-1.308883333333e-06
DOTUSD,1785700800000,-1.1970270833333e-05
DOTUSD,1785704400000,5.653120833333e-06
DOTUSD,1785708000000,1.7098345833333e-05
DOTUSD,1785711600000,1.3706979166667e-05
DOTUSD,1785715200000,1.6627366666667e-05
DOTUSD,1785718800000,1.6734691666667e-05
DOTUSD,1785722400000,7.035491666667e-06
DOTUSD,1785726000000,1.1626133333333e-05
DOTUSD,1785729600000,2.7876508333333e-05
DOTUSD,1785733200000,3.3241375e-05
DOTUSD,1785736800000,1.8769795833333e-05
DOTUSD,1785740400000,1.6570375e-05
DOTUSD,1785744000000,1.6117433333333e-05
DOTUSD,1785747600000,1.6124025e-05
DOTUSD,1785751200000,3.810654166667e-06
DOTUSD,1785754800000,1.2417375e-05
DOTUSD,1785758400000,1.9771625e-06
DOTUSD,1785762000000,1.2967608333333e-05
DOTUSD,1785765600000,-4.0121625e-06
DOTUSD,1785769200000,3.6507154166667e-05
DOTUSD,1785772800000,5.5241625e-06
DOTUSD,1785776400000,-7.70085e-06
DOTUSD,1785780000000,2.3417666666667e-05
DOTUSD,1785783600000,6.487333333333e-06
DOTUSD,1785787200000,1.5001883333333e-05
DOTUSD,1785790800000,3.28248e-05
DOTUSD,1785794400000,2.83194375e-05
DOTUSD,1785798000000,1.6363545833333e-05
DOTUSD,1785801600000,2.3675725e-05
DOTUSD,1785805200000,1.5339654166667e-05
DOTUSD,1785808800000,3.477104166667e-06
DOTUSD,1785812400000,-8.384883333333e-06
DOTUSD,1785816000000,1.9750595833333e-05
DOTUSD,1785819600000,1.888241666667e-06
DOTUSD,1785823200000,-1.0724408333333e-05
DOTUSD,1785826800000,-1.94221e-05
DOTUSD,1785830400000,-1.37594625e-05
DOTUSD,1785834000000,-1.3605854166667e-05
DOTUSD,1785837600000,1.4852775e-05
DOTUSD,1785841200000,1.6475191666667e-05
DOTUSD,1785844800000,1.54066625e-05
DOTUSD,1785848400000,-8.185979166667e-06
DOTUSD,1785852000000,-1.456954166667e-06
DOTUSD,1785855600000,5.183575e-06
DOTUSD,1785859200000,1.14742125e-05
DOTUSD,1785862800000,2.09959375e-05
DOTUSD,1785866400000,1.187379166667e-06
DOTUSD,1785870000000,8.0245125e-06
DOTUSD,1785873600000,1.97069e-05
DOTUSD,1785877200000,1.1253358333333e-05
DOTUSD,1785880800000,1.56788375e-05
DOTUSD,1785884400000,1.7262270833333e-05
DOTUSD,1785888000000,-2.472775e-06
DOTUSD,1785891600000,3.8032125e-06
DOTUSD,1785895200000,-3.103445833333e-06
DOTUSD,1785898800000,-1.1799791666667e-05
DOTUSD,1785902400000,-2.0813708333333e-05
DOTUSD,1785906000000,-9.84891666667e-07
DOTUSD,1785909600000,6.640191666667e-06
DOTUSD,1785913200000,-1.132608333333e-06
DOTUSD,1785916800000,-1.03548875e-05
DOTUSD,1785920400000,-8.882729166667e-06
DOTUSD,1785924000000,-2.9098791666667e-05
DOTUSD,1785927600000,-2.42270375e-05
DOTUSD,1785931200000,-1.811783333333e-06
DOTUSD,1785934800000,-9.80454166667e-07
DOTUSD,1785938400000,-5.173925e-06
DOTUSD,1785942000000,-1.00776625e-05
DOTUSD,1785945600000,2.49629875e-05
DOTUSD,1785949200000,3.54923625e-05
DOTUSD,1785952800000,2.7998845833333e-05
DOTUSD,1785956400000,1.1537558333333e-05
DOTUSD,1785960000000,5.0208333333e-08
DOTUSD,1785963600000,2.012654166667e-06
DOTUSD,1785967200000,1.6810275e-05
DOTUSD,1785970800000,1.9637458333333e-05
DOTUSD,1785974400000,-4.94266666667e-07
DOTUSD,1785978000000,4.5376125e-06
DOTUSD,1785981600000,2.824658333333e-06
DOTUSD,1785985200000,1.2042754166667e-05
DOTUSD,1785988800000,1.5164220833333e-05
DOTUSD,1785992400000,1.6239454166667e-05
DOTUSD,1785996000000,1.03758875e-05
DOTUSD,1785999600000,2.17726875e-05
DOTUSD,1786003200000,9.593198863636e-06
DOTUSD,1786006800000,-1.54938125e-05
DOTUSD,1786010400000,-1.7665529166667e-05
DOTUSD,1786014000000,-1.5164454166667e-05
DOTUSD,1786017600000,7.556375e-07
DOTUSD,1786021200000,8.66715e-06
DOTUSD,1786024800000,8.872425e-06
DOTUSD,1786028400000,2.905820833333e-06
DOTUSD,1786032000000,-3.692883333333e-06
DOTUSD,1786035600000,-1.0277545833333e-05
DOTUSD,1786039200000,-1.5708029166667e-05
DOTUSD,1786042800000,-3.3578625e-06
DOTUSD,1786046400000,-3.088008333333e-06
DOTUSD,1786050000000,2.929429166667e-06
DOTUSD,1786053600000,1.615183333333e-06
DOTUSD,1786057200000,2.0712875e-06
DOTUSD,1786060800000,-1.24942375e-05
DOTUSD,1786064400000,-1.6124245833333e-05
DOTUSD,1786068000000,-1.0010541666667e-05
DOTUSD,1786071600000,-1.22015875e-05
DOTUSD,1786075200000,2.640620833333e-06
DOTUSD,1786078800000,-1.6054425e-05
DOTUSD,1786082400000,1.7044183333333e-05
DOTUSD,1786086000000,1.430529166667e-06
DOTUSD,1786089600000,-5.820733333333e-06
DOTUSD,1786093200000,8.379804166667e-06
DOTUSD,1786096800000,5.838083333333e-06
DOTUSD,1786100400000,-7.67475e-07
DOTUSD,1786104000000,-3.56283333333e-07
DOTUSD,1786107600000,-7.138841666667e-06
DOTUSD,1786111200000,-4.435979166667e-06
DOTUSD,1786114800000,-2.0595941666667e-05
DOTUSD,1786118400000,1.237375e-06
DOTUSD,1786122000000,-2.09145833333e-07
DOTUSD,1786125600000,-2.9567320833333e-05
DOTUSD,1786129200000,-6.2924875e-06
DOTUSD,1786132800000,1.284358333333e-06
DOTUSD,1786136400000,-7.0617625e-06
DOTUSD,1786140000000,3.839379166667e-06
DOTUSD,1786143600000,6.4188375e-06
DOTUSD,1786147200000,1.479008333333e-06
DOTUSD,1786150800000,-1.9501845833333e-05
DOTUSD,1786154400000,1.11636625e-05
DOTUSD,1786158000000,-8.693883333333e-06
DOTUSD,1786161600000,9.4691125e-06
DOTUSD,1786165200000,2.02129166667e-07
DOTUSD,1786168800000,1.7140433333333e-05
DOTUSD,1786172400000,-3.920933333333e-06
DOTUSD,1786176000000,7.62079166667e-07
DOTUSD,1786179600000,7.122175e-06
DOTUSD,1786183200000,-1.7453995833333e-05
DOTUSD,1786186800000,4.4310125e-06
DOTUSD,1786190400000,8.289791666667e-06
DOTUSD,1786194000000,-2.385329166667e-06
DOTUSD,1786197600000,-1.2297416666667e-05
DOTUSD,1786201200000,-1.0052991666667e-05
DOTUSD,1786204800000,-1.3140966666667e-05
DOTUSD,1786208400000,-2.2060320833333e-05
DOTUSD,1786212000000,-1.64674625e-05
DOTUSD,1786215600000,-1.651745e-05
DOTUSD,1786219200000,-1.3970383333333e-05
DOTUSD,1786222800000,-1.7355670833333e-05
DOTUSD,1786226400000,-8.13504166667e-07
DOTUSD,1786230000000,1.183195e-05
DOTUSD,1786233600000,-6.190558333333e-06
DOTUSD,1786237200000,-1.0689470833333e-05
DOTUSD,1786240800000,-1.52509e-05
DOTUSD,1786244400000,6.910425e-06
DOTUSD,1786248000000,7.482170833333e-06
DOTUSD,1786251600000,-8.618404166667e-06
DOTUSD,1786255200000,-9.568954166667e-06
DOTUSD,1786258800000,-1.386091666667e-06
DOTUSD,1786262400000,-1.596558333333e-06
DOTUSD,1786266000000,1.1847375e-06
DOTUSD,1786269600000,2.785483333333e-06
DOTUSD,1786273200000,-5.00805e-06
DOTUSD,1786276800000,-5.733054166667e-06
DOTUSD,1786280400000,-3.197579166667e-06
DOTUSD,1786284000000,-7.356904166667e-06
DOTUSD,1786287600000,-7.249991666667e-06
DOTUSD,1786291200000,7.0389875e-06
DOTUSD,1786294800000,-1.3257908333333e-05
DOTUSD,1786298400000,-1.4229304166667e-05
DOTUSD,1786302000000,-7.75870833333e-07
DOTUSD,1786305600000,-1.7092575e-05
DOTUSD,1786309200000,-5.976933333333e-06
DOTUSD,1786312800000,5.097475e-06
DOTUSD,1786316400000,-1.93595625e-05
DOTUSD,1786320000000,-2.60454125e-05
DOTUSD,1786323600000,-1.5369608333333e-05
DOTUSD,1786327200000,-3.5630408333333e-05
DOTUSD,1786330800000,-1.5503920833333e-05
DOTUSD,1786334400000,-1.5612475e-05
DOTUSD,1786338000000,-1.2212666666667e-05
DOTUSD,1786341600000,-3.4241275e-05
DOTUSD,1786345200000,1.37484e-05
DOTUSD,1786348800000,3.1023220833333e-05
DOTUSD,1786352400000,-6.7430625e-06
DOTUSD,1786356000000,7.199e-07
DOTUSD,1786359600000,-1.93632e-05
DOTUSD,1786363200000,9.8452875e-06
DOTUSD,1786366800000,-1.8273266666667e-05
DOTUSD,1786370400000,1.3095233333333e-05
DOTUSD,1786374000000,2.7809541666667e-05
DOTUSD,1786377600000,1.85308625e-05
DOTUSD,1786381200000,1.78096125e-05
DOTUSD,1786384800000,3.6975454166667e-05
DOTUSD,1786388400000,8.317370833333e-06
DOTUSD,1786392000000,2.368e-05
DOTUSD,1786395600000,1.3660804166667e-05
DOTUSD,1786399200000,2.6009891666667e-05
DOTUSD,1786402800000,1.7006608333333e-05
DOTUSD,1786406400000,6.674691666667e-06
DOTUSD,1786410000000,2.5792816666667e-05
DOTUSD,1786413600000,3.8349758333333e-05
DOTUSD,1786417200000,1.4237529166667e-05
DOTUSD,1786420800000,2.08329166667e-07
DOTUSD,1786424400000,-8.107333333333e-06
DOTUSD,1786428000000,2.7295895833333e-05
DOTUSD,1786431600000,2.9541591666667e-05
DOTUSD,1786435200000,-1.0618883333333e-05
DOTUSD,1786438800000,8.3640375e-06
DOTUSD,1786442400000,9.597041666667e-06
DOTUSD,1786446000000,-1.27050875e-05
DOTUSD,1786449600000,-3.7823641666667e-05
DOTUSD,1786453200000,-1.4153175e-05
DOTUSD,1786456800000,3.0278345833333e-05
DOTUSD,1786460400000,1.057516666667e-06
DOTUSD,1786464000000,-2.26796875e-05
DOTUSD,1786467600000,-4.260216666667e-06
DOTUSD,1786471200000,5.2726625e-06
DOTUSD,1786474800000,4.341335e-06
DOTUSD,1786478400000,-2.35476e-06
DOTUSD,1786482000000,-7.726725e-06
DOTUSD,1786485600000,-2.4249108333333e-05
DOTUSD,1786489200000,-2.4650154166667e-05
DOTUSD,1786492800000,-1.5158470833333e-05
DOTUSD,1786496400000,2.8473e-06
DOTUSD,1786500000000,4.248675e-06
DOTUSD,1786503600000,2.6795625e-06
DOTUSD,1786507200000,1.3269595833333e-05
DOTUSD,1786510800000,1.00762625e-05
DOTUSD,1786514400000,2.30891e-05
DOTUSD,1786518000000,-1.10516666667e-07
DOTUSD,1786521600000,-4.494716666667e-06
DOTUSD,1786525200000,-2.914029166667e-06
DOTUSD,1786528800000,1.2043795833333e-05
DOTUSD,1786532400000,6.172095833333e-06
DOTUSD,1786536000000,1.3979658333333e-05
DOTUSD,1786539600000,2.3886745833333e-05
DOTUSD,1786543200000,9.299283333333e-06
DOTUSD,1786546800000,7.699191666667e-06
DOTUSD,1786550400000,2.3868704166667e-05
DOTUSD,1786554000000,5.407195833333e-06
DOTUSD,1786557600000,-6.257554166667e-06
DOTUSD,1786561200000,5.64135e-06
DOTUSD,1786564800000,-4.747195833333e-06
DOTUSD,1786568400000,-3.8854275e-05
DOTUSD,1786572000000,-1.70857625e-05
DOTUSD,1786575600000,1.459470833333e-06
DOTUSD,1786579200000,-2.858825e-06
DOTUSD,1786582800000,2.70833333e-10
DOTUSD,1786586400000,-1.1940229166667e-05
DOTUSD,1786590000000,-1.47598625e-05
DOTUSD,1786593600000,-3.2801875e-06
DOTUSD,1786597200000,-2.903154166667e-06
DOTUSD,1786600800000,-5.1052125e-06
DOTUSD,1786604400000,-8.497125e-06
DOTUSD,1786608000000,-1.4236651785714e-05
DOTUSD,1786611600000,-5.329095833333e-06
DOTUSD,1786615200000,1.132333333333e-06
DOTUSD,1786618800000,-2.910575e-06
DOTUSD,1786622400000,2.2691891666667e-05
DOTUSD,1786626000000,1.4390970833333e-05
DOTUSD,1786629600000,-6.777366666667e-06
DOTUSD,1786633200000,7.01635e-06
DOTUSD,1786636800000,-1.3260220833333e-05
DOTUSD,1786640400000,-2.158879166667e-06
DOTUSD,1786644000000,-1.407579166667e-06
DOTUSD,1786647600000,-1.7100245833333e-05
DOTUSD,1786651200000,3.772620833333e-06
DOTUSD,1786654800000,3.5320404166667e-05
DOTUSD,1786658400000,1.73526375e-05
DOTUSD,1786662000000,1.8667025e-05
DOTUSD,1786665600000,1.6240954166667e-05
DOTUSD,1786669200000,6.95915e-06
DOTUSD,1786672800000,1.69573e-05
DOTUSD,1786676400000,1.0159625e-05
DOTUSD,1786680000000,6.736570833333e-06
DOTUSD,1786683600000,-1.3088125e-06
DOTUSD,1786687200000,-4.7490875e-06
DOTUSD,1786690800000,1.530129166667e-06
DOTUSD,1786694400000,-2.3032875e-06
DOTUSD,1786698000000,7.6023e-06
DOTUSD,1786701600000,1.3618104166667e-05
DOTUSD,1786705200000,-2.3728e-06
DOTUSD,1786708800000,-5.4488875e-06
DOTUSD,1786712400000,-8.22529166667e-07
DOTUSD,1786716000000,-1.8650125e-06
DOTUSD,1786719600000,-1.8682404166667e-05
DOTUSD,1786723200000,-5.4835e-07
DOTUSD,1786726800000,-8.995716666667e-06
DOTUSD,1786730400000,-9.538279166667e-06
DOTUSD,1786734000000,-1.0418191666667e-05
DOTUSD,1786737600000,-8.46905e-06
DOTUSD,1786741200000,-1.5293375e-05
DOTUSD,1786744800000,-1.3631683333333e-05
DOTUSD,1786748400000,-6.59166666667e-07
DOTUSD,1786752000000,4.103404166667e-06
DOTUSD,1786755600000,3.8677625e-06
DOTUSD,1786759200000,8.1710125e-06
DOTUSD,1786762800000,2.373165e-05
DOTUSD,1786766400000,5.1545375e-06
DOTUSD,1786770000000,-3.990220833333e-06
DOTUSD,1786773600000,-9.180333333333e-06
DOTUSD,1786777200000,-1.40245e-06
DOTUSD,1786780800000,-5.784183333333e-06
DOTUSD,1786784400000,4.4907125e-06
DOTUSD,1786788000000,-4.302870833333e-06
DOTUSD,1786791600000,6.091858333333e-06
DOTUSD,1786795200000,4.13105e-06
DOTUSD,1786798800000,-1.662445833333e-06
DOTUSD,1786802400000,-2.5248875e-06
DOTUSD,1786806000000,-3.6365e-06
DOTUSD,1786809600000,-1.343016666667e-06
DOTUSD,1786813200000,9.109225e-06
DOTUSD,1786816800000,1.53041e-05
DOTUSD,1786820400000,4.385125e-06
DOTUSD,1786824000000,9.433604166667e-06
DOTUSD,1786827600000,1.5613225e-05
DOTUSD,1786831200000,5.384275e-06
DOTUSD,1786834800000,1.0592370833333e-05
DOTUSD,1786838400000,6.83075e-06
DOTUSD,1786842000000,4.552670833333e-06
DOTUSD,1786845600000,5.993508333333e-06
DOTUSD,1786849200000,1.82477875e-05
DOTUSD,1786852800000,1.1976141666667e-05
DOTUSD,1786856400000,4.015945833333e-06
DOTUSD,1786860000000,2.807454166667e-06
DOTUSD,1786863600000,-1.31569375e-05
DOTUSD,1786867200000,-2.3462179166667e-05
DOTUSD,1786870800000,-9.2683875e-06
DOTUSD,1786874400000,-1.17386375e-05
DOTUSD,1786878000000,-2.092195e-05
DOTUSD,1786881600000,1.3261895833333e-05
DOTUSD,1786885200000,1.4274058333333e-05
DOTUSD,1786888800000,5.359775e-06
DOTUSD,1786892400000,1.5363629166667e-05
DOTUSD,1786896000000,8.221120833333e-06
DOTUSD,1786899600000,1.1421379166667e-05
DOTUSD,1786903200000,-8.5597875e-06
DOTUSD,1786906800000,-3.1931804166667e-05
DOTUSD,1786910400000,-5.563941666667e-06
DOTUSD,1786914000000,-1.28182625e-05
DOTUSD,1786917600000,-1.7656629166667e-05
DOTUSD,1786921200000,7.225404166667e-06
DOTUSD,1786924800000,4.400195833333e-06
DOTUSD,1786928400000,1.4051854166667e-05
DOTUSD,1786932000000,2.9923579166667e-05
DOTUSD,1786935600000,1.9199395833333e-05
DOTUSD,1786939200000,1.0197175e-05
DOTUSD,1786942800000,1.2886433333333e-05
DOTUSD,1786946400000,6.846258333333e-06
DOTUSD,1786950000000,8.449875e-06
DOTUSD,1786953600000,2.520666666667e-06
DOTUSD,1786957200000,-1.1270479166667e-05
DOTUSD,1786960800000,-1.6758320833333e-05
DOTUSD,1786964400000,-7.2438e-06
DOTUSD,1786968000000,-1.31613125e-05
DOTUSD,1786971600000,-1.64734125e-05
DOTUSD,1786975200000,-1.4073129166667e-05
DOTUSD,1786978800000,-2.7433745833333e-05
DOTUSD,1786982400000,-3.3673870833333e-05
DOTUSD,1786986000000,-1.9324854166667e-05
DOTUSD,1786989600000,-5.177616666667e-06
DOTUSD,1786993200000,1.4118304166667e-05
DOTUSD,1786996800000,2.48362375e-05
DOTUSD,1787000400000,1.4251329166667e-05
DOTUSD,1787004000000,1.51704625e-05
DOTUSD,1787007600000,-1.56605375e-05
DOTUSD,1787011200000,1.0077220833333e-05
DOTUSD,1787014800000,1.1831270833333e-05
DOTUSD,1787018400000,-8.265095833333e-06
DOTUSD,1787022000000,-3.2027741666667e-05
DOTUSD,1787025600000,-2.6395304166667e-05
DOTUSD,1787029200000,-1.4148204166667e-05
DOTUSD,1787032800000,-1.2307933333333e-05
DOTUSD,1787036400000,6.425591666667e-06
DOTUSD,1787040000000,7.4597e-06
DOTUSD,1787043600000,-1.0368183333333e-05
DOTUSD,1787047200000,-3.619125e-06
DOTUSD,1787050800000,-4.675025e-06
DOTUSD,1787054400000,3.209004166667e-06
DOTUSD,1787058000000,-3.8450375e-06
DOTUSD,1787061600000,-1.4510033333333e-05
DOTUSD,1787065200000,-2.0931779166667e-05
DOTUSD,1787068800000,-2.10391e-05
DOTUSD,1787072400000,2.774966666667e-06
DOTUSD,1787076000000,-1.58901125e-05
DOTUSD,1787079600000,-1.5004875e-06
DOTUSD,1787083200000,-4.507095833333e-06
DOTUSD,1787086800000,-2.2780216666667e-05
DOTUSD,1787090400000,-1.06999375e-05
DOTUSD,1787094000000,1.000020833333e-06
DOTUSD,1787097600000,1.4097641666667e-05
DOTUSD,1787101200000,3.944945833333e-06
DOTUSD,1787104800000,1.95085e-05
DOTUSD,1787108400000,1.3867495833333e-05
DOTUSD,1787112000000,2.2058795833333e-05
DOTUSD,1787115600000,1.6087966666667e-05
DOTUSD,1787119200000,-2.978154166667e-06
DOTUSD,1787122800000,-4.46404166667e-07
DOTUSD,1787126400000,1.1407170833333e-05
DOTUSD,1787130000000,2.3707208333333e-05
DOTUSD,1787133600000,9.279545833333e-06
DOTUSD,1787137200000,1.28953625e-05
DOTUSD,1787140800000,1.8232720833333e-05
DOTUSD,1787144400000,2.19160625e-05
DOTUSD,1787148000000,3.3592620833333e-05
DOTUSD,1787151600000,2.3010391666667e-05
DOTUSD,1787155200000,5.9079216666667e-05
DOTUSD,1787158800000,5.89175e-07
DOTUSD,1787162400000,6.52283333333e-07
DOTUSD,1787166000000,1.3868754166667e-05
DOTUSD,1787169600000,6.8684e-06
DOTUSD,1787173200000,5.333633333333e-06
DOTUSD,1787176800000,6.6967108333333e-05
DOTUSD,1787180400000,3.4810779166667e-05
DOTUSD,1787184000000,1.30919375e-05
DOTUSD,1787187600000,1.01122375e-05
DOTUSD,1787191200000,1.416008333333e-06
DOTUSD,1787194800000,7.375354166667e-06
DOTUSD,1787198400000,3.4712666666667e-05
DOTUSD,1787202000000,1.795355e-05
DOTUSD,1787205600000,7.666745833333e-06
DOTUSD,1787209200000,2.953616666667e-06
DOTUSD,1787212800000,1.346087962963e-05
DOTUSD,1787216400000,6.5624375e-06
DOTUSD,1787220000000,-3.7823908333333e-05
DOTUSD,1787223600000,-1.50683e-05
DOTUSD,1787227200000,-1.060935e-05
DOTUSD,1787230800000,-5.4727416666667e-05
DOTUSD,1787234400000,-8.3224375e-06
DOTUSD,1787238000000,3.5351175e-05
DOTUSD,1787241600000,5.3442579166667e-05
DOTUSD,1787245200000,1.8452591666667e-05
DOTUSD,1787248800000,2.38324875e-05
DOTUSD,1787252400000,-4.036e-07
DOTUSD,1787256000000,8.897783333333e-06
DOTUSD,1787259600000,2.7255475e-05
DOTUSD,1787263200000,4.2845966666667e-05
DOTUSD,1787266800000,1.2538716666667e-05
DOTUSD,1787270400000,3.2796104166667e-05
DOTUSD,1787274000000,2.5287375e-05
DOTUSD,1787277600000,1.0285270833333e-05
DOTUSD,1787281200000,2.6875866666667e-05
DOTUSD,1787284800000,2.7749183333333e-05
DOTUSD,1787288400000,1.9772466666667e-05
DOTUSD,1787292000000,3.57766375e-05
DOTUSD,1787295600000,2.9365295833333e-05
DOTUSD,1787299200000,3.77298375e-05
DOTUSD,1787302800000,2.81235125e-05
DOTUSD,1787306400000,6.4569041666667e-05
DOTUSD,1787310000000,8.9917858333333e-05
DOTUSD,1787313600000,7.08472125e-05
DOTUSD,1787317200000,7.9762391666667e-05
DOTUSD,1787320800000,5.75295625e-05
DOTUSD,1787324400000,7.4317775e-05
DOTUSD,1787328000000,3.8087933333333e-05
DOTUSD,1787331600000,4.3636070833333e-05
DOTUSD,1787335200000,2.2381891666667e-05
DOTUSD,1787338800000,3.96396875e-05
DOTUSD,1787342400000,2.9993375e-05
DOTUSD,1787346000000,3.5377675e-05
DOTUSD,1787349600000,2.0143075e-05
DOTUSD,1787353200000,3.6513795833333e-05
DOTUSD,1787356800000,3.27575625e-05
DOTUSD,1787360400000,5.5073629166667e-05
DOTUSD,1787364000000,2.6960179166667e-05
DOTUSD,1787367600000,6.0458845833333e-05
DOTUSD,1787371200000,7.764695e-05
DOTUSD,1787374800000,0.000103950891666667
DOTUSD,1787378400000,6.1422041666667e-05
DOTUSD,1787382000000,4.5914120833333e-05
DOTUSD,1787385600000,-5.429725e-06
DOTUSD,1787389200000,2.1500766666667e-05
DOTUSD,1787392800000,6.099085e-05
DOTUSD,1787396400000,5.4376975e-05
DOTUSD,1787400000000,4.2928833333333e-05
DOTUSD,1787403600000,3.1116445833333e-05
DOTUSD,1787407200000,3.2638675e-05
DOTUSD,1787410800000,4.00615375e-05
DOTUSD,1787414400000,3.32103625e-05
DOTUSD,1787418000000,3.3032420833333e-05
DOTUSD,1787421600000,5.868704166667e-06
DOTUSD,1787425200000,-8.896704166667e-06
DOTUSD,1787428800000,1.9425658333333e-05
DOTUSD,1787432400000,2.447858333333e-06
DOTUSD,1787436000000,-2.6012508333333e-05
DOTUSD,1787439600000,4.269775e-06
DOTUSD,1787443200000,8.9283875e-06
DOTUSD,1787446800000,9.0864875e-06
DOTUSD,1787450400000,1.5169891666667e-05
DOTUSD,1787454000000,-2.554183333333e-06
DOTUSD,1787457600000,6.090425e-06
DOTUSD,1787461200000,1.32247375e-05
DOTUSD,1787464800000,2.90895e-05
DOTUSD,1787468400000,1.3532895833333e-05
DOTUSD,1787472000000,1.1263816666667e-05
DOTUSD,1787475600000,2.6325375e-05
DOTUSD,1787479200000,3.805091666667e-06
DOTUSD,1787482800000,1.6611016666667e-05
DOTUSD,1787486400000,-3.054004166667e-06
DOTUSD,1787490000000,-1.3460270833333e-05
DOTUSD,1787493600000,8.052945833333e-06
DOTUSD,1787497200000,3.8901308333333e-05
DOTUSD,1787500800000,2.6459229166667e-05
DOTUSD,1787504400000,9.307545833333e-06
DOTUSD,1787508000000,5.254375e-07
DOTUSD,1787511600000,-8.449433333333e-06
DOTUSD,1787515200000,3.2513029166667e-05
DOTUSD,1787518800000,2.9850158333333e-05
DOTUSD,1787522400000,9.007458333333e-06
DOTUSD,1787526000000,5.742791666667e-06
DOTUSD,1787529600000,1.13168625e-05
DOTUSD,1787533200000,-7.253833333333e-06
DOTUSD,1787536800000,3.744304166667e-06
DOTUSD,1787540400000,2.5092479166667e-05
DOTUSD,1787544000000,3.611545833333e-06
DOTUSD,1787547600000,6.646354166667e-06
DOTUSD,1787551200000,-4.99170833333e-07
DOTUSD,1787554800000,-8.28745833333e-07
DOTUSD,1787558400000,2.484795833333e-06
DOTUSD,1787562000000,1.3205304166667e-05
DOTUSD,1787565600000,9.9062625e-06
DOTUSD,1787569200000,-4.6045e-06
DOTUSD,1787572800000,-2.026683333333e-06
DOTUSD,1787576400000,2.788954166667e-06
DOTUSD,1787580000000,-3.2010525e-05
DOTUSD,1787583600000,-1.27409875e-05
DOTUSD,1787587200000,-2.0827041666667e-05
DOTUSD,1787590800000,-2.3943079166667e-05
DOTUSD,1787594400000,-1.0366566666667e-05
DOTUSD,1787598000000,2.159954166667e-06
DOTUSD,1787601600000,2.346054166667e-06
DOTUSD,1787605200000,-8.631283333333e-06
DOTUSD,1787608800000,1.0674616666667e-05
DOTUSD,1787612400000,-1.8711183333333e-05
DOTUSD,1787616000000,6.506829166667e-06
DOTUSD,1787619600000,1.0166e-05
DOTUSD,1787623200000,-8.13708333333e-07
DOTUSD,1787626800000,7.424154166667e-06
DOTUSD,1787630400000,1.1823708333333e-05
DOTUSD,1787634000000,1.209315e-05
DOTUSD,1787637600000,7.531416666667e-06
DOTUSD,1787641200000,-1.705655e-05
DOTUSD,1787644800000,-1.42567e-05
DOTUSD,1787648400000,-2.3132095833333e-05
DOTUSD,1787652000000,-1.5124433333333e-05
DOTUSD,1787655600000,-4.231629166667e-06
DOTUSD,1787659200000,-1.8063141666667e-05
DOTUSD,1787662800000,-3.1485858333333e-05
DOTUSD,1787666400000,-4.062591666667e-06
DOTUSD,1787670000000,-5.69220833333e-07
DOTUSD,1787673600000,-1.4671941666667e-05
DOTUSD,1787677200000,-1.6390854166667e-05
DOTUSD,1787680800000,-1.07141875e-05
DOTUSD,1787684400000,1.8607829166667e-05
DOTUSD,1787688000000,-7.612875e-07
DOTUSD,1787691600000,-9.9260625e-06
DOTUSD,1787695200000,-7.97095e-06
DOTUSD,1787698800000,-1.7214395833333e-05
DOTUSD,1787702400000,-3.449945833333e-06
DOTUSD,1787706000000,5.88816666667e-07
DOTUSD,1787709600000,1.0213291666667e-05
DOTUSD,1787713200000,1.9720629166667e-05
DOTUSD,1787716800000,-7.19545e-06
DOTUSD,1787720400000,-1.600815e-05
DOTUSD,1787724000000,-2.0517754166667e-05
DOTUSD,1787727600000,-2.7422175e-05
DOTUSD,1787731200000,-1.5469525e-05
DOTUSD,1787734800000,-1.09864375e-05
DOTUSD,1787738400000,-2.0122845833333e-05
DOTUSD,1787742000000,2.993233333333e-06
DOTUSD,1787745600000,7.2670875e-06
DOTUSD,1787749200000,-6.565791666667e-06
DOTUSD,1787752800000,-2.7855470833333e-05
DOTUSD,1787756400000,-2.7193466666667e-05
DOTUSD,1787760000000,-2.70649625e-05
DOTUSD,1787763600000,-2.071015e-05
DOTUSD,1787767200000,-4.8038375e-06
DOTUSD,1787770800000,-1.3374779166667e-05
DOTUSD,1787774400000,-6.425966666667e-06
DOTUSD,1787778000000,-4.660883333333e-06
DOTUSD,1787781600000,9.343504166667e-06
DOTUSD,1787785200000,-3.664608333333e-06
DOTUSD,1787788800000,-8.298866666667e-06
DOTUSD,1787792400000,-4.3183820833333e-05
DOTUSD,1787796000000,-5.994354166667e-06
DOTUSD,1787799600000,-1.7108516666667e-05
DOTUSD,1787803200000,-1.198829166667e-06
DOTUSD,1787806800000,-4.941333333333e-06
DOTUSD,1787810400000,-9.606804166667e-06
DOTUSD,1787814000000,1.54391e-05
DOTUSD,1787817600000,3.1411428571429e-05
DOTUSD,1787821200000,4.6013395833333e-05
DOTUSD,1787824800000,1.7959795833333e-05
DOTUSD,1787828400000,9.724979166667e-06
DOTUSD,1787832000000,-2.3808779166667e-05
DOTUSD,1787835600000,-1.43989e-05
DOTUSD,1787839200000,-1.3965729166667e-05
DOTUSD,1787842800000,-1.3084541666667e-05
DOTUSD,1787846400000,-2.611555e-05
DOTUSD,1787850000000,-1.8399241666667e-05
DOTUSD,1787853600000,1.2273875e-05
DOTUSD,1787857200000,8.453054166667e-06
DOTUSD,1787860800000,2.262916666667e-06
DOTUSD,1787864400000,-1.0194175e-05
DOTUSD,1787868000000,-9.500358333333e-06
DOTUSD,1787871600000,-2.2529245833333e-05
DOTUSD,1787875200000,-2.3211083333333e-05
DOTUSD,1787878800000,5.202091666667e-06
DOTUSD,1787882400000,3.574329166667e-06
DOTUSD,1787886000000,1.4463608333333e-05
DOTUSD,1787889600000,-9.2396375e-06
DOTUSD,1787893200000,-1.0478716666667e-05
DOTUSD,1787896800000,-8.292541666667e-06
DOTUSD,1787900400000,1.431591666667e-06
DOTUSD,1787904000000,-1.2174166666667e-05
DOTUSD,1787907600000,-4.8738616666667e-05
DOTUSD,1787911200000,-4.3994908333333e-05
DOTUSD,1787914800000,-2.5603204166667e-05
DOTUSD,1787918400000,-3.469295833333e-06
DOTUSD,1787922000000,-1.89870125e-05
DOTUSD,1787925600000,-2.9214854166667e-05
DOTUSD,1787929200000,-3.1473970833333e-05
DOTUSD,1787932800000,-5.286266666667e-06
DOTUSD,1787936400000,-5.5129308333333e-05
DOTUSD,1787940000000,-4.6714791666667e-05
DOTUSD,1787943600000,-3.3207916666667e-05
DOTUSD,1787947200000,-2.5888558333333e-05
DOTUSD,1787950800000,-6.447404166667e-06
DOTUSD,1787954400000,1.3730495833333e-05
DOTUSD,1787958000000,6.791483333333e-06
DOTUSD,1787961600000,8.342679166667e-06
DOTUSD,1787965200000,-9.828954166667e-06
DOTUSD,1787968800000,-2.1046108333333e-05
DOTUSD,1787972400000,-1.2575125e-05
DOTUSD,1787976000000,-8.310425e-06
DOTUSD,1787979600000,-1.0680520833333e-05
DOTUSD,1787983200000,-1.1994258333333e-05
DOTUSD,1787986800000,-2.1632525e-05
DOTUSD,1787990400000,-1.7708091666667e-05
DOTUSD,1787994000000,-1.6742175e-05
DOTUSD,1787997600000,-6.4647375e-06
DOTUSD,1788001200000,-1.51079166667e-07
DOTUSD,1788004800000,-1.25725875e-05
DOTUSD,1788008400000,-1.3300858333333e-05
DOTUSD,1788012000000,1.2276520833333e-05
DOTUSD,1788015600000,2.9361958333333e-05
DOTUSD,1788019200000,2.6869783333333e-05
DOTUSD,1788022800000,8.975695833333e-06
DOTUSD,1788026400000,8.736629166667e-06
DOTUSD,1788030000000,1.2956441666667e-05
DOTUSD,1788033600000,1.2854054166667e-05
DOTUSD,1788037200000,2.70088e-05
DOTUSD,1788040800000,3.9304379166667e-05
DOTUSD,1788044400000,2.9324475e-05
DOTUSD,1788048000000,2.3511995833333e-05
DOTUSD,1788051600000,2.0532195833333e-05
DOTUSD,1788055200000,1.0400620833333e-05
DOTUSD,1788058800000,8.964941666667e-06
DOTUSD,1788062400000,9.541775e-06
DOTUSD,1788066000000,9.92808333333e-07
DOTUSD,1788069600000,1.5079525e-05
DOTUSD,1788073200000,8.91666667e-10
DOTUSD,1788076800000,6.41304166667e-07
DOTUSD,1788080400000,1.7794954166667e-05
DOTUSD,1788084000000,2.5237266666667e-05
DOTUSD,1788087600000,1.8909941666667e-05
DOTUSD,1788091200000,2.6566720833333e-05
DOTUSD,1788094800000,3.0851675e-05
DOTUSD,1788098400000,3.6345204166667e-05
DOTUSD,1788102000000,3.1820004166667e-05
DOTUSD,1788105600000,2.3788216666667e-05
DOTUSD,1788109200000,2.22010875e-05
DOTUSD,1788112800000,2.3375616666667e-05
DOTUSD,1788116400000,1.677635e-05
DOTUSD,1788120000000,1.6286154166667e-05
DOTUSD,1788123600000,4.229745833333e-06
DOTUSD,1788127200000,1.659354166667e-06
DOTUSD,1788130800000,-5.12255e-06
DOTUSD,1788134400000,-2.3238225e-05
DOTUSD,1788138000000,-1.6746108333333e-05
DOTUSD,1788141600000,-4.923154166667e-06
DOTUSD,1788145200000,-4.019958333333e-06
DOTUSD,1788148800000,6.656904166667e-06
DOTUSD,1788152400000,-2.641529166667e-06
DOTUSD,1788156000000,1.9025070833333e-05
DOTUSD,1788159600000,-6.639e-06
DOTUSD,1788163200000,-1.4544041666667e-05
DOTUSD,1788166800000,-1.3065866666667e-05
DOTUSD,1788170400000,1.47632375e-05
DOTUSD,1788174000000,-1.10275e-06
DOTUSD,1788177600000,-1.8855841666667e-05
DOTUSD,1788181200000,-1.50308625e-05
DOTUSD,1788184800000,-3.7384625e-06
DOTUSD,1788188400000,-3.779e-06
DOTUSD,1788192000000,-1.3410329166667e-05
DOTUSD,1788195600000,-4.04991375e-05
DOTUSD,1788199200000,-4.175766666667e-06
DOTUSD,1788202800000,-5.7175e-08
DOTUSD,1788206400000,1.0590883333333e-05
DOTUSD,1788210000000,5.675879166667e-06
DOTUSD,1788213600000,1.9113925e-05
DOTUSD,1788217200000,-7.760258333333e-06
DOTUSD,1788220800000,-1.030475e-05
DOTUSD,1788224400000,9.8149875e-06
DOTUSD,1788228000000,-6.581366666667e-06
DOTUSD,1788231600000,-2.9499875e-06
DOTUSD,1788235200000,5.597070833333e-06
DOTUSD,1788238800000,-1.366420833333e-06
DOTUSD,1788242400000,-9.98625e-08
DOTUSD,1788246000000,-1.6467254166667e-05
DOTUSD,1788249600000,-2.1206229166667e-05
DOTUSD,1788253200000,1.03620833333e-07
DOTUSD,1788256800000,-1.111475e-05
DOTUSD,1788260400000,1.6091658333333e-05
DOTUSD,1788264000000,4.10786375e-05
DOTUSD,1788267600000,1.01428625e-05
DOTUSD,1788271200000,2.15611375e-05
DOTUSD,1788274800000,2.4483875e-05
DOTUSD,1788278400000,1.9676220833333e-05
DOTUSD,1788282000000,1.1727616666667e-05
DOTUSD,1788285600000,2.75359875e-05
DOTUSD,1788289200000,3.2856008333333e-05
DOTUSD,1788292800000,5.8559108333333e-05
DOTUSD,1788296400000,3.5737604166667e-05
DOTUSD,1788300000000,2.8762916666667e-05
DOTUSD,1788303600000,2.9801491666667e-05
DOTUSD,1788307200000,2.903025e-05
DOTUSD,1788310800000,4.0401841666667e-05
DOTUSD,1788314400000,2.9098508333333e-05
DOTUSD,1788318000000,4.8346945833333e-05
DOTUSD,1788321600000,5.0527754166667e-05
DOTUSD,1788325200000,3.5665616666667e-05
DOTUSD,1788328800000,4.8035967741935e-05
DOTUSD,1788332400000,2.7115685483871e-05
DOTUSD,1788336000000,2.0377333333333e-05
DOTUSD,1788339600000,1.5167108333333e-05
DOTUSD,1788343200000,-4.661966666667e-06
DOTUSD,1788346800000,-1.9451470833333e-05
DOTUSD,1788350400000,3.610041666667e-06
DOTUSD,1788354000000,7.0117625e-06
DOTUSD,1788357600000,-3.211633333333e-06
DOTUSD,1788361200000,1.221316666667e-06
DOTUSD,1788364800000,-2.421795833333e-06
DOTUSD,1788368400000,2.147066666667e-06
DOTUSD,1788372000000,-9.499841666667e-06
DOTUSD,1788375600000,-1.943929166667e-06
DOTUSD,1788379200000,5.863954166667e-06
DOTUSD,1788382800000,2.2881629166667e-05
DOTUSD,1788386400000,2.29465125e-05
DOTUSD,1788390000000,2.4719e-06
DOTUSD,1788393600000,1.61728e-05
DOTUSD,1788397200000,1.0143329166667e-05
DOTUSD,1788400800000,2.6776066666667e-05
DOTUSD,1788404400000,2.50200625e-05
DOTUSD,1788408000000,3.2466666666667e-05
DOTUSD,1788411600000,2.4449016666667e-05
DOTUSD,1788415200000,2.3682266666667e-05
DOTUSD,1788418800000,2.6651070833333e-05
DOTUSD,1788422400000,2.7034831896552e-05
DOTUSD,1788426000000,7.508583333333e-06
DOTUSD,1788429600000,2.136020833333e-06
DOTUSD,1788433200000,3.06758375e-05
DOTUSD,1788436800000,4.0385216666667e-05
DOTUSD,1788440400000,1.65730375e-05
DOTUSD,1788444000000,2.176865e-05
DOTUSD,1788447600000,9.023954166667e-06
DOTUSD,1788451200000,4.69965875e-05
DOTUSD,1788454800000,4.72706e-05
DOTUSD,1788458400000,3.4468679166667e-05
DOTUSD,1788462000000,2.8869675e-05
DOTUSD,1788465600000,9.8039625e-06
DOTUSD,1788469200000,4.559795833333e-06
DOTUSD,1788472800000,9.1883375e-06
DOTUSD,1788476400000,7.166608333333e-06
DOTUSD,1788480000000,1.046665e-05
DOTUSD,1788483600000,5.3882875e-06
DOTUSD,1788487200000,-6.61916666667e-07
DOTUSD,1788490800000,-1.185575e-06
DOTUSD,1788494400000,-6.600033333333e-06
DOTUSD,1788498000000,-3.8971e-06
DOTUSD,1788501600000,4.895145833333e-06
DOTUSD,1788505200000,1.4156066666667e-05
DOTUSD,1788508800000,1.0057008333333e-05
DOTUSD,1788512400000,1.5974179166667e-05
DOTUSD,1788516000000,2.1224454166667e-05
DOTUSD,1788519600000,-3.657104166667e-06
DOTUSD,1788523200000,-5.483316666667e-06
DOTUSD,1788526800000,-8.870704166667e-06
DOTUSD,1788530400000,-2.363585e-05
DOTUSD,1788534000000,-4.399245833333e-06
DOTUSD,1788537600000,7.13705e-06
DOTUSD,1788541200000,3.79728625e-05
DOTUSD,1788544800000,8.44725e-06
DOTUSD,1788548400000,1.4781079166667e-05
DOTUSD,1788552000000,3.3132570833333e-05
DOTUSD,1788555600000,3.1749641666667e-05
DOTUSD,1788559200000,8.596308333333e-06
DOTUSD,1788562800000,-6.1528858333333e-05
DOTUSD,1788566400000,-2.45828125e-05
DOTUSD,1788570000000,-4.0369745833333e-05
DOTUSD,1788573600000,-5.1167875e-06
DOTUSD,1788577200000,2.4107625e-06
DOTUSD,1788580800000,9.354595833333e-06
DOTUSD,1788584400000,2.7907704166667e-05
DOTUSD,1788588000000,2.0005683333333e-05
DOTUSD,1788591600000,3.05470375e-05
DOTUSD,1788595200000,9.081158333333e-06
DOTUSD,1788598800000,4.527795833333e-06
DOTUSD,1788602400000,4.418354166667e-06
DOTUSD,1788606000000,-3.0676125e-06
DOTUSD,1788609600000,-1.5579291666667e-05
DOTUSD,1788613200000,5.410941666667e-06
DOTUSD,1788616800000,2.13625625e-05
DOTUSD,1788620400000,-1.3603645833333e-05
DOTUSD,1788624000000,-1.96615375e-05
DOTUSD,1788627600000,-1.9773758333333e-05
DOTUSD,1788631200000,-1.0718383333333e-05
DOTUSD,1788634800000,-9.9764375e-06
DOTUSD,1788638400000,4.119941666667e-06
DOTUSD,1788642000000,-2.825766666667e-06
DOTUSD,1788645600000,-7.590220833333e-06
DOTUSD,1788649200000,-1.01686625e-05
DOTUSD,1788652800000,-1.7262554166667e-05
DOTUSD,1788656400000,-2.3390679166667e-05
DOTUSD,1788660000000,-2.2665495833333e-05
DOTUSD,1788663600000,-4.4022983333333e-05
