symbol,fundingTime,fundingRate
TIAUSD,1756886400000,3.3286004166667e-05
TIAUSD,1756890000000,3.3973893055556e-05
TIAUSD,1756893600000,3.0107061111111e-05
TIAUSD,1756897200000,3.3442286111111e-05
TIAUSD,1756900800000,1.7817815277778e-05
TIAUSD,1756904400000,1.6185475e-05
TIAUSD,1756908000000,2.0518776388889e-05
TIAUSD,1756911600000,2.2307384722222e-05
TIAUSD,1756915200000,2.4849819444444e-05
TIAUSD,1756918800000,2.1752415277778e-05
TIAUSD,1756922400000,2.5501034722222e-05
TIAUSD,1756926000000,2.3287870833333e-05
TIAUSD,1756929600000,3.0493081944444e-05
TIAUSD,1756933200000,2.91687375e-05
TIAUSD,1756936800000,2.6511781944444e-05
TIAUSD,1756940400000,3.1481781944444e-05
TIAUSD,1756944000000,4.8587605555556e-05
TIAUSD,1756947600000,5.4533777777778e-05
TIAUSD,1756951200000,5.1601998611111e-05
TIAUSD,1756954800000,4.849125e-05
TIAUSD,1756958400000,5.1250325e-05
TIAUSD,1756962000000,4.63048375e-05
TIAUSD,1756965600000,4.6040476388889e-05
TIAUSD,1756969200000,4.2191975e-05
TIAUSD,1756972800000,2.8603105555556e-05
TIAUSD,1756976400000,2.7988280555556e-05
TIAUSD,1756980000000,2.7029872222222e-05
TIAUSD,1756983600000,3.4304365277778e-05
TIAUSD,1756987200000,3.6037509722222e-05
TIAUSD,1756990800000,2.4168125e-05
TIAUSD,1756994400000,2.2911816666667e-05
TIAUSD,1756998000000,1.8438927777778e-05
TIAUSD,1757001600000,1.3517301388889e-05
TIAUSD,1757005200000,1.1823698611111e-05
TIAUSD,1757008800000,1.76925125e-05
TIAUSD,1757012400000,1.8172836111111e-05
TIAUSD,1757016000000,2.0849920833333e-05
TIAUSD,1757019600000,3.7878830555556e-05
TIAUSD,1757023200000,3.3051776388889e-05
TIAUSD,1757026800000,2.7873761111111e-05
TIAUSD,1757030400000,2.3877826388889e-05
TIAUSD,1757034000000,2.1491025e-05
TIAUSD,1757037600000,2.49574e-05
TIAUSD,1757041200000,2.1495445833333e-05
TIAUSD,1757044800000,-2.718723611111e-06
TIAUSD,1757048400000,5.2748611111e-08
TIAUSD,1757052000000,7.811561111111e-06
TIAUSD,1757055600000,1.6879969444444e-05
TIAUSD,1757059200000,1.1853241666667e-05
TIAUSD,1757062800000,1.7438223611111e-05
TIAUSD,1757066400000,2.1156729166667e-05
TIAUSD,1757070000000,2.2749136111111e-05
TIAUSD,1757073600000,2.0821093055556e-05
TIAUSD,1757077200000,1.608715e-05
TIAUSD,1757080800000,6.627665277778e-06
TIAUSD,1757084400000,-1.635216666667e-06
TIAUSD,1757088000000,2.809391666667e-06
TIAUSD,1757091600000,8.01919444444e-07
TIAUSD,1757095200000,-5.684086111111e-06
TIAUSD,1757098800000,1.6298554166667e-05
TIAUSD,1757102400000,2.1875586111111e-05
TIAUSD,1757106000000,2.8596868055556e-05
TIAUSD,1757109600000,1.9262101388889e-05
TIAUSD,1757113200000,3.2208922222222e-05
TIAUSD,1757116800000,4.8830370833333e-05
TIAUSD,1757120400000,5.6123323611111e-05
TIAUSD,1757124000000,5.6972980555556e-05
TIAUSD,1757127600000,5.0646230555556e-05
TIAUSD,1757131200000,5.6971090277778e-05
TIAUSD,1757134800000,4.936275e-05
TIAUSD,1757138400000,4.3182454166667e-05
TIAUSD,1757142000000,4.2237559722222e-05
TIAUSD,1757145600000,3.2663770833333e-05
TIAUSD,1757149200000,3.3410011111111e-05
TIAUSD,1757152800000,3.5332091666667e-05
TIAUSD,1757156400000,3.9314076388889e-05
TIAUSD,1757160000000,3.2024826388889e-05
TIAUSD,1757163600000,2.9359143055556e-05
TIAUSD,1757167200000,2.8567579166667e-05
TIAUSD,1757170800000,3.3496365277778e-05
TIAUSD,1757174400000,2.3637006944444e-05
TIAUSD,1757178000000,2.55774e-05
TIAUSD,1757181600000,2.6371408333333e-05
TIAUSD,1757185200000,4.0623263888889e-05
TIAUSD,1757188800000,3.77806625e-05
TIAUSD,1757192400000,4.3164497222222e-05
TIAUSD,1757196000000,3.0676704166667e-05
TIAUSD,1757199600000,3.2523731944444e-05
TIAUSD,1757203200000,2.8442955555556e-05
TIAUSD,1757206800000,2.5252204166667e-05
TIAUSD,1757210400000,2.6733823611111e-05
TIAUSD,1757214000000,3.21780875e-05
TIAUSD,1757217600000,2.8562283333333e-05
TIAUSD,1757221200000,3.7322465277778e-05
TIAUSD,1757224800000,3.9149858333333e-05
TIAUSD,1757228400000,3.3619605555556e-05
TIAUSD,1757232000000,3.0581001388889e-05
TIAUSD,1757235600000,2.6102155555556e-05
TIAUSD,1757239200000,1.7045393055556e-05
TIAUSD,1757242800000,2.0335426388889e-05
TIAUSD,1757246400000,2.1224883333333e-05
TIAUSD,1757250000000,2.0647697222222e-05
TIAUSD,1757253600000,1.8565998611111e-05
TIAUSD,1757257200000,4.2893056944444e-05
TIAUSD,1757260800000,3.55823875e-05
TIAUSD,1757264400000,2.4630379166667e-05
TIAUSD,1757268000000,1.8460902777778e-05
TIAUSD,1757271600000,2.3684280555556e-05
TIAUSD,1757275200000,2.9182559722222e-05
TIAUSD,1757278800000,2.6683490277778e-05
TIAUSD,1757282400000,2.5259668055556e-05
TIAUSD,1757286000000,2.6458576388889e-05
TIAUSD,1757289600000,3.5709866666667e-05
TIAUSD,1757293200000,3.7871556944444e-05
TIAUSD,1757296800000,4.0574015277778e-05
TIAUSD,1757300400000,4.3986677777778e-05
TIAUSD,1757304000000,4.6567748611111e-05
TIAUSD,1757307600000,4.51980625e-05
TIAUSD,1757311200000,4.7103818055556e-05
TIAUSD,1757314800000,5.1220802777778e-05
TIAUSD,1757318400000,4.6218677777778e-05
TIAUSD,1757322000000,3.3621e-05
TIAUSD,1757325600000,2.5518902777778e-05
TIAUSD,1757329200000,4.22476e-05
TIAUSD,1757332800000,4.8582829166667e-05
TIAUSD,1757336400000,4.6309401388889e-05
TIAUSD,1757340000000,3.3007488888889e-05
TIAUSD,1757343600000,3.2588347222222e-05
TIAUSD,1757347200000,3.5770023611111e-05
TIAUSD,1757350800000,2.1654454166667e-05
TIAUSD,1757354400000,1.7802011111111e-05
TIAUSD,1757358000000,2.2534254166667e-05
TIAUSD,1757361600000,1.5159391666667e-05
TIAUSD,1757365200000,2.0886648611111e-05
TIAUSD,1757368800000,1.8547533333333e-05
TIAUSD,1757372400000,1.38675625e-05
TIAUSD,1757376000000,2.2609719444444e-05
TIAUSD,1757379600000,3.4379463888889e-05
TIAUSD,1757383200000,3.3220948611111e-05
TIAUSD,1757386800000,3.5821961111111e-05
TIAUSD,1757390400000,3.9351451388889e-05
TIAUSD,1757394000000,3.9540923611111e-05
TIAUSD,1757397600000,4.0795311111111e-05
TIAUSD,1757401200000,2.6710311111111e-05
TIAUSD,1757404800000,1.3221376388889e-05
TIAUSD,1757408400000,2.1364770833333e-05
TIAUSD,1757412000000,2.1000165277778e-05
TIAUSD,1757415600000,1.5222649193548e-05
TIAUSD,1757419200000,1.7169280913978e-05
TIAUSD,1757422800000,1.0286020833333e-05
TIAUSD,1757426400000,-5.407981944444e-06
TIAUSD,1757430000000,-2.0289354166667e-05
TIAUSD,1757433600000,-1.9711556944444e-05
TIAUSD,1757437200000,-2.7893576388889e-05
TIAUSD,1757440800000,-2.8100391666667e-05
TIAUSD,1757444400000,-3.6756023611111e-05
TIAUSD,1757448000000,-3.30463875e-05
TIAUSD,1757451600000,-6.473016666667e-06
TIAUSD,1757455200000,-1.5034086111111e-05
TIAUSD,1757458800000,-4.2753375e-06
TIAUSD,1757462400000,1.8133123611111e-05
TIAUSD,1757466000000,7.369656944444e-06
TIAUSD,1757469600000,2.98601388889e-07
TIAUSD,1757473200000,3.63131944444e-07
TIAUSD,1757476800000,3.778486111111e-06
TIAUSD,1757480400000,2.326036111111e-06
TIAUSD,1757484000000,-9.128844444444e-06
TIAUSD,1757487600000,-1.5555477777778e-05
TIAUSD,1757491200000,-2.3296057795699e-05
TIAUSD,1757494800000,-1.2935041666667e-05
TIAUSD,1757498400000,-2.2301662037037e-05
TIAUSD,1757502000000,-1.3669580555556e-05
TIAUSD,1757505600000,-1.6319419444444e-05
TIAUSD,1757509200000,-1.5782066666667e-05
TIAUSD,1757512800000,-1.6309170833333e-05
TIAUSD,1757516400000,8.539365277778e-06
TIAUSD,1757520000000,-1.631501388889e-06
TIAUSD,1757523600000,-3.801972222222e-06
TIAUSD,1757527200000,-1.1683248611111e-05
TIAUSD,1757530800000,-1.0476006944444e-05
TIAUSD,1757534400000,-1.9595631944444e-05
TIAUSD,1757538000000,-1.0739897222222e-05
TIAUSD,1757541600000,-2.754498611111e-06
TIAUSD,1757545200000,-5.716765277778e-06
TIAUSD,1757548800000,-6.848679166667e-06
TIAUSD,1757552400000,-7.370752777778e-06
TIAUSD,1757556000000,-1.0535558333333e-05
TIAUSD,1757559600000,1.861044444444e-06
TIAUSD,1757563200000,2.9369741666667e-05
TIAUSD,1757566800000,1.35812375e-05
TIAUSD,1757570400000,8.459825e-06
TIAUSD,1757574000000,6.248163888889e-06
TIAUSD,1757577600000,2.1716638392857e-05
TIAUSD,1757581200000,2.7667372222222e-05
TIAUSD,1757584800000,9.759916666667e-06
TIAUSD,1757588400000,2.2105326388889e-05
TIAUSD,1757592000000,1.6603409722222e-05
TIAUSD,1757595600000,1.4527605555556e-05
TIAUSD,1757599200000,2.4413840277778e-05
TIAUSD,1757602800000,1.6638352777778e-05
TIAUSD,1757606400000,4.12313888889e-07
TIAUSD,1757610000000,1.903359722222e-06
TIAUSD,1757613600000,1.5230105555556e-05
TIAUSD,1757617200000,1.60206e-05
TIAUSD,1757620800000,1.0366266666667e-05
TIAUSD,1757624400000,1.1416383333333e-05
TIAUSD,1757628000000,1.1024098611111e-05
TIAUSD,1757631600000,7.153613888889e-06
TIAUSD,1757635200000,1.6385179166667e-05
TIAUSD,1757638800000,1.0554294444444e-05
TIAUSD,1757642400000,1.0056697222222e-05
TIAUSD,1757646000000,1.3029865277778e-05
TIAUSD,1757649600000,3.7877893055556e-05
TIAUSD,1757653200000,3.6966265277778e-05
TIAUSD,1757656800000,3.11067875e-05
TIAUSD,1757660400000,2.7870920833333e-05
TIAUSD,1757664000000,4.0994518055556e-05
TIAUSD,1757667600000,2.1635633333333e-05
TIAUSD,1757671200000,8.10734722222e-07
TIAUSD,1757674800000,1.0077013888889e-05
TIAUSD,1757678400000,1.4598345833333e-05
TIAUSD,1757682000000,1.3751230555556e-05
TIAUSD,1757685600000,3.414272222222e-06
TIAUSD,1757689200000,3.974145833333e-06
TIAUSD,1757692800000,-1.2489584722222e-05
TIAUSD,1757696400000,-1.0757701388889e-05
TIAUSD,1757700000000,3.768040277778e-06
TIAUSD,1757703600000,1.860008333333e-06
TIAUSD,1757707200000,8.937831944444e-06
TIAUSD,1757710800000,8.609775e-06
TIAUSD,1757714400000,1.1434798611111e-05
TIAUSD,1757718000000,1.4824411111111e-05
TIAUSD,1757721600000,2.4807823611111e-05
TIAUSD,1757725200000,1.7049397222222e-05
TIAUSD,1757728800000,1.5811955555556e-05
TIAUSD,1757732400000,1.8304234722222e-05
TIAUSD,1757736000000,2.6778395833333e-05
TIAUSD,1757739600000,1.49206e-05
TIAUSD,1757743200000,1.22827875e-05
TIAUSD,1757746800000,1.1248408333333e-05
TIAUSD,1757750400000,1.0704740277778e-05
TIAUSD,1757754000000,1.9455973611111e-05
TIAUSD,1757757600000,1.5964419444444e-05
TIAUSD,1757761200000,3.0233864247312e-05
TIAUSD,1757764800000,2.9932126344086e-05
TIAUSD,1757768400000,2.6798845833333e-05
TIAUSD,1757772000000,4.2398745833333e-05
TIAUSD,1757775600000,4.5574333333333e-05
TIAUSD,1757779200000,4.2874929166667e-05
TIAUSD,1757782800000,2.8765204166667e-05
TIAUSD,1757786400000,4.6295248611111e-05
TIAUSD,1757790000000,4.2456891666667e-05
TIAUSD,1757793600000,3.24311375e-05
TIAUSD,1757797200000,3.4504483333333e-05
TIAUSD,1757800800000,3.8270627777778e-05
TIAUSD,1757804400000,3.6251958333333e-05
TIAUSD,1757808000000,3.65164625e-05
TIAUSD,1757811600000,3.5883943055556e-05
TIAUSD,1757815200000,4.6269052777778e-05
TIAUSD,1757818800000,3.9700102777778e-05
TIAUSD,1757822400000,2.9381205555556e-05
TIAUSD,1757826000000,3.2314477777778e-05
TIAUSD,1757829600000,3.2857920833333e-05
TIAUSD,1757833200000,2.8091461111111e-05
TIAUSD,1757836800000,2.9361873611111e-05
TIAUSD,1757840400000,2.5806822222222e-05
TIAUSD,1757844000000,3.1923576388889e-05
TIAUSD,1757847600000,2.7765259722222e-05
TIAUSD,1757851200000,1.7961643055556e-05
TIAUSD,1757854800000,2.4872801388889e-05
TIAUSD,1757858400000,2.3592827777778e-05
TIAUSD,1757862000000,2.7647509722222e-05
TIAUSD,1757865600000,1.5580079166667e-05
TIAUSD,1757869200000,1.2311004166667e-05
TIAUSD,1757872800000,1.1199480555556e-05
TIAUSD,1757876400000,1.8444002777778e-05
TIAUSD,1757880000000,2.2652623611111e-05
TIAUSD,1757883600000,2.0458633064516e-05
TIAUSD,1757887200000,2.0848930107527e-05
TIAUSD,1757890800000,1.4638072222222e-05
TIAUSD,1757894400000,1.2128270833333e-05
TIAUSD,1757898000000,1.7173052777778e-05
TIAUSD,1757901600000,1.6826815277778e-05
TIAUSD,1757905200000,1.9619076388889e-05
TIAUSD,1757908800000,3.4699331944444e-05
TIAUSD,1757912400000,2.2585119444444e-05
TIAUSD,1757916000000,2.2148425e-05
TIAUSD,1757919600000,1.4695395833333e-05
TIAUSD,1757923200000,1.8228004166667e-05
TIAUSD,1757926800000,8.189772222222e-06
TIAUSD,1757930400000,1.1098416666667e-05
TIAUSD,1757934000000,2.863984722222e-06
TIAUSD,1757937600000,7.3436375e-06
TIAUSD,1757941200000,7.871431944444e-06
TIAUSD,1757944800000,-2.740227777778e-06
TIAUSD,1757948400000,-2.024627777778e-06
TIAUSD,1757952000000,1.389852777778e-06
TIAUSD,1757955600000,5.00470833333e-07
TIAUSD,1757959200000,-5.991241666667e-06
TIAUSD,1757962800000,-6.292051388889e-06
TIAUSD,1757966400000,-3.193336111111e-06
TIAUSD,1757970000000,-6.72508333333e-07
TIAUSD,1757973600000,-6.4285375e-06
TIAUSD,1757977200000,-4.058086111111e-06
TIAUSD,1757980800000,4.489958333333e-06
TIAUSD,1757984400000,5.1952944444444e-05
TIAUSD,1757988000000,4.49406125e-05
TIAUSD,1757991600000,3.28141375e-05
TIAUSD,1757995200000,3.1569108333333e-05
TIAUSD,1757998800000,2.64050125e-05
TIAUSD,1758002400000,3.2659127777778e-05
TIAUSD,1758006000000,1.9995933333333e-05
TIAUSD,1758009600000,1.8427958333333e-05
TIAUSD,1758013200000,1.6532157986111e-05
TIAUSD,1758016800000,1.5926825e-05
TIAUSD,1758020400000,1.1623895833333e-05
TIAUSD,1758024000000,1.5267456944444e-05
TIAUSD,1758027600000,4.8559781944444e-05
TIAUSD,1758031200000,3.3420691666667e-05
TIAUSD,1758034800000,2.7440198611111e-05
TIAUSD,1758038400000,1.84300625e-05
TIAUSD,1758042000000,1.0102158333333e-05
TIAUSD,1758045600000,8.954788888889e-06
TIAUSD,1758049200000,1.7837880555556e-05
TIAUSD,1758052800000,1.9525719444444e-05
TIAUSD,1758056400000,1.5594880555556e-05
TIAUSD,1758060000000,2.03700375e-05
TIAUSD,1758063600000,2.6664490277778e-05
TIAUSD,1758067200000,2.2208116666667e-05
TIAUSD,1758070800000,2.4700536111111e-05
TIAUSD,1758074400000,2.4102522222222e-05
TIAUSD,1758078000000,2.7445334722222e-05
TIAUSD,1758081600000,1.8751901388889e-05
TIAUSD,1758085200000,1.5711272222222e-05
TIAUSD,1758088800000,2.3312422222222e-05
TIAUSD,1758092400000,2.4012604166667e-05
TIAUSD,1758096000000,2.0958220833333e-05
TIAUSD,1758099600000,2.0950781944444e-05
TIAUSD,1758103200000,2.3196715277778e-05
TIAUSD,1758106800000,2.1016865277778e-05
TIAUSD,1758110400000,1.9020536111111e-05
TIAUSD,1758114000000,2.1052145833333e-05
TIAUSD,1758117600000,1.1286602777778e-05
TIAUSD,1758121200000,9.864206944444e-06
TIAUSD,1758124800000,4.4008577777778e-05
TIAUSD,1758128400000,3.7637627777778e-05
TIAUSD,1758132000000,3.6566288888889e-05
TIAUSD,1758135600000,2.6089575e-05
TIAUSD,1758139200000,2.0481365277778e-05
TIAUSD,1758142800000,1.5605015277778e-05
TIAUSD,1758146400000,3.4588490277778e-05
TIAUSD,1758150000000,3.4556036111111e-05
TIAUSD,1758153600000,4.2601829166667e-05
TIAUSD,1758157200000,3.6024008333333e-05
TIAUSD,1758160800000,3.5352711111111e-05
TIAUSD,1758164400000,2.7136952777778e-05
TIAUSD,1758168000000,3.6217473611111e-05
TIAUSD,1758171600000,3.7500097222222e-05
TIAUSD,1758175200000,2.9340301388889e-05
TIAUSD,1758178800000,4.3091493055556e-05
TIAUSD,1758182400000,5.6863655555556e-05
TIAUSD,1758186000000,4.9591027777778e-05
TIAUSD,1758189600000,3.5842619444444e-05
TIAUSD,1758193200000,4.14641e-05
TIAUSD,1758196800000,4.2882163888889e-05
TIAUSD,1758200400000,5.5431209722222e-05
TIAUSD,1758204000000,4.0771605555556e-05
TIAUSD,1758207600000,3.6794144444444e-05
TIAUSD,1758211200000,4.2607568055556e-05
TIAUSD,1758214800000,4.2955833333333e-05
TIAUSD,1758218400000,5.0225536111111e-05
TIAUSD,1758222000000,5.5010109722222e-05
TIAUSD,1758225600000,4.9140463888889e-05
TIAUSD,1758229200000,5.7907083333333e-05
TIAUSD,1758232800000,5.2776726388889e-05
TIAUSD,1758236400000,5.4791279166667e-05
TIAUSD,1758240000000,5.9328680555556e-05
TIAUSD,1758243600000,5.0865e-05
TIAUSD,1758247200000,3.4473341666667e-05
TIAUSD,1758250800000,3.6167386111111e-05
TIAUSD,1758254400000,4.0820129166667e-05
TIAUSD,1758258000000,5.9273670833333e-05
TIAUSD,1758261600000,5.5710947222222e-05
TIAUSD,1758265200000,5.32972625e-05
TIAUSD,1758268800000,4.1856056944444e-05
TIAUSD,1758272400000,4.0029480555556e-05
TIAUSD,1758276000000,3.9804416666667e-05
TIAUSD,1758279600000,3.6320533333333e-05
TIAUSD,1758283200000,3.3368840277778e-05
TIAUSD,1758286800000,3.7766086111111e-05
TIAUSD,1758290400000,3.3082468055556e-05
TIAUSD,1758294000000,2.6490830555556e-05
TIAUSD,1758297600000,2.5827394444444e-05
TIAUSD,1758301200000,3.2498680555556e-05
TIAUSD,1758304800000,3.1669661111111e-05
TIAUSD,1758308400000,3.7374523611111e-05
TIAUSD,1758312000000,3.6136863888889e-05
TIAUSD,1758315600000,3.4034805555556e-05
TIAUSD,1758319200000,3.6101205555556e-05
TIAUSD,1758322800000,2.7765919444444e-05
TIAUSD,1758326400000,2.9159001388889e-05
TIAUSD,1758330000000,3.4089725e-05
TIAUSD,1758333600000,3.7271640277778e-05
TIAUSD,1758337200000,3.2325618055556e-05
TIAUSD,1758340800000,3.96838125e-05
TIAUSD,1758344400000,3.8264038888889e-05
TIAUSD,1758348000000,3.2350230555556e-05
TIAUSD,1758351600000,2.3277090277778e-05
TIAUSD,1758355200000,1.97680875e-05
TIAUSD,1758358800000,1.4476954166667e-05
TIAUSD,1758362400000,1.4104108333333e-05
TIAUSD,1758366000000,1.9047813888889e-05
TIAUSD,1758369600000,2.5737102777778e-05
TIAUSD,1758373200000,2.2977798611111e-05
TIAUSD,1758376800000,2.7931486111111e-05
TIAUSD,1758380400000,2.9117026388889e-05
TIAUSD,1758384000000,2.6786326388889e-05
TIAUSD,1758387600000,2.4530904166667e-05
TIAUSD,1758391200000,2.3059465277778e-05
TIAUSD,1758394800000,2.3423669444444e-05
TIAUSD,1758398400000,2.7489513888889e-05
TIAUSD,1758402000000,3.34832e-05
TIAUSD,1758405600000,2.7319076388889e-05
TIAUSD,1758409200000,2.0957727777778e-05
TIAUSD,1758412800000,2.0315281944444e-05
TIAUSD,1758416400000,3.15071625e-05
TIAUSD,1758420000000,3.6501593055556e-05
TIAUSD,1758423600000,3.7229934722222e-05
TIAUSD,1758427200000,4.8599029166667e-05
TIAUSD,1758430800000,4.2355791666667e-05
TIAUSD,1758434400000,4.6387444444444e-05
TIAUSD,1758438000000,3.7593770833333e-05
TIAUSD,1758441600000,3.6719027777778e-05
TIAUSD,1758445200000,2.9234138888889e-05
TIAUSD,1758448800000,2.5050438888889e-05
TIAUSD,1758452400000,2.6641798611111e-05
TIAUSD,1758456000000,3.04500375e-05
TIAUSD,1758459600000,4.0411741666667e-05
TIAUSD,1758463200000,3.6021144444444e-05
TIAUSD,1758466800000,3.0814404166667e-05
TIAUSD,1758470400000,3.2316920833333e-05
TIAUSD,1758474000000,3.2242388888889e-05
TIAUSD,1758477600000,3.8146244444444e-05
TIAUSD,1758481200000,4.1670305555556e-05
TIAUSD,1758484800000,4.2001626388889e-05
TIAUSD,1758488400000,4.2029466666667e-05
TIAUSD,1758492000000,3.9175570833333e-05
TIAUSD,1758495600000,3.3304331944444e-05
TIAUSD,1758499200000,2.5230511111111e-05
TIAUSD,1758502800000,1.7747641666667e-05
TIAUSD,1758506400000,-9.871666666667e-06
TIAUSD,1758510000000,-1.4777613888889e-05
TIAUSD,1758513600000,-7.737419444444e-06
TIAUSD,1758517200000,-8.7548611111e-08
TIAUSD,1758520800000,1.1133477777778e-05
TIAUSD,1758524400000,-9.554119444444e-06
TIAUSD,1758528000000,-2.1311409722222e-05
TIAUSD,1758531600000,-1.4661972222222e-05
TIAUSD,1758535200000,-2.9792572222222e-05
TIAUSD,1758538800000,-2.6147704166667e-05
TIAUSD,1758542400000,-2.7081448611111e-05
TIAUSD,1758546000000,-3.4635094444444e-05
TIAUSD,1758549600000,-3.1666083333333e-05
TIAUSD,1758553200000,-3.5610916666667e-05
TIAUSD,1758556800000,-2.9490491666667e-05
TIAUSD,1758560400000,-1.3684098611111e-05
TIAUSD,1758564000000,-1.3457991666667e-05
TIAUSD,1758567600000,-1.1555119444444e-05
TIAUSD,1758571200000,-6.196794444444e-06
TIAUSD,1758574800000,-4.228934722222e-06
TIAUSD,1758578400000,-2.466305e-05
TIAUSD,1758582000000,-4.7767275e-05
TIAUSD,1758585600000,-2.4818154166667e-05
TIAUSD,1758589200000,-1.7937559722222e-05
TIAUSD,1758592800000,-8.5174625e-06
TIAUSD,1758596400000,-1.0729036111111e-05
TIAUSD,1758600000000,-2.749241666667e-06
TIAUSD,1758603600000,-1.6201429166667e-05
TIAUSD,1758607200000,-2.670002777778e-06
TIAUSD,1758610800000,-7.137434722222e-06
TIAUSD,1758614400000,-1.1282111111111e-05
TIAUSD,1758618000000,-8.997965277778e-06
TIAUSD,1758621600000,-1.6638363888889e-05
TIAUSD,1758625200000,-1.5084241666667e-05
TIAUSD,1758628800000,-1.5597070833333e-05
TIAUSD,1758632400000,-1.2329666666667e-05
TIAUSD,1758636000000,-8.758276388889e-06
TIAUSD,1758639600000,-1.0101772222222e-05
TIAUSD,1758643200000,-1.09688875e-05
TIAUSD,1758646800000,-2.133402777778e-06
TIAUSD,1758650400000,-1.9556683333333e-05
TIAUSD,1758654000000,-6.966936111111e-06
TIAUSD,1758657600000,1.664847222222e-06
TIAUSD,1758661200000,6.514625e-07
TIAUSD,1758664800000,-2.523819444444e-06
TIAUSD,1758668400000,-5.419829166667e-06
TIAUSD,1758672000000,1.633706944444e-06
TIAUSD,1758675600000,5.260123611111e-06
TIAUSD,1758679200000,5.861248611111e-06
TIAUSD,1758682800000,2.8445e-07
TIAUSD,1758686400000,-9.058995833333e-06
TIAUSD,1758690000000,-7.904576388889e-06
TIAUSD,1758693600000,1.9838734722222e-05
TIAUSD,1758697200000,1.9873904166667e-05
TIAUSD,1758700800000,1.0432041666667e-05
TIAUSD,1758704400000,1.3826551388889e-05
TIAUSD,1758708000000,1.19059625e-05
TIAUSD,1758711600000,6.805661111111e-06
TIAUSD,1758715200000,-1.4844472222222e-05
TIAUSD,1758718800000,2.6369359722222e-05
TIAUSD,1758722400000,2.5604725e-05
TIAUSD,1758726000000,1.9954218055556e-05
TIAUSD,1758729600000,9.35293055556e-07
TIAUSD,1758733200000,-4.53005555556e-07
TIAUSD,1758736800000,3.128465277778e-06
TIAUSD,1758740400000,-3.949159722222e-06
TIAUSD,1758744000000,-5.89465277778e-07
TIAUSD,1758747600000,1.1127644444444e-05
TIAUSD,1758751200000,5.784179166667e-06
TIAUSD,1758754800000,4.797194444444e-06
TIAUSD,1758758400000,4.034286111111e-06
TIAUSD,1758762000000,-7.718954166667e-06
TIAUSD,1758765600000,-9.202630555556e-06
TIAUSD,1758769200000,2.31034722222e-07
TIAUSD,1758772800000,-1.727956944444e-06
TIAUSD,1758776400000,8.66669444444e-07
TIAUSD,1758780000000,7.268336111111e-06
TIAUSD,1758783600000,2.791313888889e-06
TIAUSD,1758787200000,8.165017628205e-06
TIAUSD,1758790800000,6.672155555556e-06
TIAUSD,1758794400000,8.454811111111e-06
TIAUSD,1758798000000,1.3117838888889e-05
TIAUSD,1758801600000,7.179127777778e-06
TIAUSD,1758805200000,6.602138888889e-06
TIAUSD,1758808800000,-9.06906944444e-07
TIAUSD,1758812400000,-5.292120833333e-06
TIAUSD,1758816000000,-1.0828227777778e-05
TIAUSD,1758819600000,-1.1993766666667e-05
TIAUSD,1758823200000,-9.938194444444e-06
TIAUSD,1758826800000,-1.1121319444444e-05
TIAUSD,1758830400000,-2.0405556944444e-05
TIAUSD,1758834000000,-2.5212041666667e-05
TIAUSD,1758837600000,-2.4948426388889e-05
TIAUSD,1758841200000,-2.4934077777778e-05
TIAUSD,1758844800000,-1.3358922222222e-05
TIAUSD,1758848400000,-1.6881480555556e-05
TIAUSD,1758852000000,-2.5113477777778e-05
TIAUSD,1758855600000,-1.9185441666667e-05
TIAUSD,1758859200000,-8.697152777778e-06
TIAUSD,1758862800000,-1.0884683333333e-05
TIAUSD,1758866400000,4.546972222222e-06
TIAUSD,1758870000000,-5.722429166667e-06
TIAUSD,1758873600000,-1.4325693452381e-05
TIAUSD,1758877200000,-1.30596625e-05
TIAUSD,1758880800000,-2.4196090277778e-05
TIAUSD,1758884400000,-1.7424680555556e-05
TIAUSD,1758888000000,-8.190726388889e-06
TIAUSD,1758891600000,-8.761070833333e-06
TIAUSD,1758895200000,-1.0309070833333e-05
TIAUSD,1758898800000,-1.4075966666667e-05
TIAUSD,1758902400000,-1.4830166666667e-05
TIAUSD,1758906000000,-3.864311111111e-06
TIAUSD,1758909600000,-2.2366065277778e-05
TIAUSD,1758913200000,-3.2938140277778e-05
TIAUSD,1758916800000,-1.3699933333333e-05
TIAUSD,1758920400000,-7.389023148148e-06
TIAUSD,1758924000000,1.732980555556e-06
TIAUSD,1758927600000,-9.7788888889e-08
TIAUSD,1758931200000,-1.2189370833333e-05
TIAUSD,1758934800000,-8.913654166667e-06
TIAUSD,1758938400000,-5.383311111111e-06
TIAUSD,1758942000000,-6.477e-06
TIAUSD,1758945600000,-7.660568055556e-06
TIAUSD,1758949200000,-5.68135e-06
TIAUSD,1758952800000,-3.415280555556e-06
TIAUSD,1758956400000,-1.616536111111e-06
TIAUSD,1758960000000,4.192570833333e-06
TIAUSD,1758963600000,1.0051309722222e-05
TIAUSD,1758967200000,1.0464586111111e-05
TIAUSD,1758970800000,1.2744663888889e-05
TIAUSD,1758974400000,1.3179575e-05
TIAUSD,1758978000000,1.25615625e-05
TIAUSD,1758981600000,1.1763226388889e-05
TIAUSD,1758985200000,6.939081944444e-06
TIAUSD,1758988800000,-1.934026388889e-06
TIAUSD,1758992400000,-1.1123247222222e-05
TIAUSD,1758996000000,-7.849766666667e-06
TIAUSD,1758999600000,-2.391316666667e-06
TIAUSD,1759003200000,-3.659466666667e-06
TIAUSD,1759006800000,-9.57179166667e-07
TIAUSD,1759010400000,9.658275e-06
TIAUSD,1759014000000,5.984536111111e-06
TIAUSD,1759017600000,2.455918055556e-06
TIAUSD,1759021200000,-4.511797222222e-06
TIAUSD,1759024800000,-6.739733333333e-06
TIAUSD,1759028400000,-4.421386111111e-06
TIAUSD,1759032000000,-2.122333333333e-06
TIAUSD,1759035600000,-1.4697815277778e-05
TIAUSD,1759039200000,-1.5572827777778e-05
TIAUSD,1759042800000,-9.049663888889e-06
TIAUSD,1759046400000,-3.656094444444e-06
TIAUSD,1759050000000,-4.584648611111e-06
TIAUSD,1759053600000,-1.945591666667e-06
TIAUSD,1759057200000,7.360702777778e-06
TIAUSD,1759060800000,9.447930555556e-06
TIAUSD,1759064400000,-3.530934722222e-06
TIAUSD,1759068000000,-1.2951033333333e-05
TIAUSD,1759071600000,-1.8786180555556e-05
TIAUSD,1759075200000,-1.7151094444444e-05
TIAUSD,1759078800000,8.27594444444e-07
TIAUSD,1759082400000,8.318083333333e-06
TIAUSD,1759086000000,1.0542309722222e-05
TIAUSD,1759089600000,1.3939201388889e-05
TIAUSD,1759093200000,1.8584809722222e-05
TIAUSD,1759096800000,1.3910086111111e-05
TIAUSD,1759100400000,1.0145177777778e-05
TIAUSD,1759104000000,1.1129802777778e-05
TIAUSD,1759107600000,3.547901388889e-06
TIAUSD,1759111200000,2.6160875e-06
TIAUSD,1759114800000,6.10465e-06
TIAUSD,1759118400000,7.41090277778e-07
TIAUSD,1759122000000,-1.3347552777778e-05
TIAUSD,1759125600000,-7.443125e-06
TIAUSD,1759129200000,-9.099854166667e-06
TIAUSD,1759132800000,3.74056944444e-07
TIAUSD,1759136400000,1.1045048611111e-05
TIAUSD,1759140000000,1.0667958333333e-05
TIAUSD,1759143600000,5.617615277778e-06
TIAUSD,1759147200000,7.288022222222e-06
TIAUSD,1759150800000,-6.79411111111e-07
TIAUSD,1759154400000,-6.736375e-06
TIAUSD,1759158000000,-6.660236111111e-06
TIAUSD,1759161600000,-1.5162741666667e-05
TIAUSD,1759165200000,-1.6216108333333e-05
TIAUSD,1759168800000,-3.309131944444e-06
TIAUSD,1759172400000,-1.0527322222222e-05
TIAUSD,1759176000000,-4.960638888889e-06
TIAUSD,1759179600000,-1.0199566666667e-05
TIAUSD,1759183200000,-1.5293513888889e-05
TIAUSD,1759186800000,-8.035230555556e-06
TIAUSD,1759190400000,6.15898611111e-07
TIAUSD,1759194000000,-9.9761111111e-08
TIAUSD,1759197600000,-8.66683333333e-07
TIAUSD,1759201200000,5.55588888889e-07
TIAUSD,1759204800000,1.0581484722222e-05
TIAUSD,1759208400000,8.531159722222e-06
TIAUSD,1759212000000,1.1840470833333e-05
TIAUSD,1759215600000,1.3337984722222e-05
TIAUSD,1759219200000,1.0225851388889e-05
TIAUSD,1759222800000,2.0245202777778e-05
TIAUSD,1759226400000,1.6392725e-05
TIAUSD,1759230000000,2.0866418055556e-05
TIAUSD,1759233600000,1.5812802777778e-05
TIAUSD,1759237200000,1.2559522222222e-05
TIAUSD,1759240800000,2.655365277778e-06
TIAUSD,1759244400000,9.939031944444e-06
TIAUSD,1759248000000,2.557327777778e-06
TIAUSD,1759251600000,6.42327777778e-07
TIAUSD,1759255200000,9.297120833333e-06
TIAUSD,1759258800000,9.662922222222e-06
TIAUSD,1759262400000,1.6377243055556e-05
TIAUSD,1759266000000,1.4586475e-05
TIAUSD,1759269600000,8.478248611111e-06
TIAUSD,1759273200000,7.825893055556e-06
TIAUSD,1759276800000,2.0552875e-05
TIAUSD,1759280400000,1.9141123611111e-05
TIAUSD,1759284000000,3.8508015277778e-05
TIAUSD,1759287600000,3.4776018055556e-05
TIAUSD,1759291200000,3.07060875e-05
TIAUSD,1759294800000,3.3836841666667e-05
TIAUSD,1759298400000,3.4667370833333e-05
TIAUSD,1759302000000,2.8930029166667e-05
TIAUSD,1759305600000,3.5245975e-05
TIAUSD,1759309200000,3.5241556944444e-05
TIAUSD,1759312800000,2.5464044444444e-05
TIAUSD,1759316400000,1.8801711111111e-05
TIAUSD,1759320000000,2.077915e-05
TIAUSD,1759323600000,1.2701027777778e-05
TIAUSD,1759327200000,1.5087041666667e-05
TIAUSD,1759330800000,3.6409570833333e-05
TIAUSD,1759334400000,3.3579466666667e-05
TIAUSD,1759338000000,2.4623619444444e-05
TIAUSD,1759341600000,8.918122222222e-06
TIAUSD,1759345200000,-1.2600152777778e-05
TIAUSD,1759348800000,9.469388888889e-06
TIAUSD,1759352400000,9.593183333333e-06
TIAUSD,1759356000000,1.299e-06
TIAUSD,1759359600000,-5.102611111111e-06
TIAUSD,1759363200000,9.003052777778e-06
TIAUSD,1759366800000,3.06205625e-05
TIAUSD,1759370400000,4.1166558333333e-05
TIAUSD,1759374000000,3.0261838888889e-05
TIAUSD,1759377600000,1.2037004166667e-05
TIAUSD,1759381200000,1.2303958333333e-05
TIAUSD,1759384800000,1.2763647222222e-05
TIAUSD,1759388400000,1.3375634722222e-05
TIAUSD,1759392000000,8.856641369048e-06
TIAUSD,1759395600000,7.648334722222e-06
TIAUSD,1759399200000,7.876220833333e-06
TIAUSD,1759402800000,1.9510004032258e-05
TIAUSD,1759406400000,2.3453909946237e-05
TIAUSD,1759410000000,1.8830190277778e-05
TIAUSD,1759413600000,1.5279413888889e-05
TIAUSD,1759417200000,8.4648125e-06
TIAUSD,1759420800000,2.892079166667e-06
TIAUSD,1759424400000,2.429623611111e-06
TIAUSD,1759428000000,3.895327777778e-06
TIAUSD,1759431600000,8.288383333333e-06
TIAUSD,1759435200000,3.580618055556e-06
TIAUSD,1759438800000,9.846206944444e-06
TIAUSD,1759442400000,1.7140479166667e-05
TIAUSD,1759446000000,1.4853359722222e-05
TIAUSD,1759449600000,2.2355868055556e-05
TIAUSD,1759453200000,2.9448815277778e-05
TIAUSD,1759456800000,3.4337784722222e-05
TIAUSD,1759460400000,2.3604045833333e-05
TIAUSD,1759464000000,1.7187904166667e-05
TIAUSD,1759467600000,2.0133602777778e-05
TIAUSD,1759471200000,1.6988895833333e-05
TIAUSD,1759474800000,2.5895961111111e-05
TIAUSD,1759478400000,2.3398694444444e-05
TIAUSD,1759482000000,2.6280713888889e-05
TIAUSD,1759485600000,2.6989533333333e-05
TIAUSD,1759489200000,2.9498755555556e-05
TIAUSD,1759492800000,3.4816406944444e-05
TIAUSD,1759496400000,3.7008281944444e-05
TIAUSD,1759500000000,2.9330084722222e-05
TIAUSD,1759503600000,2.1042923611111e-05
TIAUSD,1759507200000,1.0409744444444e-05
TIAUSD,1759510800000,1.3164552777778e-05
TIAUSD,1759514400000,2.6012701388889e-05
TIAUSD,1759518000000,2.4435556944444e-05
TIAUSD,1759521600000,2.1566445833333e-05
TIAUSD,1759525200000,2.0808188888889e-05
TIAUSD,1759528800000,2.7461173611111e-05
TIAUSD,1759532400000,3.2901226388889e-05
TIAUSD,1759536000000,3.7339451388889e-05
TIAUSD,1759539600000,3.5429986111111e-05
TIAUSD,1759543200000,4.0979768055556e-05
TIAUSD,1759546800000,4.7893027777778e-05
TIAUSD,1759550400000,4.4757163888889e-05
TIAUSD,1759554000000,4.9503465277778e-05
TIAUSD,1759557600000,4.9346836111111e-05
TIAUSD,1759561200000,5.1508290277778e-05
TIAUSD,1759564800000,5.0257181944444e-05
TIAUSD,1759568400000,4.0724233333333e-05
TIAUSD,1759572000000,2.589385e-05
TIAUSD,1759575600000,2.6925309722222e-05
TIAUSD,1759579200000,3.0267981944444e-05
TIAUSD,1759582800000,2.6096466666667e-05
TIAUSD,1759586400000,2.9384604166667e-05
TIAUSD,1759590000000,2.871015e-05
TIAUSD,1759593600000,3.15039e-05
TIAUSD,1759597200000,3.2239855555556e-05
TIAUSD,1759600800000,3.7156229166667e-05
TIAUSD,1759604400000,3.83697375e-05
TIAUSD,1759608000000,3.17188875e-05
TIAUSD,1759611600000,2.9662848611111e-05
TIAUSD,1759615200000,3.9019384722222e-05
TIAUSD,1759618800000,2.9886840277778e-05
TIAUSD,1759622400000,2.4488811111111e-05
TIAUSD,1759626000000,9.210448611111e-06
TIAUSD,1759629600000,6.83698655914e-06
TIAUSD,1759633200000,9.755387096774e-06
TIAUSD,1759636800000,2.6897273611111e-05
TIAUSD,1759640400000,3.2968101388889e-05
TIAUSD,1759644000000,4.1721181944444e-05
TIAUSD,1759647600000,3.4391308333333e-05
TIAUSD,1759651200000,3.6687094444444e-05
TIAUSD,1759654800000,2.6384508333333e-05
TIAUSD,1759658400000,2.1838168055556e-05
TIAUSD,1759662000000,3.613015e-05
TIAUSD,1759665600000,4.8040790277778e-05
TIAUSD,1759669200000,3.7705152777778e-05
TIAUSD,1759672800000,3.1433079166667e-05
TIAUSD,1759676400000,3.4583375e-05
TIAUSD,1759680000000,3.5793884722222e-05
TIAUSD,1759683600000,2.7642919444444e-05
TIAUSD,1759687200000,2.1469490277778e-05
TIAUSD,1759690800000,2.4668488888889e-05
TIAUSD,1759694400000,1.7279109722222e-05
TIAUSD,1759698000000,1.4021715277778e-05
TIAUSD,1759701600000,1.2676915277778e-05
TIAUSD,1759705200000,8.702038888889e-06
TIAUSD,1759708800000,8.803616666667e-06
TIAUSD,1759712400000,7.490077777778e-06
TIAUSD,1759716000000,1.9044976388889e-05
TIAUSD,1759719600000,1.4681088888889e-05
TIAUSD,1759723200000,1.6518252777778e-05
TIAUSD,1759726800000,1.01109625e-05
TIAUSD,1759730400000,1.49581125e-05
TIAUSD,1759734000000,2.3140718055556e-05
TIAUSD,1759737600000,1.3824405555556e-05
TIAUSD,1759741200000,4.032519444444e-06
TIAUSD,1759744800000,-3.762340277778e-06
TIAUSD,1759748400000,-1.1077177777778e-05
TIAUSD,1759752000000,4.913676388889e-06
TIAUSD,1759755600000,6.500029166667e-06
TIAUSD,1759759200000,4.433806944444e-06
TIAUSD,1759762800000,1.28994e-05
TIAUSD,1759766400000,1.3375556944444e-05
TIAUSD,1759770000000,5.679722222222e-06
TIAUSD,1759773600000,1.8696420833333e-05
TIAUSD,1759777200000,1.8454044444444e-05
TIAUSD,1759780800000,1.6255165277778e-05
TIAUSD,1759784400000,2.3639630555556e-05
TIAUSD,1759788000000,3.2375176388889e-05
TIAUSD,1759791600000,3.4599894444444e-05
TIAUSD,1759795200000,5.1218973611111e-05
TIAUSD,1759798800000,5.4219538888889e-05
TIAUSD,1759802400000,5.2434459722222e-05
TIAUSD,1759806000000,5.1436018055556e-05
TIAUSD,1759809600000,4.6274581944444e-05
TIAUSD,1759813200000,3.9724256944444e-05
TIAUSD,1759816800000,3.4868545833333e-05
TIAUSD,1759820400000,3.1346168055556e-05
TIAUSD,1759824000000,3.3056270833333e-05
TIAUSD,1759827600000,3.3661261111111e-05
TIAUSD,1759831200000,3.4695738888889e-05
TIAUSD,1759834800000,3.6073922222222e-05
TIAUSD,1759838400000,4.2052511111111e-05
TIAUSD,1759842000000,4.3024430555556e-05
TIAUSD,1759845600000,3.8926045833333e-05
TIAUSD,1759849200000,3.5540766666667e-05
TIAUSD,1759852800000,2.4115615277778e-05
TIAUSD,1759856400000,1.8862011111111e-05
TIAUSD,1759860000000,1.6679136111111e-05
TIAUSD,1759863600000,1.1441763888889e-05
TIAUSD,1759867200000,9.829530555556e-06
TIAUSD,1759870800000,7.614840277778e-06
TIAUSD,1759874400000,6.352773611111e-06
TIAUSD,1759878000000,1.2753361111111e-05
TIAUSD,1759881600000,1.9618830555556e-05
TIAUSD,1759885200000,2.9330801388889e-05
TIAUSD,1759888800000,1.8495572222222e-05
TIAUSD,1759892400000,2.18398875e-05
TIAUSD,1759896000000,1.6749313888889e-05
TIAUSD,1759899600000,3.2202805555556e-05
TIAUSD,1759903200000,1.3230304166667e-05
TIAUSD,1759906800000,1.6080945833333e-05
TIAUSD,1759910400000,1.64741375e-05
TIAUSD,1759914000000,2.2477620833333e-05
TIAUSD,1759917600000,1.5705951388889e-05
TIAUSD,1759921200000,1.5020938888889e-05
TIAUSD,1759924800000,5.085909722222e-06
TIAUSD,1759928400000,2.876241666667e-06
TIAUSD,1759932000000,6.408104166667e-06
TIAUSD,1759935600000,1.1182145833333e-05
TIAUSD,1759939200000,1.9954305555556e-05
TIAUSD,1759942800000,2.6558609722222e-05
TIAUSD,1759946400000,4.49222e-05
TIAUSD,1759950000000,5.3808615277778e-05
TIAUSD,1759953600000,6.0016090277778e-05
TIAUSD,1759957200000,5.3442008333333e-05
TIAUSD,1759960800000,5.7119586111111e-05
TIAUSD,1759964400000,4.6718665277778e-05
TIAUSD,1759968000000,5.1545352777778e-05
TIAUSD,1759971600000,4.9853580555556e-05
TIAUSD,1759975200000,5.4406044444444e-05
TIAUSD,1759978800000,4.560655e-05
TIAUSD,1759982400000,5.1799501388889e-05
TIAUSD,1759986000000,5.4890895833333e-05
TIAUSD,1759989600000,2.7489030555556e-05
TIAUSD,1759993200000,2.1896698611111e-05
TIAUSD,1759996800000,2.3726501436782e-05
TIAUSD,1760000400000,1.8569690277778e-05
TIAUSD,1760004000000,1.65404125e-05
TIAUSD,1760007600000,1.4112416666667e-05
TIAUSD,1760011200000,-3.189592741935e-06
TIAUSD,1760014800000,-1.281762096774e-06
TIAUSD,1760018400000,2.561313888889e-06
TIAUSD,1760022000000,6.170231944444e-06
TIAUSD,1760025600000,5.967191666667e-06
TIAUSD,1760029200000,4.073113888889e-06
TIAUSD,1760032800000,1.3105875e-05
TIAUSD,1760036400000,1.5831133333333e-05
TIAUSD,1760040000000,1.8418379166667e-05
TIAUSD,1760043600000,2.16680625e-05
TIAUSD,1760047200000,1.4531105555556e-05
TIAUSD,1760050800000,2.1297991666667e-05
TIAUSD,1760054400000,3.1381438888889e-05
TIAUSD,1760058000000,3.3986261111111e-05
TIAUSD,1760061600000,3.2225641666667e-05
TIAUSD,1760065200000,2.8482684722222e-05
TIAUSD,1760068800000,3.2499793055556e-05
TIAUSD,1760072400000,3.5426719444444e-05
TIAUSD,1760076000000,3.2322858333333e-05
TIAUSD,1760079600000,2.85669e-05
TIAUSD,1760083200000,3.4076208333333e-05
TIAUSD,1760086800000,4.0240998611111e-05
TIAUSD,1760090400000,3.8295115277778e-05
TIAUSD,1760094000000,3.70041e-05
TIAUSD,1760097600000,3.1902709722222e-05
TIAUSD,1760101200000,2.7505463888889e-05
TIAUSD,1760104800000,2.1032075e-05
TIAUSD,1760108400000,1.8236509722222e-05
TIAUSD,1760112000000,1.5016236111111e-05
TIAUSD,1760115600000,-9.10235e-06
TIAUSD,1760119200000,-4.592280555556e-06
TIAUSD,1760122800000,-4.888116666667e-06
TIAUSD,1760126400000,-7.732044444444e-06
TIAUSD,1760130000000,-1.6805498563218e-05
TIAUSD,1760133600000,0.000121724623737374
TIAUSD,1760137200000,-0.0025
TIAUSD,1760140800000,-0.001873949990277778
TIAUSD,1760144400000,-0.000211520366666667
TIAUSD,1760148000000,-0.000233211255555556
TIAUSD,1760151600000,-0.000285855304166667
TIAUSD,1760155200000,-0.000165959197222222
TIAUSD,1760158800000,-6.7329498611111e-05
TIAUSD,1760162400000,-6.5596808333333e-05
TIAUSD,1760166000000,-6.0524097222222e-05
TIAUSD,1760169600000,-6.1934615277778e-05
TIAUSD,1760173200000,-6.7360375e-05
TIAUSD,1760176800000,-5.5396776388889e-05
TIAUSD,1760180400000,-7.06032125e-05
TIAUSD,1760184000000,-5.77337625e-05
TIAUSD,1760187600000,-6.5369330555556e-05
TIAUSD,1760191200000,-5.7072119444444e-05
TIAUSD,1760194800000,-5.1564697222222e-05
TIAUSD,1760198400000,-5.81912625e-05
TIAUSD,1760202000000,-0.000109632436111111
TIAUSD,1760205600000,-7.7727806944444e-05
TIAUSD,1760209200000,-7.1047222222222e-05
TIAUSD,1760212800000,-4.6413226388889e-05
TIAUSD,1760216400000,-1.795919444444e-06
TIAUSD,1760220000000,-2.3782556944444e-05
TIAUSD,1760223600000,-3.3011391666667e-05
TIAUSD,1760227200000,-2.3214694444444e-05
TIAUSD,1760230800000,-1.2128515277778e-05
TIAUSD,1760234400000,-2.07507e-05
TIAUSD,1760238000000,-2.71457875e-05
TIAUSD,1760241600000,-1.8929166666667e-05
TIAUSD,1760245200000,-2.48925e-05
TIAUSD,1760248800000,-2.6308484722222e-05
TIAUSD,1760252400000,-2.8513725e-05
TIAUSD,1760256000000,-3.2205463888889e-05
TIAUSD,1760259600000,-6.3870795833333e-05
TIAUSD,1760263200000,-5.7078886111111e-05
TIAUSD,1760266800000,-4.4704375e-05
TIAUSD,1760270400000,-5.1730983333333e-05
TIAUSD,1760274000000,-4.3514668055556e-05
TIAUSD,1760277600000,-3.1933959722222e-05
TIAUSD,1760281200000,-2.2108206944444e-05
TIAUSD,1760284800000,-8.22031375e-05
TIAUSD,1760288400000,-0.000117598133333333
TIAUSD,1760292000000,-5.2401205555556e-05
TIAUSD,1760295600000,-2.4213608333333e-05
TIAUSD,1760299200000,-3.6036673611111e-05
TIAUSD,1760302800000,-6.0056718055556e-05
TIAUSD,1760306400000,-4.5634925e-05
TIAUSD,1760310000000,-5.4047106944444e-05
TIAUSD,1760313600000,-3.7865969444444e-05
TIAUSD,1760317200000,-2.4166601388889e-05
TIAUSD,1760320800000,-1.5082572222222e-05
TIAUSD,1760324400000,-3.1513609722222e-05
TIAUSD,1760328000000,-4.0093773611111e-05
TIAUSD,1760331600000,-4.6245920833333e-05
TIAUSD,1760335200000,-4.0954645833333e-05
TIAUSD,1760338800000,-5.4484126388889e-05
TIAUSD,1760342400000,-6.7138509722222e-05
TIAUSD,1760346000000,-5.3964394444444e-05
TIAUSD,1760349600000,-4.8459030555556e-05
TIAUSD,1760353200000,-5.8569538888889e-05
TIAUSD,1760356800000,-9.5338861111111e-05
TIAUSD,1760360400000,-7.1058244444444e-05
TIAUSD,1760364000000,-6.0946190277778e-05
TIAUSD,1760367600000,-5.70082625e-05
TIAUSD,1760371200000,-4.7980866666667e-05
TIAUSD,1760374800000,-3.2054991666667e-05
TIAUSD,1760378400000,-2.9614294444444e-05
TIAUSD,1760382000000,-3.3925475e-05
TIAUSD,1760385600000,-3.2158058333333e-05
TIAUSD,1760389200000,-6.9682055555556e-05
TIAUSD,1760392800000,-5.4698361111111e-05
TIAUSD,1760396400000,-5.12393875e-05
TIAUSD,1760400000000,-2.9477398611111e-05
TIAUSD,1760403600000,-2.8940875e-05
TIAUSD,1760407200000,-2.4153972222222e-05
TIAUSD,1760410800000,-2.9359572222222e-05
TIAUSD,1760414400000,-2.4857218055556e-05
TIAUSD,1760418000000,-3.5452645833333e-05
TIAUSD,1760421600000,-2.8176381944444e-05
TIAUSD,1760425200000,-2.4551794444444e-05
TIAUSD,1760428800000,-2.2056e-05
TIAUSD,1760432400000,-2.8616291666667e-05
TIAUSD,1760436000000,-5.2296363888889e-05
TIAUSD,1760439600000,-1.1909809722222e-05
TIAUSD,1760443200000,-1.9432454166667e-05
TIAUSD,1760446800000,-6.5366040277778e-05
TIAUSD,1760450400000,-5.2196780555556e-05
TIAUSD,1760454000000,-3.1490797222222e-05
TIAUSD,1760457600000,-5.1144097222222e-05
TIAUSD,1760461200000,-7.0133725e-05
TIAUSD,1760464800000,-8.2498781944444e-05
TIAUSD,1760468400000,-7.3048834722222e-05
TIAUSD,1760472000000,-3.7773420833333e-05
TIAUSD,1760475600000,-4.3415015277778e-05
TIAUSD,1760479200000,-4.28454125e-05
TIAUSD,1760482800000,-4.0941833333333e-05
TIAUSD,1760486400000,-2.8574479166667e-05
TIAUSD,1760490000000,-3.4211676388889e-05
TIAUSD,1760493600000,-3.1964440277778e-05
TIAUSD,1760497200000,-2.8437354166667e-05
TIAUSD,1760500800000,-2.2173873611111e-05
TIAUSD,1760504400000,-1.1302368055556e-05
TIAUSD,1760508000000,-1.2337851388889e-05
TIAUSD,1760511600000,-1.3548533333333e-05
TIAUSD,1760515200000,-1.4692686111111e-05
TIAUSD,1760518800000,-3.0069038888889e-05
TIAUSD,1760522400000,-4.1024326388889e-05
TIAUSD,1760526000000,-4.2944373611111e-05
TIAUSD,1760529600000,-4.5431438888889e-05
TIAUSD,1760533200000,-3.7671716666667e-05
TIAUSD,1760536800000,-4.0109825e-05
TIAUSD,1760540400000,-5.0599930555556e-05
TIAUSD,1760544000000,-3.8523702777778e-05
TIAUSD,1760547600000,-3.6922141666667e-05
TIAUSD,1760551200000,-2.9207009722222e-05
TIAUSD,1760554800000,-4.0346927777778e-05
TIAUSD,1760558400000,-4.5967427777778e-05
TIAUSD,1760562000000,-3.8086256944444e-05
TIAUSD,1760565600000,-4.820685e-05
TIAUSD,1760569200000,-5.5689041666667e-05
TIAUSD,1760572800000,-5.22134875e-05
TIAUSD,1760576400000,-4.4354188888889e-05
TIAUSD,1760580000000,-4.2226448611111e-05
TIAUSD,1760583600000,-3.9940958333333e-05
TIAUSD,1760587200000,-3.9987756944444e-05
TIAUSD,1760590800000,-3.7508208333333e-05
TIAUSD,1760594400000,-2.9902568055556e-05
TIAUSD,1760598000000,-2.2263463888889e-05
TIAUSD,1760601600000,-1.826628422619e-05
TIAUSD,1760605200000,-1.6759834722222e-05
TIAUSD,1760608800000,-1.6945573611111e-05
TIAUSD,1760612400000,-1.0562166666667e-05
TIAUSD,1760616000000,1.02140277778e-07
TIAUSD,1760619600000,1.330091666667e-06
TIAUSD,1760623200000,-3.148818055556e-06
TIAUSD,1760626800000,5.147576388889e-06
TIAUSD,1760630400000,5.403504166667e-06
TIAUSD,1760634000000,-9.01827777778e-07
TIAUSD,1760637600000,-1.940615e-05
TIAUSD,1760641200000,-2.2624518055556e-05
TIAUSD,1760644800000,-4.1742759722222e-05
TIAUSD,1760648400000,-2.0947333333333e-05
TIAUSD,1760652000000,-1.8470848611111e-05
TIAUSD,1760655600000,-1.98187375e-05
TIAUSD,1760659200000,-7.481651388889e-06
TIAUSD,1760662800000,-1.3124295833333e-05
TIAUSD,1760666400000,-1.1316447222222e-05
TIAUSD,1760670000000,-7.694422222222e-06
TIAUSD,1760673600000,-2.410027777778e-06
TIAUSD,1760677200000,-1.1005244444444e-05
TIAUSD,1760680800000,-2.0782438888889e-05
TIAUSD,1760684400000,-1.6084159722222e-05
TIAUSD,1760688000000,1.3017059722222e-05
TIAUSD,1760691600000,5.98205555556e-07
TIAUSD,1760695200000,-3.840875e-07
TIAUSD,1760698800000,-4.972811111111e-06
TIAUSD,1760702400000,-8.972747222222e-06
TIAUSD,1760706000000,-2.2861755555556e-05
TIAUSD,1760709600000,1.748586111111e-06
TIAUSD,1760713200000,-1.8380175e-05
TIAUSD,1760716800000,-1.5133616666667e-05
TIAUSD,1760720400000,-2.3536901388889e-05
TIAUSD,1760724000000,-2.8476644444444e-05
TIAUSD,1760727600000,-3.5228293055556e-05
TIAUSD,1760731200000,-3.0948697222222e-05
TIAUSD,1760734800000,-2.6927652777778e-05
TIAUSD,1760738400000,-4.0000543055556e-05
TIAUSD,1760742000000,-4.2275845833333e-05
TIAUSD,1760745600000,-2.5620683333333e-05
TIAUSD,1760749200000,1.911127777778e-06
TIAUSD,1760752800000,-2.60886111111e-07
TIAUSD,1760756400000,-4.664980555556e-06
TIAUSD,1760760000000,-1.14718e-05
TIAUSD,1760763600000,-9.689981944444e-06
TIAUSD,1760767200000,-4.977320833333e-06
TIAUSD,1760770800000,-7.046344444444e-06
TIAUSD,1760774400000,-7.558993055556e-06
TIAUSD,1760778000000,-9.274619444444e-06
TIAUSD,1760781600000,-2.556409722222e-06
TIAUSD,1760785200000,-4.822497222222e-06
TIAUSD,1760788800000,-1.967844444444e-06
TIAUSD,1760792400000,-3.037451388889e-06
TIAUSD,1760796000000,-9.319044444444e-06
TIAUSD,1760799600000,-1.1462827777778e-05
TIAUSD,1760803200000,-1.3905898611111e-05
TIAUSD,1760806800000,-1.4271322222222e-05
TIAUSD,1760810400000,3.61356944444e-07
TIAUSD,1760814000000,-6.062965277778e-06
TIAUSD,1760817600000,-5.875029166667e-06
TIAUSD,1760821200000,-1.1147754166667e-05
TIAUSD,1760824800000,-1.4338055555556e-05
TIAUSD,1760828400000,-7.893738888889e-06
TIAUSD,1760832000000,-1.4452347222222e-05
TIAUSD,1760835600000,-1.7002166666667e-05
TIAUSD,1760839200000,-4.626255555556e-06
TIAUSD,1760842800000,-1.288734722222e-06
TIAUSD,1760846400000,1.268319444444e-06
TIAUSD,1760850000000,-1.1498784722222e-05
TIAUSD,1760853600000,-8.025573611111e-06
TIAUSD,1760857200000,-1.8717436111111e-05
TIAUSD,1760860800000,-1.0656656944444e-05
TIAUSD,1760864400000,-6.242216666667e-06
TIAUSD,1760868000000,-3.166629166667e-06
TIAUSD,1760871600000,-1.4905141666667e-05
TIAUSD,1760875200000,-2.2137511111111e-05
TIAUSD,1760878800000,-1.9456327777778e-05
TIAUSD,1760882400000,-1.4367815277778e-05
TIAUSD,1760886000000,-2.1426952777778e-05
TIAUSD,1760889600000,-1.8657406944444e-05
TIAUSD,1760893200000,-2.4274286111111e-05
TIAUSD,1760896800000,-7.796543055556e-06
TIAUSD,1760900400000,-6.648623611111e-06
TIAUSD,1760904000000,-1.1206054166667e-05
TIAUSD,1760907600000,-1.588181944444e-06
TIAUSD,1760911200000,-1.0708430555556e-05
TIAUSD,1760914800000,3.868304166667e-06
TIAUSD,1760918400000,-2.632055555556e-06
TIAUSD,1760922000000,-1.6147380555556e-05
TIAUSD,1760925600000,-3.352483333333e-06
TIAUSD,1760929200000,-7.613484722222e-06
TIAUSD,1760932800000,-5.982181944444e-06
TIAUSD,1760936400000,3.483540277778e-06
TIAUSD,1760940000000,4.498001388889e-06
TIAUSD,1760943600000,8.366766666667e-06
TIAUSD,1760947200000,1.2616326388889e-05
TIAUSD,1760950800000,2.2641006944444e-05
TIAUSD,1760954400000,1.8928223611111e-05
TIAUSD,1760958000000,1.5294173611111e-05
TIAUSD,1760961600000,1.1717111111111e-05
TIAUSD,1760965200000,8.620325e-06
TIAUSD,1760968800000,6.051927777778e-06
TIAUSD,1760972400000,4.922875e-06
TIAUSD,1760976000000,4.852055555556e-06
TIAUSD,1760979600000,7.202915277778e-06
TIAUSD,1760983200000,3.017588888889e-06
TIAUSD,1760986800000,1.0108791666667e-05
TIAUSD,1760990400000,1.1339630555556e-05
TIAUSD,1760994000000,1.4258409722222e-05
TIAUSD,1760997600000,1.6024381944444e-05
TIAUSD,1761001200000,1.0752323611111e-05
TIAUSD,1761004800000,5.256581944444e-06
TIAUSD,1761008400000,-2.311823611111e-06
TIAUSD,1761012000000,3.541093055556e-06
TIAUSD,1761015600000,9.595440277778e-06
TIAUSD,1761019200000,1.8060029166667e-05
TIAUSD,1761022800000,1.3672711111111e-05
TIAUSD,1761026400000,-2.854326388889e-06
TIAUSD,1761030000000,-5.377620833333e-06
TIAUSD,1761033600000,8.036293055556e-06
TIAUSD,1761037200000,-2.415345833333e-06
TIAUSD,1761040800000,7.789408333333e-06
TIAUSD,1761044400000,1.690743055556e-06
TIAUSD,1761048000000,4.82495833333e-07
TIAUSD,1761051600000,-1.982144444444e-06
TIAUSD,1761055200000,-6.172070833333e-06
TIAUSD,1761058800000,-3.310863888889e-06
TIAUSD,1761062400000,4.504291666667e-06
TIAUSD,1761066000000,1.0068934722222e-05
TIAUSD,1761069600000,4.92193055556e-07
TIAUSD,1761073200000,2.845363888889e-06
TIAUSD,1761076800000,-6.314597222222e-06
TIAUSD,1761080400000,-2.90269444444e-07
TIAUSD,1761084000000,9.568213888889e-06
TIAUSD,1761087600000,4.209118055556e-06
TIAUSD,1761091200000,9.314966666667e-06
TIAUSD,1761094800000,-8.84077777778e-07
TIAUSD,1761098400000,-8.726744444444e-06
TIAUSD,1761102000000,-6.974429166667e-06
TIAUSD,1761105600000,-1.4024923611111e-05
TIAUSD,1761109200000,-1.3602904166667e-05
TIAUSD,1761112800000,-1.6173111111111e-05
TIAUSD,1761116400000,-1.8016927777778e-05
TIAUSD,1761120000000,-2.0808565277778e-05
TIAUSD,1761123600000,-2.0036226388889e-05
TIAUSD,1761127200000,-2.5692701388889e-05
TIAUSD,1761130800000,-2.6069244444444e-05
TIAUSD,1761134400000,-2.9581383064516e-05
TIAUSD,1761138000000,-3.5557904569892e-05
TIAUSD,1761141600000,-5.1023148611111e-05
TIAUSD,1761145200000,-3.7522740277778e-05
TIAUSD,1761148800000,-2.9231134722222e-05
TIAUSD,1761152400000,-2.2025576388889e-05
TIAUSD,1761156000000,-2.6633840277778e-05
TIAUSD,1761159600000,-1.5995302777778e-05
TIAUSD,1761163200000,-1.9594179166667e-05
TIAUSD,1761166800000,-2.0264901388889e-05
TIAUSD,1761170400000,-3.9665795833333e-05
TIAUSD,1761174000000,-6.4394091666667e-05
TIAUSD,1761177600000,-5.9815436111111e-05
TIAUSD,1761181200000,-7.0367722222222e-05
TIAUSD,1761184800000,-7.4382033333333e-05
TIAUSD,1761188400000,-7.2926798611111e-05
TIAUSD,1761192000000,-6.2507711111111e-05
TIAUSD,1761195600000,-6.6739913888889e-05
TIAUSD,1761199200000,-7.2356595833333e-05
TIAUSD,1761202800000,-5.8319047222222e-05
TIAUSD,1761206400000,-4.5097924679487e-05
TIAUSD,1761210000000,-3.2691773611111e-05
TIAUSD,1761213600000,-2.3570059722222e-05
TIAUSD,1761217200000,-2.4493611111111e-05
TIAUSD,1761220800000,-2.4237593055556e-05
TIAUSD,1761224400000,-3.5091055555556e-05
TIAUSD,1761228000000,-3.7246286111111e-05
TIAUSD,1761231600000,-4.1040548611111e-05
TIAUSD,1761235200000,-3.9616318055556e-05
TIAUSD,1761238800000,-2.6258231944444e-05
TIAUSD,1761242400000,-1.8819419444444e-05
TIAUSD,1761246000000,-1.3448661111111e-05
TIAUSD,1761249600000,-2.1006783333333e-05
TIAUSD,1761253200000,-1.7331341666667e-05
TIAUSD,1761256800000,-1.2742184722222e-05
TIAUSD,1761260400000,-1.0348426388889e-05
TIAUSD,1761264000000,-7.007211111111e-06
TIAUSD,1761267600000,-1.2125786111111e-05
TIAUSD,1761271200000,-1.27945625e-05
TIAUSD,1761274800000,-1.3181409722222e-05
TIAUSD,1761278400000,-8.017594444444e-06
TIAUSD,1761282000000,-1.0973243055556e-05
TIAUSD,1761285600000,-1.0232034722222e-05
TIAUSD,1761289200000,-1.3000613888889e-05
TIAUSD,1761292800000,-1.1284356944444e-05
TIAUSD,1761296400000,4.174044444444e-06
TIAUSD,1761300000000,4.316476388889e-06
TIAUSD,1761303600000,4.11541666667e-07
TIAUSD,1761307200000,-3.331384722222e-06
TIAUSD,1761310800000,-1.0276043055556e-05
TIAUSD,1761314400000,-1.2820372222222e-05
TIAUSD,1761318000000,-1.2717061111111e-05
TIAUSD,1761321600000,-1.1896355555556e-05
TIAUSD,1761325200000,-8.115801388889e-06
TIAUSD,1761328800000,-8.530491666667e-06
TIAUSD,1761332400000,-3.051788888889e-06
TIAUSD,1761336000000,-7.70669444444e-07
TIAUSD,1761339600000,-5.085601388889e-06
TIAUSD,1761343200000,-5.129090277778e-06
TIAUSD,1761346800000,-5.485740277778e-06
TIAUSD,1761350400000,-8.21263888889e-07
TIAUSD,1761354000000,-8.650569444444e-06
TIAUSD,1761357600000,-9.435556944444e-06
TIAUSD,1761361200000,-9.321251388889e-06
TIAUSD,1761364800000,-1.5605511111111e-05
TIAUSD,1761368400000,-1.3800988888889e-05
TIAUSD,1761372000000,-1.03151375e-05
TIAUSD,1761375600000,-9.544190277778e-06
TIAUSD,1761379200000,-1.3821544444444e-05
TIAUSD,1761382800000,-1.0254625e-06
TIAUSD,1761386400000,-1.734347222222e-06
TIAUSD,1761390000000,-4.841483333333e-06
TIAUSD,1761393600000,-2.785790277778e-06
TIAUSD,1761397200000,-2.0469125e-06
TIAUSD,1761400800000,-8.890140277778e-06
TIAUSD,1761404400000,-9.6157e-06
TIAUSD,1761408000000,-5.4011625e-06
TIAUSD,1761411600000,-4.772725e-06
TIAUSD,1761415200000,-1.0402519444444e-05
TIAUSD,1761418800000,2.754905555556e-06
TIAUSD,1761422400000,3.074352777778e-06
TIAUSD,1761426000000,1.6059230555556e-05
TIAUSD,1761429600000,-4.117155555556e-06
TIAUSD,1761433200000,-4.374043055556e-06
TIAUSD,1761436800000,-6.053479166667e-06
TIAUSD,1761440400000,-7.334616666667e-06
TIAUSD,1761444000000,-6.595197222222e-06
TIAUSD,1761447600000,-1.0958356944444e-05
TIAUSD,1761451200000,-1.38963875e-05
TIAUSD,1761454800000,-1.3369227777778e-05
TIAUSD,1761458400000,-1.05788375e-05
TIAUSD,1761462000000,-7.071170833333e-06
TIAUSD,1761465600000,-8.102759722222e-06
TIAUSD,1761469200000,-8.148247222222e-06
TIAUSD,1761472800000,-1.0194704166667e-05
TIAUSD,1761476400000,-7.756897222222e-06
TIAUSD,1761480000000,-1.2839402777778e-05
TIAUSD,1761483600000,-1.751190277778e-06
TIAUSD,1761487200000,2.111520833333e-06
TIAUSD,1761490800000,1.389101388889e-06
TIAUSD,1761494400000,-6.7065277778e-08
TIAUSD,1761498000000,2.742e-07
TIAUSD,1761501600000,1.864304166667e-06
TIAUSD,1761505200000,1.2738048611111e-05
TIAUSD,1761508800000,1.4243143055556e-05
TIAUSD,1761512400000,5.590038888889e-06
TIAUSD,1761516000000,8.043e-06
TIAUSD,1761519600000,1.2531806944444e-05
TIAUSD,1761523200000,1.1101286111111e-05
TIAUSD,1761526800000,4.679215277778e-06
TIAUSD,1761530400000,3.397220833333e-06
TIAUSD,1761534000000,2.197466666667e-06
TIAUSD,1761537600000,2.751570833333e-06
TIAUSD,1761541200000,2.0975125e-06
TIAUSD,1761544800000,5.232213888889e-06
TIAUSD,1761548400000,2.118133333333e-06
TIAUSD,1761552000000,-6.60009722222e-07
TIAUSD,1761555600000,1.51126388889e-07
TIAUSD,1761559200000,-2.234454166667e-06
TIAUSD,1761562800000,1.6099125e-06
TIAUSD,1761566400000,-1.835626388889e-06
TIAUSD,1761570000000,-3.912631944444e-06
TIAUSD,1761573600000,-3.8074e-06
TIAUSD,1761577200000,-4.817508333333e-06
TIAUSD,1761580800000,2.0202375e-06
TIAUSD,1761584400000,7.7016125e-06
TIAUSD,1761588000000,1.1290213888889e-05
TIAUSD,1761591600000,1.5125955555556e-05
TIAUSD,1761595200000,8.359361111111e-06
TIAUSD,1761598800000,1.6255883333333e-05
TIAUSD,1761602400000,2.0926451388889e-05
TIAUSD,1761606000000,1.7650808333333e-05
TIAUSD,1761609600000,2.1476766666667e-05
TIAUSD,1761613200000,1.5850391666667e-05
TIAUSD,1761616800000,1.3333209722222e-05
TIAUSD,1761620400000,1.2913448611111e-05
TIAUSD,1761624000000,1.3331429166667e-05
TIAUSD,1761627600000,2.00018375e-05
TIAUSD,1761631200000,1.1464727777778e-05
TIAUSD,1761634800000,-4.021970833333e-06
TIAUSD,1761638400000,9.567845833333e-06
TIAUSD,1761642000000,2.0263254166667e-05
TIAUSD,1761645600000,1.31056125e-05
TIAUSD,1761649200000,8.037313888889e-06
TIAUSD,1761652800000,1.00926125e-05
TIAUSD,1761656400000,8.303404166667e-06
TIAUSD,1761660000000,4.194354166667e-06
TIAUSD,1761663600000,4.143683333333e-06
TIAUSD,1761667200000,6.396544444444e-06
TIAUSD,1761670800000,3.764269444444e-06
TIAUSD,1761674400000,3.888381944444e-06
TIAUSD,1761678000000,9.7053375e-06
TIAUSD,1761681600000,5.882945833333e-06
TIAUSD,1761685200000,-1.8957601388889e-05
TIAUSD,1761688800000,-1.6180120833333e-05
TIAUSD,1761692400000,-1.8043925e-05
TIAUSD,1761696000000,-1.36090875e-05
TIAUSD,1761699600000,-1.0378422222222e-05
TIAUSD,1761703200000,4.033455555556e-06
TIAUSD,1761706800000,8.419783333333e-06
TIAUSD,1761710400000,-6.80634722222e-07
TIAUSD,1761714000000,-2.637166666667e-06
TIAUSD,1761717600000,-3.983854166667e-06
TIAUSD,1761721200000,-4.128384722222e-06
TIAUSD,1761724800000,-7.106419444444e-06
TIAUSD,1761728400000,-3.767119444444e-06
TIAUSD,1761732000000,3.6228625e-06
TIAUSD,1761735600000,5.583405555556e-06
TIAUSD,1761739200000,9.261159722222e-06
TIAUSD,1761742800000,7.575931944444e-06
TIAUSD,1761746400000,-3.440869444444e-06
TIAUSD,1761750000000,-1.0121343055556e-05
TIAUSD,1761753600000,-8.828506944444e-06
TIAUSD,1761757200000,-8.236477777778e-06
TIAUSD,1761760800000,3.706202777778e-06
TIAUSD,1761764400000,-1.4396709722222e-05
TIAUSD,1761768000000,-4.717279166667e-06
TIAUSD,1761771600000,-6.320770833333e-06
TIAUSD,1761775200000,-1.0343497222222e-05
TIAUSD,1761778800000,-6.03093055556e-07
TIAUSD,1761782400000,-7.3313625e-06
TIAUSD,1761786000000,-4.221690277778e-06
TIAUSD,1761789600000,2.20329166667e-07
TIAUSD,1761793200000,7.467355555556e-06
TIAUSD,1761796800000,9.599975e-06
TIAUSD,1761800400000,-5.210220833333e-06
TIAUSD,1761804000000,3.161229166667e-06
TIAUSD,1761807600000,6.050048611111e-06
TIAUSD,1761811200000,4.8900375e-06
TIAUSD,1761814800000,3.576130555556e-06
TIAUSD,1761818400000,6.37641666667e-07
TIAUSD,1761822000000,-2.856677777778e-06
TIAUSD,1761825600000,-8.993479166667e-06
TIAUSD,1761829200000,7.994006944444e-06
TIAUSD,1761832800000,4.985534722222e-06
TIAUSD,1761836400000,-7.7484722222e-08
TIAUSD,1761840000000,-2.74801388889e-07
TIAUSD,1761843600000,3.511204166667e-06
TIAUSD,1761847200000,-2.42913888889e-07
TIAUSD,1761850800000,-2.699545833333e-06
TIAUSD,1761854400000,-7.684604166667e-06
TIAUSD,1761858000000,-1.32955375e-05
TIAUSD,1761861600000,-2.0658261111111e-05
TIAUSD,1761865200000,-2.7526948611111e-05
TIAUSD,1761868800000,-1.7937093055556e-05
TIAUSD,1761872400000,-1.0619358333333e-05
TIAUSD,1761876000000,-1.2001136111111e-05
TIAUSD,1761879600000,-8.003919444444e-06
TIAUSD,1761883200000,-3.149795833333e-06
TIAUSD,1761886800000,3.087820833333e-06
TIAUSD,1761890400000,-1.895152777778e-06
TIAUSD,1761894000000,5.374215277778e-06
TIAUSD,1761897600000,1.55108333333e-07
TIAUSD,1761901200000,6.024584722222e-06
TIAUSD,1761904800000,4.567847222222e-06
TIAUSD,1761908400000,6.71063888889e-07
TIAUSD,1761912000000,-5.25433333333e-07
TIAUSD,1761915600000,6.7450375e-06
TIAUSD,1761919200000,-5.561004166667e-06
TIAUSD,1761922800000,-8.408131944444e-06
TIAUSD,1761926400000,-5.1972569892473e-05
TIAUSD,1761930000000,-9.51021505376e-07
TIAUSD,1761933600000,1.1770581944444e-05
TIAUSD,1761937200000,-1.3098815277778e-05
TIAUSD,1761940800000,-1.0877611111111e-05
TIAUSD,1761944400000,-7.264329166667e-06
TIAUSD,1761948000000,-1.3524654166667e-05
TIAUSD,1761951600000,-1.19618e-05
TIAUSD,1761955200000,-5.904656944444e-06
TIAUSD,1761958800000,-1.1046370833333e-05
TIAUSD,1761962400000,-4.938022849462e-06
TIAUSD,1761966000000,-6.504315860215e-06
TIAUSD,1761969600000,-5.301445833333e-06
TIAUSD,1761973200000,-1.760497222222e-06
TIAUSD,1761976800000,-6.885416666667e-06
TIAUSD,1761980400000,-7.168094444444e-06
TIAUSD,1761984000000,6.58815e-06
TIAUSD,1761987600000,1.1374290277778e-05
TIAUSD,1761991200000,1.2139194444444e-05
TIAUSD,1761994800000,1.4670165277778e-05
TIAUSD,1761998400000,1.5951086111111e-05
TIAUSD,1762002000000,1.46677875e-05
TIAUSD,1762005600000,1.1171175e-05
TIAUSD,1762009200000,5.948629166667e-06
TIAUSD,1762020000000,0.0025
TIAUSD,1762023600000,0.002356318484722222
TIAUSD,1762027200000,0.002346816230555556
TIAUSD,1762030800000,0.001529826376388889
TIAUSD,1762034400000,0.001679347938888889
TIAUSD,1762038000000,-8.678297222222e-06
TIAUSD,1762041600000,3.347626344086e-06
TIAUSD,1762045200000,-2.911096774194e-06
TIAUSD,1762048800000,-3.287023611111e-06
TIAUSD,1762052400000,1.412095833333e-06
TIAUSD,1762059600000,4.10221e-06
TIAUSD,1762063200000,-2.126229166667e-06
TIAUSD,1762066800000,1.2416159722222e-05
TIAUSD,1762070400000,1.7842643055556e-05
TIAUSD,1762074000000,1.1134072222222e-05
TIAUSD,1762077600000,9.003954166667e-06
TIAUSD,1762081200000,1.9246383333333e-05
TIAUSD,1762084800000,2.3282593055556e-05
TIAUSD,1762088400000,1.7704418055556e-05
TIAUSD,1762092000000,1.1948654166667e-05
TIAUSD,1762095600000,1.6906590277778e-05
TIAUSD,1762099200000,6.7856625e-06
TIAUSD,1762102800000,6.571219444444e-06
TIAUSD,1762106400000,4.09345e-06
TIAUSD,1762110000000,-3.780126388889e-06
TIAUSD,1762113600000,-4.600701388889e-06
TIAUSD,1762117200000,-1.166548611111e-06
TIAUSD,1762120800000,3.250919444444e-06
TIAUSD,1762124400000,1.1394279166667e-05
TIAUSD,1762128000000,-6.76916666667e-07
TIAUSD,1762131600000,-7.093005555556e-06
TIAUSD,1762135200000,-1.5617663888889e-05
TIAUSD,1762138800000,-2.9525688172043e-05
TIAUSD,1762142400000,-1.9374701612903e-05
TIAUSD,1762146000000,-2.1088976388889e-05
TIAUSD,1762149600000,-3.170438888889e-06
TIAUSD,1762153200000,-9.131508333333e-06
TIAUSD,1762156800000,-1.5790806944444e-05
TIAUSD,1762160400000,-1.8376848611111e-05
TIAUSD,1762164000000,-1.3860756410256e-05
TIAUSD,1762167600000,-1.2153162634409e-05
TIAUSD,1762171200000,-8.634774193548e-06
TIAUSD,1762174800000,-1.6300661111111e-05
TIAUSD,1762178400000,-1.85649375e-05
TIAUSD,1762182000000,-1.6388394444444e-05
TIAUSD,1762185600000,-2.0337265277778e-05
TIAUSD,1762189200000,-2.2532401388889e-05
TIAUSD,1762192800000,-5.535063888889e-06
TIAUSD,1762196400000,1.115855555556e-06
TIAUSD,1762200000000,4.8684722222e-08
TIAUSD,1762203600000,1.936509722222e-06
TIAUSD,1762207200000,3.086870833333e-06
TIAUSD,1762210800000,9.432869444444e-06
TIAUSD,1762214400000,1.1815186111111e-05
TIAUSD,1762218000000,8.526694444444e-06
TIAUSD,1762221600000,1.0911534722222e-05
TIAUSD,1762225200000,4.015284946237e-06
TIAUSD,1762228800000,1.0453767473118e-05
TIAUSD,1762232400000,7.679233333333e-06
TIAUSD,1762236000000,-2.749672222222e-06
TIAUSD,1762239600000,-6.178690277778e-06
TIAUSD,1762243200000,6.13461021505e-07
TIAUSD,1762246800000,-6.840438172043e-06
TIAUSD,1762250400000,1.1816972222222e-05
TIAUSD,1762254000000,8.943827380952e-06
TIAUSD,1762257600000,1.8990208333333e-05
TIAUSD,1762261200000,2.3087779166667e-05
TIAUSD,1762264800000,1.3432536111111e-05
TIAUSD,1762268400000,1.5866014784946e-05
TIAUSD,1762272000000,-4.953193548387e-06
TIAUSD,1762275600000,1.3178735215054e-05
TIAUSD,1762279200000,2.7644314516129e-05
TIAUSD,1762282800000,2.0878583333333e-05
TIAUSD,1762286400000,2.1402434722222e-05
TIAUSD,1762290000000,1.8447694444444e-05
TIAUSD,1762293600000,1.4042980555556e-05
TIAUSD,1762297200000,4.2868425e-05
TIAUSD,1762300800000,2.3062301388889e-05
TIAUSD,1762304400000,1.5422145833333e-05
TIAUSD,1762308000000,1.3631743055556e-05
TIAUSD,1762311600000,2.4204081944444e-05
TIAUSD,1762315200000,2.0060270833333e-05
TIAUSD,1762318800000,2.2194233333333e-05
TIAUSD,1762322400000,2.6731893055556e-05
TIAUSD,1762326000000,3.1577626388889e-05
TIAUSD,1762329600000,3.3095601388889e-05
TIAUSD,1762333200000,2.8797968055556e-05
TIAUSD,1762336800000,2.6305004166667e-05
TIAUSD,1762340400000,3.1235413888889e-05
TIAUSD,1762344000000,2.8774448611111e-05
TIAUSD,1762347600000,2.4776795833333e-05
TIAUSD,1762351200000,1.3904470833333e-05
TIAUSD,1762354800000,1.5109748611111e-05
TIAUSD,1762358400000,4.212840277778e-06
TIAUSD,1762362000000,4.069563888889e-06
TIAUSD,1762365600000,2.4995288888889e-05
TIAUSD,1762369200000,1.2233708333333e-05
TIAUSD,1762372800000,1.0811737903226e-05
TIAUSD,1762376400000,1.3272309139785e-05
TIAUSD,1762380000000,2.2518086111111e-05
TIAUSD,1762383600000,2.1837508333333e-05
TIAUSD,1762387200000,2.0430177777778e-05
TIAUSD,1762390800000,2.5992804166667e-05
TIAUSD,1762394400000,2.3788284722222e-05
TIAUSD,1762398000000,2.3650295833333e-05
TIAUSD,1762401600000,2.4765094444444e-05
TIAUSD,1762405200000,2.6449105555556e-05
TIAUSD,1762408800000,2.2581829166667e-05
TIAUSD,1762412400000,2.1710783333333e-05
TIAUSD,1762416000000,1.7650811111111e-05
TIAUSD,1762419600000,1.5964952777778e-05
TIAUSD,1762423200000,2.3176573611111e-05
TIAUSD,1762426800000,2.6397436111111e-05
TIAUSD,1762430400000,2.9434105555556e-05
TIAUSD,1762434000000,2.7411627777778e-05
TIAUSD,1762437600000,3.4247922222222e-05
TIAUSD,1762441200000,3.3068702777778e-05
TIAUSD,1762444800000,2.34585875e-05
TIAUSD,1762448400000,2.0045005555556e-05
TIAUSD,1762452000000,2.4623397222222e-05
TIAUSD,1762455600000,1.8396002777778e-05
TIAUSD,1762459200000,1.0581041666667e-05
TIAUSD,1762462800000,1.83957e-05
TIAUSD,1762466400000,2.4572997222222e-05
TIAUSD,1762470000000,2.0410384722222e-05
TIAUSD,1762473600000,2.5436298611111e-05
TIAUSD,1762477200000,2.2581747222222e-05
TIAUSD,1762480800000,1.4681177419355e-05
TIAUSD,1762484400000,1.2397481182796e-05
TIAUSD,1762488000000,7.534975e-06
TIAUSD,1762491600000,1.9643613888889e-05
TIAUSD,1762495200000,1.9335344444444e-05
TIAUSD,1762498800000,2.2412426388889e-05
TIAUSD,1762502400000,1.9065872222222e-05
TIAUSD,1762506000000,1.0149334722222e-05
TIAUSD,1762509600000,2.4978115277778e-05
TIAUSD,1762513200000,2.8296963888889e-05
TIAUSD,1762516800000,2.2105622222222e-05
TIAUSD,1762520400000,2.9775346774194e-05
TIAUSD,1762524000000,3.0252725806452e-05
TIAUSD,1762527600000,2.9582755555556e-05
TIAUSD,1762531200000,2.069938888889e-06
TIAUSD,1762534800000,3.691041666667e-06
TIAUSD,1762538400000,4.4799718055556e-05
TIAUSD,1762542000000,3.3078359722222e-05
TIAUSD,1762545600000,2.3241727777778e-05
TIAUSD,1762549200000,2.3934112903226e-05
TIAUSD,1762552800000,3.4010552419355e-05
TIAUSD,1762556400000,9.491641666667e-06
TIAUSD,1762560000000,5.0099833333333e-05
TIAUSD,1762563600000,4.3929194892473e-05
TIAUSD,1762567200000,5.3694254032258e-05
TIAUSD,1762570800000,6.379005e-05
TIAUSD,1762574400000,4.5717094086022e-05
TIAUSD,1762578000000,4.561523655914e-05
TIAUSD,1762581600000,3.6361738888889e-05
TIAUSD,1762585200000,3.3968506944444e-05
TIAUSD,1762588800000,3.5535793055556e-05
TIAUSD,1762592400000,3.6802045833333e-05
TIAUSD,1762596000000,2.9213811827957e-05
TIAUSD,1762599600000,3.5701177419355e-05
TIAUSD,1762603200000,3.4461401388889e-05
TIAUSD,1762606800000,3.0028248611111e-05
TIAUSD,1762610400000,1.3792256944444e-05
TIAUSD,1762614000000,1.6296786111111e-05
TIAUSD,1762617600000,1.8090240277778e-05
TIAUSD,1762621200000,2.8811001388889e-05
TIAUSD,1762624800000,1.1690852777778e-05
TIAUSD,1762628400000,7.069790322581e-06
TIAUSD,1762632000000,2.5033015277778e-05
TIAUSD,1762635600000,1.162014516129e-05
TIAUSD,1762639200000,1.1385308333333e-05
TIAUSD,1762642800000,1.36733125e-05
TIAUSD,1762646400000,1.3942108333333e-05
TIAUSD,1762650000000,2.0433071236559e-05
TIAUSD,1762653600000,3.0898865591398e-05
TIAUSD,1762657200000,2.2541397222222e-05
TIAUSD,1762660800000,2.9935733870968e-05
TIAUSD,1762664400000,1.7718766129032e-05
TIAUSD,1762668000000,1.8989845833333e-05
TIAUSD,1762671600000,8.801752777778e-06
TIAUSD,1762675200000,1.4155151388889e-05
TIAUSD,1762678800000,9.584881944444e-06
TIAUSD,1762682400000,5.3142e-06
TIAUSD,1762686000000,1.1133286111111e-05
TIAUSD,1762689600000,7.917368055556e-06
TIAUSD,1762693200000,3.166875e-06
TIAUSD,1762696800000,1.4750990277778e-05
TIAUSD,1762700400000,7.6698e-06
TIAUSD,1762704000000,2.368420833333e-06
TIAUSD,1762707600000,7.982063888889e-06
TIAUSD,1762711200000,1.7137443548387e-05
TIAUSD,1762714800000,1.9418372311828e-05
TIAUSD,1762718400000,1.4361558333333e-05
TIAUSD,1762722000000,9.594448611111e-06
TIAUSD,1762725600000,1.1952594444444e-05
TIAUSD,1762729200000,2.0027111111111e-05
TIAUSD,1762732800000,1.6228515277778e-05
TIAUSD,1762736400000,7.693579166667e-06
TIAUSD,1762740000000,-5.246418055556e-06
TIAUSD,1762743600000,1.382259722222e-06
TIAUSD,1762747200000,9.588597222222e-06
TIAUSD,1762750800000,7.218295833333e-06
TIAUSD,1762754400000,2.4519445833333e-05
TIAUSD,1762758000000,2.9158616935484e-05
TIAUSD,1762761600000,2.3328415322581e-05
TIAUSD,1762765200000,2.3209809722222e-05
TIAUSD,1762768800000,3.1772590277778e-05
TIAUSD,1762772400000,2.6885554166667e-05
TIAUSD,1762776000000,2.5126581944444e-05
TIAUSD,1762779600000,2.3227366666667e-05
TIAUSD,1762783200000,1.2785465277778e-05
TIAUSD,1762786800000,1.9744059722222e-05
TIAUSD,1762790400000,1.2943430555556e-05
TIAUSD,1762794000000,1.2232465277778e-05
TIAUSD,1762797600000,1.8031880555556e-05
TIAUSD,1762801200000,9.884118055556e-06
TIAUSD,1762804800000,1.3891520833333e-05
TIAUSD,1762808400000,2.2413811111111e-05
TIAUSD,1762812000000,9.673820833333e-06
TIAUSD,1762815600000,2.06730125e-05
TIAUSD,1762819200000,1.2097794444444e-05
TIAUSD,1762822800000,2.3135676075269e-05
TIAUSD,1762826400000,2.1985315860215e-05
TIAUSD,1762830000000,2.19506875e-05
TIAUSD,1762833600000,1.8449980555556e-05
TIAUSD,1762837200000,4.148375e-06
TIAUSD,1762840800000,7.857573611111e-06
TIAUSD,1762844400000,1.4546165277778e-05
TIAUSD,1762848000000,8.800265277778e-06
TIAUSD,1762851600000,2.7313427777778e-05
TIAUSD,1762855200000,1.5736685483871e-05
TIAUSD,1762858800000,8.727935483871e-06
TIAUSD,1762862400000,9.420213888889e-06
TIAUSD,1762866000000,4.1318e-06
TIAUSD,1762869600000,-1.419513888889e-06
TIAUSD,1762873200000,-7.76318055556e-07
TIAUSD,1762876800000,-8.773788888889e-06
TIAUSD,1762880400000,4.755680555556e-06
TIAUSD,1762884000000,3.705018055556e-06
TIAUSD,1762887600000,3.782501388889e-06
TIAUSD,1762891200000,3.711481944444e-06
TIAUSD,1762894800000,8.104373611111e-06
TIAUSD,1762898400000,8.7073125e-06
TIAUSD,1762902000000,1.1402072222222e-05
TIAUSD,1762905600000,1.0851239247312e-05
TIAUSD,1762909200000,1.3732331989247e-05
TIAUSD,1762912800000,1.77755375e-05
TIAUSD,1762916400000,1.0525502777778e-05
TIAUSD,1762920000000,2.716141666667e-06
TIAUSD,1762923600000,9.099661290323e-06
TIAUSD,1762927200000,5.585846774194e-06
TIAUSD,1762930800000,5.660754032258e-06
TIAUSD,1762934400000,1.332615591398e-06
TIAUSD,1762938000000,3.431879166667e-06
TIAUSD,1762941600000,-1.324329166667e-06
TIAUSD,1762945200000,-3.010508064516e-06
TIAUSD,1762948800000,3.186431451613e-06
TIAUSD,1762952400000,-6.164751388889e-06
TIAUSD,1762956000000,-5.406440277778e-06
TIAUSD,1762959600000,8.3830555556e-08
TIAUSD,1762963200000,-1.520016666667e-06
TIAUSD,1762966800000,1.217422222222e-06
TIAUSD,1762970400000,2.479827777778e-06
TIAUSD,1762974000000,-6.66459722222e-07
TIAUSD,1762977600000,1.419901388889e-06
TIAUSD,1762981200000,-1.7761111111e-08
TIAUSD,1762984800000,-4.99995e-06
TIAUSD,1762988400000,-3.291706989247e-06
TIAUSD,1762992000000,3.21565860215e-07
TIAUSD,1762995600000,5.136080555556e-06
TIAUSD,1762999200000,5.716333333333e-06
TIAUSD,1763002800000,3.147204166667e-06
TIAUSD,1763006400000,-1.208325e-06
TIAUSD,1763010000000,4.086506944444e-06
TIAUSD,1763013600000,1.02047625e-05
TIAUSD,1763017200000,5.252430555556e-06
TIAUSD,1763020800000,-8.42615277778e-07
TIAUSD,1763024400000,3.02850462963e-06
TIAUSD,1763028000000,8.266565277778e-06
TIAUSD,1763031600000,1.1659140277778e-05
TIAUSD,1763035200000,1.2014043055556e-05
TIAUSD,1763038800000,1.0117586111111e-05
TIAUSD,1763042400000,1.2045672222222e-05
TIAUSD,1763046000000,1.8615015277778e-05
TIAUSD,1763049600000,2.0175154166667e-05
TIAUSD,1763053200000,1.9575629166667e-05
TIAUSD,1763056800000,2.0330280555556e-05
TIAUSD,1763060400000,5.674558333333e-06
TIAUSD,1763064000000,4.696166666667e-06
TIAUSD,1763067600000,4.520855555556e-06
TIAUSD,1763071200000,7.951005555556e-06
TIAUSD,1763074800000,1.1735926388889e-05
TIAUSD,1763078400000,6.648343055556e-06
TIAUSD,1763082000000,1.044208333333e-06
TIAUSD,1763085600000,4.432926388889e-06
TIAUSD,1763089200000,4.882475e-06
TIAUSD,1763092800000,1.3841384722222e-05
TIAUSD,1763096400000,1.5743194444444e-05
TIAUSD,1763100000000,4.254552777778e-06
TIAUSD,1763103600000,-5.766038888889e-06
TIAUSD,1763107200000,1.3334579166667e-05
TIAUSD,1763110800000,7.12876388889e-07
TIAUSD,1763114400000,9.742375e-07
TIAUSD,1763118000000,5.6723611111e-08
TIAUSD,1763121600000,4.072712365591e-06
TIAUSD,1763125200000,1.8645146505376e-05
TIAUSD,1763128800000,1.0971022222222e-05
TIAUSD,1763132400000,1.3319294354839e-05
TIAUSD,1763136000000,1.0455865591398e-05
TIAUSD,1763139600000,6.294833333333e-06
TIAUSD,1763143200000,-6.776669354839e-06
TIAUSD,1763146800000,2.094148611111e-06
TIAUSD,1763150400000,5.324770833333e-06
TIAUSD,1763154000000,2.805834677419e-06
TIAUSD,1763157600000,2.330322580645e-06
TIAUSD,1763161200000,4.629219444444e-06
TIAUSD,1763164800000,1.806694444444e-06
TIAUSD,1763168400000,1.2928525e-05
TIAUSD,1763172000000,2.1763147222222e-05
TIAUSD,1763175600000,1.6636981944444e-05
TIAUSD,1763179200000,1.3424391666667e-05
TIAUSD,1763182800000,1.2880156944444e-05
TIAUSD,1763186400000,1.2243551388889e-05
TIAUSD,1763190000000,9.671002777778e-06
TIAUSD,1763193600000,8.226777777778e-06
TIAUSD,1763197200000,2.9125e-06
TIAUSD,1763200800000,7.038788978495e-06
TIAUSD,1763204400000,9.744959677419e-06
TIAUSD,1763208000000,7.129477777778e-06
TIAUSD,1763211600000,6.844238888889e-06
TIAUSD,1763215200000,9.340581944444e-06
TIAUSD,1763218800000,1.0775056944444e-05
TIAUSD,1763222400000,1.3924711111111e-05
TIAUSD,1763226000000,2.4482127777778e-05
TIAUSD,1763229600000,3.1405002777778e-05
TIAUSD,1763233200000,2.8704522222222e-05
TIAUSD,1763236800000,2.8446890277778e-05
TIAUSD,1763240400000,1.8306275537634e-05
TIAUSD,1763244000000,2.2377719086022e-05
TIAUSD,1763247600000,2.1552149193548e-05
TIAUSD,1763251200000,1.8116880376344e-05
TIAUSD,1763254800000,1.6096311111111e-05
TIAUSD,1763258400000,1.7293138888889e-05
TIAUSD,1763262000000,3.14438625e-05
TIAUSD,1763265600000,2.9659840277778e-05
TIAUSD,1763269200000,2.8213783333333e-05
TIAUSD,1763272800000,2.5685340277778e-05
TIAUSD,1763276400000,2.9211901388889e-05
TIAUSD,1763280000000,2.5882565277778e-05
TIAUSD,1763283600000,1.99513875e-05
TIAUSD,1763287200000,2.1628422222222e-05
TIAUSD,1763290800000,2.2094395833333e-05
TIAUSD,1763294400000,1.47056875e-05
TIAUSD,1763298000000,1.8332220833333e-05
TIAUSD,1763301600000,1.3779381944444e-05
TIAUSD,1763305200000,1.5393840277778e-05
TIAUSD,1763308800000,1.0355943055556e-05
TIAUSD,1763312400000,2.2587929166667e-05
TIAUSD,1763316000000,2.3283080555556e-05
TIAUSD,1763319600000,1.70495125e-05
TIAUSD,1763323200000,2.5387120833333e-05
TIAUSD,1763326800000,1.6572194892473e-05
TIAUSD,1763330400000,1.8895668010753e-05
TIAUSD,1763334000000,2.8333009722222e-05
TIAUSD,1763337600000,2.1869943055556e-05
TIAUSD,1763341200000,1.2466180107527e-05
TIAUSD,1763344800000,2.368011827957e-05
TIAUSD,1763348400000,2.5729156944444e-05
TIAUSD,1763352000000,3.3419090277778e-05
TIAUSD,1763355600000,2.5327566666667e-05
TIAUSD,1763359200000,2.9992459722222e-05
TIAUSD,1763362800000,2.5081776388889e-05
TIAUSD,1763366400000,2.5589079166667e-05
TIAUSD,1763370000000,2.5933383333333e-05
TIAUSD,1763373600000,2.5392793055556e-05
TIAUSD,1763377200000,2.9898047222222e-05
TIAUSD,1763380800000,3.3070373611111e-05
TIAUSD,1763384400000,2.7629916666667e-05
TIAUSD,1763388000000,2.3333298611111e-05
TIAUSD,1763391600000,2.5967244444444e-05
TIAUSD,1763395200000,1.9469663888889e-05
TIAUSD,1763398800000,1.8133483333333e-05
TIAUSD,1763402400000,2.9096733333333e-05
TIAUSD,1763406000000,1.9445009722222e-05
TIAUSD,1763409600000,2.7314413888889e-05
TIAUSD,1763413200000,3.8500923611111e-05
TIAUSD,1763416800000,4.2193923611111e-05
TIAUSD,1763420400000,3.4099188888889e-05
TIAUSD,1763424000000,3.3862286111111e-05
TIAUSD,1763427600000,3.6438815277778e-05
TIAUSD,1763431200000,3.2380811111111e-05
TIAUSD,1763434800000,3.5889772222222e-05
TIAUSD,1763438400000,3.8854458333333e-05
TIAUSD,1763442000000,4.0852648611111e-05
TIAUSD,1763445600000,3.6754845833333e-05
TIAUSD,1763449200000,3.1314991666667e-05
TIAUSD,1763452800000,3.3818527777778e-05
TIAUSD,1763456400000,3.5913429166667e-05
TIAUSD,1763460000000,3.2166177777778e-05
TIAUSD,1763463600000,3.4464527777778e-05
TIAUSD,1763467200000,3.1849141666667e-05
TIAUSD,1763470800000,3.5315040277778e-05
TIAUSD,1763474400000,3.3961423611111e-05
TIAUSD,1763478000000,3.0531266666667e-05
TIAUSD,1763481600000,3.4767201388889e-05
TIAUSD,1763485200000,2.0930995833333e-05
TIAUSD,1763488800000,2.0285988888889e-05
TIAUSD,1763492400000,2.4345307795699e-05
TIAUSD,1763496000000,1.5006259408602e-05
TIAUSD,1763499600000,1.3977697222222e-05
TIAUSD,1763503200000,1.6491215277778e-05
TIAUSD,1763506800000,1.9962973611111e-05
TIAUSD,1763510400000,2.2158809722222e-05
TIAUSD,1763514000000,1.82308125e-05
TIAUSD,1763517600000,1.8048572222222e-05
TIAUSD,1763521200000,2.2095511111111e-05
TIAUSD,1763524800000,9.907609126984e-06
TIAUSD,1763532000000,9.074685763889e-06
TIAUSD,1763535600000,1.3198268817204e-05
TIAUSD,1763539200000,1.5535510752688e-05
TIAUSD,1763542800000,8.007597222222e-06
TIAUSD,1763546400000,7.772719086022e-06
TIAUSD,1763550000000,1.2060989247312e-05
TIAUSD,1763553600000,1.3346143055556e-05
TIAUSD,1763557200000,1.3351534722222e-05
TIAUSD,1763560800000,1.0990143055556e-05
TIAUSD,1763564400000,1.0379343055556e-05
TIAUSD,1763568000000,2.6059376388889e-05
TIAUSD,1763571600000,3.2608379166667e-05
TIAUSD,1763575200000,2.4940033333333e-05
TIAUSD,1763578800000,2.6529596774194e-05
TIAUSD,1763582400000,4.0642360215054e-05
TIAUSD,1763586000000,1.8741956944444e-05
TIAUSD,1763589600000,3.3501218055556e-05
TIAUSD,1763593200000,3.3419271505376e-05
TIAUSD,1763596800000,3.8518706989247e-05
TIAUSD,1763600400000,4.2843897222222e-05
TIAUSD,1763604000000,5.2262019444444e-05
TIAUSD,1763607600000,4.2294139784946e-05
TIAUSD,1763611200000,3.6557522849462e-05
TIAUSD,1763614800000,3.96255625e-05
TIAUSD,1763618400000,3.3848784946237e-05
TIAUSD,1763622000000,3.8337344086022e-05
TIAUSD,1763625600000,3.7129752777778e-05
TIAUSD,1763629200000,3.8420040277778e-05
TIAUSD,1763632800000,3.2919560483871e-05
TIAUSD,1763636400000,3.4799961021505e-05
TIAUSD,1763640000000,3.5825331989247e-05
TIAUSD,1763643600000,3.438025672043e-05
TIAUSD,1763647200000,2.2211056451613e-05
TIAUSD,1763650800000,2.0459307795699e-05
TIAUSD,1763654400000,3.6179047222222e-05
TIAUSD,1763658000000,1.9548154166667e-05
TIAUSD,1763661600000,3.1865179166667e-05
TIAUSD,1763665200000,1.8093859722222e-05
TIAUSD,1763668800000,2.2273125e-05
TIAUSD,1763672400000,9.94436827957e-06
TIAUSD,1763676000000,2.4915379166667e-05
TIAUSD,1763679600000,1.2789841666667e-05
TIAUSD,1763683200000,7.517708333333e-06
TIAUSD,1763686800000,1.6149845833333e-05
TIAUSD,1763690400000,2.8364427777778e-05
TIAUSD,1763694000000,2.413122983871e-05
TIAUSD,1763697600000,3.7553029569892e-05
TIAUSD,1763701200000,3.0093241666667e-05
TIAUSD,1763704800000,2.6628520833333e-05
TIAUSD,1763708400000,2.9675962365591e-05
TIAUSD,1763712000000,3.878524193548e-06
TIAUSD,1763715600000,-1.8193140277778e-05
TIAUSD,1763719200000,-5.580116935484e-06
TIAUSD,1763722800000,1.2306588709677e-05
TIAUSD,1763726400000,1.2546094444444e-05
TIAUSD,1763730000000,6.329159722222e-06
TIAUSD,1763733600000,-3.612306944444e-06
TIAUSD,1763737200000,-6.753372222222e-06
TIAUSD,1763740800000,-1.5814654166667e-05
TIAUSD,1763744400000,-9.303398611111e-06
TIAUSD,1763748000000,-9.348281944444e-06
TIAUSD,1763751600000,-1.2384768817204e-05
TIAUSD,1763755200000,-2.7993655913978e-05
TIAUSD,1763758800000,-2.2156040322581e-05
TIAUSD,1763762400000,-1.5091075e-05
TIAUSD,1763766000000,-2.0129073924731e-05
TIAUSD,1763769600000,-2.0765063888889e-05
TIAUSD,1763773200000,-2.2236979166667e-05
TIAUSD,1763776800000,-1.5840323611111e-05
TIAUSD,1763780400000,-1.5757398611111e-05
TIAUSD,1763784000000,7.492808333333e-06
TIAUSD,1763787600000,5.771334722222e-06
TIAUSD,1763791200000,1.3705802419355e-05
TIAUSD,1763794800000,2.8946571236559e-05
TIAUSD,1763798400000,2.5146634722222e-05
TIAUSD,1763802000000,1.7456359722222e-05
TIAUSD,1763805600000,1.77685875e-05
TIAUSD,1763809200000,2.2062209722222e-05
TIAUSD,1763812800000,1.8666302777778e-05
TIAUSD,1763816400000,1.9419841666667e-05
TIAUSD,1763820000000,1.4964470833333e-05
TIAUSD,1763823600000,1.0014906944444e-05
TIAUSD,1763827200000,8.786259722222e-06
TIAUSD,1763830800000,6.4104e-06
TIAUSD,1763834400000,1.3257861111111e-05
TIAUSD,1763838000000,3.698506944444e-06
TIAUSD,1763841600000,7.673822222222e-06
TIAUSD,1763845200000,9.923997311828e-06
TIAUSD,1763848800000,4.894861111111e-06
TIAUSD,1763852400000,7.644930107527e-06
TIAUSD,1763856000000,8.8524875e-06
TIAUSD,1763859600000,1.150925e-05
TIAUSD,1763863200000,5.686668055556e-06
TIAUSD,1763866800000,4.166384722222e-06
TIAUSD,1763870400000,1.0216362903226e-05
TIAUSD,1763874000000,-1.142501344086e-06
TIAUSD,1763877600000,-5.753884722222e-06
TIAUSD,1763881200000,-8.923188888889e-06
TIAUSD,1763884800000,-3.789844444444e-06
TIAUSD,1763888400000,-2.942386111111e-06
TIAUSD,1763892000000,2.263906944444e-06
TIAUSD,1763895600000,4.848902777778e-06
TIAUSD,1763899200000,-4.565722222222e-06
TIAUSD,1763902800000,-1.9927605555556e-05
TIAUSD,1763906400000,-2.0751602777778e-05
TIAUSD,1763910000000,-2.4746070833333e-05
TIAUSD,1763913600000,-1.7165395833333e-05
TIAUSD,1763917200000,-1.9805031944444e-05
TIAUSD,1763920800000,-2.1637554166667e-05
TIAUSD,1763924400000,-2.0111370833333e-05
TIAUSD,1763928000000,-1.7629308333333e-05
TIAUSD,1763931600000,-2.8425522222222e-05
TIAUSD,1763935200000,-2.6111820833333e-05
TIAUSD,1763938800000,-2.5641433333333e-05
TIAUSD,1763942400000,-3.1142126388889e-05
TIAUSD,1763946000000,-1.7088206944444e-05
TIAUSD,1763949600000,-3.620575e-06
TIAUSD,1763953200000,2.4511048611111e-05
TIAUSD,1763956800000,1.9625037634409e-05
TIAUSD,1763960400000,1.2362344444444e-05
TIAUSD,1763964000000,6.944655913978e-06
TIAUSD,1763967600000,2.972758333333e-06
TIAUSD,1763971200000,1.2420720833333e-05
TIAUSD,1763974800000,2.1638651388889e-05
TIAUSD,1763978400000,1.9285436111111e-05
TIAUSD,1763982000000,1.3352797222222e-05
TIAUSD,1763985600000,5.486877688172e-06
TIAUSD,1763989200000,-4.454325268817e-06
TIAUSD,1763992800000,-2.969073924731e-06
TIAUSD,1763996400000,2.31061827957e-06
TIAUSD,1764000000000,1.3749827777778e-05
TIAUSD,1764003600000,3.044230555556e-06
TIAUSD,1764007200000,5.259419444444e-06
TIAUSD,1764010800000,-3.640043055556e-06
TIAUSD,1764014400000,-1.215354166667e-06
TIAUSD,1764018000000,-1.344422043011e-06
TIAUSD,1764021600000,-1.0555517473118e-05
TIAUSD,1764025200000,-3.204655555556e-06
TIAUSD,1764028800000,2.426390277778e-06
TIAUSD,1764032400000,1.706834722222e-06
TIAUSD,1764036000000,4.267306944444e-06
TIAUSD,1764039600000,-6.215277778e-09
TIAUSD,1764043200000,-2.82665277778e-07
TIAUSD,1764046800000,4.927204166667e-06
TIAUSD,1764050400000,1.757908333333e-06
TIAUSD,1764054000000,-1.3286966666667e-05
TIAUSD,1764057600000,-2.567484722222e-06
TIAUSD,1764061200000,1.703054166667e-06
TIAUSD,1764064800000,1.1877816666667e-05
TIAUSD,1764068400000,8.979913888889e-06
TIAUSD,1764072000000,7.976948611111e-06
TIAUSD,1764075600000,1.0518884408602e-05
TIAUSD,1764079200000,4.975245967742e-06
TIAUSD,1764082800000,1.0521643055556e-05
TIAUSD,1764086400000,3.0627847222222e-05
TIAUSD,1764090000000,3.6690211111111e-05
TIAUSD,1764093600000,2.5868763888889e-05
TIAUSD,1764097200000,3.8968027777778e-05
TIAUSD,1764100800000,3.8520622222222e-05
TIAUSD,1764104400000,3.5430302777778e-05
TIAUSD,1764108000000,2.4304293055556e-05
TIAUSD,1764111600000,3.8838514784946e-05
TIAUSD,1764115200000,3.6398301075269e-05
TIAUSD,1764118800000,2.6830631944444e-05
TIAUSD,1764122400000,3.2890131944444e-05
TIAUSD,1764126000000,2.5369041666667e-05
TIAUSD,1764129600000,1.87467e-05
TIAUSD,1764133200000,1.4540988888889e-05
TIAUSD,1764136800000,1.0670170833333e-05
TIAUSD,1764140400000,2.815218055556e-06
TIAUSD,1764144000000,6.995041666667e-06
TIAUSD,1764147600000,7.838862847222e-06
TIAUSD,1764151200000,1.3294820833333e-05
TIAUSD,1764154800000,2.4222891666667e-05
TIAUSD,1764158400000,8.140942204301e-06
TIAUSD,1764162000000,1.6427163978495e-05
TIAUSD,1764165600000,2.2534027777778e-05
TIAUSD,1764169200000,1.1109848611111e-05
TIAUSD,1764172800000,1.1267918055556e-05
TIAUSD,1764176400000,1.8444227150538e-05
TIAUSD,1764180000000,1.1740383064516e-05
TIAUSD,1764183600000,2.1146904166667e-05
TIAUSD,1764187200000,2.285052016129e-05
TIAUSD,1764190800000,2.2175662634409e-05
TIAUSD,1764194400000,1.6771972222222e-05
TIAUSD,1764198000000,9.644743055556e-06
TIAUSD,1764201600000,2.2248933333333e-05
TIAUSD,1764205200000,1.6139548611111e-05
TIAUSD,1764208800000,1.5905502777778e-05
TIAUSD,1764212400000,1.253173611111e-06
TIAUSD,1764216000000,4.405866935484e-06
TIAUSD,1764219600000,-6.603077956989e-06
TIAUSD,1764223200000,2.3066666667e-08
TIAUSD,1764226800000,6.763008333333e-06
TIAUSD,1764230400000,-7.198305555556e-06
TIAUSD,1764234000000,-8.691763888889e-06
TIAUSD,1764237600000,-6.378104166667e-06
TIAUSD,1764241200000,-5.666327777778e-06
TIAUSD,1764244800000,-5.059554166667e-06
TIAUSD,1764248400000,1.1643405448718e-05
TIAUSD,1764252000000,8.581913888889e-06
TIAUSD,1764255600000,7.942069444444e-06
TIAUSD,1764259200000,1.0475229166667e-05
TIAUSD,1764262800000,3.735113888889e-06
TIAUSD,1764266400000,1.0482998611111e-05
TIAUSD,1764270000000,-6.808766666667e-06
TIAUSD,1764273600000,-1.140570833333e-06
TIAUSD,1764277200000,-1.4242522222222e-05
TIAUSD,1764280800000,-2.0112529166667e-05
TIAUSD,1764284400000,-3.2902156944444e-05
TIAUSD,1764288000000,-1.5913240277778e-05
TIAUSD,1764291600000,-1.4988434722222e-05
TIAUSD,1764295200000,-1.0911294444444e-05
TIAUSD,1764298800000,9.135506944444e-06
TIAUSD,1764302400000,1.0691229166667e-05
TIAUSD,1764306000000,1.9669526388889e-05
TIAUSD,1764309600000,7.286629166667e-06
TIAUSD,1764313200000,-9.193197222222e-06
TIAUSD,1764316800000,-1.61433333333e-07
TIAUSD,1764320400000,4.769272222222e-06
TIAUSD,1764324000000,-5.764302777778e-06
TIAUSD,1764327600000,1.997740277778e-06
TIAUSD,1764331200000,-9.8461875e-06
TIAUSD,1764334800000,-2.5170490277778e-05
TIAUSD,1764338400000,-1.9008422222222e-05
TIAUSD,1764342000000,-7.618352777778e-06
TIAUSD,1764345600000,-1.4844459722222e-05
TIAUSD,1764349200000,-7.841409722222e-06
TIAUSD,1764352800000,-8.330084722222e-06
TIAUSD,1764356400000,-7.245986111111e-06
TIAUSD,1764360000000,-1.5344125e-06
TIAUSD,1764363600000,-5.399033333333e-06
TIAUSD,1764367200000,-3.26069625e-05
TIAUSD,1764370800000,-3.0391502777778e-05
TIAUSD,1764374400000,-1.1383304166667e-05
TIAUSD,1764378000000,-1.6592898611111e-05
TIAUSD,1764381600000,-7.669884722222e-06
TIAUSD,1764385200000,1.533311111111e-06
TIAUSD,1764388800000,-3.2664625e-06
TIAUSD,1764392400000,1.619634722222e-06
TIAUSD,1764396000000,6.0234375e-06
TIAUSD,1764399600000,1.6723177777778e-05
TIAUSD,1764403200000,3.385270833333e-06
TIAUSD,1764406800000,9.752593055556e-06
TIAUSD,1764410400000,-3.067108333333e-06
TIAUSD,1764414000000,9.90255555556e-07
TIAUSD,1764417600000,4.007938888889e-06
TIAUSD,1764421200000,-1.8727890277778e-05
TIAUSD,1764424800000,-1.0227715277778e-05
TIAUSD,1764428400000,1.6022780555556e-05
TIAUSD,1764432000000,1.4739e-06
TIAUSD,1764435600000,-1.468875e-06
TIAUSD,1764439200000,-4.559391666667e-06
TIAUSD,1764442800000,2.902595833333e-06
TIAUSD,1764446400000,-3.771751388889e-06
TIAUSD,1764450000000,1.303373611111e-06
TIAUSD,1764453600000,2.089381944444e-06
TIAUSD,1764457200000,-2.229352777778e-06
TIAUSD,1764460800000,-3.223369444444e-06
TIAUSD,1764464400000,-1.1987279166667e-05
TIAUSD,1764468000000,-7.553772222222e-06
TIAUSD,1764471600000,-3.505843055556e-06
TIAUSD,1764475200000,5.878904166667e-06
TIAUSD,1764478800000,1.0576634722222e-05
TIAUSD,1764482400000,3.647581944444e-06
TIAUSD,1764486000000,1.6158419444444e-05
TIAUSD,1764489600000,7.413084722222e-06
TIAUSD,1764493200000,7.798905555556e-06
TIAUSD,1764496800000,-7.229693055556e-06
TIAUSD,1764500400000,-1.4835844444444e-05
TIAUSD,1764504000000,6.777418055556e-06
TIAUSD,1764507600000,9.395125e-07
TIAUSD,1764511200000,-9.034675e-06
TIAUSD,1764514800000,-1.3833176388889e-05
TIAUSD,1764518400000,-2.0139708333333e-05
TIAUSD,1764522000000,-1.1536479166667e-05
TIAUSD,1764525600000,-1.2225654166667e-05
TIAUSD,1764529200000,-3.140472222222e-06
TIAUSD,1764532800000,3.59955e-06
TIAUSD,1764536400000,-3.647688888889e-06
TIAUSD,1764540000000,4.187625e-06
TIAUSD,1764543600000,9.6781e-06
TIAUSD,1764547200000,-2.757748611111e-06
TIAUSD,1764550800000,-2.6089754166667e-05
TIAUSD,1764554400000,-1.3925541666667e-05
TIAUSD,1764558000000,-8.893626388889e-06
TIAUSD,1764561600000,-8.9856944444e-08
TIAUSD,1764565200000,-2.4617286111111e-05
TIAUSD,1764568800000,-2.3552433333333e-05
TIAUSD,1764572400000,-2.6939918055556e-05
TIAUSD,1764576000000,-2.6135547222222e-05
TIAUSD,1764579600000,-3.1226058333333e-05
TIAUSD,1764583200000,-3.2410698611111e-05
TIAUSD,1764586800000,-3.4865177777778e-05
TIAUSD,1764590400000,-1.81119875e-05
TIAUSD,1764594000000,-1.8128115277778e-05
TIAUSD,1764597600000,-2.3179290277778e-05
TIAUSD,1764601200000,-3.1338722222222e-05
TIAUSD,1764604800000,-3.94332e-05
TIAUSD,1764608400000,-3.95454e-05
TIAUSD,1764612000000,-3.3303273611111e-05
TIAUSD,1764615600000,-1.9294651388889e-05
TIAUSD,1764619200000,-1.1524933333333e-05
TIAUSD,1764622800000,-1.2828651388889e-05
TIAUSD,1764626400000,-2.0175731944444e-05
TIAUSD,1764630000000,-1.742905e-05
TIAUSD,1764633600000,-1.65936625e-05
TIAUSD,1764637200000,-1.1627084722222e-05
TIAUSD,1764640800000,-2.2344788888889e-05
TIAUSD,1764644400000,-1.7784302777778e-05
TIAUSD,1764648000000,-1.3673076388889e-05
TIAUSD,1764651600000,-1.0730711111111e-05
TIAUSD,1764655200000,-1.2683969444444e-05
TIAUSD,1764658800000,-3.637583333333e-06
TIAUSD,1764662400000,-1.514840277778e-06
TIAUSD,1764666000000,-1.229390277778e-06
TIAUSD,1764669600000,-4.2146125e-06
TIAUSD,1764673200000,-2.278451388889e-06
TIAUSD,1764676800000,-2.215172222222e-06
TIAUSD,1764680400000,1.00144444444e-07
TIAUSD,1764684000000,1.558401388889e-06
TIAUSD,1764687600000,-1.21138625e-05
TIAUSD,1764691200000,-7.943951388889e-06
TIAUSD,1764694800000,1.1791118055556e-05
TIAUSD,1764698400000,1.3405290277778e-05
TIAUSD,1764702000000,1.0820854166667e-05
TIAUSD,1764705600000,3.579444444444e-06
TIAUSD,1764709200000,1.0929047222222e-05
TIAUSD,1764712800000,-1.632106944444e-06
TIAUSD,1764716400000,2.431755376344e-06
TIAUSD,1764720000000,7.185794354839e-06
TIAUSD,1764723600000,2.215418055556e-06
TIAUSD,1764727200000,8.126775e-06
TIAUSD,1764730800000,2.643505555556e-06
TIAUSD,1764734400000,2.0985e-06
TIAUSD,1764738000000,-2.575758333333e-06
TIAUSD,1764741600000,-1.252386111111e-06
TIAUSD,1764745200000,-1.643715e-05
TIAUSD,1764748800000,-1.9599022222222e-05
TIAUSD,1764752400000,-5.432859722222e-06
TIAUSD,1764756000000,-2.1155638888889e-05
TIAUSD,1764759600000,-9.885608333333e-06
TIAUSD,1764763200000,-5.774277777778e-06
TIAUSD,1764766800000,-2.063385e-05
TIAUSD,1764770400000,-3.0579995833333e-05
TIAUSD,1764774000000,-3.6930854166667e-05
TIAUSD,1764777600000,-2.0267026388889e-05
TIAUSD,1764781200000,-1.7105343055556e-05
TIAUSD,1764784800000,-1.1233375e-05
TIAUSD,1764788400000,-2.561751388889e-06
TIAUSD,1764792000000,-1.395447222222e-06
TIAUSD,1764795600000,-3.0374625e-06
TIAUSD,1764799200000,4.000918055556e-06
TIAUSD,1764802800000,-5.175248611111e-06
TIAUSD,1764806400000,-1.383051388889e-06
TIAUSD,1764810000000,1.0574181944444e-05
TIAUSD,1764813600000,-2.13655555556e-07
TIAUSD,1764817200000,6.964518055556e-06
TIAUSD,1764820800000,2.223525e-06
TIAUSD,1764824400000,1.1355034722222e-05
TIAUSD,1764828000000,2.2760541666667e-05
TIAUSD,1764831600000,9.984501388889e-06
TIAUSD,1764835200000,5.515891666667e-06
TIAUSD,1764842400000,-1.441465625e-05
TIAUSD,1764846000000,2.6371198611111e-05
TIAUSD,1764849600000,2.0435702777778e-05
TIAUSD,1764853200000,1.9443659722222e-05
TIAUSD,1764856800000,8.444820833333e-06
TIAUSD,1764860400000,2.2786541666667e-05
TIAUSD,1764864000000,2.3621256944444e-05
TIAUSD,1764867600000,1.9498881944444e-05
TIAUSD,1764871200000,2.3921101388889e-05
TIAUSD,1764874800000,6.190970833333e-06
TIAUSD,1764878400000,2.4617106944444e-05
TIAUSD,1764882000000,2.1497593055556e-05
TIAUSD,1764885600000,1.5752505555556e-05
TIAUSD,1764889200000,1.8253301388889e-05
TIAUSD,1764892800000,1.4481066666667e-05
TIAUSD,1764896400000,1.2079466666667e-05
TIAUSD,1764900000000,1.2669233333333e-05
TIAUSD,1764903600000,1.5146186111111e-05
TIAUSD,1764907200000,8.969179166667e-06
TIAUSD,1764910800000,8.563686111111e-06
TIAUSD,1764914400000,1.6854005555556e-05
TIAUSD,1764918000000,1.4915676388889e-05
TIAUSD,1764921600000,1.4456254166667e-05
TIAUSD,1764925200000,1.4713511111111e-05
TIAUSD,1764928800000,3.3459402777778e-05
TIAUSD,1764932400000,3.0619998611111e-05
TIAUSD,1764936000000,1.5635179166667e-05
TIAUSD,1764939600000,2.0897095833333e-05
TIAUSD,1764943200000,2.4897065277778e-05
TIAUSD,1764946800000,2.3128373611111e-05
TIAUSD,1764950400000,2.1572316666667e-05
TIAUSD,1764954000000,3.873619444444e-06
TIAUSD,1764957600000,5.967891666667e-06
TIAUSD,1764961200000,2.3421254166667e-05
TIAUSD,1764964800000,2.6886504166667e-05
TIAUSD,1764968400000,9.408166666667e-06
TIAUSD,1764972000000,9.555551388889e-06
TIAUSD,1764975600000,7.3963875e-06
TIAUSD,1764979200000,1.5120193055556e-05
TIAUSD,1764982800000,1.9207493055556e-05
TIAUSD,1764986400000,9.990765277778e-06
TIAUSD,1764990000000,1.8717723611111e-05
TIAUSD,1764993600000,1.60518e-05
TIAUSD,1764997200000,1.4700786111111e-05
TIAUSD,1765000800000,1.7180672222222e-05
TIAUSD,1765004400000,9.807333333333e-06
TIAUSD,1765008000000,9.791384722222e-06
TIAUSD,1765011600000,1.03249375e-05
TIAUSD,1765015200000,2.4537752777778e-05
TIAUSD,1765018800000,1.9238026388889e-05
TIAUSD,1765022400000,1.8278743055556e-05
TIAUSD,1765026000000,1.4066351388889e-05
TIAUSD,1765029600000,1.2935747222222e-05
TIAUSD,1765033200000,1.8901833333333e-05
TIAUSD,1765036800000,2.2127123611111e-05
TIAUSD,1765040400000,2.6888843055556e-05
TIAUSD,1765044000000,2.94985e-05
TIAUSD,1765047600000,1.6575508333333e-05
TIAUSD,1765051200000,1.2276641666667e-05
TIAUSD,1765054800000,5.556656944444e-06
TIAUSD,1765058400000,1.4619241666667e-05
TIAUSD,1765062000000,1.0892727777778e-05
TIAUSD,1765065600000,1.1114408333333e-05
TIAUSD,1765069200000,1.8616480555556e-05
TIAUSD,1765072800000,4.063334722222e-06
TIAUSD,1765076400000,8.9131125e-06
TIAUSD,1765080000000,2.1000716666667e-05
TIAUSD,1765083600000,1.7427584722222e-05
TIAUSD,1765087200000,2.1350883333333e-05
TIAUSD,1765090800000,2.01800875e-05
TIAUSD,1765094400000,1.19995833333e-07
TIAUSD,1765098000000,5.356693055556e-06
TIAUSD,1765101600000,8.038080555556e-06
TIAUSD,1765105200000,3.40688888889e-07
TIAUSD,1765108800000,3.792477777778e-06
TIAUSD,1765112400000,9.094204166667e-06
TIAUSD,1765116000000,5.480843055556e-06
TIAUSD,1765119600000,1.0463934722222e-05
TIAUSD,1765123200000,1.5690169444444e-05
TIAUSD,1765126800000,1.0444675e-05
TIAUSD,1765130400000,1.3042101388889e-05
TIAUSD,1765134000000,3.747170833333e-06
TIAUSD,1765137600000,3.310540277778e-06
TIAUSD,1765141200000,4.063e-06
TIAUSD,1765144800000,-8.112809722222e-06
TIAUSD,1765148400000,7.143425e-06
TIAUSD,1765152000000,3.565054166667e-06
TIAUSD,1765155600000,6.209944444444e-06
TIAUSD,1765159200000,9.238394444444e-06
TIAUSD,1765162800000,3.0962226388889e-05
TIAUSD,1765166400000,2.8125540277778e-05
TIAUSD,1765170000000,3.5391622222222e-05
TIAUSD,1765173600000,4.4551120833333e-05
TIAUSD,1765177200000,2.6326572222222e-05
TIAUSD,1765180800000,-3.400631944444e-06
TIAUSD,1765184400000,1.0599997222222e-05
TIAUSD,1765188000000,9.013636111111e-06
TIAUSD,1765191600000,1.4563473611111e-05
TIAUSD,1765195200000,6.766947222222e-06
TIAUSD,1765198800000,2.1710925e-05
TIAUSD,1765202400000,-2.297204166667e-06
TIAUSD,1765206000000,1.4672423611111e-05
TIAUSD,1765209600000,4.493243055556e-06
TIAUSD,1765213200000,6.185761111111e-06
TIAUSD,1765216800000,1.0297202777778e-05
TIAUSD,1765220400000,1.0179466666667e-05
TIAUSD,1765224000000,1.4154190277778e-05
TIAUSD,1765227600000,1.4390522222222e-05
TIAUSD,1765231200000,6.303188888889e-06
TIAUSD,1765234800000,2.968109722222e-06
TIAUSD,1765238400000,1.7178027777778e-05
TIAUSD,1765242000000,-9.55923611111e-07
TIAUSD,1765245600000,1.521294444444e-06
TIAUSD,1765249200000,-1.139935e-05
TIAUSD,1765252800000,-7.227269444444e-06
TIAUSD,1765256400000,-4.023825e-06
TIAUSD,1765260000000,-2.265426388889e-06
TIAUSD,1765263600000,3.447556944444e-06
TIAUSD,1765267200000,1.9498054166667e-05
TIAUSD,1765270800000,4.230858333333e-06
TIAUSD,1765274400000,-3.394886111111e-06
TIAUSD,1765278000000,2.6346720833333e-05
TIAUSD,1765281600000,6.158648611111e-06
TIAUSD,1765285200000,1.5140547222222e-05
TIAUSD,1765288800000,-3.76145833333e-07
TIAUSD,1765292400000,5.591327777778e-06
TIAUSD,1765296000000,2.57945e-06
TIAUSD,1765299600000,1.9463368055556e-05
TIAUSD,1765303200000,9.007965277778e-06
TIAUSD,1765306800000,1.7517198611111e-05
TIAUSD,1765310400000,1.2916716666667e-05
TIAUSD,1765314000000,1.5741069444444e-05
TIAUSD,1765317600000,1.1057216666667e-05
TIAUSD,1765321200000,1.256569444444e-06
TIAUSD,1765324800000,6.91986111111e-07
TIAUSD,1765328400000,-8.971577777778e-06
TIAUSD,1765332000000,-1.2434980555556e-05
TIAUSD,1765335600000,-2.8706620833333e-05
TIAUSD,1765339200000,-1.4661891666667e-05
TIAUSD,1765342800000,-1.7848722222222e-05
TIAUSD,1765346400000,-2.0022784722222e-05
TIAUSD,1765350000000,-5.773504166667e-06
TIAUSD,1765353600000,7.879894444444e-06
TIAUSD,1765357200000,-1.6533315277778e-05
TIAUSD,1765360800000,-2.9521916666667e-05
TIAUSD,1765364400000,-3.4255901388889e-05
TIAUSD,1765368000000,-2.9220334722222e-05
TIAUSD,1765371600000,-2.4091444444444e-05
TIAUSD,1765375200000,-1.7846111111111e-05
TIAUSD,1765378800000,-2.1999802777778e-05
TIAUSD,1765382400000,-1.6565197222222e-05
TIAUSD,1765386000000,-1.7566502777778e-05
TIAUSD,1765389600000,-1.7836047222222e-05
TIAUSD,1765393200000,-1.4230876388889e-05
TIAUSD,1765396800000,-3.854593055556e-06
TIAUSD,1765400400000,-4.278401388889e-06
TIAUSD,1765404000000,-2.383523611111e-06
TIAUSD,1765407600000,5.968470833333e-06
TIAUSD,1765411200000,2.281220833333e-06
TIAUSD,1765414800000,5.841258333333e-06
TIAUSD,1765418400000,1.432325e-06
TIAUSD,1765422000000,-3.126288888889e-06
TIAUSD,1765425600000,-1.7693191666667e-05
TIAUSD,1765429200000,-3.9757195833333e-05
TIAUSD,1765432800000,-3.4599941666667e-05
TIAUSD,1765436400000,-2.9628325e-05
TIAUSD,1765440000000,-2.0678145833333e-05
TIAUSD,1765443600000,-2.114175e-05
TIAUSD,1765447200000,-1.6795951388889e-05
TIAUSD,1765450800000,-2.8151491666667e-05
TIAUSD,1765454400000,-3.5614061111111e-05
TIAUSD,1765458000000,-3.6436627777778e-05
TIAUSD,1765461600000,-3.1422515277778e-05
TIAUSD,1765465200000,-3.0587e-05
TIAUSD,1765468800000,-2.8009640277778e-05
TIAUSD,1765472400000,-1.3602422222222e-05
TIAUSD,1765476000000,-1.0891591666667e-05
TIAUSD,1765479600000,2.73577777778e-07
TIAUSD,1765483200000,6.545184722222e-06
TIAUSD,1765486800000,1.4857445833333e-05
TIAUSD,1765490400000,2.1459272222222e-05
TIAUSD,1765494000000,3.384138888889e-06
TIAUSD,1765497600000,-1.254936111111e-06
TIAUSD,1765501200000,-4.501079166667e-06
TIAUSD,1765504800000,8.48119444444e-07
TIAUSD,1765508400000,1.2371369444444e-05
TIAUSD,1765512000000,8.240855555556e-06
TIAUSD,1765515600000,9.516197222222e-06
TIAUSD,1765519200000,1.60973625e-05
TIAUSD,1765522800000,9.519880555556e-06
TIAUSD,1765526400000,4.265997222222e-06
TIAUSD,1765530000000,3.824815277778e-06
TIAUSD,1765533600000,1.32526125e-05
TIAUSD,1765537200000,5.689302777778e-06
TIAUSD,1765540800000,-2.5501388889e-08
TIAUSD,1765544400000,6.095311111111e-06
TIAUSD,1765548000000,-9.24609722222e-07
TIAUSD,1765551600000,3.44888888889e-07
TIAUSD,1765555200000,-3.603018055556e-06
TIAUSD,1765558800000,-2.0740436111111e-05
TIAUSD,1765562400000,-2.8613791666667e-05
TIAUSD,1765566000000,-2.0254763888889e-05
TIAUSD,1765569600000,-9.903963888889e-06
TIAUSD,1765573200000,-1.1529948611111e-05
TIAUSD,1765576800000,-2.0255329166667e-05
TIAUSD,1765580400000,-6.928518055556e-06
TIAUSD,1765584000000,1.112170833333e-06
TIAUSD,1765587600000,-7.477147222222e-06
TIAUSD,1765591200000,8.686716666667e-06
TIAUSD,1765594800000,7.610654166667e-06
TIAUSD,1765598400000,1.4538358333333e-05
TIAUSD,1765602000000,2.2150713888889e-05
TIAUSD,1765605600000,1.7264958333333e-05
TIAUSD,1765609200000,4.959751388889e-06
TIAUSD,1765612800000,9.424830555556e-06
TIAUSD,1765616400000,1.18217875e-05
TIAUSD,1765620000000,4.7991e-06
TIAUSD,1765623600000,9.835916666667e-06
TIAUSD,1765627200000,1.2814619444444e-05
TIAUSD,1765630800000,1.9640273611111e-05
TIAUSD,1765634400000,1.0458619444444e-05
TIAUSD,1765638000000,1.1479529166667e-05
TIAUSD,1765641600000,8.117748611111e-06
TIAUSD,1765645200000,8.736516666667e-06
TIAUSD,1765648800000,1.1530254166667e-05
TIAUSD,1765652400000,1.7834073611111e-05
TIAUSD,1765656000000,3.6018680555556e-05
TIAUSD,1765659600000,3.3674633333333e-05
TIAUSD,1765663200000,1.90568875e-05
TIAUSD,1765666800000,1.8603913888889e-05
TIAUSD,1765670400000,1.6001708333333e-05
TIAUSD,1765674000000,-2.691645833333e-06
TIAUSD,1765677600000,-9.366359722222e-06
TIAUSD,1765681200000,7.868273611111e-06
TIAUSD,1765684800000,1.2022394444444e-05
TIAUSD,1765688400000,1.1030779166667e-05
TIAUSD,1765692000000,-2.893748611111e-06
TIAUSD,1765695600000,-7.227372222222e-06
TIAUSD,1765699200000,-1.0919759722222e-05
TIAUSD,1765702800000,-1.3892304166667e-05
TIAUSD,1765706400000,-1.4892234722222e-05
TIAUSD,1765710000000,-1.2885426388889e-05
TIAUSD,1765713600000,-1.1728334722222e-05
TIAUSD,1765717200000,-4.998086111111e-06
TIAUSD,1765720800000,-6.559461111111e-06
TIAUSD,1765724400000,1.0106423611111e-05
TIAUSD,1765728000000,3.059594444444e-06
TIAUSD,1765731600000,-1.355848611111e-06
TIAUSD,1765735200000,-1.1993322222222e-05
TIAUSD,1765738800000,-1.5329523611111e-05
TIAUSD,1765742400000,-1.9368680555556e-05
TIAUSD,1765746000000,-5.897379166667e-06
TIAUSD,1765749600000,-8.919930555556e-06
TIAUSD,1765753200000,-2.6259068055556e-05
TIAUSD,1765756800000,-2.5929593055556e-05
TIAUSD,1765760400000,-3.1411659722222e-05
TIAUSD,1765764000000,-3.2082431944444e-05
TIAUSD,1765767600000,-4.53311875e-05
TIAUSD,1765771200000,-2.8579284722222e-05
TIAUSD,1765774800000,-2.8480569444444e-05
TIAUSD,1765778400000,-2.2482998611111e-05
TIAUSD,1765782000000,-1.6793640277778e-05
TIAUSD,1765785600000,-2.8030283333333e-05
TIAUSD,1765789200000,-2.8441715277778e-05
TIAUSD,1765792800000,-3.1138976388889e-05
TIAUSD,1765796400000,-2.3190429166667e-05
TIAUSD,1765800000000,-2.5274773611111e-05
TIAUSD,1765803600000,-2.4279840277778e-05
TIAUSD,1765807200000,-3.2968511111111e-05
TIAUSD,1765810800000,-2.9303015277778e-05
TIAUSD,1765814400000,-2.4225529166667e-05
TIAUSD,1765818000000,-3.2910643055556e-05
TIAUSD,1765821600000,-3.7950019444444e-05
TIAUSD,1765825200000,-2.7232113888889e-05
TIAUSD,1765828800000,-1.1064626388889e-05
TIAUSD,1765832400000,-6.367381944444e-06
TIAUSD,1765836000000,-1.3216390277778e-05
TIAUSD,1765839600000,-1.4229433333333e-05
TIAUSD,1765843200000,-4.15501388889e-07
TIAUSD,1765846800000,6.032597222222e-06
TIAUSD,1765850400000,-1.693059722222e-06
TIAUSD,1765854000000,2.987231944444e-06
TIAUSD,1765857600000,1.3292820833333e-05
TIAUSD,1765861200000,2.7806944444e-08
TIAUSD,1765864800000,1.889734722222e-06
TIAUSD,1765868400000,-1.0367416666667e-05
TIAUSD,1765872000000,-8.731369444444e-06
TIAUSD,1765875600000,2.3635944444444e-05
TIAUSD,1765879200000,3.4564293055556e-05
TIAUSD,1765882800000,3.2574430555556e-05
TIAUSD,1765886400000,4.0244909722222e-05
TIAUSD,1765890000000,3.3774934722222e-05
TIAUSD,1765893600000,3.1290890277778e-05
TIAUSD,1765897200000,2.0922634722222e-05
TIAUSD,1765900800000,1.7537663888889e-05
TIAUSD,1765904400000,9.8281e-06
TIAUSD,1765908000000,1.7199968055556e-05
TIAUSD,1765911600000,2.4733947222222e-05
TIAUSD,1765915200000,2.35810625e-05
TIAUSD,1765918800000,2.6162684722222e-05
TIAUSD,1765922400000,3.0838641666667e-05
TIAUSD,1765926000000,3.0058638888889e-05
TIAUSD,1765929600000,2.491605e-05
TIAUSD,1765933200000,3.7428047222222e-05
TIAUSD,1765936800000,4.3779105555556e-05
TIAUSD,1765940400000,4.8703545833333e-05
TIAUSD,1765944000000,3.9359523611111e-05
TIAUSD,1765947600000,3.8102891666667e-05
TIAUSD,1765951200000,3.1561847222222e-05
TIAUSD,1765954800000,2.4610711111111e-05
TIAUSD,1765958400000,2.9415844444444e-05
TIAUSD,1765962000000,4.1632905555556e-05
TIAUSD,1765965600000,4.2795934722222e-05
TIAUSD,1765969200000,3.4795411111111e-05
TIAUSD,1765972800000,1.6229161111111e-05
TIAUSD,1765976400000,2.2542970833333e-05
TIAUSD,1765980000000,2.7663868055556e-05
TIAUSD,1765983600000,1.7679070833333e-05
TIAUSD,1765987200000,1.5947468055556e-05
TIAUSD,1765990800000,5.996125e-06
TIAUSD,1765994400000,8.168511111111e-06
TIAUSD,1765998000000,1.0447097222222e-05
TIAUSD,1766001600000,-4.02851388889e-07
TIAUSD,1766005200000,-1.2544898611111e-05
TIAUSD,1766008800000,2.467090277778e-06
TIAUSD,1766012400000,4.960008333333e-06
TIAUSD,1766016000000,1.7378029166667e-05
TIAUSD,1766019600000,2.0427291666667e-05
TIAUSD,1766023200000,1.7246631944444e-05
TIAUSD,1766026800000,2.0099452777778e-05
TIAUSD,1766030400000,1.5432031944444e-05
TIAUSD,1766034000000,2.1634711111111e-05
TIAUSD,1766037600000,2.4228398611111e-05
TIAUSD,1766041200000,4.0439991666667e-05
TIAUSD,1766044800000,4.2957731944444e-05
TIAUSD,1766048400000,3.7572085144928e-05
TIAUSD,1766052000000,3.9304186111111e-05
TIAUSD,1766055600000,4.4822090277778e-05
TIAUSD,1766059200000,5.1256365277778e-05
TIAUSD,1766062800000,4.4000843055556e-05
TIAUSD,1766066400000,1.3323118055556e-05
TIAUSD,1766070000000,1.3192802777778e-05
TIAUSD,1766073600000,1.2599227777778e-05
TIAUSD,1766077200000,1.5315261111111e-05
TIAUSD,1766080800000,6.063501388889e-06
TIAUSD,1766084400000,8.624722222222e-06
TIAUSD,1766088000000,1.4180197222222e-05
TIAUSD,1766091600000,1.1502561111111e-05
TIAUSD,1766095200000,1.2524983333333e-05
TIAUSD,1766098800000,1.2070241666667e-05
TIAUSD,1766102400000,1.7075688888889e-05
TIAUSD,1766106000000,2.7232388888889e-05
TIAUSD,1766109600000,2.9406125e-05
TIAUSD,1766113200000,3.4133427777778e-05
TIAUSD,1766116800000,3.88297625e-05
TIAUSD,1766120400000,3.4653547222222e-05
TIAUSD,1766124000000,3.4258604166667e-05
TIAUSD,1766127600000,4.4850625e-05
TIAUSD,1766131200000,4.9476205555556e-05
TIAUSD,1766134800000,4.6492680555556e-05
TIAUSD,1766138400000,4.6441215277778e-05
TIAUSD,1766142000000,4.8407076388889e-05
TIAUSD,1766145600000,3.69449e-05
TIAUSD,1766149200000,3.5710775e-05
TIAUSD,1766152800000,2.9791588888889e-05
TIAUSD,1766156400000,2.7616890277778e-05
TIAUSD,1766160000000,1.4431113888889e-05
TIAUSD,1766163600000,2.0144101388889e-05
TIAUSD,1766167200000,1.2280268055556e-05
TIAUSD,1766170800000,1.0490477777778e-05
TIAUSD,1766174400000,1.5042597222222e-05
TIAUSD,1766178000000,2.3383605555556e-05
TIAUSD,1766181600000,2.5472473611111e-05
TIAUSD,1766185200000,2.63956875e-05
TIAUSD,1766188800000,2.6520816666667e-05
TIAUSD,1766192400000,2.7329868055556e-05
TIAUSD,1766196000000,2.2010936111111e-05
TIAUSD,1766199600000,3.4444048611111e-05
TIAUSD,1766203200000,4.0367101388889e-05
TIAUSD,1766206800000,5.0159065277778e-05
TIAUSD,1766210400000,5.1184343055556e-05
TIAUSD,1766214000000,4.856165e-05
TIAUSD,1766217600000,6.0442770833333e-05
TIAUSD,1766221200000,4.8849313888889e-05
TIAUSD,1766224800000,3.8616375e-05
TIAUSD,1766228400000,3.0965370833333e-05
TIAUSD,1766232000000,2.8834791666667e-05
TIAUSD,1766235600000,2.4871561111111e-05
TIAUSD,1766239200000,1.8949409722222e-05
TIAUSD,1766242800000,1.8390315277778e-05
TIAUSD,1766246400000,2.2478218055556e-05
TIAUSD,1766250000000,2.2996015277778e-05
TIAUSD,1766253600000,2.8078476388889e-05
TIAUSD,1766257200000,3.2985543055556e-05
TIAUSD,1766260800000,2.7891306944444e-05
TIAUSD,1766264400000,3.3550781944444e-05
TIAUSD,1766268000000,4.0723673611111e-05
TIAUSD,1766271600000,3.5277372222222e-05
TIAUSD,1766275200000,2.5782402777778e-05
TIAUSD,1766278800000,2.3098408333333e-05
TIAUSD,1766282400000,1.8122765277778e-05
TIAUSD,1766286000000,2.4092998611111e-05
TIAUSD,1766289600000,2.5825102777778e-05
TIAUSD,1766293200000,2.4731983333333e-05
TIAUSD,1766296800000,3.1964247222222e-05
TIAUSD,1766300400000,2.1354951388889e-05
TIAUSD,1766304000000,2.5236720833333e-05
TIAUSD,1766307600000,2.3355061111111e-05
TIAUSD,1766311200000,2.0339777777778e-05
TIAUSD,1766314800000,1.5737791666667e-05
TIAUSD,1766318400000,1.4302277777778e-05
TIAUSD,1766322000000,2.177625e-05
TIAUSD,1766325600000,1.6758941666667e-05
TIAUSD,1766329200000,6.857380555556e-06
TIAUSD,1766332800000,4.4538e-06
TIAUSD,1766336400000,2.5142008333333e-05
TIAUSD,1766340000000,2.9047655555556e-05
TIAUSD,1766343600000,2.01681875e-05
TIAUSD,1766347200000,1.3655526388889e-05
TIAUSD,1766350800000,7.845680555556e-06
TIAUSD,1766354400000,1.1923352777778e-05
TIAUSD,1766358000000,1.3905344444444e-05
TIAUSD,1766361600000,1.5340919444444e-05
TIAUSD,1766365200000,2.7376586111111e-05
TIAUSD,1766368800000,2.3046876388889e-05
TIAUSD,1766372400000,1.1320122222222e-05
TIAUSD,1766376000000,1.3352102777778e-05
TIAUSD,1766379600000,7.985697222222e-06
TIAUSD,1766383200000,2.7122875e-06
TIAUSD,1766386800000,3.182781944444e-06
TIAUSD,1766390400000,6.889606944444e-06
TIAUSD,1766394000000,-2.308342261905e-06
TIAUSD,1766397600000,9.669144444444e-06
TIAUSD,1766401200000,5.041686111111e-06
TIAUSD,1766404800000,1.0972826388889e-05
TIAUSD,1766408400000,1.9110891666667e-05
TIAUSD,1766412000000,1.3115023611111e-05
TIAUSD,1766415600000,1.0998516666667e-05
TIAUSD,1766419200000,3.8820375e-06
TIAUSD,1766422800000,-4.472461111111e-06
TIAUSD,1766426400000,-1.3354334722222e-05
TIAUSD,1766430000000,-1.3071608333333e-05
TIAUSD,1766433600000,-3.963819444444e-06
TIAUSD,1766437200000,3.251476388889e-06
TIAUSD,1766440800000,-6.870973611111e-06
TIAUSD,1766444400000,-2.177377777778e-06
TIAUSD,1766448000000,9.210009722222e-06
TIAUSD,1766451600000,2.3015783333333e-05
TIAUSD,1766455200000,1.54246875e-05
TIAUSD,1766458800000,1.5498266666667e-05
TIAUSD,1766462400000,9.714394444444e-06
TIAUSD,1766466000000,1.2884801388889e-05
TIAUSD,1766469600000,2.4568818055556e-05
TIAUSD,1766473200000,2.0158316666667e-05
TIAUSD,1766476800000,2.8124205555556e-05
TIAUSD,1766480400000,3.2006390277778e-05
TIAUSD,1766484000000,2.4294765277778e-05
TIAUSD,1766487600000,2.4935744444444e-05
TIAUSD,1766491200000,1.2816575e-05
TIAUSD,1766494800000,1.2605790277778e-05
TIAUSD,1766498400000,1.3877519444444e-05
TIAUSD,1766502000000,1.4364055555556e-05
TIAUSD,1766505600000,1.8222677777778e-05
TIAUSD,1766509200000,1.8343879166667e-05
TIAUSD,1766512800000,1.7349365277778e-05
TIAUSD,1766516400000,2.3601058333333e-05
TIAUSD,1766520000000,2.3825330555556e-05
TIAUSD,1766523600000,2.8103755555556e-05
TIAUSD,1766527200000,2.3397715277778e-05
TIAUSD,1766530800000,2.1130005555556e-05
TIAUSD,1766534400000,3.23388e-05
TIAUSD,1766538000000,3.1006283333333e-05
TIAUSD,1766541600000,3.0313119444444e-05
TIAUSD,1766545200000,1.889565e-05
TIAUSD,1766548800000,2.3326115277778e-05
TIAUSD,1766552400000,2.4728011111111e-05
TIAUSD,1766556000000,2.8271765277778e-05
TIAUSD,1766559600000,2.6647472222222e-05
TIAUSD,1766563200000,2.5865993055556e-05
TIAUSD,1766566800000,2.3808156944444e-05
TIAUSD,1766570400000,3.0504002777778e-05
TIAUSD,1766574000000,2.1316334722222e-05
TIAUSD,1766577600000,2.6384202777778e-05
TIAUSD,1766581200000,2.1074302777778e-05
TIAUSD,1766584800000,7.864902777778e-06
TIAUSD,1766588400000,1.24230125e-05
TIAUSD,1766592000000,1.4991243055556e-05
TIAUSD,1766595600000,9.549363888889e-06
TIAUSD,1766599200000,7.799411111111e-06
TIAUSD,1766602800000,-2.434519444444e-06
TIAUSD,1766606400000,4.705527777778e-06
TIAUSD,1766610000000,5.282626388889e-06
TIAUSD,1766613600000,6.99295e-06
TIAUSD,1766617200000,9.139179166667e-06
TIAUSD,1766620800000,1.5601398611111e-05
TIAUSD,1766624400000,1.4973298611111e-05
TIAUSD,1766628000000,1.8386576388889e-05
TIAUSD,1766631600000,2.4032541666667e-05
TIAUSD,1766635200000,1.0268976388889e-05
TIAUSD,1766638800000,9.076044444444e-06
TIAUSD,1766642400000,1.2627276388889e-05
TIAUSD,1766646000000,1.2851530555556e-05
TIAUSD,1766649600000,1.6656111111111e-05
TIAUSD,1766653200000,1.9928690277778e-05
TIAUSD,1766656800000,1.1876058333333e-05
TIAUSD,1766660400000,1.2298268055556e-05
TIAUSD,1766664000000,1.0556783333333e-05
TIAUSD,1766667600000,1.01225875e-05
TIAUSD,1766671200000,6.269652777778e-06
TIAUSD,1766674800000,6.791926388889e-06
TIAUSD,1766678400000,7.273454166667e-06
TIAUSD,1766682000000,1.7001080555556e-05
TIAUSD,1766685600000,2.1566634722222e-05
TIAUSD,1766689200000,2.0986802777778e-05
TIAUSD,1766692800000,1.9936954166667e-05
TIAUSD,1766696400000,5.863586111111e-06
TIAUSD,1766700000000,-2.334052777778e-06
TIAUSD,1766703600000,-8.2090277778e-08
TIAUSD,1766707200000,7.029086111111e-06
TIAUSD,1766710800000,7.408945833333e-06
TIAUSD,1766714400000,1.5675663888889e-05
TIAUSD,1766718000000,1.4226601388889e-05
TIAUSD,1766721600000,5.756626388889e-06
TIAUSD,1766725200000,1.6441336111111e-05
TIAUSD,1766728800000,1.86522125e-05
TIAUSD,1766732400000,2.5203345833333e-05
TIAUSD,1766736000000,1.9523725e-05
TIAUSD,1766739600000,1.8097761111111e-05
TIAUSD,1766743200000,1.8310252777778e-05
TIAUSD,1766746800000,3.3419226388889e-05
TIAUSD,1766750400000,2.8460956944444e-05
TIAUSD,1766754000000,2.9570655555556e-05
TIAUSD,1766757600000,2.08993125e-05
TIAUSD,1766761200000,3.2551479166667e-05
TIAUSD,1766764800000,2.4350391666667e-05
TIAUSD,1766768400000,2.5127677777778e-05
TIAUSD,1766772000000,2.2258620833333e-05
TIAUSD,1766775600000,2.2861523611111e-05
TIAUSD,1766779200000,2.6094486111111e-05
TIAUSD,1766782800000,3.0783438888889e-05
TIAUSD,1766786400000,2.7207508333333e-05
TIAUSD,1766790000000,2.1834744444444e-05
TIAUSD,1766793600000,2.6175440277778e-05
TIAUSD,1766797200000,3.0993356944444e-05
TIAUSD,1766800800000,3.97523375e-05
TIAUSD,1766804400000,3.1128793055556e-05
TIAUSD,1766808000000,3.0218152777778e-05
TIAUSD,1766811600000,2.3894952777778e-05
TIAUSD,1766815200000,2.9102598611111e-05
TIAUSD,1766818800000,1.9137870833333e-05
TIAUSD,1766822400000,2.7378838888889e-05
TIAUSD,1766826000000,2.2999898611111e-05
TIAUSD,1766829600000,1.2715875e-05
TIAUSD,1766833200000,1.2742559722222e-05
TIAUSD,1766836800000,1.3554601388889e-05
TIAUSD,1766840400000,-2.536286111111e-06
TIAUSD,1766844000000,5.002894444444e-06
TIAUSD,1766847600000,7.100090277778e-06
TIAUSD,1766851200000,4.569708333333e-06
TIAUSD,1766854800000,1.1682861111111e-05
TIAUSD,1766858400000,-1.742816666667e-06
TIAUSD,1766862000000,-9.001018055556e-06
TIAUSD,1766865600000,-1.0073048611111e-05
TIAUSD,1766869200000,-8.721208333333e-06
TIAUSD,1766872800000,-1.555127777778e-06
TIAUSD,1766876400000,-7.043155555556e-06
TIAUSD,1766880000000,2.477140277778e-06
TIAUSD,1766883600000,4.645123611111e-06
TIAUSD,1766887200000,1.2110241666667e-05
TIAUSD,1766890800000,1.8558972222222e-05
TIAUSD,1766894400000,9.829809722222e-06
TIAUSD,1766898000000,1.0395461111111e-05
TIAUSD,1766901600000,1.0120643055556e-05
TIAUSD,1766905200000,3.494102777778e-06
TIAUSD,1766908800000,5.970370833333e-06
TIAUSD,1766912400000,2.9505597222222e-05
TIAUSD,1766916000000,3.2921997222222e-05
TIAUSD,1766919600000,2.8704509722222e-05
TIAUSD,1766923200000,2.2493047222222e-05
TIAUSD,1766926800000,2.3149027777778e-05
TIAUSD,1766930400000,1.91997875e-05
TIAUSD,1766934000000,1.3486744444444e-05
TIAUSD,1766937600000,1.8367320833333e-05
TIAUSD,1766941200000,2.42233375e-05
TIAUSD,1766944800000,1.9519668055556e-05
TIAUSD,1766948400000,2.0235591666667e-05
TIAUSD,1766952000000,1.1882527777778e-05
TIAUSD,1766955600000,1.5630094444444e-05
TIAUSD,1766959200000,1.6321736111111e-05
TIAUSD,1766962800000,2.733895e-05
TIAUSD,1766966400000,1.5231120833333e-05
TIAUSD,1766970000000,1.9806727777778e-05
TIAUSD,1766973600000,2.0411063888889e-05
TIAUSD,1766977200000,2.0399073611111e-05
TIAUSD,1766980800000,2.9973697222222e-05
TIAUSD,1766984400000,2.7830547222222e-05
TIAUSD,1766988000000,2.6683640277778e-05
TIAUSD,1766991600000,3.0584530555556e-05
TIAUSD,1766995200000,4.1437913888889e-05
TIAUSD,1766998800000,3.7162866666667e-05
TIAUSD,1767002400000,3.2134876388889e-05
TIAUSD,1767006000000,1.7788458333333e-05
TIAUSD,1767009600000,-1.3836606944444e-05
TIAUSD,1767013200000,-1.1394377777778e-05
TIAUSD,1767016800000,-3.2281876388889e-05
TIAUSD,1767020400000,-3.4185805555556e-05
TIAUSD,1767024000000,-3.0507880555556e-05
TIAUSD,1767027600000,-2.9053376388889e-05
TIAUSD,1767031200000,-2.03055625e-05
TIAUSD,1767034800000,-3.0412386111111e-05
TIAUSD,1767038400000,-1.8777615277778e-05
TIAUSD,1767042000000,-2.0708943055556e-05
TIAUSD,1767045600000,-2.4278097222222e-05
TIAUSD,1767049200000,-2.5355955555556e-05
TIAUSD,1767052800000,-1.6822838888889e-05
TIAUSD,1767056400000,-1.1619531944444e-05
TIAUSD,1767060000000,-1.3274423611111e-05
TIAUSD,1767063600000,-6.909581944444e-06
TIAUSD,1767067200000,-7.619193055556e-06
TIAUSD,1767070800000,-7.983766666667e-06
TIAUSD,1767074400000,-4.224368055556e-06
TIAUSD,1767078000000,1.057955555556e-06
TIAUSD,1767081600000,-1.2051013888889e-05
TIAUSD,1767085200000,-2.484259722222e-06
TIAUSD,1767088800000,-4.934247222222e-06
TIAUSD,1767092400000,-4.400631944444e-06
TIAUSD,1767096000000,1.455163888889e-06
TIAUSD,1767099600000,3.9055102777778e-05
TIAUSD,1767103200000,5.3048208333333e-05
TIAUSD,1767106800000,5.7606884722222e-05
TIAUSD,1767110400000,5.3672344444444e-05
TIAUSD,1767114000000,4.7075133333333e-05
TIAUSD,1767117600000,4.7159166666667e-05
TIAUSD,1767121200000,4.8783006944444e-05
TIAUSD,1767124800000,4.6378109722222e-05
TIAUSD,1767128400000,4.4626647222222e-05
TIAUSD,1767132000000,4.8160931944444e-05
TIAUSD,1767135600000,5.6798579166667e-05
TIAUSD,1767139200000,5.4548248611111e-05
TIAUSD,1767142800000,5.2291744444444e-05
TIAUSD,1767146400000,5.9712098611111e-05
TIAUSD,1767150000000,4.7174352777778e-05
TIAUSD,1767153600000,5.7602058333333e-05
TIAUSD,1767157200000,6.2178404166667e-05
TIAUSD,1767160800000,6.3938218055556e-05
TIAUSD,1767164400000,6.1118758333333e-05
TIAUSD,1767168000000,5.9631361111111e-05
TIAUSD,1767171600000,5.7616488888889e-05
TIAUSD,1767175200000,5.7897391666667e-05
TIAUSD,1767178800000,5.1832525e-05
TIAUSD,1767182400000,5.6575819444444e-05
TIAUSD,1767186000000,4.2073859722222e-05
TIAUSD,1767189600000,4.1658455555556e-05
TIAUSD,1767193200000,5.6912397222222e-05
TIAUSD,1767196800000,7.1246895833333e-05
TIAUSD,1767200400000,7.4130030555556e-05
TIAUSD,1767204000000,6.5690884722222e-05
TIAUSD,1767207600000,5.5631606944444e-05
TIAUSD,1767211200000,6.2882445833333e-05
TIAUSD,1767214800000,7.64658875e-05
TIAUSD,1767218400000,6.2727825e-05
TIAUSD,1767222000000,6.3353244444444e-05
TIAUSD,1767225600000,7.4732026388889e-05
TIAUSD,1767229200000,6.5830711111111e-05
TIAUSD,1767232800000,5.9877784722222e-05
TIAUSD,1767236400000,6.8349552777778e-05
TIAUSD,1767240000000,6.2968431944444e-05
TIAUSD,1767243600000,5.88575625e-05
TIAUSD,1767247200000,6.3338409722222e-05
TIAUSD,1767250800000,5.5144994444444e-05
TIAUSD,1767254400000,6.5170336111111e-05
TIAUSD,1767258000000,5.4840045833333e-05
TIAUSD,1767261600000,6.0067648611111e-05
TIAUSD,1767265200000,5.9268031944444e-05
TIAUSD,1767268800000,6.2696431944444e-05
TIAUSD,1767272400000,5.2542038888889e-05
TIAUSD,1767276000000,5.0934613888889e-05
TIAUSD,1767279600000,4.1028226388889e-05
TIAUSD,1767283200000,3.66535625e-05
TIAUSD,1767286800000,4.0128605555556e-05
TIAUSD,1767290400000,3.16709e-05
TIAUSD,1767294000000,1.5465426388889e-05
TIAUSD,1767297600000,1.4751648611111e-05
TIAUSD,1767301200000,1.0551795833333e-05
TIAUSD,1767304800000,3.0520306944444e-05
TIAUSD,1767308400000,3.7707352777778e-05
TIAUSD,1767312000000,3.3763541666667e-05
TIAUSD,1767315600000,3.1831576388889e-05
TIAUSD,1767319200000,3.7852131944444e-05
TIAUSD,1767322800000,4.4390856944444e-05
TIAUSD,1767326400000,4.0309681944444e-05
TIAUSD,1767330000000,3.0091133333333e-05
TIAUSD,1767333600000,3.1389516666667e-05
TIAUSD,1767337200000,2.6699876388889e-05
TIAUSD,1767340800000,2.8999015277778e-05
TIAUSD,1767344400000,3.3150504166667e-05
TIAUSD,1767348000000,3.8960456944444e-05
TIAUSD,1767351600000,2.8222844444444e-05
TIAUSD,1767355200000,3.8321419444444e-05
TIAUSD,1767358800000,3.1161508333333e-05
TIAUSD,1767362400000,1.5058254166667e-05
TIAUSD,1767366000000,2.3101173611111e-05
TIAUSD,1767369600000,3.61270875e-05
TIAUSD,1767373200000,3.16100125e-05
TIAUSD,1767376800000,2.5625213888889e-05
TIAUSD,1767380400000,2.50762375e-05
TIAUSD,1767384000000,3.0101963888889e-05
TIAUSD,1767387600000,2.63417875e-05
TIAUSD,1767391200000,2.9171826388889e-05
TIAUSD,1767394800000,3.6007655555556e-05
TIAUSD,1767398400000,4.3149308333333e-05
TIAUSD,1767402000000,4.5104447222222e-05
TIAUSD,1767405600000,4.6878280555556e-05
TIAUSD,1767409200000,6.0581904166667e-05
TIAUSD,1767412800000,5.0300948611111e-05
TIAUSD,1767416400000,4.1762277777778e-05
TIAUSD,1767420000000,5.7776086111111e-05
TIAUSD,1767423600000,5.3187943055556e-05
TIAUSD,1767427200000,5.3231520833333e-05
TIAUSD,1767430800000,4.6343684722222e-05
TIAUSD,1767434400000,3.0571519444444e-05
TIAUSD,1767438000000,1.2034233333333e-05
TIAUSD,1767441600000,1.0818893055556e-05
TIAUSD,1767445200000,3.1847619444444e-05
TIAUSD,1767448800000,3.3810372222222e-05
TIAUSD,1767452400000,3.4489127777778e-05
TIAUSD,1767456000000,3.3912554166667e-05
TIAUSD,1767459600000,3.1451534722222e-05
TIAUSD,1767463200000,2.9062466666667e-05
TIAUSD,1767466800000,2.9192495833333e-05
TIAUSD,1767470400000,2.0278020833333e-05
TIAUSD,1767474000000,3.3158788888889e-05
TIAUSD,1767477600000,2.7903136111111e-05
TIAUSD,1767481200000,3.32421125e-05
TIAUSD,1767484800000,3.2780948611111e-05
TIAUSD,1767488400000,3.1142895833333e-05
TIAUSD,1767492000000,3.5519861111111e-05
TIAUSD,1767495600000,3.6537284722222e-05
TIAUSD,1767499200000,3.9945451388889e-05
TIAUSD,1767502800000,3.9214595833333e-05
TIAUSD,1767506400000,3.0659230555556e-05
TIAUSD,1767510000000,2.5703025e-05
TIAUSD,1767513600000,3.6371569444444e-05
TIAUSD,1767517200000,3.7879205555556e-05
TIAUSD,1767520800000,2.0716077777778e-05
TIAUSD,1767524400000,2.5659729166667e-05
TIAUSD,1767528000000,2.0592579166667e-05
TIAUSD,1767531600000,2.5103873611111e-05
TIAUSD,1767535200000,3.3988361111111e-05
TIAUSD,1767538800000,3.1688519444444e-05
TIAUSD,1767542400000,3.6577855555556e-05
TIAUSD,1767546000000,2.8852770833333e-05
TIAUSD,1767549600000,3.6135161111111e-05
TIAUSD,1767553200000,3.1259895833333e-05
TIAUSD,1767556800000,2.1907784722222e-05
TIAUSD,1767560400000,2.0089802777778e-05
TIAUSD,1767564000000,1.5500472222222e-05
TIAUSD,1767567600000,1.4800494444444e-05
TIAUSD,1767571200000,1.8380331944444e-05
TIAUSD,1767574800000,2.3345681944444e-05
TIAUSD,1767578400000,5.8822751388889e-05
TIAUSD,1767582000000,6.3496972222222e-05
TIAUSD,1767585600000,6.5104070833333e-05
TIAUSD,1767589200000,6.0670269444444e-05
TIAUSD,1767592800000,6.1045618055556e-05
TIAUSD,1767596400000,6.57016e-05
TIAUSD,1767600000000,6.8568575e-05
TIAUSD,1767603600000,6.7803156944444e-05
TIAUSD,1767607200000,5.498055e-05
TIAUSD,1767610800000,5.0679572222222e-05
TIAUSD,1767614400000,4.7417956944444e-05
TIAUSD,1767618000000,5.0919120833333e-05
TIAUSD,1767621600000,3.6168155555556e-05
TIAUSD,1767625200000,3.8277666666667e-05
TIAUSD,1767628800000,3.0052266666667e-05
TIAUSD,1767632400000,3.0675906944444e-05
TIAUSD,1767636000000,3.6552248611111e-05
TIAUSD,1767639600000,3.4628975e-05
TIAUSD,1767643200000,4.0816325e-05
TIAUSD,1767646800000,4.1163320833333e-05
TIAUSD,1767650400000,4.6441583333333e-05
TIAUSD,1767654000000,4.9630823611111e-05
TIAUSD,1767657600000,6.446465e-05
TIAUSD,1767661200000,6.4478541666667e-05
TIAUSD,1767664800000,5.2807975e-05
TIAUSD,1767668400000,3.9022130555556e-05
TIAUSD,1767672000000,3.8562122222222e-05
TIAUSD,1767675600000,2.649325e-05
TIAUSD,1767679200000,2.2356648611111e-05
TIAUSD,1767682800000,2.1529445833333e-05
TIAUSD,1767686400000,1.0109098611111e-05
TIAUSD,1767690000000,7.251063888889e-06
TIAUSD,1767693600000,1.0447775e-05
TIAUSD,1767697200000,6.934756944444e-06
TIAUSD,1767700800000,1.4297627777778e-05
TIAUSD,1767704400000,1.4567822222222e-05
TIAUSD,1767708000000,5.388976388889e-06
TIAUSD,1767711600000,2.28795625e-05
TIAUSD,1767715200000,2.8516802777778e-05
TIAUSD,1767718800000,3.4329134722222e-05
TIAUSD,1767722400000,3.6012008333333e-05
TIAUSD,1767726000000,4.2224693055556e-05
TIAUSD,1767729600000,3.7947315277778e-05
TIAUSD,1767733200000,5.0659255555556e-05
TIAUSD,1767736800000,3.2685072222222e-05
TIAUSD,1767740400000,2.059125e-05
TIAUSD,1767744000000,3.0840483333333e-05
TIAUSD,1767747600000,2.2976722222222e-05
TIAUSD,1767751200000,3.5324476388889e-05
TIAUSD,1767754800000,4.0033663888889e-05
TIAUSD,1767758400000,4.0304761111111e-05
TIAUSD,1767762000000,3.9868701388889e-05
TIAUSD,1767765600000,3.8735901388889e-05
TIAUSD,1767769200000,3.4745698611111e-05
TIAUSD,1767772800000,4.0738102777778e-05
TIAUSD,1767776400000,4.4866938888889e-05
TIAUSD,1767780000000,3.4858430555556e-05
TIAUSD,1767783600000,4.1774948611111e-05
TIAUSD,1767787200000,4.2004623611111e-05
TIAUSD,1767790800000,3.6662220833333e-05
TIAUSD,1767794400000,2.7168036111111e-05
TIAUSD,1767798000000,2.8855944444444e-05
TIAUSD,1767801600000,2.6171184722222e-05
TIAUSD,1767805200000,2.7747293055556e-05
TIAUSD,1767808800000,3.1540747222222e-05
TIAUSD,1767812400000,2.8174330555556e-05
TIAUSD,1767816000000,3.21873e-05
TIAUSD,1767819600000,3.0623969444444e-05
TIAUSD,1767823200000,3.0140758333333e-05
TIAUSD,1767826800000,2.5882756944444e-05
TIAUSD,1767830400000,4.0888216666667e-05
TIAUSD,1767834000000,4.1565698611111e-05
TIAUSD,1767837600000,4.2268495833333e-05
TIAUSD,1767841200000,3.6934323611111e-05
TIAUSD,1767844800000,2.9198104166667e-05
TIAUSD,1767848400000,3.6586988888889e-05
TIAUSD,1767852000000,4.40362e-05
TIAUSD,1767855600000,3.206425e-05
TIAUSD,1767859200000,2.9663408333333e-05
TIAUSD,1767862800000,2.6984598611111e-05
TIAUSD,1767866400000,1.3363176388889e-05
TIAUSD,1767870000000,2.2667674731183e-05
TIAUSD,1767873600000,1.7654672043011e-05
TIAUSD,1767877200000,1.9070491666667e-05
TIAUSD,1767880800000,1.9146066666667e-05
TIAUSD,1767884400000,1.1254427777778e-05
TIAUSD,1767888000000,1.4128322222222e-05
TIAUSD,1767891600000,7.147031944444e-06
TIAUSD,1767895200000,4.729891666667e-06
TIAUSD,1767898800000,2.5408375e-06
TIAUSD,1767902400000,3.982202777778e-06
TIAUSD,1767906000000,3.327793055556e-06
TIAUSD,1767909600000,8.292018055556e-06
TIAUSD,1767913200000,1.9246644444444e-05
TIAUSD,1767916800000,1.1757209722222e-05
TIAUSD,1767920400000,1.0777648611111e-05
TIAUSD,1767924000000,7.937540277778e-06
TIAUSD,1767927600000,3.390261111111e-06
TIAUSD,1767931200000,1.6450504166667e-05
TIAUSD,1767934800000,1.7770402777778e-05
TIAUSD,1767938400000,2.0388456944444e-05
TIAUSD,1767942000000,1.6007129166667e-05
TIAUSD,1767945600000,5.482734722222e-06
TIAUSD,1767949200000,1.1206592741935e-05
TIAUSD,1767952800000,-2.574514784946e-06
TIAUSD,1767956400000,-6.076426388889e-06
TIAUSD,1767960000000,-9.691376388889e-06
TIAUSD,1767963600000,-1.0450504032258e-05
TIAUSD,1767967200000,-5.965048387097e-06
TIAUSD,1767970800000,-1.0028031944444e-05
TIAUSD,1767974400000,9.00544444444e-07
TIAUSD,1767978000000,1.7327826388889e-05
TIAUSD,1767981600000,2.0838565277778e-05
TIAUSD,1767985200000,2.7389922222222e-05
TIAUSD,1767988800000,2.6179327777778e-05
TIAUSD,1767992400000,2.1166425e-05
TIAUSD,1767996000000,2.0890101388889e-05
TIAUSD,1767999600000,8.514071236559e-06
TIAUSD,1768003200000,1.0742088709677e-05
TIAUSD,1768006800000,1.3101731944444e-05
TIAUSD,1768010400000,1.7960886111111e-05
TIAUSD,1768014000000,1.0125355555556e-05
TIAUSD,1768017600000,1.6874048611111e-05
TIAUSD,1768021200000,1.8618520833333e-05
TIAUSD,1768024800000,1.2674988888889e-05
TIAUSD,1768028400000,1.7365176388889e-05
TIAUSD,1768032000000,1.7628447222222e-05
TIAUSD,1768035600000,2.0516411111111e-05
TIAUSD,1768039200000,2.2629095833333e-05
TIAUSD,1768042800000,1.7433308333333e-05
TIAUSD,1768046400000,1.40617625e-05
TIAUSD,1768050000000,2.2202526388889e-05
TIAUSD,1768053600000,1.5851970833333e-05
TIAUSD,1768057200000,1.5799388888889e-05
TIAUSD,1768060800000,2.0530505555556e-05
TIAUSD,1768064400000,1.8102058333333e-05
TIAUSD,1768068000000,1.9324840277778e-05
TIAUSD,1768071600000,1.6452222222222e-05
TIAUSD,1768075200000,2.6952327777778e-05
TIAUSD,1768078800000,3.0585294444444e-05
TIAUSD,1768082400000,3.3400568055556e-05
TIAUSD,1768086000000,3.4191481944444e-05
TIAUSD,1768089600000,3.0054343055556e-05
TIAUSD,1768093200000,3.5725713709677e-05
TIAUSD,1768096800000,3.4942903225806e-05
TIAUSD,1768100400000,2.9680044444444e-05
TIAUSD,1768104000000,3.22079375e-05
TIAUSD,1768107600000,3.2043557795699e-05
TIAUSD,1768111200000,3.5119456989247e-05
TIAUSD,1768114800000,3.3423666666667e-05
TIAUSD,1768118400000,3.5484040277778e-05
TIAUSD,1768122000000,3.3507993055556e-05
TIAUSD,1768125600000,3.89476625e-05
TIAUSD,1768129200000,3.5753555555556e-05
TIAUSD,1768132800000,3.1601318181818e-05
TIAUSD,1768136400000,3.1977873611111e-05
TIAUSD,1768140000000,3.1981773611111e-05
TIAUSD,1768143600000,2.9156391666667e-05
TIAUSD,1768147200000,2.6417236111111e-05
TIAUSD,1768150800000,3.6693488888889e-05
TIAUSD,1768154400000,4.4290198611111e-05
TIAUSD,1768158000000,4.0885713888889e-05
TIAUSD,1768161600000,3.9816025e-05
TIAUSD,1768165200000,3.2822022222222e-05
TIAUSD,1768168800000,4.1426086111111e-05
TIAUSD,1768172400000,2.8104518055556e-05
TIAUSD,1768176000000,2.8520975e-05
TIAUSD,1768179600000,2.9731818055556e-05
TIAUSD,1768183200000,4.0921520833333e-05
TIAUSD,1768186800000,3.8488015277778e-05
TIAUSD,1768190400000,2.8481516666667e-05
TIAUSD,1768194000000,2.9950551388889e-05
TIAUSD,1768197600000,2.7591280555556e-05
TIAUSD,1768201200000,1.9276873611111e-05
TIAUSD,1768204800000,1.2138425e-05
TIAUSD,1768208400000,1.3322079166667e-05
TIAUSD,1768212000000,1.3705284722222e-05
TIAUSD,1768215600000,-3.2673566666667e-05
TIAUSD,1768219200000,-3.8294098611111e-05
TIAUSD,1768222800000,-6.5505744444444e-05
TIAUSD,1768226400000,-8.6854843055556e-05
TIAUSD,1768230000000,-8.63593125e-05
TIAUSD,1768233600000,-7.1544998263889e-05
TIAUSD,1768237200000,-8.4758423611111e-05
TIAUSD,1768240800000,-9.2701645833333e-05
TIAUSD,1768244400000,-8.6977720833333e-05
TIAUSD,1768248000000,-8.7734902777778e-05
TIAUSD,1768251600000,-9.0396233333333e-05
TIAUSD,1768255200000,-8.7849730555556e-05
TIAUSD,1768258800000,-8.9126784722222e-05
TIAUSD,1768262400000,-5.3309797222222e-05
TIAUSD,1768266000000,-4.8934106944444e-05
TIAUSD,1768269600000,-4.4545261111111e-05
TIAUSD,1768273200000,-3.9128925e-05
TIAUSD,1768276800000,-3.2689168055556e-05
TIAUSD,1768280400000,-3.3618613888889e-05
TIAUSD,1768284000000,-3.3683993055556e-05
TIAUSD,1768287600000,-2.3046640277778e-05
TIAUSD,1768291200000,-1.9617747222222e-05
TIAUSD,1768294800000,-1.3624538888889e-05
TIAUSD,1768298400000,-1.0913044444444e-05
TIAUSD,1768302000000,-7.375522222222e-06
TIAUSD,1768305600000,-4.883965277778e-06
TIAUSD,1768309200000,-3.421316666667e-06
TIAUSD,1768312800000,-9.265836111111e-06
TIAUSD,1768316400000,-1.0818293055556e-05
TIAUSD,1768320000000,-1.5604105555556e-05
TIAUSD,1768323600000,-1.6523306944444e-05
TIAUSD,1768327200000,-2.2054534722222e-05
TIAUSD,1768330800000,-2.1053813888889e-05
TIAUSD,1768334400000,-6.157730555556e-06
TIAUSD,1768338000000,-1.5333282258065e-05
TIAUSD,1768341600000,-2.075425e-05
TIAUSD,1768345200000,-1.7118859722222e-05
TIAUSD,1768348800000,-4.012201388889e-06
TIAUSD,1768352400000,-1.195599462366e-06
TIAUSD,1768356000000,-6.107939516129e-06
TIAUSD,1768359600000,-1.077922222222e-06
TIAUSD,1768363200000,5.27936111111e-07
TIAUSD,1768366800000,6.19688888889e-07
TIAUSD,1768370400000,-5.088738888889e-06
TIAUSD,1768374000000,1.878179166667e-06
TIAUSD,1768377600000,5.876197222222e-06
TIAUSD,1768381200000,1.2017063888889e-05
TIAUSD,1768384800000,1.98895e-05
TIAUSD,1768388400000,1.2433470833333e-05
TIAUSD,1768392000000,1.9345709722222e-05
TIAUSD,1768395600000,2.2360229166667e-05
TIAUSD,1768399200000,4.467758333333e-06
TIAUSD,1768402800000,1.1422802777778e-05
TIAUSD,1768406400000,-2.30677777778e-07
TIAUSD,1768410000000,-5.221929166667e-06
TIAUSD,1768413600000,1.1180426388889e-05
TIAUSD,1768417200000,8.098325e-06
TIAUSD,1768420800000,1.7458219444444e-05
TIAUSD,1768424400000,8.826276388889e-06
TIAUSD,1768428000000,3.480619444444e-06
TIAUSD,1768431600000,8.642252777778e-06
TIAUSD,1768435200000,1.3442325e-05
TIAUSD,1768438800000,1.3202713888889e-05
TIAUSD,1768442400000,2.563013888889e-06
TIAUSD,1768446000000,3.289211111111e-06
TIAUSD,1768449600000,-7.917108333333e-06
TIAUSD,1768453200000,3.164631944444e-06
TIAUSD,1768456800000,1.1216427777778e-05
TIAUSD,1768460400000,3.4614944444444e-05
TIAUSD,1768464000000,3.5954444444444e-05
TIAUSD,1768467600000,2.2963314102564e-05
TIAUSD,1768471200000,7.335031944444e-06
TIAUSD,1768474800000,-1.1166625e-06
TIAUSD,1768478400000,-1.7812933333333e-05
TIAUSD,1768482000000,-2.779701388889e-06
TIAUSD,1768485600000,-8.722180555556e-06
TIAUSD,1768489200000,-1.6905484722222e-05
TIAUSD,1768492800000,-1.4762383333333e-05
TIAUSD,1768496400000,-9.674791666667e-06
TIAUSD,1768500000000,-1.7497344444444e-05
TIAUSD,1768503600000,-2.2780881944444e-05
TIAUSD,1768507200000,-2.1574836111111e-05
TIAUSD,1768510800000,-2.4800994444444e-05
TIAUSD,1768514400000,-1.9899483333333e-05
TIAUSD,1768518000000,-3.8657780555556e-05
TIAUSD,1768521600000,-2.4573093055556e-05
TIAUSD,1768525200000,-2.3703141666667e-05
TIAUSD,1768528800000,-2.0070722222222e-05
TIAUSD,1768532400000,-6.8103125e-06
TIAUSD,1768536000000,-3.400231944444e-06
TIAUSD,1768539600000,-1.2529016666667e-05
TIAUSD,1768543200000,-2.908272222222e-06
TIAUSD,1768546800000,1.992905555556e-06
TIAUSD,1768550400000,-2.165147222222e-06
TIAUSD,1768554000000,-1.510728448276e-06
TIAUSD,1768557600000,1.240061111111e-06
TIAUSD,1768561200000,-5.6439375e-06
TIAUSD,1768564800000,-2.533972222222e-06
TIAUSD,1768568400000,-4.378854166667e-06
TIAUSD,1768572000000,-1.0557304166667e-05
TIAUSD,1768575600000,-7.848975e-06
TIAUSD,1768579200000,-1.4607993055556e-05
TIAUSD,1768582800000,-1.757280555556e-06
TIAUSD,1768586400000,1.748565277778e-06
TIAUSD,1768590000000,-1.15565e-06
TIAUSD,1768593600000,-1.869006944444e-06
TIAUSD,1768597200000,4.145556944444e-06
TIAUSD,1768600800000,4.787163978495e-06
TIAUSD,1768604400000,9.28199327957e-06
TIAUSD,1768608000000,8.564366666667e-06
TIAUSD,1768611600000,9.259973611111e-06
TIAUSD,1768615200000,6.3488e-06
TIAUSD,1768618800000,5.5945e-07
TIAUSD,1768622400000,-7.19527777778e-07
TIAUSD,1768626000000,2.982648611111e-06
TIAUSD,1768629600000,1.2222434722222e-05
TIAUSD,1768633200000,2.61123611111e-07
TIAUSD,1768636800000,4.8945e-06
TIAUSD,1768640400000,5.471120833333e-06
TIAUSD,1768644000000,4.912383333333e-06
TIAUSD,1768647600000,6.935130555556e-06
TIAUSD,1768651200000,5.908888888889e-06
TIAUSD,1768654800000,9.2909375e-06
TIAUSD,1768658400000,9.963938888889e-06
TIAUSD,1768662000000,1.1804684722222e-05
TIAUSD,1768665600000,1.4233418055556e-05
TIAUSD,1768669200000,1.3935951388889e-05
TIAUSD,1768672800000,1.4968793055556e-05
TIAUSD,1768676400000,2.0934391666667e-05
TIAUSD,1768680000000,1.3799752777778e-05
TIAUSD,1768683600000,1.9222923611111e-05
TIAUSD,1768687200000,8.083840277778e-06
TIAUSD,1768690800000,-9.55406944444e-07
TIAUSD,1768694400000,-5.035975e-06
TIAUSD,1768698000000,4.217431944444e-06
TIAUSD,1768701600000,2.554347222222e-06
TIAUSD,1768705200000,2.0409188888889e-05
TIAUSD,1768708800000,1.7264825e-05
TIAUSD,1768712400000,2.0500731944444e-05
TIAUSD,1768716000000,2.2375213888889e-05
TIAUSD,1768719600000,2.0424977777778e-05
TIAUSD,1768723200000,2.7941670833333e-05
TIAUSD,1768726800000,4.18809125e-05
TIAUSD,1768730400000,4.7182866666667e-05
TIAUSD,1768734000000,3.9974056944444e-05
TIAUSD,1768737600000,3.3282451388889e-05
TIAUSD,1768741200000,3.4148705555556e-05
TIAUSD,1768744800000,3.7130752777778e-05
TIAUSD,1768748400000,3.3831790277778e-05
TIAUSD,1768752000000,3.4749311111111e-05
TIAUSD,1768755600000,1.1796318055556e-05
TIAUSD,1768759200000,1.4495223611111e-05
TIAUSD,1768762800000,-4.479061111111e-06
TIAUSD,1768766400000,-2.4222205555556e-05
TIAUSD,1768770000000,-2.100740277778e-06
TIAUSD,1768773600000,-1.707041666667e-06
TIAUSD,1768777200000,-2.19759722222e-07
TIAUSD,1768780800000,-1.8341165277778e-05
TIAUSD,1768784400000,-0.000214879025
TIAUSD,1768788000000,-0.000165850327777778
TIAUSD,1768791600000,-0.000140874793055556
TIAUSD,1768795200000,-0.000167517873611111
TIAUSD,1768798800000,-0.000142804627777778
TIAUSD,1768802400000,-0.000147153915277778
TIAUSD,1768806000000,-0.000150825494444444
TIAUSD,1768809600000,-0.000113406356944444
TIAUSD,1768813200000,-6.1992884722222e-05
TIAUSD,1768816800000,-5.5181463888889e-05
TIAUSD,1768820400000,-3.84653375e-05
TIAUSD,1768824000000,-2.9818623611111e-05
TIAUSD,1768827600000,-1.3204541666667e-05
TIAUSD,1768831200000,-1.7115454166667e-05
TIAUSD,1768834800000,-1.7504909722222e-05
TIAUSD,1768838400000,-1.5856336111111e-05
TIAUSD,1768842000000,-6.195097222222e-06
TIAUSD,1768845600000,-3.768025e-06
TIAUSD,1768849200000,-2.55661111111e-07
TIAUSD,1768852800000,-9.092972222222e-06
TIAUSD,1768856400000,-3.492443055556e-06
TIAUSD,1768860000000,-6.9927875e-06
TIAUSD,1768863600000,-3.518370833333e-06
TIAUSD,1768867200000,1.348238888889e-06
TIAUSD,1768870800000,1.376654166667e-06
TIAUSD,1768874400000,2.956848611111e-06
TIAUSD,1768878000000,-6.116715277778e-06
TIAUSD,1768881600000,-1.9287311111111e-05
TIAUSD,1768885200000,-7.1902125e-06
TIAUSD,1768888800000,-1.439266666667e-06
TIAUSD,1768892400000,-1.304227777778e-06
TIAUSD,1768896000000,-2.761548611111e-06
TIAUSD,1768899600000,-2.3078031944444e-05
TIAUSD,1768903200000,-5.031475e-06
TIAUSD,1768906800000,-8.555677777778e-06
TIAUSD,1768910400000,-1.4833609722222e-05
TIAUSD,1768914000000,-1.77575e-07
TIAUSD,1768917600000,-6.436095833333e-06
TIAUSD,1768921200000,-1.0184236111111e-05
TIAUSD,1768924800000,-2.768681944444e-06
TIAUSD,1768928400000,-6.875981321839e-06
TIAUSD,1768932000000,-5.17025e-06
TIAUSD,1768935600000,-4.675720833333e-06
TIAUSD,1768939200000,-2.528959722222e-06
TIAUSD,1768942800000,-1.614997222222e-06
TIAUSD,1768946400000,-4.996015277778e-06
TIAUSD,1768950000000,3.807081944444e-06
TIAUSD,1768953600000,2.3009127777778e-05
TIAUSD,1768957200000,3.5094061111111e-05
TIAUSD,1768960800000,2.4797463888889e-05
TIAUSD,1768964400000,2.5657426388889e-05
TIAUSD,1768968000000,1.8354259722222e-05
TIAUSD,1768971600000,2.0652406944444e-05
TIAUSD,1768975200000,1.7024472222222e-05
TIAUSD,1768978800000,1.2360165277778e-05
TIAUSD,1768982400000,1.2545776388889e-05
TIAUSD,1768986000000,1.4045188888889e-05
TIAUSD,1768989600000,2.51702e-05
TIAUSD,1768993200000,8.087176388889e-06
TIAUSD,1768996800000,1.4105738888889e-05
TIAUSD,1769000400000,2.8069016666667e-05
TIAUSD,1769004000000,1.3886125e-05
TIAUSD,1769007600000,2.7789944444444e-05
TIAUSD,1769011200000,6.859245833333e-06
TIAUSD,1769014800000,9.919256944444e-06
TIAUSD,1769018400000,2.5540495833333e-05
TIAUSD,1769022000000,1.5437776388889e-05
TIAUSD,1769025600000,2.3523136111111e-05
TIAUSD,1769029200000,1.4659377777778e-05
TIAUSD,1769032800000,7.880588888889e-06
TIAUSD,1769036400000,-1.2626076388889e-05
TIAUSD,1769040000000,-2.721394444444e-06
TIAUSD,1769043600000,7.522319444444e-06
TIAUSD,1769047200000,1.7270902777778e-05
TIAUSD,1769050800000,1.8424304166667e-05
TIAUSD,1769054400000,1.0711129166667e-05
TIAUSD,1769058000000,1.5416358333333e-05
TIAUSD,1769061600000,1.4528431944444e-05
TIAUSD,1769065200000,-4.174904166667e-06
TIAUSD,1769068800000,-4.564630555556e-06
TIAUSD,1769072400000,-4.052291666667e-06
TIAUSD,1769076000000,-9.887611111111e-06
TIAUSD,1769079600000,-9.075883333333e-06
TIAUSD,1769083200000,5.36976388889e-07
TIAUSD,1769086800000,4.662741666667e-06
TIAUSD,1769090400000,-8.796679166667e-06
TIAUSD,1769094000000,2.321027777778e-06
TIAUSD,1769097600000,3.548540277778e-06
TIAUSD,1769101200000,8.552697222222e-06
TIAUSD,1769104800000,7.301958333333e-06
TIAUSD,1769108400000,5.337556944444e-06
TIAUSD,1769112000000,4.6416375e-06
TIAUSD,1769115600000,8.74756944444e-07
TIAUSD,1769119200000,-2.579005555556e-06
TIAUSD,1769122800000,1.308459722222e-06
TIAUSD,1769126400000,7.039661111111e-06
TIAUSD,1769130000000,8.040873611111e-06
TIAUSD,1769133600000,1.2773240277778e-05
TIAUSD,1769137200000,6.893861111111e-06
TIAUSD,1769140800000,1.3529422222222e-05
TIAUSD,1769144400000,1.726445e-05
TIAUSD,1769148000000,9.375647222222e-06
TIAUSD,1769151600000,1.0072997222222e-05
TIAUSD,1769155200000,7.9734e-06
TIAUSD,1769158800000,9.153688888889e-06
TIAUSD,1769162400000,1.3692720833333e-05
TIAUSD,1769166000000,1.539505e-05
TIAUSD,1769169600000,1.6992115277778e-05
TIAUSD,1769173200000,1.9794905555556e-05
TIAUSD,1769176800000,-1.79963888889e-07
TIAUSD,1769180400000,-1.4883841666667e-05
TIAUSD,1769184000000,2.375223611111e-06
TIAUSD,1769187600000,1.263281944444e-06
TIAUSD,1769191200000,6.770173611111e-06
TIAUSD,1769194800000,-2.516070833333e-06
TIAUSD,1769198400000,9.08891666667e-07
TIAUSD,1769202000000,8.904384722222e-06
TIAUSD,1769205600000,4.375806944444e-06
TIAUSD,1769209200000,-5.18579166667e-07
TIAUSD,1769212800000,1.1908576388889e-05
TIAUSD,1769216400000,1.37221375e-05
TIAUSD,1769220000000,2.2735330555556e-05
TIAUSD,1769223600000,1.4204747222222e-05
TIAUSD,1769227200000,2.1358795833333e-05
TIAUSD,1769230800000,1.2622490277778e-05
TIAUSD,1769234400000,9.304479166667e-06
TIAUSD,1769238000000,2.3321595833333e-05
TIAUSD,1769241600000,2.2285169444444e-05
TIAUSD,1769245200000,1.53711e-05
TIAUSD,1769248800000,-2.11180555556e-07
TIAUSD,1769252400000,1.265775e-05
TIAUSD,1769256000000,9.995095833333e-06
TIAUSD,1769259600000,1.1873620833333e-05
TIAUSD,1769263200000,8.965080555556e-06
TIAUSD,1769266800000,8.125138888889e-06
TIAUSD,1769270400000,3.019663888889e-06
TIAUSD,1769274000000,2.6950219444444e-05
TIAUSD,1769277600000,2.4967743055556e-05
TIAUSD,1769281200000,2.7895536111111e-05
TIAUSD,1769284800000,1.7626502777778e-05
TIAUSD,1769288400000,2.8018131944444e-05
TIAUSD,1769292000000,2.5448891666667e-05
TIAUSD,1769295600000,2.4236720833333e-05
TIAUSD,1769299200000,2.4579723611111e-05
TIAUSD,1769302800000,2.5181238888889e-05
TIAUSD,1769306400000,2.1248881944444e-05
TIAUSD,1769310000000,2.1485463888889e-05
TIAUSD,1769313600000,6.292297222222e-06
TIAUSD,1769317200000,1.2918481944444e-05
TIAUSD,1769320800000,2.1646288888889e-05
TIAUSD,1769324400000,1.9169259722222e-05
TIAUSD,1769328000000,1.8079006944444e-05
TIAUSD,1769331600000,2.36435375e-05
TIAUSD,1769335200000,3.7558468055556e-05
TIAUSD,1769338800000,3.3091975e-05
TIAUSD,1769342400000,3.3282583333333e-05
TIAUSD,1769346000000,3.2806881944444e-05
TIAUSD,1769349600000,3.9456733333333e-05
TIAUSD,1769353200000,2.4971063888889e-05
TIAUSD,1769356800000,2.9456022222222e-05
TIAUSD,1769360400000,3.658859722222e-06
TIAUSD,1769364000000,2.7146230555556e-05
TIAUSD,1769367600000,2.6269113888889e-05
TIAUSD,1769371200000,3.7062177777778e-05
TIAUSD,1769374800000,2.9566997222222e-05
TIAUSD,1769378400000,3.5416735215054e-05
TIAUSD,1769382000000,2.5014155913978e-05
TIAUSD,1769385600000,2.4788495833333e-05
TIAUSD,1769389200000,3.4217670833333e-05
TIAUSD,1769392800000,3.1086202777778e-05
TIAUSD,1769396400000,2.7324030555556e-05
TIAUSD,1769400000000,2.8928886111111e-05
TIAUSD,1769403600000,2.9885158333333e-05
TIAUSD,1769407200000,2.74928375e-05
TIAUSD,1769410800000,3.1263408333333e-05
TIAUSD,1769414400000,3.5726954166667e-05
TIAUSD,1769418000000,2.3253498611111e-05
TIAUSD,1769421600000,1.4385872222222e-05
TIAUSD,1769425200000,3.2476379166667e-05
TIAUSD,1769428800000,4.44088375e-05
TIAUSD,1769432400000,4.2392770833333e-05
TIAUSD,1769436000000,3.3136794444444e-05
TIAUSD,1769439600000,2.9100380555556e-05
TIAUSD,1769443200000,2.4416994444444e-05
TIAUSD,1769446800000,2.7217170833333e-05
TIAUSD,1769450400000,3.0760819444444e-05
TIAUSD,1769454000000,2.8720341666667e-05
TIAUSD,1769457600000,2.6156838888889e-05
TIAUSD,1769461200000,2.88368625e-05
TIAUSD,1769464800000,2.8418470833333e-05
TIAUSD,1769468400000,2.8737555555556e-05
TIAUSD,1769472000000,3.5174959722222e-05
TIAUSD,1769475600000,3.4030913888889e-05
TIAUSD,1769479200000,3.6596911111111e-05
TIAUSD,1769482800000,3.7566825e-05
TIAUSD,1769486400000,3.8219815277778e-05
TIAUSD,1769490000000,3.1560719444444e-05
TIAUSD,1769493600000,3.5221445833333e-05
TIAUSD,1769497200000,3.0524086111111e-05
TIAUSD,1769500800000,3.23323125e-05
TIAUSD,1769504400000,4.0311084722222e-05
TIAUSD,1769508000000,3.9138472222222e-05
TIAUSD,1769511600000,3.7068779166667e-05
TIAUSD,1769515200000,3.0259918055556e-05
TIAUSD,1769518800000,3.3218404166667e-05
TIAUSD,1769522400000,2.6578881944444e-05
TIAUSD,1769526000000,2.7811305555556e-05
TIAUSD,1769529600000,3.3851970833333e-05
TIAUSD,1769533200000,3.0009043055556e-05
TIAUSD,1769536800000,2.3836813888889e-05
TIAUSD,1769540400000,2.9470138888889e-05
TIAUSD,1769544000000,1.4172752777778e-05
TIAUSD,1769547600000,-2.890830555556e-06
TIAUSD,1769551200000,-1.8162179166667e-05
TIAUSD,1769554800000,-8.070952777778e-06
TIAUSD,1769558400000,8.369575e-06
TIAUSD,1769562000000,4.633706944444e-06
TIAUSD,1769565600000,8.510286111111e-06
TIAUSD,1769569200000,2.605254166667e-06
TIAUSD,1769572800000,8.406205555556e-06
TIAUSD,1769576400000,1.5437e-06
TIAUSD,1769580000000,4.462756944444e-06
TIAUSD,1769583600000,6.123434722222e-06
TIAUSD,1769587200000,1.8333059722222e-05
TIAUSD,1769590800000,1.1805266666667e-05
TIAUSD,1769594400000,1.47594625e-05
TIAUSD,1769598000000,6.07022222222e-07
TIAUSD,1769601600000,2.0148109722222e-05
TIAUSD,1769605200000,2.144430555556e-06
TIAUSD,1769608800000,-9.745473611111e-06
TIAUSD,1769612400000,-4.431690277778e-06
TIAUSD,1769616000000,2.42975e-07
TIAUSD,1769619600000,9.067623611111e-06
TIAUSD,1769623200000,1.9502663888889e-05
TIAUSD,1769626800000,1.7909038888889e-05
TIAUSD,1769630400000,1.8553268055556e-05
TIAUSD,1769634000000,5.026098611111e-06
TIAUSD,1769637600000,1.6869975e-05
TIAUSD,1769641200000,4.427408602151e-06
TIAUSD,1769644800000,-2.7506413978495e-05
TIAUSD,1769648400000,-2.6720380555556e-05
TIAUSD,1769652000000,-9.215377777778e-06
TIAUSD,1769655600000,-7.951415277778e-06
TIAUSD,1769659200000,1.1820831944444e-05
TIAUSD,1769662800000,1.0577236111111e-05
TIAUSD,1769666400000,1.9440506944444e-05
TIAUSD,1769670000000,2.3223729166667e-05
TIAUSD,1769673600000,1.2783627777778e-05
TIAUSD,1769677200000,5.6059142241379e-05
TIAUSD,1769680800000,4.7116006944444e-05
TIAUSD,1769684400000,4.9663188888889e-05
TIAUSD,1769688000000,3.9925572222222e-05
TIAUSD,1769691600000,3.3806322222222e-05
TIAUSD,1769695200000,3.6190841666667e-05
TIAUSD,1769698800000,2.0281197222222e-05
TIAUSD,1769702400000,2.5125848611111e-05
TIAUSD,1769706000000,3.5286684722222e-05
TIAUSD,1769709600000,3.7600034722222e-05
TIAUSD,1769713200000,3.0470993055556e-05
TIAUSD,1769716800000,2.2532701388889e-05
TIAUSD,1769720400000,1.4201009722222e-05
TIAUSD,1769724000000,1.8520894444444e-05
TIAUSD,1769727600000,9.738052777778e-06
TIAUSD,1769731200000,1.8136676388889e-05
TIAUSD,1769734800000,2.7631579166667e-05
TIAUSD,1769738400000,3.0955898611111e-05
TIAUSD,1769742000000,1.5383452777778e-05
TIAUSD,1769745600000,1.6377776388889e-05
TIAUSD,1769749200000,2.8752416666667e-05
TIAUSD,1769752800000,1.6137340277778e-05
TIAUSD,1769756400000,1.6998783333333e-05
TIAUSD,1769760000000,1.6397036111111e-05
TIAUSD,1769763600000,9.1415e-07
TIAUSD,1769767200000,1.34227625e-05
TIAUSD,1769770800000,2.8995693055556e-05
TIAUSD,1769774400000,3.0176691666667e-05
TIAUSD,1769778000000,1.7157336111111e-05
TIAUSD,1769781600000,1.286726388889e-06
TIAUSD,1769785200000,3.151597222222e-06
TIAUSD,1769788800000,-7.408147222222e-06
TIAUSD,1769792400000,-6.725756944444e-06
TIAUSD,1769796000000,4.949751388889e-06
TIAUSD,1769799600000,1.9051526388889e-05
TIAUSD,1769803200000,1.2192475e-05
TIAUSD,1769806800000,2.5861958333333e-05
TIAUSD,1769810400000,2.5372944444444e-05
TIAUSD,1769814000000,1.8795358333333e-05
TIAUSD,1769817600000,2.3118075e-05
TIAUSD,1769821200000,1.5600393055556e-05
TIAUSD,1769824800000,1.7602595833333e-05
TIAUSD,1769828400000,2.2459431944444e-05
TIAUSD,1769832000000,1.8364038888889e-05
TIAUSD,1769835600000,1.8465025e-05
TIAUSD,1769839200000,3.0404127777778e-05
TIAUSD,1769842800000,2.48773e-05
TIAUSD,1769846400000,1.1696333333333e-05
TIAUSD,1769850000000,2.6055073611111e-05
TIAUSD,1769853600000,2.8007435483871e-05
TIAUSD,1769857200000,3.4386278225806e-05
TIAUSD,1769860800000,2.4114788888889e-05
TIAUSD,1769864400000,3.0070916666667e-05
TIAUSD,1769868000000,2.8853258333333e-05
TIAUSD,1769871600000,2.1463780555556e-05
TIAUSD,1769875200000,4.284058333333e-06
TIAUSD,1769878800000,9.075530555556e-06
TIAUSD,1769882400000,1.1338340277778e-05
TIAUSD,1769886000000,-2.0400051388889e-05
TIAUSD,1769889600000,-3.130626388889e-06
TIAUSD,1769893200000,-1.4768386111111e-05
TIAUSD,1769896800000,-7.602744444444e-06
TIAUSD,1769900400000,1.0983934722222e-05
TIAUSD,1769904000000,1.4824958333333e-05
TIAUSD,1769907600000,1.0106822222222e-05
TIAUSD,1769911200000,6.810102777778e-06
TIAUSD,1769914800000,9.962577777778e-06
TIAUSD,1769918400000,1.3059130555556e-05
TIAUSD,1769922000000,1.3983940277778e-05
TIAUSD,1769925600000,6.6888875e-06
TIAUSD,1769929200000,8.076209722222e-06
TIAUSD,1769932800000,1.2888504166667e-05
TIAUSD,1769936400000,1.1803386111111e-05
TIAUSD,1769940000000,1.5133829166667e-05
TIAUSD,1769943600000,9.9206875e-06
TIAUSD,1769947200000,6.540745833333e-06
TIAUSD,1769950800000,5.463004166667e-06
TIAUSD,1769954400000,9.483322222222e-06
TIAUSD,1769958000000,7.252077777778e-06
TIAUSD,1769961600000,2.6368202777778e-05
TIAUSD,1769965200000,1.1112041666667e-05
TIAUSD,1769968800000,9.989297222222e-06
TIAUSD,1769972400000,8.364993055556e-06
TIAUSD,1769976000000,8.712458333333e-06
TIAUSD,1769979600000,2.6426073611111e-05
TIAUSD,1769983200000,2.7207533333333e-05
TIAUSD,1769986800000,3.0824483333333e-05
TIAUSD,1769990400000,2.43602875e-05
TIAUSD,1769994000000,2.0180368055556e-05
TIAUSD,1769997600000,1.8185373611111e-05
TIAUSD,1770001200000,1.8691922222222e-05
TIAUSD,1770004800000,2.5541638888889e-05
TIAUSD,1770008400000,1.3310158333333e-05
TIAUSD,1770012000000,1.8180861111111e-05
TIAUSD,1770015600000,1.6808961111111e-05
TIAUSD,1770019200000,1.5631020833333e-05
TIAUSD,1770022800000,1.5142480555556e-05
TIAUSD,1770026400000,1.6436511111111e-05
TIAUSD,1770030000000,1.8994833333333e-05
TIAUSD,1770033600000,1.8425125e-05
TIAUSD,1770037200000,2.0182301388889e-05
TIAUSD,1770040800000,1.1878301388889e-05
TIAUSD,1770044400000,7.7908125e-06
TIAUSD,1770048000000,1.48194e-05
TIAUSD,1770051600000,1.7736213888889e-05
TIAUSD,1770055200000,1.61395125e-05
TIAUSD,1770058800000,1.3338245833333e-05
TIAUSD,1770062400000,8.37105e-06
TIAUSD,1770066000000,7.094261111111e-06
TIAUSD,1770069600000,9.503509722222e-06
TIAUSD,1770073200000,6.625040277778e-06
TIAUSD,1770076800000,1.1387440277778e-05
TIAUSD,1770080400000,7.960043055556e-06
TIAUSD,1770084000000,8.864391666667e-06
TIAUSD,1770087600000,2.9694902777778e-05
TIAUSD,1770091200000,5.3687579166667e-05
TIAUSD,1770094800000,5.3804094444444e-05
TIAUSD,1770098400000,5.0930088888889e-05
TIAUSD,1770102000000,5.7888027777778e-05
TIAUSD,1770105600000,5.6231833333333e-05
TIAUSD,1770109200000,5.5226559722222e-05
TIAUSD,1770112800000,4.9900873611111e-05
TIAUSD,1770116400000,4.5775893055556e-05
TIAUSD,1770120000000,3.9520959722222e-05
TIAUSD,1770123600000,4.0833918055556e-05
TIAUSD,1770127200000,3.62996125e-05
TIAUSD,1770130800000,3.1764223611111e-05
TIAUSD,1770134400000,2.4956063888889e-05
TIAUSD,1770138000000,1.3911447222222e-05
TIAUSD,1770141600000,1.9841525e-05
TIAUSD,1770145200000,9.328134722222e-06
TIAUSD,1770148800000,1.6248295833333e-05
TIAUSD,1770152400000,1.4386641666667e-05
TIAUSD,1770156000000,5.617011111111e-06
TIAUSD,1770159600000,2.3286397222222e-05
TIAUSD,1770163200000,3.2365573611111e-05
TIAUSD,1770166800000,4.5821548611111e-05
TIAUSD,1770170400000,4.4369641666667e-05
TIAUSD,1770174000000,3.9882894444444e-05
TIAUSD,1770177600000,4.2135877777778e-05
TIAUSD,1770181200000,4.17309875e-05
TIAUSD,1770184800000,4.0153723611111e-05
TIAUSD,1770188400000,4.3042258333333e-05
TIAUSD,1770192000000,4.4164331944444e-05
TIAUSD,1770195600000,4.4181934722222e-05
TIAUSD,1770199200000,4.5455493055556e-05
TIAUSD,1770202800000,3.5696029166667e-05
TIAUSD,1770210000000,2.9960827380952e-05
TIAUSD,1770213600000,2.5891716666667e-05
TIAUSD,1770217200000,2.3149361111111e-05
TIAUSD,1770220800000,2.2029398611111e-05
TIAUSD,1770224400000,2.3694127777778e-05
TIAUSD,1770228000000,2.5110366666667e-05
TIAUSD,1770231600000,2.9999565277778e-05
TIAUSD,1770235200000,3.3807251388889e-05
TIAUSD,1770238800000,-9.906766666667e-06
TIAUSD,1770242400000,3.24026125e-05
TIAUSD,1770246000000,3.3007201388889e-05
TIAUSD,1770249600000,2.4177226388889e-05
TIAUSD,1770253200000,2.3395780555556e-05
TIAUSD,1770256800000,3.2289613888889e-05
TIAUSD,1770260400000,3.7480919444444e-05
TIAUSD,1770264000000,2.6823880555556e-05
TIAUSD,1770267600000,2.6221743055556e-05
TIAUSD,1770271200000,2.7679379166667e-05
TIAUSD,1770274800000,3.62627e-05
TIAUSD,1770278400000,3.0088372222222e-05
TIAUSD,1770282000000,3.3274660714286e-05
TIAUSD,1770285600000,3.1290286111111e-05
TIAUSD,1770289200000,3.0871784722222e-05
TIAUSD,1770292800000,2.7192848611111e-05
TIAUSD,1770296400000,2.0554205555556e-05
TIAUSD,1770300000000,5.169723611111e-06
TIAUSD,1770303600000,2.930983333333e-06
TIAUSD,1770307200000,2.4957559027778e-05
TIAUSD,1770310800000,6.919498611111e-06
TIAUSD,1770314400000,5.628973611111e-06
TIAUSD,1770318000000,9.6152777778e-08
TIAUSD,1770321600000,-1.0805755555556e-05
TIAUSD,1770325200000,-6.3937e-06
TIAUSD,1770328800000,3.615144444444e-06
TIAUSD,1770332400000,-3.251375e-07
TIAUSD,1770336000000,1.3182081944444e-05
TIAUSD,1770339600000,1.7534933333333e-05
TIAUSD,1770343200000,-1.2482255555556e-05
TIAUSD,1770346800000,-3.028501388889e-06
TIAUSD,1770350400000,-5.642540277778e-06
TIAUSD,1770354000000,-2.4366956944444e-05
TIAUSD,1770357600000,-2.24533875e-05
TIAUSD,1770361200000,-1.2782348611111e-05
TIAUSD,1770364800000,-1.2869216666667e-05
TIAUSD,1770368400000,-1.2809077777778e-05
TIAUSD,1770372000000,-8.6158625e-06
TIAUSD,1770375600000,-1.0738684722222e-05
TIAUSD,1770379200000,-2.780979166667e-06
TIAUSD,1770382800000,-3.780840277778e-06
TIAUSD,1770386400000,5.440566666667e-06
TIAUSD,1770390000000,6.835390277778e-06
TIAUSD,1770393600000,-1.6034998611111e-05
TIAUSD,1770397200000,-1.3272611111111e-05
TIAUSD,1770400800000,-8.396605555556e-06
TIAUSD,1770404400000,-7.779954166667e-06
TIAUSD,1770408000000,1.18625e-06
TIAUSD,1770411600000,-1.41529e-05
TIAUSD,1770415200000,-2.1809727777778e-05
TIAUSD,1770418800000,-1.3719444444444e-05
TIAUSD,1770422400000,-2.4049911111111e-05
TIAUSD,1770426000000,-1.8900695833333e-05
TIAUSD,1770429600000,-1.8361268055556e-05
TIAUSD,1770433200000,-2.6343630555556e-05
TIAUSD,1770436800000,-2.9959705555556e-05
TIAUSD,1770440400000,-1.5922726388889e-05
TIAUSD,1770444000000,-1.2589676388889e-05
TIAUSD,1770447600000,-1.2415194444444e-05
TIAUSD,1770451200000,-1.04973e-05
TIAUSD,1770454800000,-1.4858669444444e-05
TIAUSD,1770458400000,-1.3125786111111e-05
TIAUSD,1770462000000,-8.162595833333e-06
TIAUSD,1770465600000,-1.5874975806452e-05
TIAUSD,1770469200000,-5.32177419355e-07
TIAUSD,1770472800000,-1.1534411111111e-05
TIAUSD,1770476400000,3.64894444444e-07
TIAUSD,1770480000000,-5.277659722222e-06
TIAUSD,1770483600000,9.26068055556e-07
TIAUSD,1770487200000,1.741390277778e-06
TIAUSD,1770490800000,5.186870833333e-06
TIAUSD,1770494400000,2.4973625e-06
TIAUSD,1770498000000,8.061886111111e-06
TIAUSD,1770501600000,9.067704166667e-06
TIAUSD,1770505200000,1.2636645833333e-05
TIAUSD,1770508800000,8.943733333333e-06
TIAUSD,1770512400000,1.0541736111111e-05
TIAUSD,1770516000000,1.1200405555556e-05
TIAUSD,1770519600000,1.2247744444444e-05
TIAUSD,1770523200000,1.1371198611111e-05
TIAUSD,1770526800000,1.2015886111111e-05
TIAUSD,1770530400000,1.5564922222222e-05
TIAUSD,1770534000000,1.9210279166667e-05
TIAUSD,1770537600000,1.5081325e-05
TIAUSD,1770541200000,1.9041577777778e-05
TIAUSD,1770544800000,1.0461640277778e-05
TIAUSD,1770548400000,1.8592422222222e-05
TIAUSD,1770552000000,1.2814283333333e-05
TIAUSD,1770555600000,2.2466198611111e-05
TIAUSD,1770559200000,1.8148406944444e-05
TIAUSD,1770562800000,1.0510206944444e-05
TIAUSD,1770566400000,9.204863888889e-06
TIAUSD,1770570000000,1.8662826388889e-05
TIAUSD,1770573600000,1.8566583333333e-05
TIAUSD,1770577200000,2.1720972222222e-05
TIAUSD,1770580800000,1.4522763888889e-05
TIAUSD,1770584400000,1.3637998611111e-05
TIAUSD,1770588000000,1.557955e-05
TIAUSD,1770591600000,1.9944390277778e-05
TIAUSD,1770595200000,-1.646625e-07
TIAUSD,1770598800000,6.513466666667e-06
TIAUSD,1770602400000,1.4504e-05
TIAUSD,1770606000000,1.9071394444444e-05
TIAUSD,1770609600000,1.9308406944444e-05
TIAUSD,1770613200000,2.2707147222222e-05
TIAUSD,1770616800000,1.9542019444444e-05
TIAUSD,1770620400000,1.8471440277778e-05
TIAUSD,1770624000000,1.9445852777778e-05
TIAUSD,1770627600000,1.94993625e-05
TIAUSD,1770631200000,2.0282848611111e-05
TIAUSD,1770634800000,2.0483256944444e-05
TIAUSD,1770638400000,2.8678216666667e-05
TIAUSD,1770642000000,1.8107205555556e-05
TIAUSD,1770645600000,2.1475761111111e-05
TIAUSD,1770649200000,2.0839769444444e-05
TIAUSD,1770652800000,1.4285331944444e-05
TIAUSD,1770656400000,1.3127780555556e-05
TIAUSD,1770660000000,1.2887219444444e-05
TIAUSD,1770663600000,8.750855555556e-06
TIAUSD,1770667200000,1.138725e-05
TIAUSD,1770670800000,3.232913888889e-06
TIAUSD,1770674400000,2.653322222222e-06
TIAUSD,1770678000000,9.518359722222e-06
TIAUSD,1770681600000,3.44325e-06
TIAUSD,1770685200000,5.522536111111e-06
TIAUSD,1770688800000,1.7212790277778e-05
TIAUSD,1770692400000,2.5995877777778e-05
TIAUSD,1770696000000,7.455926388889e-06
TIAUSD,1770699600000,9.782094444444e-06
TIAUSD,1770703200000,7.629541666667e-06
TIAUSD,1770706800000,6.04101388889e-07
TIAUSD,1770710400000,1.68329125e-05
TIAUSD,1770714000000,2.7567011111111e-05
TIAUSD,1770717600000,1.9943744444444e-05
TIAUSD,1770721200000,1.7691516666667e-05
TIAUSD,1770724800000,1.2924776388889e-05
TIAUSD,1770728400000,2.0933298611111e-05
TIAUSD,1770732000000,1.6655431944444e-05
TIAUSD,1770735600000,1.1856756944444e-05
TIAUSD,1770739200000,3.047288888889e-06
TIAUSD,1770742800000,-3.087616666667e-06
TIAUSD,1770746400000,-8.260279166667e-06
TIAUSD,1770750000000,3.082922222222e-06
TIAUSD,1770753600000,5.023452777778e-06
TIAUSD,1770757200000,6.875409722222e-06
TIAUSD,1770760800000,4.944908333333e-06
TIAUSD,1770764400000,5.767138888889e-06
TIAUSD,1770768000000,7.594366666667e-06
TIAUSD,1770771600000,1.7246084722222e-05
TIAUSD,1770775200000,1.5237945833333e-05
TIAUSD,1770778800000,4.294797222222e-06
TIAUSD,1770782400000,-2.869148611111e-06
TIAUSD,1770786000000,-4.704701388889e-06
TIAUSD,1770789600000,-6.165341666667e-06
TIAUSD,1770793200000,-3.790026388889e-06
TIAUSD,1770796800000,1.2028377777778e-05
TIAUSD,1770800400000,1.2243065277778e-05
TIAUSD,1770804000000,-1.097027777778e-06
TIAUSD,1770807600000,4.513270833333e-06
TIAUSD,1770811200000,-1.9299679166667e-05
TIAUSD,1770814800000,-2.1249961111111e-05
TIAUSD,1770818400000,-2.1429330555556e-05
TIAUSD,1770822000000,-1.44291125e-05
TIAUSD,1770825600000,-2.4767638888889e-05
TIAUSD,1770829200000,-1.2387495833333e-05
TIAUSD,1770832800000,-1.7491668055556e-05
TIAUSD,1770836400000,-1.0458780555556e-05
TIAUSD,1770840000000,-9.477316666667e-06
TIAUSD,1770843600000,-5.163020833333e-06
TIAUSD,1770847200000,-1.03778375e-05
TIAUSD,1770850800000,-2.2174755555556e-05
TIAUSD,1770854400000,-1.4059318055556e-05
TIAUSD,1770858000000,-2.4572427777778e-05
TIAUSD,1770861600000,-2.3538238888889e-05
TIAUSD,1770865200000,-2.1015344444444e-05
TIAUSD,1770868800000,-1.5102569444444e-05
TIAUSD,1770872400000,-1.0838176388889e-05
TIAUSD,1770876000000,-4.087555555556e-06
TIAUSD,1770879600000,-2.798333333333e-06
TIAUSD,1770883200000,-1.24991e-05
TIAUSD,1770886800000,5.1068043560606e-05
TIAUSD,1770890400000,1.956615e-05
TIAUSD,1770894000000,2.978483333333e-06
TIAUSD,1770897600000,1.1415968055556e-05
TIAUSD,1770901200000,8.192015277778e-06
TIAUSD,1770904800000,1.29598875e-05
TIAUSD,1770908400000,1.2620026388889e-05
TIAUSD,1770912000000,3.588559722222e-06
TIAUSD,1770915600000,1.4561344444444e-05
TIAUSD,1770919200000,1.6916172222222e-05
TIAUSD,1770922800000,3.02036e-05
TIAUSD,1770926400000,3.1912215277778e-05
TIAUSD,1770930000000,2.8064011111111e-05
TIAUSD,1770933600000,2.5654530555556e-05
TIAUSD,1770937200000,1.7855722222222e-05
TIAUSD,1770940800000,2.8273872222222e-05
TIAUSD,1770944400000,3.1091316666667e-05
TIAUSD,1770948000000,3.08196625e-05
TIAUSD,1770951600000,2.9030788978495e-05
TIAUSD,1770955200000,2.5336934139785e-05
TIAUSD,1770958800000,2.8754295833333e-05
TIAUSD,1770962400000,2.9087655555556e-05
TIAUSD,1770966000000,2.9445493055556e-05
TIAUSD,1770969600000,2.077595e-05
TIAUSD,1770973200000,2.2892666666667e-05
TIAUSD,1770976800000,2.7556322222222e-05
TIAUSD,1770980400000,2.8309195833333e-05
TIAUSD,1770984000000,2.8206815277778e-05
TIAUSD,1770987600000,2.8079397222222e-05
TIAUSD,1770991200000,2.5378351388889e-05
TIAUSD,1770994800000,2.3497158333333e-05
TIAUSD,1770998400000,2.1381925e-05
TIAUSD,1771002000000,1.6766166666667e-05
TIAUSD,1771009200000,1.4313176724138e-05
TIAUSD,1771012800000,1.8640559722222e-05
TIAUSD,1771016400000,1.7434415277778e-05
TIAUSD,1771020000000,1.3810630555556e-05
TIAUSD,1771023600000,8.964508333333e-06
TIAUSD,1771027200000,9.505961111111e-06
TIAUSD,1771030800000,-6.5230880555556e-05
TIAUSD,1771034400000,-2.590069444444e-06
TIAUSD,1771038000000,5.148686111111e-06
TIAUSD,1771041600000,1.7214183333333e-05
TIAUSD,1771045200000,1.3012966666667e-05
TIAUSD,1771048800000,-8.90569444444e-07
TIAUSD,1771052400000,5.952475e-06
TIAUSD,1771056000000,1.1752919444444e-05
TIAUSD,1771059600000,1.1643884722222e-05
TIAUSD,1771063200000,1.2337444444444e-05
TIAUSD,1771066800000,5.48225e-06
TIAUSD,1771070400000,9.272890277778e-06
TIAUSD,1771074000000,1.3884009722222e-05
TIAUSD,1771077600000,5.516458333333e-06
TIAUSD,1771081200000,8.014173611111e-06
TIAUSD,1771084800000,8.175879166667e-06
TIAUSD,1771088400000,1.016118055556e-06
TIAUSD,1771092000000,1.162156944444e-06
TIAUSD,1771095600000,3.470691666667e-06
TIAUSD,1771099200000,3.189430555556e-06
TIAUSD,1771102800000,-2.777038888889e-06
TIAUSD,1771106400000,9.729575e-06
TIAUSD,1771110000000,9.1601125e-06
TIAUSD,1771113600000,5.661584722222e-06
TIAUSD,1771117200000,7.806618055556e-06
TIAUSD,1771120800000,-1.170383333333e-06
TIAUSD,1771124400000,4.143916666667e-06
TIAUSD,1771128000000,7.4483333333e-08
TIAUSD,1771131600000,5.46135e-06
TIAUSD,1771135200000,9.061156944444e-06
TIAUSD,1771138800000,9.806034722222e-06
TIAUSD,1771142400000,1.75576375e-05
TIAUSD,1771146000000,1.6498422222222e-05
TIAUSD,1771149600000,2.0380973611111e-05
TIAUSD,1771153200000,1.45452375e-05
TIAUSD,1771156800000,1.4380216666667e-05
TIAUSD,1771160400000,6.502848611111e-06
TIAUSD,1771164000000,9.227281944444e-06
TIAUSD,1771167600000,1.8686476388889e-05
TIAUSD,1771171200000,1.6767747222222e-05
TIAUSD,1771174800000,1.1006705555556e-05
TIAUSD,1771178400000,9.300244444444e-06
TIAUSD,1771182000000,6.854765277778e-06
TIAUSD,1771185600000,7.276838888889e-06
TIAUSD,1771189200000,5.064448611111e-06
TIAUSD,1771192800000,8.378145833333e-06
TIAUSD,1771196400000,1.1552561111111e-05
TIAUSD,1771200000000,1.2539676388889e-05
TIAUSD,1771203600000,9.506833333333e-06
TIAUSD,1771207200000,9.11325e-06
TIAUSD,1771210800000,3.718223611111e-06
TIAUSD,1771214400000,8.78645e-06
TIAUSD,1771218000000,4.745813888889e-06
TIAUSD,1771221600000,1.82288625e-05
TIAUSD,1771225200000,2.0345344444444e-05
TIAUSD,1771228800000,2.0926770833333e-05
TIAUSD,1771232400000,2.0621155555556e-05
TIAUSD,1771236000000,1.8151205555556e-05
TIAUSD,1771239600000,1.5402191666667e-05
TIAUSD,1771243200000,2.2414240277778e-05
TIAUSD,1771246800000,1.7897136111111e-05
TIAUSD,1771250400000,4.173369444444e-06
TIAUSD,1771254000000,4.662009722222e-06
TIAUSD,1771257600000,2.302941666667e-06
TIAUSD,1771261200000,1.1083027777778e-05
TIAUSD,1771264800000,1.1459876388889e-05
TIAUSD,1771268400000,5.331019444444e-06
TIAUSD,1771272000000,6.148036111111e-06
TIAUSD,1771275600000,9.403651388889e-06
TIAUSD,1771279200000,5.63034811828e-06
TIAUSD,1771282800000,-6.23127688172e-07
TIAUSD,1771286400000,4.257425e-06
TIAUSD,1771290000000,9.342029166667e-06
TIAUSD,1771293600000,1.5637665277778e-05
TIAUSD,1771297200000,1.4598761111111e-05
TIAUSD,1771300800000,1.2350736111111e-05
TIAUSD,1771304400000,1.3588186111111e-05
TIAUSD,1771308000000,1.309745e-05
TIAUSD,1771311600000,1.4373838888889e-05
TIAUSD,1771315200000,1.8522294444444e-05
TIAUSD,1771318800000,1.7575802777778e-05
TIAUSD,1771322400000,1.3354901388889e-05
TIAUSD,1771326000000,8.416804166667e-06
TIAUSD,1771329600000,6.866947222222e-06
TIAUSD,1771333200000,8.929454166667e-06
TIAUSD,1771336800000,8.746066666667e-06
TIAUSD,1771340400000,9.337425e-06
TIAUSD,1771344000000,1.0156906944444e-05
TIAUSD,1771347600000,7.005966666667e-06
TIAUSD,1771351200000,3.364197222222e-06
TIAUSD,1771354800000,1.0331066666667e-05
TIAUSD,1771358400000,3.272827777778e-06
TIAUSD,1771362000000,5.610020833333e-06
TIAUSD,1771365600000,1.9142375e-06
TIAUSD,1771369200000,3.727718055556e-06
TIAUSD,1771372800000,9.123790277778e-06
TIAUSD,1771376400000,7.73302777778e-07
TIAUSD,1771380000000,5.593873611111e-06
TIAUSD,1771383600000,6.135877777778e-06
TIAUSD,1771387200000,9.228459722222e-06
TIAUSD,1771390800000,1.0700177777778e-05
TIAUSD,1771394400000,1.1045536111111e-05
TIAUSD,1771398000000,8.360427777778e-06
TIAUSD,1771401600000,5.443451388889e-06
TIAUSD,1771405200000,8.280816666667e-06
TIAUSD,1771408800000,7.577823611111e-06
TIAUSD,1771412400000,6.86543055556e-07
TIAUSD,1771416000000,4.680640277778e-06
TIAUSD,1771419600000,3.050183333333e-06
TIAUSD,1771423200000,-1.597631944444e-06
TIAUSD,1771426800000,4.405448611111e-06
TIAUSD,1771430400000,-8.810284722222e-06
TIAUSD,1771434000000,-1.0743297222222e-05
TIAUSD,1771437600000,-1.2054383333333e-05
TIAUSD,1771441200000,-5.828393055556e-06
TIAUSD,1771444800000,-8.103222222222e-06
TIAUSD,1771448400000,-5.50477777778e-07
TIAUSD,1771452000000,-9.321216666667e-06
TIAUSD,1771455600000,-6.847316666667e-06
TIAUSD,1771459200000,-1.0522676388889e-05
TIAUSD,1771462800000,-1.0532309722222e-05
TIAUSD,1771466400000,-1.2048095833333e-05
TIAUSD,1771470000000,-1.5068009722222e-05
TIAUSD,1771473600000,-9.585573611111e-06
TIAUSD,1771477200000,-8.521965277778e-06
TIAUSD,1771480800000,-4.973875e-06
TIAUSD,1771484400000,-6.1957375e-06
TIAUSD,1771488000000,-7.792043055556e-06
TIAUSD,1771491600000,-5.730670977011e-06
TIAUSD,1771495200000,-3.870366666667e-06
TIAUSD,1771498800000,-6.830991666667e-06
TIAUSD,1771502400000,-3.007709722222e-06
TIAUSD,1771506000000,1.5915125e-06
TIAUSD,1771509600000,7.974116666667e-06
TIAUSD,1771513200000,8.442834722222e-06
TIAUSD,1771516800000,9.212713888889e-06
TIAUSD,1771520400000,5.393079166667e-06
TIAUSD,1771524000000,7.47183333333e-07
TIAUSD,1771527600000,1.3605483333333e-05
TIAUSD,1771531200000,6.575947222222e-06
TIAUSD,1771534800000,6.737323611111e-06
TIAUSD,1771538400000,1.1083438888889e-05
TIAUSD,1771542000000,2.2950866666667e-05
TIAUSD,1771545600000,1.6484856944444e-05
TIAUSD,1771549200000,1.1687448611111e-05
TIAUSD,1771552800000,1.3866841666667e-05
TIAUSD,1771556400000,1.2998490277778e-05
TIAUSD,1771560000000,1.5577065277778e-05
TIAUSD,1771563600000,1.9202825e-05
TIAUSD,1771567200000,2.3460672222222e-05
TIAUSD,1771570800000,2.1110179166667e-05
TIAUSD,1771574400000,9.3582375e-06
TIAUSD,1771578000000,2.0272751388889e-05
TIAUSD,1771581600000,2.3797288888889e-05
TIAUSD,1771585200000,2.6222097222222e-05
TIAUSD,1771588800000,1.9600372222222e-05
TIAUSD,1771592400000,1.7189956944444e-05
TIAUSD,1771596000000,6.236526388889e-06
TIAUSD,1771599600000,-3.856575e-06
TIAUSD,1771603200000,-1.4805027777778e-05
TIAUSD,1771606800000,-1.5448818055556e-05
TIAUSD,1771610400000,-1.6699609722222e-05
TIAUSD,1771614000000,-2.2796948611111e-05
TIAUSD,1771617600000,-2.6775365277778e-05
TIAUSD,1771621200000,-2.5666918055556e-05
TIAUSD,1771624800000,-1.2045779166667e-05
TIAUSD,1771628400000,-1.3275044444444e-05
TIAUSD,1771632000000,-1.4999913888889e-05
TIAUSD,1771635600000,-1.2686090277778e-05
TIAUSD,1771639200000,-1.4507084722222e-05
TIAUSD,1771642800000,-1.1575573611111e-05
TIAUSD,1771646400000,-1.6513533333333e-05
TIAUSD,1771650000000,-1.9403188888889e-05
TIAUSD,1771653600000,-1.6439018055556e-05
TIAUSD,1771657200000,-1.6445734722222e-05
TIAUSD,1771660800000,-1.0495291666667e-05
TIAUSD,1771664400000,-1.4061786111111e-05
TIAUSD,1771668000000,-1.5228804166667e-05
TIAUSD,1771671600000,-1.8529263888889e-05
TIAUSD,1771675200000,-1.3236004166667e-05
TIAUSD,1771678800000,-1.1931025e-05
TIAUSD,1771682400000,-5.137559722222e-06
TIAUSD,1771686000000,-1.2951133333333e-05
TIAUSD,1771689600000,-8.527075e-06
TIAUSD,1771693200000,-1.5723341666667e-05
TIAUSD,1771696800000,-2.2328651388889e-05
TIAUSD,1771700400000,-2.0194584722222e-05
TIAUSD,1771704000000,-3.685518055556e-06
TIAUSD,1771707600000,-4.904058333333e-06
TIAUSD,1771711200000,-1.533055e-05
TIAUSD,1771714800000,-1.5656595833333e-05
TIAUSD,1771718400000,-1.7231872222222e-05
TIAUSD,1771722000000,-1.57825125e-05
TIAUSD,1771725600000,-2.196393055556e-06
TIAUSD,1771729200000,-5.865672222222e-06
TIAUSD,1771732800000,-2.868890277778e-06
TIAUSD,1771736400000,-1.0334391666667e-05
TIAUSD,1771740000000,-8.924893055556e-06
TIAUSD,1771743600000,-7.764308333333e-06
TIAUSD,1771747200000,-9.919776388889e-06
TIAUSD,1771750800000,-4.779881944444e-06
TIAUSD,1771754400000,-1.0998454166667e-05
TIAUSD,1771758000000,-7.758695833333e-06
TIAUSD,1771761600000,-6.936140277778e-06
TIAUSD,1771765200000,-6.324754166667e-06
TIAUSD,1771768800000,-8.723847222222e-06
TIAUSD,1771772400000,-2.424725e-06
TIAUSD,1771776000000,-1.0320976388889e-05
TIAUSD,1771779600000,-3.668672222222e-06
TIAUSD,1771783200000,-6.373298611111e-06
TIAUSD,1771786800000,-1.6508509722222e-05
TIAUSD,1771790400000,-1.3578938888889e-05
TIAUSD,1771794000000,-1.0860527777778e-05
TIAUSD,1771797600000,-6.888709722222e-06
TIAUSD,1771801200000,-4.854418055556e-06
TIAUSD,1771804800000,-9.2567375e-06
TIAUSD,1771808400000,-3.572177777778e-06
TIAUSD,1771812000000,-3.5569443055556e-05
TIAUSD,1771815600000,-3.1540994444444e-05
TIAUSD,1771819200000,-2.7199411111111e-05
TIAUSD,1771822800000,-2.2459447222222e-05
TIAUSD,1771826400000,-2.1282880555556e-05
TIAUSD,1771830000000,-2.0354398611111e-05
TIAUSD,1771833600000,-2.2275769444444e-05
TIAUSD,1771837200000,-2.7477670833333e-05
TIAUSD,1771840800000,-2.1479404166667e-05
TIAUSD,1771844400000,-1.9097834722222e-05
TIAUSD,1771848000000,-1.7640688888889e-05
TIAUSD,1771851600000,-1.7068726388889e-05
TIAUSD,1771855200000,-1.7383815277778e-05
TIAUSD,1771858800000,-1.3553531944444e-05
TIAUSD,1771862400000,-7.819490277778e-06
TIAUSD,1771866000000,-1.0235536111111e-05
TIAUSD,1771869600000,-1.6031166666667e-05
TIAUSD,1771873200000,-1.3072148611111e-05
TIAUSD,1771876800000,-1.3685018055556e-05
TIAUSD,1771880400000,-1.0163026388889e-05
TIAUSD,1771884000000,-1.1295295833333e-05
TIAUSD,1771887600000,-3.737351388889e-06
TIAUSD,1771891200000,-1.939640277778e-06
TIAUSD,1771894800000,-4.7066625e-06
TIAUSD,1771898400000,-4.728898611111e-06
TIAUSD,1771902000000,-1.1654961111111e-05
TIAUSD,1771905600000,-1.9101477777778e-05
TIAUSD,1771909200000,2.499116666667e-06
TIAUSD,1771912800000,-5.406576388889e-06
TIAUSD,1771916400000,-9.089004166667e-06
TIAUSD,1771920000000,-1.5648372222222e-05
TIAUSD,1771923600000,-1.7684261111111e-05
TIAUSD,1771927200000,-8.120208333333e-06
TIAUSD,1771930800000,-1.1650733333333e-05
TIAUSD,1771934400000,-1.4061855555556e-05
TIAUSD,1771938000000,-1.3582898611111e-05
TIAUSD,1771941600000,-9.283938888889e-06
TIAUSD,1771945200000,-8.848552777778e-06
TIAUSD,1771948800000,-8.572652777778e-06
TIAUSD,1771952400000,-5.340698611111e-06
TIAUSD,1771956000000,-5.786913888889e-06
TIAUSD,1771959600000,-5.711440277778e-06
TIAUSD,1771963200000,-5.05635e-06
TIAUSD,1771966800000,-1.336420833333e-06
TIAUSD,1771970400000,-8.944879166667e-06
TIAUSD,1771974000000,-1.0917155555556e-05
TIAUSD,1771977600000,-5.328758333333e-06
TIAUSD,1771981200000,-1.0401188888889e-05
TIAUSD,1771984800000,-3.0567436111111e-05
TIAUSD,1771988400000,-4.9760759722222e-05
TIAUSD,1771992000000,-4.0672073611111e-05
TIAUSD,1771995600000,-3.31270125e-05
TIAUSD,1771999200000,-3.0822216666667e-05
TIAUSD,1772002800000,-2.7473638888889e-05
TIAUSD,1772006400000,-1.2412576388889e-05
TIAUSD,1772010000000,-1.7039920833333e-05
TIAUSD,1772013600000,-1.1600631944444e-05
TIAUSD,1772017200000,-2.3505643055556e-05
TIAUSD,1772020800000,-1.1544169444444e-05
TIAUSD,1772024400000,-9.669754166667e-06
TIAUSD,1772028000000,-1.3872505555556e-05
TIAUSD,1772031600000,-1.6491130555556e-05
TIAUSD,1772035200000,-7.745897222222e-06
TIAUSD,1772038800000,-1.8276516666667e-05
TIAUSD,1772042400000,-1.8321843055556e-05
TIAUSD,1772046000000,7.552520833333e-06
TIAUSD,1772049600000,1.8672576388889e-05
TIAUSD,1772053200000,1.1285845833333e-05
TIAUSD,1772056800000,1.2095244444444e-05
TIAUSD,1772060400000,5.5726159722222e-05
TIAUSD,1772064000000,6.4533975e-05
TIAUSD,1772067600000,5.3560144444444e-05
TIAUSD,1772071200000,4.4984166666667e-05
TIAUSD,1772074800000,4.3144413888889e-05
TIAUSD,1772078400000,3.3946520833333e-05
TIAUSD,1772082000000,4.1527856944444e-05
TIAUSD,1772085600000,3.2661972222222e-05
TIAUSD,1772089200000,1.9711169444444e-05
TIAUSD,1772092800000,3.2631822222222e-05
TIAUSD,1772096400000,4.4844385416667e-05
TIAUSD,1772100000000,3.5343190277778e-05
TIAUSD,1772103600000,3.0552729166667e-05
TIAUSD,1772107200000,2.7578195833333e-05
TIAUSD,1772110800000,1.7396484722222e-05
TIAUSD,1772114400000,1.0618983333333e-05
TIAUSD,1772118000000,2.3352286111111e-05
TIAUSD,1772121600000,2.2188909722222e-05
TIAUSD,1772125200000,2.49309e-05
TIAUSD,1772128800000,3.4000430555556e-05
TIAUSD,1772132400000,4.3372794444444e-05
TIAUSD,1772136000000,4.2669758333333e-05
TIAUSD,1772139600000,3.9941194444444e-05
TIAUSD,1772143200000,3.7217869444444e-05
TIAUSD,1772146800000,2.8692904166667e-05
TIAUSD,1772150400000,3.4231180555556e-05
TIAUSD,1772154000000,3.3482790277778e-05
TIAUSD,1772157600000,3.7972026388889e-05
TIAUSD,1772161200000,3.2927479166667e-05
TIAUSD,1772164800000,2.8452668055556e-05
TIAUSD,1772168400000,2.7445123611111e-05
TIAUSD,1772172000000,3.16899125e-05
TIAUSD,1772175600000,2.5044725e-05
TIAUSD,1772179200000,3.2654459722222e-05
TIAUSD,1772182800000,2.2515594444444e-05
TIAUSD,1772186400000,2.0058311111111e-05
TIAUSD,1772190000000,1.38886875e-05
TIAUSD,1772193600000,2.4660243055556e-05
TIAUSD,1772197200000,3.4934859722222e-05
TIAUSD,1772200800000,2.4859472222222e-05
TIAUSD,1772204400000,3.3447172222222e-05
TIAUSD,1772208000000,3.0828108333333e-05
TIAUSD,1772211600000,4.1744333333333e-05
TIAUSD,1772215200000,4.0037401388889e-05
TIAUSD,1772218800000,4.2483241666667e-05
TIAUSD,1772222400000,3.3198097222222e-05
TIAUSD,1772226000000,4.4447961111111e-05
TIAUSD,1772229600000,4.1460223611111e-05
TIAUSD,1772233200000,2.2822061111111e-05
TIAUSD,1772236800000,1.35658125e-05
TIAUSD,1772240400000,7.5643375e-06
TIAUSD,1772244000000,1.1532270833333e-05
TIAUSD,1772247600000,8.076158333333e-06
TIAUSD,1772251200000,1.9312552777778e-05
TIAUSD,1772254800000,1.2201361111111e-05
TIAUSD,1772258400000,5.742997222222e-06
TIAUSD,1772262000000,9.570618055556e-06
TIAUSD,1772265600000,4.094308333333e-06
TIAUSD,1772269200000,3.567565277778e-06
TIAUSD,1772272800000,8.327255555556e-06
TIAUSD,1772276400000,4.15e-08
TIAUSD,1772280000000,1.0316509722222e-05
TIAUSD,1772283600000,1.991195833333e-06
TIAUSD,1772287200000,-2.588938888889e-06
TIAUSD,1772290800000,3.893290277778e-06
TIAUSD,1772294400000,6.471284722222e-06
TIAUSD,1772298000000,-4.848965277778e-06
TIAUSD,1772301600000,9.61372222222e-07
TIAUSD,1772305200000,9.404e-07
TIAUSD,1772308800000,3.847772222222e-06
TIAUSD,1772312400000,3.589615277778e-06
TIAUSD,1772316000000,7.288525e-06
TIAUSD,1772319600000,-1.328488888889e-06
TIAUSD,1772323200000,-1.021079166667e-06
TIAUSD,1772326800000,1.711141666667e-06
TIAUSD,1772330400000,-3.079683333333e-06
TIAUSD,1772334000000,-6.6626875e-06
TIAUSD,1772337600000,-8.591695833333e-06
TIAUSD,1772341200000,-4.914484722222e-06
TIAUSD,1772344800000,-5.803779166667e-06
TIAUSD,1772348400000,-9.3315e-06
TIAUSD,1772352000000,-9.484955555556e-06
TIAUSD,1772355600000,-1.0168998611111e-05
TIAUSD,1772359200000,-1.1383945833333e-05
TIAUSD,1772362800000,-2.1019973611111e-05
TIAUSD,1772366400000,-1.4478901388889e-05
TIAUSD,1772370000000,-1.0478325e-05
TIAUSD,1772373600000,-4.532197222222e-06
TIAUSD,1772377200000,1.206079166667e-06
TIAUSD,1772380800000,-2.132625e-07
TIAUSD,1772384400000,3.47277777778e-07
TIAUSD,1772388000000,-1.708798611111e-06
TIAUSD,1772391600000,-1.395684722222e-06
TIAUSD,1772395200000,3.132297222222e-06
TIAUSD,1772398800000,-2.149690277778e-06
TIAUSD,1772402400000,-6.621544444444e-06
TIAUSD,1772406000000,-1.048063888889e-06
TIAUSD,1772409600000,1.1496820833333e-05
TIAUSD,1772413200000,1.1174095833333e-05
TIAUSD,1772416800000,8.030104166667e-06
TIAUSD,1772420400000,-2.269170833333e-06
TIAUSD,1772424000000,1.1606247222222e-05
TIAUSD,1772427600000,6.347269444444e-06
TIAUSD,1772431200000,3.071781944444e-06
TIAUSD,1772434800000,3.536304166667e-06
TIAUSD,1772438400000,6.491433333333e-06
TIAUSD,1772442000000,9.741259722222e-06
TIAUSD,1772445600000,1.1624590277778e-05
TIAUSD,1772449200000,1.0982266666667e-05
TIAUSD,1772452800000,1.4813727777778e-05
TIAUSD,1772456400000,1.4977272222222e-05
TIAUSD,1772460000000,1.8355843055556e-05
TIAUSD,1772463600000,2.8772765277778e-05
TIAUSD,1772467200000,1.9716751388889e-05
TIAUSD,1772470800000,1.3774768055556e-05
TIAUSD,1772474400000,1.2554419444444e-05
TIAUSD,1772478000000,1.5166834722222e-05
TIAUSD,1772481600000,2.1269955555556e-05
TIAUSD,1772485200000,1.9518640277778e-05
TIAUSD,1772488800000,2.4139619444444e-05
TIAUSD,1772492400000,1.6326544444444e-05
TIAUSD,1772496000000,1.7892168055556e-05
TIAUSD,1772499600000,7.080344444444e-06
TIAUSD,1772503200000,4.5981375e-06
TIAUSD,1772506800000,1.1312976388889e-05
TIAUSD,1772510400000,1.1952890277778e-05
TIAUSD,1772514000000,4.734318055556e-06
TIAUSD,1772517600000,-3.331438888889e-06
TIAUSD,1772521200000,-3.282073611111e-06
TIAUSD,1772524800000,1.935447222222e-06
TIAUSD,1772528400000,-6.054466666667e-06
TIAUSD,1772532000000,-6.229488888889e-06
TIAUSD,1772535600000,-1.145877777778e-06
TIAUSD,1772539200000,-4.137075e-06
TIAUSD,1772542800000,-3.990345833333e-06
TIAUSD,1772546400000,-2.2621381944444e-05
TIAUSD,1772550000000,-1.6802384722222e-05
TIAUSD,1772553600000,-1.9065369444444e-05
TIAUSD,1772557200000,-2.6482345833333e-05
TIAUSD,1772560800000,-8.191791666667e-06
TIAUSD,1772564400000,-1.1791855555556e-05
TIAUSD,1772568000000,-1.6894751388889e-05
TIAUSD,1772571600000,-1.2912506944444e-05
TIAUSD,1772575200000,-1.8460823611111e-05
TIAUSD,1772578800000,-1.0606231944444e-05
TIAUSD,1772582400000,-1.6841023611111e-05
TIAUSD,1772586000000,-2.1221118055556e-05
TIAUSD,1772589600000,-1.8565491666667e-05
TIAUSD,1772593200000,-8.674281944444e-06
TIAUSD,1772596800000,-1.6046465277778e-05
TIAUSD,1772600400000,-1.6668786111111e-05
TIAUSD,1772604000000,-1.6173059722222e-05
TIAUSD,1772607600000,-1.5604013888889e-05
TIAUSD,1772611200000,-9.241384722222e-06
TIAUSD,1772614800000,-1.1305091666667e-05
TIAUSD,1772618400000,-1.0178697222222e-05
TIAUSD,1772622000000,-8.651301388889e-06
TIAUSD,1772625600000,-1.4893155555556e-05
TIAUSD,1772629200000,-6.770694444444e-06
TIAUSD,1772632800000,-8.649805555556e-06
TIAUSD,1772636400000,-3.343684722222e-06
TIAUSD,1772640000000,5.39418055556e-07
TIAUSD,1772643600000,-3.657447222222e-06
TIAUSD,1772647200000,-1.4628634722222e-05
TIAUSD,1772650800000,-5.961718055556e-06
TIAUSD,1772654400000,-5.133520833333e-06
TIAUSD,1772658000000,-1.15090125e-05
TIAUSD,1772661600000,8.59811111111e-07
TIAUSD,1772665200000,1.0531420833333e-05
TIAUSD,1772668800000,-5.279805555556e-06
TIAUSD,1772672400000,-9.591747222222e-06
TIAUSD,1772676000000,-1.2593636111111e-05
TIAUSD,1772679600000,-1.3605625e-06
TIAUSD,1772683200000,-6.18529166667e-07
TIAUSD,1772686800000,-7.604959722222e-06
TIAUSD,1772690400000,-1.0597630555556e-05
TIAUSD,1772694000000,-1.0046911111111e-05
TIAUSD,1772697600000,-1.3381181944444e-05
TIAUSD,1772701200000,3.35639423077e-07
TIAUSD,1772704800000,1.299980555556e-06
TIAUSD,1772708400000,1.943320833333e-06
TIAUSD,1772712000000,-1.1938433333333e-05
TIAUSD,1772715600000,-6.843590277778e-06
TIAUSD,1772719200000,-1.2073463888889e-05
TIAUSD,1772722800000,-9.784959722222e-06
TIAUSD,1772726400000,4.5929166667e-08
TIAUSD,1772730000000,-4.649044444444e-06
TIAUSD,1772733600000,-1.536043055556e-06
TIAUSD,1772737200000,-3.29293055556e-07
TIAUSD,1772740800000,1.356095833333e-06
TIAUSD,1772744400000,6.546425e-06
TIAUSD,1772748000000,3.475997222222e-06
TIAUSD,1772751600000,0.000605793773611111
TIAUSD,1772755200000,-1.7739409722222e-05
TIAUSD,1772758800000,-1.184025e-06
TIAUSD,1772762400000,-2.156779166667e-06
TIAUSD,1772766000000,-1.904056944444e-06
TIAUSD,1772769600000,2.581768055556e-06
TIAUSD,1772773200000,7.450073611111e-06
TIAUSD,1772776800000,3.3503625e-06
TIAUSD,1772780400000,6.307411111111e-06
TIAUSD,1772784000000,1.0903490277778e-05
TIAUSD,1772787600000,5.749241666667e-06
TIAUSD,1772791200000,-6.15430555556e-07
TIAUSD,1772794800000,-1.937551388889e-06
TIAUSD,1772798400000,1.58468055556e-07
TIAUSD,1772802000000,8.0668055556e-08
TIAUSD,1772805600000,-8.344934722222e-06
TIAUSD,1772809200000,-1.5199111111111e-05
TIAUSD,1772812800000,-9.808819444444e-06
TIAUSD,1772816400000,-1.6469818055556e-05
TIAUSD,1772820000000,-9.184273611111e-06
TIAUSD,1772823600000,-2.370395e-05
TIAUSD,1772827200000,-1.9928659722222e-05
TIAUSD,1772830800000,-1.4391522222222e-05
TIAUSD,1772834400000,-1.2446747222222e-05
TIAUSD,1772838000000,-1.5365218055556e-05
TIAUSD,1772841600000,-1.03930875e-05
TIAUSD,1772845200000,-1.1583644444444e-05
TIAUSD,1772848800000,-9.523802777778e-06
TIAUSD,1772852400000,-6.986991666667e-06
TIAUSD,1772856000000,-5.155147222222e-06
TIAUSD,1772859600000,3.172763888889e-06
TIAUSD,1772863200000,2.108609722222e-06
TIAUSD,1772866800000,-1.2656930555556e-05
TIAUSD,1772870400000,-1.2659859722222e-05
TIAUSD,1772874000000,-9.786479166667e-06
TIAUSD,1772877600000,-1.1889019444444e-05
TIAUSD,1772881200000,-2.1595580555556e-05
TIAUSD,1772884800000,-2.0192977777778e-05
TIAUSD,1772888400000,-1.6765718055556e-05
TIAUSD,1772892000000,-1.2814826388889e-05
TIAUSD,1772895600000,-1.2965790277778e-05
TIAUSD,1772899200000,-1.77228625e-05
TIAUSD,1772902800000,-1.8095031944444e-05
TIAUSD,1772906400000,-1.0758490277778e-05
TIAUSD,1772910000000,-1.4014795833333e-05
TIAUSD,1772913600000,-2.1190731944444e-05
TIAUSD,1772917200000,-2.2372920833333e-05
TIAUSD,1772920800000,-1.99779375e-05
TIAUSD,1772924400000,-2.3200145833333e-05
TIAUSD,1772928000000,-2.3184152777778e-05
TIAUSD,1772931600000,-1.9585619444444e-05
TIAUSD,1772935200000,-2.7152348611111e-05
TIAUSD,1772938800000,-2.4751715277778e-05
TIAUSD,1772942400000,-1.8621327777778e-05
TIAUSD,1772946000000,-1.3007234722222e-05
TIAUSD,1772949600000,-1.8603680555556e-05
TIAUSD,1772953200000,-2.38932625e-05
TIAUSD,1772956800000,-1.2064493055556e-05
TIAUSD,1772960400000,-1.7116618055556e-05
TIAUSD,1772964000000,-1.2711022222222e-05
TIAUSD,1772967600000,-1.9542116666667e-05
TIAUSD,1772971200000,-1.8649286111111e-05
TIAUSD,1772974800000,-1.0008227777778e-05
TIAUSD,1772978400000,-1.4404781944444e-05
TIAUSD,1772982000000,-1.5140234722222e-05
TIAUSD,1772985600000,-1.7575297222222e-05
TIAUSD,1772989200000,-1.2308811111111e-05
TIAUSD,1772992800000,-1.5342675e-05
TIAUSD,1772996400000,-1.8622022222222e-05
TIAUSD,1773000000000,-1.0143525e-05
TIAUSD,1773003600000,-1.4490784722222e-05
TIAUSD,1773007200000,-1.7194977777778e-05
TIAUSD,1773010800000,-1.1550856944444e-05
TIAUSD,1773014400000,-1.3276908333333e-05
TIAUSD,1773018000000,-1.9124626388889e-05
TIAUSD,1773021600000,-2.0160884722222e-05
TIAUSD,1773025200000,-1.6421913888889e-05
TIAUSD,1773028800000,-1.5318951388889e-05
TIAUSD,1773032400000,-1.493445e-05
TIAUSD,1773036000000,-2.0589452777778e-05
TIAUSD,1773039600000,-2.0076813888889e-05
TIAUSD,1773043200000,-1.7084286111111e-05
TIAUSD,1773046800000,-2.0076674242424e-05
TIAUSD,1773050400000,-1.4928568055556e-05
TIAUSD,1773054000000,-1.253073924731e-06
TIAUSD,1773057600000,-7.57813172043e-07
TIAUSD,1773061200000,-2.7612e-06
TIAUSD,1773064800000,-4.809291666667e-06
TIAUSD,1773068400000,2.55431944444e-07
TIAUSD,1773072000000,-2.062273611111e-06
TIAUSD,1773075600000,-9.42569444444e-07
TIAUSD,1773079200000,-5.496551388889e-06
TIAUSD,1773082800000,-2.901106944444e-06
TIAUSD,1773086400000,1.476501388889e-06
TIAUSD,1773090000000,-5.021041666667e-06
TIAUSD,1773093600000,3.855402777778e-06
TIAUSD,1773097200000,1.4167761111111e-05
TIAUSD,1773100800000,-5.458648611111e-06
TIAUSD,1773104400000,-1.2357727777778e-05
TIAUSD,1773108000000,-9.999852777778e-06
TIAUSD,1773111600000,-1.485106944444e-06
TIAUSD,1773115200000,2.11888888889e-07
TIAUSD,1773118800000,1.924284722222e-06
TIAUSD,1773122400000,-6.610230555556e-06
TIAUSD,1773126000000,-9.730072222222e-06
TIAUSD,1773129600000,-2.594498611111e-06
TIAUSD,1773133200000,1.499677777778e-06
TIAUSD,1773136800000,7.000830555556e-06
TIAUSD,1773140400000,6.848143055556e-06
TIAUSD,1773144000000,7.163163888889e-06
TIAUSD,1773147600000,4.357370833333e-06
TIAUSD,1773151200000,1.585431944444e-06
TIAUSD,1773154800000,7.547680555556e-06
TIAUSD,1773158400000,4.4489875e-06
TIAUSD,1773162000000,8.858105555556e-06
TIAUSD,1773165600000,1.5843888888889e-05
TIAUSD,1773169200000,1.70556625e-05
TIAUSD,1773172800000,1.2696994444444e-05
TIAUSD,1773176400000,3.995466666667e-06
TIAUSD,1773180000000,1.388623611111e-06
TIAUSD,1773183600000,0.000608387879166667
TIAUSD,1773187200000,-1.5085538888889e-05
TIAUSD,1773190800000,5.306859722222e-06
TIAUSD,1773194400000,6.822372222222e-06
TIAUSD,1773198000000,7.063277777778e-06
TIAUSD,1773201600000,5.180429166667e-06
TIAUSD,1773205200000,7.395901388889e-06
TIAUSD,1773208800000,5.3195375e-06
TIAUSD,1773212400000,1.749325e-06
TIAUSD,1773216000000,-8.48905555556e-07
TIAUSD,1773219600000,1.28084722222e-07
TIAUSD,1773223200000,2.291380555556e-06
TIAUSD,1773226800000,6.164529166667e-06
TIAUSD,1773230400000,3.072686111111e-06
TIAUSD,1773234000000,7.48347222222e-07
TIAUSD,1773237600000,-1.392243055556e-06
TIAUSD,1773241200000,3.019845833333e-06
TIAUSD,1773244800000,-4.98640277778e-07
TIAUSD,1773248400000,3.489654166667e-06
TIAUSD,1773252000000,-1.694938888889e-06
TIAUSD,1773255600000,-8.461509722222e-06
TIAUSD,1773259200000,3.70151388889e-07
TIAUSD,1773262800000,1.987351388889e-06
TIAUSD,1773266400000,3.0081126388889e-05
TIAUSD,1773270000000,2.4105920833333e-05
TIAUSD,1773273600000,3.3944969444444e-05
TIAUSD,1773277200000,4.0120915277778e-05
TIAUSD,1773280800000,4.2934895833333e-05
TIAUSD,1773284400000,2.6596825e-05
TIAUSD,1773288000000,1.3297522222222e-05
TIAUSD,1773291600000,1.7174188888889e-05
TIAUSD,1773295200000,2.5032926388889e-05
TIAUSD,1773298800000,3.3367643055556e-05
TIAUSD,1773302400000,3.2941048611111e-05
TIAUSD,1773306000000,3.8572115277778e-05
TIAUSD,1773309600000,3.6035630555556e-05
TIAUSD,1773313200000,3.4449402777778e-05
TIAUSD,1773316800000,4.6558783333333e-05
TIAUSD,1773320400000,4.5815105555556e-05
TIAUSD,1773324000000,4.2345888888889e-05
TIAUSD,1773327600000,4.1126994444444e-05
TIAUSD,1773331200000,4.1722459722222e-05
TIAUSD,1773334800000,3.9670534722222e-05
TIAUSD,1773338400000,5.3449470833333e-05
TIAUSD,1773342000000,5.511955e-05
TIAUSD,1773345600000,5.63176e-05
TIAUSD,1773349200000,5.0406718055556e-05
TIAUSD,1773352800000,5.6634483333333e-05
TIAUSD,1773356400000,5.8105368055556e-05
TIAUSD,1773360000000,5.17282875e-05
TIAUSD,1773363600000,4.00435125e-05
TIAUSD,1773367200000,3.4012455555556e-05
TIAUSD,1773370800000,3.89453125e-05
TIAUSD,1773374400000,4.1356616666667e-05
TIAUSD,1773378000000,3.7721579166667e-05
TIAUSD,1773381600000,4.4531855555556e-05
TIAUSD,1773385200000,5.3461923611111e-05
TIAUSD,1773388800000,5.3625872222222e-05
TIAUSD,1773392400000,6.4905733333333e-05
TIAUSD,1773396000000,7.2869775e-05
TIAUSD,1773399600000,6.62357875e-05
TIAUSD,1773403200000,5.4078702777778e-05
TIAUSD,1773406800000,5.3183123611111e-05
TIAUSD,1773410400000,4.6400781944444e-05
TIAUSD,1773414000000,4.0921758333333e-05
TIAUSD,1773417600000,4.7664115277778e-05
TIAUSD,1773421200000,5.8049126388889e-05
TIAUSD,1773424800000,4.5104915277778e-05
TIAUSD,1773428400000,2.9127780555556e-05
TIAUSD,1773432000000,2.2396733333333e-05
TIAUSD,1773435600000,3.2180852777778e-05
TIAUSD,1773439200000,3.5435543055556e-05
TIAUSD,1773442800000,7.3969284722222e-05
TIAUSD,1773446400000,3.4214365277778e-05
TIAUSD,1773450000000,3.7777872222222e-05
TIAUSD,1773453600000,3.23906875e-05
TIAUSD,1773457200000,3.2215422222222e-05
TIAUSD,1773460800000,2.3672241666667e-05
TIAUSD,1773464400000,1.9990422222222e-05
TIAUSD,1773468000000,2.6433041666667e-05
TIAUSD,1773471600000,2.2188298611111e-05
TIAUSD,1773475200000,1.7975879166667e-05
TIAUSD,1773478800000,3.59459875e-05
TIAUSD,1773482400000,4.4350568055556e-05
TIAUSD,1773486000000,4.2417577777778e-05
TIAUSD,1773489600000,3.9441926388889e-05
TIAUSD,1773493200000,4.1006320833333e-05
TIAUSD,1773496800000,3.7602418055556e-05
TIAUSD,1773500400000,3.4491836111111e-05
TIAUSD,1773504000000,4.1033633333333e-05
TIAUSD,1773507600000,2.7749872222222e-05
TIAUSD,1773511200000,2.7767909722222e-05
TIAUSD,1773514800000,2.1202225e-05
TIAUSD,1773518400000,2.2921990277778e-05
TIAUSD,1773522000000,2.8124175e-05
TIAUSD,1773525600000,2.9973665277778e-05
TIAUSD,1773529200000,-3.460268055556e-06
TIAUSD,1773532800000,1.3973413888889e-05
TIAUSD,1773536400000,1.4369775e-05
TIAUSD,1773540000000,1.6320205555556e-05
TIAUSD,1773543600000,1.1500380555556e-05
TIAUSD,1773547200000,1.1221890277778e-05
TIAUSD,1773550800000,1.7014144444444e-05
TIAUSD,1773554400000,1.9999511111111e-05
TIAUSD,1773558000000,8.683188888889e-06
TIAUSD,1773561600000,1.2857070833333e-05
TIAUSD,1773565200000,1.2886940277778e-05
TIAUSD,1773568800000,1.1960751388889e-05
TIAUSD,1773572400000,2.5586038888889e-05
TIAUSD,1773576000000,3.8419069444444e-05
TIAUSD,1773579600000,3.8140459722222e-05
TIAUSD,1773583200000,3.6576431944444e-05
TIAUSD,1773586800000,3.4814384722222e-05
TIAUSD,1773590400000,3.5207161111111e-05
TIAUSD,1773594000000,2.9966701388889e-05
TIAUSD,1773597600000,3.0873205555556e-05
TIAUSD,1773601200000,3.8658009722222e-05
TIAUSD,1773604800000,3.7803213888889e-05
TIAUSD,1773608400000,4.1565080555556e-05
TIAUSD,1773612000000,3.8780383333333e-05
TIAUSD,1773615600000,4.9807866666667e-05
TIAUSD,1773619200000,5.5015434722222e-05
TIAUSD,1773622800000,2.6705105555556e-05
TIAUSD,1773626400000,4.506311111111e-06
TIAUSD,1773630000000,1.04688375e-05
TIAUSD,1773633600000,3.1748340277778e-05
TIAUSD,1773637200000,3.9519816666667e-05
TIAUSD,1773640800000,3.7657408333333e-05
TIAUSD,1773644400000,3.1912120833333e-05
TIAUSD,1773648000000,3.6269869444444e-05
TIAUSD,1773651600000,3.7062823611111e-05
TIAUSD,1773655200000,4.1364541666667e-05
TIAUSD,1773658800000,4.2699713888889e-05
TIAUSD,1773662400000,4.2125541666667e-05
TIAUSD,1773666000000,4.6668766666667e-05
TIAUSD,1773669600000,3.72878625e-05
TIAUSD,1773673200000,3.763935e-05
TIAUSD,1773676800000,4.2518518055556e-05
TIAUSD,1773680400000,4.3041540277778e-05
TIAUSD,1773684000000,5.7669363888889e-05
TIAUSD,1773687600000,4.5044595833333e-05
TIAUSD,1773691200000,4.3002738888889e-05
TIAUSD,1773694800000,4.3505827777778e-05
TIAUSD,1773698400000,4.4373545833333e-05
TIAUSD,1773702000000,6.0781854166667e-05
TIAUSD,1773705600000,4.7556206944444e-05
TIAUSD,1773709200000,4.3451066666667e-05
TIAUSD,1773712800000,3.8594459722222e-05
TIAUSD,1773716400000,3.5374547222222e-05
TIAUSD,1773720000000,3.6926443055556e-05
TIAUSD,1773723600000,4.1310919444444e-05
TIAUSD,1773727200000,3.4371370833333e-05
TIAUSD,1773730800000,3.8342513888889e-05
TIAUSD,1773734400000,3.0884308333333e-05
TIAUSD,1773738000000,2.7895940277778e-05
TIAUSD,1773741600000,3.15094e-05
TIAUSD,1773745200000,3.1445340277778e-05
TIAUSD,1773748800000,1.6130423611111e-05
TIAUSD,1773752400000,2.1602505555556e-05
TIAUSD,1773756000000,1.39158e-05
TIAUSD,1773759600000,1.4819723611111e-05
TIAUSD,1773763200000,1.0982023611111e-05
TIAUSD,1773766800000,9.504505555556e-06
TIAUSD,1773770400000,1.1855654166667e-05
TIAUSD,1773774000000,9.767002777778e-06
TIAUSD,1773777600000,7.960540277778e-06
TIAUSD,1773781200000,2.101651388889e-06
TIAUSD,1773784800000,1.6104902777778e-05
TIAUSD,1773788400000,2.4265470833333e-05
TIAUSD,1773792000000,1.3809081944444e-05
TIAUSD,1773795600000,8.9894625e-06
TIAUSD,1773799200000,1.42191e-05
TIAUSD,1773802800000,1.3268955555556e-05
TIAUSD,1773806400000,1.6504559722222e-05
TIAUSD,1773810000000,2.1813530555556e-05
TIAUSD,1773813600000,2.4532743055556e-05
TIAUSD,1773817200000,1.9707134722222e-05
TIAUSD,1773820800000,2.6870076388889e-05
TIAUSD,1773824400000,2.9435251388889e-05
TIAUSD,1773828000000,3.1829211111111e-05
TIAUSD,1773831600000,2.6344806944444e-05
TIAUSD,1773835200000,3.8606966666667e-05
TIAUSD,1773838800000,4.4655688888889e-05
TIAUSD,1773842400000,4.3000226388889e-05
TIAUSD,1773846000000,4.2237558333333e-05
TIAUSD,1773849600000,4.1358218055556e-05
TIAUSD,1773853200000,4.1085202777778e-05
TIAUSD,1773856800000,3.98487875e-05
TIAUSD,1773860400000,3.3935336111111e-05
TIAUSD,1773864000000,4.0164247222222e-05
TIAUSD,1773867600000,3.8047880555556e-05
TIAUSD,1773871200000,4.0554583333333e-05
TIAUSD,1773874800000,3.8661159722222e-05
TIAUSD,1773878400000,3.9305527777778e-05
TIAUSD,1773882000000,4.4308077777778e-05
TIAUSD,1773885600000,4.5183536111111e-05
TIAUSD,1773889200000,4.6813680555556e-05
TIAUSD,1773892800000,3.6559801388889e-05
TIAUSD,1773896400000,3.2592927777778e-05
TIAUSD,1773900000000,2.4001493055556e-05
TIAUSD,1773903600000,2.3898380555556e-05
TIAUSD,1773907200000,3.3277915277778e-05
TIAUSD,1773910800000,1.897222916667e-06
TIAUSD,1773914400000,5.528808333333e-06
TIAUSD,1773918000000,1.5935515277778e-05
TIAUSD,1773921600000,1.2840711111111e-05
TIAUSD,1773925200000,1.6877913888889e-05
TIAUSD,1773928800000,2.1208573611111e-05
TIAUSD,1773932400000,2.0071681944444e-05
TIAUSD,1773936000000,2.1633123611111e-05
TIAUSD,1773939600000,1.6115605555556e-05
TIAUSD,1773943200000,1.5394918055556e-05
TIAUSD,1773946800000,0.000124549415277778
TIAUSD,1773950400000,1.5489954166667e-05
TIAUSD,1773954000000,6.662073611111e-06
TIAUSD,1773957600000,1.9070163888889e-05
TIAUSD,1773961200000,1.4873069892473e-05
TIAUSD,1773964800000,4.437064516129e-06
TIAUSD,1773968400000,-1.162068055556e-06
TIAUSD,1773972000000,4.713059722222e-06
TIAUSD,1773975600000,1.9395125e-06
TIAUSD,1773979200000,1.687831944444e-06
TIAUSD,1773982800000,-4.195695833333e-06
TIAUSD,1773986400000,3.998798611111e-06
TIAUSD,1773990000000,8.768505555556e-06
TIAUSD,1773993600000,3.17385e-06
TIAUSD,1773997200000,-4.973058333333e-06
TIAUSD,1774000800000,-5.6430125e-06
TIAUSD,1774004400000,-2.47434722222e-07
TIAUSD,1774008000000,5.762111111111e-06
TIAUSD,1774011600000,2.0569513888889e-05
TIAUSD,1774015200000,6.968980555556e-06
TIAUSD,1774018800000,2.5388433333333e-05
TIAUSD,1774022400000,1.9046886111111e-05
TIAUSD,1774026000000,1.73149375e-05
TIAUSD,1774029600000,2.3544133333333e-05
TIAUSD,1774033200000,2.26163625e-05
TIAUSD,1774036800000,1.1764052777778e-05
TIAUSD,1774040400000,1.7685140277778e-05
TIAUSD,1774044000000,1.7702398611111e-05
TIAUSD,1774047600000,1.4160352777778e-05
TIAUSD,1774051200000,9.617756944444e-06
TIAUSD,1774054800000,2.1111479166667e-05
TIAUSD,1774058400000,8.699798611111e-06
TIAUSD,1774062000000,1.5609048611111e-05
TIAUSD,1774065600000,1.9044448611111e-05
TIAUSD,1774069200000,9.323219444444e-06
TIAUSD,1774072800000,1.4262963888889e-05
TIAUSD,1774076400000,1.3006216666667e-05
TIAUSD,1774080000000,1.1378738888889e-05
TIAUSD,1774083600000,-1.1038380555556e-05
TIAUSD,1774087200000,8.326913888889e-06
TIAUSD,1774090800000,1.8662516666667e-05
TIAUSD,1774094400000,2.2064702777778e-05
TIAUSD,1774098000000,1.6006176388889e-05
TIAUSD,1774101600000,1.3496704166667e-05
TIAUSD,1774105200000,1.2122911111111e-05
TIAUSD,1774108800000,8.822577777778e-06
TIAUSD,1774112400000,1.4531763888889e-05
TIAUSD,1774116000000,1.0971430555556e-05
TIAUSD,1774119600000,6.5237547222222e-05
TIAUSD,1774123200000,2.7309052777778e-05
TIAUSD,1774126800000,2.9273172222222e-05
TIAUSD,1774130400000,2.5151731944444e-05
TIAUSD,1774134000000,2.5537605555556e-05
TIAUSD,1774137600000,1.4569125e-05
TIAUSD,1774141200000,2.4934218055556e-05
TIAUSD,1774144800000,4.0097233333333e-05
TIAUSD,1774148400000,4.1161980555556e-05
TIAUSD,1774152000000,3.7833120833333e-05
TIAUSD,1774155600000,4.478825e-05
TIAUSD,1774159200000,4.0524309722222e-05
TIAUSD,1774162800000,3.0733534722222e-05
TIAUSD,1774166400000,3.8928656944444e-05
TIAUSD,1774170000000,3.1597183333333e-05
TIAUSD,1774173600000,1.7089225e-05
TIAUSD,1774177200000,1.5717077777778e-05
TIAUSD,1774180800000,1.7260575e-05
TIAUSD,1774184400000,1.29094e-05
TIAUSD,1774188000000,2.52672875e-05
TIAUSD,1774191600000,1.4475177777778e-05
TIAUSD,1774195200000,2.5494122222222e-05
TIAUSD,1774198800000,2.2473230555556e-05
TIAUSD,1774202400000,2.3277386111111e-05
TIAUSD,1774206000000,2.2695758333333e-05
TIAUSD,1774209600000,2.7555201388889e-05
TIAUSD,1774213200000,2.0035708333333e-05
TIAUSD,1774216800000,2.6135169444444e-05
TIAUSD,1774220400000,3.7347930555556e-05
TIAUSD,1774224000000,4.1878248611111e-05
TIAUSD,1774227600000,3.1731898611111e-05
TIAUSD,1774231200000,3.2654094444444e-05
TIAUSD,1774234800000,3.1139095833333e-05
TIAUSD,1774238400000,2.6896530555556e-05
TIAUSD,1774242000000,2.2421084722222e-05
TIAUSD,1774245600000,2.6772526388889e-05
TIAUSD,1774249200000,1.7171268055556e-05
TIAUSD,1774252800000,2.5375161111111e-05
TIAUSD,1774256400000,2.2915395833333e-05
TIAUSD,1774260000000,2.3058583333333e-05
TIAUSD,1774263600000,2.2675988888889e-05
TIAUSD,1774267200000,8.0749152777778e-05
TIAUSD,1774270800000,4.34851125e-05
TIAUSD,1774274400000,3.6163036111111e-05
TIAUSD,1774278000000,2.8813013888889e-05
TIAUSD,1774281600000,3.4294716666667e-05
TIAUSD,1774285200000,3.3578191666667e-05
TIAUSD,1774288800000,4.2713238888889e-05
TIAUSD,1774292400000,4.2214593055556e-05
TIAUSD,1774296000000,2.7586170833333e-05
TIAUSD,1774299600000,3.4601069444444e-05
TIAUSD,1774303200000,5.1470944444444e-05
TIAUSD,1774306800000,5.1399520833333e-05
TIAUSD,1774310400000,5.043735e-05
TIAUSD,1774314000000,4.9632756944444e-05
TIAUSD,1774317600000,4.8309902777778e-05
TIAUSD,1774321200000,4.36205e-05
TIAUSD,1774324800000,5.0747238888889e-05
TIAUSD,1774328400000,5.5064329166667e-05
TIAUSD,1774332000000,5.17953375e-05
TIAUSD,1774335600000,5.6687515277778e-05
TIAUSD,1774339200000,5.0121151388889e-05
TIAUSD,1774342800000,4.7393613888889e-05
TIAUSD,1774346400000,4.2699827777778e-05
TIAUSD,1774350000000,2.8968e-05
TIAUSD,1774353600000,3.3197393055556e-05
TIAUSD,1774357200000,4.0406872222222e-05
TIAUSD,1774360800000,2.7096665277778e-05
TIAUSD,1774364400000,3.7537547222222e-05
TIAUSD,1774368000000,2.3177379166667e-05
TIAUSD,1774371600000,2.5062566666667e-05
TIAUSD,1774375200000,2.3722719444444e-05
TIAUSD,1774378800000,2.3003973611111e-05
TIAUSD,1774382400000,1.7221186111111e-05
TIAUSD,1774386000000,2.1927631944444e-05
TIAUSD,1774389600000,1.5845126388889e-05
TIAUSD,1774393200000,2.9771627777778e-05
TIAUSD,1774396800000,1.9797029166667e-05
TIAUSD,1774400400000,5.6781127777778e-05
TIAUSD,1774404000000,6.3753234722222e-05
TIAUSD,1774407600000,5.1167380555556e-05
TIAUSD,1774411200000,6.4833608333333e-05
TIAUSD,1774414800000,6.1780473611111e-05
TIAUSD,1774418400000,5.9505166666667e-05
TIAUSD,1774422000000,5.3846743055556e-05
TIAUSD,1774425600000,8.854376388889e-06
TIAUSD,1774429200000,1.1035566666667e-05
TIAUSD,1774432800000,1.0561722222222e-05
TIAUSD,1774436400000,1.6700979166667e-05
TIAUSD,1774440000000,1.5650273611111e-05
TIAUSD,1774443600000,2.3092686111111e-05
TIAUSD,1774447200000,1.7499652777778e-05
TIAUSD,1774450800000,7.935934722222e-06
TIAUSD,1774454400000,1.6758669444444e-05
TIAUSD,1774458000000,-4.60033333333e-07
TIAUSD,1774461600000,-1.379184722222e-06
TIAUSD,1774465200000,3.512444444444e-06
TIAUSD,1774468800000,1.297413888889e-06
TIAUSD,1774472400000,7.362951388889e-06
TIAUSD,1774476000000,9.563255555556e-06
TIAUSD,1774479600000,2.980190277778e-06
TIAUSD,1774483200000,-1.594977777778e-06
TIAUSD,1774486800000,4.205e-08
TIAUSD,1774490400000,1.411111111e-09
TIAUSD,1774494000000,5.82815277778e-07
TIAUSD,1774497600000,-1.6996822222222e-05
TIAUSD,1774501200000,-1.1796058333333e-05
TIAUSD,1774504800000,-5.046361111111e-06
TIAUSD,1774508400000,-6.211840277778e-06
TIAUSD,1774512000000,-5.652829166667e-06
TIAUSD,1774515600000,1.7672402777778e-05
TIAUSD,1774519200000,1.8465044444444e-05
TIAUSD,1774522800000,0.000109550879166667
TIAUSD,1774526400000,8.0588093055556e-05
TIAUSD,1774530000000,4.6173015277778e-05
TIAUSD,1774533600000,4.2896426388889e-05
TIAUSD,1774537200000,4.3301409722222e-05
TIAUSD,1774540800000,4.4149394444444e-05
TIAUSD,1774544400000,4.0778677777778e-05
TIAUSD,1774548000000,2.1539936111111e-05
TIAUSD,1774551600000,1.989276388889e-06
TIAUSD,1774555200000,-4.525194444444e-06
TIAUSD,1774558800000,1.2145875e-05
TIAUSD,1774562400000,-3.675997222222e-06
TIAUSD,1774566000000,4.215675e-06
TIAUSD,1774569600000,4.678626388889e-06
TIAUSD,1774573200000,-2.61170833333e-07
TIAUSD,1774576800000,1.446319444444e-06
TIAUSD,1774580400000,-3.285688888889e-06
TIAUSD,1774584000000,-5.099155555556e-06
TIAUSD,1774587600000,-4.284145833333e-06
TIAUSD,1774591200000,-9.8767625e-06
TIAUSD,1774594800000,-7.401834722222e-06
TIAUSD,1774598400000,1.7775556944444e-05
TIAUSD,1774602000000,2.2170119444444e-05
TIAUSD,1774605600000,2.5892675e-05
TIAUSD,1774609200000,2.54784e-05
TIAUSD,1774612800000,6.425119444444e-06
TIAUSD,1774616400000,1.6437480555556e-05
TIAUSD,1774620000000,1.1598536111111e-05
TIAUSD,1774623600000,2.6639998611111e-05
TIAUSD,1774627200000,4.01275375e-05
TIAUSD,1774630800000,2.9278401388889e-05
TIAUSD,1774634400000,2.4393538888889e-05
TIAUSD,1774638000000,3.6623329166667e-05
TIAUSD,1774641600000,1.8508876388889e-05
TIAUSD,1774645200000,2.17914e-05
TIAUSD,1774648800000,4.7283331944444e-05
TIAUSD,1774652400000,1.8317761111111e-05
TIAUSD,1774656000000,2.1558066666667e-05
TIAUSD,1774659600000,4.60045875e-05
TIAUSD,1774663200000,2.1648361111111e-05
TIAUSD,1774666800000,1.4859313888889e-05
TIAUSD,1774670400000,1.5935825e-05
TIAUSD,1774674000000,1.8647620833333e-05
TIAUSD,1774677600000,1.8119752777778e-05
TIAUSD,1774681200000,1.7852041666667e-05
TIAUSD,1774684800000,1.8783473611111e-05
TIAUSD,1774688400000,2.1267665277778e-05
TIAUSD,1774692000000,1.997981944444e-06
TIAUSD,1774695600000,-3.353133333333e-06
TIAUSD,1774699200000,-1.0277590277778e-05
TIAUSD,1774702800000,-1.988863888889e-06
TIAUSD,1774706400000,6.140043055556e-06
TIAUSD,1774710000000,-6.251936111111e-06
TIAUSD,1774713600000,1.996819444444e-06
TIAUSD,1774717200000,1.111188888889e-06
TIAUSD,1774720800000,-1.39781944444e-07
TIAUSD,1774724400000,3.819758333333e-06
TIAUSD,1774728000000,8.009923611111e-06
TIAUSD,1774731600000,5.096204166667e-06
TIAUSD,1774735200000,2.953222222222e-06
TIAUSD,1774738800000,1.1014183333333e-05
TIAUSD,1774742400000,1.300375e-05
TIAUSD,1774746000000,9.7492e-06
TIAUSD,1774749600000,7.486761111111e-06
TIAUSD,1774753200000,1.1992773611111e-05
TIAUSD,1774756800000,1.25767125e-05
TIAUSD,1774760400000,1.0042821236559e-05
TIAUSD,1774764000000,1.1012602150538e-05
TIAUSD,1774767600000,6.313422222222e-06
TIAUSD,1774771200000,5.114118055556e-06
TIAUSD,1774774800000,6.159180555556e-06
TIAUSD,1774778400000,1.0603973611111e-05
TIAUSD,1774782000000,1.1500831944444e-05
TIAUSD,1774785600000,1.6718716666667e-05
TIAUSD,1774789200000,1.68843e-05
TIAUSD,1774792800000,1.7740684722222e-05
TIAUSD,1774796400000,1.5820101388889e-05
TIAUSD,1774800000000,1.7444802777778e-05
TIAUSD,1774803600000,1.8213973611111e-05
TIAUSD,1774807200000,1.3226847222222e-05
TIAUSD,1774810800000,5.985180555556e-06
TIAUSD,1774814400000,1.2066170833333e-05
TIAUSD,1774818000000,9.954369623656e-06
TIAUSD,1774821600000,1.4972034946237e-05
TIAUSD,1774825200000,2.0491054166667e-05
TIAUSD,1774828800000,1.5207341666667e-05
TIAUSD,1774832400000,2.2867579166667e-05
TIAUSD,1774836000000,1.9084827777778e-05
TIAUSD,1774839600000,2.0086566666667e-05
TIAUSD,1774843200000,2.7518545833333e-05
TIAUSD,1774846800000,1.6513366666667e-05
TIAUSD,1774850400000,1.8515393055556e-05
TIAUSD,1774854000000,2.3288119444444e-05
TIAUSD,1774857600000,2.7205091666667e-05
TIAUSD,1774861200000,3.2023638888889e-05
TIAUSD,1774864800000,3.6759261111111e-05
TIAUSD,1774868400000,3.47897375e-05
TIAUSD,1774872000000,2.9099766666667e-05
TIAUSD,1774875600000,2.7532615277778e-05
TIAUSD,1774879200000,2.5629252777778e-05
TIAUSD,1774882800000,2.9466795833333e-05
TIAUSD,1774886400000,3.0182951388889e-05
TIAUSD,1774890000000,2.9311323611111e-05
TIAUSD,1774893600000,3.1386675e-05
TIAUSD,1774897200000,3.5724859722222e-05
TIAUSD,1774900800000,2.5078544444444e-05
TIAUSD,1774904400000,3.0705436111111e-05
TIAUSD,1774908000000,2.9780623611111e-05
TIAUSD,1774911600000,2.7888804166667e-05
TIAUSD,1774915200000,2.4916745833333e-05
TIAUSD,1774918800000,2.1766875e-05
TIAUSD,1774922400000,2.6605705555556e-05
TIAUSD,1774926000000,3.4306248611111e-05
TIAUSD,1774929600000,3.5176519444444e-05
TIAUSD,1774933200000,1.6027383333333e-05
TIAUSD,1774936800000,3.27604875e-05
TIAUSD,1774940400000,2.9823318055556e-05
TIAUSD,1774944000000,2.5359031944444e-05
TIAUSD,1774947600000,2.7174986111111e-05
TIAUSD,1774951200000,2.8589308333333e-05
TIAUSD,1774954800000,2.4395465277778e-05
TIAUSD,1774958400000,1.9798065277778e-05
TIAUSD,1774962000000,1.4186925e-05
TIAUSD,1774965600000,1.2582444444444e-05
TIAUSD,1774969200000,9.663185483871e-06
TIAUSD,1774972800000,6.876766129032e-06
TIAUSD,1774976400000,1.522109722222e-06
TIAUSD,1774980000000,8.881e-07
TIAUSD,1774983600000,1.598961111111e-06
TIAUSD,1774987200000,-1.032919444444e-06
TIAUSD,1774990800000,1.40219444444e-07
TIAUSD,1774994400000,-2.297973611111e-06
TIAUSD,1774998000000,8.01463888889e-07
TIAUSD,1775001600000,-4.190619444444e-06
TIAUSD,1775005200000,-1.2190755555556e-05
TIAUSD,1775008800000,-1.3973451388889e-05
TIAUSD,1775012400000,-1.1487726388889e-05
TIAUSD,1775016000000,-9.950376388889e-06
TIAUSD,1775019600000,-1.3946888888889e-05
TIAUSD,1775023200000,-1.9770436111111e-05
TIAUSD,1775026800000,-1.1857466666667e-05
TIAUSD,1775030400000,-8.51645e-06
TIAUSD,1775034000000,-7.989822222222e-06
TIAUSD,1775037600000,-1.2323009722222e-05
TIAUSD,1775041200000,-1.1468229166667e-05
TIAUSD,1775044800000,-1.5779454301075e-05
TIAUSD,1775048400000,-1.0220926075269e-05
TIAUSD,1775052000000,-1.0083048611111e-05
TIAUSD,1775055600000,1.2305133333333e-05
TIAUSD,1775059200000,-1.2336869444444e-05
TIAUSD,1775062800000,-1.1791040277778e-05
TIAUSD,1775066400000,-8.877763888889e-06
TIAUSD,1775070000000,-1.2999763888889e-05
TIAUSD,1775073600000,-1.4277238888889e-05
TIAUSD,1775077200000,-1.04179125e-05
TIAUSD,1775080800000,-1.299741666667e-06
TIAUSD,1775084400000,-6.618577777778e-06
TIAUSD,1775088000000,-1.09833e-05
TIAUSD,1775091600000,-9.225977777778e-06
TIAUSD,1775095200000,-1.1672155555556e-05
TIAUSD,1775098800000,-2.0325802777778e-05
TIAUSD,1775102400000,-2.3742940277778e-05
TIAUSD,1775106000000,-2.35037875e-05
TIAUSD,1775109600000,-1.9312948611111e-05
TIAUSD,1775113200000,-1.3869566666667e-05
TIAUSD,1775116800000,-1.6992826612903e-05
TIAUSD,1775120400000,4.2976737068966e-05
TIAUSD,1775124000000,-2.1570990277778e-05
TIAUSD,1775127600000,-2.4768719444444e-05
TIAUSD,1775131200000,-2.9243990277778e-05
TIAUSD,1775134800000,-2.5838570833333e-05
TIAUSD,1775138400000,-3.0939690277778e-05
TIAUSD,1775142000000,-2.7909584722222e-05
TIAUSD,1775145600000,-2.7314519444444e-05
TIAUSD,1775149200000,-1.9852088888889e-05
TIAUSD,1775152800000,-2.5294583333333e-05
TIAUSD,1775156400000,-2.8952145833333e-05
TIAUSD,1775160000000,-1.6262120833333e-05
TIAUSD,1775163600000,-1.2050061111111e-05
TIAUSD,1775167200000,-1.7167670833333e-05
TIAUSD,1775170800000,-1.8204286111111e-05
TIAUSD,1775174400000,-1.5733780555556e-05
TIAUSD,1775178000000,-1.9096990277778e-05
TIAUSD,1775181600000,-1.2404788888889e-05
TIAUSD,1775185200000,-1.4642427777778e-05
TIAUSD,1775188800000,-1.3290383333333e-05
TIAUSD,1775192400000,-1.1470677777778e-05
TIAUSD,1775196000000,-1.2017965277778e-05
TIAUSD,1775199600000,-8.633798611111e-06
TIAUSD,1775203200000,1.0660375e-05
TIAUSD,1775206800000,-4.299316666667e-06
TIAUSD,1775210400000,-5.724952777778e-06
TIAUSD,1775214000000,-6.452929166667e-06
TIAUSD,1775217600000,-6.357922222222e-06
TIAUSD,1775221200000,-8.0425e-06
TIAUSD,1775224800000,3.2868875e-06
TIAUSD,1775228400000,-2.934081944444e-06
TIAUSD,1775232000000,-1.896448611111e-06
TIAUSD,1775235600000,-5.506005555556e-06
TIAUSD,1775239200000,-6.166252777778e-06
TIAUSD,1775242800000,-2.614981944444e-06
TIAUSD,1775246400000,-9.224983333333e-06
TIAUSD,1775250000000,-7.766526388889e-06
TIAUSD,1775253600000,-1.4124386111111e-05
TIAUSD,1775257200000,-9.695459722222e-06
TIAUSD,1775260800000,-1.0884041666667e-05
TIAUSD,1775264400000,-9.599791666667e-06
TIAUSD,1775268000000,-5.911494444444e-06
TIAUSD,1775271600000,-6.353536111111e-06
TIAUSD,1775275200000,-1.2232730555556e-05
TIAUSD,1775278800000,-7.814831944444e-06
TIAUSD,1775282400000,-8.919847222222e-06
TIAUSD,1775286000000,-8.475856182796e-06
TIAUSD,1775289600000,-1.8682884408602e-05
TIAUSD,1775293200000,-1.5401672222222e-05
TIAUSD,1775296800000,-1.15892875e-05
TIAUSD,1775300400000,-2.285929166667e-06
TIAUSD,1775304000000,-1.1606202777778e-05
TIAUSD,1775307600000,-1.2099891666667e-05
TIAUSD,1775311200000,-1.136701344086e-05
TIAUSD,1775314800000,-1.4274939516129e-05
TIAUSD,1775318400000,-1.313515e-05
TIAUSD,1775322000000,-1.9652327777778e-05
TIAUSD,1775325600000,-1.70656125e-05
TIAUSD,1775329200000,2.0753826388889e-05
TIAUSD,1775332800000,-2.1150911111111e-05
TIAUSD,1775336400000,-1.7681745833333e-05
TIAUSD,1775340000000,-1.7189313888889e-05
TIAUSD,1775343600000,-1.3357719444444e-05
TIAUSD,1775347200000,-2.1625665277778e-05
TIAUSD,1775350800000,-2.2447423611111e-05
TIAUSD,1775354400000,-1.6861556944444e-05
TIAUSD,1775358000000,-1.4290397222222e-05
TIAUSD,1775361600000,-1.8388127777778e-05
TIAUSD,1775365200000,-1.2400555555556e-05
TIAUSD,1775368800000,-1.2157609722222e-05
TIAUSD,1775372400000,-1.6757183333333e-05
TIAUSD,1775376000000,-1.5325501388889e-05
TIAUSD,1775379600000,-1.6467568055556e-05
TIAUSD,1775383200000,-1.1883220833333e-05
TIAUSD,1775386800000,2.488276388889e-06
TIAUSD,1775390400000,-1.2403720833333e-05
TIAUSD,1775394000000,-1.3697844444444e-05
TIAUSD,1775397600000,-1.6298945833333e-05
TIAUSD,1775401200000,-1.7599097222222e-05
TIAUSD,1775404800000,-9.698661111111e-06
TIAUSD,1775408400000,-1.2488804166667e-05
TIAUSD,1775412000000,-4.872647222222e-06
TIAUSD,1775415600000,-8.761291666667e-06
TIAUSD,1775419200000,-8.770875e-06
TIAUSD,1775422800000,-4.041175e-06
TIAUSD,1775426400000,-5.543788888889e-06
TIAUSD,1775430000000,-1.0057655555556e-05
TIAUSD,1775433600000,-1.3091230555556e-05
TIAUSD,1775437200000,-8.035405555556e-06
TIAUSD,1775440800000,-1.347715277778e-06
TIAUSD,1775444400000,2.238504166667e-06
TIAUSD,1775448000000,3.29870833333e-07
TIAUSD,1775451600000,1.42730555556e-07
TIAUSD,1775455200000,1.69225672043e-06
TIAUSD,1775458800000,-1.51863844086e-06
TIAUSD,1775462400000,-4.28977777778e-07
TIAUSD,1775466000000,4.542283333333e-06
TIAUSD,1775469600000,2.174065705128e-06
TIAUSD,1775473200000,-3.024009722222e-06
TIAUSD,1775476800000,-5.731402777778e-06
TIAUSD,1775480400000,7.881608333333e-06
TIAUSD,1775484000000,1.2672890277778e-05
TIAUSD,1775487600000,4.946111111111e-06
TIAUSD,1775491200000,2.679605555556e-06
TIAUSD,1775494800000,3.143858333333e-06
TIAUSD,1775498400000,-1.7922375e-06
TIAUSD,1775502000000,-1.459319444444e-06
TIAUSD,1775505600000,-6.099618055556e-06
TIAUSD,1775509200000,-1.1697102777778e-05
TIAUSD,1775512800000,-6.39635e-06
TIAUSD,1775516400000,-4.623508333333e-06
TIAUSD,1775520000000,1.117658333333e-06
TIAUSD,1775523600000,-6.783891666667e-06
TIAUSD,1775527200000,-1.455190277778e-06
TIAUSD,1775530800000,-5.443893055556e-06
TIAUSD,1775534400000,-4.459902777778e-06
TIAUSD,1775538000000,-2.90385e-06
TIAUSD,1775541600000,-8.278748611111e-06
TIAUSD,1775545200000,-2.912034722222e-06
TIAUSD,1775548800000,-1.3244818055556e-05
TIAUSD,1775552400000,-3.283131944444e-06
TIAUSD,1775556000000,1.0141522222222e-05
TIAUSD,1775559600000,1.0554395833333e-05
TIAUSD,1775563200000,6.728383333333e-06
TIAUSD,1775566800000,4.3157625e-06
TIAUSD,1775570400000,-3.713569444444e-06
TIAUSD,1775574000000,-3.93431944444e-07
TIAUSD,1775577600000,3.338955555556e-06
TIAUSD,1775581200000,6.827831944444e-06
TIAUSD,1775584800000,-8.25605555556e-07
TIAUSD,1775588400000,-2.520166666667e-06
TIAUSD,1775592000000,-3.487733333333e-06
TIAUSD,1775595600000,-1.476425e-06
TIAUSD,1775599200000,6.258852777778e-06
TIAUSD,1775602800000,1.3885423611111e-05
TIAUSD,1775606400000,1.493745e-05
TIAUSD,1775610000000,1.4154236111111e-05
TIAUSD,1775613600000,1.33152125e-05
TIAUSD,1775617200000,2.2375655555556e-05
TIAUSD,1775620800000,1.8146625e-05
TIAUSD,1775624400000,2.7168522222222e-05
TIAUSD,1775628000000,2.8097048611111e-05
TIAUSD,1775631600000,2.1622730555556e-05
TIAUSD,1775635200000,2.35889875e-05
TIAUSD,1775638800000,3.1692915277778e-05
TIAUSD,1775642400000,4.5912195833333e-05
TIAUSD,1775646000000,2.9281458333333e-05
TIAUSD,1775649600000,2.3575897222222e-05
TIAUSD,1775653200000,2.3921261111111e-05
TIAUSD,1775656800000,2.2652743055556e-05
TIAUSD,1775660400000,3.2608525e-05
TIAUSD,1775664000000,2.6537229166667e-05
TIAUSD,1775667600000,2.1101279166667e-05
TIAUSD,1775671200000,1.6744997311828e-05
TIAUSD,1775674800000,2.6731080645161e-05
TIAUSD,1775678400000,3.767885e-05
TIAUSD,1775682000000,3.14320625e-05
TIAUSD,1775685600000,3.0047316666667e-05
TIAUSD,1775689200000,2.2935826388889e-05
TIAUSD,1775692800000,2.5452173611111e-05
TIAUSD,1775696400000,1.8442958333333e-05
TIAUSD,1775700000000,1.9444470833333e-05
TIAUSD,1775703600000,2.2764601388889e-05
TIAUSD,1775707200000,2.9212758333333e-05
TIAUSD,1775710800000,1.9694130555556e-05
TIAUSD,1775714400000,2.2269959722222e-05
TIAUSD,1775718000000,1.6702506944444e-05
TIAUSD,1775721600000,1.7725973611111e-05
TIAUSD,1775725200000,4.5964797619048e-05
TIAUSD,1775728800000,3.1791565277778e-05
TIAUSD,1775732400000,2.5570345833333e-05
TIAUSD,1775736000000,2.4445977777778e-05
TIAUSD,1775739600000,8.1595785714286e-05
TIAUSD,1775743200000,6.7104933333333e-05
TIAUSD,1775746800000,3.7680991666667e-05
TIAUSD,1775750400000,2.6679261111111e-05
TIAUSD,1775754000000,2.9423515277778e-05
TIAUSD,1775757600000,2.9461870833333e-05
TIAUSD,1775761200000,2.8919947222222e-05
TIAUSD,1775764800000,3.0978395833333e-05
TIAUSD,1775768400000,3.2962365277778e-05
TIAUSD,1775772000000,3.5855583333333e-05
TIAUSD,1775775600000,3.4445005555556e-05
TIAUSD,1775779200000,3.9974972222222e-05
TIAUSD,1775782800000,3.7599479166667e-05
TIAUSD,1775786400000,4.6472059722222e-05
TIAUSD,1775790000000,4.6216908333333e-05
TIAUSD,1775793600000,4.7479022222222e-05
TIAUSD,1775797200000,4.4999498611111e-05
TIAUSD,1775800800000,3.5809819444444e-05
TIAUSD,1775804400000,5.90266375e-05
TIAUSD,1775808000000,4.6910179166667e-05
TIAUSD,1775811600000,4.4870570833333e-05
TIAUSD,1775815200000,5.2476477777778e-05
TIAUSD,1775818800000,4.4474744444444e-05
TIAUSD,1775822400000,4.9618273611111e-05
TIAUSD,1775826000000,4.8179455555556e-05
TIAUSD,1775829600000,3.9393565277778e-05
TIAUSD,1775833200000,5.4761441666667e-05
TIAUSD,1775836800000,5.8735931944444e-05
TIAUSD,1775840400000,6.4140669444444e-05
TIAUSD,1775844000000,5.8947701388889e-05
TIAUSD,1775847600000,5.0628173611111e-05
TIAUSD,1775851200000,5.7389254166667e-05
TIAUSD,1775854800000,5.9749631944444e-05
TIAUSD,1775858400000,6.5660880555556e-05
TIAUSD,1775862000000,6.4591136111111e-05
TIAUSD,1775865600000,5.8893259722222e-05
TIAUSD,1775869200000,6.6118590277778e-05
TIAUSD,1775872800000,5.7908719444444e-05
TIAUSD,1775876400000,4.9882036111111e-05
TIAUSD,1775880000000,4.8807218055556e-05
TIAUSD,1775883600000,5.57471875e-05
TIAUSD,1775887200000,3.3232786111111e-05
TIAUSD,1775890800000,2.8238502777778e-05
TIAUSD,1775894400000,2.2494316666667e-05
TIAUSD,1775898000000,2.4473538888889e-05
TIAUSD,1775901600000,1.4639854166667e-05
TIAUSD,1775905200000,2.5070586111111e-05
TIAUSD,1775908800000,2.2026691666667e-05
TIAUSD,1775912400000,1.6662220833333e-05
TIAUSD,1775916000000,2.67960375e-05
TIAUSD,1775919600000,3.34491625e-05
TIAUSD,1775923200000,1.4749479166667e-05
TIAUSD,1775926800000,1.8697991666667e-05
TIAUSD,1775930400000,2.1988590277778e-05
TIAUSD,1775934000000,3.8602095833333e-05
TIAUSD,1775937600000,4.4421154166667e-05
TIAUSD,1775941200000,4.5854440277778e-05
TIAUSD,1775944800000,4.7400906944444e-05
TIAUSD,1775948400000,3.5774713888889e-05
TIAUSD,1775952000000,2.9406127777778e-05
TIAUSD,1775955600000,2.6013665277778e-05
TIAUSD,1775959200000,2.6881380555556e-05
TIAUSD,1775962800000,2.4291988888889e-05
TIAUSD,1775966400000,2.8995670833333e-05
TIAUSD,1775970000000,3.3174708333333e-05
TIAUSD,1775973600000,2.6234288888889e-05
TIAUSD,1775977200000,2.6163877688172e-05
TIAUSD,1775980800000,2.7837849462366e-05
TIAUSD,1775984400000,2.4432131944444e-05
TIAUSD,1775988000000,2.3617140277778e-05
TIAUSD,1775991600000,2.2138305555556e-05
TIAUSD,1775995200000,2.0020141666667e-05
TIAUSD,1775998800000,1.76413375e-05
TIAUSD,1776002400000,2.6665740277778e-05
TIAUSD,1776006000000,2.3633248611111e-05
TIAUSD,1776009600000,2.1457713888889e-05
TIAUSD,1776013200000,1.9136791666667e-05
TIAUSD,1776016800000,2.2666847222222e-05
TIAUSD,1776020400000,4.12361625e-05
TIAUSD,1776024000000,4.5483872222222e-05
TIAUSD,1776027600000,5.5581133333333e-05
TIAUSD,1776031200000,6.2268525e-05
TIAUSD,1776034800000,6.2380422222222e-05
TIAUSD,1776038400000,5.2526848611111e-05
TIAUSD,1776042000000,4.8905552777778e-05
TIAUSD,1776045600000,5.4337975e-05
TIAUSD,1776049200000,6.7984926388889e-05
TIAUSD,1776052800000,6.3143352777778e-05
TIAUSD,1776056400000,4.8961523611111e-05
TIAUSD,1776060000000,1.678195e-05
TIAUSD,1776063600000,2.6327768055556e-05
TIAUSD,1776067200000,3.1178847222222e-05
TIAUSD,1776070800000,2.4981161111111e-05
TIAUSD,1776074400000,1.7382925e-05
TIAUSD,1776078000000,2.7256726388889e-05
TIAUSD,1776081600000,1.9217743055556e-05
TIAUSD,1776085200000,2.8199538888889e-05
TIAUSD,1776088800000,3.7938826388889e-05
TIAUSD,1776092400000,4.8140495833333e-05
TIAUSD,1776096000000,4.1532281944444e-05
TIAUSD,1776099600000,4.7432851388889e-05
TIAUSD,1776103200000,5.8840555555556e-05
TIAUSD,1776106800000,4.2523694444444e-05
TIAUSD,1776110400000,6.1473654166667e-05
TIAUSD,1776114000000,5.9581680555556e-05
TIAUSD,1776117600000,4.9865063888889e-05
TIAUSD,1776121200000,6.8043406944444e-05
TIAUSD,1776124800000,7.5725875e-05
TIAUSD,1776128400000,7.3834573611111e-05
TIAUSD,1776132000000,5.6889863888889e-05
TIAUSD,1776135600000,6.40091125e-05
TIAUSD,1776139200000,5.1955113888889e-05
TIAUSD,1776142800000,5.1384830555556e-05
TIAUSD,1776146400000,5.2014781944444e-05
TIAUSD,1776150000000,4.1444590277778e-05
TIAUSD,1776153600000,4.6907375e-05
TIAUSD,1776157200000,3.2994202777778e-05
TIAUSD,1776160800000,5.496135e-05
TIAUSD,1776164400000,5.8194058333333e-05
TIAUSD,1776168000000,5.8142927777778e-05
TIAUSD,1776171600000,4.9158781944444e-05
TIAUSD,1776175200000,5.2358343055556e-05
TIAUSD,1776178800000,4.7709363888889e-05
TIAUSD,1776182400000,5.0792502777778e-05
TIAUSD,1776186000000,5.8175608333333e-05
TIAUSD,1776189600000,4.1547515277778e-05
TIAUSD,1776193200000,3.6170938888889e-05
TIAUSD,1776196800000,2.40074125e-05
TIAUSD,1776200400000,2.3575638888889e-05
TIAUSD,1776204000000,2.5274791666667e-05
TIAUSD,1776207600000,3.5501722222222e-05
TIAUSD,1776211200000,2.7141944444444e-05
TIAUSD,1776214800000,2.0247476388889e-05
TIAUSD,1776218400000,2.9414188888889e-05
TIAUSD,1776222000000,3.4340669444444e-05
TIAUSD,1776225600000,2.85904125e-05
TIAUSD,1776229200000,2.7079441666667e-05
TIAUSD,1776232800000,3.2953034722222e-05
TIAUSD,1776236400000,3.9960184722222e-05
TIAUSD,1776240000000,3.8582752777778e-05
TIAUSD,1776243600000,2.6857402777778e-05
TIAUSD,1776247200000,2.4318423611111e-05
TIAUSD,1776250800000,2.01847125e-05
TIAUSD,1776254400000,1.0963447222222e-05
TIAUSD,1776258000000,1.392494444444e-06
TIAUSD,1776261600000,-9.214325e-06
TIAUSD,1776265200000,-6.342952777778e-06
TIAUSD,1776268800000,-1.695880555556e-06
TIAUSD,1776272400000,1.9825238888889e-05
TIAUSD,1776276000000,2.0346316666667e-05
TIAUSD,1776279600000,1.8425490277778e-05
TIAUSD,1776283200000,1.8513025e-05
TIAUSD,1776286800000,1.9482501388889e-05
TIAUSD,1776290400000,1.3786677777778e-05
TIAUSD,1776294000000,2.07881625e-05
TIAUSD,1776297600000,2.1104636111111e-05
TIAUSD,1776301200000,1.6935848611111e-05
TIAUSD,1776304800000,8.260230555556e-06
TIAUSD,1776308400000,2.6865459722222e-05
TIAUSD,1776312000000,3.1123783333333e-05
TIAUSD,1776315600000,2.7768305555556e-05
TIAUSD,1776319200000,4.7478238888889e-05
TIAUSD,1776322800000,2.3365269444444e-05
TIAUSD,1776326400000,5.4399593055556e-05
TIAUSD,1776330000000,4.7844790277778e-05
TIAUSD,1776333600000,4.60113e-05
TIAUSD,1776337200000,3.0128447222222e-05
TIAUSD,1776340800000,4.0675334722222e-05
TIAUSD,1776344400000,7.9560865277778e-05
TIAUSD,1776348000000,7.5583780555556e-05
TIAUSD,1776351600000,4.7454684722222e-05
TIAUSD,1776355200000,3.1257531944444e-05
TIAUSD,1776358800000,2.0924377777778e-05
TIAUSD,1776362400000,1.4139861111111e-05
TIAUSD,1776366000000,1.7620806944444e-05
TIAUSD,1776369600000,2.10072125e-05
TIAUSD,1776373200000,3.4001879166667e-05
TIAUSD,1776376800000,4.86010875e-05
TIAUSD,1776380400000,4.9719291666667e-05
TIAUSD,1776384000000,4.9927016666667e-05
TIAUSD,1776387600000,5.0687840277778e-05
TIAUSD,1776391200000,4.7742679166667e-05
TIAUSD,1776394800000,2.9217205555556e-05
TIAUSD,1776398400000,5.736286111111e-06
TIAUSD,1776402000000,-2.0258445833333e-05
TIAUSD,1776405600000,-1.6276806944444e-05
TIAUSD,1776409200000,-2.2399656944444e-05
TIAUSD,1776412800000,-1.73126e-05
TIAUSD,1776416400000,-2.0408569444444e-05
TIAUSD,1776420000000,-2.1853686111111e-05
TIAUSD,1776423600000,8.9255964285714e-05
TIAUSD,1776427200000,-5.913670833333e-06
TIAUSD,1776430800000,-2.1637166666667e-05
TIAUSD,1776434400000,-2.3299663888889e-05
TIAUSD,1776438000000,-2.6521944444444e-05
TIAUSD,1776441600000,-2.2399286111111e-05
TIAUSD,1776445200000,-1.9316543055556e-05
TIAUSD,1776448800000,-2.8030261111111e-05
TIAUSD,1776452400000,-2.4525451388889e-05
TIAUSD,1776456000000,-2.5354748611111e-05
TIAUSD,1776459600000,-3.2041119444444e-05
TIAUSD,1776463200000,-1.5019101388889e-05
TIAUSD,1776466800000,3.652056944444e-06
TIAUSD,1776470400000,1.1258656944444e-05
TIAUSD,1776474000000,3.150859722222e-06
TIAUSD,1776477600000,2.258415277778e-06
TIAUSD,1776481200000,4.660173611111e-06
TIAUSD,1776484800000,8.464220833333e-06
TIAUSD,1776488400000,2.742452777778e-06
TIAUSD,1776492000000,4.269570833333e-06
TIAUSD,1776495600000,9.072898611111e-06
TIAUSD,1776499200000,4.1009625e-06
TIAUSD,1776502800000,-1.127677777778e-06
TIAUSD,1776506400000,1.631320833333e-06
TIAUSD,1776510000000,1.0786526388889e-05
TIAUSD,1776513600000,6.221570833333e-06
TIAUSD,1776517200000,7.924209722222e-06
TIAUSD,1776520800000,4.567216666667e-06
TIAUSD,1776524400000,-4.701265277778e-06
TIAUSD,1776528000000,-6.491976388889e-06
TIAUSD,1776531600000,-5.124969444444e-06
TIAUSD,1776535200000,-3.672133333333e-06
TIAUSD,1776538800000,-7.393108333333e-06
TIAUSD,1776542400000,-3.349118055556e-06
TIAUSD,1776546000000,-1.40293055556e-07
TIAUSD,1776549600000,-8.278711111111e-06
TIAUSD,1776553200000,-9.313554166667e-06
TIAUSD,1776556800000,-2.405890277778e-06
TIAUSD,1776560400000,1.722198611111e-06
TIAUSD,1776564000000,9.25048611111e-07
TIAUSD,1776567600000,-2.743968055556e-06
TIAUSD,1776571200000,-5.979270833333e-06
TIAUSD,1776574800000,-5.671034722222e-06
TIAUSD,1776578400000,-1.4525180555556e-05
TIAUSD,1776582000000,-6.692286111111e-06
TIAUSD,1776585600000,-6.346473611111e-06
TIAUSD,1776589200000,-7.234416666667e-06
TIAUSD,1776592800000,-8.695816666667e-06
TIAUSD,1776596400000,-5.587927777778e-06
TIAUSD,1776600000000,-5.661584722222e-06
TIAUSD,1776603600000,-6.259408333333e-06
TIAUSD,1776607200000,3.678913888889e-06
TIAUSD,1776610800000,-4.365806944444e-06
TIAUSD,1776614400000,9.721938888889e-06
TIAUSD,1776618000000,1.287956944444e-06
TIAUSD,1776621600000,-1.41459722222e-07
TIAUSD,1776625200000,-1.8008375e-06
TIAUSD,1776628800000,3.529122222222e-06
TIAUSD,1776632400000,-2.079497222222e-06
TIAUSD,1776636000000,-2.262830555556e-06
TIAUSD,1776639600000,1.2160269444444e-05
TIAUSD,1776643200000,-7.16197222222e-07
TIAUSD,1776646800000,5.029791666667e-06
TIAUSD,1776650400000,-1.069729166667e-06
TIAUSD,1776654000000,-1.0485006944444e-05
TIAUSD,1776657600000,-2.403616666667e-06
TIAUSD,1776661200000,8.69161111111e-07
TIAUSD,1776664800000,-2.389168055556e-06
TIAUSD,1776668400000,9.09769444444e-07
TIAUSD,1776672000000,-2.452166666667e-06
TIAUSD,1776675600000,-2.271273611111e-06
TIAUSD,1776679200000,-3.340856944444e-06
TIAUSD,1776682800000,-3.997944444444e-06
TIAUSD,1776686400000,1.26107375e-05
TIAUSD,1776690000000,4.088272222222e-06
TIAUSD,1776693600000,4.65625e-06
TIAUSD,1776697200000,4.676211111111e-06
TIAUSD,1776700800000,1.743244444444e-06
TIAUSD,1776704400000,2.250681944444e-06
TIAUSD,1776708000000,1.6901358333333e-05
TIAUSD,1776711600000,1.513216666667e-06
TIAUSD,1776715200000,7.58626388889e-07
TIAUSD,1776718800000,3.71275e-06
TIAUSD,1776722400000,2.346681944444e-06
TIAUSD,1776726000000,2.866606944444e-06
TIAUSD,1776729600000,-1.836718055556e-06
TIAUSD,1776733200000,2.3148875e-06
TIAUSD,1776736800000,2.0897875e-06
TIAUSD,1776740400000,5.533536111111e-06
TIAUSD,1776744000000,7.938856944444e-06
TIAUSD,1776747600000,6.024331944444e-06
TIAUSD,1776751200000,4.893129166667e-06
TIAUSD,1776754800000,4.465669444444e-06
TIAUSD,1776758400000,4.967704166667e-06
TIAUSD,1776762000000,1.1486027777778e-05
TIAUSD,1776765600000,8.347063888889e-06
TIAUSD,1776769200000,1.3887997222222e-05
TIAUSD,1776772800000,7.886168055556e-06
TIAUSD,1776776400000,9.634529166667e-06
TIAUSD,1776780000000,9.819836111111e-06
TIAUSD,1776783600000,1.0815825e-05
TIAUSD,1776787200000,1.8794506944444e-05
TIAUSD,1776790800000,2.4793913888889e-05
TIAUSD,1776794400000,2.3827711111111e-05
TIAUSD,1776798000000,2.8484129166667e-05
TIAUSD,1776801600000,1.6574222222222e-05
TIAUSD,1776805200000,9.984293055556e-06
TIAUSD,1776808800000,1.2492433333333e-05
TIAUSD,1776812400000,1.2038673611111e-05
TIAUSD,1776816000000,9.205627777778e-06
TIAUSD,1776819600000,8.635963888889e-06
TIAUSD,1776823200000,2.2792306944444e-05
TIAUSD,1776826800000,2.9576184722222e-05
TIAUSD,1776830400000,2.3499144444444e-05
TIAUSD,1776834000000,3.9393944444444e-05
TIAUSD,1776837600000,2.7043768055556e-05
TIAUSD,1776841200000,2.4969740277778e-05
TIAUSD,1776844800000,1.6405388888889e-05
TIAUSD,1776848400000,1.0158988888889e-05
TIAUSD,1776852000000,2.0838338888889e-05
TIAUSD,1776855600000,1.9022734722222e-05
TIAUSD,1776859200000,2.0985841666667e-05
TIAUSD,1776862800000,2.5526561111111e-05
TIAUSD,1776866400000,2.5382808333333e-05
TIAUSD,1776870000000,2.5672402777778e-05
TIAUSD,1776873600000,3.1001418055556e-05
TIAUSD,1776877200000,2.7966970833333e-05
TIAUSD,1776880800000,1.9235756944444e-05
TIAUSD,1776884400000,1.7741370833333e-05
TIAUSD,1776888000000,2.4271984722222e-05
TIAUSD,1776891600000,1.8275806944444e-05
TIAUSD,1776895200000,1.5383209722222e-05
TIAUSD,1776898800000,8.300190277778e-06
TIAUSD,1776902400000,1.7202090277778e-05
TIAUSD,1776906000000,2.3485506944444e-05
TIAUSD,1776909600000,1.8065411290323e-05
TIAUSD,1776913200000,1.9265364247312e-05
TIAUSD,1776916800000,8.904297222222e-06
TIAUSD,1776920400000,-1.016925e-06
TIAUSD,1776924000000,2.617775e-06
TIAUSD,1776927600000,1.366297222222e-06
TIAUSD,1776931200000,9.874148148148e-06
TIAUSD,1776934800000,9.926979166667e-06
TIAUSD,1776938400000,1.1102030555556e-05
TIAUSD,1776942000000,6.542055555556e-06
TIAUSD,1776945600000,-6.61030555556e-07
TIAUSD,1776949200000,-1.947652777778e-06
TIAUSD,1776952800000,7.241069444444e-06
TIAUSD,1776956400000,-5.265945833333e-06
TIAUSD,1776960000000,-2.58345833333e-07
TIAUSD,1776963600000,-1.0977408333333e-05
TIAUSD,1776967200000,-1.995170833333e-06
TIAUSD,1776970800000,-9.377334722222e-06
TIAUSD,1776974400000,2.139251388889e-06
TIAUSD,1776978000000,-6.146044444444e-06
TIAUSD,1776981600000,-2.113606944444e-06
TIAUSD,1776985200000,-6.4755e-06
TIAUSD,1776988800000,-5.6379125e-06
TIAUSD,1776992400000,7.217888888889e-06
TIAUSD,1776996000000,8.404927777778e-06
TIAUSD,1776999600000,1.18232125e-05
TIAUSD,1777003200000,-5.661486111111e-06
TIAUSD,1777006800000,-3.729052777778e-06
TIAUSD,1777010400000,-6.592938888889e-06
TIAUSD,1777014000000,-4.943769444444e-06
TIAUSD,1777017600000,-5.671609722222e-06
TIAUSD,1777021200000,-5.812431944444e-06
TIAUSD,1777024800000,-7.860826388889e-06
TIAUSD,1777028400000,-6.220151388889e-06
TIAUSD,1777032000000,3.2900690277778e-05
TIAUSD,1777035600000,6.8891927777778e-05
TIAUSD,1777039200000,5.6197772222222e-05
TIAUSD,1777042800000,2.6171623611111e-05
TIAUSD,1777046400000,2.8149141666667e-05
TIAUSD,1777050000000,4.1484959722222e-05
TIAUSD,1777053600000,1.9110763888889e-05
TIAUSD,1777057200000,5.8113802777778e-05
TIAUSD,1777060800000,5.8836209722222e-05
TIAUSD,1777064400000,7.45488125e-05
TIAUSD,1777068000000,8.4144052777778e-05
TIAUSD,1777071600000,7.8169702777778e-05
TIAUSD,1777075200000,4.6760526388889e-05
TIAUSD,1777078800000,4.3706326388889e-05
TIAUSD,1777082400000,5.3284640277778e-05
TIAUSD,1777086000000,7.0782444444444e-05
TIAUSD,1777089600000,5.4097429166667e-05
TIAUSD,1777093200000,4.8665272222222e-05
TIAUSD,1777096800000,4.5136273611111e-05
TIAUSD,1777100400000,4.5603511111111e-05
TIAUSD,1777104000000,1.9943956944444e-05
TIAUSD,1777107600000,2.0232826388889e-05
TIAUSD,1777111200000,2.5904516666667e-05
TIAUSD,1777114800000,1.8414848611111e-05
TIAUSD,1777118400000,2.1129576388889e-05
TIAUSD,1777122000000,2.0124016666667e-05
TIAUSD,1777125600000,2.4621976388889e-05
TIAUSD,1777129200000,2.5621191666667e-05
TIAUSD,1777132800000,2.4343098611111e-05
TIAUSD,1777136400000,2.5949344444444e-05
TIAUSD,1777140000000,2.9508723611111e-05
TIAUSD,1777143600000,2.5569343055556e-05
TIAUSD,1777147200000,3.45495875e-05
TIAUSD,1777150800000,2.4620120833333e-05
TIAUSD,1777154400000,4.9028515804598e-05
TIAUSD,1777158000000,2.21703125e-05
TIAUSD,1777161600000,3.3208986111111e-05
TIAUSD,1777165200000,3.1633131944444e-05
TIAUSD,1777168800000,4.0301504166667e-05
TIAUSD,1777172400000,3.5202651388889e-05
TIAUSD,1777176000000,3.7929906944444e-05
TIAUSD,1777179600000,3.5236844444444e-05
TIAUSD,1777183200000,3.8962756944444e-05
TIAUSD,1777186800000,3.3442997222222e-05
TIAUSD,1777190400000,2.8221235215054e-05
TIAUSD,1777194000000,2.5300293010753e-05
TIAUSD,1777197600000,2.8993175e-05
TIAUSD,1777201200000,2.7899776388889e-05
TIAUSD,1777204800000,3.2730091666667e-05
TIAUSD,1777208400000,3.9173831944444e-05
TIAUSD,1777212000000,3.7719480555556e-05
TIAUSD,1777215600000,3.1279118055556e-05
TIAUSD,1777219200000,2.9203319444444e-05
TIAUSD,1777222800000,2.7873577777778e-05
TIAUSD,1777226400000,2.4766530555556e-05
TIAUSD,1777230000000,1.6389983333333e-05
TIAUSD,1777233600000,1.9451766666667e-05
TIAUSD,1777237200000,3.3369084722222e-05
TIAUSD,1777240800000,3.3038295833333e-05
TIAUSD,1777244400000,2.1772654166667e-05
TIAUSD,1777248000000,2.2113815277778e-05
TIAUSD,1777251600000,2.2602576388889e-05
TIAUSD,1777255200000,2.0601051388889e-05
TIAUSD,1777258800000,1.4920690277778e-05
TIAUSD,1777262400000,2.6186145833333e-05
TIAUSD,1777266000000,2.1153573611111e-05
TIAUSD,1777269600000,1.7506801388889e-05
TIAUSD,1777273200000,1.0701519444444e-05
TIAUSD,1777276800000,1.4373398611111e-05
TIAUSD,1777280400000,1.4710904166667e-05
TIAUSD,1777284000000,1.7969630555556e-05
TIAUSD,1777287600000,1.4748879166667e-05
TIAUSD,1777291200000,1.8484355555556e-05
TIAUSD,1777294800000,2.47390125e-05
TIAUSD,1777298400000,2.4963447222222e-05
TIAUSD,1777302000000,3.7117230555556e-05
TIAUSD,1777305600000,3.7836501388889e-05
TIAUSD,1777309200000,3.7099509722222e-05
TIAUSD,1777312800000,3.6584461111111e-05
TIAUSD,1777316400000,3.3406044444444e-05
TIAUSD,1777320000000,3.7680888888889e-05
TIAUSD,1777323600000,4.6522765277778e-05
TIAUSD,1777327200000,4.7464066666667e-05
TIAUSD,1777330800000,4.5515623611111e-05
TIAUSD,1777334400000,3.493055e-05
TIAUSD,1777338000000,2.6933127777778e-05
TIAUSD,1777341600000,2.4418236111111e-05
TIAUSD,1777345200000,2.0461929166667e-05
TIAUSD,1777348800000,1.7277233333333e-05
TIAUSD,1777352400000,2.0237201388889e-05
TIAUSD,1777356000000,2.2630568055556e-05
TIAUSD,1777359600000,9.949711111111e-06
TIAUSD,1777363200000,1.2611402777778e-05
TIAUSD,1777366800000,7.893518055556e-06
TIAUSD,1777370400000,1.4129505555556e-05
TIAUSD,1777374000000,1.3172570833333e-05
TIAUSD,1777377600000,1.5011731944444e-05
TIAUSD,1777381200000,1.0700365277778e-05
TIAUSD,1777384800000,1.3675341666667e-05
TIAUSD,1777388400000,1.1468791666667e-05
TIAUSD,1777392000000,2.21703875e-05
TIAUSD,1777395600000,-1.1649120833333e-05
TIAUSD,1777399200000,-5.1003375e-06
TIAUSD,1777402800000,-4.125329166667e-06
TIAUSD,1777406400000,-4.9144e-06
TIAUSD,1777410000000,-4.788831944444e-06
TIAUSD,1777413600000,-1.7953631944444e-05
TIAUSD,1777417200000,-2.5004234722222e-05
TIAUSD,1777420800000,-2.0021270833333e-05
TIAUSD,1777424400000,-1.0558286111111e-05
TIAUSD,1777428000000,-1.6542258333333e-05
TIAUSD,1777431600000,-1.8529290277778e-05
TIAUSD,1777435200000,-2.5525779166667e-05
TIAUSD,1777438800000,-2.0308638888889e-05
TIAUSD,1777442400000,-1.2119315277778e-05
TIAUSD,1777446000000,-2.0079086111111e-05
TIAUSD,1777449600000,-1.4706506944444e-05
TIAUSD,1777453200000,3.02523611111e-07
TIAUSD,1777456800000,-4.63248611111e-07
TIAUSD,1777460400000,-1.3780830555556e-05
TIAUSD,1777464000000,-8.649723611111e-06
TIAUSD,1777467600000,-8.353230555556e-06
TIAUSD,1777471200000,-8.560544444444e-06
TIAUSD,1777474800000,-1.3484186111111e-05
TIAUSD,1777478400000,5.362804166667e-06
TIAUSD,1777482000000,4.445322222222e-06
TIAUSD,1777485600000,3.861245833333e-06
TIAUSD,1777489200000,3.926323611111e-06
TIAUSD,1777492800000,-4.169936111111e-06
TIAUSD,1777496400000,1.4714858333333e-05
TIAUSD,1777500000000,9.678618055556e-06
TIAUSD,1777503600000,-8.01966666667e-07
TIAUSD,1777507200000,-2.770526388889e-06
TIAUSD,1777510800000,-5.379208333333e-06
TIAUSD,1777514400000,-9.12115277778e-07
TIAUSD,1777518000000,2.107544444444e-06
TIAUSD,1777521600000,-5.92075e-07
TIAUSD,1777525200000,-5.1047625e-06
TIAUSD,1777528800000,-1.4698955555556e-05
TIAUSD,1777532400000,-2.0652568055556e-05
TIAUSD,1777536000000,-4.8070780555556e-05
TIAUSD,1777539600000,-8.1124695833333e-05
TIAUSD,1777543200000,-3.5680079166667e-05
TIAUSD,1777546800000,-1.1343913888889e-05
TIAUSD,1777550400000,-8.9539754464286e-05
TIAUSD,1777554000000,-7.2313002777778e-05
TIAUSD,1777557600000,-5.7217743055556e-05
TIAUSD,1777561200000,-1.9013745967742e-05
TIAUSD,1777564800000,-1.9015444892473e-05
TIAUSD,1777568400000,-3.6661706944444e-05
TIAUSD,1777572000000,-2.8550025e-05
TIAUSD,1777575600000,-3.3988504166667e-05
TIAUSD,1777579200000,-1.3319341666667e-05
TIAUSD,1777582800000,-1.1843475e-05
TIAUSD,1777586400000,-1.5024836111111e-05
TIAUSD,1777590000000,-1.1577323611111e-05
TIAUSD,1777593600000,-1.4575336111111e-05
TIAUSD,1777597200000,-1.4061997222222e-05
TIAUSD,1777600800000,-1.3544280555556e-05
TIAUSD,1777604400000,-1.0363152777778e-05
TIAUSD,1777608000000,-1.22351375e-05
TIAUSD,1777611600000,-1.1109519444444e-05
TIAUSD,1777615200000,-3.5852375e-06
TIAUSD,1777618800000,-3.003931944444e-06
TIAUSD,1777622400000,-4.305191666667e-06
TIAUSD,1777626000000,-2.812143055556e-06
TIAUSD,1777629600000,-1.446644444444e-06
TIAUSD,1777633200000,-2.9402875e-06
TIAUSD,1777636800000,-3.5538875e-06
TIAUSD,1777640400000,-1.0802461111111e-05
TIAUSD,1777644000000,-2.0463598611111e-05
TIAUSD,1777647600000,-1.4799134722222e-05
TIAUSD,1777651200000,-1.9825344444444e-05
TIAUSD,1777654800000,-2.26173375e-05
TIAUSD,1777658400000,-1.4163961111111e-05
TIAUSD,1777662000000,-1.5898869444444e-05
TIAUSD,1777665600000,-1.5000341666667e-05
TIAUSD,1777669200000,-9.103843055556e-06
TIAUSD,1777672800000,-2.2865213888889e-05
TIAUSD,1777676400000,-1.3030956944444e-05
TIAUSD,1777680000000,-9.347784722222e-06
TIAUSD,1777683600000,-1.05257625e-05
TIAUSD,1777687200000,-1.7740948611111e-05
TIAUSD,1777690800000,-2.8814375e-06
TIAUSD,1777694400000,-1.1325772222222e-05
TIAUSD,1777698000000,-2.4622590277778e-05
TIAUSD,1777701600000,-1.0002301388889e-05
TIAUSD,1777705200000,-7.019841666667e-06
TIAUSD,1777708800000,2.240590277778e-06
TIAUSD,1777712400000,1.0383543055556e-05
TIAUSD,1777716000000,6.529358333333e-06
TIAUSD,1777719600000,1.59311111111e-07
TIAUSD,1777723200000,7.649884722222e-06
TIAUSD,1777726800000,6.850756944444e-06
TIAUSD,1777730400000,7.110666666667e-06
TIAUSD,1777734000000,1.6555125e-06
TIAUSD,1777737600000,2.39916666667e-07
TIAUSD,1777741200000,-1.3862245833333e-05
TIAUSD,1777744800000,-1.2468041666667e-05
TIAUSD,1777748400000,-1.6967779166667e-05
TIAUSD,1777752000000,-1.5418129166667e-05
TIAUSD,1777755600000,-1.1874291666667e-05
TIAUSD,1777759200000,-1.7929384722222e-05
TIAUSD,1777762800000,-1.4558784722222e-05
TIAUSD,1777766400000,-1.670330555556e-06
TIAUSD,1777770000000,-2.689773611111e-06
TIAUSD,1777773600000,-1.1845141666667e-05
TIAUSD,1777777200000,-2.9359888888889e-05
TIAUSD,1777780800000,-4.0793948611111e-05
TIAUSD,1777784400000,-3.5033486111111e-05
TIAUSD,1777788000000,-1.8110373611111e-05
TIAUSD,1777791600000,-7.63875e-06
TIAUSD,1777795200000,-1.1235998611111e-05
TIAUSD,1777798800000,-6.249359722222e-06
TIAUSD,1777802400000,-7.347820833333e-06
TIAUSD,1777806000000,-9.811829166667e-06
TIAUSD,1777809600000,-4.656915277778e-06
TIAUSD,1777813200000,-2.1869330555556e-05
TIAUSD,1777816800000,-2.6275473611111e-05
TIAUSD,1777820400000,-3.1701570833333e-05
TIAUSD,1777824000000,-2.6193311111111e-05
TIAUSD,1777827600000,-2.2697720833333e-05
TIAUSD,1777831200000,-2.0621338888889e-05
TIAUSD,1777834800000,-2.0635838888889e-05
TIAUSD,1777838400000,-1.9527895833333e-05
TIAUSD,1777842000000,-1.9205576388889e-05
TIAUSD,1777845600000,-1.9085880555556e-05
TIAUSD,1777849200000,-1.8531493055556e-05
TIAUSD,1777852800000,-1.9918218055556e-05
TIAUSD,1777856400000,-2.5091620833333e-05
TIAUSD,1777860000000,-2.3152581944444e-05
TIAUSD,1777863600000,-1.9836458333333e-05
TIAUSD,1777867200000,-1.4609626388889e-05
TIAUSD,1777870800000,-1.3522686111111e-05
TIAUSD,1777874400000,-1.1254558333333e-05
TIAUSD,1777878000000,-1.5009820833333e-05
TIAUSD,1777881600000,-1.1994533333333e-05
TIAUSD,1777885200000,7.05576388889e-07
TIAUSD,1777888800000,5.9660875e-06
TIAUSD,1777892400000,-1.82007625e-05
TIAUSD,1777896000000,-2.1475105555556e-05
TIAUSD,1777899600000,-7.693615277778e-06
TIAUSD,1777903200000,-5.538184722222e-06
TIAUSD,1777906800000,7.099693055556e-06
TIAUSD,1777910400000,-5.475186111111e-06
TIAUSD,1777914000000,-1.65386375e-05
TIAUSD,1777917600000,-5.244447222222e-06
TIAUSD,1777921200000,-2.935454166667e-06
TIAUSD,1777924800000,-3.7695375e-06
TIAUSD,1777928400000,-8.251193055556e-06
TIAUSD,1777932000000,-8.207658333333e-06
TIAUSD,1777935600000,-2.7574815277778e-05
TIAUSD,1777939200000,-2.1329738888889e-05
TIAUSD,1777942800000,-2.4381209722222e-05
TIAUSD,1777946400000,-1.9553783333333e-05
TIAUSD,1777950000000,-1.9592029166667e-05
TIAUSD,1777953600000,-2.1934330555556e-05
TIAUSD,1777957200000,-1.6368265277778e-05
TIAUSD,1777960800000,-1.6146658333333e-05
TIAUSD,1777964400000,-1.3017520833333e-05
TIAUSD,1777968000000,-1.8120966666667e-05
TIAUSD,1777971600000,-5.266736111111e-06
TIAUSD,1777975200000,-1.4814886111111e-05
TIAUSD,1777978800000,-8.000344086022e-06
TIAUSD,1777982400000,-8.551727150538e-06
TIAUSD,1777986000000,-1.3287043055556e-05
TIAUSD,1777989600000,-1.1638019444444e-05
TIAUSD,1777993200000,-2.0637615277778e-05
TIAUSD,1777996800000,-1.88627375e-05
TIAUSD,1778000400000,-1.9766686111111e-05
TIAUSD,1778004000000,-1.6672393055556e-05
TIAUSD,1778007600000,-1.5409948611111e-05
TIAUSD,1778011200000,-1.1833094444444e-05
TIAUSD,1778014800000,-3.513225e-06
TIAUSD,1778018400000,2.9756375e-06
TIAUSD,1778022000000,3.3980555556e-08
TIAUSD,1778025600000,-2.848961111111e-06
TIAUSD,1778029200000,3.971043055556e-06
TIAUSD,1778032800000,-5.670801388889e-06
TIAUSD,1778036400000,-1.2137744444444e-05
TIAUSD,1778040000000,-7.587890277778e-06
TIAUSD,1778043600000,-8.171998611111e-06
TIAUSD,1778047200000,-1.0258001388889e-05
TIAUSD,1778050800000,-7.7956e-06
TIAUSD,1778054400000,-8.453840277778e-06
TIAUSD,1778058000000,-1.3158788888889e-05
TIAUSD,1778061600000,-9.633231944444e-06
TIAUSD,1778065200000,-2.2523047222222e-05
TIAUSD,1778068800000,-1.3469115277778e-05
TIAUSD,1778072400000,-1.6129180555556e-05
TIAUSD,1778076000000,-1.3212319444444e-05
TIAUSD,1778079600000,-2.21550875e-05
TIAUSD,1778083200000,-1.0907829166667e-05
TIAUSD,1778086800000,-2.2431375e-06
TIAUSD,1778090400000,-6.111613888889e-06
TIAUSD,1778094000000,-1.5044384722222e-05
TIAUSD,1778097600000,-2.9202875e-06
TIAUSD,1778101200000,-2.750419444444e-06
TIAUSD,1778104800000,-3.875361111111e-06
TIAUSD,1778108400000,5.48473611111e-07
TIAUSD,1778112000000,-1.637519444444e-06
TIAUSD,1778115600000,-3.1050625e-06
TIAUSD,1778119200000,7.49502688172e-07
TIAUSD,1778122800000,-1.8757430107527e-05
TIAUSD,1778126400000,-1.68722e-05
TIAUSD,1778130000000,-1.7162652777778e-05
TIAUSD,1778133600000,-1.1227145833333e-05
TIAUSD,1778137200000,-1.5309805555556e-05
TIAUSD,1778140800000,-1.3719126736111e-05
TIAUSD,1778144400000,-2.441611111111e-06
TIAUSD,1778148000000,6.578638888889e-06
TIAUSD,1778151600000,7.940048611111e-06
TIAUSD,1778155200000,5.748938888889e-06
TIAUSD,1778158800000,-5.7556125e-06
TIAUSD,1778162400000,-6.977320833333e-06
TIAUSD,1778166000000,-1.1520480555556e-05
TIAUSD,1778169600000,-1.3513216666667e-05
TIAUSD,1778173200000,-3.27272222222e-07
TIAUSD,1778176800000,3.098098611111e-06
TIAUSD,1778180400000,5.366058333333e-06
TIAUSD,1778184000000,5.765797222222e-06
TIAUSD,1778187600000,6.73415e-06
TIAUSD,1778191200000,9.448413888889e-06
TIAUSD,1778194800000,1.2769226388889e-05
TIAUSD,1778198400000,1.1433683333333e-05
TIAUSD,1778202000000,1.3082865277778e-05
TIAUSD,1778205600000,5.541701388889e-06
TIAUSD,1778209200000,1.7095483333333e-05
TIAUSD,1778212800000,1.8103973611111e-05
TIAUSD,1778216400000,2.5874220833333e-05
TIAUSD,1778220000000,2.1221138888889e-05
TIAUSD,1778223600000,2.9037731944444e-05
TIAUSD,1778227200000,2.1906097222222e-05
TIAUSD,1778230800000,1.196535e-05
TIAUSD,1778234400000,2.2081238888889e-05
TIAUSD,1778238000000,1.9222766666667e-05
TIAUSD,1778241600000,-4.5638888889e-08
TIAUSD,1778245200000,1.394684722222e-06
TIAUSD,1778248800000,5.707956944444e-06
TIAUSD,1778252400000,1.28283375e-05
TIAUSD,1778256000000,1.6881201388889e-05
TIAUSD,1778259600000,1.1282536111111e-05
TIAUSD,1778263200000,1.64978375e-05
TIAUSD,1778266800000,3.5286861111111e-05
TIAUSD,1778270400000,3.43391e-05
TIAUSD,1778274000000,4.76194625e-05
TIAUSD,1778277600000,4.5173719444444e-05
TIAUSD,1778281200000,5.7727193055556e-05
TIAUSD,1778284800000,5.6794834722222e-05
TIAUSD,1778288400000,5.2223818055556e-05
TIAUSD,1778292000000,6.0464158333333e-05
TIAUSD,1778295600000,6.3475558333333e-05
TIAUSD,1778299200000,5.88538875e-05
TIAUSD,1778302800000,4.7858468055556e-05
TIAUSD,1778306400000,-0.000122162510752688
TIAUSD,1778310000000,5.5427073924731e-05
TIAUSD,1778313600000,5.4764861111111e-05
TIAUSD,1778317200000,5.5610890277778e-05
TIAUSD,1778320800000,5.7888320833333e-05
TIAUSD,1778324400000,5.5923631944444e-05
TIAUSD,1778328000000,5.8620394444444e-05
TIAUSD,1778331600000,6.9289913888889e-05
TIAUSD,1778335200000,6.1562859722222e-05
TIAUSD,1778338800000,5.3843280555556e-05
TIAUSD,1778342400000,4.6002363888889e-05
TIAUSD,1778346000000,4.5651738888889e-05
TIAUSD,1778349600000,4.3954097222222e-05
TIAUSD,1778353200000,4.95428875e-05
TIAUSD,1778356800000,5.0040495833333e-05
TIAUSD,1778360400000,4.1813288888889e-05
TIAUSD,1778364000000,4.0671430555556e-05
TIAUSD,1778367600000,4.1434105555556e-05
TIAUSD,1778371200000,4.3190058333333e-05
TIAUSD,1778374800000,4.2417579166667e-05
TIAUSD,1778378400000,4.7009376388889e-05
TIAUSD,1778382000000,4.5811991666667e-05
TIAUSD,1778385600000,4.9461354166667e-05
TIAUSD,1778389200000,5.2186995833333e-05
TIAUSD,1778392800000,4.74125375e-05
TIAUSD,1778396400000,5.0790970833333e-05
TIAUSD,1778400000000,2.2853330555556e-05
TIAUSD,1778403600000,3.6678670833333e-05
TIAUSD,1778407200000,4.5618219444444e-05
TIAUSD,1778410800000,4.7655543055556e-05
TIAUSD,1778414400000,4.6540190277778e-05
TIAUSD,1778418000000,3.6123323611111e-05
TIAUSD,1778421600000,3.3258425e-05
TIAUSD,1778425200000,4.0497601388889e-05
TIAUSD,1778428800000,3.9142384722222e-05
TIAUSD,1778432400000,4.9490752777778e-05
TIAUSD,1778436000000,5.8407847222222e-05
TIAUSD,1778439600000,5.5104527777778e-05
TIAUSD,1778443200000,5.774325e-05
TIAUSD,1778446800000,3.7939075e-05
TIAUSD,1778450400000,1.6503786111111e-05
TIAUSD,1778454000000,3.4356351388889e-05
TIAUSD,1778457600000,4.3087559722222e-05
TIAUSD,1778461200000,4.9002279166667e-05
TIAUSD,1778464800000,4.3828911111111e-05
TIAUSD,1778468400000,3.9162623611111e-05
TIAUSD,1778472000000,3.0842504166667e-05
TIAUSD,1778475600000,2.2686972222222e-05
TIAUSD,1778479200000,2.5405548611111e-05
TIAUSD,1778482800000,3.0076152777778e-05
TIAUSD,1778486400000,3.6703727777778e-05
TIAUSD,1778490000000,3.5658479166667e-05
TIAUSD,1778493600000,3.8093559722222e-05
TIAUSD,1778497200000,5.3141099462366e-05
TIAUSD,1778500800000,5.1055555107527e-05
TIAUSD,1778504400000,4.69778625e-05
TIAUSD,1778508000000,4.7314545833333e-05
TIAUSD,1778511600000,5.9121422222222e-05
TIAUSD,1778515200000,5.7625223611111e-05
TIAUSD,1778518800000,5.4256761111111e-05
TIAUSD,1778522400000,5.7055254166667e-05
TIAUSD,1778526000000,5.9803748655914e-05
TIAUSD,1778529600000,5.142522983871e-05
TIAUSD,1778533200000,5.0412104166667e-05
TIAUSD,1778536800000,5.1251115277778e-05
TIAUSD,1778540400000,5.2182873611111e-05
TIAUSD,1778544000000,5.2926558333333e-05
TIAUSD,1778547600000,5.1939444444444e-05
TIAUSD,1778551200000,4.8260283333333e-05
TIAUSD,1778554800000,4.4320754166667e-05
TIAUSD,1778558400000,4.1912422222222e-05
TIAUSD,1778562000000,4.5960181944444e-05
TIAUSD,1778565600000,4.2348233333333e-05
TIAUSD,1778569200000,3.8475793055556e-05
TIAUSD,1778572800000,3.3711370833333e-05
TIAUSD,1778576400000,4.9438691666667e-05
TIAUSD,1778580000000,4.9870655555556e-05
TIAUSD,1778583600000,5.2287544444444e-05
TIAUSD,1778587200000,5.0631736111111e-05
TIAUSD,1778590800000,4.9990840277778e-05
TIAUSD,1778594400000,4.5284969444444e-05
TIAUSD,1778598000000,3.69941625e-05
TIAUSD,1778601600000,4.0133056944444e-05
TIAUSD,1778605200000,4.0013169444444e-05
TIAUSD,1778608800000,5.8220384722222e-05
TIAUSD,1778612400000,5.8873029166667e-05
TIAUSD,1778616000000,7.5928876388889e-05
TIAUSD,1778619600000,9.6809208333333e-05
TIAUSD,1778623200000,6.4033248263889e-05
TIAUSD,1778626800000,6.8326061111111e-05
TIAUSD,1778630400000,7.5662916666667e-05
TIAUSD,1778634000000,7.3838291666667e-05
TIAUSD,1778637600000,7.9077758333333e-05
TIAUSD,1778641200000,7.1829434722222e-05
TIAUSD,1778644800000,7.0573670833333e-05
TIAUSD,1778648400000,5.0092241666667e-05
TIAUSD,1778652000000,6.0708247222222e-05
TIAUSD,1778655600000,6.29590875e-05
TIAUSD,1778659200000,4.6785325e-05
TIAUSD,1778662800000,4.5250201388889e-05
TIAUSD,1778666400000,2.0706369444444e-05
TIAUSD,1778670000000,2.6701590277778e-05
TIAUSD,1778673600000,4.34288888889e-07
TIAUSD,1778677200000,-2.0444465277778e-05
TIAUSD,1778680800000,-3.0726856944444e-05
TIAUSD,1778684400000,-1.2199143055556e-05
TIAUSD,1778688000000,6.225030555556e-06
TIAUSD,1778691600000,-3.646048611111e-06
TIAUSD,1778695200000,-3.501381944444e-06
TIAUSD,1778698800000,-3.296302777778e-06
TIAUSD,1778702400000,3.224304166667e-06
TIAUSD,1778706000000,-1.065681944444e-06
TIAUSD,1778709600000,1.0672868055556e-05
TIAUSD,1778713200000,-8.136298611111e-06
TIAUSD,1778716800000,-2.517070833333e-06
TIAUSD,1778720400000,-1.3083888888889e-05
TIAUSD,1778724000000,-6.828226388889e-06
TIAUSD,1778727600000,-9.484034722222e-06
TIAUSD,1778731200000,-7.621965277778e-06
TIAUSD,1778734800000,-3.05910875e-05
TIAUSD,1778738400000,-7.7076613888889e-05
TIAUSD,1778742000000,-7.4573722222222e-05
TIAUSD,1778745600000,-6.3785977678571e-05
TIAUSD,1778749200000,-6.4480161111111e-05
TIAUSD,1778752800000,-4.2874561111111e-05
TIAUSD,1778756400000,-2.7271261111111e-05
TIAUSD,1778760000000,-3.1007955555556e-05
TIAUSD,1778763600000,-4.7757208333333e-05
TIAUSD,1778767200000,-5.1085122222222e-05
TIAUSD,1778770800000,-4.2554388888889e-05
TIAUSD,1778774400000,-2.5659638888889e-05
TIAUSD,1778778000000,-2.2415093055556e-05
TIAUSD,1778781600000,-2.67554625e-05
TIAUSD,1778785200000,-2.3228252777778e-05
TIAUSD,1778788800000,-1.7964430555556e-05
TIAUSD,1778792400000,-1.6913216666667e-05
TIAUSD,1778796000000,-2.67867875e-05
TIAUSD,1778799600000,-4.0798947222222e-05
TIAUSD,1778803200000,-1.9654154166667e-05
TIAUSD,1778806800000,-2.565735e-05
TIAUSD,1778810400000,-2.78828875e-05
TIAUSD,1778814000000,-3.4753133333333e-05
TIAUSD,1778817600000,-4.0186086111111e-05
TIAUSD,1778821200000,-2.87720625e-05
TIAUSD,1778824800000,-3.0719113888889e-05
TIAUSD,1778828400000,-3.2548545833333e-05
TIAUSD,1778832000000,-3.7230201149425e-05
TIAUSD,1778835600000,-1.2308306944444e-05
TIAUSD,1778839200000,-1.2662948611111e-05
TIAUSD,1778842800000,-2.6665065277778e-05
TIAUSD,1778846400000,-3.3979683333333e-05
TIAUSD,1778850000000,-2.4875305555556e-05
TIAUSD,1778853600000,-2.5384033333333e-05
TIAUSD,1778857200000,-3.0928322222222e-05
TIAUSD,1778860800000,-2.5967759722222e-05
TIAUSD,1778864400000,-3.0174013888889e-05
TIAUSD,1778868000000,-1.9255870833333e-05
TIAUSD,1778871600000,-1.9347195833333e-05
TIAUSD,1778875200000,-1.2153202777778e-05
TIAUSD,1778878800000,-1.2075086111111e-05
TIAUSD,1778882400000,-1.4432743055556e-05
TIAUSD,1778886000000,-2.2879441666667e-05
TIAUSD,1778889600000,-9.660486111111e-06
TIAUSD,1778893200000,-1.5186951388889e-05
TIAUSD,1778896800000,-1.6053618055556e-05
TIAUSD,1778900400000,-1.9521545833333e-05
TIAUSD,1778904000000,-2.0571506944444e-05
TIAUSD,1778907600000,-2.5062551388889e-05
TIAUSD,1778911200000,-2.4710251388889e-05
TIAUSD,1778914800000,-9.749988888889e-06
TIAUSD,1778918400000,-1.9147343055556e-05
TIAUSD,1778922000000,-1.6692055555556e-05
TIAUSD,1778925600000,-2.4848629166667e-05
TIAUSD,1778929200000,-2.3988973611111e-05
TIAUSD,1778932800000,-2.5495680555556e-05
TIAUSD,1778936400000,-1.7548491666667e-05
TIAUSD,1778940000000,-2.3937856944444e-05
TIAUSD,1778943600000,-2.4166079166667e-05
TIAUSD,1778947200000,-2.3142515277778e-05
TIAUSD,1778950800000,-2.3195348611111e-05
TIAUSD,1778954400000,-2.3587106944444e-05
TIAUSD,1778958000000,-1.6460568055556e-05
TIAUSD,1778961600000,-1.5255084722222e-05
TIAUSD,1778965200000,-1.36236e-05
TIAUSD,1778968800000,-9.700236111111e-06
TIAUSD,1778972400000,-1.13383375e-05
TIAUSD,1778976000000,-1.8430170833333e-05
TIAUSD,1778979600000,-2.126585e-05
TIAUSD,1778983200000,-1.2717386111111e-05
TIAUSD,1778986800000,-1.4329754166667e-05
TIAUSD,1778990400000,-2.2117694444444e-05
TIAUSD,1778994000000,-2.5320766666667e-05
TIAUSD,1778997600000,-2.0745594444444e-05
TIAUSD,1779001200000,-2.0457713888889e-05
TIAUSD,1779004800000,-2.7673093055556e-05
TIAUSD,1779008400000,-1.3092956944444e-05
TIAUSD,1779012000000,-1.2707575e-05
TIAUSD,1779015600000,-2.0238719444444e-05
TIAUSD,1779019200000,-1.6260983333333e-05
TIAUSD,1779022800000,-1.3042856944444e-05
TIAUSD,1779026400000,-1.6564683333333e-05
TIAUSD,1779030000000,-2.359065e-05
TIAUSD,1779033600000,-2.3326531944444e-05
TIAUSD,1779037200000,-2.4308255555556e-05
TIAUSD,1779040800000,-1.2285629166667e-05
TIAUSD,1779044400000,-1.3161761111111e-05
TIAUSD,1779048000000,-1.9676047222222e-05
TIAUSD,1779051600000,-2.4404091666667e-05
TIAUSD,1779055200000,-2.9479065277778e-05
TIAUSD,1779058800000,-1.8709531944444e-05
TIAUSD,1779062400000,-1.3938554166667e-05
TIAUSD,1779066000000,-2.0513484722222e-05
TIAUSD,1779069600000,-3.5491805555556e-05
TIAUSD,1779073200000,-3.61586375e-05
TIAUSD,1779076800000,-2.2576525e-05
TIAUSD,1779080400000,-2.6063766666667e-05
TIAUSD,1779084000000,-2.8437411111111e-05
TIAUSD,1779087600000,-1.8590643055556e-05
TIAUSD,1779091200000,-1.71235375e-05
TIAUSD,1779094800000,-1.1554594444444e-05
TIAUSD,1779098400000,-9.816155555556e-06
TIAUSD,1779102000000,-1.3824984722222e-05
TIAUSD,1779105600000,-1.8310725e-05
TIAUSD,1779109200000,-1.8750363888889e-05
TIAUSD,1779112800000,-1.3009344444444e-05
TIAUSD,1779116400000,-1.0618963888889e-05
TIAUSD,1779120000000,-1.7056488888889e-05
TIAUSD,1779123600000,-1.0795416666667e-05
TIAUSD,1779127200000,-1.6827965277778e-05
TIAUSD,1779130800000,-8.910777777778e-06
TIAUSD,1779134400000,4.37979166667e-07
TIAUSD,1779138000000,-1.5992408333333e-05
TIAUSD,1779141600000,-2.9092331944444e-05
TIAUSD,1779145200000,-2.2897061111111e-05
TIAUSD,1779148800000,-2.73155125e-05
TIAUSD,1779152400000,-2.5450818055556e-05
TIAUSD,1779156000000,-1.3357677777778e-05
TIAUSD,1779159600000,-1.0286416666667e-05
TIAUSD,1779163200000,-1.3995279166667e-05
TIAUSD,1779166800000,-1.931785e-05
TIAUSD,1779170400000,-1.8065345833333e-05
TIAUSD,1779174000000,-7.148594444444e-06
TIAUSD,1779177600000,-4.19041666667e-07
TIAUSD,1779181200000,-2.46879166667e-07
TIAUSD,1779184800000,-1.517476388889e-06
TIAUSD,1779188400000,-5.621931944444e-06
TIAUSD,1779192000000,-1.4909375e-06
TIAUSD,1779195600000,-4.035929166667e-06
TIAUSD,1779199200000,-6.560840277778e-06
TIAUSD,1779202800000,-6.6486625e-06
TIAUSD,1779206400000,1.593469444444e-06
TIAUSD,1779210000000,4.939272222222e-06
TIAUSD,1779213600000,9.17738888889e-07
TIAUSD,1779217200000,-8.15130555556e-07
TIAUSD,1779220800000,3.4029166667e-08
TIAUSD,1779224400000,1.955281944444e-06
TIAUSD,1779228000000,4.238288888889e-06
TIAUSD,1779231600000,-1.3171222222222e-05
TIAUSD,1779235200000,-7.124736111111e-06
TIAUSD,1779238800000,-2.238491666667e-06
TIAUSD,1779242400000,-1.913308333333e-06
TIAUSD,1779246000000,-7.203297222222e-06
TIAUSD,1779249600000,7.2630555556e-08
TIAUSD,1779253200000,-6.538927777778e-06
TIAUSD,1779256800000,-1.1740895833333e-05
TIAUSD,1779260400000,-1.0247634722222e-05
TIAUSD,1779264000000,-4.5025125e-06
TIAUSD,1779267600000,-4.109358333333e-06
TIAUSD,1779271200000,-9.157056944444e-06
TIAUSD,1779274800000,-8.7232e-06
TIAUSD,1779278400000,-2.183740277778e-06
TIAUSD,1779282000000,-3.978773611111e-06
TIAUSD,1779285600000,-4.375273611111e-06
TIAUSD,1779289200000,-6.526452777778e-06
TIAUSD,1779292800000,5.012184722222e-06
TIAUSD,1779296400000,-1.783002777778e-06
TIAUSD,1779300000000,-1.544744444444e-06
TIAUSD,1779303600000,-1.1456794444444e-05
TIAUSD,1779307200000,-2.2861956944444e-05
TIAUSD,1779310800000,8.58094444444e-07
TIAUSD,1779314400000,2.3118776388889e-05
TIAUSD,1779318000000,1.21531e-05
TIAUSD,1779321600000,1.6912554166667e-05
TIAUSD,1779325200000,6.270981944444e-06
TIAUSD,1779328800000,9.036644444444e-06
TIAUSD,1779332400000,2.6338225e-05
TIAUSD,1779336000000,1.7758423611111e-05
TIAUSD,1779339600000,9.778645833333e-06
TIAUSD,1779343200000,1.6511447222222e-05
TIAUSD,1779346800000,1.7956825e-05
TIAUSD,1779350400000,-4.9073467592593e-05
TIAUSD,1779354000000,-2.4124570833333e-05
TIAUSD,1779357600000,5.194080555556e-06
TIAUSD,1779361200000,1.0938840277778e-05
TIAUSD,1779364800000,1.16343e-05
TIAUSD,1779368400000,1.14684375e-05
TIAUSD,1779372000000,9.111572222222e-06
TIAUSD,1779375600000,8.605190277778e-06
TIAUSD,1779379200000,8.792455555556e-06
TIAUSD,1779382800000,9.810873611111e-06
TIAUSD,1779386400000,2.7436254166667e-05
TIAUSD,1779390000000,2.4685154166667e-05
TIAUSD,1779393600000,2.4406304166667e-05
TIAUSD,1779397200000,2.7361131944444e-05
TIAUSD,1779400800000,2.8715975e-05
TIAUSD,1779404400000,2.1093051388889e-05
TIAUSD,1779408000000,2.1399097222222e-05
TIAUSD,1779411600000,2.0449894444444e-05
TIAUSD,1779415200000,2.1007275e-05
TIAUSD,1779418800000,2.6119829166667e-05
TIAUSD,1779422400000,2.6107165277778e-05
TIAUSD,1779426000000,2.4860405555556e-05
TIAUSD,1779429600000,2.6351145833333e-05
TIAUSD,1779433200000,2.0729515277778e-05
TIAUSD,1779436800000,-3.592304166667e-06
TIAUSD,1779440400000,-1.0583708333333e-05
TIAUSD,1779444000000,-5.626472222222e-06
TIAUSD,1779447600000,-1.44306375e-05
TIAUSD,1779451200000,-1.2999222222222e-05
TIAUSD,1779454800000,-7.726441666667e-06
TIAUSD,1779458400000,-2.692897222222e-06
TIAUSD,1779462000000,-1.7822229166667e-05
TIAUSD,1779465600000,-2.3293625e-05
TIAUSD,1779469200000,-2.0070738888889e-05
TIAUSD,1779472800000,-1.5441715277778e-05
TIAUSD,1779476400000,-1.2349129166667e-05
TIAUSD,1779480000000,-4.487177777778e-06
TIAUSD,1779483600000,-7.447959722222e-06
TIAUSD,1779487200000,-5.88133333333e-07
TIAUSD,1779490800000,-1.074747222222e-06
TIAUSD,1779494400000,-3.885583333333e-06
TIAUSD,1779498000000,-3.8271875e-06
TIAUSD,1779501600000,-6.847501388889e-06
TIAUSD,1779505200000,-2.560929166667e-06
TIAUSD,1779508800000,-6.711222222222e-06
TIAUSD,1779512400000,-1.755475e-06
TIAUSD,1779516000000,1.292794444444e-06
TIAUSD,1779519600000,-5.332166666667e-06
TIAUSD,1779523200000,3.555077380952e-06
TIAUSD,1779526800000,2.922126388889e-06
TIAUSD,1779530400000,-6.287091666667e-06
TIAUSD,1779534000000,-5.229145833333e-06
TIAUSD,1779537600000,-5.589091666667e-06
TIAUSD,1779541200000,-3.193611111111e-06
TIAUSD,1779544800000,-2.434029166667e-06
TIAUSD,1779548400000,-1.03354166667e-07
TIAUSD,1779552000000,2.31870833333e-07
TIAUSD,1779555600000,5.794063888889e-06
TIAUSD,1779559200000,-6.476256944444e-06
TIAUSD,1779562800000,-4.082872222222e-06
TIAUSD,1779566400000,-1.0079104166667e-05
TIAUSD,1779570000000,-3.309077777778e-06
TIAUSD,1779573600000,4.269695833333e-06
TIAUSD,1779577200000,-1.816888888889e-06
TIAUSD,1779580800000,-2.1290609722222e-05
TIAUSD,1779584400000,-1.8591368055556e-05
TIAUSD,1779588000000,-1.8220668055556e-05
TIAUSD,1779591600000,-1.4088572222222e-05
TIAUSD,1779595200000,-1.2632583333333e-05
TIAUSD,1779598800000,-1.97773625e-05
TIAUSD,1779602400000,-1.4149130555556e-05
TIAUSD,1779606000000,-2.8466445833333e-05
TIAUSD,1779609600000,-3.7731109722222e-05
TIAUSD,1779613200000,-3.8210622222222e-05
TIAUSD,1779616800000,-3.7506018055556e-05
TIAUSD,1779620400000,-3.8352679166667e-05
TIAUSD,1779624000000,-2.0544922222222e-05
TIAUSD,1779627600000,-3.7664394444444e-05
TIAUSD,1779631200000,-4.9010111111111e-05
TIAUSD,1779634800000,-5.5001830555556e-05
TIAUSD,1779638400000,-4.1641354166667e-05
TIAUSD,1779642000000,-3.8712270833333e-05
TIAUSD,1779645600000,-5.02483e-05
TIAUSD,1779649200000,-4.4092381944444e-05
TIAUSD,1779652800000,-4.0675206944444e-05
TIAUSD,1779656400000,-4.0013508333333e-05
TIAUSD,1779660000000,-4.1898326388889e-05
TIAUSD,1779663600000,-4.0893436111111e-05
TIAUSD,1779667200000,-3.7537190277778e-05
TIAUSD,1779670800000,-4.02788125e-05
TIAUSD,1779674400000,-3.6514123611111e-05
TIAUSD,1779678000000,-3.6232893055556e-05
TIAUSD,1779681600000,-4.6817022222222e-05
TIAUSD,1779685200000,-5.4311440277778e-05
TIAUSD,1779688800000,-3.2630769444444e-05
TIAUSD,1779692400000,-2.8615252777778e-05
TIAUSD,1779696000000,-2.40691625e-05
TIAUSD,1779699600000,-2.0843677777778e-05
TIAUSD,1779703200000,-2.2940288888889e-05
TIAUSD,1779706800000,-1.3115386111111e-05
TIAUSD,1779710400000,-1.9226427777778e-05
TIAUSD,1779714000000,-3.2684025e-05
TIAUSD,1779717600000,-1.5265019444444e-05
TIAUSD,1779721200000,-2.6938223611111e-05
TIAUSD,1779724800000,-2.5910963888889e-05
TIAUSD,1779728400000,-2.0835304166667e-05
TIAUSD,1779732000000,-2.4654994444444e-05
TIAUSD,1779735600000,-2.4507013888889e-05
TIAUSD,1779739200000,-1.5605322222222e-05
TIAUSD,1779742800000,-2.6977830555556e-05
TIAUSD,1779746400000,-1.9735069444444e-05
TIAUSD,1779750000000,-2.1914663888889e-05
TIAUSD,1779753600000,-2.1951065277778e-05
TIAUSD,1779757200000,-1.1180022222222e-05
TIAUSD,1779760800000,-1.1713033333333e-05
TIAUSD,1779764400000,-1.6806479166667e-05
TIAUSD,1779768000000,-1.51255375e-05
TIAUSD,1779771600000,-1.5729018055556e-05
TIAUSD,1779775200000,-1.4571591666667e-05
TIAUSD,1779778800000,-3.503825e-06
TIAUSD,1779782400000,1.8930270833333e-05
TIAUSD,1779786000000,-1.5386125e-05
TIAUSD,1779789600000,-9.24410483871e-06
TIAUSD,1779793200000,5.464204166667e-06
TIAUSD,1779796800000,-1.1308693055556e-05
TIAUSD,1779800400000,-1.64143e-05
TIAUSD,1779804000000,-9.947618055556e-06
TIAUSD,1779807600000,-1.9319013888889e-05
TIAUSD,1779811200000,-1.2203572222222e-05
TIAUSD,1779814800000,-2.3419855555556e-05
TIAUSD,1779818400000,-2.3679141666667e-05
TIAUSD,1779822000000,-1.6662948611111e-05
TIAUSD,1779825600000,-8.860513888889e-06
TIAUSD,1779829200000,-1.7702126388889e-05
TIAUSD,1779832800000,-2.2020376388889e-05
TIAUSD,1779836400000,-2.5591461111111e-05
TIAUSD,1779840000000,-3.0578138888889e-05
TIAUSD,1779843600000,-2.2324625e-05
TIAUSD,1779847200000,-2.9222261111111e-05
TIAUSD,1779850800000,-3.1844651388889e-05
TIAUSD,1779854400000,-2.4755040277778e-05
TIAUSD,1779858000000,-1.2295797222222e-05
TIAUSD,1779861600000,-8.118030555556e-06
TIAUSD,1779865200000,-3.892306944444e-06
TIAUSD,1779868800000,-3.123377777778e-06
TIAUSD,1779872400000,1.6391170833333e-05
TIAUSD,1779876000000,-1.158643055556e-06
TIAUSD,1779879600000,1.571747222222e-06
TIAUSD,1779883200000,-2.188695833333e-06
TIAUSD,1779886800000,2.870145833333e-06
TIAUSD,1779890400000,5.510602777778e-06
TIAUSD,1779894000000,6.906252777778e-06
TIAUSD,1779897600000,1.1368716666667e-05
TIAUSD,1779901200000,1.0328426388889e-05
TIAUSD,1779904800000,-8.00648611111e-07
TIAUSD,1779908400000,-3.3414875e-06
TIAUSD,1779912000000,7.729748611111e-06
TIAUSD,1779915600000,-6.3093055556e-08
TIAUSD,1779919200000,-2.219040277778e-06
TIAUSD,1779922800000,-2.151891666667e-06
TIAUSD,1779926400000,9.025179166667e-06
TIAUSD,1779930000000,1.2235436111111e-05
TIAUSD,1779933600000,-2.181255555556e-06
TIAUSD,1779937200000,8.875502777778e-06
TIAUSD,1779940800000,-2.872365591398e-06
TIAUSD,1779944400000,-4.67360215054e-07
TIAUSD,1779948000000,4.520613888889e-06
TIAUSD,1779951600000,5.241297222222e-06
TIAUSD,1779955200000,2.73096264368e-07
TIAUSD,1779958800000,-1.6725844444444e-05
TIAUSD,1779962400000,1.64834722222e-07
TIAUSD,1779966000000,9.762234722222e-06
TIAUSD,1779969600000,-4.2382125e-06
TIAUSD,1779973200000,-1.0929627777778e-05
TIAUSD,1779976800000,-1.1968311111111e-05
TIAUSD,1779980400000,1.7693693055556e-05
TIAUSD,1779984000000,-6.4815875e-06
TIAUSD,1779987600000,-8.255793055556e-06
TIAUSD,1779991200000,6.9406e-06
TIAUSD,1779994800000,9.933440277778e-06
TIAUSD,1779998400000,1.3179368055556e-05
TIAUSD,1780002000000,9.934344444444e-06
TIAUSD,1780005600000,-1.3798866666667e-05
TIAUSD,1780009200000,-1.2196713888889e-05
TIAUSD,1780012800000,-1.0699326388889e-05
TIAUSD,1780016400000,-1.6088590277778e-05
TIAUSD,1780020000000,-1.4300858333333e-05
TIAUSD,1780023600000,-1.3127722222222e-05
TIAUSD,1780027200000,-2.0524858333333e-05
TIAUSD,1780030800000,-1.5517144444444e-05
TIAUSD,1780034400000,-1.0161365277778e-05
TIAUSD,1780038000000,-1.0901618055556e-05
TIAUSD,1780041600000,-1.8416120833333e-05
TIAUSD,1780045200000,-8.290048611111e-06
TIAUSD,1780048800000,-1.3864652777778e-05
TIAUSD,1780052400000,-2.1985097222222e-05
TIAUSD,1780056000000,-1.8174929166667e-05
TIAUSD,1780059600000,-3.3649591666667e-05
TIAUSD,1780063200000,-2.3698334722222e-05
TIAUSD,1780066800000,-1.8308595833333e-05
TIAUSD,1780070400000,2.2822076388889e-05
TIAUSD,1780074000000,8.98458333333e-07
TIAUSD,1780077600000,2.2600811111111e-05
TIAUSD,1780081200000,-1.6109959722222e-05
TIAUSD,1780084800000,-2.4557170833333e-05
TIAUSD,1780088400000,-7.018405555556e-06
TIAUSD,1780092000000,2.71636111111e-07
TIAUSD,1780095600000,5.075958333333e-06
TIAUSD,1780099200000,8.921351388889e-06
TIAUSD,1780102800000,6.528591666667e-06
TIAUSD,1780106400000,1.5331291666667e-05
TIAUSD,1780110000000,1.1470986111111e-05
TIAUSD,1780113600000,1.1999001388889e-05
TIAUSD,1780117200000,4.563193055556e-06
TIAUSD,1780120800000,-1.694256944444e-06
TIAUSD,1780124400000,1.092586111111e-06
TIAUSD,1780128000000,-1.408383333333e-06
TIAUSD,1780131600000,-2.849390277778e-06
TIAUSD,1780135200000,1.505830555556e-06
TIAUSD,1780138800000,7.232420833333e-06
TIAUSD,1780142400000,6.465270833333e-06
TIAUSD,1780146000000,5.274861111111e-06
TIAUSD,1780149600000,-6.9504166667e-08
TIAUSD,1780153200000,-1.773398611111e-06
TIAUSD,1780156800000,-1.5413538888889e-05
TIAUSD,1780160400000,-1.9378122222222e-05
TIAUSD,1780164000000,-1.5067729166667e-05
TIAUSD,1780167600000,-1.0585588888889e-05
TIAUSD,1780171200000,-1.8001209722222e-05
TIAUSD,1780174800000,-1.6432601388889e-05
TIAUSD,1780178400000,-2.18279125e-05
TIAUSD,1780182000000,-2.9571465277778e-05
TIAUSD,1780185600000,-2.4453941666667e-05
TIAUSD,1780189200000,-1.7291284722222e-05
TIAUSD,1780192800000,-2.4054966666667e-05
TIAUSD,1780196400000,-1.79457375e-05
TIAUSD,1780200000000,-1.5381104166667e-05
TIAUSD,1780203600000,-1.3059094444444e-05
TIAUSD,1780207200000,-1.3539650537634e-05
TIAUSD,1780210800000,-1.8257139784946e-05
TIAUSD,1780214400000,-3.0238275e-05
TIAUSD,1780218000000,-2.1653016666667e-05
TIAUSD,1780221600000,-1.7860697222222e-05
TIAUSD,1780225200000,-1.4245366666667e-05
TIAUSD,1780228800000,-1.2912036111111e-05
TIAUSD,1780232400000,-1.6654293055556e-05
TIAUSD,1780236000000,-1.3791075e-05
TIAUSD,1780239600000,-1.8266147222222e-05
TIAUSD,1780243200000,-1.6673481944444e-05
TIAUSD,1780246800000,-2.1244176388889e-05
TIAUSD,1780250400000,-1.4018568055556e-05
TIAUSD,1780254000000,-1.5350822222222e-05
TIAUSD,1780257600000,-1.9028315277778e-05
TIAUSD,1780261200000,-1.7303872222222e-05
TIAUSD,1780264800000,-2.0215941666667e-05
TIAUSD,1780268400000,-2.0010129166667e-05
TIAUSD,1780272000000,-1.1439958333333e-05
TIAUSD,1780275600000,-5.853244444444e-06
TIAUSD,1780279200000,-1.0557845833333e-05
TIAUSD,1780282800000,-1.02666375e-05
TIAUSD,1780286400000,-1.4126955555556e-05
TIAUSD,1780290000000,-1.5796436111111e-05
TIAUSD,1780293600000,-1.4871238888889e-05
TIAUSD,1780297200000,-2.8923881944444e-05
TIAUSD,1780300800000,-2.9809233333333e-05
TIAUSD,1780304400000,-2.1431076388889e-05
TIAUSD,1780308000000,-5.139648611111e-06
TIAUSD,1780311600000,-1.3303616666667e-05
TIAUSD,1780315200000,-1.4952793055556e-05
TIAUSD,1780318800000,-2.482801388889e-06
TIAUSD,1780322400000,-3.33595833333e-07
TIAUSD,1780326000000,-1.1522454166667e-05
TIAUSD,1780329600000,-2.2897952777778e-05
TIAUSD,1780333200000,-2.8760847222222e-05
TIAUSD,1780336800000,-3.3218677777778e-05
TIAUSD,1780340400000,-2.2721331944444e-05
TIAUSD,1780344000000,-2.6769165277778e-05
TIAUSD,1780347600000,-2.3276770833333e-05
TIAUSD,1780351200000,-2.1191016666667e-05
TIAUSD,1780354800000,-1.4109445833333e-05
TIAUSD,1780358400000,-1.4421808333333e-05
TIAUSD,1780362000000,-1.8714013888889e-05
TIAUSD,1780365600000,-2.02914375e-05
TIAUSD,1780369200000,-1.6712513888889e-05
TIAUSD,1780372800000,-9.699011111111e-06
TIAUSD,1780376400000,-5.90623611111e-07
TIAUSD,1780380000000,-1.2543636111111e-05
TIAUSD,1780383600000,-5.0159591666667e-05
TIAUSD,1780387200000,-7.61426625e-05
TIAUSD,1780390800000,-8.3459629166667e-05
TIAUSD,1780394400000,-4.9623479166667e-05
TIAUSD,1780398000000,-2.3761729166667e-05
TIAUSD,1780401600000,-6.97142125e-05
TIAUSD,1780405200000,-1.8948641666667e-05
TIAUSD,1780408800000,-2.9313308333333e-05
TIAUSD,1780412400000,2.2226120833333e-05
TIAUSD,1780416000000,5.972083333333e-06
TIAUSD,1780419600000,4.2106920833333e-05
TIAUSD,1780423200000,5.4657033333333e-05
TIAUSD,1780426800000,3.7412475e-05
TIAUSD,1780430400000,2.5864325e-05
TIAUSD,1780434000000,7.5282645833333e-05
TIAUSD,1780437600000,9.0350725e-05
TIAUSD,1780441200000,6.8990491666667e-05
TIAUSD,1780444800000,4.33712875e-05
TIAUSD,1780448400000,4.4147441666667e-05
TIAUSD,1780452000000,4.599554166667e-06
TIAUSD,1780455600000,1.22085125e-05
TIAUSD,1780459200000,-3.119208333333e-06
TIAUSD,1780462800000,-3.718391666667e-06
TIAUSD,1780466400000,2.826170833333e-06
TIAUSD,1780470000000,1.9545441666667e-05
TIAUSD,1780473600000,1.1019508333333e-05
TIAUSD,1780477200000,2.6306366666667e-05
TIAUSD,1780480800000,1.80752875e-05
TIAUSD,1780484400000,3.86610625e-05
TIAUSD,1780488000000,-2.924983333333e-06
TIAUSD,1780491600000,3.0807370833333e-05
TIAUSD,1780495200000,2.0510041666667e-05
TIAUSD,1780498800000,2.7048245833333e-05
TIAUSD,1780502400000,1.029465e-05
TIAUSD,1780506000000,2.0556104166667e-05
TIAUSD,1780509600000,4.3459441666667e-05
TIAUSD,1780513200000,2.1036625e-05
TIAUSD,1780516800000,2.240816666667e-06
TIAUSD,1780520400000,-1.0384429166667e-05
TIAUSD,1780524000000,3.5660266666667e-05
TIAUSD,1780527600000,3.887591666667e-06
TIAUSD,1780531200000,3.6751254166667e-05
TIAUSD,1780534800000,2.4676145833333e-05
TIAUSD,1780538400000,-5.0825875e-06
TIAUSD,1780542000000,-9.264970833333e-06
TIAUSD,1780545600000,-9.929625e-06
TIAUSD,1780549200000,-2.8496779166667e-05
TIAUSD,1780552800000,-2.3898841666667e-05
TIAUSD,1780556400000,-1.8820720833333e-05
TIAUSD,1780560000000,-1.014863362069e-05
TIAUSD,1780563600000,-2.3499083333333e-05
TIAUSD,1780567200000,-3.4112679166667e-05
TIAUSD,1780570800000,-1.53793875e-05
TIAUSD,1780574400000,-1.9174508333333e-05
TIAUSD,1780578000000,-3.1894879166667e-05
TIAUSD,1780581600000,-5.17077375e-05
TIAUSD,1780585200000,-5.4191725e-05
TIAUSD,1780588800000,-5.5221920833333e-05
TIAUSD,1780592400000,-3.707825e-05
TIAUSD,1780596000000,-3.8287083333333e-05
TIAUSD,1780599600000,-5.5629354166667e-05
TIAUSD,1780603200000,-5.965275e-05
TIAUSD,1780606800000,-3.6849308333333e-05
TIAUSD,1780610400000,-4.3120058333333e-05
TIAUSD,1780614000000,-5.4570991666667e-05
TIAUSD,1780617600000,-7.5057229166667e-05
TIAUSD,1780621200000,-6.9584179166667e-05
TIAUSD,1780624800000,-2.99276e-05
TIAUSD,1780628400000,-3.20100875e-05
TIAUSD,1780632000000,-7.034216666667e-06
TIAUSD,1780635600000,-1.565665e-05
TIAUSD,1780639200000,-9.7177375e-06
TIAUSD,1780642800000,-2.6598825e-05
TIAUSD,1780646400000,-2.8618929166667e-05
TIAUSD,1780650000000,-2.4836145833333e-05
TIAUSD,1780653600000,-5.23091666667e-07
TIAUSD,1780657200000,-3.58629e-05
TIAUSD,1780660800000,-2.0692858333333e-05
TIAUSD,1780664400000,-2.2924658333333e-05
TIAUSD,1780668000000,-1.3402125e-06
TIAUSD,1780671600000,-1.6799129166667e-05
TIAUSD,1780675200000,-2.7474241666667e-05
TIAUSD,1780678800000,-8.6512654166667e-05
TIAUSD,1780682400000,-9.1578141666667e-05
TIAUSD,1780686000000,-5.6236133333333e-05
TIAUSD,1780689600000,-9.02856125e-05
TIAUSD,1780693200000,-0.0001086767375
TIAUSD,1780696800000,-9.1773029166667e-05
TIAUSD,1780700400000,-0.000101776358333333
TIAUSD,1780704000000,-7.9906691666667e-05
TIAUSD,1780707600000,-5.1570554166667e-05
TIAUSD,1780711200000,-4.69325875e-05
TIAUSD,1780714800000,-3.6245883333333e-05
TIAUSD,1780718400000,-5.2814e-05
TIAUSD,1780722000000,-7.76653375e-05
TIAUSD,1780725600000,-7.6523308333333e-05
TIAUSD,1780729200000,-7.2225879166667e-05
TIAUSD,1780732800000,-3.7717929166667e-05
TIAUSD,1780736400000,-4.3862658333333e-05
TIAUSD,1780740000000,-3.3021941666667e-05
TIAUSD,1780743600000,-3.6330591666667e-05
TIAUSD,1780747200000,-2.8037791666667e-05
TIAUSD,1780750800000,-3.64566125e-05
TIAUSD,1780754400000,-3.637655e-05
TIAUSD,1780758000000,-3.49590375e-05
TIAUSD,1780761600000,-5.2960345833333e-05
TIAUSD,1780765200000,-3.9653020833333e-05
TIAUSD,1780768800000,-4.2559070833333e-05
TIAUSD,1780772400000,-2.9143770833333e-05
TIAUSD,1780776000000,-6.3892516666667e-05
TIAUSD,1780779600000,-4.7680816666667e-05
TIAUSD,1780783200000,-6.5599670833333e-05
TIAUSD,1780786800000,-7.2186283333333e-05
TIAUSD,1780790400000,-5.5897208333333e-05
TIAUSD,1780794000000,-2.6032870833333e-05
TIAUSD,1780797600000,-4.4493920833333e-05
TIAUSD,1780801200000,-5.47120625e-05
TIAUSD,1780804800000,-5.1826125e-05
TIAUSD,1780808400000,-4.3179704166667e-05
TIAUSD,1780812000000,-5.0136791666667e-05
TIAUSD,1780815600000,-6.9379591666667e-05
TIAUSD,1780819200000,-5.4178404166667e-05
TIAUSD,1780822800000,-5.93230625e-05
TIAUSD,1780826400000,-6.348485e-05
TIAUSD,1780830000000,-4.7623320833333e-05
TIAUSD,1780833600000,-6.6683858333333e-05
TIAUSD,1780837200000,-0.000105172983333333
TIAUSD,1780840800000,-7.4313695833333e-05
TIAUSD,1780844400000,-4.31132625e-05
TIAUSD,1780848000000,-4.20340125e-05
TIAUSD,1780851600000,-3.9433091666667e-05
TIAUSD,1780855200000,-2.86941375e-05
TIAUSD,1780858800000,-3.0245091666667e-05
TIAUSD,1780862400000,-2.7766829166667e-05
TIAUSD,1780866000000,-5.5568075e-05
TIAUSD,1780869600000,-6.6901858333333e-05
TIAUSD,1780873200000,-3.6997283333333e-05
TIAUSD,1780876800000,-2.6225e-06
TIAUSD,1780880400000,-1.2028704166667e-05
TIAUSD,1780884000000,-2.74582625e-05
TIAUSD,1780887600000,-3.8768783333333e-05
TIAUSD,1780891200000,5.749679166667e-06
TIAUSD,1780894800000,-1.4106995833333e-05
TIAUSD,1780898400000,8.603479166667e-06
TIAUSD,1780902000000,-1.8496625e-06
TIAUSD,1780905600000,-8.701633333333e-06
TIAUSD,1780909200000,8.404e-06
TIAUSD,1780912800000,-4.590041666667e-06
TIAUSD,1780916400000,4.447191666667e-06
TIAUSD,1780920000000,-1.034733333333e-06
TIAUSD,1780923600000,-1.7081929166667e-05
TIAUSD,1780927200000,-3.7980275e-05
TIAUSD,1780930800000,-5.4320704166667e-05
TIAUSD,1780934400000,-4.3836220833333e-05
TIAUSD,1780938000000,-2.17412875e-05
TIAUSD,1780941600000,-1.62822375e-05
TIAUSD,1780945200000,-4.850841666667e-06
TIAUSD,1780948800000,-2.6388854166667e-05
TIAUSD,1780952400000,-1.6016179166667e-05
TIAUSD,1780956000000,-9.9625e-09
TIAUSD,1780959600000,-3.0458554166667e-05
TIAUSD,1780963200000,-8.9039375e-06
TIAUSD,1780966800000,3.59679166667e-07
TIAUSD,1780970400000,-9.234891666667e-06
TIAUSD,1780974000000,-2.686375e-07
TIAUSD,1780977600000,-6.325033333333e-06
TIAUSD,1780981200000,-7.71395e-06
TIAUSD,1780984800000,-1.93352125e-05
TIAUSD,1780988400000,-9.898991666667e-06
TIAUSD,1780992000000,-2.7957816666667e-05
TIAUSD,1780995600000,-1.1712570833333e-05
TIAUSD,1780999200000,8.9142e-06
TIAUSD,1781002800000,-3.2573091666667e-05
TIAUSD,1781006400000,-2.0707308333333e-05
TIAUSD,1781010000000,-1.3762679166667e-05
TIAUSD,1781013600000,-1.0650108333333e-05
TIAUSD,1781017200000,-1.288675e-06
TIAUSD,1781020800000,-2.7707958333333e-05
TIAUSD,1781024400000,-2.0526308333333e-05
TIAUSD,1781028000000,-1.72412125e-05
TIAUSD,1781031600000,-2.0811370833333e-05
TIAUSD,1781035200000,-3.411725e-06
TIAUSD,1781038800000,-2.7591670833333e-05
TIAUSD,1781042400000,-2.3296108870968e-05
TIAUSD,1781046000000,-3.7191056451613e-05
TIAUSD,1781049600000,-3.7894283333333e-05
TIAUSD,1781053200000,-3.8406895833333e-05
TIAUSD,1781056800000,-5.6788183333333e-05
TIAUSD,1781060400000,-6.1547616666667e-05
TIAUSD,1781064000000,-4.0082816666667e-05
TIAUSD,1781067600000,-2.6788120833333e-05
TIAUSD,1781071200000,-4.6506091666667e-05
TIAUSD,1781074800000,-2.20736125e-05
TIAUSD,1781078400000,-2.7293241666667e-05
TIAUSD,1781082000000,-2.5154579166667e-05
TIAUSD,1781085600000,-2.3596425e-05
TIAUSD,1781089200000,-1.9978283333333e-05
TIAUSD,1781092800000,-2.3996495833333e-05
TIAUSD,1781096400000,-2.61693625e-05
TIAUSD,1781100000000,-2.2111038793103e-05
TIAUSD,1781103600000,-6.2406929166667e-05
TIAUSD,1781107200000,-1.6404016666667e-05
TIAUSD,1781110800000,-4.6356125e-05
TIAUSD,1781114400000,-2.1748945833333e-05
TIAUSD,1781118000000,-2.1098983333333e-05
TIAUSD,1781121600000,-9.793366666667e-06
TIAUSD,1781125200000,-1.88420875e-05
TIAUSD,1781128800000,-3.08430375e-05
TIAUSD,1781132400000,-8.08912e-05
TIAUSD,1781136000000,-5.2843858333333e-05
TIAUSD,1781139600000,-3.62701e-05
TIAUSD,1781143200000,-3.578725e-05
TIAUSD,1781146800000,-4.6473745833333e-05
TIAUSD,1781150400000,-3.8215304166667e-05
TIAUSD,1781154000000,-1.1559408333333e-05
TIAUSD,1781157600000,-2.3574825e-05
TIAUSD,1781161200000,-2.2854004166667e-05
TIAUSD,1781164800000,-2.2541175e-05
TIAUSD,1781168400000,7.729779166667e-06
TIAUSD,1781172000000,-1.6539958333333e-05
TIAUSD,1781175600000,-1.9169520833333e-05
TIAUSD,1781179200000,-3.3599e-06
TIAUSD,1781182800000,-1.32534625e-05
TIAUSD,1781186400000,1.3791233333333e-05
TIAUSD,1781190000000,1.23217375e-05
TIAUSD,1781193600000,-2.0584020833333e-05
TIAUSD,1781197200000,-2.9403220833333e-05
TIAUSD,1781200800000,-8.040229166667e-06
TIAUSD,1781204400000,-3.2313379166667e-05
TIAUSD,1781208000000,-2.153745e-05
TIAUSD,1781211600000,-1.9206158333333e-05
TIAUSD,1781215200000,-3.6865570833333e-05
TIAUSD,1781218800000,-4.5158341666667e-05
TIAUSD,1781222400000,-3.6400675e-05
TIAUSD,1781226000000,-4.2675854166667e-05
TIAUSD,1781229600000,-2.92642125e-05
TIAUSD,1781233200000,-2.185754166667e-06
TIAUSD,1781236800000,7.704625e-07
TIAUSD,1781240400000,1.156395833333e-06
TIAUSD,1781244000000,-2.3364229166667e-05
TIAUSD,1781247600000,-3.39675e-06
TIAUSD,1781251200000,-1.4142004166667e-05
TIAUSD,1781254800000,-2.2970225e-05
TIAUSD,1781258400000,-3.9955833333333e-05
TIAUSD,1781262000000,-1.61607125e-05
TIAUSD,1781265600000,-2.75787625e-05
TIAUSD,1781269200000,-4.0849091666667e-05
TIAUSD,1781272800000,-1.2505304166667e-05
TIAUSD,1781276400000,-3.1680425e-05
TIAUSD,1781280000000,-3.27594625e-05
TIAUSD,1781283600000,-4.60594625e-05
TIAUSD,1781287200000,-5.9088020833333e-05
TIAUSD,1781290800000,-6.0082858333333e-05
TIAUSD,1781294400000,-5.9931754166667e-05
TIAUSD,1781298000000,-4.1587241666667e-05
TIAUSD,1781301600000,-5.69282375e-05
TIAUSD,1781305200000,-5.50541125e-05
TIAUSD,1781308800000,-5.4308954166667e-05
TIAUSD,1781312400000,-3.9322154166667e-05
TIAUSD,1781316000000,-3.3588829166667e-05
TIAUSD,1781319600000,-3.1601645833333e-05
TIAUSD,1781323200000,-2.5402166666667e-05
TIAUSD,1781326800000,-1.4424941666667e-05
TIAUSD,1781330400000,-4.4009954166667e-05
TIAUSD,1781334000000,-3.4162325e-05
TIAUSD,1781337600000,-3.5574720833333e-05
TIAUSD,1781341200000,-2.7055870833333e-05
TIAUSD,1781344800000,-2.4716320833333e-05
TIAUSD,1781348400000,-1.8797854166667e-05
TIAUSD,1781352000000,7.48704166667e-07
TIAUSD,1781355600000,-2.33632375e-05
TIAUSD,1781359200000,-2.337925e-05
TIAUSD,1781362800000,-2.5492141666667e-05
TIAUSD,1781366400000,-3.80190875e-05
TIAUSD,1781370000000,-3.4045554166667e-05
TIAUSD,1781373600000,-3.114955e-05
TIAUSD,1781377200000,-5.9653375e-05
TIAUSD,1781380800000,-5.27769125e-05
TIAUSD,1781384400000,-3.4388791666667e-05
TIAUSD,1781388000000,-3.49215875e-05
TIAUSD,1781391600000,-5.7371633333333e-05
TIAUSD,1781395200000,-2.7298716666667e-05
TIAUSD,1781398800000,-2.97842875e-05
TIAUSD,1781402400000,-3.63430375e-05
TIAUSD,1781406000000,-4.8279958333333e-05
TIAUSD,1781409600000,-4.905045e-05
TIAUSD,1781413200000,-5.66707375e-05
TIAUSD,1781416800000,-6.1175258333333e-05
TIAUSD,1781420400000,-4.2690020833333e-05
TIAUSD,1781424000000,-1.9562216666667e-05
TIAUSD,1781427600000,-4.8080020833333e-05
TIAUSD,1781431200000,-3.0628770833333e-05
TIAUSD,1781434800000,-2.2627620833333e-05
TIAUSD,1781438400000,-2.2364241666667e-05
TIAUSD,1781442000000,-2.44356e-05
TIAUSD,1781445600000,-1.9556575e-05
TIAUSD,1781449200000,-1.0257466666667e-05
TIAUSD,1781452800000,-5.6178125e-06
TIAUSD,1781456400000,-1.2056158333333e-05
TIAUSD,1781460000000,-6.225154166667e-06
TIAUSD,1781463600000,-1.1340333333333e-05
TIAUSD,1781467200000,-1.6380608333333e-05
TIAUSD,1781470800000,-1.79859125e-05
TIAUSD,1781474400000,-1.4671270833333e-05
TIAUSD,1781478000000,2.87202625e-05
TIAUSD,1781481600000,2.31899625e-05
TIAUSD,1781485200000,1.6207458333333e-05
TIAUSD,1781488800000,3.1155366666667e-05
TIAUSD,1781492400000,2.8822533333333e-05
TIAUSD,1781496000000,2.8003338709677e-05
TIAUSD,1781499600000,2.0233326612903e-05
TIAUSD,1781503200000,1.19556625e-05
TIAUSD,1781506800000,-2.428208333333e-06
TIAUSD,1781510400000,-2.0851166666667e-05
TIAUSD,1781514000000,-4.840508333333e-06
TIAUSD,1781517600000,-1.775125e-05
TIAUSD,1781521200000,4.754929166667e-06
TIAUSD,1781524800000,-3.78827125e-05
TIAUSD,1781528400000,-3.6256875e-05
TIAUSD,1781532000000,-1.9003e-06
TIAUSD,1781535600000,1.79602625e-05
TIAUSD,1781539200000,3.774608333333e-06
TIAUSD,1781542800000,1.66782125e-05
TIAUSD,1781546400000,-1.7152641666667e-05
TIAUSD,1781550000000,-1.4911283333333e-05
TIAUSD,1781553600000,1.3371420833333e-05
TIAUSD,1781557200000,-1.8811345833333e-05
TIAUSD,1781560800000,-1.3799975e-05
TIAUSD,1781564400000,-2.33914625e-05
TIAUSD,1781568000000,1.4271691666667e-05
TIAUSD,1781571600000,1.5024008333333e-05
TIAUSD,1781575200000,3.312966666667e-06
TIAUSD,1781578800000,-2.0174383333333e-05
TIAUSD,1781582400000,1.7385295833333e-05
TIAUSD,1781586000000,1.0064395833333e-05
TIAUSD,1781589600000,2.5575341666667e-05
TIAUSD,1781593200000,1.3032766666667e-05
TIAUSD,1781596800000,-2.1291079166667e-05
TIAUSD,1781600400000,-1.91416e-05
TIAUSD,1781604000000,-3.33030625e-05
TIAUSD,1781607600000,-1.7471179166667e-05
TIAUSD,1781611200000,-8.5861625e-06
TIAUSD,1781614800000,-2.3989595833333e-05
TIAUSD,1781618400000,-1.14957125e-05
TIAUSD,1781622000000,-2.4405270833333e-05
TIAUSD,1781625600000,-3.5561020833333e-05
TIAUSD,1781629200000,-2.7063745833333e-05
TIAUSD,1781632800000,-3.9465804166667e-05
TIAUSD,1781636400000,-1.1753916666667e-05
TIAUSD,1781640000000,-3.6422908333333e-05
TIAUSD,1781643600000,-3.994383333333e-06
TIAUSD,1781647200000,-6.209216666667e-06
TIAUSD,1781650800000,-2.2567179166667e-05
TIAUSD,1781654400000,-2.8426e-06
TIAUSD,1781658000000,2.179304166667e-06
TIAUSD,1781661600000,1.359570833333e-06
TIAUSD,1781665200000,-4.327895833333e-06
TIAUSD,1781668800000,-8.16745833333e-07
TIAUSD,1781672400000,2.2351979166667e-05
TIAUSD,1781676000000,-8.621583333333e-06
TIAUSD,1781679600000,-6.9859625e-06
TIAUSD,1781683200000,-6.584441666667e-06
TIAUSD,1781686800000,-9.710633333333e-06
TIAUSD,1781690400000,-1.2289908333333e-05
TIAUSD,1781694000000,-3.2517604166667e-05
TIAUSD,1781697600000,-2.6113858333333e-05
TIAUSD,1781701200000,-1.9754920833333e-05
TIAUSD,1781704800000,-3.6080204166667e-05
TIAUSD,1781708400000,-2.716545e-05
TIAUSD,1781712000000,-1.4251566666667e-05
TIAUSD,1781715600000,-2.0243358333333e-05
TIAUSD,1781719200000,-3.11885375e-05
TIAUSD,1781722800000,-2.5103025e-05
TIAUSD,1781726400000,-7.070916666667e-06
TIAUSD,1781730000000,1.1256416666667e-05
TIAUSD,1781733600000,-6.865633333333e-06
TIAUSD,1781737200000,-7.743545833333e-06
TIAUSD,1781740800000,-1.8168204166667e-05
TIAUSD,1781744400000,-3.1867420833333e-05
TIAUSD,1781748000000,-2.0559270833333e-05
TIAUSD,1781751600000,-1.2330633333333e-05
TIAUSD,1781755200000,-1.06409125e-05
TIAUSD,1781758800000,-2.51794e-05
TIAUSD,1781762400000,-4.50886125e-05
TIAUSD,1781766000000,-3.8484179166667e-05
TIAUSD,1781769600000,-2.997850862069e-05
TIAUSD,1781773200000,-1.8333275e-05
TIAUSD,1781776800000,-3.2953854166667e-05
TIAUSD,1781780400000,-2.70578875e-05
TIAUSD,1781784000000,-2.0340229166667e-05
TIAUSD,1781787600000,-1.191625e-06
TIAUSD,1781791200000,-7.646991666667e-06
TIAUSD,1781794800000,-5.478445833333e-06
TIAUSD,1781798400000,-2.707e-05
TIAUSD,1781802000000,-3.6927279166667e-05
TIAUSD,1781805600000,-2.4718541666667e-05
TIAUSD,1781809200000,-1.23307625e-05
TIAUSD,1781812800000,-2.18112e-05
TIAUSD,1781816400000,7.653508333333e-06
TIAUSD,1781820000000,1.2576795833333e-05
TIAUSD,1781823600000,-2.16901625e-05
TIAUSD,1781827200000,-4.6176e-06
TIAUSD,1781830800000,1.3053558333333e-05
TIAUSD,1781834400000,7.102529166667e-06
TIAUSD,1781838000000,1.4129979166667e-05
TIAUSD,1781841600000,4.512616666667e-06
TIAUSD,1781845200000,3.653945833333e-06
TIAUSD,1781848800000,-8.331508333333e-06
TIAUSD,1781852400000,8.064370833333e-06
TIAUSD,1781856000000,-8.3361375e-06
TIAUSD,1781859600000,7.768066666667e-06
TIAUSD,1781863200000,-1.36173875e-05
TIAUSD,1781866800000,-1.0245316666667e-05
TIAUSD,1781870400000,1.0825370833333e-05
TIAUSD,1781874000000,-3.1665904166667e-05
TIAUSD,1781877600000,-3.5896858333333e-05
TIAUSD,1781881200000,2.19604166667e-07
TIAUSD,1781884800000,-1.7575891666667e-05
TIAUSD,1781888400000,-2.4458766666667e-05
TIAUSD,1781892000000,-1.5397533333333e-05
TIAUSD,1781895600000,-3.0636254166667e-05
TIAUSD,1781899200000,-1.1894083333333e-05
TIAUSD,1781902800000,-4.507083333333e-06
TIAUSD,1781906400000,-1.66931375e-05
TIAUSD,1781910000000,1.2350979166667e-05
TIAUSD,1781913600000,-3.740954166667e-06
TIAUSD,1781917200000,3.854279166667e-06
TIAUSD,1781920800000,4.1070125e-06
TIAUSD,1781924400000,5.3108875e-06
TIAUSD,1781928000000,-2.9767125e-06
TIAUSD,1781931600000,-1.22402375e-05
TIAUSD,1781935200000,3.141266666667e-06
TIAUSD,1781938800000,-9.662816666667e-06
TIAUSD,1781942400000,-7.7534875e-06
TIAUSD,1781946000000,-2.292545833333e-06
TIAUSD,1781949600000,-2.6185804166667e-05
TIAUSD,1781953200000,-7.120104166667e-06
TIAUSD,1781956800000,-1.979025e-05
TIAUSD,1781960400000,-1.962365e-05
TIAUSD,1781964000000,-6.233775e-06
TIAUSD,1781967600000,-2.126416666667e-06
TIAUSD,1781971200000,2.0600529166667e-05
TIAUSD,1781974800000,1.3858175e-05
TIAUSD,1781978400000,7.156295833333e-06
TIAUSD,1781982000000,1.906141666667e-06
TIAUSD,1781985600000,8.205166666667e-06
TIAUSD,1781989200000,-2.241745833333e-06
TIAUSD,1781992800000,-4.8322e-06
TIAUSD,1781996400000,-5.4697e-06
TIAUSD,1782000000000,-4.582470833333e-06
TIAUSD,1782003600000,-7.0386875e-06
TIAUSD,1782007200000,-2.0083525e-05
TIAUSD,1782010800000,1.4775158333333e-05
TIAUSD,1782014400000,-1.5802141666667e-05
TIAUSD,1782018000000,1.020458333333e-06
TIAUSD,1782021600000,1.5505258333333e-05
TIAUSD,1782025200000,-7.3925e-06
TIAUSD,1782028800000,-2.11645625e-05
TIAUSD,1782032400000,-2.3018483333333e-05
TIAUSD,1782036000000,-2.9632654166667e-05
TIAUSD,1782039600000,-1.7677225e-05
TIAUSD,1782043200000,-1.8190366666667e-05
TIAUSD,1782046800000,-3.0120541666667e-05
TIAUSD,1782050400000,-3.1303295833333e-05
TIAUSD,1782054000000,-4.663458333333e-06
TIAUSD,1782057600000,-2.6875345833333e-05
TIAUSD,1782061200000,-9.747120833333e-06
TIAUSD,1782064800000,-1.6652391666667e-05
TIAUSD,1782068400000,-1.3072995833333e-05
TIAUSD,1782072000000,-1.1892829166667e-05
TIAUSD,1782075600000,-1.6815416666667e-05
TIAUSD,1782079200000,-2.6743141666667e-05
TIAUSD,1782082800000,-6.2757375e-06
TIAUSD,1782086400000,-9.274383333333e-06
TIAUSD,1782090000000,7.149129166667e-06
TIAUSD,1782093600000,8.151795833333e-06
TIAUSD,1782097200000,1.95282875e-05
TIAUSD,1782100800000,-4.551470833333e-06
TIAUSD,1782104400000,1.31093375e-05
TIAUSD,1782108000000,5.659383333333e-06
TIAUSD,1782111600000,-2.876520833333e-06
TIAUSD,1782115200000,-2.2961495833333e-05
TIAUSD,1782118800000,-6.606395833333e-06
TIAUSD,1782122400000,-1.3450066666667e-05
TIAUSD,1782126000000,-2.0917665178571e-05
TIAUSD,1782129600000,-2.03252875e-05
TIAUSD,1782133200000,-1.1750170833333e-05
TIAUSD,1782136800000,1.852375e-07
TIAUSD,1782140400000,-5.32004166667e-07
TIAUSD,1782144000000,-1.1801629166667e-05
TIAUSD,1782147600000,-1.27443375e-05
TIAUSD,1782151200000,-2.9265075e-05
TIAUSD,1782154800000,-1.2552408333333e-05
TIAUSD,1782158400000,-7.654020833333e-06
TIAUSD,1782162000000,1.8442704166667e-05
TIAUSD,1782165600000,1.5045808333333e-05
TIAUSD,1782169200000,-4.1978125e-06
TIAUSD,1782172800000,1.5198416666667e-05
TIAUSD,1782176400000,2.0613045833333e-05
TIAUSD,1782180000000,-7.988858333333e-06
TIAUSD,1782183600000,2.1028875e-06
TIAUSD,1782187200000,-2.9413716666667e-05
TIAUSD,1782190800000,-2.8355125e-05
TIAUSD,1782194400000,-8.248283333333e-06
TIAUSD,1782198000000,-2.90817875e-05
TIAUSD,1782201600000,-3.17801125e-05
TIAUSD,1782205200000,-9.719e-06
TIAUSD,1782208800000,2.328820833333e-06
TIAUSD,1782212400000,-1.614015e-05
TIAUSD,1782216000000,-3.096116666667e-06
TIAUSD,1782219600000,-5.57175e-07
TIAUSD,1782223200000,-7.215833333333e-06
TIAUSD,1782226800000,-1.1088185483871e-05
TIAUSD,1782230400000,-1.3915419354839e-05
TIAUSD,1782234000000,-3.76089375e-05
TIAUSD,1782237600000,-2.45920125e-05
TIAUSD,1782241200000,-1.441070833333e-06
TIAUSD,1782244800000,-2.5823e-06
TIAUSD,1782248400000,4.980270833333e-06
TIAUSD,1782252000000,2.818408333333e-06
TIAUSD,1782255600000,-1.6254695833333e-05
TIAUSD,1782259200000,-2.0513175e-05
TIAUSD,1782262800000,-1.10321375e-05
TIAUSD,1782266400000,2.0369533333333e-05
TIAUSD,1782270000000,-9.5465e-06
TIAUSD,1782273600000,-1.1297375e-05
TIAUSD,1782277200000,-1.9060354166667e-05
TIAUSD,1782280800000,-1.79882e-05
TIAUSD,1782284400000,-7.605933333333e-06
TIAUSD,1782288000000,-2.7619083333333e-05
TIAUSD,1782291600000,-2.9288954166667e-05
TIAUSD,1782295200000,-2.6290791666667e-05
TIAUSD,1782298800000,-2.2999995833333e-05
TIAUSD,1782302400000,-1.1169525e-05
TIAUSD,1782306000000,-3.938279166667e-06
TIAUSD,1782309600000,5.6112875e-06
TIAUSD,1782313200000,2.5845216666667e-05
TIAUSD,1782316800000,1.8229325e-05
TIAUSD,1782320400000,-7.600245833333e-06
TIAUSD,1782324000000,-1.4480625e-06
TIAUSD,1782327600000,-1.291145e-05
TIAUSD,1782331200000,3.594158333333e-06
TIAUSD,1782334800000,-7.266804166667e-06
TIAUSD,1782338400000,-2.320954166667e-06
TIAUSD,1782342000000,-2.0975720833333e-05
TIAUSD,1782345600000,-7.001070833333e-06
TIAUSD,1782349200000,5.040420833333e-06
TIAUSD,1782352800000,4.6182375e-06
TIAUSD,1782356400000,-5.6342875e-06
TIAUSD,1782360000000,1.6279383333333e-05
TIAUSD,1782363600000,1.35501625e-05
TIAUSD,1782367200000,3.1557783333333e-05
TIAUSD,1782370800000,1.8742154166667e-05
TIAUSD,1782374400000,1.5652641666667e-05
TIAUSD,1782378000000,2.09885e-06
TIAUSD,1782381600000,1.7182154166667e-05
TIAUSD,1782385200000,2.00759125e-05
TIAUSD,1782388800000,2.46755e-06
TIAUSD,1782392400000,-2.261570833333e-06
TIAUSD,1782396000000,1.7177154166667e-05
TIAUSD,1782399600000,1.04519375e-05
TIAUSD,1782403200000,-8.6807375e-06
TIAUSD,1782406800000,-2.945334375e-05
TIAUSD,1782410400000,-3.97741e-05
TIAUSD,1782414000000,-3.4632929166667e-05
TIAUSD,1782417600000,-1.6223641666667e-05
TIAUSD,1782421200000,-1.49969375e-05
TIAUSD,1782424800000,-1.04716125e-05
TIAUSD,1782428400000,-1.0329429166667e-05
TIAUSD,1782432000000,-5.6836508333333e-05
TIAUSD,1782435600000,-6.6096208333333e-05
TIAUSD,1782439200000,-3.0635991666667e-05
TIAUSD,1782442800000,-2.7605183333333e-05
TIAUSD,1782446400000,-5.3262716666667e-05
TIAUSD,1782450000000,-3.5894541666667e-05
TIAUSD,1782453600000,-5.2769625e-05
TIAUSD,1782457200000,-2.7876579166667e-05
TIAUSD,1782460800000,1.6672053571429e-05
TIAUSD,1782464400000,-1.1512145833333e-05
TIAUSD,1782468000000,-2.081535e-05
TIAUSD,1782471600000,-2.4040429166667e-05
TIAUSD,1782475200000,-1.7742608333333e-05
TIAUSD,1782478800000,1.26811125e-05
TIAUSD,1782482400000,-1.748083333333e-06
TIAUSD,1782486000000,-1.48791375e-05
TIAUSD,1782489600000,-3.5216208333333e-05
TIAUSD,1782493200000,1.82814125e-05
TIAUSD,1782496800000,9.853166666667e-06
TIAUSD,1782500400000,1.47813375e-05
TIAUSD,1782504000000,1.7464675e-05
TIAUSD,1782507600000,1.7209945833333e-05
TIAUSD,1782511200000,-1.1070870833333e-05
TIAUSD,1782514800000,1.9103125e-05
TIAUSD,1782518400000,3.378375e-05
TIAUSD,1782522000000,1.7540254166667e-05
TIAUSD,1782525600000,3.1260966666667e-05
TIAUSD,1782529200000,2.35311625e-05
TIAUSD,1782532800000,2.6005195833333e-05
TIAUSD,1782536400000,2.9698745833333e-05
TIAUSD,1782540000000,1.4529e-05
TIAUSD,1782543600000,3.5758941666667e-05
TIAUSD,1782547200000,3.0465770833333e-05
TIAUSD,1782550800000,3.49332625e-05
TIAUSD,1782554400000,2.5094825e-05
TIAUSD,1782558000000,2.5116841666667e-05
TIAUSD,1782561600000,2.3549795833333e-05
TIAUSD,1782565200000,3.36204166667e-07
TIAUSD,1782568800000,-2.2424875e-06
TIAUSD,1782572400000,1.83385625e-05
TIAUSD,1782576000000,1.0441970833333e-05
TIAUSD,1782579600000,1.4444754166667e-05
TIAUSD,1782583200000,1.8484025e-05
TIAUSD,1782586800000,1.7061854166667e-05
TIAUSD,1782590400000,8.535195833333e-06
TIAUSD,1782594000000,2.91133125e-05
TIAUSD,1782597600000,1.7957079166667e-05
TIAUSD,1782601200000,5.3632520833333e-05
TIAUSD,1782604800000,3.0309308333333e-05
TIAUSD,1782608400000,5.6773058333333e-05
TIAUSD,1782612000000,3.4903308333333e-05
TIAUSD,1782615600000,4.89362875e-05
TIAUSD,1782619200000,4.8305720833333e-05
TIAUSD,1782622800000,3.8524933333333e-05
TIAUSD,1782626400000,2.6106770833333e-05
TIAUSD,1782630000000,1.9741170833333e-05
TIAUSD,1782633600000,4.0954033333333e-05
TIAUSD,1782637200000,4.4242633333333e-05
TIAUSD,1782640800000,2.4270933333333e-05
TIAUSD,1782644400000,2.909845e-05
TIAUSD,1782648000000,3.0183825e-05
TIAUSD,1782651600000,1.7349604166667e-05
TIAUSD,1782655200000,5.1901754166667e-05
TIAUSD,1782658800000,2.8375895833333e-05
TIAUSD,1782662400000,5.1255879166667e-05
TIAUSD,1782666000000,2.84355375e-05
TIAUSD,1782669600000,3.5997583333333e-05
TIAUSD,1782673200000,5.86510125e-05
TIAUSD,1782676800000,2.58965375e-05
TIAUSD,1782680400000,1.2805829166667e-05
TIAUSD,1782684000000,2.3044170833333e-05
TIAUSD,1782687600000,4.8417291666667e-05
TIAUSD,1782691200000,5.1046529166667e-05
TIAUSD,1782694800000,4.39398125e-05
TIAUSD,1782698400000,3.9384691666667e-05
TIAUSD,1782702000000,3.8270641666667e-05
TIAUSD,1782705600000,3.6757733333333e-05
TIAUSD,1782709200000,4.26908e-05
TIAUSD,1782712800000,1.48370125e-05
TIAUSD,1782716400000,1.16972125e-05
TIAUSD,1782720000000,2.9340941666667e-05
TIAUSD,1782723600000,4.05847375e-05
TIAUSD,1782727200000,1.9888654166667e-05
TIAUSD,1782730800000,1.33252875e-05
TIAUSD,1782734400000,-1.20577875e-05
TIAUSD,1782738000000,-6.9667125e-06
TIAUSD,1782741600000,-1.18383e-05
TIAUSD,1782745200000,4.1129983333333e-05
TIAUSD,1782748800000,1.3706375e-06
TIAUSD,1782752400000,1.01498125e-05
TIAUSD,1782756000000,3.9153129166667e-05
TIAUSD,1782759600000,1.6969825e-05
TIAUSD,1782763200000,1.6376308333333e-05
TIAUSD,1782766800000,1.4479195833333e-05
TIAUSD,1782770400000,9.723254166667e-06
TIAUSD,1782774000000,2.5445929166667e-05
TIAUSD,1782777600000,2.2157841666667e-05
TIAUSD,1782781200000,1.59675e-06
TIAUSD,1782784800000,1.8649925e-05
TIAUSD,1782788400000,4.8718508333333e-05
TIAUSD,1782792000000,5.9009208333333e-05
TIAUSD,1782795600000,4.1088354166667e-05
TIAUSD,1782799200000,9.120491666667e-06
TIAUSD,1782802800000,1.5693466666667e-05
TIAUSD,1782806400000,-8.22266666667e-07
TIAUSD,1782810000000,-1.6911841666667e-05
TIAUSD,1782813600000,1.3926204166667e-05
TIAUSD,1782817200000,1.098554166667e-06
TIAUSD,1782820800000,-2.8817620833333e-05
TIAUSD,1782824400000,1.470125e-07
TIAUSD,1782828000000,-7.963841666667e-06
TIAUSD,1782831600000,4.856579166667e-06
TIAUSD,1782835200000,-2.28515e-06
TIAUSD,1782838800000,4.62925e-07
TIAUSD,1782842400000,-2.3147233333333e-05
TIAUSD,1782846000000,-1.9589308333333e-05
TIAUSD,1782849600000,-2.3615970833333e-05
TIAUSD,1782853200000,-4.3612420833333e-05
TIAUSD,1782856800000,-4.94753875e-05
TIAUSD,1782860400000,-2.9919279166667e-05
TIAUSD,1782864000000,-3.53104166667e-07
TIAUSD,1782867600000,-2.880485e-05
TIAUSD,1782871200000,-2.2483308333333e-05
TIAUSD,1782874800000,-4.5415333333333e-05
TIAUSD,1782878400000,-1.5210158333333e-05
TIAUSD,1782882000000,-2.678695e-05
TIAUSD,1782885600000,-2.44815625e-05
TIAUSD,1782889200000,-2.3073554166667e-05
TIAUSD,1782892800000,-1.6042795833333e-05
TIAUSD,1782896400000,-1.6017504166667e-05
TIAUSD,1782900000000,-8.481041666667e-06
TIAUSD,1782903600000,7.693020833333e-06
TIAUSD,1782907200000,-1.4691566666667e-05
TIAUSD,1782910800000,-6.209445833333e-06
TIAUSD,1782914400000,7.000091666667e-06
TIAUSD,1782918000000,-1.3557804166667e-05
TIAUSD,1782921600000,-6.611975e-06
TIAUSD,1782925200000,-4.3432533333333e-05
TIAUSD,1782928800000,-3.7542854166667e-05
TIAUSD,1782932400000,-4.7608929166667e-05
TIAUSD,1782936000000,-8.6205875e-06
TIAUSD,1782939600000,-2.41596e-05
TIAUSD,1782943200000,2.2723458333333e-05
TIAUSD,1782946800000,2.4963320833333e-05
TIAUSD,1782950400000,-2.4415e-06
TIAUSD,1782954000000,1.0529775e-05
TIAUSD,1782957600000,-6.85125e-07
TIAUSD,1782961200000,-4.16505e-06
TIAUSD,1782964800000,-1.13254e-05
TIAUSD,1782968400000,1.7108658333333e-05
TIAUSD,1782972000000,1.4774291666667e-05
TIAUSD,1782975600000,3.48204166667e-07
TIAUSD,1782979200000,3.8280125e-05
TIAUSD,1782982800000,6.0162554166667e-05
TIAUSD,1782986400000,1.14667875e-05
TIAUSD,1782990000000,0.000101181329166667
TIAUSD,1782993600000,6.40062e-05
TIAUSD,1782997200000,5.5521254166667e-05
TIAUSD,1783000800000,4.5492391666667e-05
TIAUSD,1783004400000,3.0638120833333e-05
TIAUSD,1783008000000,1.8088004166667e-05
TIAUSD,1783011600000,5.5766304166667e-05
TIAUSD,1783015200000,2.5187429166667e-05
TIAUSD,1783018800000,4.6243104166667e-05
TIAUSD,1783022400000,5.0024025e-05
TIAUSD,1783026000000,4.9952804166667e-05
TIAUSD,1783029600000,3.389845e-05
TIAUSD,1783033200000,4.3416825e-05
TIAUSD,1783036800000,5.0891179166667e-05
TIAUSD,1783040400000,6.9673554166667e-05
TIAUSD,1783044000000,6.34210625e-05
TIAUSD,1783047600000,6.0380895833333e-05
TIAUSD,1783051200000,2.6195654166667e-05
TIAUSD,1783054800000,3.3049079166667e-05
TIAUSD,1783058400000,3.0570033333333e-05
TIAUSD,1783062000000,2.6503975e-05
TIAUSD,1783065600000,5.5308933333333e-05
TIAUSD,1783069200000,7.1551820833333e-05
TIAUSD,1783072800000,5.60985125e-05
TIAUSD,1783076400000,7.8019058333333e-05
TIAUSD,1783080000000,8.0998516666667e-05
TIAUSD,1783083600000,0.000102557591666667
TIAUSD,1783087200000,9.1873291666667e-05
TIAUSD,1783090800000,0.0001028566625
TIAUSD,1783094400000,0.0001613236625
TIAUSD,1783098000000,0.0001344480625
TIAUSD,1783101600000,0.0001275981125
TIAUSD,1783105200000,0.000134831791666667
TIAUSD,1783108800000,0.000121226483333333
TIAUSD,1783112400000,0.0001165854625
TIAUSD,1783116000000,0.0001126396125
TIAUSD,1783119600000,0.000107732670833333
TIAUSD,1783123200000,0.000122469954166667
TIAUSD,1783126800000,9.564255e-05
TIAUSD,1783130400000,5.48358875e-05
TIAUSD,1783134000000,9.4462045833333e-05
TIAUSD,1783137600000,8.2491907258065e-05
TIAUSD,1783141200000,7.2897016129032e-05
TIAUSD,1783144800000,6.852345e-05
TIAUSD,1783148400000,6.9074745833333e-05
TIAUSD,1783152000000,5.4893279166667e-05
TIAUSD,1783155600000,5.4631241666667e-05
TIAUSD,1783159200000,6.7204775e-05
TIAUSD,1783162800000,7.28795875e-05
TIAUSD,1783166400000,3.2333429166667e-05
TIAUSD,1783170000000,5.8553145833333e-05
TIAUSD,1783173600000,6.4569175e-05
TIAUSD,1783177200000,6.3902225e-05
TIAUSD,1783180800000,8.3081725e-05
TIAUSD,1783184400000,7.1926366666667e-05
TIAUSD,1783188000000,8.4763733333333e-05
TIAUSD,1783191600000,6.7209516666667e-05
TIAUSD,1783195200000,4.2783491666667e-05
TIAUSD,1783198800000,6.5686470833333e-05
TIAUSD,1783202400000,4.9869583333333e-05
TIAUSD,1783206000000,3.3903095833333e-05
TIAUSD,1783209600000,2.5735558333333e-05
TIAUSD,1783213200000,9.760208333333e-06
TIAUSD,1783216800000,5.743625e-05
TIAUSD,1783220400000,4.65430625e-05
TIAUSD,1783224000000,5.6287295833333e-05
TIAUSD,1783227600000,4.3511641666667e-05
TIAUSD,1783231200000,4.4552075e-05
TIAUSD,1783234800000,-9.56295833333e-07
TIAUSD,1783238400000,4.4106591666667e-05
TIAUSD,1783242000000,1.7117541666667e-05
TIAUSD,1783245600000,1.2531970833333e-05
TIAUSD,1783249200000,7.0726833333333e-05
TIAUSD,1783252800000,3.1653045833333e-05
TIAUSD,1783256400000,5.0461829166667e-05
TIAUSD,1783260000000,7.3912779166667e-05
TIAUSD,1783263600000,6.3168529166667e-05
TIAUSD,1783267200000,5.4771725e-05
TIAUSD,1783270800000,3.1245841666667e-05
TIAUSD,1783274400000,4.41626e-05
TIAUSD,1783278000000,4.35463625e-05
TIAUSD,1783281600000,6.39322375e-05
TIAUSD,1783285200000,5.31941625e-05
TIAUSD,1783288800000,5.1043120833333e-05
TIAUSD,1783292400000,5.94360875e-05
TIAUSD,1783296000000,9.66337e-05
TIAUSD,1783299600000,7.3099479166667e-05
TIAUSD,1783303200000,5.86008125e-05
TIAUSD,1783306800000,5.76854625e-05
TIAUSD,1783310400000,6.3198608333333e-05
TIAUSD,1783314000000,6.2061375e-05
TIAUSD,1783317600000,3.2964395833333e-05
TIAUSD,1783321200000,3.6603583333333e-05
TIAUSD,1783324800000,5.5953933333333e-05
TIAUSD,1783328400000,-1.6088091666667e-05
TIAUSD,1783332000000,3.5913733870968e-05
TIAUSD,1783335600000,5.0368116935484e-05
TIAUSD,1783339200000,4.3339283333333e-05
TIAUSD,1783342800000,4.2085875e-05
TIAUSD,1783346400000,2.9756416666667e-05
TIAUSD,1783350000000,3.60495875e-05
TIAUSD,1783353600000,6.2233220833333e-05
TIAUSD,1783357200000,6.9165404166667e-05
TIAUSD,1783360800000,8.8402279166667e-05
TIAUSD,1783364400000,9.4591183333333e-05
TIAUSD,1783368000000,0.0001002219625
TIAUSD,1783371600000,9.90071125e-05
TIAUSD,1783375200000,8.7893191666667e-05
TIAUSD,1783378800000,8.7491433333333e-05
TIAUSD,1783382400000,8.6956445833333e-05
TIAUSD,1783386000000,7.7414633333333e-05
TIAUSD,1783389600000,3.4153458333333e-05
TIAUSD,1783393200000,3.5999420833333e-05
TIAUSD,1783396800000,6.9753104166667e-05
TIAUSD,1783400400000,3.0305979166667e-05
TIAUSD,1783404000000,2.6151866666667e-05
TIAUSD,1783407600000,4.2971720833333e-05
TIAUSD,1783411200000,6.0014e-05
TIAUSD,1783414800000,3.2822354166667e-05
TIAUSD,1783418400000,5.21584125e-05
TIAUSD,1783422000000,3.66099125e-05
TIAUSD,1783425600000,5.8804429166667e-05
TIAUSD,1783429200000,4.4814283333333e-05
TIAUSD,1783432800000,2.1009820833333e-05
TIAUSD,1783436400000,2.7653983333333e-05
TIAUSD,1783440000000,2.2463741666667e-05
TIAUSD,1783443600000,-8.0475e-06
TIAUSD,1783447200000,-1.16203875e-05
TIAUSD,1783450800000,-3.83922125e-05
TIAUSD,1783454400000,1.416129166667e-06
TIAUSD,1783458000000,8.676570833333e-06
TIAUSD,1783461600000,4.251983333333e-06
TIAUSD,1783465200000,-1.4233158333333e-05
TIAUSD,1783468800000,-5.6044875e-06
TIAUSD,1783472400000,-1.1823979166667e-05
TIAUSD,1783476000000,3.306033333333e-06
TIAUSD,1783479600000,-1.1758391666667e-05
TIAUSD,1783483200000,-1.391529166667e-06
TIAUSD,1783486800000,2.74414e-05
TIAUSD,1783490400000,1.1714283333333e-05
TIAUSD,1783494000000,-2.1341158333333e-05
TIAUSD,1783497600000,1.4776004166667e-05
TIAUSD,1783501200000,-2.249691666667e-06
TIAUSD,1783504800000,2.1472275e-05
TIAUSD,1783508400000,9.589308333333e-06
TIAUSD,1783512000000,1.9984704166667e-05
TIAUSD,1783515600000,3.99145125e-05
TIAUSD,1783519200000,4.28545625e-05
TIAUSD,1783522800000,5.1093883333333e-05
TIAUSD,1783526400000,4.0704466666667e-05
TIAUSD,1783530000000,5.0063016666667e-05
TIAUSD,1783533600000,4.4461479166667e-05
TIAUSD,1783537200000,5.4827616666667e-05
TIAUSD,1783540800000,7.0581608333333e-05
TIAUSD,1783544400000,8.943975e-06
TIAUSD,1783548000000,3.41723125e-05
TIAUSD,1783551600000,2.9235383333333e-05
TIAUSD,1783555200000,4.6936170833333e-05
TIAUSD,1783558800000,6.11126625e-05
TIAUSD,1783562400000,4.9916633333333e-05
TIAUSD,1783566000000,3.84045875e-05
TIAUSD,1783569600000,2.2871095833333e-05
TIAUSD,1783573200000,6.9205708333333e-05
TIAUSD,1783576800000,6.6186916666667e-05
TIAUSD,1783580400000,4.5295070833333e-05
TIAUSD,1783584000000,5.2786854166667e-05
TIAUSD,1783587600000,4.0057033333333e-05
TIAUSD,1783591200000,2.5444604166667e-05
TIAUSD,1783594800000,2.0817766666667e-05
TIAUSD,1783598400000,2.0625679166667e-05
TIAUSD,1783602000000,2.3032758333333e-05
TIAUSD,1783605600000,3.30457e-05
TIAUSD,1783609200000,1.8787458333333e-05
TIAUSD,1783612800000,4.134991666667e-06
TIAUSD,1783616400000,1.0688991666667e-05
TIAUSD,1783620000000,-1.5703754166667e-05
TIAUSD,1783623600000,-1.587108333333e-06
TIAUSD,1783627200000,1.3521720833333e-05
TIAUSD,1783630800000,-1.5866529166667e-05
TIAUSD,1783634400000,-2.1896891666667e-05
TIAUSD,1783638000000,-1.62252125e-05
TIAUSD,1783641600000,3.587879166667e-06
TIAUSD,1783645200000,-9.559654166667e-06
TIAUSD,1783648800000,1.3602125e-05
TIAUSD,1783652400000,-1.5067175e-05
TIAUSD,1783656000000,2.384379166667e-06
TIAUSD,1783659600000,2.0881375e-06
TIAUSD,1783663200000,2.4255729166667e-05
TIAUSD,1783666800000,4.3020295833333e-05
TIAUSD,1783670400000,6.4868129166667e-05
TIAUSD,1783674000000,6.8942470833333e-05
TIAUSD,1783677600000,4.8787404166667e-05
TIAUSD,1783681200000,5.5584829166667e-05
TIAUSD,1783684800000,4.0200608333333e-05
TIAUSD,1783688400000,5.8177579166667e-05
TIAUSD,1783692000000,6.45486e-05
TIAUSD,1783695600000,2.2285266666667e-05
TIAUSD,1783699200000,3.4704033333333e-05
TIAUSD,1783702800000,1.78293625e-05
TIAUSD,1783706400000,3.1823204166667e-05
TIAUSD,1783710000000,3.2644708333333e-05
TIAUSD,1783713600000,4.03500375e-05
TIAUSD,1783717200000,2.21585875e-05
TIAUSD,1783720800000,2.1755445833333e-05
TIAUSD,1783724400000,1.9566325e-05
TIAUSD,1783728000000,3.5636741666667e-05
TIAUSD,1783731600000,1.40186375e-05
TIAUSD,1783735200000,2.11152375e-05
TIAUSD,1783738800000,1.6308191666667e-05
TIAUSD,1783742400000,3.1785604166667e-05
TIAUSD,1783746000000,1.7687579166667e-05
TIAUSD,1783749600000,1.10354875e-05
TIAUSD,1783753200000,2.7687658333333e-05
TIAUSD,1783756800000,1.1162070833333e-05
TIAUSD,1783760400000,2.3589870833333e-05
TIAUSD,1783764000000,4.0971841666667e-05
TIAUSD,1783767600000,2.9556491666667e-05
TIAUSD,1783771200000,2.24238875e-05
TIAUSD,1783774800000,3.42885875e-05
TIAUSD,1783778400000,1.5897104166667e-05
TIAUSD,1783782000000,5.500504166667e-06
TIAUSD,1783785600000,-1.1809145833333e-05
TIAUSD,1783789200000,8.735808333333e-06
TIAUSD,1783792800000,-2.4207970833333e-05
TIAUSD,1783796400000,3.5412e-06
TIAUSD,1783800000000,-1.50666625e-05
TIAUSD,1783803600000,2.61565e-06
TIAUSD,1783807200000,8.522558333333e-06
TIAUSD,1783810800000,3.832816666667e-06
TIAUSD,1783814400000,-1.80565375e-05
TIAUSD,1783818000000,-4.0467816666667e-05
TIAUSD,1783821600000,-3.5820091666667e-05
TIAUSD,1783825200000,-1.49203625e-05
TIAUSD,1783828800000,8.9989625e-06
TIAUSD,1783832400000,3.811604166667e-06
TIAUSD,1783836000000,2.256515e-05
TIAUSD,1783839600000,-1.15057e-05
TIAUSD,1783843200000,6.8585e-06
TIAUSD,1783846800000,-1.3987575e-05
TIAUSD,1783850400000,1.2424841666667e-05
TIAUSD,1783854000000,-2.1214691666667e-05
TIAUSD,1783857600000,8.7916375e-06
TIAUSD,1783861200000,-1.31897e-05
TIAUSD,1783864800000,-1.5992166666667e-05
TIAUSD,1783868400000,-1.7139616666667e-05
TIAUSD,1783872000000,1.227095833333e-06
TIAUSD,1783875600000,-2.15799375e-05
TIAUSD,1783879200000,-3.509045833333e-06
TIAUSD,1783882800000,-8.406695833333e-06
TIAUSD,1783886400000,3.0507275e-05
TIAUSD,1783890000000,-1.5864170833333e-05
TIAUSD,1783893600000,5.480258333333e-06
TIAUSD,1783897200000,-3.2256929166667e-05
TIAUSD,1783900800000,-8.674745833333e-06
TIAUSD,1783904400000,1.0240729166667e-05
TIAUSD,1783908000000,-2.3551241666667e-05
TIAUSD,1783911600000,-7.826725e-06
TIAUSD,1783915200000,5.6726125e-06
TIAUSD,1783918800000,2.0260891666667e-05
TIAUSD,1783922400000,-1.791404166667e-06
TIAUSD,1783926000000,1.9471770833333e-05
TIAUSD,1783929600000,1.9269801724138e-05
TIAUSD,1783933200000,2.1340154166667e-05
TIAUSD,1783936800000,2.4402925e-05
TIAUSD,1783940400000,4.4320258333333e-05
TIAUSD,1783944000000,1.424635e-05
TIAUSD,1783947600000,1.19010625e-05
TIAUSD,1783951200000,7.352508333333e-06
TIAUSD,1783954800000,3.6981295833333e-05
TIAUSD,1783958400000,8.451983333333e-06
TIAUSD,1783962000000,2.2895770833333e-05
TIAUSD,1783965600000,1.7230370833333e-05
TIAUSD,1783969200000,2.884675e-06
TIAUSD,1783972800000,4.98979125e-05
TIAUSD,1783976400000,3.8733233333333e-05
TIAUSD,1783980000000,3.6039808333333e-05
TIAUSD,1783983600000,1.1227633333333e-05
TIAUSD,1783987200000,2.634633333333e-06
TIAUSD,1783990800000,3.1314016666667e-05
TIAUSD,1783994400000,4.1860216666667e-05
TIAUSD,1783998000000,1.0329545833333e-05
TIAUSD,1784001600000,3.013795833333e-06
TIAUSD,1784005200000,5.510941666667e-06
TIAUSD,1784008800000,4.0981245833333e-05
TIAUSD,1784012400000,5.5444875e-05
TIAUSD,1784016000000,7.7019883333333e-05
TIAUSD,1784019600000,7.2556125e-06
TIAUSD,1784023200000,5.844895833333e-06
TIAUSD,1784026800000,3.107485e-05
TIAUSD,1784030400000,2.0530720833333e-05
TIAUSD,1784034000000,1.4908170833333e-05
TIAUSD,1784037600000,2.3695716666667e-05
TIAUSD,1784041200000,9.4391625e-06
TIAUSD,1784044800000,-3.5464754166667e-05
TIAUSD,1784048400000,-2.6885283333333e-05
TIAUSD,1784052000000,-2.2223741666667e-05
TIAUSD,1784055600000,-3.0679770833333e-05
TIAUSD,1784059200000,-4.4855275e-05
TIAUSD,1784062800000,-2.1369558333333e-05
TIAUSD,1784066400000,-1.97086e-05
TIAUSD,1784070000000,-4.723325e-06
TIAUSD,1784073600000,-9.0836125e-06
TIAUSD,1784077200000,5.3609125e-06
TIAUSD,1784080800000,-1.523666666667e-06
TIAUSD,1784084400000,-1.0708620833333e-05
TIAUSD,1784088000000,-1.3009725e-05
TIAUSD,1784091600000,1.0267408333333e-05
TIAUSD,1784095200000,-3.4898804166667e-05
TIAUSD,1784098800000,-2.0887370833333e-05
TIAUSD,1784102400000,-4.315616666667e-06
TIAUSD,1784106000000,-2.0285033333333e-05
TIAUSD,1784109600000,-2.155235e-05
TIAUSD,1784113200000,6.4057079166667e-05
TIAUSD,1784116800000,5.6751845833333e-05
TIAUSD,1784120400000,4.9569429166667e-05
TIAUSD,1784124000000,5.8519791666667e-05
TIAUSD,1784127600000,6.70027625e-05
TIAUSD,1784131200000,7.0987420833333e-05
TIAUSD,1784134800000,4.86338e-05
TIAUSD,1784138400000,6.6461716666667e-05
TIAUSD,1784142000000,5.7208529166667e-05
TIAUSD,1784145600000,2.83453e-05
TIAUSD,1784149200000,4.6525333333333e-05
TIAUSD,1784152800000,3.5085016666667e-05
TIAUSD,1784156400000,3.5719866666667e-05
TIAUSD,1784160000000,3.4014116666667e-05
TIAUSD,1784163600000,3.834215e-05
TIAUSD,1784167200000,3.05971375e-05
TIAUSD,1784170800000,5.3919029166667e-05
TIAUSD,1784174400000,1.415985e-05
TIAUSD,1784178000000,1.0198479166667e-05
TIAUSD,1784181600000,2.9468120833333e-05
TIAUSD,1784185200000,3.5747275e-05
TIAUSD,1784188800000,3.1638291666667e-05
TIAUSD,1784192400000,-3.53668875e-05
TIAUSD,1784196000000,7.19775e-07
TIAUSD,1784199600000,-2.9063416666667e-05
TIAUSD,1784203200000,3.15083333333e-07
TIAUSD,1784206800000,5.605229166667e-06
TIAUSD,1784210400000,1.3720825e-05
TIAUSD,1784214000000,2.2756804166667e-05
TIAUSD,1784217600000,-1.8630045833333e-05
TIAUSD,1784221200000,-2.7872370833333e-05
TIAUSD,1784224800000,-4.89723125e-05
TIAUSD,1784228400000,1.6991833333333e-05
TIAUSD,1784232000000,4.935795833333e-06
TIAUSD,1784235600000,2.8966895833333e-05
TIAUSD,1784239200000,4.08569375e-05
TIAUSD,1784242800000,9.384325e-06
TIAUSD,1784246400000,-3.6019608333333e-05
TIAUSD,1784250000000,-3.478925e-06
TIAUSD,1784253600000,2.119520833333e-06
TIAUSD,1784257200000,-1.70626375e-05
TIAUSD,1784260800000,-3.10643125e-05
TIAUSD,1784264400000,-4.1177016666667e-05
TIAUSD,1784268000000,-3.2978033333333e-05
TIAUSD,1784271600000,-1.9485883333333e-05
TIAUSD,1784275200000,-6.3619095833333e-05
TIAUSD,1784278800000,-6.1917958333333e-05
TIAUSD,1784282400000,-4.9177308333333e-05
TIAUSD,1784286000000,-2.9230291666667e-05
TIAUSD,1784289600000,-7.193079166667e-06
TIAUSD,1784293200000,-3.82635e-06
TIAUSD,1784296800000,-1.48499375e-05
TIAUSD,1784300400000,-1.865633333333e-06
TIAUSD,1784304000000,-3.6479375e-06
TIAUSD,1784307600000,2.0375508333333e-05
TIAUSD,1784311200000,1.4352129166667e-05
TIAUSD,1784314800000,-7.365145833333e-06
TIAUSD,1784318400000,1.422491666667e-06
TIAUSD,1784322000000,-1.6708420833333e-05
TIAUSD,1784325600000,-5.1550125e-06
TIAUSD,1784329200000,-2.40182875e-05
TIAUSD,1784332800000,-5.740204166667e-06
TIAUSD,1784336400000,1.881545833333e-06
TIAUSD,1784340000000,1.21408375e-05
TIAUSD,1784343600000,-1.7146245833333e-05
TIAUSD,1784347200000,-5.304454166667e-06
TIAUSD,1784350800000,-9.41108e-05
TIAUSD,1784354400000,-0.000141645929166667
TIAUSD,1784358000000,-0.00012527335
TIAUSD,1784361600000,-0.0001238719375
TIAUSD,1784365200000,-0.000110548383333333
TIAUSD,1784368800000,-9.1852075e-05
TIAUSD,1784372400000,-9.5787445833333e-05
TIAUSD,1784376000000,-7.5835866666667e-05
TIAUSD,1784379600000,-7.1981654166667e-05
TIAUSD,1784383200000,-4.8210820833333e-05
TIAUSD,1784386800000,-5.16262125e-05
TIAUSD,1784390400000,-4.0884083333333e-05
TIAUSD,1784394000000,-2.1091033333333e-05
TIAUSD,1784397600000,-2.2724091666667e-05
TIAUSD,1784401200000,-4.921095e-05
TIAUSD,1784404800000,-3.8246991666667e-05
TIAUSD,1784408400000,-2.6475891666667e-05
TIAUSD,1784412000000,-1.714645e-05
TIAUSD,1784415600000,-5.4337575e-05
TIAUSD,1784419200000,-3.7782541666667e-05
TIAUSD,1784422800000,-3.3318720833333e-05
TIAUSD,1784426400000,-3.1902225e-05
TIAUSD,1784430000000,-4.722245833333e-06
TIAUSD,1784433600000,-3.319215e-05
TIAUSD,1784437200000,-1.8589e-06
TIAUSD,1784440800000,-6.39465e-06
TIAUSD,1784444400000,-6.128720833333e-06
TIAUSD,1784448000000,-3.5618729166667e-05
TIAUSD,1784451600000,-4.2602220833333e-05
TIAUSD,1784455200000,-3.8695304166667e-05
TIAUSD,1784458800000,-3.7942979166667e-05
TIAUSD,1784462400000,-1.7477333333333e-05
TIAUSD,1784466000000,-3.8944579166667e-05
TIAUSD,1784469600000,-5.9984345833333e-05
TIAUSD,1784473200000,-5.23313625e-05
TIAUSD,1784476800000,-3.5373008333333e-05
TIAUSD,1784480400000,-3.136035e-05
TIAUSD,1784484000000,-5.22843125e-05
TIAUSD,1784487600000,-4.0567416666667e-05
TIAUSD,1784491200000,-3.4742375e-05
TIAUSD,1784494800000,-4.1448020833333e-05
TIAUSD,1784498400000,-4.735365e-05
TIAUSD,1784502000000,-3.1574375e-05
TIAUSD,1784505600000,-2.5533529166667e-05
TIAUSD,1784509200000,-1.4655558333333e-05
TIAUSD,1784512800000,-2.2553029166667e-05
TIAUSD,1784516400000,-2.1055483333333e-05
TIAUSD,1784520000000,-1.8867029166667e-05
TIAUSD,1784523600000,-2.5022e-05
TIAUSD,1784527200000,-1.3414108333333e-05
TIAUSD,1784530800000,-9.490016666667e-06
TIAUSD,1784534400000,-2.9537295833333e-05
TIAUSD,1784538000000,2.6567083333333e-05
TIAUSD,1784541600000,-2.5349629166667e-05
TIAUSD,1784545200000,-7.625291666667e-06
TIAUSD,1784548800000,3.17431125e-05
TIAUSD,1784552400000,4.472445833333e-06
TIAUSD,1784556000000,1.5662925e-05
TIAUSD,1784559600000,3.2553358333333e-05
TIAUSD,1784563200000,-8.82540322581e-07
TIAUSD,1784566800000,-1.1072411290323e-05
TIAUSD,1784570400000,6.640945833333e-06
TIAUSD,1784574000000,-8.638741666667e-06
TIAUSD,1784577600000,-2.8416329166667e-05
TIAUSD,1784581200000,-3.0333566666667e-05
TIAUSD,1784584800000,-1.92702875e-05
TIAUSD,1784588400000,-2.7830275e-05
TIAUSD,1784592000000,-4.7257454166667e-05
TIAUSD,1784595600000,-4.9179166666667e-05
TIAUSD,1784599200000,-0.0001014099125
TIAUSD,1784602800000,-6.9270166666667e-05
TIAUSD,1784606400000,-3.9458814516129e-05
TIAUSD,1784610000000,-4.8003536290323e-05
TIAUSD,1784613600000,-5.3333333333333e-05
TIAUSD,1784617200000,-1.2160908333333e-05
TIAUSD,1784620800000,-1.8214525e-05
TIAUSD,1784624400000,1.84513e-05
TIAUSD,1784628000000,-7.633079166667e-06
TIAUSD,1784631600000,-5.9059125e-06
TIAUSD,1784635200000,-5.908808333333e-06
TIAUSD,1784638800000,-7.126283333333e-06
TIAUSD,1784642400000,3.6418025e-05
TIAUSD,1784646000000,2.3368733333333e-05
TIAUSD,1784649600000,1.4506020833333e-05
TIAUSD,1784653200000,-2.17705e-06
TIAUSD,1784656800000,3.671154166667e-06
TIAUSD,1784660400000,-2.518708333333e-06
TIAUSD,1784664000000,7.0807625e-06
TIAUSD,1784667600000,3.0724729166667e-05
TIAUSD,1784671200000,-4.782520833333e-06
TIAUSD,1784674800000,-2.268133333333e-06
TIAUSD,1784678400000,-2.1652970833333e-05
TIAUSD,1784682000000,3.957075e-06
TIAUSD,1784685600000,2.2989779166667e-05
TIAUSD,1784689200000,-5.394029166667e-06
TIAUSD,1784692800000,-1.10336375e-05
TIAUSD,1784696400000,3.52325e-07
TIAUSD,1784700000000,-2.5072576612903e-05
TIAUSD,1784703600000,-3.3744842741935e-05
TIAUSD,1784707200000,-2.4468645833333e-05
TIAUSD,1784710800000,-3.458966666667e-06
TIAUSD,1784714400000,-2.5665379166667e-05
TIAUSD,1784718000000,-4.833091666667e-06
TIAUSD,1784721600000,-2.15279166667e-07
TIAUSD,1784725200000,1.4304283333333e-05
TIAUSD,1784728800000,2.0014195833333e-05
TIAUSD,1784732400000,-3.107570833333e-06
TIAUSD,1784736000000,1.7681979166667e-05
TIAUSD,1784739600000,4.3460208333333e-05
TIAUSD,1784743200000,1.38394125e-05
TIAUSD,1784746800000,2.6428258333333e-05
TIAUSD,1784750400000,4.3668125e-06
TIAUSD,1784754000000,1.94935e-05
TIAUSD,1784757600000,1.90315625e-05
TIAUSD,1784761200000,7.368141666667e-06
TIAUSD,1784764800000,-1.6182125e-06
TIAUSD,1784768400000,-1.84306375e-05
TIAUSD,1784772000000,9.416154166667e-06
TIAUSD,1784775600000,-2.2525958333333e-05
TIAUSD,1784779200000,-3.8333433333333e-05
TIAUSD,1784782800000,-2.1465616666667e-05
TIAUSD,1784786400000,-2.59666875e-05
TIAUSD,1784790000000,-3.7589191666667e-05
TIAUSD,1784793600000,-4.1143279166667e-05
TIAUSD,1784797200000,-2.4893254166667e-05
TIAUSD,1784800800000,-2.79776125e-05
TIAUSD,1784804400000,-3.1089795833333e-05
TIAUSD,1784808000000,-3.1553704166667e-05
TIAUSD,1784811600000,-3.2490241666667e-05
TIAUSD,1784815200000,-3.34486625e-05
TIAUSD,1784818800000,-2.437225e-05
TIAUSD,1784822400000,2.2707191666667e-05
TIAUSD,1784826000000,-5.4808125e-06
TIAUSD,1784829600000,-8.5844625e-06
TIAUSD,1784833200000,-3.9751470833333e-05
TIAUSD,1784836800000,-3.1069795833333e-05
TIAUSD,1784840400000,-3.0680429166667e-05
TIAUSD,1784844000000,-3.7524983333333e-05
TIAUSD,1784847600000,-3.5844625e-06
TIAUSD,1784851200000,-6.942541666667e-06
TIAUSD,1784854800000,-1.7161591666667e-05
TIAUSD,1784858400000,-8.388945833333e-06
TIAUSD,1784862000000,-1.5297945833333e-05
TIAUSD,1784865600000,5.97133333333e-07
TIAUSD,1784869200000,3.930216666667e-06
TIAUSD,1784872800000,2.39845875e-05
TIAUSD,1784876400000,-3.689154166667e-06
TIAUSD,1784880000000,-1.2603975e-05
TIAUSD,1784883600000,1.7369095833333e-05
TIAUSD,1784887200000,-8.272495833333e-06
TIAUSD,1784890800000,-3.7870541666667e-05
TIAUSD,1784894400000,-4.9891820833333e-05
TIAUSD,1784898000000,-4.8394479166667e-05
TIAUSD,1784901600000,-2.04884125e-05
TIAUSD,1784905200000,-2.9000491666667e-05
TIAUSD,1784908800000,1.0915375e-06
TIAUSD,1784912400000,-5.937208333333e-06
TIAUSD,1784916000000,1.57287125e-05
TIAUSD,1784919600000,-3.5512970833333e-05
TIAUSD,1784923200000,-1.04850875e-05
TIAUSD,1784926800000,-1.2195479166667e-05
TIAUSD,1784930400000,3.1468504166667e-05
TIAUSD,1784934000000,1.5786225e-05
TIAUSD,1784937600000,2.4641270833333e-05
TIAUSD,1784941200000,2.29298875e-05
TIAUSD,1784944800000,3.64845833333e-07
TIAUSD,1784948400000,2.8899016666667e-05
TIAUSD,1784952000000,8.868779166667e-06
TIAUSD,1784955600000,3.0767858333333e-05
TIAUSD,1784959200000,2.3969258333333e-05
TIAUSD,1784962800000,7.013670833333e-06
TIAUSD,1784966400000,3.69333333333e-07
TIAUSD,1784970000000,-2.15351125e-05
TIAUSD,1784973600000,-8.43375e-06
TIAUSD,1784977200000,-1.02862125e-05
TIAUSD,1784980800000,-1.1626350806452e-05
TIAUSD,1784984400000,-8.997741935484e-06
TIAUSD,1784988000000,2.3981754166667e-05
TIAUSD,1784991600000,-1.5005920833333e-05
TIAUSD,1784995200000,-2.599708333333e-06
TIAUSD,1784998800000,-3.49419125e-05
TIAUSD,1785002400000,6.260095833333e-06
TIAUSD,1785006000000,1.43079875e-05
TIAUSD,1785009600000,1.06620833333e-07
TIAUSD,1785013200000,-9.3134125e-06
TIAUSD,1785016800000,9.910633333333e-06
TIAUSD,1785020400000,-2.195679166667e-06
TIAUSD,1785024000000,8.970258333333e-06
TIAUSD,1785027600000,7.735091666667e-06
TIAUSD,1785031200000,-2.429625e-07
TIAUSD,1785034800000,-3.7447854166667e-05
TIAUSD,1785038400000,-5.0138125e-06
TIAUSD,1785042000000,2.4876291666667e-05
TIAUSD,1785045600000,1.711141666667e-06
TIAUSD,1785049200000,4.77835e-06
TIAUSD,1785052800000,-1.1802304166667e-05
TIAUSD,1785056400000,-1.2472279166667e-05
TIAUSD,1785060000000,9.9169125e-06
TIAUSD,1785063600000,1.3820420833333e-05
TIAUSD,1785067200000,-1.3047191666667e-05
TIAUSD,1785070800000,3.64425125e-05
TIAUSD,1785074400000,-2.31419125e-05
TIAUSD,1785078000000,-5.11851625e-05
TIAUSD,1785081600000,-6.67758875e-05
TIAUSD,1785085200000,-2.4126545833333e-05
TIAUSD,1785088800000,-4.7858758333333e-05
TIAUSD,1785092400000,-4.8755766666667e-05
TIAUSD,1785096000000,-5.2742516666667e-05
TIAUSD,1785099600000,-2.638765e-05
TIAUSD,1785103200000,-2.8708258333333e-05
TIAUSD,1785106800000,-1.4164916666667e-05
TIAUSD,1785110400000,-4.8732345833333e-05
TIAUSD,1785114000000,-2.73312625e-05
TIAUSD,1785117600000,-4.88365e-06
TIAUSD,1785121200000,-1.54607625e-05
TIAUSD,1785124800000,-1.4044058333333e-05
TIAUSD,1785128400000,-2.0674654166667e-05
TIAUSD,1785132000000,-1.7487370833333e-05
TIAUSD,1785135600000,-7.7394875e-06
TIAUSD,1785139200000,1.7161206896552e-05
TIAUSD,1785142800000,-1.1963625e-06
TIAUSD,1785146400000,-3.7459175e-05
TIAUSD,1785150000000,-4.33675e-05
TIAUSD,1785153600000,-2.4334120833333e-05
TIAUSD,1785157200000,-2.7735625e-06
TIAUSD,1785160800000,-7.076670833333e-06
TIAUSD,1785164400000,6.344395833333e-06
TIAUSD,1785168000000,9.375483333333e-06
TIAUSD,1785171600000,5.44245e-06
TIAUSD,1785175200000,1.74483875e-05
TIAUSD,1785178800000,-3.830370833333e-06
TIAUSD,1785182400000,-4.917841666667e-06
TIAUSD,1785186000000,-2.2833641666667e-05
TIAUSD,1785189600000,-7.288466666667e-06
TIAUSD,1785193200000,-1.382275e-05
TIAUSD,1785196800000,-6.3567420833333e-05
TIAUSD,1785200400000,-6.4168120833333e-05
TIAUSD,1785204000000,-3.5769608333333e-05
TIAUSD,1785207600000,1.33112125e-05
TIAUSD,1785211200000,-2.265133333333e-06
TIAUSD,1785214800000,1.2903583333333e-05
TIAUSD,1785218400000,-7.457783333333e-06
TIAUSD,1785222000000,2.5044820833333e-05
TIAUSD,1785225600000,-7.281254166667e-06
TIAUSD,1785229200000,3.144970833333e-06
TIAUSD,1785232800000,1.8253758333333e-05
TIAUSD,1785236400000,-8.567345833333e-06
TIAUSD,1785240000000,2.2337920833333e-05
TIAUSD,1785243600000,2.1366645833333e-05
TIAUSD,1785247200000,1.5781833333333e-05
TIAUSD,1785250800000,3.1458183333333e-05
TIAUSD,1785254400000,2.9391716666667e-05
TIAUSD,1785258000000,1.5584204166667e-05
TIAUSD,1785261600000,2.8056891666667e-05
TIAUSD,1785265200000,6.061445833333e-06
TIAUSD,1785268800000,4.1587891666667e-05
TIAUSD,1785272400000,2.24209375e-05
TIAUSD,1785276000000,1.0831966666667e-05
TIAUSD,1785279600000,7.605779166667e-06
TIAUSD,1785283200000,4.5754683333333e-05
TIAUSD,1785286800000,-8.477729166667e-06
TIAUSD,1785290400000,-3.444191666667e-06
TIAUSD,1785294000000,1.3104925e-05
TIAUSD,1785297600000,-3.512583333333e-06
TIAUSD,1785301200000,1.01166375e-05
TIAUSD,1785304800000,1.7721383333333e-05
TIAUSD,1785308400000,4.429016666667e-06
TIAUSD,1785312000000,1.9495825e-05
TIAUSD,1785315600000,1.24409e-05
TIAUSD,1785319200000,-1.2925395833333e-05
TIAUSD,1785322800000,1.0768025e-05
TIAUSD,1785326400000,5.54966375e-05
TIAUSD,1785330000000,4.71366875e-05
TIAUSD,1785333600000,4.7295620833333e-05
TIAUSD,1785337200000,2.79574e-05
TIAUSD,1785340800000,-4.056816666667e-06
TIAUSD,1785344400000,3.5538258064516e-05
TIAUSD,1785348000000,8.680887096774e-06
TIAUSD,1785351600000,2.84173125e-05
TIAUSD,1785355200000,-1.0358058333333e-05
TIAUSD,1785358800000,1.0959354166667e-05
TIAUSD,1785362400000,2.6912895833333e-05
TIAUSD,1785366000000,9.10283333333e-07
TIAUSD,1785369600000,1.3615572580645e-05
TIAUSD,1785373200000,2.2503576612903e-05
TIAUSD,1785376800000,2.4624516666667e-05
TIAUSD,1785380400000,6.953641666667e-06
TIAUSD,1785384000000,1.4281820833333e-05
TIAUSD,1785387600000,5.1735841666667e-05
TIAUSD,1785391200000,3.8263675e-05
TIAUSD,1785394800000,3.2333954166667e-05
TIAUSD,1785398400000,2.3691075e-05
TIAUSD,1785402000000,1.63350375e-05
TIAUSD,1785405600000,5.9884395833333e-05
TIAUSD,1785409200000,2.38954375e-05
TIAUSD,1785412800000,-2.227691666667e-06
TIAUSD,1785416400000,2.3334825e-05
TIAUSD,1785420000000,5.25556625e-05
TIAUSD,1785423600000,9.620975e-06
TIAUSD,1785427200000,3.5321620833333e-05
TIAUSD,1785430800000,-1.26395833333e-07
TIAUSD,1785434400000,1.354615e-05
TIAUSD,1785438000000,-2.32837e-05
TIAUSD,1785441600000,-5.5401875e-06
TIAUSD,1785445200000,1.08004875e-05
TIAUSD,1785448800000,3.8712716666667e-05
TIAUSD,1785452400000,1.5714945833333e-05
TIAUSD,1785456000000,-1.5361633333333e-05
TIAUSD,1785459600000,2.4955691666667e-05
TIAUSD,1785463200000,1.0964233333333e-05
TIAUSD,1785466800000,1.4016008333333e-05
TIAUSD,1785470400000,1.4442866666667e-05
TIAUSD,1785474000000,-1.5523645833333e-05
TIAUSD,1785477600000,2.2777008333333e-05
TIAUSD,1785481200000,-5.693391666667e-06
TIAUSD,1785484800000,-8.600641666667e-06
TIAUSD,1785488400000,-2.5340683333333e-05
TIAUSD,1785492000000,3.53754125e-05
TIAUSD,1785495600000,-1.0711779166667e-05
TIAUSD,1785499200000,1.63553625e-05
TIAUSD,1785502800000,1.3353233333333e-05
TIAUSD,1785506400000,1.8677370833333e-05
TIAUSD,1785510000000,4.2078604166667e-05
TIAUSD,1785513600000,2.0565008333333e-05
TIAUSD,1785517200000,-3.1787554166667e-05
TIAUSD,1785520800000,-1.0255533333333e-05
TIAUSD,1785524400000,-2.0394529166667e-05
TIAUSD,1785528000000,-3.799433333333e-06
TIAUSD,1785531600000,3.0153045833333e-05
TIAUSD,1785535200000,1.5830745833333e-05
TIAUSD,1785538800000,-1.176691666667e-06
TIAUSD,1785542400000,1.6444991666667e-05
TIAUSD,1785546000000,3.8671608333333e-05
TIAUSD,1785549600000,1.3042691666667e-05
TIAUSD,1785553200000,3.3874320833333e-05
TIAUSD,1785556800000,2.4668658333333e-05
TIAUSD,1785560400000,4.62551875e-05
TIAUSD,1785564000000,2.7994191666667e-05
TIAUSD,1785567600000,1.1655375e-05
TIAUSD,1785571200000,5.8770504166667e-05
TIAUSD,1785574800000,6.33386375e-05
TIAUSD,1785578400000,2.1141179166667e-05
TIAUSD,1785582000000,2.9667241666667e-05
TIAUSD,1785585600000,-5.6229154166667e-05
TIAUSD,1785589200000,-3.7784529166667e-05
TIAUSD,1785592800000,-2.88265125e-05
TIAUSD,1785596400000,-1.5962270833333e-05
TIAUSD,1785600000000,8.1218e-06
TIAUSD,1785603600000,-1.138283333333e-06
TIAUSD,1785607200000,-3.4243766129032e-05
TIAUSD,1785610800000,-4.2845084677419e-05
TIAUSD,1785614400000,1.253875e-07
TIAUSD,1785618000000,-3.656566666667e-06
TIAUSD,1785621600000,1.1320325e-05
TIAUSD,1785625200000,8.82155e-06
TIAUSD,1785628800000,-1.956033333333e-06
TIAUSD,1785632400000,3.6023520833333e-05
TIAUSD,1785636000000,-1.63603875e-05
TIAUSD,1785639600000,5.0517695833333e-05
TIAUSD,1785643200000,1.9717070833333e-05
TIAUSD,1785646800000,4.290408333333e-06
TIAUSD,1785650400000,8.715020833333e-06
TIAUSD,1785654000000,6.9672025e-05
TIAUSD,1785657600000,2.6503833333333e-05
TIAUSD,1785661200000,4.4190895833333e-05
TIAUSD,1785664800000,3.04915375e-05
TIAUSD,1785668400000,5.9502770833333e-05
TIAUSD,1785672000000,2.808691666667e-06
TIAUSD,1785675600000,5.1054379166667e-05
TIAUSD,1785679200000,3.4122708333333e-05
TIAUSD,1785682800000,-1.9332841666667e-05
TIAUSD,1785686400000,2.3149525e-05
TIAUSD,1785690000000,-7.0135625e-06
TIAUSD,1785693600000,1.3971675e-05
TIAUSD,1785697200000,2.1335466666667e-05
TIAUSD,1785700800000,1.3986875e-05
TIAUSD,1785704400000,2.1714333333333e-05
TIAUSD,1785708000000,2.56849625e-05
TIAUSD,1785711600000,1.6532520833333e-05
TIAUSD,1785715200000,2.177075e-05
TIAUSD,1785718800000,6.721341666667e-06
TIAUSD,1785722400000,-3.961304166667e-06
TIAUSD,1785726000000,-4.617516666667e-06
TIAUSD,1785729600000,3.3447504166667e-05
TIAUSD,1785733200000,4.0157679166667e-05
TIAUSD,1785736800000,3.3165658333333e-05
TIAUSD,1785740400000,4.8369625e-05
TIAUSD,1785744000000,-1.2954166667e-08
TIAUSD,1785747600000,2.6655e-06
TIAUSD,1785751200000,1.9806170833333e-05
TIAUSD,1785754800000,2.1224991666667e-05
TIAUSD,1785758400000,2.11737625e-05
TIAUSD,1785762000000,4.024385e-05
TIAUSD,1785765600000,3.1834433333333e-05
TIAUSD,1785769200000,4.07273125e-05
TIAUSD,1785772800000,2.26246125e-05
TIAUSD,1785776400000,8.685854166667e-06
TIAUSD,1785780000000,7.610755e-05
TIAUSD,1785783600000,3.09696375e-05
TIAUSD,1785787200000,2.709558333333e-06
TIAUSD,1785790800000,2.4740154166667e-05
TIAUSD,1785794400000,5.1492204166667e-05
TIAUSD,1785798000000,3.0441175e-05
TIAUSD,1785801600000,2.7221420833333e-05
TIAUSD,1785805200000,3.5892725e-05
TIAUSD,1785808800000,4.09677625e-05
TIAUSD,1785812400000,2.3037941666667e-05
TIAUSD,1785816000000,2.21517625e-05
TIAUSD,1785819600000,9.6967375e-06
TIAUSD,1785823200000,3.1628991666667e-05
TIAUSD,1785826800000,1.5862954166667e-05
TIAUSD,1785830400000,4.7073291666667e-05
TIAUSD,1785834000000,2.47782625e-05
TIAUSD,1785837600000,2.5704883333333e-05
TIAUSD,1785841200000,1.80132375e-05
TIAUSD,1785844800000,1.5353341666667e-05
TIAUSD,1785848400000,9.773766666667e-06
TIAUSD,1785852000000,3.2125629166667e-05
TIAUSD,1785855600000,1.51372875e-05
TIAUSD,1785859200000,-1.351704166667e-06
TIAUSD,1785862800000,1.8904270833333e-05
TIAUSD,1785866400000,2.0248775e-05
TIAUSD,1785870000000,3.8255041666667e-05
TIAUSD,1785873600000,3.07452625e-05
TIAUSD,1785877200000,6.165341666667e-06
TIAUSD,1785880800000,1.7858095833333e-05
TIAUSD,1785884400000,2.5315941666667e-05
TIAUSD,1785888000000,4.3070375e-06
TIAUSD,1785891600000,2.04872e-05
TIAUSD,1785895200000,1.81082375e-05
TIAUSD,1785898800000,4.2797854166667e-05
TIAUSD,1785902400000,1.9509775e-05
TIAUSD,1785906000000,4.5079129166667e-05
TIAUSD,1785909600000,4.67277e-05
TIAUSD,1785913200000,5.744670833333e-06
TIAUSD,1785916800000,3.3828620833333e-05
TIAUSD,1785920400000,2.97193625e-05
TIAUSD,1785924000000,3.4526470833333e-05
TIAUSD,1785927600000,2.2795108333333e-05
TIAUSD,1785931200000,3.5855158333333e-05
TIAUSD,1785934800000,3.0461604166667e-05
TIAUSD,1785938400000,2.2574320833333e-05
TIAUSD,1785942000000,1.3700920833333e-05
TIAUSD,1785945600000,2.4518958333333e-05
TIAUSD,1785949200000,3.3125954166667e-05
TIAUSD,1785952800000,1.7542354166667e-05
TIAUSD,1785956400000,1.3395616666667e-05
TIAUSD,1785960000000,9.438645833333e-06
TIAUSD,1785963600000,2.9667420833333e-05
TIAUSD,1785967200000,-1.0213216666667e-05
TIAUSD,1785970800000,1.6836345833333e-05
TIAUSD,1785974400000,1.741745e-05
TIAUSD,1785978000000,1.0822129166667e-05
TIAUSD,1785981600000,-1.0753404166667e-05
TIAUSD,1785985200000,3.0508591666667e-05
TIAUSD,1785988800000,1.8064283333333e-05
TIAUSD,1785992400000,2.9515279166667e-05
TIAUSD,1785996000000,9.520683333333e-06
TIAUSD,1785999600000,2.1803975806452e-05
TIAUSD,1786003200000,5.82175e-06
TIAUSD,1786006800000,-3.4198516666667e-05
TIAUSD,1786010400000,9.802054166667e-06
TIAUSD,1786014000000,8.045441666667e-06
TIAUSD,1786017600000,3.9427279166667e-05
TIAUSD,1786021200000,5.732320833333e-06
TIAUSD,1786024800000,1.4850591666667e-05
TIAUSD,1786028400000,1.467465e-05
TIAUSD,1786032000000,8.78695833333e-07
TIAUSD,1786035600000,4.3496504166667e-05
TIAUSD,1786039200000,5.931491666667e-06
TIAUSD,1786042800000,5.063729166667e-06
TIAUSD,1786046400000,2.1515583333333e-05
TIAUSD,1786050000000,1.7169983333333e-05
TIAUSD,1786053600000,4.8477904166667e-05
TIAUSD,1786057200000,4.8712158333333e-05
TIAUSD,1786060800000,4.3385829166667e-05
TIAUSD,1786064400000,2.8156279166667e-05
TIAUSD,1786068000000,3.7701804166667e-05
TIAUSD,1786071600000,1.3555075e-05
TIAUSD,1786075200000,-1.3870675e-05
TIAUSD,1786078800000,5.5807216666667e-05
TIAUSD,1786082400000,4.0106583333333e-05
TIAUSD,1786086000000,3.7049691666667e-05
TIAUSD,1786089600000,-6.266029166667e-06
TIAUSD,1786093200000,2.13875e-06
TIAUSD,1786096800000,2.30995125e-05
TIAUSD,1786100400000,2.07619875e-05
TIAUSD,1786104000000,2.8842995833333e-05
TIAUSD,1786107600000,1.4928195833333e-05
TIAUSD,1786111200000,6.322e-07
TIAUSD,1786114800000,-1.8965954166667e-05
TIAUSD,1786118400000,3.3800066666667e-05
TIAUSD,1786122000000,9.420025e-06
TIAUSD,1786125600000,-1.6158208333333e-05
TIAUSD,1786129200000,-1.7508141666667e-05
TIAUSD,1786132800000,9.817329166667e-06
TIAUSD,1786136400000,2.3156295833333e-05
TIAUSD,1786140000000,6.329883333333e-06
TIAUSD,1786143600000,-1.8155804166667e-05
TIAUSD,1786147200000,-6.386291666667e-06
TIAUSD,1786150800000,-2.09991625e-05
TIAUSD,1786154400000,-1.5439595833333e-05
TIAUSD,1786158000000,-9.571241666667e-06
TIAUSD,1786161600000,3.85765875e-05
TIAUSD,1786165200000,1.4068683333333e-05
TIAUSD,1786168800000,-1.28934375e-05
TIAUSD,1786172400000,1.6109558333333e-05
TIAUSD,1786176000000,-1.1246133333333e-05
TIAUSD,1786179600000,1.31432875e-05
TIAUSD,1786183200000,6.1919125e-06
TIAUSD,1786186800000,-8.22905e-06
TIAUSD,1786190400000,-1.4829237903226e-05
TIAUSD,1786194000000,1.2527100806452e-05
TIAUSD,1786197600000,1.50712625e-05
TIAUSD,1786201200000,9.638983333333e-06
TIAUSD,1786204800000,-1.46876375e-05
TIAUSD,1786208400000,2.7422495833333e-05
TIAUSD,1786212000000,-4.296279166667e-06
TIAUSD,1786215600000,4.3394554166667e-05
TIAUSD,1786219200000,1.1555608333333e-05
TIAUSD,1786222800000,3.0171708333333e-05
TIAUSD,1786226400000,5.3414354166667e-05
TIAUSD,1786230000000,3.5157895833333e-05
TIAUSD,1786233600000,1.4281508333333e-05
TIAUSD,1786237200000,1.0934833333333e-05
TIAUSD,1786240800000,1.780645833333e-06
TIAUSD,1786244400000,9.801220833333e-06
TIAUSD,1786248000000,8.800091666667e-06
TIAUSD,1786251600000,1.4373720833333e-05
TIAUSD,1786255200000,-7.2724875e-06
TIAUSD,1786258800000,1.0022091666667e-05
TIAUSD,1786262400000,2.1448154166667e-05
TIAUSD,1786266000000,-2.24786625e-05
TIAUSD,1786269600000,5.865475e-05
TIAUSD,1786273200000,5.68665625e-05
TIAUSD,1786276800000,5.4999816666667e-05
TIAUSD,1786280400000,9.7935625e-05
TIAUSD,1786284000000,9.3011295833333e-05
TIAUSD,1786287600000,8.4023033333333e-05
TIAUSD,1786291200000,5.3435525e-05
TIAUSD,1786294800000,6.1212995833333e-05
TIAUSD,1786298400000,6.505535e-05
TIAUSD,1786302000000,7.0170775e-05
TIAUSD,1786305600000,8.8881279166667e-05
TIAUSD,1786309200000,9.9807883333333e-05
TIAUSD,1786312800000,0.000157261229166667
TIAUSD,1786316400000,2.0261079166667e-05
TIAUSD,1786320000000,-5.5865591666667e-05
TIAUSD,1786323600000,-5.538555e-05
TIAUSD,1786327200000,-4.3922175e-05
TIAUSD,1786330800000,-6.7679991935484e-05
TIAUSD,1786334400000,-2.9695435483871e-05
TIAUSD,1786338000000,0.000115477870833333
TIAUSD,1786341600000,9.6777466666667e-05
TIAUSD,1786345200000,0.000163993791666667
TIAUSD,1786348800000,0.000123330291666667
TIAUSD,1786352400000,8.4455079166667e-05
TIAUSD,1786356000000,6.07200375e-05
TIAUSD,1786359600000,6.6319820833333e-05
TIAUSD,1786363200000,0.0001180444125
TIAUSD,1786366800000,7.3951541666667e-05
TIAUSD,1786370400000,8.0951366666667e-05
TIAUSD,1786374000000,5.19582375e-05
TIAUSD,1786377600000,6.397225e-05
TIAUSD,1786381200000,0.000111095083333333
TIAUSD,1786384800000,0.000147656016666667
TIAUSD,1786388400000,0.0001657248125
TIAUSD,1786392000000,0.0001033781375
TIAUSD,1786395600000,9.8035570833333e-05
TIAUSD,1786399200000,0.000148512283333333
TIAUSD,1786402800000,8.8859854166667e-05
TIAUSD,1786406400000,0.0001292256625
TIAUSD,1786410000000,0.000174100791666667
TIAUSD,1786413600000,0.0001697110875
TIAUSD,1786417200000,0.000164776608333333
TIAUSD,1786420800000,0.0001376235125
TIAUSD,1786424400000,-7.469166666667e-06
TIAUSD,1786428000000,-2.9030883333333e-05
TIAUSD,1786431600000,5.5360625e-05
TIAUSD,1786435200000,4.2733633333333e-05
TIAUSD,1786438800000,5.9908583333333e-05
TIAUSD,1786442400000,0.0001415994875
TIAUSD,1786446000000,4.6119695833333e-05
TIAUSD,1786449600000,4.3869025e-05
TIAUSD,1786453200000,0.000137062370833333
TIAUSD,1786456800000,6.9772320833333e-05
TIAUSD,1786460400000,4.7315970833333e-05
TIAUSD,1786464000000,-0.000123652079166667
TIAUSD,1786467600000,-0.000109033320833333
TIAUSD,1786471200000,7.365120833333e-06
TIAUSD,1786474800000,8.09664e-06
TIAUSD,1786478400000,9.094593e-05
TIAUSD,1786482000000,6.6420679166667e-05
TIAUSD,1786485600000,5.62877e-05
TIAUSD,1786489200000,5.002125e-05
TIAUSD,1786492800000,9.629260483871e-05
TIAUSD,1786496400000,0.000118893806451613
TIAUSD,1786500000000,7.1697566666667e-05
TIAUSD,1786503600000,6.512575e-05
TIAUSD,1786507200000,5.77797125e-05
TIAUSD,1786510800000,2.6459125e-05
TIAUSD,1786514400000,-5.9185670833333e-05
TIAUSD,1786518000000,-2.50819875e-05
TIAUSD,1786521600000,-4.4062020833333e-05
TIAUSD,1786525200000,-4.9154983333333e-05
TIAUSD,1786528800000,-0.0001146086875
TIAUSD,1786532400000,0.000107464579166667
TIAUSD,1786536000000,6.3055229166667e-05
TIAUSD,1786539600000,7.6271166666667e-05
TIAUSD,1786543200000,4.7438608333333e-05
TIAUSD,1786546800000,-2.05472625e-05
TIAUSD,1786550400000,-5.6615958333333e-05
TIAUSD,1786554000000,-4.9182645833333e-05
TIAUSD,1786557600000,1.4228645833333e-05
TIAUSD,1786561200000,0.0001182905375
TIAUSD,1786564800000,9.38709125e-05
TIAUSD,1786568400000,8.7271954166667e-05
TIAUSD,1786572000000,-5.9866225e-05
TIAUSD,1786575600000,-0.000116644029166667
TIAUSD,1786579200000,-4.5435308333333e-05
TIAUSD,1786582800000,-5.20976e-05
TIAUSD,1786586400000,-3.9505495833333e-05
TIAUSD,1786590000000,-3.8452333333333e-05
TIAUSD,1786593600000,-0.000127949995833333
TIAUSD,1786597200000,-0.000102960441666667
TIAUSD,1786600800000,-0.0001024232625
TIAUSD,1786604400000,-6.6366566666667e-05
TIAUSD,1786608000000,0.000256050723214286
TIAUSD,1786611600000,0.000148896266666667
TIAUSD,1786615200000,0.000134176525
TIAUSD,1786618800000,0.000123264675
TIAUSD,1786622400000,0.000103636970833333
TIAUSD,1786626000000,0.000122874583333333
TIAUSD,1786629600000,0.000162205154166667
TIAUSD,1786633200000,0.0001409207125
TIAUSD,1786636800000,0.0001133881
TIAUSD,1786640400000,6.1610295833333e-05
TIAUSD,1786644000000,-9.8890708333333e-05
TIAUSD,1786647600000,-8.9312729166667e-05
TIAUSD,1786651200000,-0.000105041029166667
TIAUSD,1786654800000,-9.9805641666667e-05
TIAUSD,1786658400000,-0.000107560670833333
TIAUSD,1786662000000,-0.000129573429166667
TIAUSD,1786665600000,-0.000109976504166667
TIAUSD,1786669200000,9.5365375e-06
TIAUSD,1786672800000,0.000142082508333333
TIAUSD,1786676400000,9.8128720833333e-05
TIAUSD,1786680000000,7.2106954166667e-05
TIAUSD,1786683600000,9.5237295833333e-05
TIAUSD,1786687200000,-2.0624495833333e-05
TIAUSD,1786690800000,-1.81195625e-05
TIAUSD,1786694400000,-2.8649854166667e-05
TIAUSD,1786698000000,-1.97155875e-05
TIAUSD,1786701600000,-8.347855e-05
TIAUSD,1786705200000,-8.2133679166667e-05
TIAUSD,1786708800000,-7.7392145833333e-05
TIAUSD,1786712400000,-7.94181e-05
TIAUSD,1786716000000,0.0001467907625
TIAUSD,1786719600000,9.4816691666667e-05
TIAUSD,1786723200000,0.000107168029166667
TIAUSD,1786726800000,9.4358616666667e-05
TIAUSD,1786730400000,-0.000107641084677419
TIAUSD,1786734000000,-8.6152120967742e-05
TIAUSD,1786737600000,-0.000102153370833333
TIAUSD,1786741200000,5.5678804166667e-05
TIAUSD,1786744800000,0.000182671233333333
TIAUSD,1786748400000,0.000136307570833333
TIAUSD,1786752000000,0.000124846766666667
TIAUSD,1786755600000,0.000115658875
TIAUSD,1786759200000,0.000120890954166667
TIAUSD,1786762800000,0.000192704270833333
TIAUSD,1786766400000,0.000199226020833333
TIAUSD,1786770000000,2.6698358333333e-05
TIAUSD,1786773600000,-0.00011765355
TIAUSD,1786777200000,-9.366735e-05
TIAUSD,1786780800000,-9.2555429166667e-05
TIAUSD,1786784400000,-0.000125457308333333
TIAUSD,1786788000000,-0.000118318720833333
TIAUSD,1786791600000,-0.000118226720833333
TIAUSD,1786795200000,-9.9603366666667e-05
TIAUSD,1786798800000,-2.72989625e-05
TIAUSD,1786802400000,-2.87217e-05
TIAUSD,1786806000000,-2.725115e-05
TIAUSD,1786809600000,-3.2987129166667e-05
TIAUSD,1786813200000,-8.8734716666667e-05
TIAUSD,1786816800000,-4.519866666667e-06
TIAUSD,1786820400000,-2.5951966666667e-05
TIAUSD,1786824000000,0.000161928741666667
TIAUSD,1786827600000,0.0002002132875
TIAUSD,1786831200000,0.000180515641666667
TIAUSD,1786834800000,0.000173611258333333
TIAUSD,1786838400000,-7.7416904166667e-05
TIAUSD,1786842000000,9.23862125e-05
TIAUSD,1786845600000,-9.8116479166667e-05
TIAUSD,1786849200000,-8.31651e-05
TIAUSD,1786852800000,-2.55593375e-05
TIAUSD,1786856400000,-1.9067758333333e-05
TIAUSD,1786860000000,-3.0951841666667e-05
TIAUSD,1786863600000,-4.1813358333333e-05
TIAUSD,1786867200000,-7.14881625e-05
TIAUSD,1786870800000,-7.6091945833333e-05
TIAUSD,1786874400000,-9.1504420833333e-05
TIAUSD,1786878000000,-9.17064625e-05
TIAUSD,1786881600000,5.1354145833333e-05
TIAUSD,1786885200000,0.000135807866666667
TIAUSD,1786888800000,4.4561266129032e-05
TIAUSD,1786892400000,0.00012400997983871
TIAUSD,1786896000000,4.7826158333333e-05
TIAUSD,1786899600000,-4.0209625e-05
TIAUSD,1786903200000,-3.19580125e-05
TIAUSD,1786906800000,-3.5026841666667e-05
TIAUSD,1786910400000,-5.2289408333333e-05
TIAUSD,1786914000000,-9.8190191666667e-05
TIAUSD,1786917600000,-0.000117870275
TIAUSD,1786921200000,9.3876441666667e-05
TIAUSD,1786924800000,8.0056970833333e-05
TIAUSD,1786928400000,4.70620625e-05
TIAUSD,1786932000000,-2.621745833333e-06
TIAUSD,1786935600000,2.56961875e-05
TIAUSD,1786939200000,6.490533333333e-06
TIAUSD,1786942800000,1.9976058333333e-05
TIAUSD,1786946400000,1.8746308333333e-05
TIAUSD,1786950000000,2.1334479166667e-05
TIAUSD,1786953600000,-0.000136475933333333
TIAUSD,1786957200000,-0.000182866979166667
TIAUSD,1786960800000,-0.000140059004166667
TIAUSD,1786964400000,-0.000108803766129032
TIAUSD,1786968000000,-0.000119586173387097
TIAUSD,1786971600000,-8.13306375e-05
TIAUSD,1786975200000,-8.39872375e-05
TIAUSD,1786978800000,-8.5452270833333e-05
TIAUSD,1786982400000,-6.6919170833333e-05
TIAUSD,1786986000000,-6.5283704166667e-05
TIAUSD,1786989600000,-6.0633933333333e-05
TIAUSD,1786993200000,-7.3244333333333e-05
TIAUSD,1786996800000,-9.6876354166667e-05
TIAUSD,1787000400000,-6.3099554166667e-05
TIAUSD,1787004000000,-7.3878470833333e-05
TIAUSD,1787007600000,-9.9397275e-05
TIAUSD,1787011200000,-8.17049125e-05
TIAUSD,1787014800000,-6.8484704166667e-05
TIAUSD,1787018400000,-8.2258304166667e-05
TIAUSD,1787022000000,-6.4671433333333e-05
TIAUSD,1787025600000,-4.6494225e-05
TIAUSD,1787029200000,-4.4237933333333e-05
TIAUSD,1787032800000,-4.4770125e-05
TIAUSD,1787036400000,-5.0026616666667e-05
TIAUSD,1787040000000,-5.82790125e-05
TIAUSD,1787043600000,-5.4045429166667e-05
TIAUSD,1787047200000,-4.1002491666667e-05
TIAUSD,1787050800000,-4.3374820833333e-05
TIAUSD,1787054400000,-5.50368e-05
TIAUSD,1787058000000,-6.3850329166667e-05
TIAUSD,1787061600000,-6.3205604166667e-05
TIAUSD,1787065200000,-5.7681179166667e-05
TIAUSD,1787068800000,-6.6373983333333e-05
TIAUSD,1787072400000,-7.48352e-05
TIAUSD,1787076000000,-7.96966125e-05
TIAUSD,1787079600000,-6.4553275e-05
TIAUSD,1787083200000,-6.9267066666667e-05
TIAUSD,1787086800000,-7.67668e-05
TIAUSD,1787090400000,-7.5975408333333e-05
TIAUSD,1787094000000,-3.3575654166667e-05
TIAUSD,1787097600000,-4.50986375e-05
TIAUSD,1787101200000,-5.4457516666667e-05
TIAUSD,1787104800000,-4.9220158333333e-05
TIAUSD,1787108400000,-5.05513e-05
TIAUSD,1787112000000,-2.7887508333333e-05
TIAUSD,1787115600000,-3.2363833333333e-05
TIAUSD,1787119200000,-2.9079529166667e-05
TIAUSD,1787122800000,-3.03329e-05
TIAUSD,1787126400000,-2.3861341666667e-05
TIAUSD,1787130000000,-1.9181833333333e-05
TIAUSD,1787133600000,1.0457320833333e-05
TIAUSD,1787137200000,3.6364958333333e-05
TIAUSD,1787140800000,2.6334341666667e-05
TIAUSD,1787144400000,2.1707070833333e-05
TIAUSD,1787148000000,-8.997133333333e-06
TIAUSD,1787151600000,-1.3363029166667e-05
TIAUSD,1787155200000,-5.462766666667e-06
TIAUSD,1787158800000,-3.4049133333333e-05
TIAUSD,1787162400000,-1.6821366666667e-05
TIAUSD,1787166000000,-2.41424125e-05
TIAUSD,1787169600000,2.2428e-06
TIAUSD,1787173200000,7.757941666667e-06
TIAUSD,1787176800000,7.59189e-05
TIAUSD,1787180400000,7.39835625e-05
TIAUSD,1787184000000,8.6025275e-05
TIAUSD,1787187600000,7.36985875e-05
TIAUSD,1787191200000,4.9465941666667e-05
TIAUSD,1787194800000,3.45443375e-05
TIAUSD,1787198400000,7.9127279166667e-05
TIAUSD,1787202000000,6.6815933333333e-05
TIAUSD,1787205600000,7.79396125e-05
TIAUSD,1787209200000,0.000103499433333333
TIAUSD,1787212800000,7.2356268518519e-05
TIAUSD,1787216400000,5.2445995833333e-05
TIAUSD,1787220000000,7.4940416666667e-05
TIAUSD,1787223600000,4.48870125e-05
TIAUSD,1787227200000,5.615195e-05
TIAUSD,1787230800000,5.4597720833333e-05
TIAUSD,1787234400000,5.7184066666667e-05
TIAUSD,1787238000000,3.9663833333333e-05
TIAUSD,1787241600000,3.656115e-05
TIAUSD,1787245200000,1.4258904166667e-05
TIAUSD,1787248800000,2.2895183333333e-05
TIAUSD,1787252400000,4.3927579166667e-05
TIAUSD,1787256000000,3.0873841666667e-05
TIAUSD,1787259600000,2.6172279166667e-05
TIAUSD,1787263200000,6.5171383333333e-05
TIAUSD,1787266800000,6.3153866666667e-05
TIAUSD,1787270400000,6.1515120833333e-05
TIAUSD,1787274000000,6.4824995833333e-05
TIAUSD,1787277600000,5.4432908333333e-05
TIAUSD,1787281200000,6.4879020833333e-05
TIAUSD,1787284800000,6.2354120833333e-05
TIAUSD,1787288400000,8.4137883333333e-05
TIAUSD,1787292000000,9.1223375e-05
TIAUSD,1787295600000,0.0001404765625
TIAUSD,1787299200000,9.0055745833333e-05
TIAUSD,1787302800000,8.4067704166667e-05
TIAUSD,1787306400000,8.55774125e-05
TIAUSD,1787310000000,5.47629625e-05
TIAUSD,1787313600000,8.8276016666667e-05
TIAUSD,1787317200000,0.000111753866666667
TIAUSD,1787320800000,0.000113140779166667
TIAUSD,1787324400000,9.8093229166667e-05
TIAUSD,1787328000000,8.7911954166667e-05
TIAUSD,1787331600000,6.0739554166667e-05
TIAUSD,1787335200000,6.7278395833333e-05
TIAUSD,1787338800000,5.9067970833333e-05
TIAUSD,1787342400000,3.49340125e-05
TIAUSD,1787346000000,0.000100042920833333
TIAUSD,1787349600000,0.000133012108333333
TIAUSD,1787353200000,0.000110910666666667
TIAUSD,1787356800000,0.000138346420833333
TIAUSD,1787360400000,0.000135282425
TIAUSD,1787364000000,0.000131937720833333
TIAUSD,1787367600000,0.000151891320833333
TIAUSD,1787371200000,0.000166961704166667
TIAUSD,1787374800000,0.000132888775
TIAUSD,1787378400000,5.2959058333333e-05
TIAUSD,1787382000000,8.4702820833333e-05
TIAUSD,1787385600000,0.000100032016666667
TIAUSD,1787389200000,4.5086879166667e-05
TIAUSD,1787392800000,3.2807108333333e-05
TIAUSD,1787396400000,5.7727625e-06
TIAUSD,1787400000000,2.2635441666667e-05
TIAUSD,1787403600000,9.373195833333e-06
TIAUSD,1787407200000,2.3336008333333e-05
TIAUSD,1787410800000,3.1907116666667e-05
TIAUSD,1787414400000,1.0817729166667e-05
TIAUSD,1787418000000,4.7172720833333e-05
TIAUSD,1787421600000,3.37480625e-05
TIAUSD,1787425200000,1.8010420833333e-05
TIAUSD,1787428800000,3.9243070833333e-05
TIAUSD,1787432400000,-3.0708375e-06
TIAUSD,1787436000000,4.2945995833333e-05
TIAUSD,1787439600000,6.0984295833333e-05
TIAUSD,1787443200000,5.8616320833333e-05
TIAUSD,1787446800000,6.4970145833333e-05
TIAUSD,1787450400000,4.7611291666667e-05
TIAUSD,1787454000000,3.0938245833333e-05
TIAUSD,1787457600000,-4.60308333333e-07
TIAUSD,1787461200000,-3.7053354166667e-05
TIAUSD,1787464800000,-2.3214966666667e-05
TIAUSD,1787468400000,-1.61552625e-05
TIAUSD,1787472000000,6.61475e-06
TIAUSD,1787475600000,-1.0195833333e-08
TIAUSD,1787479200000,-6.0815e-06
TIAUSD,1787482800000,2.0319908333333e-05
TIAUSD,1787486400000,-2.9400241666667e-05
TIAUSD,1787490000000,-2.9135883333333e-05
TIAUSD,1787493600000,-2.1396254166667e-05
TIAUSD,1787497200000,-2.0433079166667e-05
TIAUSD,1787500800000,-2.699095833333e-06
TIAUSD,1787504400000,7.657008333333e-06
TIAUSD,1787508000000,1.8579004166667e-05
TIAUSD,1787511600000,2.63722125e-05
TIAUSD,1787515200000,1.03827375e-05
TIAUSD,1787518800000,5.6254133333333e-05
TIAUSD,1787522400000,3.9573229166667e-05
TIAUSD,1787526000000,2.83497625e-05
TIAUSD,1787529600000,3.6295266666667e-05
TIAUSD,1787533200000,2.3112066666667e-05
TIAUSD,1787536800000,3.1625829166667e-05
TIAUSD,1787540400000,2.7220979166667e-05
TIAUSD,1787544000000,1.9302858333333e-05
TIAUSD,1787547600000,1.17102e-05
TIAUSD,1787551200000,1.17881e-05
TIAUSD,1787554800000,7.3857875e-06
TIAUSD,1787558400000,2.8394320833333e-05
TIAUSD,1787562000000,1.1596570833333e-05
TIAUSD,1787565600000,1.3306458333333e-05
TIAUSD,1787569200000,2.2552966666667e-05
TIAUSD,1787572800000,1.8782129166667e-05
TIAUSD,1787576400000,1.5437129166667e-05
TIAUSD,1787580000000,1.8737304166667e-05
TIAUSD,1787583600000,2.5754458333333e-05
TIAUSD,1787587200000,1.3359729166667e-05
TIAUSD,1787590800000,3.7096445833333e-05
TIAUSD,1787594400000,-7.54963709677e-07
TIAUSD,1787598000000,2.4280548387097e-05
TIAUSD,1787601600000,-3.2069016666667e-05
TIAUSD,1787605200000,-2.0805845833333e-05
TIAUSD,1787608800000,-3.31462625e-05
TIAUSD,1787612400000,-5.7847995833333e-05
TIAUSD,1787616000000,-6.3112208333333e-05
TIAUSD,1787619600000,-4.4128408333333e-05
TIAUSD,1787623200000,-3.746075e-05
TIAUSD,1787626800000,-3.3342629166667e-05
TIAUSD,1787630400000,-1.3918979166667e-05
TIAUSD,1787634000000,-4.825129166667e-06
TIAUSD,1787637600000,-1.5367904166667e-05
TIAUSD,1787641200000,-2.96762125e-05
TIAUSD,1787644800000,-3.6474320833333e-05
TIAUSD,1787648400000,-5.6426829166667e-05
TIAUSD,1787652000000,-4.7049104166667e-05
TIAUSD,1787655600000,-5.19321e-05
TIAUSD,1787659200000,-9.0470025e-05
TIAUSD,1787662800000,-7.2023766666667e-05
TIAUSD,1787666400000,-3.59225375e-05
TIAUSD,1787670000000,-6.0074954166667e-05
TIAUSD,1787673600000,-3.3783342741935e-05
TIAUSD,1787677200000,-1.664802016129e-05
TIAUSD,1787680800000,-1.47468875e-05
TIAUSD,1787684400000,2.6513025e-05
TIAUSD,1787688000000,-7.079958333333e-06
TIAUSD,1787691600000,-1.5651395833333e-05
TIAUSD,1787695200000,-3.12663125e-05
TIAUSD,1787698800000,-2.2383670833333e-05
TIAUSD,1787702400000,-4.5930341666667e-05
TIAUSD,1787706000000,-3.2225904166667e-05
TIAUSD,1787709600000,-3.3384283333333e-05
TIAUSD,1787713200000,-3.7063845833333e-05
TIAUSD,1787716800000,-1.9286125e-05
TIAUSD,1787720400000,-4.470770833333e-06
TIAUSD,1787724000000,-3.6313854166667e-05
TIAUSD,1787727600000,-5.1079079166667e-05
TIAUSD,1787731200000,-6.6339079166667e-05
TIAUSD,1787734800000,-4.0803616666667e-05
TIAUSD,1787738400000,-6.0794029166667e-05
TIAUSD,1787742000000,-1.8166466666667e-05
TIAUSD,1787745600000,-1.1465591666667e-05
TIAUSD,1787749200000,-1.9100758333333e-05
TIAUSD,1787752800000,-3.6790170833333e-05
TIAUSD,1787756400000,-3.1889316666667e-05
TIAUSD,1787760000000,-4.6333116666667e-05
TIAUSD,1787763600000,-2.99981e-05
TIAUSD,1787767200000,-1.7581904166667e-05
TIAUSD,1787770800000,-2.1443420833333e-05
TIAUSD,1787774400000,-1.7813608333333e-05
TIAUSD,1787778000000,-1.1927e-05
TIAUSD,1787781600000,-1.7826654166667e-05
TIAUSD,1787785200000,-1.0822125e-05
TIAUSD,1787788800000,-1.3579483333333e-05
TIAUSD,1787792400000,1.10233333333e-07
TIAUSD,1787796000000,1.523795833333e-06
TIAUSD,1787799600000,2.7162875e-06
TIAUSD,1787803200000,1.1560991666667e-05
TIAUSD,1787806800000,2.60055e-06
TIAUSD,1787810400000,1.547029166667e-06
TIAUSD,1787814000000,1.22287e-05
TIAUSD,1787817600000,3.701398809524e-06
TIAUSD,1787821200000,9.663270833333e-06
TIAUSD,1787824800000,-1.1770120833333e-05
TIAUSD,1787828400000,-1.9583429166667e-05
TIAUSD,1787832000000,-1.9446820833333e-05
TIAUSD,1787835600000,-2.7446933333333e-05
TIAUSD,1787839200000,6.220608333333e-06
TIAUSD,1787842800000,-4.3075925e-05
TIAUSD,1787846400000,-5.20344125e-05
TIAUSD,1787850000000,-2.0551920833333e-05
TIAUSD,1787853600000,-2.4972391666667e-05
TIAUSD,1787857200000,-4.1880445833333e-05
TIAUSD,1787860800000,-4.1233516666667e-05
TIAUSD,1787864400000,-4.2658470833333e-05
TIAUSD,1787868000000,-3.30385875e-05
TIAUSD,1787871600000,-1.2906341666667e-05
TIAUSD,1787875200000,-2.3396616666667e-05
TIAUSD,1787878800000,-1.3691779166667e-05
TIAUSD,1787882400000,-4.3141983333333e-05
TIAUSD,1787886000000,-5.1492829166667e-05
TIAUSD,1787889600000,-5.5141266666667e-05
TIAUSD,1787893200000,-3.4067966666667e-05
TIAUSD,1787896800000,-4.1863679166667e-05
TIAUSD,1787900400000,-1.6430741666667e-05
TIAUSD,1787904000000,3.9431279166667e-05
TIAUSD,1787907600000,-5.656075e-06
TIAUSD,1787911200000,-2.22272e-05
TIAUSD,1787914800000,-3.0428633333333e-05
TIAUSD,1787918400000,-3.2488354166667e-05
TIAUSD,1787922000000,1.892266666667e-06
TIAUSD,1787925600000,-7.93385e-06
TIAUSD,1787929200000,-1.3982904166667e-05
TIAUSD,1787932800000,-2.01510375e-05
TIAUSD,1787936400000,-3.0192445833333e-05
TIAUSD,1787940000000,-8.625275e-06
TIAUSD,1787943600000,2.525e-07
TIAUSD,1787947200000,-2.199708333333e-06
TIAUSD,1787950800000,3.2987e-06
TIAUSD,1787954400000,9.799175e-06
TIAUSD,1787958000000,1.712425e-06
TIAUSD,1787961600000,3.3550341666667e-05
TIAUSD,1787965200000,2.7630745833333e-05
TIAUSD,1787968800000,-1.952770833333e-06
TIAUSD,1787972400000,2.0654633333333e-05
TIAUSD,1787976000000,2.7736295833333e-05
TIAUSD,1787979600000,2.855360483871e-05
TIAUSD,1787983200000,-5.525491935484e-06
TIAUSD,1787986800000,-3.6046770833333e-05
TIAUSD,1787990400000,-1.4784575e-05
TIAUSD,1787994000000,3.5683875e-06
TIAUSD,1787997600000,2.99299e-05
TIAUSD,1788001200000,-3.583295833333e-06
TIAUSD,1788004800000,-1.854354166667e-06
TIAUSD,1788008400000,-5.672333333333e-06
TIAUSD,1788012000000,-1.3819416666667e-05
TIAUSD,1788015600000,-1.1277654166667e-05
TIAUSD,1788019200000,-2.61251e-05
TIAUSD,1788022800000,-4.58583125e-05
TIAUSD,1788026400000,-3.5741104166667e-05
TIAUSD,1788030000000,-1.63379375e-05
TIAUSD,1788033600000,-1.3986679166667e-05
TIAUSD,1788037200000,-3.2033958333333e-05
TIAUSD,1788040800000,-4.0734070833333e-05
TIAUSD,1788044400000,-1.0210058333333e-05
TIAUSD,1788048000000,3.0761691666667e-05
TIAUSD,1788051600000,2.7633208333333e-05
TIAUSD,1788055200000,-6.344004166667e-06
TIAUSD,1788058800000,-1.5883070833333e-05
TIAUSD,1788062400000,-3.54486e-05
TIAUSD,1788066000000,-5.3196041666667e-05
TIAUSD,1788069600000,-1.4406870833333e-05
TIAUSD,1788073200000,-1.3857595833333e-05
TIAUSD,1788076800000,-9.435183333333e-06
TIAUSD,1788080400000,-6.090025e-06
TIAUSD,1788084000000,-1.61175e-06
TIAUSD,1788087600000,-1.08280875e-05
TIAUSD,1788091200000,-2.6378866666667e-05
TIAUSD,1788094800000,8.604866666667e-06
TIAUSD,1788098400000,-8.856529166667e-06
TIAUSD,1788102000000,1.3900566666667e-05
TIAUSD,1788105600000,3.307575e-05
TIAUSD,1788109200000,4.1092666666667e-05
TIAUSD,1788112800000,4.0120141666667e-05
TIAUSD,1788116400000,4.4325554166667e-05
TIAUSD,1788120000000,1.518958333333e-06
TIAUSD,1788123600000,-2.555758333333e-06
TIAUSD,1788127200000,2.2742041666667e-05
TIAUSD,1788130800000,1.6543675e-05
TIAUSD,1788134400000,-5.23775625e-05
TIAUSD,1788138000000,-3.41963875e-05
TIAUSD,1788141600000,-2.7096483333333e-05
TIAUSD,1788145200000,9.731708333333e-06
TIAUSD,1788148800000,3.19877625e-05
TIAUSD,1788152400000,1.0471870833333e-05
TIAUSD,1788156000000,1.4394716666667e-05
TIAUSD,1788159600000,-1.6188891666667e-05
TIAUSD,1788163200000,1.8787220833333e-05
TIAUSD,1788166800000,-1.2949770833333e-05
TIAUSD,1788170400000,1.39785625e-05
TIAUSD,1788174000000,6.1141666666667e-05
TIAUSD,1788177600000,5.7172540322581e-05
TIAUSD,1788181200000,5.9817322580645e-05
TIAUSD,1788184800000,3.1821108333333e-05
TIAUSD,1788188400000,1.6854225e-05
TIAUSD,1788192000000,1.7779854166667e-05
TIAUSD,1788195600000,2.6391483333333e-05
TIAUSD,1788199200000,4.7597416666667e-05
TIAUSD,1788202800000,-9.7175625e-06
TIAUSD,1788206400000,-1.2468691666667e-05
TIAUSD,1788210000000,1.02431e-05
TIAUSD,1788213600000,-1.632783333333e-06
TIAUSD,1788217200000,1.1317933333333e-05
TIAUSD,1788220800000,2.109220833333e-06
TIAUSD,1788224400000,1.8960375e-05
TIAUSD,1788228000000,-2.923066666667e-06
TIAUSD,1788231600000,6.904066666667e-06
TIAUSD,1788235200000,1.4112041666667e-05
TIAUSD,1788238800000,1.220816666667e-06
TIAUSD,1788242400000,1.3564825e-05
TIAUSD,1788246000000,1.67381625e-05
TIAUSD,1788249600000,1.7824545833333e-05
TIAUSD,1788253200000,2.600495833333e-06
TIAUSD,1788256800000,1.6864620833333e-05
TIAUSD,1788260400000,3.6033541666667e-05
TIAUSD,1788264000000,4.50373125e-05
TIAUSD,1788267600000,7.2473625e-06
TIAUSD,1788271200000,6.3101879166667e-05
TIAUSD,1788274800000,5.19385625e-05
TIAUSD,1788278400000,1.3295320833333e-05
TIAUSD,1788282000000,1.0084575e-05
TIAUSD,1788285600000,-1.7322454166667e-05
TIAUSD,1788289200000,-1.3600483333333e-05
TIAUSD,1788292800000,4.5234858333333e-05
TIAUSD,1788296400000,1.0773091666667e-05
TIAUSD,1788300000000,5.8534408333333e-05
TIAUSD,1788303600000,-1.0597816666667e-05
TIAUSD,1788307200000,1.4295025e-05
TIAUSD,1788310800000,-6.595391666667e-06
TIAUSD,1788314400000,-2.817065e-05
TIAUSD,1788318000000,1.6794679166667e-05
TIAUSD,1788321600000,0.000101311045833333
TIAUSD,1788325200000,0.00012735115
TIAUSD,1788328800000,0.000146249818548387
TIAUSD,1788332400000,0.000130083939516129
TIAUSD,1788336000000,0.0001483683
TIAUSD,1788339600000,0.000170449579166667
TIAUSD,1788343200000,0.0001134957125
TIAUSD,1788346800000,7.63810625e-05
TIAUSD,1788350400000,0.000105822316666667
TIAUSD,1788354000000,0.000102265116666667
TIAUSD,1788357600000,7.5595079166667e-05
TIAUSD,1788361200000,0.00012075525
TIAUSD,1788364800000,6.83136875e-05
TIAUSD,1788368400000,8.1979516666667e-05
TIAUSD,1788372000000,6.7047345833333e-05
TIAUSD,1788375600000,5.4304e-06
TIAUSD,1788379200000,2.5192275e-05
TIAUSD,1788382800000,3.6270795833333e-05
TIAUSD,1788386400000,4.1336770833333e-05
TIAUSD,1788390000000,4.8318070833333e-05
TIAUSD,1788393600000,8.1660895833333e-05
TIAUSD,1788397200000,7.3488116666667e-05
TIAUSD,1788400800000,5.6580258333333e-05
TIAUSD,1788404400000,9.6833266666667e-05
TIAUSD,1788408000000,3.58495625e-05
TIAUSD,1788411600000,6.1663395833333e-05
TIAUSD,1788415200000,8.2528316666667e-05
TIAUSD,1788418800000,7.8323108333333e-05
TIAUSD,1788422400000,0.000111453090517241
TIAUSD,1788426000000,0.000119803566666667
TIAUSD,1788429600000,0.000104495883333333
TIAUSD,1788433200000,6.57200625e-05
TIAUSD,1788436800000,9.0121541666667e-05
TIAUSD,1788440400000,5.0605041666667e-05
TIAUSD,1788444000000,4.9982666666667e-05
TIAUSD,1788447600000,-7.54020875e-05
TIAUSD,1788451200000,-5.5784754166667e-05
TIAUSD,1788454800000,-3.8905575e-05
TIAUSD,1788458400000,-3.4738916666667e-05
TIAUSD,1788462000000,-3.6710591666667e-05
TIAUSD,1788465600000,1.40687625e-05
TIAUSD,1788469200000,4.53845125e-05
TIAUSD,1788472800000,4.4893741666667e-05
TIAUSD,1788476400000,-2.8013770833333e-05
TIAUSD,1788480000000,-3.6090579166667e-05
TIAUSD,1788483600000,-3.83020375e-05
TIAUSD,1788487200000,-4.0254629166667e-05
TIAUSD,1788490800000,-1.1106429166667e-05
TIAUSD,1788494400000,-4.629715e-05
TIAUSD,1788498000000,-3.9574266666667e-05
TIAUSD,1788501600000,-5.5774979166667e-05
TIAUSD,1788505200000,-4.27787125e-05
TIAUSD,1788508800000,-4.8259454166667e-05
TIAUSD,1788512400000,-5.117291666667e-06
TIAUSD,1788516000000,1.6296379166667e-05
TIAUSD,1788519600000,-1.8880237903226e-05
TIAUSD,1788523200000,-2.6292266129032e-05
TIAUSD,1788526800000,-4.4247875e-06
TIAUSD,1788530400000,9.316079166667e-06
TIAUSD,1788534000000,1.9223016666667e-05
TIAUSD,1788537600000,8.937566666667e-06
TIAUSD,1788541200000,1.9232725e-05
TIAUSD,1788544800000,2.4847e-05
TIAUSD,1788548400000,-2.249779166667e-06
TIAUSD,1788552000000,-1.217408333333e-06
TIAUSD,1788555600000,-1.4444370833333e-05
TIAUSD,1788559200000,-2.1043016666667e-05
TIAUSD,1788562800000,-5.6505625e-05
TIAUSD,1788566400000,-3.5765095833333e-05
TIAUSD,1788570000000,-6.27725e-06
TIAUSD,1788573600000,-4.817383333333e-06
TIAUSD,1788577200000,2.6062375e-05
TIAUSD,1788580800000,3.0805904166667e-05
TIAUSD,1788584400000,-1.691666667e-09
TIAUSD,1788588000000,-1.1560766666667e-05
TIAUSD,1788591600000,2.0328625e-06
TIAUSD,1788595200000,2.96435e-06
TIAUSD,1788598800000,-2.3331358333333e-05
TIAUSD,1788602400000,-1.4411641666667e-05
TIAUSD,1788606000000,2.2328170833333e-05
TIAUSD,1788609600000,3.07909e-05
TIAUSD,1788613200000,3.3007883333333e-05
TIAUSD,1788616800000,1.6264720833333e-05
TIAUSD,1788620400000,-6.286491666667e-06
TIAUSD,1788624000000,-3.16977875e-05
TIAUSD,1788627600000,-5.0264525e-05
TIAUSD,1788631200000,-2.00686875e-05
TIAUSD,1788634800000,2.1521170833333e-05
TIAUSD,1788638400000,3.8061254166667e-05
TIAUSD,1788642000000,-1.0119120833333e-05
TIAUSD,1788645600000,2.07843875e-05
TIAUSD,1788649200000,1.7967275e-05
TIAUSD,1788652800000,-6.415316666667e-06
TIAUSD,1788656400000,7.08622875e-05
TIAUSD,1788660000000,7.8444045833333e-05
TIAUSD,1788663600000,7.3716716666667e-05
