symbol,fundingTime,fundingRate
TRXUSD,1756886400000,-4.789406944444e-06
TRXUSD,1756890000000,-3.288140277778e-06
TRXUSD,1756893600000,8.71898611111e-07
TRXUSD,1756897200000,9.550058333333e-06
TRXUSD,1756900800000,1.0438651388889e-05
TRXUSD,1756904400000,2.118936111111e-06
TRXUSD,1756908000000,1.983848611111e-06
TRXUSD,1756911600000,8.351177777778e-06
TRXUSD,1756915200000,8.1849875e-06
TRXUSD,1756918800000,4.2908625e-06
TRXUSD,1756922400000,1.2285377777778e-05
TRXUSD,1756926000000,1.1590209722222e-05
TRXUSD,1756929600000,4.697405555556e-06
TRXUSD,1756933200000,3.586491666667e-06
TRXUSD,1756936800000,8.8325875e-06
TRXUSD,1756940400000,1.282808333333e-06
TRXUSD,1756944000000,7.82541666667e-07
TRXUSD,1756947600000,8.358715277778e-06
TRXUSD,1756951200000,1.1804338888889e-05
TRXUSD,1756954800000,1.2436963888889e-05
TRXUSD,1756958400000,7.31672222222e-07
TRXUSD,1756962000000,-4.309665277778e-06
TRXUSD,1756965600000,-1.6178606944444e-05
TRXUSD,1756969200000,-1.3690566666667e-05
TRXUSD,1756972800000,-1.4933476388889e-05
TRXUSD,1756976400000,-9.932513888889e-06
TRXUSD,1756980000000,1.155988888889e-06
TRXUSD,1756983600000,1.49565e-06
TRXUSD,1756987200000,9.74452777778e-07
TRXUSD,1756990800000,3.887781944444e-06
TRXUSD,1756994400000,-1.242551388889e-06
TRXUSD,1756998000000,-4.929323611111e-06
TRXUSD,1757001600000,-2.0676069444444e-05
TRXUSD,1757005200000,-7.633143055556e-06
TRXUSD,1757008800000,-1.1666675e-05
TRXUSD,1757012400000,-1.3053673611111e-05
TRXUSD,1757016000000,-1.3196931944444e-05
TRXUSD,1757019600000,-1.6772975e-05
TRXUSD,1757023200000,-1.2412366666667e-05
TRXUSD,1757026800000,-1.4848001388889e-05
TRXUSD,1757030400000,-1.0014605555556e-05
TRXUSD,1757034000000,-6.323951388889e-06
TRXUSD,1757037600000,-2.558354166667e-06
TRXUSD,1757041200000,3.036323611111e-06
TRXUSD,1757044800000,1.21252777778e-07
TRXUSD,1757048400000,-3.367906944444e-06
TRXUSD,1757052000000,4.717315277778e-06
TRXUSD,1757055600000,-1.918579166667e-06
TRXUSD,1757059200000,9.601261111111e-06
TRXUSD,1757062800000,1.1332091666667e-05
TRXUSD,1757066400000,8.454825e-06
TRXUSD,1757070000000,5.085472222222e-06
TRXUSD,1757073600000,5.075876388889e-06
TRXUSD,1757077200000,6.580126388889e-06
TRXUSD,1757080800000,1.2282169444444e-05
TRXUSD,1757084400000,-1.4566984722222e-05
TRXUSD,1757088000000,-2.1116515277778e-05
TRXUSD,1757091600000,-1.1311111111111e-05
TRXUSD,1757095200000,-2.6769684722222e-05
TRXUSD,1757098800000,-1.7348936111111e-05
TRXUSD,1757102400000,-8.758770833333e-06
TRXUSD,1757106000000,-1.4997433333333e-05
TRXUSD,1757109600000,-2.1905643055556e-05
TRXUSD,1757113200000,-2.2382498611111e-05
TRXUSD,1757116800000,-1.4067059722222e-05
TRXUSD,1757120400000,-1.4597838888889e-05
TRXUSD,1757124000000,-1.7068765277778e-05
TRXUSD,1757127600000,-2.3491945833333e-05
TRXUSD,1757131200000,-1.0694161111111e-05
TRXUSD,1757134800000,-1.3786838888889e-05
TRXUSD,1757138400000,-1.8773197222222e-05
TRXUSD,1757142000000,-9.103151388889e-06
TRXUSD,1757145600000,-8.265309722222e-06
TRXUSD,1757149200000,-8.235447222222e-06
TRXUSD,1757152800000,-1.4924554166667e-05
TRXUSD,1757156400000,-1.1920780555556e-05
TRXUSD,1757160000000,-9.663165277778e-06
TRXUSD,1757163600000,-1.5253723611111e-05
TRXUSD,1757167200000,-1.8499384722222e-05
TRXUSD,1757170800000,-2.495655e-05
TRXUSD,1757174400000,-3.0707801388889e-05
TRXUSD,1757178000000,-2.7498272222222e-05
TRXUSD,1757181600000,-2.6823351388889e-05
TRXUSD,1757185200000,-1.7957986111111e-05
TRXUSD,1757188800000,-2.0631855555556e-05
TRXUSD,1757192400000,-2.9296984722222e-05
TRXUSD,1757196000000,-4.5710884722222e-05
TRXUSD,1757199600000,-5.7032452777778e-05
TRXUSD,1757203200000,-7.9038065277778e-05
TRXUSD,1757206800000,-0.000124308159722222
TRXUSD,1757210400000,-0.000130023509722222
TRXUSD,1757214000000,-0.000179417904166667
TRXUSD,1757217600000,-9.7545620833333e-05
TRXUSD,1757221200000,-6.5185379166667e-05
TRXUSD,1757224800000,-6.0523930555556e-05
TRXUSD,1757228400000,-6.4037465277778e-05
TRXUSD,1757232000000,-5.5359591666667e-05
TRXUSD,1757235600000,-5.8622580555556e-05
TRXUSD,1757239200000,-5.6534438888889e-05
TRXUSD,1757242800000,-6.0716859722222e-05
TRXUSD,1757246400000,-4.9791379166667e-05
TRXUSD,1757250000000,-5.2944156944444e-05
TRXUSD,1757253600000,-3.75132e-05
TRXUSD,1757257200000,-3.5310070833333e-05
TRXUSD,1757260800000,-3.6774609722222e-05
TRXUSD,1757264400000,-4.2273169444444e-05
TRXUSD,1757268000000,-3.1975565277778e-05
TRXUSD,1757271600000,-2.80113375e-05
TRXUSD,1757275200000,-2.7580565277778e-05
TRXUSD,1757278800000,-2.3608173611111e-05
TRXUSD,1757282400000,-1.1956805555556e-05
TRXUSD,1757286000000,-1.6922077777778e-05
TRXUSD,1757289600000,-9.974897222222e-06
TRXUSD,1757293200000,-1.5764308333333e-05
TRXUSD,1757296800000,-2.0109973611111e-05
TRXUSD,1757300400000,-4.989154166667e-06
TRXUSD,1757304000000,-5.203356944444e-06
TRXUSD,1757307600000,-4.776163888889e-06
TRXUSD,1757311200000,-9.679119444444e-06
TRXUSD,1757314800000,-1.2881584722222e-05
TRXUSD,1757318400000,-1.8070838888889e-05
TRXUSD,1757322000000,-1.5287372222222e-05
TRXUSD,1757325600000,-1.2367429166667e-05
TRXUSD,1757329200000,-1.1326120833333e-05
TRXUSD,1757332800000,-1.34998e-05
TRXUSD,1757336400000,-2.2245870833333e-05
TRXUSD,1757340000000,-2.9061390277778e-05
TRXUSD,1757343600000,-2.52444375e-05
TRXUSD,1757347200000,-1.5803836111111e-05
TRXUSD,1757350800000,-1.54965125e-05
TRXUSD,1757354400000,-2.0365315277778e-05
TRXUSD,1757358000000,-2.3267061111111e-05
TRXUSD,1757361600000,-3.2939652777778e-05
TRXUSD,1757365200000,-3.3856604166667e-05
TRXUSD,1757368800000,-2.9214890277778e-05
TRXUSD,1757372400000,-3.3294066666667e-05
TRXUSD,1757376000000,-2.7645418055556e-05
TRXUSD,1757379600000,-2.5502204166667e-05
TRXUSD,1757383200000,-2.7295081944444e-05
TRXUSD,1757386800000,-2.9658216666667e-05
TRXUSD,1757390400000,-1.4089561111111e-05
TRXUSD,1757394000000,-1.447665e-05
TRXUSD,1757397600000,-1.1937413888889e-05
TRXUSD,1757401200000,-4.419394444444e-06
TRXUSD,1757404800000,-6.936240277778e-06
TRXUSD,1757408400000,-1.805475e-06
TRXUSD,1757412000000,-3.528973611111e-06
TRXUSD,1757415600000,-1.4103375e-06
TRXUSD,1757419200000,1.463227777778e-06
TRXUSD,1757422800000,-3.766847222222e-06
TRXUSD,1757426400000,-1.198933333333e-06
TRXUSD,1757430000000,4.5590141666667e-05
TRXUSD,1757433600000,4.0202497222222e-05
TRXUSD,1757437200000,3.0851530555556e-05
TRXUSD,1757440800000,3.3557929166667e-05
TRXUSD,1757444400000,3.1790340277778e-05
TRXUSD,1757448000000,3.3328366666667e-05
TRXUSD,1757451600000,3.4845473611111e-05
TRXUSD,1757455200000,2.8972177777778e-05
TRXUSD,1757458800000,3.09881875e-05
TRXUSD,1757462400000,3.23791e-05
TRXUSD,1757466000000,2.84067375e-05
TRXUSD,1757469600000,2.6082466666667e-05
TRXUSD,1757473200000,2.8223694444444e-05
TRXUSD,1757476800000,3.4955101388889e-05
TRXUSD,1757480400000,2.9819547222222e-05
TRXUSD,1757484000000,2.6568854166667e-05
TRXUSD,1757487600000,2.3347411111111e-05
TRXUSD,1757491200000,3.17920125e-05
TRXUSD,1757494800000,2.4167594444444e-05
TRXUSD,1757498400000,2.1415759259259e-05
TRXUSD,1757502000000,2.2051693055556e-05
TRXUSD,1757505600000,2.2825606944444e-05
TRXUSD,1757509200000,2.1307391666667e-05
TRXUSD,1757512800000,2.4454005555556e-05
TRXUSD,1757516400000,2.7277586111111e-05
TRXUSD,1757520000000,2.4577958333333e-05
TRXUSD,1757523600000,1.9964706944444e-05
TRXUSD,1757527200000,1.2165945833333e-05
TRXUSD,1757530800000,1.3014355555556e-05
TRXUSD,1757534400000,1.3035923611111e-05
TRXUSD,1757538000000,3.169923611111e-06
TRXUSD,1757541600000,1.7504601388889e-05
TRXUSD,1757545200000,1.5510476388889e-05
TRXUSD,1757548800000,1.6247615277778e-05
TRXUSD,1757552400000,2.4217872222222e-05
TRXUSD,1757556000000,3.1694461111111e-05
TRXUSD,1757559600000,2.5016215277778e-05
TRXUSD,1757563200000,3.3447880555556e-05
TRXUSD,1757566800000,3.2652225e-05
TRXUSD,1757570400000,3.7201406944444e-05
TRXUSD,1757574000000,2.6659059722222e-05
TRXUSD,1757577600000,2.2587700892857e-05
TRXUSD,1757581200000,2.7758927777778e-05
TRXUSD,1757584800000,3.4869730555556e-05
TRXUSD,1757588400000,2.1631972222222e-05
TRXUSD,1757592000000,2.8507104166667e-05
TRXUSD,1757595600000,2.3055572222222e-05
TRXUSD,1757599200000,2.0870797222222e-05
TRXUSD,1757602800000,1.47454875e-05
TRXUSD,1757606400000,1.45610625e-05
TRXUSD,1757610000000,1.9045602777778e-05
TRXUSD,1757613600000,1.6337502777778e-05
TRXUSD,1757617200000,2.3262958333333e-05
TRXUSD,1757620800000,2.0984540277778e-05
TRXUSD,1757624400000,2.3249376388889e-05
TRXUSD,1757628000000,1.4871404166667e-05
TRXUSD,1757631600000,1.7657227777778e-05
TRXUSD,1757635200000,1.7249238888889e-05
TRXUSD,1757638800000,1.9735133333333e-05
TRXUSD,1757642400000,1.6642995833333e-05
TRXUSD,1757646000000,1.9872251388889e-05
TRXUSD,1757649600000,1.9389888888889e-05
TRXUSD,1757653200000,2.4928506944444e-05
TRXUSD,1757656800000,1.52461875e-05
TRXUSD,1757660400000,1.7269240277778e-05
TRXUSD,1757664000000,2.4808027777778e-05
TRXUSD,1757667600000,2.5041580555556e-05
TRXUSD,1757671200000,2.2452579166667e-05
TRXUSD,1757674800000,1.45540125e-05
TRXUSD,1757678400000,2.1653366666667e-05
TRXUSD,1757682000000,1.7547008333333e-05
TRXUSD,1757685600000,7.519459722222e-06
TRXUSD,1757689200000,1.0988686111111e-05
TRXUSD,1757692800000,1.2304279166667e-05
TRXUSD,1757696400000,2.1896143055556e-05
TRXUSD,1757700000000,1.8286969444444e-05
TRXUSD,1757703600000,1.0604743055556e-05
TRXUSD,1757707200000,5.633319444444e-06
TRXUSD,1757710800000,1.7862770833333e-05
TRXUSD,1757714400000,1.7358134722222e-05
TRXUSD,1757718000000,2.1025601388889e-05
TRXUSD,1757721600000,2.4677729166667e-05
TRXUSD,1757725200000,2.2638343055556e-05
TRXUSD,1757728800000,1.7872529166667e-05
TRXUSD,1757732400000,1.8790513888889e-05
TRXUSD,1757736000000,2.4476215277778e-05
TRXUSD,1757739600000,2.5197693055556e-05
TRXUSD,1757743200000,3.0635023611111e-05
TRXUSD,1757746800000,2.5369129166667e-05
TRXUSD,1757750400000,2.2336579166667e-05
TRXUSD,1757754000000,2.1711531944444e-05
TRXUSD,1757757600000,1.8841629166667e-05
TRXUSD,1757761200000,1.8968720833333e-05
TRXUSD,1757764800000,1.6599201388889e-05
TRXUSD,1757768400000,1.3192552777778e-05
TRXUSD,1757772000000,1.6949351388889e-05
TRXUSD,1757775600000,7.407363888889e-06
TRXUSD,1757779200000,7.057459722222e-06
TRXUSD,1757782800000,8.634354166667e-06
TRXUSD,1757786400000,1.2597404166667e-05
TRXUSD,1757790000000,1.6541280555556e-05
TRXUSD,1757793600000,1.67932e-05
TRXUSD,1757797200000,1.1873897222222e-05
TRXUSD,1757800800000,7.711823611111e-06
TRXUSD,1757804400000,1.0124129166667e-05
TRXUSD,1757808000000,6.806415277778e-06
TRXUSD,1757811600000,1.0908380555556e-05
TRXUSD,1757815200000,1.5330398611111e-05
TRXUSD,1757818800000,1.35457625e-05
TRXUSD,1757822400000,1.40046875e-05
TRXUSD,1757826000000,7.811468055556e-06
TRXUSD,1757829600000,9.878336111111e-06
TRXUSD,1757833200000,1.2740823611111e-05
TRXUSD,1757836800000,1.3687011111111e-05
TRXUSD,1757840400000,6.028123611111e-06
TRXUSD,1757844000000,1.0599113888889e-05
TRXUSD,1757847600000,1.6423613888889e-05
TRXUSD,1757851200000,2.790154166667e-06
TRXUSD,1757854800000,7.457019444444e-06
TRXUSD,1757858400000,5.539556944444e-06
TRXUSD,1757862000000,2.834551388889e-06
TRXUSD,1757865600000,-3.473147222222e-06
TRXUSD,1757869200000,-3.053802777778e-06
TRXUSD,1757872800000,3.513140277778e-06
TRXUSD,1757876400000,-2.056938888889e-06
TRXUSD,1757880000000,4.080868055556e-06
TRXUSD,1757883600000,1.391504166667e-06
TRXUSD,1757887200000,7.4000625e-06
TRXUSD,1757890800000,7.948823611111e-06
TRXUSD,1757894400000,4.334295833333e-06
TRXUSD,1757898000000,6.828797222222e-06
TRXUSD,1757901600000,9.206329166667e-06
TRXUSD,1757905200000,8.636411111111e-06
TRXUSD,1757908800000,8.111733333333e-06
TRXUSD,1757912400000,1.7076158333333e-05
TRXUSD,1757916000000,1.6567098611111e-05
TRXUSD,1757919600000,1.2436679166667e-05
TRXUSD,1757923200000,1.2425931944444e-05
TRXUSD,1757926800000,3.150384722222e-06
TRXUSD,1757930400000,-2.177706944444e-06
TRXUSD,1757934000000,-2.265240277778e-06
TRXUSD,1757937600000,2.099756944444e-06
TRXUSD,1757941200000,7.33602777778e-07
TRXUSD,1757944800000,-7.336348611111e-06
TRXUSD,1757948400000,-1.1307973611111e-05
TRXUSD,1757952000000,-1.8028486111111e-05
TRXUSD,1757955600000,-1.4518998611111e-05
TRXUSD,1757959200000,-3.987497222222e-06
TRXUSD,1757962800000,4.18998611111e-07
TRXUSD,1757966400000,5.761302777778e-06
TRXUSD,1757970000000,1.2185075e-05
TRXUSD,1757973600000,1.0939356944444e-05
TRXUSD,1757977200000,-1.00916666667e-07
TRXUSD,1757980800000,8.63351388889e-07
TRXUSD,1757984400000,-5.093645833333e-06
TRXUSD,1757988000000,6.446177777778e-06
TRXUSD,1757991600000,5.449508333333e-06
TRXUSD,1757995200000,1.3114883333333e-05
TRXUSD,1757998800000,1.519255555556e-06
TRXUSD,1758002400000,3.381540277778e-06
TRXUSD,1758006000000,-3.31870833333e-07
TRXUSD,1758009600000,3.609122222222e-06
TRXUSD,1758013200000,6.484131944444e-06
TRXUSD,1758016800000,3.233145833333e-06
TRXUSD,1758020400000,6.037591666667e-06
TRXUSD,1758024000000,4.587572222222e-06
TRXUSD,1758027600000,5.1173375e-06
TRXUSD,1758031200000,2.39545e-06
TRXUSD,1758034800000,-9.954168055556e-06
TRXUSD,1758038400000,-1.6156166666667e-05
TRXUSD,1758042000000,-1.5483076388889e-05
TRXUSD,1758045600000,-1.2461718055556e-05
TRXUSD,1758049200000,-1.0952154166667e-05
TRXUSD,1758052800000,-1.1221358333333e-05
TRXUSD,1758056400000,-1.9762956944444e-05
TRXUSD,1758060000000,-1.1867255555556e-05
TRXUSD,1758063600000,-9.546720833333e-06
TRXUSD,1758067200000,-1.7187558333333e-05
TRXUSD,1758070800000,-7.138923611111e-06
TRXUSD,1758074400000,-8.092927777778e-06
TRXUSD,1758078000000,-1.1817480555556e-05
TRXUSD,1758081600000,-1.5228263888889e-05
TRXUSD,1758085200000,-2.3523454166667e-05
TRXUSD,1758088800000,-2.3342066666667e-05
TRXUSD,1758092400000,-1.6838166666667e-05
TRXUSD,1758096000000,-5.054520833333e-06
TRXUSD,1758099600000,-4.974719444444e-06
TRXUSD,1758103200000,4.656530555556e-06
TRXUSD,1758106800000,1.03702777778e-07
TRXUSD,1758110400000,-3.160190277778e-06
TRXUSD,1758114000000,-4.100127777778e-06
TRXUSD,1758117600000,-4.420855555556e-06
TRXUSD,1758121200000,-9.068252777778e-06
TRXUSD,1758124800000,2.439280555556e-06
TRXUSD,1758128400000,1.673323611111e-06
TRXUSD,1758132000000,6.83341666667e-07
TRXUSD,1758135600000,-6.838325e-06
TRXUSD,1758139200000,-6.471079166667e-06
TRXUSD,1758142800000,-6.980431944444e-06
TRXUSD,1758146400000,-7.843831944444e-06
TRXUSD,1758150000000,2.271206944444e-06
TRXUSD,1758153600000,-2.806843055556e-06
TRXUSD,1758157200000,1.8168375e-06
TRXUSD,1758160800000,8.763415277778e-06
TRXUSD,1758164400000,7.879427777778e-06
TRXUSD,1758168000000,1.2939455555556e-05
TRXUSD,1758171600000,6.743286111111e-06
TRXUSD,1758175200000,2.3416666667e-08
TRXUSD,1758178800000,2.196756944444e-06
TRXUSD,1758182400000,-4.30608333333e-07
TRXUSD,1758186000000,5.20475e-06
TRXUSD,1758189600000,6.638990277778e-06
TRXUSD,1758193200000,1.786284722222e-06
TRXUSD,1758196800000,2.2365875e-06
TRXUSD,1758200400000,7.634679166667e-06
TRXUSD,1758204000000,8.898115277778e-06
TRXUSD,1758207600000,1.1210209722222e-05
TRXUSD,1758211200000,1.2531902777778e-05
TRXUSD,1758214800000,2.4237013888889e-05
TRXUSD,1758218400000,3.1988273611111e-05
TRXUSD,1758222000000,3.3974690277778e-05
TRXUSD,1758225600000,2.9073006944444e-05
TRXUSD,1758229200000,3.4747136111111e-05
TRXUSD,1758232800000,3.12040375e-05
TRXUSD,1758236400000,3.0813606944444e-05
TRXUSD,1758240000000,3.4342384722222e-05
TRXUSD,1758243600000,3.9583736111111e-05
TRXUSD,1758247200000,3.0439326388889e-05
TRXUSD,1758250800000,3.3746073611111e-05
TRXUSD,1758254400000,3.2997365277778e-05
TRXUSD,1758258000000,3.7895484722222e-05
TRXUSD,1758261600000,2.7749975e-05
TRXUSD,1758265200000,2.2077791666667e-05
TRXUSD,1758268800000,2.8563540277778e-05
TRXUSD,1758272400000,2.4349909722222e-05
TRXUSD,1758276000000,2.4330409722222e-05
TRXUSD,1758279600000,2.2890293055556e-05
TRXUSD,1758283200000,1.8088290277778e-05
TRXUSD,1758286800000,1.6009469444444e-05
TRXUSD,1758290400000,1.9615577777778e-05
TRXUSD,1758294000000,1.5877088888889e-05
TRXUSD,1758297600000,-2.515334722222e-06
TRXUSD,1758301200000,1.3877909722222e-05
TRXUSD,1758304800000,7.70559722222e-07
TRXUSD,1758308400000,7.880431944444e-06
TRXUSD,1758312000000,4.779947222222e-06
TRXUSD,1758315600000,9.238820833333e-06
TRXUSD,1758319200000,5.972444444444e-06
TRXUSD,1758322800000,1.2885643055556e-05
TRXUSD,1758326400000,1.0399998611111e-05
TRXUSD,1758330000000,1.8124283333333e-05
TRXUSD,1758333600000,1.3609759722222e-05
TRXUSD,1758337200000,7.946840277778e-06
TRXUSD,1758340800000,1.97711625e-05
TRXUSD,1758344400000,7.646530555556e-06
TRXUSD,1758348000000,1.0955090277778e-05
TRXUSD,1758351600000,9.040148611111e-06
TRXUSD,1758355200000,1.3715065277778e-05
TRXUSD,1758358800000,1.3927690277778e-05
TRXUSD,1758362400000,1.1671079166667e-05
TRXUSD,1758366000000,1.2732675e-05
TRXUSD,1758369600000,1.7025958333333e-05
TRXUSD,1758373200000,1.8202502777778e-05
TRXUSD,1758376800000,1.2615619444444e-05
TRXUSD,1758380400000,1.1106715277778e-05
TRXUSD,1758384000000,1.7412301388889e-05
TRXUSD,1758387600000,1.7401991666667e-05
TRXUSD,1758391200000,2.2933818055556e-05
TRXUSD,1758394800000,1.9379416666667e-05
TRXUSD,1758398400000,2.22406875e-05
TRXUSD,1758402000000,2.0817993055556e-05
TRXUSD,1758405600000,2.1773534722222e-05
TRXUSD,1758409200000,1.19079625e-05
TRXUSD,1758412800000,5.723063888889e-06
TRXUSD,1758416400000,1.63408125e-05
TRXUSD,1758420000000,1.8243805555556e-05
TRXUSD,1758423600000,1.4236218055556e-05
TRXUSD,1758427200000,1.1174944444444e-05
TRXUSD,1758430800000,1.1683525e-05
TRXUSD,1758434400000,1.9640390277778e-05
TRXUSD,1758438000000,7.883161111111e-06
TRXUSD,1758441600000,9.802491666667e-06
TRXUSD,1758445200000,4.785995833333e-06
TRXUSD,1758448800000,4.221994444444e-06
TRXUSD,1758452400000,1.5596541666667e-05
TRXUSD,1758456000000,8.788626388889e-06
TRXUSD,1758459600000,3.761686111111e-06
TRXUSD,1758463200000,1.2890354166667e-05
TRXUSD,1758466800000,1.9557941666667e-05
TRXUSD,1758470400000,1.3959929166667e-05
TRXUSD,1758474000000,9.716847222222e-06
TRXUSD,1758477600000,9.4075e-06
TRXUSD,1758481200000,1.3529613888889e-05
TRXUSD,1758484800000,1.12719e-05
TRXUSD,1758488400000,1.895745e-05
TRXUSD,1758492000000,1.5583633333333e-05
TRXUSD,1758495600000,1.4649313888889e-05
TRXUSD,1758499200000,8.570604166667e-06
TRXUSD,1758502800000,-6.475679166667e-06
TRXUSD,1758506400000,-4.827776388889e-06
TRXUSD,1758510000000,-5.024515277778e-06
TRXUSD,1758513600000,-8.21975e-07
TRXUSD,1758517200000,4.5224125e-06
TRXUSD,1758520800000,-2.684598611111e-06
TRXUSD,1758524400000,6.309523611111e-06
TRXUSD,1758528000000,1.9162094444444e-05
TRXUSD,1758531600000,2.0209658333333e-05
TRXUSD,1758535200000,1.2240691666667e-05
TRXUSD,1758538800000,2.0462430555556e-05
TRXUSD,1758542400000,3.4410627777778e-05
TRXUSD,1758546000000,4.1791726388889e-05
TRXUSD,1758549600000,2.9230197222222e-05
TRXUSD,1758553200000,2.83631375e-05
TRXUSD,1758556800000,2.7978758333333e-05
TRXUSD,1758560400000,2.4051819444444e-05
TRXUSD,1758564000000,2.1579272222222e-05
TRXUSD,1758567600000,1.9227856944444e-05
TRXUSD,1758571200000,2.0264294444444e-05
TRXUSD,1758574800000,1.7706716666667e-05
TRXUSD,1758578400000,1.79854375e-05
TRXUSD,1758582000000,1.44652375e-05
TRXUSD,1758585600000,2.309875e-05
TRXUSD,1758589200000,2.2021048611111e-05
TRXUSD,1758592800000,2.2512001388889e-05
TRXUSD,1758596400000,1.5762429166667e-05
TRXUSD,1758600000000,1.5616252777778e-05
TRXUSD,1758603600000,1.59950625e-05
TRXUSD,1758607200000,1.4895152777778e-05
TRXUSD,1758610800000,1.4774016666667e-05
TRXUSD,1758614400000,1.1383798611111e-05
TRXUSD,1758618000000,2.2530847222222e-05
TRXUSD,1758621600000,1.6264351388889e-05
TRXUSD,1758625200000,7.635198611111e-06
TRXUSD,1758628800000,-6.855870833333e-06
TRXUSD,1758632400000,-4.446893055556e-06
TRXUSD,1758636000000,-1.093931944444e-06
TRXUSD,1758639600000,1.493266666667e-06
TRXUSD,1758643200000,-2.835430555556e-06
TRXUSD,1758646800000,5.894369444444e-06
TRXUSD,1758650400000,2.976981944444e-06
TRXUSD,1758654000000,-2.373873611111e-06
TRXUSD,1758657600000,-2.886458333333e-06
TRXUSD,1758661200000,-1.493927777778e-06
TRXUSD,1758664800000,2.910848611111e-06
TRXUSD,1758668400000,5.204451388889e-06
TRXUSD,1758672000000,-4.677869444444e-06
TRXUSD,1758675600000,7.554286111111e-06
TRXUSD,1758679200000,3.17208333333e-07
TRXUSD,1758682800000,1.0539288888889e-05
TRXUSD,1758686400000,3.030138888889e-06
TRXUSD,1758690000000,3.25761111111e-07
TRXUSD,1758693600000,2.07933875e-05
TRXUSD,1758697200000,2.8645859722222e-05
TRXUSD,1758700800000,2.3065873611111e-05
TRXUSD,1758704400000,1.8569670833333e-05
TRXUSD,1758708000000,1.6985273611111e-05
TRXUSD,1758711600000,1.6222361111111e-05
TRXUSD,1758715200000,7.864444444444e-06
TRXUSD,1758718800000,1.38895875e-05
TRXUSD,1758722400000,1.2344683333333e-05
TRXUSD,1758726000000,1.4547144444444e-05
TRXUSD,1758729600000,9.938181944444e-06
TRXUSD,1758733200000,9.629729166667e-06
TRXUSD,1758736800000,6.143868055556e-06
TRXUSD,1758740400000,1.1571391666667e-05
TRXUSD,1758744000000,2.34023875e-05
TRXUSD,1758747600000,2.5696933333333e-05
TRXUSD,1758751200000,1.3335686111111e-05
TRXUSD,1758754800000,1.6409294444444e-05
TRXUSD,1758758400000,1.7781659722222e-05
TRXUSD,1758762000000,9.370852777778e-06
TRXUSD,1758765600000,2.746475e-06
TRXUSD,1758769200000,8.022969444444e-06
TRXUSD,1758772800000,-9.1718055556e-08
TRXUSD,1758776400000,2.4620125e-06
TRXUSD,1758780000000,7.454880555556e-06
TRXUSD,1758783600000,5.786431944444e-06
TRXUSD,1758787200000,5.95965224359e-06
TRXUSD,1758790800000,4.481931944444e-06
TRXUSD,1758794400000,6.893665277778e-06
TRXUSD,1758798000000,-4.462134722222e-06
TRXUSD,1758801600000,-9.271934722222e-06
TRXUSD,1758805200000,3.85236111111e-07
TRXUSD,1758808800000,1.046290277778e-06
TRXUSD,1758812400000,1.8377029166667e-05
TRXUSD,1758816000000,4.892091666667e-06
TRXUSD,1758819600000,2.012586111111e-06
TRXUSD,1758823200000,-1.1378426388889e-05
TRXUSD,1758826800000,-5.033888888889e-06
TRXUSD,1758830400000,3.988136111111e-06
TRXUSD,1758834000000,-9.08931944444e-07
TRXUSD,1758837600000,-8.229006944444e-06
TRXUSD,1758841200000,-1.0787895833333e-05
TRXUSD,1758844800000,-1.4421726388889e-05
TRXUSD,1758848400000,2.553104166667e-06
TRXUSD,1758852000000,9.123551388889e-06
TRXUSD,1758855600000,1.2251344444444e-05
TRXUSD,1758859200000,1.977677777778e-06
TRXUSD,1758862800000,1.641056944444e-06
TRXUSD,1758866400000,3.638438888889e-06
TRXUSD,1758870000000,-2.512790277778e-06
TRXUSD,1758873600000,3.219811011905e-06
TRXUSD,1758877200000,3.485218055556e-06
TRXUSD,1758880800000,7.027926388889e-06
TRXUSD,1758884400000,-5.089059722222e-06
TRXUSD,1758888000000,-9.59420833333e-07
TRXUSD,1758891600000,5.350538888889e-06
TRXUSD,1758895200000,1.0841806944444e-05
TRXUSD,1758898800000,4.69819444444e-07
TRXUSD,1758902400000,1.0167819444444e-05
TRXUSD,1758906000000,9.785991666667e-06
TRXUSD,1758909600000,1.0508541666667e-05
TRXUSD,1758913200000,6.153827777778e-06
TRXUSD,1758916800000,-3.82670833333e-07
TRXUSD,1758920400000,1.3757402777778e-05
TRXUSD,1758924000000,1.9637095833333e-05
TRXUSD,1758927600000,1.8168616666667e-05
TRXUSD,1758931200000,2.0203011111111e-05
TRXUSD,1758934800000,2.5822365277778e-05
TRXUSD,1758938400000,2.0663881944444e-05
TRXUSD,1758942000000,2.1883743055556e-05
TRXUSD,1758945600000,1.8774204166667e-05
TRXUSD,1758949200000,2.97191e-05
TRXUSD,1758952800000,1.4373388888889e-05
TRXUSD,1758956400000,9.203848611111e-06
TRXUSD,1758960000000,1.2099477777778e-05
TRXUSD,1758963600000,1.640740277778e-06
TRXUSD,1758967200000,8.024852777778e-06
TRXUSD,1758970800000,1.0008888888889e-05
TRXUSD,1758974400000,6.488993055556e-06
TRXUSD,1758978000000,-3.1167125e-06
TRXUSD,1758981600000,1.0831241666667e-05
TRXUSD,1758985200000,8.191402777778e-06
TRXUSD,1758988800000,1.4898620833333e-05
TRXUSD,1758992400000,2.0245438888889e-05
TRXUSD,1758996000000,9.393101388889e-06
TRXUSD,1758999600000,1.0703391666667e-05
TRXUSD,1759003200000,1.0747931944444e-05
TRXUSD,1759006800000,2.5811695833333e-05
TRXUSD,1759010400000,2.4500647222222e-05
TRXUSD,1759014000000,9.795747222222e-06
TRXUSD,1759017600000,1.113144444444e-06
TRXUSD,1759021200000,5.637402777778e-06
TRXUSD,1759024800000,-7.15152777778e-07
TRXUSD,1759028400000,1.1872738888889e-05
TRXUSD,1759032000000,1.149719444444e-06
TRXUSD,1759035600000,1.5407563888889e-05
TRXUSD,1759039200000,2.0342045833333e-05
TRXUSD,1759042800000,6.842190277778e-06
TRXUSD,1759046400000,1.7371131944444e-05
TRXUSD,1759050000000,1.4139747222222e-05
TRXUSD,1759053600000,5.275106944444e-06
TRXUSD,1759057200000,5.941548611111e-06
TRXUSD,1759060800000,-6.172909722222e-06
TRXUSD,1759064400000,6.6826e-06
TRXUSD,1759068000000,1.4562995833333e-05
TRXUSD,1759071600000,-1.825620833333e-06
TRXUSD,1759075200000,5.839140277778e-06
TRXUSD,1759078800000,9.224197222222e-06
TRXUSD,1759082400000,-2.282404166667e-06
TRXUSD,1759086000000,-1.1121354166667e-05
TRXUSD,1759089600000,-2.1870905555556e-05
TRXUSD,1759093200000,-1.8301397222222e-05
TRXUSD,1759096800000,-3.562305555556e-06
TRXUSD,1759100400000,1.0586204166667e-05
TRXUSD,1759104000000,8.3329875e-06
TRXUSD,1759107600000,1.3555286111111e-05
TRXUSD,1759111200000,1.3395013888889e-05
TRXUSD,1759114800000,2.0221981944444e-05
TRXUSD,1759118400000,2.0638127777778e-05
TRXUSD,1759122000000,7.241384722222e-06
TRXUSD,1759125600000,9.346631944444e-06
TRXUSD,1759129200000,7.727441666667e-06
TRXUSD,1759132800000,6.225345833333e-06
TRXUSD,1759136400000,8.604759722222e-06
TRXUSD,1759140000000,-1.2765606944444e-05
TRXUSD,1759143600000,-2.9732618055556e-05
TRXUSD,1759147200000,-8.642734722222e-06
TRXUSD,1759150800000,-7.7968e-06
TRXUSD,1759154400000,3.660218055556e-06
TRXUSD,1759158000000,6.696354166667e-06
TRXUSD,1759161600000,3.412963888889e-06
TRXUSD,1759165200000,1.5473768055556e-05
TRXUSD,1759168800000,2.0858656944444e-05
TRXUSD,1759172400000,2.3250727777778e-05
TRXUSD,1759176000000,2.1835088888889e-05
TRXUSD,1759179600000,1.1722276388889e-05
TRXUSD,1759183200000,1.7195031944444e-05
TRXUSD,1759186800000,2.1449284722222e-05
TRXUSD,1759190400000,1.3542293055556e-05
TRXUSD,1759194000000,1.8433575e-05
TRXUSD,1759197600000,1.6216741666667e-05
TRXUSD,1759201200000,2.0956088888889e-05
TRXUSD,1759204800000,2.979675e-05
TRXUSD,1759208400000,3.1199029166667e-05
TRXUSD,1759212000000,2.8934333333333e-05
TRXUSD,1759215600000,2.3469080555556e-05
TRXUSD,1759219200000,1.8609359722222e-05
TRXUSD,1759222800000,2.4517852777778e-05
TRXUSD,1759226400000,2.6908945833333e-05
TRXUSD,1759230000000,2.9637691666667e-05
TRXUSD,1759233600000,2.2513420833333e-05
TRXUSD,1759237200000,1.8371138888889e-05
TRXUSD,1759240800000,1.0250658333333e-05
TRXUSD,1759244400000,1.3463980555556e-05
TRXUSD,1759248000000,1.4836286111111e-05
TRXUSD,1759251600000,1.5608863888889e-05
TRXUSD,1759255200000,1.245238888889e-06
TRXUSD,1759258800000,1.2472413888889e-05
TRXUSD,1759262400000,5.219579166667e-06
TRXUSD,1759266000000,-9.918215277778e-06
TRXUSD,1759269600000,9.16398611111e-07
TRXUSD,1759273200000,-3.50266666667e-07
TRXUSD,1759276800000,1.2931448611111e-05
TRXUSD,1759280400000,1.3514759722222e-05
TRXUSD,1759284000000,5.7231375e-06
TRXUSD,1759287600000,4.683505555556e-06
TRXUSD,1759291200000,1.624626388889e-06
TRXUSD,1759294800000,5.147565277778e-06
TRXUSD,1759298400000,1.4741258333333e-05
TRXUSD,1759302000000,8.866573611111e-06
TRXUSD,1759305600000,1.3470286111111e-05
TRXUSD,1759309200000,1.5265541666667e-05
TRXUSD,1759312800000,2.7306801388889e-05
TRXUSD,1759316400000,1.5518681944444e-05
TRXUSD,1759320000000,1.8644684722222e-05
TRXUSD,1759323600000,2.1494384722222e-05
TRXUSD,1759327200000,8.397143055556e-06
TRXUSD,1759330800000,1.1783044444444e-05
TRXUSD,1759334400000,1.7588127777778e-05
TRXUSD,1759338000000,2.4540733333333e-05
TRXUSD,1759341600000,1.8843484722222e-05
TRXUSD,1759345200000,1.8658497222222e-05
TRXUSD,1759348800000,2.8292334722222e-05
TRXUSD,1759352400000,2.4063801388889e-05
TRXUSD,1759356000000,2.6140863888889e-05
TRXUSD,1759359600000,2.7282344444444e-05
TRXUSD,1759363200000,2.8264695833333e-05
TRXUSD,1759366800000,2.1231881944444e-05
TRXUSD,1759370400000,2.0871134722222e-05
TRXUSD,1759374000000,1.4121243055556e-05
TRXUSD,1759377600000,1.1381363888889e-05
TRXUSD,1759381200000,1.8961598611111e-05
TRXUSD,1759384800000,1.2275358333333e-05
TRXUSD,1759388400000,1.2937123611111e-05
TRXUSD,1759392000000,1.3110797619048e-05
TRXUSD,1759395600000,1.7002259722222e-05
TRXUSD,1759399200000,2.1605133333333e-05
TRXUSD,1759402800000,1.6790823611111e-05
TRXUSD,1759406400000,2.0305277777778e-05
TRXUSD,1759410000000,1.4701294444444e-05
TRXUSD,1759413600000,1.2793305555556e-05
TRXUSD,1759417200000,7.171825e-06
TRXUSD,1759420800000,5.228197222222e-06
TRXUSD,1759424400000,6.967320833333e-06
TRXUSD,1759428000000,9.717918055556e-06
TRXUSD,1759431600000,2.2209833333333e-05
TRXUSD,1759435200000,1.4020605555556e-05
TRXUSD,1759438800000,1.2448988888889e-05
TRXUSD,1759442400000,1.3379915277778e-05
TRXUSD,1759446000000,1.8585763888889e-05
TRXUSD,1759449600000,2.7588204166667e-05
TRXUSD,1759453200000,2.1815304166667e-05
TRXUSD,1759456800000,2.7719386111111e-05
TRXUSD,1759460400000,1.7789420833333e-05
TRXUSD,1759464000000,1.6947683333333e-05
TRXUSD,1759467600000,1.4005388888889e-05
TRXUSD,1759471200000,1.4563929166667e-05
TRXUSD,1759474800000,1.7721940277778e-05
TRXUSD,1759478400000,1.4223894444444e-05
TRXUSD,1759482000000,2.0739683333333e-05
TRXUSD,1759485600000,1.8703481944444e-05
TRXUSD,1759489200000,1.6332354166667e-05
TRXUSD,1759492800000,2.0570316666667e-05
TRXUSD,1759496400000,1.8778693055556e-05
TRXUSD,1759500000000,-2.12718055556e-07
TRXUSD,1759503600000,4.042220833333e-06
TRXUSD,1759507200000,6.5812375e-06
TRXUSD,1759510800000,2.1943815277778e-05
TRXUSD,1759514400000,8.956009722222e-06
TRXUSD,1759518000000,8.830243055556e-06
TRXUSD,1759521600000,-1.379538888889e-06
TRXUSD,1759525200000,-1.0073538888889e-05
TRXUSD,1759528800000,-4.541504166667e-06
TRXUSD,1759532400000,-1.2040022222222e-05
TRXUSD,1759536000000,-3.509201388889e-06
TRXUSD,1759539600000,1.040191666667e-06
TRXUSD,1759543200000,5.916043055556e-06
TRXUSD,1759546800000,3.948522222222e-06
TRXUSD,1759550400000,4.643431944444e-06
TRXUSD,1759554000000,-6.550902777778e-06
TRXUSD,1759557600000,-1.3264175e-05
TRXUSD,1759561200000,-8.114205555556e-06
TRXUSD,1759564800000,-1.2215281944444e-05
TRXUSD,1759568400000,-8.892648611111e-06
TRXUSD,1759572000000,-1.053365277778e-06
TRXUSD,1759575600000,9.17597222222e-07
TRXUSD,1759579200000,2.977338888889e-06
TRXUSD,1759582800000,-5.482941666667e-06
TRXUSD,1759586400000,4.207329166667e-06
TRXUSD,1759590000000,-2.139434722222e-06
TRXUSD,1759593600000,-5.088576388889e-06
TRXUSD,1759597200000,-5.650477777778e-06
TRXUSD,1759600800000,-9.210408333333e-06
TRXUSD,1759604400000,-8.577595833333e-06
TRXUSD,1759608000000,-3.863819444444e-06
TRXUSD,1759611600000,2.216416666667e-06
TRXUSD,1759615200000,8.097044444444e-06
TRXUSD,1759618800000,1.9026661111111e-05
TRXUSD,1759622400000,1.1048444444444e-05
TRXUSD,1759626000000,1.67249125e-05
TRXUSD,1759629600000,1.4970872222222e-05
TRXUSD,1759633200000,8.9165e-06
TRXUSD,1759636800000,5.018126388889e-06
TRXUSD,1759640400000,3.431366666667e-06
TRXUSD,1759644000000,1.5738298611111e-05
TRXUSD,1759647600000,1.27414e-05
TRXUSD,1759651200000,1.0244259722222e-05
TRXUSD,1759654800000,2.0182076388889e-05
TRXUSD,1759658400000,1.8073865277778e-05
TRXUSD,1759662000000,1.5163336111111e-05
TRXUSD,1759665600000,6.423990277778e-06
TRXUSD,1759669200000,9.0356125e-06
TRXUSD,1759672800000,1.2446559722222e-05
TRXUSD,1759676400000,2.1484368055556e-05
TRXUSD,1759680000000,1.68543e-05
TRXUSD,1759683600000,1.5764979166667e-05
TRXUSD,1759687200000,2.776579166667e-06
TRXUSD,1759690800000,-5.570444444444e-06
TRXUSD,1759694400000,-6.063268055556e-06
TRXUSD,1759698000000,3.316868055556e-06
TRXUSD,1759701600000,5.694893055556e-06
TRXUSD,1759705200000,3.554825e-06
TRXUSD,1759708800000,1.21276125e-05
TRXUSD,1759712400000,2.596369444444e-06
TRXUSD,1759716000000,-2.037822222222e-06
TRXUSD,1759719600000,-1.1945988888889e-05
TRXUSD,1759723200000,-7.945798611111e-06
TRXUSD,1759726800000,-3.039322222222e-06
TRXUSD,1759730400000,1.1665479166667e-05
TRXUSD,1759734000000,1.1336419444444e-05
TRXUSD,1759737600000,7.641501388889e-06
TRXUSD,1759741200000,1.08396875e-05
TRXUSD,1759744800000,-3.52575e-06
TRXUSD,1759748400000,-1.459979166667e-06
TRXUSD,1759752000000,-6.578872222222e-06
TRXUSD,1759755600000,-4.278548611111e-06
TRXUSD,1759759200000,-9.248154166667e-06
TRXUSD,1759762800000,1.263075e-06
TRXUSD,1759766400000,-3.977170833333e-06
TRXUSD,1759770000000,4.959480555556e-06
TRXUSD,1759773600000,3.428377777778e-06
TRXUSD,1759777200000,-1.060108333333e-06
TRXUSD,1759780800000,2.465069444444e-06
TRXUSD,1759784400000,-3.00918055556e-07
TRXUSD,1759788000000,7.931593055556e-06
TRXUSD,1759791600000,-1.2535830555556e-05
TRXUSD,1759795200000,1.759005555556e-06
TRXUSD,1759798800000,-7.34805555556e-07
TRXUSD,1759802400000,2.670904166667e-06
TRXUSD,1759806000000,-8.73043055556e-07
TRXUSD,1759809600000,-2.796573611111e-06
TRXUSD,1759813200000,-8.4648611111e-08
TRXUSD,1759816800000,-7.887343055556e-06
TRXUSD,1759820400000,-6.139919444444e-06
TRXUSD,1759824000000,1.295433333333e-06
TRXUSD,1759827600000,-6.955040277778e-06
TRXUSD,1759831200000,-4.888727777778e-06
TRXUSD,1759834800000,-6.978120833333e-06
TRXUSD,1759838400000,6.932483333333e-06
TRXUSD,1759842000000,-2.31355e-06
TRXUSD,1759845600000,-1.370026388889e-06
TRXUSD,1759849200000,-1.1654833333333e-05
TRXUSD,1759852800000,-2.0903708333333e-05
TRXUSD,1759856400000,-1.8681676388889e-05
TRXUSD,1759860000000,-1.1889729166667e-05
TRXUSD,1759863600000,-1.4231188888889e-05
TRXUSD,1759867200000,-1.3632943055556e-05
TRXUSD,1759870800000,-1.513547222222e-06
TRXUSD,1759874400000,5.553593055556e-06
TRXUSD,1759878000000,-3.965993055556e-06
TRXUSD,1759881600000,-1.0221272222222e-05
TRXUSD,1759885200000,-5.385820833333e-06
TRXUSD,1759888800000,-2.847341666667e-06
TRXUSD,1759892400000,-2.500915277778e-06
TRXUSD,1759896000000,-1.1494640277778e-05
TRXUSD,1759899600000,-1.068833333333e-06
TRXUSD,1759903200000,-5.214518055556e-06
TRXUSD,1759906800000,-4.114690277778e-06
TRXUSD,1759910400000,-6.209323611111e-06
TRXUSD,1759914000000,-4.384468055556e-06
TRXUSD,1759917600000,-1.0523190277778e-05
TRXUSD,1759921200000,-3.520879166667e-06
TRXUSD,1759924800000,-3.540451388889e-06
TRXUSD,1759928400000,7.53829166667e-07
TRXUSD,1759932000000,-1.1618490277778e-05
TRXUSD,1759935600000,-8.565169444444e-06
TRXUSD,1759939200000,-1.5517169444444e-05
TRXUSD,1759942800000,-4.455638888889e-06
TRXUSD,1759946400000,1.774169444444e-06
TRXUSD,1759950000000,-8.74248611111e-07
TRXUSD,1759953600000,5.4160125e-06
TRXUSD,1759957200000,8.433419444444e-06
TRXUSD,1759960800000,5.367483333333e-06
TRXUSD,1759964400000,8.454341666667e-06
TRXUSD,1759968000000,1.1144545833333e-05
TRXUSD,1759971600000,1.5125638888889e-05
TRXUSD,1759975200000,7.001270833333e-06
TRXUSD,1759978800000,-4.763711111111e-06
TRXUSD,1759982400000,3.414561111111e-06
TRXUSD,1759986000000,9.842916666667e-06
TRXUSD,1759989600000,3.575029166667e-06
TRXUSD,1759993200000,2.794030555556e-06
TRXUSD,1759996800000,-8.8140804598e-08
TRXUSD,1760000400000,-9.729863888889e-06
TRXUSD,1760004000000,-2.653975e-06
TRXUSD,1760007600000,-9.79166667e-10
TRXUSD,1760011200000,5.255805107527e-06
TRXUSD,1760014800000,1.3161288978495e-05
TRXUSD,1760018400000,6.6373875e-06
TRXUSD,1760022000000,-8.930572222222e-06
TRXUSD,1760025600000,-4.685936111111e-06
TRXUSD,1760029200000,-5.204911111111e-06
TRXUSD,1760032800000,-2.7337125e-06
TRXUSD,1760036400000,9.136155555556e-06
TRXUSD,1760040000000,1.14069625e-05
TRXUSD,1760043600000,6.924144444444e-06
TRXUSD,1760047200000,1.0335506944444e-05
TRXUSD,1760050800000,7.425545833333e-06
TRXUSD,1760054400000,3.494725e-06
TRXUSD,1760058000000,6.1608375e-06
TRXUSD,1760061600000,6.882938888889e-06
TRXUSD,1760065200000,4.054519444444e-06
TRXUSD,1760068800000,8.935709722222e-06
TRXUSD,1760072400000,5.287859722222e-06
TRXUSD,1760076000000,-1.471838888889e-06
TRXUSD,1760079600000,-5.388004166667e-06
TRXUSD,1760083200000,-3.792779166667e-06
TRXUSD,1760086800000,-8.550122222222e-06
TRXUSD,1760090400000,-1.627945e-05
TRXUSD,1760094000000,-1.0509420833333e-05
TRXUSD,1760097600000,9.86383333333e-07
TRXUSD,1760101200000,-5.066722222222e-06
TRXUSD,1760104800000,1.3745758333333e-05
TRXUSD,1760108400000,-5.4468125e-06
TRXUSD,1760112000000,2.068104166667e-06
TRXUSD,1760115600000,-1.6805302777778e-05
TRXUSD,1760119200000,4.220384722222e-06
TRXUSD,1760122800000,5.0140125e-06
TRXUSD,1760126400000,1.207125e-06
TRXUSD,1760130000000,-8.897653735632e-06
TRXUSD,1760133600000,7.7436042929293e-05
TRXUSD,1760137200000,0.000113288342592593
TRXUSD,1760140800000,-0.000100822455555556
TRXUSD,1760144400000,-5.3312404166667e-05
TRXUSD,1760148000000,-7.4740472222222e-05
TRXUSD,1760151600000,-4.9241979166667e-05
TRXUSD,1760155200000,-9.7921852777778e-05
TRXUSD,1760158800000,-8.0473163888889e-05
TRXUSD,1760162400000,-5.9637251388889e-05
TRXUSD,1760166000000,-3.0855765277778e-05
TRXUSD,1760169600000,-3.6609659722222e-05
TRXUSD,1760173200000,-1.6852734722222e-05
TRXUSD,1760176800000,-1.0278191666667e-05
TRXUSD,1760180400000,-3.5669590277778e-05
TRXUSD,1760184000000,-1.8525052777778e-05
TRXUSD,1760187600000,-2.0387315277778e-05
TRXUSD,1760191200000,-1.8062734722222e-05
TRXUSD,1760194800000,4.049931944444e-06
TRXUSD,1760198400000,-1.6156918055556e-05
TRXUSD,1760202000000,-8.375776388889e-06
TRXUSD,1760205600000,-1.6376023611111e-05
TRXUSD,1760209200000,-1.3814936111111e-05
TRXUSD,1760212800000,-2.5329568055556e-05
TRXUSD,1760216400000,-2.9503395833333e-05
TRXUSD,1760220000000,-2.6024341666667e-05
TRXUSD,1760223600000,-1.5442713888889e-05
TRXUSD,1760227200000,-1.8669426388889e-05
TRXUSD,1760230800000,-3.0597073611111e-05
TRXUSD,1760234400000,-3.0408048611111e-05
TRXUSD,1760238000000,-2.5656381944444e-05
TRXUSD,1760241600000,4.796840277778e-06
TRXUSD,1760245200000,-4.19355555556e-07
TRXUSD,1760248800000,2.0460751388889e-05
TRXUSD,1760252400000,1.5492722222222e-05
TRXUSD,1760256000000,-5.056238888889e-06
TRXUSD,1760259600000,-1.7741545833333e-05
TRXUSD,1760263200000,-1.9246293055556e-05
TRXUSD,1760266800000,-1.8360731944444e-05
TRXUSD,1760270400000,-2.8392644444444e-05
TRXUSD,1760274000000,-1.0829663888889e-05
TRXUSD,1760277600000,-7.2905625e-06
TRXUSD,1760281200000,2.9255709722222e-05
TRXUSD,1760284800000,1.2757683333333e-05
TRXUSD,1760288400000,1.9649798611111e-05
TRXUSD,1760292000000,-6.620198611111e-06
TRXUSD,1760295600000,2.5180968055556e-05
TRXUSD,1760299200000,6.603811111111e-06
TRXUSD,1760302800000,3.559106944444e-06
TRXUSD,1760306400000,1.6400541666667e-05
TRXUSD,1760310000000,2.1589786111111e-05
TRXUSD,1760313600000,1.2607848611111e-05
TRXUSD,1760317200000,7.633969444444e-06
TRXUSD,1760320800000,3.441970833333e-06
TRXUSD,1760324400000,4.516901388889e-06
TRXUSD,1760328000000,9.23090277778e-07
TRXUSD,1760331600000,1.711722222222e-06
TRXUSD,1760335200000,-2.780406944444e-06
TRXUSD,1760338800000,-1.8086947222222e-05
TRXUSD,1760342400000,-3.2508795833333e-05
TRXUSD,1760346000000,-2.5929172222222e-05
TRXUSD,1760349600000,-3.3704979166667e-05
TRXUSD,1760353200000,-2.7638326388889e-05
TRXUSD,1760356800000,-3.7477666666667e-05
TRXUSD,1760360400000,-3.9395138888889e-05
TRXUSD,1760364000000,-2.89342e-05
TRXUSD,1760367600000,-3.2128379166667e-05
TRXUSD,1760371200000,-4.1043954166667e-05
TRXUSD,1760374800000,-3.7423820833333e-05
TRXUSD,1760378400000,-3.6839559722222e-05
TRXUSD,1760382000000,-2.6607004166667e-05
TRXUSD,1760385600000,-2.8977433333333e-05
TRXUSD,1760389200000,-4.146e-05
TRXUSD,1760392800000,-3.7358294444444e-05
TRXUSD,1760396400000,-2.7134933333333e-05
TRXUSD,1760400000000,-3.6085734722222e-05
TRXUSD,1760403600000,-3.7440216666667e-05
TRXUSD,1760407200000,-3.0300319444444e-05
TRXUSD,1760410800000,-4.4195358333333e-05
TRXUSD,1760414400000,-4.6709030555556e-05
TRXUSD,1760418000000,-5.6323145833333e-05
TRXUSD,1760421600000,-7.6434733333333e-05
TRXUSD,1760425200000,-7.2199515277778e-05
TRXUSD,1760428800000,-6.0713063888889e-05
TRXUSD,1760432400000,-5.3189083333333e-05
TRXUSD,1760436000000,-4.9704494444444e-05
TRXUSD,1760439600000,-5.7842029166667e-05
TRXUSD,1760443200000,-3.3404869444444e-05
TRXUSD,1760446800000,-4.1395705555556e-05
TRXUSD,1760450400000,-4.3237441666667e-05
TRXUSD,1760454000000,-2.8631570833333e-05
TRXUSD,1760457600000,-2.7081984722222e-05
TRXUSD,1760461200000,-1.5543670833333e-05
TRXUSD,1760464800000,-1.3766333333333e-05
TRXUSD,1760468400000,-1.4757025e-05
TRXUSD,1760472000000,-1.7530211111111e-05
TRXUSD,1760475600000,-1.879215e-05
TRXUSD,1760479200000,-1.4263763888889e-05
TRXUSD,1760482800000,-5.960656944444e-06
TRXUSD,1760486400000,2.994855555556e-06
TRXUSD,1760490000000,-1.0358151388889e-05
TRXUSD,1760493600000,-1.3960409722222e-05
TRXUSD,1760497200000,2.257245833333e-06
TRXUSD,1760500800000,-1.4940965277778e-05
TRXUSD,1760504400000,-1.6057709722222e-05
TRXUSD,1760508000000,-5.033206944444e-06
TRXUSD,1760511600000,-1.6158744444444e-05
TRXUSD,1760515200000,-7.619286111111e-06
TRXUSD,1760518800000,4.974208333333e-06
TRXUSD,1760522400000,-1.5015415277778e-05
TRXUSD,1760526000000,-1.1607841666667e-05
TRXUSD,1760529600000,-2.8332230555556e-05
TRXUSD,1760533200000,-2.0911958333333e-05
TRXUSD,1760536800000,-2.8391288888889e-05
TRXUSD,1760540400000,-3.138575e-05
TRXUSD,1760544000000,-4.9731333333333e-05
TRXUSD,1760547600000,-1.9812679166667e-05
TRXUSD,1760551200000,-4.3185993055556e-05
TRXUSD,1760554800000,-1.5981159722222e-05
TRXUSD,1760558400000,-1.7408229166667e-05
TRXUSD,1760562000000,-1.6003004166667e-05
TRXUSD,1760565600000,-2.3033091666667e-05
TRXUSD,1760569200000,-1.1417919444444e-05
TRXUSD,1760572800000,-9.11059722222e-07
TRXUSD,1760576400000,1.0471866666667e-05
TRXUSD,1760580000000,-9.764670833333e-06
TRXUSD,1760583600000,1.6636404166667e-05
TRXUSD,1760587200000,2.163781944444e-06
TRXUSD,1760590800000,-2.793397222222e-06
TRXUSD,1760594400000,-6.53863888889e-07
TRXUSD,1760598000000,6.2375625e-06
TRXUSD,1760601600000,1.6923866071429e-05
TRXUSD,1760605200000,1.28468125e-05
TRXUSD,1760608800000,1.27921625e-05
TRXUSD,1760612400000,1.2676102777778e-05
TRXUSD,1760616000000,5.157983333333e-06
TRXUSD,1760619600000,2.8316875e-06
TRXUSD,1760623200000,-1.8025005555556e-05
TRXUSD,1760626800000,-3.511283333333e-06
TRXUSD,1760630400000,5.441243055556e-06
TRXUSD,1760634000000,-3.2078555555556e-05
TRXUSD,1760637600000,2.5592438888889e-05
TRXUSD,1760641200000,-2.8792470833333e-05
TRXUSD,1760644800000,-1.1432326388889e-05
TRXUSD,1760648400000,-3.1150406944444e-05
TRXUSD,1760652000000,-1.2636490277778e-05
TRXUSD,1760655600000,1.1044930555556e-05
TRXUSD,1760659200000,-2.121073611111e-06
TRXUSD,1760662800000,1.0276194444444e-05
TRXUSD,1760666400000,-4.04018055556e-07
TRXUSD,1760670000000,-5.996327777778e-06
TRXUSD,1760673600000,3.183847222222e-06
TRXUSD,1760677200000,-5.662690277778e-06
TRXUSD,1760680800000,3.652098611111e-06
TRXUSD,1760684400000,-2.8815425e-05
TRXUSD,1760688000000,-4.7327627777778e-05
TRXUSD,1760691600000,-2.0919461111111e-05
TRXUSD,1760695200000,-1.8059897222222e-05
TRXUSD,1760698800000,-3.0777372222222e-05
TRXUSD,1760702400000,1.4237922222222e-05
TRXUSD,1760706000000,-5.81561111111e-07
TRXUSD,1760709600000,-3.2296395833333e-05
TRXUSD,1760713200000,-3.7840119444444e-05
TRXUSD,1760716800000,-1.7108869444444e-05
TRXUSD,1760720400000,-7.035858333333e-06
TRXUSD,1760724000000,-1.4582480555556e-05
TRXUSD,1760727600000,-1.0669088888889e-05
TRXUSD,1760731200000,-8.216123611111e-06
TRXUSD,1760734800000,-6.882679166667e-06
TRXUSD,1760738400000,1.0251065277778e-05
TRXUSD,1760742000000,5.21434722222e-07
TRXUSD,1760745600000,-5.359363888889e-06
TRXUSD,1760749200000,8.741970833333e-06
TRXUSD,1760752800000,8.307573611111e-06
TRXUSD,1760756400000,5.25020833333e-07
TRXUSD,1760760000000,1.0291858333333e-05
TRXUSD,1760763600000,1.343522222222e-06
TRXUSD,1760767200000,4.283008333333e-06
TRXUSD,1760770800000,1.5857891666667e-05
TRXUSD,1760774400000,2.2965122222222e-05
TRXUSD,1760778000000,1.9223501388889e-05
TRXUSD,1760781600000,4.226858333333e-06
TRXUSD,1760785200000,6.316218055556e-06
TRXUSD,1760788800000,-2.647159722222e-06
TRXUSD,1760792400000,1.0265833333333e-05
TRXUSD,1760796000000,-1.42422222222e-07
TRXUSD,1760799600000,1.974754166667e-06
TRXUSD,1760803200000,-5.826956944444e-06
TRXUSD,1760806800000,1.0547255555556e-05
TRXUSD,1760810400000,1.828422222222e-06
TRXUSD,1760814000000,6.158808333333e-06
TRXUSD,1760817600000,-5.9466666667e-08
TRXUSD,1760821200000,2.1063806944444e-05
TRXUSD,1760824800000,4.318572222222e-06
TRXUSD,1760828400000,-7.634226388889e-06
TRXUSD,1760832000000,2.642238888889e-06
TRXUSD,1760835600000,-1.0015923611111e-05
TRXUSD,1760839200000,3.456305555556e-06
TRXUSD,1760842800000,-1.264629166667e-06
TRXUSD,1760846400000,1.0921908333333e-05
TRXUSD,1760850000000,-6.31565277778e-07
TRXUSD,1760853600000,-1.938525e-06
TRXUSD,1760857200000,1.373413888889e-06
TRXUSD,1760860800000,7.21430555556e-07
TRXUSD,1760864400000,-1.239136111111e-06
TRXUSD,1760868000000,6.570506944444e-06
TRXUSD,1760871600000,1.2288841666667e-05
TRXUSD,1760875200000,6.5651125e-06
TRXUSD,1760878800000,1.0119058333333e-05
TRXUSD,1760882400000,1.0158361111111e-05
TRXUSD,1760886000000,1.5001948611111e-05
TRXUSD,1760889600000,1.6065148611111e-05
TRXUSD,1760893200000,3.716569444444e-06
TRXUSD,1760896800000,5.173313888889e-06
TRXUSD,1760900400000,1.2370094444444e-05
TRXUSD,1760904000000,3.6827375e-06
TRXUSD,1760907600000,6.80166666667e-07
TRXUSD,1760911200000,7.669666666667e-06
TRXUSD,1760914800000,1.1466841666667e-05
TRXUSD,1760918400000,1.0467783333333e-05
TRXUSD,1760922000000,1.0264836111111e-05
TRXUSD,1760925600000,1.5396252777778e-05
TRXUSD,1760929200000,1.1627468055556e-05
TRXUSD,1760932800000,1.0122180555556e-05
TRXUSD,1760936400000,1.3841041666667e-05
TRXUSD,1760940000000,1.4984215277778e-05
TRXUSD,1760943600000,5.1616375e-06
TRXUSD,1760947200000,1.2885740277778e-05
TRXUSD,1760950800000,3.2560625e-06
TRXUSD,1760954400000,9.313844444444e-06
TRXUSD,1760958000000,1.4951029166667e-05
TRXUSD,1760961600000,1.0434215277778e-05
TRXUSD,1760965200000,1.717073611111e-06
TRXUSD,1760968800000,-2.023513888889e-06
TRXUSD,1760972400000,1.3357005555556e-05
TRXUSD,1760976000000,-4.651586111111e-06
TRXUSD,1760979600000,1.4349586111111e-05
TRXUSD,1760983200000,2.69668055556e-07
TRXUSD,1760986800000,6.625766666667e-06
TRXUSD,1760990400000,1.2427166666667e-05
TRXUSD,1760994000000,1.5991448611111e-05
TRXUSD,1760997600000,1.8206416666667e-05
TRXUSD,1761001200000,2.1174005555556e-05
TRXUSD,1761004800000,1.6606080555556e-05
TRXUSD,1761008400000,6.975344444444e-06
TRXUSD,1761012000000,1.1759440277778e-05
TRXUSD,1761015600000,-2.1630888888889e-05
TRXUSD,1761019200000,-6.627765277778e-06
TRXUSD,1761022800000,-2.6897025e-05
TRXUSD,1761026400000,-1.37795125e-05
TRXUSD,1761030000000,2.337148611111e-06
TRXUSD,1761033600000,2.313118055556e-06
TRXUSD,1761037200000,3.341380555556e-06
TRXUSD,1761040800000,-3.824148611111e-06
TRXUSD,1761044400000,1.349465e-05
TRXUSD,1761048000000,5.090669444444e-06
TRXUSD,1761051600000,3.920295833333e-06
TRXUSD,1761055200000,1.1122651388889e-05
TRXUSD,1761058800000,4.936306944444e-06
TRXUSD,1761062400000,-8.038905555556e-06
TRXUSD,1761066000000,-3.381683333333e-06
TRXUSD,1761069600000,2.808941666667e-06
TRXUSD,1761073200000,-7.949631944444e-06
TRXUSD,1761076800000,-9.848318055556e-06
TRXUSD,1761080400000,-7.218590277778e-06
TRXUSD,1761084000000,-1.828327777778e-06
TRXUSD,1761087600000,-2.306331944444e-06
TRXUSD,1761091200000,-3.514172222222e-06
TRXUSD,1761094800000,-3.212615277778e-06
TRXUSD,1761098400000,1.7615565277778e-05
TRXUSD,1761102000000,8.712044444444e-06
TRXUSD,1761105600000,1.4246158333333e-05
TRXUSD,1761109200000,4.166502777778e-06
TRXUSD,1761112800000,2.820352777778e-06
TRXUSD,1761116400000,1.993175e-06
TRXUSD,1761120000000,2.177127777778e-06
TRXUSD,1761123600000,-1.703851388889e-06
TRXUSD,1761127200000,1.1756777777778e-05
TRXUSD,1761130800000,-7.184331944444e-06
TRXUSD,1761134400000,-1.8210925e-05
TRXUSD,1761138000000,8.497709722222e-06
TRXUSD,1761141600000,8.1145833333e-08
TRXUSD,1761145200000,-4.105330555556e-06
TRXUSD,1761148800000,1.5546415277778e-05
TRXUSD,1761152400000,-2.6657625e-06
TRXUSD,1761156000000,3.867006944444e-06
TRXUSD,1761159600000,-1.5006702777778e-05
TRXUSD,1761163200000,1.0568202777778e-05
TRXUSD,1761166800000,-3.593654166667e-06
TRXUSD,1761170400000,3.10197222222e-07
TRXUSD,1761174000000,-2.754325e-06
TRXUSD,1761177600000,1.2706279166667e-05
TRXUSD,1761181200000,1.2319359722222e-05
TRXUSD,1761184800000,1.1282773611111e-05
TRXUSD,1761188400000,1.0431469444444e-05
TRXUSD,1761192000000,3.274127777778e-06
TRXUSD,1761195600000,6.2552777778e-08
TRXUSD,1761199200000,-2.662286111111e-06
TRXUSD,1761202800000,6.687177777778e-06
TRXUSD,1761206400000,3.696945512821e-06
TRXUSD,1761210000000,1.370706944444e-06
TRXUSD,1761213600000,6.975068055556e-06
TRXUSD,1761217200000,3.0013625e-06
TRXUSD,1761220800000,3.158961111111e-06
TRXUSD,1761224400000,2.947380555556e-06
TRXUSD,1761228000000,-9.385540277778e-06
TRXUSD,1761231600000,-2.9206409722222e-05
TRXUSD,1761235200000,-1.4455456944444e-05
TRXUSD,1761238800000,-1.9554423611111e-05
TRXUSD,1761242400000,2.6987031944444e-05
TRXUSD,1761246000000,1.60331e-05
TRXUSD,1761249600000,1.61017e-05
TRXUSD,1761253200000,4.255765277778e-06
TRXUSD,1761256800000,-1.77445e-06
TRXUSD,1761260400000,-6.363273611111e-06
TRXUSD,1761264000000,-1.0742001388889e-05
TRXUSD,1761267600000,4.32743055556e-07
TRXUSD,1761271200000,3.55684722222e-07
TRXUSD,1761274800000,-7.387575e-06
TRXUSD,1761278400000,-1.5289573611111e-05
TRXUSD,1761282000000,2.409748611111e-06
TRXUSD,1761285600000,-1.2145155555556e-05
TRXUSD,1761289200000,2.851279166667e-06
TRXUSD,1761292800000,-2.1820440277778e-05
TRXUSD,1761296400000,-1.7228956944444e-05
TRXUSD,1761300000000,-2.1135269444444e-05
TRXUSD,1761303600000,-2.1376540277778e-05
TRXUSD,1761307200000,1.7372754166667e-05
TRXUSD,1761310800000,-2.157331944444e-06
TRXUSD,1761314400000,7.3277625e-06
TRXUSD,1761318000000,-2.4260648611111e-05
TRXUSD,1761321600000,-1.6373319444444e-05
TRXUSD,1761325200000,-1.73116e-05
TRXUSD,1761328800000,-8.1795625e-06
TRXUSD,1761332400000,4.796269444444e-06
TRXUSD,1761336000000,-6.102641666667e-06
TRXUSD,1761339600000,4.890213888889e-06
TRXUSD,1761343200000,-1.5637844444444e-05
TRXUSD,1761346800000,-1.9169840277778e-05
TRXUSD,1761350400000,-2.768405e-05
TRXUSD,1761354000000,-2.2052370833333e-05
TRXUSD,1761357600000,-1.9621377777778e-05
TRXUSD,1761361200000,-1.3207919444444e-05
TRXUSD,1761364800000,1.4756730555556e-05
TRXUSD,1761368400000,-1.4925711111111e-05
TRXUSD,1761372000000,-2.8920315277778e-05
TRXUSD,1761375600000,1.5560966666667e-05
TRXUSD,1761379200000,-1.2072720833333e-05
TRXUSD,1761382800000,-2.976990277778e-06
TRXUSD,1761386400000,-1.024472222222e-06
TRXUSD,1761390000000,6.26169444444e-07
TRXUSD,1761393600000,4.301961111111e-06
TRXUSD,1761397200000,-5.870008333333e-06
TRXUSD,1761400800000,-1.0777481944444e-05
TRXUSD,1761404400000,-2.4365115277778e-05
TRXUSD,1761408000000,-2.6541736111111e-05
TRXUSD,1761411600000,-2.89707125e-05
TRXUSD,1761415200000,-2.17000625e-05
TRXUSD,1761418800000,-2.5412980555556e-05
TRXUSD,1761422400000,-1.7192840277778e-05
TRXUSD,1761426000000,-2.9642170833333e-05
TRXUSD,1761429600000,-1.8590423611111e-05
TRXUSD,1761433200000,-1.743565277778e-06
TRXUSD,1761436800000,-2.1373130555556e-05
TRXUSD,1761440400000,-9.393158333333e-06
TRXUSD,1761444000000,1.894772222222e-06
TRXUSD,1761447600000,-8.696498611111e-06
TRXUSD,1761451200000,-6.415818055556e-06
TRXUSD,1761454800000,-2.2476319444444e-05
TRXUSD,1761458400000,-4.74866125e-05
TRXUSD,1761462000000,-3.9019004166667e-05
TRXUSD,1761465600000,-2.5418375e-05
TRXUSD,1761469200000,-6.795448611111e-06
TRXUSD,1761472800000,9.775080555556e-06
TRXUSD,1761476400000,-5.9517125e-06
TRXUSD,1761480000000,-1.0020222222222e-05
TRXUSD,1761483600000,1.021108333333e-06
TRXUSD,1761487200000,-1.3171888888889e-05
TRXUSD,1761490800000,-2.1242898611111e-05
TRXUSD,1761494400000,-2.4098648611111e-05
TRXUSD,1761498000000,-2.7122252777778e-05
TRXUSD,1761501600000,-2.5610036111111e-05
TRXUSD,1761505200000,-4.808258333333e-06
TRXUSD,1761508800000,-4.615340277778e-06
TRXUSD,1761512400000,-1.6773765277778e-05
TRXUSD,1761516000000,-2.19241125e-05
TRXUSD,1761519600000,-1.2847661111111e-05
TRXUSD,1761523200000,-1.4230066666667e-05
TRXUSD,1761526800000,-4.083136111111e-06
TRXUSD,1761530400000,-1.44281375e-05
TRXUSD,1761534000000,-1.3421969444444e-05
TRXUSD,1761537600000,-2.20838125e-05
TRXUSD,1761541200000,-2.0607668055556e-05
TRXUSD,1761544800000,-1.9900770833333e-05
TRXUSD,1761548400000,-1.3051079166667e-05
TRXUSD,1761552000000,-1.2600795833333e-05
TRXUSD,1761555600000,-8.978722222222e-06
TRXUSD,1761559200000,-7.695531944444e-06
TRXUSD,1761562800000,-6.673544444444e-06
TRXUSD,1761566400000,-1.1321606944444e-05
TRXUSD,1761570000000,-1.6249486111111e-05
TRXUSD,1761573600000,-1.8452694444444e-05
TRXUSD,1761577200000,-2.7414415277778e-05
TRXUSD,1761580800000,-1.6768726388889e-05
TRXUSD,1761584400000,3.831604166667e-06
TRXUSD,1761588000000,4.638115277778e-06
TRXUSD,1761591600000,-2.880509722222e-06
TRXUSD,1761595200000,-3.873743055556e-06
TRXUSD,1761598800000,-1.531094444444e-06
TRXUSD,1761602400000,2.773070833333e-06
TRXUSD,1761606000000,-8.909547222222e-06
TRXUSD,1761609600000,-3.014702777778e-06
TRXUSD,1761613200000,1.398854166667e-06
TRXUSD,1761616800000,-8.66645833333e-07
TRXUSD,1761620400000,-8.104898611111e-06
TRXUSD,1761624000000,-1.0414633333333e-05
TRXUSD,1761627600000,-1.5517258333333e-05
TRXUSD,1761631200000,-1.4042448611111e-05
TRXUSD,1761634800000,-3.1561681944444e-05
TRXUSD,1761638400000,-1.3131168055556e-05
TRXUSD,1761642000000,-8.95768055556e-07
TRXUSD,1761645600000,-7.695425e-06
TRXUSD,1761649200000,-1.0466886111111e-05
TRXUSD,1761652800000,-1.38732875e-05
TRXUSD,1761656400000,-1.3015523611111e-05
TRXUSD,1761660000000,-1.189593055556e-06
TRXUSD,1761663600000,-7.573556944444e-06
TRXUSD,1761667200000,-8.99645e-06
TRXUSD,1761670800000,-8.587433333333e-06
TRXUSD,1761674400000,-3.708956944444e-06
TRXUSD,1761678000000,-1.6821554166667e-05
TRXUSD,1761681600000,-1.2964652777778e-05
TRXUSD,1761685200000,-3.2356204166667e-05
TRXUSD,1761688800000,-4.0176673611111e-05
TRXUSD,1761692400000,-2.3941923611111e-05
TRXUSD,1761696000000,-1.1096755555556e-05
TRXUSD,1761699600000,-7.375238888889e-06
TRXUSD,1761703200000,-5.801944444444e-06
TRXUSD,1761706800000,-5.356444444444e-06
TRXUSD,1761710400000,-2.907995833333e-06
TRXUSD,1761714000000,-9.974173611111e-06
TRXUSD,1761717600000,5.54655e-06
TRXUSD,1761721200000,-9.65176388889e-07
TRXUSD,1761724800000,-1.351158333333e-06
TRXUSD,1761728400000,-2.864875e-06
TRXUSD,1761732000000,-1.208465277778e-06
TRXUSD,1761735600000,-8.920786111111e-06
TRXUSD,1761739200000,-9.793773611111e-06
TRXUSD,1761742800000,-9.449491666667e-06
TRXUSD,1761746400000,-9.115573611111e-06
TRXUSD,1761750000000,-4.7591e-06
TRXUSD,1761753600000,-5.930370833333e-06
TRXUSD,1761757200000,-1.4157681944444e-05
TRXUSD,1761760800000,-3.343651388889e-06
TRXUSD,1761764400000,-1.7033784722222e-05
TRXUSD,1761768000000,-1.7572283333333e-05
TRXUSD,1761771600000,-2.1371991666667e-05
TRXUSD,1761775200000,-7.100577777778e-06
TRXUSD,1761778800000,-7.785640277778e-06
TRXUSD,1761782400000,-7.653884722222e-06
TRXUSD,1761786000000,7.7277625e-06
TRXUSD,1761789600000,4.378323611111e-06
TRXUSD,1761793200000,1.7237261111111e-05
TRXUSD,1761796800000,1.8947695833333e-05
TRXUSD,1761800400000,-4.395570833333e-06
TRXUSD,1761804000000,-3.576993055556e-06
TRXUSD,1761807600000,6.202930555556e-06
TRXUSD,1761811200000,8.418348611111e-06
TRXUSD,1761814800000,1.0305134722222e-05
TRXUSD,1761818400000,-3.435222222222e-06
TRXUSD,1761822000000,-9.058091666667e-06
TRXUSD,1761825600000,-4.306445833333e-06
TRXUSD,1761829200000,-8.052313888889e-06
TRXUSD,1761832800000,-1.6774326388889e-05
TRXUSD,1761836400000,-1.4010216666667e-05
TRXUSD,1761840000000,-1.4984181944444e-05
TRXUSD,1761843600000,-7.056520833333e-06
TRXUSD,1761847200000,-3.282225e-06
TRXUSD,1761850800000,-1.58165625e-05
TRXUSD,1761854400000,-2.3569826388889e-05
TRXUSD,1761858000000,-9.131845833333e-06
TRXUSD,1761861600000,-1.2574247222222e-05
TRXUSD,1761865200000,-4.950322222222e-06
TRXUSD,1761868800000,3.431365277778e-06
TRXUSD,1761872400000,1.7997125e-06
TRXUSD,1761876000000,7.233938888889e-06
TRXUSD,1761879600000,6.47745e-06
TRXUSD,1761883200000,2.329754166667e-06
TRXUSD,1761886800000,1.02655555556e-07
TRXUSD,1761890400000,8.321e-07
TRXUSD,1761894000000,4.015554166667e-06
TRXUSD,1761897600000,1.937020833333e-06
TRXUSD,1761901200000,3.10702777778e-07
TRXUSD,1761904800000,-6.430188888889e-06
TRXUSD,1761908400000,1.169906944444e-06
TRXUSD,1761912000000,1.731298611111e-06
TRXUSD,1761915600000,-1.10508333333e-07
TRXUSD,1761919200000,8.558738888889e-06
TRXUSD,1761922800000,-3.884426388889e-06
TRXUSD,1761926400000,5.939144444444e-06
TRXUSD,1761930000000,-9.795652777778e-06
TRXUSD,1761933600000,-6.556370833333e-06
TRXUSD,1761937200000,-2.521119444444e-06
TRXUSD,1761940800000,3.268369444444e-06
TRXUSD,1761944400000,1.324780555556e-06
TRXUSD,1761948000000,-1.4032095833333e-05
TRXUSD,1761951600000,-2.0734845833333e-05
TRXUSD,1761955200000,-1.1509908333333e-05
TRXUSD,1761958800000,2.9934625e-06
TRXUSD,1761962400000,-1.23190125e-05
TRXUSD,1761966000000,2.126359722222e-06
TRXUSD,1761969600000,-1.05829375e-05
TRXUSD,1761973200000,-6.301333333333e-06
TRXUSD,1761976800000,-3.4533668055556e-05
TRXUSD,1761980400000,-5.266468055556e-06
TRXUSD,1761984000000,-1.1200104166667e-05
TRXUSD,1761987600000,-9.624956944444e-06
TRXUSD,1761991200000,-2.245698611111e-06
TRXUSD,1761994800000,7.261458333333e-06
TRXUSD,1761998400000,-6.58605555556e-07
TRXUSD,1762002000000,-6.251493055556e-06
TRXUSD,1762005600000,7.545344444444e-06
TRXUSD,1762009200000,-8.36086111111e-07
TRXUSD,1762020000000,-0.00011720953442029
TRXUSD,1762023600000,-0.000111368226388889
TRXUSD,1762027200000,0.0025
TRXUSD,1762030800000,0.0025
TRXUSD,1762034400000,0.0025
TRXUSD,1762038000000,-3.0136522222222e-05
TRXUSD,1762041600000,-3.5880258064516e-05
TRXUSD,1762045200000,-3.0491166666667e-05
TRXUSD,1762048800000,-2.9278658333333e-05
TRXUSD,1762052400000,-3.0869331944444e-05
TRXUSD,1762059600000,-2.7955933333333e-05
TRXUSD,1762063200000,-3.04633875e-05
TRXUSD,1762066800000,-3.0491843055556e-05
TRXUSD,1762070400000,-2.4725229166667e-05
TRXUSD,1762074000000,-2.3900568055556e-05
TRXUSD,1762077600000,-2.6415369444444e-05
TRXUSD,1762081200000,-3.5092618055556e-05
TRXUSD,1762084800000,-2.7906525e-05
TRXUSD,1762088400000,-3.2179856944444e-05
TRXUSD,1762092000000,-3.1715783333333e-05
TRXUSD,1762095600000,-2.898385e-05
TRXUSD,1762099200000,-2.6897129166667e-05
TRXUSD,1762102800000,-2.5495283333333e-05
TRXUSD,1762106400000,-3.4079159722222e-05
TRXUSD,1762110000000,-2.4545826388889e-05
TRXUSD,1762113600000,-1.9049522222222e-05
TRXUSD,1762117200000,-1.6563241666667e-05
TRXUSD,1762120800000,-2.0643704166667e-05
TRXUSD,1762124400000,-2.02967625e-05
TRXUSD,1762128000000,-8.073390277778e-06
TRXUSD,1762131600000,-1.8913719444444e-05
TRXUSD,1762135200000,-2.2004269444444e-05
TRXUSD,1762138800000,-3.1064298611111e-05
TRXUSD,1762142400000,-4.2653459722222e-05
TRXUSD,1762146000000,-5.1817643055556e-05
TRXUSD,1762149600000,-4.29015e-05
TRXUSD,1762153200000,-4.5684844444444e-05
TRXUSD,1762156800000,-3.5444411111111e-05
TRXUSD,1762160400000,-3.4077868055556e-05
TRXUSD,1762164000000,-2.7182024038462e-05
TRXUSD,1762167600000,-1.4698672222222e-05
TRXUSD,1762171200000,6.030194444444e-06
TRXUSD,1762174800000,-5.570118055556e-06
TRXUSD,1762178400000,-1.0443888888889e-05
TRXUSD,1762182000000,-1.5096983333333e-05
TRXUSD,1762185600000,-2.8570141666667e-05
TRXUSD,1762189200000,-2.4412618055556e-05
TRXUSD,1762192800000,-2.1059501388889e-05
TRXUSD,1762196400000,-3.7989523611111e-05
TRXUSD,1762200000000,-3.3853991666667e-05
TRXUSD,1762203600000,-5.0307027777778e-05
TRXUSD,1762207200000,-0.000106507470833333
TRXUSD,1762210800000,-0.000108557133333333
TRXUSD,1762214400000,-9.9445375e-05
TRXUSD,1762218000000,-9.8364994444444e-05
TRXUSD,1762221600000,-8.8073736111111e-05
TRXUSD,1762225200000,-8.4319688888889e-05
TRXUSD,1762228800000,-9.0530905555556e-05
TRXUSD,1762232400000,-9.3563198611111e-05
TRXUSD,1762236000000,-0.000109252086111111
TRXUSD,1762239600000,-8.9485108333333e-05
TRXUSD,1762243200000,-0.000104184566666667
TRXUSD,1762246800000,-8.1504911111111e-05
TRXUSD,1762250400000,-7.6646227777778e-05
TRXUSD,1762254000000,-6.0594354166667e-05
TRXUSD,1762257600000,-6.5646102777778e-05
TRXUSD,1762261200000,-8.1312381944444e-05
TRXUSD,1762264800000,-8.9941947222222e-05
TRXUSD,1762268400000,-8.0530073611111e-05
TRXUSD,1762272000000,-6.2370869444444e-05
TRXUSD,1762275600000,-7.4634511111111e-05
TRXUSD,1762279200000,-7.5732133333333e-05
TRXUSD,1762282800000,-9.0960281944444e-05
TRXUSD,1762286400000,-8.5250966666667e-05
TRXUSD,1762290000000,-8.0166305555556e-05
TRXUSD,1762293600000,-7.2364738888889e-05
TRXUSD,1762297200000,-5.6179956944444e-05
TRXUSD,1762300800000,-5.4728081944444e-05
TRXUSD,1762304400000,-4.6998186111111e-05
TRXUSD,1762308000000,-5.8392455555556e-05
TRXUSD,1762311600000,-3.2180861111111e-05
TRXUSD,1762315200000,-2.1502205555556e-05
TRXUSD,1762318800000,-3.0836636111111e-05
TRXUSD,1762322400000,-2.83617125e-05
TRXUSD,1762326000000,-2.6346747222222e-05
TRXUSD,1762329600000,-3.2629079166667e-05
TRXUSD,1762333200000,-3.9231152777778e-05
TRXUSD,1762336800000,-2.45109375e-05
TRXUSD,1762340400000,-2.2044347222222e-05
TRXUSD,1762344000000,-1.4427047222222e-05
TRXUSD,1762347600000,-2.2261351388889e-05
TRXUSD,1762351200000,-2.5780155555556e-05
TRXUSD,1762354800000,-3.16180125e-05
TRXUSD,1762358400000,-2.8329423611111e-05
TRXUSD,1762362000000,-2.0341265277778e-05
TRXUSD,1762365600000,-1.6579659722222e-05
TRXUSD,1762369200000,-1.4244916666667e-05
TRXUSD,1762372800000,-1.45459375e-05
TRXUSD,1762376400000,-9.420186111111e-06
TRXUSD,1762380000000,-1.6761458333333e-05
TRXUSD,1762383600000,-1.9890506944444e-05
TRXUSD,1762387200000,-1.5506676388889e-05
TRXUSD,1762390800000,-1.86708125e-05
TRXUSD,1762394400000,-1.9289151388889e-05
TRXUSD,1762398000000,-2.0458455555556e-05
TRXUSD,1762401600000,-1.7139419444444e-05
TRXUSD,1762405200000,-2.1622116666667e-05
TRXUSD,1762408800000,-3.66660625e-05
TRXUSD,1762412400000,-3.2585795833333e-05
TRXUSD,1762416000000,-3.2029209722222e-05
TRXUSD,1762419600000,-2.6133281944444e-05
TRXUSD,1762423200000,-1.5254944444444e-05
TRXUSD,1762426800000,-1.2206398611111e-05
TRXUSD,1762430400000,-2.1278973611111e-05
TRXUSD,1762434000000,-2.5609515277778e-05
TRXUSD,1762437600000,-1.5323398611111e-05
TRXUSD,1762441200000,-3.0230493055556e-05
TRXUSD,1762444800000,-3.8433963888889e-05
TRXUSD,1762448400000,-3.2030954166667e-05
TRXUSD,1762452000000,-3.9773431944444e-05
TRXUSD,1762455600000,-2.6259730555556e-05
TRXUSD,1762459200000,-2.7215316666667e-05
TRXUSD,1762462800000,-3.0637463888889e-05
TRXUSD,1762466400000,-2.9337222222222e-05
TRXUSD,1762470000000,-2.416769444444e-06
TRXUSD,1762473600000,1.2575026388889e-05
TRXUSD,1762477200000,8.598095833333e-06
TRXUSD,1762480800000,1.2458176388889e-05
TRXUSD,1762484400000,1.3002694444444e-05
TRXUSD,1762488000000,2.5790158333333e-05
TRXUSD,1762491600000,2.1897120833333e-05
TRXUSD,1762495200000,3.4646480555556e-05
TRXUSD,1762498800000,4.6337927777778e-05
TRXUSD,1762502400000,3.0669295833333e-05
TRXUSD,1762506000000,3.0740213888889e-05
TRXUSD,1762509600000,2.6530088888889e-05
TRXUSD,1762513200000,2.1184523611111e-05
TRXUSD,1762516800000,1.3434927777778e-05
TRXUSD,1762520400000,3.5996894444444e-05
TRXUSD,1762524000000,1.4990423611111e-05
TRXUSD,1762527600000,1.2979804166667e-05
TRXUSD,1762531200000,2.6861356944444e-05
TRXUSD,1762534800000,4.0035436111111e-05
TRXUSD,1762538400000,3.4185563888889e-05
TRXUSD,1762542000000,3.2197865277778e-05
TRXUSD,1762545600000,3.3693768055556e-05
TRXUSD,1762549200000,3.8736273611111e-05
TRXUSD,1762552800000,3.1984220833333e-05
TRXUSD,1762556400000,3.9005201388889e-05
TRXUSD,1762560000000,3.6702561111111e-05
TRXUSD,1762563600000,2.8026430555556e-05
TRXUSD,1762567200000,2.8832356944444e-05
TRXUSD,1762570800000,4.1217465277778e-05
TRXUSD,1762574400000,3.4835268817204e-05
TRXUSD,1762578000000,2.9017744623656e-05
TRXUSD,1762581600000,2.4335926388889e-05
TRXUSD,1762585200000,2.6268194444444e-05
TRXUSD,1762588800000,2.9865047222222e-05
TRXUSD,1762592400000,2.6493611111111e-05
TRXUSD,1762596000000,3.1264173611111e-05
TRXUSD,1762599600000,2.8495173611111e-05
TRXUSD,1762603200000,2.2928179166667e-05
TRXUSD,1762606800000,2.6426529166667e-05
TRXUSD,1762610400000,3.8724616666667e-05
TRXUSD,1762614000000,4.4083844444444e-05
TRXUSD,1762617600000,2.188156944444e-06
TRXUSD,1762621200000,-7.847404166667e-06
TRXUSD,1762624800000,1.8854213888889e-05
TRXUSD,1762628400000,-6.227016129032e-06
TRXUSD,1762632000000,9.693603494624e-06
TRXUSD,1762635600000,-7.672830555556e-06
TRXUSD,1762639200000,2.1354256944444e-05
TRXUSD,1762642800000,2.350522222222e-06
TRXUSD,1762646400000,5.6762875e-06
TRXUSD,1762650000000,1.7432590277778e-05
TRXUSD,1762653600000,2.3219655555556e-05
TRXUSD,1762657200000,-4.111970833333e-06
TRXUSD,1762660800000,1.3504715053763e-05
TRXUSD,1762664400000,-1.0808116935484e-05
TRXUSD,1762668000000,1.54324e-05
TRXUSD,1762671600000,-8.588698611111e-06
TRXUSD,1762675200000,2.2025169444444e-05
TRXUSD,1762678800000,-1.1608913888889e-05
TRXUSD,1762682400000,1.6260723611111e-05
TRXUSD,1762686000000,1.1952836111111e-05
TRXUSD,1762689600000,-1.8850597222222e-05
TRXUSD,1762693200000,1.3682741666667e-05
TRXUSD,1762696800000,-2.815997222222e-06
TRXUSD,1762700400000,1.7580476388889e-05
TRXUSD,1762704000000,1.8707194444444e-05
TRXUSD,1762707600000,2.3369955555556e-05
TRXUSD,1762711200000,1.6514943055556e-05
TRXUSD,1762714800000,7.9365375e-06
TRXUSD,1762718400000,4.821802777778e-06
TRXUSD,1762722000000,1.47987125e-05
TRXUSD,1762725600000,1.2774476388889e-05
TRXUSD,1762729200000,8.535665277778e-06
TRXUSD,1762732800000,1.1706636111111e-05
TRXUSD,1762736400000,1.3243159722222e-05
TRXUSD,1762740000000,4.743736111111e-06
TRXUSD,1762743600000,1.1289784722222e-05
TRXUSD,1762747200000,1.1560451388889e-05
TRXUSD,1762750800000,1.6324005555556e-05
TRXUSD,1762754400000,1.2330423611111e-05
TRXUSD,1762758000000,1.371797043011e-06
TRXUSD,1762761600000,4.178862903226e-06
TRXUSD,1762765200000,-4.90077777778e-07
TRXUSD,1762768800000,8.593127777778e-06
TRXUSD,1762772400000,8.65969444444e-07
TRXUSD,1762776000000,3.170413888889e-06
TRXUSD,1762779600000,9.7824125e-06
TRXUSD,1762783200000,4.462781944444e-06
TRXUSD,1762786800000,2.197218055556e-06
TRXUSD,1762790400000,-2.320591666667e-06
TRXUSD,1762794000000,2.171181944444e-06
TRXUSD,1762797600000,-1.127483333333e-06
TRXUSD,1762801200000,-2.743061111111e-06
TRXUSD,1762804800000,4.183756944444e-06
TRXUSD,1762808400000,4.441986111111e-06
TRXUSD,1762812000000,2.737501388889e-06
TRXUSD,1762815600000,9.167727777778e-06
TRXUSD,1762819200000,4.350698611111e-06
TRXUSD,1762822800000,1.0516602150538e-05
TRXUSD,1762826400000,7.773084677419e-06
TRXUSD,1762830000000,8.574123611111e-06
TRXUSD,1762833600000,1.68493625e-05
TRXUSD,1762837200000,4.644804166667e-06
TRXUSD,1762840800000,9.11063888889e-07
TRXUSD,1762844400000,5.866502777778e-06
TRXUSD,1762848000000,2.58788888889e-07
TRXUSD,1762851600000,2.668827777778e-06
TRXUSD,1762855200000,1.9833494444444e-05
TRXUSD,1762858800000,9.206851388889e-06
TRXUSD,1762862400000,3.433938888889e-06
TRXUSD,1762866000000,9.935131944444e-06
TRXUSD,1762869600000,6.319758333333e-06
TRXUSD,1762873200000,6.549797222222e-06
TRXUSD,1762876800000,4.323520833333e-06
TRXUSD,1762880400000,-1.999793055556e-06
TRXUSD,1762884000000,1.541252777778e-06
TRXUSD,1762887600000,6.769404166667e-06
TRXUSD,1762891200000,-1.1315004166667e-05
TRXUSD,1762894800000,1.685830555556e-06
TRXUSD,1762898400000,-4.394430555556e-06
TRXUSD,1762902000000,-1.672194444444e-06
TRXUSD,1762905600000,1.313620967742e-06
TRXUSD,1762909200000,-9.384916666667e-06
TRXUSD,1762912800000,8.802193055556e-06
TRXUSD,1762916400000,3.248211111111e-06
TRXUSD,1762920000000,6.9064875e-06
TRXUSD,1762923600000,2.806765277778e-06
TRXUSD,1762927200000,8.225283333333e-06
TRXUSD,1762930800000,3.25275e-07
TRXUSD,1762934400000,-1.5129793055556e-05
TRXUSD,1762938000000,-8.988026388889e-06
TRXUSD,1762941600000,5.075888888889e-06
TRXUSD,1762945200000,5.728159722222e-06
TRXUSD,1762948800000,5.554594444444e-06
TRXUSD,1762952400000,6.83051388889e-07
TRXUSD,1762956000000,7.02e-07
TRXUSD,1762959600000,-1.1050193055556e-05
TRXUSD,1762963200000,-1.09868e-05
TRXUSD,1762966800000,-1.8323251388889e-05
TRXUSD,1762970400000,-6.011298611111e-06
TRXUSD,1762974000000,-1.0636890277778e-05
TRXUSD,1762977600000,-2.0209056944444e-05
TRXUSD,1762981200000,-7.119993055556e-06
TRXUSD,1762984800000,-6.894938888889e-06
TRXUSD,1762988400000,-1.1873580555556e-05
TRXUSD,1762992000000,-1.2631656944444e-05
TRXUSD,1762995600000,-8.416644444444e-06
TRXUSD,1762999200000,-7.930370833333e-06
TRXUSD,1763002800000,-5.249805555556e-06
TRXUSD,1763006400000,-2.029973611111e-06
TRXUSD,1763010000000,6.293484722222e-06
TRXUSD,1763013600000,9.266347222222e-06
TRXUSD,1763017200000,1.39956375e-05
TRXUSD,1763020800000,1.6100354166667e-05
TRXUSD,1763024400000,1.4725171296296e-05
TRXUSD,1763028000000,-1.6193465277778e-05
TRXUSD,1763031600000,2.418258333333e-06
TRXUSD,1763035200000,-3.166641666667e-06
TRXUSD,1763038800000,-8.2443e-06
TRXUSD,1763042400000,-4.256441666667e-06
TRXUSD,1763046000000,-6.734881944444e-06
TRXUSD,1763049600000,-4.099495833333e-06
TRXUSD,1763053200000,-5.271784722222e-06
TRXUSD,1763056800000,-1.6520015277778e-05
TRXUSD,1763060400000,-2.2754530555556e-05
TRXUSD,1763064000000,-1.8283388888889e-05
TRXUSD,1763067600000,-3.0387793055556e-05
TRXUSD,1763071200000,-1.6856065277778e-05
TRXUSD,1763074800000,-1.4360936111111e-05
TRXUSD,1763078400000,-2.673236111111e-06
TRXUSD,1763082000000,4.973819444444e-06
TRXUSD,1763085600000,-1.0239534722222e-05
TRXUSD,1763089200000,-2.317568055556e-06
TRXUSD,1763092800000,-1.2158934722222e-05
TRXUSD,1763096400000,-2.8654702777778e-05
TRXUSD,1763100000000,-1.1766516666667e-05
TRXUSD,1763103600000,-3.809597222222e-06
TRXUSD,1763107200000,4.238220833333e-06
TRXUSD,1763110800000,6.337318055556e-06
TRXUSD,1763114400000,-1.653777777778e-06
TRXUSD,1763118000000,6.883833333333e-06
TRXUSD,1763121600000,3.14576612903e-07
TRXUSD,1763125200000,-1.4583875e-05
TRXUSD,1763128800000,-3.9059625e-06
TRXUSD,1763132400000,1.3014668055556e-05
TRXUSD,1763136000000,2.0853720833333e-05
TRXUSD,1763139600000,2.9097061827957e-05
TRXUSD,1763143200000,1.7743525537634e-05
TRXUSD,1763146800000,3.723577777778e-06
TRXUSD,1763150400000,1.4422186111111e-05
TRXUSD,1763154000000,-1.662919444444e-06
TRXUSD,1763157600000,1.064095e-05
TRXUSD,1763161200000,9.525027777778e-06
TRXUSD,1763164800000,1.989783333333e-06
TRXUSD,1763168400000,1.2861336111111e-05
TRXUSD,1763172000000,8.249129166667e-06
TRXUSD,1763175600000,1.3629552777778e-05
TRXUSD,1763179200000,5.246466666667e-06
TRXUSD,1763182800000,6.70040277778e-07
TRXUSD,1763186400000,3.58886111111e-07
TRXUSD,1763190000000,1.349773611111e-06
TRXUSD,1763193600000,7.1832e-06
TRXUSD,1763197200000,-2.337408333333e-06
TRXUSD,1763200800000,1.5107059722222e-05
TRXUSD,1763204400000,3.7526e-06
TRXUSD,1763208000000,9.90975e-07
TRXUSD,1763211600000,8.113133333333e-06
TRXUSD,1763215200000,1.0035656944444e-05
TRXUSD,1763218800000,1.2818125e-05
TRXUSD,1763222400000,9.150719444444e-06
TRXUSD,1763226000000,4.964318055556e-06
TRXUSD,1763229600000,1.0402720833333e-05
TRXUSD,1763233200000,9.888886111111e-06
TRXUSD,1763236800000,1.773268055556e-06
TRXUSD,1763240400000,-7.074673387097e-06
TRXUSD,1763244000000,-5.28885752688e-07
TRXUSD,1763247600000,2.486363888889e-06
TRXUSD,1763251200000,-1.156194444444e-06
TRXUSD,1763254800000,3.628659722222e-06
TRXUSD,1763258400000,3.104070833333e-06
TRXUSD,1763262000000,6.664502777778e-06
TRXUSD,1763265600000,1.7384518055556e-05
TRXUSD,1763269200000,1.1908625e-05
TRXUSD,1763272800000,1.2081740277778e-05
TRXUSD,1763276400000,1.4863997222222e-05
TRXUSD,1763280000000,2.1098775e-05
TRXUSD,1763283600000,2.4341151388889e-05
TRXUSD,1763287200000,1.5882404166667e-05
TRXUSD,1763290800000,2.737665e-05
TRXUSD,1763294400000,1.0305525e-05
TRXUSD,1763298000000,1.3664243055556e-05
TRXUSD,1763301600000,7.0019e-06
TRXUSD,1763305200000,5.744513888889e-06
TRXUSD,1763308800000,1.677131944444e-06
TRXUSD,1763312400000,-6.969306944444e-06
TRXUSD,1763316000000,-4.701527777778e-06
TRXUSD,1763319600000,-3.726168055556e-06
TRXUSD,1763323200000,-4.00304166667e-07
TRXUSD,1763326800000,-1.669251388889e-06
TRXUSD,1763330400000,3.13252777778e-07
TRXUSD,1763334000000,1.4228565277778e-05
TRXUSD,1763337600000,1.4524840277778e-05
TRXUSD,1763341200000,1.1825847222222e-05
TRXUSD,1763344800000,8.500527777778e-06
TRXUSD,1763348400000,1.2993241666667e-05
TRXUSD,1763352000000,1.9398883333333e-05
TRXUSD,1763355600000,1.0464638888889e-05
TRXUSD,1763359200000,7.237047222222e-06
TRXUSD,1763362800000,6.868897222222e-06
TRXUSD,1763366400000,1.897768055556e-06
TRXUSD,1763370000000,6.281872222222e-06
TRXUSD,1763373600000,1.1015393055556e-05
TRXUSD,1763377200000,1.2010308333333e-05
TRXUSD,1763380800000,1.4256979166667e-05
TRXUSD,1763384400000,8.275393055556e-06
TRXUSD,1763388000000,-1.3741416666667e-05
TRXUSD,1763391600000,9.698391666667e-06
TRXUSD,1763395200000,4.386847222222e-06
TRXUSD,1763398800000,1.2255638888889e-05
TRXUSD,1763402400000,-1.3738875e-06
TRXUSD,1763406000000,6.975784722222e-06
TRXUSD,1763409600000,-1.20110625e-05
TRXUSD,1763413200000,-6.520780555556e-06
TRXUSD,1763416800000,9.536241666667e-06
TRXUSD,1763420400000,8.363686111111e-06
TRXUSD,1763424000000,1.4346077777778e-05
TRXUSD,1763427600000,6.830098611111e-06
TRXUSD,1763431200000,8.717084722222e-06
TRXUSD,1763434800000,3.946747222222e-06
TRXUSD,1763438400000,-2.8013625e-06
TRXUSD,1763442000000,1.1878240277778e-05
TRXUSD,1763445600000,3.956723611111e-06
TRXUSD,1763449200000,-2.221993055556e-06
TRXUSD,1763452800000,1.05216625e-05
TRXUSD,1763456400000,1.1379815277778e-05
TRXUSD,1763460000000,8.427102777778e-06
TRXUSD,1763463600000,2.8620809722222e-05
TRXUSD,1763467200000,2.3678609722222e-05
TRXUSD,1763470800000,1.1608740277778e-05
TRXUSD,1763474400000,6.48465e-06
TRXUSD,1763478000000,3.712675e-06
TRXUSD,1763481600000,7.043063888889e-06
TRXUSD,1763485200000,1.1055772222222e-05
TRXUSD,1763488800000,8.356720833333e-06
TRXUSD,1763492400000,6.721736111111e-06
TRXUSD,1763496000000,1.0333776388889e-05
TRXUSD,1763499600000,2.934113888889e-06
TRXUSD,1763503200000,-1.1342394444444e-05
TRXUSD,1763506800000,6.54091666667e-07
TRXUSD,1763510400000,-4.526344444444e-06
TRXUSD,1763514000000,-9.645994444444e-06
TRXUSD,1763517600000,7.167973611111e-06
TRXUSD,1763521200000,1.1068608333333e-05
TRXUSD,1763524800000,2.6103714285714e-05
TRXUSD,1763532000000,-3.2246206597222e-05
TRXUSD,1763535600000,-2.4696845833333e-05
TRXUSD,1763539200000,1.710740277778e-06
TRXUSD,1763542800000,-4.002661111111e-06
TRXUSD,1763546400000,6.304529166667e-06
TRXUSD,1763550000000,5.631627777778e-06
TRXUSD,1763553600000,5.710513888889e-06
TRXUSD,1763557200000,4.179270833333e-06
TRXUSD,1763560800000,-5.373273611111e-06
TRXUSD,1763564400000,-5.785444444444e-06
TRXUSD,1763568000000,-9.848198611111e-06
TRXUSD,1763571600000,1.35410125e-05
TRXUSD,1763575200000,1.857106944444e-06
TRXUSD,1763578800000,2.46415e-06
TRXUSD,1763582400000,2.5524991666667e-05
TRXUSD,1763586000000,2.0371943055556e-05
TRXUSD,1763589600000,3.438183333333e-06
TRXUSD,1763593200000,1.1840021505376e-05
TRXUSD,1763596800000,2.0409349462366e-05
TRXUSD,1763600400000,2.0080140277778e-05
TRXUSD,1763604000000,1.8654998611111e-05
TRXUSD,1763607600000,1.6290877777778e-05
TRXUSD,1763611200000,9.901123611111e-06
TRXUSD,1763614800000,1.03138125e-05
TRXUSD,1763618400000,1.454138172043e-05
TRXUSD,1763622000000,1.4099021505376e-05
TRXUSD,1763625600000,1.66156875e-05
TRXUSD,1763629200000,1.5054465277778e-05
TRXUSD,1763632800000,5.954884408602e-06
TRXUSD,1763636400000,8.84112903226e-07
TRXUSD,1763640000000,3.049963888889e-06
TRXUSD,1763643600000,3.641877777778e-06
TRXUSD,1763647200000,-1.1853280555556e-05
TRXUSD,1763650800000,-1.3889684722222e-05
TRXUSD,1763654400000,-1.1929630555556e-05
TRXUSD,1763658000000,-1.7410470833333e-05
TRXUSD,1763661600000,-4.671097222222e-06
TRXUSD,1763665200000,-2.0505152777778e-05
TRXUSD,1763668800000,-2.5036541666667e-05
TRXUSD,1763672400000,-1.6957594444444e-05
TRXUSD,1763676000000,-1.2746629166667e-05
TRXUSD,1763679600000,-4.375943055556e-06
TRXUSD,1763683200000,-5.644020833333e-06
TRXUSD,1763686800000,7.890393055556e-06
TRXUSD,1763690400000,4.292793055556e-06
TRXUSD,1763694000000,-1.0853259408602e-05
TRXUSD,1763697600000,-2.221326612903e-06
TRXUSD,1763701200000,6.861284722222e-06
TRXUSD,1763704800000,1.2057686111111e-05
TRXUSD,1763708400000,1.1118731182796e-05
TRXUSD,1763712000000,-1.786946236559e-06
TRXUSD,1763715600000,6.307826388889e-06
TRXUSD,1763719200000,-2.449880376344e-06
TRXUSD,1763722800000,-5.725505376344e-06
TRXUSD,1763726400000,6.42113888889e-07
TRXUSD,1763730000000,-2.4493e-06
TRXUSD,1763733600000,1.2864676388889e-05
TRXUSD,1763737200000,6.543829166667e-06
TRXUSD,1763740800000,-6.128911111111e-06
TRXUSD,1763744400000,2.723158333333e-06
TRXUSD,1763748000000,7.383893055556e-06
TRXUSD,1763751600000,-7.848513888889e-06
TRXUSD,1763755200000,-7.762156944444e-06
TRXUSD,1763758800000,-2.66725125e-05
TRXUSD,1763762400000,6.213743055556e-06
TRXUSD,1763766000000,-1.2047356944444e-05
TRXUSD,1763769600000,4.433390277778e-06
TRXUSD,1763773200000,1.7426111111111e-05
TRXUSD,1763776800000,1.6605769444444e-05
TRXUSD,1763780400000,5.691876388889e-06
TRXUSD,1763784000000,1.6005493055556e-05
TRXUSD,1763787600000,-5.808556944444e-06
TRXUSD,1763791200000,1.2810057795699e-05
TRXUSD,1763794800000,1.7879998655914e-05
TRXUSD,1763798400000,1.7310688888889e-05
TRXUSD,1763802000000,1.751826388889e-06
TRXUSD,1763805600000,8.888895833333e-06
TRXUSD,1763809200000,-3.91061111111e-07
TRXUSD,1763812800000,1.4484125e-05
TRXUSD,1763816400000,3.455836111111e-06
TRXUSD,1763820000000,1.17741666667e-07
TRXUSD,1763823600000,1.0221965277778e-05
TRXUSD,1763827200000,-5.259795833333e-06
TRXUSD,1763830800000,9.619815277778e-06
TRXUSD,1763834400000,-2.56376388889e-07
TRXUSD,1763838000000,1.273613888889e-06
TRXUSD,1763841600000,5.974772222222e-06
TRXUSD,1763845200000,-4.198666666667e-06
TRXUSD,1763848800000,9.917580555556e-06
TRXUSD,1763852400000,1.5427575e-05
TRXUSD,1763856000000,1.50036875e-05
TRXUSD,1763859600000,3.038552777778e-06
TRXUSD,1763863200000,1.2873433333333e-05
TRXUSD,1763866800000,8.964929166667e-06
TRXUSD,1763870400000,1.0182725e-05
TRXUSD,1763874000000,1.4957847222222e-05
TRXUSD,1763877600000,9.317929166667e-06
TRXUSD,1763881200000,-8.87019444444e-07
TRXUSD,1763884800000,-3.242747222222e-06
TRXUSD,1763888400000,8.138625e-06
TRXUSD,1763892000000,2.678373611111e-06
TRXUSD,1763895600000,7.074161111111e-06
TRXUSD,1763899200000,-2.472901388889e-06
TRXUSD,1763902800000,7.308440277778e-06
TRXUSD,1763906400000,9.819186111111e-06
TRXUSD,1763910000000,9.879854166667e-06
TRXUSD,1763913600000,8.253616666667e-06
TRXUSD,1763917200000,2.0261806944444e-05
TRXUSD,1763920800000,1.3669413888889e-05
TRXUSD,1763924400000,5.857547222222e-06
TRXUSD,1763928000000,1.2003302777778e-05
TRXUSD,1763931600000,1.7530323611111e-05
TRXUSD,1763935200000,1.8319361111111e-05
TRXUSD,1763938800000,2.0014847222222e-05
TRXUSD,1763942400000,2.158368055556e-06
TRXUSD,1763946000000,5.256463888889e-06
TRXUSD,1763949600000,1.342975e-05
TRXUSD,1763953200000,2.1838248611111e-05
TRXUSD,1763956800000,1.9181375e-05
TRXUSD,1763960400000,1.9428168010753e-05
TRXUSD,1763964000000,1.8293568548387e-05
TRXUSD,1763967600000,1.1314144444444e-05
TRXUSD,1763971200000,1.7468306944444e-05
TRXUSD,1763974800000,7.618290277778e-06
TRXUSD,1763978400000,9.770363888889e-06
TRXUSD,1763982000000,1.6188569444444e-05
TRXUSD,1763985600000,9.999362903226e-06
TRXUSD,1763989200000,1.190116935484e-06
TRXUSD,1763992800000,7.015140277778e-06
TRXUSD,1763996400000,7.864297222222e-06
TRXUSD,1764000000000,4.1760375e-06
TRXUSD,1764003600000,-1.478536111111e-06
TRXUSD,1764007200000,1.5328418055556e-05
TRXUSD,1764010800000,1.2504643055556e-05
TRXUSD,1764014400000,1.45636111111e-07
TRXUSD,1764018000000,2.473825e-06
TRXUSD,1764021600000,-7.525994444444e-06
TRXUSD,1764025200000,9.21968055556e-07
TRXUSD,1764028800000,-9.529231944444e-06
TRXUSD,1764032400000,-7.329505555556e-06
TRXUSD,1764036000000,-1.0452383333333e-05
TRXUSD,1764039600000,-2.9920202777778e-05
TRXUSD,1764043200000,-3.4986815277778e-05
TRXUSD,1764046800000,-1.1984723611111e-05
TRXUSD,1764050400000,-1.7182063888889e-05
TRXUSD,1764054000000,-1.7832059722222e-05
TRXUSD,1764057600000,-5.488586111111e-06
TRXUSD,1764061200000,7.46034722222e-07
TRXUSD,1764064800000,-1.7352325e-05
TRXUSD,1764068400000,-2.3806804166667e-05
TRXUSD,1764072000000,-2.0989625e-05
TRXUSD,1764075600000,-1.7644383333333e-05
TRXUSD,1764079200000,-3.0146338888889e-05
TRXUSD,1764082800000,-2.6855168055556e-05
TRXUSD,1764086400000,-2.4035097222222e-05
TRXUSD,1764090000000,-8.081963888889e-06
TRXUSD,1764093600000,-5.527818055556e-06
TRXUSD,1764097200000,7.67341666667e-07
TRXUSD,1764100800000,-1.1097095833333e-05
TRXUSD,1764104400000,2.48193055556e-07
TRXUSD,1764108000000,-8.292086111111e-06
TRXUSD,1764111600000,1.0213548387097e-05
TRXUSD,1764115200000,1.751552419355e-06
TRXUSD,1764118800000,-4.54979166667e-07
TRXUSD,1764122400000,3.867195833333e-06
TRXUSD,1764126000000,2.225648611111e-06
TRXUSD,1764129600000,-9.691125e-07
TRXUSD,1764133200000,1.18976388889e-07
TRXUSD,1764136800000,7.750197222222e-06
TRXUSD,1764140400000,9.93904166667e-07
TRXUSD,1764144000000,9.044444444444e-06
TRXUSD,1764147600000,-1.815619791667e-06
TRXUSD,1764151200000,-3.814202777778e-06
TRXUSD,1764154800000,9.616330555556e-06
TRXUSD,1764158400000,-3.285326388889e-06
TRXUSD,1764162000000,4.5860125e-06
TRXUSD,1764165600000,2.036248611111e-06
TRXUSD,1764169200000,1.197356944444e-06
TRXUSD,1764172800000,-4.534481944444e-06
TRXUSD,1764176400000,3.63641129032e-07
TRXUSD,1764180000000,-1.8047420698925e-05
TRXUSD,1764183600000,8.040568055556e-06
TRXUSD,1764187200000,3.464227777778e-06
TRXUSD,1764190800000,1.2356515277778e-05
TRXUSD,1764194400000,1.1987720833333e-05
TRXUSD,1764198000000,9.656002777778e-06
TRXUSD,1764201600000,1.187541666667e-06
TRXUSD,1764205200000,-2.211565277778e-06
TRXUSD,1764208800000,1.3146234722222e-05
TRXUSD,1764212400000,5.587522222222e-06
TRXUSD,1764216000000,1.2944672043011e-05
TRXUSD,1764219600000,1.291011155914e-05
TRXUSD,1764223200000,-2.578073611111e-06
TRXUSD,1764226800000,1.1042490277778e-05
TRXUSD,1764230400000,1.0414976388889e-05
TRXUSD,1764234000000,1.2109171875e-05
TRXUSD,1764237600000,8.788269444444e-06
TRXUSD,1764241200000,2.065279166667e-06
TRXUSD,1764244800000,9.991844444444e-06
TRXUSD,1764248400000,1.0561842948718e-05
TRXUSD,1764252000000,4.268506944444e-06
TRXUSD,1764255600000,5.606993055556e-06
TRXUSD,1764259200000,6.834454166667e-06
TRXUSD,1764262800000,9.346386111111e-06
TRXUSD,1764266400000,1.1119555555556e-05
TRXUSD,1764270000000,8.2490875e-06
TRXUSD,1764273600000,1.3828704166667e-05
TRXUSD,1764277200000,7.057036111111e-06
TRXUSD,1764280800000,7.47305e-06
TRXUSD,1764284400000,7.700090277778e-06
TRXUSD,1764288000000,6.110616666667e-06
TRXUSD,1764291600000,4.949319444444e-06
TRXUSD,1764295200000,1.3454476388889e-05
TRXUSD,1764298800000,8.420345833333e-06
TRXUSD,1764302400000,1.3528770833333e-05
TRXUSD,1764306000000,1.1200377777778e-05
TRXUSD,1764309600000,6.285801388889e-06
TRXUSD,1764313200000,-1.122583333333e-06
TRXUSD,1764316800000,3.872779166667e-06
TRXUSD,1764320400000,-1.0887951388889e-05
TRXUSD,1764324000000,9.922586111111e-06
TRXUSD,1764327600000,4.3143375e-06
TRXUSD,1764331200000,1.1871225e-05
TRXUSD,1764334800000,-1.2983375e-06
TRXUSD,1764338400000,3.274525e-06
TRXUSD,1764342000000,-1.2420818055556e-05
TRXUSD,1764345600000,-3.059594444444e-06
TRXUSD,1764349200000,-2.6579875e-06
TRXUSD,1764352800000,-6.837169444444e-06
TRXUSD,1764356400000,4.296025e-06
TRXUSD,1764360000000,9.1405555556e-08
TRXUSD,1764363600000,-3.77406944444e-07
TRXUSD,1764367200000,2.698879166667e-06
TRXUSD,1764370800000,3.536129166667e-06
TRXUSD,1764374400000,4.761176388889e-06
TRXUSD,1764378000000,1.0267265277778e-05
TRXUSD,1764381600000,-4.77047222222e-07
TRXUSD,1764385200000,5.638506944444e-06
TRXUSD,1764388800000,-1.0539645833333e-05
TRXUSD,1764392400000,4.1655875e-06
TRXUSD,1764396000000,-4.3752375e-06
TRXUSD,1764399600000,-3.992259722222e-06
TRXUSD,1764403200000,1.726844444444e-06
TRXUSD,1764406800000,7.67338888889e-07
TRXUSD,1764410400000,-7.758470833333e-06
TRXUSD,1764414000000,4.200969444444e-06
TRXUSD,1764417600000,9.61875e-08
TRXUSD,1764421200000,-3.596913888889e-06
TRXUSD,1764424800000,-2.649559722222e-06
TRXUSD,1764428400000,9.1350625e-06
TRXUSD,1764432000000,-2.291511111111e-06
TRXUSD,1764435600000,7.096079166667e-06
TRXUSD,1764439200000,-3.872270833333e-06
TRXUSD,1764442800000,1.2241416666667e-05
TRXUSD,1764446400000,2.099415277778e-06
TRXUSD,1764450000000,5.392626388889e-06
TRXUSD,1764453600000,-5.63920833333e-07
TRXUSD,1764457200000,9.938251388889e-06
TRXUSD,1764460800000,9.798219444444e-06
TRXUSD,1764464400000,1.0091444444444e-05
TRXUSD,1764468000000,9.484813888889e-06
TRXUSD,1764471600000,8.429006944444e-06
TRXUSD,1764475200000,6.184211111111e-06
TRXUSD,1764478800000,1.0864706944444e-05
TRXUSD,1764482400000,8.825943055556e-06
TRXUSD,1764486000000,1.6851294444444e-05
TRXUSD,1764489600000,8.020322222222e-06
TRXUSD,1764493200000,7.189644444444e-06
TRXUSD,1764496800000,-1.55798611111e-07
TRXUSD,1764500400000,-2.239681944444e-06
TRXUSD,1764504000000,5.33955555556e-07
TRXUSD,1764507600000,-5.1945375e-06
TRXUSD,1764511200000,1.359488888889e-06
TRXUSD,1764514800000,3.081375e-07
TRXUSD,1764518400000,1.2864797222222e-05
TRXUSD,1764522000000,7.785197222222e-06
TRXUSD,1764525600000,1.3492826388889e-05
TRXUSD,1764529200000,4.795029166667e-06
TRXUSD,1764532800000,5.515148611111e-06
TRXUSD,1764536400000,1.321608333333e-06
TRXUSD,1764540000000,1.0693e-06
TRXUSD,1764543600000,5.785951388889e-06
TRXUSD,1764547200000,-2.2408625e-06
TRXUSD,1764550800000,-1.784075e-05
TRXUSD,1764554400000,7.535758333333e-06
TRXUSD,1764558000000,-4.651634722222e-06
TRXUSD,1764561600000,-4.280630555556e-06
TRXUSD,1764565200000,-1.4476951388889e-05
TRXUSD,1764568800000,-1.3124730555556e-05
TRXUSD,1764572400000,1.1344009722222e-05
TRXUSD,1764576000000,-1.1459609722222e-05
TRXUSD,1764579600000,6.341493055556e-06
TRXUSD,1764583200000,5.379748611111e-06
TRXUSD,1764586800000,-4.330244444444e-06
TRXUSD,1764590400000,7.787151388889e-06
TRXUSD,1764594000000,-1.647526388889e-06
TRXUSD,1764597600000,6.923313888889e-06
TRXUSD,1764601200000,1.331366666667e-06
TRXUSD,1764604800000,-2.694159722222e-06
TRXUSD,1764608400000,5.6362875e-06
TRXUSD,1764612000000,-2.67068055556e-07
TRXUSD,1764615600000,-4.133972222222e-06
TRXUSD,1764619200000,-2.759193055556e-06
TRXUSD,1764622800000,4.233683333333e-06
TRXUSD,1764626400000,3.253193055556e-06
TRXUSD,1764630000000,1.2470229166667e-05
TRXUSD,1764633600000,1.192301388889e-06
TRXUSD,1764637200000,-3.341363888889e-06
TRXUSD,1764640800000,9.471779166667e-06
TRXUSD,1764644400000,8.946330555556e-06
TRXUSD,1764648000000,8.8175e-07
TRXUSD,1764651600000,-6.258520833333e-06
TRXUSD,1764655200000,5.139670833333e-06
TRXUSD,1764658800000,4.612533333333e-06
TRXUSD,1764662400000,4.367845833333e-06
TRXUSD,1764666000000,1.865722222222e-06
TRXUSD,1764669600000,-4.415601388889e-06
TRXUSD,1764673200000,7.45565e-06
TRXUSD,1764676800000,5.890806944444e-06
TRXUSD,1764680400000,5.100711111111e-06
TRXUSD,1764684000000,3.252105555556e-06
TRXUSD,1764687600000,6.013034722222e-06
TRXUSD,1764691200000,2.871893055556e-06
TRXUSD,1764694800000,1.919009722222e-06
TRXUSD,1764698400000,-3.002648611111e-06
TRXUSD,1764702000000,2.800644444444e-06
TRXUSD,1764705600000,-1.937323611111e-06
TRXUSD,1764709200000,4.527995833333e-06
TRXUSD,1764712800000,1.5002777778e-08
TRXUSD,1764716400000,-6.494822222222e-06
TRXUSD,1764720000000,-2.436836111111e-06
TRXUSD,1764723600000,6.265893055556e-06
TRXUSD,1764727200000,1.3317026388889e-05
TRXUSD,1764730800000,9.472469444444e-06
TRXUSD,1764734400000,3.97881944444e-07
TRXUSD,1764738000000,2.86694444444e-07
TRXUSD,1764741600000,6.54679166667e-07
TRXUSD,1764745200000,5.307416666667e-06
TRXUSD,1764748800000,3.681890277778e-06
TRXUSD,1764752400000,-7.468001388889e-06
TRXUSD,1764756000000,-4.410698611111e-06
TRXUSD,1764759600000,-1.0233725e-05
TRXUSD,1764763200000,-1.4494208333333e-05
TRXUSD,1764766800000,1.451905555556e-06
TRXUSD,1764770400000,2.8148625e-06
TRXUSD,1764774000000,-1.6967169444444e-05
TRXUSD,1764777600000,1.729351388889e-06
TRXUSD,1764781200000,-2.2137391666667e-05
TRXUSD,1764784800000,-1.9539643055556e-05
TRXUSD,1764788400000,-1.7021580555556e-05
TRXUSD,1764792000000,-1.2887481944444e-05
TRXUSD,1764795600000,-8.112276388889e-06
TRXUSD,1764799200000,-8.767629166667e-06
TRXUSD,1764802800000,1.3001461111111e-05
TRXUSD,1764806400000,-1.556126388889e-06
TRXUSD,1764810000000,-2.368109722222e-06
TRXUSD,1764813600000,-1.4829688888889e-05
TRXUSD,1764817200000,-4.805755555556e-06
TRXUSD,1764820800000,-1.0955080555556e-05
TRXUSD,1764824400000,-1.80236875e-05
TRXUSD,1764828000000,-2.3189011111111e-05
TRXUSD,1764831600000,-2.0426425e-05
TRXUSD,1764835200000,-1.6683280555556e-05
TRXUSD,1764842400000,-2.2219956597222e-05
TRXUSD,1764846000000,-1.36112125e-05
TRXUSD,1764849600000,7.930908333333e-06
TRXUSD,1764853200000,9.0383125e-06
TRXUSD,1764856800000,1.1240781944444e-05
TRXUSD,1764860400000,1.40685625e-05
TRXUSD,1764864000000,6.184884722222e-06
TRXUSD,1764867600000,1.4904965277778e-05
TRXUSD,1764871200000,1.0177529166667e-05
TRXUSD,1764874800000,1.6624948611111e-05
TRXUSD,1764878400000,7.119570833333e-06
TRXUSD,1764882000000,2.9314995833333e-05
TRXUSD,1764885600000,2.5319976388889e-05
TRXUSD,1764889200000,2.6308586111111e-05
TRXUSD,1764892800000,3.1011526388889e-05
TRXUSD,1764896400000,2.57573e-05
TRXUSD,1764900000000,1.6424127777778e-05
TRXUSD,1764903600000,1.8748086111111e-05
TRXUSD,1764907200000,2.1112020833333e-05
TRXUSD,1764910800000,6.013040277778e-06
TRXUSD,1764914400000,3.073151388889e-06
TRXUSD,1764918000000,1.3120166666667e-05
TRXUSD,1764921600000,1.0419920833333e-05
TRXUSD,1764925200000,3.059172222222e-06
TRXUSD,1764928800000,1.0918518055556e-05
TRXUSD,1764932400000,2.4518838888889e-05
TRXUSD,1764936000000,1.3885470833333e-05
TRXUSD,1764939600000,5.527993055556e-06
TRXUSD,1764943200000,2.045429166667e-06
TRXUSD,1764946800000,8.154048611111e-06
TRXUSD,1764950400000,1.1860804166667e-05
TRXUSD,1764954000000,-1.583611111111e-06
TRXUSD,1764957600000,1.4181159722222e-05
TRXUSD,1764961200000,8.352177777778e-06
TRXUSD,1764964800000,1.04845e-05
TRXUSD,1764968400000,9.143541666667e-06
TRXUSD,1764972000000,3.209538888889e-06
TRXUSD,1764975600000,1.2767209722222e-05
TRXUSD,1764979200000,5.52073611111e-07
TRXUSD,1764982800000,9.591825e-06
TRXUSD,1764986400000,1.7682415277778e-05
TRXUSD,1764990000000,5.046170833333e-06
TRXUSD,1764993600000,9.449793055556e-06
TRXUSD,1764997200000,5.379191666667e-06
TRXUSD,1765000800000,6.65715e-06
TRXUSD,1765004400000,7.329009722222e-06
TRXUSD,1765008000000,1.0537963888889e-05
TRXUSD,1765011600000,4.821745833333e-06
TRXUSD,1765015200000,2.1957055555556e-05
TRXUSD,1765018800000,1.8317133333333e-05
TRXUSD,1765022400000,1.3803695833333e-05
TRXUSD,1765026000000,7.509038888889e-06
TRXUSD,1765029600000,1.776245833333e-06
TRXUSD,1765033200000,3.963520833333e-06
TRXUSD,1765036800000,1.6679870833333e-05
TRXUSD,1765040400000,-1.0256833333333e-05
TRXUSD,1765044000000,-9.01320833333e-07
TRXUSD,1765047600000,-8.81470833333e-07
TRXUSD,1765051200000,9.50025e-06
TRXUSD,1765054800000,2.507345833333e-06
TRXUSD,1765058400000,-5.05569444444e-07
TRXUSD,1765062000000,1.3933320833333e-05
TRXUSD,1765065600000,4.975401388889e-06
TRXUSD,1765069200000,-1.6065594444444e-05
TRXUSD,1765072800000,2.523977777778e-06
TRXUSD,1765076400000,3.91085e-06
TRXUSD,1765080000000,-8.1546125e-06
TRXUSD,1765083600000,-2.0455343055556e-05
TRXUSD,1765087200000,-1.5575565277778e-05
TRXUSD,1765090800000,-2.2948333333333e-05
TRXUSD,1765094400000,-2.1629870833333e-05
TRXUSD,1765098000000,-7.1587625e-06
TRXUSD,1765101600000,-1.76257625e-05
TRXUSD,1765105200000,-6.779744444444e-06
TRXUSD,1765108800000,1.2161947222222e-05
TRXUSD,1765112400000,8.042227777778e-06
TRXUSD,1765116000000,2.6765277778e-08
TRXUSD,1765119600000,-7.855369444444e-06
TRXUSD,1765123200000,2.559659722222e-06
TRXUSD,1765126800000,-3.971509722222e-06
TRXUSD,1765130400000,1.5488166666667e-05
TRXUSD,1765134000000,1.5550476388889e-05
TRXUSD,1765137600000,1.6947922222222e-05
TRXUSD,1765141200000,1.3383918055556e-05
TRXUSD,1765144800000,9.408129166667e-06
TRXUSD,1765148400000,-4.31769444444e-07
TRXUSD,1765152000000,2.0106834722222e-05
TRXUSD,1765155600000,1.5417052777778e-05
TRXUSD,1765159200000,9.576484722222e-06
TRXUSD,1765162800000,5.230926388889e-06
TRXUSD,1765166400000,-3.201786111111e-06
TRXUSD,1765170000000,1.3795808333333e-05
TRXUSD,1765173600000,-8.962863888889e-06
TRXUSD,1765177200000,1.2053188888889e-05
TRXUSD,1765180800000,-2.497951388889e-06
TRXUSD,1765184400000,1.40448e-05
TRXUSD,1765188000000,-2.25630555556e-07
TRXUSD,1765191600000,2.0484268055556e-05
TRXUSD,1765195200000,-1.149605555556e-06
TRXUSD,1765198800000,-1.937338888889e-06
TRXUSD,1765202400000,-1.325423611111e-06
TRXUSD,1765206000000,-7.65975e-06
TRXUSD,1765209600000,5.05306944444e-07
TRXUSD,1765213200000,-9.405655555556e-06
TRXUSD,1765216800000,5.835552777778e-06
TRXUSD,1765220400000,2.109544444444e-06
TRXUSD,1765224000000,1.0744808333333e-05
TRXUSD,1765227600000,-1.35345833333e-07
TRXUSD,1765231200000,1.0624013888889e-05
TRXUSD,1765234800000,-3.563811111111e-06
TRXUSD,1765238400000,-8.317065277778e-06
TRXUSD,1765242000000,-1.7140538888889e-05
TRXUSD,1765245600000,2.6670090277778e-05
TRXUSD,1765249200000,2.334823611111e-06
TRXUSD,1765252800000,-3.399044444444e-06
TRXUSD,1765256400000,1.5529083333333e-05
TRXUSD,1765260000000,5.806770833333e-06
TRXUSD,1765263600000,2.1842593055556e-05
TRXUSD,1765267200000,2.1412033333333e-05
TRXUSD,1765270800000,7.492093055556e-06
TRXUSD,1765274400000,-8.0548375e-06
TRXUSD,1765278000000,-1.1357376388889e-05
TRXUSD,1765281600000,-8.2113125e-06
TRXUSD,1765285200000,-1.7725069444444e-05
TRXUSD,1765288800000,-8.924856944444e-06
TRXUSD,1765292400000,-1.4242319444444e-05
TRXUSD,1765296000000,-1.4833209722222e-05
TRXUSD,1765299600000,5.5637875e-06
TRXUSD,1765303200000,-6.565161111111e-06
TRXUSD,1765306800000,2.7104166667e-08
TRXUSD,1765310400000,3.073631944444e-06
TRXUSD,1765314000000,9.201061111111e-06
TRXUSD,1765317600000,-4.726559722222e-06
TRXUSD,1765321200000,3.61222222222e-07
TRXUSD,1765324800000,-1.2238e-05
TRXUSD,1765328400000,-3.76526388889e-07
TRXUSD,1765332000000,6.183772222222e-06
TRXUSD,1765335600000,-4.139372222222e-06
TRXUSD,1765339200000,-4.600304166667e-06
TRXUSD,1765342800000,-1.50452375e-05
TRXUSD,1765346400000,-2.2023925e-05
TRXUSD,1765350000000,-9.624825e-06
TRXUSD,1765353600000,1.0361173611111e-05
TRXUSD,1765357200000,-1.3591245833333e-05
TRXUSD,1765360800000,6.953715277778e-06
TRXUSD,1765364400000,-8.273497222222e-06
TRXUSD,1765368000000,-2.771520833333e-06
TRXUSD,1765371600000,-1.5339973611111e-05
TRXUSD,1765375200000,-1.8702281944444e-05
TRXUSD,1765378800000,-3.1541069444444e-05
TRXUSD,1765382400000,-1.8198738888889e-05
TRXUSD,1765386000000,-1.468895e-05
TRXUSD,1765389600000,-1.7203313888889e-05
TRXUSD,1765393200000,3.951241666667e-06
TRXUSD,1765396800000,6.524911111111e-06
TRXUSD,1765400400000,4.977115277778e-06
TRXUSD,1765404000000,5.7879625e-06
TRXUSD,1765407600000,-2.248376388889e-06
TRXUSD,1765411200000,1.1738280555556e-05
TRXUSD,1765414800000,-3.069765277778e-06
TRXUSD,1765418400000,-1.3784727777778e-05
TRXUSD,1765422000000,5.631119444444e-06
TRXUSD,1765425600000,-2.624218055556e-06
TRXUSD,1765429200000,1.3216991666667e-05
TRXUSD,1765432800000,1.8080726388889e-05
TRXUSD,1765436400000,-1.94291666667e-07
TRXUSD,1765440000000,7.3044e-06
TRXUSD,1765443600000,-6.74927777778e-07
TRXUSD,1765447200000,2.5171247222222e-05
TRXUSD,1765450800000,1.2919616666667e-05
TRXUSD,1765454400000,1.099818055556e-06
TRXUSD,1765458000000,7.170234722222e-06
TRXUSD,1765461600000,1.5606145833333e-05
TRXUSD,1765465200000,8.119752777778e-06
TRXUSD,1765468800000,-3.016120833333e-06
TRXUSD,1765472400000,8.238929166667e-06
TRXUSD,1765476000000,-1.2027672222222e-05
TRXUSD,1765479600000,-7.663770833333e-06
TRXUSD,1765483200000,-1.123498611111e-06
TRXUSD,1765486800000,5.830647222222e-06
TRXUSD,1765490400000,-4.204036111111e-06
TRXUSD,1765494000000,-3.282768055556e-06
TRXUSD,1765497600000,6.123520833333e-06
TRXUSD,1765501200000,-8.019070833333e-06
TRXUSD,1765504800000,1.5621480555556e-05
TRXUSD,1765508400000,-6.615843055556e-06
TRXUSD,1765512000000,5.187191666667e-06
TRXUSD,1765515600000,-9.770611111111e-06
TRXUSD,1765519200000,-3.817415277778e-06
TRXUSD,1765522800000,9.90790277778e-07
TRXUSD,1765526400000,-4.729677777778e-06
TRXUSD,1765530000000,-2.7986622222222e-05
TRXUSD,1765533600000,-3.5891209722222e-05
TRXUSD,1765537200000,-2.4584202777778e-05
TRXUSD,1765540800000,-1.5368065277778e-05
TRXUSD,1765544400000,-1.7339206944444e-05
TRXUSD,1765548000000,-1.7677830555556e-05
TRXUSD,1765551600000,-1.7832523611111e-05
TRXUSD,1765555200000,-2.4210659722222e-05
TRXUSD,1765558800000,-2.5600409722222e-05
TRXUSD,1765562400000,-3.6881959722222e-05
TRXUSD,1765566000000,-2.5371547222222e-05
TRXUSD,1765569600000,-1.6321648611111e-05
TRXUSD,1765573200000,-2.4730861111111e-05
TRXUSD,1765576800000,-3.4822475e-05
TRXUSD,1765580400000,-4.4630234722222e-05
TRXUSD,1765584000000,-3.6553969444444e-05
TRXUSD,1765587600000,-2.0411447222222e-05
TRXUSD,1765591200000,-1.4840715277778e-05
TRXUSD,1765594800000,-1.2554519444444e-05
TRXUSD,1765598400000,-2.4489823611111e-05
TRXUSD,1765602000000,-1.2223733333333e-05
TRXUSD,1765605600000,-1.2083052777778e-05
TRXUSD,1765609200000,-1.8180930555556e-05
TRXUSD,1765612800000,-3.0023288888889e-05
TRXUSD,1765616400000,-3.1047168055556e-05
TRXUSD,1765620000000,-2.471015e-05
TRXUSD,1765623600000,-3.6150134722222e-05
TRXUSD,1765627200000,-3.6298765277778e-05
TRXUSD,1765630800000,-3.8423202777778e-05
TRXUSD,1765634400000,-2.9350940277778e-05
TRXUSD,1765638000000,-1.5963586111111e-05
TRXUSD,1765641600000,-3.1300568055556e-05
TRXUSD,1765645200000,-2.5876409722222e-05
TRXUSD,1765648800000,-3.0213254166667e-05
TRXUSD,1765652400000,-3.3264140277778e-05
TRXUSD,1765656000000,-2.6611555555556e-05
TRXUSD,1765659600000,-2.4065920833333e-05
TRXUSD,1765663200000,-3.1429509722222e-05
TRXUSD,1765666800000,-3.4067529166667e-05
TRXUSD,1765670400000,-3.2544190277778e-05
TRXUSD,1765674000000,-1.2951322222222e-05
TRXUSD,1765677600000,5.933261111111e-06
TRXUSD,1765681200000,2.492916666667e-06
TRXUSD,1765684800000,1.531544444444e-06
TRXUSD,1765688400000,-3.316813888889e-06
TRXUSD,1765692000000,-2.183551388889e-06
TRXUSD,1765695600000,4.73345833333e-07
TRXUSD,1765699200000,3.472795833333e-06
TRXUSD,1765702800000,2.278e-06
TRXUSD,1765706400000,2.019963888889e-06
TRXUSD,1765710000000,6.6845375e-06
TRXUSD,1765713600000,1.958994444444e-06
TRXUSD,1765717200000,9.288994444444e-06
TRXUSD,1765720800000,1.0345754166667e-05
TRXUSD,1765724400000,7.399944444444e-06
TRXUSD,1765728000000,2.450751388889e-06
TRXUSD,1765731600000,1.5975665277778e-05
TRXUSD,1765735200000,6.88958333333e-07
TRXUSD,1765738800000,1.4145788888889e-05
TRXUSD,1765742400000,1.3540034722222e-05
TRXUSD,1765746000000,1.3787933333333e-05
TRXUSD,1765749600000,2.33083333333e-07
TRXUSD,1765753200000,6.508927777778e-06
TRXUSD,1765756800000,5.489904166667e-06
TRXUSD,1765760400000,9.790565277778e-06
TRXUSD,1765764000000,1.8125509722222e-05
TRXUSD,1765767600000,2.3376630555556e-05
TRXUSD,1765771200000,2.2447316666667e-05
TRXUSD,1765774800000,6.663888889e-09
TRXUSD,1765778400000,1.2493002777778e-05
TRXUSD,1765782000000,1.3978273611111e-05
TRXUSD,1765785600000,1.5697422222222e-05
TRXUSD,1765789200000,-1.682336111111e-06
TRXUSD,1765792800000,1.65597e-05
TRXUSD,1765796400000,2.0187783333333e-05
TRXUSD,1765800000000,1.4263776388889e-05
TRXUSD,1765803600000,1.4252945833333e-05
TRXUSD,1765807200000,8.800656944444e-06
TRXUSD,1765810800000,4.627611111111e-06
TRXUSD,1765814400000,-4.920252777778e-06
TRXUSD,1765818000000,1.984929166667e-06
TRXUSD,1765821600000,-1.3052381944444e-05
TRXUSD,1765825200000,-7.747027777778e-06
TRXUSD,1765828800000,-2.781898611111e-06
TRXUSD,1765832400000,-7.131859722222e-06
TRXUSD,1765836000000,8.666551388889e-06
TRXUSD,1765839600000,5.174391666667e-06
TRXUSD,1765843200000,-3.725180555556e-06
TRXUSD,1765846800000,6.594184722222e-06
TRXUSD,1765850400000,1.675581944444e-06
TRXUSD,1765854000000,-3.543947222222e-06
TRXUSD,1765857600000,-6.138098611111e-06
TRXUSD,1765861200000,8.750490277778e-06
TRXUSD,1765864800000,1.5941472222222e-05
TRXUSD,1765868400000,1.5827547222222e-05
TRXUSD,1765872000000,-4.921843055556e-06
TRXUSD,1765875600000,3.540645833333e-06
TRXUSD,1765879200000,6.600973611111e-06
TRXUSD,1765882800000,1.0328951388889e-05
TRXUSD,1765886400000,5.798277777778e-06
TRXUSD,1765890000000,1.4937002777778e-05
TRXUSD,1765893600000,8.678491666667e-06
TRXUSD,1765897200000,6.810708333333e-06
TRXUSD,1765900800000,9.817373611111e-06
TRXUSD,1765904400000,1.2108397222222e-05
TRXUSD,1765908000000,8.38052777778e-07
TRXUSD,1765911600000,7.02240277778e-07
TRXUSD,1765915200000,2.3467625e-06
TRXUSD,1765918800000,3.31076388889e-07
TRXUSD,1765922400000,7.866779166667e-06
TRXUSD,1765926000000,-2.013620833333e-06
TRXUSD,1765929600000,1.3902334722222e-05
TRXUSD,1765933200000,-7.836709722222e-06
TRXUSD,1765936800000,4.656940277778e-06
TRXUSD,1765940400000,-1.06011111111e-07
TRXUSD,1765944000000,8.961608333333e-06
TRXUSD,1765947600000,-7.415484722222e-06
TRXUSD,1765951200000,1.8240502777778e-05
TRXUSD,1765954800000,7.931452777778e-06
TRXUSD,1765958400000,2.827502777778e-06
TRXUSD,1765962000000,-9.21144444444e-07
TRXUSD,1765965600000,2.951125e-06
TRXUSD,1765969200000,-2.953847222222e-06
TRXUSD,1765972800000,1.8608543055556e-05
TRXUSD,1765976400000,1.2709472222222e-05
TRXUSD,1765980000000,1.6578968055556e-05
TRXUSD,1765983600000,6.388023611111e-06
TRXUSD,1765987200000,5.966666666667e-06
TRXUSD,1765990800000,-1.975951388889e-06
TRXUSD,1765994400000,7.467705555556e-06
TRXUSD,1765998000000,-3.264423611111e-06
TRXUSD,1766001600000,1.1912406944444e-05
TRXUSD,1766005200000,-5.326795833333e-06
TRXUSD,1766008800000,3.833770833333e-06
TRXUSD,1766012400000,-4.1939625e-06
TRXUSD,1766016000000,4.875165277778e-06
TRXUSD,1766019600000,4.851290277778e-06
TRXUSD,1766023200000,-1.1323455555556e-05
TRXUSD,1766026800000,7.377538888889e-06
TRXUSD,1766030400000,-1.4469011111111e-05
TRXUSD,1766034000000,-5.127351388889e-06
TRXUSD,1766037600000,-1.339904166667e-06
TRXUSD,1766041200000,-8.8778875e-06
TRXUSD,1766044800000,-4.486102777778e-06
TRXUSD,1766048400000,-3.178911231884e-06
TRXUSD,1766052000000,5.0332375e-06
TRXUSD,1766055600000,1.0922151388889e-05
TRXUSD,1766059200000,3.32365e-06
TRXUSD,1766062800000,9.300281944444e-06
TRXUSD,1766066400000,1.243805555556e-06
TRXUSD,1766070000000,1.3613740277778e-05
TRXUSD,1766073600000,5.958544444444e-06
TRXUSD,1766077200000,1.6866095833333e-05
TRXUSD,1766080800000,-3.4902875e-06
TRXUSD,1766084400000,1.224490277778e-06
TRXUSD,1766088000000,-6.1041875e-06
TRXUSD,1766091600000,9.97715277778e-07
TRXUSD,1766095200000,-1.672752777778e-06
TRXUSD,1766098800000,-3.585248611111e-06
TRXUSD,1766102400000,7.236323611111e-06
TRXUSD,1766106000000,-5.034291666667e-06
TRXUSD,1766109600000,-1.3605561111111e-05
TRXUSD,1766113200000,-1.9614040277778e-05
TRXUSD,1766116800000,-7.08530555556e-07
TRXUSD,1766120400000,1.8581290277778e-05
TRXUSD,1766124000000,1.2542540277778e-05
TRXUSD,1766127600000,-1.0698493055556e-05
TRXUSD,1766131200000,8.671152777778e-06
TRXUSD,1766134800000,9.89025e-06
TRXUSD,1766138400000,1.7548983333333e-05
TRXUSD,1766142000000,1.4528425e-05
TRXUSD,1766145600000,1.028365277778e-06
TRXUSD,1766149200000,8.660318055556e-06
TRXUSD,1766152800000,5.685768055556e-06
TRXUSD,1766156400000,-9.740954166667e-06
TRXUSD,1766160000000,-1.281995833333e-06
TRXUSD,1766163600000,-4.855633333333e-06
TRXUSD,1766167200000,3.269729166667e-06
TRXUSD,1766170800000,1.2483651388889e-05
TRXUSD,1766174400000,1.6834156944444e-05
TRXUSD,1766178000000,1.6383931944444e-05
TRXUSD,1766181600000,1.7980655555556e-05
TRXUSD,1766185200000,1.5427059722222e-05
TRXUSD,1766188800000,1.1290409722222e-05
TRXUSD,1766192400000,1.2586680555556e-05
TRXUSD,1766196000000,4.210902777778e-06
TRXUSD,1766199600000,1.2958086111111e-05
TRXUSD,1766203200000,1.2367670833333e-05
TRXUSD,1766206800000,1.2915530555556e-05
TRXUSD,1766210400000,2.3293765277778e-05
TRXUSD,1766214000000,1.5809195833333e-05
TRXUSD,1766217600000,8.203884722222e-06
TRXUSD,1766221200000,-1.202773611111e-06
TRXUSD,1766224800000,-9.928258333333e-06
TRXUSD,1766228400000,5.74231944444e-07
TRXUSD,1766232000000,8.178123611111e-06
TRXUSD,1766235600000,9.264929166667e-06
TRXUSD,1766239200000,4.968508333333e-06
TRXUSD,1766242800000,1.5358018055556e-05
TRXUSD,1766246400000,9.379836111111e-06
TRXUSD,1766250000000,1.7758304166667e-05
TRXUSD,1766253600000,1.4133538888889e-05
TRXUSD,1766257200000,1.0899440277778e-05
TRXUSD,1766260800000,1.1531686111111e-05
TRXUSD,1766264400000,-5.899409722222e-06
TRXUSD,1766268000000,2.062185e-05
TRXUSD,1766271600000,9.8203625e-06
TRXUSD,1766275200000,1.4053918055556e-05
TRXUSD,1766278800000,1.5482676388889e-05
TRXUSD,1766282400000,2.1423566666667e-05
TRXUSD,1766286000000,2.0207468055556e-05
TRXUSD,1766289600000,2.60002375e-05
TRXUSD,1766293200000,3.0391006944444e-05
TRXUSD,1766296800000,2.50754625e-05
TRXUSD,1766300400000,2.0325001388889e-05
TRXUSD,1766304000000,1.9281288888889e-05
TRXUSD,1766307600000,2.1771608333333e-05
TRXUSD,1766311200000,2.4971693055556e-05
TRXUSD,1766314800000,2.4524302777778e-05
TRXUSD,1766318400000,2.5632941666667e-05
TRXUSD,1766322000000,2.0957413888889e-05
TRXUSD,1766325600000,1.5100663888889e-05
TRXUSD,1766329200000,9.439686111111e-06
TRXUSD,1766332800000,2.6148352777778e-05
TRXUSD,1766336400000,2.3313154166667e-05
TRXUSD,1766340000000,2.0395641666667e-05
TRXUSD,1766343600000,1.9853145833333e-05
TRXUSD,1766347200000,1.7021634722222e-05
TRXUSD,1766350800000,2.1229991666667e-05
TRXUSD,1766354400000,2.3074536111111e-05
TRXUSD,1766358000000,9.945788888889e-06
TRXUSD,1766361600000,1.4818495833333e-05
TRXUSD,1766365200000,-2.263359722222e-06
TRXUSD,1766368800000,1.9599288888889e-05
TRXUSD,1766372400000,1.6424729166667e-05
TRXUSD,1766376000000,1.4700097222222e-05
TRXUSD,1766379600000,-2.125288888889e-06
TRXUSD,1766383200000,1.41351625e-05
TRXUSD,1766386800000,1.8318609722222e-05
TRXUSD,1766390400000,2.3207970833333e-05
TRXUSD,1766394000000,8.450907738095e-06
TRXUSD,1766397600000,8.81235e-06
TRXUSD,1766401200000,-4.859923611111e-06
TRXUSD,1766404800000,-7.36677777778e-07
TRXUSD,1766408400000,-7.078602777778e-06
TRXUSD,1766412000000,-1.7111443055556e-05
TRXUSD,1766415600000,-6.6604125e-06
TRXUSD,1766419200000,1.063195e-05
TRXUSD,1766422800000,1.0596158333333e-05
TRXUSD,1766426400000,1.3358138888889e-05
TRXUSD,1766430000000,1.2050893055556e-05
TRXUSD,1766433600000,1.9706030555556e-05
TRXUSD,1766437200000,4.093154166667e-06
TRXUSD,1766440800000,-1.942841666667e-06
TRXUSD,1766444400000,-5.333072222222e-06
TRXUSD,1766448000000,9.009877777778e-06
TRXUSD,1766451600000,-8.112652777778e-06
TRXUSD,1766455200000,-2.528772222222e-06
TRXUSD,1766458800000,4.257105555556e-06
TRXUSD,1766462400000,1.2911536111111e-05
TRXUSD,1766466000000,8.516729166667e-06
TRXUSD,1766469600000,1.0612416666667e-05
TRXUSD,1766473200000,4.177261111111e-06
TRXUSD,1766476800000,1.2460683333333e-05
TRXUSD,1766480400000,2.1920094444444e-05
TRXUSD,1766484000000,-4.146008333333e-06
TRXUSD,1766487600000,1.0975476388889e-05
TRXUSD,1766491200000,9.562598611111e-06
TRXUSD,1766494800000,3.470040277778e-06
TRXUSD,1766498400000,3.63405e-06
TRXUSD,1766502000000,2.166552777778e-06
TRXUSD,1766505600000,-1.6452916666667e-05
TRXUSD,1766509200000,-7.711423611111e-06
TRXUSD,1766512800000,-5.666783333333e-06
TRXUSD,1766516400000,-1.5660488888889e-05
TRXUSD,1766520000000,-1.6748622222222e-05
TRXUSD,1766523600000,-1.6178136111111e-05
TRXUSD,1766527200000,1.4394341666667e-05
TRXUSD,1766530800000,1.6875275e-05
TRXUSD,1766534400000,1.0477623611111e-05
TRXUSD,1766538000000,1.0508263888889e-05
TRXUSD,1766541600000,2.6062444444444e-05
TRXUSD,1766545200000,1.4025048611111e-05
TRXUSD,1766548800000,1.3338176388889e-05
TRXUSD,1766552400000,2.0571286111111e-05
TRXUSD,1766556000000,2.2583568055556e-05
TRXUSD,1766559600000,3.704694444444e-06
TRXUSD,1766563200000,7.733780555556e-06
TRXUSD,1766566800000,1.03096e-05
TRXUSD,1766570400000,1.6484401388889e-05
TRXUSD,1766574000000,9.800522222222e-06
TRXUSD,1766577600000,-2.215888888889e-06
TRXUSD,1766581200000,-1.602011111111e-06
TRXUSD,1766584800000,-3.583140277778e-06
TRXUSD,1766588400000,-1.448131944444e-06
TRXUSD,1766592000000,-1.4365575e-05
TRXUSD,1766595600000,-8.242570833333e-06
TRXUSD,1766599200000,-4.057566666667e-06
TRXUSD,1766602800000,-1.2467473611111e-05
TRXUSD,1766606400000,-1.1485026388889e-05
TRXUSD,1766610000000,-5.822291666667e-06
TRXUSD,1766613600000,-2.14030125e-05
TRXUSD,1766617200000,-2.2333223611111e-05
TRXUSD,1766620800000,-2.135031944444e-06
TRXUSD,1766624400000,9.062306944444e-06
TRXUSD,1766628000000,1.0165026388889e-05
TRXUSD,1766631600000,5.975788888889e-06
TRXUSD,1766635200000,1.015869444444e-06
TRXUSD,1766638800000,-1.2320231944444e-05
TRXUSD,1766642400000,3.385341666667e-06
TRXUSD,1766646000000,9.370893055556e-06
TRXUSD,1766649600000,-1.470727777778e-06
TRXUSD,1766653200000,2.795661111111e-06
TRXUSD,1766656800000,-1.0298825e-05
TRXUSD,1766660400000,-1.2278020833333e-05
TRXUSD,1766664000000,1.6038119444444e-05
TRXUSD,1766667600000,2.890675e-06
TRXUSD,1766671200000,6.090138888889e-06
TRXUSD,1766674800000,-6.16473611111e-07
TRXUSD,1766678400000,-1.2655772222222e-05
TRXUSD,1766682000000,-1.9961705555556e-05
TRXUSD,1766685600000,-9.931490277778e-06
TRXUSD,1766689200000,-7.3337125e-06
TRXUSD,1766692800000,8.156102777778e-06
TRXUSD,1766696400000,-4.237922222222e-06
TRXUSD,1766700000000,1.588393055556e-06
TRXUSD,1766703600000,-6.127929166667e-06
TRXUSD,1766707200000,-2.903404166667e-06
TRXUSD,1766710800000,-6.235776388889e-06
TRXUSD,1766714400000,-1.0537452777778e-05
TRXUSD,1766718000000,5.03644444444e-07
TRXUSD,1766721600000,-1.7361111111e-08
TRXUSD,1766725200000,1.822445833333e-06
TRXUSD,1766728800000,3.960270833333e-06
TRXUSD,1766732400000,1.28399625e-05
TRXUSD,1766736000000,1.3470902777778e-05
TRXUSD,1766739600000,3.092765277778e-06
TRXUSD,1766743200000,1.0190829166667e-05
TRXUSD,1766746800000,-2.0584375e-06
TRXUSD,1766750400000,-4.720975e-06
TRXUSD,1766754000000,4.786318055556e-06
TRXUSD,1766757600000,-8.790969444444e-06
TRXUSD,1766761200000,-1.3484008333333e-05
TRXUSD,1766764800000,-9.888994444444e-06
TRXUSD,1766768400000,-4.402123611111e-06
TRXUSD,1766772000000,3.080651388889e-06
TRXUSD,1766775600000,-1.5418730555556e-05
TRXUSD,1766779200000,-7.927455555556e-06
TRXUSD,1766782800000,-5.253266666667e-06
TRXUSD,1766786400000,9.0398611111e-08
TRXUSD,1766790000000,-2.6336e-06
TRXUSD,1766793600000,8.595165277778e-06
TRXUSD,1766797200000,1.3149604166667e-05
TRXUSD,1766800800000,9.350255555556e-06
TRXUSD,1766804400000,1.0454179166667e-05
TRXUSD,1766808000000,1.9094155555556e-05
TRXUSD,1766811600000,1.968294444444e-06
TRXUSD,1766815200000,-2.104573611111e-06
TRXUSD,1766818800000,1.116475e-06
TRXUSD,1766822400000,-8.994284722222e-06
TRXUSD,1766826000000,-1.4480129166667e-05
TRXUSD,1766829600000,-1.1049308333333e-05
TRXUSD,1766833200000,5.41315277778e-07
TRXUSD,1766836800000,1.0445331944444e-05
TRXUSD,1766840400000,6.27740277778e-07
TRXUSD,1766844000000,7.09785e-06
TRXUSD,1766847600000,-6.113688888889e-06
TRXUSD,1766851200000,9.932466666667e-06
TRXUSD,1766854800000,1.8723879166667e-05
TRXUSD,1766858400000,2.1488477777778e-05
TRXUSD,1766862000000,2.6038241666667e-05
TRXUSD,1766865600000,2.34836625e-05
TRXUSD,1766869200000,2.1665906944444e-05
TRXUSD,1766872800000,1.9681430555556e-05
TRXUSD,1766876400000,1.5992475e-05
TRXUSD,1766880000000,2.3024308333333e-05
TRXUSD,1766883600000,2.2756027777778e-05
TRXUSD,1766887200000,1.8477636111111e-05
TRXUSD,1766890800000,7.12145e-06
TRXUSD,1766894400000,7.4453e-06
TRXUSD,1766898000000,1.040922222222e-06
TRXUSD,1766901600000,1.8452488888889e-05
TRXUSD,1766905200000,1.35312625e-05
TRXUSD,1766908800000,9.452059722222e-06
TRXUSD,1766912400000,-1.073119444444e-06
TRXUSD,1766916000000,-4.202394444444e-06
TRXUSD,1766919600000,9.449645833333e-06
TRXUSD,1766923200000,-6.466506944444e-06
TRXUSD,1766926800000,8.969595833333e-06
TRXUSD,1766930400000,8.794518055556e-06
TRXUSD,1766934000000,1.9090372222222e-05
TRXUSD,1766937600000,7.307331944444e-06
TRXUSD,1766941200000,1.2799456944444e-05
TRXUSD,1766944800000,1.1858706944444e-05
TRXUSD,1766948400000,1.6312651388889e-05
TRXUSD,1766952000000,9.358125e-06
TRXUSD,1766955600000,1.1312134722222e-05
TRXUSD,1766959200000,1.3321626388889e-05
TRXUSD,1766962800000,1.3509480555556e-05
TRXUSD,1766966400000,1.0921469444444e-05
TRXUSD,1766970000000,5.012654166667e-06
TRXUSD,1766973600000,2.4573118055556e-05
TRXUSD,1766977200000,2.4677155555556e-05
TRXUSD,1766980800000,1.6689777777778e-05
TRXUSD,1766984400000,1.4586830555556e-05
TRXUSD,1766988000000,1.1150826388889e-05
TRXUSD,1766991600000,2.7019877777778e-05
TRXUSD,1766995200000,2.5424851388889e-05
TRXUSD,1766998800000,1.3858575e-05
TRXUSD,1767002400000,4.408825e-06
TRXUSD,1767006000000,-4.588293055556e-06
TRXUSD,1767009600000,-2.855136111111e-06
TRXUSD,1767013200000,9.122026388889e-06
TRXUSD,1767016800000,-1.5821909722222e-05
TRXUSD,1767020400000,-4.706472222222e-06
TRXUSD,1767024000000,1.0134820833333e-05
TRXUSD,1767027600000,1.4372055555556e-05
TRXUSD,1767031200000,1.7413358333333e-05
TRXUSD,1767034800000,2.8581005555556e-05
TRXUSD,1767038400000,2.6606534722222e-05
TRXUSD,1767042000000,2.3865906944444e-05
TRXUSD,1767045600000,2.5368459722222e-05
TRXUSD,1767049200000,1.4239036111111e-05
TRXUSD,1767052800000,1.2168113888889e-05
TRXUSD,1767056400000,6.601083333333e-06
TRXUSD,1767060000000,1.242135e-05
TRXUSD,1767063600000,2.35733625e-05
TRXUSD,1767067200000,2.2991416666667e-05
TRXUSD,1767070800000,2.3507997222222e-05
TRXUSD,1767074400000,2.5269395833333e-05
TRXUSD,1767078000000,1.7964943055556e-05
TRXUSD,1767081600000,8.590556944444e-06
TRXUSD,1767085200000,1.2126101388889e-05
TRXUSD,1767088800000,2.0682130555556e-05
TRXUSD,1767092400000,2.9833026388889e-05
TRXUSD,1767096000000,3.1750266666667e-05
TRXUSD,1767099600000,2.8174494444444e-05
TRXUSD,1767103200000,2.0368643055556e-05
TRXUSD,1767106800000,2.8013918055556e-05
TRXUSD,1767110400000,9.608893055556e-06
TRXUSD,1767114000000,1.5710480555556e-05
TRXUSD,1767117600000,1.5218506944444e-05
TRXUSD,1767121200000,1.3191711111111e-05
TRXUSD,1767124800000,1.19494375e-05
TRXUSD,1767128400000,2.5953177777778e-05
TRXUSD,1767132000000,1.4914470833333e-05
TRXUSD,1767135600000,1.8013433333333e-05
TRXUSD,1767139200000,2.0419602777778e-05
TRXUSD,1767142800000,2.1167911111111e-05
TRXUSD,1767146400000,1.3900298611111e-05
TRXUSD,1767150000000,9.715226388889e-06
TRXUSD,1767153600000,1.2079254166667e-05
TRXUSD,1767157200000,2.1222151388889e-05
TRXUSD,1767160800000,2.2353016666667e-05
TRXUSD,1767164400000,8.297684722222e-06
TRXUSD,1767168000000,-1.011658333333e-06
TRXUSD,1767171600000,-3.950497222222e-06
TRXUSD,1767175200000,4.094729166667e-06
TRXUSD,1767178800000,4.253788888889e-06
TRXUSD,1767182400000,1.0482105555556e-05
TRXUSD,1767186000000,2.5843593055556e-05
TRXUSD,1767189600000,1.3832229166667e-05
TRXUSD,1767193200000,3.564397222222e-06
TRXUSD,1767196800000,1.5172198611111e-05
TRXUSD,1767200400000,1.1265772222222e-05
TRXUSD,1767204000000,9.57495833333e-07
TRXUSD,1767207600000,6.696525e-06
TRXUSD,1767211200000,1.0252880555556e-05
TRXUSD,1767214800000,1.0265252777778e-05
TRXUSD,1767218400000,2.2288990277778e-05
TRXUSD,1767222000000,1.58224375e-05
TRXUSD,1767225600000,2.2713280555556e-05
TRXUSD,1767229200000,1.5737872222222e-05
TRXUSD,1767232800000,1.6618897222222e-05
TRXUSD,1767236400000,2.9276656944444e-05
TRXUSD,1767240000000,1.4803006944444e-05
TRXUSD,1767243600000,3.888247222222e-06
TRXUSD,1767247200000,2.710954166667e-06
TRXUSD,1767250800000,1.9734241666667e-05
TRXUSD,1767254400000,1.2074559722222e-05
TRXUSD,1767258000000,2.9349834722222e-05
TRXUSD,1767261600000,1.2777851388889e-05
TRXUSD,1767265200000,1.0360888888889e-05
TRXUSD,1767268800000,1.21539375e-05
TRXUSD,1767272400000,-5.518898611111e-06
TRXUSD,1767276000000,-2.1261594444444e-05
TRXUSD,1767279600000,-2.7800895833333e-05
TRXUSD,1767283200000,-1.9189598611111e-05
TRXUSD,1767286800000,-8.8804125e-06
TRXUSD,1767290400000,-4.144770833333e-06
TRXUSD,1767294000000,-6.327838888889e-06
TRXUSD,1767297600000,8.905088888889e-06
TRXUSD,1767301200000,-7.843630555556e-06
TRXUSD,1767304800000,-2.4678e-06
TRXUSD,1767308400000,9.450369444444e-06
TRXUSD,1767312000000,8.762065277778e-06
TRXUSD,1767315600000,1.2526922222222e-05
TRXUSD,1767319200000,9.931188888889e-06
TRXUSD,1767322800000,-6.7205625e-06
TRXUSD,1767326400000,-7.886759722222e-06
TRXUSD,1767330000000,-1.2974541666667e-05
TRXUSD,1767333600000,-1.6893004166667e-05
TRXUSD,1767337200000,-1.9194970833333e-05
TRXUSD,1767340800000,-1.2215981944444e-05
TRXUSD,1767344400000,-1.1072659722222e-05
TRXUSD,1767348000000,-6.279018055556e-06
TRXUSD,1767351600000,-7.07526388889e-07
TRXUSD,1767355200000,6.277816666667e-06
TRXUSD,1767358800000,8.802415277778e-06
TRXUSD,1767362400000,4.942001388889e-06
TRXUSD,1767366000000,9.860344444444e-06
TRXUSD,1767369600000,9.231888888889e-06
TRXUSD,1767373200000,1.1814523611111e-05
TRXUSD,1767376800000,-1.885827777778e-06
TRXUSD,1767380400000,-1.297818055556e-06
TRXUSD,1767384000000,1.43422222222e-07
TRXUSD,1767387600000,-5.63908333333e-07
TRXUSD,1767391200000,-3.686841666667e-06
TRXUSD,1767394800000,-8.012213888889e-06
TRXUSD,1767398400000,2.250083333333e-06
TRXUSD,1767402000000,8.518147222222e-06
TRXUSD,1767405600000,5.083997222222e-06
TRXUSD,1767409200000,1.6694288888889e-05
TRXUSD,1767412800000,1.0536948611111e-05
TRXUSD,1767416400000,6.826401388889e-06
TRXUSD,1767420000000,7.63251388889e-07
TRXUSD,1767423600000,1.6840254166667e-05
TRXUSD,1767427200000,6.910925e-06
TRXUSD,1767430800000,1.6046570833333e-05
TRXUSD,1767434400000,3.681851388889e-06
TRXUSD,1767438000000,6.841929166667e-06
TRXUSD,1767441600000,1.7948944444444e-05
TRXUSD,1767445200000,2.2058793055556e-05
TRXUSD,1767448800000,2.6718754166667e-05
TRXUSD,1767452400000,2.6212459722222e-05
TRXUSD,1767456000000,2.5330675e-05
TRXUSD,1767459600000,3.0307916666667e-05
TRXUSD,1767463200000,3.0168643055556e-05
TRXUSD,1767466800000,2.6848370833333e-05
TRXUSD,1767470400000,2.5340501388889e-05
TRXUSD,1767474000000,2.7127116666667e-05
TRXUSD,1767477600000,2.5220272222222e-05
TRXUSD,1767481200000,3.2018480555556e-05
TRXUSD,1767484800000,3.7875627777778e-05
TRXUSD,1767488400000,3.0648348611111e-05
TRXUSD,1767492000000,2.4011438888889e-05
TRXUSD,1767495600000,1.9752951388889e-05
TRXUSD,1767499200000,1.4195694444444e-05
TRXUSD,1767502800000,1.3270170833333e-05
TRXUSD,1767506400000,2.5549530555556e-05
TRXUSD,1767510000000,1.3483797222222e-05
TRXUSD,1767513600000,2.5349708333333e-05
TRXUSD,1767517200000,2.4304908333333e-05
TRXUSD,1767520800000,2.043965e-05
TRXUSD,1767524400000,6.774281944444e-06
TRXUSD,1767528000000,2.5373966666667e-05
TRXUSD,1767531600000,2.3399272222222e-05
TRXUSD,1767535200000,1.7751741666667e-05
TRXUSD,1767538800000,4.309652777778e-06
TRXUSD,1767542400000,2.711475e-06
TRXUSD,1767546000000,2.365109722222e-06
TRXUSD,1767549600000,2.6163969444444e-05
TRXUSD,1767553200000,1.34264e-05
TRXUSD,1767556800000,1.1658934722222e-05
TRXUSD,1767560400000,6.211094444444e-06
TRXUSD,1767564000000,-9.733411111111e-06
TRXUSD,1767567600000,-5.060494444444e-06
TRXUSD,1767571200000,-5.01643055556e-07
TRXUSD,1767574800000,-3.280111111111e-06
TRXUSD,1767578400000,6.124188888889e-06
TRXUSD,1767582000000,4.281169444444e-06
TRXUSD,1767585600000,1.6798484722222e-05
TRXUSD,1767589200000,2.2446344444444e-05
TRXUSD,1767592800000,2.8917756944444e-05
TRXUSD,1767596400000,9.781881944444e-06
TRXUSD,1767600000000,1.49300125e-05
TRXUSD,1767603600000,-4.532498611111e-06
TRXUSD,1767607200000,-4.96575e-06
TRXUSD,1767610800000,-2.957769444444e-06
TRXUSD,1767614400000,1.4642548611111e-05
TRXUSD,1767618000000,4.898380555556e-06
TRXUSD,1767621600000,8.168173611111e-06
TRXUSD,1767625200000,5.754959722222e-06
TRXUSD,1767628800000,2.292352777778e-06
TRXUSD,1767632400000,-9.614970833333e-06
TRXUSD,1767636000000,-5.545195833333e-06
TRXUSD,1767639600000,-5.67368055556e-07
TRXUSD,1767643200000,-4.356808333333e-06
TRXUSD,1767646800000,8.442336111111e-06
TRXUSD,1767650400000,-6.182881944444e-06
TRXUSD,1767654000000,-3.771398611111e-06
TRXUSD,1767657600000,-1.0103070833333e-05
TRXUSD,1767661200000,-3.601459722222e-06
TRXUSD,1767664800000,8.028279166667e-06
TRXUSD,1767668400000,7.021273611111e-06
TRXUSD,1767672000000,1.4283238888889e-05
TRXUSD,1767675600000,2.0776198611111e-05
TRXUSD,1767679200000,1.0252779166667e-05
TRXUSD,1767682800000,1.7990463888889e-05
TRXUSD,1767686400000,1.0183140277778e-05
TRXUSD,1767690000000,7.07141666667e-07
TRXUSD,1767693600000,-2.32937375e-05
TRXUSD,1767697200000,-1.7614136111111e-05
TRXUSD,1767700800000,1.090454166667e-06
TRXUSD,1767704400000,-8.739654166667e-06
TRXUSD,1767708000000,-4.037658333333e-06
TRXUSD,1767711600000,-1.0409644444444e-05
TRXUSD,1767715200000,-8.403495833333e-06
TRXUSD,1767718800000,-8.555659722222e-06
TRXUSD,1767722400000,2.356883333333e-06
TRXUSD,1767726000000,1.187727777778e-06
TRXUSD,1767729600000,-1.496506944444e-06
TRXUSD,1767733200000,1.0067684722222e-05
TRXUSD,1767736800000,1.4396218055556e-05
TRXUSD,1767740400000,9.8967875e-06
TRXUSD,1767744000000,2.15497375e-05
TRXUSD,1767747600000,2.8814397222222e-05
TRXUSD,1767751200000,1.9411101388889e-05
TRXUSD,1767754800000,2.8818201388889e-05
TRXUSD,1767758400000,2.7899429166667e-05
TRXUSD,1767762000000,2.9510125e-05
TRXUSD,1767765600000,3.1088734722222e-05
TRXUSD,1767769200000,2.4468551388889e-05
TRXUSD,1767772800000,2.9531e-05
TRXUSD,1767776400000,2.9457054166667e-05
TRXUSD,1767780000000,2.3459534722222e-05
TRXUSD,1767783600000,1.9057881944444e-05
TRXUSD,1767787200000,3.0150206944444e-05
TRXUSD,1767790800000,2.1913113888889e-05
TRXUSD,1767794400000,2.8088890277778e-05
TRXUSD,1767798000000,1.7989319444444e-05
TRXUSD,1767801600000,2.32137e-05
TRXUSD,1767805200000,2.6482497222222e-05
TRXUSD,1767808800000,2.6722161111111e-05
TRXUSD,1767812400000,2.2576640277778e-05
TRXUSD,1767816000000,4.623843055556e-06
TRXUSD,1767819600000,3.2357798611111e-05
TRXUSD,1767823200000,2.8316479166667e-05
TRXUSD,1767826800000,7.069473611111e-06
TRXUSD,1767830400000,9.367145833333e-06
TRXUSD,1767834000000,8.020776388889e-06
TRXUSD,1767837600000,2.0392398611111e-05
TRXUSD,1767841200000,-6.44381944444e-07
TRXUSD,1767844800000,1.72283875e-05
TRXUSD,1767848400000,1.8692816666667e-05
TRXUSD,1767852000000,2.17224375e-05
TRXUSD,1767855600000,1.0076620833333e-05
TRXUSD,1767859200000,1.7692416666667e-05
TRXUSD,1767862800000,-1.9216366666667e-05
TRXUSD,1767866400000,-3.262854166667e-06
TRXUSD,1767870000000,3.648543055556e-06
TRXUSD,1767873600000,3.7382e-06
TRXUSD,1767877200000,2.938034722222e-06
TRXUSD,1767880800000,4.674568055556e-06
TRXUSD,1767884400000,-1.2780708333333e-05
TRXUSD,1767888000000,1.1281047222222e-05
TRXUSD,1767891600000,-1.4750544444444e-05
TRXUSD,1767895200000,-4.817441666667e-06
TRXUSD,1767898800000,-7.683413888889e-06
TRXUSD,1767902400000,-9.323973611111e-06
TRXUSD,1767906000000,-7.942127777778e-06
TRXUSD,1767909600000,3.491152777778e-06
TRXUSD,1767913200000,-9.8058625e-06
TRXUSD,1767916800000,-1.7751476388889e-05
TRXUSD,1767920400000,-1.2680366666667e-05
TRXUSD,1767924000000,-1.4073966666667e-05
TRXUSD,1767927600000,-1.8545247222222e-05
TRXUSD,1767931200000,-1.6497713888889e-05
TRXUSD,1767934800000,-1.5805179166667e-05
TRXUSD,1767938400000,-5.299019444444e-06
TRXUSD,1767942000000,1.888323611111e-06
TRXUSD,1767945600000,-7.557629166667e-06
TRXUSD,1767949200000,-7.7345e-06
TRXUSD,1767952800000,-1.5777580555556e-05
TRXUSD,1767956400000,1.7850476388889e-05
TRXUSD,1767960000000,2.0031663888889e-05
TRXUSD,1767963600000,1.7291448611111e-05
TRXUSD,1767967200000,1.3060168055556e-05
TRXUSD,1767970800000,7.596761111111e-06
TRXUSD,1767974400000,1.7553773611111e-05
TRXUSD,1767978000000,1.7416581944444e-05
TRXUSD,1767981600000,1.6943661111111e-05
TRXUSD,1767985200000,1.4503627777778e-05
TRXUSD,1767988800000,1.7450918055556e-05
TRXUSD,1767992400000,2.0122006944444e-05
TRXUSD,1767996000000,2.9142875e-05
TRXUSD,1767999600000,2.0619101388889e-05
TRXUSD,1768003200000,2.1862926388889e-05
TRXUSD,1768006800000,1.9851373611111e-05
TRXUSD,1768010400000,3.3549566666667e-05
TRXUSD,1768014000000,3.2157456944444e-05
TRXUSD,1768017600000,2.1199605555556e-05
TRXUSD,1768021200000,1.3094426388889e-05
TRXUSD,1768024800000,3.6954493055556e-05
TRXUSD,1768028400000,3.2776595833333e-05
TRXUSD,1768032000000,9.620694444444e-06
TRXUSD,1768035600000,1.3657138888889e-05
TRXUSD,1768039200000,2.44339375e-05
TRXUSD,1768042800000,2.8983134722222e-05
TRXUSD,1768046400000,2.0626911111111e-05
TRXUSD,1768050000000,2.2984488888889e-05
TRXUSD,1768053600000,1.1806394444444e-05
TRXUSD,1768057200000,2.9196859722222e-05
TRXUSD,1768060800000,3.2934916666667e-05
TRXUSD,1768064400000,2.6787901388889e-05
TRXUSD,1768068000000,2.7100379166667e-05
TRXUSD,1768071600000,2.8996816666667e-05
TRXUSD,1768075200000,1.9820519444444e-05
TRXUSD,1768078800000,3.0954066666667e-05
TRXUSD,1768082400000,2.6809495833333e-05
TRXUSD,1768086000000,2.3612290277778e-05
TRXUSD,1768089600000,1.5869383333333e-05
TRXUSD,1768093200000,1.1424316666667e-05
TRXUSD,1768096800000,1.4861477777778e-05
TRXUSD,1768100400000,7.41715e-06
TRXUSD,1768104000000,6.8889625e-06
TRXUSD,1768107600000,2.2195572580645e-05
TRXUSD,1768111200000,2.6203094086022e-05
TRXUSD,1768114800000,1.5993056944444e-05
TRXUSD,1768118400000,5.666297222222e-06
TRXUSD,1768122000000,4.54183333333e-07
TRXUSD,1768125600000,1.1773401388889e-05
TRXUSD,1768129200000,2.7289315277778e-05
TRXUSD,1768132800000,1.1305244318182e-05
TRXUSD,1768136400000,1.3376158333333e-05
TRXUSD,1768140000000,1.2196663888889e-05
TRXUSD,1768143600000,1.8558141666667e-05
TRXUSD,1768147200000,1.5308991666667e-05
TRXUSD,1768150800000,1.0485369444444e-05
TRXUSD,1768154400000,2.8276884722222e-05
TRXUSD,1768158000000,3.1248623611111e-05
TRXUSD,1768161600000,2.4323088888889e-05
TRXUSD,1768165200000,1.0954719444444e-05
TRXUSD,1768168800000,1.7851069444444e-05
TRXUSD,1768172400000,1.73404625e-05
TRXUSD,1768176000000,9.887506944444e-06
TRXUSD,1768179600000,1.9319375e-06
TRXUSD,1768183200000,9.500758333333e-06
TRXUSD,1768186800000,1.5144616666667e-05
TRXUSD,1768190400000,1.6558975e-05
TRXUSD,1768194000000,1.3174033333333e-05
TRXUSD,1768197600000,9.735879166667e-06
TRXUSD,1768201200000,8.139984722222e-06
TRXUSD,1768204800000,4.103319444444e-06
TRXUSD,1768208400000,1.5748076388889e-05
TRXUSD,1768212000000,1.45568625e-05
TRXUSD,1768215600000,4.025002777778e-06
TRXUSD,1768219200000,9.981040277778e-06
TRXUSD,1768222800000,2.4601504166667e-05
TRXUSD,1768226400000,-7.457255555556e-06
TRXUSD,1768230000000,-6.301569444444e-06
TRXUSD,1768233600000,-2.57625e-07
TRXUSD,1768237200000,1.2095197222222e-05
TRXUSD,1768240800000,5.94895833333e-07
TRXUSD,1768244400000,4.957755555556e-06
TRXUSD,1768248000000,1.8898363888889e-05
TRXUSD,1768251600000,9.647547222222e-06
TRXUSD,1768255200000,1.0220126388889e-05
TRXUSD,1768258800000,1.0505411111111e-05
TRXUSD,1768262400000,9.723384722222e-06
TRXUSD,1768266000000,8.006340277778e-06
TRXUSD,1768269600000,-8.282240277778e-06
TRXUSD,1768273200000,-4.956230555556e-06
TRXUSD,1768276800000,1.9451994444444e-05
TRXUSD,1768280400000,8.813263888889e-06
TRXUSD,1768284000000,3.302302777778e-06
TRXUSD,1768287600000,1.2809031944444e-05
TRXUSD,1768291200000,9.398533333333e-06
TRXUSD,1768294800000,2.61572222222e-07
TRXUSD,1768298400000,3.860626388889e-06
TRXUSD,1768302000000,-1.91598611111e-07
TRXUSD,1768305600000,-6.053056944444e-06
TRXUSD,1768309200000,-1.1141409722222e-05
TRXUSD,1768312800000,2.4422125e-06
TRXUSD,1768316400000,-1.928281944444e-06
TRXUSD,1768320000000,1.87486111111e-07
TRXUSD,1768323600000,1.656408333333e-06
TRXUSD,1768327200000,-5.115108333333e-06
TRXUSD,1768330800000,-3.39375e-06
TRXUSD,1768334400000,6.558104166667e-06
TRXUSD,1768338000000,1.3293478494624e-05
TRXUSD,1768341600000,4.458349462366e-06
TRXUSD,1768345200000,5.208027777778e-06
TRXUSD,1768348800000,7.325647222222e-06
TRXUSD,1768352400000,6.851083333333e-06
TRXUSD,1768356000000,2.8099e-06
TRXUSD,1768359600000,-2.10390277778e-07
TRXUSD,1768363200000,-5.931902777778e-06
TRXUSD,1768366800000,-2.3372375e-06
TRXUSD,1768370400000,-3.600101388889e-06
TRXUSD,1768374000000,-1.0140845833333e-05
TRXUSD,1768377600000,-8.63256944444e-07
TRXUSD,1768381200000,-1.1256708333333e-05
TRXUSD,1768384800000,-1.317956944444e-06
TRXUSD,1768388400000,-8.088180555556e-06
TRXUSD,1768392000000,2.547668055556e-06
TRXUSD,1768395600000,6.345027777778e-06
TRXUSD,1768399200000,2.822526388889e-06
TRXUSD,1768402800000,4.164723611111e-06
TRXUSD,1768406400000,-1.5280041666667e-05
TRXUSD,1768410000000,-2.0229104166667e-05
TRXUSD,1768413600000,-2.6868047222222e-05
TRXUSD,1768417200000,-2.8942591666667e-05
TRXUSD,1768420800000,-2.0131634722222e-05
TRXUSD,1768424400000,-1.6064276388889e-05
TRXUSD,1768428000000,-1.2540488888889e-05
TRXUSD,1768431600000,-1.4843691666667e-05
TRXUSD,1768435200000,-2.94298611111e-07
TRXUSD,1768438800000,-8.927915277778e-06
TRXUSD,1768442400000,-1.3318134722222e-05
TRXUSD,1768446000000,3.735084722222e-06
TRXUSD,1768449600000,2.933136111111e-06
TRXUSD,1768453200000,6.550729166667e-06
TRXUSD,1768456800000,1.0218476388889e-05
TRXUSD,1768460400000,1.0524604166667e-05
TRXUSD,1768464000000,8.93829166667e-07
TRXUSD,1768467600000,-5.123958333333e-06
TRXUSD,1768471200000,1.46241375e-05
TRXUSD,1768474800000,8.734422222222e-06
TRXUSD,1768478400000,-5.751423611111e-06
TRXUSD,1768482000000,9.70530555556e-07
TRXUSD,1768485600000,2.0368566666667e-05
TRXUSD,1768489200000,5.5386e-06
TRXUSD,1768492800000,5.4055e-06
TRXUSD,1768496400000,5.657413888889e-06
TRXUSD,1768500000000,7.288813888889e-06
TRXUSD,1768503600000,-1.421643055556e-06
TRXUSD,1768507200000,-1.707026388889e-06
TRXUSD,1768510800000,-3.965019444444e-06
TRXUSD,1768514400000,-2.8989625e-06
TRXUSD,1768518000000,9.74508333333e-07
TRXUSD,1768521600000,2.202786111111e-06
TRXUSD,1768525200000,-1.635113888889e-06
TRXUSD,1768528800000,-5.668275e-06
TRXUSD,1768532400000,-7.377397222222e-06
TRXUSD,1768536000000,9.108615277778e-06
TRXUSD,1768539600000,-8.951234722222e-06
TRXUSD,1768543200000,-1.003122222222e-06
TRXUSD,1768546800000,2.933531944444e-06
TRXUSD,1768550400000,-9.23343055556e-07
TRXUSD,1768554000000,4.004912356322e-06
TRXUSD,1768557600000,1.2214569444444e-05
TRXUSD,1768561200000,8.5001e-06
TRXUSD,1768564800000,-1.381543055556e-06
TRXUSD,1768568400000,1.1504090277778e-05
TRXUSD,1768572000000,-7.55656944444e-07
TRXUSD,1768575600000,-9.436504166667e-06
TRXUSD,1768579200000,-8.2693375e-06
TRXUSD,1768582800000,-4.590729166667e-06
TRXUSD,1768586400000,-6.220241666667e-06
TRXUSD,1768590000000,-1.4842401388889e-05
TRXUSD,1768593600000,2.669901388889e-06
TRXUSD,1768597200000,1.0225005555556e-05
TRXUSD,1768600800000,7.256916666667e-06
TRXUSD,1768604400000,1.4932726388889e-05
TRXUSD,1768608000000,2.549469444444e-06
TRXUSD,1768611600000,1.4872634722222e-05
TRXUSD,1768615200000,1.0237436111111e-05
TRXUSD,1768618800000,6.730206944444e-06
TRXUSD,1768622400000,3.33231944444e-07
TRXUSD,1768626000000,2.3979670833333e-05
TRXUSD,1768629600000,7.25715277778e-07
TRXUSD,1768633200000,1.3920323611111e-05
TRXUSD,1768636800000,1.23433375e-05
TRXUSD,1768640400000,5.516154166667e-06
TRXUSD,1768644000000,2.2766629166667e-05
TRXUSD,1768647600000,1.6943844444444e-05
TRXUSD,1768651200000,6.333884722222e-06
TRXUSD,1768654800000,-1.452509722222e-06
TRXUSD,1768658400000,8.881591666667e-06
TRXUSD,1768662000000,5.162775e-06
TRXUSD,1768665600000,1.1274433333333e-05
TRXUSD,1768669200000,1.6518473611111e-05
TRXUSD,1768672800000,1.9211526388889e-05
TRXUSD,1768676400000,1.4531470833333e-05
TRXUSD,1768680000000,2.794494444444e-06
TRXUSD,1768683600000,8.369415277778e-06
TRXUSD,1768687200000,4.120834722222e-06
TRXUSD,1768690800000,-1.878981944444e-06
TRXUSD,1768694400000,-3.510098611111e-06
TRXUSD,1768698000000,-7.705547222222e-06
TRXUSD,1768701600000,6.7897875e-06
TRXUSD,1768705200000,1.7649576388889e-05
TRXUSD,1768708800000,1.95414375e-05
TRXUSD,1768712400000,-5.383852777778e-06
TRXUSD,1768716000000,1.2490956944444e-05
TRXUSD,1768719600000,-8.338323611111e-06
TRXUSD,1768723200000,2.7987773611111e-05
TRXUSD,1768726800000,8.204752777778e-06
TRXUSD,1768730400000,6.5211625e-06
TRXUSD,1768734000000,5.1259125e-06
TRXUSD,1768737600000,9.454470833333e-06
TRXUSD,1768741200000,-1.4030059722222e-05
TRXUSD,1768744800000,3.682688888889e-06
TRXUSD,1768748400000,6.450718055556e-06
TRXUSD,1768752000000,2.1824736111111e-05
TRXUSD,1768755600000,9.810480555556e-06
TRXUSD,1768759200000,1.32752777778e-07
TRXUSD,1768762800000,1.9355355555556e-05
TRXUSD,1768766400000,-7.408261111111e-06
TRXUSD,1768770000000,1.5412305555556e-05
TRXUSD,1768773600000,4.179379166667e-06
TRXUSD,1768777200000,7.856694444444e-06
TRXUSD,1768780800000,-8.507055555556e-06
TRXUSD,1768784400000,-5.027723611111e-06
TRXUSD,1768788000000,1.0955970833333e-05
TRXUSD,1768791600000,8.20419444444e-07
TRXUSD,1768795200000,1.3498591666667e-05
TRXUSD,1768798800000,2.3358173611111e-05
TRXUSD,1768802400000,7.726913888889e-06
TRXUSD,1768806000000,-7.392705555556e-06
TRXUSD,1768809600000,1.7074375e-06
TRXUSD,1768813200000,3.876579166667e-06
TRXUSD,1768816800000,5.18208333333e-07
TRXUSD,1768820400000,2.1786766666667e-05
TRXUSD,1768824000000,9.889973611111e-06
TRXUSD,1768827600000,-1.0771106944444e-05
TRXUSD,1768831200000,-1.016636111111e-06
TRXUSD,1768834800000,-1.7969493055556e-05
TRXUSD,1768838400000,-1.69129875e-05
TRXUSD,1768842000000,-1.2065179166667e-05
TRXUSD,1768845600000,-2.7754952777778e-05
TRXUSD,1768849200000,-7.439363888889e-06
TRXUSD,1768852800000,-1.4723841666667e-05
TRXUSD,1768856400000,-4.305527777778e-06
TRXUSD,1768860000000,-2.165801388889e-06
TRXUSD,1768863600000,-2.110223611111e-06
TRXUSD,1768867200000,2.978495833333e-06
TRXUSD,1768870800000,-1.3699758333333e-05
TRXUSD,1768874400000,-6.01111111111e-07
TRXUSD,1768878000000,-9.4917125e-06
TRXUSD,1768881600000,-7.559334722222e-06
TRXUSD,1768885200000,5.106308333333e-06
TRXUSD,1768888800000,1.0834591666667e-05
TRXUSD,1768892400000,6.914276388889e-06
TRXUSD,1768896000000,-4.563713888889e-06
TRXUSD,1768899600000,-4.365683333333e-06
TRXUSD,1768903200000,-7.971806944444e-06
TRXUSD,1768906800000,-2.491876388889e-06
TRXUSD,1768910400000,-1.1353945833333e-05
TRXUSD,1768914000000,-3.2469254166667e-05
TRXUSD,1768917600000,-2.5800208333333e-05
TRXUSD,1768921200000,-3.0806831944444e-05
TRXUSD,1768924800000,-1.3254402777778e-05
TRXUSD,1768928400000,-2.5991275862069e-05
TRXUSD,1768932000000,-2.6474595833333e-05
TRXUSD,1768935600000,-2.7802468055556e-05
TRXUSD,1768939200000,-1.0646595833333e-05
TRXUSD,1768942800000,-1.7698925e-05
TRXUSD,1768946400000,-1.6825238888889e-05
TRXUSD,1768950000000,-1.4171372222222e-05
TRXUSD,1768953600000,-2.8440781944444e-05
TRXUSD,1768957200000,-2.058535e-05
TRXUSD,1768960800000,4.999033333333e-06
TRXUSD,1768964400000,5.393183333333e-06
TRXUSD,1768968000000,-3.488602777778e-06
TRXUSD,1768971600000,-4.499025e-06
TRXUSD,1768975200000,-1.1470519444444e-05
TRXUSD,1768978800000,-2.2397288888889e-05
TRXUSD,1768982400000,-1.6916043055556e-05
TRXUSD,1768986000000,-2.2142838888889e-05
TRXUSD,1768989600000,-3.6033320833333e-05
TRXUSD,1768993200000,-3.8285997222222e-05
TRXUSD,1768996800000,-2.8107540277778e-05
TRXUSD,1769000400000,-3.3141279166667e-05
TRXUSD,1769004000000,-3.3214486111111e-05
TRXUSD,1769007600000,-1.3297469444444e-05
TRXUSD,1769011200000,-1.7910909722222e-05
TRXUSD,1769014800000,-2.6562102777778e-05
TRXUSD,1769018400000,-3.1003683333333e-05
TRXUSD,1769022000000,-2.5747677777778e-05
TRXUSD,1769025600000,-3.4067366666667e-05
TRXUSD,1769029200000,-2.2454493055556e-05
TRXUSD,1769032800000,4.091986111111e-06
TRXUSD,1769036400000,-3.46540277778e-07
TRXUSD,1769040000000,-9.639177777778e-06
TRXUSD,1769043600000,-3.547070833333e-06
TRXUSD,1769047200000,6.792847222222e-06
TRXUSD,1769050800000,5.200868055556e-06
TRXUSD,1769054400000,-5.335173611111e-06
TRXUSD,1769058000000,1.0279445833333e-05
TRXUSD,1769061600000,8.493731944444e-06
TRXUSD,1769065200000,-4.53477777778e-07
TRXUSD,1769068800000,-1.297965e-05
TRXUSD,1769072400000,-8.286767241379e-06
TRXUSD,1769076000000,4.170245833333e-06
TRXUSD,1769079600000,-6.9543125e-06
TRXUSD,1769083200000,2.443768055556e-06
TRXUSD,1769086800000,-4.3076625e-06
TRXUSD,1769090400000,7.306869444444e-06
TRXUSD,1769094000000,3.069256944444e-06
TRXUSD,1769097600000,5.195481944444e-06
TRXUSD,1769101200000,7.072702777778e-06
TRXUSD,1769104800000,1.4401884722222e-05
TRXUSD,1769108400000,1.8794440277778e-05
TRXUSD,1769112000000,1.2310145833333e-05
TRXUSD,1769115600000,1.9487658333333e-05
TRXUSD,1769119200000,2.1820780555556e-05
TRXUSD,1769122800000,1.2777009722222e-05
TRXUSD,1769126400000,7.5798625e-06
TRXUSD,1769130000000,2.0910038888889e-05
TRXUSD,1769133600000,2.3914408333333e-05
TRXUSD,1769137200000,2.6152766666667e-05
TRXUSD,1769140800000,2.7088111111111e-05
TRXUSD,1769144400000,3.7591311111111e-05
TRXUSD,1769148000000,3.76314875e-05
TRXUSD,1769151600000,1.9807483333333e-05
TRXUSD,1769155200000,2.0375980555556e-05
TRXUSD,1769158800000,2.3462345833333e-05
TRXUSD,1769162400000,2.0618875e-05
TRXUSD,1769166000000,2.5359930555556e-05
TRXUSD,1769169600000,1.3206225e-05
TRXUSD,1769173200000,7.78515e-06
TRXUSD,1769176800000,2.489984722222e-06
TRXUSD,1769180400000,2.0538625e-06
TRXUSD,1769184000000,-5.69702777778e-07
TRXUSD,1769187600000,6.410001388889e-06
TRXUSD,1769191200000,-4.8432125e-06
TRXUSD,1769194800000,-2.098725e-06
TRXUSD,1769198400000,-2.459861111111e-06
TRXUSD,1769202000000,3.209394444444e-06
TRXUSD,1769205600000,-1.4939719444444e-05
TRXUSD,1769209200000,4.225404166667e-06
TRXUSD,1769212800000,1.617998611111e-06
TRXUSD,1769216400000,6.590223611111e-06
TRXUSD,1769220000000,5.278044444444e-06
TRXUSD,1769223600000,-3.019375e-07
TRXUSD,1769227200000,-1.4482281944444e-05
TRXUSD,1769230800000,-2.2740144444444e-05
TRXUSD,1769234400000,-6.916804166667e-06
TRXUSD,1769238000000,-1.7573169444444e-05
TRXUSD,1769241600000,-9.473766666667e-06
TRXUSD,1769245200000,3.951377777778e-06
TRXUSD,1769248800000,-1.0048001388889e-05
TRXUSD,1769252400000,-1.6167931944444e-05
TRXUSD,1769256000000,8.690679166667e-06
TRXUSD,1769259600000,-1.1445343055556e-05
TRXUSD,1769263200000,9.54584722222e-07
TRXUSD,1769266800000,1.0797486111111e-05
TRXUSD,1769270400000,1.7806066666667e-05
TRXUSD,1769274000000,1.7174002777778e-05
TRXUSD,1769277600000,6.385019444444e-06
TRXUSD,1769281200000,1.10928e-05
TRXUSD,1769284800000,2.6474581944444e-05
TRXUSD,1769288400000,1.6351781944444e-05
TRXUSD,1769292000000,2.8906904166667e-05
TRXUSD,1769295600000,1.91922875e-05
TRXUSD,1769299200000,1.5604418055556e-05
TRXUSD,1769302800000,9.551309722222e-06
TRXUSD,1769306400000,7.078079166667e-06
TRXUSD,1769310000000,2.252068055556e-06
TRXUSD,1769313600000,3.131461111111e-06
TRXUSD,1769317200000,-5.748595833333e-06
TRXUSD,1769320800000,1.4693830555556e-05
TRXUSD,1769324400000,4.360795833333e-06
TRXUSD,1769328000000,-3.88261111111e-07
TRXUSD,1769331600000,8.554856944444e-06
TRXUSD,1769335200000,1.4088469444444e-05
TRXUSD,1769338800000,1.3750277777778e-05
TRXUSD,1769342400000,1.4535980555556e-05
TRXUSD,1769346000000,1.0331681944444e-05
TRXUSD,1769349600000,1.0141191666667e-05
TRXUSD,1769353200000,1.4321926388889e-05
TRXUSD,1769356800000,2.3157908333333e-05
TRXUSD,1769360400000,-1.0097491666667e-05
TRXUSD,1769364000000,-1.0521704166667e-05
TRXUSD,1769367600000,-8.937966666667e-06
TRXUSD,1769371200000,-1.5655001388889e-05
TRXUSD,1769374800000,-2.1291118055556e-05
TRXUSD,1769378400000,-8.515290322581e-06
TRXUSD,1769382000000,-1.7668135752688e-05
TRXUSD,1769385600000,-7.260838888889e-06
TRXUSD,1769389200000,-2.466736111111e-06
TRXUSD,1769392800000,8.938030555556e-06
TRXUSD,1769396400000,2.0593544444444e-05
TRXUSD,1769400000000,1.5870411111111e-05
TRXUSD,1769403600000,1.2951101388889e-05
TRXUSD,1769407200000,1.7590101388889e-05
TRXUSD,1769410800000,1.7071009722222e-05
TRXUSD,1769414400000,5.623634722222e-06
TRXUSD,1769418000000,-2.782826388889e-06
TRXUSD,1769421600000,-1.3748066666667e-05
TRXUSD,1769425200000,5.95009722222e-07
TRXUSD,1769428800000,-3.276033333333e-06
TRXUSD,1769432400000,-8.479491666667e-06
TRXUSD,1769436000000,-6.437095833333e-06
TRXUSD,1769439600000,-1.2951175e-05
TRXUSD,1769443200000,-4.695356944444e-06
TRXUSD,1769446800000,-1.737208333333e-06
TRXUSD,1769450400000,-3.3244625e-06
TRXUSD,1769454000000,-9.503465277778e-06
TRXUSD,1769457600000,3.485858333333e-06
TRXUSD,1769461200000,3.40194444444e-07
TRXUSD,1769464800000,8.983790277778e-06
TRXUSD,1769468400000,-8.17488888889e-07
TRXUSD,1769472000000,1.346204166667e-06
TRXUSD,1769475600000,4.494202777778e-06
TRXUSD,1769479200000,6.990676388889e-06
TRXUSD,1769482800000,5.63359722222e-07
TRXUSD,1769486400000,8.752258333333e-06
TRXUSD,1769490000000,3.788565277778e-06
TRXUSD,1769493600000,4.014519444444e-06
TRXUSD,1769497200000,1.798069444444e-06
TRXUSD,1769500800000,-8.482681944444e-06
TRXUSD,1769504400000,5.495230555556e-06
TRXUSD,1769508000000,-5.827108333333e-06
TRXUSD,1769511600000,-7.991080555556e-06
TRXUSD,1769515200000,-1.3354323611111e-05
TRXUSD,1769518800000,-1.82714375e-05
TRXUSD,1769522400000,-3.0315626388889e-05
TRXUSD,1769526000000,-2.2637313888889e-05
TRXUSD,1769529600000,-2.2455198611111e-05
TRXUSD,1769533200000,-1.5856744444444e-05
TRXUSD,1769536800000,-3.8841375e-06
TRXUSD,1769540400000,5.48847222222e-07
TRXUSD,1769544000000,-1.5736272222222e-05
TRXUSD,1769547600000,-1.9301211111111e-05
TRXUSD,1769551200000,-8.344247222222e-06
TRXUSD,1769554800000,3.086254166667e-06
TRXUSD,1769558400000,5.983491666667e-06
TRXUSD,1769562000000,-1.0624945833333e-05
TRXUSD,1769565600000,-2.2415143055556e-05
TRXUSD,1769569200000,-2.0657009722222e-05
TRXUSD,1769572800000,-1.6752509722222e-05
TRXUSD,1769576400000,-2.7793002777778e-05
TRXUSD,1769580000000,-2.3407102777778e-05
TRXUSD,1769583600000,-2.8535313888889e-05
TRXUSD,1769587200000,-3.7295998611111e-05
TRXUSD,1769590800000,-3.0908963888889e-05
TRXUSD,1769594400000,-4.1688534722222e-05
TRXUSD,1769598000000,-1.6644176388889e-05
TRXUSD,1769601600000,-9.748790277778e-06
TRXUSD,1769605200000,-1.2454731944444e-05
TRXUSD,1769608800000,-6.153611111111e-06
TRXUSD,1769612400000,-4.4257e-06
TRXUSD,1769616000000,-4.8902277777778e-05
TRXUSD,1769619600000,-5.6549741666667e-05
TRXUSD,1769623200000,-3.25520125e-05
TRXUSD,1769626800000,-1.1859534722222e-05
TRXUSD,1769630400000,-1.29473625e-05
TRXUSD,1769634000000,-6.5373e-06
TRXUSD,1769637600000,-1.07205555556e-07
TRXUSD,1769641200000,5.005223611111e-06
TRXUSD,1769644800000,1.5288148611111e-05
TRXUSD,1769648400000,1.3810644444444e-05
TRXUSD,1769652000000,-9.953988888889e-06
TRXUSD,1769655600000,-1.8344409722222e-05
TRXUSD,1769659200000,-1.6274061111111e-05
TRXUSD,1769662800000,-1.2613766666667e-05
TRXUSD,1769666400000,-7.9426e-06
TRXUSD,1769670000000,-1.4147284722222e-05
TRXUSD,1769673600000,-2.939781944444e-06
TRXUSD,1769677200000,-2.1187635057471e-05
TRXUSD,1769680800000,-1.7503569444444e-05
TRXUSD,1769684400000,-5.879283333333e-06
TRXUSD,1769688000000,-8.793379166667e-06
TRXUSD,1769691600000,-4.178201388889e-06
TRXUSD,1769695200000,-7.418743055556e-06
TRXUSD,1769698800000,-1.5310086111111e-05
TRXUSD,1769702400000,-4.0771619444444e-05
TRXUSD,1769706000000,-4.9381526388889e-05
TRXUSD,1769709600000,-3.4917152777778e-05
TRXUSD,1769713200000,-3.0374222222222e-05
TRXUSD,1769716800000,-3.9458586111111e-05
TRXUSD,1769720400000,-2.6636990277778e-05
TRXUSD,1769724000000,-1.0955402777778e-05
TRXUSD,1769727600000,-1.2164225e-05
TRXUSD,1769731200000,-6.195993055556e-06
TRXUSD,1769734800000,-1.5912302777778e-05
TRXUSD,1769738400000,-1.1288679166667e-05
TRXUSD,1769742000000,-4.4117356944444e-05
TRXUSD,1769745600000,-2.8328711111111e-05
TRXUSD,1769749200000,-1.1584408333333e-05
TRXUSD,1769752800000,-2.2237943055556e-05
TRXUSD,1769756400000,-3.2587379166667e-05
TRXUSD,1769760000000,-3.1361879166667e-05
TRXUSD,1769763600000,-5.9225433333333e-05
TRXUSD,1769767200000,-6.2419788888889e-05
TRXUSD,1769770800000,-6.5482279166667e-05
TRXUSD,1769774400000,-3.0064094444444e-05
TRXUSD,1769778000000,-1.2182866666667e-05
TRXUSD,1769781600000,-7.998959722222e-06
TRXUSD,1769785200000,2.541454166667e-06
TRXUSD,1769788800000,3.879488888889e-06
TRXUSD,1769792400000,-1.27618055556e-07
TRXUSD,1769796000000,-7.849386111111e-06
TRXUSD,1769799600000,5.37183333333e-07
TRXUSD,1769803200000,1.4150043055556e-05
TRXUSD,1769806800000,1.0205652777778e-05
TRXUSD,1769810400000,1.1302118055556e-05
TRXUSD,1769814000000,4.575297222222e-06
TRXUSD,1769817600000,6.316754166667e-06
TRXUSD,1769821200000,-1.666559722222e-06
TRXUSD,1769824800000,2.187911111111e-06
TRXUSD,1769828400000,-4.029584722222e-06
TRXUSD,1769832000000,-2.1517875e-06
TRXUSD,1769835600000,-9.930047222222e-06
TRXUSD,1769839200000,-1.5120301388889e-05
TRXUSD,1769842800000,-1.7866806944444e-05
TRXUSD,1769846400000,-2.3280925e-05
TRXUSD,1769850000000,-1.7141165277778e-05
TRXUSD,1769853600000,-2.4039661290323e-05
TRXUSD,1769857200000,-2.0093134408602e-05
TRXUSD,1769860800000,-1.0524681944444e-05
TRXUSD,1769864400000,-1.3670076388889e-05
TRXUSD,1769868000000,-3.7489236111111e-05
TRXUSD,1769871600000,-8.7300980555556e-05
TRXUSD,1769875200000,-0.000106089297222222
TRXUSD,1769878800000,-6.6263881944444e-05
TRXUSD,1769882400000,-0.000153275822222222
TRXUSD,1769886000000,-0.000151152625
TRXUSD,1769889600000,-0.000106764205555556
TRXUSD,1769893200000,-7.603225e-05
TRXUSD,1769896800000,-5.3671051388889e-05
TRXUSD,1769900400000,-5.64881375e-05
TRXUSD,1769904000000,-4.3304697222222e-05
TRXUSD,1769907600000,-2.95798625e-05
TRXUSD,1769911200000,-2.9731879166667e-05
TRXUSD,1769914800000,-2.2238190277778e-05
TRXUSD,1769918400000,-2.3203408333333e-05
TRXUSD,1769922000000,-2.6276452777778e-05
TRXUSD,1769925600000,-4.1593079166667e-05
TRXUSD,1769929200000,-3.20325875e-05
TRXUSD,1769932800000,-1.71829625e-05
TRXUSD,1769936400000,-2.5844168055556e-05
TRXUSD,1769940000000,-2.1552220833333e-05
TRXUSD,1769943600000,-4.5675436111111e-05
TRXUSD,1769947200000,-5.1592719444444e-05
TRXUSD,1769950800000,-5.2814909722222e-05
TRXUSD,1769954400000,-4.85422625e-05
TRXUSD,1769958000000,-6.4028716666667e-05
TRXUSD,1769961600000,-9.22916625e-05
TRXUSD,1769965200000,-0.000116737119444444
TRXUSD,1769968800000,-0.000106501276388889
TRXUSD,1769972400000,-3.9375790277778e-05
TRXUSD,1769976000000,-3.9766461111111e-05
TRXUSD,1769979600000,-3.5820165277778e-05
TRXUSD,1769983200000,-5.0760716666667e-05
TRXUSD,1769986800000,-3.0850425e-05
TRXUSD,1769990400000,-3.8872244444444e-05
TRXUSD,1769994000000,-2.1188570833333e-05
TRXUSD,1769997600000,-3.3143238888889e-05
TRXUSD,1770001200000,-6.13658375e-05
TRXUSD,1770004800000,-0.000125755672222222
TRXUSD,1770008400000,-8.9063483333333e-05
TRXUSD,1770012000000,-0.000110667072222222
TRXUSD,1770015600000,-0.000109639125
TRXUSD,1770019200000,-5.4998588888889e-05
TRXUSD,1770022800000,-2.7120225e-05
TRXUSD,1770026400000,-3.7975756944444e-05
TRXUSD,1770030000000,-4.1711044444444e-05
TRXUSD,1770033600000,-3.23454375e-05
TRXUSD,1770037200000,-3.49433625e-05
TRXUSD,1770040800000,-3.6214340277778e-05
TRXUSD,1770044400000,-4.1056726388889e-05
TRXUSD,1770048000000,-4.6899752777778e-05
TRXUSD,1770051600000,-3.1892947222222e-05
TRXUSD,1770055200000,-3.5149908333333e-05
TRXUSD,1770058800000,-1.8155065277778e-05
TRXUSD,1770062400000,-1.9259736111111e-05
TRXUSD,1770066000000,-3.267565e-05
TRXUSD,1770069600000,-2.3492568055556e-05
TRXUSD,1770073200000,-2.1295623611111e-05
TRXUSD,1770076800000,-1.7415747222222e-05
TRXUSD,1770080400000,-1.0884351388889e-05
TRXUSD,1770084000000,-1.8798456944444e-05
TRXUSD,1770087600000,-1.9730386111111e-05
TRXUSD,1770091200000,-2.4048008333333e-05
TRXUSD,1770094800000,-2.4040304166667e-05
TRXUSD,1770098400000,-2.7388640277778e-05
TRXUSD,1770102000000,-2.6154652777778e-05
TRXUSD,1770105600000,-2.0473198611111e-05
TRXUSD,1770109200000,-1.5261673611111e-05
TRXUSD,1770112800000,-1.3450956944444e-05
TRXUSD,1770116400000,-1.5539209722222e-05
TRXUSD,1770120000000,-1.6994418055556e-05
TRXUSD,1770123600000,-2.6327245833333e-05
TRXUSD,1770127200000,-2.5591127777778e-05
TRXUSD,1770130800000,-2.1205438888889e-05
TRXUSD,1770134400000,-3.4370366666667e-05
TRXUSD,1770138000000,-3.1925402777778e-05
TRXUSD,1770141600000,-2.7096026388889e-05
TRXUSD,1770145200000,-4.2259327777778e-05
TRXUSD,1770148800000,-1.3419525e-05
TRXUSD,1770152400000,-2.450173611111e-06
TRXUSD,1770156000000,-3.639469444444e-06
TRXUSD,1770159600000,2.255723611111e-06
TRXUSD,1770163200000,-5.099931944444e-06
TRXUSD,1770166800000,1.333709722222e-06
TRXUSD,1770170400000,2.207179166667e-06
TRXUSD,1770174000000,6.055859722222e-06
TRXUSD,1770177600000,3.7053e-06
TRXUSD,1770181200000,-6.015895833333e-06
TRXUSD,1770184800000,-8.582259722222e-06
TRXUSD,1770188400000,-4.510740277778e-06
TRXUSD,1770192000000,-7.735695833333e-06
TRXUSD,1770195600000,1.653848611111e-06
TRXUSD,1770199200000,6.697865277778e-06
TRXUSD,1770202800000,4.136275e-06
TRXUSD,1770210000000,-1.4308126488095e-05
TRXUSD,1770213600000,-1.7650179166667e-05
TRXUSD,1770217200000,-1.2356970833333e-05
TRXUSD,1770220800000,-2.1814691666667e-05
TRXUSD,1770224400000,-3.5108979166667e-05
TRXUSD,1770228000000,-4.5065820833333e-05
TRXUSD,1770231600000,-2.6369884722222e-05
TRXUSD,1770235200000,-3.8041875e-06
TRXUSD,1770238800000,-6.238709722222e-06
TRXUSD,1770242400000,-1.6929548611111e-05
TRXUSD,1770246000000,-3.5057284722222e-05
TRXUSD,1770249600000,-2.6618713888889e-05
TRXUSD,1770253200000,-1.86346625e-05
TRXUSD,1770256800000,-1.7508055555556e-05
TRXUSD,1770260400000,-4.4164758333333e-05
TRXUSD,1770264000000,-6.4674726388889e-05
TRXUSD,1770267600000,-7.7887601388889e-05
TRXUSD,1770271200000,-8.7536205555556e-05
TRXUSD,1770274800000,-7.0423391666667e-05
TRXUSD,1770278400000,-4.9850997222222e-05
TRXUSD,1770282000000,-4.2931037202381e-05
TRXUSD,1770285600000,-3.9409793055556e-05
TRXUSD,1770289200000,-3.4005248611111e-05
TRXUSD,1770292800000,-0.0001047028625
TRXUSD,1770296400000,-0.000124719423611111
TRXUSD,1770300000000,-9.6753429166667e-05
TRXUSD,1770303600000,-5.0543451388889e-05
TRXUSD,1770307200000,-7.6292489583333e-05
TRXUSD,1770310800000,-4.1724923611111e-05
TRXUSD,1770314400000,-4.2251915277778e-05
TRXUSD,1770318000000,-5.4014072222222e-05
TRXUSD,1770321600000,-7.0456972222222e-05
TRXUSD,1770325200000,-0.000130266559722222
TRXUSD,1770328800000,-0.000132631336111111
TRXUSD,1770332400000,-0.000128599038888889
TRXUSD,1770336000000,-0.000113355759722222
TRXUSD,1770339600000,-0.000135110311111111
TRXUSD,1770343200000,-1.5222015277778e-05
TRXUSD,1770346800000,-1.6910375e-05
TRXUSD,1770350400000,-2.5815531944444e-05
TRXUSD,1770354000000,-3.2021145833333e-05
TRXUSD,1770357600000,-2.0176598611111e-05
TRXUSD,1770361200000,-2.7472795833333e-05
TRXUSD,1770364800000,-4.0531195833333e-05
TRXUSD,1770368400000,-5.3962288888889e-05
TRXUSD,1770372000000,-1.8461618055556e-05
TRXUSD,1770375600000,-1.6344986111111e-05
TRXUSD,1770379200000,-2.2563286111111e-05
TRXUSD,1770382800000,-3.7914823611111e-05
TRXUSD,1770386400000,-1.3088443055556e-05
TRXUSD,1770390000000,-2.7342105555556e-05
TRXUSD,1770393600000,-2.2032198611111e-05
TRXUSD,1770397200000,-1.4701447222222e-05
TRXUSD,1770400800000,-1.0563354166667e-05
TRXUSD,1770404400000,-1.3711025e-05
TRXUSD,1770408000000,-5.879772222222e-06
TRXUSD,1770411600000,-1.9068688888889e-05
TRXUSD,1770415200000,-1.7722055555556e-05
TRXUSD,1770418800000,-7.118988888889e-06
TRXUSD,1770422400000,-7.243683333333e-06
TRXUSD,1770426000000,-1.4272533333333e-05
TRXUSD,1770429600000,-1.9069529166667e-05
TRXUSD,1770433200000,-2.0221413888889e-05
TRXUSD,1770436800000,-6.689991666667e-06
TRXUSD,1770440400000,-3.399808333333e-06
TRXUSD,1770444000000,-5.88790277778e-07
TRXUSD,1770447600000,-2.229545833333e-06
TRXUSD,1770451200000,-1.4882609722222e-05
TRXUSD,1770454800000,-7.705701388889e-06
TRXUSD,1770458400000,-1.0554502777778e-05
TRXUSD,1770462000000,-5.739526388889e-06
TRXUSD,1770465600000,-9.2095375e-06
TRXUSD,1770469200000,3.993075e-06
TRXUSD,1770472800000,2.674976388889e-06
TRXUSD,1770476400000,5.085288888889e-06
TRXUSD,1770480000000,4.193245833333e-06
TRXUSD,1770483600000,-3.138286111111e-06
TRXUSD,1770487200000,-1.0741629166667e-05
TRXUSD,1770490800000,-1.706954166667e-06
TRXUSD,1770494400000,-5.960727777778e-06
TRXUSD,1770498000000,-7.251386111111e-06
TRXUSD,1770501600000,-7.814026388889e-06
TRXUSD,1770505200000,-6.736915277778e-06
TRXUSD,1770508800000,-9.834568055556e-06
TRXUSD,1770512400000,-1.6338463888889e-05
TRXUSD,1770516000000,-2.1148645833333e-05
TRXUSD,1770519600000,-2.2765059722222e-05
TRXUSD,1770523200000,-3.3658325e-05
TRXUSD,1770526800000,-2.3131680555556e-05
TRXUSD,1770530400000,-2.4008247222222e-05
TRXUSD,1770534000000,-2.8987722222222e-05
TRXUSD,1770537600000,-2.4406459722222e-05
TRXUSD,1770541200000,-1.5130969444444e-05
TRXUSD,1770544800000,-7.519202777778e-06
TRXUSD,1770548400000,5.012861111111e-06
TRXUSD,1770552000000,-5.885043055556e-06
TRXUSD,1770555600000,3.23611111111e-07
TRXUSD,1770559200000,-1.780359722222e-06
TRXUSD,1770562800000,-6.036225e-06
TRXUSD,1770566400000,-1.02293e-05
TRXUSD,1770570000000,-9.553252777778e-06
TRXUSD,1770573600000,-5.741961111111e-06
TRXUSD,1770577200000,-6.045834722222e-06
TRXUSD,1770580800000,-8.032027777778e-06
TRXUSD,1770584400000,-1.0578556944444e-05
TRXUSD,1770588000000,-1.7106484722222e-05
TRXUSD,1770591600000,-1.35112e-05
TRXUSD,1770595200000,-2.1062277777778e-05
TRXUSD,1770598800000,-1.8869320833333e-05
TRXUSD,1770602400000,-1.8646563888889e-05
TRXUSD,1770606000000,-1.7806397222222e-05
TRXUSD,1770609600000,-9.747290277778e-06
TRXUSD,1770613200000,-4.800468055556e-06
TRXUSD,1770616800000,-7.0067125e-06
TRXUSD,1770620400000,-1.3702386111111e-05
TRXUSD,1770624000000,-1.2231975e-05
TRXUSD,1770627600000,-5.132627777778e-06
TRXUSD,1770631200000,-4.475769444444e-06
TRXUSD,1770634800000,-3.146066666667e-06
TRXUSD,1770638400000,-3.256122222222e-06
TRXUSD,1770642000000,4.009648611111e-06
TRXUSD,1770645600000,-3.077581944444e-06
TRXUSD,1770649200000,-3.0863855555556e-05
TRXUSD,1770652800000,-2.1408497222222e-05
TRXUSD,1770656400000,-1.9307372222222e-05
TRXUSD,1770660000000,-1.537875e-05
TRXUSD,1770663600000,-1.0284590277778e-05
TRXUSD,1770667200000,-1.0949736111111e-05
TRXUSD,1770670800000,-1.6169834722222e-05
TRXUSD,1770674400000,-1.7230545833333e-05
TRXUSD,1770678000000,-1.4684647222222e-05
TRXUSD,1770681600000,-1.35418e-05
TRXUSD,1770685200000,-1.2795827777778e-05
TRXUSD,1770688800000,-1.1825634722222e-05
TRXUSD,1770692400000,-5.166422222222e-06
TRXUSD,1770696000000,-8.874418055556e-06
TRXUSD,1770699600000,-9.453815277778e-06
TRXUSD,1770703200000,-2.0505058333333e-05
TRXUSD,1770706800000,-2.49455875e-05
TRXUSD,1770710400000,-1.6997720833333e-05
TRXUSD,1770714000000,-1.8313679166667e-05
TRXUSD,1770717600000,-1.6598697222222e-05
TRXUSD,1770721200000,-2.1059527777778e-05
TRXUSD,1770724800000,-2.0301436111111e-05
TRXUSD,1770728400000,-1.6959330555556e-05
TRXUSD,1770732000000,-1.8147372222222e-05
TRXUSD,1770735600000,-1.5424119444444e-05
TRXUSD,1770739200000,-1.6838461111111e-05
TRXUSD,1770742800000,-2.5351966666667e-05
TRXUSD,1770746400000,-1.6429691666667e-05
TRXUSD,1770750000000,-1.15224e-05
TRXUSD,1770753600000,-7.037041666667e-06
TRXUSD,1770757200000,-9.455652777778e-06
TRXUSD,1770760800000,-1.0332268055556e-05
TRXUSD,1770764400000,-4.641445833333e-06
TRXUSD,1770768000000,-6.807322222222e-06
TRXUSD,1770771600000,-5.4542875e-06
TRXUSD,1770775200000,-1.2423705555556e-05
TRXUSD,1770778800000,-1.7229872222222e-05
TRXUSD,1770782400000,-2.5087925e-05
TRXUSD,1770786000000,-3.1788022222222e-05
TRXUSD,1770789600000,-3.2211958333333e-05
TRXUSD,1770793200000,-4.7444715277778e-05
TRXUSD,1770796800000,-4.4304940277778e-05
TRXUSD,1770800400000,-3.7884693055556e-05
TRXUSD,1770804000000,-3.0440411111111e-05
TRXUSD,1770807600000,-3.0603881944444e-05
TRXUSD,1770811200000,-1.4782218055556e-05
TRXUSD,1770814800000,-1.0110956944444e-05
TRXUSD,1770818400000,-1.5721155555556e-05
TRXUSD,1770822000000,-1.6212763888889e-05
TRXUSD,1770825600000,-2.0045791666667e-05
TRXUSD,1770829200000,-1.3974456944444e-05
TRXUSD,1770832800000,-4.437216666667e-06
TRXUSD,1770836400000,-9.99229166667e-07
TRXUSD,1770840000000,4.3116e-06
TRXUSD,1770843600000,-4.79473611111e-07
TRXUSD,1770847200000,-1.308809722222e-06
TRXUSD,1770850800000,-3.084138888889e-06
TRXUSD,1770854400000,-3.55640277778e-07
TRXUSD,1770858000000,7.232261111111e-06
TRXUSD,1770861600000,-5.25648611111e-07
TRXUSD,1770865200000,6.260777777778e-06
TRXUSD,1770868800000,2.965530555556e-06
TRXUSD,1770872400000,-1.9814125e-06
TRXUSD,1770876000000,6.731901388889e-06
TRXUSD,1770879600000,1.843306944444e-06
TRXUSD,1770883200000,7.012327777778e-06
TRXUSD,1770886800000,1.7722901515152e-05
TRXUSD,1770890400000,1.0323769444444e-05
TRXUSD,1770894000000,2.998797222222e-06
TRXUSD,1770897600000,3.193795833333e-06
TRXUSD,1770901200000,-5.957234722222e-06
TRXUSD,1770904800000,1.99979166667e-07
TRXUSD,1770908400000,-7.86045e-06
TRXUSD,1770912000000,-1.5577527777778e-05
TRXUSD,1770915600000,-1.57326e-05
TRXUSD,1770919200000,-1.2002218055556e-05
TRXUSD,1770922800000,-1.0960716666667e-05
TRXUSD,1770926400000,-1.78355e-06
TRXUSD,1770930000000,1.0814275e-05
TRXUSD,1770933600000,8.851504166667e-06
TRXUSD,1770937200000,1.3664844444444e-05
TRXUSD,1770940800000,1.8031113888889e-05
TRXUSD,1770944400000,1.5042508333333e-05
TRXUSD,1770948000000,1.2508351388889e-05
TRXUSD,1770951600000,1.1005118055556e-05
TRXUSD,1770955200000,8.917919444444e-06
TRXUSD,1770958800000,7.994648611111e-06
TRXUSD,1770962400000,6.992804166667e-06
TRXUSD,1770966000000,1.004098611111e-06
TRXUSD,1770969600000,-2.759965277778e-06
TRXUSD,1770973200000,-3.278668269231e-06
TRXUSD,1770976800000,4.19776388889e-07
TRXUSD,1770980400000,-1.377641666667e-06
TRXUSD,1770984000000,-1.407086111111e-06
TRXUSD,1770987600000,-4.676469444444e-06
TRXUSD,1770991200000,-2.712098611111e-06
TRXUSD,1770994800000,-5.6263e-06
TRXUSD,1770998400000,-2.772261111111e-06
TRXUSD,1771002000000,4.65436111111e-07
TRXUSD,1771009200000,7.991554597701e-06
TRXUSD,1771012800000,9.9889375e-06
TRXUSD,1771016400000,1.1606352777778e-05
TRXUSD,1771020000000,3.5507375e-06
TRXUSD,1771023600000,5.008118055556e-06
TRXUSD,1771027200000,6.958429166667e-06
TRXUSD,1771030800000,7.65884722222e-07
TRXUSD,1771034400000,3.030844444444e-06
TRXUSD,1771038000000,2.561490277778e-06
TRXUSD,1771041600000,6.482377777778e-06
TRXUSD,1771045200000,4.810334722222e-06
TRXUSD,1771048800000,4.988629166667e-06
TRXUSD,1771052400000,3.281297222222e-06
TRXUSD,1771056000000,1.4706625e-06
TRXUSD,1771059600000,-4.31502777778e-07
TRXUSD,1771063200000,3.567263888889e-06
TRXUSD,1771066800000,1.425651388889e-06
TRXUSD,1771070400000,4.308556944444e-06
TRXUSD,1771074000000,7.0463888889e-08
TRXUSD,1771077600000,-8.8776388889e-08
TRXUSD,1771081200000,-6.841770833333e-06
TRXUSD,1771084800000,-6.190291666667e-06
TRXUSD,1771088400000,-8.117261111111e-06
TRXUSD,1771092000000,-7.575733333333e-06
TRXUSD,1771095600000,-6.553904166667e-06
TRXUSD,1771099200000,-5.677511111111e-06
TRXUSD,1771102800000,-7.973686111111e-06
TRXUSD,1771106400000,-3.159102777778e-06
TRXUSD,1771110000000,-1.904029166667e-06
TRXUSD,1771113600000,1.659706944444e-06
TRXUSD,1771117200000,-1.355851388889e-06
TRXUSD,1771120800000,-1.1103726388889e-05
TRXUSD,1771124400000,-1.0239661111111e-05
TRXUSD,1771128000000,-9.090030555556e-06
TRXUSD,1771131600000,-1.6378808333333e-05
TRXUSD,1771135200000,-1.1644284722222e-05
TRXUSD,1771138800000,-8.873995833333e-06
TRXUSD,1771142400000,-2.171447222222e-06
TRXUSD,1771146000000,-4.439734722222e-06
TRXUSD,1771149600000,-1.1885316666667e-05
TRXUSD,1771153200000,-1.5683847222222e-05
TRXUSD,1771156800000,-3.389454166667e-06
TRXUSD,1771160400000,-4.168419444444e-06
TRXUSD,1771164000000,-1.0983597222222e-05
TRXUSD,1771167600000,-1.402197222222e-06
TRXUSD,1771171200000,2.470843055556e-06
TRXUSD,1771174800000,-3.067216666667e-06
TRXUSD,1771178400000,-3.694441666667e-06
TRXUSD,1771182000000,-5.461006944444e-06
TRXUSD,1771185600000,-5.659963888889e-06
TRXUSD,1771189200000,-4.413204166667e-06
TRXUSD,1771192800000,9.845141666667e-06
TRXUSD,1771196400000,3.55865e-06
TRXUSD,1771200000000,4.530031944444e-06
TRXUSD,1771203600000,7.440615277778e-06
TRXUSD,1771207200000,-2.330179166667e-06
TRXUSD,1771210800000,-5.766697222222e-06
TRXUSD,1771214400000,-9.391380555556e-06
TRXUSD,1771218000000,7.09269444444e-07
TRXUSD,1771221600000,-3.722652777778e-06
TRXUSD,1771225200000,-4.777788888889e-06
TRXUSD,1771228800000,-2.891755555556e-06
TRXUSD,1771232400000,3.653872222222e-06
TRXUSD,1771236000000,4.501133333333e-06
TRXUSD,1771239600000,2.680175e-06
TRXUSD,1771243200000,2.446544444444e-06
TRXUSD,1771246800000,1.3445261111111e-05
TRXUSD,1771250400000,4.019093055556e-06
TRXUSD,1771254000000,1.343473611111e-06
TRXUSD,1771257600000,1.3284004166667e-05
TRXUSD,1771261200000,1.5399697222222e-05
TRXUSD,1771264800000,1.59921e-05
TRXUSD,1771268400000,8.711738888889e-06
TRXUSD,1771272000000,1.0014170833333e-05
TRXUSD,1771275600000,1.3288088888889e-05
TRXUSD,1771279200000,1.5043372311828e-05
TRXUSD,1771282800000,1.3058334677419e-05
TRXUSD,1771286400000,1.3688802777778e-05
TRXUSD,1771290000000,1.6969840277778e-05
TRXUSD,1771293600000,1.9187176388889e-05
TRXUSD,1771297200000,1.9491944444444e-05
TRXUSD,1771300800000,1.1578058333333e-05
TRXUSD,1771304400000,1.4768759722222e-05
TRXUSD,1771308000000,1.0260254166667e-05
TRXUSD,1771311600000,1.4173497222222e-05
TRXUSD,1771315200000,5.088148611111e-06
TRXUSD,1771318800000,6.770230555556e-06
TRXUSD,1771322400000,1.901648611111e-06
TRXUSD,1771326000000,2.742334722222e-06
TRXUSD,1771329600000,-3.514663888889e-06
TRXUSD,1771333200000,3.496327777778e-06
TRXUSD,1771336800000,-8.133998611111e-06
TRXUSD,1771340400000,-2.1164461111111e-05
TRXUSD,1771344000000,-1.9534106944444e-05
TRXUSD,1771347600000,-1.1522743055556e-05
TRXUSD,1771351200000,-9.580679166667e-06
TRXUSD,1771354800000,-3.611145833333e-06
TRXUSD,1771358400000,-7.451256944444e-06
TRXUSD,1771362000000,-1.0425205555556e-05
TRXUSD,1771365600000,-7.539833333333e-06
TRXUSD,1771369200000,-1.0053563888889e-05
TRXUSD,1771372800000,-8.500138888889e-06
TRXUSD,1771376400000,-8.275009722222e-06
TRXUSD,1771380000000,-1.5803945833333e-05
TRXUSD,1771383600000,8.17797222222e-07
TRXUSD,1771387200000,-3.060444444444e-06
TRXUSD,1771390800000,6.762648611111e-06
TRXUSD,1771394400000,3.232519444444e-06
TRXUSD,1771398000000,-6.51668055556e-07
TRXUSD,1771401600000,-1.70223611111e-07
TRXUSD,1771405200000,-6.401125e-07
TRXUSD,1771408800000,-1.3037370833333e-05
TRXUSD,1771412400000,-1.3015588888889e-05
TRXUSD,1771416000000,-6.270433333333e-06
TRXUSD,1771419600000,-7.120411111111e-06
TRXUSD,1771423200000,-3.660580555556e-06
TRXUSD,1771426800000,-9.0794875e-06
TRXUSD,1771430400000,-9.639831944444e-06
TRXUSD,1771434000000,-6.541151388889e-06
TRXUSD,1771437600000,-1.0406127777778e-05
TRXUSD,1771441200000,-1.60249875e-05
TRXUSD,1771444800000,-1.6921013888889e-05
TRXUSD,1771448400000,-1.4829288888889e-05
TRXUSD,1771452000000,-1.1498570833333e-05
TRXUSD,1771455600000,-1.3850134722222e-05
TRXUSD,1771459200000,-1.39196e-05
TRXUSD,1771462800000,-1.0229286111111e-05
TRXUSD,1771466400000,-4.523854166667e-06
TRXUSD,1771470000000,7.34925e-07
TRXUSD,1771473600000,-1.6926e-06
TRXUSD,1771477200000,-1.4844798611111e-05
TRXUSD,1771480800000,-1.7361615277778e-05
TRXUSD,1771484400000,-1.0165316666667e-05
TRXUSD,1771488000000,-1.2676290277778e-05
TRXUSD,1771491600000,-1.5320625e-05
TRXUSD,1771495200000,-1.1778006944444e-05
TRXUSD,1771498800000,-1.2530936111111e-05
TRXUSD,1771502400000,-1.2531936111111e-05
TRXUSD,1771506000000,-6.241681944444e-06
TRXUSD,1771509600000,-1.80544625e-05
TRXUSD,1771513200000,-1.17737875e-05
TRXUSD,1771516800000,-1.1481279166667e-05
TRXUSD,1771520400000,6.264209722222e-06
TRXUSD,1771524000000,-1.549358333333e-06
TRXUSD,1771527600000,3.404976388889e-06
TRXUSD,1771531200000,2.065977777778e-06
TRXUSD,1771534800000,-2.3473625e-06
TRXUSD,1771538400000,-8.95329166667e-07
TRXUSD,1771542000000,4.003204166667e-06
TRXUSD,1771545600000,4.4992125e-06
TRXUSD,1771549200000,-2.50675e-07
TRXUSD,1771552800000,-1.788518055556e-06
TRXUSD,1771556400000,-1.1412963888889e-05
TRXUSD,1771560000000,-5.865883333333e-06
TRXUSD,1771563600000,1.417847222222e-06
TRXUSD,1771567200000,-2.549736111111e-06
TRXUSD,1771570800000,-6.00401388889e-07
TRXUSD,1771574400000,-1.502231944444e-06
TRXUSD,1771578000000,-4.332316666667e-06
TRXUSD,1771581600000,3.777590277778e-06
TRXUSD,1771585200000,5.855923611111e-06
TRXUSD,1771588800000,4.897708333333e-06
TRXUSD,1771592400000,1.58563888889e-07
TRXUSD,1771596000000,2.950951388889e-06
TRXUSD,1771599600000,3.331536111111e-06
TRXUSD,1771603200000,2.204413888889e-06
TRXUSD,1771606800000,-4.420818055556e-06
TRXUSD,1771610400000,-7.962398611111e-06
TRXUSD,1771614000000,-5.350019444444e-06
TRXUSD,1771617600000,-2.986097222222e-06
TRXUSD,1771621200000,1.908311111111e-06
TRXUSD,1771624800000,-9.15911111111e-07
TRXUSD,1771628400000,1.4673625e-06
TRXUSD,1771632000000,1.478713888889e-06
TRXUSD,1771635600000,-1.797136111111e-06
TRXUSD,1771639200000,-4.415327777778e-06
TRXUSD,1771642800000,-6.483256944444e-06
TRXUSD,1771646400000,-8.219893055556e-06
TRXUSD,1771650000000,-9.320644444444e-06
TRXUSD,1771653600000,-1.0657209722222e-05
TRXUSD,1771657200000,-9.140136111111e-06
TRXUSD,1771660800000,4.404943055556e-06
TRXUSD,1771664400000,5.423418055556e-06
TRXUSD,1771668000000,7.772969444444e-06
TRXUSD,1771671600000,8.757840277778e-06
TRXUSD,1771675200000,7.496691666667e-06
TRXUSD,1771678800000,6.893620833333e-06
TRXUSD,1771682400000,8.168823611111e-06
TRXUSD,1771686000000,6.271325e-06
TRXUSD,1771689600000,1.43122e-05
TRXUSD,1771693200000,5.592920833333e-06
TRXUSD,1771696800000,9.241870833333e-06
TRXUSD,1771700400000,9.402531944444e-06
TRXUSD,1771704000000,1.0653180555556e-05
TRXUSD,1771707600000,1.0977618055556e-05
TRXUSD,1771711200000,1.3363379166667e-05
TRXUSD,1771714800000,3.937198611111e-06
TRXUSD,1771718400000,1.2459895833333e-05
TRXUSD,1771722000000,4.744452777778e-06
TRXUSD,1771725600000,1.1078354166667e-05
TRXUSD,1771729200000,5.120811111111e-06
TRXUSD,1771732800000,2.017294444444e-06
TRXUSD,1771736400000,-8.78195833333e-07
TRXUSD,1771740000000,-1.3096715277778e-05
TRXUSD,1771743600000,5.0463e-06
TRXUSD,1771747200000,-3.531102777778e-06
TRXUSD,1771750800000,-8.112004166667e-06
TRXUSD,1771754400000,4.92145e-06
TRXUSD,1771758000000,3.905348611111e-06
TRXUSD,1771761600000,8.65513888889e-07
TRXUSD,1771765200000,-2.289156944444e-06
TRXUSD,1771768800000,-1.335833333333e-06
TRXUSD,1771772400000,-3.236290277778e-06
TRXUSD,1771776000000,-7.39211111111e-07
TRXUSD,1771779600000,-4.239494444444e-06
TRXUSD,1771783200000,2.956159722222e-06
TRXUSD,1771786800000,2.028297222222e-06
TRXUSD,1771790400000,-1.259475e-06
TRXUSD,1771794000000,6.62879166667e-07
TRXUSD,1771797600000,3.053695833333e-06
TRXUSD,1771801200000,1.630820833333e-06
TRXUSD,1771804800000,2.034725e-06
TRXUSD,1771808400000,-3.391161111111e-06
TRXUSD,1771812000000,-2.4411093055556e-05
TRXUSD,1771815600000,-1.3700531944444e-05
TRXUSD,1771819200000,-9.936204166667e-06
TRXUSD,1771822800000,-1.5646905555556e-05
TRXUSD,1771826400000,-1.4992995833333e-05
TRXUSD,1771830000000,-7.251709722222e-06
TRXUSD,1771833600000,-8.804504166667e-06
TRXUSD,1771837200000,-1.0133652777778e-05
TRXUSD,1771840800000,6.507172222222e-06
TRXUSD,1771844400000,4.665090277778e-06
TRXUSD,1771848000000,-5.104811111111e-06
TRXUSD,1771851600000,-2.2556845833333e-05
TRXUSD,1771855200000,-2.5701433333333e-05
TRXUSD,1771858800000,-1.8403826388889e-05
TRXUSD,1771862400000,-2.8152380555556e-05
TRXUSD,1771866000000,-2.8120955555556e-05
TRXUSD,1771869600000,-3.4989869444444e-05
TRXUSD,1771873200000,-2.3765841666667e-05
TRXUSD,1771876800000,-2.4996348611111e-05
TRXUSD,1771880400000,-3.8022215277778e-05
TRXUSD,1771884000000,-1.1641566666667e-05
TRXUSD,1771887600000,-1.7766823611111e-05
TRXUSD,1771891200000,-9.953983333333e-06
TRXUSD,1771894800000,-8.254225e-06
TRXUSD,1771898400000,-1.0003625e-06
TRXUSD,1771902000000,-8.801306944444e-06
TRXUSD,1771905600000,-6.282333333333e-06
TRXUSD,1771909200000,2.9950375e-06
TRXUSD,1771912800000,-1.4988869444444e-05
TRXUSD,1771916400000,-1.2831143055556e-05
TRXUSD,1771920000000,-1.5787422222222e-05
TRXUSD,1771923600000,-1.8187598611111e-05
TRXUSD,1771927200000,-2.2227633333333e-05
TRXUSD,1771930800000,-3.1489472222222e-05
TRXUSD,1771934400000,-2.0986072222222e-05
TRXUSD,1771938000000,-1.40428125e-05
TRXUSD,1771941600000,-3.33246e-05
TRXUSD,1771945200000,-2.0910513888889e-05
TRXUSD,1771948800000,-1.2492133333333e-05
TRXUSD,1771952400000,1.637497222222e-06
TRXUSD,1771956000000,-5.074226388889e-06
TRXUSD,1771959600000,-3.434020833333e-06
TRXUSD,1771963200000,-7.242651388889e-06
TRXUSD,1771966800000,-1.263690277778e-06
TRXUSD,1771970400000,3.750606944444e-06
TRXUSD,1771974000000,-5.960675e-06
TRXUSD,1771977600000,8.000959722222e-06
TRXUSD,1771981200000,4.245148611111e-06
TRXUSD,1771984800000,9.475336111111e-06
TRXUSD,1771988400000,1.2359925e-05
TRXUSD,1771992000000,1.0419523611111e-05
TRXUSD,1771995600000,7.385133333333e-06
TRXUSD,1771999200000,9.368080555556e-06
TRXUSD,1772002800000,7.617423611111e-06
TRXUSD,1772006400000,7.611773611111e-06
TRXUSD,1772010000000,1.0711177777778e-05
TRXUSD,1772013600000,6.874940277778e-06
TRXUSD,1772017200000,7.15381944444e-07
TRXUSD,1772020800000,8.135886111111e-06
TRXUSD,1772024400000,1.301247222222e-06
TRXUSD,1772028000000,-8.020365277778e-06
TRXUSD,1772031600000,-1.3560522222222e-05
TRXUSD,1772035200000,-1.3119601388889e-05
TRXUSD,1772038800000,-9.349697222222e-06
TRXUSD,1772042400000,-4.240638888889e-06
TRXUSD,1772046000000,1.535443055556e-06
TRXUSD,1772049600000,9.315694444444e-06
TRXUSD,1772053200000,-3.47154166667e-07
TRXUSD,1772056800000,-1.0799009722222e-05
TRXUSD,1772060400000,-1.1346972222222e-05
TRXUSD,1772064000000,-6.352336111111e-06
TRXUSD,1772067600000,-5.903827777778e-06
TRXUSD,1772071200000,-1.192994444444e-06
TRXUSD,1772074800000,-7.56515e-06
TRXUSD,1772078400000,-8.20579166667e-07
TRXUSD,1772082000000,1.0816572222222e-05
TRXUSD,1772085600000,1.7231698611111e-05
TRXUSD,1772089200000,7.7078125e-06
TRXUSD,1772092800000,4.267548611111e-06
TRXUSD,1772096400000,-1.805735119048e-06
TRXUSD,1772100000000,-3.00808333333e-07
TRXUSD,1772103600000,-9.183620833333e-06
TRXUSD,1772107200000,3.400454166667e-06
TRXUSD,1772110800000,1.3311069444444e-05
TRXUSD,1772114400000,3.062369444444e-06
TRXUSD,1772118000000,8.029508333333e-06
TRXUSD,1772121600000,-8.30104166667e-07
TRXUSD,1772125200000,-3.95975e-06
TRXUSD,1772128800000,-9.313783333333e-06
TRXUSD,1772132400000,-1.0393191666667e-05
TRXUSD,1772136000000,-3.7777e-06
TRXUSD,1772139600000,-5.014266666667e-06
TRXUSD,1772143200000,3.656516666667e-06
TRXUSD,1772146800000,-8.16570833333e-07
TRXUSD,1772150400000,3.229630555556e-06
TRXUSD,1772154000000,4.61633333333e-07
TRXUSD,1772157600000,-5.531425e-06
TRXUSD,1772161200000,-8.096256944444e-06
TRXUSD,1772164800000,-1.5548034722222e-05
TRXUSD,1772168400000,-6.720076388889e-06
TRXUSD,1772172000000,-1.2074001388889e-05
TRXUSD,1772175600000,-9.672729166667e-06
TRXUSD,1772179200000,-1.4987168055556e-05
TRXUSD,1772182800000,-5.255752777778e-06
TRXUSD,1772186400000,-6.595622222222e-06
TRXUSD,1772190000000,-1.6715244444444e-05
TRXUSD,1772193600000,-1.9248933333333e-05
TRXUSD,1772197200000,-3.785373611111e-06
TRXUSD,1772200800000,-6.899504166667e-06
TRXUSD,1772204400000,-1.3423486111111e-05
TRXUSD,1772208000000,-1.0913355555556e-05
TRXUSD,1772211600000,-9.901373611111e-06
TRXUSD,1772215200000,-1.4633170833333e-05
TRXUSD,1772218800000,-1.3011444444444e-05
TRXUSD,1772222400000,-1.56513625e-05
TRXUSD,1772226000000,-1.4169201388889e-05
TRXUSD,1772229600000,-1.1807852777778e-05
TRXUSD,1772233200000,-1.1395197222222e-05
TRXUSD,1772236800000,-4.925381944444e-06
TRXUSD,1772240400000,-9.655598611111e-06
TRXUSD,1772244000000,-6.656131944444e-06
TRXUSD,1772247600000,-1.580115277778e-06
TRXUSD,1772251200000,-1.79345e-06
TRXUSD,1772254800000,-8.141425e-06
TRXUSD,1772258400000,-9.667102777778e-06
TRXUSD,1772262000000,-2.2982906944444e-05
TRXUSD,1772265600000,-2.2971052777778e-05
TRXUSD,1772269200000,-2.9947884722222e-05
TRXUSD,1772272800000,-2.8693605555556e-05
TRXUSD,1772276400000,-2.2832747222222e-05
TRXUSD,1772280000000,-2.4176454166667e-05
TRXUSD,1772283600000,-2.5365133333333e-05
TRXUSD,1772287200000,-2.2036968055556e-05
TRXUSD,1772290800000,-1.8822541666667e-05
TRXUSD,1772294400000,-2.0154288888889e-05
TRXUSD,1772298000000,-1.063025e-05
TRXUSD,1772301600000,-6.771045833333e-06
TRXUSD,1772305200000,3.306205555556e-06
TRXUSD,1772308800000,-1.150094444444e-06
TRXUSD,1772312400000,-6.253776388889e-06
TRXUSD,1772316000000,-7.626006944444e-06
TRXUSD,1772319600000,-7.635527777778e-06
TRXUSD,1772323200000,-5.977265277778e-06
TRXUSD,1772326800000,-1.1848072222222e-05
TRXUSD,1772330400000,-9.255956944444e-06
TRXUSD,1772334000000,1.254618055556e-06
TRXUSD,1772337600000,5.58725e-07
TRXUSD,1772341200000,3.113844444444e-06
TRXUSD,1772344800000,-1.350656944444e-06
TRXUSD,1772348400000,9.37348611111e-07
TRXUSD,1772352000000,-3.382466666667e-06
TRXUSD,1772355600000,-1.4757008333333e-05
TRXUSD,1772359200000,-1.6238366666667e-05
TRXUSD,1772362800000,-2.0594973611111e-05
TRXUSD,1772366400000,-2.2816884722222e-05
TRXUSD,1772370000000,-1.4805490277778e-05
TRXUSD,1772373600000,-1.2462473611111e-05
TRXUSD,1772377200000,-9.106438888889e-06
TRXUSD,1772380800000,-5.066101388889e-06
TRXUSD,1772384400000,-4.905022222222e-06
TRXUSD,1772388000000,-7.626554166667e-06
TRXUSD,1772391600000,-9.780561111111e-06
TRXUSD,1772395200000,-1.727985e-05
TRXUSD,1772398800000,-2.3558991666667e-05
TRXUSD,1772402400000,-2.4210904166667e-05
TRXUSD,1772406000000,-3.1189127777778e-05
TRXUSD,1772409600000,-2.0195845833333e-05
TRXUSD,1772413200000,-1.8757622222222e-05
TRXUSD,1772416800000,-1.1702731944444e-05
TRXUSD,1772420400000,-1.0674825e-05
TRXUSD,1772424000000,-2.763115277778e-06
TRXUSD,1772427600000,-1.2413097222222e-05
TRXUSD,1772431200000,-1.1020659722222e-05
TRXUSD,1772434800000,-1.5770556944444e-05
TRXUSD,1772438400000,-1.0154584722222e-05
TRXUSD,1772442000000,-1.363261111111e-06
TRXUSD,1772445600000,4.1216625e-06
TRXUSD,1772449200000,6.747945833333e-06
TRXUSD,1772452800000,3.833390277778e-06
TRXUSD,1772456400000,-3.627605555556e-06
TRXUSD,1772460000000,5.74680555556e-07
TRXUSD,1772463600000,9.84022222222e-07
TRXUSD,1772467200000,-9.501193055556e-06
TRXUSD,1772470800000,-1.670845833333e-06
TRXUSD,1772474400000,-8.0635625e-06
TRXUSD,1772478000000,-3.962893055556e-06
TRXUSD,1772481600000,-1.631961111111e-06
TRXUSD,1772485200000,-1.0210290277778e-05
TRXUSD,1772488800000,-1.4749608333333e-05
TRXUSD,1772492400000,-1.8252777777778e-05
TRXUSD,1772496000000,-5.579929166667e-06
TRXUSD,1772499600000,4.72933333333e-07
TRXUSD,1772503200000,-7.651366666667e-06
TRXUSD,1772506800000,4.053644444444e-06
TRXUSD,1772510400000,1.889051388889e-06
TRXUSD,1772514000000,-2.511470833333e-06
TRXUSD,1772517600000,-9.377151388889e-06
TRXUSD,1772521200000,-5.982848611111e-06
TRXUSD,1772524800000,-8.427286111111e-06
TRXUSD,1772528400000,-1.8614716666667e-05
TRXUSD,1772532000000,-2.0870631944444e-05
TRXUSD,1772535600000,-1.4805230555556e-05
TRXUSD,1772539200000,-1.3603579166667e-05
TRXUSD,1772542800000,-1.8064252777778e-05
TRXUSD,1772546400000,-1.641665e-05
TRXUSD,1772550000000,-1.8319515277778e-05
TRXUSD,1772553600000,-2.1209008333333e-05
TRXUSD,1772557200000,-1.9431893055556e-05
TRXUSD,1772560800000,-1.6495801388889e-05
TRXUSD,1772564400000,-2.1111291666667e-05
TRXUSD,1772568000000,-2.5892783333333e-05
TRXUSD,1772571600000,-2.5481755555556e-05
TRXUSD,1772575200000,-2.5838443055556e-05
TRXUSD,1772578800000,-2.0523856944444e-05
TRXUSD,1772582400000,-1.9021075e-05
TRXUSD,1772586000000,-4.8962602777778e-05
TRXUSD,1772589600000,-3.0461651388889e-05
TRXUSD,1772593200000,-2.8658152777778e-05
TRXUSD,1772596800000,-1.1195636111111e-05
TRXUSD,1772600400000,-1.1718994444444e-05
TRXUSD,1772604000000,-9.420922222222e-06
TRXUSD,1772607600000,-2.786618055556e-06
TRXUSD,1772611200000,5.342033333333e-06
TRXUSD,1772614800000,-8.170169444444e-06
TRXUSD,1772618400000,8.285773611111e-06
TRXUSD,1772622000000,8.197079166667e-06
TRXUSD,1772625600000,-7.65152777778e-07
TRXUSD,1772629200000,8.782538888889e-06
TRXUSD,1772632800000,9.54343055556e-07
TRXUSD,1772636400000,-8.848530555556e-06
TRXUSD,1772640000000,-5.020695833333e-06
TRXUSD,1772643600000,-9.4158625e-06
TRXUSD,1772647200000,-4.72915e-06
TRXUSD,1772650800000,-3.975570833333e-06
TRXUSD,1772654400000,-6.832781944444e-06
TRXUSD,1772658000000,-1.2498520833333e-05
TRXUSD,1772661600000,-1.577980555556e-06
TRXUSD,1772665200000,-1.888080555556e-06
TRXUSD,1772668800000,6.04109722222e-07
TRXUSD,1772672400000,2.1125e-09
TRXUSD,1772676000000,-8.037391666667e-06
TRXUSD,1772679600000,3.469809722222e-06
TRXUSD,1772683200000,-1.0472406944444e-05
TRXUSD,1772686800000,2.487554166667e-06
TRXUSD,1772690400000,-6.957897222222e-06
TRXUSD,1772694000000,4.897531944444e-06
TRXUSD,1772697600000,2.210002777778e-06
TRXUSD,1772701200000,7.756453525641e-06
TRXUSD,1772704800000,-2.99669444444e-07
TRXUSD,1772708400000,-5.629305555556e-06
TRXUSD,1772712000000,-1.4275898611111e-05
TRXUSD,1772715600000,-1.30684e-05
TRXUSD,1772719200000,-2.8686804166667e-05
TRXUSD,1772722800000,-2.6437219444444e-05
TRXUSD,1772726400000,-2.0757133333333e-05
TRXUSD,1772730000000,-2.1453993055556e-05
TRXUSD,1772733600000,-2.0435191666667e-05
TRXUSD,1772737200000,-1.0712636111111e-05
TRXUSD,1772740800000,-1.1224172222222e-05
TRXUSD,1772744400000,-1.4219884722222e-05
TRXUSD,1772748000000,1.9784625e-06
TRXUSD,1772751600000,-2.237345833333e-06
TRXUSD,1772755200000,7.689497222222e-06
TRXUSD,1772758800000,5.643511111111e-06
TRXUSD,1772762400000,-2.103972222222e-06
TRXUSD,1772766000000,6.4708375e-06
TRXUSD,1772769600000,-9.97625e-08
TRXUSD,1772773200000,6.023411111111e-06
TRXUSD,1772776800000,2.403979166667e-06
TRXUSD,1772780400000,4.005204166667e-06
TRXUSD,1772784000000,2.317804166667e-06
TRXUSD,1772787600000,2.155144444444e-06
TRXUSD,1772791200000,-9.81345833333e-07
TRXUSD,1772794800000,5.258368055556e-06
TRXUSD,1772798400000,-4.375136111111e-06
TRXUSD,1772802000000,-6.153645833333e-06
TRXUSD,1772805600000,-9.241123611111e-06
TRXUSD,1772809200000,-1.7469133333333e-05
TRXUSD,1772812800000,-1.743645e-05
TRXUSD,1772816400000,-1.7825959722222e-05
TRXUSD,1772820000000,-2.1840322222222e-05
TRXUSD,1772823600000,-2.7958994444444e-05
TRXUSD,1772827200000,-2.9346143055556e-05
TRXUSD,1772830800000,-2.4208783333333e-05
TRXUSD,1772834400000,-2.8254005555556e-05
TRXUSD,1772838000000,-3.1207188888889e-05
TRXUSD,1772841600000,-2.3774277777778e-05
TRXUSD,1772845200000,-2.0400891666667e-05
TRXUSD,1772848800000,-1.4754688888889e-05
TRXUSD,1772852400000,-2.2107576388889e-05
TRXUSD,1772856000000,-3.370885e-05
TRXUSD,1772859600000,-3.4883604166667e-05
TRXUSD,1772863200000,-3.6493191666667e-05
TRXUSD,1772866800000,-4.4346483333333e-05
TRXUSD,1772870400000,-3.6169491666667e-05
TRXUSD,1772874000000,-2.3372169444444e-05
TRXUSD,1772877600000,-3.6557355555556e-05
TRXUSD,1772881200000,-2.7637684722222e-05
TRXUSD,1772884800000,-2.1718686111111e-05
TRXUSD,1772888400000,-2.5195659722222e-05
TRXUSD,1772892000000,-2.1677326388889e-05
TRXUSD,1772895600000,-2.1338920833333e-05
TRXUSD,1772899200000,-1.6207141666667e-05
TRXUSD,1772902800000,-1.1466386111111e-05
TRXUSD,1772906400000,-6.103379166667e-06
TRXUSD,1772910000000,-1.319961111111e-06
TRXUSD,1772913600000,-9.320963888889e-06
TRXUSD,1772917200000,-2.144243055556e-06
TRXUSD,1772920800000,-7.158955555556e-06
TRXUSD,1772924400000,4.80655555556e-07
TRXUSD,1772928000000,-1.0488026388889e-05
TRXUSD,1772931600000,-1.3640175e-05
TRXUSD,1772935200000,-8.929365277778e-06
TRXUSD,1772938800000,-7.193883333333e-06
TRXUSD,1772942400000,-4.633847222222e-06
TRXUSD,1772946000000,-1.155048611111e-06
TRXUSD,1772949600000,6.35425e-07
TRXUSD,1772953200000,-9.997702777778e-06
TRXUSD,1772956800000,-7.8436625e-06
TRXUSD,1772960400000,-8.302870833333e-06
TRXUSD,1772964000000,-3.773955555556e-06
TRXUSD,1772967600000,1.550125e-07
TRXUSD,1772971200000,-5.727197222222e-06
TRXUSD,1772974800000,-1.806591666667e-06
TRXUSD,1772978400000,1.62565277778e-07
TRXUSD,1772982000000,-8.610675e-06
TRXUSD,1772985600000,-5.129568055556e-06
TRXUSD,1772989200000,3.274420833333e-06
TRXUSD,1772992800000,-4.415443055556e-06
TRXUSD,1772996400000,-6.78941666667e-07
TRXUSD,1773000000000,-1.489220833333e-06
TRXUSD,1773003600000,-2.91779166667e-07
TRXUSD,1773007200000,7.101865277778e-06
TRXUSD,1773010800000,-9.945031944444e-06
TRXUSD,1773014400000,-1.2353981944444e-05
TRXUSD,1773018000000,-5.335804166667e-06
TRXUSD,1773021600000,2.760548611111e-06
TRXUSD,1773025200000,-2.90333333333e-07
TRXUSD,1773028800000,6.527130555556e-06
TRXUSD,1773032400000,2.509923611111e-06
TRXUSD,1773036000000,6.38725e-07
TRXUSD,1773039600000,-9.3950375e-06
TRXUSD,1773043200000,-2.750959722222e-06
TRXUSD,1773046800000,8.09261363636e-07
TRXUSD,1773050400000,-3.187429166667e-06
TRXUSD,1773054000000,-8.457630555556e-06
TRXUSD,1773057600000,-9.367005555556e-06
TRXUSD,1773061200000,-1.5767981944444e-05
TRXUSD,1773064800000,-1.1888475e-05
TRXUSD,1773068400000,-1.0762226388889e-05
TRXUSD,1773072000000,-1.3113323611111e-05
TRXUSD,1773075600000,-1.81549875e-05
TRXUSD,1773079200000,-2.3768415277778e-05
TRXUSD,1773082800000,-1.244184722222e-06
TRXUSD,1773086400000,5.274620833333e-06
TRXUSD,1773090000000,-1.3658283333333e-05
TRXUSD,1773093600000,-4.382154166667e-06
TRXUSD,1773097200000,-4.134876388889e-06
TRXUSD,1773100800000,-8.173469444444e-06
TRXUSD,1773104400000,-8.259397222222e-06
TRXUSD,1773108000000,-3.853531944444e-06
TRXUSD,1773111600000,3.365881944444e-06
TRXUSD,1773115200000,5.789416666667e-06
TRXUSD,1773118800000,3.523675e-06
TRXUSD,1773122400000,-3.861127777778e-06
TRXUSD,1773126000000,-1.158929166667e-06
TRXUSD,1773129600000,-1.485648611111e-06
TRXUSD,1773133200000,7.76954166667e-07
TRXUSD,1773136800000,-9.280461111111e-06
TRXUSD,1773140400000,-1.8930401388889e-05
TRXUSD,1773144000000,-1.7267402777778e-05
TRXUSD,1773147600000,-2.4180934722222e-05
TRXUSD,1773151200000,-3.35739875e-05
TRXUSD,1773154800000,-2.8110154166667e-05
TRXUSD,1773158400000,-2.8371009722222e-05
TRXUSD,1773162000000,-2.6619215277778e-05
TRXUSD,1773165600000,-2.6717911111111e-05
TRXUSD,1773169200000,-2.9020369444444e-05
TRXUSD,1773172800000,-1.9480401388889e-05
TRXUSD,1773176400000,-1.3770720833333e-05
TRXUSD,1773180000000,-1.7046079166667e-05
TRXUSD,1773183600000,-6.984451388889e-06
TRXUSD,1773187200000,-5.58443055556e-07
TRXUSD,1773190800000,-8.115304166667e-06
TRXUSD,1773194400000,-6.90648611111e-07
TRXUSD,1773198000000,6.89459722222e-07
TRXUSD,1773201600000,2.666855555556e-06
TRXUSD,1773205200000,-1.150220833333e-06
TRXUSD,1773208800000,3.691179166667e-06
TRXUSD,1773212400000,1.6665801388889e-05
TRXUSD,1773216000000,1.6257238888889e-05
TRXUSD,1773219600000,8.653884722222e-06
TRXUSD,1773223200000,1.5960679166667e-05
TRXUSD,1773226800000,1.4610438888889e-05
TRXUSD,1773230400000,1.1051301388889e-05
TRXUSD,1773234000000,5.885820833333e-06
TRXUSD,1773237600000,-5.100547222222e-06
TRXUSD,1773241200000,2.931556944444e-06
TRXUSD,1773244800000,8.5175e-07
TRXUSD,1773248400000,2.458852777778e-06
TRXUSD,1773252000000,6.987904166667e-06
TRXUSD,1773255600000,4.878313888889e-06
TRXUSD,1773259200000,1.2126436111111e-05
TRXUSD,1773262800000,1.2268351388889e-05
TRXUSD,1773266400000,1.4239723611111e-05
TRXUSD,1773270000000,1.2527781944444e-05
TRXUSD,1773273600000,1.3280363888889e-05
TRXUSD,1773277200000,3.575122222222e-06
TRXUSD,1773280800000,-8.378673611111e-06
TRXUSD,1773284400000,-5.164119444444e-06
TRXUSD,1773288000000,4.30294444444e-07
TRXUSD,1773291600000,-5.825684722222e-06
TRXUSD,1773295200000,-2.378647222222e-06
TRXUSD,1773298800000,-2.341981944444e-06
TRXUSD,1773302400000,2.482669444444e-06
TRXUSD,1773306000000,-8.10183333333e-07
TRXUSD,1773309600000,9.415747222222e-06
TRXUSD,1773313200000,4.410947222222e-06
TRXUSD,1773316800000,-6.304816666667e-06
TRXUSD,1773320400000,-8.099015277778e-06
TRXUSD,1773324000000,-6.538038888889e-06
TRXUSD,1773327600000,-2.770475e-06
TRXUSD,1773331200000,1.196569444444e-06
TRXUSD,1773334800000,-9.622613888889e-06
TRXUSD,1773338400000,-1.0968170833333e-05
TRXUSD,1773342000000,-1.0726818055556e-05
TRXUSD,1773345600000,-1.3062552777778e-05
TRXUSD,1773349200000,-6.974008333333e-06
TRXUSD,1773352800000,-1.571002777778e-06
TRXUSD,1773356400000,-2.5638625e-06
TRXUSD,1773360000000,-6.445988888889e-06
TRXUSD,1773363600000,-2.7492375e-06
TRXUSD,1773367200000,-3.445125e-07
TRXUSD,1773370800000,-3.835340277778e-06
TRXUSD,1773374400000,-4.854283333333e-06
TRXUSD,1773378000000,-1.0212502777778e-05
TRXUSD,1773381600000,-4.589927777778e-06
TRXUSD,1773385200000,-8.04090277778e-07
TRXUSD,1773388800000,-8.058083333333e-06
TRXUSD,1773392400000,-3.965859722222e-06
TRXUSD,1773396000000,-2.0972041666667e-05
TRXUSD,1773399600000,-1.8316213888889e-05
TRXUSD,1773403200000,-1.7826041666667e-05
TRXUSD,1773406800000,-2.0881615277778e-05
TRXUSD,1773410400000,-1.9996222222222e-05
TRXUSD,1773414000000,-4.44858333333e-07
TRXUSD,1773417600000,-4.084848611111e-06
TRXUSD,1773421200000,-7.582504166667e-06
TRXUSD,1773424800000,7.83923611111e-07
TRXUSD,1773428400000,6.20343055556e-07
TRXUSD,1773432000000,-2.1471875e-06
TRXUSD,1773435600000,2.278219444444e-06
TRXUSD,1773439200000,1.915268055556e-06
TRXUSD,1773442800000,-9.017244444444e-06
TRXUSD,1773446400000,1.0288319444444e-05
TRXUSD,1773450000000,6.257804166667e-06
TRXUSD,1773453600000,-5.632080555556e-06
TRXUSD,1773457200000,6.856501388889e-06
TRXUSD,1773460800000,2.62397222222e-07
TRXUSD,1773464400000,1.036791666667e-06
TRXUSD,1773468000000,1.301951388889e-06
TRXUSD,1773471600000,-3.414084722222e-06
TRXUSD,1773475200000,-9.944847222222e-06
TRXUSD,1773478800000,-1.601220833333e-06
TRXUSD,1773482400000,1.217076388889e-06
TRXUSD,1773486000000,1.161619444444e-06
TRXUSD,1773489600000,9.023875e-06
TRXUSD,1773493200000,1.14871375e-05
TRXUSD,1773496800000,8.013222222222e-06
TRXUSD,1773500400000,1.0465094444444e-05
TRXUSD,1773504000000,9.555851388889e-06
TRXUSD,1773507600000,1.4668725e-05
TRXUSD,1773511200000,3.304752777778e-06
TRXUSD,1773514800000,-6.249994444444e-06
TRXUSD,1773518400000,-6.20376388889e-07
TRXUSD,1773522000000,-4.215736111111e-06
TRXUSD,1773525600000,-6.519229166667e-06
TRXUSD,1773529200000,-1.4585125e-06
TRXUSD,1773532800000,-6.767848611111e-06
TRXUSD,1773536400000,-4.696838888889e-06
TRXUSD,1773540000000,-6.975638888889e-06
TRXUSD,1773543600000,-2.022048611111e-06
TRXUSD,1773547200000,-6.081266666667e-06
TRXUSD,1773550800000,-1.358559722222e-06
TRXUSD,1773554400000,-2.615790277778e-06
TRXUSD,1773558000000,-9.433570833333e-06
TRXUSD,1773561600000,-1.0767854166667e-05
TRXUSD,1773565200000,1.664463888889e-06
TRXUSD,1773568800000,6.165390277778e-06
TRXUSD,1773572400000,-1.899919444444e-06
TRXUSD,1773576000000,4.040697222222e-06
TRXUSD,1773579600000,6.236308333333e-06
TRXUSD,1773583200000,-1.02673611111e-07
TRXUSD,1773586800000,-6.644955555556e-06
TRXUSD,1773590400000,-1.097718055556e-06
TRXUSD,1773594000000,5.12025e-07
TRXUSD,1773597600000,1.205158333333e-06
TRXUSD,1773601200000,-5.991655555556e-06
TRXUSD,1773604800000,9.92527777778e-07
TRXUSD,1773608400000,-4.0919375e-06
TRXUSD,1773612000000,-1.1113322222222e-05
TRXUSD,1773615600000,1.246693055556e-06
TRXUSD,1773619200000,-2.506229166667e-06
TRXUSD,1773622800000,-7.805679166667e-06
TRXUSD,1773626400000,-3.741241666667e-06
TRXUSD,1773630000000,-4.147566666667e-06
TRXUSD,1773633600000,6.99072222222e-07
TRXUSD,1773637200000,6.644565277778e-06
TRXUSD,1773640800000,-2.216825e-06
TRXUSD,1773644400000,-3.292738888889e-06
TRXUSD,1773648000000,-1.7723181944444e-05
TRXUSD,1773651600000,-1.6528708333333e-05
TRXUSD,1773655200000,-1.2044854166667e-05
TRXUSD,1773658800000,-3.916106944444e-06
TRXUSD,1773662400000,3.253575e-06
TRXUSD,1773666000000,3.51243055556e-07
TRXUSD,1773669600000,3.995129166667e-06
TRXUSD,1773673200000,-5.797609722222e-06
TRXUSD,1773676800000,-7.65785e-06
TRXUSD,1773680400000,-3.568736111111e-06
TRXUSD,1773684000000,-3.452479166667e-06
TRXUSD,1773687600000,-5.488277777778e-06
TRXUSD,1773691200000,-1.0535295833333e-05
TRXUSD,1773694800000,-1.3651543055556e-05
TRXUSD,1773698400000,-6.160165277778e-06
TRXUSD,1773702000000,-4.334136111111e-06
TRXUSD,1773705600000,5.12341666667e-07
TRXUSD,1773709200000,-4.111101388889e-06
TRXUSD,1773712800000,-8.2197222222e-08
TRXUSD,1773716400000,1.2117915277778e-05
TRXUSD,1773720000000,1.0991629166667e-05
TRXUSD,1773723600000,1.1821038888889e-05
TRXUSD,1773727200000,1.0017609722222e-05
TRXUSD,1773730800000,9.604170833333e-06
TRXUSD,1773734400000,7.978961111111e-06
TRXUSD,1773738000000,8.863225e-06
TRXUSD,1773741600000,1.5349404166667e-05
TRXUSD,1773745200000,1.4330070833333e-05
TRXUSD,1773748800000,1.4159202777778e-05
TRXUSD,1773752400000,7.632588888889e-06
TRXUSD,1773756000000,6.504193055556e-06
TRXUSD,1773759600000,2.387769444444e-06
TRXUSD,1773763200000,2.567475e-06
TRXUSD,1773766800000,2.375475e-06
TRXUSD,1773770400000,2.794559722222e-06
TRXUSD,1773774000000,9.032509722222e-06
TRXUSD,1773777600000,8.433765277778e-06
TRXUSD,1773781200000,9.9324e-06
TRXUSD,1773784800000,1.0427569444444e-05
TRXUSD,1773788400000,3.137097222222e-06
TRXUSD,1773792000000,3.334038888889e-06
TRXUSD,1773795600000,1.2129802777778e-05
TRXUSD,1773799200000,1.9347306944444e-05
TRXUSD,1773802800000,2.1857819444444e-05
TRXUSD,1773806400000,1.4469022222222e-05
TRXUSD,1773810000000,1.1954373611111e-05
TRXUSD,1773813600000,3.759543055556e-06
TRXUSD,1773817200000,-9.358826388889e-06
TRXUSD,1773820800000,-7.031272222222e-06
TRXUSD,1773824400000,-4.585501388889e-06
TRXUSD,1773828000000,-3.384384722222e-06
TRXUSD,1773831600000,-3.702918055556e-06
TRXUSD,1773835200000,2.293730555556e-06
TRXUSD,1773838800000,2.39658333333e-07
TRXUSD,1773842400000,-1.1722670833333e-05
TRXUSD,1773846000000,-8.994990277778e-06
TRXUSD,1773849600000,-6.4377875e-06
TRXUSD,1773853200000,-3.646470833333e-06
TRXUSD,1773856800000,9.81936111111e-07
TRXUSD,1773860400000,6.585316666667e-06
TRXUSD,1773864000000,4.312508333333e-06
TRXUSD,1773867600000,1.872144444444e-06
TRXUSD,1773871200000,3.511501388889e-06
TRXUSD,1773874800000,3.7588e-06
TRXUSD,1773878400000,6.914655555556e-06
TRXUSD,1773882000000,6.342616666667e-06
TRXUSD,1773885600000,3.433122222222e-06
TRXUSD,1773889200000,4.994380555556e-06
TRXUSD,1773892800000,5.041813888889e-06
TRXUSD,1773896400000,7.502261111111e-06
TRXUSD,1773900000000,5.222940277778e-06
TRXUSD,1773903600000,3.760922222222e-06
TRXUSD,1773907200000,-2.556686111111e-06
TRXUSD,1773910800000,-1.333177083333e-06
TRXUSD,1773914400000,1.2377433333333e-05
TRXUSD,1773918000000,9.681129166667e-06
TRXUSD,1773921600000,1.0545677777778e-05
TRXUSD,1773925200000,2.718418055556e-06
TRXUSD,1773928800000,-3.544636111111e-06
TRXUSD,1773932400000,7.45522222222e-07
TRXUSD,1773936000000,-6.911536111111e-06
TRXUSD,1773939600000,-7.811019444444e-06
TRXUSD,1773943200000,-1.2084555555556e-05
TRXUSD,1773946800000,-9.101034722222e-06
TRXUSD,1773950400000,-1.1147322222222e-05
TRXUSD,1773954000000,-7.758994444444e-06
TRXUSD,1773957600000,-4.154530555556e-06
TRXUSD,1773961200000,-8.243405555556e-06
TRXUSD,1773964800000,-8.5124625e-06
TRXUSD,1773968400000,-5.000984722222e-06
TRXUSD,1773972000000,-3.547408333333e-06
TRXUSD,1773975600000,-7.483538888889e-06
TRXUSD,1773979200000,-8.263904166667e-06
TRXUSD,1773982800000,-6.025333333333e-06
TRXUSD,1773986400000,-1.1178040277778e-05
TRXUSD,1773990000000,-1.17557625e-05
TRXUSD,1773993600000,-4.234004166667e-06
TRXUSD,1773997200000,4.998534722222e-06
TRXUSD,1774000800000,-3.661273611111e-06
TRXUSD,1774004400000,1.038875e-06
TRXUSD,1774008000000,-1.120729166667e-06
TRXUSD,1774011600000,-5.447063888889e-06
TRXUSD,1774015200000,-2.254125e-07
TRXUSD,1774018800000,-6.257354166667e-06
TRXUSD,1774022400000,1.624188888889e-06
TRXUSD,1774026000000,4.748288888889e-06
TRXUSD,1774029600000,7.004305555556e-06
TRXUSD,1774033200000,4.399144444444e-06
TRXUSD,1774036800000,1.721227777778e-06
TRXUSD,1774040400000,3.041961111111e-06
TRXUSD,1774044000000,2.830047222222e-06
TRXUSD,1774047600000,4.010154166667e-06
TRXUSD,1774051200000,3.867206944444e-06
TRXUSD,1774054800000,-1.216633333333e-06
TRXUSD,1774058400000,-8.267163888889e-06
TRXUSD,1774062000000,-6.6071875e-06
TRXUSD,1774065600000,-5.646281944444e-06
TRXUSD,1774069200000,-1.66215e-06
TRXUSD,1774072800000,-5.574109722222e-06
TRXUSD,1774076400000,6.271618055556e-06
TRXUSD,1774080000000,8.826973611111e-06
TRXUSD,1774083600000,3.184569444444e-06
TRXUSD,1774087200000,-6.89879166667e-07
TRXUSD,1774090800000,1.143676388889e-06
TRXUSD,1774094400000,5.182119444444e-06
TRXUSD,1774098000000,2.19955555556e-07
TRXUSD,1774101600000,-1.585883333333e-06
TRXUSD,1774105200000,-9.377426388889e-06
TRXUSD,1774108800000,-6.552444444444e-06
TRXUSD,1774112400000,2.789444444444e-06
TRXUSD,1774116000000,5.002929166667e-06
TRXUSD,1774119600000,5.290806944444e-06
TRXUSD,1774123200000,2.085568055556e-06
TRXUSD,1774126800000,-5.09459722222e-07
TRXUSD,1774130400000,-3.50915277778e-07
TRXUSD,1774134000000,-4.392118055556e-06
TRXUSD,1774137600000,-3.604625e-07
TRXUSD,1774141200000,-9.37106944444e-07
TRXUSD,1774144800000,-7.5705555556e-08
TRXUSD,1774148400000,-5.777666666667e-06
TRXUSD,1774152000000,-1.306509722222e-06
TRXUSD,1774155600000,-4.087127777778e-06
TRXUSD,1774159200000,-3.879940277778e-06
TRXUSD,1774162800000,1.49526388889e-07
TRXUSD,1774166400000,-2.438619444444e-06
TRXUSD,1774170000000,-4.225e-08
TRXUSD,1774173600000,8.84268055556e-07
TRXUSD,1774177200000,3.461966666667e-06
TRXUSD,1774180800000,2.448291666667e-06
TRXUSD,1774184400000,9.763848611111e-06
TRXUSD,1774188000000,5.51798611111e-07
TRXUSD,1774191600000,1.088548611111e-06
TRXUSD,1774195200000,4.479206944444e-06
TRXUSD,1774198800000,1.0169369444444e-05
TRXUSD,1774202400000,1.4389425e-05
TRXUSD,1774206000000,9.64355e-06
TRXUSD,1774209600000,1.3644098611111e-05
TRXUSD,1774213200000,7.310155555556e-06
TRXUSD,1774216800000,-1.1205677777778e-05
TRXUSD,1774220400000,-8.592320833333e-06
TRXUSD,1774224000000,-1.36856625e-05
TRXUSD,1774227600000,-8.045715277778e-06
TRXUSD,1774231200000,-1.058672222222e-06
TRXUSD,1774234800000,-1.6782995833333e-05
TRXUSD,1774238400000,-1.6699731944444e-05
TRXUSD,1774242000000,-6.072070833333e-06
TRXUSD,1774245600000,-1.0132184722222e-05
TRXUSD,1774249200000,-2.4528072222222e-05
TRXUSD,1774252800000,-1.9820591666667e-05
TRXUSD,1774256400000,4.013708333333e-06
TRXUSD,1774260000000,-6.684711111111e-06
TRXUSD,1774263600000,1.745636111111e-06
TRXUSD,1774267200000,4.032851388889e-06
TRXUSD,1774270800000,4.939148611111e-06
TRXUSD,1774274400000,8.390984722222e-06
TRXUSD,1774278000000,-1.489938888889e-06
TRXUSD,1774281600000,-1.9844651388889e-05
TRXUSD,1774285200000,-5.770805555556e-06
TRXUSD,1774288800000,-1.3699258333333e-05
TRXUSD,1774292400000,-2.4194186111111e-05
TRXUSD,1774296000000,-1.3014747222222e-05
TRXUSD,1774299600000,-1.2682011111111e-05
TRXUSD,1774303200000,-1.5542676388889e-05
TRXUSD,1774306800000,-7.094516666667e-06
TRXUSD,1774310400000,2.755193055556e-06
TRXUSD,1774314000000,4.90915277778e-07
TRXUSD,1774317600000,1.807468055556e-06
TRXUSD,1774321200000,4.511155555556e-06
TRXUSD,1774324800000,6.178766666667e-06
TRXUSD,1774328400000,5.932915277778e-06
TRXUSD,1774332000000,4.432530555556e-06
TRXUSD,1774335600000,7.275225e-06
TRXUSD,1774339200000,6.208148611111e-06
TRXUSD,1774342800000,3.663358333333e-06
TRXUSD,1774346400000,3.44866666667e-07
TRXUSD,1774350000000,7.309095833333e-06
TRXUSD,1774353600000,1.3367573611111e-05
TRXUSD,1774357200000,1.1027352777778e-05
TRXUSD,1774360800000,3.974384722222e-06
TRXUSD,1774364400000,2.336459722222e-06
TRXUSD,1774368000000,1.589333333333e-06
TRXUSD,1774371600000,1.086125e-06
TRXUSD,1774375200000,5.893975e-06
TRXUSD,1774378800000,7.192566666667e-06
TRXUSD,1774382400000,1.284213888889e-06
TRXUSD,1774386000000,1.801020833333e-06
TRXUSD,1774389600000,-5.456452777778e-06
TRXUSD,1774393200000,-7.762894444444e-06
TRXUSD,1774396800000,-1.1318340277778e-05
TRXUSD,1774400400000,-9.849975e-06
TRXUSD,1774404000000,2.688631944444e-06
TRXUSD,1774407600000,-1.612590277778e-06
TRXUSD,1774411200000,-4.044120833333e-06
TRXUSD,1774414800000,-9.848720833333e-06
TRXUSD,1774418400000,-3.6171875e-06
TRXUSD,1774422000000,-7.292708333333e-06
TRXUSD,1774425600000,-3.625641666667e-06
TRXUSD,1774429200000,-5.6145833333e-08
TRXUSD,1774432800000,-4.9861111111e-08
TRXUSD,1774436400000,-1.852501388889e-06
TRXUSD,1774440000000,-6.484490277778e-06
TRXUSD,1774443600000,-6.779522222222e-06
TRXUSD,1774447200000,-7.657847222222e-06
TRXUSD,1774450800000,-4.837744444444e-06
TRXUSD,1774454400000,-2.988952777778e-06
TRXUSD,1774458000000,-1.693495833333e-06
TRXUSD,1774461600000,4.936098611111e-06
TRXUSD,1774465200000,1.1019575e-05
TRXUSD,1774468800000,9.206245833333e-06
TRXUSD,1774472400000,8.269322222222e-06
TRXUSD,1774476000000,-4.001208333333e-06
TRXUSD,1774479600000,4.084361111111e-06
TRXUSD,1774483200000,2.460626388889e-06
TRXUSD,1774486800000,-2.021568055556e-06
TRXUSD,1774490400000,8.4686111111e-08
TRXUSD,1774494000000,-4.93638888889e-07
TRXUSD,1774497600000,1.729066666667e-06
TRXUSD,1774501200000,6.696413888889e-06
TRXUSD,1774504800000,-9.385e-08
TRXUSD,1774508400000,6.79825e-07
TRXUSD,1774512000000,-3.161788888889e-06
TRXUSD,1774515600000,-5.676513888889e-06
TRXUSD,1774519200000,-3.38995e-06
TRXUSD,1774522800000,-4.8455625e-06
TRXUSD,1774526400000,-6.20858333333e-07
TRXUSD,1774530000000,2.629559722222e-06
TRXUSD,1774533600000,-6.500743055556e-06
TRXUSD,1774537200000,-3.427322222222e-06
TRXUSD,1774540800000,4.283281944444e-06
TRXUSD,1774544400000,-1.0309647222222e-05
TRXUSD,1774548000000,-1.1982823611111e-05
TRXUSD,1774551600000,-1.1608597222222e-05
TRXUSD,1774555200000,-2.0501522222222e-05
TRXUSD,1774558800000,-2.4309959722222e-05
TRXUSD,1774562400000,-1.2029690277778e-05
TRXUSD,1774566000000,-9.993615277778e-06
TRXUSD,1774569600000,-2.258033333333e-06
TRXUSD,1774573200000,-5.1828125e-06
TRXUSD,1774576800000,-8.1008125e-06
TRXUSD,1774580400000,-5.325004166667e-06
TRXUSD,1774584000000,-8.49244444444e-07
TRXUSD,1774587600000,1.0850377777778e-05
TRXUSD,1774591200000,1.4376281944444e-05
TRXUSD,1774594800000,9.246347222222e-06
TRXUSD,1774598400000,3.857102777778e-06
TRXUSD,1774602000000,-4.345088888889e-06
TRXUSD,1774605600000,-7.298516666667e-06
TRXUSD,1774609200000,-8.551688888889e-06
TRXUSD,1774612800000,-2.3266669444444e-05
TRXUSD,1774616400000,-1.8740388888889e-05
TRXUSD,1774620000000,-8.513695833333e-06
TRXUSD,1774623600000,-2.9053494444444e-05
TRXUSD,1774627200000,-2.1778747222222e-05
TRXUSD,1774630800000,-2.6737625e-05
TRXUSD,1774634400000,-1.6666198611111e-05
TRXUSD,1774638000000,-1.1793675e-05
TRXUSD,1774641600000,-6.1932125e-06
TRXUSD,1774645200000,1.960322222222e-06
TRXUSD,1774648800000,4.226686111111e-06
TRXUSD,1774652400000,1.75119444444e-07
TRXUSD,1774656000000,1.213126388889e-06
TRXUSD,1774659600000,6.36630555556e-07
TRXUSD,1774663200000,-1.1843308333333e-05
TRXUSD,1774666800000,-1.8666172222222e-05
TRXUSD,1774670400000,-6.433631944444e-06
TRXUSD,1774674000000,-1.926376388889e-06
TRXUSD,1774677600000,-4.350754166667e-06
TRXUSD,1774681200000,2.148390277778e-06
TRXUSD,1774684800000,1.697147222222e-06
TRXUSD,1774688400000,8.942501388889e-06
TRXUSD,1774692000000,2.211583333333e-06
TRXUSD,1774695600000,-8.0881625e-06
TRXUSD,1774699200000,4.58202777778e-07
TRXUSD,1774702800000,5.507990277778e-06
TRXUSD,1774706400000,9.079345833333e-06
TRXUSD,1774710000000,8.155913888889e-06
TRXUSD,1774713600000,7.482759722222e-06
TRXUSD,1774717200000,4.479531944444e-06
TRXUSD,1774720800000,4.536263888889e-06
TRXUSD,1774724400000,6.869618055556e-06
TRXUSD,1774728000000,4.542634722222e-06
TRXUSD,1774731600000,-2.29715277778e-07
TRXUSD,1774735200000,-6.855591666667e-06
TRXUSD,1774738800000,-6.7150375e-06
TRXUSD,1774742400000,-6.949051388889e-06
TRXUSD,1774746000000,-7.920626388889e-06
TRXUSD,1774749600000,-2.275277777778e-06
TRXUSD,1774753200000,-7.1574e-06
TRXUSD,1774756800000,-1.0666080555556e-05
TRXUSD,1774760400000,-1.2383418055556e-05
TRXUSD,1774764000000,-2.715644444444e-06
TRXUSD,1774767600000,3.173779166667e-06
TRXUSD,1774771200000,-2.564409722222e-06
TRXUSD,1774774800000,6.798990277778e-06
TRXUSD,1774778400000,1.1304666666667e-05
TRXUSD,1774782000000,1.753234722222e-06
TRXUSD,1774785600000,1.386416666667e-06
TRXUSD,1774789200000,3.928540277778e-06
TRXUSD,1774792800000,-1.943716666667e-06
TRXUSD,1774796400000,-1.331979166667e-06
TRXUSD,1774800000000,-4.316201388889e-06
TRXUSD,1774803600000,-7.9454375e-06
TRXUSD,1774807200000,1.15291666667e-07
TRXUSD,1774810800000,2.501361111111e-06
TRXUSD,1774814400000,6.49685e-06
TRXUSD,1774818000000,7.554866935484e-06
TRXUSD,1774821600000,-3.93674327957e-06
TRXUSD,1774825200000,-4.457116666667e-06
TRXUSD,1774828800000,-6.906881944444e-06
TRXUSD,1774832400000,-1.6333044444444e-05
TRXUSD,1774836000000,-1.5814997222222e-05
TRXUSD,1774839600000,-4.549955555556e-06
TRXUSD,1774843200000,-2.750155555556e-06
TRXUSD,1774846800000,-5.862298611111e-06
TRXUSD,1774850400000,1.137219444444e-06
TRXUSD,1774854000000,2.88205e-06
TRXUSD,1774857600000,6.3375e-07
TRXUSD,1774861200000,-3.860368055556e-06
TRXUSD,1774864800000,1.446038888889e-06
TRXUSD,1774868400000,1.831372222222e-06
TRXUSD,1774872000000,-4.660379166667e-06
TRXUSD,1774875600000,-1.0866720833333e-05
TRXUSD,1774879200000,-2.4757769444444e-05
TRXUSD,1774882800000,-1.7095393055556e-05
TRXUSD,1774886400000,-8.355476388889e-06
TRXUSD,1774890000000,-1.626940277778e-06
TRXUSD,1774893600000,1.2351006944444e-05
TRXUSD,1774897200000,1.4850833333333e-05
TRXUSD,1774900800000,6.000038888889e-06
TRXUSD,1774904400000,6.186195833333e-06
TRXUSD,1774908000000,-2.530193055556e-06
TRXUSD,1774911600000,2.380826388889e-06
TRXUSD,1774915200000,3.995554166667e-06
TRXUSD,1774918800000,8.01397222222e-07
TRXUSD,1774922400000,5.0967625e-06
TRXUSD,1774926000000,8.151436111111e-06
TRXUSD,1774929600000,-7.21018055556e-07
TRXUSD,1774933200000,4.4774375e-06
TRXUSD,1774936800000,5.990184722222e-06
TRXUSD,1774940400000,7.407476388889e-06
TRXUSD,1774944000000,5.2287625e-06
TRXUSD,1774947600000,-7.029440277778e-06
TRXUSD,1774951200000,-8.305943055556e-06
TRXUSD,1774954800000,-5.046976388889e-06
TRXUSD,1774958400000,-3.430779166667e-06
TRXUSD,1774962000000,-8.505683333333e-06
TRXUSD,1774965600000,1.49202777778e-07
TRXUSD,1774969200000,-1.0754720833333e-05
TRXUSD,1774972800000,-1.7349873611111e-05
TRXUSD,1774976400000,-4.1636581944444e-05
TRXUSD,1774980000000,-9.794420833333e-06
TRXUSD,1774983600000,-4.145143055556e-06
TRXUSD,1774987200000,-1.2094166666667e-05
TRXUSD,1774990800000,-2.3246170833333e-05
TRXUSD,1774994400000,-1.4029302777778e-05
TRXUSD,1774998000000,-2.407735e-05
TRXUSD,1775001600000,5.36370833333e-07
TRXUSD,1775005200000,-3.55627777778e-07
TRXUSD,1775008800000,4.434723611111e-06
TRXUSD,1775012400000,3.9545e-06
TRXUSD,1775016000000,6.594745833333e-06
TRXUSD,1775019600000,5.8060375e-06
TRXUSD,1775023200000,-1.761093055556e-06
TRXUSD,1775026800000,-2.428143055556e-06
TRXUSD,1775030400000,-1.0483256944444e-05
TRXUSD,1775034000000,-9.235e-07
TRXUSD,1775037600000,-1.3226369444444e-05
TRXUSD,1775041200000,-2.1236447222222e-05
TRXUSD,1775044800000,-5.821769444444e-06
TRXUSD,1775048400000,-1.0799436111111e-05
TRXUSD,1775052000000,-3.365531944444e-06
TRXUSD,1775055600000,-5.416965277778e-06
TRXUSD,1775059200000,-2.405479166667e-06
TRXUSD,1775062800000,-3.990322222222e-06
TRXUSD,1775066400000,-5.404643055556e-06
TRXUSD,1775070000000,-2.558204166667e-06
TRXUSD,1775073600000,3.899929166667e-06
TRXUSD,1775077200000,-6.145888888889e-06
TRXUSD,1775080800000,-6.162423611111e-06
TRXUSD,1775084400000,-6.015602777778e-06
TRXUSD,1775088000000,-4.034458333333e-06
TRXUSD,1775091600000,-4.575116666667e-06
TRXUSD,1775095200000,-4.534334722222e-06
TRXUSD,1775098800000,-4.655875e-06
TRXUSD,1775102400000,-9.025102777778e-06
TRXUSD,1775106000000,-1.5284522222222e-05
TRXUSD,1775109600000,-8.229280555556e-06
TRXUSD,1775113200000,1.849966666667e-06
TRXUSD,1775116800000,-2.356577777778e-06
TRXUSD,1775120400000,5.1415922619e-07
TRXUSD,1775124000000,2.6701e-06
TRXUSD,1775127600000,6.529013888889e-06
TRXUSD,1775131200000,5.619515277778e-06
TRXUSD,1775134800000,3.73216666667e-07
TRXUSD,1775138400000,1.3177777778e-08
TRXUSD,1775142000000,-4.381186111111e-06
TRXUSD,1775145600000,7.77936111111e-07
TRXUSD,1775149200000,-3.987195833333e-06
TRXUSD,1775152800000,-1.2735080555556e-05
TRXUSD,1775156400000,-1.5356602777778e-05
TRXUSD,1775160000000,-1.1170386111111e-05
TRXUSD,1775163600000,-5.589398611111e-06
TRXUSD,1775167200000,3.166204166667e-06
TRXUSD,1775170800000,-1.430644444444e-06
TRXUSD,1775174400000,2.826506944444e-06
TRXUSD,1775178000000,2.930648611111e-06
TRXUSD,1775181600000,-7.36011111111e-07
TRXUSD,1775185200000,5.29830555556e-07
TRXUSD,1775188800000,-2.307381944444e-06
TRXUSD,1775192400000,-7.487277777778e-06
TRXUSD,1775196000000,-1.2159941666667e-05
TRXUSD,1775199600000,-6.5923375e-06
TRXUSD,1775203200000,-5.61721875e-06
TRXUSD,1775206800000,-1.315731944444e-06
TRXUSD,1775210400000,-6.031015277778e-06
TRXUSD,1775214000000,-2.0022534722222e-05
TRXUSD,1775217600000,-1.8985815277778e-05
TRXUSD,1775221200000,-7.451959722222e-06
TRXUSD,1775224800000,-1.03535e-06
TRXUSD,1775228400000,-2.473443055556e-06
TRXUSD,1775232000000,1.081045833333e-06
TRXUSD,1775235600000,8.3740375e-06
TRXUSD,1775239200000,5.158027777778e-06
TRXUSD,1775242800000,1.7280125e-06
TRXUSD,1775246400000,6.667019444444e-06
TRXUSD,1775250000000,6.568790277778e-06
TRXUSD,1775253600000,4.9950125e-06
TRXUSD,1775257200000,5.457445833333e-06
TRXUSD,1775260800000,6.839673611111e-06
TRXUSD,1775264400000,9.134098611111e-06
TRXUSD,1775268000000,6.4397875e-06
TRXUSD,1775271600000,2.303865277778e-06
TRXUSD,1775275200000,9.292269444444e-06
TRXUSD,1775278800000,7.581490277778e-06
TRXUSD,1775282400000,5.291497222222e-06
TRXUSD,1775286000000,5.848265277778e-06
TRXUSD,1775289600000,7.090415277778e-06
TRXUSD,1775293200000,8.879820833333e-06
TRXUSD,1775296800000,1.2445113888889e-05
TRXUSD,1775300400000,1.0841438888889e-05
TRXUSD,1775304000000,6.740505555556e-06
TRXUSD,1775307600000,3.016191666667e-06
TRXUSD,1775311200000,4.062497222222e-06
TRXUSD,1775314800000,3.680869444444e-06
TRXUSD,1775318400000,-3.159104166667e-06
TRXUSD,1775322000000,-2.094954166667e-06
TRXUSD,1775325600000,8.64877777778e-07
TRXUSD,1775329200000,1.636726388889e-06
TRXUSD,1775332800000,-8.15404166667e-07
TRXUSD,1775336400000,1.654065277778e-06
TRXUSD,1775340000000,-5.086191666667e-06
TRXUSD,1775343600000,-4.1302375e-06
TRXUSD,1775347200000,-4.781380555556e-06
TRXUSD,1775350800000,-1.022166666667e-06
TRXUSD,1775354400000,-1.160825e-06
TRXUSD,1775358000000,1.686704166667e-06
TRXUSD,1775361600000,-5.207395833333e-06
TRXUSD,1775365200000,-1.31044444444e-07
TRXUSD,1775368800000,7.80745833333e-07
TRXUSD,1775372400000,8.948656944444e-06
TRXUSD,1775376000000,7.477929166667e-06
TRXUSD,1775379600000,7.390040277778e-06
TRXUSD,1775383200000,3.772729166667e-06
TRXUSD,1775386800000,1.885631944444e-06
TRXUSD,1775390400000,7.934120833333e-06
TRXUSD,1775394000000,1.0891506944444e-05
TRXUSD,1775397600000,8.904031944444e-06
TRXUSD,1775401200000,1.1104177777778e-05
TRXUSD,1775404800000,7.55655e-06
TRXUSD,1775408400000,8.8372375e-06
TRXUSD,1775412000000,9.512673611111e-06
TRXUSD,1775415600000,7.675291666667e-06
TRXUSD,1775419200000,4.181505555556e-06
TRXUSD,1775422800000,3.17575e-06
TRXUSD,1775426400000,4.902472222222e-06
TRXUSD,1775430000000,1.578384722222e-06
TRXUSD,1775433600000,-2.718043055556e-06
TRXUSD,1775437200000,-4.115756944444e-06
TRXUSD,1775440800000,-1.4949e-06
TRXUSD,1775444400000,-6.9035625e-06
TRXUSD,1775448000000,7.2001388889e-08
TRXUSD,1775451600000,-3.234879166667e-06
TRXUSD,1775455200000,-1.3475313172043e-05
TRXUSD,1775458800000,-1.491077688172e-05
TRXUSD,1775462400000,-8.125576388889e-06
TRXUSD,1775466000000,-7.702930555556e-06
TRXUSD,1775469600000,-1.0742003205128e-05
TRXUSD,1775473200000,-9.151893055556e-06
TRXUSD,1775476800000,-7.001468055556e-06
TRXUSD,1775480400000,-1.108298611111e-06
TRXUSD,1775484000000,1.044931944444e-06
TRXUSD,1775487600000,-1.3467843055556e-05
TRXUSD,1775491200000,-5.355597222222e-06
TRXUSD,1775494800000,-1.988285e-05
TRXUSD,1775498400000,-1.9512634722222e-05
TRXUSD,1775502000000,-3.4430061111111e-05
TRXUSD,1775505600000,-2.9852202777778e-05
TRXUSD,1775509200000,-2.9251323611111e-05
TRXUSD,1775512800000,-2.5331202777778e-05
TRXUSD,1775516400000,-1.2063909722222e-05
TRXUSD,1775520000000,-5.929213888889e-06
TRXUSD,1775523600000,-1.147627777778e-06
TRXUSD,1775527200000,3.26756944444e-07
TRXUSD,1775530800000,-2.023947222222e-06
TRXUSD,1775534400000,-3.492602777778e-06
TRXUSD,1775538000000,-5.768723611111e-06
TRXUSD,1775541600000,-6.213791666667e-06
TRXUSD,1775545200000,-1.6237475e-05
TRXUSD,1775548800000,-1.4501895833333e-05
TRXUSD,1775552400000,-1.6284436111111e-05
TRXUSD,1775556000000,-1.7803504166667e-05
TRXUSD,1775559600000,-2.2921293055556e-05
TRXUSD,1775563200000,-1.6490583333333e-05
TRXUSD,1775566800000,-2.8048272222222e-05
TRXUSD,1775570400000,-2.537855e-05
TRXUSD,1775574000000,-4.7528234722222e-05
TRXUSD,1775577600000,-3.4553677777778e-05
TRXUSD,1775581200000,-1.7273220833333e-05
TRXUSD,1775584800000,-1.8861240277778e-05
TRXUSD,1775588400000,-2.1230013888889e-05
TRXUSD,1775592000000,-1.8209565277778e-05
TRXUSD,1775595600000,-1.3467855555556e-05
TRXUSD,1775599200000,-7.939318055556e-06
TRXUSD,1775602800000,-4.3765875e-06
TRXUSD,1775606400000,-6.299838888889e-06
TRXUSD,1775610000000,-9.920633333333e-06
TRXUSD,1775613600000,-2.2639468055556e-05
TRXUSD,1775617200000,-2.7398816666667e-05
TRXUSD,1775620800000,3.746972222222e-06
TRXUSD,1775624400000,-4.872101388889e-06
TRXUSD,1775628000000,-6.592022222222e-06
TRXUSD,1775631600000,-7.684641666667e-06
TRXUSD,1775635200000,-7.073156944444e-06
TRXUSD,1775638800000,-9.574956944444e-06
TRXUSD,1775642400000,-1.3021915277778e-05
TRXUSD,1775646000000,-1.7501386111111e-05
TRXUSD,1775649600000,-5.630011111111e-06
TRXUSD,1775653200000,-6.356098611111e-06
TRXUSD,1775656800000,-1.1826433333333e-05
TRXUSD,1775660400000,-6.414327777778e-06
TRXUSD,1775664000000,-9.078716666667e-06
TRXUSD,1775667600000,-9.178370833333e-06
TRXUSD,1775671200000,-8.273931451613e-06
TRXUSD,1775674800000,-8.202133064516e-06
TRXUSD,1775678400000,-3.137922222222e-06
TRXUSD,1775682000000,-6.275965277778e-06
TRXUSD,1775685600000,-6.33725e-07
TRXUSD,1775689200000,-3.862373611111e-06
TRXUSD,1775692800000,-2.543373611111e-06
TRXUSD,1775696400000,-3.349461111111e-06
TRXUSD,1775700000000,6.86815277778e-07
TRXUSD,1775703600000,-2.558108333333e-06
TRXUSD,1775707200000,-1.0242904166667e-05
TRXUSD,1775710800000,-7.629198611111e-06
TRXUSD,1775714400000,-1.0678633333333e-05
TRXUSD,1775718000000,-5.458431944444e-06
TRXUSD,1775721600000,-2.58497222222e-07
TRXUSD,1775725200000,-3.942020833333e-06
TRXUSD,1775728800000,-3.4121625e-06
TRXUSD,1775732400000,-1.2563636111111e-05
TRXUSD,1775736000000,-6.346376388889e-06
TRXUSD,1775739600000,-4.488873511905e-06
TRXUSD,1775743200000,4.710694444444e-06
TRXUSD,1775746800000,-8.985e-08
TRXUSD,1775750400000,-7.635284722222e-06
TRXUSD,1775754000000,-9.31326388889e-07
TRXUSD,1775757600000,-4.076554166667e-06
TRXUSD,1775761200000,-1.407241666667e-06
TRXUSD,1775764800000,-1.1807213888889e-05
TRXUSD,1775768400000,-6.423131944444e-06
TRXUSD,1775772000000,-7.981654166667e-06
TRXUSD,1775775600000,-8.157211111111e-06
TRXUSD,1775779200000,-7.580966666667e-06
TRXUSD,1775782800000,-9.878641666667e-06
TRXUSD,1775786400000,-1.0124675e-05
TRXUSD,1775790000000,-3.522273611111e-06
TRXUSD,1775793600000,1.983026388889e-06
TRXUSD,1775797200000,-6.228277777778e-06
TRXUSD,1775800800000,-9.268536111111e-06
TRXUSD,1775804400000,-7.899904166667e-06
TRXUSD,1775808000000,-4.280540277778e-06
TRXUSD,1775811600000,1.92077777778e-07
TRXUSD,1775815200000,-2.831734722222e-06
TRXUSD,1775818800000,8.866141666667e-06
TRXUSD,1775822400000,1.2528993055556e-05
TRXUSD,1775826000000,4.664576388889e-06
TRXUSD,1775829600000,-2.29041666667e-07
TRXUSD,1775833200000,3.875168055556e-06
TRXUSD,1775836800000,2.925e-07
TRXUSD,1775840400000,2.702630555556e-06
TRXUSD,1775844000000,-9.99938888889e-07
TRXUSD,1775847600000,-6.421204166667e-06
TRXUSD,1775851200000,-2.7278022222222e-05
TRXUSD,1775854800000,-2.3137341666667e-05
TRXUSD,1775858400000,-1.49042625e-05
TRXUSD,1775862000000,-4.754540277778e-06
TRXUSD,1775865600000,-3.532338888889e-06
TRXUSD,1775869200000,1.424272222222e-06
TRXUSD,1775872800000,3.712136111111e-06
TRXUSD,1775876400000,3.894258333333e-06
TRXUSD,1775880000000,-7.499359722222e-06
TRXUSD,1775883600000,-1.0337361111111e-05
TRXUSD,1775887200000,-3.8136375e-06
TRXUSD,1775890800000,-2.39523611111e-07
TRXUSD,1775894400000,1.3526375e-06
TRXUSD,1775898000000,2.801684722222e-06
TRXUSD,1775901600000,2.673034722222e-06
TRXUSD,1775905200000,-8.10652777778e-07
TRXUSD,1775908800000,2.197695833333e-06
TRXUSD,1775912400000,5.2476388889e-08
TRXUSD,1775916000000,-4.01622222222e-07
TRXUSD,1775919600000,-5.19123611111e-07
TRXUSD,1775923200000,6.570880555556e-06
TRXUSD,1775926800000,3.840983333333e-06
TRXUSD,1775930400000,6.8702125e-06
TRXUSD,1775934000000,9.507525e-06
TRXUSD,1775937600000,1.2257919444444e-05
TRXUSD,1775941200000,1.1113734722222e-05
TRXUSD,1775944800000,7.9033375e-06
TRXUSD,1775948400000,1.6986747222222e-05
TRXUSD,1775952000000,1.0780044444444e-05
TRXUSD,1775955600000,8.186626388889e-06
TRXUSD,1775959200000,-9.12647222222e-07
TRXUSD,1775962800000,-2.721670833333e-06
TRXUSD,1775966400000,3.295302777778e-06
TRXUSD,1775970000000,9.131319444444e-06
TRXUSD,1775973600000,1.1114116666667e-05
TRXUSD,1775977200000,7.544269444444e-06
TRXUSD,1775980800000,6.924301388889e-06
TRXUSD,1775984400000,9.605530555556e-06
TRXUSD,1775988000000,1.2715216666667e-05
TRXUSD,1775991600000,1.2675445833333e-05
TRXUSD,1775995200000,1.07977e-05
TRXUSD,1775998800000,7.274769444444e-06
TRXUSD,1776002400000,6.274583333333e-06
TRXUSD,1776006000000,4.476455555556e-06
TRXUSD,1776009600000,4.199281944444e-06
TRXUSD,1776013200000,-4.99040277778e-07
TRXUSD,1776016800000,2.136608333333e-06
TRXUSD,1776020400000,-3.437229166667e-06
TRXUSD,1776024000000,-5.066e-06
TRXUSD,1776027600000,-7.869555555556e-06
TRXUSD,1776031200000,-2.922636111111e-06
TRXUSD,1776034800000,-2.406894444444e-06
TRXUSD,1776038400000,-6.786141666667e-06
TRXUSD,1776042000000,2.445648611111e-06
TRXUSD,1776045600000,7.382363888889e-06
TRXUSD,1776049200000,-4.642183333333e-06
TRXUSD,1776052800000,-4.609995833333e-06
TRXUSD,1776056400000,-5.686204166667e-06
TRXUSD,1776060000000,-7.973238888889e-06
TRXUSD,1776063600000,3.452716666667e-06
TRXUSD,1776067200000,6.840540277778e-06
TRXUSD,1776070800000,1.4928411111111e-05
TRXUSD,1776074400000,1.1631679166667e-05
TRXUSD,1776078000000,1.3887390277778e-05
TRXUSD,1776081600000,2.2670025e-05
TRXUSD,1776085200000,1.3966068055556e-05
TRXUSD,1776088800000,8.1013125e-06
TRXUSD,1776092400000,8.102154166667e-06
TRXUSD,1776096000000,5.166465277778e-06
TRXUSD,1776099600000,5.385858333333e-06
TRXUSD,1776103200000,7.125952777778e-06
TRXUSD,1776106800000,6.74495833333e-07
TRXUSD,1776110400000,9.7718055556e-08
TRXUSD,1776114000000,-2.584722222222e-06
TRXUSD,1776117600000,3.881297222222e-06
TRXUSD,1776121200000,5.128865277778e-06
TRXUSD,1776124800000,6.926865277778e-06
TRXUSD,1776128400000,2.447091666667e-06
TRXUSD,1776132000000,7.6588e-06
TRXUSD,1776135600000,1.0499306944444e-05
TRXUSD,1776139200000,1.1110770833333e-05
TRXUSD,1776142800000,4.666730555556e-06
TRXUSD,1776146400000,6.164368055556e-06
TRXUSD,1776150000000,1.1084916666667e-05
TRXUSD,1776153600000,1.2437679166667e-05
TRXUSD,1776157200000,6.939661111111e-06
TRXUSD,1776160800000,8.714605555556e-06
TRXUSD,1776164400000,4.70780555556e-07
TRXUSD,1776168000000,9.852716666667e-06
TRXUSD,1776171600000,5.627784722222e-06
TRXUSD,1776175200000,1.1689783333333e-05
TRXUSD,1776178800000,1.3806020833333e-05
TRXUSD,1776182400000,1.5822329166667e-05
TRXUSD,1776186000000,1.7690738888889e-05
TRXUSD,1776189600000,1.2197915277778e-05
TRXUSD,1776193200000,1.48674125e-05
TRXUSD,1776196800000,1.6675434722222e-05
TRXUSD,1776200400000,7.805766666667e-06
TRXUSD,1776204000000,9.016990277778e-06
TRXUSD,1776207600000,-2.908822222222e-06
TRXUSD,1776211200000,4.427577777778e-06
TRXUSD,1776214800000,1.2956441666667e-05
TRXUSD,1776218400000,1.0640570833333e-05
TRXUSD,1776222000000,1.2943645833333e-05
TRXUSD,1776225600000,7.528858333333e-06
TRXUSD,1776229200000,8.40975e-06
TRXUSD,1776232800000,6.691511111111e-06
TRXUSD,1776236400000,9.233195833333e-06
TRXUSD,1776240000000,6.081772222222e-06
TRXUSD,1776243600000,1.6249276388889e-05
TRXUSD,1776247200000,1.686175e-06
TRXUSD,1776250800000,8.076216666667e-06
TRXUSD,1776254400000,5.441777777778e-06
TRXUSD,1776258000000,4.246411111111e-06
TRXUSD,1776261600000,6.615419444444e-06
TRXUSD,1776265200000,3.616854166667e-06
TRXUSD,1776268800000,3.589502777778e-06
TRXUSD,1776272400000,7.698030555556e-06
TRXUSD,1776276000000,4.189075e-06
TRXUSD,1776279600000,2.492625e-07
TRXUSD,1776283200000,7.182786111111e-06
TRXUSD,1776286800000,8.339027777778e-06
TRXUSD,1776290400000,5.550038888889e-06
TRXUSD,1776294000000,1.3067715277778e-05
TRXUSD,1776297600000,1.1689279166667e-05
TRXUSD,1776301200000,5.032880555556e-06
TRXUSD,1776304800000,3.015944444444e-06
TRXUSD,1776308400000,2.131463888889e-06
TRXUSD,1776312000000,-2.168551388889e-06
TRXUSD,1776315600000,2.263029166667e-06
TRXUSD,1776319200000,9.27416666667e-07
TRXUSD,1776322800000,2.97791666667e-07
TRXUSD,1776326400000,-4.777729166667e-06
TRXUSD,1776330000000,5.84069444444e-07
TRXUSD,1776333600000,2.140170833333e-06
TRXUSD,1776337200000,-3.12434722222e-07
TRXUSD,1776340800000,3.379508333333e-06
TRXUSD,1776344400000,5.279226388889e-06
TRXUSD,1776348000000,-4.443968055556e-06
TRXUSD,1776351600000,2.008609722222e-06
TRXUSD,1776355200000,-1.785527777778e-06
TRXUSD,1776358800000,-6.257980555556e-06
TRXUSD,1776362400000,-4.050940277778e-06
TRXUSD,1776366000000,-1.623708333333e-06
TRXUSD,1776369600000,5.204318055556e-06
TRXUSD,1776373200000,1.5332452777778e-05
TRXUSD,1776376800000,1.4671272222222e-05
TRXUSD,1776380400000,8.146138888889e-06
TRXUSD,1776384000000,4.965455555556e-06
TRXUSD,1776387600000,6.479716666667e-06
TRXUSD,1776391200000,6.549858333333e-06
TRXUSD,1776394800000,7.010180555556e-06
TRXUSD,1776398400000,2.464580555556e-06
TRXUSD,1776402000000,5.019375e-06
TRXUSD,1776405600000,3.480515277778e-06
TRXUSD,1776409200000,1.0472904166667e-05
TRXUSD,1776412800000,8.534490277778e-06
TRXUSD,1776416400000,2.21195e-06
TRXUSD,1776420000000,-3.202658333333e-06
TRXUSD,1776423600000,-1.7191162698413e-05
TRXUSD,1776427200000,-1.0806272222222e-05
TRXUSD,1776430800000,-5.081391666667e-06
TRXUSD,1776434400000,-2.93376388889e-07
TRXUSD,1776438000000,5.447309722222e-06
TRXUSD,1776441600000,5.582693055556e-06
TRXUSD,1776445200000,1.0250625e-05
TRXUSD,1776448800000,1.5874491666667e-05
TRXUSD,1776452400000,1.8172313888889e-05
TRXUSD,1776456000000,1.7504820833333e-05
TRXUSD,1776459600000,1.1044351388889e-05
TRXUSD,1776463200000,1.5054565277778e-05
TRXUSD,1776466800000,6.268894444444e-06
TRXUSD,1776470400000,1.0262451388889e-05
TRXUSD,1776474000000,1.6945216666667e-05
TRXUSD,1776477600000,1.4488948611111e-05
TRXUSD,1776481200000,1.4922986111111e-05
TRXUSD,1776484800000,1.3105780555556e-05
TRXUSD,1776488400000,7.195227777778e-06
TRXUSD,1776492000000,5.727290277778e-06
TRXUSD,1776495600000,1.2180731944444e-05
TRXUSD,1776499200000,1.7890540277778e-05
TRXUSD,1776502800000,1.3484576388889e-05
TRXUSD,1776506400000,8.508205555556e-06
TRXUSD,1776510000000,1.0899772222222e-05
TRXUSD,1776513600000,5.189626388889e-06
TRXUSD,1776517200000,4.70015e-06
TRXUSD,1776520800000,7.741741666667e-06
TRXUSD,1776524400000,6.960270833333e-06
TRXUSD,1776528000000,6.680236111111e-06
TRXUSD,1776531600000,8.3657625e-06
TRXUSD,1776535200000,4.766243055556e-06
TRXUSD,1776538800000,5.8791e-06
TRXUSD,1776542400000,5.712402777778e-06
TRXUSD,1776546000000,-2.615681944444e-06
TRXUSD,1776549600000,-2.116479166667e-06
TRXUSD,1776553200000,-9.630131944444e-06
TRXUSD,1776556800000,-9.913715277778e-06
TRXUSD,1776560400000,-3.1822875e-06
TRXUSD,1776564000000,-3.111961111111e-06
TRXUSD,1776567600000,-1.0901323611111e-05
TRXUSD,1776571200000,-6.27485e-06
TRXUSD,1776574800000,-9.375690277778e-06
TRXUSD,1776578400000,-4.858002777778e-06
TRXUSD,1776582000000,6.283243055556e-06
TRXUSD,1776585600000,5.220920833333e-06
TRXUSD,1776589200000,7.771931944444e-06
TRXUSD,1776592800000,1.2255775e-05
TRXUSD,1776596400000,1.2739430555556e-05
TRXUSD,1776600000000,-4.998783333333e-06
TRXUSD,1776603600000,-6.006375e-06
TRXUSD,1776607200000,-6.0968055556e-08
TRXUSD,1776610800000,9.706793055556e-06
TRXUSD,1776614400000,5.443501388889e-06
TRXUSD,1776618000000,8.694808333333e-06
TRXUSD,1776621600000,1.1161251388889e-05
TRXUSD,1776625200000,7.921488888889e-06
TRXUSD,1776628800000,7.596566666667e-06
TRXUSD,1776632400000,-1.86061111111e-07
TRXUSD,1776636000000,-5.032016666667e-06
TRXUSD,1776639600000,9.92793055556e-07
TRXUSD,1776643200000,-1.662036111111e-06
TRXUSD,1776646800000,2.092452777778e-06
TRXUSD,1776650400000,5.852733333333e-06
TRXUSD,1776654000000,1.3693873611111e-05
TRXUSD,1776657600000,8.074665277778e-06
TRXUSD,1776661200000,6.625370833333e-06
TRXUSD,1776664800000,5.178886111111e-06
TRXUSD,1776668400000,5.147159722222e-06
TRXUSD,1776672000000,7.427579166667e-06
TRXUSD,1776675600000,4.011334722222e-06
TRXUSD,1776679200000,-4.69631944444e-07
TRXUSD,1776682800000,4.6629875e-06
TRXUSD,1776686400000,1.342965277778e-06
TRXUSD,1776690000000,-8.231598611111e-06
TRXUSD,1776693600000,-7.266227777778e-06
TRXUSD,1776697200000,-8.783605555556e-06
TRXUSD,1776700800000,-1.2826673611111e-05
TRXUSD,1776704400000,-1.2112893055556e-05
TRXUSD,1776708000000,-4.802405555556e-06
TRXUSD,1776711600000,-4.954733333333e-06
TRXUSD,1776715200000,-3.267361111111e-06
TRXUSD,1776718800000,-1.463411111111e-06
TRXUSD,1776722400000,2.19751388889e-07
TRXUSD,1776726000000,1.43669444444e-07
TRXUSD,1776729600000,4.836458333333e-06
TRXUSD,1776733200000,2.502668055556e-06
TRXUSD,1776736800000,1.573325e-06
TRXUSD,1776740400000,-3.281206944444e-06
TRXUSD,1776744000000,-1.343259722222e-06
TRXUSD,1776747600000,-3.291359722222e-06
TRXUSD,1776751200000,-7.110729166667e-06
TRXUSD,1776754800000,-1.139830555556e-06
TRXUSD,1776758400000,6.30754166667e-07
TRXUSD,1776762000000,-1.3803569444444e-05
TRXUSD,1776765600000,-2.58931e-05
TRXUSD,1776769200000,-2.1468493055556e-05
TRXUSD,1776772800000,-1.5642844444444e-05
TRXUSD,1776776400000,-8.717031944444e-06
TRXUSD,1776780000000,-3.201401388889e-06
TRXUSD,1776783600000,2.023215277778e-06
TRXUSD,1776787200000,-8.22318055556e-07
TRXUSD,1776790800000,-5.164390277778e-06
TRXUSD,1776794400000,-4.9690625e-06
TRXUSD,1776798000000,-7.3116125e-06
TRXUSD,1776801600000,-4.556026388889e-06
TRXUSD,1776805200000,1.733784722222e-06
TRXUSD,1776808800000,3.743754166667e-06
TRXUSD,1776812400000,-1.139845833333e-06
TRXUSD,1776816000000,-3.453133333333e-06
TRXUSD,1776819600000,-1.522326388889e-06
TRXUSD,1776823200000,-2.78133333333e-07
TRXUSD,1776826800000,-7.2875e-09
TRXUSD,1776830400000,-5.351404166667e-06
TRXUSD,1776834000000,-7.501948611111e-06
TRXUSD,1776837600000,-7.326138888889e-06
TRXUSD,1776841200000,2.021469444444e-06
TRXUSD,1776844800000,-5.55781944444e-07
TRXUSD,1776848400000,-3.370545833333e-06
TRXUSD,1776852000000,1.1482943055556e-05
TRXUSD,1776855600000,1.2206594444444e-05
TRXUSD,1776859200000,1.0972905555556e-05
TRXUSD,1776862800000,1.0623833333333e-05
TRXUSD,1776866400000,6.866934722222e-06
TRXUSD,1776870000000,2.717847222222e-06
TRXUSD,1776873600000,-9.644455555556e-06
TRXUSD,1776877200000,-9.055209722222e-06
TRXUSD,1776880800000,-9.224323611111e-06
TRXUSD,1776884400000,-1.0671759722222e-05
TRXUSD,1776888000000,-4.849677777778e-06
TRXUSD,1776891600000,-1.5041694444444e-05
TRXUSD,1776895200000,-1.46799125e-05
TRXUSD,1776898800000,-9.569877777778e-06
TRXUSD,1776902400000,-4.799270833333e-06
TRXUSD,1776906000000,-5.879395833333e-06
TRXUSD,1776909600000,-9.374109722222e-06
TRXUSD,1776913200000,-7.298308333333e-06
TRXUSD,1776916800000,-1.62205e-06
TRXUSD,1776920400000,-1.1008869444444e-05
TRXUSD,1776924000000,-1.4719851388889e-05
TRXUSD,1776927600000,-1.8229256944444e-05
TRXUSD,1776931200000,-2.1642237654321e-05
TRXUSD,1776934800000,-1.0156381944444e-05
TRXUSD,1776938400000,2.935706944444e-06
TRXUSD,1776942000000,-5.58088888889e-07
TRXUSD,1776945600000,-6.178804166667e-06
TRXUSD,1776949200000,-9.152513888889e-06
TRXUSD,1776952800000,-9.066698611111e-06
TRXUSD,1776956400000,-7.380083333333e-06
TRXUSD,1776960000000,-1.2162591666667e-05
TRXUSD,1776963600000,5.196815277778e-06
TRXUSD,1776967200000,1.742838888889e-06
TRXUSD,1776970800000,-1.1036859722222e-05
TRXUSD,1776974400000,-1.2204705555556e-05
TRXUSD,1776978000000,-9.005125e-06
TRXUSD,1776981600000,-8.618502777778e-06
TRXUSD,1776985200000,-3.290168055556e-06
TRXUSD,1776988800000,-3.148663888889e-06
TRXUSD,1776992400000,-1.2363684722222e-05
TRXUSD,1776996000000,-1.0022380555556e-05
TRXUSD,1776999600000,-1.9361023611111e-05
TRXUSD,1777003200000,-1.0251818055556e-05
TRXUSD,1777006800000,-1.1975929166667e-05
TRXUSD,1777010400000,-1.6250895833333e-05
TRXUSD,1777014000000,-1.9557484722222e-05
TRXUSD,1777017600000,-1.8929295833333e-05
TRXUSD,1777021200000,-1.9468791666667e-05
TRXUSD,1777024800000,-1.9262104166667e-05
TRXUSD,1777028400000,-1.4678820833333e-05
TRXUSD,1777032000000,3.666345833333e-06
TRXUSD,1777035600000,4.294161111111e-06
TRXUSD,1777039200000,4.623186111111e-06
TRXUSD,1777042800000,-7.245173611111e-06
TRXUSD,1777046400000,-3.3614880555556e-05
TRXUSD,1777050000000,-7.3972747222222e-05
TRXUSD,1777053600000,-3.8392076388889e-05
TRXUSD,1777057200000,-5.0006441666667e-05
TRXUSD,1777060800000,-5.2034568055556e-05
TRXUSD,1777064400000,-5.7071598611111e-05
TRXUSD,1777068000000,-6.4284545833333e-05
TRXUSD,1777071600000,-5.57062625e-05
TRXUSD,1777075200000,-4.4538527777778e-05
TRXUSD,1777078800000,-5.2117640277778e-05
TRXUSD,1777082400000,-6.7416419444444e-05
TRXUSD,1777086000000,-8.3187540277778e-05
TRXUSD,1777089600000,-4.7511983333333e-05
TRXUSD,1777093200000,-3.6051081944444e-05
TRXUSD,1777096800000,-2.5857061111111e-05
TRXUSD,1777100400000,-3.9195754166667e-05
TRXUSD,1777104000000,-2.7201895833333e-05
TRXUSD,1777107600000,-1.9105047222222e-05
TRXUSD,1777111200000,-8.8559966666667e-05
TRXUSD,1777114800000,-8.2499759722222e-05
TRXUSD,1777118400000,-4.9975926388889e-05
TRXUSD,1777122000000,-6.3223565277778e-05
TRXUSD,1777125600000,-4.4969319444444e-05
TRXUSD,1777129200000,-3.4632491666667e-05
TRXUSD,1777132800000,-3.33475875e-05
TRXUSD,1777136400000,-2.4498347222222e-05
TRXUSD,1777140000000,-1.0513805555556e-05
TRXUSD,1777143600000,-6.902984722222e-06
TRXUSD,1777147200000,-1.0933591666667e-05
TRXUSD,1777150800000,-1.4091373611111e-05
TRXUSD,1777154400000,-9.519159482759e-06
TRXUSD,1777158000000,-1.6187948611111e-05
TRXUSD,1777161600000,-1.2807175e-05
TRXUSD,1777165200000,-1.6893970833333e-05
TRXUSD,1777168800000,-8.920852777778e-06
TRXUSD,1777172400000,-9.945736111111e-06
TRXUSD,1777176000000,-1.3037169444444e-05
TRXUSD,1777179600000,-1.8513586111111e-05
TRXUSD,1777183200000,-2.4586580555556e-05
TRXUSD,1777186800000,-2.7215225e-05
TRXUSD,1777190400000,-2.9531359722222e-05
TRXUSD,1777194000000,-2.2531034722222e-05
TRXUSD,1777197600000,-1.3266463888889e-05
TRXUSD,1777201200000,-1.1767116666667e-05
TRXUSD,1777204800000,-2.8415638888889e-05
TRXUSD,1777208400000,-3.0236854166667e-05
TRXUSD,1777212000000,-3.0475547222222e-05
TRXUSD,1777215600000,-2.9173327777778e-05
TRXUSD,1777219200000,-2.6560211111111e-05
TRXUSD,1777222800000,-1.5491741666667e-05
TRXUSD,1777226400000,-7.247472222222e-06
TRXUSD,1777230000000,-9.7403125e-06
TRXUSD,1777233600000,-1.2926188888889e-05
TRXUSD,1777237200000,-9.758305555556e-06
TRXUSD,1777240800000,-1.0352151388889e-05
TRXUSD,1777244400000,-1.3660805555556e-05
TRXUSD,1777248000000,-1.5434459722222e-05
TRXUSD,1777251600000,-1.7255277777778e-05
TRXUSD,1777255200000,-1.7824922222222e-05
TRXUSD,1777258800000,-2.4700494444444e-05
TRXUSD,1777262400000,-4.0028476388889e-05
TRXUSD,1777266000000,-2.4061434722222e-05
TRXUSD,1777269600000,-9.963848611111e-06
TRXUSD,1777273200000,-6.399447222222e-06
TRXUSD,1777276800000,-1.833465277778e-06
TRXUSD,1777280400000,-8.646006944444e-06
TRXUSD,1777284000000,-1.856918055556e-06
TRXUSD,1777287600000,-2.909980555556e-06
TRXUSD,1777291200000,-7.215980555556e-06
TRXUSD,1777294800000,-5.521281944444e-06
TRXUSD,1777298400000,-1.1348730555556e-05
TRXUSD,1777302000000,-7.638695833333e-06
TRXUSD,1777305600000,-5.275179166667e-06
TRXUSD,1777309200000,-5.518494444444e-06
TRXUSD,1777312800000,-5.620501388889e-06
TRXUSD,1777316400000,-3.182418055556e-06
TRXUSD,1777320000000,-9.213641666667e-06
TRXUSD,1777323600000,-9.554206944444e-06
TRXUSD,1777327200000,-8.570627777778e-06
TRXUSD,1777330800000,-6.059847222222e-06
TRXUSD,1777334400000,-9.175294444444e-06
TRXUSD,1777338000000,-1.2233161111111e-05
TRXUSD,1777341600000,-8.337665277778e-06
TRXUSD,1777345200000,-1.0491316666667e-05
TRXUSD,1777348800000,-1.1102748611111e-05
TRXUSD,1777352400000,-1.3492502777778e-05
TRXUSD,1777356000000,-1.1441086111111e-05
TRXUSD,1777359600000,-1.3322851388889e-05
TRXUSD,1777363200000,-1.3639027777778e-05
TRXUSD,1777366800000,-1.1841698611111e-05
TRXUSD,1777370400000,-2.0643229166667e-05
TRXUSD,1777374000000,-1.8193148611111e-05
TRXUSD,1777377600000,-2.1955530555556e-05
TRXUSD,1777381200000,-2.0292013888889e-05
TRXUSD,1777384800000,-1.70906625e-05
TRXUSD,1777388400000,-1.4609772222222e-05
TRXUSD,1777392000000,-1.2502705555556e-05
TRXUSD,1777395600000,-8.103475e-06
TRXUSD,1777399200000,-7.325948611111e-06
TRXUSD,1777402800000,-1.8912729166667e-05
TRXUSD,1777406400000,-1.9512770833333e-05
TRXUSD,1777410000000,-1.3151229166667e-05
TRXUSD,1777413600000,-1.5023483333333e-05
TRXUSD,1777417200000,-1.4837463888889e-05
TRXUSD,1777420800000,-1.0611423611111e-05
TRXUSD,1777424400000,-1.8995294444444e-05
TRXUSD,1777428000000,-3.0418227777778e-05
TRXUSD,1777431600000,-4.6046527777778e-05
TRXUSD,1777435200000,-3.6161473611111e-05
TRXUSD,1777438800000,-4.6911736111111e-05
TRXUSD,1777442400000,-4.5611551388889e-05
TRXUSD,1777446000000,-4.9268615277778e-05
TRXUSD,1777449600000,-4.6335743055556e-05
TRXUSD,1777453200000,-2.8660251388889e-05
TRXUSD,1777456800000,5.360429166667e-06
TRXUSD,1777460400000,-4.477036111111e-06
TRXUSD,1777464000000,2.379343055556e-06
TRXUSD,1777467600000,1.701513888889e-06
TRXUSD,1777471200000,-3.18438888889e-07
TRXUSD,1777474800000,-9.616893055556e-06
TRXUSD,1777478400000,-1.8042530555556e-05
TRXUSD,1777482000000,-1.6173802777778e-05
TRXUSD,1777485600000,-9.155452777778e-06
TRXUSD,1777489200000,-1.5102398611111e-05
TRXUSD,1777492800000,-4.656405555556e-06
TRXUSD,1777496400000,3.940930555556e-06
TRXUSD,1777500000000,-2.694744444444e-06
TRXUSD,1777503600000,-4.7486375e-06
TRXUSD,1777507200000,-5.097975e-06
TRXUSD,1777510800000,-3.569173611111e-06
TRXUSD,1777514400000,-7.035276388889e-06
TRXUSD,1777518000000,-4.276593055556e-06
TRXUSD,1777521600000,6.96888888889e-07
TRXUSD,1777525200000,3.087259722222e-06
TRXUSD,1777528800000,3.708831944444e-06
TRXUSD,1777532400000,5.136419444444e-06
TRXUSD,1777536000000,1.3040173611111e-05
TRXUSD,1777539600000,6.475569444444e-06
TRXUSD,1777543200000,8.710301388889e-06
TRXUSD,1777546800000,7.946126388889e-06
TRXUSD,1777550400000,-4.079813988095e-06
TRXUSD,1777554000000,1.888313888889e-06
TRXUSD,1777557600000,-8.56763888889e-07
TRXUSD,1777561200000,2.597001388889e-06
TRXUSD,1777564800000,-3.167765277778e-06
TRXUSD,1777568400000,1.1835940277778e-05
TRXUSD,1777572000000,1.2911161111111e-05
TRXUSD,1777575600000,8.544818055556e-06
TRXUSD,1777579200000,2.670834722222e-06
TRXUSD,1777582800000,6.267527777778e-06
TRXUSD,1777586400000,5.194631944444e-06
TRXUSD,1777590000000,4.665751388889e-06
TRXUSD,1777593600000,5.568679166667e-06
TRXUSD,1777597200000,8.492965277778e-06
TRXUSD,1777600800000,1.006694444444e-06
TRXUSD,1777604400000,4.64245833333e-07
TRXUSD,1777608000000,1.994147222222e-06
TRXUSD,1777611600000,-9.97208333333e-07
TRXUSD,1777615200000,5.286213888889e-06
TRXUSD,1777618800000,7.212243055556e-06
TRXUSD,1777622400000,4.131729166667e-06
TRXUSD,1777626000000,-1.560501388889e-06
TRXUSD,1777629600000,3.253725e-06
TRXUSD,1777633200000,9.316038888889e-06
TRXUSD,1777636800000,1.0519370833333e-05
TRXUSD,1777640400000,1.4445563888889e-05
TRXUSD,1777644000000,1.6297633333333e-05
TRXUSD,1777647600000,6.109194444444e-06
TRXUSD,1777651200000,9.425101388889e-06
TRXUSD,1777654800000,4.792708333333e-06
TRXUSD,1777658400000,4.548501388889e-06
TRXUSD,1777662000000,8.897223611111e-06
TRXUSD,1777665600000,7.85225e-06
TRXUSD,1777669200000,9.224141666667e-06
TRXUSD,1777672800000,7.366570833333e-06
TRXUSD,1777676400000,5.133475e-06
TRXUSD,1777680000000,7.740038888889e-06
TRXUSD,1777683600000,1.770843055556e-06
TRXUSD,1777687200000,2.852548611111e-06
TRXUSD,1777690800000,4.113659722222e-06
TRXUSD,1777694400000,3.102729166667e-06
TRXUSD,1777698000000,3.193306944444e-06
TRXUSD,1777701600000,7.422198611111e-06
TRXUSD,1777705200000,1.3372663888889e-05
TRXUSD,1777708800000,3.79725e-07
TRXUSD,1777712400000,3.6915375e-06
TRXUSD,1777716000000,3.869423611111e-06
TRXUSD,1777719600000,8.974254166667e-06
TRXUSD,1777723200000,4.428808333333e-06
TRXUSD,1777726800000,2.263936111111e-06
TRXUSD,1777730400000,7.459391666667e-06
TRXUSD,1777734000000,6.817245833333e-06
TRXUSD,1777737600000,6.390018055556e-06
TRXUSD,1777741200000,8.845893055556e-06
TRXUSD,1777744800000,5.208747222222e-06
TRXUSD,1777748400000,3.288384722222e-06
TRXUSD,1777752000000,-6.617665277778e-06
TRXUSD,1777755600000,-3.973036111111e-06
TRXUSD,1777759200000,-1.4415370833333e-05
TRXUSD,1777762800000,-1.64930375e-05
TRXUSD,1777766400000,-7.968238888889e-06
TRXUSD,1777770000000,-2.141554166667e-06
TRXUSD,1777773600000,-9.343215277778e-06
TRXUSD,1777777200000,-1.2060413888889e-05
TRXUSD,1777780800000,-9.758006944444e-06
TRXUSD,1777784400000,-3.557276388889e-06
TRXUSD,1777788000000,3.085038888889e-06
TRXUSD,1777791600000,-2.069184722222e-06
TRXUSD,1777795200000,-8.57654166667e-07
TRXUSD,1777798800000,7.367520833333e-06
TRXUSD,1777802400000,1.1184513888889e-05
TRXUSD,1777806000000,6.557458333333e-06
TRXUSD,1777809600000,-4.6292e-06
TRXUSD,1777813200000,-3.222327777778e-06
TRXUSD,1777816800000,4.730420833333e-06
TRXUSD,1777820400000,1.0518447222222e-05
TRXUSD,1777824000000,6.610669444444e-06
TRXUSD,1777827600000,4.407988888889e-06
TRXUSD,1777831200000,-6.42523611111e-07
TRXUSD,1777834800000,8.246759722222e-06
TRXUSD,1777838400000,1.687194444444e-06
TRXUSD,1777842000000,5.443704166667e-06
TRXUSD,1777845600000,7.752495833333e-06
TRXUSD,1777849200000,-5.743334722222e-06
TRXUSD,1777852800000,9.29645833333e-07
TRXUSD,1777856400000,7.899586111111e-06
TRXUSD,1777860000000,5.630054166667e-06
TRXUSD,1777863600000,-3.413265277778e-06
TRXUSD,1777867200000,-9.392125e-07
TRXUSD,1777870800000,-5.349805555556e-06
TRXUSD,1777874400000,9.2047222222e-08
TRXUSD,1777878000000,5.126673611111e-06
TRXUSD,1777881600000,4.082627777778e-06
TRXUSD,1777885200000,-3.926993055556e-06
TRXUSD,1777888800000,-6.305784722222e-06
TRXUSD,1777892400000,-4.777090277778e-06
TRXUSD,1777896000000,-2.712815277778e-06
TRXUSD,1777899600000,-4.14158333333e-07
TRXUSD,1777903200000,-8.82861111111e-07
TRXUSD,1777906800000,7.25225e-07
TRXUSD,1777910400000,2.707436111111e-06
TRXUSD,1777914000000,2.743756944444e-06
TRXUSD,1777917600000,4.758929166667e-06
TRXUSD,1777921200000,7.827936111111e-06
TRXUSD,1777924800000,6.128204166667e-06
TRXUSD,1777928400000,7.3967125e-06
TRXUSD,1777932000000,1.2517948611111e-05
TRXUSD,1777935600000,1.4790429166667e-05
TRXUSD,1777939200000,1.1510459722222e-05
TRXUSD,1777942800000,1.65792875e-05
TRXUSD,1777946400000,1.6112066666667e-05
TRXUSD,1777950000000,9.540098611111e-06
TRXUSD,1777953600000,6.56375e-06
TRXUSD,1777957200000,7.17115e-06
TRXUSD,1777960800000,7.560029166667e-06
TRXUSD,1777964400000,1.2747570833333e-05
TRXUSD,1777968000000,5.919365277778e-06
TRXUSD,1777971600000,5.000544444444e-06
TRXUSD,1777975200000,-3.730309722222e-06
TRXUSD,1777978800000,-5.922611111111e-06
TRXUSD,1777982400000,-7.017765277778e-06
TRXUSD,1777986000000,-7.479336111111e-06
TRXUSD,1777989600000,-1.1214081944444e-05
TRXUSD,1777993200000,-6.4588e-06
TRXUSD,1777996800000,4.32858333333e-07
TRXUSD,1778000400000,1.089177777778e-06
TRXUSD,1778004000000,1.701022222222e-06
TRXUSD,1778007600000,-3.473406944444e-06
TRXUSD,1778011200000,-7.45561111111e-07
TRXUSD,1778014800000,-2.389123611111e-06
TRXUSD,1778018400000,-4.273318055556e-06
TRXUSD,1778022000000,4.75023611111e-07
TRXUSD,1778025600000,-1.0639125e-06
TRXUSD,1778029200000,-6.54711111111e-07
TRXUSD,1778032800000,-5.162054166667e-06
TRXUSD,1778036400000,-1.547486111111e-06
TRXUSD,1778040000000,-2.473143055556e-06
TRXUSD,1778043600000,3.111115277778e-06
TRXUSD,1778047200000,4.390861111111e-06
TRXUSD,1778050800000,7.860238888889e-06
TRXUSD,1778054400000,1.1765198611111e-05
TRXUSD,1778058000000,7.526370833333e-06
TRXUSD,1778061600000,9.058923611111e-06
TRXUSD,1778065200000,-2.5162e-06
TRXUSD,1778068800000,9.904355555556e-06
TRXUSD,1778072400000,7.540691666667e-06
TRXUSD,1778076000000,1.3169552777778e-05
TRXUSD,1778079600000,1.9488170833333e-05
TRXUSD,1778083200000,1.2156955555556e-05
TRXUSD,1778086800000,1.5996247222222e-05
TRXUSD,1778090400000,1.5900993055556e-05
TRXUSD,1778094000000,1.4801063888889e-05
TRXUSD,1778097600000,1.4838454166667e-05
TRXUSD,1778101200000,5.506856944444e-06
TRXUSD,1778104800000,1.079626388889e-06
TRXUSD,1778108400000,6.305515277778e-06
TRXUSD,1778112000000,8.147402777778e-06
TRXUSD,1778115600000,1.1008070833333e-05
TRXUSD,1778119200000,1.3927470430108e-05
TRXUSD,1778122800000,1.1514056451613e-05
TRXUSD,1778126400000,1.5516518055556e-05
TRXUSD,1778130000000,1.01455875e-05
TRXUSD,1778133600000,8.059630555556e-06
TRXUSD,1778137200000,1.1630305555556e-05
TRXUSD,1778140800000,1.0017717013889e-05
TRXUSD,1778144400000,4.300222222222e-06
TRXUSD,1778148000000,-1.442281944444e-06
TRXUSD,1778151600000,-2.593861111111e-06
TRXUSD,1778155200000,-4.0259875e-06
TRXUSD,1778158800000,-7.174161111111e-06
TRXUSD,1778162400000,-1.114309722222e-06
TRXUSD,1778166000000,-1.233665277778e-06
TRXUSD,1778169600000,-2.389169444444e-06
TRXUSD,1778173200000,1.09381944444e-07
TRXUSD,1778176800000,-2.995151388889e-06
TRXUSD,1778180400000,-4.273073611111e-06
TRXUSD,1778184000000,-6.45715e-06
TRXUSD,1778187600000,-6.396905555556e-06
TRXUSD,1778191200000,-1.322813888889e-06
TRXUSD,1778194800000,9.62509722222e-07
TRXUSD,1778198400000,3.987829166667e-06
TRXUSD,1778202000000,2.5475e-06
TRXUSD,1778205600000,-5.414086111111e-06
TRXUSD,1778209200000,-7.846488888889e-06
TRXUSD,1778212800000,-5.779861111111e-06
TRXUSD,1778216400000,-6.689470833333e-06
TRXUSD,1778220000000,-4.222294444444e-06
TRXUSD,1778223600000,9.84061111111e-07
TRXUSD,1778227200000,8.335141666667e-06
TRXUSD,1778230800000,1.28940375e-05
TRXUSD,1778234400000,2.2553086111111e-05
TRXUSD,1778238000000,1.4174230555556e-05
TRXUSD,1778241600000,1.5357515277778e-05
TRXUSD,1778245200000,1.47147875e-05
TRXUSD,1778248800000,1.3639733333333e-05
TRXUSD,1778252400000,1.1537815277778e-05
TRXUSD,1778256000000,1.48527375e-05
TRXUSD,1778259600000,1.1666165277778e-05
TRXUSD,1778263200000,1.11544875e-05
TRXUSD,1778266800000,8.850279166667e-06
TRXUSD,1778270400000,4.415859722222e-06
TRXUSD,1778274000000,3.349744444444e-06
TRXUSD,1778277600000,-5.1591666667e-08
TRXUSD,1778281200000,-2.624929166667e-06
TRXUSD,1778284800000,2.078829166667e-06
TRXUSD,1778288400000,4.09747222222e-07
TRXUSD,1778292000000,3.348091666667e-06
TRXUSD,1778295600000,7.130698611111e-06
TRXUSD,1778299200000,2.1522695833333e-05
TRXUSD,1778302800000,6.884819444444e-06
TRXUSD,1778306400000,0.000178796470430108
TRXUSD,1778310000000,9.14135752688e-07
TRXUSD,1778313600000,-1.6000770833333e-05
TRXUSD,1778317200000,-1.8821258333333e-05
TRXUSD,1778320800000,-1.6303215277778e-05
TRXUSD,1778324400000,-1.3446579166667e-05
TRXUSD,1778328000000,-2.468486111111e-06
TRXUSD,1778331600000,-2.981968055556e-06
TRXUSD,1778335200000,-8.080595833333e-06
TRXUSD,1778338800000,-4.21791666667e-07
TRXUSD,1778342400000,9.37354166667e-07
TRXUSD,1778346000000,-5.598172222222e-06
TRXUSD,1778349600000,-2.541302777778e-06
TRXUSD,1778353200000,1.002040277778e-06
TRXUSD,1778356800000,-2.253916666667e-06
TRXUSD,1778360400000,1.198591666667e-06
TRXUSD,1778364000000,-1.289651388889e-06
TRXUSD,1778367600000,-3.731484722222e-06
TRXUSD,1778371200000,-6.644711111111e-06
TRXUSD,1778374800000,9.87773611111e-07
TRXUSD,1778378400000,2.054145833333e-06
TRXUSD,1778382000000,5.0566125e-06
TRXUSD,1778385600000,1.311066666667e-06
TRXUSD,1778389200000,1.783202777778e-06
TRXUSD,1778392800000,-8.149944444444e-06
TRXUSD,1778396400000,-8.606241666667e-06
TRXUSD,1778400000000,-5.870188888889e-06
TRXUSD,1778403600000,-5.292509722222e-06
TRXUSD,1778407200000,-5.032031944444e-06
TRXUSD,1778410800000,-1.4392858333333e-05
TRXUSD,1778414400000,-5.695551388889e-06
TRXUSD,1778418000000,-3.541059722222e-06
TRXUSD,1778421600000,-4.15469444444e-07
TRXUSD,1778425200000,-6.831709722222e-06
TRXUSD,1778428800000,-7.921138888889e-06
TRXUSD,1778432400000,-4.226175e-06
TRXUSD,1778436000000,6.690254166667e-06
TRXUSD,1778439600000,4.816234722222e-06
TRXUSD,1778443200000,4.493729166667e-06
TRXUSD,1778446800000,9.05606944444e-07
TRXUSD,1778450400000,3.677020833333e-06
TRXUSD,1778454000000,-2.784184722222e-06
TRXUSD,1778457600000,-5.077023611111e-06
TRXUSD,1778461200000,-5.517775e-06
TRXUSD,1778464800000,-3.60122222222e-07
TRXUSD,1778468400000,2.461469444444e-06
TRXUSD,1778472000000,2.578140277778e-06
TRXUSD,1778475600000,1.84722222222e-07
TRXUSD,1778479200000,2.019797222222e-06
TRXUSD,1778482800000,3.213006944444e-06
TRXUSD,1778486400000,4.632526388889e-06
TRXUSD,1778490000000,4.577948611111e-06
TRXUSD,1778493600000,2.27566875e-05
TRXUSD,1778497200000,6.196206944444e-06
TRXUSD,1778500800000,7.382713888889e-06
TRXUSD,1778504400000,6.847104166667e-06
TRXUSD,1778508000000,3.705972222222e-06
TRXUSD,1778511600000,1.4720205555556e-05
TRXUSD,1778515200000,1.1430430555556e-05
TRXUSD,1778518800000,1.0685429166667e-05
TRXUSD,1778522400000,8.156058333333e-06
TRXUSD,1778526000000,3.025825268817e-06
TRXUSD,1778529600000,4.727330645161e-06
TRXUSD,1778533200000,5.086218055556e-06
TRXUSD,1778536800000,4.603254166667e-06
TRXUSD,1778540400000,2.9632125e-06
TRXUSD,1778544000000,2.180894444444e-06
TRXUSD,1778547600000,3.351313888889e-06
TRXUSD,1778551200000,-5.18198611111e-07
TRXUSD,1778554800000,5.409706944444e-06
TRXUSD,1778558400000,1.35904875e-05
TRXUSD,1778562000000,1.1273894444444e-05
TRXUSD,1778565600000,5.944561111111e-06
TRXUSD,1778569200000,3.785418055556e-06
TRXUSD,1778572800000,4.021273611111e-06
TRXUSD,1778576400000,5.037736111111e-06
TRXUSD,1778580000000,-1.4042851388889e-05
TRXUSD,1778583600000,-1.2592033333333e-05
TRXUSD,1778587200000,-9.296531944444e-06
TRXUSD,1778590800000,-2.910277777778e-06
TRXUSD,1778594400000,-1.0871595833333e-05
TRXUSD,1778598000000,-1.194895e-05
TRXUSD,1778601600000,-1.0644288888889e-05
TRXUSD,1778605200000,-6.156018055556e-06
TRXUSD,1778608800000,-4.292551388889e-06
TRXUSD,1778612400000,1.535166666667e-06
TRXUSD,1778616000000,-9.553441666667e-06
TRXUSD,1778619600000,-2.198577777778e-06
TRXUSD,1778623200000,-7.030727430556e-06
TRXUSD,1778626800000,-4.183963888889e-06
TRXUSD,1778630400000,-1.2466468055556e-05
TRXUSD,1778634000000,-1.37642375e-05
TRXUSD,1778637600000,-1.1738030555556e-05
TRXUSD,1778641200000,-9.556966666667e-06
TRXUSD,1778644800000,-1.2315320833333e-05
TRXUSD,1778648400000,-4.418252777778e-06
TRXUSD,1778652000000,-3.273656944444e-06
TRXUSD,1778655600000,-4.675719444444e-06
TRXUSD,1778659200000,-4.767598611111e-06
TRXUSD,1778662800000,-4.579943055556e-06
TRXUSD,1778666400000,-5.174916666667e-06
TRXUSD,1778670000000,-9.585504166667e-06
TRXUSD,1778673600000,-1.605327777778e-06
TRXUSD,1778677200000,-5.886905555556e-06
TRXUSD,1778680800000,-1.0979538888889e-05
TRXUSD,1778684400000,-4.676116666667e-06
TRXUSD,1778688000000,-7.787148611111e-06
TRXUSD,1778691600000,-1.1788215277778e-05
TRXUSD,1778695200000,-8.858645833333e-06
TRXUSD,1778698800000,-1.1297080555556e-05
TRXUSD,1778702400000,-1.1764348611111e-05
TRXUSD,1778706000000,-9.960952777778e-06
TRXUSD,1778709600000,-1.1633276388889e-05
TRXUSD,1778713200000,-1.11845875e-05
TRXUSD,1778716800000,-1.1325405555556e-05
TRXUSD,1778720400000,-9.764329166667e-06
TRXUSD,1778724000000,-6.498669444444e-06
TRXUSD,1778727600000,-3.237422222222e-06
TRXUSD,1778731200000,-8.574541666667e-06
TRXUSD,1778734800000,-9.77155555556e-07
TRXUSD,1778738400000,-2.790708333333e-06
TRXUSD,1778742000000,-3.14397222222e-07
TRXUSD,1778745600000,2.43806547619e-06
TRXUSD,1778749200000,1.693155555556e-06
TRXUSD,1778752800000,1.7268840277778e-05
TRXUSD,1778756400000,7.163944444444e-06
TRXUSD,1778760000000,-1.113259722222e-06
TRXUSD,1778763600000,-5.09780555556e-07
TRXUSD,1778767200000,2.586356944444e-06
TRXUSD,1778770800000,7.843980555556e-06
TRXUSD,1778774400000,-5.51077777778e-07
TRXUSD,1778778000000,6.32934722222e-07
TRXUSD,1778781600000,2.888795833333e-06
TRXUSD,1778785200000,-1.399609722222e-06
TRXUSD,1778788800000,-1.76345833333e-07
TRXUSD,1778792400000,7.190645833333e-06
TRXUSD,1778796000000,-2.874268055556e-06
TRXUSD,1778799600000,-1.485086111111e-06
TRXUSD,1778803200000,-1.926743055556e-06
TRXUSD,1778806800000,-2.846116666667e-06
TRXUSD,1778810400000,-1.1540102777778e-05
TRXUSD,1778814000000,-4.595491666667e-06
TRXUSD,1778817600000,3.929822222222e-06
TRXUSD,1778821200000,8.4226e-06
TRXUSD,1778824800000,2.868779166667e-06
TRXUSD,1778828400000,6.013743055556e-06
TRXUSD,1778832000000,8.161045977011e-06
TRXUSD,1778835600000,6.520226388889e-06
TRXUSD,1778839200000,1.777965e-05
TRXUSD,1778842800000,1.5202669444444e-05
TRXUSD,1778846400000,1.63128375e-05
TRXUSD,1778850000000,1.2673415277778e-05
TRXUSD,1778853600000,8.787290277778e-06
TRXUSD,1778857200000,9.257608333333e-06
TRXUSD,1778860800000,5.822745833333e-06
TRXUSD,1778864400000,1.4114745833333e-05
TRXUSD,1778868000000,9.760251388889e-06
TRXUSD,1778871600000,2.438129166667e-06
TRXUSD,1778875200000,4.162231944444e-06
TRXUSD,1778878800000,5.49136111111e-07
TRXUSD,1778882400000,6.317269444444e-06
TRXUSD,1778886000000,8.074793055556e-06
TRXUSD,1778889600000,7.343918055556e-06
TRXUSD,1778893200000,5.877969444444e-06
TRXUSD,1778896800000,1.489529166667e-06
TRXUSD,1778900400000,-4.275781944444e-06
TRXUSD,1778904000000,1.89784722222e-07
TRXUSD,1778907600000,-3.241806944444e-06
TRXUSD,1778911200000,-4.31219444444e-07
TRXUSD,1778914800000,-7.491383333333e-06
TRXUSD,1778918400000,-1.690758333333e-06
TRXUSD,1778922000000,7.151470833333e-06
TRXUSD,1778925600000,-1.0099061111111e-05
TRXUSD,1778929200000,-1.5432802777778e-05
TRXUSD,1778932800000,-7.270079166667e-06
TRXUSD,1778936400000,-1.2895520833333e-05
TRXUSD,1778940000000,-2.0902088888889e-05
TRXUSD,1778943600000,-7.438409722222e-06
TRXUSD,1778947200000,-2.379015277778e-06
TRXUSD,1778950800000,5.859944444444e-06
TRXUSD,1778954400000,3.891452777778e-06
TRXUSD,1778958000000,2.990347222222e-06
TRXUSD,1778961600000,8.97506944444e-07
TRXUSD,1778965200000,8.405775e-06
TRXUSD,1778968800000,8.484708333333e-06
TRXUSD,1778972400000,5.789555555556e-06
TRXUSD,1778976000000,8.083706944444e-06
TRXUSD,1778979600000,1.940701388889e-06
TRXUSD,1778983200000,-6.278965277778e-06
TRXUSD,1778986800000,-6.457041666667e-06
TRXUSD,1778990400000,-1.523120833333e-06
TRXUSD,1778994000000,-4.7238888889e-08
TRXUSD,1778997600000,-3.006598611111e-06
TRXUSD,1779001200000,-2.488211111111e-06
TRXUSD,1779004800000,4.086244444444e-06
TRXUSD,1779008400000,3.0975375e-06
TRXUSD,1779012000000,5.188019444444e-06
TRXUSD,1779015600000,6.123680555556e-06
TRXUSD,1779019200000,8.216740277778e-06
TRXUSD,1779022800000,5.870386111111e-06
TRXUSD,1779026400000,5.197759722222e-06
TRXUSD,1779030000000,1.0261206944444e-05
TRXUSD,1779033600000,7.664680555556e-06
TRXUSD,1779037200000,9.701566666667e-06
TRXUSD,1779040800000,2.0208988888889e-05
TRXUSD,1779044400000,2.0271229166667e-05
TRXUSD,1779048000000,2.2046054166667e-05
TRXUSD,1779051600000,1.6184227777778e-05
TRXUSD,1779055200000,2.0896656944444e-05
TRXUSD,1779058800000,2.0993834722222e-05
TRXUSD,1779062400000,1.2005556944444e-05
TRXUSD,1779066000000,1.895581944444e-06
TRXUSD,1779069600000,9.6903625e-06
TRXUSD,1779073200000,1.7627488888889e-05
TRXUSD,1779076800000,2.1370056944444e-05
TRXUSD,1779080400000,1.5747775e-05
TRXUSD,1779084000000,1.2639168055556e-05
TRXUSD,1779087600000,5.989123611111e-06
TRXUSD,1779091200000,6.324491666667e-06
TRXUSD,1779094800000,4.9420125e-06
TRXUSD,1779098400000,2.866541666667e-06
TRXUSD,1779102000000,1.1239509722222e-05
TRXUSD,1779105600000,1.6340944444444e-05
TRXUSD,1779109200000,1.3807191666667e-05
TRXUSD,1779112800000,1.13685625e-05
TRXUSD,1779116400000,2.346498611111e-06
TRXUSD,1779120000000,-1.4364084722222e-05
TRXUSD,1779123600000,-5.343245833333e-06
TRXUSD,1779127200000,-5.075629166667e-06
TRXUSD,1779130800000,-2.058276388889e-06
TRXUSD,1779134400000,6.816611111111e-06
TRXUSD,1779138000000,6.5980375e-06
TRXUSD,1779141600000,3.917422222222e-06
TRXUSD,1779145200000,1.883159722222e-06
TRXUSD,1779148800000,-9.88379166667e-07
TRXUSD,1779152400000,-3.281283333333e-06
TRXUSD,1779156000000,-6.920726388889e-06
TRXUSD,1779159600000,1.882533333333e-06
TRXUSD,1779163200000,-2.808231944444e-06
TRXUSD,1779166800000,1.685991666667e-06
TRXUSD,1779170400000,2.218688888889e-06
TRXUSD,1779174000000,3.032141666667e-06
TRXUSD,1779177600000,-2.515225e-06
TRXUSD,1779181200000,-5.065497222222e-06
TRXUSD,1779184800000,-8.7833625e-06
TRXUSD,1779188400000,1.3090277778e-08
TRXUSD,1779192000000,-2.236473611111e-06
TRXUSD,1779195600000,1.958726388889e-06
TRXUSD,1779199200000,-4.66797222222e-07
TRXUSD,1779202800000,-1.2248343055556e-05
TRXUSD,1779206400000,-9.230969444444e-06
TRXUSD,1779210000000,-5.4779375e-06
TRXUSD,1779213600000,-6.141195833333e-06
TRXUSD,1779217200000,-3.692847222222e-06
TRXUSD,1779220800000,-4.228893055556e-06
TRXUSD,1779224400000,2.55788888889e-07
TRXUSD,1779228000000,3.769351388889e-06
TRXUSD,1779231600000,1.649954166667e-06
TRXUSD,1779235200000,4.60433333333e-07
TRXUSD,1779238800000,-2.041577777778e-06
TRXUSD,1779242400000,-2.636345833333e-06
TRXUSD,1779246000000,-9.91829166667e-07
TRXUSD,1779249600000,-2.283577777778e-06
TRXUSD,1779253200000,1.62081944444e-07
TRXUSD,1779256800000,2.450652777778e-06
TRXUSD,1779260400000,1.560743055556e-06
TRXUSD,1779264000000,9.784195833333e-06
TRXUSD,1779267600000,8.413863888889e-06
TRXUSD,1779271200000,-5.921684722222e-06
TRXUSD,1779274800000,-2.125609722222e-06
TRXUSD,1779278400000,-1.2792e-06
TRXUSD,1779282000000,2.798338888889e-06
TRXUSD,1779285600000,-8.122522222222e-06
TRXUSD,1779289200000,-3.118006944444e-06
TRXUSD,1779292800000,-6.81134722222e-07
TRXUSD,1779296400000,-1.959826388889e-06
TRXUSD,1779300000000,2.425681944444e-06
TRXUSD,1779303600000,2.113526388889e-06
TRXUSD,1779307200000,-4.38945833333e-07
TRXUSD,1779310800000,5.527531944444e-06
TRXUSD,1779314400000,8.908531944444e-06
TRXUSD,1779318000000,8.96975e-07
TRXUSD,1779321600000,2.743770833333e-06
TRXUSD,1779325200000,1.478202777778e-06
TRXUSD,1779328800000,5.726595833333e-06
TRXUSD,1779332400000,1.1149275e-05
TRXUSD,1779336000000,6.401594444444e-06
TRXUSD,1779339600000,4.640370833333e-06
TRXUSD,1779343200000,7.160984722222e-06
TRXUSD,1779346800000,6.947276388889e-06
TRXUSD,1779350400000,-3.080452160494e-06
TRXUSD,1779354000000,-6.838363888889e-06
TRXUSD,1779357600000,9.739191666667e-06
TRXUSD,1779361200000,1.8428695833333e-05
TRXUSD,1779364800000,1.6862425e-05
TRXUSD,1779368400000,2.3585566666667e-05
TRXUSD,1779372000000,1.3740180555556e-05
TRXUSD,1779375600000,5.4195875e-06
TRXUSD,1779379200000,1.8205733333333e-05
TRXUSD,1779382800000,2.3405383333333e-05
TRXUSD,1779386400000,1.9873995833333e-05
TRXUSD,1779390000000,1.2430261111111e-05
TRXUSD,1779393600000,1.5410395833333e-05
TRXUSD,1779397200000,1.0520698611111e-05
TRXUSD,1779400800000,1.3998330555556e-05
TRXUSD,1779404400000,1.2243309722222e-05
TRXUSD,1779408000000,1.7441527777778e-05
TRXUSD,1779411600000,1.4122811111111e-05
TRXUSD,1779415200000,9.839979166667e-06
TRXUSD,1779418800000,1.5274577777778e-05
TRXUSD,1779422400000,8.021022222222e-06
TRXUSD,1779426000000,7.795226388889e-06
TRXUSD,1779429600000,1.9895147222222e-05
TRXUSD,1779433200000,2.0198243055556e-05
TRXUSD,1779436800000,1.3156748611111e-05
TRXUSD,1779440400000,1.1075094444444e-05
TRXUSD,1779444000000,8.665388888889e-06
TRXUSD,1779447600000,-5.9545125e-06
TRXUSD,1779451200000,-4.077513888889e-06
TRXUSD,1779454800000,-1.566218055556e-06
TRXUSD,1779458400000,-6.750834722222e-06
TRXUSD,1779462000000,-1.0686743055556e-05
TRXUSD,1779465600000,-3.456106944444e-06
TRXUSD,1779469200000,-3.699572222222e-06
TRXUSD,1779472800000,-1.1378094444444e-05
TRXUSD,1779476400000,-1.0861798611111e-05
TRXUSD,1779480000000,-8.637148611111e-06
TRXUSD,1779483600000,-8.992198611111e-06
TRXUSD,1779487200000,-2.509345833333e-06
TRXUSD,1779490800000,-5.183094444444e-06
TRXUSD,1779494400000,-5.547319444444e-06
TRXUSD,1779498000000,-7.567806944444e-06
TRXUSD,1779501600000,-2.584968055556e-06
TRXUSD,1779505200000,-8.54066666667e-07
TRXUSD,1779508800000,-2.4861875e-06
TRXUSD,1779512400000,-3.913795833333e-06
TRXUSD,1779516000000,-6.191040277778e-06
TRXUSD,1779519600000,-6.690827777778e-06
TRXUSD,1779523200000,-5.46850297619e-06
TRXUSD,1779526800000,-8.905158333333e-06
TRXUSD,1779530400000,-1.0611672222222e-05
TRXUSD,1779534000000,-4.242330555556e-06
TRXUSD,1779537600000,-5.274531944444e-06
TRXUSD,1779541200000,-5.244573611111e-06
TRXUSD,1779544800000,-3.768223611111e-06
TRXUSD,1779548400000,-4.876951388889e-06
TRXUSD,1779552000000,2.163975e-06
TRXUSD,1779555600000,3.0685e-07
TRXUSD,1779559200000,2.418529166667e-06
TRXUSD,1779562800000,4.032108333333e-06
TRXUSD,1779566400000,6.17095e-06
TRXUSD,1779570000000,6.304679166667e-06
TRXUSD,1779573600000,9.422908333333e-06
TRXUSD,1779577200000,1.4201070833333e-05
TRXUSD,1779580800000,1.1211284722222e-05
TRXUSD,1779584400000,4.6135375e-06
TRXUSD,1779588000000,1.4293195833333e-05
TRXUSD,1779591600000,8.824927777778e-06
TRXUSD,1779595200000,2.0973186111111e-05
TRXUSD,1779598800000,1.91432125e-05
TRXUSD,1779602400000,1.4985809722222e-05
TRXUSD,1779606000000,1.3226836111111e-05
TRXUSD,1779609600000,7.399468055556e-06
TRXUSD,1779613200000,1.0499947222222e-05
TRXUSD,1779616800000,1.31271625e-05
TRXUSD,1779620400000,1.0624380555556e-05
TRXUSD,1779624000000,1.1285384722222e-05
TRXUSD,1779627600000,1.5546383333333e-05
TRXUSD,1779631200000,9.778316666667e-06
TRXUSD,1779634800000,9.26935e-06
TRXUSD,1779638400000,6.188679166667e-06
TRXUSD,1779642000000,7.763413888889e-06
TRXUSD,1779645600000,1.6629645833333e-05
TRXUSD,1779649200000,1.9401875e-05
TRXUSD,1779652800000,1.4548938888889e-05
TRXUSD,1779656400000,8.4373375e-06
TRXUSD,1779660000000,-1.1217263888889e-05
TRXUSD,1779663600000,-3.041925e-06
TRXUSD,1779667200000,5.556556944444e-06
TRXUSD,1779670800000,2.833354166667e-06
TRXUSD,1779674400000,-3.08527777778e-07
TRXUSD,1779678000000,-6.167501388889e-06
TRXUSD,1779681600000,-1.4364497222222e-05
TRXUSD,1779685200000,-9.073590277778e-06
TRXUSD,1779688800000,3.040625e-07
TRXUSD,1779692400000,5.556968055556e-06
TRXUSD,1779696000000,2.185006944444e-06
TRXUSD,1779699600000,-2.444643055556e-06
TRXUSD,1779703200000,4.86373611111e-07
TRXUSD,1779706800000,-8.096922222222e-06
TRXUSD,1779710400000,-1.0845188888889e-05
TRXUSD,1779714000000,-4.204566666667e-06
TRXUSD,1779717600000,-5.785213888889e-06
TRXUSD,1779721200000,1.3276069444444e-05
TRXUSD,1779724800000,1.4154402777778e-05
TRXUSD,1779728400000,1.7213629166667e-05
TRXUSD,1779732000000,1.1648761111111e-05
TRXUSD,1779735600000,4.71755555556e-07
TRXUSD,1779739200000,1.981438888889e-06
TRXUSD,1779742800000,-8.606463888889e-06
TRXUSD,1779746400000,-8.826348611111e-06
TRXUSD,1779750000000,-3.096759722222e-06
TRXUSD,1779753600000,-2.8495125e-06
TRXUSD,1779757200000,-3.152559722222e-06
TRXUSD,1779760800000,-4.479448611111e-06
TRXUSD,1779764400000,-4.96758333333e-07
TRXUSD,1779768000000,-1.519715277778e-06
TRXUSD,1779771600000,4.292973611111e-06
TRXUSD,1779775200000,1.1626376388889e-05
TRXUSD,1779778800000,1.2402609722222e-05
TRXUSD,1779782400000,-3.17947222222e-07
TRXUSD,1779786000000,4.203602777778e-06
TRXUSD,1779789600000,6.63765e-06
TRXUSD,1779793200000,-2.2012875e-06
TRXUSD,1779796800000,-5.369929166667e-06
TRXUSD,1779800400000,3.95579166667e-07
TRXUSD,1779804000000,-5.041486111111e-06
TRXUSD,1779807600000,-1.5098656944444e-05
TRXUSD,1779811200000,-1.057713888889e-06
TRXUSD,1779814800000,-1.3002995833333e-05
TRXUSD,1779818400000,-1.6238315277778e-05
TRXUSD,1779822000000,-1.2024519444444e-05
TRXUSD,1779825600000,-1.68634625e-05
TRXUSD,1779829200000,-1.1568294444444e-05
TRXUSD,1779832800000,-5.797531944444e-06
TRXUSD,1779836400000,-2.258984722222e-06
TRXUSD,1779840000000,-3.77494444444e-07
TRXUSD,1779843600000,-1.2256823611111e-05
TRXUSD,1779847200000,-6.851722222222e-06
TRXUSD,1779850800000,-4.5361875e-06
TRXUSD,1779854400000,-8.7130875e-06
TRXUSD,1779858000000,-6.249991666667e-06
TRXUSD,1779861600000,-6.316188888889e-06
TRXUSD,1779865200000,-9.092658333333e-06
TRXUSD,1779868800000,-7.082811111111e-06
TRXUSD,1779872400000,-8.711526388889e-06
TRXUSD,1779876000000,-1.2685423611111e-05
TRXUSD,1779879600000,-1.2897213888889e-05
TRXUSD,1779883200000,-5.873930555556e-06
TRXUSD,1779886800000,-3.142588888889e-06
TRXUSD,1779890400000,-8.353097222222e-06
TRXUSD,1779894000000,-1.2460501388889e-05
TRXUSD,1779897600000,-1.0341715277778e-05
TRXUSD,1779901200000,-1.1624477777778e-05
TRXUSD,1779904800000,-1.1752677777778e-05
TRXUSD,1779908400000,-1.3539913888889e-05
TRXUSD,1779912000000,-5.107959722222e-06
TRXUSD,1779915600000,-1.0030351388889e-05
TRXUSD,1779919200000,-6.6081625e-06
TRXUSD,1779922800000,-1.3674772222222e-05
TRXUSD,1779926400000,-7.863780555556e-06
TRXUSD,1779930000000,-8.9336e-06
TRXUSD,1779933600000,-9.038941666667e-06
TRXUSD,1779937200000,-5.078145833333e-06
TRXUSD,1779940800000,-8.524301075269e-06
TRXUSD,1779944400000,-1.4584747311828e-05
TRXUSD,1779948000000,-1.8586401388889e-05
TRXUSD,1779951600000,-1.9155477777778e-05
TRXUSD,1779955200000,-1.3599304597701e-05
TRXUSD,1779958800000,-1.2651861111111e-05
TRXUSD,1779962400000,-1.5902840277778e-05
TRXUSD,1779966000000,-2.1061219444444e-05
TRXUSD,1779969600000,-1.3408991666667e-05
TRXUSD,1779973200000,-1.5369065277778e-05
TRXUSD,1779976800000,-2.04563625e-05
TRXUSD,1779980400000,-1.6381925e-05
TRXUSD,1779984000000,-7.855145833333e-06
TRXUSD,1779987600000,-8.782615277778e-06
TRXUSD,1779991200000,3.110805555556e-06
TRXUSD,1779994800000,7.51045e-06
TRXUSD,1779998400000,-6.932644444444e-06
TRXUSD,1780002000000,-1.3274602777778e-05
TRXUSD,1780005600000,-1.2115454166667e-05
TRXUSD,1780009200000,-1.5191476388889e-05
TRXUSD,1780012800000,-2.637325e-06
TRXUSD,1780016400000,-9.352213888889e-06
TRXUSD,1780020000000,-1.000115e-05
TRXUSD,1780023600000,-1.1233859722222e-05
TRXUSD,1780027200000,-1.2402169444444e-05
TRXUSD,1780030800000,-1.3489070833333e-05
TRXUSD,1780034400000,-5.316254166667e-06
TRXUSD,1780038000000,-3.9259875e-06
TRXUSD,1780041600000,-1.3555494444444e-05
TRXUSD,1780045200000,-5.6796311111111e-05
TRXUSD,1780048800000,-2.81554e-05
TRXUSD,1780052400000,-4.1389477777778e-05
TRXUSD,1780056000000,-5.35900375e-05
TRXUSD,1780059600000,-5.9814623611111e-05
TRXUSD,1780063200000,-3.5186556944444e-05
TRXUSD,1780066800000,-1.3423047222222e-05
TRXUSD,1780070400000,-7.091897222222e-06
TRXUSD,1780074000000,-2.2452609722222e-05
TRXUSD,1780077600000,-2.9715686111111e-05
TRXUSD,1780081200000,-3.2907072222222e-05
TRXUSD,1780084800000,-5.7291493055556e-05
TRXUSD,1780088400000,-6.1305215277778e-05
TRXUSD,1780092000000,-3.9181466666667e-05
TRXUSD,1780095600000,-4.8562372222222e-05
TRXUSD,1780099200000,-3.72912125e-05
TRXUSD,1780102800000,-3.0425665277778e-05
TRXUSD,1780106400000,-2.5003377777778e-05
TRXUSD,1780110000000,-1.3344963888889e-05
TRXUSD,1780113600000,-2.8373630555556e-05
TRXUSD,1780117200000,-4.2486245833333e-05
TRXUSD,1780120800000,-6.1239755555556e-05
TRXUSD,1780124400000,-3.0181697222222e-05
TRXUSD,1780128000000,-4.3508270833333e-05
TRXUSD,1780131600000,-3.3904641666667e-05
TRXUSD,1780135200000,-1.6110294444444e-05
TRXUSD,1780138800000,-1.6205244444444e-05
TRXUSD,1780142400000,-1.24828e-05
TRXUSD,1780146000000,-1.4957813888889e-05
TRXUSD,1780149600000,-1.82467375e-05
TRXUSD,1780153200000,-2.3272379166667e-05
TRXUSD,1780156800000,-1.2095983333333e-05
TRXUSD,1780160400000,-3.697288888889e-06
TRXUSD,1780164000000,-1.0265430555556e-05
TRXUSD,1780167600000,-1.12192875e-05
TRXUSD,1780171200000,-1.0708394444444e-05
TRXUSD,1780174800000,-1.3394122222222e-05
TRXUSD,1780178400000,-1.36892875e-05
TRXUSD,1780182000000,-1.7011020833333e-05
TRXUSD,1780185600000,-9.125305555556e-06
TRXUSD,1780189200000,-1.6156138888889e-05
TRXUSD,1780192800000,-1.4643986111111e-05
TRXUSD,1780196400000,-1.9105806944444e-05
TRXUSD,1780200000000,-1.3382023611111e-05
TRXUSD,1780203600000,-1.1364618055556e-05
TRXUSD,1780207200000,-1.5144114247312e-05
TRXUSD,1780210800000,-3.734364247312e-06
TRXUSD,1780214400000,-6.509608333333e-06
TRXUSD,1780218000000,-4.63608333333e-07
TRXUSD,1780221600000,-3.79356944444e-07
TRXUSD,1780225200000,-6.474833333333e-06
TRXUSD,1780228800000,-1.1398843055556e-05
TRXUSD,1780232400000,-2.147593055556e-06
TRXUSD,1780236000000,-3.867772222222e-06
TRXUSD,1780239600000,-6.670230555556e-06
TRXUSD,1780243200000,-4.195497222222e-06
TRXUSD,1780246800000,-5.977109722222e-06
TRXUSD,1780250400000,-2.698177777778e-06
TRXUSD,1780254000000,-1.389448611111e-06
TRXUSD,1780257600000,3.840190277778e-06
TRXUSD,1780261200000,4.567584722222e-06
TRXUSD,1780264800000,4.438458333333e-06
TRXUSD,1780268400000,3.752670833333e-06
TRXUSD,1780272000000,1.293163888889e-06
TRXUSD,1780275600000,5.568268055556e-06
TRXUSD,1780279200000,2.392131944444e-06
TRXUSD,1780282800000,-4.631605555556e-06
TRXUSD,1780286400000,-1.326793055556e-06
TRXUSD,1780290000000,3.108588888889e-06
TRXUSD,1780293600000,1.1794161111111e-05
TRXUSD,1780297200000,7.19330555556e-07
TRXUSD,1780300800000,-7.52779166667e-07
TRXUSD,1780304400000,7.297665277778e-06
TRXUSD,1780308000000,6.347641666667e-06
TRXUSD,1780311600000,-4.502501388889e-06
TRXUSD,1780315200000,-5.472988888889e-06
TRXUSD,1780318800000,-1.6224994444444e-05
TRXUSD,1780322400000,-1.6210677777778e-05
TRXUSD,1780326000000,-2.2339972222222e-05
TRXUSD,1780329600000,-2.2502893055556e-05
TRXUSD,1780333200000,-2.1259976388889e-05
TRXUSD,1780336800000,-3.2410848611111e-05
TRXUSD,1780340400000,-3.8676109722222e-05
TRXUSD,1780344000000,-5.8124281944444e-05
TRXUSD,1780347600000,-6.4034123611111e-05
TRXUSD,1780351200000,-5.2711190277778e-05
TRXUSD,1780354800000,-3.4280020833333e-05
TRXUSD,1780358400000,-3.2166075e-05
TRXUSD,1780362000000,-4.5365734722222e-05
TRXUSD,1780365600000,-5.1743584722222e-05
TRXUSD,1780369200000,-4.5170527777778e-05
TRXUSD,1780372800000,-4.812635e-05
TRXUSD,1780376400000,-7.7244216666667e-05
TRXUSD,1780380000000,-5.9195733333333e-05
TRXUSD,1780383600000,-0.000232999175
TRXUSD,1780387200000,-0.000131085683333333
TRXUSD,1780390800000,-0.0001149434
TRXUSD,1780394400000,-9.5548608333333e-05
TRXUSD,1780398000000,-0.000108658916666667
TRXUSD,1780401600000,-5.497995e-05
TRXUSD,1780405200000,-6.9888029166667e-05
TRXUSD,1780408800000,-4.1019775e-05
TRXUSD,1780412400000,-0.000164867841666667
TRXUSD,1780416000000,-0.000142855995833333
TRXUSD,1780419600000,-0.0001016122625
TRXUSD,1780423200000,-7.4372545833333e-05
TRXUSD,1780426800000,-9.5267558333333e-05
TRXUSD,1780430400000,-0.000103936591666667
TRXUSD,1780434000000,-9.4160733333333e-05
TRXUSD,1780437600000,-9.6112179166667e-05
TRXUSD,1780441200000,-0.000121848975
TRXUSD,1780444800000,-0.0001792396375
TRXUSD,1780448400000,-8.3615216666667e-05
TRXUSD,1780452000000,-5.5819195833333e-05
TRXUSD,1780455600000,-4.7661808333333e-05
TRXUSD,1780459200000,-8.4536529166667e-05
TRXUSD,1780462800000,-9.459365e-05
TRXUSD,1780466400000,3.020341666667e-06
TRXUSD,1780470000000,1.1390825e-05
TRXUSD,1780473600000,-1.3268791666667e-05
TRXUSD,1780477200000,-2.9151720833333e-05
TRXUSD,1780480800000,-3.9555020833333e-05
TRXUSD,1780484400000,-4.6863391666667e-05
TRXUSD,1780488000000,-3.8322529166667e-05
TRXUSD,1780491600000,-2.9474079166667e-05
TRXUSD,1780495200000,-6.163829166667e-06
TRXUSD,1780498800000,-1.6189183333333e-05
TRXUSD,1780502400000,-2.842083333333e-06
TRXUSD,1780506000000,-5.0338908333333e-05
TRXUSD,1780509600000,-1.8511591666667e-05
TRXUSD,1780513200000,-3.2693570833333e-05
TRXUSD,1780516800000,-1.9237975e-05
TRXUSD,1780520400000,-2.9683091666667e-05
TRXUSD,1780524000000,-2.0186729166667e-05
TRXUSD,1780527600000,-1.4699941666667e-05
TRXUSD,1780531200000,-2.1119179166667e-05
TRXUSD,1780534800000,-5.6703254166667e-05
TRXUSD,1780538400000,-0.0001168252625
TRXUSD,1780542000000,-0.000108351604166667
TRXUSD,1780545600000,-2.890541666667e-06
TRXUSD,1780549200000,-1.51512875e-05
TRXUSD,1780552800000,-0.000115230954166667
TRXUSD,1780556400000,-0.0001001973625
TRXUSD,1780560000000,-0.00019224999137931
TRXUSD,1780563600000,-0.000228704158333333
TRXUSD,1780567200000,-0.000282907183333333
TRXUSD,1780570800000,-0.000245591995833333
TRXUSD,1780574400000,-0.000208460683333333
TRXUSD,1780578000000,-0.000106243108333333
TRXUSD,1780581600000,-7.3419329166667e-05
TRXUSD,1780585200000,-7.9540808333333e-05
TRXUSD,1780588800000,-4.0752804166667e-05
TRXUSD,1780592400000,-2.1988929166667e-05
TRXUSD,1780596000000,-8.5971479166667e-05
TRXUSD,1780599600000,-3.5961033333333e-05
TRXUSD,1780603200000,-4.8566929166667e-05
TRXUSD,1780606800000,-2.9875566666667e-05
TRXUSD,1780610400000,-7.74589375e-05
TRXUSD,1780614000000,-0.000138193775
TRXUSD,1780617600000,-5.5371304166667e-05
TRXUSD,1780621200000,-3.6762841666667e-05
TRXUSD,1780624800000,-0.000103407495833333
TRXUSD,1780628400000,-0.000138721729166667
TRXUSD,1780632000000,-0.000187115941666667
TRXUSD,1780635600000,-7.3064454166667e-05
TRXUSD,1780639200000,-9.1531816666667e-05
TRXUSD,1780642800000,-0.0002556386125
TRXUSD,1780646400000,-0.000237453108333333
TRXUSD,1780650000000,-6.7630758333333e-05
TRXUSD,1780653600000,-3.5650891666667e-05
TRXUSD,1780657200000,-2.6698233333333e-05
TRXUSD,1780660800000,-2.2875241666667e-05
TRXUSD,1780664400000,-3.6856758333333e-05
TRXUSD,1780668000000,-3.81948125e-05
TRXUSD,1780671600000,-6.1920983333333e-05
TRXUSD,1780675200000,-0.000161923754166667
TRXUSD,1780678800000,-0.000111144829166667
TRXUSD,1780682400000,-7.4370308333333e-05
TRXUSD,1780686000000,-0.000152532454166667
TRXUSD,1780689600000,-0.000251278795833333
TRXUSD,1780693200000,-3.22390125e-05
TRXUSD,1780696800000,-1.8608858333333e-05
TRXUSD,1780700400000,-5.3474354166667e-05
TRXUSD,1780704000000,-0.000171543154166667
TRXUSD,1780707600000,-0.000122193708333333
TRXUSD,1780711200000,-0.00011116735
TRXUSD,1780714800000,-0.000153916754166667
TRXUSD,1780718400000,-0.000212962533333333
TRXUSD,1780722000000,-0.0002794451875
TRXUSD,1780725600000,-0.000203697254166667
TRXUSD,1780729200000,-3.4061570833333e-05
TRXUSD,1780732800000,-1.88532625e-05
TRXUSD,1780736400000,-1.84394125e-05
TRXUSD,1780740000000,-6.130479166667e-06
TRXUSD,1780743600000,-0.0001421408375
TRXUSD,1780747200000,-0.000102830208333333
TRXUSD,1780750800000,-8.3183495833333e-05
TRXUSD,1780754400000,-4.29106e-05
TRXUSD,1780758000000,-1.0134545833333e-05
TRXUSD,1780761600000,-9.651970833333e-06
TRXUSD,1780765200000,-2.19916666667e-07
TRXUSD,1780768800000,-2.6446879166667e-05
TRXUSD,1780772400000,-7.196183333333e-06
TRXUSD,1780776000000,8.63754166667e-07
TRXUSD,1780779600000,-3.79668e-05
TRXUSD,1780783200000,1.7346195833333e-05
TRXUSD,1780786800000,-2.3925504166667e-05
TRXUSD,1780790400000,1.949541666667e-06
TRXUSD,1780794000000,-2.9275908333333e-05
TRXUSD,1780797600000,-3.273620833333e-06
TRXUSD,1780801200000,-8.0733625e-06
TRXUSD,1780804800000,-5.953770833333e-06
TRXUSD,1780808400000,9.570858333333e-06
TRXUSD,1780812000000,-1.7426341666667e-05
TRXUSD,1780815600000,-8.920020833333e-06
TRXUSD,1780819200000,-2.3283375e-06
TRXUSD,1780822800000,-7.159641666667e-06
TRXUSD,1780826400000,1.2258479166667e-05
TRXUSD,1780830000000,-9.782820833333e-06
TRXUSD,1780833600000,2.996741666667e-06
TRXUSD,1780837200000,-4.8188658333333e-05
TRXUSD,1780840800000,-3.3741875e-05
TRXUSD,1780844400000,-1.5258466666667e-05
TRXUSD,1780848000000,-3.2657679166667e-05
TRXUSD,1780851600000,-4.3195954166667e-05
TRXUSD,1780855200000,-4.3763904166667e-05
TRXUSD,1780858800000,-3.58531375e-05
TRXUSD,1780862400000,-8.69674125e-05
TRXUSD,1780866000000,-5.1554025e-05
TRXUSD,1780869600000,-8.2534491666667e-05
TRXUSD,1780873200000,-3.7691216666667e-05
TRXUSD,1780876800000,-2.1078970833333e-05
TRXUSD,1780880400000,-2.0689745833333e-05
TRXUSD,1780884000000,-3.6999108333333e-05
TRXUSD,1780887600000,-1.4372145833333e-05
TRXUSD,1780891200000,-2.5786433333333e-05
TRXUSD,1780894800000,-2.1953391666667e-05
TRXUSD,1780898400000,-2.8644441666667e-05
TRXUSD,1780902000000,-1.4885566666667e-05
TRXUSD,1780905600000,-1.9829270833333e-05
TRXUSD,1780909200000,-1.7781120833333e-05
TRXUSD,1780912800000,-1.4504504166667e-05
TRXUSD,1780916400000,-2.6822266666667e-05
TRXUSD,1780920000000,2.53370833333e-07
TRXUSD,1780923600000,-2.6558358333333e-05
TRXUSD,1780927200000,-3.5256966666667e-05
TRXUSD,1780930800000,-4.4565629166667e-05
TRXUSD,1780934400000,-2.498885e-05
TRXUSD,1780938000000,-5.4855329166667e-05
TRXUSD,1780941600000,-7.60464875e-05
TRXUSD,1780945200000,-5.8923175e-05
TRXUSD,1780948800000,-6.44731375e-05
TRXUSD,1780952400000,-2.1027145833333e-05
TRXUSD,1780956000000,-2.0560333333333e-05
TRXUSD,1780959600000,-4.4068125e-05
TRXUSD,1780963200000,-3.7940895833333e-05
TRXUSD,1780966800000,-5.2659170833333e-05
TRXUSD,1780970400000,-6.0136029166667e-05
TRXUSD,1780974000000,-7.6503908333333e-05
TRXUSD,1780977600000,-4.12667125e-05
TRXUSD,1780981200000,-5.0283091666667e-05
TRXUSD,1780984800000,-5.8851616666667e-05
TRXUSD,1780988400000,-6.5030316666667e-05
TRXUSD,1780992000000,-0.000115113970833333
TRXUSD,1780995600000,-0.000106189645833333
TRXUSD,1780999200000,-0.000114286
TRXUSD,1781002800000,-8.2347625e-05
TRXUSD,1781006400000,-6.6708366666667e-05
TRXUSD,1781010000000,-3.706965e-05
TRXUSD,1781013600000,-5.00125625e-05
TRXUSD,1781017200000,-5.43515875e-05
TRXUSD,1781020800000,-6.6682525e-05
TRXUSD,1781024400000,-6.3742470833333e-05
TRXUSD,1781028000000,-2.261245e-05
TRXUSD,1781031600000,-2.9906358333333e-05
TRXUSD,1781035200000,-4.5013166666667e-05
TRXUSD,1781038800000,-2.2442345833333e-05
TRXUSD,1781042400000,-5.2814975e-05
TRXUSD,1781046000000,-6.8694870833333e-05
TRXUSD,1781049600000,-5.6949783333333e-05
TRXUSD,1781053200000,-6.1178425e-05
TRXUSD,1781056800000,-6.0384045833333e-05
TRXUSD,1781060400000,-8.1219941666667e-05
TRXUSD,1781064000000,-5.8353616666667e-05
TRXUSD,1781067600000,-6.7654520833333e-05
TRXUSD,1781071200000,-3.6108e-05
TRXUSD,1781074800000,-3.1078608333333e-05
TRXUSD,1781078400000,-1.60395875e-05
TRXUSD,1781082000000,-3.80794e-05
TRXUSD,1781085600000,-2.8048466666667e-05
TRXUSD,1781089200000,-2.4994895833333e-05
TRXUSD,1781092800000,-2.07669875e-05
TRXUSD,1781096400000,-2.4032670833333e-05
TRXUSD,1781100000000,-2.4344538793103e-05
TRXUSD,1781103600000,-3.6819241666667e-05
TRXUSD,1781107200000,-2.05085625e-05
TRXUSD,1781110800000,-2.596195833333e-06
TRXUSD,1781114400000,-2.410355e-05
TRXUSD,1781118000000,-4.7600308333333e-05
TRXUSD,1781121600000,-3.73717375e-05
TRXUSD,1781125200000,-4.7401929166667e-05
TRXUSD,1781128800000,-4.2894470833333e-05
TRXUSD,1781132400000,-5.9463475e-05
TRXUSD,1781136000000,-7.85360125e-05
TRXUSD,1781139600000,-4.9589070833333e-05
TRXUSD,1781143200000,-1.92978125e-05
TRXUSD,1781146800000,-2.12917375e-05
TRXUSD,1781150400000,-4.1033333333333e-05
TRXUSD,1781154000000,-3.0790645833333e-05
TRXUSD,1781157600000,-2.7174429166667e-05
TRXUSD,1781161200000,-1.9584741666667e-05
TRXUSD,1781164800000,-9.477783333333e-06
TRXUSD,1781168400000,5.265404166667e-06
TRXUSD,1781172000000,-1.8803075e-05
TRXUSD,1781175600000,-1.6206095833333e-05
TRXUSD,1781179200000,-1.817635e-05
TRXUSD,1781182800000,-2.4012275e-05
TRXUSD,1781186400000,-2.1904295833333e-05
TRXUSD,1781190000000,-2.9242933333333e-05
TRXUSD,1781193600000,-4.9475045833333e-05
TRXUSD,1781197200000,-0.000151210045833333
TRXUSD,1781200800000,-0.000218299554166667
TRXUSD,1781204400000,-0.000277700245833333
TRXUSD,1781208000000,-0.000259099579166667
TRXUSD,1781211600000,-0.00029538415
TRXUSD,1781215200000,-0.000273420058333333
TRXUSD,1781218800000,-0.000212024020833333
TRXUSD,1781222400000,-8.5497904166667e-05
TRXUSD,1781226000000,-6.6422504166667e-05
TRXUSD,1781229600000,-0.000109204241666667
TRXUSD,1781233200000,-9.5217491666667e-05
TRXUSD,1781236800000,-0.0001008985875
TRXUSD,1781240400000,-0.000103175620833333
TRXUSD,1781244000000,-0.00015564525
TRXUSD,1781247600000,-0.000127204629166667
TRXUSD,1781251200000,-0.000118522945833333
TRXUSD,1781254800000,-9.13811625e-05
TRXUSD,1781258400000,-0.0001292647875
TRXUSD,1781262000000,-0.000135972383333333
TRXUSD,1781265600000,-0.000114265354166667
TRXUSD,1781269200000,-0.000129356466666667
TRXUSD,1781272800000,-0.0001001526375
TRXUSD,1781276400000,-6.3056629166667e-05
TRXUSD,1781280000000,-5.98004125e-05
TRXUSD,1781283600000,-0.000116920479166667
TRXUSD,1781287200000,-0.000113741979166667
TRXUSD,1781290800000,-7.0475458333333e-05
TRXUSD,1781294400000,-7.09445375e-05
TRXUSD,1781298000000,-7.6865116666667e-05
TRXUSD,1781301600000,-8.11035875e-05
TRXUSD,1781305200000,-4.97418125e-05
TRXUSD,1781308800000,-5.5237320833333e-05
TRXUSD,1781312400000,-5.1541645833333e-05
TRXUSD,1781316000000,-5.6127708333333e-05
TRXUSD,1781319600000,-7.5159608333333e-05
TRXUSD,1781323200000,-4.7438945833333e-05
TRXUSD,1781326800000,-7.305354166667e-06
TRXUSD,1781330400000,-3.7096629166667e-05
TRXUSD,1781334000000,-3.0793633333333e-05
TRXUSD,1781337600000,-4.0366016666667e-05
TRXUSD,1781341200000,-1.6419895833333e-05
TRXUSD,1781344800000,-7.203441666667e-06
TRXUSD,1781348400000,-3.5594520833333e-05
TRXUSD,1781352000000,-1.9716041666667e-05
TRXUSD,1781355600000,-4.580354166667e-06
TRXUSD,1781359200000,-5.970833333e-09
TRXUSD,1781362800000,-1.1856279166667e-05
TRXUSD,1781366400000,-2.2522058333333e-05
TRXUSD,1781370000000,-6.7045041666667e-05
TRXUSD,1781373600000,-5.2882445833333e-05
TRXUSD,1781377200000,-3.3194695833333e-05
TRXUSD,1781380800000,-1.7390433333333e-05
TRXUSD,1781384400000,-4.052485e-05
TRXUSD,1781388000000,-6.2670920833333e-05
TRXUSD,1781391600000,-6.7420104166667e-05
TRXUSD,1781395200000,-6.9749279166667e-05
TRXUSD,1781398800000,-6.220095e-05
TRXUSD,1781402400000,-7.99336875e-05
TRXUSD,1781406000000,-9.40636625e-05
TRXUSD,1781409600000,-9.8587120833333e-05
TRXUSD,1781413200000,-7.9662091666667e-05
TRXUSD,1781416800000,-8.5785520833333e-05
TRXUSD,1781420400000,-0.000109806433333333
TRXUSD,1781424000000,-6.4892004166667e-05
TRXUSD,1781427600000,-4.8333295833333e-05
TRXUSD,1781431200000,-2.6772708333333e-05
TRXUSD,1781434800000,-1.2966529166667e-05
TRXUSD,1781438400000,-1.60561375e-05
TRXUSD,1781442000000,-9.644145833333e-06
TRXUSD,1781445600000,-5.5091445833333e-05
TRXUSD,1781449200000,-4.4847470833333e-05
TRXUSD,1781452800000,-1.29075875e-05
TRXUSD,1781456400000,-2.11641875e-05
TRXUSD,1781460000000,-1.8677245833333e-05
TRXUSD,1781463600000,-1.7006979166667e-05
TRXUSD,1781467200000,-2.55868125e-05
TRXUSD,1781470800000,-3.7255470833333e-05
TRXUSD,1781474400000,-5.78955875e-05
TRXUSD,1781478000000,8.58191666667e-07
TRXUSD,1781481600000,1.276533333333e-06
TRXUSD,1781485200000,-9.910075e-06
TRXUSD,1781488800000,-7.945679166667e-06
TRXUSD,1781492400000,-1.8931608333333e-05
TRXUSD,1781496000000,-4.739283333333e-06
TRXUSD,1781499600000,-1.7672183333333e-05
TRXUSD,1781503200000,-2.67161375e-05
TRXUSD,1781506800000,-2.18927e-05
TRXUSD,1781510400000,-2.4097504166667e-05
TRXUSD,1781514000000,-1.4454066666667e-05
TRXUSD,1781517600000,-1.52434375e-05
TRXUSD,1781521200000,-4.939579166667e-06
TRXUSD,1781524800000,-6.23941666667e-07
TRXUSD,1781528400000,1.3768125e-06
TRXUSD,1781532000000,5.257766666667e-06
TRXUSD,1781535600000,-1.4438975e-05
TRXUSD,1781539200000,-2.2338229166667e-05
TRXUSD,1781542800000,-6.14408625e-05
TRXUSD,1781546400000,-1.4609170833333e-05
TRXUSD,1781550000000,-1.2847333333333e-05
TRXUSD,1781553600000,4.345845833333e-06
TRXUSD,1781557200000,1.393525e-06
TRXUSD,1781560800000,-6.280429166667e-06
TRXUSD,1781564400000,-2.72792625e-05
TRXUSD,1781568000000,-4.333515e-05
TRXUSD,1781571600000,-2.7901204166667e-05
TRXUSD,1781575200000,-1.6133970833333e-05
TRXUSD,1781578800000,-4.7426920833333e-05
TRXUSD,1781582400000,-5.9704133333333e-05
TRXUSD,1781586000000,-5.6836916666667e-05
TRXUSD,1781589600000,-3.0716725e-05
TRXUSD,1781593200000,-3.4344266666667e-05
TRXUSD,1781596800000,-5.4237729166667e-05
TRXUSD,1781600400000,-5.7822808333333e-05
TRXUSD,1781604000000,-5.1118575e-05
TRXUSD,1781607600000,-6.7664058333333e-05
TRXUSD,1781611200000,-9.9454870833333e-05
TRXUSD,1781614800000,-4.3842066666667e-05
TRXUSD,1781618400000,-8.6820491666667e-05
TRXUSD,1781622000000,-0.000101700041666667
TRXUSD,1781625600000,-4.4033533333333e-05
TRXUSD,1781629200000,-4.5834945833333e-05
TRXUSD,1781632800000,-4.1233925e-05
TRXUSD,1781636400000,-8.9636645833333e-05
TRXUSD,1781640000000,-0.000110627804166667
TRXUSD,1781643600000,-0.0001353594375
TRXUSD,1781647200000,-0.000152889304166667
TRXUSD,1781650800000,-0.000140021525
TRXUSD,1781654400000,-5.96346125e-05
TRXUSD,1781658000000,-6.2621520833333e-05
TRXUSD,1781661600000,-5.910495e-05
TRXUSD,1781665200000,-3.05136125e-05
TRXUSD,1781668800000,-5.6766425e-05
TRXUSD,1781672400000,-7.33756625e-05
TRXUSD,1781676000000,-6.83650125e-05
TRXUSD,1781679600000,-1.3420695833333e-05
TRXUSD,1781683200000,-6.740995833333e-06
TRXUSD,1781686800000,-1.663905e-05
TRXUSD,1781690400000,3.26975e-07
TRXUSD,1781694000000,-4.5741658333333e-05
TRXUSD,1781697600000,-2.8666625e-06
TRXUSD,1781701200000,-3.290645833333e-06
TRXUSD,1781704800000,1.144629166667e-06
TRXUSD,1781708400000,3.076954166667e-06
TRXUSD,1781712000000,8.127504166667e-06
TRXUSD,1781715600000,-2.34945875e-05
TRXUSD,1781719200000,-1.0550391666667e-05
TRXUSD,1781722800000,-4.3297875e-05
TRXUSD,1781726400000,-7.0350729166667e-05
TRXUSD,1781730000000,-2.8044591666667e-05
TRXUSD,1781733600000,-3.2206979166667e-05
TRXUSD,1781737200000,-1.8479266666667e-05
TRXUSD,1781740800000,-6.117670833333e-06
TRXUSD,1781744400000,-2.7630345833333e-05
TRXUSD,1781748000000,-2.5996220833333e-05
TRXUSD,1781751600000,-1.6987541666667e-05
TRXUSD,1781755200000,-4.5750504166667e-05
TRXUSD,1781758800000,-6.4289133333333e-05
TRXUSD,1781762400000,-6.0496833333333e-05
TRXUSD,1781766000000,-2.68748e-05
TRXUSD,1781769600000,-1.2955512931034e-05
TRXUSD,1781773200000,-1.6998375e-05
TRXUSD,1781776800000,-3.9588045833333e-05
TRXUSD,1781780400000,-4.71366125e-05
TRXUSD,1781784000000,-3.2185870833333e-05
TRXUSD,1781787600000,-1.68049625e-05
TRXUSD,1781791200000,-4.1108120833333e-05
TRXUSD,1781794800000,-4.3215629166667e-05
TRXUSD,1781798400000,-0.000149088379166667
TRXUSD,1781802000000,-0.0001081539375
TRXUSD,1781805600000,-7.5649054166667e-05
TRXUSD,1781809200000,-3.7254970833333e-05
TRXUSD,1781812800000,-3.00452375e-05
TRXUSD,1781816400000,-1.4016695833333e-05
TRXUSD,1781820000000,-2.6699216666667e-05
TRXUSD,1781823600000,-1.7219320833333e-05
TRXUSD,1781827200000,-2.59550125e-05
TRXUSD,1781830800000,-1.8368479166667e-05
TRXUSD,1781834400000,-9.71625e-08
TRXUSD,1781838000000,-6.683329166667e-06
TRXUSD,1781841600000,-2.110595833333e-06
TRXUSD,1781845200000,-2.37103e-05
TRXUSD,1781848800000,-2.7402354166667e-05
TRXUSD,1781852400000,-2.87541e-05
TRXUSD,1781856000000,-3.5431529166667e-05
TRXUSD,1781859600000,-1.9965295833333e-05
TRXUSD,1781863200000,-1.6989058333333e-05
TRXUSD,1781866800000,-2.1087458333333e-05
TRXUSD,1781870400000,-1.4632841666667e-05
TRXUSD,1781874000000,-1.0589541666667e-05
TRXUSD,1781877600000,-2.0709270833333e-05
TRXUSD,1781881200000,-2.4435529166667e-05
TRXUSD,1781884800000,-1.4315375e-05
TRXUSD,1781888400000,-2.4683e-06
TRXUSD,1781892000000,1.1387375e-06
TRXUSD,1781895600000,-3.5277875e-05
TRXUSD,1781899200000,1.394295833333e-06
TRXUSD,1781902800000,-2.0969729166667e-05
TRXUSD,1781906400000,-7.320416666667e-06
TRXUSD,1781910000000,8.6503e-06
TRXUSD,1781913600000,-2.2992879166667e-05
TRXUSD,1781917200000,-2.2924166666667e-05
TRXUSD,1781920800000,-3.902595e-05
TRXUSD,1781924400000,-1.4554541666667e-05
TRXUSD,1781928000000,-1.402745e-05
TRXUSD,1781931600000,-3.5378283333333e-05
TRXUSD,1781935200000,-5.0645670833333e-05
TRXUSD,1781938800000,-2.4526779166667e-05
TRXUSD,1781942400000,-2.1388345833333e-05
TRXUSD,1781946000000,-6.991833333333e-06
TRXUSD,1781949600000,2.292808333333e-06
TRXUSD,1781953200000,1.384183333333e-06
TRXUSD,1781956800000,2.3778966666667e-05
TRXUSD,1781960400000,1.0481216666667e-05
TRXUSD,1781964000000,7.458683333333e-06
TRXUSD,1781967600000,-8.94116666667e-07
TRXUSD,1781971200000,8.8114125e-06
TRXUSD,1781974800000,3.166725e-06
TRXUSD,1781978400000,-5.154070833333e-06
TRXUSD,1781982000000,1.0720770833333e-05
TRXUSD,1781985600000,1.0401070833333e-05
TRXUSD,1781989200000,6.256858333333e-06
TRXUSD,1781992800000,-2.420808333333e-06
TRXUSD,1781996400000,2.3082216666667e-05
TRXUSD,1782000000000,6.562316666667e-06
TRXUSD,1782003600000,2.789008333333e-06
TRXUSD,1782007200000,2.725675e-06
TRXUSD,1782010800000,6.094495833333e-06
TRXUSD,1782014400000,-1.3801608333333e-05
TRXUSD,1782018000000,-8.8713625e-06
TRXUSD,1782021600000,-1.962683333333e-06
TRXUSD,1782025200000,-1.1762704166667e-05
TRXUSD,1782028800000,1.1572691666667e-05
TRXUSD,1782032400000,-2.49154166667e-07
TRXUSD,1782036000000,2.147829166667e-06
TRXUSD,1782039600000,-1.87568375e-05
TRXUSD,1782043200000,-1.06254375e-05
TRXUSD,1782046800000,-6.909820833333e-06
TRXUSD,1782050400000,1.08485e-06
TRXUSD,1782054000000,-1.3684141666667e-05
TRXUSD,1782057600000,-1.7025183333333e-05
TRXUSD,1782061200000,-6.437345833333e-06
TRXUSD,1782064800000,-1.0778170833333e-05
TRXUSD,1782068400000,1.5332895833333e-05
TRXUSD,1782072000000,1.4945225e-05
TRXUSD,1782075600000,1.85715e-06
TRXUSD,1782079200000,-7.8480125e-06
TRXUSD,1782082800000,1.8252375e-06
TRXUSD,1782086400000,-1.4854104166667e-05
TRXUSD,1782090000000,-3.37675e-07
TRXUSD,1782093600000,-8.231529166667e-06
TRXUSD,1782097200000,-9.168266666667e-06
TRXUSD,1782100800000,-1.8335133333333e-05
TRXUSD,1782104400000,-7.841891666667e-06
TRXUSD,1782108000000,4.706625e-06
TRXUSD,1782111600000,-1.787329166667e-06
TRXUSD,1782115200000,-3.02508333333e-07
TRXUSD,1782118800000,1.3982333333333e-05
TRXUSD,1782122400000,3.9597758333333e-05
TRXUSD,1782126000000,9.885165178571e-06
TRXUSD,1782129600000,-4.28058333333e-07
TRXUSD,1782133200000,1.0635825e-05
TRXUSD,1782136800000,-1.5316183333333e-05
TRXUSD,1782140400000,8.012495833333e-06
TRXUSD,1782144000000,-1.5845008333333e-05
TRXUSD,1782147600000,2.629320833333e-06
TRXUSD,1782151200000,-2.4467279166667e-05
TRXUSD,1782154800000,-3.361729166667e-06
TRXUSD,1782158400000,4.973075e-06
TRXUSD,1782162000000,-1.115279166667e-06
TRXUSD,1782165600000,-6.839391666667e-06
TRXUSD,1782169200000,1.84e-08
TRXUSD,1782172800000,-7.193375e-07
TRXUSD,1782176400000,-7.009758333333e-06
TRXUSD,1782180000000,-7.844745833333e-06
TRXUSD,1782183600000,3.59535e-06
TRXUSD,1782187200000,-1.842365e-05
TRXUSD,1782190800000,-1.8637208333333e-05
TRXUSD,1782194400000,-1.9077879166667e-05
TRXUSD,1782198000000,-1.3917775e-05
TRXUSD,1782201600000,-2.0243808333333e-05
TRXUSD,1782205200000,-5.0204904166667e-05
TRXUSD,1782208800000,-8.0481754166667e-05
TRXUSD,1782212400000,-7.5312779166667e-05
TRXUSD,1782216000000,-2.52195375e-05
TRXUSD,1782219600000,-3.2637204166667e-05
TRXUSD,1782223200000,-2.510305e-05
TRXUSD,1782226800000,-2.0471092741935e-05
TRXUSD,1782230400000,-3.2469524193548e-05
TRXUSD,1782234000000,-1.5866925e-05
TRXUSD,1782237600000,-2.4016025e-05
TRXUSD,1782241200000,-5.1916041666667e-05
TRXUSD,1782244800000,-5.5359145833333e-05
TRXUSD,1782248400000,-3.4259429166667e-05
TRXUSD,1782252000000,-2.9092683333333e-05
TRXUSD,1782255600000,-3.29652375e-05
TRXUSD,1782259200000,-3.4019445833333e-05
TRXUSD,1782262800000,-3.1446979166667e-05
TRXUSD,1782266400000,-3.5996979166667e-05
TRXUSD,1782270000000,-4.4461783333333e-05
TRXUSD,1782273600000,-6.663033333333e-06
TRXUSD,1782277200000,-3.826025e-06
TRXUSD,1782280800000,-1.1568304166667e-05
TRXUSD,1782284400000,-5.2105770833333e-05
TRXUSD,1782288000000,-2.1612445833333e-05
TRXUSD,1782291600000,-9.0689125e-06
TRXUSD,1782295200000,1.05817875e-05
TRXUSD,1782298800000,7.261241666667e-06
TRXUSD,1782302400000,-1.8390354166667e-05
TRXUSD,1782306000000,-5.269004166667e-06
TRXUSD,1782309600000,-4.0277241666667e-05
TRXUSD,1782313200000,-4.04017875e-05
TRXUSD,1782316800000,-5.6355466666667e-05
TRXUSD,1782320400000,-6.24327125e-05
TRXUSD,1782324000000,-5.61647e-05
TRXUSD,1782327600000,-8.456520833333e-06
TRXUSD,1782331200000,-3.386720833333e-06
TRXUSD,1782334800000,3.0583420833333e-05
TRXUSD,1782338400000,4.080970833333e-06
TRXUSD,1782342000000,1.11829375e-05
TRXUSD,1782345600000,-6.143858333333e-06
TRXUSD,1782349200000,9.867316666667e-06
TRXUSD,1782352800000,-2.057208333333e-06
TRXUSD,1782356400000,6.432708333333e-06
TRXUSD,1782360000000,-4.064025e-06
TRXUSD,1782363600000,-1.0830216666667e-05
TRXUSD,1782367200000,2.6522745833333e-05
TRXUSD,1782370800000,-7.669270833333e-06
TRXUSD,1782374400000,-5.20195833333e-07
TRXUSD,1782378000000,-1.1251029166667e-05
TRXUSD,1782381600000,-7.978916666667e-06
TRXUSD,1782385200000,-1.149935e-05
TRXUSD,1782388800000,-1.9760416666667e-05
TRXUSD,1782392400000,-9.302454166667e-06
TRXUSD,1782396000000,-2.1543366666667e-05
TRXUSD,1782399600000,-3.1607441666667e-05
TRXUSD,1782403200000,-2.714895e-05
TRXUSD,1782406800000,-2.3705442708333e-05
TRXUSD,1782410400000,-5.298608333333e-06
TRXUSD,1782414000000,-2.625170833333e-06
TRXUSD,1782417600000,-1.42409625e-05
TRXUSD,1782421200000,-1.1453541666667e-05
TRXUSD,1782424800000,-9.366975e-06
TRXUSD,1782428400000,-1.35795625e-05
TRXUSD,1782432000000,-1.0344425e-05
TRXUSD,1782435600000,-3.889329166667e-06
TRXUSD,1782439200000,-1.5748383333333e-05
TRXUSD,1782442800000,-4.39774125e-05
TRXUSD,1782446400000,-4.1133145833333e-05
TRXUSD,1782450000000,-1.218045e-05
TRXUSD,1782453600000,-1.7087608333333e-05
TRXUSD,1782457200000,-1.0167225e-05
TRXUSD,1782460800000,-2.278544642857e-06
TRXUSD,1782464400000,-2.13083125e-05
TRXUSD,1782468000000,-2.3574883333333e-05
TRXUSD,1782471600000,-2.9359525e-05
TRXUSD,1782475200000,-2.8807175e-05
TRXUSD,1782478800000,-3.7010779166667e-05
TRXUSD,1782482400000,-8.08080375e-05
TRXUSD,1782486000000,-5.21678625e-05
TRXUSD,1782489600000,-5.82314375e-05
TRXUSD,1782493200000,-5.3959529166667e-05
TRXUSD,1782496800000,-1.11433625e-05
TRXUSD,1782500400000,-3.0149066666667e-05
TRXUSD,1782504000000,-3.2329283333333e-05
TRXUSD,1782507600000,-3.5725170833333e-05
TRXUSD,1782511200000,-1.7785533333333e-05
TRXUSD,1782514800000,-2.11634625e-05
TRXUSD,1782518400000,-2.0219779166667e-05
TRXUSD,1782522000000,-3.4883183333333e-05
TRXUSD,1782525600000,-2.1319283333333e-05
TRXUSD,1782529200000,8.4763125e-06
TRXUSD,1782532800000,-2.20428625e-05
TRXUSD,1782536400000,-2.0936875e-06
TRXUSD,1782540000000,-4.154566666667e-06
TRXUSD,1782543600000,-9.5991875e-06
TRXUSD,1782547200000,7.5814e-06
TRXUSD,1782550800000,-7.024820833333e-06
TRXUSD,1782554400000,-7.400341666667e-06
TRXUSD,1782558000000,2.97220833333e-07
TRXUSD,1782561600000,1.3025e-08
TRXUSD,1782565200000,-6.571004166667e-06
TRXUSD,1782568800000,-1.541045833333e-06
TRXUSD,1782572400000,-1.7224e-05
TRXUSD,1782576000000,-1.4196425e-05
TRXUSD,1782579600000,-2.515566666667e-06
TRXUSD,1782583200000,-9.002316666667e-06
TRXUSD,1782586800000,-1.3710879166667e-05
TRXUSD,1782590400000,-1.6309333333333e-05
TRXUSD,1782594000000,-1.2996204166667e-05
TRXUSD,1782597600000,6.95033333333e-07
TRXUSD,1782601200000,-1.8663816666667e-05
TRXUSD,1782604800000,-1.02323375e-05
TRXUSD,1782608400000,1.5106e-05
TRXUSD,1782612000000,2.363754166667e-06
TRXUSD,1782615600000,7.18533333333e-07
TRXUSD,1782619200000,-3.047375e-06
TRXUSD,1782622800000,9.182045833333e-06
TRXUSD,1782626400000,-7.054858333333e-06
TRXUSD,1782630000000,-1.05722e-05
TRXUSD,1782633600000,-3.165491666667e-06
TRXUSD,1782637200000,-6.238070833333e-06
TRXUSD,1782640800000,1.41265125e-05
TRXUSD,1782644400000,8.867275e-06
TRXUSD,1782648000000,5.136229166667e-06
TRXUSD,1782651600000,6.453370833333e-06
TRXUSD,1782655200000,1.364316666667e-06
TRXUSD,1782658800000,5.79670833333e-07
TRXUSD,1782662400000,-2.741083333333e-06
TRXUSD,1782666000000,8.188116666667e-06
TRXUSD,1782669600000,-5.485566666667e-06
TRXUSD,1782673200000,-1.6283716666667e-05
TRXUSD,1782676800000,-1.2103408333333e-05
TRXUSD,1782680400000,-1.49894875e-05
TRXUSD,1782684000000,-1.2406733333333e-05
TRXUSD,1782687600000,-2.36061625e-05
TRXUSD,1782691200000,-1.24622875e-05
TRXUSD,1782694800000,-1.9327304166667e-05
TRXUSD,1782698400000,-1.0821625e-05
TRXUSD,1782702000000,-1.42701e-05
TRXUSD,1782705600000,-1.3567454166667e-05
TRXUSD,1782709200000,-8.311916666667e-06
TRXUSD,1782712800000,-1.908325e-06
TRXUSD,1782716400000,7.932841666667e-06
TRXUSD,1782720000000,-5.7262375e-06
TRXUSD,1782723600000,4.588329166667e-06
TRXUSD,1782727200000,-1.0666370833333e-05
TRXUSD,1782730800000,-7.81765e-06
TRXUSD,1782734400000,-3.2549904166667e-05
TRXUSD,1782738000000,-3.024335e-05
TRXUSD,1782741600000,-1.56092875e-05
TRXUSD,1782745200000,-2.5765058333333e-05
TRXUSD,1782748800000,-9.534145833333e-06
TRXUSD,1782752400000,-2.1931720833333e-05
TRXUSD,1782756000000,-1.3869183333333e-05
TRXUSD,1782759600000,-1.5601129166667e-05
TRXUSD,1782763200000,-7.977970833333e-06
TRXUSD,1782766800000,5.1093375e-06
TRXUSD,1782770400000,-1.3889175e-05
TRXUSD,1782774000000,-4.4335125e-06
TRXUSD,1782777600000,-1.67343375e-05
TRXUSD,1782781200000,-4.3396833333333e-05
TRXUSD,1782784800000,-4.86921125e-05
TRXUSD,1782788400000,-2.77318625e-05
TRXUSD,1782792000000,-2.4223454166667e-05
TRXUSD,1782795600000,-2.4690870833333e-05
TRXUSD,1782799200000,-3.0851645833333e-05
TRXUSD,1782802800000,-6.6363954166667e-05
TRXUSD,1782806400000,-6.1369070833333e-05
TRXUSD,1782810000000,-4.2605408333333e-05
TRXUSD,1782813600000,-9.2578e-05
TRXUSD,1782817200000,-9.4595370833333e-05
TRXUSD,1782820800000,-6.1558254166667e-05
TRXUSD,1782824400000,-8.3234870833333e-05
TRXUSD,1782828000000,-4.4832970833333e-05
TRXUSD,1782831600000,-5.1242041666667e-05
TRXUSD,1782835200000,-7.1997558333333e-05
TRXUSD,1782838800000,-0.0001152163875
TRXUSD,1782842400000,-9.0191233333333e-05
TRXUSD,1782846000000,-9.71648125e-05
TRXUSD,1782849600000,-7.54701375e-05
TRXUSD,1782853200000,-7.3813091666667e-05
TRXUSD,1782856800000,-8.39761375e-05
TRXUSD,1782860400000,-7.1313033333333e-05
TRXUSD,1782864000000,-6.1542075e-05
TRXUSD,1782867600000,-9.3824504166667e-05
TRXUSD,1782871200000,-5.5468525e-05
TRXUSD,1782874800000,-3.2566716666667e-05
TRXUSD,1782878400000,-3.71259875e-05
TRXUSD,1782882000000,-3.7610679166667e-05
TRXUSD,1782885600000,-3.5623708333333e-05
TRXUSD,1782889200000,-3.8470695833333e-05
TRXUSD,1782892800000,-4.5080104166667e-05
TRXUSD,1782896400000,-4.4614108333333e-05
TRXUSD,1782900000000,-2.6774516666667e-05
TRXUSD,1782903600000,-2.1671283333333e-05
TRXUSD,1782907200000,5.785808333333e-06
TRXUSD,1782910800000,-5.27071875e-05
TRXUSD,1782914400000,-8.680845833333e-06
TRXUSD,1782918000000,-1.307795e-05
TRXUSD,1782921600000,-1.893355e-05
TRXUSD,1782925200000,-2.23359e-05
TRXUSD,1782928800000,-2.0341204166667e-05
TRXUSD,1782932400000,-2.4074795833333e-05
TRXUSD,1782936000000,-2.9772120833333e-05
TRXUSD,1782939600000,-3.2505629166667e-05
TRXUSD,1782943200000,-2.497075e-06
TRXUSD,1782946800000,-3.0408354166667e-05
TRXUSD,1782950400000,-5.3929566666667e-05
TRXUSD,1782954000000,-4.4693470833333e-05
TRXUSD,1782957600000,-1.7167204166667e-05
TRXUSD,1782961200000,-8.900270833333e-06
TRXUSD,1782964800000,-3.5892941666667e-05
TRXUSD,1782968400000,-2.951675e-05
TRXUSD,1782972000000,-5.393425e-05
TRXUSD,1782975600000,-5.62117125e-05
TRXUSD,1782979200000,-7.3633331896552e-05
TRXUSD,1782982800000,1.024085e-05
TRXUSD,1782986400000,-2.07095625e-05
TRXUSD,1782990000000,-4.36079375e-05
TRXUSD,1782993600000,-2.5756383333333e-05
TRXUSD,1782997200000,-2.392675e-06
TRXUSD,1783000800000,-1.84172875e-05
TRXUSD,1783004400000,-4.12833375e-05
TRXUSD,1783008000000,-3.66546875e-05
TRXUSD,1783011600000,-6.5525175e-05
TRXUSD,1783015200000,-6.6039954166667e-05
TRXUSD,1783018800000,-5.8240366666667e-05
TRXUSD,1783022400000,-8.8584545833333e-05
TRXUSD,1783026000000,-7.1231091666667e-05
TRXUSD,1783029600000,-7.1378795833333e-05
TRXUSD,1783033200000,-7.6429375e-05
TRXUSD,1783036800000,-7.1928408333333e-05
TRXUSD,1783040400000,-6.02151875e-05
TRXUSD,1783044000000,-5.0613966666667e-05
TRXUSD,1783047600000,-9.3801983333333e-05
TRXUSD,1783051200000,-7.542065e-05
TRXUSD,1783054800000,-7.7186291666667e-05
TRXUSD,1783058400000,-9.3356616666667e-05
TRXUSD,1783062000000,-2.8001866666667e-05
TRXUSD,1783065600000,-3.9463754166667e-05
TRXUSD,1783069200000,-2.0683179166667e-05
TRXUSD,1783072800000,-9.948825e-06
TRXUSD,1783076400000,-1.6682008333333e-05
TRXUSD,1783080000000,-9.440891666667e-06
TRXUSD,1783083600000,3.184875e-07
TRXUSD,1783087200000,1.442679166667e-06
TRXUSD,1783090800000,8.517620833333e-06
TRXUSD,1783094400000,-1.7409716666667e-05
TRXUSD,1783098000000,-3.8152925e-05
TRXUSD,1783101600000,-2.7680325e-05
TRXUSD,1783105200000,-1.27315875e-05
TRXUSD,1783108800000,8.099945833333e-06
TRXUSD,1783112400000,1.58981625e-05
TRXUSD,1783116000000,-2.429216666667e-06
TRXUSD,1783119600000,9.5934625e-06
TRXUSD,1783123200000,-1.528670833333e-06
TRXUSD,1783126800000,1.2033804166667e-05
TRXUSD,1783130400000,-1.7456029166667e-05
TRXUSD,1783134000000,5.649729166667e-06
TRXUSD,1783137600000,-1.0875379166667e-05
TRXUSD,1783141200000,-2.4400375e-06
TRXUSD,1783144800000,-1.54982625e-05
TRXUSD,1783148400000,-2.1494625e-05
TRXUSD,1783152000000,1.1541166666667e-05
TRXUSD,1783155600000,7.27016666667e-07
TRXUSD,1783159200000,1.016854166667e-06
TRXUSD,1783162800000,4.264433333333e-06
TRXUSD,1783166400000,-7.395754166667e-06
TRXUSD,1783170000000,7.528270833333e-06
TRXUSD,1783173600000,-8.272454166667e-06
TRXUSD,1783177200000,-6.4860625e-06
TRXUSD,1783180800000,-4.42391666667e-07
TRXUSD,1783184400000,1.4785091666667e-05
TRXUSD,1783188000000,7.891275e-06
TRXUSD,1783191600000,1.0213866666667e-05
TRXUSD,1783195200000,4.543758333333e-06
TRXUSD,1783198800000,1.194758333333e-06
TRXUSD,1783202400000,-8.2254125e-06
TRXUSD,1783206000000,-1.3147775e-05
TRXUSD,1783209600000,-1.7318279166667e-05
TRXUSD,1783213200000,-1.0882116666667e-05
TRXUSD,1783216800000,-2.2365166666667e-05
TRXUSD,1783220400000,-2.1212416666667e-05
TRXUSD,1783224000000,-2.3695829166667e-05
TRXUSD,1783227600000,-9.866779166667e-06
TRXUSD,1783231200000,6.9646125e-06
TRXUSD,1783234800000,1.8228375e-06
TRXUSD,1783238400000,8.515620833333e-06
TRXUSD,1783242000000,9.652216666667e-06
TRXUSD,1783245600000,6.840191666667e-06
TRXUSD,1783249200000,2.3636691666667e-05
TRXUSD,1783252800000,2.4912875e-05
TRXUSD,1783256400000,1.93917375e-05
TRXUSD,1783260000000,-3.864975e-06
TRXUSD,1783263600000,1.3199525e-05
TRXUSD,1783267200000,3.93325e-06
TRXUSD,1783270800000,8.847333333333e-06
TRXUSD,1783274400000,1.4694083333333e-05
TRXUSD,1783278000000,1.8139783333333e-05
TRXUSD,1783281600000,1.9764904166667e-05
TRXUSD,1783285200000,1.2091395833333e-05
TRXUSD,1783288800000,1.8508591666667e-05
TRXUSD,1783292400000,1.4028883333333e-05
TRXUSD,1783296000000,1.97483125e-05
TRXUSD,1783299600000,1.2576066666667e-05
TRXUSD,1783303200000,5.535558333333e-06
TRXUSD,1783306800000,1.946358333333e-06
TRXUSD,1783310400000,-1.5809975e-05
TRXUSD,1783314000000,-1.1800816666667e-05
TRXUSD,1783317600000,-6.910170833333e-06
TRXUSD,1783321200000,-1.2096270833333e-05
TRXUSD,1783324800000,-2.0448420833333e-05
TRXUSD,1783328400000,-3.88354e-05
TRXUSD,1783332000000,-4.7102175e-05
TRXUSD,1783335600000,-1.5027595833333e-05
TRXUSD,1783339200000,-1.9158420833333e-05
TRXUSD,1783342800000,-1.85177625e-05
TRXUSD,1783346400000,-9.734495833333e-06
TRXUSD,1783350000000,-1.7412666666667e-05
TRXUSD,1783353600000,-1.617985e-05
TRXUSD,1783357200000,1.285545833333e-06
TRXUSD,1783360800000,5.1762125e-06
TRXUSD,1783364400000,7.496270833333e-06
TRXUSD,1783368000000,-9.286841666667e-06
TRXUSD,1783371600000,-1.11477375e-05
TRXUSD,1783375200000,1.827641666667e-06
TRXUSD,1783378800000,-1.8659045833333e-05
TRXUSD,1783382400000,-4.909004166667e-06
TRXUSD,1783386000000,3.539241666667e-06
TRXUSD,1783389600000,-1.8308029166667e-05
TRXUSD,1783393200000,-5.38745e-06
TRXUSD,1783396800000,6.1238125e-06
TRXUSD,1783400400000,-4.049604166667e-06
TRXUSD,1783404000000,-6.7154375e-06
TRXUSD,1783407600000,-1.8122695833333e-05
TRXUSD,1783411200000,-1.9045808333333e-05
TRXUSD,1783414800000,-1.7512641666667e-05
TRXUSD,1783418400000,9.776608333333e-06
TRXUSD,1783422000000,6.9810125e-06
TRXUSD,1783425600000,-4.486854166667e-06
TRXUSD,1783429200000,-1.28592875e-05
TRXUSD,1783432800000,-9.835483333333e-06
TRXUSD,1783436400000,2.9451125e-06
TRXUSD,1783440000000,-6.099870833333e-06
TRXUSD,1783443600000,1.414845833333e-06
TRXUSD,1783447200000,-8.52329166667e-07
TRXUSD,1783450800000,-2.61021625e-05
TRXUSD,1783454400000,-9.287508333333e-06
TRXUSD,1783458000000,-6.592929166667e-06
TRXUSD,1783461600000,-2.270783333333e-06
TRXUSD,1783465200000,3.207083333333e-06
TRXUSD,1783468800000,7.0175125e-06
TRXUSD,1783472400000,-1.150333333333e-06
TRXUSD,1783476000000,-1.516445e-05
TRXUSD,1783479600000,-4.1342791666667e-05
TRXUSD,1783483200000,-2.4416691666667e-05
TRXUSD,1783486800000,-4.9475483333333e-05
TRXUSD,1783490400000,-3.9990825e-05
TRXUSD,1783494000000,-4.9253016666667e-05
TRXUSD,1783497600000,-3.55613625e-05
TRXUSD,1783501200000,-4.42989875e-05
TRXUSD,1783504800000,-5.6167125e-05
TRXUSD,1783508400000,-5.8478266666667e-05
TRXUSD,1783512000000,-4.8251929166667e-05
TRXUSD,1783515600000,-3.2612879166667e-05
TRXUSD,1783519200000,-2.7312808333333e-05
TRXUSD,1783522800000,2.16675e-07
TRXUSD,1783526400000,-2.11521e-05
TRXUSD,1783530000000,7.636045833333e-06
TRXUSD,1783533600000,1.442395833333e-06
TRXUSD,1783537200000,3.99370833333e-07
TRXUSD,1783540800000,-5.0219125e-06
TRXUSD,1783544400000,-1.1902220833333e-05
TRXUSD,1783548000000,4.6454875e-06
TRXUSD,1783551600000,-1.66722e-05
TRXUSD,1783555200000,-3.2089541666667e-05
TRXUSD,1783558800000,-3.36369125e-05
TRXUSD,1783562400000,-4.6700158333333e-05
TRXUSD,1783566000000,-5.3255808333333e-05
TRXUSD,1783569600000,-1.0268266666667e-05
TRXUSD,1783573200000,1.65306875e-05
TRXUSD,1783576800000,9.762208333333e-06
TRXUSD,1783580400000,8.72375e-08
TRXUSD,1783584000000,7.8448375e-06
TRXUSD,1783587600000,-6.49345e-06
TRXUSD,1783591200000,7.7587375e-06
TRXUSD,1783594800000,6.838395833333e-06
TRXUSD,1783598400000,1.397745833333e-06
TRXUSD,1783602000000,-1.0124483333333e-05
TRXUSD,1783605600000,2.1065308333333e-05
TRXUSD,1783609200000,-1.3222620833333e-05
TRXUSD,1783612800000,1.7859429166667e-05
TRXUSD,1783616400000,-1.4945216666667e-05
TRXUSD,1783620000000,6.396516666667e-06
TRXUSD,1783623600000,-9.683616666667e-06
TRXUSD,1783627200000,-5.610025e-06
TRXUSD,1783630800000,6.134745833333e-06
TRXUSD,1783634400000,5.14320833333e-07
TRXUSD,1783638000000,-1.869079166667e-06
TRXUSD,1783641600000,-4.83041666667e-07
TRXUSD,1783645200000,3.722266666667e-06
TRXUSD,1783648800000,-1.7374379166667e-05
TRXUSD,1783652400000,-1.027505e-05
TRXUSD,1783656000000,-2.7567275e-05
TRXUSD,1783659600000,-1.6855533333333e-05
TRXUSD,1783663200000,7.713154166667e-06
TRXUSD,1783666800000,-1.91487e-05
TRXUSD,1783670400000,-5.76755e-06
TRXUSD,1783674000000,4.682345833333e-06
TRXUSD,1783677600000,-1.5678425e-05
TRXUSD,1783681200000,-1.01521375e-05
TRXUSD,1783684800000,-1.5441216666667e-05
TRXUSD,1783688400000,-3.55995833333e-07
TRXUSD,1783692000000,7.693383333333e-06
TRXUSD,1783695600000,-8.259691666667e-06
TRXUSD,1783699200000,-2.4977875e-06
TRXUSD,1783702800000,-3.52883333333e-07
TRXUSD,1783706400000,-1.19417875e-05
TRXUSD,1783710000000,-1.46516875e-05
TRXUSD,1783713600000,6.766670833333e-06
TRXUSD,1783717200000,-9.081575e-06
TRXUSD,1783720800000,6.090266666667e-06
TRXUSD,1783724400000,6.0254375e-06
TRXUSD,1783728000000,-7.14155e-06
TRXUSD,1783731600000,-1.4360708333333e-05
TRXUSD,1783735200000,-1.6539279166667e-05
TRXUSD,1783738800000,-1.6283583333333e-05
TRXUSD,1783742400000,-2.1110233333333e-05
TRXUSD,1783746000000,-1.7686845833333e-05
TRXUSD,1783749600000,-1.9555970833333e-05
TRXUSD,1783753200000,-2.1147054166667e-05
TRXUSD,1783756800000,-9.843708333333e-06
TRXUSD,1783760400000,-2.5590958333333e-05
TRXUSD,1783764000000,2.2713220833333e-05
TRXUSD,1783767600000,3.070045833333e-06
TRXUSD,1783771200000,1.3951433333333e-05
TRXUSD,1783774800000,1.3370604166667e-05
TRXUSD,1783778400000,1.7858966666667e-05
TRXUSD,1783782000000,2.5609704166667e-05
TRXUSD,1783785600000,1.57566375e-05
TRXUSD,1783789200000,-1.05793e-05
TRXUSD,1783792800000,5.963141666667e-06
TRXUSD,1783796400000,2.7759375e-06
TRXUSD,1783800000000,-3.637545833333e-06
TRXUSD,1783803600000,-9.6892875e-06
TRXUSD,1783807200000,-7.687016666667e-06
TRXUSD,1783810800000,-1.169465e-05
TRXUSD,1783814400000,-1.0698270833333e-05
TRXUSD,1783818000000,-2.1340604166667e-05
TRXUSD,1783821600000,-9.089920833333e-06
TRXUSD,1783825200000,-3.3481779166667e-05
TRXUSD,1783828800000,-8.035433333333e-06
TRXUSD,1783832400000,-3.065295833333e-06
TRXUSD,1783836000000,-7.605558333333e-06
TRXUSD,1783839600000,-1.5003995833333e-05
TRXUSD,1783843200000,-3.607891666667e-06
TRXUSD,1783846800000,-1.45543125e-05
TRXUSD,1783850400000,1.3326829166667e-05
TRXUSD,1783854000000,4.745554166667e-06
TRXUSD,1783857600000,1.1409054166667e-05
TRXUSD,1783861200000,-2.3117e-06
TRXUSD,1783864800000,4.647025e-06
TRXUSD,1783868400000,-9.552758333333e-06
TRXUSD,1783872000000,-1.25419125e-05
TRXUSD,1783875600000,-8.348570833333e-06
TRXUSD,1783879200000,-6.5771625e-06
TRXUSD,1783882800000,1.213783333333e-06
TRXUSD,1783886400000,-4.9850875e-06
TRXUSD,1783890000000,-3.0873625e-06
TRXUSD,1783893600000,-2.1311375e-06
TRXUSD,1783897200000,-1.58404375e-05
TRXUSD,1783900800000,-1.8486066666667e-05
TRXUSD,1783904400000,-5.2323875e-06
TRXUSD,1783908000000,-5.920516666667e-06
TRXUSD,1783911600000,-1.1755825e-05
TRXUSD,1783915200000,-3.08236625e-05
TRXUSD,1783918800000,-3.1501191666667e-05
TRXUSD,1783922400000,-9.315683333333e-06
TRXUSD,1783926000000,-5.2239404166667e-05
TRXUSD,1783929600000,-3.4169978448276e-05
TRXUSD,1783933200000,-8.016970833333e-06
TRXUSD,1783936800000,-3.544075e-06
TRXUSD,1783940400000,-1.6557575e-05
TRXUSD,1783944000000,-4.1302295833333e-05
TRXUSD,1783947600000,-6.61088625e-05
TRXUSD,1783951200000,-8.5290304166667e-05
TRXUSD,1783954800000,-5.5282770833333e-05
TRXUSD,1783958400000,-5.19597e-05
TRXUSD,1783962000000,-5.9572595833333e-05
TRXUSD,1783965600000,-3.7750308333333e-05
TRXUSD,1783969200000,-4.3252304166667e-05
TRXUSD,1783972800000,-3.7949545833333e-05
TRXUSD,1783976400000,-5.26225625e-05
TRXUSD,1783980000000,-8.84109125e-05
TRXUSD,1783983600000,-0.000107226845833333
TRXUSD,1783987200000,-6.6976033333333e-05
TRXUSD,1783990800000,-0.000105712954166667
TRXUSD,1783994400000,-7.7097691666667e-05
TRXUSD,1783998000000,-3.9269266666667e-05
TRXUSD,1784001600000,-1.6562179166667e-05
TRXUSD,1784005200000,-2.3131004166667e-05
TRXUSD,1784008800000,-1.5003283333333e-05
TRXUSD,1784012400000,-4.4202458333333e-05
TRXUSD,1784016000000,-5.4530195833333e-05
TRXUSD,1784019600000,-4.7207795833333e-05
TRXUSD,1784023200000,-3.5036575e-05
TRXUSD,1784026800000,-3.1103379166667e-05
TRXUSD,1784030400000,-1.345704166667e-06
TRXUSD,1784034000000,4.07083333333e-07
TRXUSD,1784037600000,-1.7920658333333e-05
TRXUSD,1784041200000,-1.6789904166667e-05
TRXUSD,1784044800000,5.6711e-06
TRXUSD,1784048400000,-3.7261433333333e-05
TRXUSD,1784052000000,-5.4908625e-06
TRXUSD,1784055600000,-1.72145875e-05
TRXUSD,1784059200000,-2.11453125e-05
TRXUSD,1784062800000,-2.5518470833333e-05
TRXUSD,1784066400000,-2.85670375e-05
TRXUSD,1784070000000,-8.087625e-07
TRXUSD,1784073600000,-9.2115e-07
TRXUSD,1784077200000,-1.6080666666667e-05
TRXUSD,1784080800000,-5.290870833333e-06
TRXUSD,1784084400000,-1.1044041666667e-05
TRXUSD,1784088000000,1.7400091666667e-05
TRXUSD,1784091600000,-1.3020425e-05
TRXUSD,1784095200000,1.109891666667e-06
TRXUSD,1784098800000,-1.9787258333333e-05
TRXUSD,1784102400000,1.8952358333333e-05
TRXUSD,1784106000000,-5.931558333333e-06
TRXUSD,1784109600000,2.2106629166667e-05
TRXUSD,1784113200000,1.7396779166667e-05
TRXUSD,1784116800000,7.8353375e-06
TRXUSD,1784120400000,-5.432783333333e-06
TRXUSD,1784124000000,-9.816841666667e-06
TRXUSD,1784127600000,-1.5203295833333e-05
TRXUSD,1784131200000,-1.8803016666667e-05
TRXUSD,1784134800000,-4.0229191666667e-05
TRXUSD,1784138400000,-3.15525625e-05
TRXUSD,1784142000000,-4.8737129166667e-05
TRXUSD,1784145600000,-7.1986295833333e-05
TRXUSD,1784149200000,-2.9562070833333e-05
TRXUSD,1784152800000,-4.4071283333333e-05
TRXUSD,1784156400000,-4.4459516666667e-05
TRXUSD,1784160000000,-5.4295079166667e-05
TRXUSD,1784163600000,-5.8930379166667e-05
TRXUSD,1784167200000,-3.7614679166667e-05
TRXUSD,1784170800000,-1.2712875e-05
TRXUSD,1784174400000,-9.7403358333333e-05
TRXUSD,1784178000000,-5.2281208333333e-05
TRXUSD,1784181600000,-4.8547454166667e-05
TRXUSD,1784185200000,-3.6349058333333e-05
TRXUSD,1784188800000,-1.5773325e-05
TRXUSD,1784192400000,-6.2498316666667e-05
TRXUSD,1784196000000,-0.000161279866666667
TRXUSD,1784199600000,-0.0001371119625
TRXUSD,1784203200000,-0.000106082525
TRXUSD,1784206800000,-0.000116904341666667
TRXUSD,1784210400000,-8.21740375e-05
TRXUSD,1784214000000,-7.2513679166667e-05
TRXUSD,1784217600000,-7.9177754166667e-05
TRXUSD,1784221200000,-7.6229508333333e-05
TRXUSD,1784224800000,-7.2670775e-05
TRXUSD,1784228400000,-8.5615866666667e-05
TRXUSD,1784232000000,-3.3302083333333e-05
TRXUSD,1784235600000,-3.2500925e-05
TRXUSD,1784239200000,-5.6287729166667e-05
TRXUSD,1784242800000,-3.7342220833333e-05
TRXUSD,1784246400000,-6.4628366666667e-05
TRXUSD,1784250000000,-3.0727229166667e-05
TRXUSD,1784253600000,-3.64071375e-05
TRXUSD,1784257200000,-9.0586670833333e-05
TRXUSD,1784260800000,-6.82133875e-05
TRXUSD,1784264400000,-8.1125854166667e-05
TRXUSD,1784268000000,-6.1112695833333e-05
TRXUSD,1784271600000,-3.6776683333333e-05
TRXUSD,1784275200000,-6.4517170833333e-05
TRXUSD,1784278800000,-2.38954625e-05
TRXUSD,1784282400000,-2.5969158333333e-05
TRXUSD,1784286000000,-2.99132375e-05
TRXUSD,1784289600000,-2.26054166667e-07
TRXUSD,1784293200000,-1.1686504166667e-05
TRXUSD,1784296800000,3.836754166667e-06
TRXUSD,1784300400000,-1.2827583333333e-05
TRXUSD,1784304000000,-1.8544083333333e-05
TRXUSD,1784307600000,-1.3330233333333e-05
TRXUSD,1784311200000,-1.3046879166667e-05
TRXUSD,1784314800000,-1.4078904166667e-05
TRXUSD,1784318400000,-2.4522216666667e-05
TRXUSD,1784322000000,-3.1662666666667e-05
TRXUSD,1784325600000,-3.11005e-05
TRXUSD,1784329200000,-4.7680970833333e-05
TRXUSD,1784332800000,-2.7408145833333e-05
TRXUSD,1784336400000,-2.4643e-05
TRXUSD,1784340000000,-2.2481133333333e-05
TRXUSD,1784343600000,-2.927905e-05
TRXUSD,1784347200000,-7.0789258333333e-05
TRXUSD,1784350800000,-9.1403845833333e-05
TRXUSD,1784354400000,-9.3153095833333e-05
TRXUSD,1784358000000,-6.5093791666667e-05
TRXUSD,1784361600000,-4.1979916666667e-05
TRXUSD,1784365200000,-2.1153441666667e-05
TRXUSD,1784368800000,-8.567758333333e-06
TRXUSD,1784372400000,-1.1622045833333e-05
TRXUSD,1784376000000,-1.8589375e-05
TRXUSD,1784379600000,-2.1233058333333e-05
TRXUSD,1784383200000,-7.383133333333e-06
TRXUSD,1784386800000,-2.4012625e-06
TRXUSD,1784390400000,-2.3411866666667e-05
TRXUSD,1784394000000,9.6770375e-06
TRXUSD,1784397600000,1.4361733333333e-05
TRXUSD,1784401200000,2.885975e-06
TRXUSD,1784404800000,1.1135291666667e-05
TRXUSD,1784408400000,1.8198683333333e-05
TRXUSD,1784412000000,-6.528483333333e-06
TRXUSD,1784415600000,-2.028975e-06
TRXUSD,1784419200000,-1.15320833333e-07
TRXUSD,1784422800000,1.1064508333333e-05
TRXUSD,1784426400000,-2.162620833333e-06
TRXUSD,1784430000000,-1.369225e-06
TRXUSD,1784433600000,3.223791666667e-06
TRXUSD,1784437200000,2.513591666667e-06
TRXUSD,1784440800000,-9.1619125e-06
TRXUSD,1784444400000,-1.7150575e-05
TRXUSD,1784448000000,-1.8915329166667e-05
TRXUSD,1784451600000,3.303329166667e-06
TRXUSD,1784455200000,5.892983333333e-06
TRXUSD,1784458800000,7.325258333333e-06
TRXUSD,1784462400000,1.9167679166667e-05
TRXUSD,1784466000000,-1.644158333333e-06
TRXUSD,1784469600000,2.644375e-06
TRXUSD,1784473200000,2.924666666667e-06
TRXUSD,1784476800000,-4.396845833333e-06
TRXUSD,1784480400000,5.667e-07
TRXUSD,1784484000000,-1.3286775e-05
TRXUSD,1784487600000,-1.0660183333333e-05
TRXUSD,1784491200000,-9.8241125e-06
TRXUSD,1784494800000,-1.0967383333333e-05
TRXUSD,1784498400000,4.7155125e-06
TRXUSD,1784502000000,-1.1108895833333e-05
TRXUSD,1784505600000,-9.743170833333e-06
TRXUSD,1784509200000,-7.702616666667e-06
TRXUSD,1784512800000,-1.47054166667e-07
TRXUSD,1784516400000,-9.315520833333e-06
TRXUSD,1784520000000,-2.41691625e-05
TRXUSD,1784523600000,-1.6009891666667e-05
TRXUSD,1784527200000,-2.77233e-05
TRXUSD,1784530800000,-1.4484679166667e-05
TRXUSD,1784534400000,-1.3274925e-05
TRXUSD,1784538000000,-8.118875e-07
TRXUSD,1784541600000,6.351779166667e-06
TRXUSD,1784545200000,-7.8822e-06
TRXUSD,1784548800000,-1.17586375e-05
TRXUSD,1784552400000,-2.58079125e-05
TRXUSD,1784556000000,-2.0266970833333e-05
TRXUSD,1784559600000,-3.7607608333333e-05
TRXUSD,1784563200000,-2.4077608333333e-05
TRXUSD,1784566800000,-4.66645e-06
TRXUSD,1784570400000,-3.878041666667e-06
TRXUSD,1784574000000,-1.73209625e-05
TRXUSD,1784577600000,-6.814058333333e-06
TRXUSD,1784581200000,-4.916625e-06
TRXUSD,1784584800000,-1.6646125e-06
TRXUSD,1784588400000,-2.2035741666667e-05
TRXUSD,1784592000000,-4.145975e-06
TRXUSD,1784595600000,-1.5267058333333e-05
TRXUSD,1784599200000,-1.6414733333333e-05
TRXUSD,1784602800000,-1.0867858333333e-05
TRXUSD,1784606400000,-1.6206404166667e-05
TRXUSD,1784610000000,-3.2583416666667e-05
TRXUSD,1784613600000,-2.2170258333333e-05
TRXUSD,1784617200000,-5.1985375e-06
TRXUSD,1784620800000,-1.518879166667e-06
TRXUSD,1784624400000,-7.793441666667e-06
TRXUSD,1784628000000,-4.083933333333e-06
TRXUSD,1784631600000,-1.0022266666667e-05
TRXUSD,1784635200000,2.75198125e-05
TRXUSD,1784638800000,-9.071633333333e-06
TRXUSD,1784642400000,1.2769870833333e-05
TRXUSD,1784646000000,2.962054166667e-06
TRXUSD,1784649600000,-5.327654166667e-06
TRXUSD,1784653200000,-1.9336e-06
TRXUSD,1784656800000,-1.04663375e-05
TRXUSD,1784660400000,5.024154166667e-06
TRXUSD,1784664000000,-7.798025e-06
TRXUSD,1784667600000,-4.003295833333e-06
TRXUSD,1784671200000,-1.3938133333333e-05
TRXUSD,1784674800000,-2.2702841666667e-05
TRXUSD,1784678400000,-2.100179166667e-06
TRXUSD,1784682000000,-1.1602054166667e-05
TRXUSD,1784685600000,-2.2046966666667e-05
TRXUSD,1784689200000,-7.1144125e-06
TRXUSD,1784692800000,-2.52641375e-05
TRXUSD,1784696400000,-3.267758333333e-06
TRXUSD,1784700000000,-1.8272691666667e-05
TRXUSD,1784703600000,-3.0356258333333e-05
TRXUSD,1784707200000,-1.20953625e-05
TRXUSD,1784710800000,-4.623525e-06
TRXUSD,1784714400000,2.4083829166667e-05
TRXUSD,1784718000000,3.328855e-05
TRXUSD,1784721600000,2.71465625e-05
TRXUSD,1784725200000,1.4537558333333e-05
TRXUSD,1784728800000,1.8002670833333e-05
TRXUSD,1784732400000,-8.350529166667e-06
TRXUSD,1784736000000,-1.535416666667e-06
TRXUSD,1784739600000,-1.68785e-06
TRXUSD,1784743200000,6.600345833333e-06
TRXUSD,1784746800000,-2.02941666667e-07
TRXUSD,1784750400000,-6.549383333333e-06
TRXUSD,1784754000000,-5.453558333333e-06
TRXUSD,1784757600000,-6.493858333333e-06
TRXUSD,1784761200000,-8.371125e-06
TRXUSD,1784764800000,-8.331033333333e-06
TRXUSD,1784768400000,-3.36575e-06
TRXUSD,1784772000000,-1.349779166667e-06
TRXUSD,1784775600000,6.559991666667e-06
TRXUSD,1784779200000,-2.4120808333333e-05
TRXUSD,1784782800000,-1.5260516666667e-05
TRXUSD,1784786400000,-8.6981875e-06
TRXUSD,1784790000000,3.192025e-06
TRXUSD,1784793600000,9.129725e-06
TRXUSD,1784797200000,-3.8820095833333e-05
TRXUSD,1784800800000,-4.97434375e-05
TRXUSD,1784804400000,-3.0473754166667e-05
TRXUSD,1784808000000,-3.3490645833333e-05
TRXUSD,1784811600000,-3.9648945833333e-05
TRXUSD,1784815200000,-3.6553541666667e-05
TRXUSD,1784818800000,-2.4628158333333e-05
TRXUSD,1784822400000,3.056241666667e-06
TRXUSD,1784826000000,-1.66565625e-05
TRXUSD,1784829600000,1.2891979166667e-05
TRXUSD,1784833200000,-3.443875e-06
TRXUSD,1784836800000,4.926808333333e-06
TRXUSD,1784840400000,-8.986541666667e-06
TRXUSD,1784844000000,1.0161233333333e-05
TRXUSD,1784847600000,-7.893733333333e-06
TRXUSD,1784851200000,1.2238354166667e-05
TRXUSD,1784854800000,-5.304866666667e-06
TRXUSD,1784858400000,2.40733333333e-07
TRXUSD,1784862000000,-2.764970833333e-06
TRXUSD,1784865600000,1.4928391666667e-05
TRXUSD,1784869200000,1.35211875e-05
TRXUSD,1784872800000,1.146405e-05
TRXUSD,1784876400000,2.0472154166667e-05
TRXUSD,1784880000000,1.87384625e-05
TRXUSD,1784883600000,-1.8280883333333e-05
TRXUSD,1784887200000,-2.215620833333e-06
TRXUSD,1784890800000,1.1330916666667e-05
TRXUSD,1784894400000,-6.595554166667e-06
TRXUSD,1784898000000,-1.534195e-05
TRXUSD,1784901600000,-2.5853925e-05
TRXUSD,1784905200000,-2.1088666666667e-05
TRXUSD,1784908800000,-4.826275e-06
TRXUSD,1784912400000,-4.9331375e-06
TRXUSD,1784916000000,-2.927470833333e-06
TRXUSD,1784919600000,-5.758775e-06
TRXUSD,1784923200000,-1.325708333333e-06
TRXUSD,1784926800000,-3.196654166667e-06
TRXUSD,1784930400000,-1.4093758333333e-05
TRXUSD,1784934000000,-8.774933333333e-06
TRXUSD,1784937600000,3.498795833333e-06
TRXUSD,1784941200000,-8.408908333333e-06
TRXUSD,1784944800000,1.120583333333e-06
TRXUSD,1784948400000,-7.159716666667e-06
TRXUSD,1784952000000,5.376095833333e-06
TRXUSD,1784955600000,8.728104166667e-06
TRXUSD,1784959200000,-3.898825e-06
TRXUSD,1784962800000,-1.7943066666667e-05
TRXUSD,1784966400000,-6.351254166667e-06
TRXUSD,1784970000000,-1.1507383333333e-05
TRXUSD,1784973600000,6.39705e-06
TRXUSD,1784977200000,-5.94365e-06
TRXUSD,1784980800000,8.366838709677e-06
TRXUSD,1784984400000,5.821923387097e-06
TRXUSD,1784988000000,-4.038275e-06
TRXUSD,1784991600000,6.132966666667e-06
TRXUSD,1784995200000,3.4646208333333e-05
TRXUSD,1784998800000,3.2728708333333e-05
TRXUSD,1785002400000,1.6959395833333e-05
TRXUSD,1785006000000,1.7065675e-05
TRXUSD,1785009600000,8.9547875e-06
TRXUSD,1785013200000,-1.248525e-06
TRXUSD,1785016800000,2.03327375e-05
TRXUSD,1785020400000,2.2889883333333e-05
TRXUSD,1785024000000,2.16654e-05
TRXUSD,1785027600000,2.67901875e-05
TRXUSD,1785031200000,1.2576479166667e-05
TRXUSD,1785034800000,4.046220833333e-06
TRXUSD,1785038400000,9.545e-06
TRXUSD,1785042000000,1.3622816666667e-05
TRXUSD,1785045600000,1.3227925e-05
TRXUSD,1785049200000,1.0088854166667e-05
TRXUSD,1785052800000,5.016916666667e-06
TRXUSD,1785056400000,1.45814875e-05
TRXUSD,1785060000000,2.2657120833333e-05
TRXUSD,1785063600000,2.4725466666667e-05
TRXUSD,1785067200000,2.2094266666667e-05
TRXUSD,1785070800000,3.4309470833333e-05
TRXUSD,1785074400000,3.8885425e-05
TRXUSD,1785078000000,3.5200891666667e-05
TRXUSD,1785081600000,3.610105e-05
TRXUSD,1785085200000,3.61443625e-05
TRXUSD,1785088800000,2.4657158333333e-05
TRXUSD,1785092400000,1.2720641666667e-05
TRXUSD,1785096000000,-1.6123258333333e-05
TRXUSD,1785099600000,-1.7190591666667e-05
TRXUSD,1785103200000,1.9636e-06
TRXUSD,1785106800000,-2.89235e-06
TRXUSD,1785110400000,1.68325e-07
TRXUSD,1785114000000,-2.982591666667e-06
TRXUSD,1785117600000,-8.0058375e-06
TRXUSD,1785121200000,-1.01305125e-05
TRXUSD,1785124800000,1.591604166667e-06
TRXUSD,1785128400000,3.45775e-06
TRXUSD,1785132000000,1.1456225e-05
TRXUSD,1785135600000,1.0491108333333e-05
TRXUSD,1785139200000,-3.9750862069e-07
TRXUSD,1785142800000,-7.86204166667e-07
TRXUSD,1785146400000,1.22971375e-05
TRXUSD,1785150000000,1.3022933333333e-05
TRXUSD,1785153600000,1.2592129166667e-05
TRXUSD,1785157200000,4.189725e-06
TRXUSD,1785160800000,-2.578133333333e-06
TRXUSD,1785164400000,-1.40208375e-05
TRXUSD,1785168000000,-9.965545833333e-06
TRXUSD,1785171600000,-7.690283333333e-06
TRXUSD,1785175200000,-6.0279375e-06
TRXUSD,1785178800000,-2.0237575e-05
TRXUSD,1785182400000,-1.8664745833333e-05
TRXUSD,1785186000000,-2.10292875e-05
TRXUSD,1785189600000,-2.69589e-05
TRXUSD,1785193200000,-5.3682666666667e-05
TRXUSD,1785196800000,-6.3023470833333e-05
TRXUSD,1785200400000,-6.7083033333333e-05
TRXUSD,1785204000000,-6.33417875e-05
TRXUSD,1785207600000,-6.5326575e-05
TRXUSD,1785211200000,-3.9491916666667e-05
TRXUSD,1785214800000,-2.5937516666667e-05
TRXUSD,1785218400000,-2.9916804166667e-05
TRXUSD,1785222000000,-1.0298008333333e-05
TRXUSD,1785225600000,-1.8636833333333e-05
TRXUSD,1785229200000,-2.5039225e-05
TRXUSD,1785232800000,-2.39009875e-05
TRXUSD,1785236400000,-2.6842529166667e-05
TRXUSD,1785240000000,-1.9939120833333e-05
TRXUSD,1785243600000,-2.8177479166667e-05
TRXUSD,1785247200000,-3.7414079166667e-05
TRXUSD,1785250800000,-4.94482125e-05
TRXUSD,1785254400000,-4.7157566666667e-05
TRXUSD,1785258000000,-3.2637279166667e-05
TRXUSD,1785261600000,-2.4669675e-05
TRXUSD,1785265200000,-2.80957375e-05
TRXUSD,1785268800000,-2.9202175e-05
TRXUSD,1785272400000,-2.57253375e-05
TRXUSD,1785276000000,-1.6827220833333e-05
TRXUSD,1785279600000,-3.4248541666667e-05
TRXUSD,1785283200000,-2.3127820833333e-05
TRXUSD,1785286800000,-1.0518433333333e-05
TRXUSD,1785290400000,-2.56431625e-05
TRXUSD,1785294000000,-1.91975875e-05
TRXUSD,1785297600000,-3.3732229166667e-05
TRXUSD,1785301200000,-2.6906375e-05
TRXUSD,1785304800000,-4.846158333333e-06
TRXUSD,1785308400000,-3.63795e-06
TRXUSD,1785312000000,3.708e-07
TRXUSD,1785315600000,-5.8089125e-06
TRXUSD,1785319200000,-2.891408333333e-06
TRXUSD,1785322800000,1.0243433333333e-05
TRXUSD,1785326400000,1.93258333333e-07
TRXUSD,1785330000000,-1.5049029166667e-05
TRXUSD,1785333600000,-1.2781995833333e-05
TRXUSD,1785337200000,-1.80392125e-05
TRXUSD,1785340800000,-1.3253354166667e-05
TRXUSD,1785344400000,-9.594316666667e-06
TRXUSD,1785348000000,-2.1869166666667e-05
TRXUSD,1785351600000,-6.7813758333333e-05
TRXUSD,1785355200000,-4.8660804166667e-05
TRXUSD,1785358800000,-1.3946458333333e-05
TRXUSD,1785362400000,1.732545833333e-06
TRXUSD,1785366000000,-1.1993820833333e-05
TRXUSD,1785369600000,-1.8781429166667e-05
TRXUSD,1785373200000,-1.5307170833333e-05
TRXUSD,1785376800000,-1.0059845833333e-05
TRXUSD,1785380400000,-1.9056358333333e-05
TRXUSD,1785384000000,-2.5665358333333e-05
TRXUSD,1785387600000,-2.9589925e-05
TRXUSD,1785391200000,-1.1238720833333e-05
TRXUSD,1785394800000,-6.964625e-06
TRXUSD,1785398400000,-1.9673e-06
TRXUSD,1785402000000,-3.7604625e-06
TRXUSD,1785405600000,1.3275104166667e-05
TRXUSD,1785409200000,1.58007875e-05
TRXUSD,1785412800000,2.189991666667e-06
TRXUSD,1785416400000,8.445675e-06
TRXUSD,1785420000000,-1.510379166667e-06
TRXUSD,1785423600000,-9.638541666667e-06
TRXUSD,1785427200000,-9.725954166667e-06
TRXUSD,1785430800000,-5.000883333333e-06
TRXUSD,1785434400000,-2.5293216666667e-05
TRXUSD,1785438000000,-7.539470833333e-06
TRXUSD,1785441600000,-1.9919308333333e-05
TRXUSD,1785445200000,-7.80065e-06
TRXUSD,1785448800000,-4.404341666667e-06
TRXUSD,1785452400000,-4.904295833333e-06
TRXUSD,1785456000000,-2.542e-07
TRXUSD,1785459600000,-1.808155e-05
TRXUSD,1785463200000,7.130791666667e-06
TRXUSD,1785466800000,-1.2545633333333e-05
TRXUSD,1785470400000,-1.9381875e-05
TRXUSD,1785474000000,-6.754166667e-09
TRXUSD,1785477600000,3.3359375e-06
TRXUSD,1785481200000,-1.2311341666667e-05
TRXUSD,1785484800000,-5.227320833333e-06
TRXUSD,1785488400000,1.28170375e-05
TRXUSD,1785492000000,-1.3118908333333e-05
TRXUSD,1785495600000,-8.859095833333e-06
TRXUSD,1785499200000,-1.469254166667e-06
TRXUSD,1785502800000,-5.217283333333e-06
TRXUSD,1785506400000,-5.733041666667e-06
TRXUSD,1785510000000,-8.402108333333e-06
TRXUSD,1785513600000,-1.2871641666667e-05
TRXUSD,1785517200000,-2.7080875e-06
TRXUSD,1785520800000,1.1785083333333e-05
TRXUSD,1785524400000,-1.4456916666667e-05
TRXUSD,1785528000000,-8.0659125e-06
TRXUSD,1785531600000,-2.505283333333e-06
TRXUSD,1785535200000,2.307154166667e-06
TRXUSD,1785538800000,7.622729166667e-06
TRXUSD,1785542400000,9.6093375e-06
TRXUSD,1785546000000,-4.603e-06
TRXUSD,1785549600000,1.303285e-05
TRXUSD,1785553200000,9.323775e-06
TRXUSD,1785556800000,-1.168391666667e-06
TRXUSD,1785560400000,9.94670833333e-07
TRXUSD,1785564000000,-1.05757375e-05
TRXUSD,1785567600000,7.188275e-06
TRXUSD,1785571200000,1.3836033333333e-05
TRXUSD,1785574800000,-2.96e-06
TRXUSD,1785578400000,-8.529845833333e-06
TRXUSD,1785582000000,2.497791666667e-06
TRXUSD,1785585600000,4.159358333333e-06
TRXUSD,1785589200000,6.2058e-06
TRXUSD,1785592800000,7.1738e-06
TRXUSD,1785596400000,8.923191666667e-06
TRXUSD,1785600000000,1.1296320833333e-05
TRXUSD,1785603600000,1.6057675e-05
TRXUSD,1785607200000,-6.924741666667e-06
TRXUSD,1785610800000,-2.4717745833333e-05
TRXUSD,1785614400000,-1.1522279166667e-05
TRXUSD,1785618000000,-1.5299204166667e-05
TRXUSD,1785621600000,1.208954166667e-06
TRXUSD,1785625200000,-6.3441e-06
TRXUSD,1785628800000,1.56537125e-05
TRXUSD,1785632400000,-2.369775e-06
TRXUSD,1785636000000,1.327741666667e-06
TRXUSD,1785639600000,4.88766666667e-07
TRXUSD,1785643200000,-5.876408333333e-06
TRXUSD,1785646800000,-1.0376433333333e-05
TRXUSD,1785650400000,-1.0808125e-06
TRXUSD,1785654000000,-9.1152e-06
TRXUSD,1785657600000,-9.261504166667e-06
TRXUSD,1785661200000,-2.5143625e-05
TRXUSD,1785664800000,-3.15830125e-05
TRXUSD,1785668400000,-2.8115383333333e-05
TRXUSD,1785672000000,-4.5759895833333e-05
TRXUSD,1785675600000,-2.38899625e-05
TRXUSD,1785679200000,-1.3951404166667e-05
TRXUSD,1785682800000,-1.8334020833333e-05
TRXUSD,1785686400000,-1.68890625e-05
TRXUSD,1785690000000,-1.0018154166667e-05
TRXUSD,1785693600000,-1.851325e-05
TRXUSD,1785697200000,-2.1408704166667e-05
TRXUSD,1785700800000,-1.2376270833333e-05
TRXUSD,1785704400000,-2.14239375e-05
TRXUSD,1785708000000,-2.1078479166667e-05
TRXUSD,1785711600000,-2.9778841666667e-05
TRXUSD,1785715200000,-3.1428125e-05
TRXUSD,1785718800000,-3.8179529166667e-05
TRXUSD,1785722400000,-2.0802808333333e-05
TRXUSD,1785726000000,-3.0368191666667e-05
TRXUSD,1785729600000,-1.6438629166667e-05
TRXUSD,1785733200000,-1.690405e-05
TRXUSD,1785736800000,-2.8000929166667e-05
TRXUSD,1785740400000,-4.5305520833333e-05
TRXUSD,1785744000000,-3.4976691666667e-05
TRXUSD,1785747600000,-3.0657725e-05
TRXUSD,1785751200000,-2.0377604166667e-05
TRXUSD,1785754800000,-1.1745945833333e-05
TRXUSD,1785758400000,-6.3418625e-06
TRXUSD,1785762000000,3.126741666667e-06
TRXUSD,1785765600000,2.969175e-06
TRXUSD,1785769200000,2.657175e-06
TRXUSD,1785772800000,7.589704166667e-06
TRXUSD,1785776400000,6.115591666667e-06
TRXUSD,1785780000000,-1.1551125e-06
TRXUSD,1785783600000,3.7091e-06
TRXUSD,1785787200000,4.506304166667e-06
TRXUSD,1785790800000,-3.93391666667e-07
TRXUSD,1785794400000,-6.905983333333e-06
TRXUSD,1785798000000,1.014566666667e-06
TRXUSD,1785801600000,3.848829166667e-06
TRXUSD,1785805200000,-5.6475e-07
TRXUSD,1785808800000,1.588885e-05
TRXUSD,1785812400000,6.689333333333e-06
TRXUSD,1785816000000,-2.838575e-06
TRXUSD,1785819600000,-5.278104166667e-06
TRXUSD,1785823200000,-2.2659070833333e-05
TRXUSD,1785826800000,-9.00133333333e-07
TRXUSD,1785830400000,4.542733333333e-06
TRXUSD,1785834000000,1.745720833333e-06
TRXUSD,1785837600000,-1.3986683333333e-05
TRXUSD,1785841200000,-8.983420833333e-06
TRXUSD,1785844800000,-3.8457375e-06
TRXUSD,1785848400000,7.0087875e-06
TRXUSD,1785852000000,5.315608333333e-06
TRXUSD,1785855600000,-9.400858333333e-06
TRXUSD,1785859200000,-1.6644125e-06
TRXUSD,1785862800000,2.8029316666667e-05
TRXUSD,1785866400000,-6.5398375e-06
TRXUSD,1785870000000,-1.9923241666667e-05
TRXUSD,1785873600000,-1.5762916666667e-05
TRXUSD,1785877200000,-3.26629e-05
TRXUSD,1785880800000,-2.8855004166667e-05
TRXUSD,1785884400000,-3.6006e-05
TRXUSD,1785888000000,-3.5913716666667e-05
TRXUSD,1785891600000,-3.6409616666667e-05
TRXUSD,1785895200000,-1.8241345833333e-05
TRXUSD,1785898800000,-8.021329166667e-06
TRXUSD,1785902400000,-2.5891425e-05
TRXUSD,1785906000000,-1.9628558333333e-05
TRXUSD,1785909600000,-2.3606045833333e-05
TRXUSD,1785913200000,-1.96966625e-05
TRXUSD,1785916800000,-1.5512491666667e-05
TRXUSD,1785920400000,4.711120833333e-06
TRXUSD,1785924000000,-2.3689879166667e-05
TRXUSD,1785927600000,-1.3484683333333e-05
TRXUSD,1785931200000,5.05795833333e-07
TRXUSD,1785934800000,-9.283916666667e-06
TRXUSD,1785938400000,-2.10820833333e-07
TRXUSD,1785942000000,-1.4578791666667e-05
TRXUSD,1785945600000,-2.9959745833333e-05
TRXUSD,1785949200000,-3.090841666667e-06
TRXUSD,1785952800000,8.64595833333e-07
TRXUSD,1785956400000,-1.100835e-05
TRXUSD,1785960000000,-5.866820833333e-06
TRXUSD,1785963600000,-3.178375e-05
TRXUSD,1785967200000,-3.052355e-05
TRXUSD,1785970800000,-3.6331041666667e-05
TRXUSD,1785974400000,-2.96533375e-05
TRXUSD,1785978000000,-1.5641204166667e-05
TRXUSD,1785981600000,2.4289591666667e-05
TRXUSD,1785985200000,1.645083333333e-06
TRXUSD,1785988800000,1.314808333333e-06
TRXUSD,1785992400000,-1.1290570833333e-05
TRXUSD,1785996000000,-4.246495833333e-06
TRXUSD,1785999600000,-1.399605e-05
TRXUSD,1786003200000,-1.3172596590909e-05
TRXUSD,1786006800000,-2.3623366666667e-05
TRXUSD,1786010400000,7.472004166667e-06
TRXUSD,1786014000000,2.9890091666667e-05
TRXUSD,1786017600000,1.86768125e-05
TRXUSD,1786021200000,1.4449879166667e-05
TRXUSD,1786024800000,1.7706279166667e-05
TRXUSD,1786028400000,-3.209604166667e-06
TRXUSD,1786032000000,9.928191666667e-06
TRXUSD,1786035600000,-1.5607279166667e-05
TRXUSD,1786039200000,-2.3486604166667e-05
TRXUSD,1786042800000,-3.1988666666667e-05
TRXUSD,1786046400000,-2.54266e-05
TRXUSD,1786050000000,-1.3182133333333e-05
TRXUSD,1786053600000,-2.9598616666667e-05
TRXUSD,1786057200000,7.013416666667e-06
TRXUSD,1786060800000,-6.666408333333e-06
TRXUSD,1786064400000,-1.9557025e-05
TRXUSD,1786068000000,-1.594191666667e-06
TRXUSD,1786071600000,-8.0166125e-06
TRXUSD,1786075200000,-1.589616666667e-06
TRXUSD,1786078800000,-3.969845833333e-06
TRXUSD,1786082400000,-2.19069375e-05
TRXUSD,1786086000000,-2.0486145833333e-05
TRXUSD,1786089600000,-3.4348966666667e-05
TRXUSD,1786093200000,-2.30085625e-05
TRXUSD,1786096800000,-3.3965904166667e-05
TRXUSD,1786100400000,-2.17110125e-05
TRXUSD,1786104000000,-1.1369441666667e-05
TRXUSD,1786107600000,-1.7804033333333e-05
TRXUSD,1786111200000,-2.7984520833333e-05
TRXUSD,1786114800000,-1.28404e-05
TRXUSD,1786118400000,-9.961704166667e-06
TRXUSD,1786122000000,-1.0417308333333e-05
TRXUSD,1786125600000,-1.6849416666667e-05
TRXUSD,1786129200000,-3.5958729166667e-05
TRXUSD,1786132800000,-2.6674633333333e-05
TRXUSD,1786136400000,-2.6346333333333e-05
TRXUSD,1786140000000,-2.0974658333333e-05
TRXUSD,1786143600000,-1.63574e-05
TRXUSD,1786147200000,2.380025e-06
TRXUSD,1786150800000,2.092245833333e-06
TRXUSD,1786154400000,-4.35505e-06
TRXUSD,1786158000000,-7.7008375e-06
TRXUSD,1786161600000,-8.628283333333e-06
TRXUSD,1786165200000,-2.7145779166667e-05
TRXUSD,1786168800000,-3.4164595833333e-05
TRXUSD,1786172400000,-2.17215625e-05
TRXUSD,1786176000000,-2.59876375e-05
TRXUSD,1786179600000,-2.2165941666667e-05
TRXUSD,1786183200000,-1.4106445833333e-05
TRXUSD,1786186800000,-1.1686720833333e-05
TRXUSD,1786190400000,-1.6937233333333e-05
TRXUSD,1786194000000,-8.048166666667e-06
TRXUSD,1786197600000,-2.547533333333e-06
TRXUSD,1786201200000,-1.7821504166667e-05
TRXUSD,1786204800000,-1.46067875e-05
TRXUSD,1786208400000,8.118929166667e-06
TRXUSD,1786212000000,-3.2835375e-06
TRXUSD,1786215600000,-2.7255e-07
TRXUSD,1786219200000,-6.974125e-07
TRXUSD,1786222800000,-6.143425e-06
TRXUSD,1786226400000,-1.065175e-06
TRXUSD,1786230000000,-6.71825e-07
TRXUSD,1786233600000,-4.106520833333e-06
TRXUSD,1786237200000,8.956758333333e-06
TRXUSD,1786240800000,2.8077858333333e-05
TRXUSD,1786244400000,1.656666666667e-06
TRXUSD,1786248000000,2.3489895833333e-05
TRXUSD,1786251600000,1.6714858333333e-05
TRXUSD,1786255200000,2.58007e-05
TRXUSD,1786258800000,1.6114808333333e-05
TRXUSD,1786262400000,1.35341875e-05
TRXUSD,1786266000000,7.8244875e-06
TRXUSD,1786269600000,2.9850041666667e-05
TRXUSD,1786273200000,1.3767970833333e-05
TRXUSD,1786276800000,3.5858604166667e-05
TRXUSD,1786280400000,2.8533208333333e-05
TRXUSD,1786284000000,2.1241158333333e-05
TRXUSD,1786287600000,1.2569220833333e-05
TRXUSD,1786291200000,5.5907e-06
TRXUSD,1786294800000,-9.8977875e-06
TRXUSD,1786298400000,-2.673516666667e-06
TRXUSD,1786302000000,-8.317633333333e-06
TRXUSD,1786305600000,-1.09933875e-05
TRXUSD,1786309200000,1.416041666667e-06
TRXUSD,1786312800000,-1.1051904166667e-05
TRXUSD,1786316400000,-1.6766466666667e-05
TRXUSD,1786320000000,-1.52638625e-05
TRXUSD,1786323600000,-2.7392591666667e-05
TRXUSD,1786327200000,-5.997870833333e-06
TRXUSD,1786330800000,-1.6043408333333e-05
TRXUSD,1786334400000,-2.02381875e-05
TRXUSD,1786338000000,-1.1750729166667e-05
TRXUSD,1786341600000,-1.48479875e-05
TRXUSD,1786345200000,-2.6348554166667e-05
TRXUSD,1786348800000,-2.2223595833333e-05
TRXUSD,1786352400000,-1.1799225e-05
TRXUSD,1786356000000,6.68475e-07
TRXUSD,1786359600000,1.246279166667e-06
TRXUSD,1786363200000,-4.879633333333e-06
TRXUSD,1786366800000,5.6760375e-06
TRXUSD,1786370400000,-5.805175e-06
TRXUSD,1786374000000,-2.2659691666667e-05
TRXUSD,1786377600000,-2.26372e-05
TRXUSD,1786381200000,-1.1479266666667e-05
TRXUSD,1786384800000,-1.6562829166667e-05
TRXUSD,1786388400000,-2.42948e-05
TRXUSD,1786392000000,-8.310254166667e-06
TRXUSD,1786395600000,-8.959766666667e-06
TRXUSD,1786399200000,7.760558333333e-06
TRXUSD,1786402800000,-2.2185408333333e-05
TRXUSD,1786406400000,-1.73776875e-05
TRXUSD,1786410000000,1.940691666667e-06
TRXUSD,1786413600000,1.788366666667e-06
TRXUSD,1786417200000,9.945175e-06
TRXUSD,1786420800000,2.44408875e-05
TRXUSD,1786424400000,7.427554166667e-06
TRXUSD,1786428000000,1.5976666666667e-05
TRXUSD,1786431600000,2.924529166667e-06
TRXUSD,1786435200000,1.23035375e-05
TRXUSD,1786438800000,-2.6107741666667e-05
TRXUSD,1786442400000,7.044695833333e-06
TRXUSD,1786446000000,-2.160354166667e-06
TRXUSD,1786449600000,-1.20305e-06
TRXUSD,1786453200000,1.8262783333333e-05
TRXUSD,1786456800000,-1.3568579166667e-05
TRXUSD,1786460400000,-7.2087125e-06
TRXUSD,1786464000000,-4.8643391666667e-05
TRXUSD,1786467600000,-1.4233120833333e-05
TRXUSD,1786471200000,6.867220833333e-06
TRXUSD,1786474800000,1.324271e-05
TRXUSD,1786478400000,-4.24912e-06
TRXUSD,1786482000000,5.915420833333e-06
TRXUSD,1786485600000,2.102520833333e-06
TRXUSD,1786489200000,6.277645833333e-06
TRXUSD,1786492800000,6.6276625e-06
TRXUSD,1786496400000,1.06425e-05
TRXUSD,1786500000000,-6.414370833333e-06
TRXUSD,1786503600000,-2.2930625e-06
TRXUSD,1786507200000,-1.0285420833333e-05
TRXUSD,1786510800000,1.3212708333333e-05
TRXUSD,1786514400000,1.6643445833333e-05
TRXUSD,1786518000000,1.6298025e-05
TRXUSD,1786521600000,2.0733420833333e-05
TRXUSD,1786525200000,2.1067079166667e-05
TRXUSD,1786528800000,1.5273570833333e-05
TRXUSD,1786532400000,2.7178741666667e-05
TRXUSD,1786536000000,2.63014375e-05
TRXUSD,1786539600000,-4.1897e-06
TRXUSD,1786543200000,-3.212733333333e-06
TRXUSD,1786546800000,-1.68776375e-05
TRXUSD,1786550400000,-1.961145833333e-06
TRXUSD,1786554000000,-4.289216666667e-06
TRXUSD,1786557600000,1.73496875e-05
TRXUSD,1786561200000,1.8383275e-05
TRXUSD,1786564800000,-4.502979166667e-06
TRXUSD,1786568400000,9.187691666667e-06
TRXUSD,1786572000000,1.887366666667e-06
TRXUSD,1786575600000,-1.30475e-07
TRXUSD,1786579200000,1.8332070833333e-05
TRXUSD,1786582800000,8.5377375e-06
TRXUSD,1786586400000,2.9375591666667e-05
TRXUSD,1786590000000,2.39860125e-05
TRXUSD,1786593600000,1.04328875e-05
TRXUSD,1786597200000,3.243208333333e-06
TRXUSD,1786600800000,1.37424625e-05
TRXUSD,1786604400000,2.1368529166667e-05
TRXUSD,1786608000000,3.51285714286e-07
TRXUSD,1786611600000,-1.554883333333e-06
TRXUSD,1786615200000,-1.4496054166667e-05
TRXUSD,1786618800000,-7.7649375e-06
TRXUSD,1786622400000,-1.774104166667e-06
TRXUSD,1786626000000,1.6619954166667e-05
TRXUSD,1786629600000,1.1399504166667e-05
TRXUSD,1786633200000,3.0282825e-05
TRXUSD,1786636800000,1.5382475e-05
TRXUSD,1786640400000,-3.650708333333e-06
TRXUSD,1786644000000,-1.3465241666667e-05
TRXUSD,1786647600000,-1.58739125e-05
TRXUSD,1786651200000,9.1823625e-06
TRXUSD,1786654800000,2.4915725e-05
TRXUSD,1786658400000,2.2913483333333e-05
TRXUSD,1786662000000,2.0970141666667e-05
TRXUSD,1786665600000,1.9985933333333e-05
TRXUSD,1786669200000,1.465775e-06
TRXUSD,1786672800000,1.46328875e-05
TRXUSD,1786676400000,2.1339091666667e-05
TRXUSD,1786680000000,6.946891666667e-06
TRXUSD,1786683600000,-1.2725e-08
TRXUSD,1786687200000,-3.849583333333e-06
TRXUSD,1786690800000,-1.7266175e-05
TRXUSD,1786694400000,7.500783333333e-06
TRXUSD,1786698000000,-9.076020833333e-06
TRXUSD,1786701600000,1.6228095833333e-05
TRXUSD,1786705200000,-4.376066666667e-06
TRXUSD,1786708800000,-1.29311125e-05
TRXUSD,1786712400000,4.816625e-07
TRXUSD,1786716000000,-1.9099604166667e-05
TRXUSD,1786719600000,-9.271566666667e-06
TRXUSD,1786723200000,4.190720833333e-06
TRXUSD,1786726800000,9.650616666667e-06
TRXUSD,1786730400000,2.1920954166667e-05
TRXUSD,1786734000000,2.3134008333333e-05
TRXUSD,1786737600000,2.1249179166667e-05
TRXUSD,1786741200000,1.7382620833333e-05
TRXUSD,1786744800000,1.1885320833333e-05
TRXUSD,1786748400000,5.004291666667e-06
TRXUSD,1786752000000,2.2231329166667e-05
TRXUSD,1786755600000,7.771370833333e-06
TRXUSD,1786759200000,3.34458375e-05
TRXUSD,1786762800000,3.9496116666667e-05
TRXUSD,1786766400000,3.57256875e-05
TRXUSD,1786770000000,2.9739479166667e-05
TRXUSD,1786773600000,2.50925e-07
TRXUSD,1786777200000,9.371695833333e-06
TRXUSD,1786780800000,2.0623404166667e-05
TRXUSD,1786784400000,-5.3754125e-06
TRXUSD,1786788000000,2.653266666667e-06
TRXUSD,1786791600000,4.5858375e-06
TRXUSD,1786795200000,-2.859558333333e-06
TRXUSD,1786798800000,1.2749241666667e-05
TRXUSD,1786802400000,2.09358875e-05
TRXUSD,1786806000000,1.0841629166667e-05
TRXUSD,1786809600000,2.4073116666667e-05
TRXUSD,1786813200000,3.0969595833333e-05
TRXUSD,1786816800000,8.617579166667e-06
TRXUSD,1786820400000,1.1384354166667e-05
TRXUSD,1786824000000,5.58655e-06
TRXUSD,1786827600000,-1.4746425e-05
TRXUSD,1786831200000,-4.90708333333e-07
TRXUSD,1786834800000,3.1578625e-06
TRXUSD,1786838400000,-5.9345375e-06
TRXUSD,1786842000000,-1.1432891666667e-05
TRXUSD,1786845600000,-6.417558333333e-06
TRXUSD,1786849200000,1.4745554166667e-05
TRXUSD,1786852800000,-2.468025e-06
TRXUSD,1786856400000,4.044016666667e-06
TRXUSD,1786860000000,7.298316666667e-06
TRXUSD,1786863600000,1.574145833333e-06
TRXUSD,1786867200000,6.725329166667e-06
TRXUSD,1786870800000,-5.372945833333e-06
TRXUSD,1786874400000,3.840991666667e-06
TRXUSD,1786878000000,1.7377466666667e-05
TRXUSD,1786881600000,2.9788608333333e-05
TRXUSD,1786885200000,1.8888225e-05
TRXUSD,1786888800000,2.33672625e-05
TRXUSD,1786892400000,2.1681870833333e-05
TRXUSD,1786896000000,2.7244383333333e-05
TRXUSD,1786899600000,3.2664095833333e-05
TRXUSD,1786903200000,3.1276904166667e-05
TRXUSD,1786906800000,3.114516666667e-06
TRXUSD,1786910400000,-6.6776316666667e-05
TRXUSD,1786914000000,-3.1740233333333e-05
TRXUSD,1786917600000,-3.8051179166667e-05
TRXUSD,1786921200000,-5.24470625e-05
TRXUSD,1786924800000,-3.89663625e-05
TRXUSD,1786928400000,-3.589125e-05
TRXUSD,1786932000000,-3.418008333333e-06
TRXUSD,1786935600000,-9.0921125e-06
TRXUSD,1786939200000,-3.695533333333e-06
TRXUSD,1786942800000,-3.7419479166667e-05
TRXUSD,1786946400000,-3.6851804166667e-05
TRXUSD,1786950000000,-1.34023875e-05
TRXUSD,1786953600000,-3.014308333333e-06
TRXUSD,1786957200000,-1.7573533333333e-05
TRXUSD,1786960800000,-3.1227370833333e-05
TRXUSD,1786964400000,-2.9698911290323e-05
TRXUSD,1786968000000,-3.4221657258065e-05
TRXUSD,1786971600000,-3.698695e-05
TRXUSD,1786975200000,-1.8804258333333e-05
TRXUSD,1786978800000,-3.8377166666667e-05
TRXUSD,1786982400000,-4.8487758333333e-05
TRXUSD,1786986000000,-2.9873375e-05
TRXUSD,1786989600000,-2.0599429166667e-05
TRXUSD,1786993200000,-8.700033333333e-06
TRXUSD,1786996800000,-5.444329166667e-06
TRXUSD,1787000400000,-7.1997375e-06
TRXUSD,1787004000000,-4.951933333333e-06
TRXUSD,1787007600000,-1.0540191666667e-05
TRXUSD,1787011200000,-5.724608333333e-06
TRXUSD,1787014800000,-1.7129995833333e-05
TRXUSD,1787018400000,-2.1316966666667e-05
TRXUSD,1787022000000,-3.1367516666667e-05
TRXUSD,1787025600000,-1.38981625e-05
TRXUSD,1787029200000,-1.55485875e-05
TRXUSD,1787032800000,-1.70102375e-05
TRXUSD,1787036400000,-1.04927625e-05
TRXUSD,1787040000000,4.454070833333e-06
TRXUSD,1787043600000,-2.12954875e-05
TRXUSD,1787047200000,9.154875e-06
TRXUSD,1787050800000,2.30312e-05
TRXUSD,1787054400000,2.193341666667e-06
TRXUSD,1787058000000,-5.786191666667e-06
TRXUSD,1787061600000,5.650904166667e-06
TRXUSD,1787065200000,-3.868808333333e-06
TRXUSD,1787068800000,-9.52933333333e-07
TRXUSD,1787072400000,1.93550625e-05
TRXUSD,1787076000000,-1.3101529166667e-05
TRXUSD,1787079600000,-4.146045833333e-06
TRXUSD,1787083200000,-2.7446425e-05
TRXUSD,1787086800000,-1.96034625e-05
TRXUSD,1787090400000,-1.5393258333333e-05
TRXUSD,1787094000000,-2.9362125e-06
TRXUSD,1787097600000,-8.360316666667e-06
TRXUSD,1787101200000,5.004075e-06
TRXUSD,1787104800000,1.89962875e-05
TRXUSD,1787108400000,4.776595833333e-06
TRXUSD,1787112000000,1.1069545833333e-05
TRXUSD,1787115600000,1.9656608333333e-05
TRXUSD,1787119200000,2.30654e-05
TRXUSD,1787122800000,2.1240266666667e-05
TRXUSD,1787126400000,1.904895e-05
TRXUSD,1787130000000,2.2291075e-05
TRXUSD,1787133600000,-5.3357466666667e-05
TRXUSD,1787137200000,-2.2854833333333e-05
TRXUSD,1787140800000,-2.3888241666667e-05
TRXUSD,1787144400000,-1.56845625e-05
TRXUSD,1787148000000,-2.08039e-05
TRXUSD,1787151600000,-7.3510341666667e-05
TRXUSD,1787155200000,-3.2274066666667e-05
TRXUSD,1787158800000,-7.626770833333e-06
TRXUSD,1787162400000,-2.4715354166667e-05
TRXUSD,1787166000000,-2.7002229166667e-05
TRXUSD,1787169600000,-2.4757e-05
TRXUSD,1787173200000,-2.0386645833333e-05
TRXUSD,1787176800000,-2.232691666667e-06
TRXUSD,1787180400000,-1.832108333333e-06
TRXUSD,1787184000000,3.4282479166667e-05
TRXUSD,1787187600000,1.4788595833333e-05
TRXUSD,1787191200000,-2.0544308333333e-05
TRXUSD,1787194800000,-2.6847645833333e-05
TRXUSD,1787198400000,-3.6901316666667e-05
TRXUSD,1787202000000,-3.2671933333333e-05
TRXUSD,1787205600000,2.51991125e-05
TRXUSD,1787209200000,4.5410316666667e-05
TRXUSD,1787212800000,5.4692755e-05
TRXUSD,1787216400000,2.0215625e-05
TRXUSD,1787220000000,1.5264620833333e-05
TRXUSD,1787223600000,2.94379166667e-07
TRXUSD,1787227200000,2.3651904166667e-05
TRXUSD,1787230800000,1.1389483333333e-05
TRXUSD,1787234400000,2.3237383333333e-05
TRXUSD,1787238000000,9.182095833333e-06
TRXUSD,1787241600000,4.530775e-06
TRXUSD,1787245200000,1.9093325e-05
TRXUSD,1787248800000,-1.3624616666667e-05
TRXUSD,1787252400000,-1.2487675e-05
TRXUSD,1787256000000,7.2045833333e-08
TRXUSD,1787259600000,1.5210095833333e-05
TRXUSD,1787263200000,5.994229166667e-06
TRXUSD,1787266800000,2.7230625e-06
TRXUSD,1787270400000,2.231908333333e-06
TRXUSD,1787274000000,7.15595833333e-07
TRXUSD,1787277600000,-9.599804166667e-06
TRXUSD,1787281200000,-5.744529166667e-06
TRXUSD,1787284800000,1.1250533333333e-05
TRXUSD,1787288400000,-1.3060479166667e-05
TRXUSD,1787292000000,-9.7454375e-06
TRXUSD,1787295600000,1.68960375e-05
TRXUSD,1787299200000,2.6187783333333e-05
TRXUSD,1787302800000,4.3366283333333e-05
TRXUSD,1787306400000,2.9298325e-05
TRXUSD,1787310000000,9.851058333333e-06
TRXUSD,1787313600000,9.244679166667e-06
TRXUSD,1787317200000,3.9583345833333e-05
TRXUSD,1787320800000,1.8526175e-05
TRXUSD,1787324400000,2.5020875e-06
TRXUSD,1787328000000,2.3247033333333e-05
TRXUSD,1787331600000,2.8854958333333e-05
TRXUSD,1787335200000,1.35716875e-05
TRXUSD,1787338800000,1.6625375e-05
TRXUSD,1787342400000,2.0438966666667e-05
TRXUSD,1787346000000,3.3348120833333e-05
TRXUSD,1787349600000,4.5239854166667e-05
TRXUSD,1787353200000,6.71192625e-05
TRXUSD,1787356800000,3.4400658333333e-05
TRXUSD,1787360400000,6.376115e-05
TRXUSD,1787364000000,5.9232770833333e-05
TRXUSD,1787367600000,6.8926925e-05
TRXUSD,1787371200000,0.000113544145833333
TRXUSD,1787374800000,0.000126131204166667
TRXUSD,1787378400000,1.6401745833333e-05
TRXUSD,1787382000000,1.8647504166667e-05
TRXUSD,1787385600000,2.953175e-06
TRXUSD,1787389200000,-9.993054166667e-06
TRXUSD,1787392800000,-1.2037733333333e-05
TRXUSD,1787396400000,-2.9557091666667e-05
TRXUSD,1787400000000,-3.2810095833333e-05
TRXUSD,1787403600000,-1.6882116666667e-05
TRXUSD,1787407200000,5.70733333333e-07
TRXUSD,1787410800000,-9.8617625e-06
TRXUSD,1787414400000,1.62651625e-05
TRXUSD,1787418000000,4.1678970833333e-05
TRXUSD,1787421600000,3.845055e-05
TRXUSD,1787425200000,5.4648858333333e-05
TRXUSD,1787428800000,4.1338933333333e-05
TRXUSD,1787432400000,3.4713158333333e-05
TRXUSD,1787436000000,2.27e-08
TRXUSD,1787439600000,5.07708333333e-07
TRXUSD,1787443200000,-3.990154166667e-06
TRXUSD,1787446800000,1.3860283333333e-05
TRXUSD,1787450400000,2.8610875e-05
TRXUSD,1787454000000,-2.0302925e-05
TRXUSD,1787457600000,-2.07951625e-05
TRXUSD,1787461200000,-2.7592675e-05
TRXUSD,1787464800000,-1.9199941666667e-05
TRXUSD,1787468400000,-4.3233441666667e-05
TRXUSD,1787472000000,-1.1098125e-05
TRXUSD,1787475600000,1.6095429166667e-05
TRXUSD,1787479200000,1.45106875e-05
TRXUSD,1787482800000,7.855995833333e-06
TRXUSD,1787486400000,6.061791666667e-06
TRXUSD,1787490000000,-7.3477875e-06
TRXUSD,1787493600000,5.632695833333e-06
TRXUSD,1787497200000,-1.66972125e-05
TRXUSD,1787500800000,-1.36275375e-05
TRXUSD,1787504400000,-3.3265054166667e-05
TRXUSD,1787508000000,-3.9800904166667e-05
TRXUSD,1787511600000,-1.9503520833333e-05
TRXUSD,1787515200000,-1.1704320833333e-05
TRXUSD,1787518800000,-2.8424541666667e-05
TRXUSD,1787522400000,-5.679075e-06
TRXUSD,1787526000000,-2.7828683333333e-05
TRXUSD,1787529600000,-3.2897804166667e-05
TRXUSD,1787533200000,-7.06493375e-05
TRXUSD,1787536800000,-9.0476625e-06
TRXUSD,1787540400000,-3.08566375e-05
TRXUSD,1787544000000,-4.9089245833333e-05
TRXUSD,1787547600000,1.10946875e-05
TRXUSD,1787551200000,2.39608625e-05
TRXUSD,1787554800000,-4.608666666667e-06
TRXUSD,1787558400000,-2.475365e-05
TRXUSD,1787562000000,-2.61085125e-05
TRXUSD,1787565600000,6.596775e-06
TRXUSD,1787569200000,-7.66429166667e-07
TRXUSD,1787572800000,1.0626508333333e-05
TRXUSD,1787576400000,8.8001625e-06
TRXUSD,1787580000000,-1.040416666667e-06
TRXUSD,1787583600000,7.22e-08
TRXUSD,1787587200000,-2.4135279166667e-05
TRXUSD,1787590800000,-6.026370833333e-06
TRXUSD,1787594400000,-2.8066245967742e-05
TRXUSD,1787598000000,3.627600806452e-06
TRXUSD,1787601600000,3.4386766666667e-05
TRXUSD,1787605200000,1.2040416666667e-05
TRXUSD,1787608800000,2.77477e-05
TRXUSD,1787612400000,1.87776e-05
TRXUSD,1787616000000,2.30214375e-05
TRXUSD,1787619600000,2.79238e-05
TRXUSD,1787623200000,1.4568829166667e-05
TRXUSD,1787626800000,7.799654166667e-06
TRXUSD,1787630400000,-3.03194375e-05
TRXUSD,1787634000000,6.52283333333e-07
TRXUSD,1787637600000,2.5520125e-06
TRXUSD,1787641200000,2.29545833333e-07
TRXUSD,1787644800000,-2.29134625e-05
TRXUSD,1787648400000,-1.5164225e-05
TRXUSD,1787652000000,-2.3267529166667e-05
TRXUSD,1787655600000,5.786283333333e-06
TRXUSD,1787659200000,-1.99765e-05
TRXUSD,1787662800000,2.942220833333e-06
TRXUSD,1787666400000,-3.8745220833333e-05
TRXUSD,1787670000000,-1.7603820833333e-05
TRXUSD,1787673600000,-2.4997216666667e-05
TRXUSD,1787677200000,-2.3515329166667e-05
TRXUSD,1787680800000,-2.2912454166667e-05
TRXUSD,1787684400000,-1.3010645833333e-05
TRXUSD,1787688000000,-5.2159104166667e-05
TRXUSD,1787691600000,-1.8393804166667e-05
TRXUSD,1787695200000,-2.059985e-05
TRXUSD,1787698800000,-4.33915125e-05
TRXUSD,1787702400000,-5.1576879166667e-05
TRXUSD,1787706000000,-6.40729e-05
TRXUSD,1787709600000,-3.19444625e-05
TRXUSD,1787713200000,4.875225e-06
TRXUSD,1787716800000,-2.283766666667e-06
TRXUSD,1787720400000,2.2233441666667e-05
TRXUSD,1787724000000,2.2248045833333e-05
TRXUSD,1787727600000,5.405641666667e-06
TRXUSD,1787731200000,-3.23089625e-05
TRXUSD,1787734800000,3.649995833333e-06
TRXUSD,1787738400000,-4.2925320833333e-05
TRXUSD,1787742000000,-2.4619908333333e-05
TRXUSD,1787745600000,-3.5738820833333e-05
TRXUSD,1787749200000,-2.8848883333333e-05
TRXUSD,1787752800000,-8.78975625e-05
TRXUSD,1787756400000,-6.3386845833333e-05
TRXUSD,1787760000000,-6.46968625e-05
TRXUSD,1787763600000,-7.5878770833333e-05
TRXUSD,1787767200000,-1.67665125e-05
TRXUSD,1787770800000,8.71085e-06
TRXUSD,1787774400000,9.437575e-06
TRXUSD,1787778000000,2.6083791666667e-05
TRXUSD,1787781600000,-5.068066666667e-06
TRXUSD,1787785200000,2.0583941666667e-05
TRXUSD,1787788800000,-2.568270833333e-06
TRXUSD,1787792400000,-1.8051491666667e-05
TRXUSD,1787796000000,-9.771208333333e-06
TRXUSD,1787799600000,-2.341085e-05
TRXUSD,1787803200000,-4.2421929166667e-05
TRXUSD,1787806800000,-2.4578591666667e-05
TRXUSD,1787810400000,-2.703445e-05
TRXUSD,1787814000000,-3.1870795833333e-05
TRXUSD,1787817600000,1.9389964285714e-05
TRXUSD,1787821200000,2.13991625e-05
TRXUSD,1787824800000,-1.1528129166667e-05
TRXUSD,1787828400000,-1.7146804166667e-05
TRXUSD,1787832000000,1.4593595833333e-05
TRXUSD,1787835600000,2.6393125e-05
TRXUSD,1787839200000,-5.39966666667e-07
TRXUSD,1787842800000,1.1666870833333e-05
TRXUSD,1787846400000,-2.48142875e-05
TRXUSD,1787850000000,-1.1774458333333e-05
TRXUSD,1787853600000,2.860325e-06
TRXUSD,1787857200000,-3.4845175e-05
TRXUSD,1787860800000,-1.4608795833333e-05
TRXUSD,1787864400000,-6.16845833333e-07
TRXUSD,1787868000000,-2.0789016666667e-05
TRXUSD,1787871600000,-9.672320833333e-06
TRXUSD,1787875200000,-1.3300441666667e-05
TRXUSD,1787878800000,7.11170833333e-07
TRXUSD,1787882400000,3.4824825e-05
TRXUSD,1787886000000,-1.16746875e-05
TRXUSD,1787889600000,-4.0248125e-06
TRXUSD,1787893200000,1.3565741666667e-05
TRXUSD,1787896800000,3.6366625e-05
TRXUSD,1787900400000,4.6092583333333e-05
TRXUSD,1787904000000,8.217683333333e-06
TRXUSD,1787907600000,-1.869808333333e-06
TRXUSD,1787911200000,2.28995875e-05
TRXUSD,1787914800000,3.50047e-05
TRXUSD,1787918400000,2.5017179166667e-05
TRXUSD,1787922000000,1.4618770833333e-05
TRXUSD,1787925600000,2.0547508333333e-05
TRXUSD,1787929200000,4.353308333333e-06
TRXUSD,1787932800000,1.1748575e-05
TRXUSD,1787936400000,8.540070833333e-06
TRXUSD,1787940000000,2.9511066666667e-05
TRXUSD,1787943600000,3.647835e-05
TRXUSD,1787947200000,4.7338133333333e-05
TRXUSD,1787950800000,3.30848125e-05
TRXUSD,1787954400000,3.13113e-05
TRXUSD,1787958000000,2.2387183333333e-05
TRXUSD,1787961600000,8.261866666667e-06
TRXUSD,1787965200000,1.0491116666667e-05
TRXUSD,1787968800000,3.042158333333e-06
TRXUSD,1787972400000,6.386504166667e-06
TRXUSD,1787976000000,4.377545833333e-06
TRXUSD,1787979600000,2.416564516129e-06
TRXUSD,1787983200000,3.283741935484e-06
TRXUSD,1787986800000,-4.07622375e-05
TRXUSD,1787990400000,-2.52125e-05
TRXUSD,1787994000000,-3.4683970833333e-05
TRXUSD,1787997600000,-3.6356554166667e-05
TRXUSD,1788001200000,-2.15995e-05
TRXUSD,1788004800000,-2.2362366666667e-05
TRXUSD,1788008400000,-1.7815791666667e-05
TRXUSD,1788012000000,-2.0909166666667e-05
TRXUSD,1788015600000,-3.7105508333333e-05
TRXUSD,1788019200000,-5.1813504166667e-05
TRXUSD,1788022800000,-4.24088875e-05
TRXUSD,1788026400000,-3.9377870833333e-05
TRXUSD,1788030000000,6.6291625e-06
TRXUSD,1788033600000,1.3169275e-05
TRXUSD,1788037200000,2.1888154166667e-05
TRXUSD,1788040800000,1.5711754166667e-05
TRXUSD,1788044400000,3.9580229166667e-05
TRXUSD,1788048000000,2.1704641666667e-05
TRXUSD,1788051600000,1.1151991666667e-05
TRXUSD,1788055200000,8.134904166667e-06
TRXUSD,1788058800000,-2.1894425e-05
TRXUSD,1788062400000,6.785683333333e-06
TRXUSD,1788066000000,1.23805375e-05
TRXUSD,1788069600000,3.7763529166667e-05
TRXUSD,1788073200000,2.61686375e-05
TRXUSD,1788076800000,3.1292554166667e-05
TRXUSD,1788080400000,3.0743370833333e-05
TRXUSD,1788084000000,3.0890679166667e-05
TRXUSD,1788087600000,2.75349875e-05
TRXUSD,1788091200000,3.02295625e-05
TRXUSD,1788094800000,2.7844295833333e-05
TRXUSD,1788098400000,2.79280625e-05
TRXUSD,1788102000000,2.1449754166667e-05
TRXUSD,1788105600000,1.0015904166667e-05
TRXUSD,1788109200000,3.7156958333333e-05
TRXUSD,1788112800000,4.33264625e-05
TRXUSD,1788116400000,1.259829166667e-06
TRXUSD,1788120000000,-9.6788125e-06
TRXUSD,1788123600000,-1.2712666666667e-05
TRXUSD,1788127200000,-8.182191666667e-06
TRXUSD,1788130800000,-3.4858425e-05
TRXUSD,1788134400000,-5.3721995833333e-05
TRXUSD,1788138000000,-4.9206904166667e-05
TRXUSD,1788141600000,-2.7785333333333e-05
TRXUSD,1788145200000,-2.4870858333333e-05
TRXUSD,1788148800000,-1.425125e-05
TRXUSD,1788152400000,-8.072175e-06
TRXUSD,1788156000000,-1.6560670833333e-05
TRXUSD,1788159600000,-1.4640195833333e-05
TRXUSD,1788163200000,-1.3235208333333e-05
TRXUSD,1788166800000,-3.9230566666667e-05
TRXUSD,1788170400000,-6.89129875e-05
TRXUSD,1788174000000,-3.42992625e-05
TRXUSD,1788177600000,-4.0684991935484e-05
TRXUSD,1788181200000,-4.9943850806452e-05
TRXUSD,1788184800000,-7.2112e-05
TRXUSD,1788188400000,-3.3209245833333e-05
TRXUSD,1788192000000,-6.9435166666667e-05
TRXUSD,1788195600000,-3.2402325e-05
TRXUSD,1788199200000,-4.11584625e-05
TRXUSD,1788202800000,-2.2393941666667e-05
TRXUSD,1788206400000,-5.2003566666667e-05
TRXUSD,1788210000000,-7.7255575e-05
TRXUSD,1788213600000,-6.2262633333333e-05
TRXUSD,1788217200000,-8.9455166666667e-05
TRXUSD,1788220800000,-6.0249095833333e-05
TRXUSD,1788224400000,-6.6749658333333e-05
TRXUSD,1788228000000,-6.71519625e-05
TRXUSD,1788231600000,-7.029325e-05
TRXUSD,1788235200000,-5.12967375e-05
TRXUSD,1788238800000,-7.4305591666667e-05
TRXUSD,1788242400000,-6.12256625e-05
TRXUSD,1788246000000,-7.0772625e-05
TRXUSD,1788249600000,-8.0169920833333e-05
TRXUSD,1788253200000,-9.4986008333333e-05
TRXUSD,1788256800000,-0.000125679254166667
TRXUSD,1788260400000,-0.000169207520833333
TRXUSD,1788264000000,-7.92765375e-05
TRXUSD,1788267600000,-0.000242876279166667
TRXUSD,1788271200000,-0.000195568641666667
TRXUSD,1788274800000,-0.000276911525
TRXUSD,1788278400000,-0.000250449925
TRXUSD,1788282000000,-0.000244106808333333
TRXUSD,1788285600000,-0.000311128820833333
TRXUSD,1788289200000,-0.000281234808333333
TRXUSD,1788292800000,-0.000189806629166667
TRXUSD,1788296400000,-0.000215949529166667
TRXUSD,1788300000000,-0.000227880970833333
TRXUSD,1788303600000,-0.000251126154166667
TRXUSD,1788307200000,-0.000205896979166667
TRXUSD,1788310800000,-0.000193553470833333
TRXUSD,1788314400000,-0.0001910244125
TRXUSD,1788318000000,-0.0001520935375
TRXUSD,1788321600000,-0.000100074045833333
TRXUSD,1788325200000,-8.8972216666667e-05
TRXUSD,1788328800000,-6.1772987903226e-05
TRXUSD,1788332400000,-7.6718657258065e-05
TRXUSD,1788336000000,-7.4938929166667e-05
TRXUSD,1788339600000,-6.3805645833333e-05
TRXUSD,1788343200000,-7.46614875e-05
TRXUSD,1788346800000,-7.4733633333333e-05
TRXUSD,1788350400000,-5.5620720833333e-05
TRXUSD,1788354000000,-1.7897554166667e-05
TRXUSD,1788357600000,-3.70838625e-05
TRXUSD,1788361200000,-1.453145e-05
TRXUSD,1788364800000,-5.35821e-05
TRXUSD,1788368400000,-5.7605220833333e-05
TRXUSD,1788372000000,-8.3938333333333e-05
TRXUSD,1788375600000,-2.75395875e-05
TRXUSD,1788379200000,-3.9639820833333e-05
TRXUSD,1788382800000,-6.3754954166667e-05
TRXUSD,1788386400000,-5.5982508333333e-05
TRXUSD,1788390000000,-6.7339816666667e-05
TRXUSD,1788393600000,-4.8536129166667e-05
TRXUSD,1788397200000,-5.8057308333333e-05
TRXUSD,1788400800000,-3.7311675e-05
TRXUSD,1788404400000,-3.2203420833333e-05
TRXUSD,1788408000000,2.7774875e-06
TRXUSD,1788411600000,-2.326425e-06
TRXUSD,1788415200000,-1.6984454166667e-05
TRXUSD,1788418800000,-7.457329166667e-06
TRXUSD,1788422400000,-2.880638362069e-05
TRXUSD,1788426000000,-2.4238145833333e-05
TRXUSD,1788429600000,-9.205795833333e-06
TRXUSD,1788433200000,-2.126083333333e-06
TRXUSD,1788436800000,-1.4565770833333e-05
TRXUSD,1788440400000,-2.7671941666667e-05
TRXUSD,1788444000000,-2.1067470833333e-05
TRXUSD,1788447600000,-3.9465308333333e-05
TRXUSD,1788451200000,-3.5988108333333e-05
TRXUSD,1788454800000,-2.1493570833333e-05
TRXUSD,1788458400000,-3.9698720833333e-05
TRXUSD,1788462000000,-6.8924633333333e-05
TRXUSD,1788465600000,-3.0981616666667e-05
TRXUSD,1788469200000,-5.9645416666667e-05
TRXUSD,1788472800000,-7.37754e-05
TRXUSD,1788476400000,-0.0001090372
TRXUSD,1788480000000,-8.7820470833333e-05
TRXUSD,1788483600000,-0.000107123108333333
TRXUSD,1788487200000,-0.000102177270833333
TRXUSD,1788490800000,-9.1977745833333e-05
TRXUSD,1788494400000,-8.6477916666667e-05
TRXUSD,1788498000000,-0.000111033329166667
TRXUSD,1788501600000,-8.81715125e-05
TRXUSD,1788505200000,-0.00010258045
TRXUSD,1788508800000,-9.0845533333333e-05
TRXUSD,1788512400000,-9.8126995833333e-05
TRXUSD,1788516000000,-4.7731604166667e-05
TRXUSD,1788519600000,-5.9251170833333e-05
TRXUSD,1788523200000,-1.396858333333e-06
TRXUSD,1788526800000,-1.86360375e-05
TRXUSD,1788530400000,-9.490025e-06
TRXUSD,1788534000000,-1.91681e-05
TRXUSD,1788537600000,-1.7668145833333e-05
TRXUSD,1788541200000,-7.362695833333e-06
TRXUSD,1788544800000,-6.800775e-06
TRXUSD,1788548400000,5.666708333333e-06
TRXUSD,1788552000000,-3.4195441666667e-05
TRXUSD,1788555600000,-2.3521991666667e-05
TRXUSD,1788559200000,-3.8076733333333e-05
TRXUSD,1788562800000,-1.47598875e-05
TRXUSD,1788566400000,-3.34169125e-05
TRXUSD,1788570000000,-1.20586875e-05
TRXUSD,1788573600000,-1.7366220833333e-05
TRXUSD,1788577200000,-7.494429166667e-06
TRXUSD,1788580800000,2.535695833333e-06
TRXUSD,1788584400000,-2.1366525e-05
TRXUSD,1788588000000,-4.218066666667e-06
TRXUSD,1788591600000,-3.759e-07
TRXUSD,1788595200000,-5.73991375e-05
TRXUSD,1788598800000,-2.254805e-05
TRXUSD,1788602400000,-2.33219875e-05
TRXUSD,1788606000000,-2.7020733333333e-05
TRXUSD,1788609600000,-3.4619654166667e-05
TRXUSD,1788613200000,-4.36867875e-05
TRXUSD,1788616800000,-3.82911375e-05
TRXUSD,1788620400000,-4.1836029166667e-05
TRXUSD,1788624000000,-2.1947620833333e-05
TRXUSD,1788627600000,-4.3621e-06
TRXUSD,1788631200000,-3.21679875e-05
TRXUSD,1788634800000,-4.2076345833333e-05
TRXUSD,1788638400000,-3.6517191666667e-05
TRXUSD,1788642000000,-2.67379375e-05
TRXUSD,1788645600000,2.141558333333e-06
TRXUSD,1788649200000,-5.3477975e-05
TRXUSD,1788652800000,-4.35822875e-05
TRXUSD,1788656400000,-1.1679441666667e-05
TRXUSD,1788660000000,-1.2101529166667e-05
TRXUSD,1788663600000,-5.2210325e-05
