create_time,count_long_short_ratio,count_toptrader_long_short_ratio,sum_open_interest,sum_open_interest_value,sum_taker_long_short_vol_ratio,sum_toptrader_long_short_ratio
2022-01-01 23:55:00,,,99882.574,44401147.24571303,,
2022-01-02 23:55:00,,,97245.307,43526999.4132,,
2022-01-03 23:55:00,,,96322.536,41838544.08390125,,
2022-01-04 23:55:00,,,93171.377,39788862.67776268,,
2022-01-05 23:55:00,,,95981.713,38473309.83892,,
2022-01-06 23:55:00,,,97442.258,38965210.12904,,
2022-01-07 23:55:00,,,101725.965,39178173.0855888,,
2022-01-08 23:55:00,,,100937.935,37712431.2747,,
2022-01-09 23:55:00,,,99068.699,37304832.1587905,,
2022-01-10 23:55:00,,,104427.581,37954304.61400873,,
2022-01-11 23:55:00,,,106215.803,39206377.20336,,
2022-01-12 23:55:00,,,107215.675,41099687.94037252,,
2022-01-13 23:55:00,,,115633.275,43519739.379,,
2022-01-14 23:55:00,,,116356.769,44884623.64175,,
2022-01-15 23:55:00,,,114247.702,44645716.98756,,
2022-01-16 23:55:00,,,113944.132,44218487.04642853,,
2022-01-17 23:55:00,,,116752.669,44417385.39436,,
2022-01-18 23:55:00,,,118928.375,45378310.765,,
2022-01-19 23:55:00,3.1966089466089467,,114327.041,42235838.75663,,
2022-01-20 23:55:00,4.000432713111207,,117061.26,41783444.98248565,,
2022-01-21 23:55:00,3.4712475633528266,,115843.165,36349995.08475642,,
2022-01-22 23:55:00,2.6782982791587,,100816.049,29337470.259,,
2022-01-23 23:55:00,2.159125188536953,,110849.024,33473181.02234456,,
2022-01-24 23:55:00,2.2338709677419355,,113897.037,33334631.27483747,,
2022-01-25 23:55:00,1.7627599243856333,,115728.512,33786881.4629603,,
2022-01-26 23:55:00,2.379515512112197,,114546.884,33060080.26282626,,
2022-01-27 23:55:00,2.335943940643034,,114415.235,33100151.52402179,,
2022-01-28 23:55:00,2.1127450980392157,,113548.85,33694485.749,,
2022-01-29 23:55:00,1.8574766355140186,,113404.203,33839213.19869854,,
2022-01-30 23:55:00,2.27093786,2.28640777,124011.899,35958490.23404,0.85510662,0.8571371
2022-01-31 23:55:00,2.0960210457086483,,131751.795,37594057.1853,,
2022-02-01 23:55:00,2.1207177814029365,,127085.434,36583129.81455962,,
2022-02-02 23:55:00,2.18200620475698,,127957.013,35455608.73217,,
2022-02-03 23:55:00,2.240164214847759,,140320.886,39235122.93446,,
2022-02-04 23:55:00,2.212326193160466,,127187.727,38970302.06830317,,
2022-02-05 23:55:00,1.7651747394236665,,132929.366,42585251.69176,,
2022-02-06 23:55:00,2.032781345049003,,125522.557,40784789.22044,,
2022-02-07 23:55:00,1.6012470308788598,,124863.423,42872159.73263785,,
2022-02-08 23:55:00,1.812316715542522,,119959.372,40303949.80456,,
2022-02-09 23:55:00,1.689111747851003,,119936.668,41514674.89210827,,
2022-02-10 23:55:00,1.6251851851851853,,126523.269,43078851.20652465,,
2022-02-11 23:55:00,2.355359765051395,,120536.8,38606873.52934919,,
2022-02-12 23:55:00,1.6413442530358655,,124099.051,40807490.94033,,
2022-02-13 23:55:00,1.5151212196950763,,131199.622,43949137.02869969,,
2022-02-14 23:55:00,1.347987904163759,,124852.905,41324498.99546049,,
2022-02-15 23:55:00,1.559230588787239,,123189.683,42218031.96516644,,
2022-02-16 23:55:00,1.734951947395043,,126003.047,42153974.60935292,,
2022-02-17 23:55:00,2.220631304913765,,125159.927,39077432.40794,,
2022-02-18 23:55:00,2.209672386895476,,121304.711,37646605.85767917,,
2022-02-19 23:55:00,2.5693215339233038,,126718.013,39517584.07657951,,
2022-02-20 23:55:00,2.490466798159106,,129000.614,38973100.36160012,,
2022-02-21 23:55:00,2.487813250944044,,139185.685,39373210.54336628,,
2022-02-22 23:55:00,2.4835398230088495,,141647.855,41614922.61048312,,
2022-02-23 23:55:00,2.1894803548795942,,138472.922,40002057.70736,,
2022-02-24 23:55:00,1.764979639325189,,146681.41,44085917.63363943,,
2022-02-25 23:55:00,1.6557146868857062,,141737.806,43783584.09937657,,
2022-02-26 23:55:00,1.5841638981173864,,132330.877,41524111.9439977,,
2022-02-27 23:55:00,1.8020214030915576,,137985.31,41968230.64698793,,
2022-02-28 23:55:00,1.2566544566544566,,140748.297,47490406.71792939,,
2022-03-01 23:55:00,1.6405541561712846,,143853.889,47185514.13089,,
2022-03-02 23:55:00,1.7333877995642701,,146552.72,46911525.672,,
2022-03-03 23:55:00,1.9105861244019138,,146319.508,46097960.9954,,
2022-03-04 23:55:00,2.2839931153184163,,143005.247,41432910.21331,,
2022-03-05 23:55:00,2.495858840475333,,151555.72,44599646.22672106,,
2022-03-06 23:55:00,2.518761384335155,,149380.834,42061300.36550609,,
2022-03-07 23:55:00,2.212905236907731,,0.0,0.0,,
2022-03-08 23:55:00,2.012367491166078,,151028.94,42946307.5674597,,
2022-03-09 23:55:00,1.3094548962855765,,144673.006,44539031.62716,,
2022-03-10 23:55:00,2.1377487562189055,,138538.398,40091626.99722,,
2022-03-11 23:55:00,2.517730496453901,,141115.745,40568996.24990154,,
2022-03-12 23:55:00,2.4918140144073346,,142352.355,41447863.19610545,,
2022-03-13 23:55:00,2.5310225303292895,,143655.839,40242310.17907,,
2022-03-14 23:55:00,2.541121181604565,,147043.659,42546989.72653569,,
2022-03-15 23:55:00,2.16736,,151153.334,43699940.39274,,
2022-03-16 23:55:00,1.6684767076307516,,145493.341,43592536.92698236,,
2022-03-17 23:55:00,1.632931305715784,,145536.569,43090467.34952,,
2022-03-18 23:55:00,1.3766899766899767,,150127.065,45870230.84141756,,
2022-03-19 23:55:00,1.0661023780733576,,160712.029,52677833.73703528,,
2022-03-20 23:55:00,0.9812792511700468,,161115.034,52607280.90168,,
2022-03-21 23:55:00,0.9016707274625827,,174267.12,58404036.39276142,,
2022-03-22 23:55:00,0.6363636363636364,,206658.097,77620781.2332,,
2022-03-23 23:55:00,1.1846571622539035,,174548.833,63637222.18034204,,
2022-03-24 23:55:00,1.1327589238614384,,164172.491,60055771.7016855,,
2022-03-25 23:55:00,1.029274207517755,,166238.973,60613668.10560447,,
2022-03-26 23:55:00,1.1993458426579446,,165055.23,59748710.16190579,,
2022-03-27 23:55:00,1.0618219390390908,,157514.114,59333991.60266,,
2022-03-28 23:55:00,1.1307832422586521,,158628.473,57954912.61055,,
2022-03-29 23:55:00,1.1628035320088301,,159503.982,59608559.63063147,,
2022-03-30 23:55:00,1.103236018290538,,144087.704,54716666.3431377,,
2022-03-31 23:55:00,0.9025522041763341,,133104.481,51057547.86679,,
2022-04-01 23:55:00,1.0377029149938908,,111832.094,42089126.89784,,
2022-04-02 23:55:00,1.2911414263512346,,113792.638,42380368.30360412,,
2022-04-03 23:55:00,1.3878923766816142,,109616.132,41505524.70766305,,
2022-04-04 23:55:00,1.1816452686638137,,110065.869,41366055.54627,,
2022-04-05 23:55:00,1.3498092265001733,,106900.726,39090388.47642,,
2022-04-06 23:55:00,1.6077526534379327,,107520.662,35456088.27206356,,
2022-04-07 23:55:00,2.0189955763726255,,109995.661,37028688.48273474,,
2022-04-08 23:55:00,2.3292181069958846,,103353.406,33360412.38868,,
2022-04-09 23:55:00,2.5351480705952736,,107084.887,34904318.91765,,
2022-04-10 23:55:00,2.4262726740784086,,106465.064,34118859.06008,,
2022-04-11 23:55:00,2.5017713365539453,,116745.379,34354662.67833,,
2022-04-12 23:55:00,2.7376992376992377,,116979.926,35652960.45837654,,
2022-04-13 23:55:00,0.8105607582082817,,165131.355,56369239.3428,,
2022-04-14 23:55:00,0.9734526042418121,,146193.06,49296299.832,,
2022-04-15 23:55:00,0.8752520500067213,,144474.924,49204419.72050833,,
2022-04-16 23:55:00,0.8060401877030442,,149965.637,51409630.73342904,,
2022-04-17 23:55:00,0.9365013199944421,,149595.498,49055355.70416,,
2022-04-18 23:55:00,1.2461276917264827,,124782.159,42446083.65094051,,
2022-04-19 23:55:00,1.4285714285714286,,119577.908,40760521.49996,,
2022-04-20 23:55:00,1.6608251996450754,,112674.408,37202546.76217885,,
2022-04-21 23:55:00,2.351180195739781,,109501.203,34541059.47432,,
2022-04-22 23:55:00,2.1029336078229544,,117196.76,37651803.0852,,
2022-04-23 23:55:00,2.5626635649898226,,115557.923,36079494.71906,,
2022-04-24 23:55:00,2.545826036193812,,115077.246,35356333.06104,,
2022-04-25 23:55:00,2.1255581822957708,,118350.836,37209769.26270095,,
2022-04-26 23:55:00,2.3686746987951808,,117658.915,34674294.23656716,,
2022-04-27 23:55:00,1.8764318791128443,,114860.874,35309381.27634,,
2022-04-28 23:55:00,1.9584739164287568,,112330.708,34422539.36055514,,
2022-04-29 23:55:00,2.408011869436202,,115531.813,33969818.97639,,
2022-04-30 23:55:00,2.3841899804814575,,122274.68,34048607.3928,,
2022-05-01 23:55:00,2.118771726535342,,125857.622,35759926.13886,,
2022-05-02 23:55:00,1.8702271025705017,,127225.818,36232890.70822463,,
2022-05-03 23:55:00,1.9832344596337375,,124267.344,34704141.15888,,
2022-05-04 23:55:00,1.9597333333333333,,125622.934,37663011.84254,,
2022-05-05 23:55:00,2.5028006589785834,,122125.431,33874987.65651608,,
2022-05-06 23:55:00,2.3436923076923075,,124987.168,34351473.25312,,
2022-05-07 23:55:00,2.395443196004994,,124550.98,33453147.7182,,
2022-05-08 23:55:00,2.5858753315649867,,123845.537,32291485.31738,,
2022-05-09 23:55:00,2.5279433681073025,,120480.96,26825248.10173208,0.8922337722,
2022-05-10 23:55:00,2.0009590792838874,,105791.311,24570031.97975,,
2022-05-11 23:55:00,2.0536193029490617,,102599.416,19923800.06948714,0.8353949067,
2022-05-12 23:55:00,1.3923330338424678,,137220.947,26758084.665,0.6301940575,
2022-05-13 23:55:00,1.33121387283237,,96353.23,19427701.7649,0.9478414747,
2022-05-14 23:55:00,1.3916083916083917,,125000.174,26405036.75576,0.6505883469,
2022-05-15 23:55:00,1.384843581445523,,124680.183,26705248.39677,0.7432843371,
2022-05-16 23:55:00,1.5053490990990992,,124175.904,24450235.4976,0.9216225197,
2022-05-17 23:55:00,1.3151677852348993,,130570.925,26998467.84131052,1.3932874759,
2022-05-18 23:55:00,1.8036828963795255,,135378.027,25475536.05106079,0.5243198004,
2022-05-19 23:55:00,1.682574568288854,,135146.148,26530209.65179969,0.5345999113,
2022-05-20 23:55:00,1.8229712041884816,,133220.346,25379808.11646,0.7578659829,
2022-05-21 23:55:00,1.8880645161290324,,132816.204,25507351.9782,0.6279508103,
2022-05-22 23:55:00,1.5480406386066763,,136842.247,27231607.153,0.3087355103,
2022-05-23 23:55:00,2.024188204108681,,132177.049,25344731.56778787,0.6099424373,
2022-05-24 23:55:00,1.8344086021505377,,136316.5,26690770.7,1.5662983715,
2022-05-25 23:55:00,1.7043805428648213,,146155.899,27776928.60495,0.6005320426,
2022-05-26 23:55:00,2.1537351136773726,,141576.977,25618353.98815,1.2042645126,
2022-05-27 23:55:00,2.368519909842224,2.44921514312096,141503.424,24607402.82408897,0.9033790853,0.8139037582
2022-05-28 23:55:00,1.921968787515006,2.1376404494382024,141844.235,25398628.7191,0.9173208028,0.8260053208
2022-05-29 23:55:00,1.7370413511939429,1.9036731634182908,146194.679,27028472.25352,4.1790784896,0.8513307216
2022-05-30 23:55:00,1.7318055125425829,1.8063902624572081,143696.863,28278105.66977,2.2103472302,0.8718957192
2022-05-31 23:55:00,1.43224043715847,1.5443131462333826,152217.968,30915126.56377889,0.4781637989,0.7943475675
2022-06-01 23:55:00,1.9559393725766654,2.116331096196868,154339.947,28670188.55472,0.3057993186,0.7999329471
2022-06-02 23:55:00,1.7119416590701915,1.8173302107728337,161762.744,30539188.43976,0.4011420247,0.7809702101
2022-06-03 23:55:00,2.049002450122506,2.0410607356715142,151233.633,27712050.91092,0.9505998179,0.7624033912
2022-06-04 23:55:00,1.850827067669173,1.7847432024169185,153150.611,28875016.19794,1.8290947386,0.7884685346
2022-06-05 23:55:00,2.2072678331090176,2.0977198697068404,159968.473,28745461.50137216,0.943066522,0.8813523203
2022-06-06 23:55:00,1.9502423263327948,1.878222927409758,150400.72,27949213.67753865,1.8834904678,0.9055638422
2022-06-07 23:55:00,1.6169429097605894,1.7196554424432262,148831.333,27094030.24065211,1.4311234767,0.8991889227
2022-06-08 23:55:00,2.0085616438356166,2.067685589519651,146796.743,25944856.35782,1.4356696339,0.9096374332
2022-06-09 23:55:00,2.1499482936918306,2.102409638554217,149382.046,26198623.22748,0.9112977457,0.9207022808
2022-06-10 23:55:00,2.064755838641189,2.057541412380122,144310.921,24211803.8963519,1.3438171115,0.9146927514
2022-06-11 23:55:00,1.9917043740573153,2.0123739688359303,147029.103,22982119.08993,0.3572209643,0.9279966984
2022-06-12 23:55:00,1.841198501872659,1.9158964879852125,141103.965,20613415.36658113,0.6315175999,0.9412692555
2022-06-13 23:55:00,1.8576242628475148,1.9384376616658046,158039.24,19995124.6448,0.6510818851,0.8996906458
2022-06-14 23:55:00,1.88463123197363,1.9027568922305764,148245.573,18775301.82045,1.2000421052,0.9079178151
2022-06-15 23:55:00,1.6375192604006163,1.6690716690716692,147105.957,18715763.11941536,1.2776913857,0.955396312
2022-06-16 23:55:00,1.8872340425531915,1.842566943674977,179573.127,19650687.28761,0.3191148177,0.9744663754
2022-06-17 23:55:00,1.126890359168242,1.1588559614059268,195471.801,23683363.40916,0.9738078171,0.9883366135
2022-06-18 23:55:00,1.3150297197848855,1.3847711624139327,206521.019,24022476.7962261,0.5098570028,1.0430823176
2022-06-19 23:55:00,1.568504456916474,1.5377358490566038,208340.012,25072815.44852227,2.2738102389,0.9930232094
2022-06-20 23:55:00,1.7453900709219858,1.7510959571358986,214038.733,25505147.1055634,0.6841231335,0.9942966486
2022-06-21 23:55:00,2.1158232359230222,1.9155534351145038,226887.812,26996236.78380077,1.1820328936,0.9874181188
2022-06-22 23:55:00,2.2205607476635514,2.024066797642436,235394.636,26588193.81406005,1.0540801193,0.9791257931
2022-06-23 23:55:00,2.1478454680534917,2.0631364562118124,241821.857,27991364.53940568,2.4148105767,0.9915348084
2022-06-24 23:55:00,3.1277219430485763,,292786.383,33452223.29039752,0.3497108686,
2022-06-25 23:55:00,2.8430296377607025,,294558.913,33942023.54499,1.0761488131,
2022-06-26 23:55:00,3.242538723082735,,309817.452,34924738.21404322,0.7063429045,
2022-06-27 23:55:00,3.567629179331307,,353269.752,39333054.18768,0.9381582164,
2022-06-28 23:55:00,3.035455585207777,,421966.59,43487876.7654,1.4512012239,
2022-06-29 23:55:00,2.655783258075721,,427262.714,44579505.62648296,1.5031687989,
2022-06-30 23:55:00,2.4930678990401707,,421468.092,43368867.88558909,0.8945222611,
2022-07-01 23:55:00,2.3351648351648353,,423820.449,42767721.50859,0.4400397927,
2022-07-02 23:55:00,1.7865519937451133,,426741.937,45487390.72350925,0.9887147738,
2022-07-03 23:55:00,2.097668557025835,,398058.426,42033592.46762078,0.2331841791,
2022-07-04 23:55:00,1.934926576446876,,403646.951,43734228.14169078,0.777294655,
2022-07-05 23:55:00,2.3586497890295357,,384194.799,39948575.20002,0.5200831694,
2022-07-06 23:55:00,2.1973813420621933,,416497.077,44103750.2981555,1.0099674198,
2022-07-07 23:55:00,2.0040662213186176,,399273.124,44550895.17592,0.9398071358,
2022-07-08 23:55:00,2.128958537381652,,379602.023,41281720.00125,0.6610572039,
2022-07-09 23:55:00,2.1006369426751594,,383535.954,42748917.43284,0.8056026115,
2022-07-10 23:55:00,2.41455223880597,,380689.787,40729875.95500418,0.6658623826,
2022-07-11 23:55:00,2.7137724550898206,,393710.813,39050423.62284274,0.348859935,
2022-07-12 23:55:00,2.565780014378145,,441260.747,42851519.69326484,0.4782280639,
2022-07-13 23:55:00,2.3217803721269608,,434792.396,44413164.49683637,1.00458356,
2022-07-14 23:55:00,2.1325301204819276,,395967.291,40721493.4697329,0.325805522,
2022-07-15 23:55:00,1.7430471584038694,,357737.671,37941657.38626,2.6263628018,
2022-07-16 23:55:00,1.6010230179028133,,354581.023,38883354.98218,1.3418104909,
2022-07-17 23:55:00,1.6126574860826253,,356805.727,39262902.19908,0.7663598845,
2022-07-18 23:55:00,1.4799166914608748,,333785.05,40534856.472,0.8667610244,
2022-07-19 23:55:00,1.3881669892175836,,305952.688,39278536.25428326,0.8330680373,
2022-07-20 23:55:00,1.5778210116731517,,283875.449,34539619.59884965,0.3300037483,
2022-07-21 23:55:00,1.558972827709764,,284532.971,34863145.13045569,0.4255528986,
2022-07-22 23:55:00,1.5519925280199254,,287729.299,35536549.51177865,2.12470255,
2022-07-23 23:55:00,1.6147227533460804,,286817.478,35161280.76530606,1.0743600621,
2022-07-24 23:55:00,1.1012325722368155,,336579.21,44603476.9092,0.9889030551,
2022-07-25 23:55:00,1.7728,,300562.824,35610683.38752,1.0359448967,
2022-07-26 23:55:00,1.6484141232794733,,303171.489,35947043.45073,1.2244682598,
2022-07-27 23:55:00,1.4625076828518746,,278669.151,35429424.71735495,1.1265437087,
2022-07-28 23:55:00,0.9300542360201982,,362199.995,55934545.22785,0.6065336215,
2022-07-29 23:55:00,1.3601663812087106,,412067.613,62293324.27406506,1.5374144047,
2022-07-30 23:55:00,1.6165021929824561,,431930.007,62629851.015,1.1025198198,
2022-07-31 23:55:00,1.9204834605597965,,421751.322,58779481.74714,0.7214927914,
2022-08-01 23:55:00,2.136852394916911,,404353.978,55821328.17074819,0.6684656991,
2022-08-02 23:55:00,2.0159642401021713,,393289.098,52618148.42142,0.903000983,
2022-08-03 23:55:00,2.2990388038447844,,389148.546,51970780.08002528,1.2149132193,
2022-08-04 23:55:00,2.4669331395348837,,398369.614,53591790.48710106,1.5538350488,
2022-08-05 23:55:00,2.0654055787111254,,407865.634,57664043.33492,1.5749387661,
2022-08-06 23:55:00,1.8880239520958084,,409595.704,58015135.51456,0.6325229989,
2022-08-07 23:55:00,2.020164986251146,,400793.822,56487881.27268,0.6732829825,
2022-08-08 23:55:00,2.3915971776779985,,384122.745,55044789.3585,0.8525151569,
2022-08-09 23:55:00,2.790789003927169,,412544.408,55537040.90537038,0.528874952,
2022-08-10 23:55:00,1.832112332112332,,379565.375,53837706.01295058,0.7878793905,
2022-08-11 23:55:00,1.7497051886792452,,385380.181,55033342.46651878,0.6309886998,
2022-08-12 23:55:00,2.2377162629757787,,381573.688,54553590.17336,1.564891643,
2022-08-13 23:55:00,2.0437001594896334,,377713.9,54589162.07723804,0.7148385098,
2022-08-14 23:55:00,2.432362698120162,,382779.066,53424474.24162,0.8514137499,
2022-08-15 23:55:00,2.453434016540813,,396471.387,54514815.7125,1.0127666519,
2022-08-16 23:55:00,2.4373665480427045,,401375.36,54803791.6544,0.6893595853,
2022-08-17 23:55:00,2.430298958683238,,414797.272,55275373.80565047,0.7611953222,
2022-08-18 23:55:00,2.5060658578856154,,426243.804,54972663.40188,0.8478596007,
2022-08-19 23:55:00,2.3435897435897437,,440090.049,50218675.49139,1.512186381,
2022-08-20 23:55:00,2.567378640776699,,435886.377,49922066.75781,1.0839936293,
2022-08-21 23:55:00,2.294201351832088,,439328.36,52264672.7653096,0.5992461413,
2022-08-22 23:55:00,2.123046875,,479968.562,58872943.81492,0.883155674,
2022-08-23 23:55:00,0.823449401523395,,561847.247,74921537.22769141,1.4662374038,
2022-08-24 23:55:00,1.213841524573721,,493127.17,64469776.25036388,0.4841580068,
2022-08-25 23:55:00,1.5524118738404453,,464640.168,60575657.16159866,0.8565243174,
2022-08-26 23:55:00,2.2001352265043947,,459238.185,53143042.7682,1.5295797855,
2022-08-27 23:55:00,2.2645536869340233,,450373.991,51912277.59979029,0.979462787,
2022-08-28 23:55:00,2.0778816199376946,,448096.871,50563045.48914852,0.7375343347,
2022-08-29 23:55:00,1.9326080386823814,,442373.516,52828245.28072,0.7829513417,
2022-08-30 23:55:00,2.2726085537055174,,468794.343,53526187.07989046,1.1588325757,
2022-08-31 23:55:00,2.2585929971088983,,457973.517,52650617.65117998,1.1757368872,
2022-09-01 23:55:00,2.3049267643142475,,462982.45,54002272.968,1.0312064821,
2022-09-02 23:55:00,2.1954636424282854,,455440.189,52883180.96895012,1.4953197258,
2022-09-03 23:55:00,2.026339419335528,,463256.642,54492878.79846,1.4354409246,
2022-09-04 23:55:00,1.8936343852013058,,476484.803,56234384.42308755,1.0950426132,
2022-09-05 23:55:00,1.130815544608648,,544929.952,68655937.88357022,0.9718192896,
2022-09-06 23:55:00,2.482086956521739,,484868.769,54312658.84303584,0.779500203,
2022-09-07 23:55:00,1.8243468593663146,,466767.909,55153296.12744,1.1684734722,
2022-09-08 23:55:00,0.6216269841269841,,599209.423,75937810.17679,0.5360196788,
2022-09-09 23:55:00,0.8244263285024155,,534915.158,70876258.435,0.9476477841,
2022-09-10 23:55:00,0.9359541359541359,,517046.753,68570740.38286,2.2081885477,
2022-09-11 23:55:00,1.0960609438870308,,490768.195,63932372.76265,1.3832204269,
2022-09-12 23:55:00,1.5018181818181817,,457414.669,58946522.89135685,2.0616690473,
2022-09-13 23:55:00,2.419621342512909,,429059.361,50367278.38779,0.9472586283,
2022-09-14 23:55:00,2.3110455588331695,,414946.947,49922267.19357,0.9696264679,
2022-09-15 23:55:00,2.074565281461833,,403413.164,47336500.66376,0.4319852912,
2022-09-16 23:55:00,1.9652698048220436,,416353.78,49787112.91301239,0.7378570358,
2022-09-17 23:55:00,1.8424307609572466,,420350.122,51305967.24457613,1.468441352,
2022-09-18 23:55:00,2.470194003527337,,430375.75,48000079.78661593,1.1698048575,
2022-09-19 23:55:00,2.56990774,,437140.509,49020936.67926,1.33809042,
2022-09-20 23:55:00,2.28960155,,437339.938,49384425.79896,0.8509246,
2022-09-21 23:55:00,2.36900107,,428036.135,46677340.52175,1.2978216,
2022-09-22 23:55:00,1.7753036437246963,,422863.081,49301606.61379,0.9380313604,
2022-09-23 23:55:00,1.6293250141803743,,420119.609,50336859.41757957,0.7095048901,
2022-09-24 23:55:00,1.3030440708768742,,446472.536,52460522.98,0.8807535322,
2022-09-25 23:55:00,2.4774362328319164,,440135.198,49924535.50914,1.3248182648,
2022-09-26 23:55:00,2.108314749920357,,429509.171,49933818.07588552,1.7471924747,
2022-09-27 23:55:00,2.4639543183440398,,428167.756,48883266.54599606,1.1113767441,
2022-09-28 23:55:00,2.0492717694453053,,420304.496,47951738.02027077,1.1627934716,
2022-09-29 23:55:00,1.6376772812416376,,422880.741,49377257.88354015,0.9580113285,
2022-09-30 23:55:00,0.7877237851662404,,499145.303,59887016.47219303,0.89605368,
2022-10-01 23:55:00,2.0135236664162286,,454267.741,53256557.01003572,0.9212686971,
2022-10-02 23:55:00,2.418354430379747,,444972.585,50827861.30271054,0.5478704097,
2022-10-03 23:55:00,2.3092905906797268,,444889.069,51687212.03642,0.6307470091,
2022-10-04 23:55:00,1.0731935604642455,,463077.382,56095062.54733685,1.3721875873,
2022-10-05 23:55:00,0.975930735930736,,469536.489,57321014.57712,1.7724134436,
2022-10-06 23:55:00,1.6673170731707316,,450822.938,53345878.25354,2.0518191041,
2022-10-07 23:55:00,2.530402245088868,,452752.855,52828023.97138117,2.4073716327,
2022-10-08 23:55:00,2.2912477823772917,,437294.825,51121422.22371472,0.4906080061,
2022-10-09 23:55:00,2.3684992570579495,,445208.241,52205652.03749098,0.9357004094,
2022-10-10 23:55:00,3.2425127830533236,,453395.443,50576261.66665,0.7955927283,
2022-10-11 23:55:00,3.1844729344729346,,464983.76,51636446.548,0.8728311464,
2022-10-12 23:55:00,2.7174114021571647,,466543.251,52102621.747971,0.7759218639,
2022-10-13 23:55:00,2.479173393606716,,442544.954,48147563.68339582,0.7464502405,
2022-10-14 23:55:00,2.516763378465506,,442787.872,47617407.75488,1.3666338905,
2022-10-15 23:55:00,2.407234175241659,,452028.146,48746715.26464,0.9627345877,
2022-10-16 23:55:00,2.0518005540166206,,447750.136,49359974.99264,0.7464124787,
2022-10-17 23:55:00,2.244568408690546,,450153.596,49767134.90866313,0.4785275997,
2022-10-18 23:55:00,2.6052631578947367,,457582.034,49757699.99640048,0.7557424349,
2022-10-19 23:55:00,2.8870036101083034,,462955.773,49014410.18148104,1.0407297677,
2022-10-20 23:55:00,2.648875461564283,,474237.757,50414171.10933986,1.2636709012,
2022-10-21 23:55:00,2.5054697554697554,,459377.006,49114917.04602934,2.8378233337,
2022-10-22 23:55:00,2.0359297860669225,,455634.299,49465410.54761449,0.3976885678,
2022-10-23 23:55:00,1.903225806451613,,447696.757,49654047.31887,0.9804245026,
2022-10-24 23:55:00,2.1874436767798136,,448335.799,48335082.49019,1.8840232581,
2022-10-25 23:55:00,1.4711024769305487,,425869.847,48039099.53689244,0.5945809173,
2022-10-26 23:55:00,1.3637184115523466,,424114.181,48494833.86677241,0.6183981921,
2022-10-27 23:55:00,1.5195187822244045,,420186.906,47293443.4762482,0.7453134233,
2022-10-28 23:55:00,1.6553140096618357,,415845.515,48058202.36087044,2.0586284847,
2022-10-29 23:55:00,1.2848713712532451,,419963.899,49757322.75352,1.5315032823,
2022-10-30 23:55:00,1.4215042907622413,,411975.414,47879782.61508,2.1667173257,
2022-10-31 23:55:00,1.6836143308746048,,410986.568,47312773.70816,1.2640381862,
2022-11-01 23:55:00,1.5585292646323161,,422599.675,48558479.29188968,0.1105309097,
2022-11-02 23:55:00,1.783280847409104,,406365.678,46081867.8852,0.8231091638,
2022-11-03 23:55:00,1.5963675792897805,,402259.177,46616686.82470388,1.4035122906,
2022-11-04 23:55:00,1.0352748154224773,,439261.56,54407091.2396088,1.0727036761,
2022-11-05 23:55:00,1.01380398343522,,438785.858,54245705.86247981,0.5215896141,
2022-11-06 23:55:00,1.6242758620689655,,398374.442,46406638.74858,0.6838550306,
2022-11-07 23:55:00,1.8559017375674056,,381600.32,44976128.78840764,1.1517619214,
2022-11-08 23:55:00,2.6783964365256123,,366562.555,37627646.27075,0.8477302633,
2022-11-09 23:55:00,2.5509280217292893,,377286.953,33348393.77567,0.9337885795,
2022-11-10 23:55:00,2.1684041700080194,,324736.925,33325632.18167765,2.0092425127,
2022-11-11 23:55:00,1.9120202751629254,,331082.811,34078353.73623,0.9609234133,
2022-11-12 23:55:00,1.7901756668835394,,341148.113,34919920.84668,2.3447209541,
2022-11-13 23:55:00,2.2129057187017,,366106.614,36532219.87648402,0.568039169,
2022-11-14 23:55:00,1.7847267939433837,,402349.626,41643186.291,1.0312519669,
2022-11-15 23:55:00,1.9047619047619047,,415397.317,43109933.55826,1.3603513151,
2022-11-16 23:55:00,1.8223915592028137,,427089.114,44631705.79800867,0.4468055833,
2022-11-17 23:55:00,1.4619911721432075,,430623.659,44661655.12819749,0.9123292204,
2022-11-18 23:55:00,1.4529634300126104,,438152.006,45893162.60669608,1.1318658188,
2022-11-19 23:55:00,1.2682326621923938,,447180.725,46828765.522,2.2996382382,
2022-11-20 23:55:00,1.3889156626506025,,450070.208,47332737.70308024,1.4507805227,
2022-11-21 23:55:00,1.5659078877713075,,437991.641,45163758.38269766,0.582830498,
2022-11-22 23:55:00,0.9547088425593099,,495541.93,53994248.6928,1.1790216913,
2022-11-23 23:55:00,0.9976442873969376,,508385.169,58390949.71683607,2.1919784656,
2022-11-24 23:55:00,0.9102907080435171,,498793.154,57746481.96371009,1.4244559873,
2022-11-25 23:55:00,1.0636295180722892,,496962.325,56599039.19425,0.7689706551,
2022-11-26 23:55:00,1.205378020265004,,484320.162,54471488.62014,1.5943649565,
2022-11-27 23:55:00,1.2073195254373617,,486603.17,53954559.4896,0.5172094833,
2022-11-28 23:55:00,1.4886844068639642,,449458.504,49439150.59095296,1.4975321621,
2022-11-29 23:55:00,1.3922730504858971,,458249.865,50905145.01204735,1.2633501687,
2022-11-30 23:55:00,1.4185710849170075,,471814.428,53447138.40384,0.960836224,
2022-12-01 23:55:00,1.5661583866207576,,464500.759,51188614.62892104,1.0467968656,
2022-12-02 23:55:00,1.4729372143372625,,471273.657,52750959.47970731,2.3412347771,
2022-12-03 23:55:00,1.567338024751274,,479214.582,52574631.79122,1.2797884194,
2022-12-04 23:55:00,1.5392110266159695,,487833.107,54256021.89123016,2.6093010952,
2022-12-05 23:55:00,1.5505590666018474,,483581.338,53403256.74956967,1.56643852,
2022-12-06 23:55:00,1.697799511002445,,483136.747,54134541.95098707,0.6610446843,
2022-12-07 23:55:00,1.5360522757999098,,473881.054,51677259.38219661,0.6897058219,
2022-12-08 23:55:00,1.2440340319568375,,477715.319,53434092.86623381,1.7413860517,
2022-12-09 23:55:00,1.611189138576779,,471010.408,51632160.92496,1.0154564733,
2022-12-10 23:55:00,1.861025641025641,,468651.643,51017417.85698,0.9180491705,
2022-12-11 23:55:00,2.4388989715668483,,473725.166,50313760.98836889,0.4296317242,
2022-12-12 23:55:00,2.269344359125812,,482252.383,51195912.97928,1.1519030231,
2022-12-13 23:55:00,1.5861718352821557,,453423.653,49840327.93776,0.4981092975,
2022-12-14 23:55:00,1.6574866310160428,1.6384785819793206,450883.87,49155359.5074,0.9153362784,0.8212864295
2022-12-15 23:55:00,1.7352226720647774,1.6720510894064613,453730.776,48603640.72512,1.3554112814,0.7957191245
2022-12-16 23:55:00,2.731466876971609,2.786876355748373,459375.476,45891610.0524,1.0944821725,0.8215161254
2022-12-17 23:55:00,2.127709431751611,2.2273721031919544,467422.475,48167386.21520058,1.3131477514,0.8175712003
2022-12-18 23:55:00,2.456099195710456,2.5267727930535457,470881.107,47968658.37009,0.9475707671,0.81994079
2022-12-19 23:55:00,2.9497842291094547,2.931558935361217,476145.077,46836255.06626235,0.7261164758,0.8428694726
2022-12-20 23:55:00,2.8294227188081935,2.8150503444621093,482420.468,49042864.77688,1.1750075356,0.8580228405
2022-12-21 23:55:00,2.7962895598399418,2.802404600104548,473012.012,47342249.67433386,1.1318225103,0.8808474076
2022-12-22 23:55:00,2.925868725868726,2.8942779291553133,474678.121,48149922.91274392,0.2883459147,0.8906908688
2022-12-23 23:55:00,2.4751023192360164,2.644093686354379,463053.872,47171297.94064,1.1034014893,0.9139057751
2022-12-24 23:55:00,2.4607347489046174,2.5975,453805.005,46151969.0085,0.7511628107,0.9207924165
2022-12-25 23:55:00,2.853107344632768,2.767123287671233,450924.028,45683501.78380404,1.658935109,0.9075235687
2022-12-26 23:55:00,2.0670588235294116,2.2445750452079567,444788.475,46029123.6943984,1.0336385248,0.9159757109
2022-12-27 23:55:00,2.5949544498948844,2.6664951106536283,463332.556,47056054.38736,1.4627848691,0.9377047777
2022-12-28 23:55:00,3.1471652593486126,3.028409090909091,483527.919,47907946.21452,0.7258203206,0.9507693029
2022-12-29 23:55:00,3.4165946413137425,3.1812796208530805,477126.042,46939660.01196,0.7183341166,0.9282221233
2022-12-30 23:55:00,3.3217320922703357,3.2501464557703574,478179.474,46158664.62522,0.4313780811,0.9519112534
2022-12-31 23:55:00,3.168947985921001,3.1533601378518092,476871.221,46232664.87595,2.5765000916,0.9499559436
2023-01-01 23:55:00,3.41718043567612,3.374849578820698,483245.687,46773598.58765174,0.9865012502,0.9501296398
2023-01-02 23:55:00,2.214733074858336,2.604757085020243,482071.281,47797367.51115,0.8078174179,0.9552898373
2023-01-03 23:55:00,2.4603174603174605,2.7170301142263757,483917.696,48207398.44829051,1.5207100808,0.9440037593
2023-01-04 23:55:00,2.1601623477989387,2.2453959484346226,482203.513,48924368.42898,1.0691070729,0.9695167467
2023-01-05 23:55:00,1.8786795048143055,1.9664347114203848,458393.791,46323831.23492454,1.1876551698,0.9513242237
2023-01-06 23:55:00,2.250801796023092,2.2713754646840147,468174.243,47589911.80095,2.5909243763,0.9514396731
2023-01-07 23:55:00,2.1249626307922274,2.262991414369634,463027.658,46993026.86485783,1.483516431,0.9649685033
2023-01-08 23:55:00,1.9417944349801248,2.0029142381348874,462008.394,47748567.5199,0.7882337756,0.9846029087
2023-01-09 23:55:00,1.3807130892558028,1.3391909814323608,436783.902,46873881.75083781,0.9241812424,0.9432398611
2023-01-10 23:55:00,1.317120205699593,1.3642490372272145,439826.631,47236438.81285994,0.8857858441,0.8978867589
2023-01-11 23:55:00,1.1840161182001343,1.106037849203965,442608.09,48589516.1202,1.4564308581,0.9003347072
2023-01-12 23:55:00,0.7723646723646723,0.7847907078676309,560753.945,67060564.28255,1.9384846408,0.9366730062
2023-01-13 23:55:00,1.0480854853072128,0.9070103589496507,536421.681,66663066.32222725,0.9411828854,0.9463617098
2023-01-14 23:55:00,1.191708708050011,1.0584302325581396,463577.509,58424705.69644997,1.3629546885,0.9484069585
2023-01-15 23:55:00,1.1429191064844937,1.0868530636525877,453197.271,56595275.20248,2.8256319975,0.9581421671
2023-01-16 23:55:00,1.2196531791907514,1.118491921005386,433236.965,53685865.27330305,1.1375451112,0.9721692312
2023-01-17 23:55:00,1.3315105946684893,1.193578264896573,428887.894,52588891.85083681,1.2598260247,0.9644024526
2023-01-18 23:55:00,1.2353494939985878,1.1482984701842023,420879.843,50059922.06674895,0.68636413,0.955618044
2023-01-19 23:55:00,1.1580976863753214,1.1040428061831153,428551.197,52120396.57914,2.2175892162,0.9361143815
2023-01-20 23:55:00,1.2433241252302025,1.1705665024630543,429709.841,54953021.51819906,2.3974110008,0.9428218947
2023-01-21 23:55:00,1.3029875323453306,1.245563084866086,432375.656,55378674.02048,1.6929946798,0.9328827093
2023-01-22 23:55:00,1.4618867924528303,1.3487903225806452,418782.652,53884763.83284,0.9609519049,0.9357883006
2023-01-23 23:55:00,1.2587962962962962,1.2044817927170868,446060.951,59544676.34899,0.9993438555,0.9444059546
2023-01-24 23:55:00,1.400624349635796,1.327556914712878,421681.535,54025838.2642,0.8861919817,0.9520442402
2023-01-25 23:55:00,1.3735931924238265,1.25430277485072,410245.329,54105336.77673956,0.7198347713,0.9268395928
2023-01-26 23:55:00,1.2900249376558603,1.2568212824010914,420143.833,56211298.20069321,1.1523337347,0.9363509981
2023-01-27 23:55:00,1.1842934293429344,1.2562479173608798,429159.23,57893580.127,0.7377821164,0.9447935013
2023-01-28 23:55:00,1.309287854344319,1.3152610441767068,412719.901,54681259.68349,1.1330718178,0.9158593355
2023-01-29 23:55:00,1.1381953569864214,1.1421415153412648,424317.161,58016885.42353,0.8853268899,0.9183300473
2023-01-30 23:55:00,1.513903192584964,1.3759136790811,410322.338,53780948.84166,3.1607695956,0.8737058547
2023-01-31 23:55:00,1.3786566814884156,1.3278255122273628,410074.039,54646466.43714,0.8577447099,0.8665986399
2023-02-01 23:55:00,1.3095817120622568,1.285231497127408,410109.084,55866791.73555409,1.2316159124,0.8796334856
2023-02-02 23:55:00,1.2350643382352942,1.3138440860215055,418838.669,57242980.46239962,0.8581172713,0.8850494484
2023-02-03 23:55:00,1.4746247319513939,1.4504103967168263,418592.449,57652738.00077,0.8577868588,0.9089079122
2023-02-04 23:55:00,1.4862801240753996,1.4855471438403303,412644.709,56878946.68856,0.7625132906,0.898374648
2023-02-05 23:55:00,1.7813787421038176,1.6264304171280914,409419.543,55046457.55635,0.7246925575,0.8901696745
2023-02-06 23:55:00,1.9499160604364858,1.7094721078247848,415311.984,54600346.53916518,1.0081275621,0.8708533014
2023-02-07 23:55:00,1.6944368320087695,1.501466275659824,419146.45,56993093.24171303,0.4667660472,0.8893759911
2023-02-08 23:55:00,2.1263641585295807,1.9602048857368006,425889.047,56007611.3099286,0.6811888105,0.8956571399
2023-02-09 23:55:00,1.6258751050126015,1.5263940520446098,444639.25,56114600.83063901,0.8373023333,0.8468176722
2023-02-10 23:55:00,1.6109062170706006,1.488689407540395,442911.621,55111493.00103,1.1888576358,0.7862499794
2023-02-11 23:55:00,2.0146756677428823,1.7819043856183328,442897.123,55215984.32441,1.383912507,0.7798084261
2023-02-12 23:55:00,2.163350449293967,1.9321398834304746,448763.83,54946643.3452,0.9049138184,0.7885494262
2023-02-13 23:55:00,1.8339472938509493,1.7119482496194824,434695.703,53802287.16031,1.2845069757,0.7784454139
2023-02-14 23:55:00,1.7319615912208506,1.649962602842184,427317.638,54105320.87236015,1.0670958741,0.8304127685
2023-02-15 23:55:00,1.3988677303139474,1.2945368171021379,441597.968,59461166.3912,0.9200380388,0.8958496873
2023-02-16 23:55:00,1.5472018089315998,1.568137446310035,410473.744,52410606.06737626,0.8618352205,0.914060294
2023-02-17 23:55:00,1.4089989888776542,1.3946996466431096,417002.311,55644788.37984,1.5643238061,0.9136847366
2023-02-18 23:55:00,1.2881541493321655,1.3552287581699347,420065.184,57231273.77797227,2.4432533973,0.9238605519
2023-02-19 23:55:00,1.353904581058628,1.3999305072967339,429080.434,58261909.79474816,0.7871841427,0.9429975745
2023-02-20 23:55:00,1.291011235955056,1.2920583468395461,450105.341,64939836.11260858,0.7862332233,0.9372986975
2023-02-21 23:55:00,1.5650235323259847,1.562968248305387,444354.125,64506888.32625,1.2213104205,0.9126933447
2023-02-22 23:55:00,1.8799062683069714,1.7784407319013524,418301.068,59327640.47444,2.3521306238,0.8890069539
2023-02-23 23:55:00,2.0870646766169156,1.8970099667774087,412288.121,57237959.83843,1.4785524059,0.8943269793
2023-02-24 23:55:00,2.290759075907591,2.180349932705249,406556.705,53982599.2899,0.8890810073,0.8611251103
2023-02-25 23:55:00,2.114432658309225,1.9480630055342698,408402.924,54392453.26467068,2.8793996669,0.8647469776
2023-02-26 23:55:00,2.015926493108729,1.8881060920016577,409983.35,55778260.10447103,0.7233095518,0.8725404494
2023-02-27 23:55:00,2.2458100558659218,2.0575571177504393,415830.478,56128797.92044,0.9364932554,0.8664750151
2023-02-28 23:55:00,2.3319273199221286,2.0790038643194504,415400.575,54707998.540542,0.8062182168,0.8657513693
2023-03-01 23:55:00,2.3479522734601743,2.0722318339100347,406347.342,54528675.6772718,2.2407419094,0.8529851582
2023-03-02 23:55:00,2.4628552971576227,2.2850719424460433,409591.446,53932074.70567011,0.9808499448,0.8589934244
2023-03-03 23:55:00,2.6899283289324782,2.5441767068273093,407460.457,51303952.28719504,1.0904560348,0.8687217553
2023-03-04 23:55:00,2.546925566343042,2.419788664745437,406167.051,50454071.07522,1.1576245673,0.8726323863
2023-03-05 23:55:00,2.7033171822586657,2.466795928259816,414883.762,51450430.95292607,1.2562972313,0.872846235
2023-03-06 23:55:00,2.475310715485388,2.4023419203747074,423291.947,52551695.22005,0.6540892765,0.8801342605
2023-03-07 23:55:00,2.7883695252116305,2.628287841191067,425278.955,51926560.4055,1.4787819494,0.8953169466
2023-03-08 23:55:00,2.821456538762725,2.6652998462327013,435487.514,50691571.42553201,0.5438797533,0.9043127042
2023-03-09 23:55:00,2.684592402902262,2.5674188222344525,439268.241,48414582.98438921,3.0904833102,0.9060234737
2023-03-10 23:55:00,2.1337767923133777,2.038517091959557,444068.206,49460316.78428,0.4900157601,0.9035122627
2023-03-11 23:55:00,1.859922178988327,1.790916880891174,445632.409,50556852.64342202,1.1684592469,0.8959677343
2023-03-12 23:55:00,1.7296260786193671,1.7197098976109215,437956.862,52544089.19176505,0.9200237184,0.8992647978
2023-03-13 23:55:00,1.44324482,1.4472856,432855.671,54665342.69059,0.98251727,0.81712369
2023-03-14 23:55:00,1.3499853070819865,1.33011209895632,433072.248,56684826.54072,0.8652030741,0.8147259188
2023-03-15 23:55:00,1.6312167657178605,1.672961373390558,415138.693,50970728.72654,1.0222807198,0.8362463683
2023-03-16 23:55:00,1.736842105263158,1.7272727272727273,406129.334,51096246.04314871,1.5445429734,0.8204105645
2023-03-17 23:55:00,1.4331455677438483,1.3891050583657587,412127.252,55705378.01487568,1.7540683745,0.8012451465
2023-03-18 23:55:00,1.457424559306842,1.47508038585209,410287.435,53731242.4876,0.8454866119,0.8099174275
2023-03-19 23:55:00,1.3203600741329098,1.2682410997532605,419292.015,56830875.19778323,0.8039097243,0.813152421
2023-03-20 23:55:00,1.5837656393042416,1.5246295554665599,412854.601,53621555.57788,1.1310786294,0.8251660527
2023-03-21 23:55:00,1.5131229725744617,1.4165712103856434,413966.434,55540064.80847488,1.1499753221,0.8051828132
2023-03-22 23:55:00,2.075837742504409,1.9094612947034857,416730.909,52486853.93876256,2.1412483197,0.8006246341
2023-03-23 23:55:00,1.8149340199549404,1.5914285714285714,416476.045,53607687.84483869,1.0276220074,0.8262384107
2023-03-24 23:55:00,2.2344601962922575,2.109047619047619,418990.341,51728547.49986,1.2003406726,0.8619898199
2023-03-25 23:55:00,1.9199747952110902,1.7122448979591838,411642.88,51482315.5036839,0.6844900148,0.8561301757
2023-03-26 23:55:00,2.1953177257525085,2.0313059033989265,422002.638,52578342.62552342,2.3919137078,0.8556736009
2023-03-27 23:55:00,2.649385560675883,2.494661921708185,441282.056,53068580.05456,0.5929246479,0.8858148889
2023-03-28 23:55:00,2.1286089238845145,2.070428893905192,418776.316,50646807.65704,0.642436136,0.8848723281
2023-03-29 23:55:00,2.0559595320897883,1.921868365180467,424956.275,52348218.04050441,0.5762021058,0.9050698524
2023-03-30 23:55:00,2.6202440775305096,2.3500238435860754,448149.451,54239528.05453,1.8783128519,0.9328077249
2023-03-31 23:55:00,1.806219406852865,1.7171597633136095,424546.782,52588411.97536664,0.9827004453,0.9383774623
2023-04-01 23:55:00,1.5100791018116866,1.4664774742816602,421299.259,53155327.50803,1.7087598277,0.9510245847
2023-04-02 23:55:00,2.363761153054221,2.2047531992687386,437475.237,53798499.3685883,2.316061951,0.947481036
2023-04-03 23:55:00,1.384406612385887,1.3415374241402562,413993.565,52840417.56599184,0.744517381,0.9337170991
2023-04-04 23:55:00,1.688529088913282,1.6470808383233533,408520.622,51890289.40644,1.1023433813,0.9445793441
2023-04-05 23:55:00,1.896084780688843,1.7699289660615627,413960.135,52610193.55715,2.0303496901,0.9571377845
2023-04-06 23:55:00,2.0280345040049292,1.861043194784026,412564.658,51917544.99760577,1.0322503868,0.9464929042
2023-04-07 23:55:00,2.358788676761027,2.18531623175586,426928.224,53169641.01696,2.1919016451,0.9469516603
2023-04-08 23:55:00,2.3333333333333335,2.2048888888888887,424991.701,52558723.66267,0.9484004431,0.9497894046
2023-04-09 23:55:00,1.6563716584479626,1.619170033051781,408289.118,51191289.61484,0.8181914513,0.9532261964
2023-04-10 23:55:00,1.252299605781866,1.2821987855544903,425035.597,54304695.45858167,0.4285953209,0.9671189698
2023-04-11 23:55:00,1.3388640714741544,1.3547391170114234,423643.109,54603037.20641077,0.7927375076,0.9757705451
2023-04-12 23:55:00,1.4083840432724815,1.4296749275828773,412389.052,53055868.15525541,0.5826145589,0.9565152838
2023-04-13 23:55:00,1.3006302521008404,1.3343446601941749,425624.117,55785338.6159469,1.3947406862,0.9630800365
2023-04-14 23:55:00,1.446244131455399,1.4360220278587625,414466.268,54803170.80898219,1.7813308125,0.9606212122
2023-04-15 23:55:00,1.3926713413254919,1.391537732870224,417965.654,55430605.03348,0.7924322149,0.9522753882
2023-04-16 23:55:00,1.326767345152112,1.3662844747443446,426823.101,57254050.76814,0.7759151922,0.9570375228
2023-04-17 23:55:00,1.5982905982905984,1.5844376486578322,417900.044,54958034.78644,1.4592840574,0.9412159813
2023-04-18 23:55:00,1.4614515035044087,1.4288413098236776,429669.82,57372847.28941355,2.7891881286,0.9314705787
2023-04-19 23:55:00,2.587473002159827,2.6595107338991513,432366.814,54076996.75731164,0.6567975774,0.9091720237
2023-04-20 23:55:00,2.648559970834852,2.61692759295499,435320.389,53578547.52201703,4.1105436414,0.8633664534
2023-04-21 23:55:00,2.5929774274453603,2.6719056974459723,449080.249,53736942.59534,1.0212778594,0.8447138539
2023-04-22 23:55:00,2.7016534867002155,2.6888128969223253,452318.379,55169272.68663,0.8730332273,0.826330247
2023-04-23 23:55:00,3.105658884052236,3.1607142857142856,460772.672,55209781.55904,0.6904095543,0.8408638166
2023-04-24 23:55:00,2.8899150350942002,2.9110884006131834,461636.987,55022475.85886782,2.6229724301,0.8170460861
2023-04-25 23:55:00,2.844983701557407,2.799009900990099,470004.073,56471580.49507261,0.9343789348,0.8469999341
2023-04-26 23:55:00,2.9938900203665986,3.006966773847803,461211.533,54174676.7049555,1.3870348679,0.8746454098
2023-04-27 23:55:00,2.9291201117318435,2.7017058552328264,456280.414,53433963.07528261,1.1855710525,0.8888862112
2023-04-28 23:55:00,2.495940037476577,2.38535164377861,434236.376,51218180.5492,0.7670100591,0.9047244867
2023-04-29 23:55:00,1.8306347982523772,1.727891156462585,411622.525,49222218.50003066,0.7386740897,0.9180764225
2023-04-30 23:55:00,1.9293150684931506,1.7536382536382535,406411.65,47986447.90705092,0.9208137288,0.9217947403
2023-05-01 23:55:00,2.873168988924616,2.751865671641791,419654.599,49042764.29459889,1.5372036737,0.9413025385
2023-05-02 23:55:00,1.5494237588652482,1.4530321046373365,416455.673,49587376.98411,1.2100561571,0.9591560547
2023-05-03 23:55:00,1.7180136812769191,1.544634224943603,402190.582,48262869.84,2.2912191386,0.9811664639
2023-05-04 23:55:00,2.6925334202804043,2.4777636594663277,419723.694,49229392.06926,0.3542054517,0.9693014064
2023-05-05 23:55:00,1.5404225999081305,1.4536363636363636,398347.811,47773852.97323,1.3726711318,0.960313925
2023-05-06 23:55:00,2.9605216778286922,2.895557655954631,418924.143,48961373.71493937,2.6622914384,0.9601168652
2023-05-07 23:55:00,3.0690777576853527,2.93042226487524,417356.52,48371960.97215927,0.5803538205,0.9620000959
2023-05-08 23:55:00,3.3338856669428334,3.3279132791327912,412879.41,45974122.3035,1.4958938378,0.9256972439
2023-05-09 23:55:00,0.5714166736070625,0.6113118399110617,619163.59,75401741.9902,1.9404706723,0.9023880726
2023-05-10 23:55:00,2.1578815261044175,2.231348637015782,443017.143,51503362.27463039,2.0525485501,0.9393558278
2023-05-11 23:55:00,2.587889476778366,2.570510245078345,458625.132,52061803.03438702,0.9663115954,0.9291048778
2023-05-12 23:55:00,2.408240794856809,2.3700631911532386,445800.045,51182762.46977837,1.0620058018,0.9174935151
2023-05-13 23:55:00,2.6228966346153846,2.604822231303637,446274.244,50344965.80261767,0.6977122914,0.9157962241
2023-05-14 23:55:00,2.1370640713706406,2.0643884892086333,447321.399,51526951.95081,1.6179787008,0.9194303413
2023-05-15 23:55:00,1.5045793397231098,1.329566854990584,444827.079,51648872.14269,0.3859359692,0.9336284462
2023-05-16 23:55:00,1.4642174559354428,1.2494042891183479,450045.623,52579281.22031839,0.6456281771,0.9272622752
2023-05-17 23:55:00,1.3746658441291384,1.210870133263653,443979.206,52380666.72388,0.3987984804,0.9436639202
2023-05-18 23:55:00,1.564165186500888,1.3190233431714515,426624.503,49206870.17602,1.5446917664,0.9606148773
2023-05-19 23:55:00,1.508518438645676,1.2880506462674757,432940.964,49950972.15367603,0.983739003,0.9736580348
2023-05-20 23:55:00,1.3568308181096107,1.169773800646284,438076.759,50978992.44483,0.9220255299,0.9703939018
2023-05-21 23:55:00,1.7793945083313776,1.5158707463540178,433098.141,49589733.63207407,0.7376655981,0.9684416758
2023-05-22 23:55:00,2.4561959654178676,2.3701027006466338,442432.926,50756630.66604815,0.6949147993,0.9937280397
2023-05-23 23:55:00,1.491421568627451,1.2498107494322483,446252.43,51560005.7622,0.6758997645,1.0232696488
2023-05-24 23:55:00,3.468306200207828,3.327891156462585,472612.651,52960973.67106,1.0786103841,1.0385002223
2023-05-25 23:55:00,3.249500998003992,3.247974797479748,464435.481,51961041.61428,0.9783553815,1.0088295768
2023-05-26 23:55:00,2.296490309062336,2.220297887080014,442005.551,50004087.98463,1.2229967608,1.0183859248
2023-05-27 23:55:00,2.2482508421870953,2.189773507206589,437920.974,49871655.83302783,0.1593664362,1.0219137481
2023-05-28 23:55:00,1.2828593389700231,1.1511461318051577,438603.006,51060595.51420025,0.705746817,1.0303919836
2023-05-29 23:55:00,1.2493946731234866,1.122420262664165,443033.798,50886698.66070631,1.6553586821,1.0117208113
2023-05-30 23:55:00,1.5320499692811795,1.3187230808208765,440075.459,50128995.53469,0.3493203644,0.9878869248
2023-05-31 23:55:00,1.927391203164999,1.68328530259366,444152.587,50260306.74492,0.5608851388,1.0077482415
2023-06-01 23:55:00,1.699375,1.5220510095642934,448971.095,50891231.29556254,0.9689120155,1.0175377602
2023-06-02 23:55:00,1.3208844295800817,1.1583119608300303,441374.388,50612210.30994951,0.3014095162,1.017289116
2023-06-03 23:55:00,1.285031261493196,1.1335181335181335,434828.736,49979710.99020346,1.0126370514,1.0211446277
2023-06-04 23:55:00,1.1008165829145728,1.0049079754601227,449089.099,51905189.2240788,0.5400375766,1.0235086767
2023-06-05 23:55:00,3.8262243285939967,3.763292433537832,458284.84,49807469.54472989,0.5903072967,0.9960709741
2023-06-06 23:55:00,1.164240790655885,0.9525248165731549,426158.408,48853878.47897973,1.3636032952,0.9821556986
2023-06-07 23:55:00,2.45737751345228,2.486415094339623,414754.185,46144655.48817531,0.5609893782,0.9357644003
2023-06-08 23:55:00,2.442987457240593,2.367837338262477,412759.601,46105247.4317,1.7721638161,0.9318353403
2023-06-09 23:55:00,2.489065606361829,2.4404010397326403,413086.854,45764940.88929662,1.6025244122,0.9163223135
2023-06-10 23:55:00,1.7948633519920976,1.7107969151670952,401768.205,41546850.07905,0.6899941231,0.9091420174
2023-06-11 23:55:00,1.728567007118539,1.673030056864338,395055.488,40548495.28832,0.7447789404,0.9032532776
2023-06-12 23:55:00,1.688578227245687,1.6134000770119368,386894.897,39730236.97293,0.7008637292,0.8777385783
2023-06-13 23:55:00,1.318486096807415,1.2700306853051484,386229.29,40646770.4796,2.6362404062,0.8704816328
2023-06-14 23:55:00,1.7814526588845656,1.640536149471974,383656.178,39034145.12791567,0.5981779895,0.8490365569
2023-06-15 23:55:00,1.4104815110401703,1.3265022577283778,389009.113,40728167.44192302,0.2803204357,0.8815379378
2023-06-16 23:55:00,1.164092664092664,1.0767311291328758,408934.067,44214580.84123208,0.5332115679,0.8835935361
2023-06-17 23:55:00,1.3510611096906162,1.2662403231235275,405388.072,43228265.55937295,2.7160719006,0.8879879768
2023-06-18 23:55:00,1.3172932330827067,1.2090729783037475,399642.494,42721782.6086,1.3220677233,0.8838758687
2023-06-19 23:55:00,1.4145050291159345,1.308193349331505,393079.419,41864597.689203,0.6900857367,0.8857998199
2023-06-20 23:55:00,1.2182254196642686,1.169781438074121,416040.407,45713118.66378599,2.2842502873,0.8949841949
2023-06-21 23:55:00,0.6619514368456226,0.6503821867730143,578803.808,78532100.66944,0.6797738617,0.8910737698
2023-06-22 23:55:00,0.9242089771891097,0.8985834530897147,527357.276,70523488.51948,0.6587265251,0.8853993783
2023-06-23 23:55:00,0.5283767038413879,0.5343435350413718,734418.776,132144547.63352631,1.3495221726,0.9553308904
2023-06-24 23:55:00,0.4806894015028112,0.4783559931239256,881924.479,188444194.6921291,1.2063570754,0.9425933281
2023-06-25 23:55:00,0.7102545061770067,0.7016169030850115,823814.479,160854776.45824984,0.7118784956,0.9206184123
2023-06-26 23:55:00,0.392648958078816,0.38340518448015226,1059592.701,238005712.49862,1.533092825,0.9632776651
2023-06-27 23:55:00,0.4428287745820255,0.42018226500102396,1094600.987,251907737.55178142,1.7962946743,0.980187798
2023-06-28 23:55:00,0.4781371367349672,0.4695947740188008,1125547.578,253329548.14835253,0.6938870321,0.9787836473
2023-06-29 23:55:00,0.3335290835951493,0.3009866257399693,1247865.864,316227677.85324085,1.516917166,0.9712781481
2023-06-30 23:55:00,0.5934388267078348,0.5269723725434349,970477.295,296441994.5307,0.8567415445,0.9970886703
2023-07-01 23:55:00,0.7856758657784766,0.690653229275487,947716.129,275785393.539,0.807814059,0.9773152811
2023-07-02 23:55:00,0.6441346454233052,0.5493477027793534,1006969.895,300688213.78024995,1.1905365035,0.9894962038
2023-07-03 23:55:00,0.7942513368983958,0.7181788188716595,979373.899,280120522.59198,1.420110436,0.9817133546
2023-07-04 23:55:00,0.861867525298988,0.7708756259304371,940688.807,255929002.58546415,1.1381983147,0.987879731
2023-07-05 23:55:00,0.8255037033200394,0.7004335260115607,923753.485,250337194.435,0.9164688169,0.9587558
2023-07-06 23:55:00,0.6571392437081067,0.5862003661385013,993790.701,277238229.74202865,0.9423491934,0.9420460846
2023-07-07 23:55:00,0.7492490344728937,0.6218413978494624,938384.239,260730060.80615,1.0798503663,0.9455728004
2023-07-08 23:55:00,0.845788729549586,0.7215607516855544,931807.576,252780759.21728,1.7951730296,0.9451781338
2023-07-09 23:55:00,0.8864168618266979,0.7690754039497307,898640.5,238355845.90682384,1.64423544,0.9532642953
2023-07-10 23:55:00,0.65977893,0.5563649,921178.416,252891584.71185786,1.20783429,0.96339885
2023-07-11 23:55:00,0.74814526,0.63686519,912518.961,249683438.10882,0.90853187,0.98096626
2023-07-12 23:55:00,0.68821365,0.57368385,907265.731,256053146.22545803,0.77775204,0.97149767
2023-07-13 23:55:00,0.95398299,0.79741417,836845.896,229822988.41848,1.46785847,0.97252235
2023-07-14 23:55:00,1.04409546,0.88253463,813371.096,215011861.60151124,1.09984001,0.9566736
2023-07-15 23:55:00,1.28128534,1.04735714,800125.961,202623898.36364,1.42753648,0.93446301
2023-07-16 23:55:00,1.35261831,1.12134695,792985.792,198008552.2624,1.00655172,0.93780354
2023-07-17 23:55:00,1.33403456,1.12518045,778330.052,188472644.10297388,0.71478105,0.93634004
2023-07-18 23:55:00,1.09900728,0.98632608,748855.577,182660852.34184,1.46703672,0.94714066
2023-07-19 23:55:00,1.1341546,0.99482362,735285.732,179689127.18616,0.99917867,0.94339817
2023-07-20 23:55:00,1.19615711,1.02902681,696486.463,169761610.49162,0.32693029,0.95268342
2023-07-21 23:55:00,1.03737187,0.91504903,707055.966,173928697.07634,0.85341337,0.95519065
2023-07-22 23:55:00,1.2173809,1.11114812,679906.93,162327779.5375,0.9312474,0.95123982
2023-07-23 23:55:00,0.98082745,0.89559094,678853.573,169365803.54798025,0.60286357,0.95153018
2023-07-24 23:55:00,1.32099644,1.22791916,665038.601,158704811.74264,1.25300233,0.94916423
2023-07-25 23:55:00,1.30263506,1.09904153,692894.692,164550198.12570333,1.01363019,0.94471207
2023-07-26 23:55:00,1.12858123,0.98816568,672173.93,162591028.94015864,1.00861879,0.94033874
2023-07-27 23:55:00,1.06919838,0.96632356,674831.568,165198767.8464,3.01506526,0.9681226
2023-07-28 23:55:00,1.183108,1.04108331,666547.294,160948755.15556723,0.88640033,0.95727409
2023-07-29 23:55:00,1.28823888,1.08067345,678458.574,164181512.9840346,0.30034509,0.9581338
2023-07-30 23:55:00,0.81120462,0.79284983,752705.208,190118281.43664,0.9776505,0.97183712
2023-07-31 23:55:00,1.0794389,0.95287958,723623.678,179429727.19688,0.6929563,0.95282475
2023-08-01 23:55:00,1.29599318,1.10904224,664205.242,162499740.68961188,1.06529778,0.9507372
2023-08-02 23:55:00,1.61784512,1.40880183,682063.691,156035710.59007,0.45282605,0.96523799
2023-08-03 23:55:00,1.63225745,1.42628289,681505.571,153823947.94511548,1.02691886,0.95811948
2023-08-04 23:55:00,1.55458641,1.2954488,669522.987,152350846.41184145,1.02428729,0.94536201
2023-08-05 23:55:00,1.55595738,1.37296286,658587.008,149354361.67424,0.897885,0.95154166
2023-08-06 23:55:00,1.60735538,1.37870832,657790.491,146549143.48989,1.45455145,0.96344937
2023-08-07 23:55:00,0.98371189,0.88297423,713365.82,169524253.4648,1.00626085,0.93790925
2023-08-08 23:55:00,0.99798371,0.90340346,695993.947,166620950.9118,1.05618332,0.90364655
2023-08-09 23:55:00,0.99921826,0.96008894,674087.325,160769827.0125,0.90624836,0.91807699
2023-08-10 23:55:00,1.22837732,1.09804855,669952.911,155517563.04736274,3.18350341,0.93074449
2023-08-11 23:55:00,1.48688509,1.31019885,666734.804,152710405.6179899,0.97880567,0.9321753
2023-08-12 23:55:00,1.53483827,1.34152789,664212.311,151765870.94039,2.42815351,0.93634723
2023-08-13 23:55:00,1.57319631,1.38769791,631729.827,144337630.87296,1.03835802,0.93795309
2023-08-14 23:55:00,1.5312828,1.35990985,607042.41,139637965.5723,0.55354158,0.93117733
2023-08-15 23:55:00,1.44924094,1.35343719,626951.529,143277232.92237,0.43673088,0.89753038
2023-08-16 23:55:00,1.6686025,1.53803551,599900.753,124815350.66918,0.54363551,0.9125871
2023-08-17 23:55:00,1.53069878,1.51050045,521724.953,95887829.11187,0.76883195,0.88410783
2023-08-18 23:55:00,1.50031686,1.37700205,507326.51,95085916.66248778,2.11271169,0.88622181
2023-08-19 23:55:00,1.56781221,1.39587831,504973.018,94227965.1588,0.28493405,0.89316079
2023-08-20 23:55:00,1.5759426,1.48661703,503416.966,94944439.7876,0.70598804,0.90861288
2023-08-21 23:55:00,1.46461397,1.35216275,497570.855,92398907.7735,0.46407246,0.91502515
2023-08-22 23:55:00,1.63083129,1.5518477,496197.858,91684227.74683961,1.27817093,0.89402271
2023-08-23 23:55:00,1.29379667,1.18190247,512246.407,99136667.63309608,0.82272298,0.86193565
2023-08-24 23:55:00,1.37948193,1.27764034,514965.097,100124122.20031889,1.00835088,0.8764048
2023-08-25 23:55:00,1.28673484,1.24694836,512982.69,98500731.53939146,3.4232011,0.88959692
2023-08-26 23:55:00,1.37529724,1.21160535,504986.306,96041443.73951215,1.62231783,0.88320968
2023-08-27 23:55:00,1.21224176,1.09743763,533119.719,105424424.43225,0.63844964,0.87707241
2023-08-28 23:55:00,1.62071663,1.45588532,491158.269,93447772.25994,2.64177075,0.87586506
2023-08-29 23:55:00,0.7127461,0.67112584,587233.693,131449300.12432382,1.14184018,0.81923294
2023-08-30 23:55:00,0.88371866,0.86094796,587802.152,126839215.0866538,1.04339697,0.89892258
2023-08-31 23:55:00,1.20828058,1.17674339,557927.751,115727491.05768561,1.30525913,0.84544343
2023-09-01 23:55:00,1.42742407,1.32620321,533980.802,106635966.1594,1.46273612,0.89510261
2023-09-02 23:55:00,1.51937396,1.34727552,536663.863,104515287.31925,0.48381569,0.88337837
2023-09-03 23:55:00,1.47877984,1.27937385,535355.058,105090418.71936142,0.67395056,0.89251901
2023-09-04 23:55:00,1.65012484,1.39466511,527627.932,102190977.86976,0.85847216,0.91663148
2023-09-05 23:55:00,1.68068006,1.42348824,548013.856,105155771.09842609,0.90944106,0.94086633
2023-09-06 23:55:00,1.6185372,1.3990099,550629.474,106249463.30304,1.09691154,0.95040225
2023-09-07 23:55:00,1.62486352,1.4002352,553436.562,106972030.08813772,1.45292089,0.96592481
2023-09-08 23:55:00,1.51968387,1.35156552,552835.335,106704564.66948764,0.83585674,0.94978219
2023-09-09 23:55:00,1.49689349,1.31395129,555765.516,107251629.27768,0.92155522,0.94394693
2023-09-10 23:55:00,1.33579966,1.28839525,554010.975,105402634.0283021,0.90972978,0.95022819
2023-09-11 23:55:00,1.6042618,1.4942832,544488.281,99998703.94211179,0.71429019,0.9479578
2023-09-12 23:55:00,1.03207343,0.98223427,610234.209,121088774.09187,0.76709303,0.89581804
2023-09-13 23:55:00,1.11611265,1.02681932,574315.886,114567720.21440938,1.16363933,0.8903757
2023-09-14 23:55:00,0.98474369,0.96468537,629947.04,130770706.0336,0.99172787,0.88908929
2023-09-15 23:55:00,0.96289208,0.87935502,592804.704,128696145.86067879,0.84370443,0.86611119
2023-09-16 23:55:00,0.98418532,0.9071622,583123.564,125252039.9185143,1.14963744,0.88899686
2023-09-17 23:55:00,1.07154351,1.01123967,564240.498,118264808.3808,1.73121999,0.885116
2023-09-18 23:55:00,1.02349721,0.94423047,560049.319,121569907.6467036,0.69381707,0.88974652
2023-09-19 23:55:00,0.94845585,0.86130212,552375.041,120897947.67532948,0.39099485,0.89662179
2023-09-20 23:55:00,1.29966455,1.16170912,553758.22,119262907.8414,0.48851037,0.91207832
2023-09-21 23:55:00,1.42851522,1.23147507,565798.68,117912444.912,0.95914216,0.89168885
2023-09-22 23:55:00,1.4520641,1.29552831,547437.141,113632822.21043961,1.42898902,0.89343687
2023-09-23 23:55:00,1.40570502,1.27181867,553920.804,115345168.03681947,1.44982282,0.89902598
2023-09-24 23:55:00,1.57527757,1.36802271,553270.453,113199134.6838,1.29852766,0.89398314
2023-09-25 23:55:00,1.24026554,1.21654458,560269.778,117779912.73116,0.7799682,0.88920786
2023-09-26 23:55:00,1.08819346,1.1026603,576700.745,123533149.62740661,0.60163978,0.89488582
2023-09-27 23:55:00,0.7393865,0.76203307,618503.385,141365505.08688268,1.63485237,0.87088365
2023-09-28 23:55:00,0.70725329,0.69963329,617763.695,147509615.0921,0.50289617,0.86622228
2023-09-29 23:55:00,0.85703751,0.83551693,598662.918,140762243.7849735,0.92512606,0.89927842
2023-09-30 23:55:00,0.83845872,0.83253216,597588.665,139925385.90975,0.61284648,0.89570947
2023-10-01 23:55:00,0.76638878,0.75572317,586343.328,142037150.20776945,1.28137597,0.89987022
2023-10-02 23:55:00,0.82574461,0.83875,636523.213,157100294.20053,1.41683585,1.67706877
2023-10-03 23:55:00,1.23937133,1.10249811,606191.12,139296657.4648,1.18140962,0.92839004
2023-10-04 23:55:00,1.2180476,1.1437285,583915.782,136069894.67946,0.46924781,0.93232625
2023-10-05 23:55:00,1.02682533,0.99606012,578816.5,133695035.17,0.49955063,0.94971699
2023-10-06 23:55:00,1.0371225,1.02697466,576092.88,132760604.196,0.81450916,0.95060955
2023-10-07 23:55:00,1.28126411,1.08950525,572294.659,131674395.33423182,2.02133383,0.94550709
2023-10-08 23:55:00,1.37729644,1.16014126,567718.456,129391659.46485586,0.85844683,0.94742645
2023-10-09 23:55:00,1.48566921,1.29344978,549210.573,119875555.54121381,0.54064551,0.95228942
2023-10-10 23:55:00,1.66950412,1.40953567,561781.404,119159453.60244,0.39861949,0.95213541
2023-10-11 23:55:00,1.54468509,1.41539808,540971.61,115670549.6502,1.29744027,0.94673808
2023-10-12 23:55:00,1.49597135,1.388151,530090.403,113359832.68155,0.86955233,0.94387319
2023-10-13 23:55:00,1.29538092,1.27303871,539907.855,117208596.24195,0.63359964,0.9021921
2023-10-14 23:55:00,1.47590992,1.39135116,533450.055,114375607.4007557,0.65500754,0.91782894
2023-10-15 23:55:00,1.47534783,1.33706647,521302.553,112070074.93315303,0.41657759,0.92020194
2023-10-16 23:55:00,0.83423057,0.82480024,525748.856,121426366.53295717,1.59295288,0.87528014
2023-10-17 23:55:00,1.13643178,1.11208714,515073.614,116678859.07174261,1.10906316,1.94163501
2023-10-18 23:55:00,1.18836068,1.06915333,514546.802,116644657.87762183,0.92620327,1.91584037
2023-10-19 23:55:00,1.24004508,1.13590693,515676.308,117117600.80023736,3.1557599,0.85163258
2023-10-20 23:55:00,0.72343999,0.75184982,552384.45,132657088.93021682,0.93309449,1.75847825
2023-10-21 23:55:00,0.80861656,0.79558486,545685.898,132833511.86764294,0.96683101,1.81783585
2023-10-22 23:55:00,0.88846154,0.91712,540735.613,131784677.65273233,0.82252467,1.85591886
2023-10-23 23:55:00,0.80913349,0.76808722,520365.281,135344542.42702606,1.03919461,1.88582775
2023-10-24 23:55:00,1.14671378,1.18705347,491860.864,123634146.77504,1.00678157,2.00031052
2023-10-25 23:55:00,1.08314636,1.04570163,495178.771,125676372.0798,1.15178369,1.93363313
2023-10-26 23:55:00,1.19525547,1.18231922,486897.709,120334116.07785876,0.71114293,1.94503002
2023-10-27 23:55:00,1.26311995,1.22790803,477931.908,114369105.5844,1.33026568,1.93121634
2023-10-28 23:55:00,1.08705852,1.09589322,488475.515,119573921.31685,1.76585045,1.9242513
2023-10-29 23:55:00,1.13706331,1.08271299,476698.864,117267920.544,2.62691632,1.98548268
2023-10-30 23:55:00,1.20686204,1.11859541,463284.374,113898463.3479,0.8612429,2.04533287
2023-10-31 23:55:00,1.17579976,1.11265709,447572.053,109600149.50821495,1.74025777,2.05996765
2023-11-01 23:55:00,1.12803658,1.13188073,428782.115,105094496.3865,1.75474673,2.14566568
2023-11-02 23:55:00,1.69856214,1.49405377,448424.019,105518655.91089,0.53222516,2.02901304
2023-11-03 23:55:00,1.50767974,1.42242942,443591.001,105379478.19756,3.04831657,2.04678286
2023-11-04 23:55:00,1.51764886,1.31971326,445953.04,107064405.8432,1.13409957,2.00423187
2023-11-05 23:55:00,1.52047619,1.42729592,436884.813,103966020.69551581,0.78898353,2.07583632
2023-11-06 23:55:00,1.43371671,1.37204675,448565.029,108873617.50013101,0.99382603,2.01340938
2023-11-07 23:55:00,1.48736889,1.32240942,450854.092,109945340.8405064,1.0062017,2.09072455
2023-11-08 23:55:00,1.30406205,1.33583789,446455.344,109610804.08515063,0.73937324,1.99306581
2023-11-09 23:55:00,1.60993887,1.57237039,399933.379,95906269.7101564,1.14715797,2.24141668
2023-11-10 23:55:00,1.46931648,1.53687397,400556.973,95969445.16107,1.29253831,2.09323182
2023-11-11 23:55:00,1.89714701,1.6036061,395669.504,93539806.18318918,1.01794015,2.12018068
2023-11-12 23:55:00,1.91847725,1.56483273,388892.069,91947551.9033895,0.57865096,2.13477584
2023-11-13 23:55:00,1.75855757,1.52970162,403710.131,94566730.87091284,1.01230971,2.16395883
2023-11-14 23:55:00,2.0195599,1.71857521,391828.723,90786339.49641298,1.08756761,2.08648192
2023-11-15 23:55:00,1.35816492,1.30692588,394759.318,93838237.48178,0.9317193,2.11316163
2023-11-16 23:55:00,1.79745616,1.62518475,395833.198,92759551.61932,1.27580786,2.10732243
2023-11-17 23:55:00,1.99396085,1.80976378,393257.598,89941945.23858,2.28480087,2.05195823
2023-11-18 23:55:00,1.9172304,1.8255814,390959.994,88826110.6368,1.03588616,2.09202216
2023-11-19 23:55:00,1.66083422,1.74481074,386879.465,89102209.58415,0.89161184,2.11450387
2023-11-20 23:55:00,2.00887634,1.84242232,384911.384,87013946.93951397,0.48572061,2.13256149
2023-11-21 23:55:00,2.03683663,1.86912,388134.201,84229002.95901,0.6800601,2.03766999
2023-11-22 23:55:00,1.80616225,1.52007975,408832.649,91500835.17269,0.98831723,1.94091064
2023-11-23 23:55:00,1.7833069,1.57639498,397383.878,89443163.26024,1.04878175,1.99521978
2023-11-24 23:55:00,1.66429241,1.46471077,392070.716,88721682.32364,0.47479676,1.97848369
2023-11-25 23:55:00,1.71453057,1.5478236,393935.291,89585597.75037788,1.30341604,2.00108812
2023-11-26 23:55:00,1.71796407,1.58877364,379911.593,86163949.2924,0.86355037,2.17492309
2023-11-27 23:55:00,2.11585092,1.8085733,376106.706,83928883.11029984,0.8345274,2.13382317
2023-11-28 23:55:00,1.78345106,1.58162031,388632.277,86740348.69994786,0.89575129,2.05400646
2023-11-29 23:55:00,1.83247263,1.63520249,387194.467,86389894.24365246,1.59723486,2.13467589
2023-11-30 23:55:00,2.31553819,1.94482533,392509.916,86927702.14778486,0.39203425,2.07099256
2023-12-01 23:55:00,1.72110163,1.60662211,386563.078,87000966.06720695,1.07647932,2.13335162
2023-12-02 23:55:00,1.59013981,1.52929115,395666.34,90283145.4612,1.57721303,2.09646513
2023-12-03 23:55:00,1.69418463,1.59009288,392992.217,90429400.80759637,1.2681721,2.12310986
2023-12-04 23:55:00,1.50372376,1.36614677,421796.116,106149210.55256,1.49301065,2.13167064
2023-12-05 23:55:00,1.739504,1.6026605,366939.728,92192386.65879235,0.84455795,2.50563943
2023-12-06 23:55:00,2.45496643,2.14874064,369730.352,90347308.81472,0.86283671,2.58307034
2023-12-07 23:55:00,2.24632917,1.99460831,371585.657,91780515.5709213,0.9883838,2.4811548
2023-12-08 23:55:00,1.89222374,1.59777651,364326.405,92540384.68355334,1.57163137,2.55771452
2023-12-09 23:55:00,1.87244497,1.54099771,371943.544,93971536.3916,1.31100269,2.62242674
2023-12-10 23:55:00,2.07830126,1.82358643,356614.899,89595927.22476,0.80437529,2.75378203
2023-12-11 23:55:00,2.34263483,2.16731066,335040.99,77126435.898,1.25392911,2.96755468
2023-12-12 23:55:00,2.2112782,1.99134511,338685.489,78607188.35331815,1.52347974,2.74428173
2023-12-13 23:55:00,1.8345515,1.56617192,336012.372,79046910.513,0.50007762,2.52480098
2023-12-14 23:55:00,1.77609317,1.56782039,346074.081,82130300.90292,1.33909056,2.39476938
2023-12-15 23:55:00,2.49973615,2.20564972,340662.401,77213632.34734297,1.48070744,2.446976
2023-12-16 23:55:00,2.44164636,2.13502269,339296.244,77940577.29718246,1.02925643,2.46397019
2023-12-17 23:55:00,2.60537133,2.30463069,338485.676,76568551.71721628,1.01435832,2.46172998
2023-12-18 23:55:00,2.22379129,1.95517721,338037.736,77014927.38355613,0.95406888,2.42894557
2023-12-19 23:55:00,2.64450262,2.18943059,337704.713,76058420.83695936,2.78656754,2.39601598
2023-12-20 23:55:00,1.85231682,1.61227787,340893.481,78283487.50348665,2.40452508,2.37389286
2023-12-21 23:55:00,1.64599483,1.51901082,338718.373,78999286.13479,1.03006974,2.45233195
2023-12-22 23:55:00,1.86209964,1.73855148,348836.306,83263737.87914,2.16831832,2.27062117
2023-12-23 23:55:00,2.61223458,2.60039448,352950.277,82244473.54654,0.48244139,2.37308665
2023-12-24 23:55:00,2.66542156,2.62354359,354405.132,81242047.65417095,1.6964278,2.34571455
2023-12-25 23:55:00,2.05662622,1.98016997,339793.08,79817394.492,0.77133769,2.42164797
2023-12-26 23:55:00,3.10750507,2.81286796,356913.729,81797488.41222,0.88257927,2.32739963
2023-12-27 23:55:00,1.22855734,1.19321347,365209.169,96714692.13458,1.17257309,2.30408529
2023-12-28 23:55:00,1.77448288,1.85739283,358246.385,94057588.38175,0.83056025,0.92577946
2023-12-29 23:55:00,2.13713647,2.01050558,347697.69,88459201.00681625,0.54576861,0.90452838
2023-12-30 23:55:00,1.78430022,1.7511236,371077.459,100747530.1185,1.07921971,0.91006682
2023-12-31 23:55:00,2.5878362,2.3543058,353299.397,91632924.49307002,1.02296917,0.97711038
2024-01-01 23:55:00,2.08013319,1.77700127,352970.616,94144322.69952,2.7450682,0.89105629
2024-01-02 23:55:00,2.90409991,2.61016347,347227.885,89313956.5797,2.62805224,0.87829865
2024-01-03 23:55:00,2.70879276,2.28793038,317648.782,74247226.30468,1.31974576,0.80806181
2024-01-04 23:55:00,2.31745236,1.83105631,309492.448,74132726.06944,0.74397758,0.79258342
2024-01-05 23:55:00,2.01069392,1.79836868,302476.905,72237232.16575545,1.25947895,0.81563874
2024-01-06 23:55:00,2.25097937,2.04280015,296899.331,70005893.25649,0.94886891,0.80821828
2024-01-07 23:55:00,2.39403974,2.1849733,295041.079,68347912.21761219,0.7875915,0.8152768
2024-01-08 23:55:00,1.35063236,1.1999395,305792.485,77524510.7972,0.99817346,0.77752034
2024-01-09 23:55:00,2.00315457,1.89795144,288902.025,70731882.78075,1.19522684,0.8568146
2024-01-10 23:55:00,1.72105533,1.59358289,286411.065,72679671.8544,0.75561663,0.80982973
2024-01-11 23:55:00,1.67397694,1.70464872,317649.464,87734661.52318221,0.57476446,0.96445812
2024-01-12 23:55:00,2.73170045,2.87951807,325354.686,84344948.79864,1.43342788,1.1085513
2024-01-13 23:55:00,3.08823529,2.76281332,316942.84,80488423.64654815,0.72880786,0.83538911
2024-01-14 23:55:00,2.5637743,2.39865546,313368.682,76975883.04648,0.79901404,0.84450912
2024-01-15 23:55:00,2.61990435,2.17467652,316757.717,79331970.22265,0.65841307,0.83721239
2024-01-16 23:55:00,3.02793885,2.58197611,308440.876,77433042.91820274,1.33520287,0.82147281
2024-01-17 23:55:00,3.15354234,2.53344371,313867.755,76696467.76753873,0.66211838,0.84738595
2024-01-18 23:55:00,3.18273305,2.66116888,298871.625,71014886.81625,0.76190444,0.86215594
2024-01-19 23:55:00,2.86876853,2.32187168,298736.882,70628544.40423003,0.74235272,0.84585342
2024-01-20 23:55:00,2.26237272,2.03757325,297551.37,71028308.6983756,1.3593327,0.84490223
2024-01-21 23:55:00,2.27591277,2.02035802,294596.036,69829695.1766224,0.37995166,0.84194059
2024-01-22 23:55:00,2.54345603,2.26243386,305359.635,71592615.17730922,0.55314826,0.83644684
2024-01-23 23:55:00,2.17298145,1.90046545,311802.469,71585686.58936082,1.57325981,0.78328039
2024-01-24 23:55:00,1.96680993,1.85637584,303848.017,71787132.49642,0.54406323,0.76224005
2024-01-25 23:55:00,1.88143177,1.82702901,303265.079,71824613.82662182,1.77477306,0.76763756
2024-01-26 23:55:00,1.7378021,1.58589871,304707.298,73681271.72938,0.91905658,0.74930572
2024-01-27 23:55:00,1.72180451,1.59364659,304489.81,74155448.3274,1.11187659,0.75417418
2024-01-28 23:55:00,2.1498574,2.01945946,298789.548,70757505.39176719,1.59187533,0.76321131
2024-01-29 23:55:00,1.73484848,1.55584082,297034.638,71633306.31123458,0.67420879,0.76305234
2024-01-30 23:55:00,2.12956976,2.01946903,295124.867,70005432.66464116,1.58076072,0.76748119
2024-01-31 23:55:00,2.5267545,2.18889717,297528.748,69702059.79396,1.66939217,0.7510176
2024-02-01 23:55:00,2.08038423,1.80489561,299714.616,70894495.26864,0.8025353,0.7557636
2024-02-02 23:55:00,2.12358704,1.88218182,299731.13,70746407.50747007,0.89926429,0.76218085
2024-02-03 23:55:00,1.89826188,1.75087719,308254.251,74083788.93978834,1.53936617,0.76209245
2024-02-04 23:55:00,2.41679957,2.26940467,316028.604,74344277.96033701,2.34966964,0.74908979
2024-02-05 23:55:00,2.43377918,2.17457376,314396.324,74040334.302,0.84411678,0.73799401
2024-02-06 23:55:00,2.28904366,1.956571,305125.928,71742830.6344057,0.64856685,0.7198388
2024-02-07 23:55:00,1.74874601,1.63333333,306038.474,73574709.53434,1.42305808,0.71235762
2024-02-08 23:55:00,1.56501774,1.57289937,302043.947,73801418.00998,0.49434334,0.7228997
2024-02-09 23:55:00,1.4701806,1.42788462,310184.588,77540989.32511504,0.72717116,0.73487243
2024-02-10 23:55:00,1.73761806,1.69864479,306578.996,75890760.1630026,1.70823984,0.73458153
2024-02-11 23:55:00,0.83335352,0.90830636,405602.983,111963279.56768106,0.72767215,0.84039171
2024-02-12 23:55:00,1.17119122,1.11675756,373493.71,104869563.8938,0.82534892,1.04145501
2024-02-13 23:55:00,1.61263158,1.44817518,365905.944,99090111.55588822,1.50803569,1.05763881
2024-02-14 23:55:00,1.52086751,1.32745045,346465.715,97346471.94355,0.48892357,1.00196696
2024-02-15 23:55:00,2.26515952,1.94926611,361349.352,97746553.47485168,0.83225034,1.03831422
2024-02-16 13:30:00,1.74951695,1.56340378,373958.088,102198823.7033166,0.73033877,1.07183834
2024-02-17 23:55:00,2.03960599,1.93574909,331959.788,88769366.90908,0.39171609,1.07668024
2024-02-18 23:55:00,1.61567588,1.40039008,328950.956,88941208.37858537,2.45442342,1.07893478
2024-02-19 23:55:00,1.60030954,1.41791045,330492.063,90247467.64341,1.4585921,1.09619845
2024-02-20 23:55:00,1.98130841,1.8877386,314369.683,83465999.99616924,0.19675594,1.12294409
2024-02-21 23:55:00,1.82566798,1.61573034,310802.835,81834386.4555,0.8976385,1.08150691
2024-02-22 23:55:00,1.91780229,1.88537294,309659.014,80612591.2995125,1.91689425,0.96096854
2024-02-23 23:55:00,1.52852486,1.52520064,305854.297,81052360.9974589,2.27705593,0.97708936
2024-02-24 23:55:00,1.51075809,1.4784127,317401.348,84946970.29031943,0.95721317,1.15960966
2024-02-25 23:55:00,1.71809566,1.7281725,310845.79,83253827.9357,0.44818409,1.18804448
2024-02-26 23:55:00,1.64736387,1.62966841,302538.014,83178944.44266178,0.58227667,1.16550286
2024-02-27 23:55:00,2.03220829,2.01688152,379987.653,111195786.89739,1.09432547,2.53788208
2024-02-28 23:55:00,2.12,2.14797688,316033.836,93618703.23828,2.16544951,3.07359904
2024-02-29 23:55:00,2.70528712,2.65061192,308820.342,92093314.18782,0.9433842,2.92404709
2024-03-01 23:55:00,1.62633149,1.50585556,310926.433,98342921.49357,1.47843127,2.83826354
2024-03-02 23:55:00,0.93765672,0.96015805,460797.327,231389377.75305,0.83620261,2.18115174
2024-03-03 23:55:00,1.90486588,1.86751311,390785.687,183421149.21569467,1.21766568,2.27866393
2024-03-04 23:55:00,2.58204459,2.39035088,361974.841,171521778.40785,1.456965,2.181468
2024-03-05 23:55:00,3.38850015,3.41074766,311930.782,125049931.19598,0.55907,2.483373
2024-03-06 23:55:00,2.63272342,2.55779515,291120.059,121094299.74164,1.556798,1.337795
2024-03-07 23:55:00,1.94708891,1.93527697,295554.819,127735837.22361,1.095211,1.306377
2024-03-08 23:55:00,1.6791454,1.62260967,290251.876,126734219.75068632,0.903647,2.433161
2024-03-09 23:55:00,2.20115655,2.04565491,288469.803,124578569.12358,0.824132,2.192226
2024-03-10 23:55:00,3.10112052,3.14273859,278347.666,117751497.74932021,0.666388,2.137113
2024-03-11 23:55:00,1.87465129,1.54208237,270040.353,121108814.45974888,1.138321,2.40438
2024-03-12 23:55:00,3.35552408,3.41986063,266638.108,115780627.63894685,1.225204,2.379249
2024-03-13 23:55:00,3.20897155,3.26108579,261431.556,115661374.33602396,0.758901,2.454703
2024-03-14 23:55:00,2.45680628,2.33245816,262484.033,115655714.62046,1.668337,2.415279
2024-03-15 23:55:00,2.44705882,2.44714588,251359.67,104690084.93608177,1.220279,2.677368
2024-03-16 23:55:00,2.75033527,2.78850034,269773.74,104863750.4754,0.61592,2.460873
2024-03-17 23:55:00,2.40543028,2.1605288,264674.6,106544780.33468261,0.644359,2.511136
2024-03-18 23:55:00,1.69140692,1.51970027,253317.225,101539380.67047636,0.785374,2.733571
2024-03-19 23:55:00,2.79781161,2.6120745,258442.05,92720584.25973211,0.847881,2.740006
2024-03-20 23:55:00,1.36947417,1.35805627,258379.564,105896864.3054,1.114609,1.275276
2024-03-21 23:55:00,1.98594059,2.26086957,266337.024,110390178.61372486,1.085829,2.570125
2024-03-22 23:55:00,1.34203297,1.42486406,285361.143,123093382.64448,0.790559,2.214264
2024-03-23 23:55:00,1.01835486,1.36278511,327190.111,149245088.1630557,0.628374,2.165466
2024-03-24 23:55:00,1.26236838,1.1942194,351333.437,170544276.98854,0.946152,2.109368
2024-03-25 23:55:00,1.06047297,1.20255993,435799.197,212561058.33675,1.465028,2.394907
2024-03-26 23:55:00,1.48711266,1.44874715,440277.495,211176513.50305042,0.56859,2.514962
2024-03-27 23:55:00,0.93080476,1.05373032,561261.082,302792112.82672215,0.831532,2.60135
2024-03-28 23:55:00,0.98732089,1.13446651,612792.483,348119194.9190997,0.808304,3.098226
2024-03-29 23:55:00,1.00420592,1.09402516,655614.465,407175611.8087964,0.907244,3.240994
2024-03-30 23:55:00,1.26605985,1.49875052,643226.01,384687387.77786034,0.846853,3.440024
2024-03-31 23:55:00,0.97886892,1.23168909,665141.042,452016549.32236,0.807688,3.238079
2024-04-01 23:55:00,1.21306131,1.33289793,627625.925,406798978.2987128,1.114371,3.471812
2024-04-02 23:55:00,1.04373561,1.0637553,632643.555,404645144.21355,0.869592,3.539215
2024-04-04 00:00:01,1.37582341,1.21751932,621730.503,368735926.71924,0.868853,2.16041
2024-04-04 23:20:00,1.23457551,1.19430229,613544.323,390717295.77286,1.749883,2.085232
2024-04-05 14:25:00,1.0881347,1.37404712,629402.351,418138395.58935726,0.76597,2.585754
2024-04-06 22:30:00,0.84290764,0.89366053,483493.302,335626545.44934,0.949412,2.180024
2024-04-07 09:05:00,1.13434048,1.10420608,478544.229,324883394.8322846,1.015137,2.146207
2024-04-08 23:50:00,1.1436591,1.07679541,467785.838,318289395.8604674,0.930121,2.128557
2024-04-09 22:05:00,1.13544776,1.13403395,416121.099,280448975.88204,0.860648,2.227684
2024-04-10 07:35:00,1.9672341,1.84521974,353208.254,222371691.0315088,1.451718,2.232202
2024-04-11 22:30:00,1.89719499,1.49571347,314969.065,192757719.97065842,0.577211,1.255512
2024-04-12 16:20:00,2.08075852,1.65223,309471.474,178221306.80888638,0.852023,1.306777
2024-04-13 09:20:00,1.37469398,1.16295529,289098.09,154775092.69951114,0.758807,1.398041
2024-04-14 01:25:00,1.26414808,1.05616465,286522.015,133981184.41316044,0.819368,1.424281
2024-04-15 04:00:00,1.24275521,1.15454907,275864.065,144693460.73315,0.659237,1.43298
2024-04-16 10:50:00,1.70796915,1.44995629,269326.725,128245306.64325,0.631324,1.421555
2024-04-17 00:40:00,1.29327133,1.02354444,268212.159,129698761.46958686,1.70587,1.395837
2024-04-18 02:40:00,1.4398093,1.20476831,275594.437,130212859.59376,1.22322,1.158788
2024-04-19 02:10:00,1.42645074,1.1429652,280925.027,127873866.24757561,0.89339,1.13719
2024-04-20 23:45:00,1.4749292,1.42760181,288287.733,148263498.20457,0.434731,1.074397
2024-04-21 23:35:00,1.69875666,1.54578005,287046.742,144335650.990717,2.70131,1.245798
2024-04-22 05:35:00,1.39395378,1.2394939,287079.073,146436164.34657,1.198305,1.245789
2024-04-23 22:00:00,1.85759671,1.68927667,297833.905,150662259.1833,1.188728,1.187862
2024-04-24 09:50:00,1.97122026,1.69684269,298379.078,150515432.45806578,2.260159,1.20418
2024-04-25 03:10:00,2.48226333,2.13364486,302945.112,144050400.756,1.232162,1.041225
2024-04-26 22:05:00,1.71767767,1.42944785,292586.982,141764244.51864,0.25972,1.086113
2024-04-27 23:30:00,2.04220532,1.71771075,290752.595,139084411.3442,1.389142,1.104816
2024-04-28 23:35:00,2.04853314,1.58367055,293816.172,137614680.47964,0.731587,1.071838
2024-04-29 03:35:00,2.03217503,1.5302381,298441.647,138173534.38655508,1.145947,1.067333
2024-04-30 23:10:00,1.85901361,1.45295641,302324.11,130497120.97955236,1.089698,1.06242
2024-05-01 23:55:00,1.65229418,1.27012776,299792.425,127192932.15475,0.775312,1.067002
2024-05-02 23:55:00,1.5910299,1.30628622,305477.727,130970520.67398,0.568648,1.049242
2024-05-03 23:55:00,1.52947295,1.42783638,306366.822,138532949.57196,0.629745,1.02324
2024-05-04 23:55:00,1.54658793,1.52855686,314642.21,145562925.6123,0.978506,1.024185
2024-05-05 23:55:00,1.41845638,1.44397796,310361.769,145429317.71802,0.84694,1.022186
2024-05-06 23:55:00,1.55318771,1.63518365,303303.773,143402023.8744,1.88281,1.050952
2024-05-07 23:55:00,1.93058568,1.95520189,305598.666,143809467.7905643,0.558972,1.039617
2024-05-08 23:55:00,2.48361423,2.56109726,300344.759,134500389.97538,0.61794,1.038923
2024-05-09 23:55:00,1.90685413,1.69167112,300732.684,136649924.28276,0.881498,1.016868
2024-05-10 23:55:00,2.49980438,1.96256008,317618.06,135381168.029767,1.074938,0.98254
2024-05-11 23:55:00,2.12478032,1.61858023,311462.588,133703474.11643313,1.27918,0.992512
2024-05-12 23:55:00,1.928248,1.54663677,313642.952,135703896.04184,1.214146,0.997766
2024-05-13 23:55:00,1.68648827,1.41185613,305506.727,133600137.53678723,0.893049,0.993187
2024-05-14 23:55:00,2.11875242,1.90208668,301045.67,129049247.3589,0.721493,0.990613
2024-05-15 23:55:00,1.46033696,1.3352999,304001.459,140892516.18814,1.126507,0.959724
2024-05-16 23:55:00,2.61896799,2.62783053,307475.771,136657606.42095,0.763756,0.957517
2024-05-17 23:55:00,1.77881257,1.85442844,303811.839,141652269.93375,2.4991,0.960289
2024-05-18 23:55:00,2.06771263,2.15068966,306178.26,145427373.2060169,0.827606,0.943874
2024-05-19 23:55:00,1.63961857,1.74206816,321957.95,155998285.5135,1.703919,0.969401
2024-05-20 23:55:00,1.53264925,1.5761748,312736.019,161923003.09637576,1.583788,0.907307
2024-05-21 23:55:00,2.25720772,2.26378644,304803.185,156856479.62136146,0.550933,2.055599
2024-05-22 23:55:00,2.29101124,2.37702156,301600.861,150326917.14823,0.684129,1.966008
2024-05-23 23:55:00,1.65227273,1.4574878,289787.165,142230557.41417912,0.934526,1.998424
2024-05-24 23:55:00,1.64061331,1.51286008,292564.494,144673142.283,0.992959,1.511804
2024-05-25 23:55:00,1.66373084,1.4977354,299164.295,147582847.88458484,0.528299,1.890592
2024-05-26 23:55:00,2.07903056,1.91106663,301495.063,145879419.44407108,1.09543,1.849713
2024-05-27 23:55:00,1.75881016,1.4816337,291416.841,142607745.31176,2.995942,0.859126
2024-05-28 23:55:00,1.83581103,1.44794189,317717.489,149306371.37993926,0.502914,1.37723
2024-05-29 23:55:00,2.15506017,1.91251719,309065.709,143878747.1990593,1.894461,0.837402
2024-05-30 23:55:00,2.5092384,2.26471534,306551.239,142491146.91198,0.375192,0.861466
2024-05-31 23:55:00,2.88591224,2.55427632,308154.395,140093756.63683552,0.381061,0.869571
2024-06-01 23:55:00,2.22523077,2.1584252,301850.306,139847274.45551008,1.190951,0.87768
2024-06-02 23:55:00,2.18158467,1.77358491,300687.529,137710019.7720392,0.553221,0.866844
2024-06-03 23:55:00,2.46480255,2.30883919,300466.82,139579712.29530802,0.575109,0.853678
2024-06-04 23:55:00,1.83425189,1.57823513,298843.366,142482540.04148,2.20335,0.858524
2024-06-05 23:55:00,1.51252551,1.27556237,296701.184,146874724.51253253,0.793399,0.87338
2024-06-06 23:55:00,2.32534884,2.35660036,290619.677,144121204.02107,0.599311,2.030053
2024-06-07 23:55:00,2.88403782,2.87625418,284936.816,136009012.46245882,0.288167,2.109234
2024-06-08 23:55:00,3.11016451,2.82564537,289068.152,135626228.12172535,1.133094,0.883527
2024-06-09 23:55:00,1.97901151,1.60491953,284625.06,135009050.9604,0.784606,0.873741
2024-06-10 23:55:00,1.9447454,1.57066824,278139.636,130402986.94224,0.644654,0.885942
2024-06-11 23:55:00,2.47061567,2.00061614,287883.874,128338631.0292,0.587895,0.866896
2024-06-12 23:55:00,2.80376418,2.44473783,278177.447,126260631.34118491,0.706363,0.8503
2024-06-13 23:55:00,2.85859396,2.48964013,279059.531,120394653.45933,2.097972,0.863361
2024-06-14 23:55:00,2.19809408,1.73179396,287794.449,121552863.47964,0.5847,0.857521
2024-06-15 23:55:00,2.331514,2.05478088,287275.757,123468247.60103,3.707059,0.84947
2024-06-16 23:55:00,2.35603113,2.05659099,289213.895,123824037.0053,1.216132,0.841559
2024-06-17 23:55:00,2.38509594,2.22394678,292916.686,122853285.49021582,0.346596,0.85672
2024-06-18 23:55:00,1.68682259,1.39853301,299637.417,116561160.0589765,1.248268,0.850957
2024-06-19 23:55:00,1.54638236,1.25996249,296582.222,115288538.11469188,0.553329,0.857609
2024-06-20 23:55:00,2.02977503,1.78885811,292362.595,113924932.39365,0.350017,0.828171
2024-06-21 23:55:00,2.12874385,1.87326549,289228.804,110716786.1712,1.082352,0.806885
2024-06-22 23:55:00,1.62759558,1.41863624,301940.355,118329107.87346847,0.623691,0.828003
2024-06-23 23:55:00,2.02021627,1.8581127,289063.556,110053958.74271356,0.313052,0.790642
2024-06-24 23:55:00,1.72379336,1.64523407,322372.137,117191942.96361,0.488346,0.834171
2024-06-25 23:55:00,1.35083799,1.23328823,323426.032,125602499.5272,1.469408,0.836413
2024-06-26 23:55:00,2.01822126,1.87867054,301483.363,112635844.17014349,1.617517,0.779809
2024-06-27 23:55:00,1.28039086,1.2132103,319634.818,124302784.37202,0.476928,0.834452
2024-06-28 23:55:00,1.72643586,1.71480363,301997.96,116507792.9884,1.001986,0.805735
2024-06-29 23:55:00,1.84104341,1.76676647,295584.466,112508315.29358,1.18675,0.805526
2024-06-30 23:55:00,1.42609204,1.29041172,295690.406,116431054.26656,0.760865,0.819005
2024-07-01 23:55:00,2.09558824,2.09189391,295432.078,113507139.46409068,0.937846,1.419318
2024-07-02 23:55:00,2.26526032,2.05624187,304709.927,116353674.35009038,0.852495,0.831834
2024-07-03 23:55:00,2.46785714,2.30205075,300137.597,111957326.43294,0.811259,0.859532
2024-07-04 23:55:00,2.25832942,2.03981481,314801.613,104268590.25786,1.075508,0.900105
2024-07-05 23:55:00,1.68126788,1.45392491,315012.139,102413596.51029,0.837264,0.652473
2024-07-06 23:55:00,1.67385984,1.5018956,300860.081,103086698.15384,2.361429,0.645171
2024-07-07 23:55:00,1.71655172,1.59021407,306244.532,95679979.13276,0.99278,0.891514
2024-07-08 23:55:00,1.55667396,1.43796489,299125.372,99686334.32493101,1.427085,0.629669
2024-07-09 23:50:00,1.65039152,1.55475173,297777.378,98496019.2615525,1.40627,0.73541
2024-07-10 23:55:00,1.71041569,1.60695187,290182.266,98725862.05457768,0.994057,0.64439
2024-07-11 23:55:00,1.51034768,1.44227353,333790.278,115819175.71611458,1.023422,0.986992
2024-07-12 23:55:00,1.27782957,1.23524522,336329.343,124021445.23125,1.106644,0.965206
2024-07-13 23:55:00,1.18660892,1.16648442,329861.412,123839869.90716,0.824456,1.026222
2024-07-14 23:55:00,1.48041026,1.37014925,305033.702,114829694.11890198,0.824089,1.648504
2024-07-15 06:30:00,1.207219,1.1035503,309730.886,120340804.79370753,1.758688,1.554732
2024-07-16 23:55:00,1.36886293,1.31596003,314290.219,121509438.5964849,0.912273,1.529658
2024-07-17 23:55:00,1.48626787,1.38768216,323346.237,121254838.875,0.868837,1.469989
2024-07-18 23:55:00,1.27678729,1.07210951,319797.051,122319174.03699,0.309492,1.535824
2024-07-19 01:30:00,1.45901328,1.25291622,316278.648,118433702.53008,1.111383,1.528688
2024-07-20 23:55:00,1.07836006,1.03448276,310826.283,122834656.18035467,1.142514,1.576238
2024-07-21 23:55:00,1.17552898,1.091481,308728.96,123797225.6704,1.298298,1.604423
2024-07-22 23:55:00,1.38464606,1.33294256,307827.434,118682096.93289465,0.679235,1.613341
2024-07-23 23:55:00,1.61635476,1.35427622,307460.678,112565403.29152746,0.788202,1.574697
2024-07-24 19:45:00,1.58068293,1.35011927,304668.434,111088349.52779517,0.950976,1.613511
2024-07-25 23:55:00,1.58004453,1.35652658,298074.487,107658543.21466,0.825627,1.637635
2024-07-26 16:10:00,1.23832468,1.07672699,302720.025,113787912.9311855,1.314244,1.586844
2024-07-27 23:55:00,1.11483758,1.06931464,304690.421,119523958.34988,0.538359,1.633386
2024-07-28 23:55:00,1.11689038,1.0965581,325539.403,135607679.41443834,1.254831,1.482886
2024-07-29 23:55:00,0.78021746,0.92956903,345919.209,151785889.71711,1.159224,1.471783
2024-07-30 23:55:00,1.1640636,1.41363189,329907.963,142599417.92712,2.228359,1.607415
2024-07-31 23:55:00,1.54761495,1.77157957,311299.218,128812858.6241927,0.571538,1.721772
2024-08-01 23:55:00,1.61271904,1.58419651,299848.697,123826852.0239306,1.009497,1.822404
2024-08-02 23:55:00,1.88639761,1.88184349,292079.285,111389754.1569457,0.960638,1.851287
2024-08-03 23:55:00,2.12436364,2.19275786,282334.235,102772484.88235,1.114662,0.971647
2024-08-04 23:55:00,1.76311642,1.63157895,278301.673,92419257.83117718,1.004281,0.918502
2024-08-05 23:55:00,1.41892502,1.25114416,260183.825,80501576.69463962,0.705393,0.668819
2024-08-06 23:55:00,1.49704012,1.23401979,278406.775,87593832.79915805,1.210655,0.599988
2024-08-07 21:50:00,1.33008299,1.14036003,280823.047,88393872.91338015,0.988728,0.593775
2024-08-08 23:55:00,1.31511457,1.26145863,271072.159,95674918.51905,0.603685,0.589795
2024-08-09 23:55:00,1.34227196,1.26046512,292479.041,101621842.79545,0.872237,1.563986
2024-08-10 23:55:00,1.43673205,1.30414201,281718.584,99911495.8156,1.936594,1.553276
2024-08-11 23:55:00,1.62328932,1.59198113,272790.676,90018195.17324,1.068241,1.649184
2024-08-12 23:55:00,1.5513245,1.56533423,276860.742,98166513.29094,1.431342,1.195498
2024-08-13 23:55:00,1.37944664,1.29662306,275550.533,96851709.38268723,0.966365,1.633671
2024-08-14 23:55:00,1.76615454,1.4557377,280602.326,94695510.40721977,0.955959,1.609699
2024-08-15 23:55:00,1.65817186,1.34262295,279442.114,93305721.8646,1.052365,1.609161
2024-08-16 23:55:00,1.53268515,1.44637085,273955.06,92572464.5869241,0.615255,1.726866
2024-08-17 23:55:00,1.47171738,1.47643198,278120.398,94838841.27326712,1.999973,1.705462
2024-08-18 23:55:00,1.53707719,1.31755033,273713.115,91105410.32775,1.241403,1.727049
2024-08-19 23:55:00,1.57099698,1.33652762,271443.938,91657601.82505494,0.272695,1.725055
2024-08-20 23:55:00,1.71675501,1.49473032,271844.88,91078908.5952,0.841155,1.741258
2024-08-21 23:40:00,1.51197136,1.51406148,266503.528,92993911.48666112,1.171603,1.858084
2024-08-22 23:55:00,1.73002887,1.69357093,266345.947,92280880.25709,1.165785,1.837431
2024-08-23 23:55:00,1.73891129,1.72520206,265529.511,96904995.03945,6.140563,1.799672
2024-08-24 23:55:00,2.12255176,2.18718593,264780.924,96213444.35388,0.796548,1.769012
2024-08-25 23:55:00,1.96805025,1.91336441,263588.195,93867736.43705979,1.703345,1.762709
2024-08-26 23:55:00,1.85892323,1.71816638,264247.514,90405912.79998669,0.901535,1.744315
2024-08-27 23:55:00,1.85076092,1.73658694,266552.314,86309173.39306559,0.496631,1.696904
2024-08-28 23:55:00,1.84243845,1.66432069,273279.762,87943510.33901477,0.339253,0.899265
2024-08-29 23:55:00,1.88474178,1.6694089,274393.314,88442930.10003798,2.969522,0.897377
2024-08-30 23:55:00,2.03382243,1.85360212,270872.406,87971231.29662,0.429389,0.900877
2024-08-31 23:30:00,2.01994515,1.87257525,269829.4,86881744.86279926,0.603348,0.902983
2024-09-01 23:55:00,1.89526124,1.83529808,274555.791,85774679.40984213,0.786375,0.895671
2024-09-02 12:50:00,1.94770572,1.8174548,272373.334,87391533.57457228,2.054032,0.59167
2024-09-03 23:55:00,2.31670689,2.02506266,281137.078,86767336.38314,0.720331,0.915684
2024-09-04 23:55:00,2.03780618,1.81927286,275803.102,86889114.26059502,0.537984,0.602739
2024-09-05 23:55:00,2.22420688,1.91351541,281316.731,86443181.09905325,1.169983,0.904549
2024-09-06 23:55:00,2.19956966,1.9099723,281501.287,82980949.38186,0.485816,0.616483
2024-09-07 23:55:00,2.29916435,2.03253235,283164.817,84733063.09105,0.677143,0.597809
2024-09-08 23:55:00,2.26630743,2.04964002,284445.186,86767159.53744,1.471434,0.592441
2024-09-09 23:55:00,1.89434447,1.93043155,271183.234,87339984.17438,1.079558,0.562279
2024-09-10 23:55:00,1.97169559,2.05354331,267473.941,88081732.1506094,1.436478,0.829002
2024-09-11 23:55:00,1.84312749,1.98100304,274873.858,92723198.51914,0.475522,1.514627
2024-09-12 23:55:00,2.08952794,2.18357488,271267.233,90272677.98333001,0.362055,1.56628
2024-09-13 23:55:00,2.02763479,2.08858188,265927.709,89168220.10479,2.316623,1.648173
2024-09-14 23:55:00,2.16333153,2.26854538,265320.645,86720052.81825,1.522101,1.637646
2024-09-15 23:55:00,2.10744478,2.13748019,270006.857,85354920.78220841,0.893525,1.155776
2024-09-16 23:55:00,2.15895643,1.96470588,273414.379,85201219.16316755,0.243878,0.929504
2024-09-17 23:45:00,2.06064619,1.92307692,269002.409,84418335.99238,2.683669,0.926105
2024-09-18 23:55:00,1.94355474,1.85765379,286819.712,93770103.77430472,1.499147,0.979036
2024-09-19 20:20:00,1.66674386,1.66632653,276353.189,94515554.16989,1.266406,1.804134
2024-09-20 23:55:00,2.05757038,1.95528455,264363.055,88739387.633295,0.273176,1.791263
2024-09-21 23:55:00,1.78576462,1.8675,255564.897,88245745.45314331,1.216008,1.923205
2024-09-22 23:55:00,1.92214967,2.17732207,254642.168,87197117.58824,0.709054,1.960995
2024-09-23 23:55:00,2.26981027,2.26526316,256762.773,87741179.29340582,0.974219,1.889422
2024-09-24 23:55:00,2.0337766,2.14767585,253079.126,87977896.57138,0.818624,2.055807
2024-09-25 23:55:00,2.11842468,2.19296777,248257.052,85201340.57157184,1.539924,2.163631
2024-09-26 23:55:00,1.90150934,1.92867925,244993.406,86154381.15396,0.935439,2.258054
2024-09-27 23:55:00,1.99676456,1.96227106,246162.849,88256766.25197,0.812422,2.252582
2024-09-28 23:55:00,2.095165,2.09758898,249838.409,87976836.71311425,0.205712,2.324159
2024-09-29 23:55:00,1.97124442,1.89186296,256169.513,90268988.84184001,0.920568,2.325315
2024-09-30 23:55:00,2.0164991,1.97394864,245999.164,82964321.44397028,0.231585,2.577666
2024-10-01 23:55:00,2.27453142,2.09806157,245353.649,77885709.18401314,1.218684,2.532696
2024-10-02 23:55:00,2.30082821,2.06550218,257164.389,81229198.60430735,1.44989,1.136526
2024-10-03 23:55:00,2.09760404,1.90700141,277647.378,88902690.4356,0.881454,1.152092
2024-10-04 23:55:00,2.15537233,2.041271,261765.358,84945476.32458,0.38724,1.088841
2024-10-05 23:55:00,2.24325782,2.16822067,260614.001,83823887.28164,4.809338,1.471495
2024-10-06 23:55:00,2.54303646,2.40240757,261987.941,84968141.46066184,1.612155,1.07305
2024-10-07 23:55:00,2.31238671,2.25307557,261659.021,84633610.34245,1.942067,1.402584
2024-10-08 23:55:00,2.36133416,2.25299601,252772.925,83129431.84475,6.005784,1.50569
2024-10-09 23:55:00,2.57710652,2.50091408,255583.622,81876213.3077,0.617624,2.280059
2024-10-10 23:55:00,2.58687381,2.47484277,250907.41,80990180.75309715,1.316754,1.150553
2024-10-11 23:55:00,2.6247619,2.54604052,256379.23,83777040.9871,1.196439,1.497506
2024-10-12 23:55:00,2.45242596,2.44092628,252588.304,83116707.31424,0.757462,2.271465
2024-10-13 23:55:00,2.80774152,2.55601852,260721.494,83754768.72625199,0.514572,2.129422
2024-10-14 23:55:00,1.07317473,1.09157701,289247.656,106751089.82192321,1.186686,1.227978
2024-10-15 23:55:00,2.26924194,2.45077484,257232.302,91102855.73326303,0.367352,2.226323
2024-10-16 23:55:00,1.46092471,1.43034901,277574.428,101371748.77379999,1.047891,2.134941
2024-10-17 23:55:00,1.34777471,1.3160323,274371.706,101377014.57680067,2.295588,2.210242
2024-10-18 23:55:00,1.77218279,1.70822454,264505.879,97010176.18204,1.834712,2.14562
2024-10-19 23:55:00,1.847439,1.79686479,265649.155,96449238.70585,0.328852,2.252675
2024-10-20 23:55:00,1.76446746,1.74330656,268955.461,99446281.70475,1.512617,2.417174
2024-10-21 23:55:00,1.81749485,1.7755102,254043.662,92313292.41996609,1.187778,2.568624
2024-10-22 23:55:00,2.09732053,1.97882615,249316.789,89052025.83109589,0.69958,2.661914
2024-10-23 23:55:00,2.26794658,2.12510089,252209.585,87702363.60151342,0.778021,2.656852
2024-10-24 23:55:00,1.3462192,1.29726444,251640.123,92548204.43694,1.07779,2.689652
2024-10-25 23:55:00,2.31959976,2.23666384,244439.307,85307085.20215252,1.06985,2.675621
2024-10-26 23:55:00,2.30538922,2.08386009,240966.818,83781752.95042,2.522637,2.616347
2024-10-27 23:55:00,2.16343964,1.97140556,244596.278,86073430.2282,1.653673,2.492333
2024-10-28 23:55:00,1.53536036,1.42935661,244680.737,89340277.50081,3.677765,2.683625
2024-10-29 23:55:00,1.27862595,1.29195804,276677.444,106760177.3465396,0.94105,2.167828
2024-10-30 23:55:00,2.19893048,2.26807474,241384.048,88983815.45472,1.155191,2.579854
2024-10-31 23:55:00,2.21997226,2.20473705,254485.216,91253473.3390486,1.503047,2.48936
2024-11-01 23:55:00,2.24145474,2.14174455,251725.868,87942897.31091617,0.695144,2.383921
2024-11-02 23:55:00,2.09057203,2.02105666,247949.963,87660555.29135895,0.831531,2.294649
2024-11-03 23:55:00,2.19839513,2.11865079,253681.42,86162894.303,0.962133,2.167082
2024-11-04 23:55:00,2.19004283,2.01135531,254512.755,83721970.75725,1.263747,1.999116
2024-11-05 23:55:00,1.91816817,1.6558311,247367.753,84740771.14521,1.725515,2.102037
2024-11-06 23:55:00,1.22477153,1.1277081,269989.596,102123021.12504606,1.02282,2.003588
2024-11-07 23:55:00,1.52695652,1.60095173,264590.966,99875151.93602,0.985633,2.151794
2024-11-08 23:55:00,1.71854386,1.72835498,247486.383,93263161.24893932,0.491308,2.250874
2024-11-09 23:55:00,1.57811786,1.48663272,258525.798,104660774.94378896,1.047826,2.080495
2024-11-10 23:55:00,1.60320409,1.51030422,260551.204,114973429.78908,1.54956,2.301079
2024-11-11 23:55:00,1.72806194,1.66109215,251168.923,118727549.9021,0.650616,2.296117
2024-11-12 23:55:00,2.01892099,2.07609115,250788.059,108413170.02511,1.274257,2.260572
2024-11-13 23:55:00,2.11946158,2.19733555,256524.943,112714334.34333238,1.596601,2.108894
2024-11-14 23:55:00,2.08409154,2.07963185,258486.854,107220347.0392,0.851506,2.205215
2024-11-15 23:55:00,1.90642248,1.89861579,257468.139,111125579.60769278,1.28845,2.305357
2024-11-16 23:55:00,1.6231113,1.77015027,276141.819,127599611.72352,0.588364,2.289314
2024-11-17 23:55:00,2.14657461,2.17774343,246118.226,106458488.99239959,1.803401,2.484346
2024-11-18 23:55:00,1.58155255,1.83568406,264844.943,119913844.84211,1.361341,2.450853
2024-11-19 23:55:00,2.08869702,2.1746916,263275.022,117660436.30352664,2.798616,2.466053
2024-11-20 23:55:00,1.97761953,2.06674251,261065.344,114900079.20128,1.503487,2.573681
2024-11-21 23:55:00,2.1151799,2.02295835,302016.76,146322688.9455326,0.461897,2.219251
2024-11-22 23:55:00,2.13637421,2.21896243,285691.213,140174393.65845,2.373661,2.16492
2024-11-23 23:55:00,2.61681509,2.68101066,281519.367,143639626.62441,1.478934,2.433685
2024-11-24 23:55:00,2.30249671,2.4857487,262253.756,135103238.0199616,1.413134,3.632372
2024-11-25 23:55:00,2.22136692,2.62987264,268659.441,132183131.56641,0.779553,3.573105
2024-11-26 23:55:00,1.93068609,1.94497283,265056.923,130564389.70057,0.802323,1.877317
2024-11-27 23:55:00,2.13918418,2.11684982,278055.287,143973474.69877875,0.378806,1.807888
2024-11-28 23:55:00,2.40823681,2.5050702,257276.499,131496167.4533839,1.077613,4.269312
2024-11-29 23:55:00,2.6301334,2.78327153,281441.345,145876677.9404,0.882153,2.850822
2024-11-30 23:55:00,2.5162711,2.72768879,263905.461,138930390.88884,3.744504,3.891162
2024-12-01 23:55:00,2.59597215,2.79628195,266703.439,142001598.1186998,1.236617,4.077266
2024-12-02 23:55:00,2.92911392,3.10257381,283087.136,152485639.94486856,0.978712,3.414066
2024-12-03 23:55:00,2.30400916,2.68853073,314506.724,184357551.47432,1.401087,4.560629
2024-12-04 23:55:00,3.34783814,3.65896206,284364.983,166091899.27064,0.445807,4.765916
2024-12-05 23:55:00,2.8609209,3.35971787,319953.001,188468315.23905,1.056678,4.973223
2024-12-06 23:55:00,2.35307517,2.83580952,300427.999,186079094.02062,0.919803,4.183954
2024-12-07 23:55:00,2.9937718,3.39148239,268703.268,163417266.49956,0.758412,4.210559
2024-12-08 23:55:00,2.68493481,3.09722765,260671.85,162281279.27261224,0.89072,3.994954
2024-12-09 23:55:00,2.74629785,3.09418753,249492.348,137609874.30005378,0.683933,4.066688
2024-12-10 23:55:00,2.15949555,2.26080639,260278.8,134282440.15668342,1.248885,3.779358
2024-12-11 23:55:00,2.09760113,2.17597471,254746.843,139193675.0152,0.761371,3.947385
2024-12-12 23:55:00,2.26150578,2.4379085,251037.017,135608738.58550897,1.395532,4.618401
2024-12-13 23:55:00,2.23887027,2.38467207,250528.416,135869075.84928,2.730898,4.445221
2024-12-14 23:55:00,2.2204182,2.4058689,257168.264,137273847.64056,0.635974,4.1108
2024-12-15 23:55:00,2.33940719,2.47101175,254014.055,138714535.29495,0.42628,4.47004
2024-12-16 23:55:00,2.11577458,2.53433902,255733.853,137637646.80941767,1.586968,4.641732
2024-12-17 23:55:00,2.44596337,2.64146341,259392.022,137412923.6545,1.315572,4.28106
2024-12-18 23:55:00,2.62911877,2.90059406,262176.877,125872277.68448138,0.540554,3.83054
2024-12-19 23:55:00,2.52808668,2.69695652,244542.78,107190436.7574,0.959706,1.819549
2024-12-20 23:55:00,2.04154303,2.15451664,267079.729,119933899.88489917,0.724573,1.766775
2024-12-21 23:55:00,1.70456124,1.95789852,266046.52,121294655.9534297,2.631749,1.854971
2024-12-22 23:55:00,2.14216347,2.3302494,256924.726,114497065.74882148,1.098901,1.935256
2024-12-23 23:55:00,2.04490546,2.19473891,259556.495,119588534.85806495,1.575068,2.000305
2024-12-24 23:55:00,2.15662324,2.49028078,258838.869,121686557.03622809,0.532679,2.114237
2024-12-25 23:55:00,2.10082469,2.56463794,258207.08,120097277.0496,0.46671,2.161296
2024-12-26 23:55:00,2.46138725,2.64960282,258923.908,113188441.23981413,0.241262,2.113688
2024-12-27 23:55:00,2.26007423,2.41649399,257364.698,113492024.00011623,0.820669,2.152481
2024-12-28 23:55:00,2.18096262,2.47645548,257061.571,116037593.1494,0.811248,2.113109
2024-12-29 23:55:00,2.18798024,2.51291028,259997.433,114086873.6004,0.502068,2.171628
2024-12-30 23:55:00,1.923583,2.21266428,260039.068,115428741.89452,2.171758,2.123692
2024-12-31 23:55:00,2.22393822,2.49520906,265073.328,115156429.0757356,0.553492,2.174784
2025-01-01 23:55:00,1.8721584,2.14128728,265435.891,119550069.5658393,0.448704,2.161719
2025-01-02 23:55:00,1.86487759,2.36522463,268763.852,124064081.72172,0.818167,2.164825
2025-01-03 23:55:00,2.36723947,2.84808329,270993.206,128432617.95303702,0.97542,2.193794
2025-01-04 23:55:00,2.17049608,2.67915162,269869.651,129233128.2360583,0.380399,2.320215
2025-01-05 23:55:00,2.36717892,2.92731591,264858.197,124651652.91467702,0.683312,2.250154
2025-01-06 23:55:00,2.14350252,2.60209186,271005.775,130902262.13262235,1.243273,2.241269
2025-01-07 23:55:00,2.7136515,3.01848512,266189.435,116244926.2645,0.319875,2.154385
2025-01-08 23:55:00,2.49110122,2.7601219,269562.131,117038036.01168916,0.538416,2.152073
2025-01-09 23:55:00,2.52052499,2.86118598,272304.338,114893419.49352211,5.356651,2.072866
2025-01-10 23:55:00,2.14629357,2.47713226,274894.324,123672919.21098207,0.881817,1.943651
2025-01-11 23:55:00,2.37516869,2.75322365,270169.163,119101193.27367513,1.293102,2.133654
2025-01-12 23:55:00,2.08487805,2.44123627,273455.068,122439506.697,1.95398,2.11859
2025-01-13 23:55:00,2.18019906,2.4307377,266179.224,113836868.72808,0.485044,2.219104
2025-01-14 23:55:00,2.19362364,2.46201232,266979.583,116856963.4791,0.638538,2.209316
2025-01-15 23:55:00,2.20323693,2.51271004,282406.554,129978940.1999165,0.552056,2.424171
2025-01-16 23:55:00,2.33893635,2.86597452,291245.208,134416061.57837915,0.922418,3.614822
2025-01-17 23:55:00,1.93731811,2.44135429,298691.445,146131802.5518,0.693398,3.542537
2025-01-18 23:55:00,2.51814516,3.10320641,279985.854,130525949.41499673,0.750384,3.650232
2025-01-19 23:55:00,2.51654182,2.91983968,272298.535,116416531.54517876,0.713989,3.439004
2025-01-20 23:55:00,2.39219713,2.60770975,263364.544,113420574.51904,0.48333,2.0884
2025-01-21 23:55:00,1.98510057,2.43696763,269839.226,120474468.25318246,1.502838,2.114035
2025-01-22 23:55:00,2.08647838,2.60817942,273959.851,119252862.6022431,1.053492,3.143016
2025-01-23 23:55:00,2.5762761,2.82141187,268608.17,117442346.1732692,0.506209,2.200413
2025-01-24 23:55:00,2.51016996,2.76146789,269319.337,116300627.80480166,0.609404,2.191354
2025-01-25 23:55:00,2.11281266,2.63898917,274779.303,122364719.21196,1.259795,2.186815
2025-01-26 23:55:00,2.61225063,2.86540241,271580.903,115454909.33268799,0.788738,2.197032
2025-01-27 23:55:00,1.99154589,2.2065091,267975.991,114580549.78072697,0.564663,2.086363
2025-01-28 23:55:00,2.46090776,2.82563619,269540.259,110611236.08583,1.31237,2.139732
2025-01-29 23:55:00,2.06570209,2.41296519,273019.903,113229544.37119,0.634181,2.13038
2025-01-30 23:55:00,1.56840485,2.12556054,281299.331,122291204.11563805,2.510003,2.183109
2025-01-31 23:55:00,2.16069789,2.84605205,280163.076,118819962.16236,0.469663,2.383686
2025-02-01 23:55:00,2.40526441,2.71966019,278181.643,112237958.83433014,1.127611,2.302788
2025-02-02 23:55:00,2.58331031,2.87951807,274746.525,99067389.7700731,1.122176,1.891083
2025-02-03 23:55:00,2.10568583,2.12189405,255216.107,90055555.51602,1.159249,1.75938
2025-02-04 23:55:00,2.13082323,2.39417105,247733.164,81633032.20128,0.383969,1.926729
2025-02-05 23:55:00,2.05196412,2.24141049,245440.821,80453046.71559,1.476421,1.06675
2025-02-06 23:55:00,2.09248029,2.23650156,242756.39,76715993.07081959,0.758479,1.085019
2025-02-07 23:55:00,2.10425197,2.23397436,240952.034,76711899.06458,0.489821,1.106414
2025-02-08 23:55:00,2.00492156,2.16179159,240583.029,77677042.57323,1.10526,1.089672
2025-02-09 23:55:00,1.91378783,2.10930443,241822.12,78416211.43045352,0.76029,1.072959
2025-02-10 23:55:00,2.01456461,2.30324737,247344.53,81408282.7343314,2.697456,1.061121
2025-02-11 23:55:00,2.01047952,2.18575419,245731.918,81397935.83019423,0.353112,1.064722
2025-02-12 23:55:00,2.02832861,2.41825476,248737.651,85316989.07100219,1.295453,1.093807
2025-02-13 23:55:00,2.16067864,2.34253327,246388.184,82504748.76491895,1.428562,1.979554
2025-02-14 23:55:00,1.97442374,2.27020448,247319.657,84425038.11352,0.60704,1.118198
2025-02-15 23:55:00,2.12090762,2.32991703,246169.161,81907864.93953,1.670358,2.018325
2025-02-16 23:55:00,2.15964802,2.25484765,246491.578,80374434.20974737,0.571869,1.085115
2025-02-17 23:55:00,2.29514097,2.24923614,248711.823,80498068.63218,1.27847,1.070012
2025-02-18 23:55:00,2.42084352,2.48728618,254459.939,80394073.12766,0.810915,1.087572
2025-02-19 23:55:00,2.09328878,2.22892597,252511.287,81464932.26718149,1.732633,1.082654
2025-02-20 23:55:00,2.2437024,2.38150808,251343.95,81860211.0755,1.741114,1.08203
2025-02-21 23:55:00,2.50690209,2.73864783,254866.857,79918600.34949,2.06519,1.105641
2025-02-22 23:55:00,2.66347076,2.66391452,253189.2,81223095.36,1.206787,1.090721
2025-02-23 23:55:00,2.35853812,2.6178089,253992.798,83233487.15996006,1.063346,1.040698
2025-02-24 23:55:00,2.74259021,2.87714988,261123.536,76073119.74288,0.879336,1.063578
2025-02-25 23:55:00,2.59052664,2.60238204,263428.762,76829938.22994559,1.364392,1.065588
2025-02-26 23:55:00,2.31154822,2.50502633,256784.914,75443053.36745083,0.885204,1.074273
2025-02-27 23:55:00,2.25275071,2.4435522,260294.041,77213362.16969955,1.123141,1.096204
2025-02-28 23:55:00,1.50033091,1.93213729,282224.918,89085427.5825148,0.850057,1.038314
2025-03-01 23:55:00,1.73993289,2.21154657,263432.964,82004047.36356,0.841126,1.154964
2025-03-02 23:55:00,2.08372384,2.44136566,261657.643,87417240.27748154,0.632439,1.17612
2025-03-03 23:55:00,1.65728969,2.11855905,285809.765,91790821.52855378,1.482628,1.057213
2025-03-04 23:55:00,1.65549451,2.0049639,288930.65,92642723.616,0.814677,1.239772
2025-03-05 23:55:00,0.54422539,0.65117203,453899.533,177946772.91732,0.814262,1.355527
2025-03-06 23:55:00,0.65069611,0.75439708,434765.361,171614996.33189264,1.329521,2.104412
2025-03-07 23:55:00,0.82911985,0.92703863,449607.39,174804234.47638637,1.10531,2.342172
2025-03-08 23:55:00,0.97196391,1.13828107,427858.034,164994893.65142,1.137874,2.487896
2025-03-09 23:55:00,1.15031698,1.33315393,416596.606,148849967.3238,1.468199,2.603533
2025-03-10 23:55:00,1.67527519,1.83127297,405244.55,134370987.889,1.252762,2.847095
2025-03-11 23:55:00,1.4890848,1.68964369,398144.1,135396864.087,0.827849,1.579203
2025-03-12 23:55:00,1.31899572,1.49262714,398086.113,140833863.6001746,1.137705,2.133272
2025-03-13 23:55:00,1.7210494,1.87934363,387912.322,126325716.93103223,0.411833,2.778009
2025-03-14 23:55:00,1.39234364,1.4425648,375840.132,124474493.31708,1.636558,1.622135
2025-03-15 23:55:00,1.36262684,1.41416431,308088.178,105403127.45736,0.42941,1.187653
2025-03-16 23:55:00,1.26102088,1.30423657,296113.534,98545677.82715671,1.580172,2.090846
2025-03-17 23:55:00,1.26341463,1.31129635,290774.647,98087266.89704865,1.108866,1.228476
2025-03-18 23:55:00,1.28478646,1.33588686,283267.152,94940303.65167628,1.561316,1.563326
2025-03-19 23:55:00,1.32423343,1.37877429,280332.699,96764803.55080661,0.526001,1.085716
2025-03-20 23:55:00,1.66610703,1.76675175,282380.971,94163269.15704605,1.720318,2.151177
2025-03-21 23:55:00,1.7393617,1.71393718,284496.495,91858228.3056,1.71124,1.165349
2025-03-22 23:55:00,1.70386428,1.61086838,288209.917,92837404.08146031,1.55325,1.170758
2025-03-23 23:55:00,1.49333834,1.45272677,287252.884,93414637.8768,1.39839,1.205486
2025-03-24 23:55:00,1.51077313,1.61790183,275038.955,91428882.81648374,2.641694,1.2288
2025-03-25 23:55:00,1.37485125,1.59189534,276433.238,92860250.54518272,1.356803,1.275193
2025-03-26 23:55:00,1.41049634,1.60977979,279681.548,93693318.58,1.417021,1.58781
2025-03-27 23:55:00,1.53480142,1.52363112,290456.933,94235847.34252,0.793705,1.253864
2025-03-28 23:55:00,1.70769231,1.56960926,289486.626,88959613.74939598,0.653596,1.20462
2025-03-29 23:55:00,1.65057154,1.46410684,296835.142,89955889.7831,1.650556,1.123688
2025-03-30 23:55:00,1.85460839,1.62492438,291686.225,87182095.79025,1.054806,1.118788
2025-03-31 23:55:00,1.87202061,1.72191011,291115.376,88304597.47177081,1.323184,1.086591
2025-04-01 23:55:00,1.70642996,1.65097915,283967.595,87470538.28785,1.151766,1.125288
2025-04-02 23:55:00,1.81067733,1.76951926,286413.899,83857514.04914661,0.836199,1.083558
2025-04-03 23:55:00,1.69018616,1.64013158,294130.13,88539051.7326,2.354754,1.088754
2025-04-04 23:55:00,1.71382488,1.69055593,282624.721,85129392.21241,1.074757,1.122287
2025-04-05 23:55:00,1.66607023,1.67434101,280924.306,85365612.42560168,0.804433,1.103068
2025-04-06 23:55:00,1.71105584,1.78657315,298117.813,81114875.73917,0.893013,1.124596
2025-04-07 23:55:00,1.35677947,1.39067986,290154.004,79877918.68800178,1.358578,1.107207
2025-04-08 23:55:00,1.48717949,1.58506944,293818.321,79050159.82030755,1.36777,1.101142
2025-04-09 23:55:00,1.38528444,1.5193331,305588.824,92091322.15512404,0.704056,1.155907
2025-04-10 23:55:00,1.58064516,1.68671964,299191.431,86663789.90346,0.363712,1.182339
2025-04-11 23:55:00,1.47086577,1.63455882,288492.973,90271596.0065489,0.422153,1.041206
2025-04-12 23:55:00,1.32543585,1.48031496,296421.538,102096470.33334,1.043207,1.048928
2025-04-13 23:55:00,1.27274624,1.51032347,285731.832,97857437.82336,0.828192,1.752673
2025-04-14 23:55:00,1.67966752,1.59201007,269828.105,87264221.63825206,1.022723,1.545895
2025-04-15 23:55:00,1.52173034,1.33494044,281446.639,89891242.03021,0.899261,1.081175
2025-04-16 23:55:00,1.4714,1.25624653,284113.912,91342208.01533404,0.622976,1.086787
2025-04-17 23:55:00,1.24746292,1.3484428,297586.829,99319604.17875,1.150078,1.869219
2025-04-18 23:55:00,1.12096921,1.31863485,300480.598,100594894.59844,0.640978,1.846144
2025-04-19 23:55:00,1.34420063,1.57597785,295577.686,99068572.97850944,0.474765,1.89892
2025-04-20 23:55:00,1.34813692,1.44885246,297898.834,100082092.27064,4.934471,2.009888
2025-04-21 23:55:00,1.06267556,1.17980984,311351.012,107390678.43205278,2.149394,1.92393
2025-04-22 23:55:00,0.99506467,1.13405196,319462.93,115655164.5479,0.74983,1.931641
2025-04-23 23:55:00,1.14306676,1.30338733,307645.827,110149511.89908,0.944555,1.973307
2025-04-24 23:55:00,1.18273058,1.35574538,325935.747,116213497.946513,1.106028,2.073422
2025-04-25 23:55:00,1.25319267,1.35004201,296034.414,110431514.80664219,1.005241,1.936803
2025-04-26 23:55:00,1.45781072,1.44032445,281348.269,99861754.59886,0.283003,1.839146
2025-04-27 23:55:00,1.54343073,1.48893996,287595.789,99292446.15225,1.029254,1.758099
2025-04-28 23:55:00,0.96993569,0.98894898,296798.357,108028604.87601426,0.830196,1.720521
2025-04-29 23:55:00,1.11707916,1.26768642,304882.103,110879302.0301231,1.352203,1.855792
2025-04-30 23:55:00,1.3841576,1.53664674,294041.806,107557552.21674,1.283595,1.889395
2025-05-01 23:55:00,1.59555459,1.76239601,275104.197,99146711.10458013,1.052157,1.76839
2025-05-02 23:55:00,1.10634451,1.20604468,290496.765,111062705.51807185,0.4636,1.593789
2025-05-03 23:55:00,1.5063489,1.45322908,273674.341,99149477.00089,0.707069,1.566736
2025-05-04 23:55:00,1.71654969,1.56359023,280679.931,99845019.8032074,1.581981,1.466659
2025-05-05 23:55:00,1.67763298,1.48388069,282598.63,99722167.4930271,2.065194,1.401454
2025-05-06 23:55:00,1.1318294,1.23624402,282218.173,105675290.3122344,1.717604,1.298516
2025-05-07 23:55:00,0.98915009,1.12121212,294457.973,112898131.42793,0.760086,1.580012
2025-05-08 23:55:00,1.17327434,1.26362089,317967.453,134118877.41942014,1.067691,1.516282
2025-05-09 23:55:00,1.56413233,1.70067157,272684.876,112717020.34336,1.238763,1.591499
2025-05-10 23:55:00,1.57094666,1.65657895,275404.207,118646886.41767,1.809353,1.682149
2025-05-11 23:55:00,1.95036844,2.02220704,271937.402,110945467.83268407,1.236778,1.609591
2025-05-12 23:55:00,1.71624812,1.77566415,265600.037,109033465.79202786,1.352818,1.641545
2025-05-13 23:55:00,1.74517967,1.80006709,264744.813,108784894.71066639,1.405,1.618589
2025-05-14 23:55:00,1.69552488,1.76548387,266185.524,107074215.25930664,0.887967,1.64041
2025-05-15 23:55:00,1.74396552,1.73488967,269564.203,106657358.22996952,2.138858,1.582785
2025-05-16 23:55:00,1.771777,1.77128005,272828.189,107939513.92445749,0.323213,1.35569
2025-05-17 23:55:00,1.92728126,1.89719626,273222.962,107046024.28198,0.777718,1.31578
2025-05-18 23:55:00,1.95135004,1.91725852,265816.739,107972101.21441,1.566164,1.165737
2025-05-19 23:55:00,1.87954598,1.90963222,265617.271,104232573.78425425,0.383549,1.213735
2025-05-20 23:55:00,1.75212338,1.75947226,261368.986,102953243.5854,1.736287,1.255651
2025-05-21 23:55:00,1.72833724,1.88313609,265829.492,108198289.91102558,0.85738,1.267126
2025-05-22 23:55:00,1.30560482,1.37767628,307606.741,136571240.86918,2.180112,1.517106
2025-05-23 23:55:00,1.53561136,1.78468055,285329.03,121607232.586,1.596518,1.636358
2025-05-24 23:55:00,1.55058115,1.50349428,281360.907,118493986.05864285,0.33659,1.536454
2025-05-25 23:55:00,1.58982106,1.58279716,278899.899,117785005.34568,3.519078,1.497223
2025-05-26 23:55:00,1.60364619,1.63115032,277230.846,115114830.91114925,0.734283,1.607541
2025-05-27 23:55:00,1.83663739,1.94304281,270252.802,111976363.16276704,1.339588,1.52004
2025-05-28 23:55:00,1.26972769,1.3192644,294695.408,125174441.5748661,0.900223,1.792371
2025-05-29 23:55:00,1.53915929,1.49259021,291748.004,119420172.10532904,1.496194,1.688703
2025-05-30 23:55:00,1.62672919,1.76713396,281229.242,111977047.28714,1.554025,1.606756
2025-05-31 23:55:00,1.44764238,1.72520325,290565.186,120520627.84908,1.732473,1.578298
2025-06-01 23:55:00,1.82857846,1.85897436,287142.5,115744478.64401233,0.626098,1.649096
2025-06-02 23:55:00,1.44540519,1.31340275,281158.535,113424976.1897,1.564512,1.649309
2025-06-03 23:55:00,1.25868656,1.36125298,278441.863,111529525.15873599,1.566423,1.661592
2025-06-04 23:55:00,1.3533269,1.39422408,272125.205,108839196.9918,0.631323,1.661782
2025-06-05 23:55:00,1.52884211,1.42929476,271953.441,104672159.90649,1.500504,1.669341
2025-06-06 23:55:00,1.27666545,1.39643958,280869.255,111075364.27485,0.355487,1.615838
2025-06-07 23:55:00,1.19003997,1.50662845,286257.839,117140204.5558213,0.530921,1.558198
2025-06-08 23:55:00,1.36412011,1.69706458,289096.045,118708617.9979,0.883644,1.512581
2025-06-09 23:55:00,1.39402619,1.56832061,293510.828,124674594.40956,0.708388,1.563653
2025-06-10 23:55:00,1.145481,1.28962487,291467.303,127674337.40612,0.770464,1.634519
2025-06-11 23:55:00,1.40551471,1.54973451,273113.147,117012596.70068,0.620677,1.307774
2025-06-12 23:55:00,1.3351891,1.41967445,269281.895,114075889.17885,0.501137,1.236854
2025-06-13 23:55:00,1.1602728,1.09225413,300098.912,134621370.93408,0.983959,1.282775
2025-06-14 23:55:00,1.48239715,1.53737024,317733.846,136825726.10298,2.270784,1.485471
2025-06-15 23:55:00,0.96010263,1.11019217,357072.769,164314176.11073,0.769331,1.324516
2025-06-16 23:55:00,0.88733291,0.98188661,377145.362,174785467.34710225,0.483223,1.46204
2025-06-17 23:55:00,0.67690212,0.76390581,392077.689,181337140.0674008,1.340351,1.601272
2025-06-18 23:55:00,0.79859373,0.80025391,397571.474,182672654.3267459,1.505131,1.611969
2025-06-19 23:55:00,0.63711574,0.71682627,443973.627,220654892.619,0.309395,1.402592
2025-06-20 23:55:00,0.82894593,0.94905009,394801.235,186954176.8219,1.148074,1.646869
2025-06-21 23:55:00,0.85807623,0.81472135,377626.412,176351534.404,1.024916,1.584836
2025-06-22 23:55:00,1.00888634,0.89845373,331474.732,150618183.29420066,0.410554,1.344225
2025-06-23 23:55:00,0.92494011,0.79515069,317037.263,146505960.06350434,1.425858,1.349919
2025-06-24 23:55:00,0.88288973,0.7598417,310776.796,140927953.68212,1.302059,1.394976
2025-06-25 23:55:00,0.69957473,0.66333757,329584.666,159047672.27162,2.778222,1.426702
2025-06-26 23:55:00,0.71885623,0.84749072,343829.773,168015856.87418,1.868396,1.450875
2025-06-27 23:55:00,0.70950456,0.83232767,340795.071,171902877.71515825,2.943637,1.465143
2025-06-28 23:55:00,0.91151543,0.96140494,329457.095,161701302.6426932,0.38979,1.859671
2025-06-29 23:55:00,0.70319104,0.66701589,339659.377,171280136.30443522,1.120155,1.595801
2025-06-30 23:55:00,0.77494888,0.90619538,358374.529,181149917.0577295,0.638516,1.893726
2025-07-01 23:55:00,0.7630361,0.82011088,345046.073,172478180.51051,2.176811,1.827981
2025-07-02 23:55:00,0.86770561,0.70853814,325202.286,165999506.8887,1.525235,1.563905
2025-07-03 23:55:00,0.87473618,0.72489925,331285.794,164344632.50143757,0.50161,1.945292
2025-07-04 23:55:00,0.97894037,0.98592965,343841.602,166292113.97526,0.795617,1.586617
2025-07-05 23:55:00,0.89753467,0.87753569,344005.71,168198151.8474,1.620282,1.51128
2025-07-06 23:55:00,0.85688344,0.8694814,340700.638,167355835.1500095,1.23133,1.522282
2025-07-07 23:55:00,0.88677996,0.9070308,338572.45,168009806.8635,0.508717,1.522605
2025-07-08 23:55:00,0.81119465,0.83467515,354560.34,177538999.0482,1.554771,1.598107
2025-07-09 23:55:00,0.76756697,0.79976762,349686.577,179834468.41584182,0.437158,1.912484
2025-07-10 23:55:00,0.84622754,0.90709459,314052.953,162746671.1549033,0.421648,2.669877
2025-07-11 23:55:00,0.9653072,1.02800278,302022.389,160502637.77985397,0.358551,2.90447
2025-07-12 23:55:00,1.02083633,1.05104242,280905.065,142095827.13025,0.640487,2.70484
2025-07-13 23:55:00,0.91155584,0.81675499,282875.978,143597719.71812162,0.899938,2.542959
2025-07-14 23:55:00,0.85479522,0.77645155,283738.346,143143158.17354,0.99478,2.641681
2025-07-15 23:55:00,0.82384428,0.74453526,279645.982,139086414.0064903,1.342061,2.696645
2025-07-16 23:55:00,0.83063797,0.78973408,281306.379,140292746.79811758,0.873605,1.874819
2025-07-17 23:55:00,0.99629841,0.98313698,278446.287,139111764.9852,0.844443,1.975018
2025-07-18 23:55:00,1.00117336,1.05166873,290230.842,149276953.66073608,2.14514,3.380333
2025-07-19 23:55:00,0.9897034,0.97101449,299746.391,153769898.583,3.851389,3.082058
2025-07-20 23:55:00,0.98136041,1.06477438,356037.503,195162282.680607,3.64434,3.314987
2025-07-21 23:55:00,1.44399254,1.46581077,295635.404,154460629.52788,1.240697,2.75292
2025-07-22 23:55:00,1.10519268,1.00649652,298896.584,157258459.73992,2.106594,2.681265
2025-07-23 23:55:00,1.09687356,1.01124402,301738.867,154417882.57592,1.041803,2.646642
2025-07-24 23:55:00,0.98323302,1.01483964,344851.898,176869195.1350842,1.28527,2.772594
2025-07-25 23:55:00,0.81260968,0.77625943,423275.389,235912538.05915,0.975601,2.715678
2025-07-26 23:55:00,0.85673388,0.96270294,427506.961,239105243.1778929,0.644957,2.788823
2025-07-27 23:55:00,0.86988804,0.95707175,444271.501,262058417.5191624,0.540271,2.739085
2025-07-28 23:55:00,1.13227207,1.23417085,360534.403,206365011.4958499,1.387295,2.991876
2025-07-29 23:55:00,1.00945101,0.94048412,354826.332,200144922.28533345,0.483387,3.065967
2025-07-30 23:55:00,0.91264859,0.87970085,345175.923,203496396.20615846,1.438251,2.95492
2025-07-31 23:55:00,1.02714674,0.97435321,338200.951,189805137.72022,0.711276,2.934509
2025-08-01 23:55:00,1.11793265,1.0108747,339639.291,181978732.1178,1.511315,2.916193
2025-08-02 23:55:00,1.05699402,0.94327876,335051.646,174208541.56481302,2.340073,3.040606
2025-08-03 23:55:00,1.00345324,0.85643671,350403.126,190640324.73156,0.373993,2.835549
2025-08-04 23:55:00,0.97050104,0.93976482,394852.89,226748220.6114,1.276407,2.987658
2025-08-05 23:55:00,1.0286422,0.94946108,416878.703,229940977.7995411,0.348272,3.318123
2025-08-06 23:55:00,0.84926321,0.80665236,412974.927,235792672.76639062,2.419976,3.326002
2025-08-07 23:55:00,1.02207569,1.10258267,419335.486,244011319.3034,1.327101,3.273523
2025-08-08 23:55:00,0.97717931,1.10185874,405494.586,237568249.3078148,0.68549,3.449734
2025-08-09 23:55:00,0.97557047,0.99083389,366124.318,207197074.04256,0.790354,3.565981
2025-08-10 23:55:00,0.99756362,1.06030499,371986.982,212121856.61568,1.492092,3.451938
2025-08-11 23:55:00,0.94637524,1.04032258,427725.87,247435138.5363,1.094486,3.470241
2025-08-12 23:55:00,0.8963792,1.00135014,468975.408,290347364.84688,1.693762,3.487873
2025-08-13 23:55:00,1.12445981,1.19404467,437653.462,269669075.7953722,0.438666,3.409188
2025-08-14 23:55:00,1.19820811,1.25887097,406275.584,240958877.3003673,0.522535,3.863493
2025-08-15 23:55:00,0.92394641,0.91336237,406791.087,240935218.9332266,1.283846,3.870729
2025-08-16 23:55:00,0.97945394,0.96864426,401516.217,235774337.78457,0.327693,3.99735
2025-08-17 23:55:00,0.88364504,0.89223687,408825.436,237879168.19096,0.412981,4.023941
2025-08-18 23:55:00,1.01932955,1.06102004,400416.77,227760477.38622805,0.341606,4.373884
2025-08-19 23:55:00,1.09359811,1.12031467,404695.967,221847658.15369046,0.952846,4.492663
2025-08-20 23:55:00,1.03049521,1.00419241,406048.422,227646987.31008,2.210131,4.377171
2025-08-21 23:55:00,1.02981467,1.06252832,415881.288,230560427.25432,0.651847,4.614822
2025-08-22 23:55:00,0.88300459,0.97504664,464872.756,278811089.41313416,0.796399,3.826811
2025-08-23 23:55:00,0.84405671,0.93723047,452780.546,267706497.8225,0.856249,4.581839
2025-08-24 23:55:00,0.99305359,1.08116883,448869.193,261708694.28672,1.026778,4.676985
2025-08-25 23:55:00,0.94252552,0.95470884,437754.099,237853689.69165,1.050031,4.434158
2025-08-26 23:55:00,0.87591152,0.7979039,432536.441,238154703.94220513,1.245261,3.711017
2025-08-27 23:55:00,0.88195935,0.86715079,428708.89,235815336.06062624,0.762406,3.737036
2025-08-28 23:55:00,0.86971299,0.84868849,431228.901,240483393.3977813,2.636077,3.88337
2025-08-29 23:55:00,0.9202369,0.86438183,441641.695,234326250.5331,1.586283,3.436213
2025-08-30 23:55:00,0.79555135,0.73827355,436299.985,241033926.71325,0.534797,3.722719
2025-08-31 23:55:00,0.83796764,0.85644093,432916.596,235505845.94371104,0.930601,3.935213
2025-09-01 23:55:00,0.83498669,0.83974359,441094.055,240356561.51005,0.511788,3.919702
2025-09-02 23:55:00,0.61071395,0.77916081,490957.531,286894947.7031596,2.435516,3.337599
2025-09-03 23:55:00,0.65401639,0.84531157,475941.816,287135697.5928,1.738549,3.221697
2025-09-04 23:55:00,0.82483104,1.07377428,431773.972,253178393.98504078,1.063099,3.756722
2025-09-05 23:55:00,0.64477362,0.81542646,462615.321,280566939.88008,1.324028,3.074273
2025-09-06 23:55:00,0.91058036,1.01817356,396533.832,235901293.89625964,0.790762,3.150431
2025-09-07 23:55:00,0.82255712,0.84636345,400697.531,241600576.31645,0.890884,3.053539
2025-09-08 23:55:00,1.10914494,0.97435897,335419.969,197223933.8129272,1.469999,3.041903
2025-09-09 23:55:00,1.13290559,0.96653629,312223.189,181108183.01134,1.024552,2.79592
2025-09-10 23:55:00,1.09348958,0.93971478,302137.022,175411690.86254,1.680321,2.986598
2025-09-11 23:55:00,0.93633619,0.79386957,356336.532,212509841.01787746,1.092313,3.168165
2025-09-12 23:55:00,0.82630432,0.84161825,356190.395,213108828.96927363,1.381275,3.391164
2025-09-13 23:55:00,0.87447202,0.94801362,356286.435,213244557.0762,1.763232,3.708452
2025-09-14 23:55:00,0.78988862,0.84283247,347377.07,208867410.8789,1.406467,3.681634
2025-09-15 23:55:00,0.89944061,0.86145374,355087.083,210703503.3792779,0.456799,3.417355
2025-09-16 23:55:00,0.95636315,0.9621937,348220.961,208423750.89106134,0.399285,3.363472
2025-09-17 23:55:00,0.76804805,0.87562189,353452.344,217905363.46946064,1.18103,3.513703
2025-09-18 23:55:00,0.99885028,1.15009843,381139.581,237903748.6648392,1.348479,3.235343
2025-09-19 23:55:00,1.20312286,1.22166625,348743.795,209378799.6421,0.729314,3.497927
2025-09-20 23:55:00,1.24324697,1.10931648,339239.931,201610290.9933,0.932279,3.320222
2025-09-21 23:55:00,1.13345789,1.04271186,338624.342,200949843.27306,0.605543,3.382729
2025-09-22 23:55:00,1.0858351,1.00117343,318386.991,180455378.75898,0.986663,4.02821
2025-09-23 23:55:00,1.07117057,0.95356442,310945.563,173019439.62009,0.677461,3.592593
2025-09-24 23:55:00,1.14667193,0.98794403,300338.688,167004829.15584,1.964515,3.842695
2025-09-25 23:55:00,1.10217637,1.06849315,301664.278,161748428.5471352,0.837634,3.558102
2025-09-26 23:55:00,1.08127867,1.01033295,302235.216,165572007.2052,1.170831,3.326537
2025-09-27 23:55:00,1.04548578,1.02513587,302888.423,164613800.13204,0.724207,3.489118
2025-09-28 23:55:00,1.08160903,1.01045053,301794.144,167814733.35004187,1.789732,3.409689
2025-09-29 23:55:00,1.10848187,1.06385093,298465.623,167341715.7318251,0.665453,3.714387
2025-09-30 23:55:00,1.13622291,1.10779392,295301.752,165453707.3209673,0.319472,3.754996
2025-10-01 23:55:00,1.12261322,1.12278345,327816.49,194257495.6442,1.250458,3.248095
2025-10-02 23:55:00,1.30236458,1.36379511,313176.233,186020418.87734,0.605697,3.04938
2025-10-03 23:55:00,1.17422837,1.21235632,320185.065,194676458.14209938,0.929761,3.294271
2025-10-04 23:55:00,1.30796713,1.32701564,307970.383,181619205.07871166,1.026297,3.50546
2025-10-05 23:55:00,1.11471861,1.14447272,307805.806,182830492.64788,1.006306,3.418125
2025-10-06 23:55:00,1.1287062,1.15066932,302289.62,180968063.57514375,0.477566,3.592461
2025-10-07 23:55:00,1.06781295,1.10170871,305031.97,175704515.3594,0.366156,3.59891
2025-10-08 23:55:00,1.05251252,1.0532115,299517.433,174624653.78766,0.394046,3.66282
2025-10-09 23:55:00,1.18462583,1.21585014,325263.36,188510137.63926098,0.386652,2.966791
2025-10-10 23:55:00,1.2214749,1.22602467,305651.841,156768829.2489,0.906448,2.986798
2025-10-11 23:55:00,1.19450648,1.16410615,281180.186,140411392.4109866,1.125152,2.253474
2025-10-12 23:55:00,1.13975904,1.05806238,273883.065,147948892.88235,0.74499,1.616191
2025-10-13 23:55:00,1.3228752,1.3071994,268428.725,146613085.30775,0.720684,3.762198
2025-10-14 23:55:00,1.12785388,1.11672241,265576.948,142811348.01752,0.438056,4.070726
2025-10-15 23:55:00,1.17356059,1.19070241,272248.824,142086661.2456,1.437248,4.362856
2025-10-16 23:55:00,1.16444532,1.15139949,273606.007,138036222.2655804,1.329551,4.536052
2025-10-17 23:55:00,1.24979952,1.2742671,261969.79,122997436.1029,0.617006,1.562844
2025-10-18 23:55:00,1.22565865,1.30066603,256836.334,120208788.50294225,1.290693,1.542322
2025-10-19 23:55:00,1.24976095,1.25030902,265521.526,125408414.84465583,0.410782,1.41802
2025-10-20 23:55:00,1.12782359,1.17028986,264920.266,126756399.67302,0.736991,1.343178
2025-10-21 23:55:00,1.02305932,1.14670003,269739.758,129607256.32142,1.069798,1.336311
2025-10-22 23:55:00,1.11831036,1.10549777,266874.499,126186269.36217,0.835358,1.329938
2025-10-23 23:55:00,1.08916177,1.15010833,267205.282,128253191.25436,0.336257,1.329467
2025-10-24 23:55:00,0.89817558,1.01790872,277192.31,139419416.1607,0.641724,1.310626
2025-10-25 23:55:00,0.94440884,1.10068924,275112.946,139654587.8622021,1.358111,1.234792
2025-10-26 23:55:00,0.86147252,0.93626374,291689.077,163042526.47992,0.877236,2.519977
2025-10-27 23:55:00,0.89299124,0.97495872,287747.474,159776645.70407212,1.268098,2.508634
2025-10-28 23:55:00,0.90296078,0.95968826,285853.922,159260654.10308,0.432894,2.175537
2025-10-29 23:55:00,1.03839092,1.05233697,281676.605,156402882.43266344,1.059261,2.208343
2025-10-30 23:55:00,1.23288473,1.19919204,270100.639,146065023.55842,0.926584,2.174942
2025-10-31 23:55:00,1.26446117,1.25654952,270192.787,144431766.37867814,0.744926,2.790508
2025-11-01 23:55:00,1.22747274,1.27888318,271291.045,150202999.9747,0.54284,2.749345
2025-11-02 23:55:00,1.29996215,1.36133923,256821.547,137808434.4948028,0.808978,2.528348
2025-11-03 23:55:00,1.40907146,1.43806228,257047.754,129922216.78176,1.125315,2.533619
2025-11-04 23:55:00,1.43213038,1.47758429,252076.495,120928656.94635,1.078144,1.014211
2025-11-05 23:55:00,1.44434369,1.44253491,253926.817,124108441.03586206,0.582138,0.995595
2025-11-06 23:55:00,1.2558325,1.30485437,251901.878,119031194.41134,0.524955,1.037006
2025-11-07 23:55:00,1.09176286,1.0872546,255719.649,130934116.36679809,1.156343,1.097427
2025-11-08 23:55:00,1.17273796,1.17688155,251323.653,124493171.51355,0.970618,1.599045
2025-11-09 23:55:00,1.12855518,1.1107433,256005.088,128821760.2816,0.692321,1.074158
2025-11-10 23:55:00,1.00568081,0.99125529,268918.659,139041703.44936,1.67669,1.217342
2025-11-11 23:55:00,1.10285505,1.08126279,272451.248,137668103.9486201,1.803564,2.718412
2025-11-12 23:55:00,1.1116451,1.09728774,263812.049,133710498.91516,1.102053,1.687145
2025-11-13 23:55:00,1.13183521,1.16063138,275788.826,140370996.65748,0.69052,1.704557
2025-11-14 23:55:00,1.08472687,1.07231405,277602.756,133060884.95496754,0.884442,1.961458
2025-11-15 23:55:00,0.99229827,0.97851894,274493.568,137827458.9095544,0.947493,1.455255
2025-11-16 23:55:00,1.00886616,1.04638741,273708.489,132241836.30687104,0.599205,1.508906
2025-11-17 23:55:00,0.96278126,0.99857914,278808.073,136710471.706747,1.408352,1.464439
2025-11-18 23:55:00,1.13892807,1.10977702,282505.67,147671980.47577646,1.932816,1.581753
2025-11-19 23:55:00,1.26782483,1.2251233,262227.34,127466502.19024497,1.001992,2.183196
2025-11-20 23:55:00,1.09101858,1.08170664,272163.71,130717505.94073537,0.763815,1.734625
2025-11-21 23:55:00,0.94391144,0.8992467,313988.394,167464570.05213383,1.125913,1.851037
2025-11-22 23:55:00,0.90243094,0.8678245,349732.965,194544052.00815973,0.824214,2.126279
2025-11-23 23:55:00,1.07552748,1.01600337,334442.795,180288077.50065,0.857253,3.170589
2025-11-24 23:55:00,1.03535148,0.93816327,330284.436,181332761.05272,1.1098,2.119433
2025-11-25 23:55:00,1.05353535,1.02380952,310483.827,163575299.41668,1.31515,3.236413
2025-11-26 23:55:00,1.14045193,1.06792106,289999.376,157556660.9808,0.859996,1.867582
2025-11-27 23:55:00,1.12376682,1.0636449,290076.967,154477588.00618,1.388091,2.704112
2025-11-28 23:55:00,0.97354715,0.92802221,293216.761,160770750.0563,0.518723,2.545635
2025-11-29 23:55:00,1.23583235,1.17544263,275006.875,143295082.2875,1.166967,2.416744
2025-11-30 23:55:00,0.82039055,0.77332863,315326.24,170432381.16610637,0.91324,1.464305
2025-12-01 23:55:00,1.13076803,0.99437016,296158.422,154813043.12614354,3.490766,2.301548
2025-12-02 23:55:00,1.00042052,0.91622255,304284.119,165889615.99642,1.100386,1.232331
2025-12-03 23:55:00,1.03762924,1.00613262,321480.481,189749100.7441831,0.605517,1.991598
2025-12-04 23:55:00,1.17997632,1.11776691,304502.727,174933771.63423,0.549451,2.306118
2025-12-05 23:55:00,1.36135047,1.40723376,299262.142,167382011.45557848,0.796554,2.353993
2025-12-06 23:55:00,1.169627,1.04599463,315710.3,184106461.445,0.857029,2.023316
2025-12-07 23:55:00,0.9953564,0.97846322,329370.025,196973156.05075,1.074107,1.946798
2025-12-08 23:55:00,1.24580713,1.11196229,317211.617,183592567.57109,0.788566,2.034958
2025-12-09 23:55:00,1.07474519,0.96315889,315647.648,184423451.29696,0.615629,2.123316
2025-12-10 23:55:00,1.0975516,1.01760285,302030.14,172869783.62338838,1.058376,1.90552
2025-12-11 23:55:00,1.1535786,1.03184458,286853.055,164607757.0812,0.825156,2.010234
2025-12-12 23:55:00,0.95020747,0.8801145,294949.768,171466098.12912,2.066229,1.787715
2025-12-13 23:55:00,0.96233236,0.8823934,287062.087,166309420.10345,0.63919,1.751831
2025-12-14 23:55:00,1.23381104,1.17494514,290771.814,162224502.74874,1.353736,1.7028
2025-12-15 23:55:00,1.04002993,0.97709642,285620.421,152964016.46655,1.909807,2.032322
2025-12-16 23:55:00,0.97200715,0.82368866,285441.434,155771099.36248,0.628545,1.241403
2025-12-17 23:55:00,0.90969548,0.75428477,301636.021,164789790.99272,2.829041,1.108891
2025-12-18 23:55:00,0.71476345,0.63649343,331904.812,187639319.69928014,1.279734,1.469135
2025-12-19 23:55:00,0.69143085,0.61288056,391627.91,244595127.4696,1.158791,1.783694
2025-12-20 23:55:00,0.90069836,0.82091024,341762.702,202207320.26532,0.670389,1.915257
2025-12-21 23:55:00,1.06528591,0.90720524,328655.371,194153160.41825,1.393135,1.9425
2025-12-22 23:55:00,1.04424679,0.90875796,321582.427,189695042.03876,2.244558,1.769815
2025-12-23 23:55:00,1.23741185,1.10554562,319360.01,182677119.3201,1.557227,1.79621
2025-12-24 23:55:00,1.20631926,1.15422166,308701.751,175502902.25127184,1.540516,2.028227
2025-12-25 23:55:00,0.74936224,0.6937424,331428.115,195363238.06762138,1.139275,2.075599
2025-12-26 23:55:00,0.82512457,0.74109397,334397.543,198822747.14151,0.563749,1.930484
2025-12-27 23:55:00,0.72011757,0.65782493,361912.411,225380953.95025,1.299251,1.816674
2025-12-28 23:55:00,0.75396825,0.70557127,384339.907,239040205.15865,2.595234,1.593452
2025-12-29 23:55:00,1.02563307,0.94398057,321419.811,192450252.36741978,1.139199,2.008892
2025-12-30 23:55:00,1.03761526,0.93138443,314461.532,187287914.46255967,1.833564,1.962572
2025-12-31 23:55:00,0.97106046,0.87100043,313011.976,187550279.9408067,0.65599,1.978135
2026-01-01 23:55:00,1.00549339,0.93021507,311901.402,184916984.20374,2.177575,2.010447
2026-01-02 23:55:00,0.79634079,0.74109627,333200.223,203122187.94303,1.438178,2.187442
2026-01-03 23:55:00,0.64538128,0.62457591,418669.783,273885398.64294,0.857432,2.033116
2026-01-04 23:55:00,0.76418454,0.72682398,362415.683,231474896.7321,1.255042,2.041063
2026-01-05 23:55:00,0.81432534,0.76751357,355581.359,229332197.48705,0.784444,2.065319
2026-01-06 23:55:00,0.95186038,0.89743961,348538.609,222380653.0521734,0.256152,2.228738
2026-01-07 23:55:00,0.9960352,0.99391511,348582.748,219223690.2172,0.394149,2.191907
2026-01-08 23:55:00,0.95457708,0.87494496,354402.166,223893568.3705,1.856006,2.604459
2026-01-09 23:55:00,0.95217864,0.86500579,351911.291,223263684.01072034,1.199707,2.792142
2026-01-10 23:55:00,0.90068587,0.82710027,361051.133,232329183.06284,0.492471,2.436296
2026-01-11 23:55:00,0.93092278,0.8373532,359792.427,233325388.9095,0.810938,1.791242
2026-01-12 23:55:00,1.21893677,1.12841362,327803.507,203634009.81970286,0.43844,2.288104
2026-01-13 23:55:00,1.18879524,1.13346315,328468.837,202550308.33605,1.043053,2.485646
2026-01-14 23:55:00,1.27955177,1.22008773,342915.341,204710171.11677,1.568161,2.150202
2026-01-15 23:55:00,1.10112821,1.0660097,368980.969,217843824.32410437,0.614013,2.662263
2026-01-16 23:55:00,1.05642307,1.02680965,359923.96,215590852.8004,0.908027,2.128455
2026-01-17 23:55:00,1.02548482,1.03981744,357760.76,212434761.6804,1.361282,2.222206
2026-01-18 23:55:00,0.97404141,0.93087419,351680.408,207906423.60144,0.693641,2.332853
2026-01-19 23:55:00,1.2323895,1.1268733,346799.856,202400165.0239941,0.893598,2.250652
2026-01-20 23:55:00,1.16831122,1.08931581,353839.632,202632953.28675953,1.003649,2.103302
2026-01-21 23:55:00,1.2139185,1.11160059,343262.88,200595961.8144,1.037626,2.017468
2026-01-22 23:55:00,1.18823529,1.08681729,339654.095,203370290.5488919,1.494425,2.221471
2026-01-23 23:55:00,1.26325967,1.14712237,329772.564,196294449.97716677,1.576896,2.529355
2026-01-24 23:55:00,1.20740345,1.0902213,330780.374,196229462.03362447,0.905023,2.476744
2026-01-25 23:55:00,1.22560406,1.16965679,333409.819,190637066.30782,2.260049,2.542646
2026-01-26 23:55:00,1.13812642,1.05312328,330529.595,191105601.2371,0.197839,2.563643
2026-01-27 23:55:00,1.00551255,0.92436832,339596.143,203672786.76425,0.542168,2.74716
2026-01-28 23:55:00,1.04290909,0.95826087,325206.05,192157750.824,1.953676,2.761794
2026-01-29 23:55:00,1.13946766,1.16592593,318783.041,176519408.08003506,0.830818,3.206026
2026-01-30 23:55:00,0.89485364,0.91289593,331043.995,183037535.27545,1.034706,2.100375
2026-01-31 23:55:00,0.84505901,0.91565404,339808.61,172303353.7866,1.644713,1.930779
2026-02-01 23:55:00,0.85014611,0.86922942,346397.519,178689160.17615,0.987391,1.637207
2026-02-02 23:55:00,0.83114163,0.8195797,356364.84,192218203.5997242,0.321653,1.901923
2026-02-03 23:55:00,0.88884702,0.9026827,349509.089,184058476.44918,0.927498,2.016684
2026-02-04 23:55:00,0.88406703,0.87948061,356718.65,189813560.8515,0.914887,1.893192
2026-02-05 23:55:00,0.89034436,0.92296834,358524.874,162644809.0901,0.770908,1.844269
2026-02-06 23:55:00,0.77857987,0.78202115,390739.823,204342316.1665771,1.310966,1.72086
2026-02-07 23:55:00,0.99025596,0.97445561,387106.534,203269594.2951256,1.209539,2.206548
2026-02-08 23:55:00,0.98770006,0.98230277,398271.895,209814459.86377868,1.130064,2.192587
2026-02-09 23:55:00,0.93817974,0.92402212,390939.586,208241789.27462,0.907894,2.226249
2026-02-10 23:55:00,1.01712279,0.98495444,387782.623,203217483.58315,1.127434,2.318094
2026-02-11 23:55:00,1.05048255,1.00194301,377437.433,194727520.43336,2.914971,2.287654
2026-02-12 23:55:00,0.92151539,0.91859553,377289.245,189719896.84825,1.825387,2.36762
2026-02-13 23:55:00,0.85098086,0.81360947,396879.339,223760131.36760876,0.628738,2.27467
2026-02-14 23:55:00,0.98596807,0.90462162,387530.303,217985795.4375,2.604982,2.465203
2026-02-15 23:55:00,0.97090292,0.91728185,391856.709,216791244.65288255,0.497401,2.440616
2026-02-16 23:55:00,0.95391589,0.87238684,391098.259,222457557.89084828,0.76335,2.433627
2026-02-17 23:55:00,1.03199792,0.94343891,386364.894,217546617.21564,2.353191,2.37454
2026-02-18 23:55:00,1.03893975,0.92124013,384056.468,214129630.101364,1.355984,2.374422
2026-02-19 23:55:00,0.98820692,0.882509,374582.507,209736237.31944,0.492283,2.276376
2026-02-20 23:55:00,0.99155496,0.89264452,365739.406,205563833.1423,0.48168,2.111483
2026-02-21 23:55:00,0.95055234,0.86863772,366102.918,206443552.7173677,1.577111,2.108553
2026-02-22 23:55:00,0.84470388,0.78587739,410260.52,233973460.15027335,0.671422,2.272794
2026-02-23 23:55:00,0.95949807,0.9689324,334444.031,165663788.54282445,1.22632,2.709915
2026-02-24 23:55:00,0.85536378,0.84031804,346525.264,167800928.53563127,1.717346,2.649097
2026-02-25 23:55:00,0.72919979,0.74683133,358605.689,176627663.4201614,0.845531,2.189322
2026-02-26 23:55:00,0.81761773,0.86352699,359086.849,171643513.822,1.00294,2.324334
2026-02-27 23:55:00,0.79804495,0.82762346,375434.547,173139150.03999,1.396688,2.210202
2026-02-28 23:55:00,0.84016437,0.85026396,356405.376,162984801.32021943,1.889193,2.025118
2026-03-01 23:55:00,0.85760283,0.85428796,357832.661,157900818.31947,0.694215,2.086277
2026-03-02 23:55:00,1.01627236,1.04887691,354695.887,157743901.82551,1.599557,2.172946
2026-03-03 23:55:00,0.98810048,1.05181256,360087.781,159713334.38474,1.243766,2.160642
2026-03-04 23:55:00,0.74254005,0.76597111,389888.409,182031616.2162851,1.025842,2.301851
2026-03-05 23:55:00,0.84893249,0.91720331,387084.449,178572926.2627505,0.667354,2.283165
2026-03-06 23:55:00,0.93581662,1.03913205,386786.05,173794575.8465,0.764702,2.408496
2026-03-07 23:55:00,0.91994226,1.03443924,396851.877,178505030.047428,1.338227,2.349577
2026-03-08 23:55:00,0.96334107,1.06934374,393500.231,174247201.02318555,1.76679,2.368
2026-03-09 23:55:00,0.95135007,1.02495647,381355.204,169420862.92904,1.072871,2.304597
2026-03-10 23:55:00,0.99862841,1.09646182,381202.496,170302215.088,0.864623,2.258325
2026-03-11 23:55:00,0.85493421,0.90056022,391825.909,178206341.67229,0.771809,2.283879
2026-03-12 23:55:00,0.89018984,0.96521421,388734.474,176866410.98052,4.277688,2.399562
2026-03-13 23:55:00,0.894407,0.91367173,400886.811,184696260.44769257,0.80525,2.262946
2026-03-14 23:55:00,0.81684328,0.8360512,394242.877,184230184.71555772,1.063898,2.409795
2026-03-15 23:55:00,0.78158391,0.79361737,394417.256,185136683.63178164,1.176369,2.380581
2026-03-16 23:55:00,0.75043048,0.76386139,392779.971,187974775.49114937,1.475163,2.29306
2026-03-17 23:55:00,0.77991334,0.80802882,391756.136,184258581.00624,1.203311,2.28452
2026-03-18 23:55:00,0.90676746,0.94262145,388248.796,177247222.83788,1.190044,2.452279
2026-03-19 23:55:00,0.85898498,0.89851932,396309.499,180439714.8947,1.801676,2.517567
2026-03-20 23:55:00,0.78457537,0.79455106,396836.802,188191916.61246,1.104601,2.475152
2026-03-21 23:55:00,0.92456691,0.92851516,396361.036,183229779.72208,0.965449,2.306866
2026-03-22 23:55:00,0.79787898,0.81437788,395560.054,184766358.76859555,0.55475,2.496733
2026-03-23 23:55:00,0.95110526,1.02897218,397261.657,189763948.31576,1.703899,2.460508
2026-03-24 23:55:00,1.03194335,1.14246779,391350.663,186671418.8422786,0.351931,2.357048
2026-03-25 23:55:00,1.01975309,1.1248476,388335.446,183791399.88288,3.160131,2.356107
2026-03-26 23:55:00,1.12529852,1.27312548,376157.895,173673231.36746868,1.484486,2.540264
2026-03-27 23:55:00,0.99625356,1.04331797,383443.372,181135828.49590507,0.786468,2.572374
2026-03-28 23:55:00,0.94284499,0.92162495,393936.977,189381262.32298,0.89585,2.379387
2026-03-29 23:55:00,1.06397897,1.16731786,389348.821,176172554.52608,1.197227,2.655757
2026-03-30 23:55:00,0.9921937,1.05916546,382143.172,175759109.09796,1.921986,2.566794
2026-03-31 23:55:00,0.85168156,0.89047428,392953.739,183261835.25743,0.302909,2.603252
2026-04-01 23:55:00,0.86738656,0.94053118,394386.191,179479552.0180526,1.746261,2.736794
2026-04-02 23:55:00,0.92701902,1.08473533,399548.171,177367508.64667684,0.532558,2.795555
2026-04-03 23:55:00,0.92012971,1.05923138,404379.727,179059343.1156,0.967753,2.748292
2026-04-04 23:55:00,0.91687744,1.02497687,404954.605,178506791.02384508,0.949184,2.753085
2026-04-05 23:55:00,1.1636253,1.33740085,401927.796,172157732.86068,3.00858,2.617905
2026-04-06 23:55:00,0.9848664,1.15725646,393375.946,171063530.17714193,0.616181,2.104392
2026-04-07 23:55:00,1.00284161,1.17226368,384527.019,171345239.6664,0.795905,2.867691
2026-04-08 23:55:00,0.98601134,1.18046075,380593.888,167900220.1283625,0.550944,2.752822
2026-04-09 23:55:00,0.99377857,1.20823298,380693.07,168601812.1665464,0.447915,2.892425
2026-04-10 23:55:00,0.9872924,1.20021763,380417.288,168725710.40973762,0.71674,2.848901
2026-04-11 23:55:00,1.07684238,1.2836495,379932.386,166168322.4398506,1.556195,2.917568
2026-04-12 23:55:00,1.19212639,1.37074456,386331.092,162636277.688231,0.921396,2.898699
2026-04-13 23:55:00,0.93835875,1.12412127,385491.29,168891443.9748,0.650856,2.217335
2026-04-14 23:55:00,0.92100217,1.1403118,380561.824,165960035.72694084,2.256148,2.986625
2026-04-15 23:55:00,0.83549191,0.9917912,380485.942,167642106.0452,3.298612,2.922296
2026-04-16 23:55:00,0.73145132,0.86287558,383478.819,174344810.27016,0.328587,2.961321
2026-04-17 23:55:00,0.75388752,0.82710192,392698.754,178006339.40172803,0.361104,2.910373
2026-04-18 23:55:00,0.87043106,1.02798389,393536.294,174478251.30784,0.524272,2.985118
2026-04-19 23:55:00,1.13670814,1.44251572,397638.795,172933111.9455,0.821167,2.801964
2026-04-20 23:55:00,1.04166112,1.35104092,400481.084,177560820.57931516,1.130628,2.692132
2026-04-21 23:55:00,0.92188492,1.13644252,401208.398,179825616.06758,1.09326,2.705282
2026-04-22 23:55:00,0.68049746,0.75229358,408421.958,187919027.09538,1.632939,2.956331
2026-04-23 23:30:00,0.86423046,0.94530612,402078.616,184714916.1904,1.809104,3.082689
2026-04-24 23:40:00,0.93914064,1.05085141,403187.092,183719696.818349,0.108483,3.000732
2026-04-25 23:35:00,0.95006609,1.06984948,401335.383,181871495.54681903,1.957109,3.123733
2026-04-26 21:35:00,1.03712988,1.22124601,396579.15,179742402.33891305,0.854092,3.135906
2026-04-27 23:30:00,1.07801858,1.30883948,393016.787,176268028.9695,5.419659,3.194591
2026-04-28 23:45:00,0.91011967,1.01469353,395542.727,179257278.51309383,7.758657,3.216012
2026-04-29 23:55:00,1.03617236,1.14085799,395033.074,176670830.589836,0.374138,3.27947
2026-04-30 23:30:00,1.19180877,1.47954545,395344.106,174406788.5044857,0.591182,3.268386
2026-05-01 22:15:00,0.86245911,1.03547777,397463.296,179259921.12896,1.576154,3.234872
2026-05-02 23:50:00,1.02305696,1.28451543,396443.769,176556232.52415,1.833501,3.312679
2026-05-03 23:50:00,1.04892004,1.29345088,398065.763,176398862.21582,1.466814,3.257528
2026-05-04 23:45:00,0.98789879,1.23191593,397422.379,176244902.41513,0.515025,3.156402
2026-05-05 23:55:00,0.73073123,0.86930735,404663.066,186626559.40854,1.772248,3.100699
2026-05-06 23:50:00,1.06401838,1.18636959,403229.023,187695045.62604,1.250001,3.003301
2026-05-07 22:50:00,1.26793282,1.54274788,383746.792,172679590.4085411,3.980112,3.105496
2026-05-08 20:35:00,1.16787204,1.42959841,379769.883,171335109.58048928,0.988416,3.081223
2026-05-09 23:25:00,1.19245182,1.44785714,373444.352,167745729.81880707,0.616207,2.952183
2026-05-10 19:15:00,1.09207334,1.30131737,370013.858,170701467.66734502,0.740518,2.795949
2026-05-11 21:20:00,1.30387218,1.5418513,355502.612,159880189.69476,6.453985,2.97489
2026-05-12 23:50:00,1.33637128,1.50095283,354243.301,155594272.5721869,1.08789,2.841551
2026-05-13 21:05:00,1.38752784,1.5810779,352105.44,152489823.9552,0.591081,2.720829
2026-05-14 22:10:00,1.2667827,1.3479992,354234.806,155041489.89008,2.600926,2.695298
2026-05-15 21:50:00,1.41912972,1.62810304,357499.786,151826584.11634,1.053318,2.612503
2026-05-16 21:45:00,1.44071588,1.65421003,358365.173,149563704.95155,2.13703,2.378611
2026-05-17 23:30:00,1.51934333,1.73012452,358393.157,145034542.77476,1.22256,1.80353
2026-05-18 20:50:00,1.39887486,1.62442608,381612.446,142490271.21194,0.910282,1.521079
2026-05-19 19:10:00,1.61104332,1.80511022,394549.762,145660589.03634298,0.990018,1.357069
2026-05-20 23:05:00,1.5626916,1.71682524,393081.447,146245496.13423017,2.214805,1.340791
2026-05-21 23:05:00,1.61296,1.87286325,348628.089,132599035.48182914,0.872761,1.499799
2026-05-22 23:35:00,1.78681433,2.12074031,338418.79,123668378.4297,0.812988,1.451988
2026-05-23 23:15:00,1.83922662,2.06897555,335033.784,118873336.90104,0.780477,1.205489
2026-05-24 19:25:00,1.76663954,2.12175649,337320.23,117571136.1266686,0.250495,1.204078
2026-05-25 21:25:00,1.73198653,1.98423867,334505.544,117311094.2808,1.272522,1.162944
2026-05-26 23:15:00,1.71909548,2.05483778,335479.761,115307748.65331,1.59782,1.171183
2026-05-27 23:15:00,1.7382986,2.10945274,338762.416,114525409.97712,0.874418,1.182318
2026-05-28 22:55:00,1.86995289,2.22558732,349013.465,103759969.24211575,0.941773,0.967208
2026-05-29 23:50:00,1.6873958,2.02587177,350733.646,105970663.80244,1.336203,0.932982
2026-05-30 23:25:00,1.65532663,2.0226962,345129.003,104625857.25945,0.760213,0.933713
2026-05-31 23:50:00,1.73251553,2.13622714,355400.693,107512989.43517123,0.579001,1.116731
2026-06-01 23:05:00,1.85311699,2.23662375,343530.845,99956813.72816373,1.876414,0.888178
2026-06-02 22:40:00,1.68663366,2.09951937,336574.6,93709100.132,1.234118,0.739652
2026-06-03 23:55:00,1.50866961,1.95289554,371885.238,90438420.68729384,1.70398,1.067838
2026-06-04 20:45:00,1.38473896,1.79316993,346337.788,85633606.82448138,1.154875,1.129656
2026-06-05 21:40:00,1.60498714,2.00745543,346687.388,76763939.36873874,2.195703,1.00439
2026-06-06 23:25:00,1.55903188,1.87163233,321547.936,69550261.18882322,1.326035,1.028353
2026-06-07 23:55:00,1.56045265,1.8953451,324078.26,74586611.539,1.034964,1.05157
2026-06-08 23:30:00,1.60279188,2.05267994,373870.09,78258487.2388,1.09973,1.428032
2026-06-09 22:00:00,1.50753343,1.92522036,372302.859,75223792.66095,0.608811,1.364718
2026-06-10 23:25:00,1.55738001,2.03391921,371819.473,72370356.78008698,2.228377,1.258194
2026-06-11 23:55:00,1.4833795,1.83836902,357473.073,73342750.38741,0.716631,1.282057
2026-06-12 23:55:00,1.41971877,1.92325996,353103.775,71320690.30761704,0.849417,1.28938
2026-06-13 23:55:00,1.36864407,1.88520258,349793.274,72931897.629,1.155138,1.286977
2026-06-14 23:55:00,1.5046095,1.91907341,353116.546,74378474.81893887,1.110277,1.241841
2026-06-15 23:55:00,1.23144172,1.71514803,340637.811,76459563.05706,1.331037,1.285898
2026-06-16 23:55:00,1.71381958,2.08671466,305652.648,65369931.82776,0.919383,1.04762
2026-06-17 23:55:00,1.55472595,1.92793329,304984.166,64760337.80844,1.159605,0.973045
2026-06-18 23:55:00,1.63020833,1.98180191,343145.009,68474586.54595,3.1854,0.847685
2026-06-19 23:55:00,1.74384236,2.07116634,343495.474,68145431.60305832,1.064875,0.807719
2026-06-20 23:55:00,1.60724564,2.01615272,341261.874,68234523.72922032,0.911959,0.844807
2026-06-21 23:55:00,1.6942953,2.16930287,346135.149,67425162.37940103,1.234742,0.832845
2026-06-22 23:55:00,1.66961552,2.14875038,342599.546,67646280.3577,1.452723,0.833785
2026-06-23 23:55:00,1.46682099,1.90620801,329908.775,64147462.211,1.17157,1.023949
2026-06-24 23:55:00,1.5995333,2.06384285,320752.601,61016767.28823,0.940635,0.895283
2026-06-25 23:55:00,1.73700306,2.09263579,312535.003,60238799.68380166,0.757671,0.910237
2026-06-26 23:55:00,1.97133611,2.28726483,304378.077,60047707.03056,1.87719,0.947246
2026-06-27 23:55:00,2.08857353,2.4,306002.976,59760273.47042137,1.154074,0.956103
2026-06-28 23:55:00,2.11353712,2.41866567,313994.632,59929015.46352,0.808642,0.930918
2026-06-29 23:55:00,1.98929984,2.26475915,310934.721,62532081.74031,3.922633,0.913238
2026-06-30 23:55:00,2.21067634,2.49047619,304725.083,60911496.84087,0.447687,0.965476
2026-07-01 23:55:00,2.31449237,2.39637904,308711.808,64792434.26304,1.103551,0.851639
2026-07-02 23:55:00,2.36600626,2.51150995,318817.155,70201735.27993998,0.837037,0.800556
2026-07-03 23:55:00,2.07834956,2.36950037,332331.884,76227371.87136891,1.343746,0.861557
2026-07-04 23:55:00,1.93912843,2.1807971,334051.578,78861093.00313245,0.702299,0.846228
2026-07-05 23:55:00,1.95864581,2.1510574,346456.68,84611650.3896,0.520445,0.824656
2026-07-06 23:55:00,2.09080792,2.20095044,345384.576,83541621.24288,0.649986,0.762298
2026-07-07 23:55:00,2.06552119,2.2009908,340284.609,81382467.08844,0.656952,0.783321
2026-07-08 23:55:00,2.16019645,2.15819011,337940.855,79507344.95585,1.18683,0.775847
2026-07-09 23:55:00,2.19657724,2.29827089,334804.998,79559711.67474,0.68724,0.787956
2026-07-10 23:55:00,1.99405394,2.19890448,331288.08,81205334.1696,1.089064,0.802863
2026-07-11 23:55:00,1.92650807,2.24117441,325889.556,79432320.37944,0.552171,0.815895
2026-07-12 23:55:00,1.90922715,2.23686055,323722.15,77722948.97852057,0.414188,0.778537
2026-07-13 23:55:00,1.90741889,2.13808091,323273.363,76386262.94327,0.709512,0.769832
2026-07-14 23:55:00,1.90460857,2.14072848,324623.884,76828734.62628,1.406455,0.756729
2026-07-15 23:55:00,1.8011748,2.11966825,324003.124,72252696.652,0.851599,0.808265
2026-07-16 23:55:00,1.56178206,1.84173413,302075.75,66970193.775,0.973493,0.889016
2026-07-17 23:55:00,1.53396196,1.94309859,288963.606,63456407.8776,0.540981,0.880658
2026-07-18 23:55:00,1.63710201,1.98665555,288116.86,63385611.52838446,1.058934,0.870488
2026-07-19 23:10:00,1.61827957,1.98054371,294903.289,63489729.08881,0.892087,0.836147
2026-07-20 23:55:00,1.35976979,1.76287859,291823.503,64134664.66731331,0.70253,0.82792
2026-07-21 23:55:00,1.20049133,1.51083516,293771.359,65722528.43548,2.732858,0.892659
2026-07-22 23:55:00,1.31453362,1.68921389,291129.544,64013564.13472,0.666234,0.939346
2026-07-23 23:55:00,1.37920092,1.75096774,288961.802,61173213.4834,0.8015,0.934329
2026-07-24 23:55:00,1.51404708,1.86345273,289537.006,61021266.60049219,0.443509,0.913927
2026-07-25 23:55:00,1.55148206,1.94906763,289152.932,60629586.78176,3.305495,0.908763
2026-07-26 23:55:00,1.52982568,1.97749196,282808.615,61358157.1104,1.007206,0.891571
2026-07-27 23:55:00,1.62961002,2.05467042,278019.957,58845704.09862,1.780424,0.845889
2026-07-28 23:55:00,1.79486681,2.12352941,279742.201,59903477.52495214,0.712845,0.8461
2026-07-29 23:55:00,1.77865689,2.15503114,280699.23,59308940.3067,0.455702,0.851814
2026-07-30 23:55:00,1.52939136,1.8141156,290587.697,63017054.91054254,1.278515,0.955157
2026-07-31 23:55:00,1.8375909,2.15884928,283665.7,59532920.459,0.551068,0.871058
2026-08-01 23:55:00,1.79652333,2.03453453,283625.052,58999683.31704,1.78315,0.84247
2026-08-02 23:55:00,1.69702467,1.96555891,286770.037,60988796.02232351,2.381765,0.872011
2026-08-03 23:55:00,1.69589243,1.97077626,287678.874,61327382.35932,0.763872,0.88945
2026-08-04 23:55:00,1.6537348,1.95609602,285466.706,60874634.92616824,0.810577,0.915925
2026-08-05 23:55:00,1.63899614,1.97731692,277529.673,59549541.93561,0.325126,0.875483
2026-08-06 23:55:00,1.74591689,2.06148098,276205.863,58750357.94989777,1.454229,0.879436
2026-08-07 23:55:00,1.90311804,2.1747953,280218.817,60135965.33550707,1.3031,0.875691
2026-08-08 23:55:00,2.02538426,2.35192163,281433.453,60797138.42415138,1.712192,0.882138
2026-08-09 23:55:00,1.99813171,2.33875852,278576.176,59784025.08020125,1.983308,0.86668
2026-08-10 23:55:00,1.78887243,2.18574514,278417.606,59325223.48648,1.669497,0.848521
2026-08-11 23:00:00,1.77708203,2.1598579,281389.611,60121704.28626,0.129751,0.825328
2026-08-12 23:55:00,1.73959621,2.17345835,281791.76,59914564.0112,1.292239,0.837422
2026-08-13 23:50:00,1.62349611,1.99569496,328877.059,67913112.6835,1.289812,0.756361
2026-08-14 23:55:00,1.44801512,1.77726658,347502.529,71168517.9392,0.792002,0.733873
2026-08-15 22:50:00,1.45729593,1.89455973,332946.792,67785796.55418369,0.309229,0.922682
2026-08-16 23:50:00,1.39369231,1.77472379,334465.952,68150782.37952,0.68906,0.95531
2026-08-17 21:05:00,1.4676593,1.89716414,326614.105,66799116.7546,1.020619,0.951289
2026-08-18 19:55:00,1.45282717,1.9009731,324745.232,66290244.20816,3.20219,0.949436
2026-08-19 23:15:00,1.29419439,1.65171125,384746.524,81718497.91127402,1.269261,1.342856
2026-08-20 23:50:00,1.64171345,2.01001036,402639.103,89913338.09093,2.101633,1.542004
2026-08-21 23:55:00,1.52126323,1.6648786,448747.191,129548826.56979,1.412045,1.733669
2026-08-22 23:25:00,1.60907173,1.88021004,431356.983,119462925.4061648,1.318116,2.615438
2026-08-23 23:05:00,1.75222391,2.10313138,422775.884,116212634.99392,0.860197,2.713536
2026-08-24 22:45:00,1.51178594,1.80534868,409885.498,111177342.47752,1.426272,1.81291
2026-08-25 23:55:00,1.52449022,1.8265167,409099.585,108804870.85876802,4.709466,1.83979
2026-08-26 23:50:00,1.59447415,1.90833932,409404.201,110029796.51371053,0.979142,1.790514
2026-08-27 23:10:00,1.5639698,1.92637598,408254.553,110110625.42384845,0.752297,1.856033
2026-08-28 19:35:00,1.49417111,1.96128586,383105.181,94875998.07465,0.953248,1.714515
2026-08-29 21:45:00,1.43041424,1.9245283,382786.878,94288063.78896,2.707226,1.703294
2026-08-30 23:30:00,1.39576303,1.94241908,376858.038,91714581.49417435,0.810334,1.724647
2026-08-31 15:30:00,1.45514821,1.98275255,374875.255,92156594.70530255,0.866619,1.711816
2026-09-01 23:05:00,1.46765974,2.04947635,370861.781,90879679.43405,0.979293,1.724201
2026-09-02 23:50:00,1.46241107,2.03133903,366100.936,89464510.64537136,0.493191,1.780901
2026-09-03 23:45:00,1.44406262,1.98911135,367002.237,94297554.77478,1.57869,1.782547
2026-09-04 23:50:00,1.4770388,2.10073529,355788.977,88196529.50853,1.286109,1.771518
2026-09-05 23:15:00,1.36730435,1.84498576,345298.888,88686566.39392,1.204431,1.553751
2026-09-06 22:25:00,1.45511521,2.00366789,340184.86,87635021.7846,2.738841,1.517435
2026-09-07 21:35:00,1.45710696,1.95905102,344374.651,89707584.43885167,1.055546,1.510436
2026-09-08 23:00:00,1.44749273,1.975434,329193.372,85075726.62187195,1.181516,1.474571
