create_time,count_long_short_ratio,count_toptrader_long_short_ratio,sum_open_interest,sum_open_interest_value,sum_taker_long_short_vol_ratio,sum_toptrader_long_short_ratio
2022-01-01 23:55:00,,,18809478.1,58792595.34525163,,
2022-01-02 23:55:00,,,17667601.2,57420078.62982145,,
2022-01-03 23:55:00,,,16943109.6,54068099.42031595,,
2022-01-04 23:55:00,,,16934557.6,53768135.35414713,,
2022-01-05 23:55:00,,,17021512.6,49447494.103,,
2022-01-06 23:55:00,,,17502310.4,51106746.368,,
2022-01-07 23:55:00,,,18154374.3,51427941.89604987,,
2022-01-08 23:55:00,,,18068208.9,49832120.1462,,
2022-01-09 23:55:00,,,17629876.5,49282593.26194435,,
2022-01-10 23:55:00,,,19029380.8,51394413.13074777,,
2022-01-11 23:55:00,,,18601045.9,51414927.20160782,,
2022-01-12 23:55:00,,,17874275.9,51513663.1438,,
2022-01-13 23:55:00,,,17940865.3,50038021.85524841,,
2022-01-14 23:55:00,,,17928730.4,51364641.31204297,,
2022-01-15 23:55:00,,,17877407.4,52094765.1636,,
2022-01-16 23:55:00,,,18081289.7,52514517.23540365,,
2022-01-17 23:55:00,,,18025436.4,50975155.98111061,,
2022-01-18 23:55:00,,,18593139.8,52590673.05473805,,
2022-01-19 23:55:00,4.667106130520764,,18119243.8,49651117.94238786,,
2022-01-20 23:55:00,6.073697585768742,,18144805.6,47719348.31366801,,
2022-01-21 23:55:00,5.557182067703568,,18988973.4,44738021.3304,,
2022-01-22 23:55:00,4.076923076923077,,19672198.6,43647946.18560982,,
2022-01-23 23:55:00,4.124476110645432,,19508010.4,44335156.84930768,,
2022-01-24 23:55:00,3.9182233291822333,,19309000.0,42501277.59379,,
2022-01-25 23:55:00,3.7301649646504322,,19111374.5,42501690.00256375,,
2022-01-26 23:55:00,4.11439756415833,,17186482.2,37980882.04814801,,
2022-01-27 23:55:00,3.256646216768916,,17635333.4,39150440.148,,
2022-01-28 23:55:00,2.9351230425055927,,18062470.3,41734626.56603061,,
2022-01-29 23:55:00,2.9774657086871326,,17862057.2,41672179.4476,,
2022-01-30 23:55:00,3.43504944,3.46558045,17511898.8,40576514.07613201,2.10050526,0.97782074
2022-01-31 23:55:00,2.9767512077294684,,17792980.6,41618952.57945329,,
2022-02-01 23:55:00,2.9800059683676516,,17695608.4,41691555.37518523,,
2022-02-02 23:55:00,4.132501948558067,,17870448.8,40565918.776,,
2022-02-03 23:55:00,3.4084073820915926,,18794120.3,43151300.2088,,
2022-02-04 23:55:00,2.4977540707467716,,18632586.1,46242091.51310046,,
2022-02-05 23:55:00,2.22627163083377,,18700290.9,46304253.6906985,,
2022-02-06 23:55:00,2.1284311256610424,,18494506.5,46994541.0165,,
2022-02-07 23:55:00,1.618855075547989,,18451359.0,49646367.00389979,,
2022-02-08 23:55:00,2.0004686035613872,,18082068.7,47558439.79755494,,
2022-02-09 23:55:00,1.7394459102902375,,18586346.1,49551198.7026,,
2022-02-10 23:55:00,2.36697247706422,,17471041.9,44621041.0126,,
2022-02-11 23:55:00,3.1725619834710743,,17388009.9,41939879.8788,,
2022-02-12 23:55:00,3.5137080191912267,,17688583.2,42275713.848,,
2022-02-13 23:55:00,3.563953488372093,,17545020.5,41910811.23764269,,
2022-02-14 23:55:00,3.2433097508458935,,17837085.6,42317985.07737806,,
2022-02-15 23:55:00,2.366260263747201,,17634809.2,44527893.23,,
2022-02-16 23:55:00,2.1066579062636883,,17674330.4,45087216.8504,,
2022-02-17 23:55:00,3.8023046453006843,,17229671.8,39990068.2478,,
2022-02-18 23:55:00,3.8418848167539266,,18531305.2,42584939.3496,,
2022-02-19 23:55:00,3.4864606562599554,,17258921.7,39505671.7713,,
2022-02-20 23:55:00,3.337511751801943,,16546640.2,36334830.42334557,,
2022-02-21 23:55:00,3.422274562584118,,17378813.4,35991522.5514,,
2022-02-22 23:55:00,3.1037357209015126,,17747463.0,38476709.55901266,,
2022-02-23 23:55:00,3.1089291193617674,,18646681.1,39259446.99796755,,
2022-02-24 23:55:00,3.3899512560929885,,20499817.4,42312417.68652242,,
2022-02-25 23:55:00,2.74638350261619,,20691005.9,44390294.3213359,,
2022-02-26 23:55:00,2.651447329155476,,18466829.5,39796017.5725,,
2022-02-27 23:55:00,3.0433344359907375,,17678777.2,37001680.6796,,
2022-02-28 23:55:00,2.2916219119226637,,17664351.7,40274721.876,,
2022-03-01 23:55:00,2.216845878136201,,17067412.2,38652466.0048668,,
2022-03-02 23:55:00,2.4871663244353184,,17222563.6,38079441.69883071,,
2022-03-03 23:55:00,2.987808594940567,,17321468.8,37390016.71750563,,
2022-03-04 23:55:00,3.4004707464694013,,18153540.5,36288927.4595,,
2022-03-05 23:55:00,3.6950656727014555,,18670796.2,38125765.8404,,
2022-03-06 23:55:00,3.8542124542124543,,19076899.9,37335468.89882264,,
2022-03-07 23:55:00,3.3235387045813587,,0.0,0.0,,
2022-03-08 23:55:00,3.0219106047326907,,19062294.0,37498683.48582114,,
2022-03-09 23:55:00,2.7535353535353537,,18284510.8,37794083.8236,,
2022-03-10 23:55:00,3.4379712131596984,,19566837.5,38851631.95155025,,
2022-03-11 23:55:00,2.904912381499569,,20322712.6,40140939.66955,,
2022-03-12 23:55:00,2.9917496443812235,,20426596.5,40219143.2740014,,
2022-03-13 23:55:00,3.9306107697867727,,20914742.1,39912050.34320578,,
2022-03-14 23:55:00,3.34841075794621,,20661792.5,40635166.51291423,,
2022-03-15 23:55:00,2.546545810877021,,21285691.9,42255782.54905405,,
2022-03-16 23:55:00,2.063570784490532,,20735785.2,43338445.07466521,,
2022-03-17 23:55:00,1.9510314648885185,,20707435.2,43175002.392,,
2022-03-18 23:55:00,1.9260700389105059,,20674414.6,44046619.91604036,,
2022-03-19 23:55:00,1.711235090419392,,20090103.0,44479488.042,,
2022-03-20 23:55:00,1.5711701935250497,,20416057.0,45146402.09122766,,
2022-03-21 23:55:00,1.0729256036278956,,24846724.6,58314704.57876548,,
2022-03-22 23:55:00,1.0717685829366532,,26692059.3,68184804.09011361,,
2022-03-23 23:55:00,1.39034404643919,,22396434.1,56015543.05189456,,
2022-03-24 23:55:00,1.2551550007013605,,21827757.2,55417446.98723255,,
2022-03-25 23:55:00,1.2451037708272434,,21493550.8,53953184.29623272,,
2022-03-26 23:55:00,1.599027409372237,,21180458.1,53184130.2891,,
2022-03-27 23:55:00,1.3959661871570517,,22017877.1,58699660.3486,,
2022-03-28 23:55:00,1.5486071631608869,,27387857.7,77836291.5834,,
2022-03-29 23:55:00,1.8255351681957186,,27447483.5,79557733.1245273,,
2022-03-30 23:55:00,1.7443729903536977,,25440462.7,74859245.07998274,,
2022-03-31 23:55:00,1.3545479755962284,,24784399.2,69892005.744,,
2022-04-01 23:55:00,1.6253180661577609,,23484474.8,66523898.04024064,,
2022-04-02 23:55:00,1.6477142388989021,,23913473.5,66599330.26823027,,
2022-04-03 23:55:00,1.7721158411141003,,23607913.3,67123190.9913762,,
2022-04-04 23:55:00,1.6395868660397719,,23921483.4,69154892.41497843,,
2022-04-05 23:55:00,1.9039462636439966,,23271836.7,64020822.7617,,
2022-04-06 23:55:00,2.320305480682839,,21900280.2,52889176.683,,
2022-04-07 23:55:00,2.1434443074393754,,21610179.5,54134409.86826054,,
2022-04-08 23:55:00,2.7231887249504516,,21230900.9,50445823.05662698,,
2022-04-09 23:55:00,2.826987307949232,,21070520.7,50969589.5733,,
2022-04-10 23:55:00,2.7860842152668317,,20431619.0,48590570.08693121,,
2022-04-11 23:55:00,3.6175015460729747,,19696111.6,42504208.8328,,
2022-04-12 23:55:00,3.4964994165694283,,20731575.0,46521654.3,,
2022-04-13 23:55:00,2.8631197097944376,,20885917.5,49236158.23325955,,
2022-04-14 23:55:00,3.0518556176919165,,20546790.6,47339805.5424,,
2022-04-15 23:55:00,2.125478593804386,,21926893.5,53035004.66360431,,
2022-04-16 23:55:00,1.1055656382335148,,27992019.2,72918324.6284327,,
2022-04-17 23:55:00,1.619726421886249,,25995756.8,62701765.4016,,
2022-04-18 23:55:00,2.3484424920127798,,22597764.0,55208091.0384864,,
2022-04-19 23:55:00,1.2531463030938648,,26500423.6,70189345.51713216,,
2022-04-20 23:55:00,1.1547518923465097,,30312220.3,83976685.94053833,,
2022-04-21 23:55:00,2.3745116279069767,,25742213.5,64432760.3905,,
2022-04-22 23:55:00,2.808991049633849,,24286041.1,59743661.106,,
2022-04-23 23:55:00,3.0233943002977455,,24492003.3,58854283.9299,,
2022-04-24 23:55:00,3.318686510748878,,24765121.4,58148505.0472,,
2022-04-25 23:55:00,3.200599550337247,,24002534.8,57030022.6848,,
2022-04-26 23:55:00,3.9535391331462426,,24039967.6,52365076.01227764,,
2022-04-27 23:55:00,3.3743243243243244,,24036605.6,54130435.8112,,
2022-04-28 23:55:00,2.6791901012373454,,24051094.1,55816306.29827732,,
2022-04-29 23:55:00,2.522152582666955,,25140995.9,57050809.72961945,,
2022-04-30 23:55:00,3.7178780571822254,,23542423.4,47325807.74113521,,
2022-05-01 23:55:00,3.0637527839643655,,23362887.5,49225603.9625,,
2022-05-02 23:55:00,2.8561924257932447,,23151124.4,48432152.2448,,
2022-05-03 23:55:00,2.914722654224987,,22511183.1,46170436.5381,,
2022-05-04 23:55:00,2.729056603773585,,21943070.4,48949056.43673313,,
2022-05-05 23:55:00,3.6850143175310213,,21832540.8,44045399.0026008,,
2022-05-06 23:55:00,3.893197502464673,,22398412.8,45379184.3328,,
2022-05-07 23:55:00,3.437719298245614,,22094648.3,43791592.9306,,
2022-05-08 23:55:00,3.462935833577498,,22899482.0,44470794.044,,
2022-05-09 23:55:00,3.640392299309844,,21526806.0,36703204.23,0.8859043783,
2022-05-10 23:55:00,2.936777920410783,,18945650.6,32568847.28694635,,
2022-05-11 23:55:00,3.319965870307167,,17652917.1,24647841.89816976,0.5972825749,
2022-05-12 23:55:00,2.801030519223147,,16279011.2,20739460.2688,0.678281386,
2022-05-13 23:55:00,2.5866666666666664,,16773595.1,22375975.8634,0.7167731294,
2022-05-14 23:55:00,2.659778597785978,,17023674.4,23093098.64713668,1.758112329,
2022-05-15 23:55:00,2.727404718693285,,17747117.1,24937597.62972243,1.1206183683,
2022-05-16 23:55:00,2.720422278849654,,18072179.3,23802426.21413329,0.4039576161,
2022-05-17 23:55:00,2.801326944342057,,18340519.1,25224588.1933184,1.4900344213,
2022-05-18 23:55:00,2.8505747126436782,,19660244.4,24973151.77849795,0.8825584019,
2022-05-19 23:55:00,2.803935860058309,,19597723.8,25927788.5874,0.8337392771,
2022-05-20 23:55:00,3.1027450980392155,,18671531.3,23808046.03450056,1.0076817735,
2022-05-21 23:55:00,2.657299520219328,,20041161.1,26193797.5577,0.5754866852,
2022-05-22 23:55:00,2.5854954673335415,,20377768.1,27691340.10487204,3.1766316486,
2022-05-23 23:55:00,2.9519374068554396,,18959262.1,24726967.10164235,0.7814025166,
2022-05-24 23:55:00,2.788535477105907,,18959614.1,25500680.9645,1.3321311539,
2022-05-25 23:55:00,3.0361182050346587,,18983093.6,25019717.3648,0.4135036582,
2022-05-26 23:55:00,3.290626279164961,,20551767.7,25518819.0048447,1.1324158844,
2022-05-27 23:55:00,3.459275053304904,3.6877729257641922,19364519.1,23394160.11217616,1.1123047031,0.969249452
2022-05-28 23:55:00,2.980248719824433,3.171307220386975,19826489.9,24921897.8043,1.3122372622,0.9819795056
2022-05-29 23:55:00,2.697945205479452,2.9129075480125057,20291829.4,26229140.55889681,0.3974548879,0.9791494317
2022-05-30 23:55:00,2.7358490566037736,2.8450385138196648,19921522.5,27564739.32794175,0.7825983337,0.9860334349
2022-05-31 23:55:00,2.7712064886786076,2.7643573381950777,20213007.6,27921255.22931646,1.5415450023,0.9549105815
2022-06-01 23:55:00,3.213135593220339,3.3748651564185543,20385316.6,25828196.1322,0.2996601609,0.9382685221
2022-06-02 23:55:00,2.950322335987865,3.1842374616171956,20914972.0,27105803.712,0.524030258,0.9596237354
2022-06-03 23:55:00,3.0985576923076925,3.0997506234413965,20897943.6,26433369.79384496,0.4924512457,0.9539361017
2022-06-04 23:55:00,3.0223091976516634,3.1111670020120723,20635135.4,26536784.1244,0.6807334989,0.9568008378
2022-06-05 23:55:00,3.2317311449785073,3.291132752434649,21199631.7,26944731.8907,1.4084129309,0.9655654415
2022-06-06 23:55:00,3.101038338658147,3.1607883817427385,21543613.7,28074799.11183093,0.8720117065,0.9423624081
2022-06-07 23:55:00,3.129401408450704,3.2903225806451615,20832758.2,26686763.2542,1.2995051618,0.9388357281
2022-06-08 23:55:00,3.107544810337641,3.121259842519685,21651304.9,27133369.83293971,0.7116538197,0.9465823377
2022-06-09 23:55:00,3.475161987041037,3.3550295857988166,23235216.1,28836262.90494617,1.157537671,0.9434324247
2022-06-10 23:55:00,3.19316795445303,3.27449947312961,24341844.3,28802952.44061957,0.6205565521,0.9154882423
2022-06-11 23:55:00,3.108119658119658,3.111824505082932,24838886.9,27720197.7804,1.7409012389,0.9155134232
2022-06-12 23:55:00,2.969750889679715,3.0206358059118794,24492985.2,25400184.06291088,0.9877005937,0.9025618432
2022-06-13 23:55:00,2.831932773109244,3.004247572815534,25842365.2,23619921.7928,1.0978109719,0.8261779414
2022-06-14 23:55:00,2.7503367759317467,2.9292035398230087,24228393.0,22847374.599,1.3780987193,0.8801972544
2022-06-15 23:55:00,2.6321009918845806,2.6167326172979086,22986838.5,23049664.74777789,0.845599053,0.9062618416
2022-06-16 23:55:00,2.74458275703089,2.89080814312153,23189235.8,21114909.72840246,0.6280948737,0.8934596249
2022-06-17 23:55:00,2.494969818913481,2.482030804335425,22306671.5,20918381.66999011,0.4164609787,0.9224210324
2022-06-18 23:55:00,2.475438596491228,2.468862275449102,21992141.1,19556493.4396193,1.0019751626,0.9476833917
2022-06-19 23:55:00,2.243276283618582,2.190633608815427,21381839.7,20636356.94103637,2.0167282383,0.9307850907
2022-06-20 23:55:00,2.219628017411951,2.3385738349242,20688982.2,19961421.2454553,1.1902897283,0.9356521923
2022-06-21 23:55:00,2.526048284625159,2.5611340815121086,20162011.0,19416016.593,0.7524466319,0.9226091044
2022-06-22 23:55:00,2.465702479338843,2.4974212034383956,20954675.4,19424984.0958,2.8261604485,0.9461344627
2022-06-23 23:55:00,2.504938271604938,2.508720930232558,20145689.8,19601756.1754,1.3488124525,0.9398363029
2022-06-24 23:55:00,2.3989859594383773,,20631552.7,20694971.41089795,0.1868992965,
2022-06-25 23:55:00,2.4889152810768014,,20904896.1,21049549.61905356,0.998651211,
2022-06-26 23:55:00,2.5596399099774945,,22387156.6,22164706.17070097,0.6115345363,
2022-06-27 23:55:00,2.540413193185937,,22106779.3,21775177.6105,0.535535017,
2022-06-28 23:55:00,2.872651356993737,,22625003.0,21358002.832,0.7717740142,
2022-06-29 23:55:00,2.953833470733718,,23910609.2,22332508.9928,0.8824999291,
2022-06-30 23:55:00,2.7081925675675675,,24413590.8,22558157.8992,0.8478989824,
2022-07-01 23:55:00,2.722292456805731,,24137966.0,21917273.128,0.625824849,
2022-07-02 23:55:00,2.0218508997429305,,24714703.8,23151913.25023273,0.3555084149,
2022-07-03 23:55:00,2.004211208292841,,24160847.5,22783679.1925,4.6554286949,
2022-07-04 23:55:00,1.9816753926701571,,24906344.7,24582971.43014342,0.9750040384,
2022-07-05 23:55:00,2.2041353383458646,,25573358.6,24826162.85749844,0.5914606988,
2022-07-06 23:55:00,2.0147444298820445,,26487335.5,26473078.16192041,2.2217344797,
2022-07-07 23:55:00,1.9076597033000302,,26627061.6,27433712.72120566,0.6106313216,
2022-07-08 23:55:00,2.1845196959225985,,26146337.5,26695410.5875,0.6626728807,
2022-07-09 23:55:00,2.037859007832898,,26677501.8,27741400.03823397,4.2602831444,
2022-07-10 23:55:00,2.2491077801570305,,27586051.1,27662469.15117569,0.8495461819,
2022-07-11 23:55:00,2.3825371965544244,,28093186.3,26435688.3083,0.6537744202,
2022-07-12 23:55:00,2.601711396343835,,29117975.6,26701183.6252,1.0014077558,
2022-07-13 23:55:00,2.6890114552397115,,29346781.5,27779244.589328,1.289047529,
2022-07-14 23:55:00,2.408733280881196,,28803779.9,27941013.07971032,2.8472407469,
2022-07-15 23:55:00,2.4041471048513303,,28451588.9,27705274.98704821,0.2045752573,
2022-07-16 23:55:00,2.223037417461482,,30130779.5,30354533.38033716,1.2064565142,
2022-07-17 23:55:00,2.4762096774193547,,28948812.1,28456682.2943,0.3849835205,
2022-07-18 23:55:00,2.51129363449692,,29472465.2,31132694.55231241,1.6265138724,
2022-07-19 23:55:00,2.4149139579349903,,30560636.0,32902196.20880904,3.3695250032,
2022-07-20 23:55:00,2.3889745566692366,,31232928.5,32513478.5685,0.2334087301,
2022-07-21 23:55:00,2.2288261515601784,,30225274.0,31736537.7,1.3718497523,
2022-07-22 23:55:00,1.0214053734868616,,43467783.3,51264000.16978929,2.1648842636,
2022-07-23 23:55:00,1.3979749064494826,,38907732.0,45392734.6473114,0.9442174069,
2022-07-24 23:55:00,1.3578545685817256,,38759492.9,46743948.4374,0.888293764,
2022-07-25 23:55:00,1.9716535433070865,,36465766.4,40622863.7696,1.1850731974,
2022-07-26 23:55:00,2.1113793103448275,,35564181.8,39433267.46328015,1.298613553,
2022-07-27 23:55:00,1.334287076776347,,38145962.2,47926235.96522776,0.7557946228,
2022-07-28 23:55:00,1.4471371504660453,,37069009.5,48782816.502,0.8314731771,
2022-07-29 23:55:00,1.718265364732912,,35583146.6,46124205.07677137,0.6028700459,
2022-07-30 23:55:00,1.7231726283048212,,34633760.9,45245162.88303966,0.3588996307,
2022-07-31 23:55:00,1.7270029673590503,,35981388.1,47887513.9220342,0.4904155668,
2022-08-01 23:55:00,2.1483996120271582,,34041042.3,42803321.9871534,2.0640963237,
2022-08-02 23:55:00,2.5021544580709314,,32105135.0,38093829.43631975,0.779998605,
2022-08-03 23:55:00,2.585243553008596,,29173335.8,34249496.2292,1.1772523548,
2022-08-04 23:55:00,2.7491724898859875,,27885465.1,33127932.5388,1.2909888352,
2022-08-05 23:55:00,2.142857142857143,,28576137.8,36002442.48124497,0.8018767077,
2022-08-06 23:55:00,2.824612053410321,,26943310.7,33059442.2289,0.5393908308,
2022-08-07 23:55:00,2.766776677667767,,26265890.3,32235967.46857698,0.3023043013,
2022-08-08 23:55:00,2.9757009345794394,,26307007.8,32876808.38625893,0.8538291942,
2022-08-09 23:55:00,3.1909803921568627,,27573440.2,32436553.5098851,0.3610330532,
2022-08-10 23:55:00,1.9585780525502319,,27649333.2,35336987.5351145,0.7508484099,
2022-08-11 23:55:00,1.5709388185654007,,28476693.5,37331323.14603824,0.5128795478,
2022-08-12 23:55:00,1.7858156028368795,,26560266.3,35243524.12215624,0.9676336524,
2022-08-13 23:55:00,1.6375404530744337,,27305690.9,36889988.4059,1.8802531214,
2022-08-14 23:55:00,1.943928228132009,,26286093.5,34329638.111,0.7480095976,
2022-08-15 23:55:00,2.436886140414696,,24997592.7,31871930.6925,0.3522073676,
2022-08-16 23:55:00,1.361822213263455,,29488823.0,40399687.51,0.8499326265,
2022-08-17 23:55:00,0.7536758632083265,,49578611.9,73046280.46535082,0.8206252606,
2022-08-18 23:55:00,1.439960467797727,,44938045.8,66177241.11174316,0.8473067315,
2022-08-19 23:55:00,1.8967032967032966,,40012147.1,50793592.98857047,0.9110713965,
2022-08-20 23:55:00,1.3380233937955586,,46409733.7,65312008.43806143,2.321381818,
2022-08-21 23:55:00,0.6269741985926505,,58670680.3,91819487.35412376,0.7070582587,
2022-08-22 23:55:00,0.3911504424778761,,73673427.6,135422680.54097316,0.7226773009,
2022-08-23 23:55:00,0.5185389133627019,,60235410.9,108845387.4963,1.4393579453,
2022-08-24 23:55:00,0.7368730078845831,,54780605.6,97399916.7568,0.8067870773,
2022-08-25 23:55:00,0.825964252116651,,50523794.5,87563412.21681207,0.6526001347,
2022-08-26 23:55:00,1.107607950651131,,44671456.3,68669898.04465492,1.6789297347,
2022-08-27 23:55:00,1.3513101767215112,,43366830.9,66941470.37620253,0.9701054254,
2022-08-28 23:55:00,1.5263924281033856,,38970821.7,55360701.07160095,0.7083640847,
2022-08-29 23:55:00,1.6897895557287608,,39762909.7,59287062.20075955,0.3640091084,
2022-08-30 23:55:00,1.9270413573700955,,38502450.4,53331681.49234413,0.7260114611,
2022-08-31 23:55:00,2.0662020905923346,,38264683.8,52433262.42368,1.1975001351,
2022-09-01 23:55:00,1.5998262380538661,,39017100.0,57918570.845799,1.3256928452,
2022-09-02 23:55:00,1.121051234404035,,41020259.6,63417321.3416,0.9913705824,
2022-09-03 23:55:00,1.37840318140104,,39110648.4,59420582.05457225,0.5435351675,
2022-09-04 23:55:00,1.6547478495530443,,38830809.0,57907104.82161918,0.776801687,
2022-09-05 23:55:00,1.1185589206258073,,40689411.7,63760308.1339,0.5418342256,
2022-09-06 23:55:00,1.9825717321997876,,35488692.3,49414895.92807837,0.7349843583,
2022-09-07 23:55:00,0.7401307411495034,,52626098.2,87092042.95315693,0.6504682762,
2022-09-08 23:55:00,1.0707158351409978,,47442880.1,75990852.76479736,2.0434447856,
2022-09-09 23:55:00,1.1255349500713268,,40361522.1,67201934.2965,1.4191168301,
2022-09-10 23:55:00,0.9860250334183983,,42038467.1,73693432.8263,0.8077714333,
2022-09-11 23:55:00,1.2442258340461934,,38807799.1,66400144.2601,1.1559035916,
2022-09-12 23:55:00,1.4776948446450269,,37768766.3,62356233.1613,0.9697348181,
2022-09-13 23:55:00,2.1671718349265565,,32459818.7,47975612.0386,2.5472304088,
2022-09-14 23:55:00,2.80620957309185,,34521696.2,50887825.82221776,0.8142256009,
2022-09-15 23:55:00,2.8840653728294177,,35981543.4,49618548.3486,1.1504899187,
2022-09-16 23:55:00,2.7224056603773583,,40581890.7,57585702.9033,2.1355905495,
2022-09-17 23:55:00,2.6385567442836164,,39235694.6,57742511.40607988,0.8157357427,
2022-09-18 23:55:00,2.8275013668671405,,39927269.1,50671490.79082875,0.7561747892,
2022-09-19 23:55:00,2.6721519,,37468318.2,48687514.41983603,0.703515,
2022-09-20 23:55:00,2.16314779,,36435938.5,48787721.6515,1.10063929,
2022-09-21 23:55:00,2.84626978,,41685453.1,49355576.4704,0.91429846,
2022-09-22 23:55:00,2.772878141299194,,44323012.5,54847864.6293045,1.0863914466,
2022-09-23 23:55:00,2.777832756061356,,43092717.0,52745485.608,0.4759369617,
2022-09-24 23:55:00,3.016482101467937,,42459267.7,50823743.4369,0.6979259007,
2022-09-25 23:55:00,3.4412090959511925,,45240201.8,52742810.17479294,1.4730786174,
2022-09-26 23:55:00,3.243285528031291,,47368230.0,55941879.63,1.2087959951,
2022-09-27 23:55:00,3.777609682299546,,48203370.5,55583016.33925959,0.8694016704,
2022-09-28 23:55:00,2.92,,46840991.4,53726617.1358,0.2779109394,
2022-09-29 23:55:00,1.5210312075983718,,49728534.8,59994949.03749077,0.6608096267,
2022-09-30 23:55:00,2.3790766624311734,,44610670.9,52685202.3329,1.2513842275,
2022-10-01 23:55:00,1.917973022238425,,46383679.6,56634472.7916,1.4327859024,
2022-10-02 23:55:00,3.0204724409448818,,45918361.9,53173463.0802,0.9200696348,
2022-10-03 23:55:00,2.7406758448060073,,44792152.5,53168285.0175,0.7811414198,
2022-10-04 23:55:00,2.501049195616694,,44478495.1,53313843.02913862,0.7076166416,
2022-10-05 23:55:00,3.3910693970420933,,47391489.0,55671560.77046427,1.1760853339,
2022-10-06 23:55:00,3.7076648841354722,,48731621.1,56236290.7494,1.3757607574,
2022-10-07 23:55:00,4.539712918660287,,52801810.3,59138027.536,1.4658865223,
2022-10-08 23:55:00,4.675065445026178,,53876775.8,59695467.5864,0.8113034993,
2022-10-09 23:55:00,4.4328827412763285,,53071273.5,59439826.32,0.9528551745,
2022-10-10 23:55:00,4.527721433400947,,54080908.2,55919659.0788,0.7165646571,
2022-10-11 23:55:00,4.108882521489972,,53085105.8,55260182.0122836,1.2055719842,
2022-10-12 23:55:00,4.236986744261235,,52102417.2,54082309.0536,1.6428412635,
2022-10-13 23:55:00,3.427193528313628,,50054488.7,50755251.5418,0.4308208398,
2022-10-14 23:55:00,3.4409345179335307,,48764982.0,49126936.66534626,0.8630928171,
2022-10-15 23:55:00,2.091577162238553,,50698869.7,53233813.185,1.2277544644,
2022-10-16 23:55:00,2.9533980582524273,,49630968.2,52211778.5464,0.6837068009,
2022-10-17 23:55:00,3.0129837067209775,,48990656.6,52132181.96456844,0.5846893633,
2022-10-18 23:55:00,3.1392405063291138,,47781833.8,50218918.04168706,1.1617816966,
2022-10-19 23:55:00,3.726,,48092072.4,48174888.8723557,1.0013288605,
2022-10-20 23:55:00,2.4564505566470203,,49719462.4,51737143.31668774,1.7204166449,
2022-10-21 23:55:00,2.142915144133171,,51146585.2,54778303.20897216,0.2189621074,
2022-10-22 23:55:00,2.2190152801358236,,50486283.8,53915912.98247322,0.6751962107,
2022-10-23 23:55:00,2.041850220264317,,50219515.3,54951810.20745751,2.2723642963,
2022-10-24 23:55:00,2.465607210626186,,47239666.3,50404723.9421,3.815598289,
2022-10-25 23:55:00,2.1215927945010664,,44264634.6,48653879.46993563,0.4827532962,
2022-10-26 23:55:00,1.9051348999129678,,43724577.8,49236195.94063541,0.6809024354,
2022-10-27 23:55:00,1.8975985500679655,,45925344.1,51620086.7684,0.8248200662,
2022-10-28 23:55:00,1.8088944829032936,,46005122.7,52334999.73587889,0.9210608309,
2022-10-29 23:55:00,2.14244742,,45248390.6,51389558.73272025,0.54412068,
2022-10-30 23:55:00,2.410988419068139,,43840508.1,48593950.26314898,4.7925354462,
2022-10-31 23:55:00,1.8244225834046193,,43370755.5,49919739.5805,1.1670346326,
2022-11-01 23:55:00,1.890978285202597,,41593289.7,47405283.53140952,0.8131756347,
2022-11-02 23:55:00,2.5259606922851274,,40611280.5,45281621.21157014,0.7468291067,
2022-11-03 23:55:00,2.426851609526302,,40089055.9,46022236.1732,1.0688120262,
2022-11-04 23:55:00,2.1822130772748056,,41902407.5,50073376.9625,1.4052363156,
2022-11-05 23:55:00,2.971444261394838,,43003141.5,50100737.75929728,1.0041293752,
2022-11-06 23:55:00,3.47750542972386,,45658806.3,50778084.44682176,0.3001711597,
2022-11-07 23:55:00,2.8863213811420985,,45064381.1,51100842.37324433,1.7805977708,
2022-11-08 23:55:00,3.3480825958702063,,39531729.8,37916763.76151848,0.7962298566,
2022-11-09 23:55:00,3.1334560515416476,,36830790.8,29873608.73889345,0.8461437694,
2022-11-10 23:55:00,2.592274678111588,,30960055.6,29102452.264,1.4232645403,
2022-11-11 23:55:00,2.734351145038168,,32103138.6,30048045.26745388,1.449880306,
2022-11-12 23:55:00,2.912878787878788,,31642916.1,28130552.4129,0.9002951254,
2022-11-13 23:55:00,3.3580729166666665,,30989218.0,27486286.35612002,0.858325312,
2022-11-14 23:55:00,2.453125,,29116507.6,26593319.67595169,0.6634453365,
2022-11-15 23:55:00,2.36046511627907,,27796060.9,25716624.24196177,1.4148121022,
2022-11-16 23:55:00,2.813045127038301,,27793938.7,24977100.83578336,0.4504214767,
2022-11-17 23:55:00,3.060410334346505,,27347909.2,24602328.16242514,0.85208123,
2022-11-18 23:55:00,3.100689127105666,,27411929.3,24657170.48030872,0.4501693501,
2022-11-19 23:55:00,2.54675280516831,,27481041.3,24827911.6487328,0.7568534778,
2022-11-20 23:55:00,3.1825396825396823,,26704304.9,23272476.99600242,1.0441777642,
2022-11-21 23:55:00,3.420888888888889,,27107775.1,22968946.7149222,0.9706471923,
2022-11-22 23:55:00,2.933333333333333,,27874263.8,24445729.3526,0.6372353913,
2022-11-23 23:55:00,2.5090265486725665,,27938544.5,25424075.495,0.5681423783,
2022-11-24 23:55:00,2.2779014308426073,,26855120.7,24465014.9577,1.688555232,
2022-11-25 23:55:00,1.7417733089579526,,28987699.6,27017974.10697716,1.2242710339,
2022-11-26 23:55:00,2.1272629019184004,,27607571.3,25730256.4516,1.2056805374,
2022-11-27 23:55:00,2.1856304985337243,,26250255.9,24307736.9634,0.7628999126,
2022-11-28 23:55:00,2.6857846586910625,,25967090.6,23451191.90495992,0.8647336783,
2022-11-29 23:55:00,2.087367516470925,,26297248.0,24140082.37980768,1.3798746363,
2022-11-30 23:55:00,2.012510910677917,,25586442.2,24300460.19495976,0.6304942709,
2022-12-01 23:55:00,2.233858510966945,,26085202.7,24265316.88493316,0.5280819549,
2022-12-02 23:55:00,2.012852752165409,,27335801.0,25777077.27036467,0.75945705,
2022-12-03 23:55:00,2.3434564809016907,,27368490.5,25218970.89823943,1.5935127681,
2022-12-04 23:55:00,2.3565459610027855,,27630132.2,25703837.57629013,0.7839582186,
2022-12-05 23:55:00,2.442547603414314,,28073067.6,26107952.868,1.1181476193,
2022-12-06 23:55:00,1.7186293436293436,,29405512.6,28158668.28827833,0.8956426985,
2022-12-07 23:55:00,0.8343666961913198,,41057721.1,40663840.42186253,1.0873539849,
2022-12-08 23:55:00,1.1432818915475012,,34520965.5,34318230.08339229,0.6302779727,
2022-12-09 23:55:00,0.9244924611183664,,38224631.6,39371370.548,1.2394580806,
2022-12-10 23:55:00,0.9683929005592026,,39010334.9,40241309.91880299,1.3623995814,
2022-12-11 23:55:00,1.242521859180856,,34122922.0,34259413.688,1.0794903097,
2022-12-12 23:55:00,2.148623425104993,,31016187.2,30352064.87773114,0.8194900353,
2022-12-13 23:55:00,1.895674300254453,,27641917.4,27586633.5652,1.1058116227,
2022-12-14 23:55:00,2.23001443001443,1.9964,27235806.8,26626554.33035513,0.7140541166,0.9532898994
2022-12-15 23:55:00,2.5003056234718826,2.1964586846543,27201527.6,25948670.93731037,0.5570643019,0.9715161126
2022-12-16 23:55:00,3.1075728155339806,3.074863387978142,26840593.9,23378157.2869,0.8338162343,1.0080715417
2022-12-17 23:55:00,3.2282934131736525,2.9610115911485773,28952588.0,25758565.41774684,0.7523988259,0.9723601529
2022-12-18 23:55:00,3.3200150772710137,3.1130155329405462,29502935.5,26075460.58613494,0.4079130174,0.9856474307
2022-12-19 23:55:00,3.30357845064884,3.0010554089709762,29721303.2,25114501.204,1.1064303963,0.9819712191
2022-12-20 23:55:00,2.847122914538645,2.6875612144955925,30250968.7,26923362.143,0.5483395779,0.9424040187
2022-12-21 23:55:00,2.7545185672034176,2.6519677572309153,30363641.7,26929667.16012058,0.8433639312,0.921060079
2022-12-22 23:55:00,2.989877078814172,2.7772727272727273,30313290.3,26852710.22583975,1.2113193067,0.9363844868
2022-12-23 23:55:00,3.045128205128205,2.846842366981601,31075087.2,27479817.69629136,1.4638715058,0.9496662414
2022-12-24 23:55:00,3.129043358568479,2.838677849037987,30720879.8,27034374.224,3.5792601605,0.9481528203
2022-12-25 23:55:00,3.225988700564972,2.827739387956565,31338540.7,27483900.1939,1.5199839323,0.9523723048
2022-12-26 23:55:00,2.964406779661017,2.6661863592699326,31014307.8,27544932.26641006,1.263378422,0.9485212047
2022-12-27 23:55:00,2.8160152526215443,2.582608695652174,30969713.8,27717893.851,2.8563654033,1.0069825675
2022-12-28 23:55:00,3.13871785584933,2.8241869918699187,30831055.0,26813647.98407495,0.7176590943,0.9610721046
2022-12-29 23:55:00,3.2328450269853506,2.8401055408970977,30918755.9,26738295.53496083,0.9802498733,0.9482485705
2022-12-30 23:55:00,3.1902985074626864,2.9041022908897176,30348773.8,26175703.89808599,0.467190735,0.9729728252
2022-12-31 23:55:00,3.1322436849925706,2.815528921313184,30484176.5,26259783.88135539,4.5695479671,0.9714716828
2023-01-01 23:55:00,2.520284917931248,2.4227790432801823,31254746.6,27417259.74553766,4.5810349786,0.990614258
2023-01-02 23:55:00,2.55456570155902,2.4552619378766805,30439655.2,26826878.75870865,0.6814933313,0.9994914398
2023-01-03 23:55:00,2.799459824442944,2.6479765967820574,29575932.7,26015695.49315557,0.1532516552,1.0228930743
2023-01-04 23:55:00,2.2179710144927536,2.1244778613199666,29169312.4,26482907.11097657,3.4256635814,1.0472052756
2023-01-05 23:55:00,2.6490773713175786,2.47378104875805,30385510.8,27078506.46677797,0.5488324312,1.077732989
2023-01-06 23:55:00,2.7414435784479836,2.644749754661433,30504098.8,27293919.12692018,0.9308530059,1.0644115301
2023-01-07 23:55:00,2.7395799676898225,2.6440516005733397,30532812.2,27137851.10245093,3.4340389807,1.0814219783
2023-01-08 23:55:00,2.752002670226969,2.641711229946524,31534828.5,28602964.54099087,1.2656876122,1.0852641618
2023-01-09 23:55:00,1.9496820569532762,1.7772639691714835,27662801.6,25986490.04213114,1.1580197373,1.0494551825
2023-01-10 23:55:00,1.8883857218966436,1.8134155744024671,27635248.9,26190719.61958339,1.8042936496,1.0148311829
2023-01-11 23:55:00,1.8046558704453441,1.6073280331835464,29705090.6,29035746.98171382,1.2275137232,0.9772011517
2023-01-12 23:55:00,1.767627380339681,1.6061462380784175,30567866.9,30287151.17382522,1.4442762672,0.9675172307
2023-01-13 23:55:00,1.902333152468801,1.7288198298187198,29298961.9,29608290.08510353,1.1256137197,1.0252818849
2023-01-14 23:55:00,1.8325867861142218,1.648196355522499,28443239.3,29950730.9829,0.8225291797,1.0175125652
2023-01-15 23:55:00,1.9058149058149059,1.7427937915742793,28829617.3,30617053.5726,5.2946893548,1.0073262226
2023-01-16 23:55:00,2.0647603027754418,1.8262999246420497,27961354.1,28948631.76544296,1.4713947193,0.9893624627
2023-01-17 23:55:00,1.8430059523809523,1.7767727930535455,28205994.9,28909791.73092465,0.7298863832,1.0207650506
2023-01-18 23:55:00,2.505598320503849,2.326923076923077,28034696.4,26882823.33478767,0.9529941772,1.0643083004
2023-01-19 23:55:00,2.554344122657581,2.3475986685687116,28849271.2,28250047.60378819,11.8293754508,1.062241134
2023-01-20 23:55:00,2.170847888218482,1.9436801375752364,28328531.2,29610309.13506797,0.9682198432,1.0493873959
2023-01-21 23:55:00,2.0287286063569683,1.9548903878583475,28941590.8,29754279.93097306,1.2584042721,1.0781749113
2023-01-22 23:55:00,1.849072512647555,1.7120980091883613,29648170.6,32134046.66490201,1.1772481636,1.0704086951
2023-01-23 23:55:00,1.9703597122302159,1.8596208148446955,30405006.0,33328898.23313898,6.7498619088,1.0142796131
2023-01-24 23:55:00,2.3543705703678706,2.217291857273559,28485237.8,29492283.24840047,0.9250394507,1.0269283182
2023-01-25 23:55:00,2.0697160883280756,1.847578947368421,28219287.2,30796491.77096554,0.7885572015,1.0130057527
2023-01-26 23:55:00,2.308287649145437,2.1878402903811254,28619193.1,31137682.0928,2.7431933478,1.0547168743
2023-01-27 23:55:00,1.6929278967979728,1.8565980167810832,31094745.1,34559902.75982792,4.3740494636,1.0983156423
2023-01-28 23:55:00,2.09336154456493,2.0523771152296537,29434854.9,32152937.98467792,2.6210326658,1.0617139468
2023-01-29 23:55:00,1.9635804052321109,1.9018926226342217,29750603.6,33201673.6176,1.5581720347,1.0801192808
2023-01-30 23:55:00,2.426170072511536,2.2739788893988067,28482743.0,29821431.921,8.5557186885,1.1254086794
2023-01-31 23:55:00,2.326923076923077,2.04156064461408,29497947.1,31389272.57882065,0.8597247999,1.1302714134
2023-02-01 23:55:00,2.2922177791448783,2.0881601362862012,30261832.1,32577905.68362081,1.0055238455,1.1478334619
2023-02-02 23:55:00,2.2946317103620473,2.237715803452855,28164337.2,30083099.13958579,0.7285477742,1.1127237905
2023-02-03 23:55:00,2.274562989752863,2.1740425531914895,29124357.5,31914218.73156405,1.2426679642,1.0784317818
2023-02-04 23:55:00,2.052139037433155,2.1004016064257027,29966003.1,33197097.87235859,1.2958611395,1.0871830477
2023-02-05 23:55:00,2.466922339405561,2.2855871886120998,28483067.4,30870448.32595287,1.5490098169,1.0597121941
2023-02-06 23:55:00,2.846785225718194,2.62189292543021,29345547.3,31039185.06556423,0.739682471,1.0663203399
2023-02-07 23:55:00,1.9593741421905024,1.9073547338480292,32343245.0,36028668.17696135,0.9630583025,1.0526486217
2023-02-08 23:55:00,2.593170731707317,2.4734141791044775,30541435.1,33137457.0835,1.9599508484,1.1046274969
2023-02-09 23:55:00,2.069562748438387,2.070672873465933,32216891.8,33613452.8219085,0.9614453506,1.0255589022
2023-02-10 23:55:00,2.3073367995378393,1.977662544874352,32509422.4,34197828.18572994,0.8186438314,1.0219616345
2023-02-11 23:55:00,2.5183388905729007,2.133609958506224,31883498.1,33755454.15617648,4.3151680405,1.0405607124
2023-02-12 23:55:00,2.6405693950177938,2.2640936686903728,30223683.6,31365348.49075386,0.9309971735,1.0601861905
2023-02-13 23:55:00,2.6942364050797787,2.411816970235451,30525391.6,31441153.348,3.3645407047,1.0686514179
2023-02-14 23:55:00,2.4646910466582597,2.153246753246753,29433801.3,30823319.55022072,0.5853431043,1.0791781329
2023-02-15 23:55:00,2.1280487804878048,1.9406575781876503,30150295.4,33161548.01249524,2.3792039773,1.091673759
2023-02-16 23:55:00,2.489993328885924,2.4229885057471265,30448100.2,31783408.33285305,1.0903450646,1.1402367765
2023-02-17 23:55:00,1.5531803048887332,1.4923830250272034,41038362.5,48985060.15173738,0.4878282327,1.0473535707
2023-02-18 23:55:00,1.3726465841850457,1.4189066059225512,53958322.8,66908320.272,4.5580746878,1.0786956959
2023-02-19 23:55:00,1.8322456813819579,1.7789687137891077,46976001.6,57639553.9632,0.4981668143,1.0985494753
2023-02-20 23:55:00,1.7152304999027426,1.6372093023255814,45618436.3,57935414.101,1.2142188507,1.1839641925
2023-02-21 23:55:00,2.1160671462829734,2.000348432055749,42104782.0,51400082.0925338,2.405191953,1.2075071217
2023-02-22 23:55:00,2.3219895287958114,2.1481481481481484,41735477.1,50467002.59047058,1.9401593463,1.195146343
2023-02-23 23:55:00,2.546352166758091,2.3356535189481824,40168159.6,47412483.56872564,3.210261672,1.1689399457
2023-02-24 23:55:00,3.1247925655492863,2.9360625574977,35860817.0,40126052.3688362,0.9697950421,1.1468032226
2023-02-25 23:55:00,3.0969473331096946,2.8728538283062646,35022674.4,38812967.96403886,2.6628237187,1.1399201254
2023-02-26 23:55:00,2.9481946624803768,2.770879857079053,34418204.8,38663660.07405978,1.8784882457,1.1427613746
2023-02-27 23:55:00,2.6136038868248073,2.3457278481012658,33156852.9,37268336.81115849,0.7881687077,1.1409798991
2023-02-28 23:55:00,2.016926797098263,1.8135324015247776,35452875.8,40704475.90296447,1.1361224367,1.0476351444
2023-03-01 23:55:00,1.6601268331351566,1.493746446844798,38119690.0,46106835.4558952,0.5623888711,1.0526166252
2023-03-02 23:55:00,1.3533333333333333,1.3528710984036216,42939343.9,53196293.31735998,2.2011882817,1.0463916716
2023-03-03 23:55:00,0.7820202563413103,0.7667013837226603,57325780.8,75819133.29208738,0.8842873591,1.0634292014
2023-03-04 23:55:00,1.3141007986780502,1.4503186216662733,50059667.4,61310497.55268216,1.0253482041,1.1254661936
2023-03-05 23:55:00,1.7071672354948806,1.6032622993948962,48288992.7,59144763.88649868,2.0558249499,1.1056924412
2023-03-06 23:55:00,2.039759939984996,1.8210556025966695,47671609.2,57698015.5053739,1.4158199241,1.1450904902
2023-03-07 23:55:00,2.1772503741714773,2.027892234548336,44227249.0,52232381.069,1.8778500986,1.1463264542
2023-03-08 23:55:00,2.3271384928716903,2.197415649676956,41588144.2,46528397.35422935,0.7333648547,1.123944064
2023-03-09 23:55:00,2.709955423476969,2.6699235344095156,39757453.4,41967978.54355242,0.9827108221,1.0102408294
2023-03-10 23:55:00,2.6680929095354524,2.492619148038802,36610723.6,38111763.2676,0.5171276122,0.9072818228
2023-03-11 23:55:00,2.6718135028761734,2.430725346373268,34217531.9,34066251.05884031,1.1426415466,0.8644558225
2023-03-12 23:55:00,2.264943008062274,1.8916046758767269,34753859.9,36397767.51882826,1.0975493627,0.8534048882
2023-03-13 23:55:00,2.08978161,1.81238938,34666495.3,37301148.9428,0.73446604,0.9703061
2023-03-14 23:55:00,1.9007797795106212,1.6443209447724905,32166254.5,35592675.33842499,1.3104384504,0.9463382301
2023-03-15 23:55:00,2.296574519230769,2.127565392354125,31503488.4,32669117.4708,0.9952438276,0.9496085843
2023-03-16 23:55:00,1.7734738906594754,1.6105929380413058,30592721.8,33051508.71720253,1.1653480346,0.900971109
2023-03-17 23:55:00,1.4592397275324105,1.2641618497109826,31370003.9,35932620.07753624,1.5063642563,1.0046369236
2023-03-18 23:55:00,1.909711286089239,1.8191988451822447,29454965.6,32282642.2976,1.0740466809,0.9823765412
2023-03-19 23:55:00,1.7556142668428005,1.4980921631934252,31789344.1,36667144.29221198,0.5346186918,0.9743854004
2023-03-20 23:55:00,1.7879341864716636,1.657784911717496,35245852.1,40446002.91394718,0.8850646666,1.0565894179
2023-03-21 23:55:00,1.5322880132040437,1.3563448868519048,33044909.6,39257352.6048,0.7881045777,1.0447895682
2023-03-22 23:55:00,2.729712858926342,2.5056746532156366,30622435.5,33478652.83507777,1.4867848535,1.015155289
2023-03-23 23:55:00,1.6570592208961945,1.414438502673797,30054155.8,34903396.54320402,0.8944561822,0.9970810404
2023-03-24 23:55:00,1.5146520146520146,1.3984063745019921,34129771.2,39627741.5033714,1.9767669831,1.0079101762
2023-03-25 23:55:00,2.728286384976526,2.427837089758798,32168052.2,35894737.45307662,1.4702816895,0.9626045808
2023-03-26 23:55:00,1.7670011148272018,1.4492415402567094,31152141.7,35544593.6797,0.706038548,0.9890188627
2023-03-27 23:55:00,3.08417949557812,2.8015978695073236,31371804.1,34069779.2526,1.0336622827,0.975849514
2023-03-28 23:55:00,1.9095870906502135,1.6493506493506493,30162170.6,33573598.96191133,1.0972513224,0.9899664265
2023-03-29 23:55:00,1.5229790726302832,1.340634653187307,31085128.0,35737488.03403792,1.9689558252,1.0355603314
2023-03-30 23:55:00,1.307140528203456,1.1741965533302283,35857527.1,42641985.29675679,2.510991836,1.0534232548
2023-03-31 23:55:00,1.3435561681598898,1.2759562841530054,34746543.3,41487372.7002,0.3736531109,1.0754693608
2023-04-01 23:55:00,1.5870812511567647,1.4645669291338583,32046768.3,38228987.92593229,0.3260477793,1.0826159501
2023-04-02 23:55:00,1.162667451788606,1.1006914433880726,35335609.2,43472543.1102369,1.8822162276,1.0732563858
2023-04-03 23:55:00,2.2086894586894585,2.039659128154703,31772711.6,37301163.4184,1.0152641351,1.043932102
2023-04-04 23:55:00,1.4807121661721068,1.2939409113670506,31751911.0,37879184.58712918,2.4820056582,1.0495432924
2023-04-05 23:55:00,1.802891771209866,1.569338959212377,31395672.4,37273634.2338997,0.674737928,1.0453070424
2023-04-06 23:55:00,1.0434175447505396,1.059082715802123,36747228.8,44750595.17121888,0.6022237779,1.0611664346
2023-04-07 23:55:00,1.7622125071279224,1.633955123006218,32984488.0,40053916.09756992,1.0101323216,1.053530226
2023-04-08 23:55:00,2.1050693240901213,2.0098129408157006,32484994.1,38666204.99295414,0.7534872057,1.055415032
2023-04-09 23:55:00,1.434921167393492,1.1862897841086133,34791722.3,41965517.63159776,0.7926591653,1.0292428109
2023-04-10 23:55:00,1.1292708179263422,1.037669094693028,34718787.9,42878347.43720342,0.144215545,1.0012300885
2023-04-11 23:55:00,1.1030513176144243,1.0856269113149848,36489275.6,45027766.0904,0.2245551895,1.011999198
2023-04-12 23:55:00,1.6916588566073103,1.5285860132720777,33284355.2,40189747.53937987,0.7328745095,0.9932753224
2023-04-13 23:55:00,1.1232545649838883,1.0517768437141766,36945274.3,46460777.9682083,0.807184031,1.0098327885
2023-04-14 23:55:00,1.6306459860235214,1.4334714548802947,32767720.1,40981629.07325707,1.6959751143,1.0514701067
2023-04-15 23:55:00,1.6704152249134947,1.4996479699601033,32191815.3,40038775.66315661,2.1389389572,1.0893816357
2023-04-16 23:55:00,1.8356114452341898,1.6050741981809478,31842842.1,39425656.10423615,2.2660620893,1.090413509
2023-04-17 23:55:00,3.0797699424856213,3.006822262118492,33863301.0,40794670.36459476,2.0591796471,1.0159244477
2023-04-18 23:55:00,2.7755197383788834,2.589593495934959,35064111.4,42713245.26534583,0.8907698867,1.0028106726
2023-04-19 23:55:00,3.7817181290125346,3.678646050982031,38244681.7,42097598.17648254,1.2366514711,1.0472977689
2023-04-20 23:55:00,3.6490066225165565,3.3887147335423196,38873310.6,41900089.9663222,9.9084450186,0.8704387623
2023-04-21 23:55:00,3.6310649984742143,3.492133924969746,37721376.0,39343395.168,1.5556778096,0.9162215206
2023-04-22 23:55:00,3.32808546527973,3.134055265123226,37927746.4,40734399.6336,3.0463018389,0.9220721217
2023-04-23 23:55:00,3.881165919282511,3.798536375376668,38150257.4,40254922.025684,1.0425055077,0.9302890968
2023-04-24 23:55:00,3.9710757231069223,3.845953002610966,37507703.8,39308073.5824,1.0090776127,0.9627642655
2023-04-25 23:55:00,3.523795705165409,3.309687261632342,37478181.8,39763341.60236412,0.5965409132,1.0066813279
2023-04-26 23:55:00,4.164246196403873,4.058503401360544,36831330.9,37820722.10244729,0.812455936,1.137214094
2023-04-27 23:55:00,3.0150625478682667,2.7786234281932494,37364298.7,38511398.73673844,1.0779870161,1.1290893158
2023-04-28 23:55:00,2.638288185750057,2.478182365332531,36484661.3,37980532.4133,0.6840733922,1.1094349227
2023-04-29 23:55:00,2.6241007194244603,2.532747119466343,37419034.3,38953214.7063,0.6482891843,1.091409573
2023-04-30 23:55:00,4.117461319861067,4.10280777537797,38336921.6,39295344.64,1.0060372102,1.1000846738
2023-05-01 23:55:00,3.9661520190023754,4.039347007115948,38615628.3,38910532.37792055,0.5761173158,1.036153905
2023-05-02 23:55:00,2.1902294596595113,2.0644594933533984,37472751.3,38307809.07906972,1.9985219595,1.0199329307
2023-05-03 23:55:00,2.3037702676303966,2.137406548079402,37033193.3,38190667.60825116,0.4216632995,1.0399880753
2023-05-04 23:55:00,4.27959479015919,4.2540272614622054,40817722.7,40954260.02331764,7.4387068089,1.0278318883
2023-05-05 23:55:00,2.4578674121405752,2.1664959016393444,39993023.5,40565184.49056322,0.7867852373,0.9928655922
2023-05-06 23:55:00,4.243275552898984,4.3168358714043995,40542519.7,39974924.4242,1.5105123231,1.0040576104
2023-05-07 23:55:00,4.899965741692361,4.713698630136986,41609342.1,40111405.7844,0.4740536034,0.9809279723
2023-05-08 23:55:00,4.332990044627532,4.294117647058823,53991568.2,48920011.159126,1.4903261162,1.0669054772
2023-05-09 23:55:00,3.3294336612603033,3.505820503191889,49467145.3,45410839.3854,0.1591923264,1.1100286815
2023-05-10 23:55:00,3.986619942656897,3.9051580698835275,49560995.0,45288182.0346461,2.9699377175,1.1901380718
2023-05-11 23:55:00,4.194268577140953,4.319187358916478,55109866.8,48757012.97718451,1.0690289929,1.2676615614
2023-05-12 23:55:00,4.300736771600803,4.343693693693694,58634755.2,51214700.48831539,1.9677869965,1.3330937814
2023-05-13 23:55:00,3.9463399503722085,3.9628099173553717,58064771.5,50565041.99978904,3.6352534057,1.3391636185
2023-05-14 23:55:00,3.550797649034425,3.468210216832047,57258484.2,50137350.73048724,1.4988264246,1.3724684856
2023-05-15 23:55:00,3.2011926367643246,3.0878717006348144,56160876.0,49365410.004,0.9937690133,1.357755383
2023-05-16 23:55:00,2.855496658216179,2.6868327402135233,56309476.5,50197112.66994754,0.5995569786,1.3389389112
2023-05-17 23:55:00,2.205216067009328,2.069727473606678,54196256.9,49083757.60411432,0.6972462745,1.4033467649
2023-05-18 23:55:00,3.5340969632392114,3.2525824725091637,56654273.7,50082377.9508,0.4149522868,1.4557615361
2023-05-19 23:55:00,3.4026394422310755,3.1126225877886746,57751467.1,50821291.048,0.3489455509,1.3851365674
2023-05-20 23:55:00,3.601126472094214,3.1920382165605097,60017972.9,52633434.13613121,0.2246672894,1.3993534851
2023-05-21 23:55:00,5.239944998281196,5.205009276437848,64291004.8,54651715.58176563,0.0819338885,1.3603783192
2023-05-22 23:55:00,4.544964028776978,4.269941060903733,65264522.1,55493435.0367654,0.2998898599,1.2915902083
2023-05-23 23:55:00,3.203138815207781,2.6897022671401256,63320584.9,54510905.26670997,0.4504040445,1.2748059447
2023-05-24 23:55:00,4.157063711911357,4.222776073619632,62006939.3,51837801.2548,0.5081604144,1.2637648657
2023-05-25 23:55:00,3.324918943955535,3.1353429713934173,60667855.7,51135302.99753311,2.9361449582,1.2932329834
2023-05-26 23:55:00,1.429462865532852,1.2188786822933164,63162391.4,55393417.2578,0.8482389988,1.2287858628
2023-05-27 23:55:00,1.7113999152422659,1.4436037304240719,61214392.5,54002162.97145185,0.0853868086,1.2489878745
2023-05-28 23:55:00,1.5097297297297296,1.3282111241022214,66480181.5,60563445.3465,1.628096166,1.2216346276
2023-05-29 23:55:00,1.7095423704345316,1.4525716319629827,65998142.1,59134335.3216,1.600801624,1.3218242433
2023-05-30 23:55:00,1.4625966199397353,1.2145384367963976,71263967.0,65005220.50045972,0.8525922915,1.323107341
2023-05-31 23:55:00,2.5633608815426996,2.3309494451294697,67970984.4,60562147.1004,0.4039940142,1.3831429332
2023-06-01 23:55:00,2.4404716622289846,2.1314444960520205,67064601.1,59218042.7713,1.9398458033,1.3682090266
2023-06-02 23:55:00,1.6167787196726104,1.3327541268462206,70005050.3,63494580.6221,1.8508203848,1.3812473379
2023-06-03 23:55:00,1.4926327495134835,1.2580428954423593,71604244.6,65269339.74765384,4.0054215012,1.4471180734
2023-06-04 23:55:00,1.4954716455343458,1.2539629567829134,70096314.2,63840300.17033762,1.4299517103,1.4521644894
2023-06-05 23:55:00,4.919309372797745,5.050614947965942,69706998.3,58475513.96451114,0.3275084538,1.3857539869
2023-06-06 23:55:00,1.3541462045741546,1.0630381803411861,67705818.0,60224924.3074893,0.5355012656,1.2923727132
2023-06-07 23:55:00,3.1670854271356785,3.050933248971844,66458772.7,57353920.8401,0.2614673993,1.2462417183
2023-06-08 23:55:00,1.3075720057343934,1.0803741280913126,70039268.9,62334949.321,0.6731855101,1.2297626717
2023-06-09 23:55:00,1.2712261084384346,1.067541917114837,71019489.1,63562442.7445,1.5727821847,1.23124609
2023-06-10 23:55:00,2.944700460829493,2.632600258732212,48417165.7,33731729.51043518,0.6635419251,1.0091038186
2023-06-11 23:55:00,2.8786666666666667,2.6349957007738607,46925341.9,32030269.84188318,0.8929953262,1.0272482762
2023-06-12 23:55:00,2.8033763654419066,2.6008583690987126,42656223.6,28723937.42583756,2.1868767312,0.9893547801
2023-06-13 23:55:00,2.710032362459547,2.418642681929681,43168647.1,29095668.1454,2.7455722483,0.9343732983
2023-06-14 23:55:00,2.8955595026642986,2.6856247201074788,41447559.4,26336622.28611819,0.5929017867,0.9382061987
2023-06-15 23:55:00,2.7866306549628628,2.4769945124525115,45638811.9,29195023.83486163,3.2669302487,0.9151947875
2023-06-16 23:55:00,2.959190336271629,2.6310962901208836,48684200.5,30622362.1145,0.9749451463,0.9657466188
2023-06-17 23:55:00,2.7278159545861964,2.4622823984526114,51358084.5,32612383.6575,15.120581537,0.9661992696
2023-06-18 23:55:00,2.9263627669748167,2.565741857659831,50022195.3,31259715.71829252,0.7120225924,0.9671624998
2023-06-19 23:55:00,2.9528331750553973,2.537117903930131,51521226.2,32303808.8274,0.9270584282,0.9112600948
2023-06-20 23:55:00,2.7628106781221233,2.4796683774180814,51623842.7,32963916.39453306,0.8377551906,0.9690749782
2023-06-21 23:55:00,2.162273476112026,1.9043659043659045,49038281.9,33340014.20442805,2.2255387181,1.0213945951
2023-06-22 23:55:00,2.4029896278218428,2.3131232548863183,44448868.9,30136333.1142,0.9663582225,1.1680301031
2023-06-23 23:55:00,1.7878256513026052,1.5781053952321205,45507442.1,33623988.63387301,3.1216800908,1.118973633
2023-06-24 23:55:00,2.4351822503961964,2.3107667210440455,41605405.6,30247129.8712,1.4065731993,1.1742584836
2023-06-25 23:55:00,2.3528689782141763,2.177899686520376,40899310.7,29532720.2807952,0.6404055119,1.1730013613
2023-06-26 23:55:00,2.607095926412615,2.4535031847133757,41874755.4,30005182.62038264,0.8620215643,1.1827453822
2023-06-27 23:55:00,2.601966381224231,2.3455882352941178,39555932.0,28517721.40973964,1.1207474828,1.0796217274
2023-06-28 23:55:00,2.8742207554088743,2.8753044325377495,39466963.3,26254180.96351609,0.945309481,1.1061430003
2023-06-29 23:55:00,2.559844307492702,2.397732045359093,40213641.3,27227925.03809475,0.5940741447,1.0731240487
2023-06-30 23:55:00,1.7364438839848675,1.5707936507936509,46688864.8,35119042.41628153,1.573144138,1.1681852404
2023-07-01 23:55:00,1.9321990203660737,1.7638339920948616,46604058.6,36405108.50770775,1.1877040906,1.1473610132
2023-07-02 23:55:00,2.327363476218438,2.3766546329723224,44830339.2,34331494.71624509,1.3440661766,1.192423849
2023-07-03 23:55:00,2.43505524037026,2.3613881132828083,41830206.5,32006010.63293922,1.4453170559,1.1025174274
2023-07-04 23:55:00,2.775947281713344,2.6807860262008734,40026516.4,29739701.6852,0.705348173,1.0561052893
2023-07-05 23:55:00,2.9346382383781893,2.7752293577981653,40263954.4,29059222.25221738,1.6509397247,0.9497963173
2023-07-06 23:55:00,2.673102094240838,2.4945193929173692,39303417.0,27680290.98797979,0.8614445186,0.9396516577
2023-07-07 23:55:00,1.8759651307596512,1.6574903969270167,42332697.4,30904767.72347839,2.5036730813,1.0640223757
2023-07-08 23:55:00,2.2036775106082036,1.9960029069767442,39536310.4,28640759.16114954,1.2471217319,1.0572402122
2023-07-09 23:55:00,2.1766261237440507,2.0279646017699116,41161020.3,29813399.94341325,16.0539958916,1.0644665164
2023-07-10 23:55:00,2.07824223,1.85620915,40730440.9,29602594.44538079,2.53604823,1.09387523
2023-07-11 23:55:00,2.07786571,1.88014855,40789193.9,29634820.63457397,0.70009552,1.18162557
2023-07-12 23:55:00,2.39516129,2.08437612,40116669.4,28878142.92843413,0.7200414,1.18629398
2023-07-13 23:55:00,1.46087533,1.32115108,43440579.0,34958448.86869062,1.32971252,1.19504193
2023-07-14 23:55:00,2.48025016,2.6380597,34059892.7,26300649.2797997,2.36368436,1.19118421
2023-07-15 23:55:00,2.28093546,2.18681319,33050792.9,25508694.50244012,0.37005042,1.13182368
2023-07-16 23:55:00,2.84965278,2.78766806,33493816.4,25292106.86766346,0.80909739,1.11366112
2023-07-17 23:55:00,1.92425442,1.75255624,38651852.5,29980526.22851753,0.6233229,1.09994192
2023-07-18 23:55:00,2.82180223,2.69261745,34593881.0,26142945.96177572,1.07199293,1.1397826
2023-07-19 23:55:00,2.34813348,2.07013738,35547509.5,26980559.7105,11.90333832,1.17420117
2023-07-20 23:55:00,2.4205186,2.20214735,37377933.9,28564489.94529747,0.12643002,1.21657211
2023-07-21 23:55:00,1.79796481,1.70582986,40905181.0,32093883.49787734,0.55523555,1.22422302
2023-07-22 23:55:00,2.25057885,2.17180926,38830858.4,30001960.29253154,1.4263913,1.21056722
2023-07-23 23:55:00,2.01828979,1.94428152,38823972.3,30339808.84549302,0.27961072,1.23211914
2023-07-24 23:55:00,2.51979668,2.53476758,39567335.2,29517232.0592,1.99680681,1.14949605
2023-07-25 23:55:00,2.63387676,2.59022119,41360001.2,30650876.95169041,0.75780366,1.07397533
2023-07-26 23:55:00,2.38,2.39619119,42418150.8,31516686.0444,0.39267032,1.09374137
2023-07-27 23:55:00,2.35588909,2.40087304,42766193.7,31689749.5317,1.650537,1.13419027
2023-07-28 23:55:00,2.22183362,2.33381451,41570855.7,31159044.53959998,4.2090712,1.18977237
2023-07-29 23:55:00,2.0797136,2.20862309,41638827.2,31513967.45299248,1.43357965,1.19188935
2023-07-30 23:55:00,1.77154077,1.67335766,40264908.2,30301566.44608172,1.68444026,1.17397567
2023-07-31 23:55:00,1.73627089,1.64125037,41502335.9,30960742.5814,0.11092461,1.1432807
2023-08-01 23:55:00,1.84522951,1.7332705,40345136.1,30222921.50369206,1.02640316,1.06545228
2023-08-02 23:55:00,2.71274962,2.70252101,41914975.8,30542349.30374138,0.57236471,1.13317282
2023-08-03 23:55:00,2.5934701,2.69602622,42349266.2,30337039.98288976,0.19497297,1.19147513
2023-08-04 23:55:00,2.56309013,2.57955449,42430712.0,30504894.2302216,0.67611102,1.17309598
2023-08-05 23:55:00,2.12595226,2.05300958,42557059.1,30958708.86487521,4.61622891,1.1478141
2023-08-06 23:55:00,2.07748612,1.98789102,41715095.6,30410304.6924,5.77794016,1.18044075
2023-08-07 23:55:00,2.84149404,2.70090759,43661678.2,31404097.78889843,0.71560759,1.11331865
2023-08-08 23:55:00,2.19563502,2.11554622,42159161.0,30565391.725,1.34629723,1.10666395
2023-08-09 23:55:00,2.33784157,2.24089739,42409474.5,30563917.50817021,4.20471868,1.13013054
2023-08-10 23:55:00,2.35377103,2.19150442,42753640.5,30654360.2385,15.73776119,1.11980866
2023-08-11 23:55:00,2.57927344,2.4961627,43559358.0,31164560.97603036,1.97106421,1.102969
2023-08-12 23:55:00,2.08107442,2.05576592,43775883.5,31808342.29044999,28.82713401,1.15146001
2023-08-13 23:55:00,2.2978836,2.30825688,43316893.1,31199156.85946878,7.19295489,1.19547411
2023-08-14 23:55:00,2.71135781,2.60366329,44227410.9,31720956.13260051,0.78181482,1.16450984
2023-08-15 23:55:00,2.95665222,3.0219078,43865854.7,29805585.80935174,0.73244521,1.13593952
2023-08-16 23:55:00,2.93239048,3.04353999,44209595.7,27896254.8867,0.13534016,1.17487003
2023-08-17 23:55:00,2.47467652,2.59084195,41721049.9,23769482.1815961,0.14317322,1.14097126
2023-08-18 23:55:00,2.21674566,2.19498149,41410119.7,23798212.75886093,11.47269722,1.14237144
2023-08-19 23:55:00,2.19747235,2.09254089,41210660.6,23984604.4692,2.53123628,1.13749682
2023-08-20 23:55:00,2.18148262,2.11285883,40110880.6,23404495.46793536,1.46641762,1.15562201
2023-08-21 23:55:00,2.18167798,2.1755511,40106109.1,23273651.31233729,0.06853615,1.178673
2023-08-22 23:55:00,2.25930722,2.24728488,39653458.4,22854156.54687981,1.28010126,1.17473269
2023-08-23 23:55:00,2.03997559,1.98636541,39804469.8,23564246.1216,0.85325388,1.24694983
2023-08-24 23:55:00,2.1657197,2.12419094,40323743.1,23589389.7135,0.65875009,1.22358159
2023-08-25 23:55:00,2.06296069,1.93353941,42228468.4,24788110.9508,0.65974476,1.17197171
2023-08-26 23:55:00,2.00921796,1.89137738,41756981.2,24344320.0396,1.17334307,1.20543271
2023-08-27 23:55:00,1.90761022,1.81261133,42316304.7,25133015.52317829,2.92536976,1.18129574
2023-08-28 23:55:00,1.97329121,1.91382472,43087897.8,25421859.702,2.81250676,1.18392002
2023-08-29 23:55:00,1.57496055,1.54288632,43541690.7,27010202.18775616,0.63618197,1.24106885
2023-08-30 23:55:00,1.55341211,1.51744,46302141.9,29089655.87618236,0.74519493,1.15421967
2023-08-31 23:55:00,2.46914857,2.37251436,44041599.6,25836538.44521623,1.02845688,1.02615662
2023-09-01 23:55:00,2.36006547,2.24655244,45354987.6,26277574.96794206,0.39419552,1.06446086
2023-09-02 23:55:00,2.458977,2.3523768,45997043.1,26486274.48131293,0.21297735,1.0513487
2023-09-03 23:55:00,2.35378459,2.3033804,46003919.9,26728277.4619,1.27570466,1.05208867
2023-09-04 23:55:00,2.46005416,2.39352864,47053669.8,27409114.61995011,3.12855921,1.08662442
2023-09-05 23:55:00,2.00993861,2.21522756,47450188.4,28018766.8479392,2.03910559,1.13281707
2023-09-06 23:55:00,2.62620874,2.59684893,45880354.8,26587577.97512233,1.59350972,1.14306785
2023-09-07 23:55:00,1.85867347,2.2543013,46238885.9,27038583.87249944,0.4032551,1.11435691
2023-09-08 23:55:00,1.94653926,2.29686848,46189690.2,27010301.71994521,3.59292838,1.08427499
2023-09-09 23:55:00,1.9310608,2.25991009,45672893.5,26625462.68709704,2.16740319,1.11756489
2023-09-10 23:55:00,3.08961229,2.69096072,43753706.2,24589582.8844,0.14983286,1.12441795
2023-09-11 23:55:00,3.08669202,2.71003899,44958696.3,24267705.28050821,8.27056353,1.05347284
2023-09-12 23:55:00,2.48588839,2.15378186,45187296.3,24717451.0761,0.76317847,1.11394883
2023-09-13 23:55:00,2.24023669,2.0659429,45083934.4,24975686.34342342,1.0227609,1.14402658
2023-09-14 23:55:00,1.85065435,1.87932961,47668268.7,26980240.0842,0.9446629,1.15538361
2023-09-15 23:55:00,1.65740962,1.79558611,47299690.8,27134352.60463487,0.71472962,1.16929671
2023-09-16 23:55:00,1.74143618,1.84612519,46998140.0,27104106.976933,0.16955061,1.19169713
2023-09-17 23:55:00,2.54673183,2.14354839,45525491.0,25373286.4151184,6.61644014,1.17352663
2023-09-18 23:55:00,1.5761405,1.7585485,45306783.5,25883168.27014347,0.62558689,1.1960344
2023-09-19 23:55:00,1.22054214,1.56125722,46469049.2,27091455.6836,12.98954576,1.21930531
2023-09-20 23:55:00,1.50823088,1.75084861,45574951.4,26326288.64129748,1.08143339,1.23144656
2023-09-21 23:55:00,1.74312995,1.89013372,44192727.0,25431882.04639728,0.92517043,1.25989112
2023-09-22 23:55:00,1.82259615,1.90695997,43927925.9,25302087.33139135,0.12863982,1.29695212
2023-09-23 23:55:00,1.35643947,1.67694284,44854385.8,26103437.27860668,3.81861106,1.26717002
2023-09-24 23:55:00,2.57994888,2.31474891,44459179.0,25342858.18100407,0.97788178,1.26349122
2023-09-25 23:55:00,2.35088188,2.16098485,44837206.8,25484811.03166831,0.23721578,1.27004204
2023-09-26 23:55:00,2.83512867,2.34305994,45023859.6,25262729.13757421,0.79190606,1.22078848
2023-09-27 23:55:00,2.54018745,2.25342198,44113036.6,24742729.16924345,0.18559524,1.21318812
2023-09-28 23:55:00,1.54518312,1.76104418,44550345.2,25438247.1092,0.60991791,1.2176539
2023-09-29 23:55:00,1.24957,1.6577693,45617743.4,26367055.6852,9.66590485,1.23018703
2023-09-30 23:55:00,1.20673891,1.6251944,45614566.6,26547677.7612,15.31600467,1.24437924
2023-10-01 23:55:00,1.15859335,1.56111975,46552423.9,28088340.19826115,1.6262531,1.22393755
2023-10-02 23:55:00,1.42067017,1.79423145,44843857.3,26337995.17171848,1.23061449,1.94047222
2023-10-03 23:55:00,1.76148888,1.96626181,47211216.6,27618561.711,1.71837347,1.23963751
2023-10-04 23:55:00,2.04098742,2.57455597,46243424.6,26651546.42676311,0.37734013,1.16513773
2023-10-05 23:55:00,2.8257111,2.73697479,48141325.9,27180380.78130604,1.21267834,1.09640454
2023-10-06 23:55:00,2.2841185,2.50417495,46958915.7,26738954.61012622,1.94639112,1.11656797
2023-10-07 23:55:00,2.80947167,2.6453182,46586959.7,26554567.029,103.33563522,1.10571348
2023-10-08 23:55:00,2.59073158,2.50155763,46482707.2,26355694.9824,0.28626537,1.08189329
2023-10-09 23:55:00,3.32836788,2.83491789,41833353.9,22631844.4599,0.23022263,1.14154603
2023-10-10 23:55:00,2.9576844,2.52612684,42370279.4,22981826.39949216,2.22222526,1.13115922
2023-10-11 23:55:00,3.04875113,2.69435216,42365029.8,22796658.96930563,1.22959169,1.16179821
2023-10-12 23:55:00,2.96427542,2.57524558,42876818.2,23004619.08919597,0.27172526,1.21738646
2023-10-13 23:55:00,2.68282432,2.57248157,44879213.5,24369412.9305,0.31580515,1.16142692
2023-10-14 23:55:00,2.96715777,2.75321337,45161206.0,24500067.60962706,2.92528992,1.19141845
2023-10-15 23:55:00,2.59153761,2.59626556,44992805.3,24593134.86618795,0.23718812,1.21398882
2023-10-16 23:55:00,2.08459658,2.07487027,44958737.0,25070882.71567822,0.05157799,1.23327616
2023-10-17 23:55:00,3.26830087,3.01619048,45166929.0,24454470.20695896,0.75984484,1.81301934
2023-10-18 23:55:00,3.55099857,3.08223201,47067860.3,25105592.37110002,0.80997902,1.66569024
2023-10-19 23:55:00,3.33509328,2.99805353,46402079.7,24849675.1163684,2.23604899,1.11895008
2023-10-20 23:55:00,2.46244726,2.28565574,47489123.9,25929061.6494,0.14133857,1.70486656
2023-10-21 23:55:00,1.99779466,2.16693291,48407430.3,27034690.59066217,3.63268723,1.71036554
2023-10-22 23:55:00,2.2052229,2.33641716,45537348.2,25541782.94051557,0.6517682,1.75223007
2023-10-23 23:55:00,1.60758377,1.87054896,45267151.4,26752886.4774,0.81936808,1.76486601
2023-10-24 23:55:00,1.61706485,1.94851485,44799703.1,26501870.50878794,0.56661733,1.70485521
2023-10-25 23:55:00,1.64061135,1.74776786,47051204.2,27954373.85929989,1.95088233,1.52794821
2023-10-26 23:55:00,1.73649601,2.08066581,46109705.0,27550397.03657055,0.71776005,1.40619288
2023-10-27 23:55:00,1.48947886,1.6334731,46152222.4,27783637.8848,0.42986002,1.33641954
2023-10-28 23:55:00,1.31684397,1.42291733,48435711.6,30433023.62880341,0.75470471,1.37653157
2023-10-29 23:55:00,1.5067396,1.56366723,47063800.6,29529066.74503379,0.97927736,1.38808562
2023-10-30 23:55:00,1.77664298,1.80324773,45506776.6,28539008.38532133,1.92018598,1.44485905
2023-10-31 23:55:00,1.5557652,1.69435092,44665796.6,28487439.95270484,2.2172218,1.4742732
2023-11-01 23:55:00,1.37672312,1.621802,45016995.1,29469144.17722907,0.59277307,1.62408216
2023-11-02 23:55:00,1.67080309,1.84991639,42042640.6,27280639.56361456,0.88759032,1.81239654
2023-11-03 23:55:00,1.4478465,1.84931507,43637335.1,28481909.27032274,0.98318081,1.91440901
2023-11-04 23:55:00,1.52793125,1.87494807,42977640.8,28306159.84608661,0.25459448,1.95786429
2023-11-05 23:55:00,1.63925028,1.9477707,41331925.4,28005027.18164112,1.35084043,1.9771766
2023-11-06 23:55:00,1.54954187,1.83231334,43415084.9,30338746.99937864,4.17003154,1.86983476
2023-11-07 23:55:00,1.8274578,2.01585205,41395396.7,28521428.3263,1.11285881,1.94976279
2023-11-08 23:55:00,1.4919641,1.71778203,41501501.3,29258558.4165,0.90182625,1.71746892
2023-11-09 23:55:00,2.18241966,2.36552828,36085372.7,24606488.98447182,0.81953819,1.80417077
2023-11-10 23:55:00,1.8387356,2.0698899,36257401.1,25736904.64933252,0.55812813,1.93041132
2023-11-11 23:55:00,1.97151899,2.10881801,37279051.1,27062354.72832451,1.12399228,1.83436972
2023-11-12 23:55:00,1.76757223,2.15213816,37857089.2,27714867.98232659,0.76048248,1.74612286
2023-11-13 23:55:00,2.18841591,2.35164378,38212470.5,27627616.1715,0.90952903,1.66897957
2023-11-14 23:55:00,3.04394619,3.16479592,35917585.2,24963136.20293321,0.72814575,1.58842289
2023-11-15 23:55:00,2.17311715,2.31034483,36622488.8,26764838.39299639,1.24547955,1.68335848
2023-11-16 23:55:00,2.86902486,2.94028287,35385762.9,25017734.3703,0.83665731,1.73422537
2023-11-17 23:55:00,2.42338159,2.45197997,35103273.4,24896959.80051293,0.79799704,1.58683918
2023-11-18 23:55:00,2.34038005,2.65265487,35101378.0,24921978.38,0.66262288,1.67535729
2023-11-19 23:55:00,1.96688742,2.49680443,36218965.6,26180210.31966537,1.16237887,1.64946765
2023-11-20 23:55:00,3.11078374,2.92362768,34460341.0,24341817.92523154,1.74540783,1.84077334
2023-11-21 23:55:00,3.44958737,3.01227679,34415549.8,22382400.94854406,0.88457453,1.52820818
2023-11-22 23:55:00,2.38842975,2.37871747,33335064.2,22570356.92750031,0.63714622,1.48327215
2023-11-23 23:55:00,2.6714608,2.55086372,33284732.0,22435428.15032116,0.64254919,1.61767085
2023-11-24 23:55:00,2.25357143,2.38393686,31983436.4,21861061.30129935,1.15140723,1.64050905
2023-11-25 23:55:00,2.1129957,2.32050702,33157109.5,23245495.20883859,1.21616733,1.61583806
2023-11-26 23:55:00,2.5590335,2.38066605,34174481.7,23945839.92701749,7.8122723,1.76768532
2023-11-27 23:55:00,3.25812681,2.93966422,32482481.2,21943549.91940436,0.48634993,1.72610788
2023-11-28 23:55:00,2.4649212,2.66569201,32947425.0,22313927.25857925,0.8374907,1.77823992
2023-11-29 23:55:00,2.61809857,2.7174666,33347064.5,22642656.7955,1.0680721,1.85667963
2023-11-30 23:55:00,2.46525446,2.6041566,34731058.9,23603442.96100518,0.61751389,1.79137598
2023-12-01 23:55:00,1.93447352,2.17925684,34518648.1,23778459.31958311,0.27245454,1.78182726
2023-12-02 23:55:00,1.76599095,2.06573705,34913770.5,24491682.86372041,13.98133681,1.86302556
2023-12-03 23:55:00,1.97689261,2.25692042,34701467.1,24325728.4371,0.73109589,1.97262324
2023-12-04 23:55:00,1.93059424,2.06593407,34325221.1,24679833.9709,1.96059047,1.88699441
2023-12-05 23:55:00,1.78213557,1.87684729,36461958.8,27077230.71464451,4.21599826,1.78799557
2023-12-06 23:55:00,1.97298567,2.06854664,36984582.5,27363187.97234258,0.78550042,1.77706687
2023-12-07 23:55:00,2.03292372,2.00801282,34935557.5,26917223.45404863,0.54905994,1.64975293
2023-12-08 23:55:00,1.86230599,1.96266878,36061404.4,28835784.76712649,3.4036646,1.62373965
2023-12-09 23:55:00,1.87664042,1.91481047,38227145.8,32722436.8048,1.03734418,1.57465588
2023-12-10 23:55:00,1.86934874,1.64375191,37767011.3,31648755.4694,3.92934234,1.56133448
2023-12-11 23:55:00,2.77583979,2.84868421,33773052.4,25971477.2956,0.79034775,1.80467041
2023-12-12 23:55:00,2.82615338,2.60354156,32849237.7,25731987.83502818,1.34610608,1.66549353
2023-12-13 23:55:00,2.65377644,2.58337481,32076258.0,25152622.40941866,1.4946228,1.78771328
2023-12-14 23:55:00,2.70700246,2.71082474,31805301.7,25214850.71033702,3.16387433,1.9107755
2023-12-15 23:55:00,3.3591623,3.17354438,31694587.3,23917601.78965091,0.97263312,1.70951766
2023-12-16 23:55:00,2.49131579,2.49463749,34066136.4,27472301.85164328,1.46889762,1.66442081
2023-12-17 23:55:00,2.64667193,2.72890249,34401075.5,27555261.4755,1.96726275,1.74648447
2023-12-19 23:55:00,2.81784501,2.60196078,30683162.5,23441936.15,1.83074783,1.79994894
2023-12-20 23:55:00,2.34802721,2.29876656,31313169.9,24731107.45566481,0.9942806,1.99431902
2023-12-21 23:55:00,1.8328742,1.84749709,32694004.3,27647386.56697578,1.96640826,1.92148058
2023-12-22 23:55:00,2.52728227,2.51526364,31126645.2,26395395.1296,1.02326072,2.09537156
2023-12-23 23:55:00,2.69427955,2.85793173,30392911.5,25530045.66,1.05920421,2.26462558
2023-12-24 23:55:00,3.4333018,3.55664175,31430601.4,25741662.5466,0.9552467,2.19903081
2023-12-25 23:55:00,2.5,2.48021583,32485188.7,28639027.14426251,1.6686459,2.15361216
2023-12-26 23:55:00,2.54681218,2.54069491,34499638.7,30115935.20865676,0.97135096,2.13379295
2023-12-27 23:55:00,2.18146341,2.33768494,36315281.1,32881147.24248873,1.86226498,2.26846482
2023-12-28 23:55:00,2.8496483,2.97861242,34987570.8,30474174.1668,0.84077337,1.28472656
2023-12-29 23:55:00,3.2637504,3.14324768,32899914.4,27934802.76237879,3.23282136,1.21433237
2023-12-30 23:55:00,2.82643406,2.7929267,33044080.4,28252688.742,0.77298165,1.23952461
2023-12-31 23:55:00,3.23583663,3.10237963,31498847.7,26592507.8051518,0.57343888,1.23612568
2024-01-01 23:55:00,2.12812347,2.24506795,33766072.4,29934834.37161699,0.75944901,1.19956851
2024-01-02 23:55:00,3.1139881,3.1347094,33269388.9,28816190.3703033,2.38250939,1.21669841
2024-01-03 23:55:00,3.42805466,3.22222222,32763877.3,25176318.66504024,10.80639632,1.01946502
2024-01-04 23:55:00,3.46053138,3.00228964,33382914.7,25797218.84992467,1.22424751,0.89413325
2024-01-05 23:55:00,3.5371474,3.29901961,37325741.9,27807677.7155,0.58373056,0.92000017
2024-01-06 23:55:00,3.05631277,2.8509589,37079918.3,27364979.7054,0.41032954,0.91929151
2024-01-07 23:55:00,3.45211931,3.08533792,36800122.8,25786600.4484774,1.43328699,0.88398206
2024-01-08 23:55:00,2.50450741,2.30596285,35814179.6,26462374.57629567,0.7653756,0.96735913
2024-01-09 23:55:00,3.04168246,2.8011236,34918854.4,24712734.97117088,17.62887517,0.96926269
2024-01-10 23:55:00,2.56098383,2.30684658,35117017.9,26372880.4429,0.6695347,0.96826353
2024-01-11 23:55:00,2.4226675,2.23613087,36255414.4,28424244.8896,0.76434987,1.01243825
2024-01-12 23:55:00,2.62211982,2.54764513,33280640.7,25643669.17816008,1.21750986,1.12172387
2024-01-13 23:55:00,2.69513032,2.59122158,34011377.2,26009997.66577812,1.62778738,1.25105838
2024-01-14 23:55:00,2.93763518,2.84632394,33495653.1,24943004.34040615,0.84764155,1.27054159
2024-01-15 23:55:00,2.28978893,2.10623656,34968303.6,27356424.25333416,0.65225354,1.22053989
2024-01-16 23:55:00,2.6712504,2.54123457,32834462.2,25444163.20583488,1.05906986,1.12562954
2024-01-17 23:55:00,3.08756081,2.90990991,34422411.9,26178156.12857554,1.20857636,1.0899932
2024-01-18 23:55:00,3.60823529,3.46473029,34551807.0,24769259.61261942,0.78633436,1.13771188
2024-01-19 23:55:00,2.78923293,2.54393093,34096883.9,24581115.31212283,1.34669111,1.10573056
2024-01-20 23:55:00,2.75564682,2.50727546,35489369.2,25753496.01968868,0.8468862,1.16102289
2024-01-21 23:55:00,2.82030705,2.62074303,33967379.6,24462806.78809229,0.26567345,1.15733593
2024-01-22 23:55:00,2.93435754,2.64404223,34789714.8,24009962.33232622,1.29435683,1.05767556
2024-01-23 23:55:00,2.79778393,2.57886905,32654701.0,22122011.11503157,1.24694713,1.00431271
2024-01-24 23:55:00,2.63412229,2.39621749,31681921.6,21806063.73031195,0.57858023,1.00077769
2024-01-25 23:55:00,2.49651015,2.37033538,31788303.9,21902169.04292439,0.91388952,1.11470625
2024-01-26 23:55:00,2.37686454,2.16278047,30326689.0,21326867.38177262,0.85511399,1.1394305
2024-01-27 23:55:00,2.30163447,2.12315057,31678001.6,22444654.1829599,4.73999795,1.06788967
2024-01-28 23:55:00,2.65737551,2.42850356,33752960.0,23955279.3699776,0.75533884,1.14132737
2024-01-29 23:55:00,2.29073756,2.260009,31462145.1,22572203.26827271,1.72791239,1.12089554
2024-01-30 23:55:00,2.8814741,2.776927,32320108.8,22660981.52263546,1.00320369,1.04093671
2024-01-31 23:55:00,2.79430486,2.72346072,32982753.4,22741145.06161473,1.6221328,1.05118651
2024-02-01 23:55:00,2.34385666,2.23638778,34379335.9,24164898.9742049,10.7608406,1.1212202
2024-02-02 23:55:00,2.11473202,2.01388305,34941086.5,24964991.90296411,0.83032737,1.13225599
2024-02-03 23:55:00,1.96527955,1.92880658,33484710.2,24215943.51746141,0.40639314,1.21913299
2024-02-04 23:55:00,2.99652778,2.92491657,33507703.5,23333965.55867153,1.91818651,1.13275168
2024-02-05 23:55:00,2.55430952,2.43860536,34776352.7,24670220.10603733,2.57846697,1.05370705
2024-02-06 23:55:00,2.23267867,2.27891791,34143772.7,24344025.09352766,0.9073909,1.16845192
2024-02-07 23:55:00,2.3709309,2.27654554,32795006.1,23606488.50084962,2.32514504,1.12280097
2024-02-08 23:55:00,2.57256827,2.6008273,33497710.3,24111015.0824672,0.03960688,1.11253489
2024-02-09 23:55:00,2.24464334,2.18905694,33730148.5,25010147.53361469,0.5486091,1.10058862
2024-02-10 23:55:00,2.6834363,2.52300841,34073304.7,25042241.05074307,2.60332618,1.06199028
2024-02-11 23:55:00,2.78329223,2.5165,33970530.8,24919475.90738136,1.09372183,1.01288821
2024-02-12 23:55:00,2.07006536,1.97413062,35168632.9,26517149.2066,0.18709925,0.99184416
2024-02-13 23:55:00,2.67835317,2.71296799,35524900.9,26181851.9633,2.11274976,1.03760716
2024-02-14 23:55:00,2.39223131,2.43687873,36074021.9,27307978.30282584,1.32397247,1.05334184
2024-02-15 23:55:00,2.64387724,2.55434217,35138300.7,27126768.1404,0.81197597,1.11707135
2024-02-16 13:30:00,2.52831885,2.67217484,35514189.3,27758301.61119209,0.68697985,1.13166203
2024-02-17 23:55:00,2.53595942,2.53896761,35841283.1,27561946.7039,4.29858155,1.20683244
2024-02-18 23:55:00,2.52604167,2.60247168,35490446.5,27559980.59339439,1.30612546,1.23137483
2024-02-19 23:55:00,2.40985915,2.40470235,36433049.0,28854974.808,1.19932928,1.17945521
2024-02-20 23:55:00,2.50812888,2.66784452,36407464.4,29239823.85044775,1.04960251,1.20768627
2024-02-21 23:55:00,3.29813446,3.30174419,34507235.6,26363527.9984,2.54316516,1.13587668
2024-02-22 23:55:00,2.64744802,2.50679206,38285670.2,29682748.78621122,2.98486517,1.10705215
2024-02-23 23:55:00,2.90120846,2.49716178,39673880.7,31818452.3214,0.55900092,1.23708096
2024-02-24 23:55:00,3.18323082,2.76171285,35741626.5,28700526.0795,6.41770792,1.20964663
2024-02-25 23:55:00,3.40801336,3.07856761,35631809.5,28469815.7905,3.01784768,1.18393053
2024-02-26 23:55:00,2.82517918,2.71354972,34235919.1,27868038.1474,1.00275307,1.09435633
2024-02-27 23:55:00,2.88792605,2.59020369,35034458.0,29253772.43,0.55974952,1.84815044
2024-02-28 23:55:00,3.06484642,2.86003373,36380584.7,30232265.8857,0.56533578,1.87943004
2024-02-29 23:55:00,3.06412364,2.93168044,39272737.4,33892372.3762,0.67300152,2.01485911
2024-03-01 23:55:00,2.36577181,2.46533666,41252689.6,37663705.6048,1.37624614,1.96585477
2024-03-02 23:55:00,2.51028807,2.39658195,39817025.2,44674702.2744,1.0589634,1.6734356
2024-03-03 23:55:00,2.93341225,2.99692465,37926746.2,40619545.1802,0.75013077,1.68458064
2024-03-04 23:55:00,3.15786062,3.20431894,34629923.8,38305208.00187114,2.077701,1.826259
2024-03-05 23:55:00,3.20068156,3.45576923,32918558.8,33733209.84634624,1.182607,1.702276
2024-03-06 23:55:00,2.77760449,3.01827527,32737953.3,34996872.0777,0.642099,1.599999
2024-03-07 23:55:00,2.54716543,2.72546419,37398896.4,46901581.61228704,1.032099,1.504652
2024-03-08 23:55:00,3.62080537,3.74898167,34393873.1,41147545.16567972,0.804784,1.914558
2024-03-09 23:55:00,4.02931034,3.68918919,35122929.9,42243692.29648657,2.026984,2.045018
2024-03-10 23:55:00,4.45918367,4.23283082,33310012.5,38162652.76131412,2.578529,2.015877
2024-03-11 23:55:00,3.14876265,2.94769976,30708450.9,37955645.3124,0.812321,1.951678
2024-03-12 23:55:00,3.74738178,3.64543524,30953679.5,36753642.83990981,1.650703,1.963543
2024-03-13 23:55:00,3.25595071,3.66878307,30683809.3,36298946.4019,0.709251,2.292215
2024-03-14 23:55:00,4.17628866,4.1820331,32715015.7,37295117.898,0.551864,2.222189
2024-03-15 23:55:00,3.92714536,3.93101415,32331526.3,34465407.0358,0.566786,2.227098
2024-03-16 23:55:00,4.1697349,4.10810811,33259112.3,32826743.8401,0.958268,2.224173
2024-03-17 23:55:00,3.58831254,3.23819302,35703870.1,36310835.8917,0.839116,2.13974
2024-03-18 23:55:00,3.82434724,3.75340909,35410402.0,34879245.97,0.533603,2.423506
2024-03-19 23:55:00,3.94783248,4.16192283,35620426.5,32378967.6885,0.917458,2.347329
2024-03-20 23:55:00,2.9227327,2.9508279,33066780.6,33120866.941024,0.965833,2.283968
2024-03-21 23:55:00,2.69016588,2.7935851,34282229.3,34738792.48772696,1.610162,2.454099
2024-03-22 23:55:00,3.34530478,3.339121,34076446.1,33360840.7319,2.445125,2.366161
2024-03-23 23:55:00,2.35372608,2.61947743,35778615.9,37138203.3042,0.632209,2.414969
2024-03-24 23:55:00,2.95929362,2.82472691,34744608.5,36516583.5335,2.320499,2.445413
2024-03-25 23:55:00,2.88449763,3.00146556,35532385.5,38014650.23576931,2.206927,2.358815
2024-03-26 23:55:00,3.13964497,3.1517629,35292053.3,38458969.82145152,0.793162,2.486977
2024-03-27 23:55:00,3.50415601,3.46220772,37738709.7,40078509.7014,2.568756,2.466805
2024-03-28 23:55:00,3.05813288,3.04935834,37971936.2,41731157.8838,0.974351,2.298339
2024-03-29 23:55:00,3.06891496,2.91865563,37311031.1,41312826.11374081,0.929584,2.08129
2024-03-30 23:55:00,3.73738724,3.57041871,35979206.7,38677647.2025,0.637742,2.09416
2024-03-31 23:55:00,3.19067669,3.08084891,35590661.2,39236431.15337577,1.137246,2.118438
2024-04-01 23:55:00,3.89759036,3.76405152,36159654.2,37606040.368,0.515041,2.248134
2024-04-02 23:55:00,3.88377114,3.9847468,35659144.1,34596290.50368693,2.111552,2.375379
2024-04-03 23:55:00,4.24546507,4.01572327,34590759.4,33033469.22960065,0.840759,2.171667
2024-04-04 23:45:00,3.34094513,3.32216216,34495910.5,34206757.84412959,1.051433,2.223475
2024-04-05 16:35:00,3.20273276,3.27777778,35263641.4,34986294.62357107,1.596714,2.391537
2024-04-06 23:35:00,2.63288719,2.79931136,35931513.8,36820827.39011331,7.790368,2.422012
2024-04-07 02:55:00,2.58430627,2.74382567,35431721.3,36512536.54992782,1.280999,2.521496
2024-04-08 23:50:00,2.4924106,2.70510397,35655490.5,39185384.0595,1.174895,2.622462
2024-04-09 23:20:00,2.6322228,2.99071359,36826085.3,39424756.30832321,0.460196,2.479982
2024-04-10 06:10:00,3.24038762,3.5150312,36984032.0,38960125.813792,1.425445,2.479699
2024-04-11 23:30:00,2.3270594,2.48363962,35950026.9,40131438.16028661,0.653509,2.503526
2024-04-12 14:40:00,2.41376702,2.52846648,36946613.8,40952985.26290943,1.097099,2.385357
2024-04-13 07:40:00,3.3432778,3.19712403,29157413.3,26169258.36777292,1.007971,2.218331
2024-04-14 16:05:00,2.69548872,2.63897191,23958530.1,17854649.40753574,0.851869,1.063609
2024-04-15 04:10:00,2.69722014,2.70843091,24063511.2,18095760.4224,0.897532,1.12242
2024-04-16 05:50:00,2.63332094,2.46707589,22847361.3,16861352.6394,0.922133,1.081978
2024-04-17 00:55:00,2.58056449,2.46319867,23870643.5,17855241.338,0.513819,1.185371
2024-04-18 02:15:00,2.75,2.62168397,24383931.9,17872644.23527239,0.746845,1.241244
2024-04-19 03:20:00,2.61774492,2.5441008,25217746.7,18753953.78787589,1.475945,1.173301
2024-04-20 22:55:00,2.18149254,2.09538153,24044368.4,19788515.1932,0.066364,1.234686
2024-04-21 23:35:00,2.31331674,2.49219621,23938110.6,19449678.9553341,0.909011,1.317031
2024-04-22 22:05:00,2.30581128,2.64504597,24625359.8,20997656.45204315,0.354866,1.221818
2024-04-23 20:40:00,2.53621854,2.92320442,24797916.0,20929441.104,0.449652,1.29711
2024-04-24 10:55:00,2.31293911,2.67489496,24552008.0,21324470.01946248,0.649591,1.282993
2024-04-25 02:45:00,1.53271657,1.7055252,34048210.5,31196723.94294075,1.150066,1.010931
2024-04-26 23:00:00,2.39432412,2.36966068,31903479.1,26575598.0903,1.370963,0.88591
2024-04-27 23:55:00,2.4931575,2.25712144,32175910.7,25901608.1135,0.476033,0.937388
2024-04-28 23:35:00,2.2406577,1.88720174,31723078.8,24957492.70863139,0.723689,0.970285
2024-04-29 04:30:00,2.16695185,1.7914196,31119196.8,24635278.13036006,0.732313,1.006687
2024-04-30 18:35:00,2.50784077,2.25527039,29962527.6,22566038.56096975,0.767181,1.07808
2024-05-01 23:55:00,2.09974853,1.88686441,28115949.3,21967958.65790542,0.724513,1.145336
2024-05-02 23:55:00,1.98173025,1.9384411,27997468.4,22832254.65133976,0.371738,1.165073
2024-05-03 23:55:00,2.06072645,2.10867446,26841949.8,22198292.4846,1.445724,1.2372
2024-05-04 23:55:00,2.2058656,2.27281601,26601275.7,21694010.41948488,0.986295,1.377948
2024-05-05 23:55:00,2.2923588,2.34234694,25789157.1,21209817.22062122,0.708975,1.373489
2024-05-06 23:55:00,2.09786374,2.24346489,26536156.7,21671269.02802595,0.943114,1.349361
2024-05-07 23:55:00,2.67704011,2.68853428,26907752.2,21336526.05488946,0.375401,1.327523
2024-05-08 23:55:00,2.44369586,2.41889007,26992365.7,21495753.44686429,0.151594,1.406679
2024-05-09 21:10:00,2.29100211,2.34233766,27318139.0,22209647.007,0.585298,1.398095
2024-05-10 23:55:00,2.0723933,1.81876248,28283955.6,22344324.924,0.340755,1.395142
2024-05-11 23:55:00,2.09759288,1.74877774,29152408.2,22768030.8042,25.528552,1.289651
2024-05-12 23:55:00,2.14823654,1.76567781,29899304.0,23201859.904,0.998111,1.251921
2024-05-13 23:55:00,1.84664694,1.59472162,29536986.5,23220197.11527432,4.438992,1.293839
2024-05-14 23:55:00,2.20811908,1.82892137,28653216.7,21679792.23449189,0.654424,1.379283
2024-05-15 23:55:00,1.81185889,1.58317025,26917982.7,21555260.24804437,0.790119,1.402838
2024-05-16 23:55:00,1.72503083,1.71074027,27228391.3,21918854.9965,1.164133,1.540796
2024-05-17 23:55:00,1.96012845,1.94981238,27336285.7,22436521.37688343,0.706636,1.574561
2024-05-18 23:55:00,2.1868353,2.32875989,27419916.6,22304761.86857659,3.850835,1.642013
2024-05-19 23:55:00,2.82959184,2.84978801,28721322.1,22512095.66406685,2.352512,1.566349
2024-05-20 23:55:00,1.92442833,1.95322501,28267760.5,24088423.84007672,1.787712,1.489591
2024-05-21 23:55:00,2.10633609,2.22369715,28289901.8,24597476.65875827,1.223275,1.602474
2024-05-22 23:55:00,2.56987528,2.84207459,26312740.7,22213437.77847151,0.479781,1.683073
2024-05-23 23:55:00,2.9842972,3.2549435,27174480.0,22358681.155704,1.275906,1.748042
2024-05-24 23:55:00,2.62099523,2.78907243,26008909.4,21909881.09027426,0.487499,1.817377
2024-05-25 23:55:00,2.28641975,2.55379189,25417827.0,21603944.84068269,0.671855,1.861996
2024-05-26 23:55:00,2.75274142,2.92243051,25943631.1,21559157.4441,1.273527,1.808422
2024-05-27 23:55:00,2.60734749,2.65981873,27196846.9,22872548.2429,1.405083,1.636799
2024-05-28 23:55:00,2.66158246,2.48150134,29024059.9,23451440.3992,0.48491,1.620698
2024-05-29 23:55:00,2.85857951,2.4392913,29325858.9,23665968.1323,1.107522,1.571365
2024-05-30 23:55:00,2.8518285,2.81567329,31304268.9,25348947.6018482,0.936271,1.582
2024-05-31 23:55:00,2.79086758,2.80796508,31195715.9,25393312.7426,0.033809,1.623803
2024-06-01 23:55:00,2.90584615,2.66839378,31205480.8,25257317.97758499,0.186339,1.598191
2024-06-02 23:55:00,3.1451917,2.79883227,31282905.0,25022391.7388415,1.597025,1.628821
2024-06-03 23:55:00,2.94266055,2.72982255,31193024.0,24989649.22516608,5.75292,1.666368
2024-06-04 23:55:00,2.67318519,2.49736287,31585310.7,25678857.5991,3.295971,1.643396
2024-06-05 23:55:00,2.693978,2.52772074,33361213.8,26951245.89369505,1.420349,1.735188
2024-06-06 23:55:00,3.65891208,3.21915394,34516438.4,27125038.92251709,0.179305,1.728568
2024-06-07 23:55:00,3.06775452,3.07381258,33663068.1,24515194.98680779,4.417526,1.613957
2024-06-08 23:55:00,3.37454545,3.24252276,32017024.8,22435102.48850892,1.060902,1.450625
2024-06-09 23:55:00,3.24539007,3.00185414,31242041.4,22200320.62613692,9.22422,1.459679
2024-06-10 23:55:00,3.26306434,2.97899938,29743122.9,21005453.56309427,23.823693,1.590285
2024-06-11 23:55:00,3.12876137,2.92105263,30821169.3,21035514.0045523,1.054736,1.503589
2024-06-12 23:55:00,2.72957568,2.59511925,30833910.8,21661439.015216,24.464847,1.587729
2024-06-13 23:55:00,3.25817923,3.16978777,30272361.2,20429238.77841426,2.212346,1.638805
2024-06-14 23:55:00,3.29449232,3.20759659,28977198.0,18777224.304,1.539699,1.543471
2024-06-15 23:55:00,3.09246698,3.05644644,29001157.7,19193826.63020896,1.74009,1.564939
2024-06-16 23:55:00,3.35643564,3.1765873,30130069.4,19705065.3876,5.996571,1.54659
2024-06-17 23:55:00,3.25896565,2.99811558,30828412.4,18966437.76436116,1.15239,1.464772
2024-06-18 23:55:00,2.80299161,2.65006075,30000650.0,16647150.3804435,0.785717,1.312964
2024-06-19 23:55:00,2.5729237,2.37842278,29275635.6,16664443.28908585,2.312861,1.246175
2024-06-20 23:55:00,2.64716066,2.51732102,28874114.5,16516448.55004452,2.292398,1.246091
2024-06-21 23:55:00,2.59095253,2.62279671,29609296.3,16766754.95200765,0.980062,1.307876
2024-06-22 23:55:00,2.51937984,2.39978506,30271583.4,17349959.74683873,1.405331,1.251618
2024-06-23 23:55:00,2.63963039,2.40274725,30795749.0,17237134.90319301,0.6948,1.256685
2024-06-24 23:55:00,2.34792123,2.51011905,29858897.4,17008906.21843769,0.644159,1.369918
2024-06-25 23:55:00,2.7273703,2.55066345,30507247.7,17592815.87899382,58.301936,1.416369
2024-06-26 23:55:00,2.57098553,2.61737523,29725351.3,17088980.21040157,7.767031,1.512324
2024-06-27 23:55:00,2.37738905,2.43919308,31826600.6,18757569.1213766,9.731635,1.477354
2024-06-28 23:55:00,2.42880417,2.47435897,33070801.3,19427020.90167644,0.69597,1.501725
2024-06-29 23:55:00,2.68677176,2.50143102,33620602.1,19022134.9019849,0.646717,1.502573
2024-06-30 23:55:00,2.69238938,2.55542096,34027090.1,19659584.47013198,0.145884,1.520657
2024-07-01 23:55:00,2.64181692,2.5747407,33043368.7,19078294.72530043,0.228036,1.539188
2024-07-02 23:55:00,2.47486945,2.67101179,32021419.9,18685240.76816328,2.148204,1.646963
2024-07-03 23:55:00,2.97052402,2.77686473,31580019.5,17695124.32276831,0.316833,1.612385
2024-07-04 23:55:00,2.95465207,2.78425096,34170809.5,17116852.82939904,1.230717,1.220457
2024-07-05 23:55:00,2.35781191,2.17497034,31663341.7,15166740.6743,1.947602,0.969123
2024-07-06 23:55:00,2.02845797,1.93716434,29084115.9,15134239.92468106,0.878944,1.198557
2024-07-07 23:55:00,2.15651862,2.10052295,29302308.2,14385089.43456708,1.033521,1.34456
2024-07-08 23:55:00,2.29865269,2.20386007,30325892.6,15526857.0112,3.127744,1.303147
2024-07-09 23:55:00,2.41586716,2.36925903,30639361.9,15984566.13340028,0.761324,1.2704
2024-07-10 23:55:00,2.47083022,2.2990373,30725708.3,16070147.05026851,0.545232,1.256517
2024-07-11 23:55:00,2.37208441,2.32125307,30422633.0,15801673.7778916,0.782328,1.221977
2024-07-12 23:55:00,2.43117926,2.32267793,30809690.4,16157351.55362434,0.274503,1.329311
2024-07-13 23:55:00,2.18131488,2.21576763,29820277.7,16340081.40267596,0.654057,1.452526
2024-07-14 23:55:00,2.04988204,2.1042516,29696792.0,17110779.87467384,0.808643,1.600489
2024-07-15 23:55:00,2.15074679,2.13200935,29165718.5,17236939.6335,0.643455,1.370892
2024-07-16 23:35:00,2.10562891,2.159689,29151024.5,17458897.80232351,0.420289,1.423222
2024-07-17 23:55:00,2.16093584,2.17857143,29104543.4,17479086.57698144,1.288833,1.438856
2024-07-18 23:55:00,2.24062049,2.28439235,28347526.1,16639997.8207,0.536984,1.479627
2024-07-19 23:55:00,2.10894142,2.13921801,28952595.1,17591003.25456045,0.399623,1.575219
2024-07-20 23:55:00,2.10610169,2.2010772,29247751.4,17796720.03066181,0.404276,1.580707
2024-07-21 23:55:00,2.18916047,2.24255319,30238651.1,18371412.34337958,0.755533,1.564293
2024-07-22 23:55:00,2.35557948,2.30935252,32392471.5,18852418.413,5.901469,1.595788
2024-07-23 23:55:00,2.06005057,2.16695254,31789750.1,18422818.23077707,0.359306,1.454504
2024-07-24 23:55:00,1.90657022,1.99676898,32357362.7,19036746.68902275,0.550094,1.42155
2024-07-25 23:55:00,2.3994137,2.28280407,32266428.0,17972400.396,1.129686,1.335476
2024-07-26 23:55:00,2.15641892,2.08680754,32113073.6,18573476.97816885,0.231623,1.383671
2024-07-27 23:55:00,1.93506078,1.98209289,32342227.3,18746312.39804336,0.077764,1.52621
2024-07-28 23:55:00,2.20993308,2.09490741,32342963.1,18285637.87379471,0.693561,1.490494
2024-07-29 23:55:00,2.2150277,2.09153318,35031577.6,20088819.28966887,0.619212,1.263478
2024-07-30 23:55:00,2.35863964,2.13825137,35809127.3,20447011.6883,1.083622,1.282806
2024-07-31 23:55:00,2.17711347,2.10026667,37497338.7,21877217.80741516,0.216955,1.116538
2024-08-01 23:55:00,2.34299034,2.15930113,40041935.7,21919911.0027658,1.159674,1.027308
2024-08-02 23:55:00,2.11885246,2.00644841,37067508.2,19307018.64721004,0.530793,1.07906
2024-08-03 23:55:00,2.39244774,2.30128205,35424363.1,17559711.90302492,0.583998,1.063367
2024-08-04 23:55:00,2.3253886,2.3290788,38324329.2,18050759.0532,1.362183,1.010714
2024-08-05 23:55:00,2.23245109,2.2771011,35734277.6,15901753.532,1.766143,1.00438
2024-08-06 23:55:00,2.18614877,2.20823799,38203723.8,17543083.49448059,1.321041,0.957415
2024-08-07 17:50:00,2.28502235,2.33900293,40736040.2,18161631.10312459,1.692548,0.967749
2024-08-08 23:55:00,2.01413927,1.98720801,38933033.4,19017245.84643803,0.806625,1.002994
2024-08-09 23:55:00,2.14820093,2.39039039,38904092.8,18554130.99023465,0.642322,1.149343
2024-08-10 23:55:00,1.92785904,1.92891247,39834134.6,19418094.97146675,3.396018,1.088784
2024-08-11 23:55:00,1.96058091,1.99341383,39936385.3,18651541.14523219,0.72524,1.10437
2024-08-12 23:55:00,2.03329791,2.16414435,40169125.3,20084562.65,0.086727,1.027686
2024-08-13 23:55:00,2.01886168,2.08614232,44012982.8,22278559.41369751,0.673332,1.006071
2024-08-14 23:55:00,1.96860841,2.07968338,40681411.8,20625475.7826,0.850027,1.09815
2024-08-15 23:55:00,2.20321791,2.2531856,41100349.8,20098071.0522,0.366814,1.083468
2024-08-16 23:55:00,2.13356164,2.18651441,41189233.8,20347481.4972,0.358987,1.115374
2024-08-17 23:55:00,2.04953457,2.11771001,41682214.7,20862800.02499632,2.19967,1.11715
2024-08-18 23:55:00,2.21275121,2.25802879,41234947.0,20266457.71486674,0.505579,1.0881
2024-08-19 23:55:00,1.99423077,1.90034364,42905458.7,20993822.86105489,1.005247,1.072055
2024-08-20 23:55:00,1.78323353,1.56429192,43972966.3,21611051.63778319,0.130293,1.074006
2024-08-21 23:15:00,1.74092506,1.77663069,44224283.7,22801043.41812256,0.803356,1.141513
2024-08-22 23:55:00,1.82011206,1.99949444,46722835.1,24643801.45031236,10.844394,1.125858
2024-08-23 23:55:00,1.73516516,1.75733582,46302009.8,25704519.06866118,0.286353,1.141335
2024-08-24 23:55:00,2.0895082,2.24206349,45857115.2,25442236.00538984,2.01715,1.175679
2024-08-25 23:55:00,2.08613236,2.37384259,44748411.4,23936081.42981579,1.614471,1.205411
2024-08-26 23:55:00,2.06417112,2.34830167,43503653.4,22554827.14029748,1.277233,1.155873
2024-08-27 23:55:00,2.45504087,2.65772669,44230807.5,21742129.3501137,4.581245,1.010341
2024-08-28 23:55:00,2.05703552,2.03985122,43319747.8,21425670.44869156,0.573048,1.057084
2024-08-29 23:55:00,2.1479836,2.14081525,43617812.4,21142097.58440063,4.475967,1.103037
2024-08-30 23:55:00,2.13377809,2.08197611,43692796.7,21212068.51214923,0.455352,1.083419
2024-08-31 23:45:00,2.22294969,2.19708423,44077650.5,21178720.8655098,2.963881,1.12261
2024-09-01 23:55:00,2.39449541,2.34821429,45073122.6,20511353.33385462,1.867605,1.021274
2024-09-02 23:55:00,2.19560595,2.02662407,45356254.2,21544220.745,4.426227,1.012387
2024-09-03 23:55:00,2.42793955,2.40730177,45712147.5,20707602.8175,0.920359,1.112561
2024-09-04 23:55:00,2.29787234,2.37982196,44896687.2,20832062.8608,1.793061,1.164378
2024-09-05 23:55:00,2.31691416,2.48244552,45650131.3,21069315.03706807,0.149646,1.162038
2024-09-06 23:55:00,2.64127861,2.81741391,46160683.5,21001421.97309073,6.530843,1.095257
2024-09-07 23:55:00,2.19195363,2.18996222,45917596.2,21193316.1171139,1.068185,1.121466
2024-09-08 23:55:00,2.2815331,2.33089888,46799589.4,22465679.57553494,3.845091,1.124129
2024-09-09 23:55:00,2.00420576,1.98974885,47855359.9,23637513.28222874,0.81708,1.311408
2024-09-10 23:55:00,2.21599453,2.378502,48668383.6,23820765.17389564,0.730178,1.272364
2024-09-11 23:55:00,2.11743656,2.41473088,50038949.9,24569124.4009,0.325075,1.291736
2024-09-12 04:45:00,2.1416129,2.35290859,50558302.8,25026359.886,0.499939,1.309455
2024-09-13 23:55:00,1.87798248,1.99441624,50322012.4,25412616.262,0.414426,1.333543
2024-09-14 01:10:00,1.88844985,2.01333333,50300237.8,25320923.92049984,0.239377,1.322555
2024-09-15 23:55:00,2.22805213,2.48698225,50040217.3,24086975.69146348,0.115491,1.34415
2024-09-16 23:55:00,2.57692308,2.70311546,50659214.5,23881219.7800734,0.145195,1.344097
2024-09-17 23:40:00,2.33356118,2.30479826,51303689.7,24598522.12728964,244.256236,1.176237
2024-09-18 23:55:00,2.04419192,2.1512605,50358870.1,24675846.349,0.642456,1.287421
2024-09-19 23:55:00,2.17044335,2.35219079,50964668.7,25890051.6996,0.134051,1.392758
2024-09-20 23:55:00,2.23676324,2.52472368,51234366.4,26465986.53455445,2.158296,1.405395
2024-09-21 23:55:00,2.03665735,2.26521739,51634300.0,27258427.510074,1.552773,1.436659
2024-09-22 22:10:00,2.17493386,2.39279685,51090115.4,25896040.151083,1.061808,1.518016
2024-09-23 23:55:00,2.12049336,2.26262626,50756843.7,26538438.04352041,1.491997,1.401825
2024-09-24 23:55:00,2.23775543,2.46058559,52543100.4,27610646.84300227,2.868387,1.343511
2024-09-25 23:55:00,2.20710627,2.40989011,51800171.7,27195090.1425,0.476749,1.376179
2024-09-26 23:55:00,1.98015038,2.17806789,51001090.2,27456833.69765176,0.470878,1.314449
2024-09-27 23:55:00,2.0594331,2.29689175,51436631.4,27957004.55321373,6.389602,1.400004
2024-09-28 23:55:00,2.04834211,2.28286638,49900136.5,26675381.43753118,0.29358,1.467321
2024-09-29 23:55:00,2.00796081,2.12621857,49471545.2,26686260.99268144,13.525581,1.375424
2024-09-30 23:55:00,2.0313087,2.17205422,49858007.9,25638659.40118489,0.664189,1.380461
2024-10-01 23:55:00,2.60155096,2.52985507,50641707.4,24004169.3076,0.966952,1.338578
2024-10-02 23:55:00,2.74507532,2.6138673,52898645.6,24650768.8496,1.384642,1.192942
2024-10-03 23:55:00,2.80729984,2.74126303,54632690.1,25458833.5866,1.063392,1.076599
2024-10-04 23:55:00,2.93122751,2.83625,55545678.2,26439742.8232,7.225794,1.05099
2024-10-05 23:55:00,2.94668246,2.96571429,55545430.6,26217443.2432,0.47628,1.076459
2024-10-06 23:55:00,2.86619441,2.75665635,56049434.8,26655835.50574395,1.773333,1.070435
2024-10-07 23:55:00,2.80166601,2.79374202,55874251.7,26305341.79628721,0.661517,1.032552
2024-10-08 23:55:00,3.21391753,3.3785558,52339923.4,24495084.1512,4.614427,1.106008
2024-10-09 23:55:00,3.37658228,3.63390093,53284733.0,24297838.248,0.862174,1.121302
2024-10-10 23:55:00,3.31091703,3.45207439,53201773.8,24632421.2694,3.547023,1.049731
2024-10-11 23:55:00,3.00459098,3.26690647,53207965.6,25320286.35777509,33.346729,1.045039
2024-10-12 23:55:00,3.1712299,3.47111778,53379560.2,25406001.67719,0.262854,1.042451
2024-10-13 23:55:00,2.83631519,3.28140351,52627850.3,24832857.97733782,11.97078,1.048971
2024-10-14 23:55:00,2.55420827,2.76477987,53653938.1,26471892.11650863,14.901604,1.031608
2024-10-15 23:55:00,2.73686172,3.25492958,51701670.7,25230415.3016,1.543099,1.212101
2024-10-16 23:55:00,2.70676955,2.98235665,52174184.1,25394527.23458003,5.268789,1.224161
2024-10-17 23:55:00,2.7217885,2.92830655,53248329.7,25452701.5966,1.4762,1.174138
2024-10-18 23:55:00,2.61258503,2.83762732,53111181.4,25682147.57961541,2.026472,1.085145
2024-10-19 23:55:00,2.44116694,2.66571429,52884972.8,25941673.64032992,0.590593,1.265074
2024-10-20 23:55:00,2.3061681,2.51471405,53075648.9,26724421.44732475,0.808183,1.192882
2024-10-21 23:55:00,2.44274029,2.71513707,51347494.9,25127878.90689244,0.672077,1.227084
2024-10-22 23:55:00,2.7046595,2.9125077,52098905.6,25192988.47106048,3.560051,1.081512
2024-10-23 23:55:00,3.16631311,3.48438635,53044423.6,24874241.96958957,0.607745,1.063504
2024-10-24 23:55:00,3.37303557,3.45844687,52357848.3,24849915.46218841,0.932385,1.069548
2024-10-25 23:55:00,3.40605795,3.7437408,53362355.5,23593321.82548454,1.472999,1.108035
2024-10-26 23:55:00,3.42149454,3.57290947,53091221.7,23608157.9683815,0.565323,1.051633
2024-10-27 23:55:00,3.31901094,3.35900783,52092934.8,23512822.80920305,0.870843,1.097418
2024-10-28 23:55:00,3.2435439,3.2864483,51729431.2,23618972.35366229,6.155172,1.111926
2024-10-29 23:55:00,2.98774416,3.04458204,53144527.0,24899755.81089989,9.37215,1.140054
2024-10-30 23:55:00,3.0450898,3.31640625,51628168.7,23818852.84934944,2.205892,1.202478
2024-10-31 23:55:00,3.41469489,3.85703866,53752278.6,23704754.8626,0.066151,1.142776
2024-11-01 23:55:00,3.65335599,4.03558191,54668793.1,23750846.22853638,1.265129,1.11167
2024-11-02 23:55:00,3.57525084,3.9108555,56346976.0,24116505.728,6.248253,1.118283
2024-11-03 23:55:00,3.56130108,3.82398317,57653022.8,23968837.77528926,1.796107,1.052966
2024-11-04 23:55:00,3.49209566,3.91440799,57823077.9,23649638.8611,1.287448,1.079885
2024-11-05 23:55:00,3.41949838,3.72370266,55376202.9,23453601.71931121,1.126095,1.114699
2024-11-06 23:55:00,2.98599016,3.0783208,56466248.0,25692142.84,0.42931,1.131271
2024-11-07 23:55:00,2.51986301,2.91769042,54275359.7,25321505.28038587,8.816339,1.306106
2024-11-08 23:55:00,2.25848398,2.6440483,52964192.6,25134350.38799106,0.340416,1.351838
2024-11-09 23:55:00,2.20490531,2.59060023,52386448.8,25547999.89311646,1.037719,1.373854
2024-11-10 23:55:00,1.4783113,1.80561748,52025953.1,30123026.8449,0.796315,1.556091
2024-11-11 23:55:00,1.85141509,2.11627907,47445862.5,27618950.62148063,0.779382,2.045204
2024-11-12 23:55:00,1.76649329,2.22328042,42258270.1,24298505.3075,1.072955,1.966592
2024-11-13 23:55:00,1.79773692,2.18645833,42867172.3,23499898.73888176,1.443254,2.180705
2024-11-14 23:55:00,1.6902774,1.85747021,41743800.9,22904697.90498929,0.818851,1.936755
2024-11-15 23:55:00,1.61580838,1.68482647,43875499.4,25698424.49352755,1.752158,1.479805
2024-11-16 23:55:00,1.77090909,1.84995663,44542742.0,30021808.108,1.475137,1.579399
2024-11-17 23:55:00,2.07346817,2.40344468,41766333.6,25760644.66743137,2.266198,1.76363
2024-11-18 23:55:00,1.88948559,2.11801846,39558705.8,26882894.6681978,0.520028,1.609215
2024-11-19 23:55:00,2.08733087,2.3085443,39224193.8,25558497.62406395,1.243905,1.692249
2024-11-20 23:55:00,1.86571348,1.92293744,38659300.4,24123403.4496,0.782585,1.702221
2024-11-21 23:55:00,1.8646338,2.12927565,38185173.3,25507695.7644,1.464856,1.667459
2024-11-22 23:55:00,1.58948831,1.83951137,43177871.1,32167513.9695,0.623917,1.514751
2024-11-23 23:55:00,2.4359589,2.65137615,38674954.6,29576779.82022288,0.720311,1.764571
2024-11-24 23:55:00,2.31117825,2.57867731,37632336.9,32025118.7019,1.558048,1.520207
2024-11-25 23:55:00,2.44170096,2.81446908,39710011.8,31858072.93806275,0.90315,1.685462
2024-11-26 23:55:00,2.34355828,2.74208675,36385468.5,28994510.47873079,2.469394,1.721359
2024-11-27 23:55:00,2.24438743,2.60842697,37564856.5,31193814.01366359,1.157659,1.846043
2024-11-28 23:55:00,2.40285619,2.77790564,37412329.5,30509186.0398416,0.656323,1.907845
2024-11-29 23:55:00,1.96651896,2.2246085,43592991.6,41674899.9696,0.998282,1.664952
2024-11-30 23:55:00,2.70656267,2.88560349,40088196.1,37665912.55120105,0.908904,2.036886
2024-12-01 23:55:00,1.87317909,2.1852861,45099184.0,49834598.32,1.052271,1.959726
2024-12-02 23:55:00,2.24572595,2.64624597,43047829.4,47998329.781,1.561748,1.967886
2024-12-03 23:55:00,2.54175885,2.92166344,44595933.1,57854357.97170905,1.073347,1.843361
2024-12-04 23:55:00,3.15494505,3.72630512,43952431.5,58456733.895,0.869318,2.005984
2024-12-05 23:55:00,2.66288952,3.27788462,42010637.7,56918033.08773974,0.710894,1.780187
2024-12-06 23:55:00,2.48500349,2.9210084,44754328.1,61244402.65905497,0.609912,1.882603
2024-12-07 23:55:00,2.72452381,3.37629097,45220703.6,60867067.0456,0.416832,2.078695
2024-12-08 23:55:00,2.98177677,3.56328818,45465961.1,60015068.652,0.635283,2.061092
2024-12-09 23:55:00,2.59765866,3.22066255,42075598.6,44437747.95076316,1.368612,2.347609
2024-12-10 23:55:00,2.39799232,2.82200311,41340214.6,43108448.43722786,1.675626,2.381856
2024-12-11 23:55:00,2.501863,2.90615385,41400072.7,45126079.243,0.596129,2.326022
2024-12-12 23:55:00,2.6497555,3.28838527,39578452.7,43496719.5173,0.539863,2.345718
2024-12-13 23:55:00,2.61204314,3.22682119,40387900.8,44789447.73516346,0.826255,2.588566
2024-12-14 23:55:00,2.63652749,3.3625498,40767707.2,42450950.38620621,1.158419,2.52925
2024-12-15 23:55:00,2.43955416,2.96105919,41093794.1,44458121.24325613,0.537263,2.701647
2024-12-16 23:55:00,2.42512724,2.98932927,44550269.2,46157889.27572468,1.053112,2.879438
2024-12-17 23:55:00,2.44958904,2.83515392,44644237.7,45999393.44547653,2.604755,2.834785
2024-12-18 23:55:00,2.47388167,2.96726505,44545838.2,40149568.89132924,0.632493,2.822156
2024-12-19 23:55:00,2.49294892,3.0426513,43011921.9,35187039.94551004,0.718621,3.55042
2024-12-20 23:55:00,2.16820135,2.58599779,39940024.0,33565862.56956008,1.056654,2.914881
2024-12-21 23:55:00,2.22765757,2.84507863,39584525.7,31271775.303,1.363897,3.376144
2024-12-22 23:55:00,2.36232811,2.98856799,39196098.4,30751637.65401018,1.082816,2.9214
2024-12-23 23:55:00,1.94640452,2.5181958,40218751.5,33987389.25571989,1.118939,2.890218
2024-12-24 23:55:00,2.11309019,2.75310643,40833904.5,35525496.915,0.303799,2.95724
2024-12-25 23:55:00,2.27353109,2.99274958,39497937.6,33336259.3344,1.092781,2.949436
2024-12-26 23:55:00,2.57705864,3.24616329,39632806.1,31002261.21672783,0.6485,2.542055
2024-12-27 23:55:00,2.57133465,3.00881316,38556850.9,30228571.1056,1.058862,2.64965
2024-12-28 23:55:00,2.49889555,2.96926579,39501545.9,31917249.0872,1.649509,2.43437
2024-12-29 23:55:00,2.48834279,3.02012651,38753645.4,30063960.44618667,0.68669,2.397242
2024-12-30 23:55:00,2.47877563,2.9214876,39293317.5,30373734.4275,1.020478,2.300117
2024-12-31 23:55:00,2.20230726,2.65644172,38156840.1,29569903.46514448,2.033669,2.427195
2025-01-01 23:55:00,1.9889669,2.59279368,40508312.4,32892749.6688,1.173059,2.279208
2025-01-02 23:55:00,1.96151949,2.68519454,39643293.1,32524459.74278818,1.453996,2.077526
2025-01-03 23:55:00,1.90681163,2.43833262,43213736.3,40010999.49778488,1.073055,1.972549
2025-01-04 23:55:00,2.38250653,3.10612245,41237012.6,37137613.13626543,0.132863,2.509594
2025-01-05 23:55:00,2.42125579,3.13845376,40559193.9,36568660.79767007,1.63441,2.441161
2025-01-06 23:55:00,2.30482977,3.000516,41196408.0,37788435.1482,1.802659,2.392357
2025-01-07 23:55:00,2.53620238,3.44385343,37848898.4,31037206.41770109,1.729623,2.337239
2025-01-08 23:55:00,2.3497076,2.73829344,38684919.6,30696187.76296506,0.428961,2.065374
2025-01-09 23:55:00,2.35587714,2.69106957,36275463.2,28365845.84789902,1.281377,2.172158
2025-01-10 23:55:00,2.33555298,2.73552426,37197604.9,29672275.74106458,1.888134,2.353733
2025-01-11 23:55:00,2.33698788,2.70899743,36782267.7,29609140.29262089,2.125217,2.301349
2025-01-12 23:55:00,2.32682513,2.64324863,37411625.3,29467181.74315557,1.173486,2.254551
2025-01-13 23:55:00,2.21003501,2.60933403,37706772.2,28797397.58826562,0.960736,2.30648
2025-01-14 23:55:00,2.24691712,2.71911299,36865104.6,29276749.44291676,0.94067,2.551764
2025-01-15 23:55:00,2.08943089,2.59532468,38118019.9,33145756.72396639,0.869436,2.46143
2025-01-16 23:55:00,2.02078179,2.59777348,42537317.2,39358939.06777213,0.845541,2.339475
2025-01-17 23:55:00,1.78106747,2.17807154,45601323.4,44962904.8724,0.698763,2.543976
2025-01-18 23:55:00,2.22504585,2.96658098,41068254.3,37988135.2275,0.609398,2.755112
2025-01-19 23:55:00,2.47923125,3.11927145,37765412.9,30746652.75379913,1.614497,3.179056
2025-01-20 23:55:00,2.34147086,2.80011074,37631742.6,30952527.50611256,0.88816,2.956142
2025-01-21 23:55:00,2.251329,2.61280168,37241778.8,31559663.55873802,1.001161,3.19203
2025-01-22 23:55:00,2.35601173,2.81380417,37403817.6,30208522.26015225,0.771816,3.310815
2025-01-23 23:55:00,2.17661422,2.41566555,37792854.3,30185491.73131307,0.782689,3.102073
2025-01-24 23:55:00,2.2100082,2.4788115,37450757.4,29810802.8904,5.285082,2.975713
2025-01-25 23:55:00,2.15012305,2.37012048,38084026.3,30619557.1452,1.076616,3.050803
2025-01-26 23:55:00,2.31300473,2.5707196,40498915.8,31381356.41197599,0.69668,2.771756
2025-01-27 23:55:00,2.15740741,2.51644909,38216045.8,29116350.52407498,2.157978,2.902475
2025-01-28 23:55:00,2.44065839,2.83825079,41375923.6,29917675.83715645,0.84282,2.400734
2025-01-29 23:55:00,2.42164734,2.66508938,40700939.2,29903076.8984753,0.870936,2.42719
2025-01-30 23:55:00,2.3321729,2.74569892,40751836.9,31236111.41861665,0.27411,2.449765
2025-01-31 23:55:00,2.18672199,2.72456436,39930385.2,31416751.90377612,0.88269,2.420311
2025-02-01 23:55:00,2.3153259,2.79040948,39820912.8,29350405.17404103,1.293441,2.078701
2025-02-02 23:55:00,2.00301205,2.50934844,39326015.6,25168649.984,0.580831,1.799586
2025-02-03 23:55:00,1.73187459,1.95685131,31889863.8,20574935.12248974,1.598714,1.785802
2025-02-04 23:55:00,1.75594295,2.14455782,30347950.9,18589488.01187657,0.871402,1.8802
2025-02-05 23:55:00,1.79064039,2.16712179,31075240.8,18614069.2392,0.891176,1.833518
2025-02-06 23:55:00,1.7289916,2.0663482,31659827.0,18266212.53803826,0.885044,1.754648
2025-02-07 23:55:00,1.88623142,2.1989882,30169220.2,17595285.36443115,1.000446,2.062923
2025-02-08 23:55:00,1.80799009,2.11521739,30849262.3,18666560.69007175,0.444478,1.951782
2025-02-09 23:55:00,1.91422872,2.36139507,32576934.0,19611314.268,0.091019,2.200197
2025-02-10 23:55:00,1.77026222,2.19581958,34241343.7,21880218.6243,26.19401,2.010899
2025-02-11 23:55:00,1.72871703,2.08386752,36980231.1,23073463.14304493,2.169582,2.244421
2025-02-12 23:55:00,1.74500588,2.0630491,36977979.2,24405466.272,1.078111,2.020604
2025-02-13 23:55:00,1.9599205,2.44,37224026.4,23960372.48035992,10.774009,2.08253
2025-02-14 23:55:00,1.67675841,2.00221607,37170275.5,24746376.30989207,0.364853,2.470668
2025-02-15 23:55:00,1.73746944,2.12464589,37491893.8,24182271.501,0.664187,2.679098
2025-02-16 23:55:00,1.75145393,1.98922994,37826428.1,23812463.1346338,0.686109,2.514341
2025-02-17 23:55:00,1.66960352,1.8206278,38659761.9,24609515.89567587,1.213957,2.482566
2025-02-18 23:55:00,1.87786014,2.20533643,38800236.6,23836561.79699306,0.636215,2.594317
2025-02-19 23:55:00,1.74433364,2.01952278,38704815.1,24500147.9583,6.232864,2.639037
2025-02-20 23:55:00,1.8327126,2.23792697,37749179.4,24272722.3542,2.333548,2.695863
2025-02-21 23:55:00,1.88582549,2.24016442,36162916.2,22457170.9602,0.383926,2.419295
2025-02-22 23:55:00,1.72519781,1.91693122,36077263.3,23218407.41121111,27.023577,1.963051
2025-02-23 23:55:00,1.96401028,2.34347048,36252658.8,23274206.9496,0.214558,2.080775
2025-02-24 23:55:00,1.84906893,2.09668192,39302803.8,22231537.42879695,0.662213,1.690885
2025-02-25 23:55:00,1.85015974,2.0137817,40716771.0,22935110.92914423,0.766796,1.850298
2025-02-26 23:55:00,2.17505169,2.44363193,40552085.6,22546959.5936,3.890101,2.090065
2025-02-27 23:55:00,2.04186361,2.42586943,41783751.5,23473315.61223393,0.637925,2.265716
2025-02-28 23:55:00,2.0501355,2.48310388,42796819.6,23999457.98187873,0.550635,2.224998
2025-03-01 23:55:00,1.97607053,2.18639381,45104161.0,25325313.44741788,29.171981,2.199987
2025-03-02 23:55:00,1.7617866,2.0076461,44582241.8,28551797.98281531,2.325631,2.284406
2025-03-03 23:55:00,2.02278391,2.41790084,46010056.5,25368678.03714399,0.972403,2.801378
2025-03-04 23:55:00,2.11681599,2.24374255,46981430.5,25088083.887,0.464818,2.387332
2025-03-05 23:55:00,1.95631561,2.24473842,47478898.5,26263789.28346657,1.424361,2.480984
2025-03-06 23:55:00,1.97214674,2.2252846,47714806.7,25904141.43495011,1.245947,2.884797
2025-03-07 23:55:00,1.86985646,2.15979381,46787089.2,25506449.548272,1.160043,2.748956
2025-03-08 23:55:00,2.12715803,2.32507205,45612905.3,24357291.4302,0.42174,2.876431
2025-03-09 23:55:00,1.82351117,2.15190583,46422026.4,22328994.6984,0.767501,2.614802
2025-03-10 23:55:00,1.84173355,2.07713651,46237413.8,21193651.47823873,0.937841,2.537044
2025-03-11 23:55:00,1.79874016,2.07399103,45793563.7,22249202.7014561,0.417652,2.289474
2025-03-12 23:55:00,1.76319805,2.02658709,45882273.7,22803490.0289,4.429549,2.008903
2025-03-13 23:55:00,1.7935085,2.10732253,46885156.9,23255037.8224,33.07669,2.006248
2025-03-14 23:55:00,1.75161191,2.02850877,46457657.6,23321744.1152,0.495345,1.864879
2025-03-15 23:55:00,1.66373938,1.93288934,47487008.8,23901157.4702553,1.732447,1.891373
2025-03-16 23:55:00,1.55008034,1.69164396,48322354.4,23001440.6944,2.896987,2.239173
2025-03-17 23:55:00,1.53752371,1.65054745,48698151.0,24330755.74257531,0.032883,2.009209
2025-03-18 23:55:00,1.18382208,1.20507813,67852863.7,38947543.7638,1.619375,1.355105
2025-03-19 23:55:00,1.59604743,1.5877106,72367896.9,42045748.0989,3.090116,1.337593
2025-03-20 23:55:00,1.62368301,1.73269598,63898938.8,35451364.47736662,0.768209,1.554885
2025-03-21 23:55:00,1.60238379,1.67133411,58244220.4,31999069.4880451,1.917256,1.631085
2025-03-22 23:55:00,1.66697936,1.75028902,57793493.3,31749777.35057313,0.708607,1.262033
2025-03-23 23:55:00,1.61401034,1.6533282,58276601.6,32661061.34182035,0.675164,1.254553
2025-03-24 23:55:00,1.23877588,1.23983621,52834366.5,30200656.46181432,1.175662,1.483777
2025-03-25 23:55:00,1.18739696,1.19084854,51266803.9,29248675.44086332,1.606335,1.443193
2025-03-26 23:55:00,1.14108555,1.11206897,50115876.0,29067208.08,0.232056,1.35806
2025-03-27 23:55:00,1.12650278,1.10362837,48473679.1,28187952.40080697,8.561119,1.343911
2025-03-28 23:55:00,1.27922323,1.1944364,51910437.5,29640859.8125,1.190266,1.325387
2025-03-29 23:55:00,1.50672844,1.37397842,49524802.6,26974720.78545645,0.895427,1.133343
2025-03-30 23:55:00,1.3611457,1.22941176,59753796.9,35594129.78663262,2.266801,1.086359
2025-03-31 23:55:00,1.30314685,1.18431476,59199343.7,36501558.75780752,1.200537,1.052533
2025-04-01 23:55:00,0.91908904,0.85780325,62591029.4,42967410.37190466,0.915887,0.912867
2025-04-02 23:55:00,0.56094372,0.55339806,76686093.8,61554868.45830462,1.210956,0.88098
2025-04-03 23:55:00,0.63074027,0.60288493,77677952.3,66520556.11344534,0.73857,0.957594
2025-04-04 23:55:00,0.85686089,0.8080864,68819101.8,53816537.6076,1.395802,1.089776
2025-04-05 23:55:00,0.90090794,0.87280702,66316100.0,49760196.108265,1.000988,1.102232
2025-04-06 23:55:00,1.06890905,1.03422053,59697370.7,42784395.18197867,0.80886,1.257403
2025-04-07 23:55:00,1.13669821,1.01369248,52221580.0,40106173.44,0.798234,1.194942
2025-04-08 23:55:00,1.24880066,1.14434009,49612565.1,33198447.3791767,0.793682,1.329412
2025-04-09 23:55:00,1.13887086,0.96787907,48254619.4,33971252.0576,0.64376,1.343404
2025-04-10 23:55:00,1.37367702,1.19444444,52411894.7,32442962.8193,1.06369,1.226821
2025-04-11 23:55:00,1.29608221,1.09078114,52335726.1,32343478.7298,1.390696,1.253803
2025-04-12 23:55:00,0.83902141,0.71300527,63867356.2,44898751.4086,1.026826,1.56889
2025-04-13 23:55:00,1.25185401,1.13866895,55533541.1,33789233.14173403,1.853466,1.614577
2025-04-14 23:55:00,1.09703321,0.90543917,53299128.3,32594942.26814885,1.073721,1.540145
2025-04-15 23:55:00,1.12778624,0.9439488,52190034.2,30739930.1438,1.484641,1.339366
2025-04-16 23:55:00,1.123307,1.0062383,49030112.2,29398922.04178814,2.431479,1.492298
2025-04-17 23:55:00,0.98416957,0.89740543,49712083.8,31119764.4588,9.346813,1.472389
2025-04-18 23:55:00,1.08244188,0.99104353,49937023.2,31060352.53056891,0.482457,1.497864
2025-04-19 23:55:00,1.00946632,0.93835198,51178202.0,32633414.5811557,1.161604,1.486526
2025-04-20 23:55:00,0.95321799,0.92294701,48603744.9,31875146.12984748,2.040532,1.487629
2025-04-21 23:55:00,1.05190058,0.96281081,47441465.4,29888123.202,1.073917,1.592114
2025-04-22 23:55:00,1.06507222,0.97492383,47777946.7,31811239.65971834,0.299005,1.548291
2025-04-23 23:55:00,1.13398476,1.12483745,45733969.9,31190567.4718,1.588054,1.591269
2025-04-24 23:55:00,1.09095347,1.14699739,44892472.4,30573921.36027962,1.164272,1.724406
2025-04-25 23:55:00,1.24242424,1.28013029,45842248.2,31346433.76445696,1.050358,1.718694
2025-04-26 23:55:00,1.33733791,1.34917733,45194849.2,30761080.03447956,1.15824,1.768519
2025-04-27 23:55:00,1.16629483,1.13854778,43931665.2,29346352.3536,0.572067,1.616795
2025-04-28 23:55:00,1.09257975,1.07820163,42799193.9,29531443.791,0.546785,1.63827
2025-04-29 23:55:00,1.33102356,1.34996841,41139118.6,28056878.8852,0.127646,1.576833
2025-04-30 23:55:00,1.19101555,1.14302496,40100837.5,26940926.81023138,1.720453,1.501488
2025-05-01 23:55:00,1.04715162,1.00326442,42128195.4,29600540.67441326,0.778392,1.542173
2025-05-02 23:55:00,1.48712709,1.45534506,45506536.3,32808837.00970765,1.679511,1.542334
2025-05-03 23:55:00,1.34963661,1.25078076,44916482.1,32536159.32541414,0.286354,1.560361
2025-05-04 23:55:00,1.40182082,1.27839066,43931820.9,30488683.7046,0.556011,1.539944
2025-05-05 23:55:00,1.3538688,1.23087028,42699774.6,30050909.61277092,0.801077,1.762158
2025-05-06 23:55:00,1.38234043,1.27753744,42903261.6,29603250.504,1.402395,1.803424
2025-05-07 23:55:00,0.87221486,0.85096154,53091322.2,43428701.5596,0.936737,1.265209
2025-05-08 23:55:00,0.90255403,0.88896291,52500556.1,44938400.67461737,1.132569,1.295991
2025-05-09 23:55:00,1.06346841,1.08244815,47343891.6,40474292.92884,3.915413,1.369329
2025-05-10 23:55:00,1.22813565,1.16902516,50046631.9,46993787.3541,0.869905,1.42516
2025-05-11 23:55:00,1.21529982,1.2546156,44807949.6,41502102.42129826,1.239804,1.756037
2025-05-12 23:55:00,1.22772106,1.19939159,43607129.9,38417881.4419,1.015075,1.780047
2025-05-13 23:55:00,1.23243052,1.19101747,42874496.3,37960730.02562012,1.498796,1.814958
2025-05-14 23:55:00,1.49083854,1.66284234,40514285.2,32208856.734,0.592674,1.706162
2025-05-15 23:55:00,1.34055459,1.30714286,34651680.9,27148724.30706026,3.307922,1.72129
2025-05-16 23:55:00,1.42088793,1.31741484,34847625.4,29272005.336,0.785402,1.585219
2025-05-17 23:55:00,1.60163407,1.48064036,30776373.3,24867309.6264,0.645779,1.58002
2025-05-18 23:55:00,1.36438823,1.20319716,26897979.2,21924723.33136043,0.954382,1.507279
2025-05-19 23:55:00,1.36826568,1.27317257,24988654.6,19378858.57105089,0.664829,1.575416
2025-05-20 23:55:00,1.29642767,1.14887103,20955259.0,16477696.4213225,0.369492,1.547437
2025-05-21 09:00:00,2.65217391,3.0625,47902.6,36488.9543208,0.997944,0.962262
2025-05-22 02:05:00,,3.06666667,0.0,0.0,,0.175799
2025-05-23 02:20:00,,,0.0,0.0,,0.175799
2025-05-24 02:15:00,,3.13333333,0.0,0.0,,0.177335
2025-05-25 02:20:00,,,0.0,0.0,,0.177335
2025-05-26 02:55:00,,,0.0,0.0,,0.177335
2025-05-27 02:20:00,,,0.0,0.0,,0.177335
2025-05-28 02:20:00,,,0.0,0.0,,0.177335
2025-05-29 02:50:00,,,0.0,0.0,,0.177335
2025-05-30 02:20:00,,2.875,0.0,0.0,,
2025-05-31 02:20:00,,,0.0,0.0,,0.124162
2025-06-01 02:25:00,,,0.0,0.0,,0.124162
2025-06-02 02:25:00,,3.06666667,0.0,0.0,,
2025-06-03 02:05:00,,,0.0,0.0,,0.167477
2025-06-04 02:20:00,,3.2,0.0,0.0,,0.726253
2025-06-05 02:35:00,,,0.0,0.0,,0.726253
2025-06-06 02:25:00,,3.13333333,0.0,0.0,,0.538421
2025-06-07 02:10:00,,3.35714286,0.0,0.0,,0.726253
2025-06-08 02:15:00,,,0.0,0.0,,0.726253
2025-06-09 02:05:00,,,0.0,0.0,,0.726253
2025-06-10 02:20:00,,3.28571429,0.0,0.0,,0.716395
2025-06-11 02:05:00,,3.28571429,0.0,0.0,,0.177335
2025-06-12 02:05:00,,3.21428571,0.0,0.0,,0.167477
2025-06-13 02:10:00,,3.28571429,0.0,0.0,,0.716395
2025-06-14 02:20:00,,3.13333333,0.0,0.0,,0.538421
2025-06-15 02:20:00,,3.06666667,0.0,0.0,,0.531112
2025-06-16 02:20:00,,3.0,0.0,0.0,,0.124162
2025-06-17 02:10:00,,,0.0,0.0,,0.124162
2025-06-18 02:45:00,,,0.0,0.0,,0.124162
2025-06-19 02:25:00,,,0.0,0.0,,0.124162
2025-06-20 02:10:00,,3.06666667,0.0,0.0,,
2025-06-21 02:15:00,,,0.0,0.0,,0.531112
2025-06-22 02:00:00,,3.0,0.0,0.0,,
2025-06-23 02:25:00,,,0.0,0.0,,0.124162
2025-06-24 02:20:00,,3.21428571,0.0,0.0,,
2025-06-25 02:35:00,,3.28571429,0.0,0.0,,0.177335
2025-06-26 02:10:00,,,0.0,0.0,,0.177335
2025-06-27 02:35:00,,3.21428571,0.0,0.0,,0.167477
2025-06-28 02:20:00,,,0.0,0.0,,0.167477
2025-06-29 02:30:00,,,0.0,0.0,,0.167477
2025-06-30 02:25:00,,,0.0,0.0,,0.167477
2025-07-01 02:25:00,,,0.0,0.0,,0.167477
2025-07-02 02:20:00,,3.28571429,0.0,0.0,,0.177335
2025-07-03 02:35:00,,,0.0,0.0,,0.177335
2025-07-04 03:00:00,,,0.0,0.0,,0.177335
2025-07-05 02:25:00,,,0.0,0.0,,0.177335
2025-07-06 02:30:00,,,0.0,0.0,,0.177335
2025-07-07 02:25:00,,,0.0,0.0,,0.177335
2025-07-08 02:35:00,,3.14285714,0.0,0.0,,0.177327
2025-07-09 02:35:00,,,0.0,0.0,,0.177327
2025-07-10 02:15:00,,,0.0,0.0,,0.177327
2025-07-11 02:20:00,,,0.0,0.0,,0.177327
2025-07-12 02:20:00,,,0.0,0.0,,0.177327
2025-07-13 02:30:00,,,0.0,0.0,,0.177327
2025-07-14 02:45:00,,,0.0,0.0,,0.177327
2025-07-15 02:10:00,,,0.0,0.0,,0.177327
2025-07-16 02:20:00,,,0.0,0.0,,0.177327
2025-07-17 02:10:00,,,0.0,0.0,,0.177327
2025-07-18 02:15:00,,,0.0,0.0,,0.177327
2025-07-19 02:20:00,,,0.0,0.0,,0.177327
2025-07-20 02:00:00,,,0.0,0.0,,0.177327
2025-07-21 02:25:00,,,0.0,0.0,,0.177327
2025-07-22 02:15:00,,,0.0,0.0,,0.177327
2025-07-23 02:15:00,,,0.0,0.0,,0.726219
2025-07-24 02:00:00,,,0.0,0.0,,0.726219
