create_time,count_long_short_ratio,count_toptrader_long_short_ratio,sum_open_interest,sum_open_interest_value,sum_taker_long_short_vol_ratio,sum_toptrader_long_short_ratio
2022-01-01 23:55:00,,,1594169.5,57182454.61552124,,
2022-01-02 23:55:00,,,1595411.8,57092013.17831741,,
2022-01-03 23:55:00,,,1609764.7,56315829.6131136,,
2022-01-04 23:55:00,,,1732251.2,62589927.50849985,,
2022-01-05 23:55:00,,,1473645.0,48944431.20334995,,
2022-01-06 23:55:00,,,1529927.6,50392755.2888,,
2022-01-07 23:55:00,,,1453055.0,45628582.15287095,,
2022-01-08 23:55:00,,,1434613.1,42283786.5094,,
2022-01-09 23:55:00,,,1477630.1,44693396.32624753,,
2022-01-10 23:55:00,,,1465777.7,41220808.15078454,,
2022-01-11 23:55:00,,,1571925.1,45381477.637,,
2022-01-12 23:55:00,,,1639189.1,50449322.9307,,
2022-01-13 23:55:00,,,1667738.7,47605760.5272554,,
2022-01-14 23:55:00,,,1634392.6,48649330.1316,,
2022-01-15 23:55:00,,,1631295.6,48588139.446,,
2022-01-16 23:55:00,,,1675646.2,50967953.55067421,,
2022-01-17 23:55:00,,,1624524.8,47080353.2288,,
2022-01-18 23:55:00,,,1666945.8,47593459.86790707,,
2022-01-19 23:55:00,6.425563173359452,,1676840.5,46312657.7695,,
2022-01-20 23:55:00,6.875538793103448,,1683401.1,44016396.78049209,,
2022-01-21 23:55:00,6.3116164720344194,,1541950.7,33681067.00141498,,
2022-01-22 23:55:00,5.238364779874214,,1493034.7,28243737.4199,,
2022-01-23 23:55:00,4.95035046728972,,1451157.5,28275083.14110448,,
2022-01-24 23:55:00,4.911990549320732,,1609010.2,29654057.986,,
2022-01-25 23:55:00,4.966208476517755,,1637165.7,29722292.12974805,,
2022-01-26 23:55:00,4.392513909964593,,1840963.3,35439087.30873955,,
2022-01-27 23:55:00,4.818181818181818,,1683365.6,32317252.7888,,
2022-01-28 23:55:00,4.637752318603383,,1731602.3,33965379.1145,,
2022-01-29 23:55:00,4.229041916167665,,1707169.9,34500196.5091,,
2022-01-30 23:55:00,4.59357998,4.32522796,1739552.2,34528371.6178,1.64911898,0.97511865
2022-01-31 23:55:00,3.489727463312369,,1920738.6,40826280.22914335,,
2022-02-01 23:55:00,3.9030612244897958,,1877246.0,39241950.384,,
2022-02-02 23:55:00,4.279141104294479,,1812913.3,36401486.1507,,
2022-02-03 23:55:00,4.27420998980632,,1845205.0,37394924.53,,
2022-02-04 23:55:00,4.311167512690355,,1855305.1,40138800.98935048,,
2022-02-05 23:55:00,3.7183934276586035,,1891480.7,41579354.49221439,,
2022-02-06 23:55:00,3.8630393996247654,,1846849.5,41433143.81495535,,
2022-02-07 23:55:00,3.492765605622158,,1918586.9,46866288.08050307,,
2022-02-08 23:55:00,3.321697738992463,,1996973.3,49031685.4349,,
2022-02-09 23:55:00,3.7649048625792814,,1941030.1,47115020.75205846,,
2022-02-10 23:55:00,3.672550750220653,,1835003.1,42448832.41450282,,
2022-02-11 23:55:00,4.551206434316354,,1801198.8,37808080.63086053,,
2022-02-12 23:55:00,4.650912996777659,,1757471.7,36508829.81863754,,
2022-02-13 23:55:00,4.771505376344086,,1789952.6,36996379.00260625,,
2022-02-14 23:55:00,4.728768577494692,,1849444.5,38310194.88525741,,
2022-02-15 23:55:00,3.424339471577262,,1905083.5,42496697.6345,,
2022-02-16 23:55:00,2.877148313176321,,2060331.6,47522820.29971326,,
2022-02-17 23:55:00,4.750231696014828,,1861854.4,38052580.2272,,
2022-02-18 23:55:00,4.399472063352397,,1855481.5,38824094.906,,
2022-02-19 23:55:00,4.29004329004329,,1818982.4,37969054.04834099,,
2022-02-20 23:55:00,4.487118320610687,,1794414.1,35511866.01366133,,
2022-02-21 23:55:00,4.360098522167488,,1727213.9,31939639.4388,,
2022-02-22 23:55:00,4.62564632885212,,1766591.9,33842373.56192695,,
2022-02-23 23:55:00,4.1874431301182895,,1963650.5,36223460.7735,,
2022-02-24 23:55:00,4.229914098029307,,1903515.5,34987616.50082094,,
2022-02-25 23:55:00,4.073135755258126,,1924677.1,36439771.34082004,,
2022-02-26 23:55:00,3.7302867383512543,,1863045.7,35451896.6253,,
2022-02-27 23:55:00,2.2839568164699977,,2311161.8,46961379.38556113,,
2022-02-28 23:55:00,2.4970841432935296,,2317776.2,50115442.15331418,,
2022-03-01 23:55:00,2.9594308204662427,,2196038.6,45939650.50035841,,
2022-03-02 23:55:00,2.998053843658774,,2044551.3,42281320.884,,
2022-03-03 23:55:00,3.3420963936636334,,2042998.5,41129645.802,,
2022-03-04 23:55:00,3.963550600343053,,1967412.2,36904718.0476,,
2022-03-05 23:55:00,4.131205673758865,,2036942.3,38915119.00569866,,
2022-03-06 23:55:00,3.8552906733584273,,2066020.9,37967266.0793,,
2022-03-07 23:55:00,4.2067843866171,,0.0,0.0,,
2022-03-08 23:55:00,4.216589861751152,,2027307.2,36484809.68482416,,
2022-03-09 23:55:00,4.060579835569018,,2035362.4,38311785.00993096,,
2022-03-10 23:55:00,4.460332541567696,,2060769.0,36834702.52388052,,
2022-03-11 23:55:00,4.988235294117647,,2099888.2,36501869.84751412,,
2022-03-12 23:55:00,5.318588469184891,,2207095.2,39119004.13760892,,
2022-03-13 23:55:00,4.851043643263757,,2203207.2,37989901.7496,,
2022-03-14 23:55:00,4.947218259629102,,2225464.0,38814317.624,,
2022-03-15 23:55:00,5.359284332688588,,2315932.5,38965256.80298265,,
2022-03-16 23:55:00,5.196024040684235,,2368373.2,41260979.78324553,,
2022-03-17 23:55:00,5.069058295964125,,2385765.2,41588658.9664,,
2022-03-18 23:55:00,5.378947368421053,,2445431.8,43127763.53660654,,
2022-03-19 23:55:00,5.485052631578947,,2563841.0,46567766.77850108,,
2022-03-20 23:55:00,5.314656922452294,,2444389.7,43056273.11137478,,
2022-03-21 23:55:00,5.8119868637110015,,2557346.7,45605153.3949928,,
2022-03-22 23:55:00,5.146148036253776,,2779193.8,50786839.73146565,,
2022-03-23 23:55:00,4.487015177065767,,2890150.1,55903594.34272747,,
2022-03-24 23:55:00,4.274842140245929,,2756653.0,53939232.28814315,,
2022-03-25 23:55:00,4.456331877729258,,2570985.1,48514007.85710749,,
2022-03-26 23:55:00,4.68572430726061,,2772721.3,53679268.46341763,,
2022-03-27 23:55:00,2.7562310030395136,,3517283.3,83274476.15183502,,
2022-03-28 23:55:00,2.1141659681475273,,3939984.0,98077276.2670272,,
2022-03-29 23:55:00,2.414213787761425,,4025428.8,106263269.4624,,
2022-03-30 23:55:00,3.102499426736987,,3812984.0,98979949.94139224,,
2022-03-31 23:55:00,3.1762366393238874,,3241156.9,78698530.6889,,
2022-04-01 23:55:00,3.498776176230623,,3182816.4,80961678.82173198,,
2022-04-02 23:55:00,3.6602382302892797,,3035761.5,72423558.32289526,,
2022-04-03 23:55:00,3.651983584131327,,3116388.4,79362525.30259539,,
2022-04-04 23:55:00,3.6636460554371,,3173820.8,80044843.86451545,,
2022-04-05 23:55:00,4.287377613125165,,3322792.5,82634526.6825,,
2022-04-06 23:55:00,3.8236230499840813,,2891266.2,62335699.272,,
2022-04-07 23:55:00,3.788358208955224,,2871626.5,64364636.371,,
2022-04-08 23:55:00,4.000982640026204,,2827046.4,59976335.39174169,,
2022-04-09 23:55:00,4.171541242195202,,2894203.0,62896819.596,,
2022-04-10 23:55:00,4.095345104333869,,2939182.0,62140185.844,,
2022-04-11 23:55:00,5.025178346621905,,2711704.5,49431661.3305,,
2022-04-12 23:55:00,4.562310030395137,,2669866.4,52054385.2008,,
2022-04-13 23:55:00,4.714772727272727,,2742684.9,53260198.0731,,
2022-04-14 23:55:00,5.09813269765594,,2790924.1,52036779.8445,,
2022-04-15 23:55:00,5.147812376823019,,2771462.3,52849806.84891308,,
2022-04-16 23:55:00,1.6035887274328489,,3805985.8,82420952.06678846,,
2022-04-17 23:55:00,3.775128205128205,,3235295.7,63810687.29744709,,
2022-04-18 23:55:00,4.827610128338536,,3012587.0,59123653.35992314,,
2022-04-19 23:55:00,4.153514180024661,,3025005.1,61833703.72163259,,
2022-04-20 23:55:00,4.793628808864266,,3118913.8,61205506.3058359,,
2022-04-21 23:55:00,5.136380390711389,,3084238.1,58165646.3279,,
2022-04-22 23:55:00,5.5628177196804645,,3189572.2,61412558.1257451,,
2022-04-23 23:55:00,5.5126650017838035,,3168798.5,59876013.58265474,,
2022-04-24 23:55:00,5.26603325415677,,3275896.8,61819448.5128,,
2022-04-25 23:55:00,5.504211332312404,,3059932.2,56982057.4284,,
2022-04-26 23:55:00,5.977389078498294,,3060469.5,52670680.095,,
2022-04-27 23:55:00,5.691874497184232,,3093142.4,54798110.7584,,
2022-04-28 23:55:00,5.213309982486865,,3240901.0,58675329.12518183,,
2022-04-29 23:55:00,5.174381054897739,,3212055.6,55568561.88,,
2022-04-30 23:55:00,4.449774497744977,,3246854.3,47079006.55892769,,
2022-05-01 23:55:00,3.536569786010859,,2388640.5,36097135.236,,
2022-05-02 23:55:00,3.5762032085561497,,2372076.8,34653669.9712,,
2022-05-03 23:55:00,3.4930830039525693,,2378478.8,34768876.95644903,,
2022-05-04 23:55:00,3.882751247327156,,2325669.0,36468750.54003807,,
2022-05-05 23:55:00,4.52210175145955,,2559412.7,35753064.23974134,,
2022-05-06 23:55:00,4.53167701863354,,2469984.6,34258686.402,,
2022-05-07 23:55:00,4.641204714098647,,2520748.7,33450335.249,,
2022-05-08 23:55:00,4.25767366720517,,2494627.6,32572352.5732,,
2022-05-09 23:55:00,4.261665141811528,,2520727.3,28320371.2155,1.0035501378,
2022-05-10 23:55:00,4.111525898273449,,2107640.0,23908249.131096,,
2022-05-11 23:55:00,3.5465055176037836,,2070781.1,17615024.98256946,0.9583084876,
2022-05-12 23:55:00,2.606542480690595,,1917581.0,15641708.217,0.4413359932,
2022-05-13 23:55:00,2.5146173688736027,,1958696.1,17097458.2569,1.0545999123,
2022-05-14 23:55:00,2.7143507972665146,,2083182.6,18341327.53891622,1.7596108481,
2022-05-15 23:55:00,2.6503823279524212,,2106423.4,19303948.54094806,1.1277383555,
2022-05-16 23:55:00,2.8166368515205726,,2243042.7,18516156.46046457,0.9955556098,
2022-05-17 23:55:00,3.0443187175860444,,2374497.0,20377947.00233763,0.7644731457,
2022-05-18 23:55:00,3.374183827222501,,2583587.3,19523335.1149402,2.4639973808,
2022-05-19 23:55:00,2.97250229147571,,2569884.2,21125595.14041499,0.7450204916,
2022-05-20 23:55:00,3.0738986262434866,,2512920.6,19923011.81004944,0.945541553,
2022-05-21 23:55:00,3.455440414507772,,2741268.7,22382142.86721889,0.191032721,
2022-05-22 23:55:00,2.9477413640389725,,2868344.8,24301276.23386814,0.9757885251,
2022-05-23 23:55:00,3.4884769539078158,,3248637.4,26469897.5352,1.0537271787,
2022-05-24 23:55:00,3.2899490504863365,,3317101.5,27890189.412,3.3090916566,
2022-05-25 23:55:00,3.43030303030303,,3336660.9,27233826.2658,0.4083433147,
2022-05-26 23:55:00,3.4229591836734694,,3551804.4,27260098.77,0.8929189141,
2022-05-27 23:55:00,3.76608505997819,3.8868175765645807,3562107.0,25631963.33776416,1.0287267468,0.8899045645
2022-05-28 23:55:00,3.4681908548707754,3.569674647022713,3665954.9,27618570.14579082,1.0841913992,0.866523285
2022-05-29 23:55:00,3.837750135208221,3.9503968253968256,3442661.5,26215867.3225,0.7879040267,0.8702795451
2022-05-30 23:55:00,3.8723293381969777,3.7644472361809047,3142754.6,25742302.9286,0.5290779018,0.8763484315
2022-05-31 23:55:00,3.5821114369501466,3.4390397978521796,3110927.7,25068993.66393615,0.5991019935,0.8244767878
2022-06-01 23:55:00,3.582681272822118,3.6054760423148724,3305303.0,24613760.88446216,0.377501445,0.8203408308
2022-06-02 23:55:00,3.606741573033708,3.5228113440197286,3481990.6,27013283.0748,0.4661479661,0.8066199174
2022-06-03 23:55:00,3.9149484536082473,3.7930821494749845,3638975.2,26924777.5048,0.5004632452,0.7944147624
2022-06-04 23:55:00,3.915307732772225,3.769230769230769,3669731.6,27381396.53466577,0.537890011,0.8058005683
2022-06-05 23:55:00,4.044069640914037,4.0151715039577835,3791716.9,27910828.1009,1.5572971208,0.8063933864
2022-06-06 23:55:00,4.1302113078241005,4.038540949759119,3633023.5,27474758.56551868,1.0335539263,0.8231137734
2022-06-07 23:55:00,3.6952861952861955,3.695827725437416,3948672.7,28916699.54121661,0.8775426761,0.8175504235
2022-06-08 23:55:00,3.8333333333333335,3.66270337922403,3756183.4,26962035.44377268,1.1176866334,0.8250292898
2022-06-09 23:55:00,3.820344129554656,3.562162162162162,3906532.0,28193202.91115608,1.0497562705,0.8052846647
2022-06-10 23:55:00,3.4595641646489104,3.2697963800904977,4200308.6,28629303.4176,3.1914206381,0.7948508852
2022-06-11 23:55:00,3.361300471945464,3.3066418373680944,3979003.8,24248049.1572,0.5658056345,0.7870860383
2022-06-12 23:55:00,3.4726540011514104,3.466945024356298,4042665.6,23043523.92279293,0.3951321829,0.801604486
2022-06-13 23:55:00,3.2667054038349796,3.201949860724234,4051867.3,21468538.74294488,0.940705153,0.8101715489
2022-06-14 23:55:00,2.738886050076648,2.7266542980828694,3354074.6,18420577.7032,1.3162115737,0.7686307598
2022-06-15 23:55:00,3.173987450085568,3.0900209351011863,3411772.9,19885418.17799766,0.7551718686,0.8039695627
2022-06-16 23:55:00,3.134670487106017,3.1053748231966054,3607838.4,19078249.4592,0.9398840857,0.7909721739
2022-06-17 23:55:00,3.4945978391356545,3.158371040723982,3628703.8,19370020.8844,0.9017952384,0.8048255949
2022-06-18 23:55:00,2.9474254742547426,2.7728860936408104,3642630.3,18588342.4209,0.9089714195,0.8604168799
2022-06-19 23:55:00,3.18005698005698,2.8529411764705883,3422427.5,18725400.21132465,0.7233648265,0.9085756324
2022-06-20 23:55:00,3.11307824100514,2.9740072202166066,3492745.9,19150725.7697,0.9168081126,0.9668066688
2022-06-21 23:55:00,2.730225988700565,2.7038196618659986,4277845.2,25460798.21008572,1.1459101138,1.049905782
2022-06-22 23:55:00,3.239059080962801,3.0513000702740687,3404531.9,18786207.0242,0.7094700468,0.9640379282
2022-06-23 23:55:00,3.3831242873432155,3.067870036101083,3502300.6,20277271.49994729,0.4735530788,0.9877521563
2022-06-24 23:55:00,3.1033755274261603,,3576352.7,21912312.9929,0.6575493884,
2022-06-25 23:55:00,3.109492988133765,,3411315.9,20733978.0402,0.6541509294,
2022-06-26 23:55:00,2.82470703125,,3262191.8,19008905.37122807,0.8708324838,
2022-06-27 23:55:00,2.858442871587462,,3328820.4,19214771.27055273,0.7059372724,
2022-06-28 23:55:00,3.040719196192491,,3430371.0,18880006.85643177,0.8032413764,
2022-06-29 23:55:00,3.0958549222797926,,3340848.0,18140804.64,0.8585416149,
2022-06-30 23:55:00,2.996822033898305,,3400068.7,18363637.05199253,1.1133814903,
2022-07-01 23:55:00,2.9556701030927837,,3480271.5,18449679.3127956,0.2886464638,
2022-07-02 23:55:00,2.8580518844836025,,3634380.6,19386972.52760306,0.5302521008,
2022-07-03 23:55:00,3.1028571428571428,,3674776.1,19519983.45047838,1.237915677,
2022-07-04 23:55:00,3.1616161616161618,,3735467.6,20747293.0568411,0.6726049495,
2022-07-05 23:55:00,2.693467336683417,,3874902.4,21274008.91848224,0.9992744391,
2022-07-06 23:55:00,2.8516250588789447,,3963942.9,22083125.8959,0.685814478,
2022-07-07 23:55:00,2.9022848808945065,,4165654.0,24194118.432,0.8918228425,
2022-07-08 23:55:00,3.1167256189994945,,4108891.9,23658249.03000554,0.494206428,
2022-07-09 23:55:00,3.2032355915065724,,4200654.6,24376398.6438,0.7530982935,
2022-07-10 23:55:00,3.197039305768249,,4411361.0,24173424.13574851,0.5229880608,
2022-07-11 23:55:00,3.378142076502732,,4465411.2,23166553.3056,0.6776705969,
2022-07-12 23:55:00,3.322961373390558,,4563666.0,23151477.618,0.8231888905,
2022-07-13 23:55:00,3.3751369112814897,,4437618.8,23475003.452,1.1417005922,
2022-07-14 23:55:00,3.457111834961998,,4328170.7,23175271.16635063,1.1891263162,
2022-07-15 23:55:00,4.009860788863109,,4766862.8,24905640.95925265,1.7597223816,
2022-07-16 23:55:00,3.6214902807775378,,4845495.2,26145340.68621748,1.0279449058,
2022-07-17 23:55:00,2.467783036039316,,5600130.5,31783657.97548398,0.8383937681,
2022-07-18 23:55:00,3.2724665391969405,,5425907.1,32400023.18832295,0.6590576052,
2022-07-19 23:55:00,3.826241134751773,,5057159.4,30634081.79403661,0.8768631137,
2022-07-20 23:55:00,3.7869565217391306,,5140422.0,28693958.35727736,0.5263169161,
2022-07-21 23:55:00,3.717936117936118,,5176812.3,29091604.35806414,0.7439475539,
2022-07-22 23:55:00,3.652542372881356,,5024165.5,27560613.11135486,2.1116693091,
2022-07-23 23:55:00,3.691096901131333,,5071063.2,28306674.7824,1.0784602651,
2022-07-24 23:55:00,3.858,,5424382.4,30654502.68761643,0.2893546998,
2022-07-25 23:55:00,3.611245758603975,,5651657.6,29586427.536,0.8640193482,
2022-07-26 23:55:00,3.6889783593356817,,5327510.7,28222581.43106278,0.9649057546,
2022-07-27 23:55:00,3.8046218487394956,,5327168.2,30002025.68679978,2.6308445105,
2022-07-28 23:55:00,3.55188679245283,,5079025.8,30129497.03586702,0.8105323612,
2022-07-29 23:55:00,3.706923477355544,,5033855.1,29865385.90425334,0.6166462562,
2022-07-30 23:55:00,0.8337372247392266,,9395427.6,75416435.3433713,2.0046148063,
2022-07-31 23:55:00,0.7348128379801953,,10911163.2,107652382.96279052,0.8133295704,
2022-08-01 23:55:00,1.9658081705150976,,10567732.3,92647309.0741,2.3662366098,
2022-08-02 23:55:00,2.7531943510423673,,8819501.8,71798629.55119425,0.6387036899,
2022-08-03 23:55:00,2.8506304558680893,,8356542.8,67604431.252,0.985709783,
2022-08-04 23:55:00,2.7342891278375148,,8549594.7,69326776.09926997,0.9619959485,
2022-08-05 23:55:00,3.02417695473251,,8669835.9,72376875.2965596,1.212695837,
2022-08-06 23:55:00,1.381509981041597,,11206469.7,106239798.73965749,1.0929449939,
2022-08-07 23:55:00,2.948235294117647,,8853035.4,77717083.22000687,0.8237152115,
2022-08-08 23:55:00,2.9347125201504567,,8598958.5,74914126.452,1.1259297657,
2022-08-09 23:55:00,4.120648967551622,,8457057.9,67935546.1107,1.2508749626,
2022-08-10 23:55:00,3.7232401157184185,,8256107.9,68439402.06974056,1.1873306361,
2022-08-11 23:55:00,3.6525851197982346,,7948989.3,66424815.74657943,1.1763713855,
2022-08-12 23:55:00,3.7200368776889983,,7948678.7,69733758.2351,1.1451928736,
2022-08-13 23:55:00,3.7300123001230014,,8337942.8,69527606.96153712,1.0264988252,
2022-08-14 23:55:00,3.760382333553065,,8293801.8,68385394.29916476,0.6712687057,
2022-08-15 23:55:00,3.5737077217613273,,8120341.1,69021388.88535199,1.1001047771,
2022-08-16 23:55:00,4.06646058732612,,8595556.5,72500450.03405167,1.415765891,
2022-08-17 23:55:00,3.5987823439878235,,8426911.4,68713035.5556,1.0570702854,
2022-08-18 23:55:00,2.885520799742019,,8069874.0,60560192.2992657,1.1066431605,
2022-08-19 23:55:00,3.509777478084963,,6811157.4,43968128.52532271,0.9806016365,
2022-08-20 23:55:00,3.73207277916518,,6699485.7,41844987.6822,1.8370562231,
2022-08-21 23:55:00,3.8162468960624336,,6612130.8,42339801.77589729,1.2859052475,
2022-08-22 23:55:00,3.716873889875666,,6715406.9,42426361.12903491,1.9111645357,
2022-08-23 23:55:00,3.8400145772594754,,7052417.7,44888340.27270711,1.2745827716,
2022-08-24 23:55:00,4.194683346364347,,7081300.2,44413914.8544,0.8620987631,
2022-08-25 23:55:00,4.338684416601409,,6909456.9,43902008.07743337,0.3941105149,
2022-08-26 23:55:00,3.7235041063746577,,6643369.9,37362414.49262906,1.3048787933,
2022-08-27 23:55:00,3.726379440665155,,6656941.3,38851093.03096314,0.8470484153,
2022-08-28 23:55:00,3.662203519510329,,6724595.7,37672969.61736091,0.818388594,
2022-08-29 23:55:00,3.857981220657277,,6733243.5,40500459.6525,0.7161196404,
2022-08-30 23:55:00,4.07746188710342,,6305987.8,35916650.41554479,0.6235203578,
2022-08-31 23:55:00,3.9991652754590983,,6343615.4,36387653.21225933,1.0393010892,
2022-09-01 23:55:00,4.0234438156831045,,6643949.7,38371059.15886842,1.3717357784,
2022-09-02 23:55:00,4.197843218581501,,6503569.8,37805251.2474,0.727822356,
2022-09-03 23:55:00,0.8623088685015291,,11425876.6,74430077.09171718,1.0453917559,
2022-09-04 23:55:00,2.1872594303310238,,8293773.4,51916667.62817135,1.5542978273,
2022-09-05 23:55:00,3.4476797088262057,,7181353.7,44075317.39933337,0.5807105311,
2022-09-06 23:55:00,3.8282608695652174,,6614698.2,37029080.5236,0.7049113161,
2022-09-07 23:55:00,3.8954833893243745,,6401974.3,37355528.61914557,0.4513400674,
2022-09-08 23:55:00,3.757575757575758,,6549340.1,38405330.3464,1.5475859108,
2022-09-09 23:55:00,3.2485549132947975,,6760748.8,43101138.52757523,1.1427740298,
2022-09-10 23:55:00,2.9337251061051255,,6911384.7,43938104.37772054,0.6548764517,
2022-09-11 23:55:00,3.143574297188755,,7143110.2,45750967.73643442,0.641395227,
2022-09-12 23:55:00,2.9410205434062293,,6930857.4,45369392.5404,0.9884668608,
2022-09-13 23:55:00,3.6906796906796906,,6757499.3,39618738.54587471,0.4539218081,
2022-09-14 23:55:00,3.518362662586075,,6583779.9,39285012.52602371,1.3896062085,
2022-09-15 23:55:00,3.8242027800490597,,6899472.4,39351936.61854661,0.880738557,
2022-09-16 23:55:00,3.9937552039966695,,6954862.1,40460199.51946474,0.4901338558,
2022-09-17 23:55:00,4.2162740899357605,,6965754.7,41148861.04267684,0.7026334927,
2022-09-18 23:55:00,4.013128112267995,,6541129.3,34210234.64136816,0.3832345036,
2022-09-19 23:55:00,3.81214751,,6100275.3,33441709.1946,1.18137238,
2022-09-20 23:55:00,3.70598218,,6257811.3,33295129.38883041,1.02356433,
2022-09-21 23:55:00,3.74033149,,6230843.8,32824085.1384,0.98588649,
2022-09-22 23:55:00,3.637938144329897,,6357042.0,35120829.46399542,1.7508606875,
2022-09-23 23:55:00,2.95042194092827,,6420018.4,36489794.09024158,0.4815254201,
2022-09-24 23:55:00,3.4118558698179,,6194892.8,34519508.06906163,0.6214261225,
2022-09-25 23:55:00,3.091491634033464,,6340330.6,36270185.06138705,0.9868417169,
2022-09-26 23:55:00,3.5902777777777777,,6416271.7,36496064.61877745,2.3082488247,
2022-09-27 23:55:00,3.5065973610555776,,6576908.9,37628245.14312922,0.9821270393,
2022-09-28 23:55:00,2.5717798954810944,,6814738.3,39882221.15088653,1.3921073443,
2022-09-29 23:55:00,3.4848948374760993,,6459282.0,37316984.01750846,0.3052446136,
2022-09-30 23:55:00,3.426913311570548,,6690918.1,38024487.5623,0.6468753918,
2022-10-01 23:55:00,3.972972972972973,,7030449.2,38772927.338,1.2777451839,
2022-10-02 23:55:00,4.339003645200486,,7076926.2,37974785.9892,0.9919885303,
2022-10-03 23:55:00,3.9432213209733487,,6917424.5,38185483.78498025,1.017236959,
2022-10-04 23:55:00,3.3050325231085247,,6896422.6,38619966.56,1.0898197654,
2022-10-05 23:55:00,3.478103510676801,,6796630.3,37966695.0557238,2.0234703735,
2022-10-06 23:55:00,3.6251891074130107,,6730682.2,36895348.67643139,0.7704551752,
2022-10-07 23:55:00,4.020318725099601,,6852691.5,37514535.04321568,2.1688336891,
2022-10-08 23:55:00,4.0278662420382165,,6901384.8,37255152.52984414,0.9812105359,
2022-10-09 23:55:00,3.615067079463364,,7108363.6,38561349.70526597,0.7333096425,
2022-10-10 23:55:00,4.637451902522446,,7075828.6,36454668.9472,1.3280370779,
2022-10-11 23:55:00,4.02491103202847,,7096103.5,36359592.16843662,1.1224959667,
2022-10-12 23:55:00,4.047210300429184,,7112719.3,36588469.2908449,0.3639255643,
2022-10-13 23:55:00,3.754158215010142,,7094060.6,36455442.99373777,0.6254319176,
2022-10-14 23:55:00,3.762063227953411,,6911646.3,35007488.5095,2.7751633987,
2022-10-15 23:55:00,3.062541583499667,,7110882.1,36780230.86156693,0.4928947444,
2022-10-16 23:55:00,3.3726169844020797,,7097026.0,36555425.60694478,1.1682583523,
2022-10-17 23:55:00,3.1155827430779137,,7246653.9,38078640.85808239,0.7504919488,
2022-10-18 23:55:00,3.8836123005060337,,7308690.0,37523912.3714118,1.1002946633,
2022-10-19 23:55:00,4.193356047700171,,7609876.5,37920008.20720374,0.7944488422,
2022-10-20 23:55:00,4.18492586490939,,7725285.4,38190256.30477604,0.3423828281,
2022-10-21 23:55:00,4.078335373317014,,7930675.7,39301843.60684207,1.4341825513,
2022-10-22 23:55:00,3.950793650793651,,8043668.1,39770522.22883814,2.0004925673,
2022-10-23 23:55:00,3.2554769127064374,,7925822.0,40546485.21848864,1.3173841075,
2022-10-24 23:55:00,4.052526860326303,,8025809.2,39690485.60826941,2.0109351273,
2022-10-25 23:55:00,3.1045681655960027,,7541534.2,39091983.25295865,1.0956878433,
2022-10-26 23:55:00,2.763183125599233,,7771310.4,40970348.4288,0.9728728936,
2022-10-27 23:55:00,2.8045186640471513,,7767124.7,40738664.8978188,0.6094345622,
2022-10-28 23:55:00,3.13728323699422,,7565554.9,40670803.58406255,2.0354039684,
2022-10-29 23:55:00,2.895275035260931,,7831235.2,44684296.69214467,1.0439922576,
2022-10-30 23:55:00,3.6528608,,7280523.1,39256580.5552,1.4467205,
2022-10-31 23:55:00,3.677658697444353,,7340254.8,39928158.71925359,0.6168791908,
2022-11-01 23:55:00,3.8252834943301135,,7601632.6,40775157.2664,1.4695217735,
2022-11-02 23:55:00,3.8630444544229907,,7338932.5,38333886.97692528,0.6869820159,
2022-11-03 23:55:00,2.9412740544127405,,8758466.1,50708093.45807761,1.1621951191,
2022-11-04 23:55:00,2.9446666666666665,,8535295.5,52450735.24189421,1.4268516225,
2022-11-05 23:55:00,3.12375533428165,,8569612.5,52833113.69751488,1.3007750704,
2022-11-06 23:55:00,3.052372583479789,,8157261.0,47604347.02274412,0.8643723656,
2022-11-07 23:55:00,3.6531958762886596,,7831426.7,45046366.3784,1.0131240139,
2022-11-08 23:55:00,4.330269959793222,,6253711.3,29714667.39830878,1.4531007706,
2022-11-09 23:55:00,3.8441260744985675,,5975845.6,24621075.00264675,1.1438685977,
2022-11-10 23:55:00,3.5194174757281553,,4867471.4,22580199.8246,1.072558308,
2022-11-11 23:55:00,3.5064446831364124,,4722354.8,21156841.51787239,0.8754271251,
2022-11-12 23:55:00,3.5775154004106775,,4811521.5,20492270.0685,0.9621577975,
2022-11-13 23:55:00,3.8006362672322376,,5026525.5,21613171.81480094,0.8740522038,
2022-11-14 23:55:00,3.7019691325172963,,4896406.7,21156826.66689194,0.7568647631,
2022-11-15 23:55:00,3.8579146407347378,,4719950.0,20734740.35,1.1291715445,
2022-11-16 23:55:00,3.5210420841683367,,5047149.8,21903825.2125499,1.2574541914,
2022-11-17 23:55:00,3.6200807265388497,,5041032.2,21747012.9108,0.9873125057,
2022-11-18 23:55:00,3.686858316221766,,5152810.2,22414724.37,0.7048231302,
2022-11-19 23:55:00,3.7004515805318614,,5333916.2,23387112.06637714,0.4058011252,
2022-11-20 23:55:00,3.9027322404371585,,6030993.0,25118394.6932022,0.4641956285,
2022-11-21 23:55:00,3.424929178470255,,5617474.1,23401803.33358763,0.9736701638,
2022-11-22 23:55:00,2.862362971985384,,5632375.4,24322180.35057245,0.6384232344,
2022-11-23 23:55:00,3.2705069124423964,,5838384.4,25934103.5048,0.5127466643,
2022-11-24 23:55:00,3.4274157303370787,,6088000.3,26738497.3176,1.2025683015,
2022-11-25 23:55:00,3.56264341441028,,6325489.5,27167664.35402465,1.816925578,
2022-11-26 23:55:00,3.4625570776255707,,6071384.3,26148471.46939402,1.9101467016,
2022-11-27 23:55:00,3.7220683287165284,,6341266.7,27483049.8778,1.0320196022,
2022-11-28 23:55:00,3.602504638218924,,6009663.5,25569687.23152402,0.890680084,
2022-11-29 23:55:00,3.4786516853932583,,6143253.7,26729976.10826161,1.1192270579,
2022-11-30 23:55:00,4.063121272365805,,7233902.6,31936058.06569805,0.5950571142,
2022-12-01 23:55:00,4.175138399597383,,6957158.5,30483994.87803062,1.0807237566,
2022-12-02 23:55:00,3.0685413005272406,,7771489.1,36160738.7823,0.9272938509,
2022-12-03 23:55:00,3.9863013698630136,,7617345.5,33716334.78232299,2.0669381065,
2022-12-04 23:55:00,3.2860492379835873,,7494091.8,34361939.84760904,0.8104259647,
2022-12-05 23:55:00,3.708685968819599,,7286569.4,32884265.18670055,1.0170541934,
2022-12-06 23:55:00,3.696358051777095,,7010729.4,32129797.41564063,1.699347589,
2022-12-07 23:55:00,3.7579346281383232,,6932478.0,30102491.79766794,0.7193442227,
2022-12-08 23:55:00,3.7514177693761814,,6973050.9,30636699.71802402,0.8619663825,
2022-12-09 23:55:00,3.414285714285714,,6876932.6,30457934.4854,0.2393581123,
2022-12-10 23:55:00,3.952403173121792,,6905512.4,30213176.22186529,0.8277299207,
2022-12-11 23:55:00,4.6332493702770785,,6989886.6,29958653.9676,0.6132019894,
2022-12-12 23:55:00,4.720290607161391,,7039568.5,29961119.03774234,0.7165967577,
2022-12-13 23:55:00,4.41945945945946,,6787217.4,29280055.8636,0.3177128602,
2022-12-14 23:55:00,5.028285209192693,4.254545454545455,6503791.0,27498028.348,0.7289229236,1.2257520979
2022-12-15 23:55:00,4.743819042609153,3.8489065606361827,7010107.6,29035865.6792,0.7195314736,1.2072563226
2022-12-16 23:55:00,3.266750418760469,3.1892052194543297,8108745.1,24217781.23972476,1.2735156435,1.0978464919
2022-12-17 23:55:00,2.8959636156907336,2.421119592875318,10044691.9,32122924.6962,1.0187317653,0.8642108835
2022-12-18 23:55:00,3.0396902226524687,2.7462068965517243,9409871.2,28718926.9024,0.6633434914,0.9249584857
2022-12-19 23:55:00,2.8798646362098137,2.728219696969697,9177926.7,25771618.1736,0.6540756493,0.9298188261
2022-12-20 23:55:00,3.005795001810938,2.5856246985045828,8827536.0,26310334.57429344,0.6754306058,0.945538841
2022-12-21 23:55:00,2.9575454869782374,2.6788499025341133,8700699.0,25824888.11848953,1.034718724,0.9312982728
2022-12-22 23:55:00,3.198148148148148,2.8269617706237424,8694250.1,26005344.60887719,0.6161950374,0.953666873
2022-12-23 23:55:00,3.138490566037736,2.9059069524307373,8443382.8,25101911.35114329,0.5279979931,0.9259090057
2022-12-24 23:55:00,3.349402390438247,3.087052341597796,8415672.9,24683168.6157,2.8768729752,0.9152504224
2022-12-25 23:55:00,3.5172558922558923,3.1830742659758204,8127009.6,24096583.464,3.7901266058,0.8917543048
2022-12-26 23:55:00,3.548853016142736,3.224168126094571,8160267.1,24525131.13499404,0.8915061644,0.8970843989
2022-12-27 23:55:00,2.8767787839586028,2.6775244299674266,9596996.5,29440762.68935939,2.2954684016,0.9110220142
2022-12-28 23:55:00,2.618669314796425,2.418689876316995,9395667.1,28109130.6687719,3.1990199925,0.8897929637
2022-12-29 23:55:00,3.080943025540275,2.7130115424973766,8709298.0,25936289.444,1.306284366,0.9679032916
2022-12-30 23:55:00,2.7753256150506513,2.455339805825243,8545086.7,25394693.43581698,1.1523669661,0.9497601121
2022-12-31 23:55:00,2.7431948424068766,2.5190615835777126,8402595.9,25263772.68401444,0.4057575951,0.9353444846
2023-01-01 23:55:00,2.322018890200708,2.253666954270923,9033456.4,28075982.4912,1.6263466089,0.954062311
2023-01-02 23:55:00,2.685924369747899,2.431297709923664,8839813.0,27801211.885,0.5748900263,0.9825493705
2023-01-03 23:55:00,2.158536585365854,2.094175960346964,9082609.7,28074346.5827,1.1103490796,0.9667070527
2023-01-04 23:55:00,2.18187256954831,1.8822124950258654,8791841.4,29558170.7868,2.1089643613,0.9519780708
2023-01-05 23:55:00,2.2278600693350143,2.0346283783783785,9062378.2,29792739.70207176,0.6191359806,0.9951514788
2023-01-06 23:55:00,2.292368681863231,2.1093888396811336,8722099.2,29116634.17762407,0.5575540785,0.9761138729
2023-01-07 23:55:00,2.5089693985226873,2.315714959886739,8441120.3,27864409.15467283,0.4319916088,0.985136525
2023-01-08 23:55:00,2.424334344455679,2.157754010695187,8740299.3,29989029.54388889,1.4743903215,0.9720563436
2023-01-09 23:55:00,1.7385691231845077,1.6349670811997075,7505926.7,28469979.9731,2.5174822541,1.0216302351
2023-01-10 23:55:00,2.036879000304785,1.8922640745240988,7224477.4,27156450.47864638,1.0351943797,1.0747757366
2023-01-11 23:55:00,2.1650390625,1.9026476578411404,7415209.4,27622680.01939536,0.7681861464,1.1444351756
2023-01-12 23:55:00,2.11525974025974,1.941938178780284,7452319.9,28726610.14204155,0.8822542946,1.141761287
2023-01-13 23:55:00,2.2387010378305994,1.9328327075511056,7530809.0,30266321.371,1.3041398273,1.1823551464
2023-01-14 23:55:00,1.8323161871548967,1.6846709775580069,9435518.6,45130085.4638,0.8931437716,1.2240356055
2023-01-15 23:55:00,1.9127086007702183,1.8340471092077089,10050473.6,47166872.6048,0.9185829831,1.1920868013
2023-01-16 23:55:00,2.344298245614035,2.1004473363155753,9349168.5,42716350.8765,0.7360727555,1.2644096138
2023-01-17 23:55:00,2.203686050206546,2.076345431789737,9874274.8,45727766.5988,0.4867247729,1.2987965013
2023-01-18 23:55:00,2.1355298913043477,1.9457397202204323,9557450.7,40805927.90585222,1.0843816765,1.334831053
2023-01-19 23:55:00,2.183031132398221,1.902085994040017,9231442.2,40677772.35064712,2.1984360703,1.2968855867
2023-01-20 23:55:00,2.140529531568228,2.0731153496821073,9396949.4,44666582.35464199,0.9795486601,1.3173517582
2023-01-21 23:55:00,1.977329974811083,1.9541011474713132,9258234.3,45703820.22810307,1.0523354028,1.3320386395
2023-01-22 23:55:00,2.2128279883381925,2.0717684377478194,10528100.1,57255406.42729018,1.5430881485,1.3067395608
2023-01-23 23:55:00,2.504567600487211,2.1663974151857834,10509424.5,57026891.96225569,0.8239801496,1.292661049
2023-01-24 23:55:00,2.729121278140886,2.452480296708391,10296117.6,51251595.85802192,1.2740258592,1.3212765722
2023-01-25 23:55:00,2.4728101595571474,2.148335440370839,9717369.7,53067622.51019827,0.5937790323,1.3046291695
2023-01-26 23:55:00,2.6959644322845415,2.4089301503094607,9501505.5,51745198.953,0.9715097575,1.3563177168
2023-01-27 23:55:00,3.0447928331466967,2.737324963785611,9413674.2,50671134.35858023,2.2032168289,1.3482587609
2023-01-28 23:55:00,3.019347903977069,2.5615070358601906,9552671.8,50414975.11818286,1.5086298848,1.3302918289
2023-01-29 23:55:00,2.984380423464075,2.4587357330992097,9765939.5,53732199.129,0.5986678231,1.3504274842
2023-01-30 23:55:00,2.6035149384885763,2.277071459886015,9329543.1,47606127.14766611,0.9664528217,1.3678628522
2023-01-31 23:55:00,2.790003729951511,2.4410232117479866,9311571.0,48838453.16350248,1.1633603559,1.362457403
2023-02-01 23:55:00,2.100544256659983,1.8586505842442518,10928811.3,62217722.7309,0.8602324401,1.3445032597
2023-02-02 23:55:00,2.8793162393162395,2.690179806362379,10900732.0,59659706.236,0.6207027127,1.4210748438
2023-02-03 23:55:00,2.7420289855072464,2.3898809523809526,10839579.9,61606715.50707834,1.6641628472,1.4453477934
2023-02-04 23:55:00,2.9666005291005293,2.6525198938992043,10738266.1,59318181.9364,1.4522366907,1.4785322429
2023-02-05 23:55:00,3.0484225972120322,2.712257453857075,9754503.4,51697283.01074254,0.5561336278,1.5148834757
2023-02-06 23:55:00,2.9771075581395348,2.64201601507301,9864149.8,50497522.4414819,1.0884884367,1.4892474053
2023-02-07 23:55:00,2.608842389470132,2.385720700493938,10480985.6,58224625.42824115,0.7102345729,1.4857469961
2023-02-08 23:55:00,2.7335274845285764,2.5620473201352003,9530511.4,51884104.0616,1.1394961003,1.5402053765
2023-02-09 23:55:00,2.656048540007584,2.395009416195857,7768637.0,37095241.675,1.1638756032,1.5678707542
2023-02-10 23:55:00,2.716520412056467,2.3541371158392437,7676050.8,37286442.16872815,1.2486804228,1.3161942369
2023-02-11 23:55:00,2.3658909981628904,2.2139515099957463,7902942.7,40376134.2543,0.5713984455,1.246789749
2023-02-12 23:55:00,2.6297161936560935,2.47420814479638,7775071.2,38121174.0936,1.0549816369,1.3440572099
2023-02-13 23:55:00,2.900378787878788,2.5844660194174756,7453059.3,36281492.6724,1.6472016123,1.396601604
2023-02-14 23:55:00,2.3750418200066914,2.1532153646957273,8184847.8,41603064.41241295,0.5327688129,1.5492103579
2023-02-15 23:55:00,2.3931362555215765,2.174880069777584,9316044.9,51089190.2316,0.6319721954,1.5578218439
2023-02-16 23:55:00,2.2312614259597807,2.289192652712516,10182039.7,54742656.33627863,0.7072678153,1.6259165439
2023-02-17 23:55:00,0.6531507994565785,0.7432693284567713,18823084.4,144466075.948872,0.9929082938,1.3040942954
2023-02-18 23:55:00,0.7653506040602814,0.9146930328811221,20453657.8,153837878.98875758,1.3248231743,1.4045245485
2023-02-19 23:55:00,0.9341976676004952,1.0674429329029282,20091131.6,168243136.0184,0.8581383757,1.4581907319
2023-02-20 23:55:00,1.4079760344504775,1.3815190245335685,18266368.0,157325093.62324223,1.1401250948,1.5881535088
2023-02-21 23:55:00,1.5126696832579185,1.6002134092121643,17890970.4,146419701.7536,1.1104754277,1.7465739024
2023-02-22 23:55:00,1.930584478689435,1.8470898397890894,17397881.5,140014485.62224084,0.9752406202,1.7575921573
2023-02-23 23:55:00,2.2474834627552487,2.0080879303193697,17537633.7,137996497.9101047,0.9526165193,1.7665943721
2023-02-24 23:55:00,3.0015125324114087,2.9959652389819986,15776726.9,108225999.58810635,0.8992954155,1.6781096977
2023-02-25 23:55:00,3.1257283729269387,2.8770136307311027,15905367.7,106668546.37235689,1.0575887977,1.5669219878
2023-02-26 23:55:00,2.8905263157894736,2.574334001718705,15105756.2,104300804.2602167,1.5179567507,1.5145984247
2023-02-27 23:55:00,3.257290686735654,2.9242185033154406,14362006.7,98394107.9017,0.5400632905,1.4945859161
2023-02-28 23:55:00,3.2367869615832365,2.8733128834355828,14728188.3,95096884.03214929,1.6578928587,1.5094312616
2023-03-01 23:55:00,2.834539996468303,2.3923956262425445,15529521.9,112348138.43363023,0.9789124963,1.356872943
2023-03-02 23:55:00,3.6012256014525645,3.101242800848742,15140479.3,104208796.44944917,0.756623264,1.4051539267
2023-03-03 23:55:00,3.329107505070994,2.9023347583031898,14094668.5,87994186.2896123,0.9910725144,1.3622518656
2023-03-04 23:55:00,3.171081950977965,2.9118520964014527,14181329.1,83753926.33556618,1.7347359374,1.3451347315
2023-03-05 23:55:00,2.767774598283073,2.4893934867045115,13499421.0,83037010.19214666,1.3181000524,1.3116740532
2023-03-06 23:55:00,3.2272055199605716,2.9145527369826434,13341492.6,81300967.02690361,0.7322518417,1.2858149048
2023-03-07 23:55:00,3.345027763755679,2.84805999347897,13597016.4,81201381.9408,2.0622366921,1.2723870338
2023-03-08 23:55:00,2.882838283828383,2.5961779448621556,13980584.8,80718777.08485208,0.8821609461,1.2908500029
2023-03-09 23:55:00,3.117150395778364,2.8384831460674156,12944261.1,71020429.26938273,0.9754969142,1.1978560448
2023-03-10 23:55:00,2.891649048625793,2.4411177644710578,11605708.9,61533468.5878,1.1132740056,1.2582642224
2023-03-11 23:55:00,2.8474323989084596,2.452471482889734,11980071.3,59409173.5767,1.2716438178,1.2280170422
2023-03-12 23:55:00,2.56497461928934,2.1593562638056167,12798736.2,72607176.96388268,1.0178070494,1.3537942595
2023-03-13 23:55:00,1.79521927,1.75560243,14194040.8,90358625.000964,1.07602183,1.63078003
2023-03-14 23:55:00,2.5415695415695416,2.503127171646977,13604078.4,91854737.3568,0.9316471636,1.6681443228
2023-03-15 23:55:00,3.8201244252096296,3.563768671007277,13998361.0,78453849.08041888,1.090267941,1.1893305634
2023-03-16 23:55:00,3.1624415456559194,2.724047306176084,12067690.9,70193731.82158503,0.8626663288,0.9738784221
2023-03-17 23:55:00,2.8225152129817443,2.3966014748316766,11643038.8,74405739.10900807,0.9715667349,1.0995430484
2023-03-18 23:55:00,2.9345614517459446,2.824179874677479,10343853.1,60750441.12837376,1.035086384,1.2368506437
2023-03-19 23:55:00,2.768769551616267,2.395826432593574,10048589.7,62678707.9988665,0.7138581602,1.2097029884
2023-03-20 23:55:00,3.014110269140319,2.823632538569425,9829320.9,56007470.4882,0.8965711749,1.2266116062
2023-03-21 23:55:00,3.105204252937885,2.674037089871612,9716067.4,57723482.39746127,1.3509479469,1.2573892789
2023-03-22 23:55:00,2.906190862395242,2.541121181604565,9010208.9,50934710.9117,0.9617514068,1.3743437272
2023-03-23 23:55:00,2.5585562847046948,2.2457956015523934,9130939.2,54192832.62157252,0.8543563385,1.4603090275
2023-03-24 23:55:00,3.48152634766808,3.052027543993879,9953640.3,55202889.1038,0.4750053823,1.8940300819
2023-03-25 23:55:00,3.564126109580655,3.1266846361185983,10220036.9,54953138.4113,1.3458844266,1.6081463112
2023-03-26 23:55:00,2.69347609561753,2.315537084398977,9801854.0,55782351.114,0.5432992115,1.6460350143
2023-03-27 23:55:00,3.5323182100683654,3.165341812400636,9819534.7,52514871.5756,0.7719505711,1.6282147542
2023-03-28 23:55:00,2.8205402514041187,2.5215877437325904,9553222.9,53166048.81031323,0.9203182497,1.7283971754
2023-03-29 23:55:00,3.1658305462653287,2.9252830188679244,9926275.8,57025047.81845638,0.561487279,2.178182996
2023-03-30 23:55:00,3.431013431013431,3.2515463917525773,9703949.3,53896121.79385606,2.3116920778,2.1056743577
2023-03-31 23:55:00,3.1680303915838692,2.843144701860995,9884784.6,56185115.6664,0.9005272779,2.1855979661
2023-04-01 23:55:00,3.034106412005457,2.8184448462929477,10094641.4,58103498.10608156,0.5250954284,2.212382741
2023-04-02 23:55:00,3.374557260920897,3.1235476374903177,10001350.6,55477491.7782,0.6708821278,2.1529720618
2023-04-03 23:55:00,2.9721048182586642,2.5697308633344984,9719723.2,54129138.5008,1.2257073721,2.2973077274
2023-04-04 23:55:00,3.223261250730567,2.879083740142696,9805073.9,55055489.9485,1.6288195759,2.3205075946
2023-04-05 23:55:00,3.795341614906832,3.268389662027833,10389425.2,58866483.1832,0.6057550247,2.2902223987
2023-04-06 23:55:00,3.814420444174019,3.5540875309661435,10230778.3,57220743.0319,1.7219720295,2.286897163
2023-04-07 23:55:00,2.286299661500089,2.402980877390326,11330145.3,65669590.59287761,1.194983961,1.9631636117
2023-04-08 23:55:00,2.844533389509164,2.735483870967742,11041728.7,63691800.6028192,0.8957656703,1.9177936195
2023-04-09 23:55:00,3.2960082944530846,2.9878091257401604,10941828.3,62882687.2401,0.6492199516,1.967006313
2023-04-10 23:55:00,1.920124142437112,1.848005664385178,13030201.8,80338446.70732188,0.6894834,1.8483443428
2023-04-11 23:55:00,2.654519250566193,2.4088103254769924,13225466.2,80767922.0834,1.0898898208,2.0534968536
2023-04-12 23:55:00,3.239522546419098,2.9912219101123596,11701536.0,69695813.56532256,0.7479285824,2.338074701
2023-04-13 23:55:00,2.9855689614383722,2.6492326965236455,11691393.1,71022106.09478368,0.8086227221,2.3402610126
2023-04-14 23:55:00,2.817848410757946,2.539453002200566,12335450.2,76886861.0966,0.9702905194,2.1899789935
2023-04-15 23:55:00,2.582040637972471,2.428322186682175,12780716.6,80748567.4788,0.7355823411,2.2036175997
2023-04-16 23:55:00,3.056649063850216,2.813769035532995,12189735.8,77380442.8584,2.1331659476,2.2999960153
2023-04-17 23:55:00,3.6816427783902976,3.4571428571428573,12723330.2,77805664.43461761,0.8094509036,2.2186975826
2023-04-18 23:55:00,3.142857142857143,2.757324840764331,12865190.1,80566941.0091636,1.0079372147,2.1677465388
2023-04-19 23:55:00,4.09428182437032,4.036122542295382,10744544.3,61186726.92174375,0.7725828621,2.6076635276
2023-04-20 23:55:00,4.463602941176471,4.196124763705104,11003824.3,61237222.83640117,1.4875500069,2.0853946974
2023-04-21 23:55:00,4.3017751479289945,4.00092464170134,10267239.6,53949147.02665927,1.4463348005,1.7621841994
2023-04-22 23:55:00,4.61503416856492,4.02386523163313,9632321.0,51272844.683,0.9852208489,1.5989987378
2023-04-23 23:55:00,3.962762356127285,3.460558751027116,9237872.4,48697851.19250049,0.7145634378,1.633525155
2023-04-24 23:55:00,4.2955861070911725,3.8041053101294064,9078668.6,47665237.51055432,0.8853864821,1.6640745127
2023-04-25 23:55:00,4.039195637355147,3.622013651877133,8844665.6,47310152.64597562,0.5885823312,1.7153449196
2023-04-26 23:55:00,4.183124539425203,3.7941309255079005,8924287.7,46820457.32859654,1.4065773711,1.7407679054
2023-04-27 23:55:00,2.7869028448738593,2.479027962716378,8510167.1,45869800.669,1.517178997,1.8063527469
2023-04-28 23:55:00,2.689344062423799,2.3843306600863663,8941455.1,49097529.9541,1.3229390449,1.7473397416
2023-04-29 23:55:00,2.4167341977309564,2.249446902654867,9960702.7,55441271.2282,1.3127891843,1.5617605608
2023-04-30 23:55:00,3.7276084949215145,3.3597346859149435,9264365.5,50368681.80115973,1.0274649105,1.6605531211
2023-05-01 23:55:00,3.9222994314592547,3.696160267111853,9119735.8,48307240.5326,0.9399073941,1.7043318229
2023-05-02 23:55:00,4.1855533465871435,3.938239159001314,9428976.8,49781503.03090815,0.9309577989,1.6277184197
2023-05-03 23:55:00,3.8548788067122435,3.6602141680395386,9213080.5,49188636.7895,0.6302506718,1.7003707094
2023-05-04 23:55:00,4.097815454841865,3.9334773218142547,9258979.9,48683716.3142,0.5415087748,1.7326165406
2023-05-05 23:55:00,3.5674660502744873,3.427623878267655,9345299.3,49193655.5152,1.0949657128,1.6863924545
2023-05-06 23:55:00,3.870721271393643,3.790016501650165,9399097.1,47452854.02407339,1.2217795137,1.6103802653
2023-05-07 23:55:00,3.777006638503319,3.504915454187967,9202854.1,46124476.51841832,0.5903721461,1.5964697322
2023-05-08 23:55:00,3.8487719298245615,3.597821350762527,8665633.0,39350639.453,1.6887250669,1.6299607549
2023-05-09 23:55:00,3.587685364281109,3.188388625592417,8364320.8,38042708.75114283,1.9422063066,1.460615914
2023-05-10 23:55:00,3.574848280512475,3.206003289473684,8228824.8,37915157.25893667,0.8692658228,1.4514146366
2023-05-11 23:55:00,3.733034791594902,3.452129902994517,8376843.8,36550241.59548236,1.3346248531,1.3464284986
2023-05-12 23:55:00,3.6320819112627984,3.26744671959883,7989652.7,35368724.40421637,1.0591386979,1.3667216584
2023-05-13 23:55:00,3.5263500325309045,3.1685884691848907,8095392.9,35433748.52262649,0.5919934162,1.3510656204
2023-05-14 23:55:00,3.4364747507237055,3.121140142517815,8104275.1,36039711.3697,1.038446586,1.3500129653
2023-05-15 23:55:00,3.0460815967126504,2.703230386936457,8291128.8,36987937.32527412,0.9740336685,1.3950655877
2023-05-16 23:55:00,3.320226392612452,2.9058312205722565,9069120.9,40096309.44329848,1.0152595211,1.4426156577
2023-05-17 23:55:00,2.91220556745182,2.5821042281219273,9293357.3,42279745.22069351,1.1595662886,1.4916088572
2023-05-18 23:55:00,3.56875,3.201767870868563,8830851.5,39352145.8063584,0.5545086841,1.3802721259
2023-05-19 23:55:00,3.0322933771209635,2.624667553191489,8639246.9,38781579.3341,0.6147479052,1.4422909623
2023-05-20 23:55:00,3.0501909438079653,2.5878728923476007,8724999.3,39323571.8451,5.463565971,1.4608930759
2023-05-21 23:55:00,4.296522050914306,3.9621549421193234,8580276.3,37542802.03330892,0.7799713302,1.480319206
2023-05-22 23:55:00,3.207834602829162,3.0442067736185385,8796215.2,38791309.032,0.251105,1.6026786632
2023-05-23 23:55:00,2.5994184746141804,2.3172135866436383,9431325.9,42619891.44029971,2.4300642075,1.5782630229
2023-05-24 23:55:00,2.6686202686202685,2.4113475177304964,8933865.4,39880775.1456,0.8271777404,1.5976673578
2023-05-25 23:55:00,2.727357609710551,2.676825396825397,9344841.7,41253051.0426098,0.8940306119,1.6778479373
2023-05-26 23:55:00,2.690453686200378,2.5408258304874263,9224147.5,40936766.605,0.92398924,1.5778016233
2023-05-27 23:55:00,2.6156665139715987,2.3562753036437245,9653928.6,43253553.79791884,0.4182971076,1.5811334072
2023-05-28 23:55:00,2.530523917995444,2.340782122905028,9499113.0,44284618.49399991,1.8081025807,1.6695626654
2023-05-29 23:55:00,2.490684624017957,2.316585783614045,9322002.0,43226123.274,1.2472278044,1.640124664
2023-05-30 23:55:00,1.9015389707099124,1.712964953773382,10573501.1,51085578.94748966,0.846571971,1.4272241571
2023-05-31 23:55:00,3.0528142821720805,2.684130829800121,9271367.6,43482714.044,0.7258887722,1.427670993
2023-06-01 23:55:00,2.6181384248210025,2.2547821466524973,9306716.0,43620577.892,0.9003350186,1.4220421119
2023-06-02 23:55:00,1.770332565031281,1.6066239316239317,9981101.2,49510057.36554232,0.3982542331,1.2421624089
2023-06-03 23:55:00,2.213461162199178,2.0349127182044886,9474699.9,45957928.92953653,0.979785403,1.3086731174
2023-06-04 23:55:00,4.0602517985611515,3.684328358208955,10475773.6,48679961.70018881,1.5395221356,1.2909999315
2023-06-05 23:55:00,3.8248551191242757,3.6261044176706827,8478335.4,35726178.1730444,0.6947344171,1.3787235755
2023-06-06 23:55:00,2.9257491381596394,2.618374558303887,8540634.2,37524651.99765059,0.5539033132,1.2431308487
2023-06-07 23:55:00,3.8633241758241756,3.689125799573561,8315732.5,34377238.155,0.8150270074,1.2306442045
2023-06-08 23:55:00,3.9047619047619047,3.5246710526315788,8695546.4,35547657.85389964,0.6242802035,1.1677545072
2023-06-09 23:55:00,3.389267714201008,3.0699426111908177,8895423.7,35886948.38060446,1.2519161106,1.0987341109
2023-06-10 23:55:00,2.013075780089153,1.7705442902881536,7328582.3,25510794.9863,0.4631905635,0.8092170722
2023-06-11 23:55:00,2.050442477876106,1.8636524196397033,7545034.7,25815917.64642398,1.8696048428,0.8264211801
2023-06-12 23:55:00,1.9254227890213473,1.7253076155636848,6653789.1,23434645.2102,0.9143027029,0.8844549593
2023-06-13 23:55:00,1.7064837905236907,1.5834623722514711,7003644.0,25563300.6,1.1597055037,0.8805650494
2023-06-14 23:55:00,2.126787416587226,1.8974358974358974,6299213.9,22500792.0508,2.3444175142,0.8651883915
2023-06-15 23:55:00,2.0472247776755594,1.8759177679882526,6165096.3,22526886.3025334,1.3153469931,1.0036333037
2023-06-16 23:55:00,2.0930521091811416,1.9226457399103138,6469158.2,23877662.9162,1.0954730381,1.0752430577
2023-06-17 23:55:00,2.325104200064123,2.055810397553517,6472232.7,23979622.1535,0.5695320771,1.0514298294
2023-06-18 23:55:00,2.281685575364668,2.076742364917776,6370843.2,23425590.4464,1.0453419645,1.077046
2023-06-19 23:55:00,2.178937558247903,1.969041402461768,6300716.5,23186636.72,0.5315922325,1.0221019188
2023-06-20 23:55:00,2.0095100864553315,1.864730878186969,6555672.3,24814090.18322472,0.8062964219,1.0824116787
2023-06-21 23:55:00,2.1952776005105297,2.028141865844256,6637342.0,26084754.06,1.0523206767,1.1355908599
2023-06-22 23:55:00,2.330983659083627,2.2718485702778897,6479372.3,25392660.0437,1.8401049355,1.2010304996
2023-06-23 23:55:00,2.5120724346076457,2.343228954859699,6642380.6,26805638.10683111,1.2316606129,1.2223866512
2023-06-24 23:55:00,2.8047186932849364,2.7108705457825892,6518279.6,25618907.33884826,2.8944622793,1.2787039889
2023-06-25 23:55:00,2.417725540025413,2.2136622390891842,7035742.8,29037729.26696781,1.0677231475,1.2164769583
2023-06-26 23:55:00,2.602744425385935,2.456882255389718,6933397.2,27449319.5148,1.0367676737,1.2542986981
2023-06-27 23:55:00,2.4560655737704917,2.3725409836065574,6755123.5,27198305.94098245,1.5976649046,1.2270574052
2023-06-28 23:55:00,2.5434782608695654,2.4609375,6447434.7,24274591.6455,0.9656031144,1.2319764268
2023-06-29 23:55:00,2.2304221720915245,2.0850565743269605,6242425.8,23929021.02881956,0.6992865966,1.1524236039
2023-06-30 23:55:00,2.3116263211728607,2.0810702875399363,6456557.7,25519935.38294989,0.6834228425,1.1563841527
2023-07-01 23:55:00,2.586782608695652,2.313272877164056,6956276.2,28548550.22070999,2.2910319465,1.1288175172
2023-07-02 23:55:00,2.6232782369146004,2.4172212978369383,6785854.6,27871231.02789315,0.889833393,1.1932437826
2023-07-03 23:55:00,1.3468336812804453,1.4156230099766505,13354851.6,63225056.21231654,1.2277950209,1.2351970546
2023-07-04 23:55:00,2.052486187845304,2.048714069591528,12298174.6,55869029.96690755,0.7017284431,1.2944513432
2023-07-05 23:55:00,2.100925328168711,2.0488153011704253,10125782.9,46596580.1738281,0.7826560359,1.1834986893
2023-07-06 23:55:00,2.648575305291723,2.432685867381112,8607151.6,37380358.37650537,0.98544964,1.2086595858
2023-07-07 23:55:00,2.5929129464285716,2.330575663564288,8108228.3,35657108.34503697,0.8610195238,1.1307088121
2023-07-08 23:55:00,2.6594641313742438,2.4070456923613532,8005931.3,34776561.71531042,0.965246412,1.1451024601
2023-07-09 23:55:00,2.524116657319125,2.346614950634697,7842254.2,33976719.01018927,1.2132438001,1.1598617258
2023-07-10 23:55:00,2.53270198,2.28002843,7349246.5,31704513.51343222,1.37885767,1.24034789
2023-07-11 23:55:00,2.27491499,2.22813036,7430570.0,31854853.59,1.26546313,1.30900451
2023-07-12 23:55:00,2.51309622,2.40510311,7400760.7,31320019.2824,1.20226543,1.27587338
2023-07-13 23:55:00,1.72999304,1.53902098,8574661.4,40159923.48278152,0.84365329,1.21278807
2023-07-14 23:55:00,2.40302572,2.6109736,7273661.5,32199884.98157648,0.46257961,1.23983942
2023-07-15 23:55:00,2.45098039,2.36230248,7317746.6,32410299.6914,0.74716053,1.24292019
2023-07-16 23:55:00,2.34926052,2.24149051,6981567.3,30369033.44572952,0.76466628,1.27108825
2023-07-17 23:55:00,2.54376499,2.4835717,7222057.3,31430393.3696,0.63148256,1.35802918
2023-07-18 23:55:00,2.44053896,2.40848806,6809810.8,29089417.65268089,0.64755617,1.32757137
2023-07-19 23:55:00,2.51484258,2.46272692,7088885.7,30204464.40871915,0.90011478,1.37420747
2023-07-20 23:55:00,2.13140145,1.97616778,8127857.8,35978854.82792928,0.69773701,1.34320871
2023-07-21 23:55:00,2.03089693,1.87687776,8120451.1,36290295.9659,0.79241485,1.34825155
2023-07-22 23:55:00,2.0804713,1.9768841,7739208.9,34362087.516,1.01760844,1.43310324
2023-07-23 23:55:00,2.22735001,1.9933695,8406294.0,38391544.698,1.04616157,1.42797415
2023-07-24 23:55:00,1.99952517,1.78156897,7477468.4,33775724.7628,0.62110057,1.34416026
2023-07-25 23:55:00,2.69492017,2.41838917,7789789.5,34275073.8,1.73280555,1.3555173
2023-07-26 23:55:00,2.26425662,2.02779533,7786186.1,33684260.93037628,0.61542794,1.21614422
2023-07-27 23:55:00,2.00540668,1.83323495,7725223.9,34138373.39350004,1.16394309,1.35186764
2023-07-28 23:55:00,2.11964108,1.91564039,7496546.3,32939824.4422,0.62064022,1.48484855
2023-07-29 23:55:00,2.3273872,2.16507098,7658780.9,33844152.7971,0.51742127,1.49054765
2023-07-30 23:55:00,2.29803609,2.08701216,7730990.5,33338107.65735821,3.30292116,1.48508127
2023-07-31 23:55:00,2.45818283,2.4132948,7568523.2,32219203.2624,0.73433411,1.37398914
2023-08-01 23:55:00,2.30223881,2.25388601,7388143.5,31621291.1207175,1.35545466,1.33861388
2023-08-02 23:55:00,1.99976619,2.02503912,7686450.7,32744279.982,1.85957613,1.42886372
2023-08-03 23:55:00,2.39275476,2.39382373,7910558.0,32477247.32454506,0.87269932,1.31434261
2023-08-04 23:55:00,2.35411795,2.28180898,7792449.2,31894494.5756,0.77640485,1.21595254
2023-08-05 23:55:00,2.05666588,1.9397843,7816866.4,32051669.73999278,1.102984,1.21861504
2023-08-06 23:55:00,1.98822171,1.95295537,7442223.4,30951937.41442398,2.65007219,1.2549001
2023-08-07 23:55:00,2.29360695,2.29955342,7351014.3,30168562.6872,0.32823935,1.27177078
2023-08-08 23:55:00,1.93283582,1.90823743,7420029.8,30736026.02128691,0.27888426,1.26292961
2023-08-09 23:55:00,2.10966634,2.15266427,7407522.2,30770847.2188,1.4174657,1.40527538
2023-08-10 23:55:00,2.16557576,2.18019169,7310148.0,30257542.06939632,5.75652259,1.37827648
2023-08-11 23:55:00,2.29384236,2.28853627,7696220.8,31623771.2672,7.7380021,1.37275199
2023-08-12 23:55:00,2.21471078,2.15213358,7799473.9,32181878.16316087,1.45966536,1.38034959
2023-08-13 23:55:00,2.33333333,2.2861244,7699255.0,31539908.4881718,0.935607,1.39330553
2023-08-14 23:55:00,2.56364117,2.52385892,7777528.2,31680280.98130826,0.62843378,1.42661973
2023-08-15 23:55:00,2.54555776,2.61298701,7754844.2,29864320.28610691,0.51429629,1.31534274
2023-08-16 23:55:00,2.58537313,2.64288484,7060916.2,26339336.19512413,0.3681364,1.28086149
2023-08-17 23:55:00,2.27263514,2.26190476,6143070.1,21113731.9337,1.21581273,1.24990123
2023-08-18 23:55:00,2.29017108,2.2562396,5891574.4,20620510.4,1.53894728,1.23199096
2023-08-19 23:55:00,2.49845626,2.29121102,5993826.6,21356004.1758,1.57074556,1.26531233
2023-08-20 23:55:00,2.29805014,2.06589428,5935821.2,21143688.99690761,0.8457105,1.29008546
2023-08-21 23:55:00,2.320625,2.15873016,6562682.7,22389060.73784844,0.20643695,1.31785714
2023-08-22 23:55:00,2.40957803,2.22069237,6400943.6,21721596.34575076,0.9306549,1.24710246
2023-08-23 23:55:00,2.22343655,2.04611474,6603812.9,22756494.38401767,0.64294972,1.38904279
2023-08-24 23:55:00,2.58358259,2.42345924,7386656.9,24346421.1424,1.36519529,1.40342979
2023-08-25 23:55:00,2.79972328,2.52377015,7541314.7,24402496.20512046,0.40633721,1.3492953
2023-08-26 23:55:00,2.68276762,2.38458544,7733380.7,25195754.52305123,3.00425247,1.36130879
2023-08-27 23:55:00,2.5203125,2.31424208,7591714.9,25136168.0339,0.5780684,1.41279166
2023-08-28 23:55:00,2.16253068,2.08321727,7992310.6,27077795.65966754,1.09612152,1.53061865
2023-08-29 23:55:00,2.25757103,2.16050324,7027950.8,24548632.1444,0.78921451,1.53963716
2023-08-30 23:55:00,2.52393443,2.50551696,7137450.6,24374393.799,1.90065467,1.60023477
2023-08-31 23:55:00,2.89148073,2.87248609,7543472.4,24227310.63821332,0.5298995,1.53809599
2023-09-01 23:55:00,2.64883795,2.52034429,7343014.9,23285212.86377017,1.73819901,1.41066939
2023-09-02 23:55:00,2.91968287,2.71505599,7447080.7,23718952.0295,1.89283232,1.34577283
2023-09-03 23:55:00,2.78242404,2.69271255,7450225.2,23594863.2084,0.34195272,1.36745379
2023-09-04 23:55:00,2.76292394,2.55918693,7269878.5,23081864.2375,2.29207332,1.28593589
2023-09-05 23:55:00,2.47503083,2.31125329,7177166.0,23232486.342,1.51161892,1.22531153
2023-09-06 23:55:00,2.79917184,2.66214498,7025330.6,22804223.1276,1.40873103,1.35675092
2023-09-07 23:55:00,2.7706177,2.69852632,7544563.7,24592007.47086424,0.94348262,1.41647598
2023-09-08 23:55:00,3.02257255,2.9763851,7489462.7,24159307.16132412,14.62221345,1.39463293
2023-09-09 23:55:00,3.02458177,2.90566854,7820822.2,25339463.928,20.78290291,1.41294112
2023-09-10 23:55:00,2.85946694,2.75998301,7899540.7,24575471.1177,0.91237955,1.41058925
2023-09-11 23:55:00,2.69120107,2.56496711,7679521.9,23199835.6599,1.53807561,1.30452757
2023-09-12 23:55:00,2.36204744,2.18514329,7015156.2,21654245.8894313,0.94124313,1.27444223
2023-09-13 23:55:00,2.42197062,2.26694277,7207394.4,22869062.4312,1.64505331,1.21191038
2023-09-14 23:55:00,2.69108386,2.49959612,7381349.5,23825381.0729159,0.79561007,1.24168549
2023-09-15 23:55:00,2.54239441,2.31989247,7403199.9,24906844.01734251,0.62334491,1.25682207
2023-09-16 23:55:00,2.55086313,2.56165473,7427159.0,24669333.1281247,2.17617181,1.36171378
2023-09-17 23:55:00,2.46430732,2.382263,7745058.2,25879589.95837732,1.09978092,1.28269328
2023-09-18 23:55:00,2.56859151,2.31905465,8010664.2,26648797.98323913,0.94354494,1.21061936
2023-09-19 23:55:00,2.41645022,2.17995127,8438492.6,28403966.0916,0.45236911,1.16268698
2023-09-20 23:55:00,2.49239197,2.3119469,7589828.5,25487277.85367975,0.65056303,1.32359868
2023-09-21 23:55:00,2.98455056,2.78376068,7387700.5,23721906.3055,0.31245735,1.29175105
2023-09-22 23:55:00,2.81878526,2.58454106,7405158.0,23877321.56382606,0.54426718,1.20721502
2023-09-23 23:55:00,2.58604651,2.45163776,7263687.1,23534755.44013121,1.09885889,1.19492518
2023-09-24 23:55:00,2.72211221,2.50137741,7141650.2,22917555.4918,1.16966643,1.19055301
2023-09-25 23:55:00,2.83762376,2.73380399,7577158.6,24320435.7366533,2.91816901,1.21379007
2023-09-26 23:55:00,2.83158585,2.80517313,7646232.3,24215862.44999592,1.14847212,1.23282365
2023-09-27 23:55:00,2.58594002,2.4438313,7020919.4,22545780.40519777,1.02225801,1.2147314
2023-09-28 23:55:00,2.65174779,2.41341654,7567440.6,25018084.39446277,1.5630393,1.25720902
2023-09-29 23:55:00,2.41259795,2.22543353,7894963.8,26345494.2006,3.63112834,1.48230353
2023-09-30 23:55:00,2.47604609,2.26088534,7749414.5,25983786.8185,0.66474393,1.45757936
2023-10-01 23:55:00,2.60258481,2.43317793,7747976.0,26834623.57684184,0.91352608,1.52042093
2023-10-02 23:55:00,2.44475655,2.3599847,7229272.8,24122632.70771995,1.89928286,1.50719979
2023-10-03 23:55:00,2.50140757,2.33133882,7484754.7,24714660.0194,1.08351625,1.35386428
2023-10-04 23:55:00,2.91161357,2.71162598,7514934.4,24866443.06089526,0.43648911,1.34567533
2023-10-05 23:55:00,2.83735144,2.59509449,7331562.8,23849152.95669528,1.14484634,1.27039901
2023-10-06 23:55:00,2.57368255,2.3906071,7421878.5,24752579.8485713,2.60013595,1.20659927
2023-10-07 23:55:00,2.34068298,2.12475697,8526075.1,29381287.83395433,1.26445171,1.17796444
2023-10-08 23:55:00,2.25368034,2.19865997,8239747.4,27957462.9282,2.1788641,1.2380553
2023-10-09 23:55:00,3.02496434,2.81164384,7321361.9,23601825.45033251,0.54610595,1.19930181
2023-10-10 23:55:00,2.93083475,2.65357873,7082168.2,22613363.0626,0.98959059,1.1414218
2023-10-11 23:55:00,2.38079667,2.25635439,7283619.3,23110361.30647288,0.42955318,1.11680222
2023-10-12 23:55:00,2.44311927,2.27851361,7585711.0,24319789.466,4.53617519,1.09380104
2023-10-13 23:55:00,2.68677877,2.44210526,7601768.3,24363667.4015,0.93535658,1.09466343
2023-10-14 23:55:00,2.41597633,2.24450846,7661172.6,24578530.72630654,0.24516385,1.06694181
2023-10-15 23:55:00,2.58019929,2.43564743,7606161.4,24484233.5466,0.79867434,1.08085545
2023-10-16 23:55:00,2.26326774,2.20794653,7459791.3,24236861.9337,0.25581194,1.15347504
2023-10-17 23:55:00,2.42820348,2.41242938,7102770.1,22785686.4808,1.61048231,1.1407452
2023-10-18 23:55:00,2.52482506,2.48619247,7064100.1,22407325.5172,6.92091086,1.09788278
2023-10-19 23:55:00,2.49489628,2.42750312,7201893.4,22995645.6262,1.58409958,1.02560807
2023-10-20 23:55:00,2.32482093,2.17708333,7719933.5,24769204.14089429,1.03666336,1.10615688
2023-10-21 23:55:00,2.19231863,2.0471597,7639978.7,25509888.8793,0.63246448,1.1189947
2023-10-22 23:55:00,2.36025218,2.11980889,7966259.8,27155502.1559949,0.97265976,1.17591281
2023-10-23 23:55:00,1.88157579,1.69235493,8503639.9,32767865.95496231,0.97102161,1.1743107
2023-10-24 23:55:00,2.0,1.84476784,9089208.7,34829847.7384,1.37852216,1.34806291
2023-10-25 23:55:00,2.2311226,2.01480385,8901388.3,33530415.27228484,2.27047855,1.41106024
2023-10-26 23:55:00,2.27594797,2.06909361,8546208.7,31928635.7032,0.89090558,1.39264129
2023-10-27 23:55:00,2.70760599,2.54610526,8220906.3,29533352.43220877,0.7434447,1.42211111
2023-10-28 23:55:00,2.20902673,2.16177577,8561320.2,32031185.98709079,1.23204288,1.31800345
2023-10-29 23:55:00,2.47537012,2.09107336,9175234.5,34801664.4585,1.3664358,1.39557826
2023-10-30 23:55:00,2.43554102,2.03580291,9355720.9,36105336.79199527,0.43168362,1.4246374
2023-10-31 23:55:00,2.44453853,2.07340465,8956310.9,34284758.1252,1.43757048,1.58174252
2023-11-01 23:55:00,2.32748201,2.04893778,9310679.0,36665453.902,0.58965639,1.66146671
2023-11-02 23:55:00,2.2786757,1.99184397,10139633.7,41500699.01818495,1.20465687,1.57041916
2023-11-03 23:55:00,2.80733393,2.38418079,9763248.9,38359804.9281,0.72950207,1.63152869
2023-11-04 23:55:00,2.81510058,2.20819241,9823200.4,39307965.08506545,0.92594031,1.62619887
2023-11-05 23:55:00,2.48789414,2.1334608,9398984.3,38723815.316,1.19978625,1.65463439
2023-11-06 23:55:00,2.30289234,2.08650647,8934763.7,38698447.69332288,0.56934855,1.54730602
2023-11-07 23:55:00,2.37528935,2.30226904,8607890.1,36500830.81320733,2.35346438,1.75113691
2023-11-08 23:55:00,2.30653686,2.11442598,9055859.1,40289517.1359,0.74922136,1.70279131
2023-11-09 23:55:00,2.01300025,2.08466819,8192217.2,36799439.6624,0.80253937,1.79559941
2023-11-10 23:55:00,2.62346477,2.47511111,8602780.8,39435147.1872,1.08296933,1.92947665
2023-11-11 23:55:00,2.3957907,2.43381113,9211367.9,43560558.7991,1.02141825,1.96943223
2023-11-12 23:55:00,2.26896368,2.24510932,9846311.5,50560809.5525,1.47102799,1.81889124
2023-11-13 23:55:00,2.56144125,2.72018349,11287744.8,56861924.01516415,0.7734878,2.0920958
2023-11-14 23:55:00,2.94899818,2.78016316,10663440.1,51084740.96241396,0.92745567,2.02913831
2023-11-15 23:55:00,2.21967551,2.06176901,11605724.1,60547062.6297,0.79966283,1.90399464
2023-11-16 23:55:00,2.81491546,2.68731438,11625572.3,56453779.0888,1.05551258,2.19127596
2023-11-17 23:55:00,2.51492117,2.39103068,11444974.7,54031725.5587,1.06710803,1.95668009
2023-11-18 23:55:00,2.18944966,2.1191766,11496640.4,54205869.55183812,2.04487733,1.90655916
2023-11-19 23:55:00,2.206643,1.97952917,11327366.4,55378983.23882803,1.00638063,1.96432091
2023-11-20 23:55:00,2.45915875,2.33295368,10829583.6,50732332.20176576,0.97010084,2.06508422
2023-11-21 23:55:00,2.61987952,2.5228866,9765668.6,41275688.87011256,0.67863637,2.03835542
2023-11-22 23:55:00,2.32535508,1.98952148,9503375.5,42499095.236,0.83954988,1.60330219
2023-11-23 23:55:00,2.44777328,2.22834937,9485799.2,42567292.17192555,0.941779,1.61186875
2023-11-24 23:55:00,2.42040388,2.19963168,9785281.7,45386959.8719289,0.95168776,1.58343475
2023-11-25 23:55:00,2.08140064,2.09568875,10064130.4,48138950.01317061,0.77932093,1.62187709
2023-11-26 23:55:00,2.55938697,2.52804878,9799067.5,45095308.635,0.51996844,1.98717478
2023-11-27 23:55:00,2.73329526,2.49899558,10328306.4,46880668.28328387,0.87362732,1.67700437
2023-11-28 23:55:00,2.77864427,2.54728033,10091897.6,45706204.2304,0.76815885,1.77370965
2023-11-29 23:55:00,3.02554427,2.64032922,10259681.6,45439384.74832221,0.44417185,1.72643811
2023-11-30 23:55:00,3.08828523,2.61906615,10408464.9,45673400.3363027,0.82030538,1.73531538
2023-12-01 23:55:00,2.88513693,2.49925373,11003117.6,49525032.3176,0.9609572,1.66128548
2023-12-02 23:55:00,2.59916132,2.29813665,11520917.4,53791163.3406,0.37531256,1.78162659
2023-12-03 23:55:00,2.84735864,2.55658627,11926563.1,54587879.3087,0.85762799,2.23298279
2023-12-04 23:55:00,2.89865872,2.73865083,12043358.1,56989170.5292,0.78822927,2.22298193
2023-12-05 23:55:00,2.84210526,2.70490441,11915058.7,57054459.08451123,1.38122407,2.41769871
2023-12-06 23:55:00,3.10716383,2.96160483,12035283.2,56977395.84265447,1.34945465,2.48712193
2023-12-07 23:55:00,2.98294297,2.6794964,11812287.9,59545743.3039,0.78722563,2.06859239
2023-12-08 23:55:00,2.7763522,2.52128427,11887850.9,62209123.7597,1.00141514,2.36626565
2023-12-09 23:55:00,3.07562553,2.85714286,11692756.5,59960455.332,1.1270946,2.59319785
2023-12-10 23:55:00,3.02732095,2.66028003,12067937.9,62137812.2471,1.77087892,2.32732621
2023-12-11 23:55:00,3.16092637,2.96415015,10828339.8,49939078.36408522,1.0019572,2.42960396
2023-12-12 23:55:00,3.1345617,2.59776952,11065588.3,51465452.09234944,1.40021357,1.62801149
2023-12-13 23:55:00,3.07265559,2.58507463,10915082.8,51530568.58915989,0.75792791,1.6997234
2023-12-14 23:55:00,2.91648649,2.52469813,11313721.1,55265726.88164973,2.00852638,1.67246906
2023-12-15 23:55:00,3.15564738,2.77702192,11298688.1,54088285.03558593,0.63693267,1.74002723
2023-12-16 23:55:00,2.84193677,2.77698511,14161886.5,80432159.2112953,1.16622017,1.67785606
2023-12-17 23:55:00,4.35324604,4.40451745,13452156.8,71044209.01894899,0.74725809,1.7972901
2023-12-18 23:55:00,4.12780656,3.46904025,12977218.3,68688416.4619,0.78289359,1.7962913
2023-12-19 23:55:00,4.33535476,3.77764228,12847452.4,65637634.3116,1.9598554,1.83461498
2023-12-20 23:55:00,3.83290043,3.22222222,11925891.4,63541149.3792,1.43492973,1.90631529
2023-12-21 23:55:00,3.62357314,3.2814983,12618444.2,69482134.1389413,1.42142002,2.02994376
2023-12-22 23:55:00,3.92845212,3.61904762,13268618.5,73481609.253,0.84471851,2.1761518
2023-12-23 23:55:00,3.53390049,3.11298838,13189143.8,74228501.3064,0.66928049,2.57398403
2023-12-24 23:55:00,3.55380238,3.25567547,13126423.8,74129457.86008446,0.99672594,2.79916041
2023-12-25 23:55:00,3.69027013,3.2945966,13213213.4,76784392.36473136,1.29228037,2.69313433
2023-12-26 23:55:00,3.81434953,3.51760563,13223254.6,76377518.5696,0.87882146,2.97199844
2023-12-27 23:55:00,3.78335373,3.51272727,14042404.0,83397837.356,1.0302454,2.85313692
2023-12-28 23:55:00,3.55393457,3.42988506,14063873.9,87941403.4967,0.70932493,2.90056909
2023-12-29 23:55:00,4.56477677,4.2821609,13499031.6,78375377.4696,1.43082385,2.99308377
2023-12-30 23:55:00,3.64825581,3.42654341,13361561.0,80436597.22,0.64195169,3.17231372
2023-12-31 23:55:00,3.38752363,3.4312153,15419374.4,106578715.8528,0.91034719,2.46333729
2024-01-01 23:55:00,3.34808917,3.50139353,17008258.9,129749887.57654779,0.92684512,2.55860746
2024-01-02 23:55:00,4.26543334,4.41164523,17416773.3,125017598.7474,0.9220342,3.04446462
2024-01-03 23:55:00,4.64398364,4.35324015,13205260.3,82998952.97186822,0.96220858,3.54582516
2024-01-04 23:55:00,4.29198376,3.7544368,13147733.7,85555624.9608193,1.09250612,2.66167765
2024-01-05 23:55:00,4.48503158,3.70464441,12922754.1,79307944.45896308,1.97296698,2.7890579
2024-01-06 23:55:00,4.44228665,3.62355908,12011171.0,70943823.08415452,0.85740978,2.94940988
2024-01-07 23:55:00,4.04605427,3.33528455,11427607.3,64041702.04900841,0.93883166,2.93951846
2024-01-08 23:55:00,3.12540056,2.56055461,11458095.8,67222911.58418152,1.02282505,2.47585902
2024-01-09 23:55:00,3.38991155,2.87453988,11266821.7,61695590.77755112,1.14364701,2.64559465
2024-01-10 23:55:00,3.6263354,3.12619126,11610798.7,68886631.01405062,1.13921346,2.73695868
2024-01-11 23:55:00,3.20973269,2.98749599,11970215.4,77455632.32945195,1.19741609,2.6794633
2024-01-12 23:55:00,4.04257642,3.66324661,11487881.4,68731994.4162,1.56053266,2.74017552
2024-01-13 23:55:00,4.36039226,3.73541138,11510348.9,69491527.59724611,0.87903412,2.64644815
2024-01-14 23:55:00,4.68112738,3.96764706,11874952.0,68957846.264,0.6260954,2.58554942
2024-01-15 23:55:00,4.23656974,3.33884298,11772967.7,69884536.64311026,1.444764,2.71742011
2024-01-16 23:55:00,4.49520468,3.53571429,12547678.6,73466658.203,1.64039117,2.386304
2024-01-17 23:55:00,4.39730565,3.55505685,12389968.4,71861078.15398368,0.82506865,2.45383614
2024-01-18 23:55:00,3.659496,3.2943761,11983961.2,67200523.57182698,1.40305795,2.36140794
2024-01-19 23:55:00,3.43705413,2.98892675,11534743.9,63073506.72994492,3.03582137,2.45315027
2024-01-20 23:55:00,3.58110517,2.97693195,11772834.2,64809452.271,0.63261515,2.57527729
2024-01-21 23:55:00,3.33986656,2.98562805,12189794.6,65664481.55402228,0.99458295,2.58717961
2024-01-22 23:55:00,4.27061204,3.41017386,12299435.0,62010633.48622185,1.17636949,2.4102702
2024-01-23 23:55:00,3.66674705,2.99939339,11390782.2,55723706.5224,1.14289688,2.1122667
2024-01-24 23:55:00,3.03994145,2.66769576,11353493.2,56893657.01147483,1.43763546,2.06542693
2024-01-25 23:55:00,2.76420728,2.71753339,11359598.7,56468565.1377,0.66963849,2.26807599
2024-01-26 23:55:00,2.78005573,2.64670659,11328106.5,58600294.9245,0.6988446,2.44476831
2024-01-27 23:55:00,2.98573496,2.75962091,11372851.1,60594550.6608,0.69729636,2.38441781
2024-01-28 23:55:00,3.59600286,3.06801872,11278559.2,58569123.24992843,1.02427912,2.47549527
2024-01-29 23:55:00,3.75794621,3.22211382,11496255.8,61286539.6698,0.78599966,2.45632404
2024-01-30 23:55:00,3.35691318,3.16076465,11234681.7,57858907.35059688,1.31675584,2.55671774
2024-01-31 23:55:00,3.84650167,3.55857094,11696461.1,58003717.89223297,0.96935077,2.57014246
2024-02-01 23:55:00,4.28742204,3.45980157,11878501.1,59051664.8585017,1.40113179,2.43282276
2024-02-02 23:55:00,4.05882353,3.39133425,12158347.7,61351022.4942,0.71648323,2.37158864
2024-02-03 23:55:00,4.16756757,3.41617357,12578404.5,63645625.02754985,0.72790776,2.12109505
2024-02-04 23:55:00,4.35271712,3.48436975,12561933.6,61977793.64305018,0.64250252,1.98780502
2024-02-05 23:55:00,3.909764,3.12605042,12534377.5,62629021.05704398,0.6636912,1.95615859
2024-02-06 23:55:00,3.37463127,3.02748282,12628851.7,64038459.62552906,1.59353298,2.06354548
2024-02-07 23:55:00,3.32391023,2.99204835,12678531.4,65732799.08850534,1.45083301,2.26086182
2024-02-08 23:55:00,3.70926443,3.18366678,12468663.6,65134872.97940397,0.50853577,2.4756761
2024-02-09 23:55:00,3.2693133,2.97087676,12844182.9,70355183.99488145,0.4160302,2.34887869
2024-02-10 23:55:00,3.54998872,3.37934459,12697763.2,67994267.19418858,0.88178196,2.47606987
2024-02-11 23:55:00,4.27822785,3.87184116,12727091.9,67568130.8971,1.46045196,2.52114697
2024-02-12 23:55:00,3.73574238,3.40529248,13032446.1,71198247.92082453,1.41113976,2.41919606
2024-02-13 23:55:00,3.74579933,3.74493181,13120150.7,72068987.7951,0.81056683,2.64169886
2024-02-14 23:55:00,3.8040105,3.52347826,12970608.0,72485246.79501168,0.35680854,2.5662984
2024-02-15 23:55:00,3.75160494,3.71390878,12456138.8,73055254.062,0.95522142,2.84183817
2024-02-16 13:30:00,3.44619666,3.56990826,12676420.8,74852325.58514601,0.48348606,2.83589689
2024-02-17 23:55:00,2.68931535,2.65414966,14442582.6,89472932.80530827,0.73766938,2.49296618
2024-02-18 23:55:00,3.4767184,3.088261,14599260.3,91639556.9031,1.13608504,2.34423437
2024-02-19 23:55:00,2.44065346,2.50560429,15046370.0,111734343.62,1.61937186,2.45102862
2024-02-20 23:55:00,2.19178781,2.56036556,14886965.0,115090108.4443333,1.0675819,2.79478981
2024-02-21 23:55:00,2.97979798,3.55530691,14549352.4,105279113.9664,0.8814341,2.81712879
2024-02-22 23:55:00,2.36749339,2.71148856,16418851.7,132660017.69821537,0.84448899,2.82617353
2024-02-23 23:55:00,3.00837776,3.34225941,15467924.1,124021815.4338,0.99209131,3.39092311
2024-02-24 23:55:00,2.89980074,2.68700205,15454686.0,125289142.96566252,1.11288992,3.03491681
2024-02-25 23:55:00,3.15013169,2.87385949,15977802.7,129654660.94570993,0.44068519,2.94264322
2024-02-26 23:55:00,3.3141791,2.86709996,16052975.4,130799643.5592,1.0513584,2.53820399
2024-02-27 23:55:00,3.90457161,3.26636835,16324708.9,125134691.9286071,1.69843968,2.39124904
2024-02-28 23:55:00,3.13078096,2.70261905,14512426.1,111716656.1178,0.65745304,2.28180113
2024-02-29 23:55:00,3.76286561,3.68001152,13853709.8,112787017.79891574,1.22244561,3.44556218
2024-03-01 23:55:00,4.36725168,3.86398413,14320914.8,117861128.804,1.02947013,2.54066124
2024-03-02 23:55:00,3.0761708,2.73667513,15176652.0,141593410.5914262,0.56567615,2.83062029
2024-03-03 23:55:00,3.33708666,3.6182562,15587684.3,163514808.307,0.76368735,3.48139593
2024-03-04 23:55:00,5.06762335,4.93088903,14849616.0,148874087.62757328,1.126893,3.274284
2024-03-05 23:55:00,3.71761658,3.26727749,12563556.3,111623377.65057142,0.807474,2.814038
2024-03-06 23:55:00,3.01423547,2.59476813,13532302.9,136243225.5972,0.730423,2.599599
2024-03-07 23:55:00,4.18661838,3.93887101,14333271.2,142405969.98400295,1.178617,2.916488
2024-03-08 23:55:00,3.4373217,3.83915663,16566482.9,190017238.30155587,1.906857,3.864695
2024-03-09 23:55:00,4.95340075,5.03188029,16020830.7,177366616.6797,0.601786,4.833578
2024-03-10 23:55:00,5.15014638,4.64251819,15988050.2,170960220.7886,1.613922,4.606495
2024-03-11 23:55:00,4.40312563,4.05837804,15797779.8,176889237.26023605,1.776381,4.28097
2024-03-12 23:55:00,3.64060425,3.29931165,15320354.7,167258004.38448524,0.747418,4.800264
2024-03-13 23:55:00,4.68610759,3.85211268,16010759.0,170290432.724,0.715497,4.180223
2024-03-14 23:55:00,4.19271728,4.26715116,15359320.9,161530760.43475786,0.603609,5.217531
2024-03-15 23:55:00,4.05324631,4.12022161,14369099.2,140487231.63429844,0.708815,4.762693
2024-03-16 23:55:00,4.40520517,4.3177624,14656806.2,129622079.00601952,1.541327,5.181766
2024-03-17 23:55:00,3.34810846,2.76919758,14972344.7,137467474.6100953,1.244423,4.597463
2024-03-18 23:55:00,3.20984978,2.78339735,14802689.2,131433077.4068,0.706181,4.135709
2024-03-19 23:55:00,3.9010581,3.50203978,14499587.7,116054699.9508,0.824103,4.862788
2024-03-20 23:55:00,3.56374675,3.04302081,14579985.0,126029390.34,1.674527,4.138468
2024-03-21 23:55:00,3.10576923,2.92252042,15864984.9,143260813.647,0.481005,3.948269
2024-03-22 23:55:00,4.17394636,3.8096,15373676.9,134207183.67491138,0.927761,4.325828
2024-03-23 23:55:00,4.17624521,4.02326987,15404219.6,132976669.83291245,0.945529,4.23276
2024-03-24 23:55:00,4.52863627,4.24217054,14655337.2,130736958.3826614,1.770035,4.72651
2024-03-25 23:55:00,3.85036189,3.66201826,14518846.7,136219762.47740984,1.613106,4.678371
2024-03-26 23:55:00,4.79562189,5.58528785,14718413.5,139044852.3345,1.463362,4.238827
2024-03-27 23:55:00,5.10387663,4.55641184,14479377.5,132201433.52180818,0.744517,4.301452
2024-03-28 23:55:00,4.36182495,4.04833239,14666487.0,136513164.17325312,1.598744,4.388268
2024-03-29 23:55:00,5.39575608,5.81866012,14962004.7,144515115.88001296,0.52192,4.15787
2024-03-30 23:55:00,5.50458142,5.47039474,15050084.7,142185339.8873629,0.806308,4.034927
2024-03-31 23:55:00,3.88294088,3.18665132,15009547.1,149675203.6812,1.234777,3.797576
2024-04-01 23:55:00,3.9447533,3.38124125,14177042.9,133021648.80010562,0.678907,4.357086
2024-04-02 23:55:00,4.08799154,3.66009141,13595121.9,116673336.1458,0.663426,3.877176
2024-04-03 23:55:00,3.77688844,3.25145414,13796211.3,116260672.6251,0.725233,3.466997
2024-04-04 20:25:00,3.51980754,2.96453161,13546923.5,115758368.10466632,1.813182,3.484357
2024-04-05 13:25:00,3.62343499,3.049784,13747613.1,113857731.6942,0.675277,3.128815
2024-04-06 23:45:00,2.78572387,2.28635656,13947576.0,120044317.63209648,1.218462,3.443177
2024-04-07 08:10:00,3.03028477,2.63824554,13911624.7,121225897.6358,1.521439,3.4381
2024-04-08 23:55:00,3.81063379,3.96213269,14211235.6,132377659.614,0.860192,3.983136
2024-04-09 18:55:00,5.4025329,5.74009996,14378683.4,125365950.13094303,0.856989,4.444561
2024-04-10 07:10:00,4.80876761,4.81970995,14044879.1,120828094.8973,0.941832,4.487447
2024-04-11 22:15:00,4.04329387,3.41619318,13281495.9,106969302.78578338,1.218066,3.258761
2024-04-12 15:45:00,4.65261483,4.19832168,12587161.3,98494537.1725,0.890443,3.419797
2024-04-13 06:05:00,2.07899331,1.68198824,11346858.8,75178156.15486471,0.883612,1.958805
2024-04-14 22:35:00,1.68047337,1.3441582,9216804.9,56525360.45814275,0.835202,2.014028
2024-04-15 03:35:00,1.67867868,1.32974718,9152306.2,55691603.47570624,0.932831,1.998607
2024-04-16 10:40:00,2.11143345,1.77068215,8785892.3,51573187.801,0.885348,2.116372
2024-04-17 00:30:00,2.00195918,1.69433198,8719793.2,52309328.91805007,0.798086,2.079375
2024-04-18 06:25:00,2.18733289,1.8030303,8877556.4,51605235.3532,1.517304,2.019792
2024-04-19 02:05:00,1.982108,1.60589282,8924065.0,50626220.745,0.865938,1.903514
2024-04-20 23:50:00,2.67760459,2.65077964,8875124.3,58940663.78229152,1.216023,2.07081
2024-04-21 20:30:00,2.5237126,2.33474816,8845978.1,56897331.1392,1.35383,2.052762
2024-04-22 06:40:00,2.69186642,2.53885423,9063210.5,60642715.4536767,0.673751,2.003399
2024-04-23 21:55:00,3.08338638,3.03257432,9779764.9,62802708.14112514,1.365561,1.944496
2024-04-24 09:25:00,3.44423715,3.16993865,10021425.7,64608504.58557881,0.763688,1.970669
2024-04-25 03:20:00,4.14392349,3.91987726,9728547.1,58237258.14644609,1.052021,2.053272
2024-04-26 21:30:00,2.72003978,2.35983644,9639292.9,58182771.9444,1.224208,1.909107
2024-04-27 19:40:00,2.98697487,2.50343195,9747240.3,57469728.8088,0.801553,1.884205
2024-04-28 23:20:00,2.81692879,2.50933908,9693997.5,57319799.22280838,1.305323,2.062146
2024-04-29 02:35:00,2.92520623,2.49214286,9699368.8,57148680.9696,0.564704,2.04665
2024-04-30 23:00:00,2.42040882,1.98364437,9715084.7,54421534.0087332,0.960865,1.852342
2024-05-01 23:55:00,2.36448437,1.88354375,9625967.8,54983528.0736,0.805541,1.84236
2024-05-02 23:55:00,2.77561076,2.48201028,9751475.2,57796993.5104,0.436281,2.0143
2024-05-03 23:55:00,2.81897959,2.66587888,10030160.4,60612486.58063466,0.344672,2.018498
2024-05-04 23:55:00,2.92957456,2.86118806,10099559.0,61142730.186,0.495253,2.052207
2024-05-05 23:55:00,3.04324918,2.83451902,10119612.0,62265972.636,1.838652,2.209338
2024-05-06 23:55:00,3.14140501,2.86451815,10206832.7,61497314.67376879,1.098143,2.262545
2024-05-07 23:55:00,3.53539502,3.40098661,10584317.3,61076229.73302503,0.79708,2.088868
2024-05-08 23:55:00,3.30831043,3.13706975,10359544.1,59070120.4582,1.362225,2.014477
2024-05-09 23:20:00,2.48379791,2.19122933,10385388.9,61294565.2878,0.521956,2.062115
2024-05-10 23:55:00,2.5475698,2.22379079,10513718.3,59086764.29709017,1.324774,1.994781
2024-05-11 23:55:00,2.50615436,2.02474931,10720620.5,60110519.1435,1.650724,1.890922
2024-05-12 23:55:00,2.48474409,1.95506316,10682932.0,59856467.996,0.739339,1.884422
2024-05-13 23:55:00,2.73472612,2.18453585,10239331.2,57350494.0512,2.395734,1.989845
2024-05-14 23:55:00,2.66268605,2.09086889,10567527.4,56500554.08711492,0.873897,1.941395
2024-05-15 23:55:00,2.50755343,2.09642147,10337069.5,59779272.9185,1.210243,2.136476
2024-05-16 23:55:00,3.22130395,3.0118499,10732787.6,61713528.7,0.838127,2.51023
2024-05-17 23:55:00,2.87418963,2.72103521,11134137.8,65469520.56510104,0.36013,2.670023
2024-05-18 23:55:00,3.47480531,3.56306798,11393977.1,66639391.34412057,2.532689,2.833057
2024-05-19 23:55:00,4.31071621,4.19544365,11796383.5,65458132.0415,0.543163,2.552413
2024-05-20 23:55:00,3.2899435,3.17407407,12321725.1,76039156.80127779,1.354051,2.484121
2024-05-21 23:55:00,3.61406844,3.54318265,12612221.8,78694919.09852338,1.059276,2.558306
2024-05-22 23:55:00,3.98818695,3.9161562,12642326.1,77383678.0581,0.525753,2.883194
2024-05-23 23:55:00,3.02811324,2.68690444,12143448.9,70402514.9544292,1.248474,2.876916
2024-05-24 23:55:00,2.82745592,2.33293839,12540216.1,73034218.5664,1.368067,2.864771
2024-05-25 23:55:00,2.63568139,2.12565905,12584578.4,75616416.98289555,0.740206,2.791494
2024-05-26 23:55:00,3.02333966,2.47002221,12664879.2,74186810.60544634,0.698755,2.973417
2024-05-27 23:55:00,3.32706844,2.97328787,13120539.5,80284581.2005,0.637468,3.065238
2024-05-28 23:55:00,2.86570358,2.36697033,13326511.5,79222111.04833838,0.659005,2.988635
2024-05-29 23:55:00,3.96573071,3.40209268,13617252.6,78816658.0488,2.110365,2.754218
2024-05-30 23:55:00,3.78579431,3.3490977,13445013.2,78139541.63677731,0.423476,2.842745
2024-05-31 23:55:00,4.09827784,3.66262692,13651132.7,78310432.31942774,0.356618,2.788303
2024-06-01 23:55:00,3.74145121,3.39920465,13683318.7,79363248.46,0.76388,2.834734
2024-06-02 23:55:00,3.091478,2.51099707,13568350.3,78842510.49889885,0.731589,2.891592
2024-06-03 23:55:00,3.26525346,2.59705521,13607951.2,78790037.448,1.049223,2.973475
2024-06-04 23:55:00,3.14340309,2.98196448,14167142.7,84507006.2055,0.628935,3.255214
2024-06-05 23:55:00,3.82114666,3.9357513,14371110.8,87376353.664,1.064476,3.379336
2024-06-06 23:55:00,4.51170161,4.65975104,14512591.4,86501884.52832682,1.219517,3.704932
2024-06-07 23:55:00,4.24512279,4.58849558,15048733.6,92070731.06627703,0.922341,3.093461
2024-06-08 23:55:00,4.52519194,4.70831643,14534666.5,87998278.90436466,0.61971,2.826698
2024-06-09 23:55:00,4.92269202,4.64415482,14746491.3,90363829.71893962,0.45669,2.586152
2024-06-10 23:55:00,4.22241454,3.8371476,14391105.6,83379116.67712939,0.855097,2.514723
2024-06-11 23:55:00,3.96068951,3.55283816,13634572.8,73394905.3824,0.48779,2.366527
2024-06-12 23:55:00,2.7156598,2.11809101,13747250.7,77715954.90778986,0.534416,1.950418
2024-06-13 23:55:00,3.45323741,3.05674157,14282689.7,76883718.6551,1.384287,1.968382
2024-06-14 23:55:00,2.38751239,1.85132159,14302744.5,72806979.8042938,0.855515,1.86664
2024-06-15 23:55:00,2.85255869,2.46907093,14367407.6,75098439.5252,0.916432,1.866131
2024-06-16 23:55:00,2.99871583,2.69572066,13984480.1,73278675.724,2.735983,1.923773
2024-06-17 23:55:00,2.67338983,2.57553427,14020072.8,69071800.426327,1.085199,2.203025
2024-06-18 23:55:00,2.01654572,1.74280815,12459314.1,54184299.62692103,1.898299,1.827742
2024-06-19 23:55:00,2.09278951,1.69720965,12353949.8,54848575.87023294,2.036379,1.878805
2024-06-20 23:55:00,2.25215272,1.94257045,11952725.7,52675662.1599,4.336217,2.065689
2024-06-21 23:55:00,2.53356282,2.43490235,11867971.7,52195339.5366,0.922592,2.203606
2024-06-22 23:55:00,2.41910786,2.07123776,12125210.3,53072045.4831,0.740186,2.211182
2024-06-23 23:55:00,2.41297935,2.00248588,11976296.9,51332195.85594936,0.376384,2.119268
2024-06-24 23:55:00,2.91414441,2.92470156,11862267.3,52157922.18201373,0.850994,2.070741
2024-06-25 23:55:00,2.75409505,2.37845304,12127884.9,53884192.6107,1.74866,2.004059
2024-06-26 23:55:00,3.58716909,3.3589654,11789953.0,51816843.435,0.779901,2.146087
2024-06-27 23:55:00,3.16655036,3.13331001,12265343.2,55250303.32149662,1.169488,2.103396
2024-06-28 23:55:00,3.07092521,2.87010852,12323035.5,53989291.87622288,0.236495,2.306929
2024-06-29 23:55:00,2.97627938,2.65800733,12378698.7,53810203.2489,0.949243,2.312914
2024-06-30 23:55:00,2.73974082,2.37926902,12230305.9,54756687.79952585,0.777048,2.31213
2024-07-01 23:55:00,3.08460503,2.8124801,12187004.6,52734201.63096981,0.969055,2.268459
2024-07-02 23:55:00,2.67207729,2.36681223,12618672.0,55748538.67797456,2.554417,2.22609
2024-07-03 23:55:00,3.28171479,3.17872876,13156050.2,53966117.9204,2.297555,2.042179
2024-07-04 23:55:00,2.88016946,2.52177441,12346717.9,46645900.2262,0.708474,1.920806
2024-07-05 23:55:00,2.20055762,1.86302682,11185374.8,39608453.97260887,1.973869,1.70276
2024-07-06 23:55:00,1.86382609,1.63664945,11179189.5,44448457.452,1.422058,1.707836
2024-07-07 23:55:00,2.0856102,2.03417861,10548010.1,38331468.7034,1.265498,1.921819
2024-07-08 23:55:00,2.12308687,1.95535454,10391718.3,39638994.45069838,0.786554,1.966941
2024-07-09 23:55:00,2.45899662,2.45728122,10687550.3,41777634.1227,0.603848,1.938456
2024-07-10 23:55:00,2.55506173,2.58662832,10690441.1,42433625.80042076,0.777487,2.023894
2024-07-11 23:55:00,2.34734019,2.51984269,10736093.5,43808475.89325202,2.184619,1.877588
2024-07-12 23:55:00,2.55648742,2.48509874,10776266.5,44408994.2465,1.118294,1.837538
2024-07-13 23:55:00,2.50971232,2.65712074,10990654.2,47056811.39057086,1.65058,1.859339
2024-07-14 23:55:00,2.52383292,2.6392142,10669396.6,45593471.14174955,0.961032,1.925555
2024-07-15 23:55:00,2.56353078,2.53910908,11001529.3,48857791.6213,1.465552,1.854799
2024-07-16 23:50:00,2.57441061,2.65303867,11297501.6,51188979.7496,0.681882,2.111348
2024-07-17 23:55:00,2.87970498,2.84874905,11820571.0,53819059.763,1.177704,2.024545
2024-07-18 23:55:00,2.78906064,2.71182871,11403554.9,50010652.76103137,1.418422,1.954055
2024-07-19 23:55:00,2.47766946,2.45176471,11261872.0,52401490.416,0.613849,2.098187
2024-07-20 23:55:00,2.41330114,2.49866131,10908780.1,51358364.02481102,1.002647,2.184426
2024-07-21 23:55:00,2.28093003,2.34025157,10801397.0,51579393.05909988,2.773257,2.341602
2024-07-22 22:05:00,2.42029302,2.3731531,10980386.9,50477940.24151768,1.063153,2.092788
2024-07-23 23:55:00,2.42386484,2.22684086,10898033.1,48507145.3281,1.713468,2.009547
2024-07-24 23:55:00,2.57874102,2.31672705,10839013.8,46241160.26423392,1.776156,2.026954
2024-07-25 23:55:00,2.43214362,2.33926927,10156004.9,42634908.5702,0.969327,1.872616
2024-07-26 23:55:00,2.02247828,2.07157464,11419896.0,53022577.128,0.815038,1.942936
2024-07-27 23:55:00,2.04169797,2.12320092,11350556.1,51927885.09146195,0.409246,2.307569
2024-07-28 23:55:00,2.32466988,2.22751479,10986884.1,48799477.46972645,0.907977,2.309507
2024-07-29 23:55:00,2.60731879,2.5334471,11051357.3,49056975.0547,1.523232,2.101791
2024-07-30 23:55:00,2.66287118,2.56037553,11060551.2,47897862.41784828,1.401949,2.094646
2024-07-31 23:25:00,2.40876206,2.19675343,10845857.0,45791208.254,0.808007,2.018199
2024-08-01 23:55:00,2.05920685,1.82384073,10776928.4,44856879.7759703,2.017152,1.940602
2024-08-02 23:55:00,2.33005618,2.29035062,11026901.6,42683171.43054193,1.88179,1.823952
2024-08-03 23:55:00,1.9749439,1.8033622,11048531.2,40735934.5344,0.681118,1.835969
2024-08-04 22:45:00,2.07399011,1.97949755,10674640.1,38161838.3575,1.7806,1.807434
2024-08-05 23:55:00,1.875,1.74789916,8809849.2,28497023.27619379,0.557491,1.632966
2024-08-06 23:55:00,1.80425796,1.66766712,9556632.5,33419543.8525,0.632733,1.401736
2024-08-07 23:55:00,1.92889759,1.88166029,9283822.3,31128656.1719,1.439119,1.547263
2024-08-08 23:55:00,1.88263011,1.89688777,10372854.5,39738405.5895,1.25782,1.623205
2024-08-09 23:55:00,1.96958935,2.22268326,10574843.1,39787436.75408929,1.026044,1.779321
2024-08-10 23:55:00,2.11508951,2.22042083,10437319.5,39407043.82779878,2.208545,1.794281
2024-08-11 23:55:00,2.24142218,2.23935799,10783567.8,37602300.9186,0.969382,1.649431
2024-08-12 23:55:00,2.32128932,2.35911809,9877495.3,36877392.03776261,1.018184,1.769448
2024-08-13 23:25:00,2.00625289,1.94345048,9955770.8,36944797.88149712,1.06224,1.874788
2024-08-14 23:55:00,2.1627907,2.05905006,10106814.2,36193472.40970391,1.438638,1.800572
2024-08-15 22:50:00,2.13125695,2.12084399,9884862.8,34597019.8,1.054047,1.887414
2024-08-16 23:50:00,2.16191971,2.1520693,9793453.4,34243102.63735666,0.494143,1.991616
2024-08-17 23:55:00,2.24556554,2.20529585,10071768.0,35931419.80091496,2.345471,1.883302
2024-08-18 23:55:00,2.1551963,2.21232645,9925034.7,35194173.0462,0.863288,1.908146
2024-08-19 23:55:00,2.39545341,2.41654519,10187419.8,36898834.5156,2.367729,1.856664
2024-08-20 23:55:00,2.35789738,2.28886479,10499024.9,38318202.14579885,0.527766,1.786644
2024-08-21 23:55:00,2.28205128,2.41723765,10780400.1,40879277.1792,3.901539,1.997259
2024-08-22 23:55:00,2.25744308,2.51112706,11455540.2,45192226.02850589,0.521333,2.112825
2024-08-23 23:55:00,2.11365564,2.35099111,11867478.3,50140095.8175,2.915929,2.275058
2024-08-24 11:45:00,2.4130183,2.68133087,12457593.9,53816805.648,0.645141,2.35849
2024-08-25 23:55:00,2.19857236,2.55389008,12752194.6,53010872.9522,0.692192,2.725576
2024-08-26 23:55:00,2.35172109,2.64189667,12413079.7,48751261.6613404,0.385374,2.821991
2024-08-27 23:55:00,2.69736499,2.78965517,11911367.8,44274554.1126,0.617922,2.514088
2024-08-28 23:55:00,2.39258735,2.28724789,11714282.2,42663415.7724,0.527501,2.155861
2024-08-29 23:55:00,2.21133333,2.1993007,11554942.9,42088301.41945671,1.262329,2.214055
2024-08-30 23:55:00,2.37491057,2.42847174,11157825.9,40596692.44472423,0.639433,2.258843
2024-08-31 23:55:00,2.29571626,2.36589517,11294039.4,40288647.93210075,2.843616,2.382177
2024-09-01 23:55:00,2.31085111,2.35521493,11423180.2,38364904.9146327,0.891046,2.162275
2024-09-02 23:55:00,2.22749446,2.09062597,11607758.6,40508769.31120239,0.87543,1.953943
2024-09-03 23:55:00,2.26604867,2.21204013,11717296.9,39264661.9119,1.394291,1.803969
2024-09-04 23:55:00,2.3557945,2.33006993,11280743.7,38261933.1899096,2.042591,2.005804
2024-09-05 19:15:00,2.34701925,2.21212121,11275873.6,37661417.824,0.546691,2.031311
2024-09-06 23:55:00,2.46409891,2.47619048,11543321.7,37758205.2807,0.81072,2.021545
2024-09-07 23:10:00,2.39888862,2.36019622,11232492.2,37398856.06643523,1.181638,2.046204
2024-09-08 23:55:00,2.4733743,2.48098434,11255836.5,38331215.4229326,0.479247,2.089613
2024-09-09 23:55:00,2.18574766,2.24223386,11092118.3,39928798.60996652,0.782747,2.37418
2024-09-10 23:55:00,2.22795115,2.26342282,11130870.6,40705593.7842,0.284195,2.483433
2024-09-11 23:55:00,2.26362573,2.46070264,11402699.5,41049718.2,0.870347,2.655597
2024-09-12 23:55:00,2.34341303,2.62302483,11482560.3,41968757.8965,2.707082,2.639496
2024-09-13 23:55:00,2.33157048,2.74307692,12077306.4,44975889.0336,1.424892,2.730327
2024-09-14 23:55:00,2.42697398,2.79878281,11896835.1,43542416.466,4.578937,2.652455
2024-09-15 23:55:00,2.36513231,2.4275118,12312735.7,42422690.63326583,0.440843,2.086564
2024-09-16 23:40:00,2.23008113,2.16606389,12155232.5,41528267.84359343,1.556959,2.138905
2024-09-17 23:55:00,2.1521603,1.99796452,11918297.3,41266461.76665959,1.335227,2.102198
2024-09-18 23:55:00,2.14178168,2.30334865,11642329.4,42068574.09218217,2.099687,2.289701
2024-09-19 23:55:00,2.00059137,2.43362832,11773342.0,43390799.93190894,1.151044,2.677567
2024-09-20 23:50:00,2.05188094,2.51391399,11782110.8,44442121.9376,1.762863,2.892383
2024-09-21 23:55:00,2.21863037,2.64718773,12187623.3,47080788.8079,0.668559,2.888976
2024-09-22 23:55:00,2.69618281,3.27056753,11643215.9,43318178.52414725,1.168644,2.715227
2024-09-23 23:55:00,2.67303453,3.22325581,12014429.9,45142523.55131523,0.780218,2.687505
2024-09-24 23:55:00,2.75111331,3.28306655,12169490.2,46901215.2308,0.861141,2.928877
2024-09-25 23:55:00,2.55470852,2.84528986,12931054.7,50948355.518,0.893879,2.950558
2024-09-26 23:55:00,2.51851021,2.89149015,12872172.4,52791691.08396205,2.583961,3.232196
2024-09-27 23:55:00,2.53155176,2.91948998,12992202.7,54502290.3265,0.857199,3.403031
2024-09-28 23:55:00,2.52678373,3.00694191,13155131.2,54269297.64799747,0.691474,4.068911
2024-09-29 23:55:00,2.69923946,2.92205935,12982699.4,52996317.08065864,1.157068,3.779003
2024-09-30 23:55:00,2.68848458,2.89692523,13312799.5,50718809.05597506,0.844493,3.365496
2024-10-01 23:55:00,2.93585193,2.85132743,12728278.4,45238290.35438278,0.431922,2.894224
2024-10-02 23:55:00,2.77888695,2.75213675,12287598.5,43440004.5216798,0.488691,2.900186
2024-10-03 23:55:00,2.68247126,2.71398675,13098809.5,46788947.534,1.453129,2.47876
2024-10-04 23:55:00,2.83374263,2.76598735,12701690.3,46298180.00754876,0.984351,2.517877
2024-10-05 23:55:00,2.83244163,2.8026038,12853516.7,46455570.80404768,0.304961,2.639329
2024-10-06 23:55:00,2.62595602,2.52702249,12710504.5,47003445.641,0.593108,2.675899
2024-10-07 23:55:00,2.92375602,2.93875969,12713478.6,47167005.606,1.122577,2.92517
2024-10-08 23:55:00,2.98375551,3.06776926,12783398.2,46374656.94228048,0.336142,3.109554
2024-10-09 23:55:00,2.80093071,3.08069049,13164154.5,46061376.5955,0.987,2.815663
2024-10-10 23:55:00,2.84076923,2.94530644,13247343.8,46838968.36651126,0.823624,2.560688
2024-10-11 23:55:00,3.08839926,3.15502008,13434988.0,48164431.98,4.441979,2.45215
2024-10-12 23:55:00,3.10629297,3.37385129,13494930.4,48730193.6744,0.564115,2.784564
2024-10-13 23:55:00,3.01070609,3.29891523,13384009.2,47727376.8072,1.712466,2.794992
2024-10-14 23:55:00,2.79121146,3.05710956,13749249.2,53022260.47117253,0.441432,2.94687
2024-10-15 23:55:00,3.52890263,3.68715847,13654739.2,51946905.81004397,6.197812,3.474355
2024-10-16 23:55:00,3.40128693,3.54675946,13809545.9,51779022.99035422,0.589899,3.57485
2024-10-17 23:55:00,3.30575234,3.59459459,13528763.6,49263964.19279113,1.170207,3.627204
2024-10-18 23:55:00,2.73763802,2.99810964,13839031.3,52242343.1575,1.756881,3.630821
2024-10-19 23:55:00,3.00896516,3.19209703,13800626.3,51973158.6458,0.527701,4.003027
2024-10-20 23:55:00,2.9425377,3.22455574,14405428.1,57393852.52426831,2.392489,3.683426
2024-10-21 23:55:00,3.61769207,3.89588154,14238232.9,54810217.36799708,0.585075,3.811068
2024-10-22 23:55:00,3.87713091,4.06349206,14284717.8,54339066.5112,1.065675,3.810114
2024-10-23 23:55:00,3.57419746,3.88219052,14335400.8,52926299.7536,0.336574,3.439296
2024-10-24 23:55:00,3.29481522,3.51777302,14134999.4,52846347.9722374,3.222952,3.456972
2024-10-25 23:55:00,3.30690691,3.6674239,13925169.7,47916957.88517113,1.457617,2.940726
2024-10-26 23:55:00,3.07093148,3.28699187,13430792.8,46576510.02857308,1.169319,2.519661
2024-10-27 23:55:00,2.65167984,2.87405446,13637866.6,48582200.41956386,0.558905,2.620599
2024-10-28 23:55:00,2.42465432,2.65114613,12694070.9,46001864.29422889,2.58005,3.066938
2024-10-29 23:55:00,2.68314322,2.86186995,12970066.2,48098777.01935834,0.956857,3.228135
2024-10-30 23:55:00,2.61008361,2.90027592,13018497.3,48464665.76163361,0.489158,3.254269
2024-10-31 23:55:00,2.95249795,3.35039029,12275043.6,43367729.0388,0.346823,3.258496
2024-11-01 23:55:00,3.11791129,3.52449438,12607686.0,43745258.90624526,0.62338,2.827593
2024-11-02 23:55:00,3.07559395,3.43146552,12565398.3,43099316.169,3.161304,2.86211
2024-11-03 23:55:00,3.04327581,3.32613299,12694427.9,42386694.7581,0.565946,2.556563
2024-11-04 23:55:00,2.98952302,3.29792746,12347838.8,40414476.3924,2.732168,2.491094
2024-11-05 23:55:00,2.97790507,3.15682108,12441624.6,42164665.7694,0.757843,2.804295
2024-11-06 23:55:00,2.72159091,2.93949305,13797278.9,51195246.25110269,0.701809,2.807561
2024-11-07 23:55:00,2.78282304,3.24488055,14299236.0,53895471.90276564,1.816654,3.573582
2024-11-08 23:55:00,2.92738854,3.21178862,14659959.3,57408400.6188,3.466855,3.545563
2024-11-09 23:55:00,2.65142598,2.93019892,14970294.1,60683637.30830406,0.907732,3.821294
2024-11-10 23:55:00,3.06589564,3.42315971,15192261.7,64870957.459,0.997103,4.005451
2024-11-11 23:55:00,3.14632153,3.65608229,15096140.0,66649458.1,1.463086,4.191975
2024-11-12 23:55:00,2.70389171,3.28977273,14694210.5,62076129.85083869,0.477036,4.279427
2024-11-13 23:55:00,2.57846506,3.15453484,15058228.9,61407457.4542,1.983644,4.456099
2024-11-14 23:55:00,2.51295896,2.90947221,15507035.4,59841649.6086,0.775396,3.449525
2024-11-15 23:55:00,2.40143369,2.52804462,15267521.7,64183948.84423748,0.890963,3.354525
2024-11-16 23:55:00,2.91758242,3.20891161,15953417.5,75759965.04605047,0.967654,3.394709
2024-11-17 23:55:00,3.58676588,3.97677312,15082054.0,65561688.738,0.858054,3.653152
2024-11-18 23:55:00,3.65515503,3.79071567,16070113.4,72926174.6092,0.695653,3.682069
2024-11-19 23:55:00,3.30762038,3.57230881,16060668.1,71245123.6916,0.747474,3.685075
2024-11-20 23:55:00,3.1167479,3.0847074,15725553.6,66770700.5856,1.900808,3.573013
2024-11-21 23:55:00,3.34564254,3.55806823,15433118.7,69957796.3221479,1.167343,3.839556
2024-11-22 23:55:00,3.28869606,3.74063963,16257066.5,80209873.41499355,0.398753,3.773756
2024-11-23 23:55:00,3.71878941,4.20912863,16859954.4,90592919.25374217,1.00893,3.826961
2024-11-24 23:55:00,3.48579062,4.23939019,16635452.8,95265068.42886554,1.057915,3.553763
2024-11-25 23:55:00,4.68600884,5.61146812,16266936.0,88817470.56,1.13423,4.008015
2024-11-26 23:55:00,4.05698006,4.45220588,15928851.0,86605162.887,0.589766,3.635359
2024-11-27 23:55:00,3.73440454,4.36745514,17014084.5,98934547.80919111,0.537916,3.549603
2024-11-28 23:55:00,3.76370192,4.49917628,17829643.7,103661548.4718,0.70032,3.550153
2024-11-29 23:55:00,3.72378575,4.72189842,18249991.9,112138552.93139414,0.746994,4.137993
2024-11-30 23:55:00,3.62534874,4.48922734,19042285.8,134788203.81565395,0.719892,4.424096
2024-12-01 23:55:00,4.40707351,5.41707718,19270094.3,132404817.9353,1.192928,5.065332
2024-12-02 23:55:00,4.16223909,5.41027875,18529801.7,135030315.1735369,0.995365,5.120882
2024-12-03 23:55:00,4.93331604,6.04988662,17734376.9,129673763.8928,0.703195,5.309476
2024-12-04 23:55:00,4.98171624,6.03022453,18458170.5,149345057.5155,1.008912,5.670344
2024-12-05 23:55:00,5.62250405,7.29090005,18342191.9,141216535.4381,0.594735,5.388118
2024-12-06 23:55:00,4.78300095,6.13955479,17967484.4,145159872.4433586,0.513993,5.911533
2024-12-07 23:55:00,5.24185835,6.54205991,18568479.5,145375802.14391848,1.175657,5.64848
2024-12-08 23:55:00,4.48543299,5.4181944,18795030.8,148018385.56232,0.741395,5.566727
2024-12-09 23:55:00,3.58911535,4.45908923,15601268.8,97885806.77147792,0.760771,6.173547
2024-12-10 23:55:00,3.36005116,4.00959488,14864212.7,92175813.54472446,1.46012,5.450431
2024-12-11 23:55:00,3.4891784,4.08434571,15418767.4,103018568.11648872,1.031949,4.747241
2024-12-12 23:55:00,3.74917419,4.68032159,15309410.1,103070017.45403138,1.205334,6.066306
2024-12-13 23:55:00,3.85877863,4.81793478,15548523.6,104965737.79527065,1.364876,5.95519
2024-12-14 23:55:00,3.45420868,4.30321214,15252901.4,98106661.8048,0.541405,5.785534
2024-12-15 23:55:00,3.3501305,3.94715447,15398846.8,103701953.85291833,0.766225,4.943119
2024-12-16 23:55:00,3.43592863,4.26967096,15651264.8,102200447.92172699,1.047363,5.661064
2024-12-17 23:55:00,3.68377165,4.52400447,16047674.4,100873999.00069265,1.813396,5.226605
2024-12-18 23:55:00,3.70685889,4.26520331,15250313.8,86210142.86384764,1.214964,5.169612
2024-12-19 23:55:00,3.12907321,3.46837103,14279677.5,72583600.7325,0.417546,3.803797
2024-12-20 23:55:00,2.83421554,3.03736825,14425421.7,75127596.2136,1.022574,3.325344
2024-12-21 23:55:00,2.86376684,3.35719249,13987350.7,68775803.3919,0.549429,3.87303
2024-12-22 23:55:00,3.17472736,3.66380917,13579489.3,65595954.59394257,1.060909,4.317984
2024-12-23 23:55:00,2.9135539,3.34408967,14169423.7,73610156.1215,2.081765,4.408385
2024-12-24 23:55:00,3.144339,3.9220339,14236544.0,77731530.24,0.921986,4.659783
2024-12-25 23:55:00,3.2465126,4.31607419,14525203.3,76890566.07692862,0.779547,4.982322
2024-12-26 23:55:00,3.44238411,4.26661454,14353712.4,71424072.9024,0.625638,4.567535
2024-12-27 23:55:00,3.18542475,3.88535503,14136585.7,69964863.03258806,1.094345,4.476955
2024-12-28 23:55:00,3.3315591,4.01754386,14794332.4,77087380.5071413,1.813318,3.803328
2024-12-29 23:55:00,3.24907548,3.93323497,14400230.7,71338742.8878,0.639873,4.121661
2024-12-30 23:55:00,3.1368861,3.57079646,14172518.0,69812337.25431216,0.673559,3.910551
2024-12-31 23:55:00,3.12747995,3.61408353,14095289.6,69799874.0992,2.504793,4.31921
2025-01-01 23:55:00,3.20507309,3.72691761,14356465.9,73505105.408,2.414295,4.295139
2025-01-02 23:55:00,3.1373822,3.99212303,14961442.1,79374883.41579422,1.131989,4.397968
2025-01-03 23:55:00,3.65948888,4.79110919,15373714.0,87081734.22998674,1.338542,4.583284
2025-01-04 23:55:00,3.7080085,4.97131682,15644747.5,88218572.8031349,0.28213,4.626075
2025-01-05 23:55:00,3.36626042,4.54676259,16280063.4,96231454.7574,0.508966,3.968588
2025-01-06 23:55:00,3.71763464,4.81276929,16103072.8,96360787.6352,0.688915,3.970249
2025-01-07 23:55:00,3.52049447,4.43519939,15130781.7,80948846.4219267,1.472767,4.225526
2025-01-08 23:55:00,3.19732441,3.65987088,14906450.4,76127242.1928,0.537511,3.197515
2025-01-09 23:55:00,3.23157674,3.90970978,14273206.8,72074878.84548981,1.131629,3.448766
2025-01-10 23:55:00,3.01626016,3.52564957,14622351.7,76166672.49993943,0.571455,3.184769
2025-01-11 23:55:00,2.99744396,3.61330632,14481794.1,75319811.1141,0.958069,3.473618
2025-01-12 23:55:00,3.02650039,3.50752618,14499506.4,73731656.76226068,1.604978,3.3647
2025-01-13 23:55:00,2.87853052,3.31335062,13926891.7,68506129.03117374,1.382553,3.547504
2025-01-14 23:55:00,3.16287476,3.7275664,13889496.1,72364274.681,0.32036,3.903539
2025-01-15 23:55:00,3.33919889,4.10459082,14220141.3,80381297.28421234,0.890554,4.302665
2025-01-16 23:55:00,3.80861125,4.87319495,14511704.6,81468709.6244,2.135336,5.660353
2025-01-17 23:55:00,3.71492998,4.65469146,14895651.2,86844907.15404768,0.322136,5.729773
2025-01-18 23:55:00,3.52191235,4.49116317,14865260.1,80926475.9844,0.514867,6.089286
2025-01-19 23:55:00,3.35661502,4.09427881,14495535.7,72144281.1789,0.798283,5.390933
2025-01-20 23:55:00,2.73196493,3.32943604,14615170.5,74581215.0615,1.903086,4.357797
2025-01-21 23:55:00,2.51386652,3.26360937,15163408.0,79686148.0741768,1.195035,4.577093
2025-01-22 23:55:00,2.55277587,3.19147005,15744226.6,78726892.23809028,1.388747,4.928591
2025-01-23 23:55:00,2.37653921,2.88866799,15481302.2,78338192.17657633,0.748705,4.65754
2025-01-24 23:55:00,2.50200067,3.14713815,15652808.6,78467529.5118,0.97044,4.889459
2025-01-25 23:55:00,2.44115766,3.02368721,15727810.9,78340226.0929,0.786015,4.97831
2025-01-26 23:55:00,3.44255133,3.93075802,15991431.5,77686374.227,0.666794,4.133318
2025-01-27 23:55:00,2.7109462,3.26932907,14773072.7,68808480.88384557,1.432991,3.276091
2025-01-28 23:55:00,3.12839757,3.59011532,15049575.7,65977339.8688,0.641743,3.384482
2025-01-29 23:55:00,2.58461538,2.97623877,15061538.9,67957663.5168,1.499127,3.620846
2025-01-30 23:55:00,2.57551897,3.07968992,15241065.4,73263801.3778,1.476765,4.016811
2025-01-31 23:55:00,2.89836518,3.57231192,15257323.6,73394480.0177183,1.286558,4.003082
2025-02-01 23:55:00,3.26419121,3.79468085,15297479.4,66849984.978,0.581316,3.955809
2025-02-02 23:55:00,2.91979522,3.34799302,16255222.6,58502546.1374,0.817406,2.693785
2025-02-03 23:55:00,2.52704977,2.60647297,13130267.2,46028243.31886505,0.530268,1.84354
2025-02-04 23:55:00,2.34153068,2.65493203,12400310.3,41330234.2299,0.446168,1.916642
2025-02-05 23:55:00,2.30813695,2.59986459,12345312.6,39998812.824,2.130845,2.034031
2025-02-06 23:55:00,2.45742483,2.73792862,11839430.0,36924598.2144025,0.852781,1.906094
2025-02-07 23:55:00,2.52186178,2.70059461,11381905.2,36251368.062,0.769125,2.007718
2025-02-08 23:55:00,2.33273543,2.6004851,11712115.3,38696828.9512,0.952878,1.936229
2025-02-09 23:55:00,2.39712919,2.79962264,11720266.9,38790322.52255446,1.765317,2.104705
2025-02-10 23:55:00,2.5349529,2.86119632,12123931.0,41548711.537,1.493886,2.100351
2025-02-11 23:55:00,2.49154204,2.8200679,12434897.7,41484121.90447896,1.037512,2.053736
2025-02-12 23:55:00,2.50191296,3.06951658,12766453.4,44388958.4718,2.151996,2.179674
2025-02-13 23:55:00,2.84932208,3.49893299,12714083.0,43240596.283,0.935599,2.208097
2025-02-14 23:55:00,2.6208589,3.11603546,12869895.3,45379250.8278,0.391281,2.200343
2025-02-15 23:55:00,2.64514563,3.18174475,12635892.9,43139956.56084988,0.493506,2.187561
2025-02-16 23:55:00,2.41314768,2.61107242,12548292.7,42623675.73900829,0.713043,1.978561
2025-02-17 23:55:00,2.38718412,2.6723344,13149272.5,45154601.765,3.190367,1.914441
2025-02-18 23:55:00,2.37062321,2.53023256,13487758.8,43547192.96860369,2.225045,1.628403
2025-02-19 23:55:00,2.27264902,2.44218801,13429114.4,44641580.18371356,0.623913,1.857179
2025-02-20 23:55:00,2.12987535,2.62647263,13748411.6,48029095.80033704,0.580641,2.036341
2025-02-21 23:55:00,2.79205776,2.97037037,14162427.1,46999056.68598456,1.077647,1.947568
2025-02-22 23:55:00,2.31204819,2.77015027,13817047.9,47420108.3928,0.769764,2.127739
2025-02-23 23:55:00,2.80777486,3.26979126,13842579.1,47217037.3101,0.77477,2.165255
2025-02-24 23:55:00,2.51847729,2.65185676,14219545.9,42857711.3426,0.649498,1.607598
2025-02-25 23:55:00,2.34056584,2.44736842,14175539.0,44511192.46,1.24668,1.424587
2025-02-26 23:55:00,2.34754382,2.60325365,13805444.1,43465999.11269324,0.330893,1.621928
2025-02-27 23:55:00,2.31740004,2.63788885,13502869.1,44032856.1351,1.365612,1.723972
2025-02-28 23:55:00,2.47822036,2.7374778,14031083.0,45597150.95948441,0.919265,1.864331
2025-03-01 23:55:00,2.52194898,2.77383438,13866193.0,44931293.66706453,1.523361,1.935659
2025-03-02 23:55:00,2.50283461,2.9685008,14630730.3,52156417.87179811,1.77322,2.416555
2025-03-03 23:55:00,3.07933884,3.66815742,14701812.6,45119862.8694,0.594096,1.78252
2025-03-04 23:55:00,2.41163261,2.63361921,14262092.6,42985947.0964,0.623713,1.687903
2025-03-05 23:55:00,2.26665167,2.51495132,14389713.7,45097362.7358,0.617623,1.889524
2025-03-06 23:55:00,2.26345733,2.64959663,14494085.0,44757734.48,0.187167,2.060593
2025-03-07 23:55:00,2.30574249,2.74972477,14902915.9,46416929.45832418,0.474189,2.064135
2025-03-08 23:55:00,2.3637806,2.72242249,14383105.5,44602010.1555,2.329451,1.922432
2025-03-09 23:55:00,2.09129512,2.3099501,15531324.5,43254738.7325,2.238681,1.277316
2025-03-10 23:55:00,2.14789287,2.35417902,14811764.9,39132682.8658,0.803922,1.3954
2025-03-11 23:55:00,1.97567783,2.10985748,14425402.7,39525603.398,1.335429,1.373243
2025-03-12 23:55:00,2.11069157,2.45117005,14301887.1,39864376.87875129,0.323096,1.487338
2025-03-13 23:55:00,2.08510638,2.47040302,14759358.6,40543958.0742,3.831727,1.581326
2025-03-14 23:55:00,2.02755203,2.377813,15080577.4,43477304.6442,0.519995,1.676889
2025-03-15 23:55:00,2.07462993,2.50440678,15297508.6,45081757.8442,0.486551,1.689297
2025-03-16 23:55:00,2.03602094,2.43728698,14813724.3,41971849.19819964,0.753179,1.752574
2025-03-17 23:55:00,1.91110241,2.20101138,15691864.4,47405122.3524,0.501217,1.797331
2025-03-18 23:55:00,1.79670529,1.99690838,15961940.6,46656752.3738,1.717368,1.421229
2025-03-19 23:55:00,2.03150407,2.31479706,15536634.2,47942259.09512836,2.1598,1.594856
2025-03-20 23:55:00,2.03959579,2.44857621,15709905.0,47868080.535,1.121498,1.812673
2025-03-21 23:55:00,1.95141777,2.22670251,15695000.9,45766622.6244,1.000961,1.68062
2025-03-22 23:55:00,1.94375,2.21246973,15342012.0,45857273.868,1.53569,1.926309
2025-03-23 23:55:00,2.11368334,2.39198949,15445365.9,46723739.16075818,2.17325,1.811234
2025-03-24 23:55:00,1.87019769,2.27161654,15621539.7,48857372.68862986,1.736352,2.798863
2025-03-25 23:55:00,2.11007501,2.38854937,15446025.9,48353835.97859702,0.519861,2.829103
2025-03-26 23:55:00,2.16231228,2.51942067,15557157.7,47061454.95093314,2.316791,2.731765
2025-03-27 23:55:00,1.73947591,1.98633074,15913938.7,48060094.874,1.714158,2.517364
2025-03-28 23:55:00,1.77354641,1.9654809,15959662.2,45117965.0394,0.715472,1.868902
2025-03-29 23:55:00,1.80468343,1.99864755,15496314.9,42506391.7707,0.777094,1.707208
2025-03-30 23:55:00,1.83702179,1.93604194,15243394.1,41965063.9573,2.116607,1.602538
2025-03-31 23:55:00,1.89523978,2.04764528,15054635.4,41791667.8704,0.865917,1.682473
2025-04-01 23:55:00,1.91968095,2.07320602,14596600.5,41395959.018,0.779878,2.096891
2025-04-02 23:55:00,1.80810663,1.98714653,15199127.2,41022444.3128,0.574715,1.67405
2025-04-03 23:55:00,1.93214893,2.03983716,15010773.0,40979410.29,2.449475,1.899803
2025-04-04 23:55:00,2.10085324,2.27795874,18452773.5,51021918.7275,3.109854,1.410126
2025-04-05 23:55:00,2.2194251,2.25379494,17827487.0,48055054.79637442,0.581664,1.460367
2025-04-06 23:55:00,1.92768207,2.03979721,17476563.4,41489361.5116,0.930201,1.580252
2025-04-07 23:55:00,1.66524919,1.6799508,17016981.9,40299502.52180127,0.846931,1.785326
2025-04-08 23:55:00,1.73360154,1.82081518,16746685.4,37912177.16700637,0.685334,1.867926
2025-04-09 23:55:00,1.71446518,1.72886679,17637054.1,43616434.7893,1.077605,1.859657
2025-04-10 23:55:00,1.91046985,2.09075536,17206889.8,40380819.6027614,0.88684,2.17125
2025-04-11 23:55:00,1.75106738,1.86034773,17138392.4,42037873.57816229,0.717999,2.044597
2025-04-12 23:55:00,1.73030359,1.91813203,17082634.3,43735198.97926117,0.719975,2.018627
2025-04-13 23:55:00,1.74115633,1.96076696,17313231.8,43144573.6456,0.98795,2.074082
2025-04-14 23:55:00,1.61610619,1.73710345,16630483.8,42075124.014,1.032263,1.832956
2025-04-15 23:55:00,1.64069925,1.70067149,17371034.9,41962037.85275704,0.320644,1.68953
2025-04-16 23:55:00,1.69912434,1.70695971,17422184.4,41571296.15546925,0.416569,1.83828
2025-04-17 23:55:00,1.75407252,1.72539396,17584491.6,41875594.87626918,0.453433,1.846096
2025-04-18 23:55:00,1.8286758,1.93056346,17325202.3,42514119.53520019,2.459891,1.98725
2025-04-19 23:55:00,1.66774194,1.8038835,18461745.4,48665160.8744,0.556565,1.963414
2025-04-20 23:55:00,1.98545606,2.35062733,18573302.7,49163532.2469,1.44352,2.116382
2025-04-21 23:55:00,1.82976282,2.12404822,18449746.2,48126729.92340072,0.613783,2.5812
2025-04-22 23:55:00,2.14615865,2.4217231,20191981.0,54761773.53078512,1.185522,2.617239
2025-04-23 23:55:00,2.37562302,2.81558442,19775235.2,55141417.30998163,1.105055,2.717672
2025-04-24 23:55:00,2.45566388,2.93376475,19694411.1,56271317.47333141,1.825255,3.086054
2025-04-25 23:55:00,2.58807339,3.06113208,20104242.7,57459152.19644713,0.733276,3.329736
2025-04-26 23:55:00,2.48457066,3.17234626,20609595.6,58947316.1651092,0.393197,3.513623
2025-04-27 23:55:00,2.1231666,2.55066079,21406014.6,57889376.13328402,0.142735,2.991273
2025-04-28 23:55:00,2.17124362,2.45160296,21117890.3,58390966.6795,0.780053,3.187174
2025-04-29 23:55:00,2.20773143,2.57615036,20542682.9,56274460.16766266,1.202481,3.629193
2025-04-30 23:55:00,2.29486367,2.56852961,20039564.6,55457736.75910199,1.267016,3.410632
2025-05-01 23:55:00,2.26840959,2.54889043,21314276.3,60511230.4157,0.681878,3.443377
2025-05-02 23:55:00,2.5044186,2.85874613,20440186.1,57273401.4522,2.747479,3.727033
2025-05-03 23:55:00,1.78450106,1.92485388,21316542.5,56433911.07677483,0.545295,2.782413
2025-05-04 23:55:00,1.68328841,1.75130208,21069550.8,55389751.36872235,1.417411,2.410633
2025-05-05 23:55:00,1.73227039,1.86412615,20611727.1,53818209.02711807,0.605241,2.416516
2025-05-06 23:55:00,1.7191654,1.84969407,20203765.6,52246937.8416,1.665093,2.73619
2025-05-07 23:55:00,1.77426559,1.89079055,20075786.6,51915984.1476,0.923687,2.612528
2025-05-08 23:55:00,2.12842838,2.31554932,20343820.9,59601086.82157712,0.441937,3.107777
2025-05-09 23:55:00,2.75219357,3.38101788,22006855.7,66515281.87634167,0.943143,3.833992
2025-05-10 23:55:00,2.76261973,3.05800082,23220452.8,75280707.9776,1.119735,3.40566
2025-05-11 23:55:00,3.2111588,3.89746142,23085682.1,72496362.0329371,2.274845,3.511525
2025-05-12 23:55:00,3.03106298,3.7202175,23315384.2,73158169.92477502,1.057425,3.496505
2025-05-13 23:55:00,2.94706685,3.54934211,24247075.8,78027089.9244,0.424423,4.041061
2025-05-14 23:55:00,3.27671312,4.05734767,23857269.9,72729940.35004339,0.999597,4.620352
2025-05-15 23:55:00,2.59246741,3.01477046,22676768.4,66556315.254,0.586854,3.803505
2025-05-16 23:55:00,2.58410439,2.90234375,22509326.6,64747219.00899694,0.880685,3.7934
2025-05-17 23:55:00,2.39899322,2.65366726,22280197.2,62001391.14227667,4.823072,3.393521
2025-05-18 23:55:00,2.4179705,2.65116279,21314857.6,62015344.36321213,0.880021,3.536592
2025-05-19 23:55:00,2.25105485,2.55632823,20753447.9,59334107.5461,0.921043,3.675153
2025-05-20 23:55:00,2.35199485,2.62579957,20901713.2,59827021.97531749,0.600108,3.440385
2025-05-21 23:55:00,2.44600312,2.9497053,21171086.3,62291868.65669959,0.264373,3.79462
2025-05-22 23:55:00,2.63302752,3.23207467,22543520.2,69546759.817,2.402872,3.736239
2025-05-23 23:55:00,2.61622013,3.36419214,22238007.1,63244892.1924,0.492546,3.713809
2025-05-24 23:55:00,2.05665503,2.25047559,22465188.2,63419226.2886,0.483088,3.441589
2025-05-25 23:55:00,2.07978828,2.27749361,22343208.8,62851446.3544,2.408058,3.36791
2025-05-26 23:55:00,2.02015677,2.20791476,22256472.9,62065623.09956113,1.759815,3.122886
2025-05-27 23:55:00,2.23845525,2.57848938,21463137.8,61859233.97602353,3.069388,3.374121
2025-05-28 23:55:00,1.99867575,2.25543307,21915770.5,62701019.4005,1.209372,3.15437
2025-05-29 23:55:00,2.048955,2.3187226,21961503.5,60673552.81056581,0.43534,3.017481
2025-05-30 23:55:00,1.90620491,2.19667413,21548288.6,54086204.386,1.15229,2.512138
2025-05-31 23:55:00,1.73023487,1.63366337,21390610.1,55508633.2095,1.387682,2.100895
2025-06-01 23:55:00,1.76238119,1.68833482,21249988.4,54589266.68816639,2.117033,2.14811
2025-06-02 23:55:00,1.70341382,1.62555196,21178969.5,55933658.4495,0.856959,2.349724
2025-06-03 23:55:00,1.89463397,1.92226614,21224841.3,55736433.2538,0.701033,2.565569
2025-06-04 23:55:00,1.83958513,2.05831006,21341885.1,54652218.05149777,0.705049,2.508346
2025-06-05 23:55:00,1.77655013,1.78439673,21906501.7,51806946.33863521,0.395259,2.148498
2025-06-06 23:55:00,1.77282343,1.68813757,21641228.8,52133720.1792,0.778369,1.982106
2025-06-07 23:55:00,1.70646045,1.74780236,20870935.1,52311689.17697248,0.458304,2.231242
2025-06-08 23:55:00,2.0182894,2.26258993,21026681.8,52273765.3950324,1.968146,2.405337
2025-06-09 23:55:00,1.94024823,2.08135942,21985467.8,57206187.2156,0.842287,2.694697
2025-06-10 23:55:00,1.83426966,2.13498031,21442944.6,58547879.19252657,3.851319,2.722558
2025-06-11 23:55:00,1.83507194,2.24428625,21578257.4,58044251.15685497,0.746204,2.87844
2025-06-12 23:55:00,2.25270121,2.48721228,21085543.3,52777114.8799,0.544416,2.187674
2025-06-13 23:55:00,1.9010989,1.79684989,21267115.7,52290861.85191083,1.031948,1.892106
2025-06-14 23:55:00,1.91986706,1.86463172,21155887.8,51154936.7004,0.882321,1.985165
2025-06-15 23:55:00,1.96156689,1.73447738,21855128.2,52889146.23405135,0.674944,1.958538
2025-06-16 23:55:00,1.81985094,1.81791241,21204744.4,52227285.4572,0.57467,2.275916
2025-06-17 23:55:00,2.26028251,2.04400978,21912013.5,52413536.292,0.528605,1.95298
2025-06-18 23:55:00,2.01006589,1.77493053,22859309.5,54616646.5982252,1.43193,1.999397
2025-06-19 23:55:00,1.87717186,1.74398121,23234399.6,54469512.4248609,0.133526,2.173879
2025-06-20 23:55:00,1.68353486,1.64762165,23608779.3,53316932.53318685,2.685989,1.922786
2025-06-21 23:55:00,1.91305091,1.69977169,23105120.1,50576071.86531472,1.450178,1.835169
2025-06-22 23:55:00,2.01117721,1.93366708,21994561.5,45461239.89602842,1.443635,1.979947
2025-06-23 23:55:00,2.15688576,2.00590939,21368707.7,48145030.57333802,0.878573,2.517877
2025-06-24 23:55:00,1.73498112,1.67808418,20537794.1,47158090.05356774,1.947059,2.493991
2025-06-25 23:55:00,1.84059265,2.00981675,20798166.2,46822369.56584883,3.829587,2.546173
2025-06-26 23:55:00,2.23434302,2.40300752,21101940.9,46349231.26714019,1.919068,2.789013
2025-06-27 23:55:00,2.42448396,2.36350523,21692691.3,47940847.773,2.717289,2.701573
2025-06-28 23:55:00,1.80843766,1.96309259,21454391.8,48646528.12130289,0.977233,2.775229
2025-06-29 23:55:00,1.80849205,2.01762977,21484521.0,51283551.627,0.72456,2.942167
2025-06-30 23:55:00,1.72358573,1.79963292,21399283.5,49229016.81091789,0.922267,2.448843
2025-07-01 23:55:00,1.76424779,1.77354465,20756097.0,45684169.497,0.60206,2.179747
2025-07-02 23:55:00,1.76566804,1.98340384,21766070.1,51598171.27873182,1.43531,2.761565
2025-07-03 23:55:00,1.6373645,1.79285262,22225874.9,53257901.92263383,3.000145,2.720639
2025-07-04 23:55:00,1.77059774,1.8,20857921.3,47159760.0593,1.235214,2.492234
2025-07-05 23:55:00,1.6687282,1.57478808,21101464.6,47499396.8146,2.428881,2.448177
2025-07-06 23:55:00,2.02309091,2.09072581,20949647.6,47983300.16671646,1.048234,2.703228
2025-07-07 23:55:00,1.97632364,2.16666667,21032124.0,47903020.95238536,1.078344,2.549591
2025-07-08 23:55:00,2.05481823,2.24533821,21965158.2,50770653.68956748,1.307312,2.611339
2025-07-09 23:55:00,2.21829295,2.33942766,23606549.9,57557176.23513183,1.021977,2.591457
2025-07-10 23:55:00,2.66985522,2.87418453,24961836.5,64626194.6985,1.347416,2.693901
2025-07-11 23:55:00,2.69434162,3.06933077,25456976.9,65226196.89930993,1.34263,2.621022
2025-07-12 23:55:00,2.8777566,3.35332994,25481550.8,64595731.278,1.2574,2.381169
2025-07-13 23:55:00,2.80331754,3.1548418,25785186.0,65985527.11581684,1.266737,2.837421
2025-07-14 23:55:00,2.64531289,3.03872437,25482543.3,65584546.04602131,1.269569,2.802738
2025-07-15 23:55:00,2.37935598,2.65462662,26501959.2,70124184.0432,2.912027,2.78123
2025-07-16 23:55:00,2.76773399,3.08607481,28416634.6,75389331.5938,1.517646,3.16031
2025-07-17 23:55:00,2.76735598,3.13124432,29087930.2,78720698.36962113,1.395905,3.167417
2025-07-18 23:55:00,2.76676829,3.29509804,29677091.4,81725417.99343246,0.772331,4.73525
2025-07-19 23:55:00,2.90955041,3.22674976,29850926.1,83612444.0061,3.224126,4.109037
2025-07-20 23:55:00,3.04462585,3.53024911,32748756.5,94627798.15414034,0.472247,4.167688
2025-07-21 23:55:00,3.3032146,3.8301179,32799683.9,95775076.988,0.764282,4.123437
2025-07-22 23:55:00,2.99129015,3.47082495,32492804.0,95296163.44041207,0.729721,5.253599
2025-07-23 23:55:00,2.73363206,3.04087912,29073871.2,76743680.86749329,1.451192,4.54285
2025-07-24 23:55:00,2.50777326,2.76216674,28976495.5,74817311.381,0.628532,5.165897
2025-07-25 23:55:00,2.49623883,2.66721177,28948437.4,76695103.64640681,2.496009,5.510755
2025-07-26 23:55:00,2.50069573,2.80245347,29618117.5,78863938.7390064,0.748207,5.887027
2025-07-27 23:55:00,2.5121148,2.78453039,30716393.9,84715476.80303104,1.987603,5.593635
2025-07-28 23:55:00,2.57191614,2.94341291,29112435.7,75860411.42964345,2.087023,4.891996
2025-07-29 23:55:00,2.34160679,2.54297774,28785004.8,73949265.40884806,0.628161,3.968465
2025-07-30 23:55:00,1.95503731,2.04333971,26769857.8,66664999.63371913,0.974154,4.363821
2025-07-31 23:55:00,1.81627907,1.94166925,27222664.5,65083054.19988433,0.739989,3.221223
2025-08-01 23:55:00,1.83821701,1.89252477,25412373.7,58318133.93034571,1.320351,3.399801
2025-08-02 23:55:00,1.85373609,1.88427033,24677884.9,56031833.33502533,0.69758,3.425585
2025-08-03 23:55:00,1.84684374,1.79470199,25256693.3,59141767.84291268,1.164458,3.069778
2025-08-04 23:55:00,1.89716122,1.84535161,24642994.4,59761054.1978426,0.515633,3.164993
2025-08-05 23:55:00,2.17024726,2.41119134,24704896.2,57611817.9384,2.133904,3.437304
2025-08-06 23:55:00,1.72620467,1.70307649,25155337.3,59789414.98704634,1.285054,3.297377
2025-08-07 23:55:00,1.79277235,1.84423306,27474946.4,68379070.72544345,1.526779,3.807163
2025-08-08 23:55:00,1.78238342,1.88556763,28284297.1,71981585.35152902,2.190896,3.43978
2025-08-09 23:55:00,1.96135809,2.10393909,29923029.9,78728713.72344111,1.012894,3.633224
2025-08-10 23:55:00,2.37390562,2.80923451,30718693.6,80568839.97404216,3.096051,3.743036
2025-08-11 23:55:00,1.95826346,2.17998011,28728205.8,70891205.01847368,0.151772,3.006116
2025-08-12 23:55:00,2.26382114,2.50995575,28914985.7,76066580.01522604,0.958153,3.503348
2025-08-13 23:55:00,2.77589545,3.36931018,31554545.2,86240476.34840281,0.63333,3.469141
2025-08-14 23:55:00,2.66203704,3.14484559,29388392.0,73617921.96,0.808183,2.885818
2025-08-15 23:55:00,1.96376294,1.97897898,28841113.3,71064503.1712,3.118298,2.800848
2025-08-16 23:55:00,1.91716602,1.96754625,28313481.7,71638558.76309243,3.466033,3.519718
2025-08-17 23:55:00,1.98007968,2.15132024,28575092.4,73095086.3592,0.467751,4.141744
2025-08-18 23:55:00,2.36074215,2.71417445,28478926.6,70257511.9222,0.79742,3.190859
2025-08-19 23:55:00,2.1414064,2.38197279,28460456.0,67109755.248,0.891982,2.805364
2025-08-20 23:55:00,1.78169935,1.79666119,30770247.0,74925551.445,2.498726,3.454856
2025-08-21 23:55:00,1.8134914,1.93878735,30985139.5,74098792.154485,1.85783,3.294369
2025-08-22 23:55:00,2.12307396,2.34655172,32180771.2,82982990.70795968,2.64292,3.675148
2025-08-23 23:55:00,2.27043,2.58214554,33810740.7,85439741.7489,1.968437,4.412161
2025-08-24 23:55:00,1.75035239,1.88721599,33137866.3,80347105.52654456,2.958059,3.180647
2025-08-25 23:55:00,1.79752614,1.85188942,33152687.7,72378583.43860218,1.301208,2.501431
2025-08-26 23:55:00,1.87763158,1.79880923,32310509.5,75085140.99480687,0.881517,2.870202
2025-08-27 23:55:00,1.92124069,1.99973433,30464086.8,70320706.38925593,1.056378,3.780149
2025-08-28 23:55:00,1.98439242,2.07559456,30979692.0,73793626.344,1.579665,3.359849
2025-08-29 23:55:00,2.05600663,2.15259173,30566914.5,69356329.0005,3.433742,3.324509
2025-08-30 23:55:00,2.04130918,2.03074343,30363955.9,69533459.011,5.484867,3.473519
2025-08-31 23:55:00,1.94348309,2.03101212,30043095.8,68169608.28654602,0.892325,3.38039
2025-09-01 23:55:00,2.13180516,2.15310586,28462046.5,65035776.2525,0.984543,1.930389
2025-09-02 23:55:00,2.06371018,1.95831162,29200449.1,66226618.5588,1.303626,1.900052
2025-09-03 23:55:00,1.92158385,1.89613463,28799352.5,67073691.9725,0.869218,2.413438
2025-09-04 23:55:00,2.15065359,2.03727715,28717524.1,64987757.0383,0.820057,2.235526
2025-09-05 23:55:00,1.97189225,2.00853443,30595906.1,71749383.33709246,0.892717,2.309383
2025-09-06 23:55:00,2.23201472,2.18830374,30598317.4,71141087.955,2.790433,2.60411
2025-09-07 23:55:00,2.30560304,2.24322601,31560633.3,75524595.4869,0.432486,2.563394
2025-09-08 23:55:00,2.59541829,2.55213185,32880734.5,80196111.4455,0.759625,2.462724
2025-09-09 23:55:00,2.77908689,2.7382199,32690823.4,80133155.61947678,0.418225,2.690865
2025-09-10 23:55:00,2.76524716,2.81300813,33113185.3,82503028.02392419,0.848767,2.963929
2025-09-11 23:55:00,2.77192185,3.01985933,34502623.5,87509055.73698525,3.994989,3.248839
2025-09-12 23:55:00,2.59320988,2.80595328,34790091.6,89108035.565538,1.033637,3.288989
2025-09-13 23:55:00,2.82549588,3.09147095,36404092.8,95389027.31446704,2.16033,3.630575
2025-09-14 23:55:00,2.69870296,2.93055556,36089412.3,90692693.1099,1.107456,3.104719
2025-09-15 23:55:00,2.16192447,2.37722646,34106632.2,82231090.2342,0.34753,2.948674
2025-09-16 23:55:00,2.07014513,2.08737283,35136174.5,89813957.8720811,1.265602,4.351841
2025-09-17 23:55:00,2.73074391,3.06658395,33898337.7,87084829.5513,1.929337,3.970652
2025-09-18 23:55:00,2.37763952,2.70487718,36310479.8,93552684.69516458,1.967583,4.211629
2025-09-19 23:55:00,2.91436218,3.18867156,34085880.2,83374499.95018417,0.660225,3.984965
2025-09-20 23:55:00,2.34940626,2.35635793,33554655.7,81974023.8751,1.318939,3.898664
2025-09-21 23:55:00,2.13356855,2.22160258,33598793.9,80469111.3905,1.37097,3.57753
2025-09-22 23:55:00,1.9756255,2.03356086,27905616.9,63038788.5771,0.332848,2.51861
2025-09-23 23:55:00,1.97315653,2.04252283,27156401.7,60748870.6029,0.275072,2.604608
2025-09-24 23:55:00,1.92587347,1.98973363,26979123.1,60043963.95906565,2.177662,2.723072
2025-09-25 23:55:00,2.0491064,2.18935791,27965075.5,59257994.9845,1.180114,2.246916
2025-09-26 23:55:00,2.08510638,2.11322411,27406147.9,60115385.96677296,0.60678,2.751729
2025-09-27 23:55:00,2.3396536,2.4922179,26877012.2,58806902.6936,0.567363,3.058126
2025-09-28 23:55:00,2.2634541,2.30715796,26979563.4,59719107.37422791,1.511293,2.778915
2025-09-29 23:55:00,2.18348942,2.23466667,26435513.8,58416073.03541753,1.272639,2.594484
2025-09-30 23:55:00,2.24055844,2.30617891,26714533.6,58424684.9832,1.040207,2.740443
2025-10-01 23:55:00,2.09444832,2.09395376,26785123.1,61471857.5145,0.995485,2.793234
2025-10-02 23:55:00,2.28949463,2.40674467,26728421.7,63704765.37940699,0.940176,2.897955
2025-10-03 23:55:00,2.42020592,2.65694813,26875441.1,64205428.7879,0.508237,2.896852
2025-10-04 23:55:00,2.35867368,2.67824497,27931251.6,64612071.94726847,2.122471,2.38775
2025-10-05 23:55:00,2.39530048,2.69863533,27863410.6,64917436.50701429,0.662832,2.393437
2025-10-06 23:55:00,2.45923855,2.63157895,28596171.8,68826600.01369275,1.147074,2.832914
2025-10-07 23:55:00,2.4584399,2.72207497,27448234.8,62581975.344,0.595797,2.550114
2025-10-08 23:55:00,2.15348381,2.26161202,27668806.3,65436726.8995,0.99837,2.886465
2025-10-09 23:55:00,2.59455902,2.88314785,27350449.3,62823982.0421,1.384919,2.640395
2025-10-10 23:55:00,1.60272829,1.84576098,24986683.3,41677787.7444,0.745494,1.624148
2025-10-11 23:55:00,1.55171609,1.62074364,22723866.8,35492195.76848143,3.481563,1.655102
2025-10-12 23:55:00,1.44893749,1.41016393,20481333.3,33937569.2781,0.717626,1.562036
2025-10-13 23:55:00,1.54062566,1.61172036,19990915.4,34544301.8112,0.3702,1.848396
2025-10-14 23:55:00,1.46331494,1.56365469,18658333.4,31249345.09382132,0.469336,1.728995
2025-10-15 23:55:00,1.5102417,1.60964762,20496823.5,32843713.56783351,1.364925,2.108286
2025-10-16 23:55:00,1.69295127,1.80722892,21676687.2,32333819.76448042,1.550727,2.158309
2025-10-17 23:55:00,1.68436455,1.79145907,19642224.6,28756216.8144,1.5393,2.341026
2025-10-18 23:55:00,1.57858997,1.70578114,19070978.3,28482983.05621728,0.306786,2.287515
2025-10-19 23:55:00,1.53730777,1.58767471,20336123.5,31154941.202,0.414229,2.152407
2025-10-20 23:55:00,1.58563979,1.68106086,19740016.0,31169485.264,0.59398,2.265941
2025-10-21 23:55:00,1.57967033,1.69032486,18741743.5,29237119.86,0.90808,1.982138
2025-10-22 23:55:00,1.65703022,1.78545187,18674360.3,28333362.98405042,1.669622,2.110474
2025-10-23 23:55:00,1.59286172,1.64761905,19300032.5,30011550.5375,1.871327,2.494568
2025-10-24 23:55:00,1.58703431,1.66071429,19451873.6,30519989.6784,0.964773,2.582313
2025-10-25 23:55:00,1.60366104,1.74799302,19533746.4,30460816.7005548,0.327239,2.747709
2025-10-26 23:55:00,1.44863813,1.59745052,21949524.9,36260615.1348,0.357191,2.584725
2025-10-27 23:55:00,1.46367347,1.61281433,22515908.9,36918012.11304577,0.767925,2.221634
2025-10-28 23:55:00,1.66541353,1.90353574,21423712.6,33346033.72764374,0.945797,2.268374
2025-10-29 23:55:00,1.66283784,1.81633436,20739462.5,32830569.1375,0.533949,2.259636
2025-10-30 23:55:00,1.54282385,1.65578635,21843027.2,31934505.7664,1.530395,1.8007
2025-10-31 23:55:00,1.47097523,1.5219227,21732508.9,32924750.9835,1.034585,2.102262
2025-11-01 23:55:00,1.76388291,1.94808214,24302136.2,40596107.80941729,1.251375,2.397871
2025-11-02 23:55:00,2.00317693,2.1181038,24346138.5,40560666.741,1.112327,2.533693
2025-11-03 23:55:00,2.08223014,2.07742197,21428263.6,30868769.69632061,1.525494,1.884841
2025-11-04 23:55:00,1.7785265,1.76160113,27757940.9,37917347.2694,1.408065,1.879923
2025-11-05 23:55:00,1.66204541,1.56155508,29042628.7,40572552.2939,0.612472,2.305982
2025-11-06 23:55:00,1.67193009,1.57267297,38524849.4,72901412.36133692,1.04264,2.040204
2025-11-07 23:55:00,1.70156514,1.63809341,42388280.5,142975670.1265,1.432991,1.502548
2025-11-08 23:55:00,1.81364145,1.96797386,39691103.6,117172042.24106114,1.284258,1.78675
2025-11-09 23:55:00,1.85384506,1.96184305,36216619.7,100694551.9089853,0.946445,2.172938
2025-11-10 23:55:00,1.9138637,1.9765625,36373946.3,92826450.26981433,2.255421,2.311751
2025-11-11 23:55:00,1.9232899,2.08025199,33525824.3,74663934.42789833,1.999078,2.127699
2025-11-12 23:55:00,1.99387755,1.99477735,30589246.0,67173984.216,4.359658,2.358777
2025-11-13 23:55:00,1.99946246,2.09020772,29255675.5,60471481.2585,0.390627,2.37302
2025-11-14 23:55:00,1.99745269,2.06400966,28647301.1,57208660.2967,3.884692,2.077553
2025-11-15 23:55:00,2.1635365,2.0839563,27259273.9,55424806.89415201,1.440708,1.947015
2025-11-16 23:55:00,2.12806889,2.10327821,26226382.9,51382487.83269349,0.649972,1.954509
2025-11-17 23:55:00,2.16721915,1.99630472,26787370.4,54083700.8376,0.732317,1.780052
2025-11-18 23:55:00,2.378818,2.08926119,30218155.5,59983038.6675,1.557708,2.007475
2025-11-19 23:55:00,1.90611028,1.86086503,25899718.9,48665571.8131,0.92302,1.813093
2025-11-20 23:55:00,1.7739585,1.81525688,28353015.2,51597980.95223396,1.135438,1.670672
2025-11-21 23:55:00,1.67041475,1.7947863,27111617.0,44982667.7090986,1.19324,1.367855
2025-11-22 23:55:00,1.39322715,1.45391131,27603369.2,44551837.8888,0.941528,1.312785
2025-11-23 23:55:00,1.47596004,1.54207286,26611225.2,42844072.572,1.638075,1.428776
2025-11-24 23:55:00,1.45090029,1.52242546,26732975.0,43868811.975,0.648886,1.575863
2025-11-25 23:55:00,1.48518851,1.51073473,26011849.4,43465800.3474,2.516073,1.562026
2025-11-26 23:55:00,1.41629156,1.4628331,24965650.8,41799586.18883609,1.111399,1.976743
2025-11-27 23:55:00,1.52376682,1.60434464,24236012.7,39166427.28082013,1.355426,2.035727
2025-11-28 23:55:00,1.418263,1.46074766,23188235.2,37459818.31913256,0.523089,1.631646
2025-11-29 23:55:00,1.39010601,1.43891194,24221290.6,38851735.61885416,1.084433,1.616196
2025-11-30 23:55:00,1.44109871,1.48302687,25298299.1,39703480.75034326,0.575579,1.620411
2025-12-01 23:55:00,1.30416546,1.35134508,26140452.9,38700871.50765435,1.764261,1.161124
2025-12-02 23:55:00,1.2678521,1.28847885,24577637.4,37624597.31957395,0.932798,1.401284
2025-12-03 23:55:00,1.32338885,1.39034677,25004134.9,39902255.83212652,0.395444,1.54425
2025-12-04 23:55:00,1.30352975,1.45748013,24667158.0,38075362.72495632,0.447281,1.710384
2025-12-05 23:55:00,1.30125162,1.37430427,24860227.5,36904975.40545425,2.01403,1.544936
2025-12-06 23:55:00,1.36141461,1.38065559,25146777.9,37493845.8489,1.35285,1.624903
2025-12-07 23:55:00,1.26003012,1.35047361,25015409.7,36372405.7038,0.684648,1.530059
2025-12-08 23:55:00,1.25760677,1.35026431,25777184.7,38743108.6041,0.372311,1.535709
2025-12-09 23:55:00,1.29759141,1.42373701,26249418.6,40537762.7890787,0.531818,1.719168
2025-12-10 23:55:00,1.35992417,1.51208791,25912536.4,37987778.3624,0.585599,1.788701
2025-12-11 23:55:00,1.41684093,1.43041065,34457513.7,47455977.75879833,1.135428,1.318136
2025-12-12 23:55:00,1.33027282,1.38440171,36691867.9,49313870.4576,1.695835,1.579764
2025-12-13 23:55:00,1.41605839,1.4008547,36514666.6,49258285.2434,0.920988,1.524872
2025-12-14 23:55:00,1.4100424,1.41131433,37577461.2,49376784.0168,1.480207,1.638104
2025-12-15 23:55:00,1.35535466,1.37878788,38712640.5,48932777.592,1.380177,1.745002
2025-12-16 23:55:00,1.42492013,1.42337299,37995260.0,48917117.9319742,1.75931,1.847158
2025-12-17 23:55:00,1.57491676,1.62270494,39037513.9,47769909.4646995,2.391843,2.031739
2025-12-18 23:55:00,1.42798806,1.44284633,38037009.8,45152512.58482523,0.52847,1.872127
2025-12-19 23:55:00,1.56969481,1.48396018,36938171.6,48315128.4528,1.415718,1.604427
2025-12-20 23:55:00,1.91237331,1.85691318,37020174.9,50828700.1377,0.976358,1.780574
2025-12-21 23:55:00,1.89301356,1.926442,36500075.1,46610595.9027,0.759402,2.265246
2025-12-22 23:55:00,1.93605916,1.88533773,35099480.4,45559125.5592,0.83503,2.197473
2025-12-23 23:55:00,1.89985147,1.83744,36576307.4,47914962.694,0.145978,1.862496
2025-12-24 23:55:00,1.91457696,1.80054979,37961627.9,48249229.0609,13.10633,2.057237
2025-12-25 23:55:00,1.65736406,1.68475816,38283107.0,46433532.24358518,1.058179,1.952332
2025-12-26 23:55:00,1.39018315,1.41817317,39604315.4,48573720.15611377,0.309926,1.844811
2025-12-27 23:55:00,1.27596643,1.30950775,40109665.3,52784319.5348,1.870482,2.020308
2025-12-28 23:55:00,2.0536454,2.07827789,39004820.0,52019772.4258618,0.988682,2.275415
2025-12-29 23:55:00,2.23007451,2.32888087,38004621.5,50021992.17591901,0.638172,2.314497
2025-12-30 23:55:00,2.1468254,2.19369527,36809343.5,48613293.09964048,0.658892,2.464474
2025-12-31 23:55:00,1.96927609,2.15518441,35733475.7,46346190.77172651,1.319905,2.449645
2026-01-01 23:55:00,1.46869206,1.59884741,40084137.7,59444776.2091,0.45299,1.638895
2026-01-02 23:55:00,1.8659532,1.92705882,41145950.8,61883510.0032,0.699245,1.950974
2026-01-03 23:55:00,1.98579382,2.08659218,39615762.2,59146332.9646,1.171898,1.921255
2026-01-04 23:55:00,1.85154976,1.93571844,38322940.2,57216149.7186,1.364286,1.989658
2026-01-05 23:55:00,1.91286069,1.96791604,40435049.5,63391330.72714588,0.697837,1.880044
2026-01-06 23:55:00,1.90042868,2.04385692,38059708.4,60602742.3868613,1.394861,2.584605
2026-01-07 23:55:00,1.96814653,2.12416428,35050516.3,53174707.85838984,0.628771,2.767937
2026-01-08 23:55:00,1.85438931,2.02147898,33313318.7,49836724.7752,1.03193,2.672223
2026-01-09 23:55:00,1.77652703,1.89777387,32885640.4,48932796.35981459,3.341932,2.704653
2026-01-10 23:55:00,1.73938956,1.88355167,31994904.2,47363158.2718116,1.122524,2.711304
2026-01-11 23:55:00,1.69530977,1.82323513,32534637.4,47370432.0544,0.442654,2.625202
2026-01-12 23:55:00,1.59635505,1.70139261,32415456.9,47339823.69925383,0.969359,2.462905
2026-01-13 23:55:00,1.6636642,1.71598303,33599178.6,52950728.32815652,1.032619,2.940545
2026-01-14 23:55:00,1.79174701,1.9057117,30717960.1,48848026.06857666,2.170033,2.749939
2026-01-15 23:55:00,1.88164394,2.08174905,31304828.4,47051157.0852,0.587677,2.837989
2026-01-16 23:55:00,1.75897532,1.86974665,31206744.6,47384491.70153296,1.347985,2.657185
2026-01-17 23:55:00,1.80165913,1.83047337,31490866.1,48797004.42370968,0.809699,3.014366
2026-01-18 23:55:00,2.09295288,2.18693163,31526935.5,45651002.604,0.504855,3.104568
2026-01-19 23:55:00,1.41505114,1.4586867,33393721.7,46183517.1111,1.567205,2.071034
2026-01-20 23:55:00,1.41660434,1.52723687,33730627.0,44220851.997,1.423259,2.470013
2026-01-21 23:55:00,1.31851519,1.4167075,33094954.8,44611999.0704,2.969732,2.350547
2026-01-22 23:55:00,1.33051818,1.47105075,33914965.9,44666010.0903,1.577381,2.513881
2026-01-23 23:55:00,1.26189829,1.38610921,34070008.2,44690908.40334775,1.920709,2.443223
2026-01-24 23:55:00,1.31466703,1.39914645,35247561.9,46350543.8985,0.042376,2.216868
2026-01-25 23:55:00,1.25073171,1.38475708,34021009.5,42560282.8845,2.152533,1.985102
2026-01-26 23:55:00,1.27576523,1.36154554,35118770.2,44520503.6159798,1.060642,2.038546
2026-01-27 23:55:00,1.29607208,1.39437918,35473462.1,45104717.77251487,0.978014,2.285381
2026-01-28 23:55:00,1.30077085,1.41426264,36586548.0,46823269.12409916,0.808092,2.12643
2026-01-29 23:55:00,1.30531485,1.41361502,38569261.2,46013128.6116,3.32995,1.750074
2026-01-30 23:55:00,1.33891275,1.43322001,38479096.3,45212938.1525,0.761871,1.712543
2026-01-31 23:55:00,1.15423112,1.30943968,40312115.5,42402680.44440878,1.038448,1.704014
2026-02-01 23:55:00,1.25582934,1.42475463,39003206.4,40342212.99789235,1.323533,1.741423
2026-02-02 23:55:00,1.38231739,1.5239842,39101338.4,42307648.1488,0.707467,1.835598
2026-02-03 23:55:00,1.48413002,1.6886585,39539715.4,42202428.56925335,1.339896,2.158704
2026-02-04 23:55:00,1.58297612,1.79617193,39221791.9,41143659.7031,0.281046,2.404018
2026-02-05 23:55:00,1.48503485,1.68274707,37730962.5,33307611.59689425,0.975167,1.989106
2026-02-06 23:55:00,1.2913556,1.41193455,36248476.7,35345612.32932325,0.887986,1.541844
2026-02-07 23:55:00,1.45232432,1.7146933,35185172.0,34305542.7,0.822107,2.031205
2026-02-08 23:55:00,1.32440823,1.54019701,36649714.9,34182410.28078838,0.659555,1.760833
2026-02-09 23:55:00,1.28226538,1.41956586,38505169.4,36059386.11344829,1.884112,1.726381
2026-02-10 23:55:00,1.18116806,1.3678653,37760299.5,34007828.95606404,4.001662,1.883753
2026-02-11 23:55:00,1.18638954,1.36327906,36069132.3,31686237.49636352,0.532677,1.718658
2026-02-12 23:55:00,1.11493687,1.26282579,38042680.3,34732967.1139,1.213859,1.659885
2026-02-13 23:55:00,1.19764264,1.37200684,35931273.8,34427068.51240108,1.169724,1.830658
2026-02-14 23:55:00,1.42739671,1.62197146,34567569.2,35086082.738,0.761124,2.146983
2026-02-15 23:55:00,1.4493539,1.75752212,33183181.7,31928997.79659859,4.185888,1.98324
2026-02-16 23:55:00,1.51708478,1.75496928,33235848.3,32488463.47616493,3.605304,1.958044
2026-02-17 23:55:00,1.52818417,1.77111031,33355066.8,31987509.0612,0.86993,2.180514
2026-02-18 23:55:00,1.40398406,1.58234908,33316022.1,30867474.04900912,0.408073,2.112838
2026-02-19 23:55:00,1.23595107,1.37308249,33872980.2,30977238.40041735,1.068491,2.063692
2026-02-20 23:55:00,1.22367049,1.37982024,33358550.5,31924132.8285,0.061182,1.84455
2026-02-21 23:55:00,1.56536872,1.75827697,34401921.3,33369863.661,0.074921,2.045102
2026-02-22 23:55:00,1.30332829,1.47754723,34013990.2,31582118.47358296,0.590062,1.917156
2026-02-23 23:55:00,1.06933671,1.22001568,34980452.1,31114631.16173362,5.625742,1.899148
2026-02-24 23:55:00,1.05416477,1.19217172,36002801.3,31628156.358351,0.01633,2.0409
2026-02-25 23:55:00,1.06197655,1.20175856,36204352.8,38449022.6736,0.644194,1.880786
2026-02-26 23:55:00,1.6907192,1.9522886,33208571.2,34029633.52986299,0.700545,2.174973
2026-02-27 23:55:00,1.85243369,2.10333333,32617475.2,32421770.3488,1.28831,2.093743
2026-02-28 23:55:00,1.71137099,1.9335225,30650475.8,30802054.96952608,2.31037,2.010207
2026-03-01 23:55:00,1.66822315,1.94937222,30364945.3,29257541.51424861,1.431324,2.220362
2026-03-02 23:55:00,1.69790142,1.93183641,29815676.1,29428072.3107,0.514294,2.262313
2026-03-03 23:55:00,1.79491741,2.03973233,30352048.3,30336000.86854331,1.337774,2.011997
2026-03-04 23:55:00,1.84039584,2.05585436,30199227.4,30926163.57247499,0.861262,2.160257
2026-03-05 23:55:00,1.82649109,2.05236908,30236582.0,30555191.51658204,0.229108,2.12097
2026-03-06 23:55:00,1.58513661,1.87848384,31560433.8,30844654.83877651,10.156436,1.895696
2026-03-07 23:55:00,1.32980501,1.54956085,31305833.3,29789779.76267257,0.475508,1.821628
2026-03-08 23:55:00,1.05790201,1.23769852,32789227.4,30622034.56333432,1.748649,1.640288
2026-03-09 23:55:00,1.07015738,1.2233226,32209875.9,30195946.64527856,6.44114,1.889584
2026-03-10 23:55:00,1.20364865,1.36689655,44551083.7,38536687.4005,1.024222,1.979342
2026-03-11 23:55:00,1.09824928,1.21350044,46373403.9,40669475.2203,0.655504,1.771671
2026-03-12 23:55:00,1.12720758,1.26232699,49275752.8,43189031.46488875,0.52327,1.737596
2026-03-13 23:55:00,1.14134795,1.29286523,46173771.3,40095032.17084747,0.602616,1.934639
2026-03-14 23:55:00,1.1389325,1.26154529,50199717.5,44276150.835,3.125307,2.048066
2026-03-15 23:55:00,1.12368318,1.26549063,49131484.6,43967174.51678027,4.397321,2.23219
2026-03-16 23:55:00,1.05297736,1.17519093,39309952.5,38890384.7977827,0.892473,2.037936
2026-03-17 23:55:00,1.2529468,1.45975149,38150710.5,36960957.32112409,1.22444,2.355566
2026-03-18 23:55:00,1.1652381,1.41632874,38786613.9,35838831.2436,1.25215,2.331512
2026-03-19 23:55:00,1.27058257,1.48818681,40521976.6,36226647.0804,2.89129,2.393677
2026-03-20 23:55:00,1.23036566,1.46538462,41263275.3,37157325.22587415,1.675154,2.507762
2026-03-21 23:55:00,1.28933422,1.54501286,39091298.9,34388944.40015375,1.118855,2.562969
2026-03-22 23:55:00,1.1582955,1.33887786,42501029.1,35976742.02397043,1.221975,2.134246
2026-03-23 23:55:00,1.02346953,1.16186622,41521310.9,38323748.10418125,1.337613,2.070831
2026-03-24 23:55:00,1.24672414,1.470317,38363238.1,35421789.75995108,0.359845,2.268791
2026-03-25 23:55:00,1.22628726,1.45975365,38970204.5,36125888.13266873,1.784448,2.641109
2026-03-26 23:55:00,1.21698999,1.44684253,37964165.3,32990859.6457,7.818338,2.760148
2026-03-27 23:55:00,1.09356015,1.25773905,41747086.4,35005580.27865179,1.393362,2.231808
2026-03-28 23:55:00,1.09104084,1.28946168,44867653.7,35862616.44489532,0.513914,2.19094
2026-03-29 23:55:00,1.0947651,1.27436907,45209713.8,36199093.68601205,1.098191,1.922386
2026-03-30 23:55:00,0.90470723,0.99144504,45729275.3,37306604.49235359,7.024009,2.159162
2026-03-31 23:55:00,1.00697945,1.14906155,43969444.2,36582577.5744,3.109641,2.336349
2026-04-01 23:55:00,1.08609272,1.22444703,42918860.1,35923085.9037,0.668408,2.42274
2026-04-02 23:55:00,1.13224368,1.30915935,43443102.2,35449571.3952,0.058677,2.430044
2026-04-03 23:55:00,1.32783183,1.50564399,42630030.8,35575339.19211796,1.435591,2.701103
2026-04-04 23:55:00,1.55929304,1.80537975,43529794.5,36477967.791,0.758595,2.509632
2026-04-05 23:55:00,1.34441687,1.5711501,42920496.4,36224898.9616,0.452212,2.219722
2026-04-06 23:55:00,1.57783261,1.74486415,40302964.4,34579943.4552,3.056386,2.032248
2026-04-07 23:55:00,1.93828105,1.96685714,40901602.8,37465868.1648,0.602104,2.251616
2026-04-08 23:55:00,1.85042333,2.13221246,39257138.1,34678515.27197604,1.127017,2.370547
2026-04-09 23:55:00,2.09954751,2.21614063,39195257.2,35442796.16843157,0.648836,2.42442
2026-04-10 23:55:00,1.97298662,2.16842517,39067794.8,35707964.4472,2.367089,2.518044
2026-04-11 23:55:00,1.98060666,2.2704102,38606545.0,34726596.10700535,1.363352,2.42356
2026-04-12 23:55:00,1.68993711,1.99130737,38426367.6,32914677.33639357,1.02151,2.419747
2026-04-13 23:55:00,1.56931977,1.75708238,38482504.1,35345533.12495608,0.748156,2.205858
2026-04-14 23:55:00,1.70733904,2.04067164,38224932.6,33765473.97087731,1.037739,2.24761
2026-04-15 23:55:00,1.70068807,1.91778774,38595465.0,35345346.2957151,1.206566,2.277304
2026-04-16 23:55:00,1.88627546,2.02614627,40342222.8,40246681.92743167,0.783984,2.282738
2026-04-17 23:55:00,2.02839703,2.30538922,40101682.2,39393952.07287834,0.372153,2.590489
2026-04-18 23:55:00,1.9020979,2.19974927,37716646.6,35491364.4506,0.341315,2.723635
2026-04-19 23:55:00,1.83640898,2.15700781,36127579.9,32715212.92508613,0.952882,2.971735
2026-04-20 23:55:00,1.78526316,2.04618938,36608213.5,33752772.847,0.095682,2.855071
2026-04-21 23:55:00,1.62800506,1.97105644,35978457.6,33309941.15636122,1.101654,2.805826
2026-04-22 23:55:00,1.67521562,2.03192308,35739426.7,33110811.52289968,0.218731,2.795835
2026-04-23 22:25:00,1.36227824,1.65436457,36218397.7,33655327.09030831,0.250765,2.731858
2026-04-24 20:25:00,1.35672951,1.66698749,37484118.6,35310039.7212,0.617885,2.239339
2026-04-25 23:20:00,1.60902256,1.96467991,38480683.1,36042262.26172906,0.280771,2.570695
2026-04-26 22:55:00,1.60344828,1.91209186,38501670.5,36250531.7282037,1.338073,2.660554
2026-04-27 23:00:00,1.20100259,1.47399494,39468070.5,36152752.578,0.805017,3.015349
2026-04-28 23:15:00,1.14146114,1.43584802,39212064.7,35936134.71154773,0.15617,2.97608
2026-04-29 22:45:00,1.09727451,1.37425956,39875225.6,36512333.29643827,3.458878,3.056468
2026-04-30 20:50:00,1.21058765,1.46939368,40173965.4,37101487.04102516,0.59666,2.986133
2026-05-01 22:30:00,1.2565337,1.50846954,40340351.1,37160570.12275329,0.015663,3.130065
2026-05-02 23:55:00,1.15274005,1.39190687,40303234.7,37562614.7404,1.306556,3.297367
2026-05-03 23:50:00,1.20040013,1.45723307,40293957.0,37231616.268,0.336115,3.25023
2026-05-04 23:35:00,1.38384222,1.64840477,39677530.4,37046574.06579752,0.616006,3.118033
2026-05-05 23:25:00,1.38280509,1.58988764,40972526.4,39744732.61131547,0.603441,2.990726
2026-05-06 23:20:00,2.13439244,2.28189509,53895999.2,58692743.1288,2.141321,2.813187
2026-05-07 23:50:00,2.16266174,2.38938688,52771540.7,57837608.6072,0.547075,3.186689
2026-05-08 23:45:00,2.43744717,2.57269445,58145069.6,75181574.9928,0.60784,2.870002
2026-05-09 20:55:00,2.30147545,2.5687089,53520163.5,65026998.6525,0.4822,3.224941
2026-05-10 23:25:00,2.11627409,2.36607442,52574739.5,60124179.77664838,0.970658,2.720549
2026-05-11 23:10:00,2.00405433,2.30688525,48835007.8,54939383.775,2.170451,3.256284
2026-05-12 22:40:00,1.92763412,2.28427877,48119810.8,52865215.71576766,2.490824,3.117372
2026-05-13 23:55:00,1.71285476,2.13621897,46061248.3,48180065.7218,0.096273,3.143127
2026-05-14 23:00:00,1.63436803,1.96310395,47217104.2,49861262.0352,0.622981,3.168771
2026-05-15 23:25:00,1.5094751,1.93443591,45380755.9,45834563.459,1.096032,3.182315
2026-05-16 21:55:00,1.52952251,1.91887019,42794235.7,41718021.4399597,0.016592,3.306582
2026-05-17 20:00:00,1.4989339,1.85996514,43071742.7,41650375.1909,2.010132,3.16006
2026-05-18 22:55:00,1.43992121,1.74112972,42590321.4,40801527.9012,8.04733,2.926673
2026-05-19 22:20:00,1.47181208,1.79350948,43604749.3,40814045.3448,0.371105,2.917927
2026-05-20 23:15:00,1.46619276,1.76341948,43923882.4,42432360.00382085,2.507099,2.962792
2026-05-21 20:10:00,1.79839592,2.16826774,43806735.7,44157189.5856,0.18255,2.998782
2026-05-22 23:55:00,1.96448147,2.38234234,42255653.9,40584804.49665239,1.180753,2.804382
2026-05-23 22:45:00,1.64950753,2.00746733,41412697.2,40658411.30272286,1.089186,2.821166
2026-05-24 23:35:00,1.59190587,2.05451186,41154987.3,39248608.85913851,1.892896,2.885571
2026-05-25 23:00:00,1.53514739,1.93797277,40720979.9,39925680.43090224,2.169541,2.821516
2026-05-26 18:55:00,1.99780365,2.28307155,43956121.9,44254681.55029162,1.304925,2.903015
2026-05-27 21:50:00,2.60797254,2.71856523,44693775.2,46397534.98401765,1.098443,2.138233
2026-05-28 23:45:00,2.02533896,2.4020916,47707406.2,45488065.29676099,0.635912,2.252975
2026-05-29 23:50:00,1.71793871,2.10730744,44798451.3,42827319.4428,3.921477,2.301551
2026-05-30 23:25:00,1.80436137,2.16261554,42853262.8,41610518.1788,0.416353,2.61379
2026-05-31 23:30:00,1.4832913,1.91546223,44879084.1,41791335.79529385,0.397602,2.428965
2026-06-01 22:35:00,1.24840949,1.55925926,44152212.6,41812145.3322,0.928013,2.305869
2026-06-02 23:35:00,1.3275972,1.72330497,45217312.4,38638219.21966807,0.606111,2.255124
2026-06-03 18:25:00,1.26787129,1.52252733,45517455.8,42558839.83515688,2.560055,2.273932
2026-06-04 23:55:00,1.34989719,1.6030708,47636335.4,41251566.38819826,0.631298,2.126722
2026-06-05 22:15:00,1.30930626,1.62113252,49836501.9,36835684.54797818,0.519008,1.439652
2026-06-06 23:15:00,1.35988819,1.62907046,50281223.8,36510887.55873639,0.857717,1.466457
2026-06-07 23:00:00,1.3055219,1.55474453,47853087.3,36898045.57018814,1.231881,1.530987
2026-06-08 23:50:00,1.33205775,1.63139226,45885326.5,35472939.65193985,1.523514,1.668121
2026-06-09 23:30:00,1.33881638,1.66828676,44203092.3,33771162.5172,2.816968,1.685769
2026-06-10 23:50:00,1.3253742,1.69228366,45663400.2,33562599.147,0.967342,1.650155
2026-06-11 23:55:00,1.31277689,1.61837672,43617431.5,33018395.6455,1.079166,1.759431
2026-06-12 23:55:00,1.24889326,1.61982986,45624985.8,34150726.6399178,0.71733,1.874791
2026-06-13 23:55:00,1.3048618,1.67886057,46570357.1,36511159.9664,0.189897,1.787579
2026-06-14 23:55:00,1.28578562,1.63416789,45539996.2,36158756.9828,1.009892,1.754869
2026-06-15 23:55:00,1.27033372,1.57388516,43363219.2,34473759.264,1.018671,1.703353
2026-06-16 23:55:00,1.25707987,1.58440421,44454321.2,35878620.76012273,1.049837,1.767986
2026-06-17 23:55:00,1.37874001,1.75806452,43804357.3,34955877.1254,1.293866,1.753394
2026-06-18 23:55:00,1.32183073,1.67586426,43205859.4,34521481.6606,1.13077,1.762114
2026-06-19 23:55:00,1.4124491,1.74817033,42067337.7,33294675.25233491,0.730409,1.773585
2026-06-20 23:55:00,1.63624895,1.90238764,40970257.5,32243592.6525,1.912163,1.840448
2026-06-21 23:55:00,1.72213605,2.08067542,40241314.9,31468708.2518,0.606597,1.799218
2026-06-22 23:55:00,1.8009324,2.07899734,40990494.8,32276944.05703453,0.109599,1.668438
2026-06-23 23:55:00,1.39639469,1.72989076,40647898.2,32033101.34735474,21.018294,1.636908
2026-06-24 23:55:00,1.40246867,1.69907259,42188856.7,31619174.84936442,0.585519,1.521906
2026-06-25 23:55:00,1.2625,1.54966484,41891235.4,30831949.2544,4.914525,1.407858
2026-06-26 23:55:00,1.23019126,1.51220965,40301867.6,29984589.4944,0.298652,1.582074
2026-06-27 23:55:00,1.27601257,1.58685732,40112700.5,29143612.18867363,0.222151,1.845714
2026-06-28 23:55:00,1.12526284,1.46299342,41283251.8,29558808.2888,0.119725,1.801014
2026-06-29 23:55:00,1.11832807,1.36562253,40265861.1,29459461.10027835,2.120806,1.72866
2026-06-30 23:55:00,1.17891668,1.44867955,42909134.5,30784854.75035274,1.109335,1.852101
2026-07-01 23:55:00,1.30550775,1.54496564,41378943.5,30454041.7339752,0.312297,1.918452
2026-07-02 23:55:00,1.94074074,2.16450567,41566742.1,32131091.6433,1.056353,1.707947
2026-07-03 23:55:00,2.27975316,2.40849526,40444310.8,32607365.73645239,0.194709,1.72052
2026-07-04 23:55:00,2.20264444,2.42573363,39454024.6,31444857.6062,1.13543,1.936662
2026-07-05 23:55:00,1.98161282,2.26441692,39715980.8,31755892.24188634,5.670987,2.04274
2026-07-06 23:55:00,1.74872294,2.18568421,39595541.7,31448397.88388469,0.673466,2.167937
2026-07-07 23:55:00,1.75662414,2.1787968,39326757.2,30399583.3156,0.77517,2.262422
2026-07-08 23:55:00,1.8654224,2.11151515,39724712.7,30385432.74423,0.985014,1.978465
2026-07-09 23:55:00,1.73942635,2.1568545,39798750.8,31048813.15834134,0.119013,1.945306
2026-07-10 23:55:00,1.8712178,2.32365875,38985080.2,30675558.49867476,0.36653,1.989238
2026-07-11 23:55:00,1.98385062,2.31952157,38024209.1,29321069.17999796,0.565118,2.065633
2026-07-12 23:55:00,1.70152737,2.03070011,38781631.5,29922818.65282011,1.147041,2.006785
2026-07-13 23:55:00,1.42366216,1.70065076,40276929.2,30165233.73908303,2.709319,2.969922
2026-07-14 23:55:00,1.20936239,1.53020739,37286922.7,29266912.05468743,0.720466,2.439045
2026-07-15 23:55:00,1.52443064,2.00038139,37927208.5,29913189.34395,1.553212,3.052504
2026-07-16 23:55:00,1.68905788,1.93517844,36602134.0,28165342.113,4.420064,3.079478
2026-07-17 23:40:00,1.36881998,1.70807853,36129616.6,27603027.0824,1.288692,2.683439
2026-07-18 23:55:00,1.19557299,1.38285714,38410950.5,28771868.81774641,2.072769,2.474456
2026-07-19 23:55:00,1.27633379,1.49290954,41774831.2,30052813.56528,3.102238,2.140116
2026-07-20 23:55:00,1.06357321,1.26181735,42643745.7,31344738.15752767,1.860719,2.038006
2026-07-21 23:55:00,0.97087379,1.20713436,42953807.0,33034363.64929233,1.560445,1.946787
2026-07-22 23:55:00,1.27998605,1.52508067,41543826.1,31656395.4882,0.864261,2.078648
2026-07-23 23:55:00,1.1023469,1.41453098,42343639.3,30800763.22682,0.357497,2.36199
2026-07-24 23:55:00,1.16273416,1.45828017,43029197.2,30933689.86708,0.204158,2.393262
2026-07-25 23:55:00,1.16197686,1.43189285,44459867.7,32718016.64043,1.159797,2.273212
2026-07-26 23:55:00,1.29011858,1.58474099,42969792.8,31989162.17911375,0.591307,2.331093
2026-07-27 23:55:00,1.2262532,1.58391987,43747414.4,30347581.36928,2.592895,2.357438
2026-07-28 23:55:00,1.24894576,1.52642487,44459362.9,31397202.07998,0.791152,2.245964
2026-07-29 23:55:00,1.22374892,1.55713916,46235961.8,31357229.29276,1.183534,2.304994
2026-07-30 23:55:00,1.16630197,1.41201935,44775922.5,31919168.73931583,0.346656,2.204346
2026-07-31 23:55:00,1.35852034,1.68962351,43031389.7,30771746.77447,2.043746,2.25939
2026-08-01 23:55:00,1.38574168,1.72073984,42483659.1,29755554.83364,0.656003,2.3341
2026-08-02 23:55:00,1.39350559,1.75531587,43916711.5,31555394.78568007,8.525353,2.608798
2026-08-03 23:55:00,1.45663454,1.85374593,43302756.6,31336094.37506332,7.943607,2.82757
2026-08-04 23:55:00,1.40555656,1.78390368,43233581.0,31060713.18152112,0.310496,3.044269
2026-08-05 23:55:00,1.39225225,1.8171521,42929013.9,30900304.20522,2.199834,3.178788
2026-08-06 23:55:00,1.22539385,1.58414465,44567507.6,31358382.01292658,2.353072,2.526632
2026-08-07 23:55:00,1.24336482,1.61820616,47535131.0,32483215.90603187,1.723124,2.367809
2026-08-08 23:55:00,1.27392364,1.68452205,45425886.0,32250181.35563532,0.72946,2.447337
2026-08-09 23:55:00,1.36724906,1.81711461,43947229.3,30772983.79437594,1.44549,2.627056
2026-08-10 23:55:00,1.19574341,1.5585948,44076022.3,30963405.66575,1.028501,2.67798
2026-08-11 22:25:00,1.30825203,1.71722902,43507304.9,30898887.93998,0.43122,2.688714
2026-08-12 23:25:00,1.36701698,1.77153558,47160921.0,31484630.8596,1.104207,2.34401
2026-08-13 23:55:00,1.22291066,1.51984829,50776038.7,34380455.80377,0.727814,2.125686
2026-08-14 22:20:00,1.20457488,1.53205619,50436288.6,33913360.45464,1.440376,2.170124
2026-08-15 21:05:00,1.31738076,1.68377294,47321818.0,32566875.1476,5.85356,2.345357
2026-08-16 23:55:00,1.34267815,1.72409941,48347516.1,32222541.33104097,1.031222,2.09556
2026-08-17 23:50:00,1.24267904,1.55475578,50813121.0,34158901.58769849,1.584689,2.108861
2026-08-18 20:35:00,1.26354883,1.59185149,58273779.6,36840683.46312,0.358933,2.110691
2026-08-19 23:30:00,1.11416122,1.37560233,54759191.8,36745562.06775089,0.546531,2.628646
2026-08-20 23:30:00,1.21365936,1.54066265,52724066.2,38787348.22778613,0.780946,2.799872
2026-08-21 23:40:00,1.8553831,2.18823529,48845500.6,39644791.63618691,0.986004,3.148397
2026-08-22 23:05:00,1.63005081,2.07441091,48109166.2,36598011.91521005,1.250357,3.680722
2026-08-23 23:10:00,1.46140652,1.90234671,48994831.3,37850196.03108491,0.920322,3.585349
2026-08-24 22:40:00,1.42378111,1.92918696,48618004.0,36516982.8044,2.871393,3.759489
2026-08-25 22:55:00,1.30862358,1.86524823,47976520.9,34353366.13891845,1.582953,3.643919
2026-08-26 23:20:00,1.33059211,1.82424653,50714911.6,35922726.48156884,1.638269,3.503458
2026-08-27 21:45:00,1.39615737,1.81322699,49986394.4,35321832.88929394,0.763589,2.981074
2026-08-28 22:20:00,1.25431321,1.71753846,52053893.3,35435571.78379294,2.120248,2.959936
2026-08-29 21:50:00,1.26140526,1.67121626,51833269.3,35271556.99986407,0.710544,2.942504
2026-08-30 23:50:00,1.20327816,1.6260282,49690867.7,32665916.27706011,1.586184,2.968208
2026-08-31 21:40:00,1.18393662,1.54675653,50777337.9,34464790.58579554,2.055333,2.896415
2026-09-01 23:20:00,1.24783056,1.55376344,58269094.9,44627785.85049298,1.129843,2.369649
2026-09-02 23:30:00,1.54618399,1.69180234,61974980.6,49539094.00754993,0.652767,2.029841
2026-09-03 22:50:00,1.61080753,1.77695167,56826428.2,45290663.2754,0.880619,2.13921
2026-09-04 23:50:00,1.49980292,1.83300845,53343893.4,40475898.55865312,2.008594,2.562452
2026-09-05 23:40:00,1.67474271,2.03322729,54188466.0,42667998.1284,1.010694,2.515453
2026-09-06 17:35:00,1.61544956,1.97269271,52711053.0,41784051.7131,4.743076,2.653111
2026-09-07 22:00:00,1.89544293,2.17037787,52915325.8,44017817.49073433,0.422456,2.614106
2026-09-08 23:30:00,2.05060074,2.3236036,54908961.4,46474944.92896,0.868708,2.753077
