create_time,count_long_short_ratio,count_toptrader_long_short_ratio,sum_open_interest,sum_open_interest_value,sum_taker_long_short_vol_ratio,sum_toptrader_long_short_ratio
2022-01-01 23:55:00,,,203215536.5,172479751.54356647,,
2022-01-02 23:55:00,,,206336880.6,177110084.7471636,,
2022-01-03 23:55:00,,,205893450.2,171254992.37175152,,
2022-01-04 23:55:00,,,211840852.7,174535678.53953,,
2022-01-05 23:55:00,,,183545725.3,141917554.80196,,
2022-01-06 23:55:00,,,186467080.8,145351089.4836,,
2022-01-07 23:55:00,,,187918657.7,143121384.72701237,,
2022-01-08 23:55:00,,,183533356.6,137089504.74361002,,
2022-01-09 23:55:00,,,187346573.6,141160721.61311153,,
2022-01-10 23:55:00,,,182695454.1,134797631.50442255,,
2022-01-11 23:55:00,,,185533081.9,142712046.59748,,
2022-01-12 23:55:00,,,189047142.2,150977643.49694687,,
2022-01-13 23:55:00,,,191083601.1,146644822.39348984,,
2022-01-14 23:55:00,,,191303325.7,148068774.0918,,
2022-01-15 23:55:00,,,197295958.7,153930306.97774,,
2022-01-16 23:55:00,,,198501587.1,154443338.0465844,,
2022-01-17 23:55:00,,,200497944.9,152639085.45237,,
2022-01-18 23:55:00,,,201015703.6,151063301.2554,,
2022-01-19 23:55:00,5.088978396191871,,197949251.4,146106342.45834,,
2022-01-20 23:55:00,5.760414507772021,,197618481.4,142016515.8305238,,
2022-01-21 23:55:00,4.9523592432186,,174338451.3,110570611.46277201,,
2022-01-22 23:55:00,3.838401020625133,,159137942.0,94723766.33390751,,
2022-01-23 23:55:00,3.739689669252756,,162018082.7,101844566.78522,,
2022-01-24 23:55:00,3.6026570048309177,,160997637.5,98594953.205,,
2022-01-25 23:55:00,3.5300346553715825,,166077439.4,102789269.92307135,,
2022-01-26 23:55:00,3.734932221063608,,166413405.1,103176311.162,,
2022-01-27 23:55:00,3.9501710863986315,,162403483.3,98806279.23972,,
2022-01-28 23:55:00,3.616981132075472,,165376531.4,101347757.619648,,
2022-01-29 23:55:00,3.507055328629781,,170614891.3,105201141.97558,,
2022-01-30 23:55:00,3.85840708,3.89900143,177583560.5,107011853.5573,0.8005909,1.18478518
2022-01-31 23:55:00,3.4901710957408083,,184420232.6,113930906.30294423,,
2022-02-01 23:55:00,3.231135282121006,,180141208.2,113335558.31733313,,
2022-02-02 23:55:00,3.9691808596918086,,180029725.1,107829936.23561588,,
2022-02-03 23:55:00,4.154162585700294,,177212097.3,107532300.64164,,
2022-02-04 23:55:00,3.3064433430182874,,189382967.5,124543470.18556236,,
2022-02-05 23:55:00,3.0472082044603614,,193627670.5,128956028.553,,
2022-02-06 23:55:00,3.085426331786914,,197943507.5,135332147.0797407,,
2022-02-07 23:55:00,1.4077455679829567,,235738476.3,195229985.11558172,,
2022-02-08 23:55:00,1.6436115843270869,,265327791.7,232692473.3209,,
2022-02-09 23:55:00,1.6835675503034175,,266446226.3,233987131.52135125,,
2022-02-10 23:55:00,1.8785631741140216,,244020731.8,201878351.41814,,
2022-02-11 23:55:00,2.500557966522009,,236143557.3,179067659.50059,,
2022-02-12 23:55:00,1.6503731030435147,,251074118.4,205946106.57360768,,
2022-02-13 23:55:00,2.1156855075298258,,227906435.2,184558631.22496,,
2022-02-14 23:55:00,2.124287571242876,,226464899.4,181615127.18066877,,
2022-02-15 23:55:00,2.1052313274871484,,216795919.2,184733394.03236693,,
2022-02-16 23:55:00,1.9707490169751607,,217519926.5,182155345.4320947,,
2022-02-17 23:55:00,2.5908378541289934,,192419247.7,147335417.96389,,
2022-02-18 23:55:00,2.502773246329527,,203444540.9,159622586.79014,,
2022-02-19 23:55:00,1.6360546529807627,,249197184.0,204920354.15293825,,
2022-02-20 23:55:00,2.5506044559896095,,233802610.9,181091739.79378563,,
2022-02-21 23:55:00,2.7009572431397575,,219675134.5,153554083.29371285,,
2022-02-22 23:55:00,2.7184287812041115,,200114220.9,144440225.3789102,,
2022-02-23 23:55:00,2.59106314,2.43792921,195642211.1,136383065.74775994,1.0080694,1.07545748
2022-02-24 23:55:00,2.4591656475064547,,184291276.0,127881531.6854686,,
2022-02-25 23:55:00,1.865999099909991,,188566445.1,146053382.0150957,,
2022-02-26 23:55:00,1.8735547614042465,,194619106.6,145803381.89503285,,
2022-02-27 23:55:00,2.2925229017083435,,180044319.8,129860440.51112214,,
2022-02-28 23:55:00,1.7890033641715728,,187013371.2,146207053.60416,,
2022-03-01 23:55:00,1.9325449871465297,,197379355.7,154725676.93323,,
2022-03-02 23:55:00,2.2369755150469204,,202670643.4,155622293.1401951,,
2022-03-03 23:55:00,2.394316163410302,,200810855.9,150972477.0770765,,
2022-03-04 23:55:00,2.724199779249448,,193280145.2,137383527.20816,,
2022-03-05 23:55:00,1.7284852603856937,,211656221.7,159588791.1618,,
2022-03-06 23:55:00,2.216992464781042,,199284373.8,144471880.36749345,,
2022-03-07 23:55:00,2.6272682078051206,,0.0,0.0,,
2022-03-08 23:55:00,2.7145320197044334,,206671774.2,148783010.24658,,
2022-03-09 23:55:00,1.7384765106608866,,225442399.0,172981952.7527,,
2022-03-10 23:55:00,2.5145448121540452,,202395457.9,149165452.4723,,
2022-03-11 23:55:00,1.2709251101321586,,256958655.6,206498327.65812644,,
2022-03-12 23:55:00,1.9722498279948015,,245596696.1,192947695.19492394,,
2022-03-13 23:55:00,2.314505018697107,,222239908.7,168924554.60287,,
2022-03-14 23:55:00,2.5622181221812217,,238312850.8,184288676.37437552,,
2022-03-15 23:55:00,2.4313505805663067,,226458389.5,173413713.88125253,,
2022-03-16 23:55:00,2.0687789799072642,,222354338.1,176371460.98092,,
2022-03-17 23:55:00,1.8780531130651035,,230651897.4,182634021.9414876,,
2022-03-18 23:55:00,1.9170407613575149,,220723182.0,176104891.30928257,,
2022-03-19 23:55:00,1.7271123803124475,,213143814.6,174479526.63156,,
2022-03-20 23:55:00,1.7680947883575169,,210718018.9,169655470.20108342,,
2022-03-21 23:55:00,1.566323768272875,,233582632.1,195715586.91399843,,
2022-03-22 23:55:00,1.8439116512028901,,226728806.2,189635973.50568,,
2022-03-23 23:55:00,2.1319645666031954,,232545659.5,194750036.71603096,,
2022-03-24 23:55:00,1.9671105406706242,,239516872.4,201834537.94054246,,
2022-03-25 23:55:00,2.147247119078105,,239234080.8,197349678.88939273,,
2022-03-26 23:55:00,2.284821505008133,,241728458.6,201190596.09278,,
2022-03-27 23:55:00,2.0917899031106577,,237235064.2,203478668.65872294,,
2022-03-28 23:55:00,2.0374194770746494,,240869525.1,206714291.47559178,,
2022-03-29 23:55:00,2.706865127582017,,248480063.7,213121350.63549,,
2022-03-30 23:55:00,2.84179801517805,,250027263.1,215459836.35019684,,
2022-03-31 23:55:00,3.293268053855569,,242302107.7,197040073.98164,,
2022-04-01 23:55:00,3.306951375188581,,244254839.9,201681221.30543,,
2022-04-02 23:55:00,3.0605891542066503,,240791665.8,198316015.95288,,
2022-04-03 23:55:00,2.766946082996999,,240010715.2,202281030.77056,,
2022-04-04 23:55:00,3.1461166685399573,,238739329.8,197348968.0481225,,
2022-04-05 23:55:00,3.1380697050938338,,243200629.3,198670594.07517,,
2022-04-06 23:55:00,3.5027986348122866,,230451160.7,175073746.78379,,
2022-04-07 23:55:00,3.4040285899935023,,228540333.6,179929804.64328,,
2022-04-08 23:55:00,3.7377072211295306,,233119481.3,175767461.4784962,,
2022-04-09 23:55:00,3.7968983811726296,,234445342.4,179018871.75399444,,
2022-04-10 23:55:00,3.9782485072504974,,237823164.6,179818094.75406,,
2022-04-11 23:55:00,4.258466135458168,,223200416.4,154722528.64848,,
2022-04-12 23:55:00,4.3135161767121035,,223812093.3,160324411.23472524,,
2022-04-13 23:55:00,4.2259401381427475,,225285084.5,163016287.1442,,
2022-04-14 23:55:00,3.76634056429888,,230741585.1,167241500.88048,,
2022-04-15 23:55:00,1.5074982562194839,,272529285.2,213853730.09644,,
2022-04-16 23:55:00,1.8433312285132954,,258766149.3,202122239.21823,,
2022-04-17 23:55:00,2.3546559444393678,,242544761.7,182272388.41755,,
2022-04-18 23:55:00,2.6121090448013526,,234179683.8,179692483.21948245,,
2022-04-19 23:55:00,2.564284977832766,,237177108.0,183859694.1216,,
2022-04-20 23:55:00,3.2895646988670246,,233014953.1,175053588.0072527,,
2022-04-21 23:55:00,4.218221325469502,,229347469.6,167950186.435233,,
2022-04-22 23:55:00,4.309572599531616,,226876087.8,163114791.2469922,,
2022-04-23 23:55:00,4.769549218031279,,227593408.2,160628096.72388187,,
2022-04-24 23:55:00,4.827932793279328,,235841921.9,164500957.469567,,
2022-04-25 23:55:00,5.050929949591517,,221419380.1,153752525.9438961,,
2022-04-26 23:55:00,5.471382998686432,,227825612.6,145612133.96828187,,
2022-04-27 23:55:00,5.557096541786744,,228768652.6,149202915.22572,,
2022-04-28 23:55:00,5.388186384895202,,230800857.5,148497271.7155,,
2022-04-29 23:55:00,5.121845082680592,,235591159.9,143804844.00296,,
2022-04-30 23:55:00,4.713850837138509,,227368362.1,133088722.46084775,,
2022-05-01 23:55:00,4.681402995981001,,215048985.7,130685268.60989,,
2022-05-02 23:55:00,3.7230857800805985,,226995546.7,139313890.61788327,,
2022-05-03 23:55:00,3.7238733082182223,,222251532.4,134349633.3710233,,
2022-05-04 23:55:00,3.6657414170927685,,226780667.4,146341564.67322,,
2022-05-05 23:55:00,4.71963990446445,,221993893.0,132873259.20776138,,
2022-05-06 23:55:00,4.804015636105189,,227788675.9,137106004.02421,,
2022-05-07 23:55:00,4.217707996115248,,225648790.4,131350160.89184,,
2022-05-08 23:55:00,4.24503631961259,,217956978.5,122993122.96755,,
2022-05-09 23:55:00,3.151626863279372,,207457165.7,102691297.0215,1.1950259916,
2022-05-10 23:55:00,3.209507923269391,,194128498.1,99626745.22492,,
2022-05-11 23:55:00,2.7800532459553553,,185114940.1,76156286.35714,0.7714909377,
2022-05-12 23:55:00,2.603932584269663,,188400440.0,72609529.576,1.1048836193,
2022-05-13 23:55:00,2.356049822064057,,184013671.7,77727978.49092318,0.7607713967,
2022-05-14 23:55:00,2.4972129319955405,,181754332.7,77718152.66252,0.6293951738,
2022-05-15 23:55:00,2.438820038401117,,181874561.9,81372606.86441614,0.8718481379,
2022-05-16 23:55:00,2.3512776831345827,,185546442.8,78227764.46094328,2.4623516375,
2022-05-17 23:55:00,2.2976190476190474,,183328713.1,80242748.56297863,0.6922191664,
2022-05-18 23:55:00,2.478037007240547,,195921164.7,79473418.14625177,1.4336880884,
2022-05-19 23:55:00,2.3344397028607555,,198511743.2,83494039.18992,0.5522273646,
2022-05-20 23:55:00,2.6486486486486487,,192001904.3,78759403.86606899,1.2341899065,
2022-05-21 23:55:00,2.5217250324254215,,191730912.3,79491636.23958,1.0766896094,
2022-05-22 23:55:00,2.5480235217249265,,190450937.8,80394414.458363,0.4368755363,
2022-05-23 23:55:00,2.7510046885465504,,190032360.1,76811079.95242,0.5913561611,
2022-05-24 23:55:00,3.0443933498408207,,192480011.4,78642226.16333756,0.4396641337,
2022-05-25 23:55:00,2.7910969793322735,,196141965.7,79545195.70044622,1.3917541415,
2022-05-26 23:55:00,2.806551724137931,,189261693.4,74556256.33061814,1.3746002272,
2022-05-27 23:55:00,2.7436023622047245,2.7311575487203568,191998393.9,73170587.91529,1.2230425966,1.0996881041
2022-05-28 23:55:00,2.9092105263157895,2.8371761350130735,190363599.8,73525435.23777664,0.8042288864,1.0964463264
2022-05-29 23:55:00,2.982107355864811,3.0012294074256207,191996194.7,74628920.87989,0.868567299,1.0947286705
2022-05-30 23:55:00,2.9317282889079967,2.808349609375,183254593.0,76582094.4147,0.986599457,1.1469246709
2022-05-31 23:55:00,2.753534321239993,2.7364402317008953,176360926.5,74449786.31883293,0.5783524751,1.1234346522
2022-06-01 23:55:00,3.078469269424043,3.1940089585666294,168228401.8,66904435.39586,1.0399722253,1.1379855394
2022-06-02 23:55:00,3.066449393445591,3.0075995807127884,170103389.1,68874862.24659,1.1145090377,1.1182606547
2022-06-03 23:55:00,3.253055085542395,3.084296218487395,187923771.5,73403025.1479,1.0413100379,1.091878488
2022-06-04 23:55:00,3.2422746388736514,3.174487594390507,181877282.5,71262593.00957425,0.6911697835,1.1058319249
2022-06-05 23:55:00,2.9106154347118203,2.8512135922330097,186134464.6,73538972.17338392,0.7868560488,1.1066394913
2022-06-06 23:55:00,2.8594186237477417,2.7870009737098345,187774239.8,75619399.70522511,1.0498887847,1.1030496123
2022-06-07 23:55:00,2.5036272771239725,2.649926144756278,205537808.8,83736103.30512,0.9324801081,1.1475701779
2022-06-08 23:55:00,2.9362457822766825,2.9715489989462593,194172630.7,77746721.33228,0.8889048512,1.100003917
2022-06-09 23:55:00,2.803589399530359,2.7602959309494453,192556542.3,77003361.26577,0.8950499981,1.0989904458
2022-06-10 23:55:00,3.264945910039856,3.0269129287598946,202092074.1,77057707.85433,1.3512468636,1.0571600108
2022-06-11 23:55:00,2.969649805447471,2.841806381828015,191337938.5,68632918.53995,1.1148619193,1.0761203362
2022-06-12 23:55:00,2.693731918997107,2.6441988950276243,191871338.5,65896018.11842595,0.7209770046,1.0921156048
2022-06-13 23:55:00,2.5431544582738215,2.5789163722025914,206022566.8,63911717.02657528,0.7389702256,1.1917857008
2022-06-14 23:55:00,2.350975975975976,2.31497975708502,199754533.8,64400861.69712,1.1831371239,1.3619483656
2022-06-15 23:55:00,2.491040869740286,2.373913043478261,201196303.9,68883023.26444425,0.5855671221,1.3453937322
2022-06-16 23:55:00,2.3834462552646034,2.4472917880023295,199041840.8,62061245.96144,1.1447413228,1.3735395291
2022-06-17 23:55:00,2.4715346534653464,2.2997678467788742,220046499.5,70671192.2030826,0.9227052014,1.339479657
2022-06-18 23:55:00,2.453965723395775,2.345945945945946,214730286.5,66060522.91145757,1.0446627835,1.3065646768
2022-06-19 23:55:00,2.355142017629775,2.12616963477211,205946667.0,67117909.6235665,1.4032321819,1.3956826395
2022-06-20 23:55:00,2.273548387096774,2.2448368751870698,206537934.9,66897637.11411,0.8472278265,1.3771639359
2022-06-21 23:55:00,2.432152280437241,2.3196472019464722,202714689.8,66738551.17044969,0.8628889135,1.3998644051
2022-06-22 23:55:00,2.2264514997368883,2.220639534883721,197706225.0,63760775.5528095,1.4515874688,1.4176493809
2022-06-23 23:55:00,2.212780537947576,2.3422395676973884,206212156.2,69170094.11483154,0.5730717706,1.4512338036
2022-06-24 23:55:00,2.0155572176514585,,225264881.1,82688265.991776,0.9489891697,
2022-06-25 23:55:00,2.315188172043011,,205103033.3,75278986.82240233,1.6183900807,
2022-06-26 23:55:00,2.3185944855413583,,196226280.0,70327498.752,0.7040807214,
2022-06-27 23:55:00,2.3591925258591924,,211529346.0,74691012.0726,1.2344324086,
2022-06-28 23:55:00,2.6826278490710593,,201237162.9,67756552.74843,0.8429111899,
2022-06-29 23:55:00,2.8428514376996805,,205376233.7,67486630.39382,0.9791304855,
2022-06-30 23:55:00,2.5631327602674308,,196833910.0,65353103.8274387,0.9244785184,
2022-07-01 23:55:00,3.033874801901743,,220192365.3,68887712.14770538,0.6444728194,
2022-07-02 23:55:00,3.1877675840978594,,213850125.7,67434318.18554413,0.2972025582,
2022-07-03 23:55:00,2.5633585164835164,,223855626.0,72022610.67968687,0.6776782541,
2022-07-04 23:55:00,2.644329033338918,,248844261.1,81899113.08249675,0.7670650915,
2022-07-05 23:55:00,2.572732058255834,,230866649.0,75100920.9197,0.4427068394,
2022-07-06 23:55:00,2.4873597857023273,,232304838.5,77193576.01901893,0.7559338998,
2022-07-07 23:55:00,2.3298463550179798,,233725100.4,79874153.0483486,0.7620729645,
2022-07-08 23:55:00,2.4926854754440964,,235113041.9,80502705.54656,0.8503652888,
2022-07-09 23:55:00,2.375,,237074235.9,81790611.3855,1.0392309914,
2022-07-10 23:55:00,2.898702304861515,,232428442.1,75546223.50861627,0.9703590939,
2022-07-11 23:55:00,2.8769949396652392,,238775149.7,75052485.56288065,0.5523049753,
2022-07-12 23:55:00,2.9546931753010894,,236822878.1,73699279.66472,0.8461362411,
2022-07-13 23:55:00,2.6287479556605486,,241166763.6,78012904.44277377,0.8682691464,
2022-07-14 23:55:00,2.476505270680722,,241294526.0,80268759.5304551,1.0135981283,
2022-07-15 23:55:00,2.456966490299824,,251223515.8,84009143.68352,0.6973376403,
2022-07-16 23:55:00,1.899791811242193,,291394454.3,102250314.01387,1.3599512159,
2022-07-17 23:55:00,2.2101310322786833,,264698410.3,90712184.91457154,0.6611492744,
2022-07-18 23:55:00,2.3118587047939445,,264903726.1,96766655.61669639,1.0504909971,
2022-07-19 23:55:00,2.299673735725938,,266791274.9,99513145.5377,1.1028208738,
2022-07-20 23:55:00,2.357130449887094,,262871394.7,94633702.092,0.7257805843,
2022-07-21 23:55:00,2.17130448769503,,258834194.4,94681548.31152,1.0077698412,
2022-07-22 23:55:00,2.256260162601626,,254001489.3,91012866.22042091,1.0101614961,
2022-07-23 23:55:00,2.383835078534031,,251477123.5,90297249.46848008,1.2740807307,
2022-07-24 23:55:00,2.5980055020632737,,250493627.7,89877113.61876,1.037249111,
2022-07-25 23:55:00,2.9198187549251378,,255720348.0,86101041.1716,0.8716160198,
2022-07-26 23:55:00,2.9145062339204433,,259242786.1,87592820.35364708,1.537581482,
2022-07-27 23:55:00,2.426741248646698,,256695124.0,92230558.0532,1.2053360506,
2022-07-28 23:55:00,2.2491228070175437,,260670885.4,97360575.6969,2.0914424751,
2022-07-29 23:55:00,2.386841632212835,,252920392.4,92903763.09758861,0.9140056936,
2022-07-30 23:55:00,2.024625267665953,,274241924.2,106307523.43558188,1.8792898131,
2022-07-31 23:55:00,2.465302491103203,,252890105.8,95997084.16168,0.6234844361,
2022-08-01 23:55:00,2.4465707027942423,,245909543.7,93371853.74289,1.7933682466,
2022-08-02 23:55:00,2.660720921590487,,246973085.9,91725804.10326,0.9980575625,
2022-08-03 23:55:00,2.7433204348627234,,243755888.0,90037301.87929344,0.8643043116,
2022-08-04 23:55:00,2.865168539325843,,246011913.8,91295021.21118,0.895851615,
2022-08-05 23:55:00,2.982446713236611,,248985734.2,93743128.9263,1.8436398964,
2022-08-06 23:55:00,3.1503884572697003,,249772970.4,92565862.83024,1.0341379947,
2022-08-07 23:55:00,3.2379689276241,,250600538.5,93223400.322,1.7960163285,
2022-08-08 23:55:00,3.1252851711026617,,252253279.6,95372104.09606211,1.1194556983,
2022-08-09 23:55:00,3.09020902090209,,257009028.5,94450817.97375,0.9999514671,
2022-08-10 23:55:00,2.44971932638332,,265266545.0,101013500.336,2.2773410193,
2022-08-11 23:55:00,2.527082310587465,,267012277.6,101518067.94352,0.8312737061,
2022-08-12 23:55:00,3.0274074074074075,,256154053.8,97210463.4171,0.7808232068,
2022-08-13 23:55:00,3.237239396117901,,257430567.9,97128553.26867,1.31565723,
2022-08-14 23:55:00,3.3207799655897534,,256352107.0,96339951.93786128,0.6336394287,
2022-08-15 23:55:00,3.3645813282001926,,268432283.3,100876852.06414,0.7129697039,
2022-08-16 23:55:00,3.235198261814231,,264365831.3,99700428.7157179,1.0755461385,
2022-08-17 23:55:00,3.150190458915291,,267698098.4,101513723.61577743,0.7187579584,
2022-08-18 23:55:00,3.366775369269135,,273753722.4,101234126.54352,0.6442242337,
2022-08-19 23:55:00,3.2363402614098993,,269246946.5,89877298.97893982,1.0673447785,
2022-08-20 23:55:00,3.051282051282051,,261648915.5,88167610.03796767,0.8952014841,
2022-08-21 23:55:00,3.12693135145707,,264504203.4,91094321.8862481,0.5063958666,
2022-08-22 23:55:00,2.957587181903864,,276073573.6,95141667.57186995,0.9939667011,
2022-08-23 23:55:00,2.721640638407414,,278301293.2,96419881.98628739,1.4586958673,
2022-08-24 23:55:00,2.7957607328902463,,278538152.0,96262785.3312,0.6306203612,
2022-08-25 23:55:00,2.8248122988916697,,278711854.8,97270437.3252,0.9879293077,
2022-08-26 23:55:00,2.834134187577861,,282579428.8,95474913.80305584,0.7882752116,
2022-08-27 23:55:00,2.8530590901167856,,271466798.2,90960282.34482665,1.7643162771,
2022-08-28 23:55:00,2.9384927964536387,,274191726.1,88150939.95244817,0.7223878856,
2022-08-29 23:55:00,2.5808988764044942,,292227381.2,97351937.19407456,0.9587915796,
2022-08-30 23:55:00,2.9166819599926592,,287838928.7,93806706.86333,0.8723120995,
2022-08-31 23:55:00,2.7789492180636093,,285662982.2,93475243.78437644,2.4554088868,
2022-09-01 23:55:00,2.537266095781795,,292237775.8,97344403.11898,2.0233112843,
2022-09-02 23:55:00,2.9164275466284075,,281838908.3,93133686.97645858,0.9137750192,
2022-09-03 23:55:00,3.160188679245283,,279176923.8,91960878.69972,0.5541739053,
2022-09-04 23:55:00,3.0982318271119844,,281297694.8,93223049.03758265,0.9132376126,
2022-09-05 23:55:00,2.8390881662755616,,291172893.8,96967858.78120288,1.0486602017,
2022-09-06 23:55:00,3.5054108216432867,,293867039.9,94419485.7972108,0.6569796546,
2022-09-07 23:55:00,2.472944932162809,,289779846.8,97468885.88142166,0.7107334997,
2022-09-08 23:55:00,2.0190202517788727,,284118683.6,96486704.95056,0.3435514499,
2022-09-09 23:55:00,1.9642804860196164,,289096615.8,103149672.51744,0.9102503415,
2022-09-10 23:55:00,1.9489568845618914,,282998965.7,101037351.98033537,1.7261560176,
2022-09-11 23:55:00,1.9671548414616806,,278988733.4,98957303.73698,1.2405599197,
2022-09-12 23:55:00,1.8711165377832044,,292638956.3,105191996.30520843,1.5916548927,
2022-09-13 23:55:00,3.0396809571286143,,274857144.4,91335029.08412,0.8675841076,
2022-09-14 23:55:00,2.968175790869483,,273751164.3,93598783.45053682,0.8481537917,
2022-09-15 23:55:00,3.4453815261044176,,279708685.7,91061327.57486232,0.2951727973,
2022-09-16 23:55:00,1.8033741958975604,,301704405.1,107376597.77509,1.0329674559,
2022-09-17 23:55:00,1.021130378933847,,378260496.8,142528555.19424,1.5266326653,
2022-09-18 23:55:00,1.1760704900293708,,343893928.0,122601304.44992696,0.8750014967,
2022-09-19 23:55:00,1.52119883,,318975778.9,123827296.8806765,1.19458636,
2022-09-20 23:55:00,0.81070773,,391984404.3,162767615.80106413,1.22227959,
2022-09-21 23:55:00,1.61761018,,330013308.8,130784274.27744,0.64123368,
2022-09-22 23:55:00,0.6545454545454545,,469760729.0,227646049.2734,1.1437480821,
2022-09-23 23:55:00,1.0283615064481324,,467997013.1,235917294.30371,0.8676349944,
2022-09-24 23:55:00,0.9753932848086405,,463641258.8,226349662.54616,0.9685212341,
2022-09-25 23:55:00,1.1029893924783027,,445494868.4,219539871.14752,1.1399404675,
2022-09-26 23:55:00,1.4638966605155068,,440201312.8,205794113.734,1.378927515,
2022-09-27 23:55:00,2.175261235239147,,408167897.5,182622219.4719956,0.5808381911,
2022-09-28 23:55:00,1.9431894243641232,,411733462.7,185115364.82992,0.6997516597,
2022-09-29 23:55:00,0.9364385783143385,,431712539.4,209677599.8361072,1.0633805807,
2022-09-30 23:55:00,1.119417089426042,,376653459.7,180793660.656,0.7996525205,
2022-10-01 23:55:00,1.6257580493904344,,352802322.4,167686943.83672,1.6850045858,
2022-10-02 23:55:00,2.1645728643216082,,332252675.2,148777584.7479874,0.726013594,
2022-10-03 23:55:00,2.100711943044556,,367422954.0,169602435.5664,0.6740316057,
2022-10-04 23:55:00,1.3429946022060548,,395876067.2,189848733.71292058,0.6656482532,
2022-10-05 23:55:00,0.9607381232822929,,412252735.3,201715762.20809972,0.6860503004,
2022-10-06 23:55:00,0.9048033486675784,,391915780.9,193175288.40561,0.8582942674,
2022-10-07 23:55:00,0.8070889245334689,,464262424.9,240417748.9048036,1.0376083053,
2022-10-08 23:55:00,0.7216785848701543,,511931405.0,264258991.261,1.0295212824,
2022-10-09 23:55:00,0.6186858259696645,,551221801.3,294131953.17368,0.7907759987,
2022-10-10 23:55:00,1.0745628053513538,,446393842.3,221455985.16503,0.7371736103,
2022-10-11 23:55:00,1.6432534601548685,,396658872.7,192300618.1438327,0.9714766911,
2022-10-12 23:55:00,1.7264493833045345,,395279896.0,192750564.94881967,0.9733647838,
2022-10-13 23:55:00,1.4711396812642292,,391471604.6,187801064.3463626,0.5178644922,
2022-10-14 23:55:00,1.3044798314641552,,372292754.8,181865010.7198,1.0453782819,
2022-10-15 23:55:00,1.6027813407142375,,355808844.7,171001730.76282,0.9296461092,
2022-10-16 23:55:00,1.9098309815475267,,352465666.8,167985136.79688,1.4467817982,
2022-10-17 23:55:00,1.975432144170651,,351653944.3,168723562.47514,0.4280358565,
2022-10-18 23:55:00,2.480749309392265,,335756049.8,156484979.382601,1.0760787911,
2022-10-19 23:55:00,2.6739050083163924,,341869787.4,153939944.87752017,1.0990459156,
2022-10-20 23:55:00,2.4149074074074073,,353416538.4,158118831.41089457,1.1398247039,
2022-10-21 23:55:00,1.8913563630925676,,365503868.2,168277980.91928,1.0413062987,
2022-10-22 23:55:00,1.5514456889815056,,356559681.7,165902399.2081134,1.3242359219,
2022-10-23 23:55:00,1.6165124028137727,,333111080.8,156217054.9296291,0.841311025,
2022-10-24 23:55:00,2.1042939506066602,,332081911.0,150499522.0652,1.4020153312,
2022-10-25 23:55:00,1.8676674765706351,,330263921.9,152284694.38809,1.0344867127,
2022-10-26 23:55:00,1.913352970054001,,333086127.2,156050850.5932,0.7612757269,
2022-10-27 23:55:00,2.0959757997983317,,311067196.1,143791803.70158055,0.4005593048,
2022-10-28 23:55:00,1.8057844429795649,,307978238.5,145920089.4013,2.0575835792,
2022-10-29 23:55:00,1.9273488018257894,,299635724.1,140798826.75459,0.7908611441,
2022-10-30 23:55:00,2.4032274642820433,,296203320.8,135424158.26976,0.5278877604,
2022-10-31 23:55:00,2.256131846825012,,307670020.3,143497297.46792,1.7685894824,
2022-11-01 23:55:00,2.127301616973549,,299691604.8,139146812.10864,1.2482997425,
2022-11-02 23:55:00,2.6560225405024656,,296447789.9,133713819.13061544,0.7346633327,
2022-11-03 23:55:00,2.6689386562804285,,277322515.9,126154012.48291,1.3199059052,
2022-11-04 23:55:00,1.4610241604619358,,319579248.5,160908151.61975,0.9742471725,
2022-11-05 23:55:00,1.6738862909180408,,304682286.3,150177898.91727,0.7483209326,
2022-11-06 23:55:00,2.220399205768628,,281930927.8,132317074.80841543,1.0098900861,
2022-11-07 23:55:00,3.0377869486716533,,281192915.2,130942860.18334778,0.8322053857,
2022-11-08 23:55:00,2.97976011994003,,236928613.2,95699916.3908359,0.66058052,
2022-11-09 23:55:00,2.771577380952381,,268735519.7,88683688.94887093,0.9163863636,
2022-11-10 23:55:00,2.258221108675227,,221873142.0,87751093.9087704,0.9878830822,
2022-11-11 23:55:00,2.2612626417407293,,219622062.3,84424925.7536255,0.9306924368,
2022-11-12 23:55:00,2.7809937288953206,,225891414.4,81975994.28576,1.4851045094,
2022-11-13 23:55:00,3.1393528183716075,,224681194.7,76403592.93973725,1.2067115984,
2022-11-14 23:55:00,2.162705667276051,,256485324.7,96091200.9575562,1.5557127029,
2022-11-15 23:55:00,1.5039437585733881,,261947881.2,101845336.21056,0.9463912708,
2022-11-16 23:55:00,2.212040939193257,,253768459.6,95377642.22594634,0.9795481014,
2022-11-17 23:55:00,1.5635339029267405,,273865545.1,104589251.67369,0.919375816,
2022-11-18 23:55:00,1.5539856968428396,,273670829.8,104788560.73042,1.2424450126,
2022-11-19 23:55:00,1.6597688292319164,,269301102.1,103565668.82282324,0.9523394293,
2022-11-20 23:55:00,2.4745360680898565,,266611057.9,96452266.33640638,1.1465441882,
2022-11-21 23:55:00,2.385092330502763,,258184851.6,94108378.4082,0.7670367057,
2022-11-22 23:55:00,1.7240527182866556,,270625098.6,101592662.01444,1.2123799832,
2022-11-23 23:55:00,1.768868910725486,,268018122.0,102277588.80187277,0.8197272197,
2022-11-24 23:55:00,1.1918300875347765,,307181682.2,123283565.24174437,0.9223553452,
2022-11-25 23:55:00,1.4242424242424243,,311074957.0,126872123.41117205,0.8038008095,
2022-11-26 23:55:00,1.5698547821732598,,292029525.7,115760503.98748,1.1737657838,
2022-11-27 23:55:00,1.7600429453341684,,296900631.6,117572650.1136,0.8741547434,
2022-11-28 23:55:00,2.1236827509706044,,269348463.1,105047293.14055423,0.72743191,
2022-11-29 23:55:00,1.55399586634516,,291099478.0,115925741.54279459,0.925212045,
2022-11-30 23:55:00,1.541801685029164,,278403561.3,113672174.07879,1.1452099134,
2022-12-01 23:55:00,1.9272349272349272,,275669650.9,109193333.14114991,0.6093761122,
2022-12-02 23:55:00,2.36851192403151,,281013598.3,111312639.25920293,0.7397532193,
2022-12-03 23:55:00,2.292922744462453,,289405393.9,112144590.13625,0.6182964662,
2022-12-04 23:55:00,2.327737382378101,,297614118.3,116193581.46291927,0.9716279937,
2022-12-05 23:55:00,2.4563279857397506,,288698978.8,112361642.54896,1.0203401663,
2022-12-06 23:55:00,2.1690616260005786,,292469889.6,114551734.30421212,0.7150344273,
2022-12-07 23:55:00,2.4509134932863748,,287453085.6,110152022.40192,1.1273061919,
2022-12-08 23:55:00,1.7791399981970613,,292339480.1,115298690.95144,0.9099001361,
2022-12-09 23:55:00,1.9902775155748538,,286691085.7,111359209.13395844,0.871283955,
2022-12-10 23:55:00,2.1755292714441903,,299151976.1,115502577.97221,1.9280834062,
2022-12-11 23:55:00,2.613791480348317,,303748991.1,115819490.30643,0.8693753869,
2022-12-12 23:55:00,2.331246506428172,,303170994.8,117205906.58968,0.92482417,
2022-12-13 23:55:00,1.5577425535620972,,300493358.3,118634777.85684,1.4014253158,
2022-12-14 23:55:00,2.383098916301591,2.2314527794998966,277480458.7,107078649.03697777,0.666462383,0.9684289552
2022-12-15 23:55:00,2.910002604845012,2.736101337086559,283699314.0,107070200.61957163,0.7591934442,1.0138040095
2022-12-16 23:55:00,3.0087691825869087,3.0615052603183166,258605783.4,90857270.6690125,0.9107605015,1.0378936329
2022-12-17 23:55:00,3.2380736714975846,2.9569254578282176,270442720.9,95862089.62630041,1.1915497272,1.0192426647
2022-12-18 23:55:00,3.4330684596577017,3.1573472041612485,299570127.0,104729716.3992,0.6304592751,1.017285749
2022-12-19 23:55:00,3.0068008327550313,3.0799190692969147,300554539.5,101677600.71285,0.9929350408,0.9328236917
2022-12-20 23:55:00,2.5433871932974266,2.4883465259454707,282880122.6,98610870.73146592,0.958007923,0.9254807833
2022-12-21 23:55:00,2.7909735654416505,2.8356327307326357,270953977.0,93495457.88027333,0.9274628539,0.9847050529
2022-12-22 23:55:00,2.642282460700582,2.7898104265402845,278784343.1,97323614.17621,0.294863399,0.9689695447
2022-12-23 23:55:00,2.2703743315508023,2.448521702663032,280277272.7,99190126.80853,1.1817147801,0.9594253439
2022-12-24 23:55:00,2.2913879154720185,2.5278195488721806,284771523.8,100097190.6157,2.2862217336,0.9488680846
2022-12-25 23:55:00,2.846537183746486,2.944918352425055,293714541.6,101620696.4410777,2.1055882787,0.9590012849
2022-12-26 23:55:00,1.2873644811564275,1.3440402476780187,350393772.4,128209081.32116,0.9830518343,0.9730368458
2022-12-27 23:55:00,1.1315413891531874,1.2388205190690873,370320627.8,136257397.50028804,1.4929931105,0.9681478938
2022-12-28 23:55:00,1.823965686712537,1.7715761412862379,326089260.6,116186836.16918507,0.770507012,1.0337847747
2022-12-29 23:55:00,2.7615615615615616,2.5747494135210065,332784568.6,113978714.7455,1.1811445499,1.0306089092
2022-12-30 23:55:00,2.6831978009391824,2.476668759154635,332035727.7,114490378.15078302,0.7280707861,1.0127092758
2022-12-31 23:55:00,2.87914373088685,2.7397229669347634,334685912.7,113632992.82473138,1.0369681117,1.0667683161
2023-01-01 23:55:00,3.532527881040892,2.9526532479414453,345677237.5,116977177.17,1.1438500937,1.0316077272
2023-01-02 23:55:00,2.0572027239392354,2.025153717160425,318910426.1,110948937.24019,0.6298600875,1.0037404064
2023-01-03 23:55:00,2.371945095413458,2.3951712752785803,299157564.1,102760623.26835,0.4807486106,0.9822057263
2023-01-04 23:55:00,2.482669181796746,2.33250876108019,286116366.4,99511272.23392,0.5929788291,1.0017523783
2023-01-05 23:55:00,2.8576660772922455,2.7370746796288112,287573192.2,97167257.57154101,0.7605326239,1.0002060606
2023-01-06 23:55:00,2.6854789130702077,2.4600545187670373,298897868.9,102951407.55686338,1.4072175787,1.0111754232
2023-01-07 23:55:00,2.6586376876540445,2.589303939579506,321508969.1,110534783.57658,1.496055696,1.0289166745
2023-01-08 23:55:00,2.9820193637621024,2.6849698535745046,326828617.9,112772907.48306495,1.2005834479,1.0299984054
2023-01-09 23:55:00,2.7532467532467533,2.537124463519313,322581431.4,112645435.84488,0.8267583371,1.0166713762
2023-01-10 23:55:00,2.6679325896036077,2.5184188741721854,322894746.3,113280811.88915554,1.3493508611,1.0247260442
2023-01-11 23:55:00,1.5158708060698873,1.5077473182359953,378615474.3,141754708.845867,0.8547493891,1.0192691366
2023-01-12 23:55:00,1.8096665758153903,1.7914290369887567,336795075.1,126235209.53091456,0.8569140244,1.0470817631
2023-01-13 23:55:00,1.8571974400611329,1.7333333333333334,327252927.2,126254179.31376,0.8357337271,0.9995799368
2023-01-14 23:55:00,2.174417242591074,2.0027472527472527,295955746.9,117046535.05149901,0.8399628118,0.9577170809
2023-01-15 23:55:00,2.5079883805374004,2.3028041153923744,309722056.0,118902297.2984,0.7173155382,0.9522897305
2023-01-16 23:55:00,2.496610595028873,2.20778955954323,293976890.5,113475079.733,0.7482958027,0.9750204678
2023-01-17 23:55:00,2.2204057971014493,2.0210239439361497,291742599.8,113193301.73660794,1.1657450974,0.9887294277
2023-01-18 23:55:00,2.1219390304847576,1.971173365814048,279561446.6,106140149.5129325,0.9326868937,0.9956469138
2023-01-19 23:55:00,1.6557130785841705,1.6926795580110496,314215757.2,123705002.85434511,1.4335086914,1.0053666858
2023-01-20 23:55:00,1.9196845491335477,1.8861715518791584,302981787.8,125165863.76449743,1.4763177467,0.9714011673
2023-01-21 23:55:00,2.004783648619265,2.094060370009737,309141125.6,124614787.72936,1.0504290943,0.9895490183
2023-01-22 23:55:00,2.4191587648918063,2.2832757569599673,320296754.5,128406968.87905,0.86012794,0.9592056397
2023-01-23 23:55:00,1.983664060934055,1.957838795394154,345039453.0,146694185.91869977,1.1816708579,0.9979181484
2023-01-24 23:55:00,2.453798256537983,2.3486692799669897,310941408.0,126699068.53053217,1.0848118828,1.0209284
2023-01-25 23:55:00,2.274027390619319,2.033915113050377,299141275.3,124865241.76508069,1.1240039872,1.0214864298
2023-01-26 23:55:00,2.5257265364459265,2.3302059963287785,303940001.4,124493824.57344,1.10291991,1.0580890293
2023-01-27 23:55:00,2.3785730619711867,2.2452418715305313,301159462.1,124209600.20641056,0.9353479547,1.0229141311
2023-01-28 23:55:00,2.5507448789571696,2.3999593330622204,304207487.9,123903709.82167,1.5816157706,1.0028383864
2023-01-29 23:55:00,2.5475223395613322,2.3825857519788918,322651989.8,133448862.98128,0.9629706564,0.9838101231
2023-01-30 23:55:00,2.848053691275168,2.643847677745983,307484105.1,121240982.64093,0.7721936313,0.9634759667
2023-01-31 23:55:00,2.1805932847984355,2.049056603773585,301438937.5,122446473.85193,1.0355794102,0.9662483945
2023-02-01 23:55:00,2.101308986910131,2.0804953560371517,303168209.1,125413521.20820688,0.830131942,1.0236012404
2023-02-02 23:55:00,2.1982427237781437,2.1809505259057267,309279555.8,126713361.85226566,1.4527276678,1.0197532868
2023-02-03 23:55:00,2.434324172742569,2.31716855690262,317745161.7,130866395.19969732,0.6153165025,1.0143980967
2023-02-04 23:55:00,2.4433820988365396,2.4237494916632776,320442232.3,131638345.16195016,0.9044253244,1.0229447555
2023-02-05 23:55:00,3.2814936397209684,2.868175765645806,344074043.1,137185895.9132778,1.0042895558,0.976866577
2023-02-06 23:55:00,3.4200542005420056,2.8889388489208634,324391595.8,127226383.87276,1.0621034737,0.9669474321
2023-02-07 23:55:00,2.893556381660471,2.5282824112303883,319952434.4,129132802.52384,0.64032616,0.9947950615
2023-02-08 23:55:00,3.3348142164781907,2.972645739910314,322583957.4,128352579.19337243,1.1003510824,1.0179404743
2023-02-09 23:55:00,2.869718309859155,2.682904411764706,295924533.9,112895209.68285,0.7920771086,0.9896746194
2023-02-10 23:55:00,2.8786769689575706,2.506980802792321,291212560.8,111301440.73776,1.9591905217,0.9870516345
2023-02-11 23:55:00,3.065994623655914,2.663891323400526,299992082.5,115056170.39576192,1.6241916024,0.9539979502
2023-02-12 23:55:00,3.4186114352392067,2.906796999318027,325806700.7,121916867.40194,0.7416442587,0.9245257252
2023-02-13 23:55:00,3.3344481605351173,3.082688588007737,321463145.7,119296275.29501009,0.6663121489,0.9527231917
2023-02-14 23:55:00,2.700126582278481,2.412539184952978,316304675.4,120860016.47034,1.9807198581,0.9560269665
2023-02-15 23:55:00,2.277676287906467,2.1198561725928884,320597823.8,128780808.39711425,0.8081887189,0.9737835973
2023-02-16 23:55:00,2.482286316344001,2.557592215433356,309795629.4,119147399.06724,0.788406454,1.0129542435
2023-02-17 23:55:00,2.564998676198041,2.379891891891892,319589431.4,126249432.89114845,1.252407465,0.9595433686
2023-02-18 23:55:00,2.6908138494953366,2.6327375762859635,329247183.0,129888013.6935,5.8028501313,1.0331008814
2023-02-19 23:55:00,3.197206940330089,2.8898247211472796,333712190.9,128612678.37286,0.7865749497,0.9615536625
2023-02-20 23:55:00,2.7323603907851886,2.706962836394703,335859936.0,133773012.5088,1.2032312184,1.009357794
2023-02-21 23:55:00,3.5537706381079874,3.238970588235294,309824329.8,121364157.19925195,1.0388428899,1.0040509328
2023-02-22 23:55:00,3.0495314591700136,2.881449208897042,308641835.0,121927166.794107,0.546820431,1.0237574389
2023-02-23 23:55:00,3.449150100835494,3.122877358490566,319607879.6,124279015.80593143,4.6395153414,1.0569434121
2023-02-24 23:55:00,4.045200525969757,3.539314256251611,326872369.0,123590442.7189,0.9437304638,1.014382189
2023-02-25 23:55:00,4.121207012811868,3.6748383620689653,319274943.3,120622629.11714134,1.6509980118,1.0085803843
2023-02-26 23:55:00,4.2767721197766875,3.7264150943396226,339969005.3,128236308.79916,1.342382363,0.9791693442
2023-02-27 23:55:00,3.7966281895504252,3.409668577124346,330180256.7,124945733.0509746,1.4482929007,1.0058964646
2023-02-28 23:55:00,3.7712488493402883,3.5528242677824267,321073726.1,120980579.99448,0.7970703294,1.0630021722
2023-03-01 23:55:00,3.1719209190488913,3.035930937937471,325962196.6,125006502.3961,0.6861639326,1.1015217779
2023-03-02 23:55:00,3.9339577710747737,3.6879167778074153,330137850.9,124564428.07132682,0.8809774467,1.1329569431
2023-03-03 23:55:00,2.9211093161012385,2.6850529958901146,318958421.0,119970867.50559825,0.7191184534,1.0375337827
2023-03-04 23:55:00,2.8101152368758004,2.777509864094695,313720148.4,117086712.2158851,0.7166756849,1.0460013466
2023-03-05 23:55:00,3.460685630926331,3.075844633417605,324686397.8,119159907.9926,1.6578029449,1.0040714894
2023-03-06 23:55:00,2.7113930226884606,2.6322226908477435,316090478.3,116985086.01883,0.830847952,1.0358339172
2023-03-07 23:55:00,1.8141369773873435,1.927444306930693,370197027.2,140785929.44416,1.1009735552,1.0575387641
2023-03-08 23:55:00,1.1871755376804154,1.336852978308275,441092795.1,171320441.61684,1.1506849255,1.0659002429
2023-03-09 23:55:00,2.4988229755178906,2.521667354519191,353944655.6,131534261.44320984,0.7635344958,1.0595456646
2023-03-10 23:55:00,2.5825977301387137,2.5794019933554817,341176644.6,126028602.04360595,0.8118349297,1.0561143811
2023-03-11 23:55:00,3.08667235009946,2.878141299193931,331529503.2,120688289.65269148,0.8613200593,1.0006953124
2023-03-12 23:55:00,2.8821055487722154,2.546082451974962,326016880.1,120561042.26098,0.8903454349,0.90125748
2023-03-13 23:55:00,2.98080401,2.86209335,343139407.1,127579231.55978,0.93135321,0.89624861
2023-03-14 23:55:00,3.133149678604224,3.0150602409638556,336083411.2,125291895.69536,0.9494814388,0.9276706229
2023-03-15 23:55:00,3.7144211025114515,3.2998253928660515,340540817.5,122151991.23725,1.0298400239,0.9921238368
2023-03-16 23:55:00,3.583597165686718,3.1518500720807303,331255625.8,120842052.29184,0.630976305,0.9599485917
2023-03-17 23:55:00,2.603233830845771,2.335244119391184,323174761.5,122440207.12075388,1.1755958852,1.0010548393
2023-03-18 23:55:00,2.840359364201797,2.7754266211604097,325442832.1,121581142.97274795,1.1084670095,1.0303368979
2023-03-19 23:55:00,2.4033198743831314,2.36031684698609,364890032.9,140738085.68953,0.6657131775,1.0608499131
2023-03-20 23:55:00,3.512999847954995,3.3013530135301354,330616753.3,123353110.65623,1.0874108493,1.116824348
2023-03-21 23:55:00,0.8503035622851292,0.8581433573929822,480096260.6,225342753.03204638,1.2641371774,1.0993236203
2023-03-22 23:55:00,2.1160822249093107,2.5358058451546746,374609472.2,157499585.2648886,1.1718520407,1.1677583174
2023-03-23 23:55:00,2.004940014114326,1.9205579138872044,367227322.1,163126559.19601873,0.9880022949,1.0696194845
2023-03-24 23:55:00,2.838107387220225,2.985752632665703,342584962.4,145545169.1917152,1.9407145492,1.0865703304
2023-03-25 23:55:00,1.339768115942029,1.3831375562630366,453779946.3,201472020.38054267,0.9987487455,1.1497208512
2023-03-26 23:55:00,1.84004400440044,1.696186494362093,432470668.1,193746859.3088,0.6630875745,1.0768149012
2023-03-27 23:55:00,1.0349634676587924,0.9967132292522597,491495645.5,235808301.39609703,1.2368465812,1.1314865763
2023-03-28 23:55:00,0.6510217385142987,0.6490369599167101,574569017.2,295728288.69141865,1.7319669003,1.0909334848
2023-03-29 23:55:00,0.8794712286158631,0.8840295771977501,533716553.5,290016995.88387096,1.0007020434,1.1649885681
2023-03-30 23:55:00,1.0948290241868224,1.0770705804262852,508694220.1,271605466.9426043,0.6400049349,1.2033297274
2023-03-31 23:55:00,1.2742631363822154,1.0969056603773586,501509650.1,269511285.96374,0.6754657763,1.1633839601
2023-04-01 23:55:00,1.7521749084249085,1.7088300666801375,436329347.6,222048004.99364,0.8924742585,1.1121078294
2023-04-02 23:55:00,1.5013646861221919,1.4329753749305685,430022604.0,222638686.0309907,1.2243263785,1.0842172048
2023-04-03 23:55:00,2.0447296476306196,1.9694637223974762,387355033.1,192050625.41098,0.5611418663,1.0560961321
2023-04-04 23:55:00,1.989412092504876,1.8809895520595652,392736933.9,197588166.48139718,0.7647589738,1.0231736853
2023-04-05 23:55:00,2.252566425120773,2.0526850323727306,382590531.8,193335697.72419575,0.8036812718,1.0184016098
2023-04-06 23:55:00,1.9925692253767964,1.7829231307593607,380810310.5,191281018.96415,0.762038686,1.0085020622
2023-04-07 23:55:00,1.7358183823956337,1.5504550455045505,393982977.1,201918671.18025076,0.6635625806,1.0047194497
2023-04-08 23:55:00,1.9175880689123168,1.7318078299533672,384867034.6,194280879.06608,0.5807291793,1.007136579
2023-04-09 23:55:00,2.0807202947924632,1.8462871001270356,377695913.7,190774206.00987,1.0246531146,0.9971403733
2023-04-10 23:55:00,1.777178854396675,1.535122002746382,376503434.8,194782971.42892212,0.8911350404,0.973481966
2023-04-11 23:55:00,1.8592592592592592,1.677430130275025,377466892.3,195075803.41051936,1.0994498891,0.9947300053
2023-04-12 23:55:00,2.5848101265822785,2.293456171250508,352573653.9,177802893.66177,0.4732373486,0.972215651
2023-04-13 23:55:00,2.131442556867262,1.7638840780510334,366310347.4,187625577.55932444,0.8404325387,0.9342997836
2023-04-14 23:55:00,1.9703452004015753,1.7293617021276595,384811005.9,201487042.68924,1.2280010168,1.0068356717
2023-04-15 23:55:00,2.182555624227441,1.9558383233532934,380415196.4,197812676.20713452,1.3422399886,1.0039307788
2023-04-16 23:55:00,2.4059923259041556,2.096615225003242,382838554.4,199499900.33673286,2.0078020518,1.0051911713
2023-04-17 23:55:00,2.8862203264094957,2.741397932417837,379297157.9,193741142.1821389,0.8722692883,0.9705015397
2023-04-18 23:55:00,1.8174775754281054,1.5424015207519273,396548450.1,210735426.99369442,1.4153795397,0.9730775041
2023-04-19 23:55:00,3.0953999546793565,3.0313588850174216,326104171.8,160051927.51944,0.8820283826,0.9121972228
2023-04-20 23:55:00,3.3551030244607785,3.162926645295116,331298094.2,157210589.78542218,1.6943781144,0.9050544395
2023-04-21 23:55:00,3.42375748113453,3.463318049187161,318201752.9,142808946.70152,1.026131887,0.8896308461
2023-04-22 23:55:00,2.275523733757624,1.9030400428552297,324138614.2,152997989.77408794,0.8562873845,0.8783995233
2023-04-23 23:55:00,2.6115209701869633,2.388519263499923,305270530.0,141859215.291,0.9441814796,0.9032263977
2023-04-24 23:55:00,2.6951078379800104,2.351208106001559,294596878.2,135519698.79558703,0.4928547619,0.9023653223
2023-04-25 23:55:00,2.2426800790371835,1.9039179104477613,297664158.3,139812855.15351,1.3766774883,0.9144478327
2023-04-26 23:55:00,3.1944374528064436,2.8809874723655122,303346591.4,139964117.27196,1.1852943712,0.8707138738
2023-04-27 23:55:00,2.165977011494253,1.839080459770115,303550131.6,141575781.37824,0.7945102755,0.9062049439
2023-04-28 23:55:00,1.7796278158667973,1.555517201702911,338319872.7,162190546.97238,1.1106521747,0.9870848935
2023-04-29 23:55:00,1.7651237568234501,1.640292005180737,329641876.1,157379012.2799604,1.5964581776,1.030272573
2023-04-30 23:55:00,2.099956728688879,1.8852650727650728,321040763.2,151338615.77248,1.2255572741,1.0421364557
2023-05-01 23:55:00,3.4144832605531295,3.4414308176100628,325337079.6,151151607.18216,0.6938533047,1.0669119903
2023-05-02 23:55:00,3.276646843549863,3.3491090247173787,344218156.7,159854911.97148,0.6640928369,1.0491713623
2023-05-03 23:55:00,2.952237844799828,2.7370675453047775,311283085.5,144124068.5865,0.8871555382,0.9505413179
2023-05-04 23:55:00,3.1454545454545455,2.9829787234042553,332549049.4,153308606.86390918,1.1589451968,0.9729002779
2023-05-05 23:55:00,2.1166209818091204,1.8096941292550568,318059968.4,148438587.25228,0.9469916625,1.0175546287
2023-05-06 23:55:00,3.472122517348648,3.3718143780905288,322776425.3,147901751.78791046,1.6906292903,1.0076664503
2023-05-07 23:55:00,3.918139534883721,3.8112192092734425,332375997.3,148583949.9112435,0.6046365438,0.9929411199
2023-05-08 23:55:00,4.155648665425201,4.152983293556086,302412967.7,129687097.62621376,1.4769190504,0.9080840674
2023-05-09 23:55:00,3.9359471492172915,3.9321727334388425,308737249.9,132820663.64106688,1.4888185983,0.8577396466
2023-05-10 23:55:00,3.7297527706734868,3.6480313247770284,302261988.9,130123786.22145,0.5014446774,0.8799871562
2023-05-11 23:55:00,3.79621117147235,3.8676143936028433,306988474.2,129466197.03632538,0.7210861105,0.8734743146
2023-05-12 23:55:00,2.5192718397233804,2.1414464130119084,315803349.1,135771344.31746367,0.6783025186,1.0083512881
2023-05-13 23:55:00,2.6977981842846708,2.3506610576923075,317833548.5,134697857.8543,0.8067692955,0.9985692285
2023-05-14 23:55:00,2.8087478559176673,2.4151059256984957,318877120.4,135620591.7266827,3.5217571467,0.9765491811
2023-05-15 23:55:00,2.924273302585005,2.579229797979798,297018399.2,126890973.8202353,0.8158030637,0.9011944339
2023-05-16 23:55:00,2.058270676691729,1.6866590649942987,343609736.3,151566254.68193,1.423066319,0.9294002377
2023-05-17 23:55:00,1.753206997084548,1.520387082744373,362085887.0,162250685.9647,0.9572584571,1.0306296997
2023-05-18 23:55:00,1.595757535074176,1.405133366884751,398249931.4,182952744.8707239,0.9530407257,1.1058428729
2023-05-19 23:55:00,1.5628676470588236,1.330630298562477,407136796.7,190219787.40815562,0.4232964986,1.1093608188
2023-05-20 23:55:00,1.426069036579083,1.229665071770335,406859554.2,190532329.23186,0.8920911716,1.1659900398
2023-05-21 23:55:00,1.7882067291016301,1.6215647046435717,390194319.3,178279784.48817,0.8902863915,1.1623720509
2023-05-22 23:55:00,1.95692422545726,1.688124306326304,381007823.4,175623361.5911672,0.7170637847,1.1900412096
2023-05-23 23:55:00,1.6314161621479337,1.3476884711298676,394231001.6,183296009.00061312,0.499711182,1.1933348631
2023-05-24 23:55:00,2.7541015816877885,2.5669092529333137,373107847.4,169092476.44168,0.8676706404,1.1539780246
2023-05-25 23:55:00,2.6955339805825242,2.5750037690336196,383911421.2,174043075.5317951,0.8950421211,1.1921600703
2023-05-26 23:55:00,1.3925347222222222,1.178077363644374,421802650.2,197867623.20882,0.9892071968,1.1759709292
2023-05-27 23:55:00,1.4181352876170534,1.2438290719278067,415844144.0,196102546.37041232,1.6858549494,1.2240043892
2023-05-28 23:55:00,1.337079305927565,1.1109252133177179,425244993.6,205138184.91264,0.6331155058,1.2243566344
2023-05-29 23:55:00,1.2858652135231317,1.0921361028044936,422859528.4,208824501.27395588,1.7214884013,1.1787760023
2023-05-30 23:55:00,0.9654316610530048,0.8573562359970127,488125808.9,254369934.73034412,0.5834547131,1.1641801771
2023-05-31 23:55:00,1.0565494453622846,0.9405530957392756,485335806.5,251112746.2831,1.442566783,1.2181629985
2023-06-01 23:55:00,1.2885328044261182,1.115257439773264,472579242.3,239376763.95349443,0.6336777882,1.3208795455
2023-06-02 23:55:00,1.0233063311761779,0.871929227628445,509987734.5,267794559.38595,1.5101303855,1.3193762829
2023-06-03 23:55:00,1.0532732207756361,0.9592024322986636,497096123.7,257653282.07051063,0.6436534269,1.3210175882
2023-06-04 23:55:00,0.9127311756935271,0.7941267579456044,521324113.5,278960533.13385,1.2349252731,1.2801587685
2023-06-05 23:55:00,2.172300082440231,2.275848408820811,415524986.0,211553319.13677827,0.6567148466,1.1985810377
2023-06-06 23:55:00,1.1079958463136033,0.8522367826479892,431184270.8,228484545.09692,1.5357881794,1.1739959877
2023-06-07 23:55:00,1.2099619901287797,1.0639386189258313,432086407.2,224316707.70778415,0.4669032093,1.2347710506
2023-06-08 23:55:00,1.1112943966183824,0.9286733238231099,440777356.6,230967334.8584,0.7580580567,1.1627548459
2023-06-09 23:55:00,0.890748393960473,0.768725527346217,493973093.7,265658729.79186,1.540622299,1.1844876882
2023-06-10 23:55:00,2.033951762523191,1.8554572271386431,362677588.6,183841269.66134,0.4746674686,1.000379141
2023-06-11 23:55:00,1.424923318353663,1.2720628944745875,391403802.5,203745535.11615083,0.797792746,0.9907308485
2023-06-12 23:55:00,1.3749834195516646,1.3074665797195957,389122159.5,204486897.2926227,1.436844871,0.9851441822
2023-06-13 23:55:00,2.1850268276324614,1.8795939347211514,398312293.9,206843574.22227,0.5068218947,0.9469647801
2023-06-14 23:55:00,2.9275832252485947,2.6266450040617384,390028488.0,187135668.5424,0.6373179575,0.8957834187
2023-06-15 23:55:00,2.959776771612088,2.4859143721152317,393837390.5,189041947.44,1.0290925662,0.8655037551
2023-06-16 23:55:00,3.056679733022566,2.5635613394699255,407214229.3,193671087.45508,0.8409629064,0.79418595
2023-06-17 23:55:00,2.8098833218943033,2.332737030411449,389387475.5,186735128.90962535,1.1673587756,0.8227420147
2023-06-18 23:55:00,2.3527379512869233,1.9651361662939086,376022560.6,183122987.0122,0.8843879343,0.8281621771
2023-06-19 23:55:00,2.246445893962201,1.9008018623900673,371377307.3,182835993.1394365,0.9894964349,0.8513622449
2023-06-20 23:55:00,2.4375231738969223,2.0943906605922553,363689077.1,179243768.86453173,1.053028373,0.9025272921
2023-06-21 23:55:00,2.2561148528890462,2.0058487675811167,365657517.6,182975021.80704,1.171478258,0.8912664088
2023-06-22 23:55:00,2.761226725082147,2.5570514978121843,357342255.2,176705745.1964,0.7070443253,0.914425436
2023-06-23 23:55:00,2.9677966101694917,2.6653502747252746,365251382.5,180942021.17220035,1.0716018828,0.9492655094
2023-06-24 23:55:00,3.266959724367352,2.94990990990991,370215807.4,180035947.13862,1.3226218392,0.9496394836
2023-06-25 23:55:00,3.0665763935906116,2.7621045271805627,361241750.1,176936209.19898,1.2037230903,0.9613866113
2023-06-26 23:55:00,3.5568253170915485,3.1299699924981246,372023943.5,178208520.27904534,1.3226252159,0.9351328944
2023-06-27 23:55:00,3.3121026470928214,2.8744710860366713,370753331.7,179621228.30742192,1.4114786742,0.9479095144
2023-06-28 23:55:00,3.6513211658948515,3.2529353233830847,359124614.2,166813383.2959,0.8547948541,0.9170539261
2023-06-29 23:55:00,2.980124080882353,2.55296537538567,353837070.1,167824922.34843,1.7465939577,0.9096028354
2023-06-30 23:55:00,3.288799090794292,2.8525509250607364,361733649.5,171208536.30835,1.4552108066,0.9246279835
2023-07-01 23:55:00,3.345294188715718,2.976842492188936,365179828.3,172862622.7153712,0.7621857604,0.9770960206
2023-07-02 23:55:00,2.8556566970091026,2.511495189955976,355863407.1,172309061.71782,1.8534582307,0.9697487869
2023-07-03 23:55:00,2.642247369465952,2.3938835100660825,364984070.8,178696201.06368,1.0399666799,0.9709435213
2023-07-04 23:55:00,2.6287557975398266,2.481344483756835,364230244.5,177452975.1204,0.9067263473,1.5090430164
2023-07-05 23:55:00,3.4031856645097065,3.186374314800313,360420004.6,172208678.19788,1.0841374589,0.9501667103
2023-07-06 23:55:00,3.9255807483655585,3.5059660875026166,371212179.1,172168208.66658,0.8694569721,0.9339346333
2023-07-07 23:55:00,3.7505224660397074,3.3536137198856677,365952358.7,171280876.2563917,0.7181318225,0.9498818667
2023-07-08 23:55:00,3.2149092579830003,2.8032614413466597,364109098.6,171082023.3042324,0.4746478264,0.9664020349
2023-07-09 23:55:00,3.262956964368348,2.8939285714285714,364549181.3,170571563.06551322,2.0057491089,0.9700709758
2023-07-10 23:55:00,2.56107171,2.29493375,341533803.7,162938123.9727291,1.65432785,0.97545408
2023-07-11 23:55:00,2.72156744,2.55767963,352191162.5,167326021.30375,0.59487771,1.01683078
2023-07-12 23:55:00,3.4903367,3.25877789,352803071.1,165975276.926918,0.30712002,0.99621588
2023-07-13 23:55:00,1.18281057,1.00437124,460818562.3,374184672.5876,0.98367387,1.10405701
2023-07-14 23:55:00,1.5981019,1.87287675,435435373.6,312424880.558,1.27841404,1.50920717
2023-07-15 23:55:00,1.78949822,1.88323124,465208887.3,331740457.53363,1.5195047,1.79246012
2023-07-16 23:55:00,1.7720152,1.67986515,457104901.7,340863125.19769,0.80289104,1.66633195
2023-07-17 23:55:00,2.03451731,1.94129857,404586828.8,299133246.25700456,1.28735307,1.64467843
2023-07-18 23:55:00,1.54996411,1.43155142,474105811.7,369614730.3318694,1.28143379,1.56566007
2023-07-19 23:55:00,1.23201048,1.11557639,542212316.6,444844360.9164905,0.8849505,1.49112633
2023-07-20 23:55:00,1.73136462,1.67690715,440902680.7,349459464.72282,0.55200365,1.55466797
2023-07-21 23:55:00,1.96882345,1.84021039,428724754.4,331037542.5815141,0.87932178,1.40741313
2023-07-22 23:55:00,2.03977557,1.98600182,407777987.4,298127232.8218569,1.15304445,1.51335914
2023-07-23 23:55:00,2.44760173,2.13155749,405753593.0,299486726.9933,0.98780628,1.39881695
2023-07-24 23:55:00,2.55432331,2.51943088,400068615.1,280888174.66171,0.97348394,1.40638958
2023-07-25 23:55:00,2.6486384,2.39158907,401748085.0,284839392.265,0.67014408,1.36750344
2023-07-26 23:55:00,2.65358664,2.29548217,384738657.1,275165087.55792,0.65704949,1.36036021
2023-07-27 23:55:00,2.70775335,2.46225124,396124286.9,282713903.56053,2.16934343,1.40124757
2023-07-28 23:55:00,2.53405897,2.43323806,397478550.1,282896212.0522372,1.09461509,1.43489484
2023-07-29 23:55:00,2.62856792,2.42857143,400724844.8,285496780.3373688,1.4001869,1.4474383
2023-07-30 23:55:00,3.14657067,2.8909263,388154737.4,273493827.97204,1.05004299,1.45326633
2023-07-31 23:55:00,3.22879473,2.82577453,384816422.8,268524899.82984,0.40457772,1.32432921
2023-08-01 23:55:00,3.00200014,2.62168837,397830338.7,281009584.1547537,1.2546767,1.31395532
2023-08-02 23:55:00,3.55673271,3.23962361,400475380.0,274165445.148,0.51725633,1.30539796
2023-08-03 23:55:00,3.10021598,3.04490395,401697621.1,266678108.85924432,0.71708123,1.33950219
2023-08-04 23:55:00,3.42003087,3.40910934,404814140.8,257542756.37696,1.11982367,1.32860966
2023-08-05 23:55:00,3.2265625,3.21908127,408523594.9,256838784.11363,0.91593835,1.33592831
2023-08-06 23:55:00,3.37723378,3.37082192,400483915.5,249750660.4487241,1.45481639,1.30986886
2023-08-07 23:55:00,3.45290787,3.33535159,406917626.5,253021380.1577,1.26138088,1.30687278
2023-08-08 23:55:00,3.12129615,2.95990778,393317390.7,252576624.8526451,0.63213938,1.25998832
2023-08-09 23:55:00,2.91144528,2.84588872,389077032.8,250409978.31008,0.7577904,1.22716638
2023-08-10 23:55:00,3.15799497,3.08681876,402411548.3,254741391.25295612,0.34403268,1.33254668
2023-08-11 23:55:00,3.3464771,3.29768247,410415493.3,259325375.74167904,0.933864,1.29400457
2023-08-12 23:55:00,3.76534918,3.52393543,410019648.4,257123321.51164,2.47567237,1.29069889
2023-08-13 23:55:00,4.19403131,3.85914841,406804470.6,254666770.55841666,2.17632403,1.27846418
2023-08-14 23:55:00,3.73187963,3.44556962,411880686.1,261347813.89310578,0.75358474,1.28233017
2023-08-15 23:55:00,4.40716284,4.1421728,385340902.5,234973672.61621422,0.81584947,1.2538085
2023-08-16 23:55:00,4.16264522,4.07914175,371210560.4,218534285.07824764,0.35780556,1.22922041
2023-08-17 23:55:00,3.22829055,3.27680103,332085175.2,167943795.1531305,0.9261274,0.86044975
2023-08-18 23:55:00,3.11611883,2.91936349,265863239.8,134422610.1937548,1.42493509,1.01536282
2023-08-19 23:55:00,3.10598032,2.89239766,274910957.2,142706277.88252,0.77713911,1.04886312
2023-08-20 23:55:00,2.57209503,2.30047443,276091428.2,148643110.84802893,0.6175969,1.05393836
2023-08-21 23:55:00,2.9732445,2.87222672,265223081.5,138976894.706,0.69452456,1.06412123
2023-08-22 23:55:00,3.10276056,2.99290535,256922510.5,133805243.4684,1.64546395,1.04029296
2023-08-23 23:55:00,2.76025785,2.57911194,245332636.4,129903630.9738,0.60675072,0.98395211
2023-08-24 23:55:00,3.06478546,2.76189721,246781932.2,127907440.69651966,0.87455416,1.01708263
2023-08-25 23:55:00,2.48011035,2.39192264,250782749.7,131986961.16711,1.94658968,1.01587919
2023-08-26 23:55:00,2.34062813,2.37161505,251388547.0,131507384.77471347,1.9214352,1.03682498
2023-08-27 23:55:00,2.54114466,2.43910806,248528711.0,130179338.8218,2.30676403,1.03903827
2023-08-28 23:55:00,2.625704,2.41570472,249134405.3,130286827.83553335,1.41338201,1.03515212
2023-08-29 23:55:00,2.19521335,2.1054339,248014701.5,133742456.05518919,1.61389971,1.08163332
2023-08-30 23:55:00,2.80130759,2.81118421,241167631.0,127312392.4049,1.87256308,1.10526067
2023-08-31 23:55:00,3.36105578,3.13120238,239855773.0,122422386.5392,3.21267669,1.06271602
2023-09-01 23:55:00,3.58859864,3.3042471,233841930.8,116419531.13252763,0.69898934,1.04790044
2023-09-02 23:55:00,3.50864625,3.08365088,234292952.0,116774170.44169489,0.45006125,1.02555218
2023-09-03 23:55:00,3.3106339,2.99165217,244547439.8,123398638.12308,1.50450437,1.024611
2023-09-04 23:55:00,2.95687533,2.88129804,243455347.3,123772698.56732,0.87498128,1.03601565
2023-09-05 23:55:00,3.21686066,3.02159789,238745317.8,120597200.34716845,0.71531653,1.08255453
2023-09-06 23:55:00,3.3475111,3.06397188,242278833.0,121970808.42938115,1.13832538,1.08411002
2023-09-07 23:55:00,3.33802326,3.05590829,243525632.5,122748841.7949672,0.74944906,1.09259196
2023-09-08 23:55:00,3.20797342,3.25377754,247863041.1,125121263.14728,3.61096202,1.08305193
2023-09-09 23:55:00,3.16247978,3.23162824,249464175.7,125589523.66294023,1.27601695,1.09324007
2023-09-10 23:55:00,3.41819249,3.16768512,245587284.4,122136313.09806633,0.2145668,1.09519599
2023-09-11 23:55:00,3.52684904,3.34237353,239230851.4,113291413.16633682,0.66944948,1.00330576
2023-09-12 23:55:00,3.10563299,2.79404638,229425582.1,110197819.48408633,0.57773238,0.97718564
2023-09-13 23:55:00,2.89775161,2.78034001,229131164.2,110739091.65786,0.84803767,1.01413886
2023-09-14 23:55:00,2.77219087,2.71058669,238449726.9,116530381.53603,1.11091847,1.03433003
2023-09-15 23:55:00,2.72536095,2.61787691,233713210.8,116926719.36324,1.37644596,1.06549738
2023-09-16 23:55:00,2.93733544,2.94196504,240349247.6,119987523.92820577,7.15542175,1.09289263
2023-09-17 23:55:00,3.09217102,2.99429362,233114734.7,114855629.78669,1.01006155,1.09287077
2023-09-18 23:55:00,2.61608392,2.61685575,241864230.9,121538597.26490867,0.71658367,1.09649992
2023-09-19 23:55:00,2.53879996,2.50991673,247890874.6,127316753.19456,0.51626329,1.10632291
2023-09-20 23:55:00,2.38996068,2.41492979,247182891.4,128757224.54604095,1.06211201,1.11141599
2023-09-21 23:55:00,3.07060703,2.90168539,252434271.2,127818858.81853384,1.15582857,1.1418304
2023-09-22 23:55:00,2.80505596,2.69067595,259200935.0,132659038.533,2.16188025,1.16823196
2023-09-23 23:55:00,2.83447319,2.85456906,263034722.8,133458291.98919398,2.24818667,1.17498452
2023-09-24 23:55:00,3.02981088,2.96836615,254213621.9,127691502.28037,1.03056303,1.14786639
2023-09-25 23:55:00,2.86909568,2.67544685,258454801.9,130595412.55464877,0.79158493,1.14902331
2023-09-26 23:55:00,3.02023957,2.95212241,266106644.8,133452482.3672,0.83864333,1.1349333
2023-09-27 23:55:00,3.04439014,2.74577046,268002328.1,133840362.65314,0.81600387,1.11491059
2023-09-28 23:55:00,2.51382875,2.34885318,280421521.1,142833854.30473673,0.78113037,1.13640073
2023-09-29 23:55:00,2.55941124,2.51783708,284363070.7,148266905.06298,1.2173061,1.20830867
2023-09-30 23:55:00,3.27496979,2.97624775,301717852.2,155369089.03568423,1.01733424,1.2357499
2023-10-01 23:55:00,3.15485749,2.830728,304561737.4,159559894.22386,0.68518671,1.27072689
2023-10-02 23:55:00,3.56764495,3.56689941,287517589.2,147383206.8273445,0.55011382,1.69427939
2023-10-03 23:55:00,2.61366034,2.44744987,315243997.5,169219951.515624,0.82700836,1.14150016
2023-10-04 23:55:00,2.46948106,2.5494832,320401932.8,170549948.82944,0.76916984,1.2153901
2023-10-05 23:55:00,3.05159682,2.96323864,307233909.0,160683334.407,0.57465505,1.19212885
2023-10-06 23:55:00,2.96721771,2.77539091,309851969.5,162678502.71652788,0.34408727,1.17658646
2023-10-07 23:55:00,3.48682186,3.13537596,307207502.1,160055108.5941,0.69346863,1.2199023
2023-10-08 23:55:00,3.83767644,3.32525057,314099108.5,162432801.49985787,0.35176431,1.18834748
2023-10-09 23:55:00,4.22626582,4.08930766,289861019.1,145655162.09775,2.20476821,1.10607515
2023-10-10 23:55:00,4.17608886,3.89086343,289504849.9,143831536.07790458,0.21057167,1.08656693
2023-10-11 23:55:00,4.09322453,3.81055608,285560123.6,139525561.62734315,1.11142134,1.07825006
2023-10-12 23:55:00,4.16126629,3.95619597,290129662.1,139998798.68506312,1.70409273,1.10735192
2023-10-13 23:55:00,3.9881295,3.569437,299323230.1,145201698.92151,2.0706041,1.07426554
2023-10-14 23:55:00,4.03628038,3.67638119,302637008.8,147172377.37944,0.21173233,1.09908929
2023-10-15 23:55:00,4.27677243,3.96406041,302491943.2,147343825.53272,0.53379431,1.08917358
2023-10-16 23:55:00,3.6229834,3.14687924,289498511.2,143880760.0664,0.42276686,1.08364549
2023-10-17 23:55:00,3.9842618,3.787353,294070842.4,144478878.1023861,7.75654528,1.45977738
2023-10-18 23:55:00,3.93509053,3.71070395,294774708.2,143702670.2475,1.04812717,1.46474672
2023-10-19 23:55:00,2.5698473,2.23636587,327663626.3,170041713.8554552,1.07910706,1.01139503
2023-10-20 23:55:00,2.45910037,2.47392975,324832395.4,167465025.3934908,0.53354824,1.399843
2023-10-21 23:55:00,2.6408768,2.49270848,323399983.5,168329691.41175,0.94657858,1.42593093
2023-10-22 23:55:00,2.59315721,2.60044877,324487387.7,169285070.16309,1.24609631,1.47328345
2023-10-23 23:55:00,2.60446192,2.4808819,321308975.4,175498962.36348,1.01241092,1.52343218
2023-10-24 23:55:00,2.81819108,2.78109984,298674879.6,166670128.465952,0.81744513,1.77038539
2023-10-25 23:55:00,2.94018047,2.75429888,302925510.0,168097897.2646296,1.57302098,1.74334274
2023-10-26 23:55:00,3.0081843,2.78643945,302073393.9,167156834.55327168,1.03497559,1.82888281
2023-10-27 23:55:00,3.02878819,2.84070136,293497449.4,160325268.07988083,0.96827688,1.97438526
2023-10-28 23:55:00,3.1451728,2.84520749,298193117.7,162485429.83473,1.17758216,1.97331471
2023-10-29 23:55:00,2.67818612,2.62286198,316351720.4,175923191.71444,0.81397722,1.96787962
2023-10-30 23:55:00,2.29760766,2.19454874,339100679.7,196388347.8506254,3.7981413,2.06818962
2023-10-31 23:55:00,2.42272763,2.19189494,341826067.3,205248956.2077054,1.16834267,1.99751569
2023-11-01 23:55:00,2.48597429,2.252,334227787.9,203611568.38868,0.63078878,1.90107948
2023-11-02 23:55:00,2.47766583,2.38138885,321440756.8,194921674.92352,0.80575073,2.2886952
2023-11-03 23:55:00,2.35445327,2.27459574,320651658.0,196605066.22628418,3.99738946,2.31472466
2023-11-04 23:55:00,2.36705202,2.36477115,321738934.2,198062500.76307738,0.53535516,2.301531
2023-11-05 23:55:00,2.14770562,2.0293348,334860443.6,221129510.7405111,1.42083704,2.26810359
2023-11-06 23:55:00,2.30100956,2.26916825,360348971.0,257937793.4418,0.78762726,2.11536892
2023-11-07 23:55:00,2.86832429,3.01973001,314561225.3,215694632.18821,0.81049778,2.27116205
2023-11-08 23:55:00,3.00042434,2.78543276,323399495.4,222642882.03447133,0.46953694,2.14663662
2023-11-09 23:55:00,3.69790979,3.19356061,277512201.2,185436391.88726583,1.46002479,2.18656093
2023-11-10 23:55:00,3.47891851,3.27607035,293464331.6,193598419.55652,1.02899002,2.33937756
2023-11-11 23:55:00,3.81135261,3.60105345,293924945.1,194813453.61228,1.32509896,2.35359839
2023-11-12 23:55:00,3.89213762,3.52492007,290901499.4,192431341.8531,1.56844582,2.40914118
2023-11-13 23:55:00,4.04794445,3.42720987,309179868.4,207768871.5648,0.80999328,2.30965382
2023-11-14 23:55:00,4.36242109,3.79164953,286130130.3,179947238.94567,0.41625529,1.66711613
2023-11-15 23:55:00,3.65820543,3.05646817,300221814.6,195000571.38720423,1.15800699,1.70594526
2023-11-16 23:55:00,4.68438246,4.20103986,286966733.9,175882884.02453792,0.89883201,1.72870532
2023-11-17 23:55:00,4.3124855,3.55896453,274853239.3,168371109.02321014,0.52265815,1.62357562
2023-11-18 23:55:00,4.04198514,3.57215716,279580692.4,170729276.82429957,2.0357875,1.67799434
2023-11-19 23:55:00,3.80609037,3.26973913,288346723.2,180895069.38446754,1.02578739,1.70474474
2023-11-20 23:55:00,4.28715338,3.75067076,280637057.0,171760444.86919606,0.97171493,1.76349206
2023-11-21 23:55:00,4.64685271,3.85843435,278374538.1,161673206.1996395,0.81001534,1.69381731
2023-11-22 23:55:00,3.87089325,3.07935393,293451008.1,179474636.55396,0.79198839,1.63561754
2023-11-23 23:55:00,3.97345899,3.58392857,306904617.8,190365728.30091405,0.89575269,1.81424058
2023-11-24 23:55:00,3.8310064,3.64757138,313207442.1,194735912.78632554,0.94851201,1.8707705
2023-11-25 23:55:00,3.97166585,3.86151216,316941241.5,197482661.4438294,0.65432484,1.9674909
2023-11-26 23:55:00,4.58170664,4.29808891,316292003.9,195058597.74278626,0.86174611,2.09690329
2023-11-27 23:55:00,5.50352519,4.90701914,323989493.2,195624855.99416,1.35553745,2.0351221
2023-11-28 23:55:00,4.82886059,4.04292528,320707187.0,195820857.8760796,0.65733399,2.00487031
2023-11-29 23:55:00,4.86700125,4.10257434,322103950.5,196080737.99336144,0.46638151,2.14185933
2023-11-30 23:55:00,5.04094166,4.16962525,323699263.1,196374825.24154294,1.56552697,2.16001784
2023-12-01 23:55:00,4.47253678,3.92461924,332770549.1,203888515.43357,0.35058597,2.20702452
2023-12-02 23:55:00,4.31957813,3.81705052,336233373.7,208733678.39296,1.15786675,2.26215374
2023-12-03 23:55:00,4.45356804,4.07847358,339583619.4,211662469.97202,0.49158805,2.45270458
2023-12-04 23:55:00,4.5622462,4.34231515,321647419.9,200868813.72755,1.10716068,2.50226018
2023-12-05 23:55:00,4.96189792,4.54898093,333248585.5,207266647.06781,0.41417163,2.50276894
2023-12-06 23:55:00,3.96113415,3.69917507,351230458.6,225244093.10018,0.91508907,2.52964434
2023-12-07 23:55:00,4.31167986,4.05239733,343532909.9,221063427.52065,0.99437865,3.30923088
2023-12-08 23:55:00,4.0208498,3.72769345,343846132.5,231508028.45093334,0.98187813,3.40354293
2023-12-09 23:55:00,5.02432679,5.20723684,327978109.0,216005123.15146145,0.82584817,4.17869187
2023-12-10 23:55:00,5.12673217,4.9175798,332385977.5,220039517.105,1.16033021,3.66460165
2023-12-11 23:55:00,5.39213752,5.28510976,300694605.6,186288219.44427332,0.46465012,3.38893966
2023-12-12 23:55:00,5.33562012,4.67313538,305717086.7,189514022.04533,1.05765694,2.9351081
2023-12-13 23:55:00,4.74830686,4.14892722,297078910.1,186595263.43381,0.62572715,3.03455809
2023-12-14 23:55:00,4.54925585,4.20008433,308289226.6,195023764.74716,1.85492842,3.16672949
2023-12-15 23:55:00,5.39637446,5.00455854,302368317.7,186016989.04904,1.15964042,3.2816752
2023-12-16 23:55:00,5.63321659,4.95439815,304927894.2,189055294.404,0.80101952,3.16732402
2023-12-17 23:55:00,5.88132022,5.17309969,311702163.0,190450021.593,0.95967793,3.04306213
2023-12-18 23:55:00,5.1908507,4.40696175,297370854.1,182109911.05084,0.94791531,2.69376048
2023-12-19 23:55:00,5.12970335,4.51567944,296153190.1,179320756.60555,0.55270931,2.83325016
2023-12-20 23:55:00,4.63518113,4.04346018,291269425.9,179725795.3179448,0.66824716,2.93619801
2023-12-21 23:55:00,4.4391907,4.19245747,303537520.3,189568618.40885612,3.11946959,3.10324413
2023-12-22 23:55:00,4.57180881,4.37106258,325936145.7,203873059.13535,0.64022495,3.03086836
2023-12-23 23:55:00,5.02637414,4.84512596,333744442.5,206988303.2385,0.73047661,3.26222573
2023-12-24 23:55:00,5.52124183,4.89260563,334080547.8,205024614.13584656,1.48016615,3.31432909
2023-12-25 23:55:00,4.22075994,4.06210587,345768976.8,223643374.19424,0.94299893,3.14928536
2023-12-26 23:55:00,6.39838057,6.15713215,346127983.3,215531212.70903942,1.23538905,3.3827236
2023-12-27 23:55:00,4.77383758,4.76294448,355213576.5,225418535.6469,1.05479182,3.35270951
2023-12-28 23:55:00,5.3731693,5.60107502,346122759.8,219580278.81712,0.69784026,2.74056784
2023-12-29 23:55:00,6.56376771,6.0462038,339237282.3,211412674.32936,1.00306101,2.68365223
2023-12-30 23:55:00,5.90056426,5.62031581,344687600.2,214201045.68344307,0.94984205,2.74448855
2023-12-31 23:55:00,6.9473091,5.85870081,339589504.3,208539571.42305034,0.63808339,2.65428716
2024-01-01 23:55:00,5.10422472,5.01817395,341272471.9,215035784.54419,0.84159039,2.65566832
2024-01-02 23:55:00,5.57010551,5.47652213,356590936.2,222819209.13709837,0.73528194,2.59825346
2024-01-03 23:55:00,4.85932722,4.19621229,255926189.2,148923879.45147786,0.63394053,1.77930845
2024-01-04 23:55:00,4.56905802,3.73195677,261451579.9,153568641.92782027,1.54084865,1.76720778
2024-01-05 23:55:00,5.10504143,4.60818182,246979639.0,142055434.56080258,1.50165172,1.79385534
2024-01-06 23:55:00,4.92781145,4.46600442,242070598.2,137409162.54296246,1.02461861,1.79472787
2024-01-07 23:55:00,5.1387995,4.42252292,240798827.1,132538219.67944245,0.82541201,1.6153955
2024-01-08 23:55:00,3.85932376,3.31013953,238817968.5,137750204.2308,0.5396241,1.60654719
2024-01-09 23:55:00,4.62808423,4.04456365,238678607.8,135068224.15402,0.93012121,1.66145751
2024-01-10 23:55:00,4.30245457,3.81466513,268906626.1,161236413.00956,1.0701881,1.71496784
2024-01-11 23:55:00,4.54705666,4.37808575,281475033.5,169503696.59413233,0.59794274,2.08372105
2024-01-12 23:55:00,6.07986005,5.75770127,263454206.2,150281937.83025423,1.12335345,2.07965076
2024-01-13 23:55:00,5.59369952,5.03261608,266521102.0,153169677.3194,1.76568067,2.0414222
2024-01-14 23:55:00,4.95003139,4.31995109,261627607.1,150515453.3517516,1.05140395,2.05155708
2024-01-15 23:55:00,5.09025589,4.62183612,266404184.8,153558156.04245117,1.62967441,2.05275485
2024-01-16 23:55:00,5.15083587,4.72840314,272144166.7,156824902.14823356,1.14892302,2.07451843
2024-01-17 23:55:00,5.89124668,5.10161768,277703616.7,157901179.52633405,0.48569915,1.99212172
2024-01-18 23:55:00,6.01286583,5.12101064,288417011.8,159321557.31832,2.65240621,1.96827582
2024-01-19 23:55:00,5.20803213,4.44296142,276851558.1,150715657.1395208,0.52899391,1.95699005
2024-01-20 23:55:00,4.93604149,4.11462988,282158329.4,155993774.6553379,0.61978543,1.97459361
2024-01-21 23:55:00,5.12506407,4.35154827,284983401.1,155760516.30587995,0.75552372,1.97878961
2024-01-22 23:55:00,5.11946674,4.65644302,279986838.0,147556655.85713154,1.28250971,1.97169649
2024-01-23 23:55:00,4.74018282,4.15550041,263667301.8,136566956.20512626,1.00115776,1.69211325
2024-01-24 23:55:00,4.46770896,4.01342812,266572051.2,138190951.34208,0.75829072,1.56058776
2024-01-25 23:55:00,4.40461953,4.18003637,276616845.0,142100327.70378676,1.00575256,1.60359318
2024-01-26 23:55:00,3.88863231,3.48942545,280180435.1,148915901.25565,1.28226733,1.65270132
2024-01-27 23:55:00,4.28029458,4.06829268,280463702.1,148645762.113,0.63444022,2.02716818
2024-01-28 23:55:00,4.44444444,4.16686675,278333259.5,145846627.978,1.34639604,2.02957521
2024-01-29 23:55:00,4.36640954,4.06820901,283826975.0,151849412.7372855,0.80798964,2.07570353
2024-01-30 23:55:00,6.71358762,5.74834291,333879049.8,170459952.2786722,1.15107757,2.12499478
2024-01-31 23:55:00,5.72202633,4.94812958,331065885.8,166592353.73456,0.97743574,1.94275828
2024-02-01 23:55:00,5.51302486,4.63736892,353215381.5,178656339.9627,0.41004955,1.82123668
2024-02-02 23:55:00,5.12666137,4.41061715,349704144.1,178349113.491,0.80009474,1.83642226
2024-02-03 23:55:00,4.45255784,4.02507016,346955169.8,180027161.72686553,1.49103355,2.12467393
2024-02-04 23:55:00,6.17876417,5.47981051,332021034.9,167139388.96866,2.03571289,2.19206358
2024-02-05 23:55:00,5.91329254,4.94495218,333116306.5,168790032.50355,0.98020791,1.79851979
2024-02-06 23:55:00,5.81400778,4.78558952,341618521.4,172592885.16208154,1.15439213,1.99472823
2024-02-07 23:55:00,5.11605257,4.35699756,349672581.1,179661772.16918,1.16024422,1.81932602
2024-02-08 23:55:00,5.13656752,4.66833189,354317512.4,182229957.4848011,1.16838753,2.24116408
2024-02-09 23:55:00,4.3375523,3.96258965,360362354.0,189334380.7916,0.47380821,2.24619565
2024-02-10 23:55:00,4.41305732,4.3817384,358258214.4,187727304.3456,1.12463737,2.34309889
2024-02-11 23:55:00,4.94563597,4.67311412,358623023.0,188661749.71570003,0.74456357,2.36846168
2024-02-12 23:55:00,4.58680556,4.36214605,360068475.3,191619466.04757077,0.67217805,2.38878393
2024-02-13 23:55:00,5.49768547,5.42329065,362835528.1,190452368.69969,1.15517391,2.43517471
2024-02-14 23:55:00,4.35306487,4.22554068,361400021.8,194419005.09354305,1.00365746,2.36246568
2024-02-15 23:55:00,4.51384784,4.17154036,362790284.8,203815582.00064,0.80461404,2.32028244
2024-02-16 13:30:00,4.46332335,4.38826232,367296367.4,209827191.8838346,0.73511007,2.3870342
2024-02-17 23:55:00,5.05736022,4.94355027,350526587.1,192850323.5940881,0.45462324,2.55006179
2024-02-18 23:55:00,4.63787086,4.4224303,358969297.1,200074750.51389405,1.59462006,2.48039222
2024-02-19 23:55:00,4.85871414,4.64088638,367661907.7,206917125.20901224,0.78851574,2.50354173
2024-02-20 23:55:00,4.67383031,4.32312034,357673320.9,201475979.58355206,1.11598996,2.55888382
2024-02-21 23:55:00,5.63409757,5.05681547,363183292.9,199578208.23504928,0.64219818,2.26926441
2024-02-22 23:55:00,5.6801924,4.6223633,366385107.4,198250981.61414,0.82367135,2.38210955
2024-02-23 23:55:00,6.30562782,5.58165226,361162792.8,193316538.2183172,0.78186591,2.49030185
2024-02-24 23:55:00,5.28675349,4.64037519,363324951.6,198080752.50485432,1.00119193,2.62580885
2024-02-25 23:55:00,5.50345485,4.98555166,376230276.5,204293040.1395,1.3800192,2.47827484
2024-02-26 23:55:00,5.10190498,4.678488,383791957.8,211929919.09716,1.06572477,2.43442246
2024-02-27 23:55:00,4.74613315,4.57032091,405452136.4,238150036.17773843,1.44961355,2.94730803
2024-02-28 23:55:00,5.92437464,5.92888048,364932954.8,210118560.43070814,1.14561591,3.61019326
2024-02-29 23:55:00,6.64380498,6.90617647,381994276.8,223978719.07599318,0.57657525,4.29011249
2024-03-01 23:55:00,6.02506233,6.02580645,402400259.4,242270287.25512922,1.04267866,3.99684296
2024-03-02 23:55:00,5.60695781,5.97142135,434288448.0,279681760.512,0.93469697,3.8864663
2024-03-03 23:55:00,6.55692767,7.20467186,405178155.9,254059551.9486236,2.58395874,4.69515526
2024-03-04 23:55:00,6.60385126,7.49031171,414231603.8,268588426.389854,0.905635,4.71911
2024-03-05 23:55:00,6.14679313,6.60180076,350005091.3,207023881.44387266,0.666664,4.009068
2024-03-06 23:55:00,4.66005792,3.99129468,365658998.9,224018473.59876257,1.054238,2.799419
2024-03-07 23:55:00,5.4472386,5.69879802,384267884.3,241283437.69047827,1.002203,3.422143
2024-03-08 23:55:00,6.39375,6.87979046,377526977.4,234196376.30257872,0.296921,3.738166
2024-03-09 23:55:00,6.8086239,7.00079491,391716130.4,243007568.7269529,0.827545,3.575044
2024-03-10 23:55:00,6.22232779,5.23853029,379306912.4,230879072.79594508,0.778443,3.324581
2024-03-11 23:55:00,4.09547281,5.16317449,480544656.6,347930530.538774,1.170364,3.577401
2024-03-12 23:55:00,6.87386074,8.87514156,446058535.9,307155907.82074,0.714496,5.319567
2024-03-13 23:55:00,7.7966688,8.64855876,441278874.1,304196094.9187515,0.764589,4.297879
2024-03-14 23:55:00,7.7503055,9.36889693,428763405.8,287228605.54542,0.492005,4.888852
2024-03-15 23:55:00,6.88852502,7.61868421,411289520.1,260961436.07140878,0.793534,5.164402
2024-03-16 23:55:00,7.59071379,7.03566334,427570251.8,258038646.9613,1.006097,3.674482
2024-03-17 23:55:00,6.07954545,5.42551457,417740406.9,258825719.25096497,0.60637,3.683582
2024-03-18 23:55:00,4.52311482,4.47797278,422956757.3,273103178.18861,0.915156,2.73181
2024-03-19 23:55:00,6.45072969,5.91802212,406403885.6,237705632.68744,1.042464,2.908757
2024-03-20 23:55:00,4.7963651,4.36908517,393421227.7,240405962.17556188,0.776106,2.679248
2024-03-21 23:55:00,4.06521352,4.59731794,415203271.5,266161481.65502307,0.716902,3.044051
2024-03-22 23:55:00,6.63591668,6.68658537,412319114.3,252256834.12874,0.803233,3.12438
2024-03-23 23:55:00,4.56799083,4.35776011,402846395.7,248654754.3183603,1.118168,3.246249
2024-03-24 23:55:00,4.42050844,4.93038229,398835186.3,252492166.7899269,0.968444,3.385508
2024-03-25 23:55:00,5.04336582,5.98498565,416066149.8,266573582.17686,0.495551,3.403243
2024-03-26 23:55:00,5.78949584,5.66579107,421037204.3,266215971.86175022,0.644184,3.053286
2024-03-27 23:55:00,7.27796094,6.34805537,425380718.3,260460613.81509,0.63923,2.91352
2024-03-28 23:55:00,6.19755578,6.54958295,440677725.3,275511713.85756,1.57574,2.816742
2024-03-29 23:55:00,5.71295303,6.300162,417938603.6,263612245.6921482,0.465314,3.082835
2024-03-30 23:55:00,6.33559706,6.23445082,417776617.7,259731723.22409,0.947255,3.038833
2024-03-31 23:55:00,5.33688573,5.22367906,420447056.5,264755511.47805,0.573523,3.042336
2024-04-01 23:55:00,5.60762101,4.72446809,403735469.6,246884239.6604,1.038976,2.798371
2024-04-02 23:55:00,6.49637418,5.47288373,398494511.7,233433151.59180516,0.897427,2.718589
2024-04-03 23:55:00,5.80416801,4.29063251,387306005.4,222507300.1023,0.86811,2.26915
2024-04-04 22:15:00,4.99170984,3.73536499,417629770.6,246429353.73893574,1.488045,2.170377
2024-04-05 16:50:00,5.20289427,3.89114445,406573291.8,237531875.16915885,1.176762,2.350414
2024-04-06 23:50:00,4.28444406,3.3223264,393558324.0,233498153.6292,0.52495,2.461722
2024-04-07 04:40:00,4.29996536,3.40295647,393332623.8,234048439.93298763,1.098237,2.496229
2024-04-08 23:55:00,4.58705849,4.70513065,402916547.0,247914551.3691,0.927944,2.809984
2024-04-09 19:05:00,4.23117836,4.22886272,441399872.5,274771420.63125,0.463819,3.052845
2024-04-10 06:55:00,5.09972387,4.67830986,435934282.2,267440764.7909968,0.767037,2.977223
2024-04-11 23:00:00,6.06808725,5.93868718,421712972.0,256865371.2452,2.306818,2.864035
2024-04-12 13:40:00,6.82326324,5.98666667,428746481.3,254461036.65155,0.611578,2.65245
2024-04-13 06:40:00,4.70683706,3.75861413,344920884.2,188361294.86162,1.004872,2.227721
2024-04-14 01:35:00,3.4877571,2.97399084,248871554.1,118577452.65868534,0.828555,1.631182
2024-04-15 05:15:00,3.43782681,3.00077474,255044288.2,127496639.67118,1.050022,1.690231
2024-04-16 10:30:00,4.0701829,3.644,262565750.0,126160913.0167375,0.912643,1.601481
2024-04-17 03:55:00,3.39150209,2.89888889,258484229.6,128581865.94749042,0.942026,1.624667
2024-04-18 06:20:00,3.72829941,3.36844323,253487114.4,124132639.92168,1.084308,1.701304
2024-04-19 04:20:00,3.47288285,2.87964172,249704697.9,121766056.31603652,0.753828,1.504495
2024-04-20 23:45:00,2.95467033,2.71727556,249614805.8,131821578.94298,1.111876,1.567838
2024-04-21 20:20:00,3.25008441,3.12645263,241863626.3,127002590.17013,0.983212,1.646432
2024-04-22 06:50:00,3.11057585,2.98943662,246570350.4,132408278.1648,1.497022,1.670967
2024-04-23 22:40:00,3.67272504,3.41039236,250326873.3,136970894.6621141,0.609786,1.581529
2024-04-24 09:40:00,3.80728837,3.4411387,254000245.5,138141988.29899743,1.07206,1.675542
2024-04-25 02:50:00,4.4691358,4.31946972,239788174.2,126248473.7163,1.571556,1.666408
2024-04-26 20:50:00,3.25941144,2.80782222,244793763.6,129327477.93916793,2.32091,1.660109
2024-04-27 23:40:00,3.50374007,2.95102115,237830054.3,123219751.13283,3.185905,1.625171
2024-04-28 21:05:00,3.42842798,2.74735428,241718472.4,125163091.61351538,0.481161,1.586395
2024-04-29 01:45:00,3.38528665,2.56292436,244372554.7,125194901.82562116,0.897127,1.4182
2024-04-30 23:20:00,4.20207254,3.45471541,241712354.6,120711149.88724,0.683593,1.372685
2024-05-01 23:55:00,4.04085106,3.77300169,242748298.0,125597969.3852,1.203541,1.384241
2024-05-02 23:55:00,3.94323024,3.92511662,247535170.5,128170277.97208516,0.389378,1.500106
2024-05-03 23:55:00,3.46219633,3.27884615,251074874.4,133403783.7458666,1.762963,1.516369
2024-05-04 23:55:00,3.29030325,3.11373435,252626982.8,133867038.18572,1.782338,1.526536
2024-05-05 23:55:00,3.56064757,3.52894212,258766384.9,136979163.2338663,1.72286,1.458743
2024-05-06 23:55:00,3.47767805,3.39431397,278107829.2,150122606.20216,0.592285,1.391648
2024-05-07 23:55:00,4.47345133,4.36733204,273032203.0,143130227.43833613,1.007039,1.43935
2024-05-08 23:55:00,4.08438222,3.64645188,271540146.5,140331947.7112,0.606854,1.357649
2024-05-09 23:55:00,3.74643608,3.1664509,274668247.6,142992289.70056,1.32663,1.322206
2024-05-10 23:55:00,4.09170972,3.46153846,290350181.7,145697721.17706,0.813572,1.353358
2024-05-11 23:55:00,3.71275783,2.97951301,287548053.1,145413050.45267,1.308269,1.380234
2024-05-12 23:55:00,3.8413101,2.9883166,286240138.7,142809318.46822312,0.277789,1.364986
2024-05-13 23:55:00,3.53791887,2.79232804,274487104.8,138617170.9634217,4.885817,1.359567
2024-05-14 23:55:00,3.70759214,2.87253049,270776908.1,135371698.37492678,1.68574,1.509651
2024-05-15 23:55:00,3.48179499,2.88974746,264058909.3,136916704.47392806,1.345058,1.460546
2024-05-16 23:55:00,3.59772999,3.4979406,268745020.1,138538958.15736735,0.926127,1.554629
2024-05-17 23:55:00,3.36499383,3.09305583,276259643.1,144526083.16746575,2.645935,1.464478
2024-05-18 23:55:00,3.51384083,3.32933502,272919876.5,142191255.6565,0.767399,1.468203
2024-05-19 23:55:00,4.29260014,3.97208969,274902017.8,139952771.20710996,0.970879,1.425549
2024-05-20 23:55:00,3.39639006,3.24788315,286001896.6,153801532.5032593,2.137487,1.391341
2024-05-21 23:55:00,3.52486821,3.41178939,304492437.6,163573337.47872,1.091989,1.657975
2024-05-22 23:55:00,4.0984131,4.06802879,302524483.3,159460655.14743,0.802816,1.643719
2024-05-23 23:55:00,3.27900066,2.86900731,286544006.9,151581779.6501,0.602205,1.691189
2024-05-24 23:55:00,3.09812941,2.80802342,294619615.6,158020259.04951844,0.67163,1.814134
2024-05-25 23:55:00,2.94821065,2.68120915,298576777.4,161795220.52401558,0.420784,1.845676
2024-05-26 23:55:00,3.72958006,3.37865582,289463374.7,152997525.32282203,0.57458,1.889858
2024-05-27 23:55:00,3.30607988,3.06552347,288334520.1,154066017.67599428,1.70829,1.715324
2024-05-28 23:55:00,3.55567591,3.02830683,287392570.4,152025456.44037294,0.557039,1.920003
2024-05-29 23:55:00,3.85308642,3.13497899,293524392.5,153777429.23075,0.502767,1.770605
2024-05-30 23:55:00,3.76658289,3.19460706,297432396.6,154359127.3688307,0.560037,1.856034
2024-05-31 23:55:00,3.95167585,3.32763109,301015271.4,155870695.3539671,0.376889,1.878104
2024-06-01 23:55:00,3.64964881,3.08562001,305330990.2,158436250.81478,1.074413,1.949911
2024-06-02 23:55:00,3.91920966,3.20881027,305611417.1,156983697.78426072,0.347518,1.834011
2024-06-03 23:55:00,3.48303249,2.91870456,306445954.8,159409548.17347652,0.256483,1.923487
2024-06-04 23:55:00,3.27430798,2.83629592,318377997.7,167451617.87324986,0.457796,1.803867
2024-06-05 23:55:00,3.88489371,3.41595892,317074462.7,166816540.20725882,1.226705,1.817488
2024-06-06 23:55:00,4.07368666,3.37357322,324630888.7,169388209.98519576,0.322113,1.994417
2024-06-07 23:55:00,3.35316315,2.88739466,267193386.2,133316407.2378762,1.517974,1.860669
2024-06-08 23:55:00,3.25307203,2.49929345,262267370.6,129192906.75756,0.821846,1.69376
2024-06-09 23:55:00,3.05405941,2.28398836,265172203.0,132188343.1955,2.678184,1.629107
2024-06-10 23:55:00,3.13911537,2.32740428,270978267.9,134659054.35128996,1.044025,1.675464
2024-06-11 23:55:00,3.87441689,3.09956953,256083362.6,122978308.86466226,0.527282,1.584548
2024-06-12 23:55:00,3.68516255,3.01332304,250836822.5,123325684.65661895,0.974601,1.551811
2024-06-13 23:55:00,4.61945741,4.03529127,253532609.1,120896618.99716043,0.636638,1.647273
2024-06-14 23:55:00,3.84839831,3.04360353,250837324.5,119027051.30068305,1.009716,1.559157
2024-06-15 23:55:00,3.7504612,3.11469019,267710249.5,131342417.76501296,0.867608,1.579627
2024-06-16 23:55:00,4.26296694,3.73861247,266697920.2,130420414.24578466,1.003089,1.564457
2024-06-17 23:55:00,2.49310493,2.39702155,278971396.9,140746808.17768425,1.298416,1.502325
2024-06-18 23:55:00,3.68526053,3.26966546,259272227.6,127255040.62883443,0.570185,1.491245
2024-06-19 23:55:00,3.35534861,3.13087248,266991981.9,131679791.34272434,0.700692,1.687301
2024-06-20 23:55:00,3.89762611,3.42341279,254377871.3,124291823.52998559,0.697949,1.695429
2024-06-21 23:55:00,3.74872131,3.49632962,265237184.6,129647935.83248,1.443221,1.566384
2024-06-22 23:55:00,4.01282936,3.53541417,260040410.5,126483655.6672,0.783151,1.610433
2024-06-23 23:55:00,3.91210809,3.0598273,260617304.5,124994962.51497214,1.70045,1.569133
2024-06-24 23:55:00,3.82380471,3.60897285,261610419.2,123946566.62372941,0.502889,1.490958
2024-06-25 23:55:00,4.33201637,3.59428841,277139189.3,131782131.65119152,1.238383,1.510091
2024-06-26 23:55:00,4.18972858,3.27405991,281808867.0,132337443.9432,0.419026,1.48159
2024-06-27 23:55:00,3.7713822,3.01528926,281624708.0,133862019.54889064,0.5839,1.559438
2024-06-28 23:55:00,3.97564849,3.33140183,278012287.7,131027191.19301,0.399916,1.702197
2024-06-29 23:55:00,4.07652435,3.29834879,276309591.7,130528651.11908,1.05709,1.719901
2024-06-30 23:55:00,3.92302657,3.18998463,282353022.1,134400038.5196,0.328622,1.651155
2024-07-01 23:55:00,3.5984589,3.1113495,287056015.0,136840259.70877436,0.805696,1.815372
2024-07-02 23:55:00,3.21791607,2.89257536,289514103.2,140501194.28296,1.031809,1.737198
2024-07-03 23:55:00,4.30894085,3.43313953,283732772.9,132482639.9929202,0.99869,1.686558
2024-07-04 23:55:00,4.31850479,3.82039969,268786465.0,116277024.759,0.713008,1.569616
2024-07-05 23:55:00,3.17290941,2.67240983,248308997.0,105506492.8253,2.411189,1.565849
2024-07-06 23:55:00,2.78637891,2.32020684,243820747.4,109384055.98204279,1.487608,1.451707
2024-07-07 23:55:00,3.26564073,3.06633964,252609822.1,105919298.40653,0.620894,1.60007
2024-07-08 23:55:00,3.13736655,2.84096663,235961502.4,101793792.13536,0.767457,1.380466
2024-07-09 23:55:00,2.83607843,2.61412331,229719928.8,100043028.9924,0.736218,1.55107
2024-07-10 23:55:00,2.98707295,2.88929889,235333420.9,103217238.40674,0.34769,1.517136
2024-07-11 23:55:00,2.78465662,2.78541858,244863347.4,109919156.64786,0.557785,1.549201
2024-07-12 23:55:00,1.85058154,1.71753919,268633535.0,127386022.297,1.305896,1.417469
2024-07-13 23:55:00,1.19501663,1.2634322,344728947.0,181164945.02741048,0.839769,1.398585
2024-07-14 23:55:00,1.56009432,1.58377263,337013552.6,175323576.3895244,0.400814,1.434674
2024-07-15 23:55:00,1.77741547,1.81014493,326460519.9,175268223.92368618,1.19646,1.392535
2024-07-16 23:55:00,1.23149177,1.35844971,373585033.0,216325115.69851205,1.337916,1.596351
2024-07-17 23:55:00,1.15566179,1.2010223,371142973.6,232261272.87888,0.780338,1.546274
2024-07-18 23:55:00,2.11361071,2.25493236,375888650.5,214041905.8833375,0.730709,1.662949
2024-07-19 23:55:00,1.86259884,1.69820162,352715033.0,202105713.909,1.105651,1.583504
2024-07-20 23:55:00,1.71743056,1.67054888,356865121.4,211835136.06304,0.937966,1.641669
2024-07-21 23:55:00,1.48110511,1.38590078,355002564.3,212396134.956971,1.498092,1.721613
2024-07-22 23:55:00,1.41329091,1.38510047,368031801.5,223633044.69363296,0.933248,1.849334
2024-07-23 23:55:00,1.61609845,1.54457143,359592154.9,214770236.9786316,1.306515,1.760613
2024-07-24 21:10:00,1.23193611,1.28350566,388632084.6,240757576.4097,0.834942,1.743331
2024-07-25 23:55:00,1.6565614,1.67236792,354863141.8,212704967.19492,0.807266,1.630611
2024-07-26 23:55:00,1.84459554,1.71130952,354168650.5,213634529.9816,0.6733,1.565901
2024-07-27 23:55:00,1.72551063,1.573911,335185400.9,199583971.61265317,0.477685,1.753888
2024-07-28 20:30:00,1.69049713,1.58569549,350566820.6,210117359.73053178,0.523573,1.778685
2024-07-29 23:55:00,1.54392715,1.4161326,364272002.5,219170592.27968854,2.22268,1.805928
2024-07-30 23:55:00,1.40508475,1.55565673,399653923.7,250702906.33701,1.393405,2.153554
2024-07-31 23:55:00,1.37229078,1.45740144,399550737.5,248920109.4625,0.833779,2.125726
2024-08-01 23:55:00,2.31274721,2.27479073,351339938.3,209433737.22063,0.802387,2.041033
2024-08-02 23:55:00,2.6402786,2.78295997,333553755.8,186986753.20026946,1.066732,2.24938
2024-08-03 23:55:00,2.5764401,2.4346835,312786596.0,173784232.7376,0.464107,1.925871
2024-08-04 23:55:00,2.66834003,2.62997062,293337491.8,153334403.32829222,0.789074,2.081347
2024-08-05 23:55:00,2.57315113,2.43669016,213987851.1,104576526.19490841,0.704417,1.705139
2024-08-06 23:55:00,2.41982114,2.09298721,220235890.0,111391584.5683823,0.624476,1.730909
2024-08-07 23:35:00,1.41571911,1.3667567,284511858.5,170707115.1,0.734154,1.192528
2024-08-08 23:55:00,1.46305502,1.39540445,310354535.6,191302535.74384,0.630097,1.382821
2024-08-09 23:55:00,2.57353874,2.80032063,291265563.3,168996168.22193006,0.933248,1.701628
2024-08-10 23:55:00,2.55035022,2.49643154,280446420.9,163706941.17904645,0.869322,1.562047
2024-08-11 23:55:00,2.93676439,3.07583879,269413594.3,148877952.21018,0.452005,1.610749
2024-08-12 23:55:00,2.90441977,2.73215994,248217852.9,141024270.6686113,0.974906,1.600031
2024-08-13 23:00:00,2.36823433,2.12915882,250529016.5,144354819.3073,2.951852,1.532445
2024-08-14 23:55:00,2.70940171,2.4919244,245563592.5,139582004.87452826,1.543395,1.611424
2024-08-15 23:55:00,2.6805668,2.39631413,250595421.2,140458733.5826,0.824068,1.512338
2024-08-16 23:50:00,2.41619903,2.14224005,253160386.8,142706510.03916,0.467291,1.512854
2024-08-17 23:55:00,2.37512837,2.0234375,256204910.7,145039718.7618815,1.953026,1.517291
2024-08-18 23:55:00,2.37664474,1.95242343,258349804.3,145406317.6427013,0.534304,1.487772
2024-08-19 22:00:00,1.42177246,1.31285624,284028404.1,169781031.85611907,2.149052,1.516939
2024-08-20 23:55:00,1.67645785,1.64754811,275057910.8,163193192.50850737,0.383138,1.548156
2024-08-21 21:40:00,1.55145755,1.44181318,260397822.9,156940083.08791584,0.272605,1.493984
2024-08-22 23:55:00,1.73189911,1.59473024,267903436.6,160045513.02484,1.031525,1.539193
2024-08-23 22:30:00,1.75641026,1.58132376,272924471.6,167821257.58684,1.153,1.497769
2024-08-24 23:55:00,1.94055632,1.87173101,277803542.1,170097283.6585584,0.395029,1.58041
2024-08-25 23:55:00,1.89238887,1.69449565,264910114.5,158864971.7666481,1.503754,1.395905
2024-08-26 23:55:00,2.28909552,2.20974441,251414559.6,147612786.5058252,1.958061,1.322651
2024-08-27 23:55:00,2.64714747,2.49187975,233563691.0,132249122.13090844,0.499051,1.329931
2024-08-28 23:55:00,2.55095116,2.27608268,234404502.0,133385418.27178398,0.312369,1.355711
2024-08-29 23:55:00,2.84679452,2.44027986,239470966.4,134484825.7010903,1.657409,1.288675
2024-08-30 23:55:00,2.88642503,2.69483482,236034159.1,133713351.13015,0.389446,1.31026
2024-08-31 23:45:00,2.83741397,2.75111977,237615026.7,134418820.60419,0.956653,1.371696
2024-09-01 23:55:00,3.00647948,2.69123468,239825976.5,131184809.1455,0.609236,1.285193
2024-09-02 23:55:00,2.45257425,2.27963579,233043583.4,132233233.5361454,0.696627,1.251092
2024-09-03 23:55:00,2.94478599,3.0500106,241726107.1,134665614.26541,1.104762,1.427303
2024-09-04 23:55:00,2.77894241,2.74318508,226813733.2,126481390.01697542,0.603688,1.279804
2024-09-05 19:05:00,2.917396,2.69575613,231694441.2,126690520.44816,0.998728,1.357873
2024-09-06 23:55:00,2.9350602,2.72283556,226786882.9,118065251.23774,0.67947,1.2554
2024-09-07 23:55:00,2.92591236,2.71699242,225351996.3,118224202.60874537,0.785686,1.281879
2024-09-08 23:55:00,3.00303251,2.68501171,229946450.3,121691096.89872748,1.039287,1.283286
2024-09-09 23:55:00,2.83669571,2.60574827,227592598.3,122742308.7224899,1.333243,1.288878
2024-09-10 22:20:00,2.85765209,2.74182409,228300421.1,123396377.60455,0.553413,1.369595
2024-09-11 23:55:00,2.90925723,2.90021459,230300400.1,123118593.89346,0.458322,1.397999
2024-09-12 23:55:00,2.58938724,2.4040636,241065609.1,135560699.6245529,0.942664,1.244737
2024-09-13 23:35:00,2.44763755,2.34945671,234626518.5,134018667.3672,1.312192,1.321932
2024-09-14 23:55:00,1.89689311,1.90802603,261558966.4,155706052.69792,0.623107,1.369808
2024-09-15 23:50:00,2.36153463,2.50133809,245211268.7,139806559.9436683,1.198121,1.3918
2024-09-16 23:55:00,2.07730325,2.08397573,250723835.9,146974312.60458,1.337275,1.401481
2024-09-17 23:55:00,2.06491471,2.09965238,256093257.3,149440654.24297684,0.512776,1.412497
2024-09-18 23:55:00,2.15779468,1.99867264,243533464.8,142475230.4084015,0.634697,1.453145
2024-09-19 23:55:00,1.98644749,1.91506849,263863178.5,154803690.2138881,0.256883,1.605506
2024-09-20 23:55:00,2.12439315,2.07767771,267890718.5,156636616.61430007,0.787084,1.54474
2024-09-21 23:55:00,2.0807531,2.18162602,288020096.5,172078295.02195564,0.618038,1.590013
2024-09-22 23:55:00,2.25538006,2.31650246,267421595.6,156953478.3599784,0.591393,1.697549
2024-09-23 23:55:00,2.28562061,2.1814346,277440946.7,162170201.10091352,1.623031,1.601587
2024-09-24 23:55:00,2.21700853,2.1387872,286289418.7,169111159.62609,0.643878,1.653589
2024-09-25 23:55:00,2.39794657,2.35557418,293125706.7,170853784.94452494,0.680573,1.722067
2024-09-26 23:55:00,2.17906913,2.14226343,290758423.9,171634697.62817,3.052013,1.710714
2024-09-27 23:55:00,2.57438759,2.46300833,296545163.8,174516828.8963,0.970573,1.667494
2024-09-28 23:55:00,1.79743435,1.98300359,382514726.0,234743507.54869014,0.949401,2.141067
2024-09-29 23:55:00,1.79615205,1.86779993,467989906.1,300040655.65483665,0.678163,2.300248
2024-09-30 23:55:00,2.36965048,2.46518889,445087469.2,272133377.5246526,0.89487,2.573771
2024-10-01 23:55:00,2.72316819,2.87765122,402791349.2,240385877.20256,0.86456,2.384849
2024-10-02 23:55:00,3.16182171,3.13582717,350711265.1,188704727.3766001,1.020402,2.182279
2024-10-03 23:55:00,3.20387829,2.91155989,298989255.8,155922896.8997,0.664676,1.772902
2024-10-04 23:55:00,3.13222119,2.70231551,296107270.2,158062060.83276,0.511742,1.667365
2024-10-05 23:55:00,3.22798527,2.82330064,296810633.5,157061208.22286683,2.72848,1.72404
2024-10-06 23:55:00,3.35237694,2.93450009,303597291.4,161942869.5084106,1.053427,1.670363
2024-10-07 23:55:00,3.73301506,3.34229926,289520912.7,152958130.97515368,0.652275,1.745905
2024-10-08 23:55:00,3.7894932,3.39934265,290161480.8,154017714.00864,0.859795,1.712428
2024-10-09 23:55:00,3.90869183,3.73237909,288003780.5,150971581.7381,0.681813,1.757995
2024-10-10 23:55:00,3.69165267,3.38510075,290309919.3,153951350.20479,1.167985,1.648787
2024-10-11 23:55:00,3.41768876,3.44220684,305432112.7,164536279.11149,1.653881,1.659154
2024-10-12 23:55:00,3.66055152,3.77079685,313809222.6,169143170.9814,0.241986,1.706957
2024-10-13 23:55:00,3.8013206,3.55201308,322522241.3,171502946.65660045,1.079086,1.611998
2024-10-14 23:55:00,3.25150167,3.27890173,326054761.1,178798065.70638463,0.814933,1.739936
2024-10-15 23:55:00,3.37657658,3.44468689,316552525.8,171416874.22657505,0.559721,1.781507
2024-10-16 23:55:00,3.1079432,3.12170919,324181024.9,177683619.74769,0.97821,1.755719
2024-10-17 23:55:00,3.38038668,3.42057837,313156998.4,170357407.1296,0.856212,1.833911
2024-10-18 23:55:00,3.31848331,3.0171278,328248131.4,179401354.12432435,2.711518,1.789382
2024-10-19 23:55:00,3.4132948,3.14456687,332356164.5,180761355.59620503,0.299415,1.775795
2024-10-20 23:55:00,3.37243207,3.26535002,341137804.6,187045858.26218,2.010738,1.812116
2024-10-21 23:55:00,3.508684,3.52795292,332747369.2,181317951.2586681,0.452229,1.952872
2024-10-22 23:55:00,3.71328592,3.40384253,336953130.1,179816554.16695046,0.587477,1.715913
2024-10-23 23:55:00,3.68258753,3.52061455,337479428.6,177412935.61502,0.222401,1.716457
2024-10-24 23:55:00,3.77703027,3.71584699,328456088.5,174775938.55541006,0.715744,1.877314
2024-10-25 23:55:00,3.61693548,3.62959098,320052851.2,160623989.8774185,0.883893,1.719995
2024-10-26 23:55:00,3.31138003,3.16947511,318903930.2,163678338.29519385,1.965998,1.760184
2024-10-27 23:55:00,3.59001494,3.58749197,325961799.8,168424461.95666,1.01841,1.671167
2024-10-28 23:55:00,3.23454503,3.13871031,327537979.6,170084331.4691625,2.267674,1.811864
2024-10-29 23:55:00,3.39280991,3.44813717,336837597.8,178018380.7569659,0.61303,1.888165
2024-10-30 23:55:00,3.45981982,3.53709643,347622345.1,181790256.00000727,1.634712,2.006997
2024-10-31 23:55:00,3.78498935,3.81192661,342366051.1,174435503.03545,0.678889,1.936177
2024-11-01 23:55:00,3.67284478,3.82963958,342404536.0,175669506.98769513,0.781921,2.058044
2024-11-02 23:55:00,3.73554949,3.58687259,343227758.8,175149125.31564,0.718251,2.117038
2024-11-03 23:55:00,3.64062694,3.65196295,336401523.7,169176326.26873,1.312013,1.937961
2024-11-04 23:55:00,3.75907716,3.89640884,332330658.5,167252269.8415296,0.517553,2.13377
2024-11-05 23:55:00,3.99335413,4.13572343,337565101.5,173474705.66085,3.195086,2.126907
2024-11-06 23:55:00,3.19141408,3.20848669,332445254.8,180227418.99531022,0.957857,2.148852
2024-11-07 23:55:00,3.2319378,3.47073225,336723375.7,187150852.21406,3.615378,2.217418
2024-11-08 23:55:00,3.17000699,3.62810294,338740203.8,187662072.9052,0.385522,2.372361
2024-11-09 23:55:00,3.55469518,4.03982621,360933343.3,201953141.856652,1.435958,2.296372
2024-11-10 23:55:00,3.45772931,4.08195073,356380185.4,209833570.47491628,0.903902,2.388816
2024-11-11 23:55:00,3.00529399,3.23303404,389481029.1,242094350.2923127,0.726058,2.569668
2024-11-12 23:55:00,2.44659308,2.94770689,473213030.5,333398696.27317655,0.609668,2.571177
2024-11-13 23:55:00,3.35963849,4.10929084,404249143.5,278972333.92935,0.769368,2.676429
2024-11-14 23:55:00,2.51624938,2.96781763,469005251.8,363056965.41838,1.115925,2.801033
2024-11-15 23:55:00,1.49549297,1.57863903,470335177.8,419774146.1865,2.03365,2.800274
2024-11-16 23:55:00,1.69677913,1.72492906,468969199.3,525993560.67549545,1.29202,2.566312
2024-11-17 23:55:00,2.38355167,2.71396673,444005342.1,468425635.9155,0.709069,2.792657
2024-11-18 23:55:00,2.31135431,2.39101839,444269196.6,495389622.5848105,0.644018,2.559706
2024-11-19 23:55:00,2.43502603,2.56157742,439389236.3,483975454.97124004,0.708019,2.799555
2024-11-20 23:55:00,2.342455,2.49088765,409785656.1,452526300.03123,0.803798,2.900449
2024-11-21 23:55:00,1.96324074,2.02762072,436179332.2,544220952.78594,0.981409,2.885425
2024-11-22 23:55:00,1.68178649,1.84009159,450974690.4,664551717.3608387,1.199691,2.798141
2024-11-23 23:55:00,2.52491432,2.80795778,393303883.3,578038717.28601,0.703026,3.035121
2024-11-24 23:55:00,2.67363196,3.05736872,387219954.0,555041082.0636,1.377559,2.750419
2024-11-25 23:55:00,2.70964672,3.11912594,383110290.5,542005551.6620784,1.206362,2.945734
2024-11-26 23:55:00,2.50616693,2.7768355,371598560.2,519940705.43184,1.161418,3.034403
2024-11-27 23:55:00,2.50832458,2.6166352,394457615.6,580168261.02448,0.825154,2.958917
2024-11-28 23:55:00,2.26199794,2.64143843,407267149.9,628331758.86572,0.802094,3.031642
2024-11-29 23:55:00,1.56954485,1.6781866,464291066.1,836611713.1420431,1.291584,2.798028
2024-11-30 23:55:00,1.46716549,1.64696053,465713457.0,909304821.56518,1.287453,2.512815
2024-12-01 23:55:00,1.54708785,1.54668493,473936828.6,1088956475.6639266,0.958408,2.399612
2024-12-02 23:55:00,1.62095169,1.78610347,468938993.6,1277624288.0632,1.24445,2.699844
2024-12-03 23:55:00,2.54774492,2.7571977,412262913.1,1035315853.66803,0.616921,2.714929
2024-12-04 23:55:00,3.57628445,3.49713669,441964713.2,1043522884.33652,1.34081,2.870827
2024-12-05 23:55:00,4.18904959,4.22280836,451906340.3,1014798735.741627,0.918094,3.354717
2024-12-06 23:55:00,3.75496482,3.55009567,446692937.3,1083896025.8338058,1.371812,2.854129
2024-12-07 23:55:00,2.92785079,3.0,438106820.4,1144291204.20276,1.264257,2.896396
2024-12-08 23:55:00,2.80655455,3.04572813,437017772.0,1137551557.4340754,0.556201,2.835434
2024-12-09 23:55:00,3.47583858,4.06937434,378266649.8,837461955.1714433,1.071684,3.715196
2024-12-10 23:55:00,3.24242591,3.1829762,394567075.4,934686488.5074795,1.469593,2.730331
2024-12-11 23:55:00,2.91566594,2.90603738,402455743.8,963438805.08282,0.952024,2.570468
2024-12-12 23:55:00,3.22799637,3.65021898,399095940.7,932966580.57439,0.438012,3.119403
2024-12-13 23:55:00,2.90549671,3.19288963,425044854.2,1029458636.8724,1.020851,3.008152
2024-12-14 23:55:00,3.13170687,3.2862655,409828588.7,983506647.16226,0.907052,3.222165
2024-12-15 23:55:00,3.09828452,3.20785781,406084112.5,993655762.9468181,0.746282,3.177934
2024-12-16 23:55:00,3.1785576,3.5300378,417705754.9,1037789948.04905,0.616672,3.201136
2024-12-17 23:55:00,3.01435205,3.34418768,418507633.1,1073739007.2549676,1.51976,3.317965
2024-12-18 23:55:00,3.81461748,4.1196714,381200012.8,880225594.9963673,0.750448,3.408475
2024-12-19 23:55:00,3.25853549,3.15865766,351990282.2,788057519.3509378,0.570252,2.68207
2024-12-20 23:55:00,2.92815874,2.79471293,301371466.2,686705022.88332,1.466521,2.107163
2024-12-21 23:55:00,2.91154342,3.07664919,300473202.7,672278743.72098,0.61638,2.412698
2024-12-22 23:55:00,2.85798342,2.94426612,300332219.7,661511747.11122,1.181402,2.413179
2024-12-23 23:55:00,2.90965115,2.91845842,312775721.1,707238961.5526702,1.125428,2.225136
2024-12-24 23:55:00,2.69276125,2.72824606,310725670.3,721691441.83878,0.603849,2.379412
2024-12-25 23:55:00,2.89857127,3.01226298,310234584.1,712512319.4938948,0.765219,2.422563
2024-12-26 23:55:00,3.20523219,3.12458746,298504694.7,643277617.0785,0.582806,2.068386
2024-12-27 23:55:00,3.33667852,3.11313978,294893045.2,632663539.17208,1.419659,2.153888
2024-12-28 23:55:00,3.19644752,2.91786103,297087573.2,648720424.83952,4.315249,2.104506
2024-12-29 23:55:00,3.72809042,3.70632323,299636018.5,627056484.9673356,0.410236,2.104736
2024-12-30 23:55:00,3.17864777,3.05890079,312222008.1,642521670.46899,0.702515,1.88233
2024-12-31 23:55:00,3.17648697,3.16405606,301411427.6,628010141.3993374,1.070945,1.97937
2025-01-01 23:55:00,2.352,2.38285044,320799750.5,748141961.4652675,1.552125,1.900634
2025-01-02 23:55:00,2.31807301,2.54135274,328806504.6,789949926.6531622,0.845247,2.025778
2025-01-03 23:55:00,2.1562838,2.32555732,317765906.5,779892864.32295,0.897511,2.287552
2025-01-04 23:55:00,2.27328754,2.53332801,325976171.3,788868609.5872976,0.818104,2.32831
2025-01-05 23:55:00,2.55694013,2.90153846,318874864.8,764926171.0133624,1.239729,2.345959
2025-01-06 23:55:00,2.5124527,2.67289235,318512725.7,770625343.4590482,1.107951,2.438139
2025-01-07 23:55:00,3.15501853,3.60878639,303708049.8,689356531.43604,0.715391,2.44641
2025-01-08 23:55:00,2.69938797,2.78833407,315718553.7,749038259.027618,0.731919,2.456742
2025-01-09 23:55:00,2.89829712,3.0048986,298202815.5,677307246.71552,0.714567,2.515346
2025-01-10 23:55:00,2.65290361,2.7636069,307619820.4,720168761.53844,1.387247,2.554136
2025-01-11 23:55:00,2.0365469,2.11327684,372096302.6,958594494.75812,0.993278,2.618787
2025-01-12 23:55:00,2.13832619,2.43328256,366370104.0,917134281.3432,0.531452,3.115494
2025-01-13 23:55:00,2.12842676,2.21148279,336208285.7,848051779.84968,1.427571,2.982463
2025-01-14 23:55:00,1.86596895,1.9240566,387806100.6,1034472773.3505,1.074624,3.129159
2025-01-15 23:55:00,1.72780541,1.65795049,432183234.7,1357487540.1927,0.718829,2.978565
2025-01-16 23:55:00,1.65616527,1.94744333,438989019.9,1422587817.88794,1.322217,3.696185
2025-01-17 23:55:00,1.90017734,1.94214737,413415280.3,1360549687.4673,0.756447,3.183678
2025-01-18 23:55:00,2.0928172,2.33148274,391790071.4,1280957638.4423,0.687753,3.737486
2025-01-19 23:55:00,3.0021966,3.49379416,328235569.8,970001755.87296,0.697836,4.383239
2025-01-20 23:55:00,2.53999226,2.54660599,319688622.4,992377421.65408,1.38431,3.012789
2025-01-21 23:55:00,2.27068132,2.19812691,318674406.9,1011345097.73784,1.355561,3.27403
2025-01-22 23:55:00,2.28871885,2.28012587,329804831.4,1048402951.0018265,1.502643,3.575033
2025-01-23 23:55:00,2.58380276,2.48602627,313551090.8,977878967.1979393,0.77297,3.083628
2025-01-24 23:55:00,2.70843867,2.75403193,312542354.0,968506246.5752,0.901141,3.056361
2025-01-25 23:55:00,2.49499713,2.36372256,313078123.5,972733729.7145,0.872649,3.216859
2025-01-26 23:55:00,2.94243223,2.86577023,320507435.5,968254106.8570447,0.82195,2.697398
2025-01-27 23:55:00,2.66492071,2.65696784,293161028.3,895020619.3999,1.40795,2.089339
2025-01-28 23:55:00,2.61685073,3.00295858,297558167.8,909308004.98002,0.833609,2.452257
2025-01-29 23:55:00,2.4566216,2.4972089,292639826.7,897555612.47157,1.04006,2.355578
2025-01-30 23:55:00,2.17944548,2.29090638,293670706.5,918190830.9429,0.941259,2.741673
2025-01-31 23:55:00,2.75789898,2.79703293,286668478.7,869981499.15876,0.534139,2.60476
2025-02-01 23:55:00,3.26955236,3.53676538,293211891.1,843412968.253569,0.690964,2.246655
2025-02-02 23:55:00,3.79243973,4.23815983,272314238.1,702138378.2590263,1.109217,2.781808
2025-02-03 23:55:00,2.77851042,2.45972164,239269319.9,645906789.7278515,1.111869,2.023174
2025-02-04 23:55:00,2.92968599,3.06897665,226812994.6,572770855.26338,0.784845,2.201462
2025-02-05 23:55:00,3.20273378,3.42997263,237930470.0,566378465.6637336,1.383357,2.043845
2025-02-06 23:55:00,2.83018643,2.78976763,242020176.5,562437041.1979831,1.204535,1.95088
2025-02-07 23:55:00,2.8945003,2.97250581,244061446.5,584442257.8308771,1.337403,1.977246
2025-02-08 23:55:00,2.40883978,2.28420492,240509445.7,581527788.75803,0.693714,2.020213
2025-02-09 23:55:00,2.60011658,2.43187564,230211641.5,550389992.4982,0.648712,1.896292
2025-02-10 23:55:00,2.72718053,2.66322884,235249426.1,569908597.4061128,1.005687,2.059269
2025-02-11 23:55:00,2.74941801,2.55268734,233694114.2,563693572.86182,0.378838,2.063076
2025-02-12 23:55:00,2.87504083,2.91960784,232920922.3,575871340.4516232,1.033253,2.283257
2025-02-13 23:55:00,2.82265762,2.94666518,235557279.7,602484854.28869,0.768154,2.314266
2025-02-14 23:55:00,1.78065548,1.79333031,243311130.5,666017684.0569305,0.623582,2.293484
2025-02-15 23:55:00,1.84297822,2.01032031,245413941.7,677423509.8672705,0.810878,2.41166
2025-02-16 23:55:00,2.08824733,2.24135916,243651230.3,664473937.5785933,1.595868,2.615865
2025-02-17 23:55:00,2.45973551,2.61262582,233303873.0,620218895.826608,0.651407,2.409278
2025-02-18 23:55:00,2.61664275,2.62753995,234832616.5,601473072.6344354,1.16139,2.328513
2025-02-19 23:55:00,2.04719678,1.9881082,231943374.1,634504294.18796,0.998259,1.990104
2025-02-20 23:55:00,2.40177768,2.57985234,231374596.1,621610989.88226,1.293737,1.940571
2025-02-21 23:55:00,2.94104752,2.90667868,232052141.9,596354050.519318,0.982661,1.855272
2025-02-22 23:55:00,2.64156345,2.3738427,229602181.4,590678548.5794219,0.37004,1.931963
2025-02-23 23:55:00,2.5562921,2.33018616,226926152.0,584198685.7088,1.62362,1.925462
2025-02-24 23:55:00,3.15380886,3.43469388,236485079.4,538309560.2331913,0.713621,1.985707
2025-02-25 23:55:00,2.89770961,2.61787031,223671129.8,519051223.81388,1.241948,1.555676
2025-02-26 23:55:00,3.13403929,3.09950306,221858109.2,487464589.7838921,0.911089,1.664289
2025-02-27 23:55:00,3.0656464,2.92437252,226510447.8,497711406.95094,0.678622,1.56774
2025-02-28 23:55:00,2.57565891,2.51787581,219890431.4,471499538.5880319,1.498159,1.573757
2025-03-01 23:55:00,2.50509117,2.4442011,219053420.2,479685072.1755105,0.999207,1.553883
2025-03-02 23:55:00,1.91465645,1.86769325,261929634.0,769785001.3626,1.048224,2.006369
2025-03-03 23:55:00,3.63903867,4.52456324,228527972.1,545176330.24176,0.613763,2.002573
2025-03-04 23:55:00,3.13667346,2.97645543,202058824.2,495696965.28922546,0.986555,1.604809
2025-03-05 23:55:00,2.70947089,2.60868257,200543586.3,501098259.08781,0.901774,1.457312
2025-03-06 23:55:00,2.60994413,2.61319584,210602975.3,547201368.7381383,1.159232,1.369733
2025-03-07 23:55:00,3.92253679,4.05136295,209100893.8,498478617.14562815,1.082534,1.301308
2025-03-08 23:55:00,3.7136018,3.47955648,209121574.9,486061276.54007,1.240367,1.258844
2025-03-09 23:55:00,3.44206245,3.45504524,215624991.1,460833730.97892,0.754181,1.331012
2025-03-10 23:55:00,3.65919612,3.53232528,208938795.5,422056366.91,1.305947,1.253641
2025-03-11 23:55:00,2.80324277,2.67938538,204581280.2,443941378.034,0.866905,1.269515
2025-03-12 23:55:00,2.58290458,2.53639396,209296729.0,468510727.8665,1.159934,1.20719
2025-03-13 23:55:00,2.50070419,2.41030796,221063065.8,497657173.72896,1.226308,1.163081
2025-03-14 23:55:00,2.09502128,1.99140823,215947757.2,508536101.17422175,1.406257,1.164442
2025-03-15 23:55:00,2.08719913,2.02952818,216446744.6,517294717.63805187,1.081194,1.144285
2025-03-16 23:55:00,2.2874296,2.35988986,208543860.1,478150740.91219527,0.400009,1.236215
2025-03-17 23:55:00,2.19975434,2.10455627,203750555.6,476083548.21496,1.339915,1.224174
2025-03-18 23:55:00,2.45096123,2.31026589,224039572.1,511639170.80477,0.547098,1.22043
2025-03-19 23:55:00,1.77529175,1.75502345,241368984.1,614332338.33132,1.006769,1.129924
2025-03-20 23:55:00,2.33450498,2.50218266,231450704.4,563532122.3712859,1.242826,1.218821
2025-03-21 23:55:00,2.39034643,2.25533136,227375628.9,541071934.6437737,1.061709,1.330544
2025-03-22 23:55:00,2.61039232,2.3446337,228090739.2,540552242.83008,1.127585,1.303045
2025-03-23 23:55:00,2.30413696,2.08219392,227561319.0,554763160.5283737,1.217204,1.320908
2025-03-24 23:55:00,2.10113786,1.93770245,227762778.8,557723618.388164,1.697756,1.317902
2025-03-25 23:55:00,2.23972173,2.09862367,232198041.5,568444025.39615,0.777366,1.362868
2025-03-26 23:55:00,2.63472421,2.46690012,238983797.0,561005986.7022204,0.902665,1.298889
2025-03-27 23:55:00,2.60375689,2.29754702,235342332.0,550701056.88,0.788844,1.330209
2025-03-28 23:55:00,3.06141705,2.77195365,251470085.8,554617274.2319,1.462004,1.266486
2025-03-29 23:55:00,3.05923181,2.91648118,250755579.4,534886726.41814,0.710041,1.255643
2025-03-30 23:55:00,2.90266876,2.51117877,244265380.1,521506586.5135,0.711032,1.210369
2025-03-31 23:55:00,3.28927456,2.94265028,249797211.1,521752369.0661395,0.986732,1.290053
2025-04-01 23:55:00,2.97379567,2.53178022,251341111.5,537317028.1647,0.699979,1.26739
2025-04-02 23:55:00,3.4057429,3.11600355,268209592.4,542105228.15888,0.59465,1.067217
2025-04-03 23:55:00,2.91060019,2.40798393,281250885.6,580164326.81568,1.395277,0.95226
2025-04-04 23:55:00,2.40016997,2.14244512,249785880.0,531915167.2724364,1.263718,1.109912
2025-04-05 23:55:00,2.36757826,2.17573123,258446856.2,553925213.3323087,0.769604,1.083046
2025-04-06 23:55:00,3.2179781,3.16041948,258648501.7,496848131.2908022,1.147042,1.008512
2025-04-07 23:55:00,2.34286028,2.01316127,238985562.0,453427306.7826,1.330651,0.964545
2025-04-08 23:55:00,2.654643,2.70976052,254821783.6,457583476.81052,1.308984,1.081113
2025-04-09 23:55:00,1.85006647,1.72367049,227690638.7,467289497.80401,0.820259,1.133523
2025-04-10 23:55:00,2.43506307,2.5620416,229803786.7,451542018.9100317,0.694066,1.087774
2025-04-11 23:55:00,1.92541012,1.89674278,223455811.1,451715922.13865,1.0044,1.125788
2025-04-12 23:55:00,1.74789955,1.71144004,233815129.5,504766907.92301977,1.480534,1.185766
2025-04-13 23:55:00,2.24644683,2.48898237,227444525.9,481800490.530116,0.738785,1.281533
2025-04-14 23:55:00,2.08697255,2.0712555,219921343.4,467618752.47142,2.057223,1.277544
2025-04-15 23:55:00,2.16513148,2.14695025,228032744.3,474969403.10247,1.297683,1.10737
2025-04-16 23:55:00,2.11679412,2.14326253,220004498.0,458132313.13188094,1.090006,1.175286
2025-04-17 23:55:00,2.08371936,1.92530854,223868056.4,462533791.32804,0.645447,1.142716
2025-04-18 23:55:00,2.13785225,1.98325131,225607633.3,464909649.94131,0.575569,1.211294
2025-04-19 23:55:00,2.05805576,1.89917808,226421755.1,472480652.40379363,0.802293,1.247136
2025-04-20 23:55:00,2.21141575,2.00479558,231610025.6,481216150.18912,1.36235,1.19041
2025-04-21 23:55:00,2.33801352,2.08963843,227196970.8,473501206.84428,1.617097,1.187173
2025-04-22 23:55:00,2.22959852,2.11467008,258080185.6,571303822.4887623,0.743247,1.542049
2025-04-23 23:55:00,2.38023488,2.49241827,250211936.0,554920031.6608,1.770163,1.614797
2025-04-24 23:55:00,2.27990622,2.27132486,246960756.9,544289938.0961392,0.791181,1.544469
2025-04-25 23:55:00,2.41361652,2.31694485,246505185.8,537405955.56258,0.657562,1.490536
2025-04-26 23:55:00,2.50255379,2.33466063,252301546.2,552494000.5387311,0.627543,1.443265
2025-04-27 23:55:00,2.43480989,2.59841769,273314104.0,615284710.9248,1.044155,1.415333
2025-04-28 23:55:00,2.70205832,2.84996855,266238215.0,610777089.0315,1.201774,1.448029
2025-04-29 23:55:00,2.77103546,2.8089853,255066031.9,570477039.5032839,0.425439,1.607775
2025-04-30 23:55:00,2.74438348,2.65164814,245832050.8,538302301.1999576,0.839836,1.592182
2025-05-01 23:55:00,2.47691286,2.44370341,243358037.5,538203013.7612655,0.684553,1.600572
2025-05-02 23:55:00,2.56640088,2.43412909,243275056.6,537224307.48978,0.618332,1.646438
2025-05-03 23:55:00,2.45986892,2.34123086,250932506.1,548638434.8636804,1.103687,1.579348
2025-05-04 23:55:00,2.90167716,2.65276127,249102736.3,536835996.1297921,1.552343,1.53613
2025-05-05 23:55:00,2.87298936,2.51823297,252448154.5,537785708.9749382,0.579722,1.547692
2025-05-06 23:55:00,2.61753988,2.37792677,245807962.1,529445769.56719,0.977901,1.559133
2025-05-07 23:55:00,2.84413793,2.70195295,247300635.9,525625764.7172702,1.631017,1.620631
2025-05-08 23:55:00,2.44493546,2.27543679,245177797.6,570468203.0687505,1.855273,1.654237
2025-05-09 23:55:00,3.08756831,3.60952119,257912344.8,604403044.0990471,0.733972,2.267528
2025-05-10 23:55:00,2.95759252,3.44054555,279089527.3,689676944.3360653,0.76049,2.22197
2025-05-11 23:55:00,3.18397351,3.93624161,267517973.7,632971473.9832057,1.433443,2.24426
2025-05-12 23:55:00,3.03390382,3.57305552,310960183.3,790802842.15023,0.917856,2.224407
2025-05-13 23:55:00,2.76291192,3.00478469,315560375.4,814826839.334622,0.738106,2.29226
2025-05-14 23:55:00,2.93849938,3.43985102,308179046.7,785632640.0260868,0.776452,2.171822
2025-05-15 23:55:00,3.62123207,3.94613711,298132883.2,710957486.56704,1.449566,2.006116
2025-05-16 23:55:00,3.28119067,3.28133739,289751413.6,689202712.38896,0.763818,2.011242
2025-05-17 23:55:00,3.284831,3.51761063,284892885.7,670068067.1664,0.845301,1.941322
2025-05-18 23:55:00,3.13903235,3.13251857,286027918.8,694164619.9338167,0.963412,1.98581
2025-05-19 23:55:00,2.94490571,3.19061477,280243342.7,666812116.5815836,0.56677,1.966582
2025-05-20 23:55:00,3.06331849,3.13805035,282399378.2,665050535.661,1.811301,2.005442
2025-05-21 23:55:00,3.02399468,3.34660843,281759144.0,674728622.1368,0.503265,2.087999
2025-05-22 23:55:00,3.19630647,3.66838643,287792156.3,699334939.809,0.783898,2.296024
2025-05-23 23:55:00,3.61281768,3.92794944,290467826.9,666739849.86626,1.026394,2.125693
2025-05-24 23:55:00,3.03613017,2.92170979,289546837.9,674319648.747639,1.307667,2.050038
2025-05-25 23:55:00,3.06746532,2.97501106,291104363.2,681329762.0696,0.928474,1.852417
2025-05-26 23:55:00,3.21082766,3.11770738,290822450.9,671509039.1281,0.720166,1.956728
2025-05-27 23:55:00,3.1560456,3.22465025,287833807.9,666565532.33482,0.39628,1.965942
2025-05-28 23:55:00,3.27382616,3.09949356,292815070.1,665627217.35132,0.69017,1.618884
2025-05-29 23:55:00,3.29239546,3.27157418,282744941.6,634123240.469165,0.818247,1.768538
2025-05-30 23:55:00,3.20215366,3.05514926,268452613.8,574075117.447173,0.983687,1.605654
2025-05-31 23:55:00,2.89440727,2.56502704,265930493.4,577893555.20754,0.543123,1.663904
2025-06-01 23:55:00,3.30801973,2.94786932,264623441.5,576365013.2177291,1.828029,1.56241
2025-06-02 23:55:00,3.25616151,3.29576167,266293944.2,584698636.1136439,1.375164,1.688403
2025-06-03 23:55:00,2.45621492,2.63068559,266214785.1,597346197.2890625,1.065866,1.755684
2025-06-04 23:55:00,2.94576818,3.07353595,262443274.1,577322714.36518,0.616666,1.80655
2025-06-05 23:55:00,3.13448839,2.94800885,269674372.0,564203223.1670182,0.541043,1.386906
2025-06-06 23:55:00,2.72544219,2.48348624,263544148.2,568991815.9638,0.531907,1.454297
2025-06-07 23:55:00,2.71952958,2.69556971,259460772.0,564545172.851419,0.669979,1.511285
2025-06-08 23:55:00,2.16467197,2.66966649,281588908.5,638092284.9474897,1.460908,1.614624
2025-06-09 23:55:00,2.29278011,2.49210628,271608987.9,630188890.2943835,2.049505,1.626152
2025-06-10 23:55:00,2.54508929,2.85704579,277134967.7,639234774.7175226,1.306955,1.689171
2025-06-11 23:55:00,2.60373027,2.97352775,275917632.6,626179695.8143878,1.070963,1.707251
2025-06-12 23:55:00,2.97036335,3.04736615,268586755.4,587882690.21952,1.442353,1.603773
2025-06-13 23:55:00,2.95210222,2.71428571,267442445.5,574011720.77665,0.734391,1.502056
2025-06-14 23:55:00,2.94187566,2.76642239,265906358.3,568540367.5742917,1.320494,1.558587
2025-06-15 23:55:00,2.84063527,2.76252546,261582130.9,566168364.11996,0.696228,1.511727
2025-06-16 23:55:00,2.33275214,2.9144462,273432963.4,611868666.681396,0.827456,1.826215
2025-06-17 23:55:00,3.22060133,3.35493184,267088754.0,576404240.0074,0.942404,1.936475
2025-06-18 23:55:00,2.94312886,2.60840999,273582484.0,593556806.6946282,1.57634,1.738553
2025-06-19 23:55:00,2.77448089,2.54225442,274197978.6,593467477.5166973,1.389853,1.830521
2025-06-20 23:55:00,3.23842345,2.83666037,272171817.3,576541560.58659,0.713502,1.716848
2025-06-21 23:55:00,3.057036,2.6354986,264152765.1,544630171.08318,0.992051,1.586213
2025-06-22 23:55:00,2.42607614,2.19325262,270575369.5,545576781.1309904,1.169486,1.3953
2025-06-23 23:55:00,2.38144841,2.10060386,261818255.4,564878224.4997276,0.60647,1.334035
2025-06-24 23:55:00,2.63679487,3.04650465,254167439.3,556347107.88377,1.276946,1.54397
2025-06-25 23:55:00,2.37534932,2.77985752,265870679.0,580874259.4792,0.766387,1.588762
2025-06-26 23:55:00,2.61668401,2.98606322,264729646.9,557178160.9217983,1.613176,1.714451
2025-06-27 23:55:00,2.4492838,2.26005679,272432927.0,583106749.064758,0.781888,1.576115
2025-06-28 23:55:00,2.07824494,2.25068966,275655967.6,602115704.9207959,1.176772,1.696416
2025-06-29 23:55:00,2.1364321,2.30796294,274767098.9,605937700.9444448,0.551494,1.676062
2025-06-30 23:55:00,2.1989818,2.65945596,292791509.8,654705663.7812732,1.116755,1.789438
2025-07-01 23:55:00,2.40688179,2.45359318,283922023.5,616316634.4620374,0.937853,1.79317
2025-07-02 23:55:00,2.38202055,2.67573607,294449519.8,657480929.118424,0.808775,1.688546
2025-07-03 23:55:00,2.20576043,2.67827789,303752829.7,685266383.8032,0.950649,1.827875
2025-07-04 23:55:00,2.49003825,2.70384715,291472721.4,646895120.4175123,0.796287,1.825009
2025-07-05 23:55:00,2.33534202,2.27639858,293026142.0,649469772.3103935,0.861549,1.859515
2025-07-06 23:55:00,2.28717811,2.65686901,309305271.9,702177339.9867473,0.626059,1.950546
2025-07-07 23:55:00,2.08786856,2.50600976,327605073.7,743499714.76215,0.708616,1.948865
2025-07-08 23:55:00,1.94859617,2.06227795,310246297.0,716565733.3319141,1.552359,1.95784
2025-07-09 23:55:00,1.78813154,2.17777541,338140488.7,812653036.49271,0.772019,1.959303
2025-07-10 23:55:00,1.84553886,2.10504333,334910440.5,852859236.212739,0.669688,2.132401
2025-07-11 23:55:00,2.2938537,2.87441286,371477275.2,1015470279.48672,0.8757,2.746713
2025-07-12 23:55:00,2.12623274,2.72972973,369560822.0,1012295526.731018,0.868394,2.888226
2025-07-13 23:55:00,2.14427245,2.59531735,368858850.2,1045998441.1325648,0.576264,2.747017
2025-07-14 23:55:00,1.85537104,2.15696496,385057147.6,1139260481.0017345,1.489553,2.797106
2025-07-15 23:55:00,2.04085489,2.57930809,380857901.4,1112403611.3625915,1.295596,3.00839
2025-07-16 23:55:00,1.90166745,2.30006056,406111049.0,1234212089.0159,0.999928,3.232584
2025-07-17 23:55:00,1.65006487,1.91094758,447233839.2,1558275465.7853544,0.980327,3.046444
2025-07-18 23:55:00,1.98464732,2.62314715,425086606.5,1451500726.5549,0.309892,3.778355
2025-07-19 23:55:00,2.05872241,2.49559182,421212935.8,1442522212.7383332,0.961897,3.262564
2025-07-20 23:55:00,2.13975923,2.32821765,425565383.4,1469890199.227367,0.601433,3.126176
2025-07-21 23:55:00,2.02173655,2.26356658,418171729.7,1484384188.91609,0.549787,3.20495
2025-07-22 23:55:00,2.11543663,2.58973354,414784091.4,1473690674.7590423,0.806018,3.277135
2025-07-23 23:55:00,2.38245025,2.96084305,389037297.3,1238582241.126448,1.085411,3.619681
2025-07-24 23:55:00,2.53748437,3.06664369,362229765.7,1139031498.24365,1.078292,2.94458
2025-07-25 23:55:00,2.68054147,3.18235294,351352859.7,1103679317.7962108,1.015982,3.159646
2025-07-26 23:55:00,2.51230607,2.87248322,350595051.4,1109563218.67072,0.761732,3.207471
2025-07-27 23:55:00,2.49711616,2.66476534,346262034.6,1121092589.42442,0.815325,2.985818
2025-07-28 23:55:00,2.52100316,2.74170804,330136720.6,1030653828.04114,0.673787,2.771871
2025-07-29 23:55:00,2.73472986,2.98065657,317644693.9,993243193.35591,0.960108,2.587978
2025-07-30 23:55:00,2.75213763,2.85632125,309587510.4,958173344.688,0.53925,2.527934
2025-07-31 23:55:00,2.66713568,2.61536204,310231256.7,937085976.5633637,0.834058,2.188507
2025-08-01 23:55:00,2.81225561,2.99967195,287975921.3,852441023.5475738,0.880358,2.303742
2025-08-02 23:55:00,2.61529271,2.73517474,293086539.6,811330051.7412314,1.188911,2.204274
2025-08-03 23:55:00,2.43959652,2.17134323,292422662.1,861600146.7455994,0.879617,1.785455
2025-08-04 23:55:00,2.49572734,2.43480407,287296606.3,882038622.2846402,0.491634,1.895044
2025-08-05 23:55:00,2.75685005,3.09613851,278767766.0,825347724.7962,0.918851,2.265799
2025-08-06 23:55:00,2.41390137,2.36469456,283592318.4,847862936.363359,0.533393,2.192976
2025-08-07 23:55:00,2.37970392,2.57559895,321083624.6,1065419683.14772,1.156238,2.395739
2025-08-08 23:55:00,2.19464198,2.69306729,330984602.6,1087218222.62048,0.611587,3.094306
2025-08-09 23:55:00,2.44670355,2.91421162,332583759.5,1072383074.1318,0.979537,3.225359
2025-08-10 23:55:00,2.74711543,3.09459459,335059792.3,1067332968.37165,1.164982,2.979655
2025-08-11 23:55:00,2.79986893,3.15703912,313111319.0,979443516.9639,0.544138,2.844187
2025-08-12 23:55:00,2.78048278,3.00436193,337897193.7,1103773742.9946349,0.548352,2.581432
2025-08-13 23:55:00,3.04096677,3.54451074,355474717.8,1164131135.839054,0.681619,2.856917
2025-08-14 23:55:00,3.15693533,3.67358398,326913027.7,1006241882.2273836,0.680405,2.392592
2025-08-15 23:55:00,3.02575986,3.06739368,333676662.9,1026552863.2569549,1.564159,1.902087
2025-08-16 23:55:00,2.87923469,2.98507463,326920960.1,1014729968.05439,0.659291,1.908938
2025-08-17 23:55:00,3.03841108,3.1594251,334104276.1,1030919791.9579116,1.130906,1.974261
2025-08-18 23:55:00,2.99658703,3.08167309,324798529.3,994013419.06972,0.790732,1.842447
2025-08-19 23:55:00,3.31001021,3.56999181,314703255.2,899961839.7365466,0.745878,2.227795
2025-08-20 23:55:00,3.0546451,2.86825099,318262792.4,938943985.5257863,1.020104,1.939414
2025-08-21 23:55:00,3.21650549,3.23656383,312148450.8,889837646.2606264,1.242917,2.175868
2025-08-22 23:55:00,2.91328671,3.11882313,315570094.4,970051384.2081838,1.114897,2.139755
2025-08-23 23:55:00,2.9454811,3.46449527,321145248.1,978786487.15918,1.835063,2.468963
2025-08-24 23:55:00,2.96586628,3.29208446,327345073.8,990218848.245,1.607212,2.185484
2025-08-25 23:55:00,3.5825177,3.82000999,317077187.5,905826109.25,0.572405,2.183738
2025-08-26 23:55:00,2.84077357,2.92621316,321141671.1,967046659.5930798,0.50156,1.962772
2025-08-27 23:55:00,3.06945645,3.50961171,312272508.6,926743517.8680863,0.736326,2.271844
2025-08-28 23:55:00,3.1958319,3.46651841,310244686.0,919855709.6863738,0.652813,2.405226
2025-08-29 23:55:00,3.56368689,3.57438113,329923315.1,929690909.62029,0.460174,2.181377
2025-08-30 23:55:00,3.54787462,3.16794587,337425005.9,950434708.3389496,0.891357,2.058686
2025-08-31 23:55:00,3.55495486,3.21902924,336597107.4,933929810.0137954,1.024823,2.064251
2025-09-01 23:55:00,3.70414554,3.58314699,310412196.1,856116836.8438,0.625774,2.028403
2025-09-02 23:55:00,3.24948431,3.27677539,310271841.0,887563628.3646,0.664307,1.966768
2025-09-03 23:55:00,3.32887124,3.64553671,314638421.6,894523765.8710222,2.067304,2.058129
2025-09-04 23:55:00,3.60200811,4.00946793,310156776.4,866329907.84048,1.628796,2.182107
2025-09-05 23:55:00,3.47928678,3.64370878,300230746.9,844609716.6244215,1.448407,2.159225
2025-09-06 23:55:00,3.62243156,3.68978734,306193175.3,859729197.60734,1.273431,2.148516
2025-09-07 23:55:00,3.2341444,3.35299083,310691266.2,893548081.5912,1.024531,2.183633
2025-09-08 23:55:00,2.86050249,3.28922588,321807014.1,955348482.75867,0.686233,2.145247
2025-09-09 23:55:00,3.2479125,3.79140615,312818555.5,921471567.7959508,1.713659,2.456552
2025-09-10 23:55:00,3.10289116,3.55938501,321716889.4,959438259.8946447,0.354331,2.64429
2025-09-11 23:55:00,2.93144699,3.49346198,331204604.9,1006464553.37012,0.872211,2.618723
2025-09-12 23:55:00,3.03115727,3.67685185,338060778.7,1049418945.1999314,1.112821,2.959297
2025-09-13 23:55:00,3.07028956,3.70152191,347403260.3,1083232498.8528087,0.785529,3.08807
2025-09-14 23:55:00,3.28388103,3.90330029,341631587.1,1033947998.35815,0.501612,2.757126
2025-09-15 23:55:00,3.19048166,3.7855444,327910857.1,982322554.61447,1.22457,2.68562
2025-09-16 23:55:00,3.36544078,3.8828125,332476737.6,1009563878.1938298,1.719409,2.573279
2025-09-17 23:55:00,3.25376546,3.73410175,343552279.1,1059171676.4653,0.766326,2.735629
2025-09-18 23:55:00,3.19959393,3.9364,357816864.1,1099328065.3511322,0.640827,3.318416
2025-09-19 23:55:00,3.45897741,3.83333333,361528176.4,1080467070.3378534,1.224002,2.59629
2025-09-20 23:55:00,3.72876821,3.76654302,364656784.7,1084306949.30545,0.513509,2.31286
2025-09-21 23:55:00,3.69381408,3.75547006,358451401.5,1064255230.0084025,0.867173,2.323944
2025-09-22 23:55:00,3.4799924,3.69310435,308164623.0,878658301.1827545,2.57024,2.059821
2025-09-23 23:55:00,3.49588307,3.65979517,304434318.5,859570298.28475,0.379426,1.990903
2025-09-24 23:55:00,2.93547472,3.02881376,310850695.6,909113944.35176,1.131539,2.154409
2025-09-25 23:55:00,3.94073298,4.26552026,308164150.2,844986099.8484,0.722661,2.606426
2025-09-26 23:55:00,3.63145188,3.48179954,311134156.1,865668562.51703,0.889103,2.09209
2025-09-27 23:55:00,3.65354587,3.651907,307715567.5,862588278.816,0.737307,2.065341
2025-09-28 23:55:00,3.72558878,3.75390836,304946498.9,874037655.14718,0.970858,2.246672
2025-09-29 23:55:00,3.54781813,3.9214123,310579848.9,894128326.99821,0.895935,2.280965
2025-09-30 23:55:00,3.5983025,4.02813001,324340057.6,922858508.1775205,0.919737,2.40259
2025-10-01 23:55:00,3.32314137,3.83439852,324024270.5,954996732.44465,1.584496,2.511323
2025-10-02 23:55:00,3.13971437,3.63167092,342294175.6,1039752787.80256,1.405983,2.66357
2025-10-03 23:55:00,3.10574413,3.77186312,346274803.2,1052467636.84608,1.118464,2.886747
2025-10-04 23:55:00,3.27772385,4.13331414,343120456.7,1018315722.1380278,0.825385,3.355195
2025-10-05 23:55:00,3.30250586,3.91621328,359321142.7,1066453743.0873193,0.4781,2.750237
2025-10-06 23:55:00,3.18289359,3.82606383,357442638.0,1067967113.8164,0.98406,3.278562
2025-10-07 23:55:00,3.67267322,4.24335757,347823291.7,991616347.4692677,0.524601,2.944035
2025-10-08 23:55:00,3.59343542,3.79079015,343898825.8,990059381.0127151,0.705428,2.886059
2025-10-09 23:55:00,3.81446248,4.22678215,339953842.4,952278703.33088,0.721252,2.940028
2025-10-10 23:55:00,2.08280517,2.27445887,284086202.5,672087774.2938623,1.024126,1.123227
2025-10-11 23:55:00,2.45070541,2.62247034,226234641.7,538576330.4730769,1.130323,1.098669
2025-10-12 23:55:00,2.66136092,2.67296997,190916492.0,482465066.9332,0.76569,1.233756
2025-10-13 23:55:00,2.59387848,2.67817305,192578558.9,501513083.08738,0.986915,1.238571
2025-10-14 23:55:00,2.72239276,2.89839657,184311341.0,461253682.23287195,1.506726,1.368794
2025-10-15 23:55:00,2.80852388,2.9257472,184384807.0,444342234.7823252,0.79154,1.613361
2025-10-16 23:55:00,2.9427682,3.22396435,182966341.9,425740143.4666316,1.070334,1.523167
2025-10-17 23:55:00,2.87168781,3.29122502,184121287.6,422089120.09933853,0.950636,1.301182
2025-10-18 23:55:00,2.69537341,2.9059997,182416763.1,430193452.41873,0.919276,1.321378
2025-10-19 23:55:00,2.86970291,3.06642813,182783347.8,436751237.2041757,2.911012,1.215511
2025-10-20 23:55:00,2.55648384,2.73684986,192093130.7,479004508.3559832,2.487929,1.180144
2025-10-21 23:55:00,2.60604877,2.96799606,182138522.2,441012003.80286,0.840668,1.529158
2025-10-22 23:55:00,3.01801044,3.50790732,183314246.0,433272706.9332305,1.160321,1.502077
2025-10-23 23:55:00,3.0026251,3.27863455,180704162.0,432551552.5794,0.790862,1.369804
2025-10-24 23:55:00,2.3190417,2.7047779,193162031.8,484732913.85831386,1.336456,1.473679
2025-10-25 23:55:00,2.1322814,2.48831133,201197400.6,522093436.3195268,1.534181,1.557005
2025-10-26 23:55:00,2.12161831,2.41417861,207743526.7,549613071.6057136,0.618282,1.519919
2025-10-27 23:55:00,2.1107413,2.50073598,212842343.4,560407187.7668064,1.170722,1.57177
2025-10-28 23:55:00,2.23121611,2.62524683,201153057.0,523428327.23463494,0.854814,1.459191
2025-10-29 23:55:00,2.45955704,2.89211242,203194811.5,517944180.03403825,1.056351,1.501369
2025-10-30 23:55:00,2.96006916,3.5251747,196882983.4,479902272.0375,0.928711,1.42195
2025-10-31 23:55:00,2.64507576,2.97868279,195363531.8,490049883.16712,2.643234,1.420179
2025-11-01 23:55:00,2.55182033,2.94472362,199563917.7,499763157.50103366,0.909317,1.482003
2025-11-02 23:55:00,2.59587237,2.99241838,205402830.3,518734468.91763496,0.670006,1.408826
2025-11-03 23:55:00,2.84445906,3.39404492,202218173.9,466719545.3612,1.084037,1.397043
2025-11-04 23:55:00,2.45979315,2.87321164,199948681.6,440606914.77376,1.079557,1.292264
2025-11-05 23:55:00,2.55109546,2.6607683,191697728.7,449009065.86761266,0.625913,1.072821
2025-11-06 23:55:00,2.66198088,3.12179908,191062851.5,422574260.83419085,1.118338,1.500786
2025-11-07 23:55:00,2.31441976,2.50050483,193319211.9,447569298.83489835,0.773973,1.465197
2025-11-08 23:55:00,2.41824645,2.75168489,189347999.8,432735918.74292,0.989212,1.579621
2025-11-09 23:55:00,2.36808916,2.53341794,183395321.1,433693255.33728,0.66034,1.399968
2025-11-10 23:55:00,2.07012953,2.42563749,209764875.7,529644902.0309107,0.69964,1.427402
2025-11-11 23:55:00,2.60826524,3.28762657,202490434.6,483977326.4791599,2.283361,1.586961
2025-11-12 23:55:00,2.91458402,3.30279218,192379998.1,459076389.46603,1.020799,1.401108
2025-11-13 23:55:00,3.17591779,3.64867305,204592751.9,474900552.4953537,0.695454,1.279132
2025-11-14 23:55:00,2.8935189,3.17967599,202487466.5,454220895.26525784,0.901041,1.590497
2025-11-15 23:55:00,2.91342466,3.03212608,213027392.3,476329249.1828,1.415161,1.33161
2025-11-16 23:55:00,2.934085,3.07709819,208195724.2,460882874.66154,0.703503,1.155562
2025-11-17 23:55:00,3.11770058,3.26525747,211098669.9,456416434.19079,0.807612,1.333877
2025-11-18 23:55:00,2.73950087,2.85657075,212333415.2,470594548.10776,0.928506,1.462352
2025-11-19 23:55:00,3.12499006,3.27837879,229811531.5,484488670.7083,0.933853,1.293441
2025-11-20 23:55:00,3.06728942,3.23554604,229883319.2,459586858.1502196,1.425464,1.218045
2025-11-21 23:55:00,2.53464806,2.78363022,208515714.5,406608552.06921726,0.792461,1.480106
2025-11-22 23:55:00,2.46869252,2.74171311,205463407.0,400613333.78418064,1.139209,1.3509
2025-11-23 23:55:00,2.50191987,2.63271386,210766528.5,431610146.1693612,1.362881,1.393118
2025-11-24 23:55:00,2.30416252,2.43842771,227489516.7,506641902.64257,1.341196,1.304144
2025-11-25 23:55:00,2.52204333,2.88413709,229459659.6,505132494.64344,1.124924,1.370038
2025-11-26 23:55:00,2.48933017,2.7536125,229303989.0,509513463.558,0.719021,1.197208
2025-11-27 23:55:00,2.52705484,2.85532732,235397759.1,517616132.48499,0.742624,1.228082
2025-11-28 23:55:00,2.7334873,2.92486663,241476556.6,526008383.24178,1.200205,1.19141
2025-11-29 23:55:00,2.48043369,2.67064942,235078604.4,517136144.5799835,0.603583,1.284636
2025-11-30 23:55:00,2.72827502,2.87984155,238374577.7,513458840.3658,0.542928,1.148042
2025-12-01 23:55:00,2.6409966,2.95236673,227309488.4,461198120.34297985,2.573458,1.285212
2025-12-02 23:55:00,2.33277381,2.46492161,231670639.2,498740552.06976,0.961348,1.135704
2025-12-03 23:55:00,2.43823062,2.74702005,224219724.2,492514211.9605264,0.524326,1.174825
2025-12-04 23:55:00,2.45007089,2.8573913,232045194.4,486108946.1354891,1.123644,1.46707
2025-12-05 23:55:00,2.64615277,2.91141785,234703736.8,477205474.7436942,1.413308,1.31951
2025-12-06 23:55:00,2.73671832,2.81109677,231277840.8,469447761.25584,0.631836,1.301032
2025-12-07 23:55:00,2.82907253,2.87542224,229096608.2,467939723.8039064,1.39814,1.145724
2025-12-08 23:55:00,2.59358551,2.76678681,219294075.0,454190158.09992826,0.832198,1.302348
2025-12-09 23:55:00,2.23136024,2.38088536,231260959.2,486804319.116,0.659831,1.492051
2025-12-10 23:55:00,2.72357127,2.83255302,227714526.6,464723376.4490571,1.234914,1.413439
2025-12-11 23:55:00,2.7270074,2.66287045,232266616.6,472221258.20946,0.938922,1.261131
2025-12-12 23:55:00,2.73368879,2.71851565,228588229.1,458616564.04333,0.800991,1.272858
2025-12-13 23:55:00,2.52819826,2.59808429,216641289.7,437940367.12855,0.37423,1.397427
2025-12-14 23:55:00,2.8257991,2.83731304,232744092.5,460091624.53275305,0.727535,1.303189
2025-12-15 23:55:00,3.04954955,2.97133716,265500590.5,503522122.10881096,0.554482,1.122957
2025-12-16 23:55:00,2.80245614,2.69568547,249231773.3,480685811.81038046,0.470115,1.088871
2025-12-17 23:55:00,2.92785134,2.90968891,239968086.4,446624201.39297545,0.990858,1.137545
2025-12-18 23:55:00,2.8788039,2.8202601,235150304.6,424775510.22944,1.180461,1.236453
2025-12-19 23:55:00,2.29899447,2.32798395,227866405.6,434817826.55830944,1.62906,1.262138
2025-12-20 23:55:00,2.41950113,2.58367347,226853113.6,438348271.40928,0.859334,1.352253
2025-12-21 23:55:00,2.52668479,2.70843571,226640494.3,435421717.64916,1.155676,1.338968
2025-12-22 23:55:00,2.67083457,2.79564793,221730480.6,421930931.53374,0.727831,1.314138
2025-12-23 23:55:00,2.66165844,2.81278351,216232012.1,404853518.58663994,0.781433,1.4442
2025-12-24 23:55:00,2.72248161,2.79534446,211232023.9,393298141.74128246,0.868546,1.5367
2025-12-25 23:55:00,2.76444705,2.79772389,217958882.8,399169897.95992,0.983812,1.454782
2025-12-26 23:55:00,2.78272682,2.70864587,213283598.4,393040838.7062863,0.567611,1.572095
2025-12-27 23:55:00,2.67285754,2.64433523,210624929.3,394479430.08597,0.424796,1.677794
2025-12-28 23:55:00,2.69110131,2.79681222,208994161.1,389669613.37095,1.034194,1.69423
2025-12-29 23:55:00,2.88895478,2.87640296,210342255.2,389051510.94626373,3.71434,1.6673
2025-12-30 23:55:00,2.72959329,2.70728777,209213145.2,392590879.1953642,1.793469,1.621926
2025-12-31 23:55:00,3.30390879,3.32463988,231546970.0,426301126.467,0.664411,1.509114
2026-01-01 23:55:00,2.79633134,2.87868163,217784475.1,409260585.60792,1.422622,1.634361
2026-01-02 23:55:00,2.16781379,2.29374094,230551562.0,462532543.6844,1.402673,1.444206
2026-01-03 23:55:00,2.31954323,2.68571046,229327235.5,462584293.598971,0.661564,1.537339
2026-01-04 23:55:00,2.1599414,2.28190322,219875304.3,459467374.6260887,0.522599,1.546792
2026-01-05 23:55:00,1.91654231,1.88952683,261657310.0,614200637.7183712,0.913898,1.494744
2026-01-06 23:55:00,2.33541707,2.60070405,242691301.9,558869530.01532,0.899472,1.633
2026-01-07 23:55:00,2.40236882,2.82009746,249299310.0,539608356.495,0.791659,2.027451
2026-01-08 23:55:00,2.80892095,3.08441742,243341534.2,516395069.72582,0.994033,1.984587
2026-01-09 23:55:00,3.06126965,3.27391304,228950413.8,479582431.78686,0.410393,2.012549
2026-01-10 23:55:00,3.06924316,3.19375345,225670146.9,471582905.97693,0.660217,1.969762
2026-01-11 23:55:00,3.1540724,3.35046862,228934283.2,474637830.9436876,0.502713,1.621201
2026-01-12 23:55:00,3.15387495,3.29177233,225061412.4,461969247.3276514,1.083828,1.611086
2026-01-13 23:55:00,2.72916956,2.75262753,236099571.3,511131961.90737,1.732199,1.752438
2026-01-14 23:55:00,2.62751518,2.88552632,225475172.3,482156108.44632,0.923476,1.965585
2026-01-15 23:55:00,3.06837349,3.35763231,223829638.9,465021225.84300715,0.387486,1.904753
2026-01-16 23:55:00,3.09515193,3.30582804,231531186.5,478528656.2582,0.390459,1.69577
2026-01-17 23:55:00,2.95560104,3.12327656,231612120.5,477653676.10715,1.230409,1.845684
2026-01-18 23:55:00,3.20355223,3.37846773,236993422.5,471711708.144,1.17506,1.609595
2026-01-19 23:55:00,2.97482999,3.2123196,216841199.8,430429781.603,0.89883,1.272625
2026-01-20 23:55:00,2.97378848,3.30730553,214157269.9,404521667.11411,1.152805,1.483504
2026-01-21 23:55:00,2.86345934,2.94641605,210711764.6,410204893.49963737,1.462126,1.486473
2026-01-22 23:55:00,3.19233242,3.46482992,210539178.2,404802155.7268816,1.488434,1.489951
2026-01-23 23:55:00,2.99556981,3.1166785,211062996.1,404967400.09464467,0.503679,1.530079
2026-01-24 23:55:00,3.10645406,3.20788429,211965610.5,405617392.2528,0.533022,1.573956
2026-01-25 23:55:00,3.23679913,3.34509748,226446704.1,415439123.34186,1.151689,1.4629
2026-01-26 23:55:00,3.04818146,3.15836904,227421898.4,432806614.84504,1.214775,1.652846
2026-01-27 23:55:00,3.15106265,3.36767156,225225760.2,431262285.63096,0.812172,1.729668
2026-01-28 23:55:00,3.19714758,3.46101231,221945638.5,423987276.4786626,1.576559,1.760951
2026-01-29 23:55:00,3.53949305,3.69783198,246579871.5,445536652.94458836,0.660446,1.689102
2026-01-30 23:55:00,3.37542441,3.52287195,273615856.6,474367810.58742,1.037412,1.255348
2026-01-31 23:55:00,2.69450085,3.0219997,251698217.7,414295613.67774045,0.893467,1.157933
2026-02-01 23:55:00,2.68371556,3.11320755,246861660.7,392485354.34693,1.125523,1.282023
2026-02-02 23:55:00,2.82202826,3.132682,238003868.4,385304462.55276,0.565321,1.29505
2026-02-03 23:55:00,2.86948656,3.24923817,219959398.8,347161919.12604,0.979395,1.434709
2026-02-04 23:55:00,3.02870314,3.34439305,234121548.4,353757659.6324,0.483782,1.441354
2026-02-05 23:55:00,2.38339223,2.82665466,331680229.4,402759302.56042,1.259452,0.889549
2026-02-06 23:55:00,2.12418346,2.14947073,270470029.1,397131143.72753,0.853406,0.819873
2026-02-07 23:55:00,2.00657674,2.28815249,257483247.2,366305820.0311571,0.679236,1.115763
2026-02-08 23:55:00,2.19262473,2.36157318,261266830.6,373671802.8257948,0.666232,0.891746
2026-02-09 23:55:00,2.05699979,2.33469649,264101474.7,379328948.11161,0.976513,0.983489
2026-02-10 23:55:00,2.28404302,2.47368421,280472246.3,392324578.12444,0.686947,0.899957
2026-02-11 23:55:00,2.20502092,2.43741515,269972665.9,369670761.001418,0.929888,0.896612
2026-02-12 23:55:00,2.30787466,2.49559322,263323005.4,358830259.45858,0.869567,0.960978
2026-02-13 23:55:00,2.12841797,2.32359753,256990664.8,361443967.9780307,1.036449,0.987522
2026-02-14 23:55:00,2.26570048,2.40565662,260550014.3,393013641.57012,0.984972,0.949008
2026-02-15 23:55:00,2.40084759,2.71551347,264023383.3,389133303.0527667,1.652041,1.124406
2026-02-16 23:55:00,2.47534675,2.64507403,261387742.0,388552878.483,1.022172,0.923095
2026-02-17 23:55:00,2.26596067,2.47814875,258860903.6,381353883.18352,0.810668,0.883571
2026-02-18 23:55:00,2.59140485,2.7776496,249574624.3,354670498.59273,1.256538,0.859285
2026-02-19 23:55:00,2.34529776,2.50779186,263475298.5,370498964.7507,0.815346,0.818594
2026-02-20 23:55:00,2.29488502,2.42207024,254810250.2,363962277.4523532,0.652552,0.881117
2026-02-21 23:55:00,2.17319372,2.2536002,248075480.4,354720105.3838539,0.452293,0.93145
2026-02-22 23:55:00,2.4862617,2.5314041,264889093.9,368725618.7088,1.114515,0.893667
2026-02-23 23:55:00,2.36591702,2.56758219,278035750.6,375654102.63566,1.067342,0.907688
2026-02-24 23:55:00,2.30013087,2.46247864,285744525.2,385113686.85450256,0.92621,0.862937
2026-02-25 23:55:00,2.15902439,2.35244679,285780329.8,409666102.7683,0.909336,1.027126
2026-02-26 23:55:00,2.35613262,2.70455525,266751048.2,373878269.15712,1.12672,1.111695
2026-02-27 23:55:00,2.51956722,2.73784121,268843643.3,364312408.3673825,0.941457,0.966277
2026-02-28 23:55:00,2.16363508,2.33002165,271763313.2,373833711.11674243,0.30641,0.867927
2026-03-01 23:55:00,2.09366077,2.41260974,261614494.3,353624311.94531,1.657237,0.982035
2026-03-02 23:55:00,1.92804894,2.16927277,264680357.8,367783499.7144109,0.676254,0.947954
2026-03-03 23:55:00,2.26688269,2.52973852,263908668.1,358922697.74493086,1.188816,0.832557
2026-03-04 23:55:00,1.86685307,2.08185922,292666759.7,418699198.55004084,0.992706,1.019379
2026-03-05 23:55:00,2.32295994,2.74187295,278735668.5,391038269.33865,0.593725,0.996685
2026-03-06 23:55:00,2.65847906,3.02642369,267794779.7,364899295.7877186,0.518017,0.922385
2026-03-07 23:55:00,2.57379332,2.87099084,266626889.5,361531608.3183202,1.382012,0.856062
2026-03-08 23:55:00,2.59133103,2.82976005,274545723.5,367723917.3987833,0.647494,0.805899
2026-03-09 23:55:00,2.58893871,2.78252234,289772519.4,394721632.12452024,2.624101,0.880415
2026-03-10 23:55:00,2.49423107,2.79191683,280425108.3,388542066.5767011,0.946775,0.900198
2026-03-11 23:55:00,2.46911937,2.79073157,285557855.5,395212072.012,2.074141,0.917632
2026-03-12 23:55:00,2.46447964,2.78621267,297676678.1,412056646.57273686,1.551781,0.881996
2026-03-13 23:55:00,2.41691142,2.79195218,301208961.8,421133683.41227627,1.070357,1.057831
2026-03-14 23:55:00,2.60263325,2.89799502,291783587.1,410101831.66905,0.466489,0.99385
2026-03-15 23:55:00,2.25640651,2.46752403,298343494.7,432154281.3666338,0.699177,1.009598
2026-03-16 23:55:00,2.02936433,2.14601256,303693681.0,468356394.8382,0.454013,1.141746
2026-03-17 23:55:00,1.98045795,2.20729277,282851613.8,429283894.26426,0.969707,1.43961
2026-03-18 23:55:00,2.42863988,2.73638596,270132861.0,395447495.2179,1.685922,1.305027
2026-03-19 23:55:00,2.45643416,2.74220676,250141574.3,361929843.85467,1.775473,1.246295
2026-03-20 23:55:00,2.59543283,2.83898682,235682016.8,340436705.79893464,0.852268,1.217717
2026-03-21 23:55:00,2.60438198,2.9054644,227999451.6,321114427.63344,0.934013,1.142426
2026-03-22 23:55:00,2.41861894,2.64906445,229385657.4,317492688.40734,0.717779,1.059327
2026-03-23 23:55:00,2.24560596,2.41641211,231034455.6,330679616.30028,1.149568,0.997495
2026-03-24 23:55:00,2.35354849,2.57287759,228740810.4,323679681.4691119,0.694938,1.112436
2026-03-25 23:55:00,2.33528221,2.57492397,228417976.6,322943870.35539055,0.63979,1.144464
2026-03-26 23:55:00,2.59702176,2.89053418,276139237.3,375560618.1633124,0.72753,0.868618
2026-03-27 23:55:00,2.54495832,2.77813376,254702325.9,337455111.58491,0.888803,1.141423
2026-03-28 23:55:00,2.6115097,2.78321584,252694580.9,336752131.85929334,1.584287,1.144517
2026-03-29 23:55:00,2.55021966,2.77272727,260263316.1,345343394.13309,1.254678,1.070701
2026-03-30 23:55:00,2.46524833,2.55461452,264611668.6,350213543.3921,1.704571,1.198974
2026-03-31 23:55:00,2.46245145,2.71899404,262881607.8,352366507.09512,0.605867,1.221029
2026-04-01 23:55:00,2.53648811,2.88830839,253193801.9,341083224.38018996,0.746353,1.198452
2026-04-02 23:55:00,2.62714869,2.94745087,268927063.6,354794910.26064646,1.839521,1.096197
2026-04-03 23:55:00,2.48570591,2.82066492,261559117.0,344656825.1160285,1.030501,1.153032
2026-04-04 23:55:00,2.56815324,2.86144744,264827272.6,348141932.55996,0.647744,1.182463
2026-04-05 23:55:00,2.46720659,2.72437086,285857918.8,379019014.53692,0.785311,1.126388
2026-04-06 23:55:00,2.32333844,2.79708916,264335271.3,348991242.9928946,1.169336,1.127657
2026-04-07 23:55:00,2.22645629,2.35044945,278004873.0,383150816.86749387,0.626052,1.201311
2026-04-08 23:55:00,2.32331329,2.79985785,270884889.7,363573247.3467814,1.44558,1.289618
2026-04-09 23:55:00,2.44193499,2.77785704,264925933.1,355822020.74661,0.29824,1.299878
2026-04-10 23:55:00,2.32464752,2.62712102,269334475.1,365020303.82610524,2.30712,1.202125
2026-04-11 23:55:00,2.42465544,2.78712799,270298098.1,365957822.17095536,0.942215,1.303633
2026-04-12 23:55:00,2.62843153,2.98359147,270511942.4,358130760.54336,0.424928,1.191666
2026-04-13 23:55:00,2.25033171,2.46515464,282875126.3,388991113.4093838,0.454985,1.16238
2026-04-14 23:55:00,2.27848859,2.66945848,266713280.4,362972882.4487418,3.051318,1.300433
2026-04-15 23:55:00,2.21432749,2.51136833,290910126.4,404830531.89824,2.296435,1.297499
2026-04-16 23:55:00,1.96521565,1.98048182,295594820.0,429292357.086,0.998556,1.202667
2026-04-17 23:55:00,1.92291774,1.98076713,292829847.2,432010148.80636,0.721137,1.442973
2026-04-18 23:55:00,2.29065056,2.54996708,289137286.2,413871111.46668,0.987831,1.595631
2026-04-19 23:55:00,2.64089289,3.04765662,282597452.6,393772118.4633761,0.933252,1.591473
2026-04-20 23:55:00,2.48790127,2.62286541,276000201.5,392914529.9358695,1.006816,1.542566
2026-04-21 23:55:00,2.44049889,2.66841035,274590682.7,393365879.2660632,0.929834,1.626251
2026-04-22 23:55:00,2.28355028,2.47254713,277089510.7,395828946.9108291,0.544065,1.659866
2026-04-23 20:40:00,2.33959264,2.53947187,275230109.7,395257960.54017,1.235789,1.522214
2026-04-24 19:15:00,2.31547441,2.55246786,259370165.5,373000235.00555,1.806628,1.560818
2026-04-25 16:00:00,2.26628325,2.48362184,257337857.5,366809382.0805,1.045979,1.586853
2026-04-26 21:40:00,2.36537756,2.62152057,261590733.9,372060500.82597,0.387859,1.631442
2026-04-27 19:45:00,2.43379366,2.72053919,262717669.3,365568355.48726046,1.440743,1.576097
2026-04-28 21:15:00,2.38191097,2.66470745,265814107.0,366961994.023722,0.711389,1.584063
2026-04-29 22:35:00,2.45572434,2.73656967,257234523.7,352308403.65952,1.038703,1.448412
2026-04-30 23:15:00,2.40005785,2.64772881,261699844.6,357141777.92562,1.289623,1.564572
2026-05-01 20:05:00,2.1848257,2.36752245,263040749.5,365784466.2547,0.93225,1.476577
2026-05-02 23:50:00,2.32753039,2.51925613,263776834.5,367335619.7247,0.511161,1.458581
2026-05-03 23:35:00,2.24218914,2.4111784,264339369.0,367352421.0993,0.662955,1.545045
2026-05-04 23:30:00,2.31817512,2.50282258,263130943.9,366016619.12949526,0.618894,1.599538
2026-05-05 23:35:00,2.22093847,2.50193669,266274726.2,375340854.05152,0.846876,1.62034
2026-05-06 21:40:00,2.29203735,2.54307318,267159536.0,381156510.0112,0.99692,1.777539
2026-05-07 23:50:00,2.4556924,2.75633393,269934354.0,374226439.35104567,0.845647,1.908931
2026-05-08 23:05:00,2.35190956,2.58861096,264226333.9,374260714.0398926,0.227354,1.831424
2026-05-09 21:05:00,2.45541818,2.83468685,268580042.3,381773213.9309528,0.911595,1.909538
2026-05-10 23:40:00,2.33636101,2.65339331,291251473.5,429741549.14925,1.335024,2.092325
2026-05-11 23:00:00,2.52775311,2.94020163,296891447.8,437558615.76764,2.43635,2.11789
2026-05-12 22:50:00,3.02329764,3.52417016,295129942.3,424987116.912,0.359416,1.858121
2026-05-13 22:55:00,2.95626058,3.25282788,299867272.9,426537491.19232726,1.13563,1.743262
2026-05-14 23:55:00,2.39079953,2.63020152,316438017.6,469783880.92896,1.278148,1.818593
2026-05-15 23:55:00,3.47293777,3.99586257,304170819.3,435937618.22076,1.078645,1.811478
2026-05-16 23:00:00,3.28040602,3.69362704,301302610.4,425589937.19,0.551689,1.777109
2026-05-17 22:35:00,3.3269196,3.65081724,300164397.5,424131255.09868467,0.85326,1.709143
2026-05-18 23:20:00,2.77275274,3.04029677,290810094.0,404441282.4753769,0.92032,1.742148
2026-05-19 23:20:00,2.84308198,3.14014934,298792883.7,406910855.6083957,0.487427,1.792537
2026-05-20 22:00:00,2.89364892,3.13773667,309270097.3,422175084.3052332,0.951884,1.70166
2026-05-21 23:45:00,2.86477449,3.22387624,309111498.1,424546241.23286813,0.920457,1.699231
2026-05-22 23:50:00,2.93058484,3.28179983,322761375.4,430886436.159,0.91243,1.529373
2026-05-23 22:05:00,2.79947272,3.07485465,302624586.9,411602705.7048379,0.704254,1.602483
2026-05-24 23:20:00,2.75360139,3.20328358,301064842.0,405898468.0578053,1.804147,1.694566
2026-05-25 21:20:00,2.73014774,3.17548254,301883634.6,408818491.85731155,0.418289,1.825308
2026-05-26 21:05:00,2.88824047,3.27850383,304508704.5,405230884.2527646,0.616346,1.831387
2026-05-27 23:55:00,2.93573306,3.32676519,311031554.8,406487138.96812,1.614418,1.882425
2026-05-28 22:40:00,2.68160269,2.95412464,306915516.0,402642465.4404,0.474004,1.956318
2026-05-29 23:55:00,2.79356076,3.14016645,301158481.6,400257757.81016195,1.007679,1.979021
2026-05-30 23:20:00,3.03131506,3.38178964,302494497.1,405849240.8727981,3.067288,1.891834
2026-05-31 23:55:00,3.22503207,3.67615063,304186601.6,405389483.95232,0.858004,1.809677
2026-06-01 22:40:00,3.13198954,3.58460342,319125611.7,412270504.92638934,1.468923,1.946091
2026-06-02 23:20:00,2.76502024,3.17949095,323928611.8,389905186.4369881,0.909128,1.826934
2026-06-03 21:50:00,2.80077931,3.09919571,315608149.6,384663212.73248,0.903871,1.941143
2026-06-04 23:45:00,2.68898398,3.03981158,311564556.7,363128490.83385,0.743704,1.604919
2026-06-05 22:50:00,2.4124607,2.86003683,309379536.8,343009228.5771562,0.941641,1.558847
2026-06-06 23:05:00,2.47490087,2.80531108,306068063.0,333587940.2729171,1.080524,1.487693
2026-06-07 22:35:00,2.66019592,2.93397129,313817918.6,362083114.48068,0.938786,1.427384
2026-06-08 23:50:00,2.79563139,3.28263494,325271136.9,379493835.42123,1.327604,1.358807
2026-06-09 23:00:00,2.7402906,3.24226631,317600120.2,360711493.9960742,1.208981,1.582129
2026-06-10 21:30:00,2.81435301,3.24109681,317912339.1,348188431.4139599,0.594871,1.586469
2026-06-11 23:55:00,2.68087959,2.98618252,312863080.5,357258351.62295,0.873516,1.64165
2026-06-12 23:55:00,2.89976625,3.26455205,310457132.6,351387949.98140764,0.984389,1.694
2026-06-13 23:55:00,2.83868593,3.19222462,311673315.7,358393145.72343,1.631743,1.651482
2026-06-14 23:55:00,2.63195297,3.01414719,313489198.3,371647610.91718054,0.683974,1.687194
2026-06-15 23:55:00,2.58691336,2.95262048,331921368.5,410767749.47202516,0.86492,1.694424
2026-06-16 23:55:00,2.96539035,3.35004413,325580300.2,396133551.25334,0.903539,1.74633
2026-06-17 23:55:00,2.91778687,3.36341162,318161870.1,377395032.6686021,0.752192,1.764399
2026-06-18 23:55:00,2.80244659,3.33344798,322874999.7,370022495.4274428,0.841739,1.899829
2026-06-19 23:55:00,2.62218139,3.0160916,323435550.7,367172608.19673353,1.831942,1.863425
2026-06-20 23:55:00,2.75721532,3.09464627,327985880.7,376988174.9847622,0.825716,1.771479
2026-06-21 23:55:00,2.59767924,3.03349723,330032324.1,371032365.13522613,0.399235,1.779522
2026-06-22 23:55:00,2.67781764,3.00608828,339449484.6,383137855.2861646,0.864783,1.669057
2026-06-23 23:55:00,2.71769019,3.08113868,352126788.2,390645588.9556777,0.853275,1.502657
2026-06-24 23:55:00,2.73048854,3.11095528,362969233.0,389429690.0857,0.761801,1.397419
2026-06-25 23:55:00,2.49171271,2.88051251,355282490.8,370488581.40624,0.586873,1.398776
2026-06-26 23:55:00,2.43280895,2.8041764,354827215.0,371936873.3108634,0.901592,1.581596
2026-06-27 23:55:00,2.52050575,2.94103417,355103441.4,371793303.1458,0.985245,1.530996
2026-06-28 23:55:00,2.51183074,2.92052284,356173817.4,373262022.0634724,0.808657,1.560419
2026-06-29 23:55:00,2.62579604,2.95828183,352098557.3,372690185.8241963,0.934053,1.510128
2026-06-30 23:55:00,2.60803153,2.93703483,356911355.4,371014304.2987994,0.707634,1.586135
2026-07-01 23:55:00,2.65064267,3.01405115,342447434.4,360460169.44944,2.691989,1.555087
2026-07-02 23:55:00,2.69687087,3.04446577,337901756.9,367434424.5173411,1.497872,1.51181
2026-07-03 23:55:00,2.7157632,2.96982017,329287418.8,373631617.0206524,1.38813,1.494283
2026-07-04 23:55:00,2.81471772,3.15516389,333390670.6,385729828.6711092,0.917399,1.455785
2026-07-05 23:55:00,2.98927799,3.31680961,331588872.7,383581547.0308269,0.495363,1.432757
2026-07-06 23:55:00,2.62271751,3.16115564,320875833.9,367242391.89855,1.158689,1.455081
2026-07-07 23:55:00,2.83846297,3.29622737,323759864.8,359826713.73872,0.595955,1.506055
2026-07-08 23:55:00,2.80740876,3.3294436,321586278.9,350631141.2128252,0.326339,1.562909
2026-07-09 23:55:00,2.84791423,3.27936772,322036475.2,351953663.74608,0.794456,1.54653
2026-07-10 23:55:00,2.83091874,3.23364025,320513465.1,353856660.3618935,1.373351,1.631767
2026-07-11 23:55:00,2.80676153,3.37133606,318929889.4,349642837.74922,1.131235,1.65731
2026-07-12 23:55:00,2.7609513,3.3192901,325443469.6,353263350.4573821,1.87237,1.57027
2026-07-13 23:55:00,2.65388747,3.13178654,335871885.1,358337757.6423835,1.938675,1.523577
2026-07-14 23:55:00,2.53597005,2.92576287,339576886.1,377320741.53387374,1.090332,1.49266
2026-07-15 23:55:00,2.86456908,3.38737201,342280206.9,380831034.92623115,1.956648,1.548401
2026-07-16 23:55:00,2.8854492,3.45544383,344944863.5,374823018.2813036,0.974268,1.547428
2026-07-17 23:55:00,2.77160976,3.29181909,340858372.6,371000158.0821478,0.561614,1.614161
2026-07-18 23:55:00,2.8834891,3.49013158,342141442.3,373686883.28006,0.626418,1.604563
2026-07-19 21:40:00,2.91989076,3.45813232,342436036.9,374042883.10587,3.016241,1.556073
2026-07-20 23:55:00,2.52575196,3.02801993,349656046.0,388747591.9428,1.107169,1.629758
2026-07-21 23:55:00,2.45344326,2.81521102,349777443.2,399865573.06624,1.643347,1.688466
2026-07-22 23:55:00,2.51466821,2.91772435,344733982.9,393513841.48035,3.019288,1.639037
2026-07-23 23:55:00,2.60688252,3.01850153,339399246.4,375816785.53872,1.215839,1.584294
2026-07-24 23:55:00,2.70012632,3.15277343,335554885.5,366191046.54615,1.118778,1.602285
2026-07-25 23:55:00,2.62384496,3.05618842,335161002.1,367767143.5409085,0.785152,1.554464
2026-07-26 23:55:00,2.72610664,3.15137255,335296135.6,373058410.22216696,0.460745,1.627826
2026-07-27 23:55:00,2.82013056,3.39620127,333524365.9,355336859.42986,1.397608,1.687319
2026-07-28 23:55:00,2.73249139,3.08622773,334127732.5,357048894.9495,0.977672,1.585102
2026-07-29 23:55:00,2.58660736,3.02742485,301169228.0,323251877.3747977,1.135234,1.596786
2026-07-30 23:55:00,2.44417438,2.9057224,302786222.4,327735807.12576,0.389267,1.586371
2026-07-31 23:55:00,2.74122483,3.24917724,297917171.1,316179919.70998466,2.589389,1.620547
2026-08-01 23:55:00,2.77580042,3.21073378,297064733.2,314918323.66532,1.295516,1.616644
2026-08-02 23:55:00,2.53038936,2.98695261,297417991.6,323144647.8734,1.311173,1.663705
2026-08-03 23:55:00,2.50753296,3.09885584,293931697.2,316080091.3551199,1.772914,1.722968
2026-08-04 23:55:00,2.7481432,3.36630452,298733262.0,320654706.08079845,0.695062,1.719309
2026-08-05 23:55:00,2.6807874,3.21805304,306777692.3,325675198.14568,1.166166,1.727205
2026-08-06 23:55:00,2.85910518,3.39210217,339532652.9,351285816.74831706,0.876211,1.634964
2026-08-07 23:55:00,3.03703105,3.584837,341498134.8,348498846.5634,0.711346,1.629129
2026-08-08 23:55:00,2.79641416,3.29025176,333099242.8,346145920.7163387,0.907708,1.771649
2026-08-09 23:55:00,2.85419653,3.45876677,330443825.6,340123648.76083106,0.598508,1.853213
2026-08-10 23:55:00,3.03118736,3.54583148,362075130.8,366275202.31728,1.437371,1.77942
2026-08-11 22:25:00,2.91956421,3.35629588,382379843.9,390341409.04402786,0.679264,1.669216
2026-08-12 23:55:00,2.93772297,3.54494957,377836025.8,379767198.62490743,1.201227,1.803291
2026-08-13 23:55:00,2.98600637,3.49781532,384727047.9,388152242.02928984,3.176294,1.823156
2026-08-14 23:45:00,3.13994973,3.70400482,412164568.0,411422671.7776,0.647417,1.830376
2026-08-15 22:30:00,3.01779859,3.50636943,403297685.4,405380915.56095684,1.447401,1.921756
2026-08-16 23:55:00,3.16499639,3.69826435,418005800.7,415037959.51503,2.552688,1.821663
2026-08-17 20:30:00,3.1711039,3.66535373,407149933.2,407760658.0998,0.979062,1.985551
2026-08-18 23:55:00,3.26432934,3.87726485,402505828.9,403109587.64335,1.021963,2.096545
2026-08-19 23:20:00,2.63845501,2.9060933,353436112.9,389303074.71417665,0.928672,1.787713
2026-08-20 23:15:00,2.69820597,2.85290731,334673761.7,423596580.18369,0.662394,1.87787
2026-08-21 23:00:00,2.64045688,2.7388664,334044883.0,483864013.0255,0.67071,2.048576
2026-08-22 23:45:00,2.58982184,2.88462066,339834003.0,497975243.14670545,1.542074,2.147339
2026-08-23 22:55:00,2.49028198,2.64659618,334522940.2,507404395.69536,0.707377,2.128349
2026-08-24 23:45:00,2.61856254,2.8807822,326670988.6,483681257.08245456,0.786643,2.260472
2026-08-25 19:00:00,2.49768554,2.69171975,323961098.2,476967924.87986,0.75508,2.012104
2026-08-26 23:40:00,2.53238173,2.8319525,330577709.2,469883155.85688,1.013073,2.277058
2026-08-27 23:50:00,2.47413121,2.75979286,331984206.7,482472647.59711,1.570963,2.087125
2026-08-28 23:55:00,2.47700739,2.89160791,301566349.4,417048396.4296616,1.767477,2.453221
2026-08-29 23:00:00,2.61470495,2.92757923,310902710.6,433118566.13686,0.550452,2.112151
2026-08-30 23:35:00,2.51472147,2.82196866,311901402.2,421545231.198442,0.686671,1.965936
2026-08-31 23:05:00,2.35153129,2.59970146,307444220.4,423565902.44508,0.883529,2.132179
2026-09-01 22:40:00,2.55386914,2.98496344,307350987.6,412403555.16168,0.524849,2.2714
2026-09-02 18:10:00,2.39134943,2.83608071,305938018.7,410293476.87857,1.231399,2.264927
2026-09-03 22:35:00,2.16106453,2.39723296,319240792.2,462792480.7641022,1.636783,2.263803
2026-09-04 22:20:00,2.46196616,2.88665448,299230900.3,417719466.47732913,1.01953,2.306714
2026-09-05 22:05:00,2.52080893,2.83148173,303504226.6,429883386.55624,0.660979,2.13351
2026-09-06 21:10:00,2.45431145,2.83986971,304145568.8,432753151.5094861,1.47851,2.098035
2026-09-07 23:50:00,2.3334307,2.77327153,308207121.7,430665411.53903115,0.678982,2.275293
2026-09-08 22:25:00,2.26654715,2.67290192,311831174.0,442239226.6683627,1.13208,2.199871
