create_time,count_long_short_ratio,count_toptrader_long_short_ratio,sum_open_interest,sum_open_interest_value,sum_taker_long_short_vol_ratio,sum_toptrader_long_short_ratio
2022-01-01 23:55:00,,,114948.532,17229482.73856141,,
2022-01-02 23:55:00,,,106268.31,16269008.18829666,,
2022-01-03 23:55:00,,,105240.105,15819692.5836,,
2022-01-04 23:55:00,,,120744.533,17829552.47972428,,
2022-01-05 23:55:00,,,116621.134,16079721.95592,,
2022-01-06 23:55:00,,,109552.609,15108711.48699376,,
2022-01-07 23:55:00,,,124589.086,17349503.38245546,,
2022-01-08 23:55:00,,,122030.575,17569202.56647521,,
2022-01-09 23:55:00,,,129493.708,18627312.63431406,,
2022-01-10 23:55:00,,,119499.786,16882914.87640667,,
2022-01-11 23:55:00,,,137900.153,19472673.56321929,,
2022-01-12 23:55:00,,,140119.764,20216479.54992,,
2022-01-13 23:55:00,,,133034.049,19071761.9777025,,
2022-01-14 23:55:00,,,127053.933,18087866.38022392,,
2022-01-15 23:55:00,,,124635.442,18011420.05410463,,
2022-01-16 23:55:00,,,122939.943,17356661.15274,,
2022-01-17 23:55:00,,,124003.817,17211729.7996,,
2022-01-18 23:55:00,,,134073.183,17654748.77081147,,
2022-01-19 23:55:00,3.0946822308690014,,136716.098,17227595.50898,,
2022-01-20 23:55:00,3.106753812636166,,128245.113,15315031.39446,,
2022-01-21 23:55:00,2.694794952681388,,119755.555,12174349.7213,,
2022-01-22 23:55:00,2.069102462271644,,125242.799,11797871.6658,,
2022-01-23 23:55:00,1.4623598505072077,,137692.802,13433309.76312,,
2022-01-24 23:55:00,1.8121468926553672,,130092.139,12294918.00711138,,
2022-01-25 23:55:00,2.081765557163531,,147546.541,13352961.9605,,
2022-01-26 23:55:00,2.160183066361556,,135194.216,12062027.95152,,
2022-01-27 23:55:00,2.06044776119403,,140402.28,12446662.122,,
2022-01-28 23:55:00,2.035481535119479,,140122.643,12816438.60235365,,
2022-01-29 23:55:00,1.784248841826605,,132171.326,12683160.44296,,
2022-01-30 23:55:00,2.12727273,2.0108969,133529.656,12420157.51142139,1.82914032,1.02862275
2022-01-31 23:55:00,1.9488999290276792,,130437.94,12348660.052662,,
2022-02-01 23:55:00,1.8905923344947735,,136815.479,13526946.40873,,
2022-02-02 23:55:00,2.246514575411914,,144812.922,14149670.60862,,
2022-02-03 23:55:00,2.3046875,,154173.474,15418889.13474,,
2022-02-04 23:55:00,2.3054421768707485,,141942.735,15203486.34585,,
2022-02-05 23:55:00,1.8858895705521472,,149654.918,17339018.79948,,
2022-02-06 23:55:00,1.5707988980716254,,150886.456,18715478.15690476,,
2022-02-07 23:55:00,1.4896705750977108,,141474.825,18242964.50642718,,
2022-02-08 23:55:00,1.5768115942028986,,159168.345,21243500.55416857,,
2022-02-09 23:55:00,2.055329949238579,,146116.802,18423877.84641936,,
2022-02-10 23:55:00,1.9002770083102494,,134999.093,17078735.25543,,
2022-02-11 23:55:00,1.5790523690773068,,129665.461,15090199.83808812,,
2022-02-12 23:55:00,1.6194556451612903,,122144.505,14333657.66175,,
2022-02-13 23:55:00,1.5932203389830508,,118980.734,13994513.93308,,
2022-02-14 23:55:00,1.1898129725427775,,115990.22,13990296.9371063,,
2022-02-15 23:55:00,1.6883910386965377,,127794.428,16087668.40482361,,
2022-02-16 23:55:00,1.6522388059701492,,132757.838,16664094.28258761,,
2022-02-17 23:55:00,2.1279945242984257,,122063.235,13788500.33483833,,
2022-02-18 23:55:00,2.160295103957076,,124095.711,13550170.59134128,,
2022-02-19 23:55:00,1.4574117647058824,,113824.243,12768215.98371212,,
2022-02-20 23:55:00,1.876543209876543,,114435.581,12337502.26165426,,
2022-02-21 23:55:00,1.7566709021601017,,121853.643,12159775.03497,,
2022-02-22 23:55:00,1.564385150812065,,117869.68,12096965.2584,,
2022-02-23 23:55:00,1.7759308510638299,,112149.468,10974762.7767171,,
2022-02-24 23:55:00,1.3497332542975697,,118114.954,12067446.71264683,,
2022-02-25 23:55:00,1.6138121546961326,,116274.424,12393709.0127368,,
2022-02-26 23:55:00,1.580011229646266,,116746.396,12529223.21872,,
2022-02-27 23:55:00,1.7350260416666667,,114187.508,11713956.92687283,,
2022-02-28 23:55:00,1.1912517449976734,,123396.781,14624224.62622427,,
2022-03-01 23:55:00,1.3476239669421488,,119537.708,14237450.2211609,,
2022-03-02 23:55:00,1.0518850317282569,,142097.9,17905456.74284219,,
2022-03-03 23:55:00,1.2339622641509433,,133197.295,17141159.89355,,
2022-03-04 23:55:00,1.523514211886305,,138063.777,16120326.60252,,
2022-03-05 23:55:00,1.4987642115669797,,127354.857,14834617.30493034,,
2022-03-06 23:55:00,1.7646713615023475,,128987.072,13860501.20879692,,
2022-03-07 23:55:00,1.118595041322314,,0.0,0.0,,
2022-03-08 23:55:00,0.658981555733761,,205548.953,28675711.85315949,,
2022-03-09 23:55:00,0.9051951161120422,,200609.513,28400223.09792249,,
2022-03-10 23:55:00,0.9643429487179487,,253614.938,40144608.44434857,,
2022-03-11 23:55:00,0.7096666108225833,,281656.905,43282216.59135,,
2022-03-12 23:55:00,0.8496036712557363,,260218.574,39467351.11858,,
2022-03-13 23:55:00,0.6619513964454117,,281796.137,43844660.95583,,
2022-03-14 23:55:00,1.1383647798742138,,256735.549,38079016.62768,,
2022-03-15 23:55:00,1.510210121337674,,220813.176,30051635.0629148,,
2022-03-16 23:55:00,0.9811269884065786,,221755.557,34057218.44406,,
2022-03-17 23:55:00,1.2215171618113643,,214732.082,32639050.5100194,,
2022-03-18 23:55:00,0.728244915076536,,224971.457,38375769.54874892,,
2022-03-19 23:55:00,0.6717928752189994,,207438.867,37282987.56591,,
2022-03-20 23:55:00,0.9402712571726656,,204327.157,35144271.004,,
2022-03-21 23:55:00,0.7503865694720565,,216098.143,39237780.36632996,,
2022-03-22 23:55:00,1.2304268133019114,,211413.313,36868367.65407,,
2022-03-23 23:55:00,0.9421904004242906,,191206.154,34814446.0947258,,
2022-03-24 23:55:00,0.6850360322170411,,195650.519,37712590.27114781,,
2022-03-25 23:55:00,0.5432489451476793,,212564.714,41486341.65381577,,
2022-03-26 23:55:00,0.6574043805165086,,210396.06,43072281.4032,,
2022-03-27 23:55:00,1.0254589963280294,,162896.945,34202346.61281413,,
2022-03-28 23:55:00,1.4083891639965045,,160391.472,30673685.85541675,,
2022-03-29 23:55:00,1.5523202911737943,,164583.87,32242013.5303589,,
2022-03-30 23:55:00,1.8283983849259757,,151249.236,28914376.8263275,,
2022-03-31 23:55:00,2.106359241353663,,147179.277,26224718.90746097,,
2022-04-01 23:55:00,1.7178423236514522,,140471.971,26067031.17074845,,
2022-04-02 23:55:00,2.114186851211073,,148094.901,26315831.77498173,,
2022-04-03 23:55:00,2.0896895362207744,,159234.924,28652732.22456,,
2022-04-04 23:55:00,1.8408748114630467,,155567.737,27042339.72271,,
2022-04-05 23:55:00,2.054033191817831,,164345.395,27223312.21378278,,
2022-04-06 23:55:00,1.544930484910139,,159182.027,25520349.41465265,,
2022-04-07 23:55:00,1.235559088500265,,164841.48,28468114.29399528,,
2022-04-08 23:55:00,1.7668364459535937,,173109.537,28860293.38750906,,
2022-04-09 23:55:00,1.8386508659981768,,170075.452,28828376.41855085,,
2022-04-10 23:55:00,2.0859220092531396,,167768.919,27151721.85096,,
2022-04-11 23:55:00,2.224562976243837,,163262.453,23245563.08225471,,
2022-04-12 23:55:00,2.0670781893004113,,165560.196,24451335.09472574,,
2022-04-13 23:55:00,1.9760220125786163,,165277.086,25061239.9001525,,
2022-04-14 23:55:00,2.3714542998649257,,159800.21,23024928.88928196,,
2022-04-15 23:55:00,2.895419187554019,,180674.768,26501374.97024,,
2022-04-16 23:55:00,3.1049747048903877,,187636.399,27034608.26773714,,
2022-04-17 23:55:00,3.0048737261852017,,181506.147,25008359.77598757,,
2022-04-18 23:55:00,1.546433770014556,,178217.323,27801649.69187554,,
2022-04-19 23:55:00,1.4750068287353182,,181197.639,28806800.64822,,
2022-04-20 23:55:00,1.6368068251066423,,167034.084,26150534.82414375,,
2022-04-21 23:55:00,1.4542403904820012,,169368.747,27093895.28625172,,
2022-04-22 23:55:00,1.6136926889714993,,164949.949,25933430.98178,,
2022-04-23 23:55:00,1.9003389830508475,,153056.318,23435670.49310954,,
2022-04-24 23:55:00,1.4530602853198342,,173615.593,27919123.51033,,
2022-04-25 23:55:00,1.2958663646659117,,164904.432,27236538.70197499,,
2022-04-26 23:55:00,2.3016079965232508,,165160.058,23957841.74199298,,
2022-04-27 23:55:00,1.9660056657223797,,168814.648,25113645.91687924,,
2022-04-28 23:55:00,2.0393974507531865,,159956.662,23464561.11393628,,
2022-04-29 23:55:00,2.6348338241480858,,204360.12,26199919.27504655,,
2022-04-30 23:55:00,2.251788268955651,,166450.349,18992900.04148596,,
2022-05-01 23:55:00,1.5413324032089293,,158145.773,19649591.48326627,,
2022-05-02 23:55:00,1.4012903225806452,,165150.04,20579510.55105574,,
2022-05-03 23:55:00,2.047169811320755,,155189.108,18565162.18812067,,
2022-05-04 23:55:00,1.3181818181818181,,150996.611,20265196.40650873,,
2022-05-05 23:55:00,1.8583406884377758,,149436.52,18805091.6768,,
2022-05-06 23:55:00,2.063047285464098,,147519.225,18239276.979,,
2022-05-07 23:55:00,2.171350861287398,,160874.793,18212635.31553,,
2022-05-08 23:55:00,1.9067937033968516,,157230.588,17839382.51448,,
2022-05-09 23:55:00,1.9365558912386707,,156647.795,14848644.48805,0.8108944951,
2022-05-10 23:55:00,2.286302175191064,,135977.538,12665077.53030473,,
2022-05-11 23:55:00,1.5536572343833421,,132660.182,10894830.52098273,1.0180386755,
2022-05-12 23:55:00,1.1318342151675485,,119213.464,10342960.13664,0.6269384237,
2022-05-13 23:55:00,0.8438897168405365,,118481.067,11117078.51661,0.9549854024,
2022-05-14 23:55:00,0.7959120470733974,,123166.817,13043373.66749279,2.0620839452,
2022-05-15 23:55:00,0.8119321623258631,,130271.439,14576397.50027426,0.8258658221,
2022-05-16 23:55:00,0.9124256444150693,,123758.455,12632719.07517143,0.4045697061,
2022-05-17 23:55:00,0.7028327097808659,,143128.103,16316603.742,1.5466010305,
2022-05-18 23:55:00,1.0370967741935484,,124694.699,12494405.24734572,0.944846679,
2022-05-19 23:55:00,0.918536416983086,,129849.516,13627706.7042,1.1896220745,
2022-05-20 23:55:00,0.811589613679544,,146094.9,15692053.209,1.1332372576,
2022-05-21 23:55:00,0.9010814249363868,,132892.361,13899850.48378641,1.8822860392,
2022-05-22 23:55:00,0.9649702577660277,,125178.659,13412893.31185,1.0616177798,
2022-05-23 23:55:00,1.0727927927927927,,127628.574,12695084.89911511,0.5188851917,
2022-05-24 23:55:00,1.1599243856332704,,125968.911,12625760.05919003,1.5147148469,
2022-05-25 23:55:00,1.24952088922959,,131410.851,12536598.09352213,0.8226567806,
2022-05-26 23:55:00,1.3285302593659942,,138367.574,12176673.78452073,1.0297635602,
2022-05-27 23:55:00,1.203422053231939,1.2564602632862019,145909.125,12514418.30125155,2.3385865457,0.9891558634
2022-05-28 23:55:00,1.2776951672862453,1.2991939307728781,146434.533,12736864.90861575,1.8398010305,0.9854021455
2022-05-29 23:55:00,1.299621212121212,1.254911131898971,137609.574,12577779.38957412,1.8093861093,0.935200552
2022-05-30 23:55:00,1.207897793263647,1.1887243191591017,124835.338,12331234.68764,1.1920636813,0.946073012
2022-05-31 23:55:00,1.5830341113105924,1.466121495327103,129618.227,12085907.41689103,0.4780303774,0.9476076337
2022-06-01 23:55:00,1.433405639913232,1.419957310565635,129789.57,11654923.86106678,0.924574202,0.9417979562
2022-06-02 23:55:00,1.428509343763581,1.4049276914836637,136942.229,12471328.79503,0.3428113866,0.9322775211
2022-06-03 23:55:00,1.0509164969450102,1.1865357643758765,147434.559,13236802.4826549,0.8287228114,0.9828147332
2022-06-04 23:55:00,1.1551601423487545,1.2366556447803496,154437.545,13864587.55599808,0.9692553839,1.0286560341
2022-06-05 23:55:00,1.1826852531181218,1.2540826128722382,161460.155,14412957.12497473,2.7799468466,1.065000684
2022-06-06 23:55:00,1.4389387436597738,1.3827345309381238,153085.049,14369864.41345951,0.6071749555,1.0764918278
2022-06-07 23:55:00,1.452513966480447,1.4843287995269072,151171.525,14037787.8115,0.8438674026,1.2029032278
2022-06-08 23:55:00,1.5443037974683544,1.4996964177292047,145134.059,13364260.67123525,0.5927324997,1.0511485611
2022-06-09 23:55:00,1.5855169128156266,1.5629139072847682,157279.344,14339343.87439027,0.8040083924,1.1235927327
2022-06-10 23:55:00,1.574457593688363,1.5853960396039604,163008.347,14075770.76345,1.7375448917,1.0383125396
2022-06-11 23:55:00,1.5329018338727076,1.5958583834335338,152200.814,12076012.5862853,0.6525571769,0.9568389687
2022-06-12 23:55:00,1.4272349272349272,1.4456521739130435,155552.517,12371330.73634023,0.7226751159,0.972328759
2022-06-13 23:55:00,1.4670588235294117,1.5236707938820102,152538.15,9946508.49325682,1.2531676542,1.0032396359
2022-06-14 23:55:00,1.567893783946892,1.5910780669144982,146759.0,9430533.62448244,1.9483346853,1.052803205
2022-06-15 23:55:00,1.3580104106419897,1.3370944992947813,136741.845,9295710.6231,0.9057890256,1.067697271
2022-06-16 23:55:00,1.630512514898689,1.665105386416862,139307.355,8208963.31840019,1.8043524199,1.0392660463
2022-06-17 23:55:00,1.4286516853932585,1.3906836964688205,141506.514,8863357.19296089,0.9083662949,0.9985299621
2022-06-18 23:55:00,1.3462897526501767,1.2845528455284554,142268.056,8438210.2486274,0.5936205222,0.9638113532
2022-06-19 23:55:00,1.184143222506394,1.1367211131276467,139136.722,9386163.26612,0.9541003342,0.9845318593
2022-06-20 23:55:00,1.3480266529984624,1.3549511854951186,128150.964,8375055.81832464,1.3789961902,1.0151808573
2022-06-21 23:55:00,1.8374215630347974,1.5133136094674555,128094.148,8406117.52042815,0.4807335421,0.972271512
2022-06-22 23:55:00,1.6455767077267638,1.5052631578947369,124680.045,7893493.64895,1.9199691357,0.9803474521
2022-06-23 23:55:00,1.6679204728640515,1.4089323098394975,131575.847,8627449.42544982,1.0078035382,0.9879495803
2022-06-24 23:55:00,1.558742415885273,,139487.515,9660529.63367848,1.1947424271,
2022-06-25 23:55:00,1.6471641791044775,,130967.76,8930079.27095426,1.8055566425,
2022-06-26 23:55:00,1.5290731145653425,,129872.163,8276120.45497153,0.7152288827,
2022-06-27 23:55:00,1.6220204313280364,,134635.338,8394426.79551462,0.8188829182,
2022-06-28 23:55:00,1.7899013348810215,,136040.197,8008686.39739,0.5280833051,
2022-06-29 23:55:00,1.8459285295840655,,145883.332,8361659.19893408,0.7220737284,
2022-06-30 23:55:00,1.8589065255731922,,157994.887,8646748.9250623,1.2249474811,
2022-07-01 23:55:00,1.4806576402321083,,165125.66,8755790.95010256,0.5277153552,
2022-07-02 23:55:00,1.7546448087431694,,173129.624,9350217.56595225,1.3099380429,
2022-07-03 23:55:00,1.6382322713257964,,169288.462,9229535.50681615,1.0906049976,
2022-07-04 23:55:00,1.3007293007293008,,168447.895,9815852.95245202,0.5962605202,
2022-07-05 23:55:00,1.469109947643979,,161528.338,9203884.69924,0.6365949529,
2022-07-06 23:55:00,1.45481777333999,,164286.295,9569381.35449179,1.508502146,
2022-07-07 23:55:00,1.449443882709808,,160221.236,9594047.61168,1.6518965229,
2022-07-08 23:55:00,1.4042116076014381,,159264.947,9541097.86538203,0.332307342,
2022-07-09 23:55:00,1.487513007284079,,161281.3,9877360.61340746,0.8768530688,
2022-07-10 23:55:00,1.6028524410312672,,162303.953,9681430.79645,0.767605157,
2022-07-11 23:55:00,1.5380434782608696,,161865.948,9018040.76586977,0.62801418,
2022-07-12 23:55:00,1.7837514934289127,,168971.591,8781453.58427,0.5234512133,
2022-07-13 23:55:00,1.4082496033844527,,176010.223,9634649.83992125,1.8023066274,
2022-07-14 23:55:00,1.4659977703455964,,165892.33,9527358.63017949,0.3054881482,
2022-07-15 23:55:00,1.4120171673819744,,170612.086,9963745.8224,1.1398739596,
2022-07-16 23:55:00,1.0734332948865821,,204503.64,12908269.7568,0.6832347711,
2022-07-17 23:55:00,1.6189473684210527,,184372.854,10940685.15636,1.1755402248,
2022-07-18 23:55:00,1.505958829902492,,189837.563,12462634.60658429,2.1943267772,
2022-07-19 23:55:00,1.6576879910213242,,186447.855,12064657.32856398,0.7808685413,
2022-07-20 23:55:00,1.5163934426229508,,182629.721,11344958.26852,0.5326265767,
2022-07-21 23:55:00,1.644406392694064,,181985.47,11238009.19701044,1.4573458132,
2022-07-22 23:55:00,1.6591824985607369,,185984.721,11150206.36735368,1.8152000603,
2022-07-23 23:55:00,1.863608931804466,,184861.428,10940099.30904,0.731597359,
2022-07-24 23:55:00,1.87098623853211,,182203.65,10771879.788,1.328297826,
2022-07-25 23:55:00,2.2851458885941645,,180073.22,9813918.80465185,0.6503193152,
2022-07-26 23:55:00,1.8590963139120096,,170996.535,9500567.4846,0.7489861515,
2022-07-27 23:55:00,1.27233676975945,,170220.985,10512441.612274,2.2062562161,
2022-07-28 23:55:00,1.2491998171010517,,174260.06,11091472.49643251,0.8792573819,
2022-07-29 23:55:00,1.4790673025967143,,160079.438,10142517.88005763,0.4619824821,
2022-07-30 23:55:00,1.4791773778920307,,157502.663,10259449.9408203,0.407281234,
2022-07-31 23:55:00,1.5387079551521623,,166593.485,10740828.41291047,0.5658050397,
2022-08-01 23:55:00,1.5855119825708062,,153787.842,9675780.88108221,0.3439664102,
2022-08-02 23:55:00,1.3599266391563503,,158082.638,9742703.2239602,1.9078872113,
2022-08-03 23:55:00,1.613598673300166,,150667.941,9309966.45110069,1.8895085947,
2022-08-04 23:55:00,1.4161199625117151,,166841.996,10765650.71151438,0.435522735,
2022-08-05 23:55:00,1.107075293227393,,180041.307,12460420.34594814,0.8915041825,
2022-08-06 23:55:00,1.3735909822866346,,172153.069,11636562.65071807,1.049817942,
2022-08-07 23:55:00,1.225997425997426,,234017.726,16442085.42876,1.4045560351,
2022-08-08 23:55:00,0.9166046165301563,,258729.412,20046663.95096311,0.7468598162,
2022-08-09 23:55:00,0.8865131578947368,,296900.807,23716923.21421903,0.6243485237,
2022-08-10 23:55:00,1.2828353022932593,,236969.434,18646325.16971702,0.9746979549,
2022-08-11 23:55:00,1.0935754189944134,,215652.729,17079267.05472164,1.3275616532,
2022-08-12 23:55:00,1.4832293291731669,,201914.103,15583730.46954,0.4927359573,
2022-08-13 23:55:00,1.6761453396524486,,196167.726,14945945.71644402,1.0069028125,
2022-08-14 23:55:00,1.6911381407471764,,190601.444,14057518.14313466,0.2545615138,
2022-08-15 23:55:00,1.7040417209908736,,183160.574,13565489.03371695,1.1037671696,
2022-08-16 23:55:00,1.4652462451973454,,204666.187,15564821.99662732,0.9971297792,
2022-08-17 23:55:00,1.5195027861123018,,179179.818,13235418.73198918,0.9336089385,
2022-08-18 23:55:00,1.5607517482517483,,191261.748,13443788.26692,0.9933423374,
2022-08-19 23:55:00,1.6998898678414096,,152907.629,9501680.06606,0.6332794541,
2022-08-20 23:55:00,1.6721044045676998,,139551.628,8802916.69424,0.4800243706,
2022-08-21 23:55:00,1.6141057934508816,,164104.789,10639808.55090274,0.4909338419,
2022-08-22 23:55:00,1.6846496106785318,,145725.372,9471610.48138909,1.2595243399,
2022-08-23 23:55:00,1.5809324253535884,,158841.349,10534654.20140891,0.8148384295,
2022-08-24 23:55:00,1.2796647551830613,,164222.77,11123197.15730847,0.9682479979,
2022-08-25 23:55:00,1.4723046488625124,,143282.902,9701536.71721477,0.5584641516,
2022-08-26 23:55:00,1.6092789267747345,,139532.529,8514348.85786712,1.045904341,
2022-08-27 23:55:00,1.5626338329764453,,143568.934,8819439.61562,0.7528298917,
2022-08-28 23:55:00,1.412202380952381,,153946.844,9403099.51486468,0.9220523022,
2022-08-29 23:55:00,1.6456233421750663,,155270.25,9910900.0575,0.855424436,
2022-08-30 23:55:00,1.8113522537562605,,154230.161,9213709.81814,0.8897602443,
2022-08-31 23:55:00,1.9929805615550755,,152372.418,9105227.47286238,1.1684496937,
2022-09-01 23:55:00,1.8470899470899471,,165582.135,9761066.85825,1.0245575814,
2022-09-02 23:55:00,1.8753525098702764,,151260.526,9081681.98104,1.013794448,
2022-09-03 23:55:00,1.2963493199713672,,175252.424,10978841.00921994,0.5752910082,
2022-09-04 23:55:00,1.122318283701569,,168030.635,10725107.68798909,0.7994146385,
2022-09-05 23:55:00,1.5731404958677686,,156261.904,9920825.79773737,0.6725589277,
2022-09-06 23:55:00,1.8150572831423895,,154657.33,8964373.73393252,0.308813798,
2022-09-07 23:55:00,2.0327777777777776,,166895.315,9886945.44570363,0.7490849032,
2022-09-08 23:55:00,1.597809855649577,,158855.837,9711039.39319325,1.2497544919,
2022-09-09 23:55:00,1.2770919067215363,,172246.848,11367354.51280729,1.4247886373,
2022-09-10 23:55:00,1.498278406296114,,161533.341,10554588.50094,1.4970473875,
2022-09-11 23:55:00,1.6490066225165563,,161421.665,10381928.69346856,0.6687222132,
2022-09-12 23:55:00,1.618034447821682,,174547.856,10881313.34304,1.1899150783,
2022-09-13 23:55:00,1.9823278488726386,,161324.301,9484457.50475541,0.5159485559,
2022-09-14 23:55:00,1.4643823264201983,,158609.303,9858610.1335442,1.1460952053,
2022-09-15 23:55:00,1.8759083286752376,,161869.553,9422426.68013,1.3655120703,
2022-09-16 23:55:00,1.9726925177498635,,186839.387,10577140.06523409,0.7712646141,
2022-09-17 23:55:00,1.675221651889874,,185291.439,10889577.87003,0.7626262937,
2022-09-18 23:55:00,1.8465346534653466,,186270.144,9867795.99876246,1.0102626733,
2022-09-19 23:55:00,1.51750973,,177326.206,9823341.55561946,1.34475466,
2022-09-20 23:55:00,1.71420883,,191693.166,10265169.0393,1.04393802,
2022-09-21 23:55:00,1.64959569,,170375.283,9164536.49304934,1.17254327,
2022-09-22 23:55:00,1.6287487073422957,,177596.223,10063449.05102137,0.6905838231,
2022-09-23 23:55:00,2.0209923664122136,,179139.664,10007248.88291258,0.8946395136,
2022-09-24 23:55:00,1.800705467372134,,174849.087,9732240.68240386,0.6394875137,
2022-09-25 23:55:00,1.7000553403431102,,172489.36,9693868.10851757,0.5949941027,
2022-09-26 23:55:00,1.2240176276165993,,192498.584,11353566.48432,1.9823905027,
2022-09-27 23:55:00,1.6003039513677813,,168400.308,9626448.50508432,0.3243927614,
2022-09-28 23:55:00,2.011037527593819,,177172.255,9815342.927,0.1760166301,
2022-09-29 23:55:00,1.465583173996176,,179586.48,10182172.13594431,1.4871990077,
2022-09-30 23:55:00,1.6989189189189189,,189112.963,10546941.61204126,0.6537768094,
2022-10-01 23:55:00,1.5054373522458628,,194502.572,10752102.18016,1.1807975835,
2022-10-02 23:55:00,2.1258083480305703,,187488.644,10047516.43196,0.801970246,
2022-10-03 23:55:00,1.6983385254413292,,180122.531,10072780.85167141,0.3575608012,
2022-10-04 23:55:00,1.4287696577243294,,184892.378,10493760.52344362,1.0083309992,
2022-10-05 23:55:00,1.5750537634408601,,170357.163,9654683.47984921,1.1336556127,
2022-10-06 23:55:00,2.0363279332351496,,175962.017,9704698.70797584,1.2295119325,
2022-10-07 23:55:00,2.336628511966701,,188535.645,10309129.0686,0.6089535979,
2022-10-08 23:55:00,2.3749321758003257,,185840.214,10124440.7731472,1.0922959007,
2022-10-09 23:55:00,2.290994273815721,,187321.538,10266443.96409342,0.4014857385,
2022-10-10 23:55:00,2.632716049382716,,196543.415,10341006.58600051,1.0732890045,
2022-10-11 23:55:00,2.3530424799081517,,199959.113,10283850.06122502,1.0604189945,
2022-10-12 23:55:00,2.3489640130861504,,204489.557,10590540.28875049,0.617342013,
2022-10-13 23:55:00,2.0259975816203144,,187508.477,9554778.24711528,0.415948269,
2022-10-14 23:55:00,2.0164835164835164,,175686.177,8778874.94330614,1.3379290024,
2022-10-15 23:55:00,1.4190945764231286,,167742.991,8527199.85732553,0.6590255906,
2022-10-16 23:55:00,1.5443645083932853,,171401.18,8877650.72925676,2.9973591096,
2022-10-17 23:55:00,1.3510864933958244,,174310.106,9207059.79892,0.7122175974,
2022-10-18 23:55:00,1.5486177311725453,,169956.638,8918448.55189046,0.2298056408,
2022-10-19 23:55:00,1.6338298894762133,,180668.089,9160726.25140432,1.5527447831,
2022-10-20 23:55:00,1.6232771822358345,,176932.216,9198465.47488236,1.6498992857,
2022-10-21 23:55:00,1.5773869346733669,,176574.536,9199533.3256,3.8686651865,
2022-10-22 23:55:00,1.5040227165168008,,188706.461,9869347.9103,0.5120622492,
2022-10-23 23:55:00,1.427992799279928,,187244.368,9942675.9408,1.4950488169,
2022-10-24 23:55:00,1.537010843941537,,192132.116,9975499.46272,1.1038228499,
2022-10-25 23:55:00,1.6588541666666667,,195503.908,10440586.53443974,0.6629040329,
2022-10-26 23:55:00,1.314711359404097,,193643.309,10672276.70562023,0.5981440505,
2022-10-27 23:55:00,1.6087671232876712,,188544.318,9987567.07906037,0.750782532,
2022-10-28 23:55:00,1.6238938053097345,,190451.961,10251973.70576754,2.3125530965,
2022-10-29 23:55:00,1.8285209192692988,,196704.073,10657426.67514,0.7443580179,
2022-10-30 23:55:00,1.74583094,,193805.757,10404036.54268687,1.00598525,
2022-10-31 23:55:00,2.0404589371980677,,192354.719,10112087.57783,1.5618728534,
2022-11-01 23:55:00,3.0775978407557356,,230586.418,11561602.99852,0.5265597706,
2022-11-02 23:55:00,2.324358171571697,,199236.915,10034011.26731028,0.936646042,
2022-11-03 23:55:00,2.6511627906976742,,219061.834,11025759.97154932,0.5948388522,
2022-11-04 23:55:00,1.8985042735042734,,203242.524,10940314.62444901,0.7408768097,
2022-11-05 23:55:00,1.8095487932843652,,201093.37,10775406.47119659,0.6798905851,
2022-11-06 23:55:00,2.5341738553417383,,198598.371,9996420.05658644,1.4989864143,
2022-11-07 23:55:00,2.401109057301294,,202872.689,10389397.80328487,1.8543776344,
2022-11-08 23:55:00,2.1304996271439225,,186122.291,7813577.44467781,0.7649197969,
2022-11-09 23:55:00,1.8948529411764705,,163067.258,5699450.18446483,1.0749337227,
2022-11-10 23:55:00,1.8955739972337482,,157250.018,6189360.70848,1.2384092005,
2022-11-11 23:55:00,1.8535762483130904,,137846.279,5431728.99529784,1.300438458,
2022-11-12 23:55:00,1.1851090086384204,,173974.059,6958962.36,0.806965602,
2022-11-13 23:55:00,1.558974358974359,,162334.375,6619023.27699944,1.1597858082,
2022-11-14 23:55:00,1.6172006745362564,,172702.784,6985827.6128,1.0763195244,
2022-11-15 23:55:00,1.3396409509946627,,158011.753,6451619.87499,0.7342389788,
2022-11-16 23:55:00,1.4024668798538145,,166461.783,6499123.0099638,1.0822831738,
2022-11-17 23:55:00,1.2897751378871447,,186268.792,7395842.2311173,1.3269581804,
2022-11-18 23:55:00,1.480859010270775,,176169.738,6904881.05948086,0.5187138693,
2022-11-19 23:55:00,1.1747919143876338,,191189.338,7607423.75902,1.2352389915,
2022-11-20 23:55:00,1.5136436597110754,,173121.978,6586692.7317479,1.1559039317,
2022-11-21 23:55:00,1.6257915947035118,,183396.711,6895716.3336,0.5768250912,
2022-11-22 23:55:00,1.2545372050816697,,187876.559,7473519.64011594,0.3298306996,
2022-11-23 23:55:00,0.8280909374026783,,196555.328,8495121.27616,0.8831705874,
2022-11-24 23:55:00,1.0441230997404523,,187305.556,8173964.19290183,0.4073571848,
2022-11-25 23:55:00,1.0865902964959568,,191236.602,7917192.22094232,1.9800246286,
2022-11-26 23:55:00,1.0407036909279062,,197766.263,8185545.62557,1.9871461111,
2022-11-27 23:55:00,1.2295211713494263,,197954.137,8019122.08987,0.6754495874,
2022-11-28 23:55:00,1.5717846460618146,,187207.933,7406482.4104738,0.8798604258,
2022-11-29 23:55:00,1.5889570552147239,,190651.566,7633333.26901899,0.6428551362,
2022-11-30 23:55:00,0.718717683557394,,208993.056,9053579.18592,1.3227257969,
2022-12-01 23:55:00,0.7102062400846113,,234145.815,10491173.59754029,1.2207391309,
2022-12-02 23:55:00,0.6004218420435904,,265307.221,12241653.70932371,0.4466363509,
2022-12-03 23:55:00,0.5570175438596491,,263347.931,11977448.86915249,0.7473457882,
2022-12-04 23:55:00,0.6167946494921972,,255578.81,11724225.25823119,0.7491281213,
2022-12-05 23:55:00,0.641213389121339,,238740.446,11055727.12987077,1.1842825999,
2022-12-06 23:55:00,0.6664012738853503,,233434.429,10775418.50456519,1.3440036943,
2022-12-07 23:55:00,1.228395061728395,,205680.331,8969719.23491,1.1472377182,
2022-12-08 23:55:00,0.8686708860759493,,209357.948,9415079.04505604,1.0254772879,
2022-12-09 23:55:00,0.7421068161699617,,209534.015,9551337.41240181,0.2153859488,
2022-12-10 23:55:00,0.772958420580317,,210103.014,9557586.10686,1.0227480682,
2022-12-11 23:55:00,0.8245992601726264,,202485.912,9099473.1691866,1.5293558916,
2022-12-12 23:55:00,0.7205882352941176,,212494.932,9755642.32812,2.0031162165,
2022-12-13 23:55:00,0.8055384615384615,,191487.65,8845286.21821997,0.2501142927,
2022-12-14 23:55:00,0.7933149340693039,0.8152866242038217,179909.445,8344321.20832117,2.0177077637,0.8485430484
2022-12-15 23:55:00,0.7297986957754465,0.7478226444972288,232026.919,10635788.77427222,3.8137579686,0.8519402004
2022-12-16 23:55:00,1.3527239150507848,1.4484276729559749,161084.672,6578844.84443446,0.9503991025,0.9192295322
2022-12-17 23:55:00,1.1791682860474155,1.1529227557411275,182789.279,7859938.997,0.4591610286,0.9017279157
2022-12-18 23:55:00,0.7570840397190604,0.8757327080890973,238074.07,10346288.70916406,0.279098557,0.9468161965
2022-12-19 23:55:00,0.9684936002625534,1.0681159420289854,199840.665,8407296.77655,0.6104417979,0.8251729696
2022-12-20 23:55:00,1.1664190193164934,1.13585291113381,181061.479,7638983.79901,1.3905013122,0.8137069986
2022-12-21 23:55:00,1.234375,1.2541345093715546,183818.496,7588027.51488,3.9238410668,0.8636268133
2022-12-22 23:55:00,2.0334075723830733,1.8286229705351773,195756.611,7704980.20896,1.1938706869,0.991842579
2022-12-23 23:55:00,1.9057284618854307,1.774056029232643,181984.263,7166209.24392592,1.5358451209,1.0280550646
2022-12-24 23:55:00,1.5603826225587885,1.5019220208676551,168004.347,6673199.38240632,3.2131371672,1.0340486922
2022-12-25 23:55:00,1.5823627287853577,1.56188831318365,171208.398,6839877.14481381,1.9550326586,1.0193265906
2022-12-26 23:55:00,1.405591727307545,1.4820342730790492,180883.481,7309094.56077532,1.8635532461,1.0174430289
2022-12-27 23:55:00,1.7773205304069501,1.6958105646630237,193549.412,7503350.20736878,0.5980522199,1.099648285
2022-12-28 23:55:00,1.8288822947576657,1.731939163498099,189398.429,7090348.30084584,0.342895696,1.1003724387
2022-12-29 23:55:00,2.260287081339713,1.9055214723926381,201632.627,7663152.14045215,0.4220707499,1.1136743812
2022-12-30 23:55:00,2.1390602752728998,1.8735491753207085,199954.772,7568807.51471756,1.5512276295,1.1596738169
2022-12-31 23:55:00,2.3263598326359833,2.0806561859193438,197602.051,7368900.56944833,1.3214021551,1.1897397257
2023-01-01 23:55:00,1.9576923076923076,1.8200836820083681,201559.885,7497026.57002001,0.5524112994,1.1633519831
2023-01-02 23:55:00,1.2347664707701824,1.4047856430707877,201006.086,7927941.80005574,1.7610475349,1.1900554693
2023-01-03 23:55:00,1.1623672230652504,1.3742574257425744,216884.885,8684484.99347798,2.6712154049,1.0557944893
2023-01-04 23:55:00,1.0718728403593643,1.1317790167257982,197146.566,8029099.2823522,1.6394533373,0.8965194663
2023-01-05 23:55:00,1.110627493652521,1.1569246972090574,170321.641,6770072.08754524,1.57039937,0.8807355903
2023-01-06 23:55:00,0.9743827160493828,1.0658016682113067,192319.722,7956539.34118138,0.5435267254,0.9056907905
2023-01-07 23:55:00,0.9782816991376557,1.0137299771167048,217244.156,9004770.2662,0.102887233,0.8845087857
2023-01-08 23:55:00,1.1081386586284854,1.0723382577687213,188025.28,7980150.00713532,1.2205784462,0.9038948234
2023-01-09 23:55:00,1.095986760446835,1.0765888104291146,166904.719,7216555.44080925,0.8434167907,0.9265753214
2023-01-10 23:55:00,1.1055136850456169,1.024016351558508,154531.592,6808909.94509074,1.4455165726,1.0074707809
2023-01-11 23:55:00,1.0470257234726688,0.9772138788192646,160264.894,7095591.1249153,0.8742495,0.9639128746
2023-01-12 23:55:00,1.063733552631579,1.0146981627296587,152996.05,6931915.45467365,0.6732627546,1.0609792798
2023-01-13 23:55:00,1.2748277259829752,1.1211018711018712,184437.067,8385492.50270495,0.8524666297,1.2130550851
2023-01-14 23:55:00,1.2212692967409948,1.1079664570230607,162476.663,7601910.78061684,0.2328603694,1.302985048
2023-01-15 23:55:00,1.398635846911709,1.1922889214250854,213645.804,9547724.157858,1.9571071508,1.1940489948
2023-01-16 23:55:00,1.5294585987261147,1.3279678068410463,241712.367,10288677.07097686,0.6331194648,1.2965903049
2023-01-17 23:55:00,1.2287390029325513,1.1176470588235294,214782.783,9587903.43312,0.5209569517,1.3520649592
2023-01-18 23:55:00,1.3547344110854505,1.262266355140187,191532.786,8212321.58157083,0.7930910267,1.3161168909
2023-01-19 23:55:00,1.2067213755373192,1.2089715536105032,191738.747,8518520.45361319,2.6448178919,1.260278567
2023-01-20 23:55:00,1.0796493902439024,1.0730191610564475,184013.609,8838532.79251164,0.5943141315,1.0896966957
2023-01-21 23:55:00,1.2548032936870996,1.2590579710144927,154845.248,7425158.13030911,0.6210592635,1.1192429795
2023-01-22 23:55:00,1.61011011011011,1.419435736677116,162621.668,7706640.11147006,1.2228200165,1.1229610711
2023-01-23 23:55:00,1.78256611165524,1.5259165613147914,197104.779,9277721.94753,0.7498031461,1.1791973382
2023-01-24 23:55:00,2.241240666283745,2.0562364816149965,193740.962,8621384.96491042,1.5861900841,1.2843380869
2023-01-25 23:55:00,2.4430067775723967,2.152388172858226,196591.927,8945045.34533336,2.0165883948,1.3645217416
2023-01-26 23:55:00,2.075135135135135,1.8606271777003485,204875.914,9575736.8461599,0.8172882197,1.3229205718
2023-01-27 23:55:00,2.1207464324917673,1.8617095205003475,198621.016,9233115.2578895,0.7920551529,1.3191283951
2023-01-28 23:55:00,2.0855365474339034,1.8116797900262467,207553.286,9433296.8487,2.4041005848,1.2592315492
2023-01-29 23:55:00,1.973583093179635,1.7527296082209376,214361.8,10139313.14,0.7231378682,1.2088905656
2023-01-30 23:55:00,2.511510387422796,2.0842255531763025,218658.291,9745600.02987,1.393223658,1.074792186
2023-01-31 23:55:00,2.457558139534884,1.9745824255628177,212561.366,9616189.02429819,1.7416951441,1.0428812097
2023-02-01 23:55:00,1.812333864965444,1.5404141616566467,187010.245,8831775.70899684,0.2622198051,1.0952946298
2023-02-02 23:55:00,1.9971735443753533,1.7536945812807883,198967.76,9127432.51947997,0.9181807184,1.1615736784
2023-02-03 23:55:00,2.4346820809248553,1.9377682403433476,215021.591,10121120.08677207,1.2470116075,1.0997739482
2023-02-04 23:55:00,2.8270944741532977,2.290566037735849,225001.56,10471572.6024,0.5214086938,1.1098804574
2023-02-05 23:55:00,3.0533024333719583,2.495286439448876,248105.39,10983625.6153,2.0303277588,1.0971436449
2023-02-06 23:55:00,3.1081246182040316,2.5809379727685324,243785.684,10554767.38878249,0.3892091686,1.1616778147
2023-02-07 23:55:00,1.7567703109327983,1.5983072916666667,219670.094,10289151.87011571,0.8404198773,1.210327981
2023-02-08 23:55:00,2.0675368898978435,1.9154411764705883,226088.984,10235729.51857146,0.8107851737,1.2788313707
2023-02-09 23:55:00,2.239693757361602,2.12,192275.005,8198728.79236119,0.6076912321,1.2378052451
2023-02-10 23:55:00,2.102403343782654,1.8710106382978724,198444.972,8660406.27637833,1.9784674101,1.1291868404
2023-02-11 23:55:00,1.9448209099709584,1.6997563946406822,222490.252,10165135.90824514,0.7922866625,1.1347019869
2023-02-12 23:55:00,2.255117324013979,1.9788325849903785,249016.119,11466795.52754792,0.5320937804,1.1034622851
2023-02-13 23:55:00,2.7373081463990556,2.29859571322986,227606.666,9922202.44921838,1.4167419014,1.0901044375
2023-02-14 23:55:00,2.6747630331753554,2.0803443328550935,243871.444,10645070.22997245,1.9469761079,1.1100737809
2023-02-15 23:55:00,2.117159149818559,1.827388535031847,271453.867,12557085.30945893,1.6265142967,1.1261017521
2023-02-16 23:55:00,2.4196808510638297,2.1447721179624666,290024.174,12573801.05904933,0.607921465,1.2016544498
2023-02-17 23:55:00,2.2906626506024095,1.932245922208281,293953.655,13313499.14338352,0.3884641626,1.1142332667
2023-02-18 23:55:00,2.3202247191011236,2.0549185274592636,315805.006,14574401.0269,2.79833692,1.21251682
2023-02-19 23:55:00,2.011955593509821,1.8145845110231769,307294.301,14719168.49542012,0.5590814443,1.1792501174
2023-02-20 23:55:00,2.569976544175137,2.383419689119171,345819.075,17322305.57247006,1.5978508503,1.1314648712
2023-02-21 23:55:00,2.892118226600985,2.647840531561462,324909.415,15943870.76206343,3.0858233559,1.1783764162
2023-02-22 23:55:00,3.0593946316390634,2.6473947180585298,317551.443,15209924.16285282,1.1855866442,1.1701793758
2023-02-23 23:55:00,2.816425120772947,2.492822966507177,317341.005,15226021.4199,0.7016625516,1.1424877727
2023-02-24 23:55:00,2.988073941562314,2.590080233406273,281428.451,12744171.34249882,2.8589843352,1.1392003211
2023-02-25 23:55:00,3.4396607958251795,3.0102442868400314,266411.895,11843326.09960899,1.3830576623,1.1349480843
2023-02-26 23:55:00,3.143273150844496,2.6860795454545454,272849.416,12299348.75042902,2.8964115232,1.1472860817
2023-02-27 23:55:00,3.14773396115362,2.537154989384289,295407.429,13048709.08505115,1.2391812104,1.145954677
2023-02-28 23:55:00,3.400604229607251,2.837956204379562,285857.67,12297596.9634,1.393663457,1.1382083886
2023-03-01 23:55:00,3.3081834010446896,2.75408670931059,290859.692,12903440.33333771,1.0863284526,1.1050103364
2023-03-02 23:55:00,3.7070821529745044,2.8875086266390615,320170.55,13959435.98,0.8473954891,1.0921490617
2023-03-03 23:55:00,2.611940298507463,2.1954261954261955,277341.301,10970721.63988426,0.710164897,1.1147133861
2023-03-04 23:55:00,2.4254484304932737,2.03420523138833,271078.575,10451413.19030001,4.908250525,1.1475398629
2023-03-05 23:55:00,2.549554565701559,2.141296928327645,275180.299,10487305.67851425,2.2624593091,1.1328002028
2023-03-06 23:55:00,2.513841670713939,2.099375,300502.75,11581804.98573093,2.371718041,1.1597738429
2023-03-07 23:55:00,2.7442872687704027,2.282,302027.597,11389460.68287,0.7769553853,1.1879266875
2023-03-08 23:55:00,2.697464788732394,2.3436853002070395,274642.755,9782774.9331,0.5490227869,1.18864987
2023-03-09 23:55:00,2.5047449584816133,2.133522727272727,277677.163,9494757.05807,1.2688015336,1.1983962892
2023-03-10 23:55:00,2.602386934673367,2.3385093167701863,302210.726,9680449.2341574,0.4727016832,1.1915523255
2023-03-11 23:55:00,2.3797619047619047,2.205469327420547,314122.435,9882216.69214334,1.1968279371,1.227346729
2023-03-12 23:55:00,2.2744860943168077,2.013620071684588,286394.978,9763368.26568159,0.9525102923,1.2081600797
2023-03-13 23:55:00,2.28371572,2.21598272,300485.542,10550047.37962,0.67518121,1.17604099
2023-03-14 23:55:00,2.3905765654060755,2.2206432311144355,286292.846,10374141.65654517,1.3906873078,1.227433834
2023-03-15 23:55:00,2.427540589296452,2.3387694588584136,275100.136,9132093.2495213,1.1560944818,1.2846633398
2023-03-16 23:55:00,2.4621559633027523,2.2284722222222224,278118.441,9435087.76528858,0.8233852834,1.2310330742
2023-03-17 23:55:00,2.3213483146067415,2.09353507565337,277325.159,10283289.45230135,0.4787311776,1.2102318062
2023-03-18 23:55:00,2.202923976608187,2.0530085959885387,275273.386,9880983.48670567,1.9137784282,1.2229778335
2023-03-19 23:55:00,2.292989814260036,2.073099415204678,282033.284,10266011.5376,0.4008956009,1.2213627786
2023-03-20 23:55:00,2.2689415847310586,2.1810154525386314,294780.758,10084449.73118,1.0263648063,1.1608049187
2023-03-21 23:55:00,1.957680250783699,1.814257684761282,278610.932,10169299.018,1.3168356996,1.1991515329
2023-03-22 23:55:00,2.1262975778546713,2.0035561877667143,277638.255,9609636.80180115,1.2692682576,1.295312844
2023-03-23 23:55:00,2.0176550475328203,1.7777119146413751,304319.402,11584692.25307743,3.2418546344,1.1823173508
2023-03-24 23:55:00,2.4877903513996427,2.374233128834356,289773.141,10373878.4478,1.4199509762,1.2768586922
2023-03-25 23:55:00,2.2773393461104847,2.0258379888268156,292014.107,10382995.17153178,1.7494369321,1.2670065811
2023-03-26 23:55:00,2.4249857387335996,2.149645390070922,284531.061,10302823.0301082,1.5958938183,1.3041916504
2023-03-27 23:55:00,1.9809141135107986,1.816750629722922,267648.899,9579154.09521,1.0942566137,1.3604085097
2023-03-28 23:55:00,2.007367387033399,1.8598247809762203,283251.367,10294774.07770517,0.8002293426,1.2422587187
2023-03-29 23:55:00,2.0159876224858175,1.901048492791612,282825.409,10512825.64519248,0.5871974035,1.2259997038
2023-03-30 23:55:00,1.9686202122750347,1.7762771579565473,309326.184,11712254.32288723,3.0083461431,1.2311477338
2023-03-31 23:55:00,2.075673166202414,1.8416019127316199,319782.733,12388383.07642,1.5043081348,1.2090212915
2023-04-01 23:55:00,2.3636363636363638,2.03380454824831,306116.465,11696069.86669646,0.6890888507,1.2340565399
2023-04-02 23:55:00,2.5492957746478875,2.429793300071276,297864.608,10895887.36064,0.5676470022,1.275102495
2023-04-03 23:55:00,2.562465902891435,2.3797202797202797,294777.58,10738747.2394,1.0886480995,1.2552640056
2023-04-04 23:55:00,2.102305475504323,1.9876771410967344,311774.235,11760124.1442,2.0205726579,1.2628688274
2023-04-05 23:55:00,2.2860250135943447,2.18888096935139,297189.678,11286676.77118662,0.3111600945,1.3294227374
2023-04-06 23:55:00,2.3355227148330595,2.1860795454545454,304755.038,11497868.78292792,1.4271023544,1.3400602571
2023-04-07 23:55:00,2.1004589495155535,2.0608339029391662,298169.21,11243844.80499132,0.9337744003,1.3589189113
2023-04-08 23:55:00,1.7398160315374507,1.8027380211574362,311878.214,11998581.94244194,1.0586451893,1.345620924
2023-04-09 23:55:00,1.6447811447811447,1.672514619883041,313515.124,12418392.41934518,0.4392962945,1.3229678682
2023-04-10 23:55:00,2.035678391959799,1.9806020066889631,280511.547,11064935.6525658,0.4182936868,1.3506859355
2023-04-11 23:55:00,1.7774178621008792,1.8297331639135959,289578.858,11513655.39408,2.2069319085,1.3354381653
2023-04-12 23:55:00,1.848375451263538,1.8466876971608832,279210.678,11107000.77084,0.0745025152,1.3367477618
2023-04-13 23:55:00,1.3066933066933066,1.4688922610015174,314753.674,12970998.90554,1.1375744373,1.2882944581
2023-04-14 23:55:00,1.8761991777067153,1.8895820336868372,298592.632,12597623.14408,2.5513744168,1.1942758765
2023-04-15 23:55:00,1.7228144989339018,1.738262910798122,309512.065,13250315.77416958,3.240121557,1.2284663806
2023-04-16 23:55:00,1.8376565295169947,1.9662420382165604,295903.381,12629156.30108,1.2704571857,1.2542349734
2023-04-17 23:55:00,2.0628192032686417,2.174715909090909,285247.692,11859383.99799611,1.1376399707,1.2929627647
2023-04-18 23:55:00,2.00802407221665,2.100834492350487,283876.049,12075813.86537523,0.9302809893,1.3152399422
2023-04-19 23:55:00,3.0083044982698963,3.0802919708029197,258559.38,9861162.62764129,0.6529336861,1.453926994
2023-04-20 23:55:00,2.6309597523219814,2.4723926380368098,250709.923,9478181.57467636,1.1145485845,1.3842441392
2023-04-21 23:55:00,2.5269607843137254,2.398050974512744,265055.088,9691706.69359473,3.3312133206,1.2767582174
2023-04-22 23:55:00,2.3354107648725213,2.164819944598338,261890.126,9886252.25113649,0.9820780107,1.2811821048
2023-04-23 23:55:00,2.3551724137931034,2.256011315417256,264552.547,9783153.18806,1.5647527738,1.2613508597
2023-04-24 23:55:00,2.5776283618581908,2.433159073935773,255917.533,9427644.58830537,1.3427456803,1.349156565
2023-04-25 23:55:00,2.3079868708971554,2.272473867595819,252115.887,9439218.80928,1.1220669784,1.2877269331
2023-04-26 23:55:00,2.605177993527508,2.492138364779874,233893.948,8541574.69620236,2.1776088612,1.2898216434
2023-04-27 23:55:00,1.5902317880794703,1.7559198542805101,244068.367,9300950.07348345,2.2369446825,1.2414891721
2023-04-28 23:55:00,2.341618191433104,2.1339712918660285,232066.665,8763415.33917985,0.4641857799,1.2587347207
2023-04-29 23:55:00,2.060450819672131,1.9371727748691099,231959.7,8930190.33452423,3.7809979671,1.2690296101
2023-04-30 23:55:00,2.1890109890109892,2.056668970283345,227738.289,8585139.831683,1.7940860007,1.2776543724
2023-05-01 23:55:00,3.0408163265306123,2.5224334600760456,264367.726,9644134.64448,0.6634076761,1.1496024697
2023-05-02 23:55:00,2.8313989004276117,2.3825896122896855,259865.779,9544870.06267,1.8547125302,1.1674245238
2023-05-03 23:55:00,2.5591909577632364,2.222925457102672,252257.112,9353021.32415053,0.5054956395,1.2155024535
2023-05-04 23:55:00,2.438228438228438,2.1285814116002797,242947.342,8821417.98802,0.5191813355,1.2027755474
2023-05-05 23:55:00,2.165766738660907,2.0335616438356166,250359.515,9283330.8162,0.7024784858,1.1964211393
2023-05-06 23:55:00,2.3225991949396203,2.128782547501759,253280.814,9070528.67440262,0.785445656,1.2150083526
2023-05-07 23:55:00,2.410300925925926,2.111111111111111,256828.245,9030081.0942,0.6492506091,1.2057446118
2023-05-08 23:55:00,2.247555012224939,2.125186289120715,232493.576,7696458.60977022,1.2564180017,1.364433917
2023-05-09 23:55:00,2.1898584905660377,2.045025417574437,258233.022,8577141.21321606,0.4026029892,1.2900839695
2023-05-10 23:55:00,2.306725329981144,2.172972972972973,261862.294,8748819.24254,3.6857088868,1.2870151497
2023-05-11 23:55:00,2.1515151515151514,1.9842293906810036,265078.507,8642444.69041338,0.8901577982,1.2876801652
2023-05-12 23:55:00,2.247566909975669,2.105145413870246,280927.235,9267789.48265,1.8875879762,1.2266356893
2023-05-13 23:55:00,2.310850439882698,2.057347670250896,282833.661,9227277.12101348,1.8574528531,1.1690966452
2023-05-14 23:55:00,2.2672209026128267,2.097364568081991,292808.71,9612909.9493,2.6239408568,1.267514497
2023-05-15 23:55:00,2.344039530574429,2.2463433410315625,286812.947,9449310.72506176,0.1959723495,1.2680741917
2023-05-16 23:55:00,2.2044784914555096,2.089837997054492,286409.698,9481065.23931394,0.2432718325,1.3348497008
2023-05-17 23:55:00,2.113479262672811,2.079435783221975,282647.693,9584583.26963,0.9715280674,1.4199828382
2023-05-18 23:55:00,2.1376518218623484,2.012912482065997,270834.558,9112825.70181785,0.7472189515,1.4396222859
2023-05-19 23:55:00,2.2953995157384988,2.1831945495836487,284577.718,9499152.08081895,0.3274949242,1.3782635591
2023-05-20 23:55:00,2.258426966292135,2.104446012702893,291005.935,9648228.3541276,4.8542755449,1.3594489568
2023-05-21 23:55:00,2.542124542124542,2.3834988540870894,299317.875,9596053.44141594,0.2894631408,1.3375453659
2023-05-22 23:55:00,2.522439585730725,2.260558339298497,311503.955,9977471.67865,1.9040752351,1.2503782114
2023-05-23 23:55:00,2.642857142857143,2.4107142857142856,311798.12,10052873.82964451,0.3911653359,1.2129658787
2023-05-24 23:55:00,2.48506151142355,2.3279411764705884,318306.029,9858526.34555413,0.6354550166,1.213969438
2023-05-25 23:55:00,2.118598382749326,1.8892529488859764,323974.424,10112233.56890317,3.7385942237,1.1165322918
2023-05-26 23:55:00,1.540824261275272,1.4293670886075949,374205.414,12184218.00681417,1.0023157977,1.0088037899
2023-05-27 23:55:00,1.63844199830652,1.4575916230366492,337816.351,11074772.30775673,0.6782591971,1.0268245245
2023-05-28 23:55:00,1.4850171232876712,1.4228329809725158,345305.028,11830103.4290121,0.4237627815,1.0219147703
2023-05-29 23:55:00,1.7361489554950045,1.5309988518943742,342568.876,11516478.09594,3.4941621121,1.0601135328
2023-05-30 23:55:00,1.5437362637362637,1.388092613009923,339247.209,11485730.28962461,0.4493684484,1.1318634831
2023-05-31 23:55:00,2.0070999453850353,1.8798657718120806,330324.643,10634037.67202017,0.6690643364,1.2376607244
2023-06-01 23:55:00,2.268699654775604,1.9854972375690607,323624.403,10191882.08744567,0.5724409524,1.3088916775
2023-06-02 23:55:00,2.1556164383561645,1.8510777269758327,312333.353,10035270.63189,2.0629803672,1.2961340571
2023-06-03 23:55:00,2.039957378795951,1.7759388924252069,311818.894,10049709.22671367,0.1146837496,1.3112599738
2023-06-04 23:55:00,2.262407301768397,2.0444753300903407,319119.695,10182260.77819474,0.5650461013,1.3059059228
2023-06-05 23:55:00,2.140402843601896,1.9829666430092263,317542.926,9320878.7684058,0.5105760252,1.3741561837
2023-06-06 23:55:00,2.136631330977621,1.8571428571428572,302680.462,9095547.8831,1.0136928344,1.2696291132
2023-06-07 23:55:00,2.2369062119366627,2.0791208791208793,306102.915,8806580.86455,2.0043106296,1.2931195152
2023-06-08 23:55:00,2.166765578635015,1.9167832167832168,299660.348,8669170.35262412,1.2516300732,1.340777118
2023-06-09 23:55:00,2.1394675925925926,1.893587994542974,308433.741,8933261.98718729,1.4494382022,1.3908011215
2023-06-10 23:55:00,1.735048231511254,1.5935143288084463,298359.378,7203617.56935807,4.3341466547,1.2712453889
2023-06-11 23:55:00,1.4395424836601307,1.360612109115103,294701.254,7289772.62645445,2.079890857,1.2741095964
2023-06-12 23:55:00,1.6015767131594907,1.4874731567644954,287470.581,7227945.41302882,0.8552009737,1.3670607834
2023-06-13 23:55:00,1.6700062617407638,1.5485047410649162,273380.165,6937316.79802932,0.4260439715,1.2255688909
2023-06-14 23:55:00,1.7496749024707412,1.6278366111951588,252116.23,6159620.14978743,0.4241739456,1.1502574237
2023-06-15 23:55:00,2.0971718636693257,1.9671163575042159,260934.283,6463342.18991,75.7559126743,1.2158816333
2023-06-16 23:55:00,1.729064039408867,1.5731620271234832,280796.359,7076068.2468,0.8052030862,1.1215363917
2023-06-17 23:55:00,1.7133168927250308,1.641425389755011,284807.932,7268298.42464,6.7272263231,1.0981213093
2023-06-18 23:55:00,1.5141938939475095,1.4411571334648259,303933.389,7823245.43286,1.1287584219,1.1167297181
2023-06-19 23:55:00,1.5186528497409326,1.5562289562289562,282513.803,7405406.395789,3.663055984,1.170414861
2023-06-20 23:55:00,1.7459954233409611,1.68688293370945,279402.978,7387414.73832,0.7800589669,1.1857386468
2023-06-21 23:55:00,1.9124087591240877,1.809070958302853,292635.003,7988935.5819,0.258589363,1.1072003087
2023-06-22 23:55:00,2.0415412402167368,1.9317681584739546,298070.252,7794537.0898,0.6156189884,1.0491861151
2023-06-23 23:55:00,1.5313432835820895,1.5525143220878421,308626.367,8835972.88721,1.1980591288,1.1448008488
2023-06-24 23:55:00,1.5696544276457884,1.5297619047619047,282506.958,8319829.9131,1.034456851,1.1870109514
2023-06-25 23:55:00,1.5696476964769648,1.5159151193633953,291294.946,8882873.35471553,1.1603259808,1.1884354942
2023-06-26 23:55:00,1.435031185031185,1.3869731800766283,291418.245,8834050.05325161,0.3356561525,1.1676476573
2023-06-27 23:55:00,1.5773524720893142,1.5660377358490567,280519.219,8492806.00200137,0.4048496799,1.0774490655
2023-06-28 23:55:00,1.6372721928277483,1.6097212294496068,254800.315,7363729.1035,0.3016953558,1.141652303
2023-06-29 23:55:00,1.4877922077922079,1.4080859128237524,265744.395,7864063.95872345,0.31698453,1.0991078336
2023-06-30 23:55:00,1.4792176039119804,1.3680762358546754,295217.437,9999014.59119,3.2004909363,1.0345013663
2023-07-01 23:55:00,1.4985148514851485,1.5403174603174603,291773.479,9934863.1162213,0.7321149648,1.0769932141
2023-07-02 23:55:00,1.8198294243070363,1.7311095983662355,274002.787,8974864.38161932,1.7298767162,1.1040978598
2023-07-03 23:55:00,1.7261716692996314,1.6540252827677977,297868.549,9883278.45582,1.3871617403,1.1279087137
2023-07-04 23:55:00,1.6825649178590356,1.6513333333333333,283864.116,9397288.01595741,0.2375196158,1.1527475441
2023-07-05 23:55:00,1.744047619047619,1.685500340367597,284649.988,9052888.34085605,2.479755965,1.1675667083
2023-07-06 23:55:00,1.809667673716012,1.7258658806190126,269979.701,8253509.89804399,1.0302924027,1.1165068993
2023-07-07 23:55:00,1.9593356242840778,1.8374384236453203,319820.844,9441111.31488,1.190080167,1.1179746168
2023-07-08 23:55:00,1.9016115351993215,1.6402173913043478,359307.835,10337377.27471532,2.0215742337,1.0355273552
2023-07-09 23:55:00,1.8234183191690274,1.5922215674720095,313784.818,8942862.78194723,2.2858609214,1.0427567538
2023-07-10 23:55:00,1.71821822,1.55339196,294098.952,8499459.7128,0.77798389,1.11215283
2023-07-11 23:55:00,1.75644265,1.68863484,298190.27,8625823.22353075,1.29288768,1.15371173
2023-07-12 23:55:00,1.75472717,1.69630156,260658.085,7585150.2735,0.74458318,1.13651881
2023-07-13 23:55:00,1.28875111,1.23433875,296534.15,9781700.22995899,1.43924557,1.15403897
2023-07-14 23:55:00,1.5213629,1.58918539,273840.729,8719200.28644396,3.03756812,1.1805472
2023-07-15 23:55:00,1.71923744,1.76681614,275778.761,8607055.13081,1.70104246,1.17017478
2023-07-16 23:55:00,1.73541306,1.71854545,257834.981,7938739.06499,0.88261705,1.15241502
2023-07-17 23:55:00,1.50549451,1.447733,277594.259,9010050.95760253,1.7607254,1.16182158
2023-07-18 23:55:00,1.80918535,1.68512111,254602.041,7943554.80732855,2.46190648,1.24723576
2023-07-19 23:55:00,1.64379947,1.54707044,260761.124,8167038.40368,3.0742479,1.22654535
2023-07-20 23:55:00,1.70634475,1.65589888,264708.588,8244671.2533188,0.32509256,1.25612112
2023-07-21 23:55:00,1.77509815,1.70530035,246740.192,7768422.15220358,0.15415735,1.34129827
2023-07-22 23:55:00,1.8194055,1.75358166,270255.146,8450878.41542,4.8549026,1.33604393
2023-07-23 23:55:00,1.87456847,1.8615942,264636.762,8410156.29636,0.97717189,1.35209076
2023-07-24 23:55:00,1.88542292,1.95300462,266233.432,7965704.28544,0.52962247,1.34878269
2023-07-25 23:55:00,2.01257862,1.92420727,266106.306,7931354.68657565,0.92155687,1.325514
2023-07-26 23:55:00,1.87341772,1.81689088,272806.863,8173293.61548,0.3550101,1.43179119
2023-07-27 23:55:00,1.86762272,1.72233677,280770.847,8457984.16354573,5.2778291,1.4688241
2023-07-28 23:55:00,1.69739696,1.63772049,268624.146,8235739.92897618,1.0740036,1.50339545
2023-07-29 23:55:00,1.80933852,1.79122435,283586.295,8609679.9162,0.53841351,1.48136861
2023-07-30 23:55:00,1.87456243,1.85526316,274755.136,8226168.77184,2.11206972,1.5328296
2023-07-31 23:55:00,1.79075014,1.73598297,276564.051,8376314.30749296,1.01174241,1.51325555
2023-08-01 23:55:00,1.73237091,1.72425952,279953.698,8538587.789,1.04271087,1.47828723
2023-08-02 23:55:00,1.74271578,1.71498599,281251.041,8325030.8136,0.370356,1.46400972
2023-08-03 23:55:00,1.53659743,1.51604783,283724.665,8424727.42294912,0.04969531,1.49081916
2023-08-04 23:55:00,1.85939258,1.8537464,285284.235,8306026.56953053,1.2338089,1.4835368
2023-08-05 23:55:00,1.63779129,1.62111399,292554.195,8562751.24749077,1.98317178,1.45509375
2023-08-06 23:55:00,1.82804674,1.86063218,278805.356,8182937.1986,19.76339559,1.48905237
2023-08-07 23:55:00,1.93268124,1.97466468,279234.356,8145266.16452,0.86163471,1.42009124
2023-08-08 23:55:00,1.68146214,1.68073879,287484.061,8483719.13715909,0.96317754,1.34584783
2023-08-09 23:55:00,1.95888158,1.82177531,285281.67,8417350.31093627,0.33282996,1.31291289
2023-08-10 23:55:00,1.98586188,1.83529412,285288.419,8401743.93955,1.88455046,1.30842501
2023-08-11 23:55:00,1.81152097,1.88325226,294064.843,8705660.32377186,1.34002246,1.3242743
2023-08-12 23:55:00,1.77731288,1.87803279,305821.081,8929975.5652,47.01500298,1.30810583
2023-08-13 23:55:00,1.47503314,1.49882767,322225.432,9666762.96,1.10285048,1.30319418
2023-08-14 23:55:00,1.75905975,1.82514735,323810.812,9607107.99994598,0.30310994,1.28164817
2023-08-15 23:55:00,1.77490152,1.7537931,299096.92,8414004.48632025,0.46535668,1.31415556
2023-08-16 23:55:00,1.79065744,1.77997179,287748.299,7680749.74232788,0.81180527,1.30711957
2023-08-17 23:55:00,1.69145466,1.69308469,263707.564,6424603.96881078,1.14463728,1.3086956
2023-08-18 23:55:00,1.75551232,1.68683812,268867.892,6560376.5648,3.08700513,1.21629921
2023-08-19 23:55:00,1.86222808,1.83333333,264050.12,6572086.35380745,2.07986867,1.17459253
2023-08-20 23:55:00,1.84740041,1.8392283,251711.324,6311792.28381199,0.25283373,1.15141282
2023-08-21 23:55:00,1.78609272,1.7715415,250786.022,6227016.92626,1.43351744,1.1133859
2023-08-22 23:55:00,1.70786517,1.67903104,254946.53,6358366.4582,3.07381231,1.04987576
2023-08-23 23:55:00,1.82071713,1.7735697,279582.396,7109025.19779917,0.38808214,1.00983118
2023-08-24 23:55:00,1.77791336,1.69852941,282157.483,6969289.8301,0.6621007,0.98465012
2023-08-25 23:55:00,1.77417641,1.70588235,297021.668,7431482.13336,1.29703377,0.96000848
2023-08-26 23:55:00,1.86418338,1.69804742,297569.899,7394757.56432029,1.1091065,1.00726748
2023-08-27 23:55:00,1.81989406,1.69268985,288228.798,7223013.67788,2.703177,0.9576301
2023-08-28 23:55:00,1.66296502,1.60249307,286327.299,7241217.39171,0.14408686,0.87821798
2023-08-29 23:55:00,1.47488839,1.54917444,280179.682,7377805.85663488,1.090239,0.97269516
2023-08-30 23:55:00,1.47995546,1.69620253,287912.172,7546178.02812,0.4294014,0.99215205
2023-08-31 23:55:00,1.85611511,1.99824253,267261.825,6606114.24617849,1.03968585,1.09250073
2023-09-01 23:55:00,1.84952767,1.76125402,253883.283,6153020.50770212,0.02662106,1.10389944
2023-09-02 23:55:00,1.67321089,1.59863946,247317.666,6102099.99212698,5.48870673,1.08328378
2023-09-03 23:55:00,1.77478085,1.70659164,242472.021,6002395.755179,0.12729746,1.08266056
2023-09-04 23:55:00,1.73324658,1.7173739,239821.709,5879141.62523796,2.42504438,1.10047589
2023-09-05 23:55:00,1.46819604,1.72230653,246637.243,6070644.31518335,2.82618205,1.1171728
2023-09-06 23:55:00,1.44363636,1.61644833,239139.295,5998813.54588763,3.104099,1.10248285
2023-09-07 23:55:00,1.26436782,1.54461099,235011.883,5940181.42352331,3.68647541,1.12339116
2023-09-08 23:55:00,1.57338243,1.74111283,231327.456,5785499.67456,0.42495911,1.13789938
2023-09-09 23:55:00,1.49921671,1.64876957,231537.663,5862020.79902098,3.45696695,1.13726627
2023-09-10 23:55:00,1.59035477,1.53792624,221810.79,5492035.1604,0.09841008,1.13504611
2023-09-11 23:55:00,1.48924122,1.46029515,217584.652,5337351.51356,1.41462942,1.17678529
2023-09-12 23:55:00,1.53155761,1.53183792,232828.403,5767711.35260996,3.60576075,1.21253268
2023-09-13 23:55:00,1.25080534,1.47304582,233015.22,5897533.45548945,1.60442096,1.24474901
2023-09-14 23:55:00,1.70954357,1.72188906,234350.333,5931406.92823,1.29806649,1.18450755
2023-09-15 23:55:00,1.51204819,1.78756884,233394.126,6082250.92356,0.32377294,1.18609765
2023-09-16 23:55:00,1.72881356,1.7817615,236616.242,6159120.77926,0.34393481,1.17668288
2023-09-17 23:55:00,1.57734807,1.64123258,226076.274,5755901.93604,0.73608476,1.1851649
2023-09-18 23:55:00,1.69958358,1.712774,233354.736,5917876.10496,1.89289217,1.15437329
2023-09-19 23:55:00,1.52804746,1.79328757,225028.54,5807887.80061723,1.58212873,1.1550443
2023-09-20 23:55:00,1.52620434,1.59792388,222203.396,5802474.28877895,0.32651708,1.16580986
2023-09-21 23:55:00,1.54579946,1.63974719,232760.994,6064610.18803724,0.97880124,1.17525289
2023-09-22 23:55:00,1.23068051,1.3115942,253867.516,6765097.26267943,0.75844723,1.13403482
2023-09-23 23:55:00,1.39911308,1.38653637,241820.991,6434856.57051,70.83302269,1.13042481
2023-09-24 23:55:00,1.65543792,1.50296912,225365.013,5827939.23618,1.7883538,1.14584936
2023-09-25 23:55:00,1.5226834,1.72177419,218211.561,5697621.08096057,16.0794847,1.14404889
2023-09-26 23:55:00,1.57892031,1.68489405,210386.516,5512126.7192,0.65855662,1.14597157
2023-09-27 23:55:00,1.71709448,1.84229651,206441.055,5373660.66165,6.33100177,1.12820327
2023-09-28 23:55:00,1.62271062,1.80142349,212899.215,5624797.2603,1.32109175,1.13606664
2023-09-29 23:55:00,1.51603206,1.75630252,216570.987,5779779.3575529,2.81327569,1.20043377
2023-09-30 23:55:00,1.42757982,1.85311143,211188.915,5682719.68919342,0.40157361,1.20850298
2023-10-01 23:55:00,1.31820225,1.74186704,215455.304,6043521.2772,0.32322901,1.23756848
2023-10-02 23:55:00,1.77435333,1.95501184,213112.155,5825745.20739426,2.35952191,1.24176767
2023-10-03 23:55:00,1.86366135,1.91301059,202675.634,5449947.79826,0.35015662,1.21066029
2023-10-04 23:55:00,1.41179337,1.78045113,192993.111,5226253.44588,0.05480937,1.20776516
2023-10-05 23:55:00,1.54306343,1.78332092,189656.289,5145434.40522938,0.26182919,1.20027392
2023-10-06 23:55:00,1.85782493,1.90508221,205187.431,5476452.53339,7.67214555,1.16312651
2023-10-07 23:55:00,1.70824053,1.88347296,200376.339,5404149.86283,7.43213341,1.1759361
2023-10-08 23:55:00,2.13979086,2.11161731,214639.629,5622526.61227682,0.44225675,1.17603457
2023-10-09 23:55:00,1.98435689,1.95522388,195886.743,5010439.69824287,0.8884903,1.24601299
2023-10-10 23:55:00,2.0909611,2.00690714,209874.326,5345499.08322,0.26580879,1.23566197
2023-10-11 23:55:00,1.94991559,2.02444795,209838.642,5269303.77706825,0.916207,1.23147293
2023-10-12 23:55:00,2.07961054,1.93067847,221893.135,5436381.8075,0.65749628,1.21301732
2023-10-13 23:55:00,1.74285714,2.04290172,219412.179,5471584.2957465,2.12036652,1.30156106
2023-10-14 23:55:00,2.07533414,2.25763832,227447.856,5668000.57152,0.11130803,1.29995781
2023-10-15 23:55:00,2.01603666,2.12628256,233744.64,5869327.9104,0.25975046,1.31441309
2023-10-16 23:55:00,1.59756098,2.14369256,223789.411,5729658.43008333,0.10321011,1.37840771
2023-10-17 23:55:00,2.28109137,2.3225241,240141.016,5904895.56322601,3.01369781,1.38112183
2023-10-18 23:55:00,1.93535469,1.91307692,236808.823,5858650.28102,10.1027336,1.3639451
2023-10-19 23:55:00,1.63323643,1.81254355,231314.345,5773606.0512,8.74477798,1.29664424
2023-10-20 23:55:00,1.8461945,1.96055684,229579.232,5789988.23104,2.73991887,1.34047879
2023-10-21 23:55:00,1.64319696,1.90341753,240163.192,6148177.7152,0.78158118,1.32863101
2023-10-22 23:55:00,1.6195,2.10032895,235244.524,6081070.9454,0.65791761,1.49178135
2023-10-23 23:55:00,1.74134897,2.06071119,235899.538,6419665.21932626,1.07962974,1.64719799
2023-10-24 23:55:00,1.68863362,2.03693694,225738.74,6204857.18151293,0.0884866,1.70107155
2023-10-25 23:55:00,1.93361497,2.01780944,236609.232,6478360.77216,1.73734438,1.51016814
2023-10-26 23:55:00,1.79378882,2.08014911,229714.973,6390670.54886,0.20894005,1.37845927
2023-10-27 23:55:00,1.69369369,1.92895204,229714.206,6280386.39204,0.73363463,1.35717937
2023-10-28 23:55:00,1.87583283,2.08679928,240528.261,6707153.48273356,0.22573732,1.24303589
2023-10-29 23:55:00,2.04384486,1.95294118,246356.785,6947261.337,5.13896436,1.42425417
2023-10-30 23:55:00,2.00399772,2.0334507,238988.695,6812480.62091238,1.17323326,1.4382316
2023-10-31 23:55:00,2.04133739,2.07252947,243800.463,6904429.11216,0.39695315,1.41206138
2023-11-01 23:55:00,1.54855109,2.23535062,252690.455,7221893.2039,0.75531165,1.4907951
2023-11-02 23:55:00,2.12443874,2.36381323,271242.209,7468055.76142991,0.55033225,1.46769404
2023-11-03 23:55:00,1.57059961,2.08141593,270181.027,7478610.82736,0.56072459,1.41087883
2023-11-04 23:55:00,1.60483871,2.11940299,263035.911,7409593.80109049,0.37670913,1.53264853
2023-11-05 23:55:00,1.73625304,2.29754322,281822.797,8086534.25856832,1.61303042,1.49002544
2023-11-06 23:55:00,1.68899083,2.10968295,299672.402,8933234.30362,0.5445576,1.45244425
2023-11-07 23:55:00,2.8594928,2.57455268,294852.658,8624174.53707872,1.18615699,1.54373692
2023-11-08 23:55:00,2.32077922,2.40831758,289654.418,8733080.7027,0.54729307,1.41785459
2023-11-09 23:55:00,2.07534247,2.17374517,265649.995,7846964.89537732,2.72997407,1.35797093
2023-11-10 23:55:00,1.9993311,2.41976621,264841.955,8048956.80240697,0.64001893,1.42265297
2023-11-11 23:55:00,1.99373933,2.30616114,286678.781,8712168.15459,3.229109,1.55240907
2023-11-12 23:55:00,1.90486976,2.12258065,291700.297,9133136.29907,1.80229371,1.45654708
2023-11-13 23:55:00,2.99429296,2.73503435,283978.585,8445523.1179,0.7307375,1.5244795
2023-11-14 23:55:00,2.75879718,2.70784314,281542.106,8282844.56748162,1.64840217,1.44846968
2023-11-15 23:55:00,1.86949153,2.09070796,289358.823,8789378.95600869,1.47775196,1.52300784
2023-11-16 23:55:00,2.90970516,2.76938175,283198.847,8394013.82508,2.42198449,1.44066453
2023-11-17 23:55:00,2.44013304,2.57710065,303618.48,8875842.24506248,2.20582185,1.39187789
2023-11-18 23:55:00,2.11396702,2.48609865,295489.306,8539045.72451646,0.36734144,1.40699046
2023-11-19 23:55:00,2.32649757,2.59678942,298271.948,8733594.59035214,0.55992833,1.41600845
2023-11-20 23:55:00,2.94675768,2.66634336,289489.715,8369147.66065,1.35061853,1.46201049
2023-11-21 23:55:00,3.36180905,2.79861111,268776.807,7244715.51852153,0.34822251,1.42920756
2023-11-22 23:55:00,2.20610278,2.3765653,253854.072,7227320.97289708,6.17964844,1.32465066
2023-11-23 23:55:00,2.38629652,2.24591574,256309.306,7387171.54041309,0.42039568,1.38290522
2023-11-24 23:55:00,2.31394692,2.17779633,248432.866,7356459.74257494,1.69186012,1.35142197
2023-11-25 23:55:00,1.99806108,2.1875,248478.241,7484164.61892,0.11615262,1.44158404
2023-11-26 23:55:00,2.83543464,2.56886792,251350.6,7445004.772,1.1893745,1.44731858
2023-11-27 23:55:00,3.04215305,2.75096525,258304.581,7444338.02442,0.58610145,1.37805223
2023-11-28 23:55:00,2.03458354,2.2995671,255998.312,7421391.06488,1.19634157,1.3710241
2023-11-29 23:55:00,2.80395795,2.48589627,262778.453,7638700.65394108,1.90845299,1.3643543
2023-11-30 23:55:00,2.92182802,2.43359719,270569.549,7987838.5783406,0.69198157,1.36847662
2023-12-01 23:55:00,2.80738946,2.54569892,271605.416,8086934.37600922,0.6250309,1.34752739
2023-12-02 23:55:00,1.57998289,1.92337764,278049.384,8744831.38426008,5.63169701,1.41205918
2023-12-03 23:55:00,2.5361727,2.3915009,293237.854,9043455.41736,0.49578895,1.44436802
2023-12-04 23:55:00,2.6084408,2.50542495,297802.406,9442967.31276467,1.70949524,1.43854514
2023-12-05 23:55:00,2.34101655,2.36088154,292427.018,9285086.57048833,0.38670907,1.49068124
2023-12-06 23:55:00,2.68173258,2.47451344,291141.633,9063239.03529,0.58834358,1.48951398
2023-12-07 23:55:00,2.32028054,2.55959032,302496.227,9698029.03762,1.11362678,1.3867701
2023-12-08 23:55:00,1.98073022,2.28109029,299392.352,10029643.792,1.08336611,1.60993196
2023-12-09 23:55:00,2.48755656,2.53789279,312355.731,10460793.43119,1.76540332,1.66710946
2023-12-10 23:55:00,2.45833333,2.784689,308060.423,10363152.62972,3.07657071,1.55620136
2023-12-11 23:55:00,2.74445983,2.91173416,278480.195,8445987.82717799,0.89865095,1.64708046
2023-12-12 23:55:00,2.75465839,2.87785501,292000.551,9069401.32796377,1.23515348,1.45918021
2023-12-14 23:55:00,2.86278317,2.92495127,323158.673,9891886.98053,0.65297893,1.54048391
2023-12-15 23:55:00,3.13508197,2.9472693,320903.55,9459978.87538732,1.25866299,1.57294482
2023-12-16 23:55:00,2.88549618,2.64464286,339640.326,10179020.57022,4.1457492,1.49163549
2023-12-17 23:55:00,3.01701571,2.89120151,374095.243,11144447.99323864,0.43186191,1.32574387
2023-12-18 23:55:00,2.86146907,2.65594281,358522.275,10360739.97040881,1.29417783,1.50551358
2023-12-19 23:55:00,3.46108568,2.81859206,392259.561,10930378.83360775,1.15382777,1.58407275
2023-12-20 23:55:00,3.073125,2.60335689,363512.026,10610916.03894,10.87434504,1.48881723
2023-12-21 23:55:00,2.9366933,2.7064632,384489.037,11545074.90272992,0.50939032,1.55659673
2023-12-22 23:55:00,2.70524515,2.57506361,392541.45,11925409.251,0.4978992,1.66221304
2023-12-23 23:55:00,2.8899696,2.86029412,405556.197,12331520.80743191,0.51679417,1.74325542
2023-12-24 23:55:00,3.66102842,3.32352941,406657.872,12289168.70486943,0.29611931,1.79359173
2023-12-25 23:55:00,2.95258359,2.90681004,399309.907,12495316.81366,1.00178851,1.65926382
2023-12-26 23:55:00,3.67216643,3.80957684,385418.114,11729043.75233023,1.50153614,1.80623421
2023-12-27 23:55:00,3.28434144,3.50672269,414502.562,13181181.4716,1.08964615,1.72767962
2023-12-28 23:55:00,4.24652087,4.62525458,413455.109,13215283.4771513,1.23694413,1.7709325
2023-12-29 23:55:00,5.8177624,4.83441558,523326.487,15040403.23638,1.68553097,1.37099174
2023-12-30 23:55:00,5.29606389,4.13863636,523359.559,15041353.72566,1.33098286,1.43674404
2023-12-31 23:55:00,5.34387097,4.65966754,472185.292,12697019.09388611,1.51518861,1.61330066
2024-01-01 23:55:00,4.37645752,3.94200627,459971.271,12787219.07029221,1.41497741,1.5928946
2024-01-02 23:55:00,4.37291898,3.98411438,445649.854,12322218.4631,1.39214517,1.74486373
2024-01-03 23:55:00,3.56100629,3.43418803,352835.688,8827563.75832298,0.70359696,1.88268535
2024-01-04 23:55:00,4.40097971,4.18111753,394380.128,9533721.39371227,1.82854345,1.83191933
2024-01-05 23:55:00,3.78073511,3.65532286,398463.31,9371857.0512,1.69459267,1.93919495
2024-01-06 23:55:00,3.82096354,3.64442493,405649.27,9345615.18484647,0.38172853,1.96249882
2024-01-07 23:55:00,4.45083758,4.26479438,402716.531,8826804.18114352,2.76127893,1.9303726
2024-01-08 23:55:00,3.90223642,3.61795775,486062.469,10333688.09094,0.87647051,1.84261464
2024-01-09 23:55:00,3.56584022,3.05312276,534121.55,10474123.5955,1.8469173,1.6984834
2024-01-10 23:55:00,3.23788546,2.9125278,461319.464,10245010.75086736,1.07725188,1.91582985
2024-01-11 23:55:00,2.75566502,2.61474845,398032.933,9704042.90654,1.3505037,1.81052885
2024-01-12 23:55:00,3.2265861,3.32491289,377661.43,8999671.8769,0.29301116,2.13599011
2024-01-13 23:55:00,3.5467581,3.62267493,370814.871,8675774.26764546,0.60218912,2.02626243
2024-01-14 23:55:00,3.86480978,3.95081967,369872.978,8400539.61194679,0.37755567,1.98186607
2024-01-15 23:55:00,3.29893868,3.10445344,372537.602,8814239.66332,0.74548188,1.84418857
2024-01-16 23:55:00,3.89745265,3.80733945,364863.107,8441169.9378492,1.68609882,1.71018647
2024-01-17 23:55:00,4.1616031,3.7963964,370364.176,8498034.10303547,0.86950663,1.63660317
2024-01-18 23:55:00,3.56865056,3.47527242,372565.621,8382726.4725,0.76123199,1.62694582
2024-01-19 23:55:00,3.54152047,3.62995951,361847.826,8525395.52810342,1.04023875,1.56740539
2024-01-20 23:55:00,3.20950888,3.44385833,375440.942,8854024.44101497,0.75119438,1.61698055
2024-01-21 23:55:00,3.70282747,3.96389589,362718.586,8480360.54068,0.88654723,1.65603264
2024-01-22 23:55:00,3.82403965,4.28465116,352379.81,7820561.01126638,0.21852846,1.63717439
2024-01-23 23:55:00,3.71571697,4.4119403,351649.145,7542206.75478823,1.42266295,1.51871632
2024-01-24 23:55:00,3.47512438,3.8229927,352852.836,7748648.27856,0.08914993,1.41058625
2024-01-25 23:55:00,2.61667443,3.29554339,352567.497,7897386.06972925,2.48032841,1.46850865
2024-01-26 23:55:00,3.29084784,3.23565891,360117.667,8178272.21757,2.64931462,1.47783112
2024-01-27 23:55:00,3.3574368,3.65361702,365357.838,8309999.28390111,1.85117225,1.52064703
2024-01-28 23:55:00,3.50960942,3.78431373,363791.14,8071285.67279102,0.82067097,1.50907227
2024-01-29 23:55:00,3.15,3.44453711,366624.925,8432373.275,4.71167485,1.53979853
2024-01-30 23:55:00,4.29888816,4.26911907,379477.194,8558891.35329679,1.83465109,1.53312353
2024-01-31 23:55:00,4.45259516,4.30028599,393118.131,8534438.16299386,0.60724977,1.47419216
2024-02-01 23:55:00,4.43197279,4.15348837,399397.654,8663735.36437546,3.33557731,1.41989764
2024-02-02 23:55:00,3.93610224,3.83691756,404886.332,8927743.6206,0.27862905,1.52472469
2024-02-03 23:55:00,3.61183432,3.59056445,396364.185,8749161.98827579,1.83339454,1.55375149
2024-02-04 23:55:00,4.54859611,4.4612286,401604.07,8604162.55436405,3.55771783,1.53354772
2024-02-05 23:55:00,4.47893258,4.24709302,400689.3,8561272.75353339,0.23953715,1.49890968
2024-02-06 23:55:00,3.97897898,4.00431034,542734.931,10456604.72447857,0.90626202,1.29181133
2024-02-07 23:55:00,2.83638863,2.84962406,496917.13,10378011.82555282,2.30037539,1.30543074
2024-02-08 23:55:00,3.28069196,3.18365759,474396.424,9896888.38333246,0.2067946,1.489715
2024-02-09 23:55:00,3.08352273,2.9112,459019.047,9689998.83163957,0.20825484,1.5820659
2024-02-10 23:55:00,3.24228029,3.12922297,481330.187,10049078.95108005,1.22376183,1.65338851
2024-02-11 23:55:00,3.46135266,3.61531365,487274.05,9904329.23149156,10.06943008,1.72052215
2024-02-12 23:55:00,2.98381877,2.73549359,514613.931,10880622.48279869,2.49685594,1.66880262
2024-02-13 23:55:00,3.44032663,3.37522936,542735.203,11326883.68661,2.84168056,2.02668696
2024-02-14 23:55:00,3.79156328,3.50045331,566485.876,12061868.12306761,1.59751722,1.83781794
2024-02-15 23:55:00,3.69187849,3.42543458,562931.96,12581529.306,2.77092669,1.97125295
2024-02-16 13:30:00,3.83662714,3.83350151,544904.341,12390276.88677775,0.77328754,1.92533195
2024-02-17 23:55:00,2.51190476,2.49213944,594844.122,14793773.31414,2.64682511,1.55059403
2024-02-18 23:55:00,2.65802113,2.75337331,514223.0,13184982.97305726,0.32024596,1.64313794
2024-02-19 23:55:00,2.52949438,2.59331881,514808.967,13827768.85362,2.64495677,1.77549034
2024-02-20 23:55:00,3.19828571,3.16246742,496317.208,12318593.10256,0.40099113,1.79111034
2024-02-21 23:55:00,3.57697368,3.39347409,478639.258,11753919.84331745,2.72601451,1.88929053
2024-02-22 23:55:00,2.73270588,2.48723404,530611.482,14207658.52324861,0.79655589,1.55804698
2024-02-23 23:55:00,2.92696629,2.8125,474689.789,12776374.10735655,0.70606392,1.66426813
2024-02-24 23:55:00,2.71799117,2.59259259,456894.246,12783901.00308,0.52915647,1.68171295
2024-02-25 23:55:00,2.92189349,3.01869991,441410.334,12240308.56182,0.13461271,1.74618061
2024-02-26 23:55:00,3.12463083,3.01835664,451172.271,12687361.98692378,0.84739052,1.64124893
2024-02-27 23:55:00,3.14650873,3.10526316,435933.899,12544886.46419794,1.83524801,1.84284748
2024-02-28 23:55:00,3.44081894,3.12121212,438950.122,12537792.73422279,0.83995445,1.91604734
2024-02-29 23:55:00,4.07988166,4.11308204,468900.822,13075526.96497189,0.45091917,2.02078564
2024-03-01 23:55:00,3.84176764,4.05986696,477136.363,14136370.2150393,1.42325395,2.18010116
2024-03-02 23:55:00,3.42811297,3.44658325,516933.501,17183878.73598999,1.97238801,2.12571596
2024-03-03 23:55:00,4.11799851,4.77339901,502519.605,15914795.89035,1.32428997,2.45916145
2024-03-04 23:55:00,3.78183119,4.19632606,482525.092,15818371.76432265,0.940587,2.517748
2024-03-05 23:55:00,4.0592718,4.61710526,436355.403,13227995.92053741,1.91287,2.808073
2024-03-06 23:55:00,3.65806452,4.00360144,422679.244,13901920.33516,0.181726,2.978306
2024-03-07 23:55:00,3.63054929,4.24087591,427547.762,14577945.59968299,1.791937,3.135833
2024-03-08 23:55:00,3.48801743,3.84204672,438482.612,15184652.85356,0.677963,2.796428
2024-03-09 23:55:00,4.90457097,5.17070064,458838.744,15724403.75688,1.085966,2.785781
2024-03-10 23:55:00,4.66429137,4.90617284,451502.199,15256259.30421,1.522203,2.78004
2024-03-11 23:55:00,3.93371758,3.8935236,487497.172,17022567.23607814,0.689399,2.438713
2024-03-12 23:55:00,4.31006006,4.71871275,461403.969,15781457.62720313,0.550216,2.957342
2024-03-13 23:55:00,4.78052434,5.12887828,479529.696,16735586.3904,0.765312,2.972139
2024-03-14 23:55:00,5.16486261,5.75961538,457131.929,15601912.73677,0.553193,3.038535
2024-03-15 23:55:00,4.93387755,5.3029525,438287.158,13812591.11162412,0.43014,2.860338
2024-03-16 23:55:00,4.19635036,4.14931651,458116.758,13335778.82538,1.358151,2.593649
2024-03-17 23:55:00,4.10574876,4.41137124,456677.137,13376073.34273,0.487712,2.463926
2024-03-18 23:55:00,4.25269203,4.25949367,461690.8,12738592.6374745,1.025817,2.465379
2024-03-19 23:55:00,4.16794479,4.29046563,455492.78,11414649.0668,1.277388,2.02697
2024-03-20 23:55:00,3.93373045,3.95600858,444380.804,12600648.26884396,0.486645,2.02649
2024-03-21 23:55:00,3.13750851,3.04343434,430471.568,12663622.83695203,1.707845,2.217948
2024-03-22 23:55:00,4.47446336,4.38606195,437505.388,12605808.95152783,1.644309,2.08689
2024-03-23 23:55:00,3.94922737,3.77753059,419523.631,12036132.97339,0.287548,2.182991
2024-03-24 23:55:00,3.87946429,3.84667418,425380.631,12680596.61011,0.612559,2.195011
2024-03-25 23:55:00,4.03435115,4.35671819,429806.446,13048923.70056,2.27686,2.241515
2024-03-26 23:55:00,4.02218822,4.55350554,426314.091,13498272.40924754,2.056613,2.236208
2024-03-27 23:55:00,4.07892777,4.38354577,419567.008,13022175.34800363,1.127025,2.298353
2024-03-28 23:55:00,4.19299611,4.37983587,423951.712,13072190.26509212,2.023838,2.18264
2024-03-29 23:55:00,4.29657795,4.56682028,447157.349,13746048.97852005,0.724517,2.152105
2024-03-30 23:55:00,4.39085546,4.51211454,458428.663,13808878.01139823,2.124856,2.180229
2024-03-31 23:55:00,4.54124904,4.43922018,467525.341,14259522.9005,0.202052,2.128681
2024-04-01 23:55:00,4.23197026,4.44077449,472324.973,13687302.18891712,0.509659,2.179001
2024-04-02 23:55:00,3.64556962,3.79414733,454109.811,12571863.46831656,0.277549,2.109212
2024-04-04 00:00:00,4.13498836,4.73670886,450162.404,12242803.66462064,0.664717,2.229145
2024-04-04 22:55:00,4.27145086,4.5806846,444326.212,12219183.04464211,0.402442,2.167748
2024-04-05 15:40:00,4.11136193,4.48742515,444089.595,12195667.56356956,0.266299,2.212091
2024-04-06 20:10:00,3.88205861,4.46144578,457909.967,12537574.89646,1.079106,2.065785
2024-04-07 06:15:00,4.09125189,4.80516129,461133.402,12768783.90138,0.667348,2.020586
2024-04-08 23:55:00,4.16558675,4.8075,477927.761,13643808.37345452,1.70872,1.958903
2024-04-09 22:10:00,4.13227894,4.96807152,465661.851,12976079.505034,0.812509,2.007292
2024-04-10 05:15:00,4.25762195,4.88010204,460490.705,12571396.2465,0.081825,2.056473
2024-04-11 23:45:00,4.20029347,4.54041013,462943.761,12295786.29216,1.012048,2.028147
2024-04-12 15:40:00,3.82377332,4.26051402,457035.12,12038845.12549025,2.169079,1.985624
2024-04-13 09:35:00,2.97671033,3.17396061,364986.35,8580829.0885,0.796717,2.098121
2024-04-14 00:35:00,2.78147847,3.12282878,287896.905,5818396.45005,1.338448,2.160833
2024-04-15 03:40:00,2.57704403,2.84478673,279046.383,6114885.31366939,0.846292,2.028278
2024-04-16 22:20:00,2.53213752,3.0964591,280297.066,5975933.44712,2.995841,2.450335
2024-04-17 03:45:00,2.54490566,3.10771114,276576.295,5861459.85251552,0.585475,2.372272
2024-04-18 06:20:00,2.79354839,3.22474747,264608.295,5496636.82656033,0.496854,2.198527
2024-04-19 03:00:00,2.74958949,3.29365079,271780.061,5698074.46361572,1.068254,1.977179
2024-04-20 23:15:00,2.73374613,3.29653402,266521.366,6188626.11852,1.469406,2.075263
2024-04-21 23:35:00,3.0,3.44783715,293404.409,6656068.56034726,1.203723,1.880621
2024-04-22 06:40:00,2.67391304,3.11723329,286016.328,6850506.31126597,0.960842,1.842589
2024-04-23 22:30:00,2.71832006,3.38376384,296755.918,7128077.15036,2.927161,1.699501
2024-04-24 10:40:00,2.72378886,3.39951279,301566.865,7282849.04785276,0.343159,1.626096
2024-04-25 00:45:00,2.89274448,3.68682796,284584.17,6553310.45928004,0.397043,1.670182
2024-04-26 21:05:00,2.73568282,3.57583548,278023.647,6411004.96607975,0.140843,1.764633
2024-04-27 23:55:00,2.75652842,3.59865772,288225.564,6689715.34044,1.106943,1.76362
2024-04-28 21:40:00,2.60895084,3.47568988,297276.933,6841296.92725479,3.282869,1.844505
2024-04-29 04:25:00,2.89853958,3.57235142,299695.858,6707193.30204,28.617382,1.803537
2024-04-30 23:30:00,2.60322108,3.1977887,301417.443,6433501.83479379,0.678632,1.682341
2024-05-01 23:55:00,2.28259386,2.7706422,292848.794,6504869.78133875,0.491168,1.917679
2024-05-02 23:55:00,2.36041667,3.06956522,298642.727,6791135.61198,0.555307,1.904323
2024-05-03 23:55:00,2.59985097,3.32847682,303953.708,6995811.66197004,2.238654,1.843329
2024-05-04 23:55:00,2.59527326,3.23969072,310440.714,7165369.05565155,1.261524,1.693711
2024-05-05 23:55:00,2.86876439,3.49660787,303077.739,6992548.14216564,4.731847,1.665099
2024-05-06 23:55:00,2.67191011,3.36604775,308155.547,7041354.24895,4.110191,1.528023
2024-05-07 23:55:00,2.7437223,3.29833547,303740.745,6810826.56430234,0.73484,1.646359
2024-05-08 23:55:00,1.89858233,2.64477933,282008.637,6617505.43415629,0.728099,1.740521
2024-05-09 23:55:00,2.70345295,2.96266044,293166.172,6874429.92044457,0.903867,1.745634
2024-05-10 23:55:00,2.61766889,3.42799462,296083.571,6765509.59735,0.331069,1.757166
2024-05-11 22:45:00,2.449415,3.2247765,298907.521,6743353.67376,0.456252,1.764131
2024-05-12 23:55:00,1.93112653,2.98830409,303159.771,6778652.47956,3.519006,1.81133
2024-05-13 23:55:00,2.50607577,3.15120712,305108.204,6765532.05489599,0.496844,1.874485
2024-05-14 23:55:00,1.83523316,3.10237203,310528.32,6811680.86471035,2.982575,2.06943
2024-05-15 23:55:00,1.63341772,2.47900114,315944.914,7336240.90308,0.516118,1.941888
2024-05-16 23:55:00,1.47716682,2.50287687,323893.874,7669806.93632,0.527135,1.927175
2024-05-17 23:55:00,2.52949062,2.79323308,322374.303,7601586.06474,0.926999,1.954611
2024-05-18 23:55:00,2.44162088,3.24966262,308179.125,7258676.97055363,2.054432,2.151982
2024-05-19 23:55:00,1.68297554,3.0078329,317402.534,7370900.24695388,0.15987,2.152618
2024-05-20 23:55:00,2.28218136,2.54491726,340531.265,8522747.4236529,0.773872,2.060833
2024-05-21 23:55:00,2.1187664,2.80837563,334215.797,8220362.97653164,1.749146,2.536175
2024-05-22 23:55:00,2.35842541,3.07723036,328368.468,8113143.43948497,0.179121,2.601748
2024-05-23 23:55:00,2.14755155,2.84777228,317802.788,8046684.68802548,1.269533,2.346199
2024-05-24 23:55:00,1.36088154,1.8244898,340634.067,9442002.12346667,0.744928,1.791577
2024-05-25 23:55:00,2.10662824,2.41658031,300687.694,8092147.82880108,0.366965,1.975335
2024-05-26 23:55:00,2.09854015,2.53142227,295345.638,7836615.63840906,0.366978,2.029755
2024-05-27 23:55:00,1.7739726,2.67599068,306975.351,8291404.23051,0.672575,2.102823
2024-05-28 23:55:00,2.16792453,2.58190149,304166.492,8112120.34164,1.712756,2.197492
2024-05-29 23:55:00,1.69512195,2.37685775,300545.998,8072224.33180408,4.113388,2.428226
2024-05-30 23:55:00,2.14303406,2.57636566,303253.79,8102941.2688,0.545506,2.634411
2024-05-31 23:55:00,2.09707602,2.52774869,304963.031,8227902.57638,0.580775,2.570379
2024-06-01 23:55:00,1.94269006,2.55555556,305350.855,8265847.64485,2.046523,2.585197
2024-06-02 23:55:00,2.19003115,2.70495495,312023.889,8234310.43071,1.155551,2.689683
2024-06-03 23:55:00,2.95602931,3.20023697,346669.553,8846892.88974333,0.784354,2.47671
2024-06-04 23:55:00,1.40569992,1.75515055,346451.089,9555041.49637899,1.450805,2.693602
2024-06-05 23:55:00,2.25371491,2.54621849,350650.657,9299255.42364,1.178965,2.576487
2024-06-06 23:55:00,2.43246671,2.90396158,335921.46,8992617.4842,0.901037,2.597686
2024-06-07 23:55:00,3.03946441,3.94043093,300746.255,7490328.32134606,0.505811,2.884446
2024-06-08 23:55:00,2.90151515,3.65065502,309207.283,7104001.23006678,3.195937,2.800417
2024-06-09 23:55:00,2.40039709,2.98110831,296379.766,7039409.63535333,0.847768,2.731018
2024-06-10 23:55:00,2.0490566,2.73039216,300670.433,7083795.40148,0.432537,2.766533
2024-06-11 23:55:00,2.07368421,2.72819216,293112.134,6674227.50032407,0.534294,2.862563
2024-06-12 23:55:00,1.77079593,2.23470523,298462.533,7044928.74247261,0.903506,2.809524
2024-06-13 23:55:00,1.7296691,2.70489691,313319.841,7133049.9462895,0.311681,2.529618
2024-06-14 23:55:00,1.80799112,2.41430193,328924.225,7479736.8765,2.44855,2.341174
2024-06-15 23:55:00,2.09735654,2.42057143,321590.701,7284029.37765,2.284702,2.398255
2024-06-16 23:55:00,2.16447368,2.49824561,333961.022,7632869.78276136,2.691942,2.182016
2024-06-17 23:55:00,1.93088942,2.6372549,313065.765,6793527.1005,0.686853,2.404155
2024-06-18 23:55:00,1.66034272,2.28927681,304332.404,6238814.282,1.643089,2.032339
2024-06-19 23:55:00,1.98908595,2.32317073,309289.869,6204354.77214,2.266274,1.966144
2024-06-20 23:55:00,2.14838256,2.40121951,308143.021,6165401.65700561,0.797543,2.018418
2024-06-21 23:55:00,2.184,2.49109415,305561.302,6130953.63377869,1.596428,2.010865
2024-06-22 23:55:00,2.17747684,2.47707559,292978.529,5853711.00942,0.150898,2.292455
2024-06-23 23:55:00,2.40148699,2.63510101,295656.058,5790270.55982864,2.034386,2.215292
2024-06-24 23:55:00,2.0733119,2.60173697,315180.812,6243731.88572,6.113137,2.181397
2024-06-25 23:55:00,2.23713491,2.58539604,315080.763,6345726.56682,0.571666,2.355643
2024-06-26 23:55:00,2.27176966,2.73677419,312622.264,6217416.86192337,0.290314,2.562589
2024-06-27 23:55:00,1.89633081,2.17419355,315237.802,6579199.59265208,4.418325,2.663576
2024-06-28 23:55:00,1.73294798,2.09375,320056.626,6610789.33832043,3.339344,2.482018
2024-06-29 23:55:00,1.90926396,2.27866972,322516.973,6524195.48237282,0.835913,2.72889
2024-06-30 23:55:00,1.83505155,1.979,310663.404,6502185.04572,0.585426,2.401885
2024-07-01 23:55:00,1.74898785,2.05846774,301799.981,6253237.57621965,3.44132,2.181885
2024-07-02 23:55:00,1.84816133,2.15489989,311150.644,6482669.32768606,2.9595,2.201895
2024-07-03 23:55:00,1.68390129,2.00209424,315808.159,6564848.68020766,1.132353,2.25405
2024-07-04 23:55:00,1.8611457,2.11264612,313066.669,5754510.38195057,1.564476,2.13812
2024-07-05 23:55:00,1.55952381,1.63789869,285913.336,5226495.78208,4.955468,2.048962
2024-07-06 23:55:00,1.86360373,2.25322997,259448.162,5139668.08922,1.558822,2.154368
2024-07-07 23:55:00,1.80393586,2.31275168,259868.399,4849344.59811906,3.183921,1.782806
2024-07-08 23:55:00,1.46247712,1.84257206,264424.048,5408517.90130718,0.666544,1.337555
2024-07-09 23:55:00,0.87316422,1.09593393,299759.892,6777571.15812,1.063621,1.164465
2024-07-10 23:55:00,0.86923865,1.05923125,331369.193,7750725.42427,0.581661,1.148349
2024-07-11 23:55:00,0.84166932,1.04942737,327965.258,7935001.28094442,0.621739,1.108847
2024-07-12 23:55:00,0.8416585,1.03593179,328497.883,7902473.25332195,2.297116,1.062749
2024-07-13 23:55:00,0.67451456,0.86038807,357133.644,9551569.87941993,0.661277,1.100051
2024-07-14 23:55:00,0.48690739,0.56448461,542962.994,15930534.24396,1.480744,1.020047
2024-07-15 23:55:00,0.40770056,0.48480428,504762.975,14229268.26525,2.260103,1.138168
2024-07-16 23:45:00,0.57414365,0.70926909,356460.593,10705180.20310126,1.91302,1.019973
2024-07-17 23:55:00,0.46582467,0.59345301,356514.545,11073341.7677,0.328636,1.082948
2024-07-18 23:55:00,0.35625094,0.40454995,380677.858,11713024.98936593,3.398071,1.137086
2024-07-19 23:55:00,0.61631779,0.75033083,319822.286,9434757.437,0.50218,1.150506
2024-07-20 23:55:00,0.57483828,0.70050336,330659.479,9791811.37782265,0.486578,1.182049
2024-07-21 23:55:00,0.48836769,0.58484745,333181.279,10671796.36637,3.888933,1.114152
2024-07-22 23:55:00,0.55509851,0.70079365,330504.891,10033385.83635478,1.215416,1.208451
2024-07-23 23:55:00,0.61116751,0.77809254,295669.564,8772515.96388,0.179217,1.216398
2024-07-24 23:55:00,0.59706775,0.70194482,288316.383,8684089.45596,1.834414,1.154539
2024-07-25 23:55:00,0.57740169,0.7212657,321469.153,9689080.27142,0.613711,1.140102
2024-07-26 23:55:00,0.32344172,0.35729387,376980.886,12236799.55956,1.189437,1.091652
2024-07-27 23:55:00,0.35873406,0.4062988,337386.416,10691775.52304,1.002929,1.125567
2024-07-28 21:45:00,0.32556643,0.36704947,350666.283,11303819.33875133,0.694943,0.99487
2024-07-29 17:50:00,0.35075494,0.39227593,341343.631,11156367.00919236,0.80374,0.862012
2024-07-30 23:55:00,0.445708,0.47374847,317799.51,10210898.2563,0.34999,0.888337
2024-07-31 23:55:00,0.29806726,0.3099982,361765.69,12114615.83504631,0.879931,0.851557
2024-08-01 23:55:00,0.42317202,0.43762049,318742.258,10337228.73386644,1.799601,0.91494
2024-08-02 23:55:00,0.35085589,0.38798632,413830.728,13507434.96192,1.504826,0.851979
2024-08-03 23:55:00,0.54988017,0.54184704,465952.152,14798640.34752,0.875269,0.810991
2024-08-04 23:55:00,0.75632754,0.76537014,382208.971,11760509.43079347,0.471945,0.810436
2024-08-05 23:55:00,0.71292962,0.78348824,302084.746,9068584.07492,0.880364,1.025252
2024-08-06 23:55:00,0.75954693,0.81541689,370279.311,11777374.84344679,0.671146,1.113772
2024-08-07 23:55:00,0.68234594,0.75287069,391268.087,12702038.99627923,0.940767,1.237004
2024-08-08 23:55:00,0.48015489,0.5144357,435238.678,15586369.70226999,1.302192,1.32102
2024-08-09 23:55:00,0.38199041,0.43195876,569483.047,23200739.33478,1.382712,1.004641
2024-08-10 23:55:00,0.35035784,0.3843985,545032.495,22478021.66205936,1.63281,1.097124
2024-08-11 23:55:00,0.3222943,0.38232932,502075.661,20605185.12744,0.795366,1.015136
2024-08-12 23:55:00,0.24954463,0.2721622,558375.723,24233448.06702325,0.640016,0.89307
2024-08-13 20:20:00,0.26330215,0.28612805,532878.058,22268974.04382,1.962823,0.88806
2024-08-14 23:55:00,0.26538988,0.26228842,577072.129,24335131.67993,0.573801,0.95058
2024-08-15 23:45:00,0.31673882,0.30682002,539906.071,23059388.29241,0.652062,1.018869
2024-08-16 23:55:00,0.28516303,0.28420408,541199.726,22908984.40158,3.602903,1.030709
2024-08-17 23:55:00,0.2648303,0.30845094,521738.045,22753363.72777223,1.524353,1.027488
2024-08-18 23:55:00,0.28746177,0.32831436,513154.011,21932202.43014,0.965651,1.054711
2024-08-19 23:55:00,0.31868497,0.3420653,486015.745,20364472.85318404,0.698025,1.036882
2024-08-20 23:55:00,0.33816605,0.35350448,471523.685,19587222.02560711,3.221614,1.112518
2024-08-21 23:55:00,0.36845683,0.38811189,469569.095,19477726.0606,1.575144,1.194679
2024-08-22 23:55:00,0.36002738,0.37477798,446531.786,18486415.9404,1.900551,1.254109
2024-08-23 23:55:00,0.48048693,0.46382035,435814.308,18478526.6592,0.929607,1.327007
2024-08-24 23:55:00,0.50103209,0.55670751,403940.386,17363476.30006782,0.736956,1.4703
2024-08-25 23:55:00,0.55020235,0.57142857,415058.209,16512076.23112252,3.1592,1.40772
2024-08-26 23:55:00,0.66335915,0.68275076,384029.708,14096871.92865588,1.286705,1.639426
2024-08-27 23:55:00,0.87377722,0.93620332,345155.166,12237324.90812144,0.499156,1.625816
2024-08-28 23:55:00,1.08974814,1.10544413,342558.948,11472299.16852,1.036509,1.685009
2024-08-29 23:55:00,1.13824192,1.12671847,344225.205,11435798.52603049,0.572484,1.829619
2024-08-30 23:55:00,1.26697209,1.23887435,338457.929,11165727.07771,0.218772,1.866922
2024-08-31 23:55:00,1.2267958,1.29632107,343765.006,11058920.24302,0.703755,1.92859
2024-09-01 19:40:00,1.27897177,1.32672591,360860.703,11110901.04537,0.890914,1.940047
2024-09-02 23:55:00,1.81245254,1.64402516,408451.653,12045239.24697,0.568331,1.725601
2024-09-03 23:55:00,1.85469353,1.68403016,359533.863,10329407.88399,0.639714,1.981785
2024-09-04 23:55:00,1.65906977,1.63670982,338346.22,10004582.03822635,0.76535,1.981832
2024-09-05 23:55:00,1.71359691,1.74424146,331225.486,9562479.78082,1.201037,2.063158
2024-09-06 23:55:00,1.73184358,1.77505568,377986.804,10190524.23584,0.319727,2.011034
2024-09-07 23:55:00,1.71903461,1.77329193,356621.479,9885547.39788,0.704553,1.877561
2024-09-08 23:55:00,1.85564555,1.84899598,345393.17,9567396.54252662,0.588569,1.957628
2024-09-09 23:55:00,1.64282353,1.67762128,326617.121,9582946.33014,1.66693,1.773491
2024-09-10 23:55:00,1.18732673,1.36546463,308064.478,9482224.63284,0.250011,1.760826
2024-09-11 23:55:00,1.51454363,1.65163934,294798.044,8732880.41970272,0.982995,1.770363
2024-09-12 23:55:00,1.54322251,1.59256265,289677.09,8504919.3624,1.312588,1.813275
2024-09-13 23:40:00,1.45095168,1.49728892,280122.283,8539687.38852207,0.87721,1.941838
2024-09-14 01:30:00,1.46686303,1.50506625,280262.643,8539952.81108,0.570088,1.935393
2024-09-15 23:55:00,1.43860536,1.57701711,277049.939,8091062.29168739,1.504404,1.802068
2024-09-16 23:55:00,1.40686986,1.46450617,280214.86,8152187.96263399,0.092355,1.642529
2024-09-17 23:55:00,1.36450478,1.43277645,279618.514,8334018.82355859,0.983088,1.675512
2024-09-18 23:55:00,1.35340573,1.48986212,275712.143,8439548.69723,4.102065,1.788401
2024-09-19 23:55:00,1.34315169,1.53833605,277203.041,8755599.81716423,0.251158,2.049099
2024-09-20 23:55:00,1.40802846,1.5470297,291485.052,9111822.72552,0.966881,2.096147
2024-09-21 23:55:00,1.43581781,1.62733447,284404.29,8902954.0200407,3.400127,2.132179
2024-09-22 23:55:00,1.41623844,1.55453789,278807.053,8412733.9511173,11.532632,2.129998
2024-09-23 23:55:00,1.73672566,1.83333333,260099.019,7697367.29651659,2.225237,1.935612
2024-09-24 23:55:00,1.94031597,2.05415861,264716.31,7764836.24161543,1.012457,1.87728
2024-09-25 23:55:00,2.12028725,2.26686508,255019.372,7227819.72563376,0.912475,2.006618
2024-09-26 23:55:00,1.72934473,2.01371205,271571.262,8205626.46414104,1.120221,1.967331
2024-09-27 23:55:00,1.92581776,2.18644068,273282.952,8309482.28611484,0.620613,2.03855
2024-09-28 23:55:00,1.82428488,2.05614714,262654.772,7746872.89839585,0.728034,2.066519
2024-09-29 23:55:00,1.74595469,1.98545455,272489.235,7923986.9538,1.08573,1.972279
2024-09-30 23:55:00,1.65002684,1.8399654,283260.291,7859908.90006321,0.708518,1.879499
2024-10-01 23:55:00,1.1459712,1.14559819,275390.431,7330893.27322,0.285725,1.811102
2024-10-02 23:55:00,1.29226737,1.27556644,262223.066,6787054.11133388,1.161454,1.645855
2024-10-03 23:55:00,1.83322845,2.04924623,254456.776,6516702.38802322,0.334007,1.574694
2024-10-04 23:55:00,1.24159664,1.26142596,245525.746,6575179.47788,0.703649,1.60818
2024-10-05 23:55:00,1.20024773,1.16627907,238990.532,6536411.80174789,1.781175,1.398676
2024-10-06 23:55:00,0.77392739,0.74574931,232767.054,6815419.34112,0.817772,1.356149
2024-10-07 23:55:00,0.88289676,0.8566356,228703.107,6620954.94765,2.62065,1.397675
2024-10-08 23:55:00,1.0831793,1.0067253,225434.304,6534050.66411572,0.306229,1.190661
2024-10-09 23:55:00,1.03591549,0.96172962,233097.833,6771165.48790988,0.688259,1.161335
2024-10-10 23:55:00,0.66015625,0.64687303,321222.46,10848150.87436672,1.073706,0.924399
2024-10-11 23:55:00,0.46355721,0.51104664,390201.877,14161227.43490461,2.33276,0.916514
2024-10-12 23:55:00,0.58525346,0.61652095,349593.551,12071465.31603,2.571123,1.143045
2024-10-13 23:55:00,0.6299915,0.63922356,309288.51,10945720.3689,0.631028,1.123662
2024-10-14 23:55:00,0.64480624,0.66500178,308504.084,11163947.40515574,4.081214,1.089589
2024-10-15 23:55:00,0.71406003,0.84848485,273125.612,10223091.65716,3.834123,1.224672
2024-10-16 23:55:00,0.61940468,0.63266042,304563.626,11250580.34444,0.996387,1.179994
2024-10-17 23:55:00,0.65176414,0.65571322,271846.817,9819145.81442538,1.134289,1.25153
2024-10-18 23:55:00,0.67710903,0.64108187,257226.201,9216414.78183,1.030175,1.213605
2024-10-19 23:55:00,0.6304453,0.6274653,259531.257,9620000.87130687,1.045246,1.256331
2024-10-20 23:55:00,0.65600825,0.66226195,255415.309,9429829.42026919,0.713514,1.301421
2024-10-21 23:55:00,0.67233617,0.6392261,282458.03,10570464.67217106,1.12464,1.361412
2024-10-22 23:55:00,0.67444272,0.64186047,272198.739,10331309.75317436,1.353533,1.413152
2024-10-23 23:55:00,0.64524606,0.64212911,297621.244,11272703.44608625,1.414352,1.440875
2024-10-24 23:55:00,0.69960265,0.66256451,272304.192,10124147.86628198,3.497437,1.463209
2024-10-25 23:55:00,0.70224555,0.69190372,257229.245,9255288.15666771,0.730797,1.496497
2024-10-26 23:55:00,0.71923903,0.72045455,257358.443,8894307.79008,0.996483,1.448209
2024-10-27 23:55:00,0.6585435,0.71165644,271673.009,10424093.35533,1.067008,1.479221
2024-10-28 23:55:00,0.45243716,0.48885473,352925.617,13527638.89961,0.631172,1.336866
2024-10-29 23:55:00,0.59050179,0.61136443,270868.263,10423010.76024,0.729555,1.307467
2024-10-30 23:55:00,0.62120158,0.65476629,239169.217,9193821.59170297,0.943548,1.288438
2024-10-31 23:55:00,0.65057529,0.70697299,217287.395,7997193.94492416,2.344771,1.456135
2024-11-01 23:55:00,0.65122011,0.65788469,215083.823,8141715.45865565,0.824167,1.295511
2024-11-02 23:55:00,0.68721109,0.68752491,211639.125,7799462.88564407,0.700757,1.290566
2024-11-03 23:55:00,0.73271354,0.82617484,206187.352,7666045.74736,1.405043,1.325222
2024-11-04 23:55:00,0.60009613,0.69897523,231422.971,8538329.08527789,0.578374,1.298646
2024-11-05 23:55:00,0.71332617,0.78281398,234187.998,8943639.64362,0.432309,1.265309
2024-11-06 23:55:00,0.52060491,0.51370851,224326.154,9693133.11434,1.765612,0.881573
2024-11-07 23:55:00,0.52336616,0.53872244,229180.508,10094971.64332125,0.490842,0.903327
2024-11-08 23:55:00,0.4540619,0.4911117,252530.66,11651764.6524,7.874347,0.954739
2024-11-09 23:55:00,0.53262753,0.59493671,235142.394,10837380.23648673,0.547901,0.998492
2024-11-10 23:55:00,0.65296389,0.7623177,230804.915,10515471.9274,0.879142,1.074565
2024-11-11 23:55:00,0.77800776,0.80025718,237572.994,10776311.00784,1.463212,1.116117
2024-11-12 23:55:00,0.96450724,1.203657,258085.323,10837600.1441608,0.702351,1.280034
2024-11-13 23:55:00,1.3319398,1.6034354,273816.557,10586366.94915864,0.641539,1.372602
2024-11-14 23:55:00,1.38199627,1.63922518,270758.458,9966915.58754238,0.334511,1.383316
2024-11-15 23:55:00,1.45330189,1.63629032,253994.902,9786423.57406,1.331274,1.364206
2024-11-16 23:55:00,1.16461604,1.37639198,255767.345,11506972.85155,0.947363,1.367449
2024-11-17 23:55:00,1.12568536,1.32097004,259029.266,11537163.50764,1.596653,1.367763
2024-11-18 23:55:00,1.30505495,1.47475509,254413.122,11425654.41434191,0.454252,1.545337
2024-11-19 23:55:00,1.4578772,1.75838926,262470.501,11224240.23381416,3.063581,1.521385
2024-11-20 23:55:00,1.23443223,1.47622759,247654.656,10269606.62659846,0.397082,1.551649
2024-11-21 23:55:00,1.2337943,1.33170049,270057.386,12263305.89826,0.18288,1.543102
2024-11-22 23:55:00,1.2756108,1.43911175,285582.391,13095467.10503936,0.674329,1.766431
2024-11-23 23:55:00,1.45842403,1.609375,302756.968,14795733.02616,0.54352,1.788869
2024-11-24 23:55:00,1.26928281,1.55332303,288042.721,15162568.83344,1.487809,1.786699
2024-11-25 23:55:00,1.75583658,2.11944202,302361.88,14474063.1956,1.330216,1.753084
2024-11-26 23:55:00,1.32653928,1.68816388,313834.98,16098124.59156475,0.615213,1.685991
2024-11-27 23:55:00,0.85067582,1.02080832,338697.779,19145639.07785779,0.973748,1.643082
2024-11-28 23:55:00,0.96975375,1.1761658,308905.832,17235386.04733666,1.434656,1.708853
2024-11-29 23:55:00,1.25093633,1.56915545,300145.566,16368562.50697971,0.892168,1.875016
2024-11-30 23:55:00,1.38184932,1.6941896,303541.084,18007767.99095209,1.121786,1.992039
2024-12-01 23:55:00,1.39464883,1.65777489,320650.883,19279701.07477816,2.04161,1.993244
2024-12-02 23:55:00,1.24097117,1.47099521,334453.382,24989917.51223689,1.016463,1.863402
2024-12-03 23:55:00,1.53129657,1.85714286,327490.667,23995911.29559244,1.144919,2.202977
2024-12-04 23:55:00,1.96550308,2.23098996,337419.489,23509961.4741262,1.566644,2.254798
2024-12-05 23:55:00,2.00679406,2.39655172,350222.463,24792137.92324977,0.66319,2.318448
2024-12-06 23:55:00,2.1127193,2.47158218,337142.5,23728089.15,0.892507,2.497894
2024-12-07 23:55:00,2.02005975,2.49160305,340487.818,23963532.63084,3.926995,2.689288
2024-12-08 23:55:00,1.75778932,2.22024624,369864.935,27503156.5666,0.814721,2.527704
2024-12-09 23:55:00,1.66064982,2.23757372,323609.051,18968100.6752368,0.804797,2.561814
2024-12-10 23:55:00,1.63282337,2.03368083,288305.644,16934695.91447666,1.326991,2.814707
2024-12-11 23:55:00,1.5018315,1.83333333,282075.466,17968804.67363133,0.83793,2.496769
2024-12-12 23:55:00,2.04385129,2.42212766,308868.069,18356029.34067,0.49366,2.28104
2024-12-13 23:55:00,1.99452804,2.31865492,308264.702,18505423.99145336,1.581043,2.340651
2024-12-14 23:55:00,1.78138528,2.212749,293828.247,17147816.49492,1.33766,2.523149
2024-12-15 23:55:00,1.6808606,2.12419355,292640.232,17282941.37160864,0.648685,2.572898
2024-12-16 23:55:00,1.8545632,2.46202532,302818.651,17091720.54526886,1.059182,2.637219
2024-12-17 23:55:00,1.79338843,2.2793345,297839.531,16454436.35288164,1.890948,2.810917
2024-12-18 23:55:00,1.78769231,2.36095238,296095.17,15002685.87168782,0.704628,2.887839
2024-12-19 23:55:00,1.59340659,1.9438914,244227.989,11793769.58881,0.206082,2.396157
2024-12-20 23:55:00,1.49099526,1.7247557,278670.37,15154094.7206,0.362419,1.646914
2024-12-21 23:55:00,1.5656849,1.7992,269577.354,14449346.1744,0.831526,1.427309
2024-12-22 23:55:00,1.40280732,1.43972603,246916.377,14395224.7791,1.133095,1.245879
2024-12-23 23:55:00,1.29792,1.20979381,257581.653,16948176.93117095,1.98676,1.169052
2024-12-24 23:55:00,1.29530201,1.31642512,289255.85,20041757.70322464,1.805962,1.45608
2024-12-25 23:55:00,1.19399666,1.25644632,321135.279,23597020.30092,1.204526,1.525337
2024-12-26 23:55:00,1.61618887,1.77156454,331315.164,22840747.70861755,0.615954,1.718738
2024-12-27 23:55:00,1.66339411,1.86357947,322218.544,20017611.57845963,0.371153,1.846247
2024-12-28 23:55:00,1.7384844,1.86939571,303588.338,19041060.55936,6.273784,1.916058
2024-12-29 23:55:00,1.5835206,1.84179301,313582.817,19012526.19471,4.766471,1.990167
2024-12-30 23:55:00,1.60718294,1.83104126,327480.157,19088818.35153,2.231244,2.04257
2024-12-31 23:55:00,1.6917534,1.85635359,326559.66,18375580.21793545,4.451565,2.053748
2025-01-01 23:55:00,1.57375099,1.76122449,322629.461,18786797.92357588,2.628487,2.089214
2025-01-02 23:55:00,1.71986418,2.07404521,306098.762,18213293.19959903,4.796664,2.869447
2025-01-03 23:55:00,1.96995516,2.5029191,319580.399,19470317.13928544,0.156896,2.416145
2025-01-04 23:55:00,2.03049327,2.68181818,319198.898,18897615.5479108,0.715869,2.804402
2025-01-05 23:55:00,1.93353217,2.32364193,326720.249,19113058.96670158,0.66943,2.443578
2025-01-06 23:55:00,1.76652174,2.24741448,313444.604,18931193.70437203,3.624169,2.447105
2025-01-07 23:55:00,1.73544304,2.22127329,315058.707,16461637.06018848,1.134186,2.271289
2025-01-08 23:55:00,1.7214735,2.1385979,295048.318,14814376.04678,0.880195,2.345513
2025-01-09 23:55:00,1.80464037,2.33534483,289541.23,13599751.5731,2.513542,2.414982
2025-01-10 23:55:00,1.86316776,2.32847341,270392.02,13043711.0448,3.745631,2.460454
2025-01-11 23:55:00,1.87262079,2.41032609,258618.391,12550750.51523,3.272971,2.523337
2025-01-12 23:55:00,1.91169216,2.43248175,259665.576,12461015.51470243,1.21461,2.355973
2025-01-13 23:55:00,1.86552073,2.44498539,254889.982,12336675.1288,1.151338,2.480638
2025-01-14 23:55:00,1.84926657,2.36641221,247696.88,12654833.5992,0.803218,2.410804
2025-01-15 23:55:00,1.73802542,2.22859745,227783.753,12596441.5409,0.347304,2.331661
2025-01-16 23:55:00,1.76421492,2.36573146,231853.647,12531689.62035,1.498533,2.552664
2025-01-17 23:55:00,1.85412148,2.43958333,238734.051,13089788.01633,0.882245,2.297457
2025-01-18 23:55:00,1.89392265,2.56568947,229872.311,11947089.96336264,0.282987,2.581048
2025-01-19 23:55:00,1.84419263,2.5462754,238363.738,11184674.78854184,1.108465,2.670781
2025-01-20 23:55:00,1.80590962,2.55581669,235660.377,11210364.13389,1.139148,2.959963
2025-01-21 23:55:00,1.84855628,2.72838002,236359.138,11601264.99314976,1.816475,2.72606
2025-01-22 23:55:00,1.84105203,2.66628308,247122.916,11976268.55731642,0.595912,2.668504
2025-01-23 23:55:00,1.83578576,2.64423077,249468.006,12124923.20725752,0.551404,2.623634
2025-01-24 23:55:00,1.98300117,2.85194175,240502.27,11117407.70893096,2.35112,2.662973
2025-01-25 23:55:00,1.78316985,2.38080169,241111.769,11187586.0816,1.103457,2.545829
2025-01-26 23:55:00,1.86644407,2.67995311,239279.093,10715096.77247994,1.071388,2.564537
2025-01-27 23:55:00,2.00249377,2.83887468,225749.382,9740063.28115679,4.625945,2.548122
2025-01-28 23:55:00,1.81961259,2.49172577,219352.65,9147610.70554193,0.676192,2.406665
2025-01-29 23:55:00,1.87375622,2.52984166,218862.186,9273190.82082,2.17049,2.388305
2025-01-30 23:55:00,1.96232242,2.73551637,217847.911,9566809.49596025,0.262307,2.379122
2025-01-31 23:55:00,2.18033898,3.08055556,221715.878,9582560.24716,4.931371,2.408542
2025-02-01 23:55:00,1.94886364,2.95582329,226615.449,8877474.45335915,0.36836,2.517421
2025-02-02 23:55:00,1.79731458,2.70861833,211763.857,7027293.57584703,2.010501,2.530929
2025-02-03 23:55:00,1.59302326,2.10497238,156153.475,5534997.16622571,0.410063,1.568325
2025-02-04 23:55:00,1.53923686,2.23529412,149510.091,4801837.4360713,0.305557,1.680407
2025-02-05 23:55:00,1.59820762,2.21652422,152606.451,4901719.20612,3.804789,1.620956
2025-02-06 23:55:00,1.53173484,2.13360324,160758.243,4797025.97112,1.153796,1.734778
2025-02-07 23:55:00,1.56897784,2.1352075,167917.129,5052626.41161,1.204383,1.99292
2025-02-08 23:55:00,1.61988304,2.25742574,166162.414,5290191.9043828,0.579552,1.843602
2025-02-09 23:55:00,1.63492063,2.39708029,155539.549,5038937.76132229,0.51464,1.867177
2025-02-10 23:55:00,1.75,2.49619482,148789.595,4834802.45558141,4.980154,1.818013
2025-02-11 23:55:00,1.60178306,2.15546218,151401.65,5003717.5051596,1.144182,1.625505
2025-02-12 23:55:00,1.77320359,2.37911302,153578.027,5012786.80128,5.758026,1.753889
2025-02-13 23:55:00,1.69269341,2.28687415,157435.249,5107199.47756,0.925138,1.823652
2025-02-14 23:55:00,1.70989011,2.40974212,154224.373,5092840.77040855,0.907577,1.830299
2025-02-15 23:55:00,1.89404486,2.6885759,151552.738,4872491.8307477,5.688054,1.785071
2025-02-16 23:55:00,1.38631466,1.87621098,168217.783,5738234.12664108,0.513294,1.37912
2025-02-17 23:55:00,1.17916845,1.40789474,185823.208,6767019.44087056,0.950885,1.24234
2025-02-18 23:55:00,1.50092994,1.77553311,162189.863,5486883.06529,3.198219,1.388315
2025-02-19 23:55:00,1.34908884,1.60824742,164689.129,5946117.89800274,1.433746,1.278157
2025-02-20 23:55:00,1.49628253,1.88059701,168621.783,6168184.82214,0.695508,1.316624
2025-02-21 23:55:00,1.54005168,1.90492958,156059.099,5483916.73886,0.249468,1.458043
2025-02-22 23:55:00,1.68598383,2.14321608,157219.669,5639290.94120798,4.064035,1.575945
2025-02-23 23:55:00,1.71117166,2.12136536,158160.226,5671625.70436,2.184287,1.603301
2025-02-24 23:55:00,1.63579387,2.0926893,156655.644,5169191.48939456,0.258054,1.6457
2025-02-25 23:55:00,1.61151079,2.02099738,149003.241,4993098.60591,1.455606,1.522756
2025-02-26 23:55:00,1.54360656,1.73565804,145968.513,5263556.79830099,2.223813,1.339502
2025-02-27 23:55:00,1.57509881,1.87066975,148831.147,5453057.53665281,0.635351,1.307558
2025-02-28 23:55:00,1.5959596,1.91037736,155997.045,5857699.56175069,1.293879,1.389125
2025-03-01 23:55:00,1.53929712,1.88558352,153358.325,5788538.32234421,0.689491,1.29102
2025-03-02 23:55:00,1.16175804,1.25129726,158549.255,6541742.2613,1.441932,1.195161
2025-03-03 23:55:00,1.53233492,1.94409938,154165.948,5596372.56229038,0.582068,1.35209
2025-03-04 23:55:00,1.58128079,1.89205955,155058.11,5431685.5933,1.020716,1.465826
2025-03-05 23:55:00,1.5307377,1.8381295,146296.881,5323318.49105804,2.124407,1.547309
2025-03-06 23:55:00,1.63072776,1.97584541,148210.653,5048054.84118,1.498572,1.550023
2025-03-07 23:55:00,1.7266289,2.0436409,146138.435,4815261.43325,1.05106,1.492231
2025-03-08 23:55:00,1.78413152,2.1437659,141953.383,4622002.15048,0.515068,1.511193
2025-03-09 23:55:00,1.76669112,2.10911425,140126.336,4177166.07616,0.630391,1.554112
2025-03-10 23:55:00,1.82867925,2.0608365,133977.742,3905451.1793,1.709756,1.349743
2025-03-11 23:55:00,1.73893805,2.11609499,134807.761,4081979.00308,2.415711,1.43995
2025-03-12 23:55:00,1.77610873,2.16258065,143874.596,4349329.03708,0.058786,1.553065
2025-03-13 23:55:00,1.59896841,2.01430274,143212.94,4431270.47765131,0.250589,1.46828
2025-03-14 23:55:00,1.58669355,1.92548077,141299.203,4558312.28878,0.628858,1.383986
2025-03-15 23:55:00,1.59500693,1.91584158,138104.625,4455255.2025,1.091558,1.408938
2025-03-16 23:55:00,1.49494949,1.72021858,138121.117,4522085.37058,1.516451,1.353507
2025-03-17 23:55:00,1.37979306,1.55870445,130956.462,4480750.55169743,1.18532,1.317015
2025-03-18 23:55:00,1.48913759,1.70309051,132737.671,4396271.66352,0.140636,1.300595
2025-03-19 23:55:00,1.59151009,1.82476636,133281.372,4566922.09492378,0.285487,1.338916
2025-03-20 23:55:00,1.62474084,1.90414201,127480.202,4320981.65149611,0.837228,1.340656
2025-03-21 23:55:00,1.64203822,1.9964539,145162.254,4480667.47787971,4.163092,1.602251
2025-03-22 23:55:00,2.24650233,2.90424242,147431.62,4577818.33394147,0.089504,1.570701
2025-03-23 23:55:00,1.80426099,2.28304239,136051.81,4215499.0511292,2.739831,1.557109
2025-03-24 23:55:00,1.66129032,2.0747549,133778.992,4331394.32492243,0.660743,1.425591
2025-03-25 23:55:00,0.97220292,1.17078052,147874.182,5393209.11493637,1.868336,1.309938
2025-03-26 23:55:00,1.05882353,1.1997264,146425.959,5704755.36264,1.43262,1.221184
2025-03-27 23:55:00,1.10343384,1.36777178,139330.298,5179353.57003525,0.140713,1.201372
2025-03-28 23:55:00,1.39257593,1.72250771,124516.416,4593968.26787365,1.240125,1.330146
2025-03-29 23:55:00,1.38592509,1.62410623,123427.046,4472996.14704,5.685054,1.353261
2025-03-30 23:55:00,1.39779965,1.51070039,119715.889,4484557.20194,0.140004,1.172456
2025-03-31 23:55:00,1.46656687,1.50332779,118881.134,4676783.81156,2.106129,1.163263
2025-04-01 23:55:00,1.07291225,1.128331,118391.564,4816486.50715543,4.652743,1.086733
2025-04-02 23:55:00,1.18453255,1.24632953,130872.417,5090937.0213,2.237592,1.126194
2025-04-03 23:55:00,1.28696548,1.32934132,131973.915,5137744.51095,0.405398,1.25214
2025-04-04 23:55:00,1.21361059,1.31904762,151345.771,5975224.17424056,9.776059,1.324332
2025-04-05 23:55:00,1.35312831,1.50365631,172055.938,6467582.70942,0.617181,1.206837
2025-04-06 23:55:00,1.34031133,1.4725777,188393.495,6781774.05572715,2.365982,1.046427
2025-04-07 23:55:00,1.19374416,1.30628481,235693.11,8121070.20153669,0.926396,1.010513
2025-04-08 23:55:00,0.63647059,0.63449024,330625.526,11955419.02016,0.94191,0.926041
2025-04-09 23:55:00,0.76876972,0.80297767,276812.474,10206075.91638,0.539389,1.253151
2025-04-10 23:55:00,0.9611371,1.13128141,298429.304,11156281.76488239,0.993829,1.361164
2025-04-11 23:55:00,0.65743848,0.67436885,294996.193,10820460.35924,1.139854,0.867913
2025-04-12 23:55:00,0.72460144,0.71487794,282204.615,10486723.4934,0.945785,0.885601
2025-04-13 23:55:00,0.95591985,1.02242668,256121.355,8945450.41495155,0.543621,0.953152
2025-04-14 23:55:00,1.03237675,1.04046243,207245.566,6463989.20354,0.867984,1.145864
2025-04-15 23:55:00,1.01780978,0.99424626,174343.087,5368178.65891208,1.662645,1.058274
2025-04-16 23:55:00,1.01714939,0.9765312,170541.967,5300176.81711431,1.138594,1.057301
2025-04-17 23:55:00,0.97482414,0.97519729,163640.859,5027527.41549046,2.273088,1.109936
2025-04-18 23:55:00,0.97563761,1.01893491,165916.917,5118656.36290359,0.314463,1.173151
2025-04-19 23:55:00,1.02423993,1.08280255,165331.573,5235742.96370887,1.100992,1.187714
2025-04-20 23:55:00,1.09957265,1.18631436,169698.967,5253111.38212188,1.679703,1.21382
2025-04-21 23:55:00,0.96015762,1.02464789,166447.647,5189837.63346,0.891891,1.266977
2025-04-22 23:55:00,0.98884758,1.0777439,164712.058,5434978.47970101,0.780743,1.276873
2025-04-23 23:55:00,0.9970902,1.07869634,162773.112,5572819.94787352,0.070471,1.285933
2025-04-24 23:55:00,1.05413534,1.22684792,163493.325,5603586.24993558,0.307172,1.319733
2025-04-25 23:55:00,1.16034206,1.36798528,160853.24,5496213.28194369,0.576849,1.362742
2025-04-26 23:55:00,1.22228202,1.45429104,162409.116,5430419.47586136,2.680212,1.296593
2025-04-27 23:55:00,1.12532637,1.3489814,165645.118,5385122.78618,0.707506,1.237352
2025-04-28 23:55:00,1.28181398,1.5304929,185697.511,6613926.37301936,1.957221,1.284007
2025-04-29 23:55:00,0.93572985,1.10298792,176566.873,6103033.965245,0.745105,1.357835
2025-04-30 23:55:00,0.94110899,1.080316,164745.007,5935195.68498681,0.119298,1.395974
2025-05-01 23:55:00,0.92452092,1.10915254,157451.935,5888702.369,0.655452,1.47434
2025-05-02 23:55:00,1.0886392,1.26156179,157488.894,5705485.07737393,0.790912,1.519062
2025-05-03 23:55:00,1.01476015,1.16666667,151730.321,5430799.08425587,2.289269,1.488431
2025-05-04 23:55:00,0.93273543,1.10973837,149596.407,5324136.12513,3.506807,1.418205
2025-05-05 23:55:00,1.00742881,1.19270833,145047.433,5297811.98459385,0.484165,1.400247
2025-05-06 23:55:00,0.91767554,1.11747643,137823.519,5240557.12106523,0.787256,1.35102
2025-05-07 23:55:00,0.76481481,0.90191657,135653.513,5490612.95580563,0.909298,1.279424
2025-05-08 23:55:00,0.90899761,1.03527228,144056.434,6049505.65458401,2.177617,1.239695
2025-05-09 23:55:00,0.89936886,1.10688525,151531.908,6348163.36231465,0.588596,1.329725
2025-05-10 23:55:00,0.86037186,1.12734864,144966.382,6317620.73680087,1.29682,1.384451
2025-05-11 23:55:00,0.83795975,1.12290128,154828.704,7002902.28192,1.255456,1.381745
2025-05-12 23:55:00,0.86951589,1.13988522,146543.416,6518607.92414233,0.572219,1.357679
2025-05-13 23:55:00,0.94656489,1.19328358,136643.482,5943991.467,0.615192,1.448636
2025-05-14 23:55:00,0.93288324,1.18609865,134936.393,5663280.41421,0.082217,1.401488
2025-05-15 23:55:00,0.88978495,1.08181818,137102.429,5728197.50536795,1.148263,1.491472
2025-05-16 23:55:00,0.91791045,1.19065561,135401.376,5462091.50784,0.42878,1.495835
2025-05-17 23:55:00,0.90634675,1.11604585,129532.28,5233794.95039489,6.117867,1.294192
2025-05-18 23:55:00,0.89936609,1.07857143,122064.86,5050464.098715,1.555818,1.289402
2025-05-19 23:55:00,0.89841897,1.14740741,118745.636,4828673.31890046,1.651048,1.308895
2025-05-20 23:55:00,0.8735363,1.08920863,115007.045,4732925.51347146,0.889628,1.173403
2025-05-21 23:55:00,0.88840864,1.08071429,115033.02,4936337.74264823,3.163632,1.199182
2025-05-22 23:55:00,0.86205756,1.07501589,127677.68,6249822.436,0.600481,1.228932
2025-05-23 23:55:00,0.8712522,1.08956229,121559.857,5699061.57705335,1.165566,1.255683
2025-05-24 23:55:00,0.86550308,0.96359223,119596.501,5912851.00944,0.539852,1.173528
2025-05-25 23:55:00,0.67572501,0.71600301,157030.372,8570717.70376,0.509752,1.013831
2025-05-26 23:55:00,0.7386109,0.76831944,139639.795,7578862.39627542,0.468492,1.090826
2025-05-27 23:55:00,0.8092517,0.85101367,118463.58,6132859.5366,2.960712,0.975037
2025-05-28 23:55:00,0.81386749,0.85118734,115244.663,6129863.62497,0.665071,0.985773
2025-05-29 23:55:00,0.80555556,0.84150405,119058.312,6333178.51078459,1.471156,0.990774
2025-05-30 23:55:00,0.74822275,0.76237139,113636.203,5374992.4019,0.374074,1.000623
2025-05-31 23:55:00,0.7989799,0.83809524,107011.847,5357013.06082,1.728925,0.981687
2025-06-01 23:55:00,0.95491404,0.93425172,114676.863,6082880.17075323,1.589139,0.98809
2025-06-02 23:55:00,0.85744811,0.87529833,112659.354,6077972.1483,3.149448,1.003013
2025-06-03 23:55:00,0.76183726,0.82373272,108864.047,5911590.62418837,0.308621,0.972246
2025-06-04 23:55:00,0.85494223,0.90966921,97657.761,4908880.33302239,0.862566,0.968997
2025-06-05 23:55:00,0.80384998,0.86953728,102092.031,4848641.81462892,4.411339,0.900932
2025-06-06 23:55:00,0.85043478,0.85650224,101073.874,4854578.16822,2.154251,0.867787
2025-06-07 23:55:00,0.85777475,0.85869565,100540.32,5047035.51612937,3.719163,0.844347
2025-06-08 23:55:00,0.8986463,0.935247,102677.817,4996816.63581792,0.646295,0.840204
2025-06-09 23:55:00,0.85127479,0.87312415,95866.278,4940555.41776083,2.013169,0.877126
2025-06-10 23:55:00,0.98769704,0.99855596,96997.779,5024655.80796784,0.290281,0.974672
2025-06-11 23:55:00,0.95208892,1.02609993,93090.882,4651387.70376947,0.30636,1.011472
2025-06-12 23:55:00,0.90823618,0.98324836,100198.002,4799144.90011773,1.041284,1.022957
2025-06-13 23:55:00,0.93380062,1.00223214,98458.992,4450041.40850443,1.401537,0.969817
2025-06-14 23:55:00,0.93104777,1.0,98348.282,4337661.10158215,4.57575,0.971035
2025-06-15 23:55:00,1.05147059,1.1276252,95985.178,4162249.81553585,3.434099,1.021321
2025-06-16 23:55:00,1.1127321,1.17729909,96903.21,4171683.1905,1.057313,0.994637
2025-06-17 23:55:00,1.06821053,1.13618369,91697.206,3773432.92258848,2.248282,1.030376
2025-06-18 23:55:00,1.03986429,1.11462451,92349.783,3886278.96014433,2.460445,1.003382
2025-06-19 23:55:00,1.07647585,1.14451827,87741.287,3657056.84216,5.536657,1.029878
2025-06-20 23:55:00,1.29895833,1.23513011,92648.36,3730878.33105403,1.955199,0.997122
2025-06-21 23:55:00,1.19989534,1.20074006,92099.63,3635172.3961,0.659639,1.060726
2025-06-22 23:55:00,1.06930185,1.16635514,88983.382,3396495.69094,1.927918,1.040882
2025-06-23 23:55:00,1.16611296,1.31846473,85490.253,3548700.40203,0.332069,1.059884
2025-06-24 23:55:00,1.22522523,1.45016429,86506.682,3699890.78914,2.429132,1.144178
2025-06-25 23:55:00,1.30950975,1.56114286,86568.138,3582189.55044,3.070733,1.07078
2025-06-26 23:55:00,1.18791209,1.41570681,90268.791,3535933.8573604,4.515332,1.282394
2025-06-27 23:55:00,1.19589345,1.34249471,93764.048,3614273.11863135,1.27677,1.373004
2025-06-28 23:55:00,1.15136876,1.32714138,100006.188,3895241.0226,0.768476,1.534501
2025-06-29 23:55:00,1.11733333,1.31950207,94825.393,3798705.24358,0.978153,1.460995
2025-06-30 23:55:00,1.23509749,1.44312026,101910.558,3894002.42118,0.192803,1.301621
2025-07-01 23:55:00,1.22318527,1.35541535,102060.636,3767058.07476,0.311911,1.339799
2025-07-02 23:55:00,1.16638935,1.30942184,99924.998,3884084.67226,0.667574,1.274333
2025-07-03 23:55:00,1.18996798,1.48115299,105355.223,4310082.17293,2.317554,1.312968
2025-07-04 23:55:00,1.08599509,1.30182927,95925.286,3845644.71574,0.480178,1.323251
2025-07-05 23:55:00,1.19363538,1.42682927,93241.66,3653208.2388,0.802288,1.300158
2025-07-06 23:55:00,1.20794774,1.44736842,94836.393,3725173.51704,3.727063,1.301373
2025-07-07 23:55:00,1.20434298,1.35480349,93678.089,3630113.65673439,0.416661,1.309832
2025-07-08 23:55:00,0.92362949,1.00538462,139454.179,6091358.53872,1.292598,1.174843
2025-07-09 23:55:00,1.25275779,1.25451264,116164.83,4759957.16700574,1.687576,1.540838
2025-07-10 23:55:00,1.32102118,1.48622881,111053.147,4667294.34681219,0.403049,1.435223
2025-07-11 23:55:00,1.34651163,1.61851016,102092.219,4292034.95770079,1.512695,1.479263
2025-07-12 23:55:00,1.29303397,1.55079007,97361.21,4115083.5381707,0.604,1.57217
2025-07-13 23:55:00,1.41651488,1.66042155,96971.311,4107704.73396,0.95897,1.771953
2025-07-14 23:55:00,1.24927368,1.35257083,96161.042,4145687.30079348,0.941972,1.546227
2025-07-15 23:55:00,1.39233577,1.59116648,95443.513,4174657.61947858,0.883675,1.53563
2025-07-16 23:55:00,1.42512077,1.65723982,96206.571,4254046.9077365,0.344304,1.611304
2025-07-17 23:55:00,1.29145152,1.48910675,99538.505,4523033.57110017,0.377581,1.646713
2025-07-18 23:55:00,1.52487864,1.71379704,103851.534,4598982.2037373,2.023652,1.83741
2025-07-19 23:55:00,1.56552962,1.74829932,104940.839,4687707.27813,5.884147,2.048668
2025-07-20 23:55:00,1.8028169,2.13676286,111211.589,5004521.505,1.628036,1.990905
2025-07-21 23:55:00,1.7653773,2.1959799,110483.616,4926811.06984167,0.174424,1.882021
2025-07-22 23:55:00,1.62903226,1.92013498,105963.189,4671958.57342868,0.814751,1.789829
2025-07-23 23:55:00,1.6681388,1.98926014,101792.819,4206618.18447893,1.468938,1.775198
2025-07-24 23:55:00,1.51418002,1.80470588,98463.267,3958290.9195711,0.946746,1.73209
2025-07-25 23:55:00,1.56242119,1.88386308,98988.897,4036767.21966,2.726855,1.769691
2025-07-26 23:55:00,1.5844806,1.93488943,102938.03,4240400.95030139,0.181956,1.744467
2025-07-27 23:55:00,1.66111467,2.03768844,107692.591,4505896.19307892,1.178184,1.719354
2025-07-28 23:55:00,1.54285714,1.90692124,98560.677,4002545.54971366,1.027099,1.759023
2025-07-29 23:55:00,1.62451861,1.8797619,97424.344,3946947.19535137,0.377827,1.659112
2025-07-30 23:55:00,1.71323529,2.16201859,102936.64,3953796.3424,1.495374,1.949647
2025-07-31 23:55:00,1.59388924,1.99245283,104715.717,3866104.27164,0.448342,2.018218
2025-08-01 23:55:00,1.59332024,1.87822878,100604.251,3608674.48337,0.524672,1.949366
2025-08-02 23:55:00,1.61594684,1.84541063,99902.416,3537691.47804224,0.310136,1.733907
2025-08-03 23:55:00,1.63122924,1.91033624,101420.822,3664214.31701337,0.557197,1.737929
2025-08-04 23:55:00,1.7891012,2.17630854,100694.624,3731723.03432843,0.323366,2.034902
2025-08-05 23:55:00,1.84739803,2.28551532,107116.672,3797207.78545394,2.571088,1.899421
2025-08-06 23:55:00,1.89537367,2.16778523,104934.659,3785963.79572575,1.413694,1.902824
2025-08-07 23:55:00,1.90649536,2.21721311,104747.89,3990308.73100669,0.318361,1.958194
2025-08-08 23:55:00,2.01260193,2.57621951,110641.507,4282932.73597,0.527573,1.949409
2025-08-09 23:55:00,2.1378012,2.72376543,114565.825,4539551.75652834,0.230197,1.876792
2025-08-10 23:55:00,2.01223022,2.60972018,112121.993,4425444.07126981,2.222479,2.000399
2025-08-11 23:55:00,2.13719736,2.79850746,111828.877,4090700.32066,0.235664,2.10108
2025-08-12 23:55:00,2.07356154,2.61760462,107071.743,4227192.41364,0.427238,2.13253
2025-08-13 23:55:00,2.21283019,2.93206951,115070.835,4526683.59835668,0.781562,2.037489
2025-08-14 23:55:00,1.92050209,2.43611111,111988.028,4100320.88852941,0.754913,1.80235
2025-08-15 23:55:00,2.1175584,2.48401163,107489.29,3909895.17324,0.689347,1.876854
2025-08-16 23:55:00,2.20535714,2.5918958,111615.592,4097609.18100232,2.063934,2.234746
2025-08-17 23:55:00,2.02335456,2.42797784,111283.428,4115261.16744,2.708803,2.279577
2025-08-18 23:55:00,2.1146216,2.57247438,110254.458,3892329.52450936,1.296249,2.172016
2025-08-19 23:55:00,1.94989562,2.36920981,112463.119,3892089.44256087,0.87122,2.192423
2025-08-20 23:55:00,1.56755229,1.76839827,109376.842,4268377.4642378,0.317694,1.805242
2025-08-21 23:55:00,1.26931666,1.50367647,125865.406,5353351.04902729,0.620304,1.385075
2025-08-22 23:55:00,1.17748174,1.36409396,119648.149,5258571.35741081,0.75193,1.576338
2025-08-23 23:55:00,1.1189331,1.35497835,111586.436,4997254.83524772,1.577773,1.721673
2025-08-24 23:55:00,1.14978804,1.37387387,112597.834,4793907.99377192,0.897142,1.899548
2025-08-25 23:55:00,1.44845661,1.77090493,107510.651,4275698.59027,4.685028,2.102993
2025-08-26 23:55:00,1.37563452,1.6558296,109378.047,4680286.63113,2.87267,2.303031
2025-08-27 23:55:00,1.3902439,1.71712707,111640.734,4718117.83138255,2.010014,2.26519
2025-08-28 23:55:00,1.34230769,1.58508403,111691.245,4742259.69843409,0.094291,2.260454
2025-08-29 23:55:00,1.43612831,1.67883996,120211.984,4822904.79808,0.24071,2.183633
2025-08-30 23:55:00,1.36648936,1.51408451,118355.826,4733049.48174,1.260895,2.33801
2025-08-31 23:55:00,1.29329004,1.42396777,117613.978,4750428.57142,2.829279,1.985263
2025-09-01 23:55:00,1.25185972,1.4468719,111505.098,4515850.79450357,1.395254,1.875731
2025-09-02 23:55:00,1.25949038,1.36093023,118035.83,4904699.2557187,3.480332,1.923905
2025-09-03 23:55:00,1.23755187,1.46011673,123189.062,5120969.30734,1.080583,2.322642
2025-09-04 23:55:00,1.19556452,1.41541353,128379.293,5225037.2251,0.680807,1.852271
2025-09-05 23:55:00,1.23093333,1.4148728,124798.736,5121740.12544,0.141298,1.957253
2025-09-06 23:55:00,0.85119798,0.89330922,157124.958,7449294.25878,1.063912,1.371843
2025-09-07 23:55:00,0.89433237,1.00191693,153940.032,7438382.34624,0.421443,1.579535
2025-09-08 23:55:00,1.00966744,1.07985866,150208.349,7608712.12477084,1.058447,1.450936
2025-09-09 23:55:00,1.11563447,1.34058577,142709.26,6891430.1654,2.615888,1.737864
2025-09-10 23:55:00,1.20660772,1.41376229,132436.364,6334899.36128565,0.35316,1.912657
2025-09-11 23:55:00,1.2569511,1.50186567,126667.097,6067353.9463,0.418652,2.16556
2025-09-12 23:55:00,1.17780939,1.38392857,124581.449,6190158.86382181,1.304971,2.248649
2025-09-13 23:55:00,1.14461248,1.32062392,121056.932,6392382.01906213,0.980328,2.022366
2025-09-14 23:55:00,1.31897776,1.58393502,126648.504,6388150.54176,1.180532,2.040073
2025-09-15 23:55:00,1.2228972,1.41269841,116703.874,5818795.28038337,3.163563,1.962233
2025-09-16 23:55:00,1.25320665,1.46216216,116355.623,5969471.80799984,1.568114,2.096603
2025-09-17 23:55:00,1.24759615,1.5078341,118900.145,6087687.424,0.335803,2.223916
2025-09-18 23:55:00,1.22556739,1.4460177,115677.394,5822050.80069447,0.98786,2.144247
2025-09-19 23:55:00,1.226451,1.47593097,117047.642,5726728.01394185,1.756166,1.787818
2025-09-20 23:55:00,1.2944635,1.44585987,119784.08,6057516.15649361,1.653619,1.716552
2025-09-21 23:55:00,1.23420797,1.3705036,116792.804,6043313.10950261,0.68728,1.610034
2025-09-22 23:55:00,1.15513627,1.27708533,106641.933,5178146.8220102,0.820684,1.597615
2025-09-23 23:55:00,0.98165138,1.11851278,144179.386,7945415.00645283,1.698431,1.35188
2025-09-24 23:55:00,1.08730159,1.12482663,148975.315,8742157.26354677,1.821593,1.428103
2025-09-25 23:55:00,1.0229151,1.10459364,163519.376,8909112.76246953,2.498565,1.594844
2025-09-26 23:55:00,1.10653963,1.15720859,162423.793,9137322.4527755,3.445259,1.859056
2025-09-27 23:55:00,1.19767442,1.22394137,145877.473,8106411.17461,0.112034,1.811802
2025-09-28 23:55:00,0.92722279,0.98282443,149390.265,9117287.87295,1.589846,1.374375
2025-09-29 23:55:00,0.80523317,0.7676565,192380.334,13876185.89764919,0.777248,1.185278
2025-09-30 23:55:00,0.88585721,0.85875,182693.221,13563607.43050696,0.339247,1.092617
2025-10-01 23:55:00,0.64059913,0.67808853,376671.055,45484137.53768776,1.141644,1.037973
2025-10-02 23:55:00,0.71628262,0.7167713,380004.817,49883232.32759,1.109821,1.045719
2025-10-03 23:55:00,0.71637779,0.74795082,367842.436,46863126.3464,0.85817,1.170144
2025-10-04 23:55:00,0.61609835,0.64929733,412209.817,64643728.22584973,0.684781,1.104746
2025-10-05 23:55:00,0.622064,0.6139058,388361.785,64161250.49985,0.947891,0.988327
2025-10-06 23:55:00,0.70361065,0.69632119,384425.507,59906323.25005363,0.840906,1.063967
2025-10-07 23:55:00,0.76839484,0.79173801,385373.779,49074221.16602065,0.902945,1.333428
2025-10-08 23:55:00,0.54542064,0.54400351,444945.233,78950659.00950232,1.580975,1.105232
2025-10-09 23:55:00,0.45391396,0.50167183,490730.433,104353826.57745,1.004257,1.052628
2025-10-10 23:55:00,0.92665873,0.89596486,332400.962,74843400.60392,0.652242,1.222401
2025-10-11 23:55:00,0.621661,0.58293524,385220.638,111995056.34695357,0.880676,1.033453
2025-10-12 23:55:00,0.76910764,0.69030899,359136.686,93541518.27087656,0.678897,1.270614
2025-10-13 23:55:00,0.73194137,0.6846896,380262.128,94731050.77798155,0.925807,1.317696
2025-10-14 23:55:00,0.79113646,0.71615802,359023.7,89022601.78421742,0.968897,1.25264
2025-10-15 23:55:00,0.91402715,0.83423208,379609.419,87211244.61961536,1.872935,1.256175
2025-10-16 23:55:00,1.00687156,0.91202532,370882.067,76053076.65902,0.847862,1.370341
2025-10-17 23:55:00,0.96591321,0.7896802,359491.933,78286558.24941,1.247827,1.215655
2025-10-18 23:55:00,0.91000116,0.77988615,344292.746,76160998.34266,0.598587,1.261506
2025-10-19 23:55:00,0.81910684,0.7375834,345619.932,81404909.6084382,0.502182,1.225258
2025-10-20 23:55:00,0.62803897,0.57399168,384513.902,103270500.80268005,1.050798,1.00066
2025-10-21 23:55:00,0.68595908,0.67911439,374012.487,98324142.70743,0.724553,1.275724
2025-10-22 23:55:00,0.868,0.83033932,389405.807,92834344.3888,1.41457,1.247381
2025-10-23 23:55:00,0.98237023,0.82486169,414000.275,100663731.21790062,1.035742,1.228258
2025-10-24 23:55:00,0.71331677,0.59579111,384775.84,103793282.84,0.938862,1.107686
2025-10-25 23:55:00,0.64584746,0.599112,398347.899,109801130.39034306,2.511406,1.161587
2025-10-26 23:55:00,0.39565022,0.40630721,508770.742,165206366.03999695,0.693229,1.061121
2025-10-27 23:55:00,0.47612407,0.45951312,498377.436,170190910.61964,1.456353,0.977911
2025-10-28 23:55:00,0.56136007,0.54028385,462152.784,145879794.92520735,0.967053,1.140466
2025-10-29 23:55:00,0.49924703,0.44407646,480234.909,168635695.15929276,1.146359,1.035042
2025-10-30 23:55:00,0.61210013,0.58,476677.4,164391734.938,0.966769,0.975834
2025-10-31 23:55:00,0.3963464,0.37300216,571061.035,230508786.77775,0.672244,0.78263
2025-11-01 23:55:00,0.5094206,0.47365348,547894.126,225669133.95080706,1.198468,0.847337
2025-11-02 23:55:00,0.55545475,0.52492574,549931.565,229563432.4936,0.696427,0.943478
2025-11-03 23:55:00,0.49057975,0.46531917,527596.751,228527580.95331892,1.36024,0.832824
2025-11-04 23:55:00,0.63710742,0.57947708,528365.067,232792947.18067035,0.642116,0.988895
2025-11-05 23:55:00,0.51913159,0.50279282,506733.39,241272985.9772182,1.856275,0.82416
2025-11-06 23:55:00,0.50523035,0.49525184,513658.058,274776061.93570685,1.744515,0.853126
2025-11-07 23:55:00,0.61931361,0.54852635,461522.745,297805953.117442,0.525503,0.969092
2025-11-08 23:55:00,0.67423997,0.63385763,484433.717,290287216.23791,0.958541,1.118178
2025-11-09 23:55:00,0.60320658,0.52846715,495507.348,305034323.4288,1.785747,1.04796
2025-11-10 23:55:00,0.73781619,0.69325768,526928.373,275301133.02415663,1.328896,1.260243
2025-11-11 23:55:00,0.87725669,0.82303073,547499.272,242653130.1889932,1.195363,1.354141
2025-11-12 23:55:00,0.67597443,0.58857279,549112.571,277231788.04850423,0.922835,1.130313
2025-11-13 23:55:00,0.67423611,0.63088835,503826.93,261711319.06435233,0.622772,1.131682
2025-11-14 23:55:00,0.5530641,0.46691298,577844.634,351474961.89172643,1.100762,0.974947
2025-11-15 23:55:00,0.45747541,0.42690959,519835.709,348755449.8012505,1.101198,0.806526
2025-11-16 23:55:00,0.39886401,0.37731051,544372.276,380365543.1690745,0.96963,0.753956
2025-11-17 23:55:00,0.50516636,0.50190137,518088.634,316303472.82968,0.421144,0.910605
2025-11-18 23:55:00,0.54216532,0.4597349,506703.136,316463842.9750929,0.97659,0.865733
2025-11-19 23:55:00,0.4528046,0.40498129,521418.996,351238592.95490915,1.184877,0.844437
2025-11-20 23:55:00,0.4128993,0.39572163,545163.9,357298979.57887864,0.798066,0.804247
2025-11-21 23:55:00,0.61826067,0.59727596,532748.134,293608151.61008,1.207712,0.994865
2025-11-22 23:55:00,0.72892598,0.62178528,532229.77,275637318.41904145,2.180587,1.014704
2025-11-23 23:55:00,0.64354265,0.53190656,505022.615,289140871.1346915,1.548547,0.92845
2025-11-24 23:55:00,0.76272285,0.67219126,532349.473,276579214.7910707,0.964509,0.857203
2025-11-25 23:55:00,0.99863497,0.83184244,591077.754,301886836.08632714,1.252678,1.022906
2025-11-26 23:55:00,0.82706355,0.69248948,601966.297,317003094.54022807,0.882254,0.907475
2025-11-27 23:55:00,1.04647346,0.90483488,615596.91,301482430.7034,1.101748,1.058371
2025-11-28 23:55:00,0.99861257,0.91330726,606595.664,274171801.2204341,0.671386,1.034234
2025-11-29 23:55:00,0.90528592,0.80895853,582398.981,268093744.69493523,1.57871,1.071379
2025-11-30 23:55:00,1.02131283,0.94470007,593901.117,254164747.90662873,0.608149,1.047217
2025-12-01 23:55:00,0.89490427,0.8845778,653342.342,224247412.75313088,1.162405,1.08614
2025-12-02 23:55:00,1.09455313,1.01873365,688647.509,215418088.86380136,0.825092,0.937206
2025-12-03 23:55:00,1.0655748,0.98437015,742547.633,251471181.39178,1.055943,0.942616
2025-12-04 23:55:00,0.93127091,0.88359397,727694.024,267282015.0152,1.754589,0.963275
2025-12-05 23:55:00,1.01862045,0.96226048,722856.995,260040575.3813,0.946498,0.93593
2025-12-06 23:55:00,1.15214198,1.11287726,679693.97,232062367.1249417,1.27924,1.175747
2025-12-07 23:55:00,1.19405849,1.1252386,655570.228,224650805.73104,0.553255,1.175127
2025-12-08 23:55:00,0.69554382,0.61969098,723614.722,293299882.5974113,1.620929,1.265978
2025-12-09 23:55:00,0.60113225,0.53356795,740306.218,320411934.21258,0.810432,1.397031
2025-12-10 23:55:00,0.67759985,0.64928128,677077.908,273766847.32988673,1.434421,1.511381
2025-12-11 23:55:00,0.56684644,0.49275269,730821.894,329274222.7190459,1.243476,1.256462
2025-12-12 23:55:00,0.58238942,0.51646737,753339.634,342483264.40908,0.629104,1.267669
2025-12-13 23:55:00,0.69469488,0.61483488,759818.289,336471873.6622001,2.031475,1.451343
2025-12-14 23:55:00,0.87331579,0.8147769,706182.508,285241551.7103131,0.950621,1.536527
2025-12-15 23:55:00,0.78608526,0.72421234,681762.371,281834099.775592,1.748292,1.468477
2025-12-16 23:55:00,0.781118,0.74711191,663829.793,268512512.97057,3.091353,1.655557
2025-12-17 23:55:00,0.92389325,0.89887064,649259.77,244478766.3935,1.498307,1.73789
2025-12-18 23:55:00,0.75605496,0.70234768,633991.141,246257648.41118285,1.780141,1.527653
2025-12-19 23:55:00,0.57781066,0.52021682,669062.249,296901277.9693849,0.803747,1.397011
2025-12-20 23:55:00,0.54518393,0.52813004,673676.264,301024087.0317115,0.707097,1.351497
2025-12-21 23:55:00,0.59887173,0.58208129,657613.878,290158971.38994,1.34718,1.487607
2025-12-22 23:55:00,0.6443083,0.61784498,644438.322,278111915.7457981,0.465955,1.516211
2025-12-23 23:55:00,0.73605561,0.69391534,648980.73,270800189.2071,1.290935,1.60574
2025-12-24 23:55:00,0.5182007,0.46692412,701338.462,314550300.207,0.772545,1.314767
2025-12-25 23:55:00,0.53227336,0.50765945,702264.931,307574673.78454053,0.977113,1.312915
2025-12-26 23:55:00,0.50072646,0.46620463,722898.408,323748219.13557345,0.915304,1.287841
2025-12-27 23:55:00,0.50355293,0.44402104,782074.135,403588728.97800326,0.977027,1.139689
2025-12-28 23:55:00,0.51721928,0.45817439,778989.54,412661918.9196,0.638571,1.094624
2025-12-29 23:55:00,0.48266843,0.43515914,776141.433,419292516.7820336,0.640421,1.039251
2025-12-30 23:55:00,0.48873628,0.43753601,727512.948,385008849.408831,1.270254,1.093827
2025-12-31 23:55:00,0.60899354,0.55165705,660157.323,337855314.76494,0.322084,1.041331
2026-01-01 23:55:00,0.60237401,0.5123684,680505.448,357561778.9889787,1.87631,1.008938
2026-01-02 23:55:00,0.795503,0.7150995,602478.348,294105830.35968,0.421613,1.024634
2026-01-03 23:55:00,0.64529179,0.5543377,594476.582,303893299.6968554,0.959289,0.963294
2026-01-04 23:55:00,0.64351618,0.59483507,585645.756,293950173.5363602,0.799186,1.009018
2026-01-05 23:55:00,0.71689226,0.63172477,590803.48,297286403.1012,0.811292,1.080742
2026-01-06 23:55:00,0.76929478,0.67793594,563226.728,282619068.9956256,0.617946,1.167888
2026-01-07 23:55:00,0.83209851,0.78723756,611355.806,286958188.22028,1.315838,1.205059
2026-01-08 23:55:00,0.77021444,0.74029224,697021.796,294066525.51444,0.613858,1.608305
2026-01-09 23:55:00,0.69879048,0.67278971,687939.132,287846152.6411104,1.932098,1.574578
2026-01-10 23:55:00,1.03333157,1.01343874,666689.771,250428678.68073,0.360104,1.570962
2026-01-11 23:55:00,0.9458445,0.85767178,674506.21,257290393.8045,1.028675,1.602856
2026-01-12 23:55:00,0.81315461,0.73187969,689758.819,280508012.6583128,2.825713,1.533041
2026-01-13 23:55:00,0.94021081,0.8443474,628361.06,253839017.4082,0.890856,1.6602
2026-01-14 23:55:00,0.74304293,0.67221789,641695.959,286672999.3623078,1.966408,1.57591
2026-01-15 23:55:00,0.90391638,0.85497099,556534.545,230310690.75735,1.896084,1.439211
2026-01-16 23:55:00,0.94721122,0.85786088,574598.44,236004817.2612,0.384579,1.348886
2026-01-17 23:55:00,1.01251392,0.94632186,580940.804,232413834.2083558,1.252908,1.45327
2026-01-18 23:55:00,1.11657887,1.05676998,593961.042,223672683.74976182,0.481095,1.383136
2026-01-19 23:55:00,1.04504172,1.01070141,563191.57,207782958.79833576,1.017014,1.250312
2026-01-20 23:55:00,0.99606708,1.02177294,543651.153,190065879.60033,1.86655,1.417581
2026-01-21 23:55:00,1.01380686,0.95081196,541964.448,192721670.09026635,1.148155,1.358628
2026-01-22 23:55:00,0.97825605,0.95584295,537511.757,196297632.1430577,2.677498,1.36767
2026-01-23 23:55:00,0.99071207,0.96132532,537824.437,197695312.63145837,0.52772,1.308606
2026-01-24 23:55:00,1.17902156,1.11295084,564145.901,202845000.45479128,1.234644,1.367034
2026-01-25 23:55:00,1.13347975,1.18771331,549986.408,181121523.88256,1.11677,1.429906
2026-01-26 23:55:00,1.01297366,0.98332304,518754.46,190621513.8716,0.621533,1.40149
2026-01-27 23:55:00,1.00751399,0.93445398,520071.691,207717281.84198865,1.682256,1.266714
2026-01-28 23:55:00,1.10237339,1.12042094,538936.422,199891518.9198,1.056814,1.473094
2026-01-29 23:55:00,1.23963313,1.23634969,543932.758,192198846.03751412,2.64317,1.669289
2026-01-30 23:55:00,1.20389537,1.21477408,510711.539,173805350.95248,0.863813,1.698832
2026-01-31 23:55:00,0.94476051,1.02000597,497754.461,150785010.13220435,1.127033,1.572506
2026-02-01 23:55:00,0.90404172,0.92687285,498322.04,152386879.832,1.337794,1.609072
2026-02-02 23:55:00,1.06764084,1.0549723,498726.683,147398671.16065,1.266484,1.96394
2026-02-03 23:55:00,1.01021253,1.07093144,519553.929,140586097.64811,1.465983,1.749318
2026-02-04 23:55:00,0.98156852,1.0554387,529065.383,133152793.18556708,0.738517,1.759818
2026-02-05 23:55:00,0.85939836,0.94798944,512080.583,105027727.5733,1.294583,1.526401
2026-02-06 23:55:00,0.88632521,0.87402328,445718.929,107133001.77444,1.247352,1.423053
2026-02-07 23:55:00,0.82998661,0.88152457,463644.192,111486531.18686904,0.624441,1.469786
2026-02-08 23:55:00,0.85143081,0.90994666,444532.421,106567677.78615183,0.947701,1.490493
2026-02-09 23:55:00,0.83689865,0.90943456,448808.441,107843061.25136364,0.97019,1.404921
2026-02-10 23:55:00,0.90453771,0.96305898,459424.867,107362997.16923,0.524474,1.405567
2026-02-11 23:55:00,0.85418163,0.93220339,454426.606,109257788.88058,2.240937,1.346196
2026-02-12 23:55:00,0.99839915,1.0727367,444525.405,103559230.64759704,0.962555,1.398987
2026-02-13 23:55:00,0.83634301,0.89611188,474180.246,126737614.62186356,0.87944,1.283812
2026-02-14 23:55:00,0.92708832,0.90895785,422686.746,136684040.94865763,1.336835,1.188247
2026-02-15 23:55:00,0.90645191,0.95611702,432583.747,128778689.79903938,2.062113,1.335142
2026-02-16 23:55:00,0.95486358,0.95357033,440131.631,129398699.514,0.645411,1.401843
2026-02-17 23:55:00,0.92507262,0.93851083,476364.387,141118186.00488,1.723402,1.477737
2026-02-18 23:55:00,1.00714213,1.0953383,483202.218,127828960.85204217,1.705899,1.720227
2026-02-19 23:55:00,1.02607733,1.04434347,461057.065,120787729.8887,1.141425,1.471554
2026-02-20 23:55:00,0.94341193,0.96695779,474258.614,122748268.59667335,0.653187,1.519867
2026-02-21 23:55:00,0.87467363,0.88806176,478780.816,124344165.72336,1.41679,1.498343
2026-02-22 23:55:00,0.90527964,0.96496107,471724.218,115315311.98773634,1.070733,1.359872
2026-02-23 23:55:00,0.9193089,0.98122424,429050.302,101869413.20386,0.521679,1.36748
2026-02-24 23:55:00,0.91631639,0.94359206,424633.388,103058523.2676,1.104511,1.319043
2026-02-25 23:55:00,0.90247036,0.92576084,419713.269,102389051.97255,0.866106,1.478557
2026-02-26 23:55:00,0.93062178,0.96144985,412217.828,98408762.07844,2.400657,1.464669
2026-02-27 23:55:00,0.96047113,1.00593515,462189.792,101283174.6353649,1.812564,1.375584
2026-02-28 23:55:00,0.9501339,0.97572458,437867.539,96422810.76319,1.263779,1.345831
2026-03-01 23:55:00,0.8466996,0.91239379,442694.528,94409035.04128,1.57434,1.718077
2026-03-02 23:55:00,0.85944911,0.90430906,445836.933,99706971.69612,1.031121,1.743169
2026-03-03 23:55:00,0.87177043,0.95563945,451127.784,99658638.76344,1.105855,1.730228
2026-03-04 23:55:00,0.78219952,0.8190091,468857.163,114103600.83278263,0.882497,1.408861
2026-03-05 23:55:00,0.88854217,0.97021546,467040.666,105719325.15576,0.534261,1.418008
2026-03-06 23:55:00,0.99679891,1.04201944,484929.372,101830318.82628,0.481361,1.575332
2026-03-07 23:55:00,1.04241526,1.11834586,508999.84,100332675.07234171,1.088767,1.341174
2026-03-08 23:55:00,1.08669448,1.10917226,508515.436,100609818.2547362,1.842909,1.362929
2026-03-09 23:55:00,0.94981516,0.93810502,503153.101,107846402.27407856,1.86826,1.241935
2026-03-10 23:55:00,0.88552472,0.89321663,496612.672,110482663.6548131,0.374367,1.120673
2026-03-11 23:55:00,0.95042174,0.98103628,529145.545,112528091.5997,1.815073,1.281414
2026-03-12 23:55:00,1.00379831,1.04120588,550457.143,114655704.11815825,1.991356,1.313579
2026-03-13 23:55:00,0.92824853,0.96650718,524566.084,109167608.69909722,2.07138,1.375568
2026-03-14 23:55:00,0.99942029,1.01635046,547607.451,116700623.88261,1.188928,1.318065
2026-03-15 23:55:00,0.8642369,0.88932348,547858.727,125739056.43377,1.665345,1.415028
2026-03-16 23:55:00,0.76770407,0.75246427,517065.365,143128863.68565,0.523069,1.478219
2026-03-17 23:55:00,0.80863008,0.82243114,512537.624,139646941.72096822,0.985592,1.495627
2026-03-18 23:55:00,1.05394276,1.06561514,491502.378,122138340.933,0.657794,1.335747
2026-03-19 23:55:00,1.23695234,1.18717684,517937.765,121461585.27015,1.535462,1.369274
2026-03-20 23:55:00,1.36089781,1.36349065,518387.139,121528903.74792169,0.642559,1.390186
2026-03-21 23:55:00,1.45464712,1.50421269,498267.457,109494273.67575,0.973267,1.399979
2026-03-22 23:55:00,1.31953014,1.40062225,493238.306,107172189.84186475,4.170907,1.531804
2026-03-23 23:55:00,1.16252526,1.15757906,486017.484,110987659.00461055,1.155462,1.54544
2026-03-24 23:55:00,1.06028329,1.10117276,492914.358,119324707.78464,0.426043,1.522592
2026-03-25 23:55:00,1.17676947,1.24818199,491987.776,114014581.62868485,0.913745,1.511387
2026-03-26 23:55:00,1.23080546,1.26756462,484572.327,107555673.70092,0.885564,1.49719
2026-03-27 23:55:00,1.1725388,1.21563771,492431.553,106115104.28185137,0.821694,1.567676
2026-03-28 23:55:00,1.17063581,1.24636119,489421.673,104487476.66321522,1.157415,1.564028
2026-03-29 23:55:00,1.16901249,1.21240837,505604.57,108644310.0016,1.304815,1.434828
2026-03-30 23:55:00,1.20539264,1.19525617,474205.982,106988426.95993513,1.275564,1.675133
2026-03-31 23:55:00,0.92269737,0.88927892,534715.881,132802021.38283578,1.213066,1.190836
2026-04-01 23:55:00,0.89460957,0.89209288,536109.876,134719987.62421492,0.813626,1.346337
2026-04-02 23:55:00,1.14621742,1.11142165,482387.048,116081619.23072,1.97544,1.113624
2026-04-03 23:55:00,1.15974401,1.14362391,489154.884,114584531.577,0.731912,1.139267
2026-04-04 23:55:00,0.9010679,0.88761502,508539.727,127689240.05243,0.683982,0.94009
2026-04-05 23:55:00,1.10919193,1.08966376,496388.829,121506057.56262,0.789903,1.179404
2026-04-06 23:55:00,0.94914025,0.93631643,506868.889,127424902.6480542,0.718233,1.11672
2026-04-07 23:55:00,0.78484825,0.65961352,516433.286,165274144.51858,0.840532,1.054699
2026-04-08 23:55:00,0.58009684,0.57998359,526636.072,170161381.22392,0.720048,0.906519
2026-04-09 23:55:00,0.66260496,0.57966494,504944.841,185116911.50739288,0.679365,0.952005
2026-04-10 23:55:00,0.59837673,0.53249742,510471.527,191513049.8928791,1.239304,0.987647
2026-04-11 23:55:00,0.61452256,0.56275067,480959.952,178200471.81552,0.451409,0.882857
2026-04-12 23:55:00,0.59715786,0.5498441,521707.743,188910373.7403,0.6262,0.852008
2026-04-13 23:55:00,0.67236048,0.60488106,505372.123,185931457.77293,1.769805,0.876453
2026-04-14 23:55:00,0.69055668,0.65628769,475708.028,168342593.088062,1.006755,0.961959
2026-04-15 23:55:00,0.69067116,0.64265413,462654.121,159934903.08849,1.541134,0.997205
2026-04-16 23:55:00,0.67125463,0.66820953,466097.773,158474841.619259,1.603328,1.0634
2026-04-17 23:55:00,0.70670087,0.68707483,466870.992,153443811.0713415,0.407663,1.049043
2026-04-18 23:55:00,0.72695119,0.71127093,457733.354,147770058.67182,0.508121,1.135767
2026-04-19 23:55:00,0.7747814,0.77112848,472774.165,142451583.65615,1.259114,1.166097
2026-04-20 23:55:00,0.72271386,0.71905527,483189.573,150789016.02642977,1.778558,1.092361
2026-04-21 23:55:00,0.75808212,0.77820414,481135.245,152332229.91945,2.438046,1.151759
2026-04-22 23:55:00,0.75973971,0.78637532,497512.117,157353132.36476,0.55479,1.204293
2026-04-23 22:45:00,0.718921,0.72529529,520699.377,178546117.201058,0.64238,1.08523
2026-04-24 23:00:00,0.70475499,0.65777447,516508.106,185813791.1335,0.622828,0.89003
2026-04-25 23:40:00,0.6700972,0.64736677,504218.73,180838047.5145,1.168215,0.859925
2026-04-26 22:30:00,0.67914164,0.65963629,507536.741,179875371.7016251,0.473375,0.886909
2026-04-27 21:50:00,0.69464702,0.67114676,504794.461,178084447.57239738,1.28718,0.927632
2026-04-28 23:00:00,0.75567033,0.7403868,491668.625,164756984.19783172,1.0542,0.903586
2026-04-29 20:45:00,0.73463577,0.74551367,471751.539,152490845.3677113,1.715782,0.95871
2026-04-30 21:00:00,0.63059729,0.60627476,487494.87,172120253.78326946,1.206922,0.820381
2026-05-01 21:35:00,0.6472459,0.57061992,533262.877,205262411.6234652,0.729046,0.739071
2026-05-02 23:55:00,0.698884,0.60796368,556769.559,215817105.38101763,0.454898,0.762957
2026-05-03 23:55:00,0.62872568,0.53244849,632614.295,261219094.6914,1.067983,0.67619
2026-05-04 23:45:00,0.63883974,0.5578534,620476.029,263814669.63208807,0.57781,0.789982
2026-05-05 23:50:00,0.64110012,0.53729072,593146.416,305963999.54765695,1.955297,0.821097
2026-05-06 23:55:00,0.57034148,0.52465483,539952.88,299111248.2223589,0.733122,0.899971
2026-05-07 21:55:00,0.55328632,0.50767936,524968.496,291572752.36336,0.437436,0.861018
2026-05-08 22:25:00,0.53584804,0.47250471,542596.81,333506220.8129389,1.878462,0.879953
2026-05-09 22:05:00,0.59846959,0.53617669,546939.514,325822897.39930373,0.630345,0.908677
2026-05-10 23:45:00,0.52543173,0.48059444,530860.937,314083873.37605,0.778528,0.938443
2026-05-11 23:50:00,0.58417673,0.54509363,492890.702,273204387.21158,0.511855,0.903968
2026-05-12 23:55:00,0.57044314,0.51361755,475940.632,271700228.58984,1.187766,0.907989
2026-05-13 22:40:00,0.62947381,0.59418236,471311.459,247711876.62122,1.158908,0.990546
2026-05-14 23:55:00,0.54052056,0.48432544,475037.282,266149137.98614,1.796998,0.938724
2026-05-15 22:50:00,0.65357771,0.62017621,454345.076,234096756.95824,0.976326,0.909034
2026-05-16 23:55:00,0.68169729,0.62716006,473364.1,241929926.74808446,1.184256,0.88192
2026-05-17 22:25:00,0.64872268,0.57338956,490581.758,264642586.7772607,0.392289,0.848916
2026-05-18 23:10:00,0.60693031,0.5355814,508512.682,286663149.516815,1.263113,0.822773
2026-05-19 22:10:00,0.56329338,0.49328363,534455.658,304622223.5505518,0.954192,0.784161
2026-05-20 23:20:00,0.46172054,0.38419619,596023.93,398626764.6233,1.063741,0.754512
2026-05-21 20:05:00,0.46570052,0.4155416,600590.812,402450687.33834046,2.010673,0.77655
2026-05-22 23:35:00,0.48593452,0.46118839,591577.841,346391485.40141696,1.291423,0.742162
2026-05-23 22:15:00,0.57177358,0.46468227,562405.942,358591651.66088396,1.145625,0.738159
2026-05-24 23:40:00,0.47552503,0.41435706,604550.232,403799501.2016571,1.528349,0.713128
2026-05-25 23:30:00,0.46812596,0.41140994,602293.735,395899717.8902,0.967285,0.72886
2026-05-26 23:55:00,0.70230844,0.66215421,561681.28,319181004.1728,0.992372,0.879052
2026-05-27 22:45:00,0.68573058,0.65740045,557708.318,304689349.38218653,0.790841,0.882488
2026-05-28 20:20:00,0.81707174,0.73932192,562940.546,310399787.65894,0.609725,0.885454
2026-05-29 23:50:00,0.84151085,0.79078046,546904.255,290739771.00055,0.591839,0.829502
2026-05-30 23:05:00,0.76661636,0.73670028,531236.426,280556581.29912,0.340513,0.840493
2026-05-31 23:55:00,0.75116393,0.68733961,540746.915,307513046.18435574,1.434125,0.841714
2026-06-01 23:45:00,0.76492262,0.73142037,533853.276,291756153.86676,0.885803,0.806364
2026-06-02 19:55:00,0.66808909,0.5989545,576046.037,344658400.84835786,0.761385,0.766287
2026-06-03 22:45:00,0.61540671,0.53066709,596226.991,369404356.81387,1.352737,0.729121
2026-06-04 23:45:00,0.77256757,0.76911765,635496.911,283214897.09130996,0.79892,0.688312
2026-06-05 23:55:00,0.74424111,0.67754544,636151.845,247546990.28137255,1.111593,0.762118
2026-06-06 22:35:00,0.73101208,0.71297782,580222.517,203841251.9113539,0.662159,0.712161
2026-06-07 23:55:00,0.71215251,0.60851602,582669.822,256514482.99607646,0.848121,0.74642
2026-06-08 22:30:00,0.67050559,0.58384283,607736.111,282256959.39284,0.808662,0.818115
2026-06-09 23:50:00,0.63605189,0.59641816,613287.774,264878989.5906,1.426297,0.850091
2026-06-10 22:10:00,0.65997574,0.62273535,601812.16,243655689.2192,1.125833,0.846849
2026-06-11 23:55:00,0.66621031,0.60774458,573952.145,245622820.45275,0.769696,0.858757
2026-06-12 23:55:00,0.77454204,0.74678069,585316.109,241015614.20293,1.070629,0.856395
2026-06-13 23:55:00,0.69681993,0.6623588,593357.102,249334926.1339717,3.16564,0.835673
2026-06-14 23:55:00,0.61065625,0.56685312,584303.83,276046045.56361514,0.794438,0.867663
2026-06-15 23:55:00,0.53782828,0.49630605,590055.118,305867838.2462637,1.022343,0.863238
2026-06-16 23:55:00,0.64486934,0.57844121,583585.804,294675815.87176,1.387393,0.892336
2026-06-17 23:55:00,0.68902722,0.61856895,599736.657,286170343.25412,1.250351,0.778323
2026-06-18 23:55:00,0.70864543,0.65603151,615996.056,280655095.7184281,1.112295,0.752673
2026-06-19 23:55:00,0.79011351,0.716488,639693.697,304599069.2951775,1.54786,0.767204
2026-06-20 23:55:00,0.90447572,0.806462,648008.024,304979493.77098984,0.721254,0.687562
2026-06-21 23:55:00,0.7682069,0.76417436,652877.301,283531554.27828,0.523758,0.680611
2026-06-22 23:55:00,0.73126266,0.71225947,650070.489,287397075.8013574,1.421379,0.689068
2026-06-23 23:55:00,0.75795832,0.77411193,636151.245,264543495.23325,1.166607,0.655251
2026-06-24 23:55:00,0.70929485,0.72566465,620227.733,258430289.50911,1.500693,0.622458
2026-06-25 23:55:00,0.72113241,0.75002752,614724.888,255870470.8169287,1.524341,0.642383
2026-06-26 23:55:00,0.71928915,0.74812362,634538.886,265940321.77119613,1.24295,0.733785
2026-06-27 23:55:00,0.80957328,0.86078365,638878.695,252753189.3159,0.626641,0.742343
2026-06-28 23:55:00,0.73507667,0.81067034,644062.7,242225540.843,0.367301,0.705906
2026-06-29 23:55:00,0.72990945,0.75627897,627761.264,255733190.84806162,1.670739,0.75309
2026-06-30 23:55:00,0.77680327,0.8185567,614412.465,245293285.31169805,1.143526,0.775236
2026-07-01 23:55:00,0.73953596,0.74656991,624277.62,260273825.3304,1.324058,0.755059
2026-07-02 23:55:00,0.81626099,0.78797317,580825.605,252332080.08025226,1.41997,0.740899
2026-07-03 23:55:00,0.73766111,0.6818083,535102.115,246724242.10511112,1.30452,0.871907
2026-07-04 23:55:00,0.7388031,0.67824693,529416.797,245236448.70634,1.120564,0.914923
2026-07-05 23:55:00,0.70760584,0.66659675,510045.347,235750495.07898197,1.287528,0.931511
2026-07-06 23:55:00,0.67291938,0.65839528,483324.91,218775507.81086317,0.610853,0.995998
2026-07-07 23:55:00,0.59675646,0.55601421,504668.48,244081721.11586693,0.592414,1.054055
2026-07-08 23:55:00,0.73080039,0.66551724,488179.773,227374611.07248,1.164971,0.941998
2026-07-09 23:55:00,0.65880083,0.59770586,504766.039,242989323.51421,0.919457,0.913916
2026-07-10 23:55:00,0.60100851,0.55693637,510857.195,254878503.4634751,1.11905,0.926193
2026-07-11 23:55:00,0.58462807,0.52371542,513323.031,261103557.18547505,0.835639,0.949463
2026-07-12 23:55:00,0.51511135,0.45804657,536279.352,285985552.36247265,1.293332,0.893169
2026-07-13 23:55:00,0.56631618,0.55035026,502328.931,248803519.5243,0.803488,0.879782
2026-07-14 23:55:00,0.52535077,0.46143396,517144.116,291649189.4338911,0.932425,0.848762
2026-07-15 23:55:00,0.48264969,0.43366808,542332.015,309319064.75525,0.584427,0.849177
2026-07-16 23:55:00,0.55343783,0.51635533,530412.866,277676076.4597904,0.789098,0.876405
2026-07-17 23:55:00,0.60164769,0.52537678,539847.362,295490852.06432,1.30267,0.817045
2026-07-18 23:55:00,0.58231368,0.5146555,541215.42,302202965.7237356,1.347547,0.830851
2026-07-19 23:55:00,0.56597005,0.52238335,528170.084,289358573.76532006,1.269772,0.834871
2026-07-20 23:55:00,0.50167152,0.47610633,511556.167,278101699.2030799,1.026364,0.86738
2026-07-21 23:55:00,0.55812155,0.52288815,499922.455,266228704.1857,2.588122,0.874401
2026-07-22 23:55:00,0.54569921,0.51506001,517220.806,266435953.79478,1.313035,0.929071
2026-07-23 23:55:00,0.54852681,0.53839235,512129.661,258399229.33883467,3.056319,0.924392
2026-07-24 23:55:00,0.56314773,0.56890067,505896.064,246978414.99338707,0.517046,0.927827
2026-07-25 23:55:00,0.63500333,0.61832593,507357.829,246230741.56991506,0.710827,0.956805
2026-07-26 23:55:00,0.58789694,0.5647849,496479.587,252251348.56296,1.131427,0.953757
2026-07-27 23:55:00,0.63159254,0.635105,495450.751,236073718.1430027,0.802625,0.956648
2026-07-28 23:55:00,0.6840213,0.66772978,495898.471,230840542.4797016,0.673645,0.934499
2026-07-29 23:55:00,0.60689207,0.61339713,489857.719,228951321.5719335,1.406841,1.00218
2026-07-30 23:55:00,0.59920487,0.60523656,489672.684,230143199.6947708,0.415293,1.019312
2026-07-31 23:55:00,0.68945364,0.68947216,490734.143,224525592.44679,0.730563,1.126185
2026-08-01 23:55:00,0.623798,0.61868663,469171.561,216554295.15316957,0.998678,1.13354
2026-08-02 23:55:00,0.57368421,0.56915754,476588.786,233385528.5042,0.775481,1.199106
2026-08-03 23:55:00,0.62410456,0.61724577,478381.008,231128732.1940939,1.470141,1.111155
2026-08-04 23:55:00,0.58374985,0.5513331,479803.775,243027387.93676543,0.801161,1.075643
2026-08-05 23:55:00,0.55382496,0.5253367,497001.905,254579285.79815,0.928937,1.019344
2026-08-06 23:55:00,0.59674431,0.56962259,470714.122,236515017.74012,1.488022,1.082756
2026-08-07 23:55:00,0.5801382,0.52683663,484454.254,247681336.36854398,0.63698,1.08511
2026-08-08 23:55:00,0.57398858,0.54160273,484204.456,245946247.9797032,1.473545,1.108637
2026-08-09 23:55:00,0.55621483,0.52636463,477377.639,243307629.68017223,0.892652,1.056619
2026-08-10 23:55:00,0.58668837,0.56664892,484004.393,240124259.45516,2.309433,1.040287
2026-08-11 22:25:00,0.68838414,0.69161129,491069.483,236304413.9027316,1.017497,1.227432
2026-08-12 23:00:00,0.60542285,0.61522537,485739.126,237974814.8407428,0.784034,1.16548
2026-08-13 23:50:00,0.60541991,0.59832044,478782.065,235182538.14865,1.500757,1.132332
2026-08-14 23:55:00,0.62629899,0.60616799,487376.38,240335040.5056,0.70691,1.175995
2026-08-15 22:50:00,0.64842236,0.63853768,497683.561,243178141.57582,0.554271,1.224561
2026-08-16 23:55:00,0.64290648,0.62039384,503200.278,244633160.76244387,1.796241,1.175254
2026-08-17 23:30:00,0.60762574,0.56220984,511251.651,262927508.10298848,1.473745,1.026217
2026-08-18 23:05:00,0.6603083,0.6137978,493328.491,251281800.17576,0.625916,1.033811
2026-08-19 22:30:00,0.63710097,0.56025286,503118.621,283102875.24318165,0.569381,1.003534
2026-08-20 23:45:00,0.70043754,0.63213488,500045.879,283826040.9204,0.84267,1.028351
2026-08-21 23:20:00,0.68053554,0.59820993,535966.236,392541671.2464,0.867275,1.008132
2026-08-22 23:55:00,0.51493835,0.49654162,536746.157,430156691.07879174,0.499866,1.033
2026-08-23 23:20:00,0.49133439,0.45126815,554521.878,468988773.7685477,1.217915,0.957111
2026-08-24 21:00:00,0.56457029,0.53037653,516131.288,424379197.2031107,1.450852,0.955087
2026-08-25 23:25:00,0.56159242,0.5436229,517845.834,404970977.51641387,0.918971,1.07367
2026-08-26 23:10:00,0.56849249,0.51189252,518766.172,421668707.58676,1.144214,1.087346
2026-08-27 23:40:00,0.52005655,0.48232111,517414.813,420192163.8443846,0.530574,1.019507
2026-08-28 18:10:00,0.59526995,0.5581898,500785.402,394468661.1554,1.957851,1.01415
2026-08-29 23:50:00,0.5725605,0.53361968,572460.439,481559445.89119,0.63139,0.935586
2026-08-30 21:50:00,0.44070518,0.40999495,594569.636,517477736.99624,1.465045,0.943653
2026-08-31 22:15:00,0.44338674,0.40039168,548162.945,464173418.5671,0.497724,0.884613
2026-09-01 23:20:00,0.52143905,0.47802346,522261.165,431163149.98905,0.794181,0.881737
2026-09-02 23:55:00,0.46520559,0.43615864,518763.259,423041062.44932,1.295281,0.906798
2026-09-03 21:50:00,0.54515977,0.51099445,587454.121,559091836.03812,0.713133,0.876292
2026-09-04 23:35:00,0.42309127,0.40196706,600678.804,618209118.9683126,1.366876,0.86877
2026-09-05 23:25:00,0.42715776,0.3929885,579052.06,592515020.395,1.327641,0.866919
2026-09-06 23:35:00,0.36883849,0.32209167,576873.85,708708949.4751017,1.272549,0.89202
2026-09-07 22:30:00,0.41295413,0.39883756,559621.406,640630470.0977657,1.102237,0.912885
2026-09-08 23:20:00,0.46886797,0.42355247,541040.318,639558349.50462,1.68837,0.910055
