time,open,high,low,close,volume
1737532800,0.42201,0.42372,0.422,0.42355,913283.106084
1737547200,0.42344,0.43147,0.41105,0.41263,5141829.61247
1737561600,0.4113,0.41963,0.409,0.41408,974435.662005
1737576000,0.41533,0.41538,0.40275,0.40517,5873352.886016
1737590400,0.40523,0.40583,0.395,0.39682,732756.898862
1737604800,0.39763,0.39923,0.39239,0.39866,479286.484718
1737619200,0.39828,0.39828,0.38961,0.39533,732444.367813
1737633600,0.39519,0.41869,0.38995,0.41255,1967856.754719
1737648000,0.41557,0.42303,0.39745,0.39942,1190613.36107
1737662400,0.39969,0.415,0.39704,0.41026,1088321.954087
1737676800,0.41105,0.41281,0.39215,0.40405,852934.038375
1737691200,0.40321,0.41717,0.39938,0.4091,1000225.494863
1737705600,0.40838,0.42265,0.40797,0.41645,1358624.418829
1737720000,0.41625,0.42691,0.40805,0.41149,1317432.537676
1737734400,0.4112,0.4131,0.40565,0.4063,450981.103395
1737748800,0.40911,0.40943,0.39682,0.40041,719153.63373
1737763200,0.39848,0.40798,0.39615,0.40595,282320.868529
1737777600,0.40589,0.40711,0.39904,0.40071,373847.775636
1737792000,0.40008,0.40111,0.3969,0.40093,347249.523845
1737806400,0.40061,0.40173,0.39408,0.3952,239567.031633
1737820800,0.39469,0.40368,0.39469,0.40205,372730.489789
1737835200,0.40206,0.4091,0.40206,0.40257,849945.777992
1737849600,0.40257,0.40901,0.3998,0.4072,401035.192719
1737864000,0.40709,0.41901,0.4064,0.41087,600879.191482
1737878400,0.41105,0.41347,0.3996,0.40297,381322.951515
1737892800,0.40317,0.40317,0.3995,0.39975,187205.904417
1737907200,0.39951,0.40578,0.39716,0.40501,482582.696518
1737921600,0.40495,0.40495,0.38067,0.38145,1338506.991576
1737936000,0.38062,0.3856,0.36544,0.37136,2442245.983956
1737950400,0.37147,0.37147,0.34491,0.35636,2818253.326563
1737964800,0.35495,0.35889,0.34651,0.3512,1039605.808406
1737979200,0.35115,0.37998,0.35011,0.37354,1751320.401299
1737993600,0.37331,0.38057,0.36163,0.3674,1614691.440527
1738008000,0.36748,0.38839,0.36748,0.38697,1160340.524308
1738022400,0.38679,0.39181,0.37734,0.3831,885968.101869
1738036800,0.38315,0.39054,0.3821,0.38414,447721.947393
1738051200,0.38432,0.38827,0.37962,0.38503,442663.675408
1738065600,0.38285,0.38622,0.37559,0.38039,693074.499966
1738080000,0.38068,0.38068,0.36701,0.36989,979259.05932
1738094400,0.36999,0.37133,0.35775,0.36337,1006380.723654
1738108800,0.36206,0.37005,0.362,0.36875,529030.284067
1738123200,0.36825,0.37608,0.36747,0.37456,811997.142861
1738137600,0.37355,0.37645,0.36699,0.3686,521512.656823
1738152000,0.36875,0.36947,0.35789,0.36463,966657.659811
1738166400,0.36254,0.375,0.35381,0.37149,1185133.289124
1738180800,0.371,0.38538,0.36612,0.36893,646496.318234
1738195200,0.36934,0.38216,0.36568,0.38138,522209.1086
1738209600,0.38149,0.38329,0.37273,0.37504,321761.964245
1738224000,0.37504,0.38208,0.37306,0.38187,385070.201974
1738238400,0.38192,0.39586,0.37733,0.3912,1617673.487123
1738252800,0.39207,0.39423,0.38429,0.3936,593528.514264
1738267200,0.39317,0.39474,0.38752,0.38754,402810.172975
1738281600,0.38801,0.38916,0.3776,0.3805,1282501.456251
1738296000,0.38,0.3886,0.37633,0.38464,878827.085892
1738310400,0.38434,0.39471,0.37974,0.39367,131061.965978
1738324800,0.39425,0.40197,0.39152,0.40074,1266598.044375
1738339200,0.40033,0.4025,0.37861,0.38056,1622049.82488
1738353600,0.37856,0.38213,0.374,0.3783,534799.477024
1738368000,0.379,0.38576,0.37712,0.37931,356193.974533
1738382400,0.38021,0.38057,0.3746,0.375,98604.229248
1738396800,0.37506,0.37599,0.3655,0.37099,675785.469254
1738411200,0.37108,0.37195,0.36288,0.3672,305026.079947
1738425600,0.36659,0.3692,0.35502,0.35679,480086.508135
1738440000,0.35533,0.35738,0.34529,0.34799,865418.653972
1738454400,0.34763,0.35637,0.33559,0.33659,784303.29024
1738468800,0.33642,0.346,0.33461,0.33938,718376.702147
1738483200,0.33933,0.34609,0.32851,0.32979,701436.230164
1738497600,0.32901,0.33612,0.32,0.33019,2230180.359118
1738512000,0.3292,0.3292,0.29583,0.31179,4038865.644336
1738526400,0.31055,0.31455,0.2831,0.29999,2029690.917617
1738540800,0.29989,0.29989,0.22903,0.26382,10200089.706894
1738555200,0.26392,0.28943,0.25164,0.28905,6111669.262384
1738569600,0.28801,0.28801,0.27566,0.27827,1103146.987986
1738584000,0.27907,0.30316,0.26256,0.30095,3223071.179861
1738598400,0.30092,0.3162,0.29616,0.3153,1860739.099161
1738612800,0.31475,0.319,0.3031,0.31334,2559634.623337
1738627200,0.31322,0.317,0.30203,0.30369,358307.062316
1738641600,0.30353,0.3055,0.28165,0.28264,5606592.319307
1738656000,0.28228,0.29415,0.27857,0.28965,672419.385967
1738670400,0.28917,0.30104,0.28917,0.2954,990153.75821
1738684800,0.29541,0.31137,0.29375,0.29562,2665052.538097
1738699200,0.29673,0.2976,0.28084,0.29252,1136465.950262
1738713600,0.2916,0.2954,0.28855,0.29237,498605.731272
1738728000,0.29222,0.29454,0.28691,0.29154,824140.351515
1738742400,0.29118,0.29547,0.28739,0.29487,204284.144351
1738756800,0.29478,0.29968,0.28985,0.298,539571.5675
1738771200,0.29825,0.29947,0.285,0.29553,1051244.34825
1738785600,0.29589,0.29816,0.2778,0.28119,502109.414179
1738800000,0.28154,0.29307,0.28154,0.291,1314787.981853
1738814400,0.29055,0.29764,0.28864,0.29186,582416.048037
1738828800,0.29211,0.29317,0.28672,0.28924,104288.180833
1738843200,0.28937,0.28937,0.26758,0.269,1331468.19635
1738857600,0.26907,0.2751,0.26514,0.26706,1064991.084116
1738872000,0.26645,0.27299,0.26335,0.26718,834065.533965
1738886400,0.2672,0.27601,0.26631,0.27266,585453.781368
1738900800,0.27249,0.27472,0.26619,0.26856,366860.726089
1738915200,0.26808,0.28076,0.26808,0.27827,115293.875302
1738929600,0.27846,0.295,0.27409,0.28691,1467653.059685
1738944000,0.28796,0.28796,0.27666,0.27767,740759.505685
1738958400,0.27759,0.27759,0.26051,0.26934,422051.792319
1738972800,0.26737,0.27437,0.26731,0.26784,701234.463301
1738987200,0.26736,0.27182,0.26427,0.26985,360480.334624
1739001600,0.27004,0.27113,0.2666,0.26876,112936.674844
1739016000,0.26879,0.27293,0.26721,0.26779,169707.049358
1739030400,0.26811,0.27648,0.26519,0.27648,130558.337457
1739044800,0.2766,0.2777,0.273,0.27601,413651.584898
1739059200,0.27601,0.2883,0.27429,0.28688,702851.471729
1739073600,0.28631,0.28631,0.27813,0.28123,467048.761923
1739088000,0.2813,0.28226,0.27677,0.27723,302905.684597
1739102400,0.27673,0.27787,0.26933,0.27507,277979.025394
1739116800,0.27533,0.28151,0.27152,0.27188,790324.81937
1739131200,0.27219,0.27655,0.25857,0.27573,719036.35288
1739145600,0.27515,0.28343,0.26865,0.27816,789479.771787
1739160000,0.27763,0.28658,0.27763,0.2853,167719.645911
1739174400,0.28534,0.29251,0.28507,0.29098,1942677.249033
1739188800,0.29122,0.29739,0.28547,0.28764,1167899.477074
1739203200,0.28791,0.29253,0.28705,0.28728,381144.521072
1739217600,0.28733,0.29129,0.28728,0.29041,423951.230952
1739232000,0.29025,0.2975,0.28886,0.29583,1040953.042328
1739246400,0.29574,0.31281,0.29528,0.30962,1550780.503386
1739260800,0.30899,0.31335,0.30493,0.30755,751950.665242
1739275200,0.30769,0.30769,0.29416,0.297,880775.290304
1739289600,0.29679,0.29991,0.28266,0.28404,1130904.005597
1739304000,0.28385,0.29306,0.28371,0.28605,409701.889594
1739318400,0.28573,0.29084,0.2816,0.28293,453081.034755
1739332800,0.2825,0.2883,0.28043,0.2865,472295.249382
1739347200,0.2867,0.29232,0.2853,0.29078,468287.290815
1739361600,0.29079,0.29535,0.27611,0.28789,1485233.981195
1739376000,0.28781,0.29805,0.28517,0.29637,1056499.462865
1739390400,0.29598,0.30529,0.29508,0.30237,888925.262705
1739404800,0.30263,0.3073,0.29956,0.30251,1363106.749495
1739419200,0.30233,0.30233,0.29261,0.29327,657762.859524
1739433600,0.29297,0.29361,0.28836,0.29049,373100.772526
1739448000,0.29027,0.29268,0.28542,0.29053,970522.173376
1739462400,0.29098,0.29817,0.28714,0.29426,961866.659174
1739476800,0.29417,0.29653,0.29167,0.29358,182743.196739
1739491200,0.29361,0.29658,0.29082,0.296,319167.977268
1739505600,0.29576,0.29651,0.29082,0.29173,200397.636756
1739520000,0.29098,0.30418,0.29098,0.29851,900048.959375
1739534400,0.29865,0.30968,0.29433,0.3024,1892496.608718
1739548800,0.30186,0.30887,0.29783,0.30313,980755.711843
1739563200,0.30353,0.30443,0.29222,0.29655,611190.267875
1739577600,0.29662,0.30187,0.29325,0.30087,328175.00753
1739592000,0.30081,0.30279,0.29388,0.29634,149001.021511
1739606400,0.29633,0.29928,0.29143,0.29298,774438.19517
1739620800,0.29297,0.29438,0.28719,0.28856,522131.37982
1739635200,0.288,0.28967,0.28471,0.28471,275246.340466
1739649600,0.28464,0.28557,0.28121,0.28444,271667.978586
1739664000,0.2841,0.28572,0.27841,0.2805,449674.93889
1739678400,0.28084,0.2826,0.27725,0.2777,213047.470964
1739692800,0.278,0.28461,0.27726,0.28451,183863.809307
1739707200,0.28422,0.28422,0.27447,0.27633,214258.832628
1739721600,0.27632,0.27756,0.27348,0.27703,243127.173106
1739736000,0.27708,0.27845,0.27433,0.27511,294430.683109
1739750400,0.27532,0.27968,0.27418,0.27584,173478.102624
1739764800,0.2751,0.27729,0.27097,0.27396,349686.708766
1739779200,0.27344,0.27944,0.27188,0.27698,423604.855693
1739793600,0.2769,0.28347,0.27275,0.27293,1249257.125762
1739808000,0.2731,0.27482,0.26601,0.26931,1112968.968317
1739822400,0.26898,0.2742,0.26834,0.26991,399043.107071
1739836800,0.27011,0.27167,0.26762,0.27025,269560.418219
1739851200,0.27031,0.27058,0.25737,0.2598,2688533.652376
1739865600,0.25977,0.26295,0.25566,0.25971,799151.023877
1739880000,0.25949,0.26607,0.2502,0.25153,3595180.553124
1739894400,0.25149,0.25427,0.245,0.2507,2084404.790985
1739908800,0.25075,0.25717,0.24921,0.25716,724166.937318
1739923200,0.25717,0.25944,0.25414,0.25685,443461.02852
1739937600,0.25606,0.26115,0.25155,0.26115,299926.207403
1739952000,0.26058,0.26413,0.25774,0.26383,125765.03654
1739966400,0.26383,0.26415,0.25676,0.25779,707089.399078
1739980800,0.25778,0.26276,0.25662,0.25875,256690.216757
1739995200,0.25896,0.2628,0.25641,0.26141,533508.951113
1740009600,0.26141,0.26657,0.2599,0.26603,780850.302697
1740024000,0.2661,0.2698,0.26168,0.26311,371303.9186
1740038400,0.26228,0.26665,0.26151,0.26522,180274.345014
1740052800,0.26542,0.2682,0.26125,0.26192,493396.836444
1740067200,0.26156,0.27235,0.26156,0.27163,3292233.296194
1740081600,0.27178,0.27259,0.2677,0.27105,1532741.72654
1740096000,0.27115,0.27182,0.26729,0.26777,305016.309188
1740110400,0.2678,0.27249,0.2678,0.27137,175121.678032
1740124800,0.27147,0.27978,0.27128,0.27651,944357.444466
1740139200,0.27699,0.28996,0.26962,0.27512,3056020.177405
1740153600,0.27476,0.2799,0.25504,0.25675,1854714.705621
1740168000,0.25708,0.2637,0.25601,0.26363,2928076.214605
1740182400,0.26327,0.27175,0.26203,0.26548,218296.167337
1740196800,0.26506,0.26794,0.26496,0.26563,682158.664169
1740211200,0.26541,0.26833,0.26375,0.2668,654155.269308
1740225600,0.26692,0.26836,0.26487,0.26754,320794.130285
1740240000,0.26807,0.27134,0.26684,0.26853,862555.535051
1740254400,0.26855,0.26855,0.26558,0.26608,418324.358849
1740268800,0.26616,0.26647,0.2612,0.26348,534425.935891
1740283200,0.26337,0.26862,0.26161,0.26774,593907.720293
1740297600,0.26781,0.26783,0.26237,0.26264,251585.742447
1740312000,0.26237,0.26328,0.2553,0.25569,185751.919166
1740326400,0.25514,0.25927,0.25501,0.25743,266548.205029
1740340800,0.25734,0.26081,0.25459,0.25963,377545.25296
1740355200,0.25963,0.26124,0.24924,0.24972,1056514.697296
1740369600,0.24957,0.253,0.2453,0.25211,8562889.3283
1740384000,0.25221,0.2524,0.24666,0.25151,4163425.838771
1740398400,0.25014,0.25552,0.2448,0.24651,1229455.365668
1740412800,0.2464,0.24983,0.24009,0.24124,601841.513118
1740427200,0.24123,0.24481,0.22542,0.22713,5187405.505778
1740441600,0.22699,0.231,0.22165,0.22491,2536929.342817
1740456000,0.22483,0.22736,0.205,0.21634,4135771.97079
1740470400,0.21569,0.22319,0.20906,0.22209,2357772.082032
1740484800,0.22206,0.22646,0.21643,0.22333,1790838.282108
1740499200,0.22291,0.23101,0.22058,0.23101,3247105.78843
1740513600,0.23088,0.237,0.22892,0.23176,8610982.631726
1740528000,0.23176,0.23592,0.22876,0.23456,3482703.664482
1740542400,0.23466,0.23635,0.23065,0.23283,3519541.039673
1740556800,0.23265,0.23941,0.23037,0.23513,446953.39814
1740571200,0.23519,0.24111,0.22913,0.23938,4414653.202996
1740585600,0.23957,0.2414,0.22606,0.22809,2612802.716341
1740600000,0.22818,0.24159,0.225,0.23581,1198679.607566
1740614400,0.23596,0.24078,0.23317,0.23909,3802068.288247
1740628800,0.23944,0.24319,0.23595,0.24176,2396313.760904
1740643200,0.24182,0.2429,0.23998,0.24132,2843333.58048
1740657600,0.24124,0.24159,0.23409,0.23722,578582.984937
1740672000,0.23767,0.23923,0.2335,0.23436,1118136.833197
1740686400,0.23436,0.23814,0.22995,0.23734,689420.34099
1740700800,0.23743,0.23806,0.22002,0.22002,3740855.046311
1740715200,0.22043,0.22228,0.2152,0.21714,1228449.758708
1740729600,0.21712,0.22311,0.21209,0.22069,6773804.878529
1740744000,0.22105,0.23878,0.22045,0.23735,1810610.484387
1740758400,0.23751,0.24253,0.23492,0.23935,1430050.618411
1740772800,0.23951,0.24023,0.23713,0.23794,391073.83682
1740787200,0.23706,0.24219,0.23436,0.24161,2112608.060053
1740801600,0.24117,0.24555,0.24005,0.24005,426641.208382
1740816000,0.24039,0.24553,0.23902,0.24187,2853651.651062
1740830400,0.24221,0.24316,0.23425,0.23681,1708138.050438
1740844800,0.23684,0.24368,0.23535,0.24352,638782.347311
1740859200,0.24326,0.2584,0.24076,0.25344,1071502.601443
1740873600,0.25204,0.26184,0.24991,0.2596,2704017.959159
1740888000,0.25982,0.25982,0.24965,0.24965,2738159.826568
1740902400,0.24981,0.25114,0.24726,0.24952,273997.004688
1740916800,0.24969,0.27143,0.24404,0.25878,10529693.560723
1740931200,0.25895,0.30698,0.25895,0.29258,8730189.480541
1740945600,0.29216,0.29269,0.28554,0.29099,763476.153436
1740960000,0.29099,0.29931,0.28042,0.28198,6533846.499118
1740974400,0.28121,0.28224,0.27009,0.27403,1885106.766987
1740988800,0.274,0.274,0.26475,0.27002,934892.249259
1741003200,0.27003,0.27849,0.264,0.26542,1524761.157845
1741017600,0.26564,0.26848,0.23976,0.24062,3108674.646294
1741032000,0.24163,0.24438,0.23557,0.23807,2042208.887945
1741046400,0.23722,0.23998,0.21795,0.22847,4655251.018163
1741060800,0.22733,0.23295,0.22661,0.22766,1243086.751696
1741075200,0.22767,0.23331,0.22694,0.22892,938883.843616
1741089600,0.2283,0.23774,0.21938,0.228,2266114.634717
1741104000,0.22837,0.24325,0.2167,0.24113,2043271.65585
1741118400,0.24085,0.24239,0.23464,0.23855,798973.50415
1741132800,0.2378,0.24328,0.23523,0.23558,705088.757229
1741147200,0.23551,0.23926,0.2345,0.23922,764998.225301
1741161600,0.23929,0.25643,0.23895,0.2512,2582135.854812
1741176000,0.25166,0.25331,0.24187,0.24411,993505.097619
1741190400,0.24391,0.25227,0.24292,0.25131,1244424.692147
1741204800,0.25041,0.25227,0.2489,0.25008,942157.245297
1741219200,0.25011,0.25499,0.24658,0.25425,1269740.722042
1741233600,0.25432,0.26,0.25149,0.25255,2764155.715159
1741248000,0.2525,0.25625,0.2515,0.25384,572907.2412
1741262400,0.25341,0.25341,0.24337,0.2488,962157.772185
1741276800,0.24884,0.25099,0.24151,0.24568,1099607.620585
1741291200,0.2431,0.24749,0.24014,0.24029,608492.541998
1741305600,0.24099,0.24267,0.22627,0.23577,1485246.288094
1741320000,0.23592,0.24239,0.23592,0.24105,309675.750124
1741334400,0.24131,0.24762,0.2399,0.24313,415004.052379
1741348800,0.24357,0.24628,0.23823,0.24011,908247.615907
1741363200,0.24025,0.24564,0.23354,0.24269,871158.31322
1741377600,0.24234,0.2444,0.23184,0.23285,841978.427028
1741392000,0.23233,0.23594,0.2292,0.23114,556572.203476
1741406400,0.23056,0.2348,0.22953,0.22993,212604.295146
1741420800,0.22987,0.23014,0.22447,0.22554,643735.072376
1741435200,0.22565,0.22806,0.22471,0.22644,479982.398353
1741449600,0.22661,0.22901,0.22312,0.22812,830613.939166
1741464000,0.22787,0.2292,0.2239,0.22448,229976.234252
1741478400,0.22457,0.22662,0.22157,0.22338,498068.163144
1741492800,0.22262,0.22352,0.22019,0.22185,399977.139546
1741507200,0.22203,0.22255,0.21458,0.21569,794616.104168
1741521600,0.21556,0.21872,0.20959,0.21051,3423301.694448
1741536000,0.20933,0.21165,0.20038,0.20505,2372180.630717
1741550400,0.20484,0.20731,0.19907,0.20111,1968903.043469
1741564800,0.20119,0.20802,0.19788,0.20531,885288.183074
1741579200,0.20478,0.20804,0.20471,0.2062,508290.851014
1741593600,0.20648,0.21448,0.20245,0.21203,1605806.211615
1741608000,0.21104,0.21245,0.19472,0.19916,3878571.554901
1741622400,0.1994,0.1994,0.1811,0.1893,2487182.727466
1741636800,0.18889,0.18991,0.18354,0.1836,3551445.900087
1741651200,0.18385,0.1897,0.17406,0.1883,5380517.566481
1741665600,0.18778,0.19324,0.18778,0.19208,2176810.787178
1741680000,0.19084,0.19467,0.19084,0.19378,566825.694892
1741694400,0.19407,0.19505,0.1836,0.19182,1679254.152687
1741708800,0.19094,0.20023,0.18886,0.19881,2710843.760584
1741723200,0.19869,0.19873,0.19072,0.19088,923161.811884
1741737600,0.19211,0.19719,0.18934,0.18934,732504.397722
1741752000,0.18912,0.1917,0.18609,0.1916,5709787.433034
1741766400,0.19177,0.19564,0.19,0.19459,3305960.57331
1741780800,0.19494,0.20122,0.1879,0.19138,6216987.457136
1741795200,0.19095,0.19657,0.19095,0.19524,3719381.746542
1741809600,0.19484,0.19618,0.19374,0.1959,789047.474802
1741824000,0.19579,0.19911,0.1946,0.19518,795179.76013
1741838400,0.1954,0.19584,0.1912,0.19317,361120.000326
1741852800,0.1939,0.19865,0.19135,0.19697,456250.606725
1741867200,0.19696,0.2015,0.19164,0.19245,7168633.043407
1741881600,0.19242,0.1931,0.18917,0.19073,1826306.375383
1741896000,0.19053,0.19704,0.18853,0.19558,3102961.350647
1741910400,0.19575,0.19703,0.19421,0.19551,709384.588503
1741924800,0.19549,0.19734,0.19477,0.19719,449141.777656
1741939200,0.19714,0.19946,0.19683,0.19779,1667363.426152
1741953600,0.19779,0.20519,0.19667,0.20263,1399653.936894
1741968000,0.20265,0.20335,0.19878,0.19963,796603.559733
1741982400,0.19948,0.20103,0.19747,0.19846,371058.279337
1741996800,0.19837,0.20082,0.19827,0.20021,177772.188747
1742011200,0.20054,0.20375,0.19904,0.19944,354427.991186
1742025600,0.19925,0.20169,0.19886,0.20133,443573.100529
1742040000,0.2013,0.20208,0.1999,0.20081,188103.399727
1742054400,0.20082,0.20174,0.1981,0.19815,409453.659289
1742068800,0.19877,0.20184,0.19877,0.19992,142893.329643
1742083200,0.20013,0.20013,0.19658,0.19906,800453.012034
1742097600,0.19903,0.20152,0.19852,0.1996,913473.286159
1742112000,0.19917,0.19917,0.18933,0.18972,462842.444232
1742126400,0.18922,0.19102,0.18601,0.18891,791355.164306
1742140800,0.18885,0.19326,0.18628,0.18707,260978.468771
1742155200,0.18721,0.18772,0.18477,0.18639,507651.129053
1742169600,0.18628,0.19113,0.18628,0.19089,126534.371199
1742184000,0.19102,0.19138,0.18663,0.19117,612190.966669
1742198400,0.19034,0.19265,0.1898,0.19206,63055.329979
1742212800,0.19166,0.1948,0.18795,0.19048,816321.447066
1742227200,0.1903,0.19459,0.18896,0.19316,427726.206395
1742241600,0.19284,0.1934,0.19078,0.19126,260177.756884
1742256000,0.19118,0.19154,0.18625,0.18625,336007.695412
1742270400,0.18697,0.18821,0.18461,0.18772,448253.938609
1742284800,0.18794,0.18886,0.18417,0.18417,331659.554946
1742299200,0.18413,0.18459,0.18015,0.18087,553785.777068
1742313600,0.18123,0.18385,0.18021,0.18354,214611.01047
1742328000,0.18349,0.18655,0.18116,0.18647,1224024.045126
1742342400,0.18671,0.1879,0.1852,0.18782,166406.352971
1742356800,0.18794,0.18857,0.18687,0.18691,206460.531469
1742371200,0.18737,0.19482,0.18737,0.19399,115934.649927
1742385600,0.19403,0.20135,0.19368,0.19992,1341144.335325
1742400000,0.19991,0.20083,0.19419,0.19692,1509817.830497
1742414400,0.19726,0.19996,0.19664,0.19996,1100767.70654
1742428800,0.19986,0.2012,0.19638,0.19638,1379359.193466
1742443200,0.19635,0.19704,0.19441,0.19677,818332.307456
1742457600,0.19646,0.19872,0.19462,0.19603,336275.13085
1742472000,0.19623,0.20168,0.19612,0.19645,1165071.258628
1742486400,0.19648,0.1972,0.19235,0.19482,829161.294838
1742500800,0.19482,0.19753,0.19413,0.1952,468214.666064
1742515200,0.19469,0.19668,0.1925,0.1925,259328.008461
1742529600,0.19269,0.19386,0.18936,0.19108,413866.408037
1742544000,0.19127,0.19153,0.1877,0.18919,160818.116701
1742558400,0.18873,0.1897,0.18719,0.18848,189561.972789
1742572800,0.188,0.19153,0.18765,0.18943,690631.874778
1742587200,0.18954,0.19206,0.18691,0.18728,190155.947243
1742601600,0.18697,0.18936,0.18644,0.18741,113187.094069
1742616000,0.18742,0.19089,0.18742,0.18869,670626.930176
1742630400,0.18881,0.19112,0.18848,0.18891,17638.14157
1742644800,0.1889,0.18897,0.18734,0.1881,244867.135855
1742659200,0.18794,0.19018,0.18775,0.18918,306729.69141
1742673600,0.18951,0.18991,0.18717,0.1881,277857.884805
1742688000,0.18797,0.19017,0.18797,0.19017,142091.9795
1742702400,0.19016,0.1902,0.18848,0.18996,59227.82065
1742716800,0.19003,0.19156,0.1892,0.1903,24799.778306
1742731200,0.19019,0.19068,0.18908,0.18928,148768.516947
1742745600,0.189,0.18941,0.18706,0.1885,312372.109537
1742760000,0.18893,0.19184,0.18855,0.19184,165098.521331
1742774400,0.19179,0.19496,0.19061,0.19411,924327.97759
1742788800,0.19448,0.20145,0.19448,0.1999,835821.159705
1742803200,0.19986,0.20375,0.19986,0.20307,728660.838764
1742817600,0.20269,0.20747,0.20226,0.20539,1215962.724514
1742832000,0.20567,0.20592,0.20206,0.20273,707136.221569
1742846400,0.20276,0.20583,0.20219,0.20377,403186.39895
1742860800,0.20337,0.20508,0.20058,0.20132,301745.529434
1742875200,0.20102,0.20458,0.20102,0.20162,70006.333545
1742889600,0.20201,0.21055,0.20159,0.21035,207853.664658
1742904000,0.21078,0.21212,0.20597,0.20957,1257435.987703
1742918400,0.2098,0.21457,0.20873,0.21255,553825.592778
1742932800,0.2132,0.21458,0.2102,0.21178,411451.913995
1742947200,0.21189,0.21559,0.20955,0.20974,388797.407186
1742961600,0.20961,0.21839,0.20917,0.21706,393559.434872
1742976000,0.21764,0.21841,0.21392,0.21532,143261.936848
1742990400,0.2154,0.21572,0.20659,0.20749,634215.382223
1743004800,0.20758,0.20857,0.2031,0.2067,1372157.701239
1743019200,0.20631,0.20804,0.20507,0.20678,229737.480477
1743033600,0.2068,0.21423,0.20631,0.21423,713877.134762
1743048000,0.21439,0.21481,0.21095,0.21095,625215.150463
1743062400,0.21063,0.21239,0.20805,0.2085,233441.847325
1743076800,0.20856,0.21199,0.20597,0.21026,528661.500236
1743091200,0.21023,0.21273,0.20813,0.21082,256401.259907
1743105600,0.21102,0.21582,0.21025,0.21182,1045324.466971
1743120000,0.21157,0.21561,0.20949,0.21045,422964.465339
1743134400,0.21007,0.21109,0.20095,0.20195,875449.563461
1743148800,0.2028,0.20301,0.19954,0.20275,317226.833754
1743163200,0.20294,0.20414,0.19847,0.19993,415195.449583
1743177600,0.20014,0.20052,0.19682,0.19773,332630.930669
1743192000,0.19765,0.20067,0.19694,0.19968,247664.074241
1743206400,0.19967,0.20051,0.19072,0.19377,678863.034217
1743220800,0.19336,0.19345,0.18668,0.18756,232785.665452
1743235200,0.18744,0.18871,0.18325,0.18428,462656.95482
1743249600,0.18451,0.18704,0.18365,0.18412,317532.577033
1743264000,0.18438,0.18448,0.18039,0.1829,236183.509414
1743278400,0.18249,0.18417,0.18107,0.18395,91020.578368
1743292800,0.18385,0.18713,0.18204,0.18519,302008.210885
1743307200,0.1859,0.18683,0.18436,0.18531,39112.124578
1743321600,0.18541,0.18718,0.18354,0.18406,64117.754322
1743336000,0.18417,0.18468,0.18103,0.18199,55070.481821
1743350400,0.18214,0.18388,0.1788,0.18182,400043.398347
1743364800,0.1818,0.18256,0.1775,0.17945,1091302.567537
1743379200,0.17963,0.18094,0.17582,0.17647,367550.834889
1743393600,0.17719,0.17967,0.17438,0.17481,154503.206685
1743408000,0.17524,0.17739,0.17252,0.177,212783.291948
1743422400,0.17744,0.18115,0.17552,0.18022,647776.037776
1743436800,0.18012,0.18173,0.17678,0.17838,781162.37702
1743451200,0.17865,0.18084,0.17797,0.18028,192584.888871
1743465600,0.18022,0.18291,0.17903,0.18215,216357.436508
1743480000,0.18243,0.18425,0.18094,0.18357,254843.928538
1743494400,0.18389,0.19065,0.18389,0.18581,548334.8982
1743508800,0.1863,0.19324,0.18423,0.19291,1407207.490091
1743523200,0.1933,0.19402,0.1883,0.18851,1830857.731265
1743537600,0.18826,0.19101,0.18749,0.18891,476703.168426
1743552000,0.18882,0.18892,0.18343,0.1857,456581.544502
1743566400,0.18531,0.18708,0.18244,0.18543,835429.829399
1743580800,0.18562,0.189,0.18553,0.18628,208549.821698
1743595200,0.18632,0.19542,0.18413,0.19389,1755435.031709
1743609600,0.19377,0.19434,0.1891,0.19143,442812.619768
1743624000,0.1909,0.19532,0.17359,0.17654,1715012.597568
1743638400,0.17639,0.18131,0.17539,0.18,412171.536298
1743652800,0.17982,0.18044,0.17606,0.1775,273962.408823
1743667200,0.17746,0.17852,0.17252,0.17369,530416.392863
1743681600,0.17393,0.17449,0.16817,0.17146,1265040.590771
1743696000,0.17189,0.1761,0.17065,0.1759,316911.959769
1743710400,0.17594,0.18129,0.17594,0.18075,807068.325367
1743724800,0.18076,0.18229,0.1784,0.17906,194756.471733
1743739200,0.17936,0.18544,0.17806,0.185,405750.716747
1743753600,0.18538,0.18765,0.17625,0.17893,673557.584096
1743768000,0.17894,0.19252,0.17772,0.18777,2538623.605044
1743782400,0.18762,0.19065,0.18607,0.18795,712843.726219
1743796800,0.18809,0.18934,0.1849,0.18612,795259.631139
1743811200,0.18569,0.18886,0.18545,0.186,334936.654136
1743825600,0.18637,0.18897,0.18539,0.18867,235801.606785
1743840000,0.18839,0.18975,0.18652,0.18726,186653.973309
1743854400,0.18694,0.18712,0.18088,0.18143,575715.585838
1743868800,0.18151,0.18366,0.18127,0.18127,133195.773108
1743883200,0.18144,0.18353,0.18043,0.18317,261724.866832
1743897600,0.18224,0.18504,0.18157,0.18157,520638.131601
1743912000,0.18146,0.18305,0.17943,0.18012,375168.265521
1743926400,0.17975,0.18078,0.17739,0.17802,236034.061855
1743940800,0.17787,0.17815,0.17338,0.17655,509471.431911
1743955200,0.1769,0.17691,0.164,0.16603,1596210.092449
1743969600,0.16603,0.16658,0.15844,0.16209,869910.720336
1743984000,0.16219,0.1653,0.15394,0.15583,1515535.014496
1743998400,0.15596,0.15803,0.14592,0.15042,2849085.738281
1744012800,0.14984,0.15946,0.14915,0.15621,766912.410709
1744027200,0.15637,0.17433,0.15454,0.16565,1965735.44849
1744041600,0.16594,0.16928,0.16339,0.16494,2481052.246543
1744056000,0.16503,0.16942,0.16503,0.16654,592078.904541
1744070400,0.16654,0.17148,0.16584,0.16809,697035.081596
1744084800,0.1686,0.16974,0.16584,0.16709,460085.653986
1744099200,0.16696,0.17238,0.16533,0.17202,634795.161534
1744113600,0.17217,0.17339,0.16661,0.1669,743212.631744
1744128000,0.16687,0.16701,0.15717,0.15823,1526525.103199
1744142400,0.1583,0.1583,0.15276,0.15491,3361835.817677
1744156800,0.1549,0.15689,0.14874,0.15278,1695726.86173
1744171200,0.15268,0.16162,0.15268,0.1604,445203.512357
1744185600,0.16019,0.16071,0.155,0.15616,249176.424691
1744200000,0.15641,0.16135,0.15582,0.15967,669987.633107
1744214400,0.15975,0.17969,0.15975,0.17856,1517808.494786
1744228800,0.17913,0.18482,0.17879,0.18011,2108985.704499
1744243200,0.17998,0.18174,0.17422,0.17596,412582.434743
1744257600,0.17612,0.17871,0.17407,0.17662,717781.25721
1744272000,0.17664,0.17887,0.17516,0.17581,924795.544008
1744286400,0.17613,0.18105,0.1704,0.171,1377539.502879
1744300800,0.1711,0.17548,0.16995,0.17454,904649.342802
1744315200,0.17481,0.17743,0.17445,0.17659,202521.122326
1744329600,0.17649,0.18068,0.1753,0.18026,213193.44205
1744344000,0.18036,0.18136,0.17842,0.18124,417162.144086
1744358400,0.18079,0.18559,0.17968,0.18105,401379.686934
1744372800,0.18143,0.18379,0.18017,0.18243,851527.562375
1744387200,0.18226,0.18577,0.1811,0.18285,706473.569222
1744401600,0.18266,0.18401,0.17991,0.17992,329502.786664
1744416000,0.1797,0.18037,0.17713,0.17792,747868.529096
1744430400,0.17734,0.18315,0.17688,0.18315,321786.824165
1744444800,0.18313,0.1861,0.18115,0.18403,7578458.155896
1744459200,0.18411,0.19794,0.18383,0.19165,5925687.634938
1744473600,0.19198,0.19217,0.185,0.18875,5170073.184965
1744488000,0.18882,0.19225,0.18882,0.19119,358518.85384
1744502400,0.19118,0.19157,0.18734,0.18817,346851.443566
1744516800,0.18812,0.18812,0.18575,0.18643,632926.493253
1744531200,0.18629,0.19137,0.18604,0.18715,143320.74554
1744545600,0.18781,0.18815,0.18321,0.18442,1099348.866682
1744560000,0.18461,0.19083,0.18176,0.18358,801720.228364
1744574400,0.18291,0.18619,0.17958,0.18287,567691.407366
1744588800,0.18296,0.18943,0.18289,0.18552,580578.49274
1744603200,0.18574,0.18947,0.18495,0.18837,693319.618716
1744617600,0.18861,0.19264,0.18729,0.19168,548496.206199
1744632000,0.19185,0.20031,0.18862,0.19027,2687665.764407
1744646400,0.18998,0.19398,0.18913,0.19173,861933.295696
1744660800,0.19215,0.19303,0.18836,0.18884,616313.710238
1744675200,0.18893,0.19882,0.18773,0.1987,500596.558713
1744689600,0.19871,0.1988,0.19157,0.19359,1052213.277608
1744704000,0.19345,0.19345,0.18915,0.19001,380253.387929
1744718400,0.18954,0.19152,0.18376,0.18474,526684.374871
1744732800,0.18482,0.18593,0.18138,0.18172,680769.819197
1744747200,0.18173,0.18321,0.17862,0.17979,763919.869932
1744761600,0.17919,0.18531,0.17836,0.1829,473725.399552
1744776000,0.18297,0.1844,0.17859,0.17879,196466.623576
1744790400,0.17924,0.18283,0.17762,0.18055,543979.253122
1744804800,0.18039,0.18329,0.17702,0.18104,509707.346758
1744819200,0.18123,0.18466,0.1771,0.18411,972656.118582
1744833600,0.1843,0.18579,0.18101,0.18156,431652.532968
1744848000,0.18156,0.18343,0.1793,0.18075,134025.806041
1744862400,0.18093,0.1858,0.18048,0.18455,661302.960521
1744876800,0.18472,0.18472,0.18149,0.18357,108895.613099
1744891200,0.18328,0.18516,0.18002,0.18406,573216.105875
1744905600,0.18374,0.18976,0.18371,0.18659,1642425.035594
1744920000,0.18706,0.18941,0.18642,0.1868,452887.627738
1744934400,0.18687,0.18887,0.18551,0.18715,488993.976912
1744948800,0.18738,0.19205,0.18671,0.19107,420807.736291
1744963200,0.19128,0.19224,0.18994,0.19189,644407.454375
1744977600,0.19207,0.19224,0.18815,0.18867,287820.107597
1744992000,0.1888,0.19103,0.18872,0.19053,357317.927577
1745006400,0.19075,0.19177,0.18896,0.18941,355628.01613
1745020800,0.18975,0.19398,0.1896,0.19289,303626.706775
1745035200,0.19294,0.19435,0.19239,0.19303,210162.198581
1745049600,0.19315,0.19337,0.19156,0.19159,125887.874274
1745064000,0.19141,0.19213,0.18982,0.18987,335001.449883
1745078400,0.19068,0.19368,0.18967,0.19312,200869.007274
1745092800,0.1928,0.19447,0.19228,0.19289,316857.78099
1745107200,0.193,0.19365,0.19171,0.19216,371937.378269
1745121600,0.19206,0.19439,0.18949,0.19064,413166.86875
1745136000,0.19049,0.1925,0.18924,0.19038,139507.41301
1745150400,0.1907,0.19187,0.18945,0.19058,153995.024572
1745164800,0.19081,0.19524,0.19081,0.19508,512048.339971
1745179200,0.19509,0.1962,0.19188,0.19302,513706.151639
1745193600,0.19303,0.19944,0.19267,0.19707,1410243.095761
1745208000,0.19785,0.20352,0.19722,0.20187,453587.527552
1745222400,0.20227,0.20439,0.19728,0.19828,812672.934294
1745236800,0.19848,0.202,0.19809,0.19834,745753.102232
1745251200,0.19868,0.19876,0.19164,0.19408,864217.538701
1745265600,0.19393,0.19461,0.1919,0.19309,336026.800974
1745280000,0.19298,0.19481,0.18972,0.1919,551653.916269
1745294400,0.19169,0.19405,0.18961,0.19313,251390.847096
1745308800,0.19328,0.19537,0.19188,0.19492,1666798.388302
1745323200,0.19496,0.20426,0.19496,0.20146,1475432.071138
1745337600,0.20195,0.20296,0.20055,0.20151,872178.925458
1745352000,0.20102,0.2099,0.201,0.2095,992340.494744
1745366400,0.20969,0.2154,0.20816,0.21466,1907689.089419
1745380800,0.2149,0.21751,0.21274,0.21751,255067.196982
1745395200,0.2171,0.22168,0.21661,0.21792,628682.995582
1745409600,0.21825,0.22176,0.21048,0.21435,1055030.113465
1745424000,0.21448,0.2179,0.21237,0.21354,914936.715323
1745438400,0.21364,0.21525,0.21291,0.21376,316283.334907
1745452800,0.21391,0.21464,0.20908,0.20915,200730.358449
1745467200,0.20928,0.21281,0.20909,0.20988,275130.511618
1745481600,0.20979,0.21325,0.2066,0.2121,615015.952461
1745496000,0.21222,0.22567,0.211,0.22435,1170800.583195
1745510400,0.22378,0.22602,0.21977,0.22444,1743469.255123
1745524800,0.22371,0.22589,0.22079,0.22589,347496.162958
1745539200,0.226,0.22765,0.22107,0.22398,231126.751365
1745553600,0.22348,0.23019,0.22251,0.22933,548352.493638
1745568000,0.22946,0.23246,0.22773,0.23019,292346.381369
1745582400,0.23036,0.23361,0.22632,0.23016,1143941.699606
1745596800,0.23028,0.23203,0.22698,0.22853,637578.676303
1745611200,0.22869,0.23009,0.22652,0.2278,367269.599103
1745625600,0.2281,0.2346,0.2281,0.23379,317749.840218
1745640000,0.23339,0.2386,0.23045,0.23517,1148788.827123
1745654400,0.23492,0.23737,0.22766,0.22766,342180.52233
1745668800,0.22817,0.2324,0.22655,0.2324,440953.352566
1745683200,0.23174,0.23211,0.22837,0.22894,366997.159589
1745697600,0.22901,0.23008,0.22796,0.22873,131092.707825
1745712000,0.22892,0.23036,0.22302,0.22495,294405.383809
1745726400,0.22528,0.22589,0.22169,0.22397,286231.679768
1745740800,0.22319,0.22511,0.22192,0.22192,50971.696108
1745755200,0.22183,0.22528,0.21951,0.22089,725050.538067
1745769600,0.22076,0.22429,0.21885,0.22429,346703.702502
1745784000,0.22461,0.22731,0.22109,0.22141,240046.255586
1745798400,0.2214,0.22477,0.21545,0.22399,498030.592669
1745812800,0.22399,0.23233,0.22399,0.23233,1341391.010337
1745827200,0.23272,0.23572,0.22933,0.23199,778551.428181
1745841600,0.23188,0.23189,0.22174,0.22216,979094.860947
1745856000,0.22235,0.23118,0.22108,0.23071,449115.551653
1745870400,0.23047,0.23185,0.22877,0.23052,288137.738491
1745884800,0.2304,0.23472,0.2297,0.23207,775943.183097
1745899200,0.23213,0.23489,0.22869,0.23478,562237.622057
1745913600,0.2349,0.23573,0.23135,0.23146,50849.141895
1745928000,0.23131,0.23412,0.22781,0.23222,276830.056931
1745942400,0.23203,0.2358,0.23193,0.23311,591771.243001
1745956800,0.23292,0.23321,0.2235,0.22681,816314.709758
1745971200,0.22651,0.23,0.22544,0.22951,712886.998181
1745985600,0.22929,0.23074,0.22596,0.22685,86505.143202
1746000000,0.22686,0.22999,0.22669,0.22864,198016.956402
1746014400,0.22836,0.22837,0.2121,0.21955,1285440.323902
1746028800,0.21936,0.22237,0.21505,0.2198,1028680.536177
1746043200,0.21986,0.22278,0.2191,0.21987,565784.381088
1746057600,0.21976,0.22256,0.21917,0.21917,294325.209672
1746072000,0.2192,0.22048,0.21743,0.22038,634124.979867
1746086400,0.22085,0.22804,0.22085,0.22692,275766.657952
1746100800,0.2268,0.22798,0.22214,0.22361,481714.335048
1746115200,0.2234,0.22632,0.21586,0.2186,1769594.659832
1746129600,0.21873,0.22014,0.21698,0.21729,325730.274421
1746144000,0.21728,0.22374,0.21494,0.22112,296336.203069
1746158400,0.22089,0.22116,0.21603,0.21603,220915.933167
1746172800,0.21602,0.21786,0.21541,0.21603,214853.640841
1746187200,0.21633,0.22202,0.21491,0.21965,750128.344743
1746201600,0.21946,0.22137,0.21295,0.21434,222985.43686
1746216000,0.21388,0.21591,0.2129,0.21564,833103.881691
1746230400,0.21543,0.21543,0.2112,0.21294,212518.926261
1746244800,0.2129,0.21336,0.20983,0.21068,136164.325261
1746259200,0.21058,0.21124,0.20622,0.20815,743222.968518
1746273600,0.20829,0.21201,0.20803,0.20985,191499.753614
1746288000,0.20967,0.20982,0.20447,0.2096,1243618.787345
1746302400,0.20971,0.21047,0.20734,0.20743,266214.321031
1746316800,0.20697,0.2095,0.2056,0.20659,232434.182999
1746331200,0.20633,0.20708,0.20427,0.20491,73823.946893
1746345600,0.20526,0.20528,0.2022,0.20325,182849.462485
1746360000,0.20304,0.20409,0.20059,0.20253,405429.175533
1746374400,0.20232,0.20288,0.19915,0.20044,383338.203709
1746388800,0.20061,0.20218,0.1987,0.19962,220122.005674
1746403200,0.19955,0.20274,0.19679,0.20126,278851.758556
1746417600,0.20137,0.20489,0.20136,0.20325,231786.115578
1746432000,0.20351,0.2044,0.19817,0.19906,307962.199228
1746446400,0.19882,0.19933,0.195,0.19623,261006.518499
1746460800,0.19613,0.2018,0.19603,0.19942,185830.449274
1746475200,0.19918,0.2017,0.19676,0.19926,273732.127166
1746489600,0.19948,0.20154,0.19633,0.20104,188130.732299
1746504000,0.20062,0.20196,0.19748,0.19748,112804.632356
1746518400,0.19748,0.1977,0.19183,0.19242,194463.723404
1746532800,0.19215,0.1959,0.19087,0.19401,361831.973857
1746547200,0.1941,0.19721,0.19275,0.1959,259017.267291
1746561600,0.1959,0.19984,0.19156,0.19927,1025422.917752
1746576000,0.19944,0.20178,0.19708,0.19868,395223.377651
1746590400,0.1989,0.20124,0.19851,0.20119,95108.147447
1746604800,0.20092,0.20105,0.19895,0.19998,151285.55072
1746619200,0.2,0.2024,0.19753,0.19756,934955.463647
1746633600,0.19698,0.19868,0.19482,0.1956,368138.636636
1746648000,0.19539,0.19974,0.19437,0.19934,267718.921883
1746662400,0.19933,0.20779,0.19911,0.20779,616716.338332
1746676800,0.2078,0.21072,0.2078,0.21004,361272.472671
1746691200,0.2101,0.21441,0.2101,0.21175,674146.684026
1746705600,0.21175,0.21866,0.20907,0.21608,465058.431057
1746720000,0.21617,0.21899,0.21576,0.21849,756917.36838
1746734400,0.21872,0.22705,0.21851,0.22537,970561.742873
1746748800,0.22545,0.22785,0.22347,0.22347,608751.947835
1746763200,0.22383,0.23422,0.22383,0.23259,372996.334328
1746777600,0.23265,0.24,0.22994,0.23505,998046.403873
1746792000,0.23556,0.23781,0.23001,0.23262,334465.951654
1746806400,0.23252,0.23528,0.2295,0.23224,612158.542127
1746820800,0.23237,0.236,0.23123,0.23252,550202.741725
1746835200,0.23313,0.23683,0.23027,0.23455,584287.910774
1746849600,0.2344,0.23873,0.23188,0.23802,428489.794589
1746864000,0.23829,0.24011,0.23368,0.23433,650686.534384
1746878400,0.23455,0.24075,0.23455,0.23804,567839.656731
1746892800,0.23835,0.24573,0.23817,0.2412,1311400.020351
1746907200,0.2411,0.25345,0.24013,0.25329,1094418.848167
1746921600,0.25338,0.25719,0.24626,0.25004,1025436.947155
1746936000,0.24989,0.25255,0.23769,0.24014,622967.804152
1746950400,0.24078,0.24344,0.23892,0.24333,422057.911009
1746964800,0.24352,0.24456,0.23721,0.23887,407526.403117
1746979200,0.23876,0.24291,0.23577,0.24107,526627.147071
1746993600,0.24095,0.24243,0.23853,0.23929,1651460.612022
1747008000,0.23994,0.24431,0.2362,0.24284,3020379.730492
1747022400,0.24294,0.25136,0.23973,0.24508,1578221.173025
1747036800,0.24549,0.24939,0.24266,0.24509,685305.578226
1747051200,0.24497,0.2593,0.24342,0.2456,1352461.496809
1747065600,0.24571,0.2499,0.22993,0.23728,1139715.510716
1747080000,0.23756,0.24337,0.23613,0.24258,277090.126844
1747094400,0.24249,0.24249,0.22572,0.2271,742139.985912
1747108800,0.22634,0.2351,0.22634,0.23348,311667.568116
1747123200,0.23325,0.23903,0.23293,0.236,322697.939342
1747137600,0.23536,0.24,0.23273,0.2383,869764.638536
1747152000,0.23841,0.25187,0.2382,0.24836,930939.098757
1747166400,0.24854,0.24908,0.24591,0.24817,337049.258474
1747180800,0.24733,0.25053,0.24402,0.24672,676430.563941
1747195200,0.24668,0.25072,0.24506,0.2505,467256.228892
1747209600,0.25016,0.25071,0.24157,0.245,348364.434015
1747224000,0.24438,0.24605,0.23798,0.24012,492845.751381
1747238400,0.24004,0.24213,0.23522,0.24025,541777.926429
1747252800,0.24044,0.24102,0.235,0.23725,296881.079564
1747267200,0.23689,0.23948,0.23118,0.23232,652791.994417
1747281600,0.232,0.23335,0.2246,0.22615,218177.272082
1747296000,0.22543,0.23022,0.22379,0.22665,464087.226231
1747310400,0.22684,0.22992,0.22023,0.22809,961807.516516
1747324800,0.22823,0.2326,0.22405,0.22589,538687.930577
1747339200,0.22638,0.22782,0.22031,0.22555,1024344.204059
1747353600,0.22575,0.231,0.22447,0.22886,376407.620157
1747368000,0.229,0.2299,0.22634,0.22848,41585.454894
1747382400,0.22884,0.23081,0.22428,0.22953,197680.097424
1747396800,0.2292,0.2308,0.22605,0.22795,367356.579072
1747411200,0.22856,0.22955,0.22527,0.22796,280049.454564
1747425600,0.2278,0.2278,0.22044,0.22314,374304.502105
1747440000,0.22336,0.22356,0.21529,0.2207,918564.319714
1747454400,0.22059,0.22207,0.21861,0.21971,87427.021698
1747468800,0.21979,0.22009,0.21661,0.21877,59672.648068
1747483200,0.2175,0.21852,0.21305,0.21707,374386.774251
1747497600,0.21672,0.21672,0.21132,0.21404,827138.691178
1747512000,0.21452,0.21749,0.21313,0.21575,138696.136496
1747526400,0.21585,0.21753,0.21462,0.21619,92574.175038
1747540800,0.21559,0.22163,0.21559,0.22162,128304.200201
1747555200,0.22175,0.22431,0.22175,0.22187,252390.361944
1747569600,0.2219,0.23051,0.22071,0.23023,1279064.373783
1747584000,0.23026,0.23149,0.21502,0.21609,1532819.168116
1747598400,0.21583,0.22809,0.2118,0.22726,1694773.167418
1747612800,0.22733,0.22885,0.21652,0.21689,1040025.838621
1747627200,0.21694,0.21798,0.21032,0.21522,1151882.786131
1747641600,0.21459,0.216,0.21226,0.21481,111193.509221
1747656000,0.21463,0.22011,0.21083,0.21931,827111.43055
1747670400,0.2186,0.22377,0.21785,0.22188,508887.960782
1747684800,0.22204,0.2226,0.21992,0.22231,159016.559649
1747699200,0.22223,0.22731,0.22104,0.22408,573198.484508
1747713600,0.22386,0.22642,0.22225,0.22225,77466.932354
1747728000,0.22264,0.22268,0.21784,0.21962,500981.379154
1747742400,0.21893,0.22082,0.21705,0.21989,139811.171417
1747756800,0.21998,0.22227,0.21646,0.22227,312476.420002
1747771200,0.22119,0.22657,0.22119,0.22433,343526.752307
1747785600,0.22484,0.22582,0.22137,0.225,236183.912556
1747800000,0.22491,0.2294,0.22435,0.22599,444463.602831
1747814400,0.22615,0.22779,0.22346,0.22623,163258.088288
1747828800,0.22551,0.22964,0.22484,0.22847,456829.107624
1747843200,0.22877,0.23305,0.22247,0.22928,835823.537591
1747857600,0.22923,0.23295,0.22664,0.23073,162808.182115
1747872000,0.23047,0.23566,0.22999,0.23512,426722.216038
1747886400,0.23527,0.23911,0.23527,0.23744,929450.247222
1747900800,0.23744,0.24112,0.23687,0.23879,295075.821319
1747915200,0.23875,0.24174,0.23737,0.2403,1381052.738081
1747929600,0.2402,0.24262,0.23977,0.24028,369610.963956
1747944000,0.24085,0.24177,0.23693,0.24088,420598.483759
1747958400,0.24142,0.24754,0.24013,0.24739,780171.626864
1747972800,0.24758,0.24769,0.2394,0.24234,263401.314814
1747987200,0.24213,0.24648,0.23308,0.23451,466100.428896
1748001600,0.233,0.23688,0.22684,0.23359,769040.784518
1748016000,0.23322,0.23492,0.2313,0.2321,406718.779652
1748030400,0.2321,0.23211,0.22314,0.22385,642838.457735
1748044800,0.22354,0.22717,0.22253,0.22696,289343.241107
1748059200,0.22679,0.2279,0.22549,0.2279,487355.669457
1748073600,0.22662,0.2291,0.225,0.2277,56882.342696
1748088000,0.22745,0.22756,0.22424,0.2246,91788.828475
1748102400,0.22472,0.22616,0.22207,0.22232,283950.227953
1748116800,0.22229,0.22272,0.21945,0.22089,206684.744711
1748131200,0.221,0.22101,0.21494,0.21762,248369.977537
1748145600,0.21682,0.21742,0.215,0.21545,82187.115241
1748160000,0.21544,0.21544,0.21253,0.21463,249727.107137
1748174400,0.21451,0.2171,0.21129,0.21377,377893.552301
1748188800,0.21408,0.21612,0.21181,0.21612,368852.04706
1748203200,0.21574,0.22164,0.21315,0.22163,360899.909551
1748217600,0.22173,0.22501,0.22101,0.22375,412365.266217
1748232000,0.22322,0.22753,0.223,0.22753,738083.899938
1748246400,0.22768,0.22872,0.22274,0.22338,499831.815501
1748260800,0.22353,0.22377,0.21856,0.22217,438532.787265
1748275200,0.22235,0.22247,0.21564,0.21694,270178.303927
1748289600,0.21667,0.21973,0.21639,0.21895,1172946.066583
1748304000,0.21899,0.2203,0.214,0.21693,432155.133181
1748318400,0.21698,0.22176,0.21566,0.22176,216388.393312
1748332800,0.22181,0.22356,0.22181,0.22304,218015.24286
1748347200,0.22312,0.22651,0.22029,0.22321,413430.506871
1748361600,0.22355,0.22617,0.22264,0.22358,468073.134252
1748376000,0.22352,0.2251,0.22137,0.2221,238082.092792
1748390400,0.22194,0.22387,0.22019,0.22119,205708.872311
1748404800,0.22098,0.22113,0.21751,0.21902,1140088.343661
1748419200,0.21909,0.22141,0.21802,0.22107,608157.274451
1748433600,0.22163,0.22423,0.21465,0.21501,570008.352946
1748448000,0.21472,0.21816,0.21229,0.2132,466631.730324
1748462400,0.21279,0.21823,0.2125,0.21728,707535.436611
1748476800,0.21778,0.22311,0.21727,0.22124,272269.488206
1748491200,0.22149,0.22149,0.21646,0.21762,327554.14528
1748505600,0.2175,0.21839,0.21686,0.2176,374885.6886
1748520000,0.21783,0.21787,0.21242,0.21286,674588.221892
1748534400,0.21312,0.21435,0.21066,0.2117,651529.451481
1748548800,0.21171,0.21395,0.20914,0.20973,369117.230802
1748563200,0.20951,0.21055,0.19924,0.20569,1873877.444955
1748577600,0.20501,0.20545,0.20096,0.2015,198527.095923
1748592000,0.20137,0.205,0.20068,0.2046,179244.702288
1748606400,0.20461,0.20509,0.2,0.20168,1706122.924632
1748620800,0.20138,0.20138,0.1931,0.20005,1334082.786276
1748635200,0.19985,0.20024,0.19114,0.19241,921534.519271
1748649600,0.1925,0.19286,0.18607,0.18915,833329.83593
1748664000,0.18928,0.19125,0.18841,0.19111,350366.472786
1748678400,0.19063,0.19196,0.18938,0.19006,176009.765775
1748692800,0.19024,0.1958,0.19023,0.19482,356400.42628
1748707200,0.19464,0.19711,0.19445,0.19592,356731.789714
1748721600,0.1957,0.19651,0.19391,0.19401,180937.999421
1748736000,0.19383,0.19385,0.19146,0.1934,308978.401624
1748750400,0.19335,0.19543,0.1931,0.1943,575152.88279
1748764800,0.19438,0.19438,0.18984,0.1922,275040.49123
1748779200,0.19216,0.19579,0.19079,0.19579,197468.20878
1748793600,0.19546,0.19806,0.19257,0.19484,397672.140957
1748808000,0.19481,0.19655,0.1943,0.19572,166096.038513
1748822400,0.19536,0.196,0.1916,0.19173,407907.160727
1748836800,0.19197,0.19446,0.19095,0.19317,44188.848027
1748851200,0.1938,0.19416,0.19027,0.19106,399232.058395
1748865600,0.19129,0.19473,0.19106,0.194,133264.524255
1748880000,0.1938,0.19539,0.19116,0.19185,340801.468985
1748894400,0.19277,0.19931,0.19277,0.19918,542440.871674
1748908800,0.19866,0.20286,0.19866,0.19955,352392.695895
1748923200,0.19944,0.20084,0.19827,0.19894,278960.657894
1748937600,0.19936,0.20077,0.19784,0.19978,113877.980978
1748952000,0.19998,0.20275,0.19909,0.20167,251161.773772
1748966400,0.20182,0.20257,0.20019,0.20133,178033.130464
1748980800,0.20156,0.2016,0.19599,0.19744,258944.543656
1748995200,0.19755,0.20092,0.197,0.20046,445456.036302
1749009600,0.20055,0.20066,0.19779,0.1987,131693.041105
1749024000,0.19918,0.20061,0.19661,0.19661,24800.521216
1749038400,0.19664,0.19689,0.19383,0.19639,1274481.660102
1749052800,0.1956,0.19578,0.19199,0.19199,419466.071382
1749067200,0.19193,0.19254,0.18972,0.19174,304041.634311
1749081600,0.19152,0.19306,0.19081,0.19203,59866.614595
1749096000,0.19203,0.19231,0.18982,0.19027,92198.307271
1749110400,0.19045,0.19133,0.18923,0.19094,406607.010188
1749124800,0.19094,0.19385,0.18825,0.19147,197042.785849
1749139200,0.19097,0.19097,0.18167,0.1834,520946.235633
1749153600,0.18352,0.18367,0.17721,0.18109,784686.045481
1749168000,0.18109,0.1851,0.18053,0.18483,497678.737543
1749182400,0.18475,0.18608,0.18413,0.18506,142197.189748
1749196800,0.1853,0.188,0.1853,0.18669,1078031.793101
1749211200,0.18683,0.19194,0.18683,0.19036,897330.924651
1749225600,0.19045,0.19055,0.18759,0.18784,325132.258857
1749240000,0.18798,0.18934,0.18687,0.18726,209074.461213
1749254400,0.18735,0.19021,0.18661,0.19005,223374.329081
1749268800,0.19,0.19247,0.18969,0.19212,418101.858364
1749283200,0.19221,0.19343,0.19146,0.19299,115463.534952
1749297600,0.19309,0.19381,0.19141,0.19169,107715.135085
1749312000,0.19177,0.19238,0.19049,0.1917,552912.654082
1749326400,0.19166,0.19244,0.19094,0.19114,362267.687784
1749340800,0.19111,0.19111,0.18982,0.18996,71836.700189
1749355200,0.18995,0.19028,0.18754,0.18809,630767.636622
1749369600,0.18824,0.18996,0.18677,0.18982,377161.440584
1749384000,0.19002,0.19252,0.18949,0.19096,599755.764558
1749398400,0.19131,0.19342,0.19109,0.19234,386186.906376
1749412800,0.19243,0.19294,0.19032,0.19032,335743.107003
1749427200,0.19065,0.19089,0.1889,0.18952,559702.204334
1749441600,0.18956,0.18989,0.18788,0.18833,331517.21628
1749456000,0.18873,0.19396,0.18834,0.19337,581380.992065
1749470400,0.19373,0.19385,0.1904,0.19118,861361.557811
1749484800,0.19122,0.19473,0.19122,0.19412,462695.72449
1749499200,0.19397,0.19976,0.19353,0.19951,413075.906667
1749513600,0.19961,0.20204,0.19953,0.20026,278516.415619
1749528000,0.20032,0.20081,0.19725,0.19873,330692.47977
1749542400,0.19873,0.20517,0.19782,0.20517,397453.536697
1749556800,0.20529,0.20723,0.2017,0.2037,737714.663242
1749571200,0.20394,0.20763,0.20292,0.20531,662469.571862
1749585600,0.20529,0.20809,0.20443,0.20787,383290.638502
1749600000,0.20817,0.20876,0.20512,0.20645,1177432.330723
1749614400,0.20633,0.20747,0.20523,0.20724,74891.848008
1749628800,0.20685,0.20751,0.20393,0.20495,263805.971826
1749643200,0.20532,0.20895,0.20417,0.20858,1046681.622575
1749657600,0.20875,0.20875,0.20161,0.20178,435004.648888
1749672000,0.20158,0.2032,0.19542,0.19719,788132.926163
1749686400,0.197,0.19772,0.19403,0.19483,341534.296023
1749700800,0.19476,0.19526,0.19232,0.19311,248048.096128
1749715200,0.19266,0.19372,0.19076,0.19077,569128.422107
1749729600,0.19067,0.19497,0.18936,0.18936,2058643.107514
1749744000,0.18924,0.19137,0.18062,0.1812,2012832.441969
1749758400,0.18102,0.18201,0.17909,0.18103,484735.484161
1749772800,0.18061,0.18061,0.16856,0.17728,7012586.103185
1749787200,0.17726,0.17726,0.17448,0.17631,4416237.464461
1749801600,0.176,0.17852,0.17423,0.17678,2250571.905283
1749816000,0.17677,0.18087,0.17517,0.17972,2392114.909119
1749830400,0.17953,0.18137,0.17649,0.17772,2092827.247717
1749844800,0.17789,0.18119,0.17777,0.18078,795500.773044
1749859200,0.18079,0.18114,0.17872,0.18078,1763546.738813
1749873600,0.18068,0.18104,0.17866,0.17985,97935.860423
1749888000,0.17967,0.18057,0.17898,0.17994,271475.612613
1749902400,0.17995,0.18036,0.17717,0.17778,260248.361393
1749916800,0.17766,0.17819,0.17449,0.176,741180.2269
1749931200,0.17528,0.17801,0.174,0.17728,516645.594118
1749945600,0.17734,0.17812,0.1766,0.17677,329186.333265
1749960000,0.17695,0.1781,0.17454,0.17512,793209.497211
1749974400,0.17472,0.17584,0.17397,0.17527,638132.211122
1749988800,0.17536,0.17957,0.17489,0.1781,391261.557122
1750003200,0.17792,0.17799,0.17359,0.17387,377499.473483
1750017600,0.17386,0.17686,0.17135,0.17648,912566.612128
1750032000,0.17656,0.17915,0.17415,0.17772,284441.489032
1750046400,0.17754,0.1819,0.17754,0.1818,403745.175455
1750060800,0.18193,0.18272,0.18005,0.18225,169980.781996
1750075200,0.1821,0.1851,0.18118,0.18277,432065.997146
1750089600,0.18331,0.18621,0.18316,0.1849,272498.892272
1750104000,0.18522,0.18587,0.17606,0.17606,876948.3339
1750118400,0.17576,0.17892,0.17211,0.17788,224011.84522
1750132800,0.17804,0.17844,0.17517,0.17565,31050.65731
1750147200,0.17529,0.17558,0.17272,0.17272,281564.511918
1750161600,0.17294,0.17383,0.16888,0.17062,495814.046009
1750176000,0.1706,0.17371,0.16585,0.17236,1616188.151757
1750190400,0.1724,0.17292,0.16788,0.16958,504060.395516
1750204800,0.16959,0.17159,0.16864,0.17023,120144.428727
1750219200,0.17013,0.17234,0.17013,0.17135,795627.583789
1750233600,0.17143,0.17199,0.16584,0.16771,990673.119251
1750248000,0.16778,0.17061,0.16515,0.16906,277003.630695
1750262400,0.16867,0.16867,0.1655,0.16678,507079.185286
1750276800,0.16729,0.17184,0.16597,0.1707,3474672.524529
1750291200,0.17093,0.17255,0.16892,0.1708,782316.043638
1750305600,0.17073,0.17225,0.1695,0.1695,442286.902553
1750320000,0.16943,0.17047,0.16894,0.16936,63309.880323
1750334400,0.16963,0.17049,0.16726,0.1682,771080.961995
1750348800,0.16822,0.1712,0.16777,0.16925,1137013.951247
1750363200,0.16963,0.17041,0.16831,0.16913,254450.046262
1750377600,0.1692,0.16932,0.16724,0.16766,56652.19039
1750392000,0.1674,0.17107,0.16626,0.17091,270577.077462
1750406400,0.1713,0.1721,0.16923,0.17036,143009.006363
1750420800,0.17026,0.17142,0.16672,0.16747,1031121.664185
1750435200,0.16756,0.168,0.16126,0.1677,5717584.608498
1750449600,0.16766,0.16984,0.16528,0.16721,1251263.40886
1750464000,0.16718,0.16882,0.16644,0.16869,376953.379001
1750478400,0.16823,0.1684,0.16716,0.1682,213878.319946
1750492800,0.16808,0.16952,0.16776,0.16924,580114.424588
1750507200,0.16903,0.16933,0.1652,0.16677,1538988.575616
1750521600,0.16617,0.16727,0.16218,0.16218,1059207.166904
1750536000,0.16217,0.16347,0.15762,0.1624,2601185.580137
1750550400,0.16269,0.16487,0.15954,0.16108,602620.976369
1750564800,0.16095,0.16276,0.16033,0.16071,473296.030613
1750579200,0.16069,0.16069,0.157,0.15818,1423572.669015
1750593600,0.15816,0.16721,0.15411,0.15621,8843959.5981
1750608000,0.15632,0.15895,0.15557,0.15564,1516778.616933
1750622400,0.15557,0.16079,0.15208,0.15999,1947258.107895
1750636800,0.16055,0.16221,0.15995,0.16001,465791.393654
1750651200,0.15982,0.1625,0.15884,0.16172,549088.730332
1750665600,0.16161,0.16189,0.1599,0.16143,422358.355845
1750680000,0.16106,0.16724,0.16028,0.16375,2937746.264155
1750694400,0.16339,0.17014,0.15825,0.17012,2557750.305125
1750708800,0.17006,0.17994,0.16986,0.17925,1558418.814934
1750723200,0.17978,0.18097,0.17734,0.17871,545017.20051
1750737600,0.1787,0.18281,0.17813,0.17981,396037.437004
1750752000,0.17986,0.18034,0.17815,0.17863,839820.093706
1750766400,0.17889,0.18119,0.17843,0.18018,1488571.110866
1750780800,0.18059,0.18393,0.1802,0.18221,1413396.279095
1750795200,0.18234,0.18392,0.18126,0.18272,1246441.819867
1750809600,0.18287,0.1849,0.18192,0.18408,433746.9971
1750824000,0.18372,0.18408,0.18192,0.1832,499828.111685
1750838400,0.18234,0.18247,0.17984,0.1818,359312.694916
1750852800,0.18202,0.18296,0.17748,0.17748,303442.748768
1750867200,0.17787,0.17861,0.1769,0.17849,257686.68608
1750881600,0.17853,0.17992,0.17517,0.17561,247814.689046
1750896000,0.17578,0.18004,0.17517,0.17771,179330.518691
1750910400,0.17754,0.17754,0.17345,0.17545,381372.105803
1750924800,0.17521,0.17638,0.1734,0.17528,936089.152151
1750939200,0.17548,0.17548,0.17094,0.17202,1041543.396143
1750953600,0.17199,0.17281,0.1705,0.17245,340032.906016
1750968000,0.17271,0.17502,0.17182,0.17206,650640.651495
1750982400,0.17212,0.17349,0.16967,0.17326,470029.515309
1750996800,0.17306,0.17432,0.1713,0.17152,467732.164024
1751011200,0.17166,0.17366,0.17111,0.17125,328076.752736
1751025600,0.17153,0.17472,0.17027,0.17404,563678.181046
1751040000,0.17422,0.17652,0.16921,0.17212,1171495.640846
1751054400,0.172,0.17548,0.17191,0.17473,444598.717114
1751068800,0.17479,0.17555,0.17333,0.17459,139988.757264
1751083200,0.17467,0.17467,0.1734,0.17437,63619.830052
1751097600,0.1743,0.17524,0.17347,0.17471,37710.144322
1751112000,0.17436,0.17593,0.17322,0.17593,55884.329587
1751126400,0.17588,0.17727,0.17502,0.17636,854413.891651
1751140800,0.17627,0.17737,0.17545,0.17646,415939.245115
1751155200,0.17659,0.17718,0.17553,0.17628,48377.335184
1751169600,0.1762,0.17861,0.1762,0.17861,79784.837004
1751184000,0.17873,0.18217,0.17873,0.18129,399978.909896
1751198400,0.18129,0.18135,0.17807,0.17813,282397.132516
1751212800,0.17841,0.1817,0.17821,0.1806,733911.331484
1751227200,0.1807,0.18744,0.17949,0.18608,327110.628504
1751241600,0.18605,0.18655,0.18317,0.18327,135006.194032
1751256000,0.18324,0.18324,0.17959,0.18227,924300.89274
1751270400,0.18201,0.18222,0.17871,0.17871,135620.201762
1751284800,0.17874,0.18068,0.17699,0.18008,223625.412696
1751299200,0.17973,0.18522,0.1791,0.18522,182220.334188
1751313600,0.18486,0.187,0.18356,0.18556,1509105.702291
1751328000,0.18533,0.19249,0.18417,0.19055,3326092.865201
1751342400,0.19112,0.19112,0.18413,0.18731,1180574.553437
1751356800,0.18711,0.18881,0.1846,0.18605,531233.69448
1751371200,0.18563,0.18694,0.1813,0.18147,844743.136763
1751385600,0.1811,0.1811,0.16975,0.17109,6395858.742674
1751400000,0.17068,0.17272,0.16943,0.17123,1570098.856906
1751414400,0.171,0.17351,0.17064,0.1722,403351.081644
1751428800,0.17236,0.17601,0.17236,0.17487,671139.153435
1751443200,0.17507,0.17656,0.17351,0.17366,292936.123837
1751457600,0.17405,0.17876,0.17224,0.17837,848200.208614
1751472000,0.17878,0.18324,0.17878,0.18308,646183.316421
1751486400,0.1832,0.18415,0.1808,0.18134,553491.23495
1751500800,0.18143,0.18467,0.1813,0.18303,281725.566967
1751515200,0.18275,0.18831,0.18226,0.18738,216159.824698
1751529600,0.18776,0.18862,0.18515,0.18545,377122.76941
1751544000,0.18569,0.18817,0.18139,0.18139,414657.133493
1751558400,0.18191,0.18394,0.18178,0.18367,155519.882612
1751572800,0.18366,0.18455,0.18194,0.18223,84480.618996
1751587200,0.18226,0.18318,0.17961,0.17961,664997.756384
1751601600,0.1795,0.17977,0.17516,0.17516,246088.730836
1751616000,0.175,0.17628,0.17391,0.17525,70873.456154
1751630400,0.17525,0.17579,0.17281,0.17326,254737.903095
1751644800,0.17317,0.17367,0.17163,0.17271,260169.608826
1751659200,0.17286,0.1754,0.17232,0.17354,355341.656387
1751673600,0.17373,0.1744,0.17218,0.17422,45677.173752
1751688000,0.1735,0.17628,0.17304,0.17479,137961.835404
1751702400,0.17473,0.17524,0.17325,0.17414,31252.294354
1751716800,0.1738,0.17434,0.17323,0.17333,126472.762771
1751731200,0.17345,0.17445,0.17271,0.17445,110293.742271
1751745600,0.17451,0.17554,0.17444,0.17462,102398.976507
1751760000,0.17428,0.17428,0.17363,0.17408,51021.083213
1751774400,0.17425,0.1751,0.17377,0.17462,123421.826344
1751788800,0.17457,0.17559,0.17428,0.17559,169517.529052
1751803200,0.17568,0.1785,0.17532,0.17697,130113.567565
1751817600,0.17715,0.17814,0.17568,0.17656,39643.470451
1751832000,0.17656,0.17923,0.17647,0.17715,162730.541827
1751846400,0.17713,0.17898,0.1768,0.17788,63529.833723
1751860800,0.1778,0.17792,0.17538,0.17692,485334.785035
1751875200,0.17687,0.17713,0.17529,0.17599,110801.074373
1751889600,0.17589,0.17812,0.17504,0.17522,160681.418208
1751904000,0.17536,0.17644,0.17364,0.17551,841576.746751
1751918400,0.17501,0.17597,0.17345,0.17585,97478.390274
1751932800,0.17619,0.17633,0.17332,0.17399,156193.034904
1751947200,0.1733,0.17442,0.17287,0.17374,52006.603994
1751961600,0.17404,0.17641,0.17319,0.17592,196382.974558
1751976000,0.17597,0.17834,0.17487,0.17528,708275.332959
1751990400,0.17553,0.18064,0.17536,0.17915,334588.518756
1752004800,0.17903,0.18068,0.17841,0.17931,271579.427345
1752019200,0.17948,0.18054,0.17851,0.17875,38041.891344
1752033600,0.17858,0.18315,0.17857,0.18304,322310.098738
1752048000,0.18314,0.18609,0.18259,0.18559,636939.67373
1752062400,0.18586,0.1892,0.18567,0.18874,943749.044897
1752076800,0.18884,0.19363,0.18685,0.19298,1274831.681058
1752091200,0.19299,0.19364,0.19065,0.19242,782929.042183
1752105600,0.19259,0.19418,0.19016,0.19329,628555.271148
1752120000,0.19298,0.19576,0.19236,0.19465,2219783.659884
1752134400,0.1947,0.19644,0.194,0.195,494960.97448
1752148800,0.195,0.19501,0.1921,0.19337,313304.24299
1752163200,0.19314,0.202,0.19277,0.20162,2386485.685454
1752177600,0.2014,0.21252,0.20139,0.21189,3072116.69864
1752192000,0.2121,0.22226,0.21046,0.22168,1062093.967707
1752206400,0.22173,0.22557,0.21702,0.2195,2357001.872111
1752220800,0.21975,0.22576,0.2189,0.22326,1743983.204176
1752235200,0.2231,0.23672,0.2231,0.22503,2747597.79245
1752249600,0.22575,0.2293,0.22247,0.22835,1776220.708481
1752264000,0.22858,0.22975,0.215,0.2184,1931042.16818
1752278400,0.21841,0.22748,0.21394,0.22264,1363151.085786
1752292800,0.22394,0.22439,0.21887,0.22092,1177132.526357
1752307200,0.22115,0.22607,0.22021,0.22352,397868.330119
1752321600,0.22341,0.22449,0.21271,0.2139,1218484.255211
1752336000,0.21348,0.21937,0.21314,0.21782,161056.62477
1752350400,0.21782,0.21955,0.21409,0.21887,204729.935258
1752364800,0.21916,0.22343,0.21744,0.22192,760289.052496
1752379200,0.22192,0.24445,0.21997,0.23991,2491989.316706
1752393600,0.23952,0.24513,0.23513,0.23595,1647879.418768
1752408000,0.23605,0.27,0.23576,0.2622,8055004.577577
1752422400,0.2623,0.26877,0.2559,0.26392,3622220.380901
1752436800,0.2645,0.2687,0.2533,0.26413,2278043.569585
1752451200,0.26414,0.3,0.26249,0.29562,10740146.836813
1752465600,0.29505,0.30999,0.27768,0.28856,5254971.913124
1752480000,0.28731,0.28804,0.27242,0.27677,3983421.864328
1752494400,0.27604,0.28625,0.27532,0.28084,3577240.608251
1752508800,0.28083,0.29189,0.27888,0.28029,2647594.786557
1752523200,0.28054,0.28355,0.27667,0.27873,4766805.042337
1752537600,0.28091,0.29027,0.27181,0.27924,2969986.75943
1752552000,0.2793,0.28509,0.27156,0.27312,1741522.476759
1752566400,0.27269,0.28478,0.26922,0.2843,1473901.801151
1752580800,0.28528,0.29445,0.27578,0.28011,2815313.377258
1752595200,0.28051,0.28918,0.27498,0.27747,5508727.185027
1752609600,0.27744,0.28742,0.27606,0.28372,2213525.617119
1752624000,0.28341,0.2877,0.27427,0.27771,1545905.477793
1752638400,0.27733,0.28526,0.27593,0.28237,658557.625716
1752652800,0.28264,0.292,0.28076,0.2811,2023768.11412
1752667200,0.28148,0.289,0.2802,0.28216,1925730.367803
1752681600,0.28232,0.29184,0.27973,0.28614,1300981.483189
1752696000,0.28663,0.29644,0.28269,0.28446,2313362.792327
1752710400,0.28464,0.28881,0.27712,0.28041,2429215.19751
1752724800,0.27994,0.29918,0.27938,0.28958,1178317.217842
1752739200,0.28869,0.2995,0.28754,0.29318,1056598.568807
1752753600,0.29326,0.29755,0.28589,0.29627,2541945.952306
1752768000,0.2964,0.32108,0.29263,0.30728,6459168.497657
1752782400,0.30727,0.3289,0.29756,0.31811,6974979.120556
1752796800,0.31874,0.33649,0.31393,0.31531,5389666.093547
1752811200,0.31587,0.32311,0.30731,0.30731,1694362.503767
1752825600,0.30758,0.31064,0.30223,0.30646,1807206.977632
1752840000,0.3063,0.30932,0.29402,0.29529,1681902.915546
1752854400,0.29569,0.30115,0.29362,0.29942,991313.904834
1752868800,0.299,0.29978,0.28864,0.29459,1864562.7019
1752883200,0.2945,0.29698,0.28639,0.29187,1114859.026701
1752897600,0.29142,0.29674,0.29142,0.29476,422165.972887
1752912000,0.2943,0.29541,0.28897,0.2895,194013.948982
1752926400,0.28905,0.29111,0.28175,0.28615,1203416.600335
1752940800,0.28588,0.2914,0.28544,0.2897,470398.286595
1752955200,0.28987,0.2944,0.28742,0.2918,1530938.80323
1752969600,0.29173,0.29292,0.28791,0.28993,314834.122676
1752984000,0.29025,0.29534,0.28853,0.29312,393592.338021
1752998400,0.29394,0.3035,0.29394,0.3,920866.397107
1753012800,0.29914,0.3047,0.29825,0.30257,728445.654068
1753027200,0.30303,0.30669,0.29839,0.29839,1874618.932943
1753041600,0.29825,0.29873,0.28633,0.29234,1863093.359527
1753056000,0.29086,0.30277,0.28674,0.30094,1076878.619596
1753070400,0.30111,0.30906,0.29865,0.30809,973390.929551
1753084800,0.3081,0.3097,0.30112,0.30192,1176801.880573
1753099200,0.30127,0.31146,0.29943,0.30308,1421412.14706
1753113600,0.30335,0.30413,0.29318,0.29416,1939378.983966
1753128000,0.29422,0.29981,0.29261,0.29812,567255.76332
1753142400,0.29832,0.29996,0.28797,0.29201,1026227.954575
1753156800,0.29244,0.29311,0.28367,0.28774,2169302.046359
1753171200,0.28787,0.29039,0.27851,0.28902,1698443.134152
1753185600,0.28843,0.29199,0.28047,0.28937,879511.369898
1753200000,0.2883,0.2961,0.28809,0.28974,743524.192698
1753214400,0.28949,0.29812,0.28913,0.29664,841465.175993
1753228800,0.29677,0.29678,0.2889,0.28961,334728.019863
1753243200,0.28949,0.29384,0.28642,0.28721,200863.23929
1753257600,0.28653,0.28888,0.28116,0.28189,753132.981701
1753272000,0.2812,0.28252,0.26432,0.2725,2656346.1629
1753286400,0.27314,0.27314,0.26222,0.26697,1284179.289773
1753300800,0.26698,0.26945,0.25806,0.26732,1416662.80712
1753315200,0.26702,0.27146,0.26624,0.26936,225418.995425
1753329600,0.26951,0.26951,0.24941,0.25795,1180663.396635
1753344000,0.25761,0.26509,0.25495,0.26348,1301252.072377
1753358400,0.26357,0.2739,0.25975,0.27109,912184.279484
1753372800,0.27084,0.27098,0.26219,0.26718,704884.659764
1753387200,0.26712,0.26851,0.2598,0.2612,1455833.842336
1753401600,0.26175,0.26175,0.25143,0.25522,517354.693996
1753416000,0.25511,0.2597,0.25152,0.25614,996148.248146
1753430400,0.25643,0.26512,0.25606,0.26366,689233.764122
1753444800,0.26442,0.27028,0.25304,0.25697,667907.704145
1753459200,0.25671,0.26289,0.25555,0.26178,383446.584983
1753473600,0.26144,0.26809,0.26131,0.26674,990221.313421
1753488000,0.2667,0.26999,0.26491,0.26919,111646.547271
1753502400,0.26939,0.27122,0.26739,0.26739,170958.676271
1753516800,0.26712,0.27224,0.26679,0.2701,366795.416525
1753531200,0.26988,0.27933,0.26958,0.27401,886566.305599
1753545600,0.27431,0.2815,0.27273,0.28031,588915.42793
1753560000,0.27964,0.28,0.27454,0.27483,303661.103347
1753574400,0.27454,0.27897,0.27314,0.27712,107231.107877
1753588800,0.27763,0.29082,0.27634,0.28545,946424.246291
1753603200,0.28594,0.28611,0.27778,0.27919,566484.535267
1753617600,0.27949,0.2818,0.27729,0.28039,185130.855088
1753632000,0.28069,0.28513,0.28069,0.28186,666006.744065
1753646400,0.2834,0.28724,0.28018,0.28627,619743.305131
1753660800,0.28608,0.288,0.28093,0.28389,582306.049215
1753675200,0.28402,0.2875,0.2825,0.28317,480889.261005
1753689600,0.2828,0.28473,0.27808,0.28056,184727.753317
1753704000,0.28042,0.28099,0.26902,0.2703,541473.091597
1753718400,0.26906,0.26973,0.26389,0.26641,481942.450604
1753732800,0.26668,0.26889,0.26322,0.26482,634340.532268
1753747200,0.26451,0.26698,0.25927,0.26499,1253054.372417
1753761600,0.2646,0.27278,0.26373,0.27248,994819.4257
1753776000,0.27281,0.27294,0.26379,0.26566,617229.899748
1753790400,0.26623,0.26929,0.25827,0.26106,1570540.398305
1753804800,0.2595,0.26217,0.25508,0.25849,833879.527628
1753819200,0.25793,0.26179,0.25595,0.26038,686882.176821
1753833600,0.2605,0.26256,0.25624,0.26012,278815.193664
1753848000,0.26031,0.261,0.25684,0.25749,450234.404967
1753862400,0.25753,0.2598,0.24999,0.25093,980316.932854
1753876800,0.25126,0.25652,0.24882,0.25352,1387687.455092
1753891200,0.25404,0.25667,0.24123,0.2524,2445746.490022
1753905600,0.25289,0.25484,0.24918,0.25357,418771.531565
1753920000,0.25338,0.26297,0.25329,0.26287,977252.613198
1753934400,0.2625,0.26574,0.26168,0.26374,668352.369267
1753948800,0.26423,0.26717,0.26423,0.26511,417595.774046
1753963200,0.26506,0.26508,0.25377,0.25486,1045983.763931
1753977600,0.25488,0.26114,0.25122,0.25155,1411505.575254
1753992000,0.25172,0.25251,0.2429,0.24381,610824.812575
1754006400,0.24424,0.24627,0.23738,0.2441,1714595.020461
1754020800,0.24396,0.24414,0.23889,0.24045,597468.796991
1754035200,0.23997,0.24145,0.235,0.24145,1000638.374576
1754049600,0.24158,0.24485,0.23521,0.24259,1524375.124483
1754064000,0.24219,0.24433,0.237,0.24106,482496.615834
1754078400,0.24107,0.24165,0.22964,0.23641,1358653.411889
1754092800,0.23605,0.23886,0.23537,0.23862,72845.919067
1754107200,0.23844,0.24015,0.23207,0.23723,763504.091174
1754121600,0.23667,0.23675,0.2311,0.23357,684161.70369
1754136000,0.23281,0.23377,0.22674,0.22748,599682.902499
1754150400,0.22792,0.23002,0.22358,0.22614,946289.05877
1754164800,0.22573,0.229,0.22527,0.2274,291070.505114
1754179200,0.22768,0.23085,0.22353,0.23022,624354.346286
1754193600,0.22998,0.23358,0.22936,0.23296,443802.076526
1754208000,0.23337,0.24126,0.23337,0.24102,709588.271282
1754222400,0.24076,0.24382,0.23854,0.24346,485527.406508
1754236800,0.24344,0.2443,0.24089,0.24216,293295.80872
1754251200,0.2423,0.24431,0.24155,0.24387,879842.81881
1754265600,0.24387,0.25066,0.2435,0.24565,887286.371953
1754280000,0.24662,0.24706,0.24282,0.2458,371779.166987
1754294400,0.24619,0.24702,0.24136,0.24193,360901.451155
1754308800,0.24204,0.24912,0.24181,0.24529,1754634.435768
1754323200,0.24562,0.25051,0.2442,0.24466,640977.23162
1754337600,0.24447,0.249,0.24398,0.24842,3435511.175242
1754352000,0.24829,0.249,0.24173,0.24225,491659.029903
1754366400,0.24223,0.24291,0.23639,0.23725,520144.400628
1754380800,0.23712,0.24805,0.23677,0.24659,649198.695762
1754395200,0.24716,0.24724,0.23419,0.23461,1066274.505141
1754409600,0.23461,0.23821,0.23461,0.23585,483968.074232
1754424000,0.23623,0.23879,0.23354,0.23744,178321.302549
1754438400,0.23622,0.2367,0.23126,0.23197,401458.406615
1754452800,0.23165,0.2391,0.23083,0.23867,431119.429223
1754467200,0.23879,0.23933,0.23555,0.23761,237931.680076
1754481600,0.23754,0.24413,0.23463,0.24381,764833.810261
1754496000,0.24387,0.24686,0.24261,0.24352,373688.598229
1754510400,0.24352,0.24352,0.24142,0.24286,56311.161412
1754524800,0.24286,0.24642,0.24195,0.24195,228706.809344
1754539200,0.24234,0.24616,0.24219,0.24526,282105.703887
1754553600,0.24521,0.26186,0.24494,0.26067,2918799.110729
1754568000,0.26072,0.26092,0.25552,0.25681,620824.12643
1754582400,0.25696,0.25782,0.2512,0.25724,943465.660381
1754596800,0.25775,0.2644,0.25631,0.26409,1159038.412427
1754611200,0.2642,0.26891,0.26031,0.26603,1964591.871374
1754625600,0.26623,0.26934,0.26362,0.26604,1613819.932506
1754640000,0.26579,0.26779,0.26313,0.26491,1749492.233422
1754654400,0.26456,0.26889,0.25651,0.25776,1132191.382955
1754668800,0.25796,0.26611,0.25671,0.26489,1147868.500203
1754683200,0.2649,0.26617,0.26267,0.26615,304568.167539
1754697600,0.26617,0.26871,0.26546,0.26579,228077.121319
1754712000,0.26566,0.27394,0.26566,0.27218,1326331.43001
1754726400,0.27217,0.2748,0.27171,0.27291,3625644.47366
1754740800,0.27321,0.27712,0.27033,0.272,1576778.738145
1754755200,0.27191,0.28263,0.27129,0.27375,1489380.293986
1754769600,0.27383,0.27546,0.26991,0.27004,512177.699823
1754784000,0.27004,0.27374,0.2684,0.27167,571021.110983
1754798400,0.2716,0.27644,0.26153,0.26294,925127.892098
1754812800,0.26287,0.26558,0.25967,0.26223,591643.965677
1754827200,0.26169,0.266,0.26002,0.26492,594241.100115
1754841600,0.26446,0.26805,0.26435,0.267,186436.914902
1754856000,0.26678,0.26678,0.26165,0.26639,150638.633801
1754870400,0.26548,0.27938,0.26498,0.27495,1173226.052089
1754884800,0.27515,0.28011,0.27222,0.27241,3267654.332454
1754899200,0.27165,0.27754,0.26041,0.26157,3784603.807205
1754913600,0.26114,0.26327,0.25661,0.26151,1950114.171114
1754928000,0.26171,0.26518,0.25444,0.25632,3186007.241667
1754942400,0.2563,0.25675,0.25041,0.25345,678313.918892
1754956800,0.25316,0.2583,0.25316,0.25601,583765.780773
1754971200,0.25556,0.25791,0.25239,0.25632,442183.00551
1754985600,0.25543,0.25583,0.24937,0.25365,758148.992454
1755000000,0.25338,0.26994,0.25277,0.26972,3585055.98092
1755014400,0.2691,0.27444,0.2666,0.27444,4560622.233
1755028800,0.27444,0.27722,0.27081,0.27137,2009075.646826
1755043200,0.27128,0.27435,0.2678,0.27309,3172784.895207
1755057600,0.27261,0.27479,0.26817,0.27238,602377.806808
1755072000,0.27238,0.27991,0.27238,0.27714,1909072.902729
1755086400,0.2772,0.28171,0.27203,0.27461,2226666.628051
1755100800,0.27449,0.27753,0.27265,0.27724,510459.562932
1755115200,0.27732,0.28188,0.27467,0.28078,1612364.241187
1755129600,0.28121,0.28999,0.27839,0.28684,2041356.853432
1755144000,0.28683,0.28803,0.27667,0.2789,992967.829475
1755158400,0.27715,0.27748,0.26921,0.2701,1361009.655103
1755172800,0.27013,0.27234,0.24974,0.25783,3122131.741479
1755187200,0.25733,0.25733,0.25075,0.25298,2942473.816871
1755201600,0.25328,0.25509,0.2477,0.25387,788286.494647
1755216000,0.25379,0.26446,0.25312,0.26446,530681.904747
1755230400,0.26364,0.26639,0.25911,0.26075,775097.332693
1755244800,0.26068,0.26442,0.25774,0.2583,859204.453756
1755259200,0.25774,0.26151,0.247,0.24856,2299649.264906
1755273600,0.24855,0.25279,0.24642,0.25044,867989.564041
1755288000,0.25018,0.25725,0.25018,0.25405,1131499.275871
1755302400,0.25395,0.2571,0.25395,0.25466,634015.40171
1755316800,0.25429,0.25588,0.253,0.25588,2068646.85892
1755331200,0.255,0.25757,0.25307,0.2532,253331.502657
1755345600,0.2531,0.26289,0.25226,0.26215,2185072.401742
1755360000,0.26201,0.26386,0.25891,0.26129,797039.876561
1755374400,0.2616,0.26232,0.26038,0.26097,207027.534435
1755388800,0.26099,0.26319,0.259,0.26267,287359.319797
1755403200,0.26307,0.26514,0.2623,0.26358,203040.177313
1755417600,0.26382,0.26743,0.2634,0.26742,73411.902155
1755432000,0.26743,0.27369,0.26683,0.27348,568667.12748
1755446400,0.27371,0.27523,0.26406,0.26512,667532.666186
1755460800,0.26515,0.26903,0.26426,0.2653,414083.760551
1755475200,0.2654,0.26602,0.2522,0.25448,1586892.945965
1755489600,0.25422,0.25797,0.25,0.25094,899897.272956
1755504000,0.25086,0.25288,0.24843,0.25103,249415.235269
1755518400,0.25101,0.25661,0.25101,0.25494,1457605.792681
1755532800,0.2554,0.25931,0.2528,0.25694,900463.205835
1755547200,0.25644,0.2603,0.25492,0.25522,376093.709907
1755561600,0.25491,0.25813,0.247,0.24711,420106.623926
1755576000,0.24755,0.24942,0.24524,0.24645,271049.746496
1755590400,0.24657,0.2515,0.24438,0.25139,517602.351466
1755604800,0.25117,0.25141,0.24183,0.24293,1716955.039594
1755619200,0.24223,0.24268,0.23745,0.23953,1082354.881786
1755633600,0.23965,0.24251,0.2372,0.23802,616697.096433
1755648000,0.23803,0.24207,0.23695,0.24058,949571.087801
1755662400,0.24059,0.24295,0.24059,0.2417,281215.909222
1755676800,0.24143,0.24456,0.23967,0.24266,305347.276513
1755691200,0.24258,0.24914,0.23714,0.24618,1996197.854287
1755705600,0.24647,0.26,0.24647,0.25991,7601611.884922
1755720000,0.25959,0.25959,0.25469,0.2568,1201337.526345
1755734400,0.25691,0.25904,0.25364,0.25553,416733.448823
1755748800,0.25538,0.25577,0.25106,0.25286,302279.203738
1755763200,0.25256,0.25273,0.249,0.25117,3248700.213108
1755777600,0.25113,0.25449,0.24838,0.24885,929444.789175
1755792000,0.24866,0.25036,0.24661,0.24691,1296519.383072
1755806400,0.24763,0.25167,0.24738,0.24835,3286683.902065
1755820800,0.24844,0.25023,0.245,0.245,1142117.628358
1755835200,0.24516,0.24836,0.24492,0.24836,677334.181112
1755849600,0.24816,0.25035,0.24347,0.24376,356650.245947
1755864000,0.24349,0.26587,0.23925,0.26214,6902893.730046
1755878400,0.262,0.26816,0.262,0.26649,2183404.037733
1755892800,0.26692,0.26923,0.26521,0.26619,1472664.846128
1755907200,0.26672,0.26712,0.25643,0.25766,695888.207584
1755921600,0.25777,0.26535,0.25777,0.26188,300920.43441
1755936000,0.26217,0.26309,0.25991,0.26082,319219.510964
1755950400,0.26091,0.26197,0.259,0.25982,939163.777559
1755964800,0.25974,0.26311,0.25844,0.26311,622826.248987
1755979200,0.26311,0.26462,0.26252,0.26363,680051.868778
1755993600,0.26405,0.26422,0.26047,0.26153,422638.827616
1756008000,0.26091,0.26186,0.25667,0.25766,478867.89179
1756022400,0.25787,0.25989,0.2533,0.25447,2736340.937117
1756036800,0.25457,0.26307,0.25454,0.26063,1001086.161357
1756051200,0.26087,0.28219,0.25946,0.27112,3572482.964695
1756065600,0.27053,0.27738,0.265,0.27145,1735995.557346
1756080000,0.27145,0.27421,0.26334,0.27269,1155698.618494
1756094400,0.27096,0.27101,0.25393,0.25434,1760334.103509
1756108800,0.25475,0.25886,0.25144,0.25595,1853527.43976
1756123200,0.25591,0.2643,0.25403,0.25938,2413147.480275
1756137600,0.2591,0.26049,0.24778,0.24875,1562591.097479
1756152000,0.24856,0.24916,0.24219,0.246,1572114.65541
1756166400,0.24573,0.25123,0.24366,0.25065,826168.527746
1756180800,0.25063,0.25522,0.24968,0.25394,597962.799962
1756195200,0.2542,0.25593,0.25046,0.25094,460676.463093
1756209600,0.25013,0.25633,0.2493,0.25058,875520.146393
1756224000,0.25061,0.2588,0.25013,0.25844,591393.386655
1756238400,0.25827,0.25913,0.25454,0.25511,364926.663097
1756252800,0.25484,0.25557,0.25068,0.25444,460043.297648
1756267200,0.25393,0.25658,0.25127,0.2521,148541.803161
1756281600,0.25239,0.25442,0.2511,0.25254,367849.738923
1756296000,0.25204,0.25512,0.24889,0.25353,2005784.037182
1756310400,0.25395,0.25632,0.25036,0.25124,580983.506781
1756324800,0.2507,0.25451,0.24684,0.24722,1101326.441932
1756339200,0.24727,0.25059,0.24556,0.25031,542985.524746
1756353600,0.25009,0.25342,0.25,0.25202,661913.862816
1756368000,0.25196,0.2549,0.25152,0.25332,646578.471075
1756382400,0.25361,0.25601,0.25084,0.25115,1279996.168927
1756396800,0.25116,0.253,0.24751,0.24751,1228189.315919
1756411200,0.24814,0.25475,0.24786,0.25287,795703.825889
1756425600,0.25265,0.25392,0.24893,0.2506,561163.697002
1756440000,0.24967,0.24997,0.24013,0.24013,1497890.739264
1756454400,0.24049,0.2413,0.23485,0.23666,1189047.160229
1756468800,0.2367,0.24492,0.23257,0.23562,2605823.364101
1756483200,0.23508,0.23613,0.23257,0.2343,486131.243853
1756497600,0.23414,0.23718,0.23221,0.23648,860778.981398
1756512000,0.23625,0.23629,0.23,0.23505,310404.036074
1756526400,0.23426,0.23697,0.23364,0.23694,588487.669152
1756540800,0.23686,0.23698,0.23541,0.2369,144264.344934
1756555200,0.23666,0.2367,0.23015,0.23422,333254.790781
1756569600,0.23413,0.23413,0.23066,0.23335,318911.325443
1756584000,0.23298,0.23385,0.23206,0.23364,368727.609736
1756598400,0.23366,0.23871,0.23366,0.23847,409871.236292
1756612800,0.23852,0.23852,0.23516,0.23638,154041.820961
1756627200,0.23586,0.23882,0.23582,0.23882,75810.855802
1756641600,0.23883,0.23951,0.23553,0.23736,329480.458017
1756656000,0.23715,0.23715,0.23519,0.23578,162085.52127
1756670400,0.23507,0.2362,0.23132,0.23152,268970.262266
1756684800,0.2317,0.23249,0.22627,0.22818,1145096.176577
1756699200,0.22781,0.23511,0.22485,0.23511,178429.588439
1756713600,0.23525,0.23777,0.2312,0.23162,620224.433862
1756728000,0.23113,0.23287,0.227,0.22714,548659.392883
1756742400,0.22725,0.23007,0.22627,0.22964,715392.38448
1756756800,0.22964,0.22964,0.22157,0.22751,1110905.248965
1756771200,0.22769,0.23328,0.22671,0.23213,339908.079236
1756785600,0.23202,0.2328,0.23045,0.2309,1374295.398093
1756800000,0.23104,0.23302,0.23015,0.23015,251383.154667
1756814400,0.23,0.23475,0.22566,0.227,1383102.629444
1756828800,0.22741,0.23099,0.22741,0.22965,242141.448242
1756843200,0.22935,0.234,0.22935,0.23335,723623.769602
1756857600,0.23345,0.234,0.23086,0.23241,362195.150369
1756872000,0.23265,0.23281,0.23015,0.23139,310679.528119
1756886400,0.2315,0.23487,0.23122,0.23404,224455.895759
1756900800,0.23424,0.23672,0.23226,0.23624,843206.735274
1756915200,0.23624,0.23642,0.23328,0.23488,859040.900143
1756929600,0.23467,0.235,0.23267,0.23287,197283.209409
1756944000,0.23298,0.2338,0.23069,0.23071,87092.109749
1756958400,0.23091,0.23163,0.22841,0.22928,1136425.411056
1756972800,0.22928,0.23123,0.22923,0.2302,189003.919473
1756987200,0.23025,0.23106,0.2258,0.22637,221461.86832
1757001600,0.22619,0.2273,0.22518,0.22567,337493.972787
1757016000,0.22581,0.22975,0.22581,0.22726,161216.275324
1757030400,0.22726,0.2303,0.22726,0.22997,268591.360957
1757044800,0.22984,0.23451,0.22978,0.23451,349602.232609
1757059200,0.2345,0.2345,0.23151,0.2329,463062.602744
1757073600,0.23285,0.23596,0.22697,0.22989,869420.105079
1757088000,0.22956,0.2306,0.22595,0.2306,3829546.401929
1757102400,0.23087,0.23219,0.2293,0.22939,451503.914007
1757116800,0.22942,0.23029,0.22838,0.22939,508975.451417
1757131200,0.22932,0.22932,0.22719,0.22756,138051.296818
1757145600,0.22778,0.22812,0.22698,0.22763,116224.822767
1757160000,0.22784,0.22831,0.22599,0.22636,593456.022966
1757174400,0.22639,0.22748,0.22477,0.22505,122432.978141
1757188800,0.22498,0.22783,0.22498,0.22708,81314.282688
1757203200,0.2277,0.22975,0.22756,0.22947,122853.10072
1757217600,0.2295,0.23,0.22834,0.22898,429116.28141
1757232000,0.22956,0.23194,0.22939,0.23138,1284198.956247
1757246400,0.23137,0.23281,0.22945,0.23165,4448856.767871
1757260800,0.23165,0.23165,0.2279,0.22863,453985.211306
1757275200,0.22869,0.23207,0.2282,0.23084,481078.289442
1757289600,0.23082,0.23496,0.23032,0.23333,156574.071243
1757304000,0.23332,0.23334,0.23081,0.23182,267869.747014
1757318400,0.23223,0.23617,0.23188,0.23598,748350.012744
1757332800,0.23599,0.23926,0.2354,0.23861,1320441.932529
1757347200,0.23851,0.23883,0.235,0.23541,1505347.830917
1757361600,0.23557,0.23825,0.23376,0.23629,210986.660317
1757376000,0.23638,0.23784,0.23257,0.23509,47318.296555
1757390400,0.23488,0.2433,0.23457,0.24071,801397.127354
1757404800,0.24091,0.24288,0.24049,0.24082,266488.632984
1757419200,0.24034,0.24192,0.23165,0.23294,1536837.59062
1757433600,0.23293,0.23467,0.2321,0.23374,917281.820085
1757448000,0.23378,0.23436,0.2323,0.2332,227160.163361
1757462400,0.23315,0.2365,0.23207,0.23595,142189.297999
1757476800,0.23573,0.23626,0.23383,0.23576,93459.427722
1757491200,0.23585,0.23646,0.23393,0.23409,222745.210413
1757505600,0.23471,0.24271,0.23471,0.23857,6179610.944378
1757520000,0.23857,0.24001,0.23484,0.23538,460198.016424
1757534400,0.23573,0.2395,0.23573,0.23927,279063.958205
1757548800,0.23944,0.24189,0.23919,0.24149,854964.624498
1757563200,0.24133,0.24177,0.23967,0.24064,514950.02348
1757577600,0.24043,0.244,0.23943,0.24111,1143817.460874
1757592000,0.24132,0.24432,0.23772,0.23912,1203213.703549
1757606400,0.23911,0.2414,0.23901,0.2414,597125.620924
1757620800,0.24126,0.24499,0.24107,0.24417,927770.928507
1757635200,0.24435,0.2467,0.24357,0.24483,700353.816743
1757649600,0.24467,0.2468,0.24404,0.24453,348500.801454
1757664000,0.24453,0.24453,0.24184,0.24196,649934.335476
1757678400,0.24199,0.24527,0.24028,0.24339,803972.270711
1757692800,0.24326,0.24922,0.243,0.24876,1685014.040651
1757707200,0.24865,0.24929,0.24633,0.24837,522280.953337
1757721600,0.24852,0.25007,0.24751,0.24981,872195.16202
1757736000,0.24987,0.2515,0.24813,0.25107,727513.284946
1757750400,0.25149,0.25465,0.25139,0.25453,961329.124555
1757764800,0.25481,0.26476,0.25381,0.25463,5754029.443274
1757779200,0.25498,0.25622,0.24998,0.25189,1395733.426638
1757793600,0.25191,0.25524,0.25188,0.25302,614055.320952
1757808000,0.25311,0.25334,0.24702,0.2473,1593655.669073
1757822400,0.24701,0.24921,0.24552,0.248,214734.939533
1757836800,0.24766,0.24967,0.24403,0.24403,2701551.841826
1757851200,0.24403,0.24517,0.23856,0.23961,2422252.03416
1757865600,0.2396,0.24266,0.23942,0.24033,1143070.478423
1757880000,0.24059,0.24223,0.23873,0.23941,401104.420931
1757894400,0.2395,0.24154,0.23792,0.24154,1282045.489295
1757908800,0.24128,0.24323,0.23626,0.23682,367531.342994
1757923200,0.23681,0.23681,0.22997,0.23258,501497.253813
1757937600,0.23275,0.23406,0.22881,0.23022,1378272.735046
1757952000,0.23026,0.23264,0.22813,0.23217,491136.459797
1757966400,0.2319,0.23315,0.23165,0.23282,365902.054802
1757980800,0.23225,0.23321,0.23156,0.23157,115717.272484
1757995200,0.23171,0.23355,0.22928,0.23351,147440.136626
1758009600,0.2335,0.2356,0.23349,0.23547,229445.837813
1758024000,0.23547,0.23822,0.23334,0.2373,676562.965324
1758038400,0.23765,0.24009,0.23618,0.23861,586292.333218
1758052800,0.23868,0.23948,0.23744,0.23752,1079625.61322
1758067200,0.23758,0.23879,0.2362,0.23632,210453.196665
1758081600,0.23632,0.23825,0.23454,0.23814,251551.521269
1758096000,0.23792,0.23792,0.23394,0.23441,253828.860458
1758110400,0.23407,0.23568,0.23314,0.23382,427017.743429
1758124800,0.23359,0.24033,0.23209,0.24033,1150526.840155
1758139200,0.24038,0.24725,0.23717,0.24422,1047214.747501
1758153600,0.24442,0.24698,0.24354,0.24575,239598.384121
1758168000,0.24598,0.24598,0.24109,0.24252,542897.72619
1758182400,0.24266,0.2461,0.24216,0.24449,326492.500605
1758196800,0.24461,0.24958,0.24373,0.24916,1429253.980061
1758211200,0.24916,0.25069,0.24671,0.24836,1476893.014692
1758225600,0.24835,0.24979,0.24556,0.24631,335544.829308
1758240000,0.24655,0.24909,0.24209,0.24231,540551.157953
1758254400,0.24213,0.24354,0.23955,0.24204,423420.857078
1758268800,0.24184,0.243,0.23882,0.23938,248911.926909
1758283200,0.23981,0.24159,0.23588,0.23796,801886.813271
1758297600,0.23786,0.23895,0.23558,0.2357,783162.177728
1758312000,0.23606,0.23665,0.23251,0.23414,484300.248663
1758326400,0.23414,0.23512,0.23251,0.23406,70269.25341
1758340800,0.23404,0.23753,0.23381,0.23753,388678.638671
1758355200,0.23729,0.23741,0.2336,0.23504,179552.348969
1758369600,0.23462,0.23882,0.23401,0.2376,628376.652925
1758384000,0.23776,0.23819,0.23468,0.23501,214049.805804
1758398400,0.23502,0.23773,0.23502,0.23559,189574.688387
1758412800,0.23524,0.23651,0.23358,0.23545,107613.926324
1758427200,0.23567,0.23765,0.23457,0.23613,234552.673636
1758441600,0.23647,0.23651,0.23109,0.23203,850020.8645
1758456000,0.23218,0.23402,0.23218,0.2326,177611.75853
1758470400,0.23271,0.23293,0.22999,0.23209,330444.687437
1758484800,0.2316,0.23263,0.23066,0.23119,135974.0076
1758499200,0.23086,0.23206,0.2225,0.22425,1232008.33146
1758513600,0.22452,0.22581,0.20292,0.21205,3863964.434242
1758528000,0.21204,0.21374,0.21047,0.2121,713392.647948
1758542400,0.21182,0.21544,0.21139,0.2128,996988.063393
1758556800,0.21298,0.2131,0.20923,0.2098,821108.562523
1758571200,0.2097,0.21429,0.2097,0.21414,496821.021486
1758585600,0.21417,0.21496,0.20953,0.21348,470582.982526
1758600000,0.21357,0.21769,0.21133,0.21602,388814.349593
1758614400,0.21609,0.21765,0.21485,0.21511,1155652.419759
1758628800,0.21507,0.21734,0.214,0.21663,2505077.320869
1758643200,0.21666,0.21793,0.21191,0.21229,397038.989182
1758657600,0.2123,0.21439,0.21097,0.21099,680330.116829
1758672000,0.21124,0.21443,0.20951,0.21016,631075.048786
1758686400,0.21015,0.21525,0.20738,0.21491,560100.901821
1758700800,0.21512,0.21742,0.21472,0.21656,514062.021888
1758715200,0.21659,0.21846,0.21494,0.21632,862283.566833
1758729600,0.21631,0.21822,0.2158,0.21676,272402.206871
1758744000,0.21666,0.2168,0.21249,0.21296,87439.827489
1758758400,0.21298,0.21366,0.20907,0.21031,269234.007817
1758772800,0.2103,0.21123,0.20623,0.20741,1489657.814235
1758787200,0.20717,0.20847,0.20515,0.20538,461034.691369
1758801600,0.20566,0.21105,0.20225,0.20812,711893.836273
1758816000,0.20824,0.2088,0.20017,0.20552,1782777.121354
1758830400,0.20606,0.20676,0.2014,0.20281,1170623.945686
1758844800,0.20293,0.20674,0.20255,0.20557,302483.157275
1758859200,0.20576,0.2059,0.20237,0.20392,997086.169178
1758873600,0.20415,0.20487,0.20033,0.20236,557044.374313
1758888000,0.20216,0.20617,0.20059,0.20522,371933.433007
1758902400,0.20494,0.21087,0.20494,0.2091,612905.57225
1758916800,0.20842,0.20953,0.20782,0.20868,1158550.856185
1758931200,0.20829,0.2083,0.20651,0.2068,293966.726643
1758945600,0.2069,0.2075,0.2059,0.206,194106.797885
1758960000,0.20605,0.20746,0.20444,0.20684,665669.296129
1758974400,0.20697,0.20796,0.20602,0.20723,207395.807687
1758988800,0.20698,0.20698,0.2046,0.20574,218221.051658
1759003200,0.20576,0.20755,0.2056,0.20566,217451.433859
1759017600,0.20579,0.20606,0.20314,0.20354,101343.663311
1759032000,0.20324,0.20373,0.20174,0.20238,105693.924869
1759046400,0.20274,0.2028,0.20087,0.20126,98572.456266
1759060800,0.20087,0.20416,0.20005,0.20391,268449.007029
1759075200,0.20397,0.20528,0.20397,0.20446,98063.337346
1759089600,0.20457,0.20887,0.20451,0.2082,1276875.143569
1759104000,0.20793,0.20867,0.20701,0.20725,297255.443153
1759118400,0.20711,0.20712,0.20522,0.20617,48989.98145
1759132800,0.20618,0.20768,0.20422,0.20524,212844.329687
1759147200,0.20513,0.20971,0.20364,0.2074,1197439.216598
1759161600,0.20829,0.20895,0.20556,0.20895,326499.463422
1759176000,0.20893,0.21064,0.20779,0.20783,420023.603171
1759190400,0.20778,0.20813,0.2052,0.20522,101086.865648
1759204800,0.20526,0.20627,0.20396,0.20439,75789.97907
1759219200,0.20407,0.20441,0.20285,0.20396,148408.840295
1759233600,0.20405,0.20586,0.20128,0.20298,1178746.028342
1759248000,0.20279,0.20984,0.20254,0.20944,337477.915527
1759262400,0.20956,0.21022,0.20698,0.20802,660633.389028
1759276800,0.20803,0.20896,0.20577,0.20578,138637.398986
1759291200,0.20574,0.20894,0.20574,0.20785,106799.667851
1759305600,0.20785,0.21889,0.20782,0.21683,1443369.566847
1759320000,0.21686,0.21872,0.21535,0.21832,380501.465281
1759334400,0.21886,0.2218,0.2171,0.22143,1454245.07243
1759348800,0.22165,0.22165,0.21932,0.22078,484701.985646
1759363200,0.22112,0.22472,0.22058,0.22362,231658.201548
1759377600,0.22356,0.22496,0.2228,0.22314,631557.1224
1759392000,0.22306,0.22527,0.22306,0.22376,384707.533165
1759406400,0.22438,0.22517,0.21901,0.22155,489061.916318
1759420800,0.22119,0.22763,0.22086,0.22677,780288.87539
1759435200,0.227,0.227,0.22427,0.22489,303449.740268
1759449600,0.2254,0.2254,0.2214,0.22211,160155.188277
1759464000,0.22265,0.22445,0.22161,0.22278,151554.622638
1759478400,0.22297,0.22405,0.22171,0.22209,231913.223685
1759492800,0.22205,0.22685,0.22041,0.2267,899420.010821
1759507200,0.2269,0.23104,0.22183,0.22588,1181679.648464
1759521600,0.22593,0.22657,0.22464,0.22495,528409.92861
1759536000,0.22495,0.22546,0.22079,0.22161,202236.413108
1759550400,0.22239,0.22315,0.2208,0.22184,158926.087402
1759564800,0.22182,0.22182,0.21845,0.21871,558716.695734
1759579200,0.21862,0.22105,0.21631,0.21651,417806.535229
1759593600,0.21661,0.21769,0.21597,0.21739,269748.867076
1759608000,0.2176,0.22016,0.21742,0.21983,642780.963329
1759622400,0.22032,0.22685,0.21909,0.225,371642.493847
1759636800,0.22503,0.22964,0.22448,0.22964,261420.963904
1759651200,0.22975,0.23021,0.2227,0.22476,384657.73556
1759665600,0.22455,0.2251,0.22238,0.22314,853018.810859
1759680000,0.22366,0.22397,0.21789,0.218,492541.097879
1759694400,0.21781,0.21997,0.21742,0.2188,600700.372398
1759708800,0.21821,0.22055,0.21713,0.21873,250046.625984
1759723200,0.21815,0.22085,0.2164,0.21837,238257.179147
1759737600,0.21894,0.22296,0.21894,0.2215,453754.121987
1759752000,0.22151,0.23001,0.22151,0.22988,1402842.259794
1759766400,0.22992,0.2309,0.22787,0.22969,378993.713998
1759780800,0.22991,0.23089,0.22891,0.22933,601689.136969
1759795200,0.2294,0.23016,0.22733,0.22778,413200.489038
1759809600,0.22776,0.23071,0.22449,0.22494,306637.564429
1759824000,0.22486,0.22729,0.2228,0.22729,390099.108719
1759838400,0.22662,0.22975,0.21891,0.22048,1265201.131571
1759852800,0.22046,0.22377,0.21912,0.22074,1196930.486008
1759867200,0.22094,0.22278,0.2183,0.2192,447718.002288
1759881600,0.21899,0.22086,0.21654,0.21716,192096.907119
1759896000,0.21737,0.21897,0.21573,0.21742,420155.316013
1759910400,0.21762,0.22014,0.21755,0.21843,126206.801139
1759924800,0.21829,0.22223,0.21731,0.22089,1122169.409929
1759939200,0.22053,0.22734,0.22053,0.22515,1099036.051424
1759953600,0.22528,0.2256,0.22356,0.22424,166296.446971
1759968000,0.22423,0.22439,0.21581,0.2185,412996.856223
1759982400,0.21807,0.22016,0.21642,0.21651,235753.069717
1759996800,0.21648,0.21772,0.21272,0.21685,1284715.034981
1760011200,0.21667,0.21938,0.21448,0.21563,1233535.490861
1760025600,0.21586,0.21858,0.21338,0.2172,962776.471121
1760040000,0.2174,0.2223,0.2174,0.22046,328560.481945
1760054400,0.22048,0.22411,0.21891,0.22244,736982.680409
1760068800,0.22292,0.22401,0.21984,0.22036,516577.569002
1760083200,0.21981,0.22274,0.21956,0.22194,258859.701786
1760097600,0.22234,0.22538,0.21,0.21308,1150721.069548
1760112000,0.2123,0.21544,0.20512,0.20743,967115.316874
1760126400,0.20729,0.264,0.175,0.19543,41738559.047097
1760140800,0.19897,0.21368,0.17702,0.18192,10975591.133295
1760155200,0.18215,0.18833,0.18068,0.18419,5894062.563522
1760169600,0.18431,0.19603,0.1839,0.18936,3741548.031782
1760184000,0.18919,0.19255,0.18626,0.19092,3244630.510822
1760198400,0.19111,0.19188,0.18258,0.18353,1721137.629258
1760212800,0.18403,0.18403,0.17665,0.1818,2358817.226752
1760227200,0.182,0.186,0.17886,0.18453,2161878.396783
1760241600,0.18476,0.1909,0.18463,0.19058,818382.378413
1760256000,0.19061,0.19139,0.18747,0.1896,461553.486367
1760270400,0.18973,0.1998,0.18749,0.1998,1671534.394445
1760284800,0.19977,0.2058,0.19976,0.2058,1746036.414322
1760299200,0.20567,0.20684,0.20092,0.20287,914062.574927
1760313600,0.20279,0.2042,0.20026,0.20047,285707.52885
1760328000,0.20072,0.20675,0.1998,0.20394,228040.340137
1760342400,0.20391,0.20718,0.19844,0.20294,2152507.490567
1760356800,0.20269,0.20742,0.2012,0.20654,1573837.749942
1760371200,0.20596,0.21423,0.20492,0.21419,3446977.608102
1760385600,0.21416,0.21501,0.21223,0.21321,1931315.179286
1760400000,0.21324,0.21423,0.20597,0.20689,967611.529308
1760414400,0.20686,0.20703,0.19277,0.19496,1648120.586569
1760428800,0.19437,0.19788,0.1915,0.19596,1110995.676908
1760443200,0.19569,0.20392,0.19142,0.2039,2792648.020602
1760457600,0.20379,0.20702,0.2,0.20391,842553.061164
1760472000,0.20391,0.20658,0.20321,0.20539,411531.615798
1760486400,0.20545,0.20609,0.20147,0.20278,360156.033162
1760500800,0.20227,0.20567,0.20137,0.20491,658554.708238
1760515200,0.20508,0.20875,0.2019,0.20333,902768.792574
1760529600,0.20332,0.20363,0.19646,0.1974,1466795.479161
1760544000,0.19744,0.19979,0.19565,0.19717,461535.874442
1760558400,0.19724,0.19804,0.19386,0.19634,448810.996442
1760572800,0.19664,0.19793,0.19532,0.19597,184052.656677
1760587200,0.19554,0.19774,0.19433,0.19632,135870.164191
1760601600,0.19618,0.19879,0.19,0.19766,828062.939627
1760616000,0.19785,0.19902,0.18919,0.18955,1474227.046496
1760630400,0.18917,0.1943,0.18438,0.18577,3516548.021328
1760644800,0.18593,0.18658,0.183,0.18493,1013789.712075
1760659200,0.18473,0.18794,0.18339,0.18597,321076.381433
1760673600,0.18601,0.18605,0.17235,0.17293,1977967.881557
1760688000,0.17294,0.17843,0.17,0.17756,5457413.336285
1760702400,0.17756,0.17874,0.17399,0.1783,1403243.733917
1760716800,0.17824,0.18046,0.17626,0.17716,1572335.346874
1760731200,0.17662,0.17968,0.17652,0.1771,499673.533401
1760745600,0.1773,0.1804,0.17701,0.17869,83657.519704
1760760000,0.17848,0.18117,0.17714,0.17903,139925.48136
1760774400,0.17884,0.1809,0.17821,0.1809,117407.605906
1760788800,0.18062,0.18171,0.17749,0.17841,786867.524782
1760803200,0.1784,0.18056,0.17683,0.18044,237400.054953
1760817600,0.18035,0.18099,0.17906,0.17989,180814.333512
1760832000,0.17995,0.18084,0.17814,0.18049,843873.057974
1760846400,0.18048,0.18061,0.17836,0.17907,65336.916753
1760860800,0.1793,0.18483,0.17671,0.18363,861945.774578
1760875200,0.18366,0.18749,0.18277,0.18627,272451.947182
1760889600,0.18624,0.1884,0.18534,0.18602,498651.022637
1760904000,0.18596,0.18597,0.18351,0.18373,475773.643945
1760918400,0.18369,0.18832,0.17974,0.18811,910068.394857
1760932800,0.18817,0.18992,0.18672,0.18902,1766208.567495
1760947200,0.18882,0.19015,0.18781,0.18861,318851.687157
1760961600,0.18872,0.19107,0.18818,0.18856,382306.735173
1760976000,0.1883,0.18988,0.18535,0.18949,357283.344254
1760990400,0.18844,0.18997,0.18687,0.18687,345280.937034
1761004800,0.18659,0.18659,0.1821,0.18222,1117430.72964
1761019200,0.18207,0.1822,0.17845,0.17979,908636.259365
1761033600,0.17979,0.18094,0.17779,0.18055,103701.83361
1761048000,0.18054,0.19342,0.17988,0.19279,396214.794021
1761062400,0.19282,0.19543,0.18872,0.18999,533411.975516
1761076800,0.18952,0.18952,0.18098,0.18115,807034.977657
1761091200,0.18097,0.1823,0.17912,0.18134,780660.881824
1761105600,0.18161,0.18268,0.1786,0.18195,756555.722042
1761120000,0.18149,0.18235,0.17785,0.18135,443853.102806
1761134400,0.18142,0.18467,0.18001,0.1816,623095.709687
1761148800,0.18152,0.18255,0.17874,0.17996,866887.989505
1761163200,0.18005,0.18017,0.17515,0.17862,839446.918775
1761177600,0.1785,0.17992,0.17822,0.17919,232144.244823
1761192000,0.17914,0.18283,0.17905,0.18236,127090.350918
1761206400,0.18248,0.18332,0.18078,0.18103,355743.102917
1761220800,0.18088,0.18409,0.17954,0.18263,188660.27739
1761235200,0.18284,0.18585,0.18247,0.18325,518343.826653
1761249600,0.1836,0.1836,0.18053,0.18145,160736.838385
1761264000,0.18163,0.18251,0.18068,0.18104,140161.077347
1761278400,0.18117,0.18527,0.18117,0.18404,623482.890968
1761292800,0.18359,0.18608,0.18207,0.18358,119904.951342
1761307200,0.18349,0.18737,0.18117,0.18117,940323.216689
1761321600,0.18101,0.18461,0.18055,0.18461,154435.168864
1761336000,0.1842,0.18637,0.1842,0.18587,832764.06809
1761350400,0.18512,0.18583,0.1835,0.1835,227479.892148
1761364800,0.1835,0.18438,0.18303,0.18326,70754.015291
1761379200,0.18343,0.18435,0.18244,0.18291,28535.104273
1761393600,0.18314,0.1855,0.18314,0.18536,161802.996269
1761408000,0.18538,0.18646,0.18477,0.18646,86932.366439
1761422400,0.18646,0.18707,0.18479,0.18521,196155.227563
1761436800,0.18536,0.18541,0.18299,0.18336,317346.903592
1761451200,0.18319,0.18539,0.18318,0.18537,17727.217459
1761465600,0.18537,0.18941,0.18537,0.18911,209847.340698
1761480000,0.1892,0.19043,0.189,0.18986,287773.008965
1761494400,0.18948,0.18948,0.1881,0.18811,264729.110105
1761508800,0.18822,0.19216,0.18705,0.19094,879166.265469
1761523200,0.19074,0.1932,0.19036,0.19181,594263.006042
1761537600,0.19181,0.19317,0.19,0.19113,540260.119191
1761552000,0.19113,0.19133,0.18659,0.18838,514129.32407
1761566400,0.18832,0.18977,0.18597,0.18924,932306.197658
1761580800,0.18937,0.19204,0.18885,0.18898,681701.872836
1761595200,0.18849,0.18849,0.18441,0.18569,813887.311102
1761609600,0.18543,0.18832,0.18523,0.18691,312157.02645
1761624000,0.1872,0.19919,0.18648,0.19371,2000788.34371
1761638400,0.19336,0.196,0.1897,0.19016,366478.892328
1761652800,0.19034,0.19346,0.18733,0.19032,594338.482398
1761667200,0.18982,0.192,0.18671,0.18748,1093618.485902
1761681600,0.18733,0.18733,0.18134,0.18461,969535.974184
1761696000,0.18393,0.18484,0.18285,0.18327,119330.588358
1761710400,0.18273,0.18396,0.18228,0.18362,173613.097978
1761724800,0.1833,0.18524,0.18177,0.18471,121011.467239
1761739200,0.18496,0.18677,0.18157,0.18217,215714.636429
1761753600,0.18208,0.18994,0.18066,0.18755,1267022.145851
1761768000,0.18732,0.18986,0.18319,0.18372,350796.059444
1761782400,0.18405,0.18526,0.18238,0.18325,171571.115326
1761796800,0.18238,0.18685,0.17721,0.18562,637008.587849
1761811200,0.18493,0.18516,0.1816,0.1816,193832.38401
1761825600,0.18182,0.18184,0.17259,0.17293,1149923.85561
1761840000,0.17258,0.17423,0.16764,0.16784,1266333.978646
1761854400,0.16804,0.17404,0.16788,0.17404,940600.843566
1761868800,0.17398,0.17639,0.17308,0.17551,529646.724329
1761883200,0.17571,0.17692,0.17527,0.17546,434342.7054
1761897600,0.17569,0.17739,0.17474,0.17739,253166.222927
1761912000,0.17732,0.17889,0.17602,0.1774,428534.149539
1761926400,0.17744,0.17787,0.1734,0.17755,999022.351957
1761940800,0.17738,0.17775,0.17579,0.17739,679620.292721
1761955200,0.17738,0.17821,0.17522,0.17743,564878.062123
1761969600,0.178,0.17852,0.17604,0.17843,540138.023127
1761984000,0.17853,0.179,0.17743,0.17842,78285.540576
1761998400,0.17871,0.17901,0.17658,0.17688,306920.502757
1762027200,0.17718,0.17939,0.17718,0.17935,101291.880272
1762041600,0.17909,0.17917,0.17755,0.17815,304589.559319
1762056000,0.17802,0.18073,0.1776,0.18,58968.389542
1762070400,0.18034,0.18034,0.17736,0.17956,407763.860527
1762084800,0.18003,0.18027,0.17448,0.17503,376181.276242
1762099200,0.17463,0.17584,0.17287,0.1746,493703.544389
1762113600,0.17439,0.17879,0.17426,0.17879,106010.310874
1762128000,0.1783,0.1788,0.16862,0.1688,945344.639964
1762142400,0.16848,0.16977,0.16578,0.16816,429165.767922
1762156800,0.16802,0.16896,0.16398,0.1663,522241.970962
1762171200,0.1663,0.16911,0.15546,0.15867,1679621.074638
1762185600,0.15867,0.1631,0.1581,0.15906,1630321.069388
1762200000,0.15932,0.16,0.15579,0.16,389185.578422
1762214400,0.15995,0.16282,0.15903,0.16177,126866.535125
1762228800,0.16148,0.16174,0.15331,0.154,2555086.592709
1762243200,0.15407,0.1608,0.1535,0.15933,670507.802973
1762257600,0.15895,0.16214,0.15669,0.1586,779482.268857
1762272000,0.1586,0.15957,0.149,0.15044,4101538.167237
1762286400,0.1507,0.15631,0.145,0.15408,2943465.543857
1762300800,0.15398,0.15719,0.14696,0.15658,757914.440935
1762315200,0.15679,0.15775,0.15521,0.15662,145777.763323
1762329600,0.15642,0.15969,0.154,0.15914,351696.125475
1762344000,0.15887,0.16141,0.1573,0.16141,725446.218529
1762358400,0.1614,0.16289,0.15945,0.16196,1110684.306635
1762372800,0.16184,0.16258,0.16046,0.16165,601869.906159
1762387200,0.16122,0.16213,0.1589,0.16105,441435.408337
1762401600,0.16108,0.16143,0.15821,0.15934,506527.850577
1762416000,0.15928,0.16024,0.15821,0.1596,231038.816052
1762430400,0.15928,0.16066,0.15525,0.15606,503112.087075
1762444800,0.15617,0.15969,0.15345,0.15812,832473.056963
1762459200,0.15826,0.15898,0.15634,0.15726,247370.903636
1762473600,0.15722,0.16336,0.15722,0.16334,1536554.000892
1762488000,0.16341,0.16753,0.16208,0.16751,396135.306187
1762502400,0.16753,0.16753,0.16162,0.16388,1343311.433796
1762516800,0.16388,0.17201,0.15962,0.17185,1077778.376842
1762531200,0.17215,0.18552,0.17117,0.18477,1526431.688178
1762545600,0.18474,0.18645,0.1801,0.18089,4299638.899672
1762560000,0.18086,0.18488,0.17947,0.18076,436961.3459
1762574400,0.18063,0.18247,0.17591,0.17832,1238979.097789
1762588800,0.17848,0.18136,0.1772,0.18023,896492.367492
1762603200,0.18008,0.18052,0.17472,0.17521,1479013.911982
1762617600,0.17548,0.17798,0.17389,0.17662,291476.598211
1762632000,0.17663,0.178,0.17624,0.17776,341013.431636
1762646400,0.17754,0.17766,0.17065,0.17156,401634.729796
1762660800,0.17147,0.17428,0.17122,0.17428,178478.960449
1762675200,0.17421,0.17657,0.16954,0.17574,2563546.438362
1762689600,0.17565,0.18036,0.1747,0.17825,1257995.08276
1762704000,0.17826,0.18158,0.17759,0.18158,2125569.644776
1762718400,0.18169,0.18169,0.17724,0.17783,2743566.231807
1762732800,0.17724,0.18312,0.17641,0.18229,1512758.999054
1762747200,0.18258,0.18284,0.18006,0.18284,178131.171883
1762761600,0.18278,0.1905,0.18076,0.18826,1188744.493778
1762776000,0.18845,0.18919,0.1828,0.18636,682245.483382
1762790400,0.18654,0.19191,0.18462,0.19026,1238838.860678
1762804800,0.18882,0.19133,0.18697,0.18877,7010101.742728
1762819200,0.1889,0.191,0.18549,0.18795,3681248.870764
1762833600,0.18784,0.18784,0.17899,0.17909,1596168.432986
1762848000,0.17906,0.18222,0.17895,0.18151,309366.887192
1762862400,0.18121,0.1827,0.17902,0.181,1830148.055042
1762876800,0.181,0.183,0.17862,0.17862,858762.516355
1762891200,0.17891,0.17915,0.17565,0.17776,442624.033261
1762905600,0.17777,0.1796,0.1761,0.17804,1050789.370713
1762920000,0.17834,0.18033,0.1773,0.17777,123015.434744
1762934400,0.17794,0.18414,0.17794,0.18318,369835.543002
1762948800,0.1827,0.18406,0.17549,0.17558,1579096.660771
1762963200,0.17621,0.17628,0.17047,0.17261,1248799.347912
1762977600,0.1719,0.17466,0.17168,0.17214,643069.489726
1762992000,0.17217,0.17772,0.17101,0.17654,596927.048988
1763006400,0.17627,0.17924,0.17511,0.17682,644516.711562
1763020800,0.17724,0.18013,0.17588,0.17748,338608.622937
1763035200,0.17706,0.1799,0.17418,0.1766,978571.981636
1763049600,0.1767,0.17678,0.16378,0.16414,1515160.292423
1763064000,0.16405,0.16883,0.163,0.16762,1023031.361775
1763078400,0.16695,0.16821,0.16365,0.16404,304429.515493
1763092800,0.16346,0.16645,0.15795,0.1647,2320067.244516
1763107200,0.16467,0.16493,0.15962,0.16029,1071174.12583
1763121600,0.16034,0.16593,0.15744,0.16445,2624439.10727
1763136000,0.16442,0.16612,0.16244,0.16566,853352.584736
1763150400,0.16571,0.16571,0.15795,0.16082,1104313.108214
1763164800,0.16089,0.16714,0.1607,0.16682,3036283.533169
1763179200,0.167,0.1676,0.16513,0.16514,657163.288191
1763193600,0.165,0.165,0.16241,0.16284,767242.567284
1763208000,0.16297,0.16609,0.1629,0.16555,403133.166138
1763222400,0.16537,0.16619,0.16367,0.16401,327385.019544
1763236800,0.16409,0.16418,0.1618,0.16337,117280.368277
1763251200,0.16357,0.16536,0.16088,0.16476,1251490.097691
1763265600,0.16403,0.1655,0.16336,0.16519,363528.930893
1763280000,0.16522,0.16616,0.1621,0.16244,379896.709155
1763294400,0.16215,0.16342,0.15821,0.15829,1050531.655737
1763308800,0.15835,0.16003,0.1552,0.15824,1659518.539577
1763323200,0.15779,0.15999,0.15564,0.15929,895077.59191
1763337600,0.15889,0.16128,0.15741,0.1604,594060.060539
1763352000,0.16038,0.16129,0.15916,0.16114,350293.530035
1763366400,0.16113,0.16197,0.15941,0.16095,368227.481517
1763380800,0.16092,0.16341,0.156,0.15777,2959262.176075
1763395200,0.15748,0.15937,0.151,0.15193,1300547.258273
1763409600,0.15117,0.15285,0.15009,0.15202,1877820.37029
1763424000,0.15223,0.15443,0.15005,0.15345,295737.518005
1763438400,0.15402,0.15544,0.15158,0.15336,1118400.342734
1763452800,0.15338,0.15488,0.15312,0.15393,418068.801727
1763467200,0.15365,0.15785,0.15306,0.157,526733.501439
1763481600,0.15672,0.1605,0.15668,0.15811,1534848.883843
1763496000,0.15824,0.15824,0.15551,0.1567,811389.9694
1763510400,0.15663,0.15841,0.15519,0.15778,136087.146935
1763524800,0.15737,0.15737,0.15229,0.15612,827489.093439
1763539200,0.15607,0.15664,0.15548,0.15559,24331.087239
1763553600,0.15598,0.15715,0.15165,0.15179,1063674.137883
1763568000,0.15201,0.1527,0.14553,0.14575,1324244.064073
1763582400,0.14627,0.15224,0.14561,0.15196,805129.646111
1763596800,0.15206,0.15304,0.15134,0.15256,731002.507099
1763611200,0.15265,0.15363,0.15175,0.15311,252988.132344
1763625600,0.15319,0.15319,0.15134,0.15203,392107.680692
1763640000,0.15203,0.15538,0.15151,0.15186,649617.519376
1763654400,0.15177,0.15184,0.14169,0.14494,3298136.860351
1763668800,0.1445,0.14755,0.14364,0.14404,671277.380563
1763683200,0.14422,0.14602,0.14122,0.14346,350469.893568
1763697600,0.14308,0.14352,0.13457,0.1381,2122696.200673
1763712000,0.13808,0.14076,0.13365,0.13365,1296385.540106
1763726400,0.13362,0.13921,0.13091,0.13568,1913322.627547
1763740800,0.13541,0.13985,0.13436,0.13739,1199508.603822
1763755200,0.1374,0.13781,0.13319,0.1372,1668583.490846
1763769600,0.1372,0.13841,0.13628,0.13689,782534.070353
1763784000,0.13691,0.13704,0.134,0.13679,204927.19542
1763798400,0.13644,0.13649,0.1336,0.13491,91547.381468
1763812800,0.13377,0.13528,0.13254,0.13355,622698.606267
1763827200,0.13393,0.13531,0.13393,0.13462,1318215.644964
1763841600,0.1345,0.13734,0.1339,0.13558,1073089.605734
1763856000,0.1358,0.13819,0.13511,0.13724,472220.308429
1763870400,0.13758,0.13875,0.1356,0.1359,872003.237408
1763884800,0.13661,0.13864,0.13624,0.13838,132920.10833
1763899200,0.13876,0.14312,0.1386,0.14222,2168326.608334
1763913600,0.14209,0.14477,0.14053,0.14451,745839.694371
1763928000,0.14457,0.14609,0.14332,0.14355,670428.072926
1763942400,0.14337,0.14436,0.14017,0.14242,2154834.420294
1763956800,0.14232,0.14415,0.14048,0.14269,968617.764357
1763971200,0.14242,0.14263,0.13927,0.14149,1092060.776215
1763985600,0.14141,0.1434,0.14034,0.14207,653728.75202
1764000000,0.14255,0.14861,0.14255,0.14606,2846646.134431
1764014400,0.1466,0.14722,0.14358,0.1438,3879876.948243
1764028800,0.14341,0.14469,0.1429,0.14418,1128802.373721
1764043200,0.14461,0.14595,0.14349,0.14355,334951.622064
1764057600,0.14325,0.14374,0.14168,0.14232,800571.075644
1764072000,0.14245,0.1432,0.13981,0.14232,226618.932281
1764086400,0.14234,0.1452,0.14198,0.14383,2114399.304054
1764100800,0.14404,0.14719,0.14352,0.14638,1725829.460517
1764115200,0.14627,0.14731,0.14468,0.14472,563438.634903
1764129600,0.1449,0.14561,0.14449,0.14556,145533.648243
1764144000,0.14533,0.14533,0.14276,0.14296,398008.326583
1764158400,0.143,0.14404,0.14116,0.14161,825490.417618
1764172800,0.14192,0.14839,0.14192,0.14655,1151188.926275
1764187200,0.14662,0.14774,0.14546,0.14639,407348.705432
1764201600,0.14618,0.14789,0.14565,0.14585,1443367.670992
1764216000,0.14599,0.14668,0.14531,0.14564,287612.150555
1764230400,0.14557,0.14636,0.14466,0.145,652021.894255
1764244800,0.14506,0.14557,0.14396,0.14529,592337.723251
1764259200,0.14545,0.14713,0.14526,0.1467,244723.649028
1764273600,0.14682,0.14711,0.14397,0.14451,355876.375969
1764288000,0.14449,0.14479,0.14293,0.14368,282260.158637
1764302400,0.14352,0.14406,0.14316,0.14362,79335.047607
1764316800,0.14367,0.14677,0.14367,0.14477,81405.454652
1764331200,0.14479,0.14728,0.14459,0.14596,217236.88249
1764345600,0.14611,0.14611,0.14144,0.14445,1293972.590447
1764360000,0.14371,0.14463,0.1425,0.14343,455784.941669
1764374400,0.14334,0.14388,0.14266,0.14281,112519.125482
1764388800,0.14264,0.14331,0.14096,0.14117,83834.678686
1764403200,0.14109,0.1422,0.14013,0.14217,25523.070544
1764417600,0.14227,0.14227,0.14074,0.14173,58579.858434
1764432000,0.14172,0.14172,0.13886,0.13921,162111.158394
1764446400,0.13915,0.14013,0.13886,0.14007,155268.205867
1764460800,0.13944,0.14017,0.13835,0.13984,353710.048165
1764475200,0.13988,0.14024,0.1385,0.13914,105603.184627
1764489600,0.13928,0.13992,0.138,0.138,121188.222255
1764504000,0.13783,0.14085,0.13755,0.1403,211079.851443
1764518400,0.14051,0.1409,0.13944,0.13975,147162.093052
1764532800,0.13999,0.14042,0.13668,0.13668,247195.612787
1764547200,0.13671,0.13687,0.13027,0.13058,2546215.56537
1764561600,0.13023,0.1305,0.12893,0.13013,1422020.739016
1764576000,0.13009,0.13155,0.12978,0.13065,1187407.11695
1764590400,0.13086,0.13183,0.12811,0.13,1720449.011682
1764604800,0.13005,0.13041,0.12873,0.12936,456772.645285
1764619200,0.12952,0.13097,0.12941,0.13048,905224.998303
1764633600,0.13035,0.1312,0.12893,0.12986,321936.486463
1764648000,0.12993,0.13028,0.12898,0.12937,187227.89893
1764662400,0.1293,0.13194,0.12865,0.1319,346674.653346
1764676800,0.13181,0.14049,0.13152,0.14026,598336.361798
1764691200,0.14028,0.1405,0.1382,0.13842,622409.592709
1764705600,0.13842,0.13946,0.13765,0.1388,392655.951614
1764720000,0.13894,0.14143,0.13852,0.14106,225710.028725
1764734400,0.14111,0.14291,0.14096,0.14131,429940.023722
1764748800,0.14139,0.14151,0.13903,0.14013,209411.499435
1764763200,0.14013,0.14099,0.13712,0.14021,284809.337418
1764777600,0.1403,0.14252,0.13943,0.14239,462681.962929
1764792000,0.1424,0.1447,0.14201,0.14361,676002.440449
1764806400,0.14368,0.1442,0.14177,0.14177,268810.057002
1764820800,0.1418,0.14188,0.14057,0.14132,560460.457037
1764835200,0.14128,0.14133,0.14021,0.14055,586168.332808
1764849600,0.14051,0.14244,0.13882,0.14213,1109231.886967
1764864000,0.14224,0.14237,0.13716,0.13972,568765.08818
1764878400,0.13992,0.14033,0.13844,0.13855,77244.712701
1764892800,0.13863,0.13973,0.13821,0.13844,136153.531892
1764907200,0.13839,0.13891,0.13693,0.13845,1162781.562037
1764921600,0.13801,0.13834,0.13531,0.13582,182183.461267
1764936000,0.13571,0.13723,0.13439,0.13506,798927.085595
1764950400,0.13493,0.13503,0.13071,0.13271,594761.865407
1764964800,0.13248,0.13316,0.13185,0.13272,562209.562223
1764979200,0.13271,0.13363,0.13223,0.13322,180578.182748
1764993600,0.13316,0.13316,0.13202,0.13278,327091.797181
1765008000,0.13278,0.13311,0.13211,0.13299,199848.13301
1765022400,0.13275,0.13426,0.13275,0.13305,1302683.032925
1765036800,0.13334,0.135,0.13321,0.13372,680105.302516
1765051200,0.13392,0.13537,0.13332,0.13366,234216.566734
1765065600,0.13361,0.13481,0.13361,0.13481,67795.175693
1765080000,0.13482,0.13515,0.1339,0.13399,129181.348257
1765094400,0.13397,0.13437,0.13273,0.13331,170050.325638
1765108800,0.13312,0.1338,0.12959,0.13326,919352.015793
1765123200,0.13321,0.13654,0.13222,0.13603,876500.242342
1765137600,0.13601,0.13602,0.13075,0.13295,414784.094731
1765152000,0.1328,0.13507,0.13248,0.13377,733474.162062
1765166400,0.1338,0.13527,0.13353,0.13478,69199.854537
1765180800,0.13478,0.1362,0.13455,0.1347,290449.146833
1765195200,0.1346,0.13606,0.13343,0.1342,341542.556772
1765209600,0.13338,0.13526,0.13338,0.13391,270698.582079
1765224000,0.13393,0.13488,0.133,0.13357,228328.467633
1765238400,0.13386,0.1339,0.13216,0.13343,128798.370144
1765252800,0.13317,0.1333,0.13228,0.13315,197120.588368
1765267200,0.13315,0.1334,0.13175,0.13263,340756.375454
1765281600,0.13277,0.13749,0.13246,0.13731,1128836.515085
1765296000,0.13759,0.14196,0.13759,0.13931,1094849.850353
1765310400,0.13928,0.13928,0.13656,0.13816,3498371.550971
1765324800,0.13832,0.13832,0.13619,0.13632,953499.285615
1765339200,0.13618,0.13704,0.13594,0.13648,194369.16587
1765353600,0.13661,0.13722,0.13586,0.13627,207739.330428
1765368000,0.13645,0.13809,0.13562,0.13654,995627.617218
1765382400,0.13632,0.13991,0.13609,0.13965,1678777.241499
1765396800,0.13981,0.14205,0.13455,0.13517,1392645.784071
1765411200,0.13483,0.1353,0.1294,0.1298,1672339.729022
1765425600,0.12934,0.13094,0.129,0.12913,293493.136428
1765440000,0.12901,0.12972,0.12827,0.12955,611574.430024
1765454400,0.12931,0.13073,0.12839,0.12889,720902.431094
1765468800,0.12889,0.1295,0.12682,0.12783,723365.86019
1765483200,0.12796,0.13096,0.12796,0.1299,755549.414367
1765497600,0.12967,0.13007,0.12769,0.12934,400414.087498
1765512000,0.1293,0.13123,0.12883,0.13022,192835.884008
1765526400,0.13011,0.13017,0.12794,0.12835,1967252.247114
1765540800,0.12822,0.12872,0.1227,0.12346,2698873.284478
1765555200,0.12326,0.12384,0.1216,0.123,4209021.59911
1765569600,0.12293,0.12347,0.1225,0.12288,1797723.322888
1765584000,0.12288,0.12302,0.12109,0.12211,347583.982087
1765598400,0.12219,0.12259,0.1212,0.1224,337713.114091
1765612800,0.1223,0.12308,0.12224,0.12266,124360.890085
1765627200,0.12286,0.12319,0.122,0.1224,386129.166545
1765641600,0.12242,0.123,0.12192,0.12192,205914.834409
1765656000,0.12193,0.12222,0.12054,0.12199,245103.997449
1765670400,0.12182,0.12349,0.12153,0.1226,139207.014848
1765684800,0.12252,0.123,0.1217,0.12198,112889.549295
1765699200,0.12208,0.12218,0.11961,0.12079,790773.369455
1765713600,0.12054,0.12173,0.11974,0.11982,437484.521624
1765728000,0.11993,0.12058,0.11867,0.11912,930425.766151
1765742400,0.11921,0.11981,0.1177,0.1189,1121691.738769
1765756800,0.11895,0.12187,0.1188,0.12069,569223.6181
1765771200,0.12068,0.12113,0.11981,0.11994,431994.278772
1765785600,0.12001,0.12054,0.11968,0.11999,227671.183604
1765800000,0.11989,0.12044,0.1145,0.1151,2280079.068956
1765814400,0.11519,0.11561,0.1115,0.11394,6076103.206525
1765828800,0.11375,0.11565,0.11294,0.11537,1142563.018365
1765843200,0.11548,0.11559,0.11372,0.11436,205190.776969
1765857600,0.1143,0.11448,0.11263,0.11348,759555.718647
1765872000,0.11342,0.11662,0.11342,0.11662,472932.41349
1765886400,0.11668,0.11774,0.11501,0.11757,4267675.411188
1765900800,0.11765,0.11813,0.11659,0.11756,1169998.854814
1765915200,0.11755,0.11795,0.11667,0.11689,899118.092506
1765929600,0.11689,0.117,0.11578,0.11582,293745.789527
1765944000,0.11592,0.11592,0.1148,0.11518,145561.123342
1765958400,0.11494,0.11495,0.11372,0.11427,219517.370533
1765972800,0.11444,0.11876,0.11326,0.11436,799330.120892
1765987200,0.11442,0.11495,0.11045,0.11182,1646756.907891
1766001600,0.11184,0.11267,0.11105,0.11139,698406.25002
1766016000,0.1114,0.11244,0.11085,0.11162,149875.813268
1766030400,0.11163,0.112,0.11,0.11051,708356.339383
1766044800,0.1106,0.11135,0.11059,0.11124,472690.845489
1766059200,0.11137,0.11481,0.11114,0.11266,1317326.080926
1766073600,0.11252,0.11258,0.10516,0.10516,1821296.578646
1766088000,0.10523,0.10861,0.10523,0.10734,1847225.119261
1766102400,0.10734,0.11073,0.10661,0.10955,749673.243405
1766116800,0.10971,0.11196,0.10971,0.11125,265518.209897
1766131200,0.11119,0.11178,0.11073,0.11162,524828.513127
1766145600,0.1117,0.1153,0.11154,0.11368,1306174.55031
1766160000,0.11373,0.11588,0.11294,0.11542,1541578.946148
1766174400,0.11552,0.11594,0.11463,0.1148,1229222.47924
1766188800,0.11481,0.11482,0.11326,0.11392,1779676.157297
1766203200,0.11375,0.11442,0.11314,0.11442,2144363.630726
1766217600,0.11445,0.11514,0.11389,0.11426,2345002.61083
1766232000,0.11436,0.11438,0.11309,0.11391,2673123.162473
1766246400,0.11392,0.11407,0.11336,0.11336,4039538.819868
1766260800,0.11333,0.11512,0.11316,0.11476,1912393.972619
1766275200,0.11491,0.11498,0.11256,0.11333,1093081.060425
1766289600,0.1134,0.11375,0.11327,0.11362,293596.760728
1766304000,0.11373,0.11457,0.11311,0.11321,493710.408705
1766318400,0.11312,0.11362,0.11029,0.11093,5791681.033937
1766332800,0.11088,0.11178,0.11049,0.11165,3540567.98742
1766347200,0.11174,0.11237,0.11068,0.11143,2566321.412917
1766361600,0.11153,0.1142,0.11086,0.11196,5283451.282208
1766376000,0.11203,0.11217,0.11103,0.11122,7968251.001126
1766390400,0.11125,0.1127,0.11116,0.11186,4504032.787814
1766404800,0.11193,0.11334,0.11174,0.11288,7641709.843779
1766419200,0.11294,0.11333,0.11117,0.11129,4551068.469048
1766433600,0.11112,0.11206,0.11041,0.11179,1067992.339739
1766448000,0.11185,0.11238,0.1106,0.11119,2055798.038066
1766462400,0.11107,0.11115,0.10947,0.10984,3726202.638531
1766476800,0.10983,0.11049,0.10964,0.11025,3570504.736986
1766491200,0.11016,0.11023,0.10861,0.10984,6317442.024064
1766505600,0.10984,0.11187,0.10951,0.11112,5585867.062562
1766520000,0.11111,0.11405,0.11096,0.11361,8301494.511414
1766534400,0.11372,0.11455,0.11229,0.11258,5483527.491477
1766548800,0.11233,0.11273,0.11058,0.11058,3669733.991906
1766563200,0.1105,0.11163,0.11036,0.11131,3831283.972687
1766577600,0.11122,0.11304,0.10999,0.11132,7724833.956124
1766592000,0.11142,0.11206,0.11086,0.11178,3505783.747328
1766606400,0.11182,0.11331,0.11182,0.11303,2490612.709007
1766620800,0.11307,0.11457,0.11243,0.11438,2458994.704648
1766635200,0.11439,0.11682,0.11422,0.11682,982047.625447
1766649600,0.11691,0.1184,0.11552,0.11642,4221370.933326
1766664000,0.11631,0.11769,0.11561,0.11739,3439569.171616
1766678400,0.11709,0.11946,0.11582,0.1185,1419211.514464
1766692800,0.1184,0.11863,0.1138,0.11467,3468277.639274
1766707200,0.11454,0.11961,0.11403,0.11905,4185734.191342
1766721600,0.11911,0.12034,0.11789,0.11789,5093845.74495
1766736000,0.11791,0.11822,0.11722,0.11776,1242851.345279
1766750400,0.11773,0.1189,0.11631,0.11781,2360953.810878
1766764800,0.11786,0.11929,0.11701,0.11902,1264397.361196
1766779200,0.119,0.11917,0.11778,0.11814,1154867.838501
1766793600,0.11842,0.11873,0.1176,0.11858,835893.325964
1766808000,0.11868,0.11872,0.11672,0.11677,1778173.557017
1766822400,0.11679,0.1179,0.11583,0.1179,611019.722061
1766836800,0.118,0.11809,0.11725,0.11792,159476.344412
1766851200,0.11802,0.11802,0.11738,0.11761,478715.914727
1766865600,0.11769,0.1204,0.11769,0.12018,1218748.03833
1766880000,0.1202,0.12095,0.11943,0.12033,1844443.022864
1766894400,0.12021,0.12122,0.11979,0.12102,195676.916982
1766908800,0.12101,0.1215,0.12041,0.12069,663930.337015
1766923200,0.12078,0.12099,0.1199,0.12038,429155.578293
1766937600,0.12047,0.12058,0.11857,0.11866,1382955.735914
1766952000,0.11867,0.11994,0.11837,0.11981,876094.147058
1766966400,0.11974,0.12178,0.11965,0.12157,990700.86715
1766980800,0.12146,0.1218,0.11998,0.12025,406561.504647
1766995200,0.12027,0.12086,0.11793,0.11809,581545.394771
1767009600,0.11803,0.12158,0.11639,0.12136,5731994.349385
1767024000,0.12137,0.12194,0.11747,0.11751,1105835.38012
1767038400,0.11747,0.11796,0.1167,0.11725,295190.143228
1767052800,0.11727,0.11766,0.11656,0.11754,380109.728548
1767067200,0.11747,0.11794,0.11634,0.11663,392720.31735
1767081600,0.11664,0.1179,0.11609,0.1164,528247.879898
1767096000,0.11643,0.11746,0.11516,0.11727,680783.150447
1767110400,0.11733,0.1176,0.11536,0.11565,838480.555948
1767124800,0.11564,0.11564,0.11384,0.11481,1823701.094896
1767139200,0.11449,0.11499,0.11335,0.11424,3116781.829367
1767153600,0.11422,0.11446,0.11349,0.11366,457109.427181
1767168000,0.11373,0.11403,0.1133,0.11344,464612.082177
1767182400,0.11351,0.11351,0.11142,0.11163,1357172.922363
1767196800,0.11165,0.11165,0.10964,0.1102,2039213.912025
1767211200,0.10997,0.11159,0.1097,0.11008,2273082.225503
1767225600,0.11024,0.11082,0.10981,0.10981,1057698.270056
1767240000,0.10988,0.11219,0.109,0.11125,2567518.153035
1767254400,0.11128,0.11321,0.11112,0.11316,777047.919305
1767268800,0.1132,0.11684,0.11311,0.11584,1375082.440994
1767283200,0.11631,0.11947,0.11582,0.11946,1950913.625663
1767297600,0.11953,0.12139,0.11944,0.12012,1672675.208293
1767312000,0.12028,0.12222,0.11906,0.122,2179045.440405
1767326400,0.12221,0.12247,0.12097,0.12165,352651.379881
1767340800,0.12178,0.12464,0.12145,0.12345,1341336.804605
1767355200,0.1232,0.12521,0.12262,0.12358,1781953.11741
1767369600,0.12359,0.12712,0.12353,0.12693,2197791.102146
1767384000,0.12683,0.1274,0.12591,0.12733,570702.501877
1767398400,0.12749,0.12981,0.12663,0.12976,1136056.064682
1767412800,0.12985,0.12989,0.12428,0.12449,1166805.927511
1767427200,0.12461,0.12593,0.12431,0.12571,322224.068956
1767441600,0.12571,0.12681,0.12553,0.12564,296609.272146
1767456000,0.12612,0.12748,0.12612,0.12716,141160.705809
1767470400,0.12735,0.12822,0.1267,0.12781,237630.204402
1767484800,0.12786,0.13063,0.12786,0.13056,1452995.950504
1767499200,0.13076,0.13542,0.13076,0.13386,3067100.090775
1767513600,0.13403,0.13692,0.13345,0.13494,534102.528498
1767528000,0.13487,0.13621,0.13453,0.13575,715856.326308
1767542400,0.13554,0.13826,0.13436,0.13544,1282211.622225
1767556800,0.13535,0.13764,0.1349,0.13605,245363.212049
1767571200,0.13612,0.13908,0.13612,0.13814,1000200.068
1767585600,0.13819,0.13823,0.13383,0.1361,1478311.212014
1767600000,0.13609,0.13624,0.13382,0.13472,265588.150352
1767614400,0.1347,0.13768,0.1343,0.13648,901913.756389
1767628800,0.13647,0.13928,0.13473,0.13754,676694.299096
1767643200,0.13757,0.14103,0.13757,0.13948,2868191.464546
1767657600,0.13966,0.14241,0.1382,0.14207,723108.902118
1767672000,0.142,0.14375,0.14021,0.14088,902138.656483
1767686400,0.141,0.14363,0.14077,0.14348,531222.904675
1767700800,0.14375,0.14556,0.14214,0.14254,823941.596071
1767715200,0.14269,0.14298,0.13601,0.1377,2125695.848512
1767729600,0.13771,0.14253,0.13771,0.1423,1557690.001566
1767744000,0.1422,0.14231,0.13884,0.14002,313420.689852
1767758400,0.14005,0.14112,0.13899,0.14105,189987.056706
1767772800,0.14111,0.14298,0.13987,0.14027,2215411.302364
1767787200,0.14052,0.14052,0.13534,0.13578,898805.512511
1767801600,0.13591,0.13764,0.13522,0.1359,919635.281302
1767816000,0.13573,0.13706,0.13388,0.13645,2188418.232369
1767830400,0.13636,0.1368,0.1347,0.13506,306472.610239
1767844800,0.13473,0.13618,0.13265,0.13521,649634.107248
1767859200,0.135,0.13528,0.1324,0.13277,352019.622256
1767873600,0.13298,0.13454,0.12945,0.13454,814030.255753
1767888000,0.13483,0.13563,0.13326,0.13326,2580704.486738
1767902400,0.13319,0.13536,0.13145,0.13437,2950031.340166
1767916800,0.13431,0.13612,0.13364,0.13506,309522.082381
1767931200,0.13503,0.13562,0.13416,0.13502,183373.298359
1767945600,0.13487,0.13501,0.13236,0.1334,182706.766084
1767960000,0.13329,0.13722,0.13209,0.13518,539065.400558
1767974400,0.13578,0.13816,0.13196,0.133,2001634.282147
1767988800,0.13226,0.13411,0.13226,0.13301,569203.123631
1768003200,0.13301,0.13301,0.13171,0.13203,86774.143863
1768017600,0.13222,0.13272,0.13072,0.13263,860031.738134
1768032000,0.13252,0.13412,0.13227,0.13407,569762.054121
1768046400,0.13404,0.13551,0.13389,0.13421,1073466.649928
1768060800,0.13415,0.13489,0.133,0.13489,376507.909066
1768075200,0.13491,0.13491,0.13299,0.13361,190683.449446
1768089600,0.13367,0.13434,0.1332,0.13423,65863.335993
1768104000,0.13413,0.13456,0.13335,0.13429,209713.813559
1768118400,0.13429,0.13516,0.13399,0.13461,493461.355234
1768132800,0.13466,0.1358,0.13334,0.13364,341880.216767
1768147200,0.1338,0.13585,0.13318,0.13364,406696.14087
1768161600,0.1337,0.1337,0.13067,0.13216,1288825.878278
1768176000,0.1321,0.13485,0.13022,0.13309,475650.407574
1768190400,0.13236,0.1341,0.13154,0.13198,161627.128064
1768204800,0.1321,0.13242,0.12977,0.12995,326582.715954
1768219200,0.13,0.13166,0.1278,0.13161,569224.686935
1768233600,0.13166,0.13286,0.13048,0.13078,505940.155623
1768248000,0.13078,0.13124,0.12826,0.12901,422919.515388
1768262400,0.12881,0.13019,0.12875,0.13009,151912.79062
1768276800,0.13005,0.13131,0.12929,0.13034,205251.724609
1768291200,0.13051,0.13319,0.1302,0.13266,282843.06635
1768305600,0.13264,0.13591,0.13217,0.13591,838324.824032
1768320000,0.13597,0.13753,0.13509,0.13651,1012405.53651
1768334400,0.13655,0.14073,0.13489,0.13833,846592.795737
1768348800,0.13859,0.14011,0.13842,0.14011,1229244.890765
1768363200,0.14029,0.14051,0.13856,0.13872,623348.398215
1768377600,0.13881,0.13924,0.13641,0.13641,371696.813581
1768392000,0.13663,0.13996,0.1359,0.13885,1417725.148955
1768406400,0.13903,0.1407,0.13506,0.13697,1738563.505434
1768420800,0.13699,0.13794,0.13629,0.13665,624187.116272
1768435200,0.13625,0.13695,0.13265,0.13285,1282579.278626
1768449600,0.13285,0.13457,0.13284,0.13434,276775.397821
1768464000,0.13395,0.1346,0.13273,0.13344,150143.626744
1768478400,0.13363,0.13487,0.12973,0.13179,551474.905386
1768492800,0.13195,0.13224,0.12703,0.12804,618289.702164
1768507200,0.12801,0.12847,0.12642,0.12807,526981.046732
1768521600,0.12804,0.129,0.12738,0.12815,294210.91166
1768536000,0.12812,0.12895,0.12736,0.12835,247370.322884
1768550400,0.12837,0.12862,0.12699,0.12727,137281.497002
1768564800,0.12729,0.1275,0.1246,0.12532,379494.590621
1768579200,0.12522,0.12657,0.12443,0.12657,532312.148497
1768593600,0.1265,0.13197,0.1265,0.13025,1995286.735322
1768608000,0.13038,0.13207,0.13,0.13131,817723.791993
1768622400,0.13113,0.13266,0.13084,0.13244,185442.487552
1768636800,0.13258,0.13394,0.13173,0.13188,399268.311781
1768651200,0.13174,0.13465,0.13174,0.13404,797899.896633
1768665600,0.13385,0.13413,0.13222,0.13242,517235.804438
1768680000,0.13259,0.13279,0.13072,0.13132,403033.823787
1768694400,0.13152,0.1323,0.12843,0.12895,907173.074158
1768708800,0.12855,0.12894,0.12792,0.12889,427743.643709
1768723200,0.12865,0.12926,0.1282,0.1288,348508.156298
1768737600,0.12873,0.12898,0.12744,0.12854,377192.511149
1768752000,0.12834,0.12922,0.12745,0.12761,263512.16996
1768766400,0.12762,0.12861,0.12262,0.12272,566764.471476
1768780800,0.1226,0.1226,0.11375,0.11886,2541089.28287
1768795200,0.11843,0.11895,0.11795,0.11882,252211.033697
1768809600,0.11859,0.12069,0.11858,0.11973,2540353.444861
1768824000,0.11963,0.11986,0.11827,0.11902,622603.694617
1768838400,0.11899,0.12256,0.11899,0.12161,2295764.176425
1768852800,0.12192,0.1221,0.12019,0.12093,438382.778848
1768867200,0.12078,0.12078,0.11905,0.12001,400858.947169
1768881600,0.11971,0.12016,0.11808,0.11809,332391.53784
1768896000,0.11817,0.11817,0.11623,0.11712,642910.332623
1768910400,0.11703,0.1182,0.11571,0.11649,820003.926498
1768924800,0.11664,0.11979,0.11395,0.11552,5121110.269879
1768939200,0.11546,0.11604,0.11344,0.11411,978618.766562
1768953600,0.11429,0.11782,0.11427,0.11731,725812.97472
1768968000,0.1171,0.11865,0.1171,0.11769,203986.551682
1768982400,0.11787,0.11817,0.11594,0.11594,247354.1114
1768996800,0.11573,0.122,0.11458,0.12189,817080.670145
1769011200,0.12133,0.12196,0.11455,0.12071,2557927.890965
1769025600,0.12075,0.12099,0.11721,0.11749,466342.570521
1769040000,0.11767,0.12023,0.11767,0.11929,241334.583281
1769054400,0.11921,0.11979,0.11835,0.11869,268269.823043
1769068800,0.11873,0.11968,0.11831,0.11831,139723.995792
1769083200,0.11824,0.11854,0.1155,0.11676,361197.248223
1769097600,0.11681,0.11876,0.11669,0.1185,685398.683944
1769112000,0.11825,0.11858,0.11746,0.1185,404197.934416
1769126400,0.1187,0.12234,0.1187,0.12139,1764947.710695
1769140800,0.12167,0.12374,0.12095,0.12123,595434.613259
1769155200,0.12116,0.12116,0.1193,0.12067,765061.927964
1769169600,0.12044,0.12109,0.11839,0.12109,259940.469897
1769184000,0.12109,0.12252,0.12014,0.12075,1025101.146244
1769198400,0.12037,0.121,0.11866,0.12004,908124.711527
1769212800,0.12,0.12077,0.11912,0.12053,218813.46346
1769227200,0.12065,0.1208,0.11966,0.12002,175816.240109
1769241600,0.11982,0.12029,0.11965,0.11985,146559.343418
1769256000,0.11963,0.11978,0.11872,0.11872,1040965.65374
1769270400,0.11885,0.11922,0.11777,0.11777,267118.494994
1769284800,0.11795,0.11853,0.11795,0.11834,185669.262261
1769299200,0.11833,0.11913,0.11702,0.11722,250611.813096
1769313600,0.11714,0.11763,0.11613,0.11658,211637.182704
1769328000,0.1166,0.11725,0.11576,0.11666,392032.921389
1769342400,0.11642,0.11663,0.11542,0.11595,282722.23422
1769356800,0.11576,0.11576,0.11209,0.11276,2396352.687676
1769371200,0.11295,0.11572,0.11231,0.11444,954119.517536
1769385600,0.11447,0.11769,0.11433,0.11573,389273.646149
1769400000,0.11586,0.11854,0.11583,0.11785,223320.694652
1769414400,0.11772,0.12143,0.11772,0.12107,683191.511049
1769428800,0.12097,0.12584,0.12056,0.1237,2820468.757134
1769443200,0.12367,0.12392,0.12135,0.12245,1685060.507149
1769457600,0.12244,0.12455,0.12158,0.12204,885675.888881
1769472000,0.12195,0.12282,0.12141,0.12194,279479.48557
1769486400,0.12193,0.1229,0.12,0.12024,517288.956739
1769500800,0.12029,0.12029,0.11883,0.11934,188543.087051
1769515200,0.11932,0.12073,0.11845,0.12042,287461.517573
1769529600,0.12053,0.12238,0.11872,0.12008,467889.576996
1769544000,0.12,0.12217,0.12,0.12181,446827.329799
1769558400,0.12193,0.12286,0.12143,0.1219,219406.304123
1769572800,0.1218,0.1218,0.1207,0.1208,87121.807173
1769587200,0.12061,0.12194,0.11992,0.12194,784558.091588
1769601600,0.12172,0.1218,0.11976,0.12024,737463.83473
1769616000,0.12012,0.12158,0.11913,0.12145,676396.518992
1769630400,0.12136,0.12605,0.12055,0.12605,2872536.597067
1769644800,0.12597,0.12665,0.12171,0.12322,2029089.44829
1769659200,0.12261,0.12288,0.12074,0.12091,1066551.925791
1769673600,0.12073,0.12116,0.11872,0.11878,1080306.288603
1769688000,0.11878,0.12045,0.1134,0.11484,1361124.387957
1769702400,0.1147,0.11743,0.11232,0.11381,3072993.220266
1769716800,0.11378,0.11596,0.11363,0.1145,2139384.998935
1769731200,0.11444,0.11535,0.11044,0.11126,3396677.374411
1769745600,0.11121,0.11268,0.1101,0.11217,2045691.061721
1769760000,0.11218,0.11297,0.11082,0.11297,481519.423524
1769774400,0.11269,0.11324,0.11072,0.11166,542637.238768
1769788800,0.11149,0.11428,0.10927,0.11287,1581545.157193
1769803200,0.11251,0.11254,0.11016,0.11183,1585485.77167
1769817600,0.11185,0.11253,0.11142,0.11152,256731.40321
1769832000,0.11154,0.11182,0.10982,0.11046,1310017.668353
1769846400,0.11065,0.11079,0.10759,0.10802,1948982.842205
1769860800,0.10802,0.10843,0.1019,0.10296,2662859.315885
1769875200,0.10297,0.10462,0.09539,0.10058,7260089.336665
1769889600,0.1006,0.10526,0.09952,0.10401,1105113.766804
1769904000,0.10398,0.10485,0.10318,0.10429,989654.888202
1769918400,0.10434,0.10517,0.10384,0.1047,267876.082282
1769932800,0.10475,0.10549,0.10311,0.10384,488838.061798
1769947200,0.10344,0.10403,0.1,0.10132,1840924.897949
1769961600,0.10113,0.1029,0.10012,0.10084,3064147.813049
1769976000,0.10086,0.10212,0.09839,0.10042,1343602.528069
1769990400,0.10054,0.10312,0.09827,0.10174,1880388.353564
1770004800,0.10177,0.1031,0.09923,0.10083,2350531.228223
1770019200,0.10093,0.10317,0.10093,0.10252,1446693.310899
1770033600,0.10261,0.10655,0.10261,0.10617,1813317.439477
1770048000,0.10614,0.10767,0.10508,0.10535,1292884.028041
1770062400,0.105,0.10544,0.10441,0.1048,741586.378339
1770076800,0.10477,0.1055,0.10278,0.1055,444596.289067
1770091200,0.10546,0.1065,0.10476,0.10575,2030634.476143
1770105600,0.10571,0.10623,0.10442,0.10585,584064.279533
1770120000,0.10581,0.10771,0.10491,0.10771,958210.998418
1770134400,0.1076,0.1076,0.1007,0.1055,1743583.345829
1770148800,0.1055,0.11025,0.10459,0.10627,2518181.619704
1770163200,0.10627,0.10994,0.10554,0.10944,1024624.048037
1770177600,0.10938,0.1097,0.10682,0.10767,657809.025314
1770192000,0.10774,0.1091,0.10563,0.10663,337720.466027
1770206400,0.10678,0.10693,0.10203,0.10303,1326440.920791
1770220800,0.10293,0.10493,0.10147,0.10487,2809212.527758
1770235200,0.10486,0.10492,0.10112,0.10294,2390060.06247
1770249600,0.1028,0.10384,0.10125,0.10215,1406435.432034
1770264000,0.10215,0.10262,0.09991,0.10064,1463765.84112
1770278400,0.10015,0.10123,0.09617,0.09766,2157713.334587
1770292800,0.09777,0.09911,0.09222,0.09502,4280898.774047
1770307200,0.09487,0.09589,0.09071,0.09094,3957483.62205
1770321600,0.09094,0.0914,0.08755,0.08812,3781546.042023
1770336000,0.08812,0.09024,0.0809,0.08834,3897281.432285
1770350400,0.08834,0.09262,0.08804,0.0906,931646.089539
1770364800,0.09061,0.09538,0.09039,0.09516,1194476.2523
1770379200,0.09505,0.09787,0.09449,0.09776,2350468.941507
1770393600,0.09783,0.10235,0.09726,0.0994,2899924.483123
1770408000,0.09925,0.10054,0.09814,0.0988,720418.178074
1770422400,0.09871,0.09957,0.09725,0.09945,622074.741708
1770436800,0.09947,0.10017,0.09526,0.09574,1415382.076674
1770451200,0.09571,0.09648,0.09473,0.09523,405408.574103
1770465600,0.09522,0.09822,0.09522,0.0978,1403657.617301
1770480000,0.0978,0.09989,0.09751,0.09794,910914.759211
1770494400,0.098,0.09861,0.09686,0.09765,302912.090885
1770508800,0.09771,0.09783,0.09583,0.09583,214915.448741
1770523200,0.096,0.09712,0.09556,0.09712,474400.989186
1770537600,0.09718,0.09957,0.09649,0.09841,783603.959586
1770552000,0.09847,0.09904,0.09784,0.09803,682121.597106
1770566400,0.09801,0.09821,0.09572,0.09795,1748957.275309
1770580800,0.09765,0.0987,0.09584,0.09682,541927.651326
1770595200,0.09684,0.09728,0.09591,0.09705,682694.249013
1770609600,0.09694,0.09705,0.09564,0.0957,325536.519475
1770624000,0.0957,0.09583,0.09295,0.09373,529468.123115
1770638400,0.0939,0.09619,0.0939,0.09573,371798.10367
1770652800,0.09567,0.09702,0.09496,0.09643,1465411.487495
1770667200,0.09644,0.09645,0.09524,0.09589,323238.508254
1770681600,0.09596,0.09607,0.09376,0.09461,557783.035642
1770696000,0.09454,0.09531,0.09303,0.09336,314571.28307
1770710400,0.09357,0.09434,0.09329,0.09329,279210.204488
1770724800,0.0933,0.094,0.09258,0.09363,567298.64991
1770739200,0.09329,0.094,0.09051,0.09121,14823931.911006
1770753600,0.09121,0.09203,0.09094,0.09152,326096.920639
1770768000,0.09165,0.09212,0.09045,0.09152,358263.092369
1770782400,0.09105,0.09126,0.08907,0.08908,611594.418724
1770796800,0.08922,0.09006,0.08871,0.08962,526214.606667
1770811200,0.0895,0.09299,0.0882,0.08888,2768234.861992
1770825600,0.08904,0.09035,0.08853,0.08982,531396.283948
1770840000,0.08972,0.0899,0.08794,0.08893,1145355.870721
1770854400,0.08906,0.09092,0.08906,0.09049,319176.823056
1770868800,0.09039,0.09164,0.0898,0.09164,155203.505987
1770883200,0.0916,0.09312,0.09102,0.09257,384050.963049
1770897600,0.09233,0.09234,0.09026,0.09026,265513.157199
1770912000,0.09027,0.09151,0.08919,0.09081,641157.591679
1770926400,0.09081,0.0919,0.08978,0.09175,1701335.002455
1770940800,0.09181,0.09214,0.09084,0.091,359795.189574
1770955200,0.091,0.09101,0.08971,0.0906,239030.011423
1770969600,0.09059,0.09143,0.09059,0.09123,1435391.905575
1770984000,0.09114,0.09446,0.09101,0.09333,2530347.292776
1770998400,0.0934,0.09502,0.09327,0.0942,637597.04629
1771012800,0.09421,0.09503,0.09392,0.09406,222384.407706
1771027200,0.09397,0.09615,0.09382,0.09615,319223.640913
1771041600,0.09595,0.09638,0.09573,0.0961,1948807.154567
1771056000,0.09623,0.09854,0.09623,0.09832,210823.606733
1771070400,0.09834,0.09898,0.09714,0.09859,1441925.415816
1771084800,0.09849,0.10104,0.09806,0.10035,971585.155322
1771099200,0.10041,0.10088,0.09939,0.09964,681814.804234
1771113600,0.09976,0.09995,0.09747,0.09889,486918.241774
1771128000,0.09897,0.1003,0.09897,0.09995,345136.444772
1771142400,0.10027,0.10048,0.09765,0.09786,232997.402385
1771156800,0.09763,0.09764,0.09584,0.09623,1033467.720786
1771171200,0.09617,0.09636,0.09432,0.09466,615846.336125
1771185600,0.09452,0.09589,0.09452,0.09573,348493.171978
1771200000,0.09607,0.09655,0.09546,0.09602,759712.82962
1771214400,0.09623,0.09698,0.09514,0.09532,193786.718808
1771228800,0.09543,0.09574,0.09429,0.09525,578107.318062
1771243200,0.09516,0.09714,0.09377,0.09385,296588.598174
1771257600,0.09375,0.09469,0.09325,0.09374,487470.924867
1771272000,0.09362,0.09541,0.09354,0.09462,297958.626804
1771286400,0.09461,0.09468,0.09312,0.09384,215528.414938
1771300800,0.09357,0.09447,0.09322,0.09406,127914.731087
1771315200,0.09405,0.09406,0.09276,0.09367,1405279.6136
1771329600,0.09367,0.09469,0.09268,0.09416,769158.374059
1771344000,0.09416,0.09542,0.09313,0.09377,639078.031354
1771358400,0.09375,0.09375,0.09282,0.09303,277493.647707
1771372800,0.09302,0.09361,0.09256,0.09352,36359.166601
1771387200,0.09342,0.09403,0.09311,0.09393,210080.17664
1771401600,0.09374,0.09424,0.09248,0.09312,264663.798966
1771416000,0.09305,0.09391,0.09214,0.09329,512130.279274
1771430400,0.09308,0.09308,0.09097,0.09122,665320.225551
1771444800,0.09132,0.09154,0.09016,0.09104,354649.911225
1771459200,0.09083,0.09184,0.0905,0.0914,1328788.893785
1771473600,0.09149,0.09173,0.09076,0.09135,293711.079686
1771488000,0.09127,0.09127,0.08993,0.09009,1585380.927044
1771502400,0.09006,0.09025,0.08768,0.08768,2288575.384248
1771516800,0.08766,0.08942,0.08707,0.08903,2054456.292127
1771531200,0.08904,0.08924,0.08845,0.08915,208252.152156
1771545600,0.08906,0.08978,0.08875,0.08951,1165636.884211
1771560000,0.08933,0.09006,0.08864,0.08965,254364.296103
1771574400,0.0897,0.09045,0.08941,0.0895,190438.068689
1771588800,0.08935,0.09063,0.08771,0.09028,2550831.849005
1771603200,0.09049,0.09138,0.08947,0.09056,3121940.928481
1771617600,0.09047,0.0909,0.09017,0.09047,244649.171579
1771632000,0.09032,0.09097,0.09014,0.09048,566602.643663
1771646400,0.09038,0.09068,0.08988,0.09035,285496.437446
1771660800,0.09015,0.09126,0.0901,0.09056,262603.83937
1771675200,0.09039,0.09123,0.0901,0.09087,433569.61129
1771689600,0.09078,0.09078,0.08953,0.09052,339480.862305
1771704000,0.09055,0.09078,0.08955,0.08972,320038.239717
1771718400,0.08951,0.08968,0.08776,0.08829,556460.236754
1771732800,0.08836,0.08839,0.08756,0.08817,154311.030049
1771747200,0.08815,0.08843,0.08767,0.08802,84579.485683
1771761600,0.08798,0.08798,0.0863,0.08706,482978.356506
1771776000,0.08695,0.08707,0.0864,0.08656,148239.498527
1771790400,0.08655,0.08696,0.08583,0.08696,375268.138252
1771804800,0.08675,0.08679,0.083,0.08389,1967431.129284
1771819200,0.08386,0.08535,0.08331,0.08505,792298.723645
1771833600,0.08485,0.08659,0.08485,0.08617,938282.209101
1771848000,0.08631,0.08719,0.08459,0.08459,796231.82712
1771862400,0.08445,0.08461,0.08264,0.08321,860385.988868
1771876800,0.08325,0.08428,0.083,0.08385,249389.106738
1771891200,0.08395,0.08456,0.08282,0.0836,380318.683003
1771905600,0.08359,0.08359,0.08275,0.08305,272243.513564
1771920000,0.0831,0.08359,0.08274,0.08349,360441.421249
1771934400,0.08365,0.08476,0.08295,0.08409,751555.991879
1771948800,0.08424,0.0848,0.08381,0.08437,836337.659411
1771963200,0.08439,0.08455,0.08339,0.0836,484984.770061
1771977600,0.08349,0.08659,0.08338,0.08495,1026307.045941
1771992000,0.08467,0.08524,0.08417,0.08507,798799.748017
1772006400,0.08501,0.08668,0.08487,0.08668,229435.881523
1772020800,0.08672,0.09137,0.08664,0.09119,1099376.834875
1772035200,0.09119,0.09355,0.09119,0.09352,2194576.877024
1772049600,0.09355,0.09511,0.09032,0.09099,1383283.618181
1772064000,0.09101,0.09174,0.08992,0.09048,420748.953637
1772078400,0.0905,0.09112,0.08971,0.09008,375373.598685
1772092800,0.0902,0.09098,0.08956,0.08972,382929.366541
1772107200,0.08973,0.09049,0.08852,0.08927,1685305.660733
1772121600,0.08933,0.08933,0.08703,0.08888,1387143.387004
1772136000,0.08874,0.08908,0.08802,0.08802,288654.36797
1772150400,0.08806,0.08878,0.08733,0.08878,539350.8592
1772164800,0.08889,0.09011,0.08889,0.09002,189299.075897
1772179200,0.0901,0.09012,0.08664,0.0869,299792.99273
1772193600,0.08681,0.08726,0.086,0.0866,1046282.066108
1772208000,0.08652,0.08708,0.08573,0.08622,390903.803407
1772222400,0.08621,0.08658,0.08512,0.08658,183765.105773
1772236800,0.08653,0.08717,0.08645,0.08649,411196.086863
1772251200,0.0865,0.0865,0.08245,0.0835,1866812.504243
1772265600,0.08337,0.0834,0.08178,0.08235,1395895.830215
1772280000,0.08233,0.08491,0.08233,0.08408,920279.020473
1772294400,0.08391,0.08702,0.08377,0.08642,449771.342602
1772308800,0.08648,0.0883,0.0863,0.08801,598619.3804
1772323200,0.08806,0.0903,0.08679,0.08901,949902.955021
1772337600,0.08906,0.08952,0.08837,0.08876,140184.121408
1772352000,0.08882,0.08893,0.08691,0.08698,277952.936723
1772366400,0.08699,0.08821,0.0859,0.08719,296946.832321
1772380800,0.08698,0.08755,0.08504,0.08504,576017.902461
1772395200,0.08515,0.08617,0.08405,0.08571,1608499.717918
1772409600,0.08576,0.08758,0.08575,0.08732,272908.036696
1772424000,0.08741,0.08756,0.08547,0.08596,404606.611996
1772438400,0.08568,0.08667,0.08543,0.0859,648348.140023
1772452800,0.08596,0.09,0.08523,0.08884,1030563.333576
1772467200,0.08937,0.09032,0.08814,0.08901,2389969.617665
1772481600,0.0894,0.0894,0.08773,0.08799,384525.719258
1772496000,0.08817,0.08818,0.08609,0.08684,282067.084957
1772510400,0.08676,0.08717,0.08604,0.08686,996991.30938
1772524800,0.08689,0.08698,0.08488,0.08512,964835.121512
1772539200,0.0853,0.08618,0.08477,0.08606,700726.587514
1772553600,0.08618,0.08761,0.08586,0.08664,1748352.649178
1772568000,0.08657,0.08677,0.08538,0.08618,336704.699705
1772582400,0.08606,0.08658,0.08509,0.08599,1220716.773507
1772596800,0.08598,0.08675,0.08519,0.08652,265690.615345
1772611200,0.08662,0.08953,0.08629,0.08788,2073925.36678
1772625600,0.08777,0.09035,0.08702,0.09035,1141320.223087
1772640000,0.09086,0.091,0.08878,0.09034,2146709.270871
1772654400,0.09029,0.09032,0.08834,0.08886,454371.272009
1772668800,0.0889,0.08902,0.08789,0.08813,261697.243639
1772683200,0.08821,0.08866,0.0876,0.0879,216933.900845
1772697600,0.08799,0.08961,0.08789,0.08839,896656.380883
1772712000,0.08845,0.08911,0.08739,0.08759,840997.633945
1772726400,0.08751,0.08791,0.08601,0.0873,1795667.182567
1772740800,0.08736,0.0882,0.08718,0.08729,158621.479674
1772755200,0.08731,0.08791,0.087,0.08748,181792.045111
1772769600,0.08751,0.0878,0.08675,0.08778,143707.650436
1772784000,0.08767,0.08769,0.086,0.086,357495.305626
1772798400,0.086,0.08641,0.08383,0.08429,2491894.035039
1772812800,0.08423,0.08462,0.08346,0.08439,723565.660123
1772827200,0.08429,0.08462,0.084,0.08441,133720.215414
1772841600,0.0845,0.08502,0.08435,0.0844,665220.338799
1772856000,0.08432,0.08469,0.08369,0.08428,151393.809867
1772870400,0.08434,0.08459,0.08403,0.08432,70837.457195
1772884800,0.08426,0.08426,0.08324,0.08358,279857.160878
1772899200,0.08357,0.08428,0.08288,0.08307,589497.858711
1772913600,0.08305,0.08359,0.08262,0.08309,610246.078655
1772928000,0.08302,0.08302,0.08211,0.08232,233095.022405
1772942400,0.08245,0.08272,0.08182,0.08259,222333.162248
1772956800,0.08258,0.08364,0.08223,0.08319,329870.3235
1772971200,0.08312,0.08341,0.08195,0.08205,231432.394393
1772985600,0.08211,0.0832,0.08173,0.0832,306062.594997
1773000000,0.08297,0.08318,0.08105,0.0818,735100.124792
1773014400,0.08187,0.08363,0.08159,0.08289,480661.227527
1773028800,0.08298,0.08419,0.08253,0.08317,273060.479961
1773043200,0.08323,0.08375,0.08253,0.08308,503415.886454
1773057600,0.08316,0.0845,0.08316,0.08372,4718575.134009
1773072000,0.08367,0.08462,0.08303,0.0837,877160.18559
1773086400,0.0838,0.084,0.0831,0.08327,659010.842347
1773100800,0.08328,0.085,0.08322,0.08431,1393459.90037
1773115200,0.08438,0.0858,0.08438,0.08556,587337.599887
1773129600,0.08556,0.08847,0.08556,0.08722,697263.256805
1773144000,0.0873,0.0895,0.08621,0.08854,1518064.797255
1773158400,0.08859,0.08907,0.08547,0.08556,824330.9947
1773172800,0.08561,0.08601,0.08488,0.08538,477486.116187
1773187200,0.08548,0.0856,0.08501,0.08508,302606.680069
1773201600,0.08501,0.08541,0.08437,0.08488,579426.271937
1773216000,0.0848,0.08553,0.08469,0.08542,470282.24524
1773230400,0.08538,0.08762,0.08519,0.0865,996979.928093
1773244800,0.08661,0.08704,0.08583,0.08648,972090.955721
1773259200,0.08649,0.08695,0.08608,0.08618,218107.973273
1773273600,0.08618,0.08638,0.08506,0.08512,439776.026366
1773288000,0.08533,0.08585,0.08496,0.08565,357727.845933
1773302400,0.08561,0.08683,0.08556,0.08648,263892.296816
1773316800,0.08644,0.08711,0.08533,0.0865,928760.264447
1773331200,0.08661,0.08838,0.08611,0.08838,1080400.786117
1773345600,0.08826,0.08912,0.08764,0.08905,1426327.728902
1773360000,0.08911,0.09199,0.08911,0.09194,1842941.704609
1773374400,0.09194,0.09196,0.09029,0.0907,313242.001445
1773388800,0.09068,0.09444,0.09059,0.09389,1038243.950628
1773403200,0.09409,0.09696,0.09402,0.09416,2001442.340021
1773417600,0.0942,0.09479,0.0925,0.09409,1306786.21239
1773432000,0.09358,0.09481,0.09302,0.09398,555755.742795
1773446400,0.09385,0.09414,0.09285,0.09348,449720.462475
1773460800,0.0933,0.09637,0.09191,0.0921,2196269.381997
1773475200,0.09213,0.09242,0.09109,0.0914,612559.831764
1773489600,0.09141,0.09162,0.09071,0.09138,621114.292181
1773504000,0.09138,0.09153,0.09,0.09,427471.349687
1773518400,0.08992,0.09102,0.08975,0.09102,253708.188515
1773532800,0.0911,0.0911,0.08989,0.08989,693775.812553
1773547200,0.08999,0.09064,0.08934,0.09059,769642.308632
1773561600,0.09059,0.09244,0.09052,0.09213,535622.510047
1773576000,0.09194,0.09269,0.0914,0.09152,696428.614364
1773590400,0.09159,0.09212,0.09108,0.09188,350038.226989
1773604800,0.09179,0.09317,0.09154,0.09271,556649.889236
1773619200,0.09271,0.09434,0.09192,0.09355,477568.337901
1773633600,0.0936,0.09526,0.0936,0.09498,396080.929249
1773648000,0.09527,0.09567,0.09402,0.09451,461641.211053
1773662400,0.0945,0.09575,0.09388,0.09499,969352.384588
1773676800,0.09505,0.09693,0.09486,0.09561,876966.870424
1773691200,0.09557,0.0979,0.09547,0.09729,720112.701106
1773705600,0.09728,0.09769,0.09502,0.09548,1194290.099119
1773720000,0.09554,0.09564,0.0941,0.09504,949899.070119
1773734400,0.09531,0.09602,0.0951,0.09534,238254.325571
1773748800,0.09534,0.09534,0.09409,0.09488,1148674.941945
1773763200,0.09492,0.09594,0.09471,0.09541,516169.216001
1773777600,0.09541,0.09642,0.09478,0.09486,714324.561812
1773792000,0.09482,0.09664,0.09433,0.09571,667445.600746
1773806400,0.0955,0.09601,0.09443,0.09472,96114.101526
1773820800,0.09472,0.09515,0.09186,0.09209,453943.35836
1773835200,0.09186,0.09191,0.08934,0.08986,751137.354345
1773849600,0.0898,0.09153,0.0895,0.09027,1026680.29485
1773864000,0.09022,0.09073,0.08981,0.09011,288763.877326
1773878400,0.09022,0.09129,0.09014,0.09089,164668.587288
1773892800,0.09071,0.09071,0.08895,0.08938,379339.000396
1773907200,0.08933,0.08974,0.08853,0.08853,176361.935658
1773921600,0.08852,0.0892,0.08689,0.0883,2754146.443933
1773936000,0.08817,0.08947,0.08737,0.08884,619959.368802
1773950400,0.08869,0.08946,0.08863,0.08924,324044.975899
1773964800,0.08924,0.0902,0.0891,0.09008,584428.907177
1773979200,0.09009,0.09169,0.08998,0.09068,1176102.585321
1773993600,0.09075,0.09143,0.08992,0.09036,474031.681231
1774008000,0.09037,0.09067,0.08906,0.08958,609002.101851
1774022400,0.08966,0.09046,0.08889,0.08967,789475.551957
1774036800,0.08956,0.09058,0.08885,0.08988,429865.523657
1774051200,0.09002,0.09066,0.08974,0.08977,1077755.669478
1774065600,0.08978,0.09011,0.08951,0.08977,259659.286579
1774080000,0.08977,0.08986,0.08882,0.08904,145663.621024
1774094400,0.08904,0.08981,0.08871,0.08969,276209.361126
1774108800,0.08979,0.08979,0.08829,0.08831,107535.821023
1774123200,0.08831,0.08899,0.0863,0.08669,216117.754141
1774137600,0.08668,0.08766,0.08565,0.08716,387826.820824
1774152000,0.08727,0.08757,0.08672,0.08677,67276.346976
1774166400,0.08667,0.08696,0.08594,0.08608,401346.889937
1774180800,0.08607,0.08671,0.08591,0.08612,189468.101719
1774195200,0.08614,0.0863,0.08558,0.08577,253183.148039
1774209600,0.08572,0.08599,0.08476,0.08552,1360115.256498
1774224000,0.08569,0.08654,0.08517,0.08592,467313.067381
1774238400,0.08603,0.08666,0.08472,0.08517,218199.582119
1774252800,0.08517,0.08858,0.08443,0.08748,1419372.87366
1774267200,0.08753,0.08897,0.08724,0.08774,555737.835709
1774281600,0.08777,0.08791,0.0869,0.08694,243425.533907
1774296000,0.08669,0.08771,0.08669,0.08742,201089.196291
1774310400,0.08748,0.08759,0.08622,0.08749,908861.913776
1774324800,0.08724,0.08819,0.08669,0.08819,292885.690503
1774339200,0.08827,0.08866,0.08729,0.0874,248176.116127
1774353600,0.08735,0.08748,0.08624,0.08665,808966.485523
1774368000,0.08665,0.08684,0.08549,0.08606,230585.812639
1774382400,0.08603,0.08748,0.08603,0.08727,251975.666145
1774396800,0.08724,0.08767,0.08657,0.08667,482147.101534
1774411200,0.08657,0.08717,0.08628,0.08676,568937.03521
1774425600,0.08683,0.08787,0.0868,0.08766,220190.080114
1774440000,0.08774,0.08867,0.08707,0.08743,868081.281937
1774454400,0.08753,0.08805,0.08722,0.08779,410012.956422
1774468800,0.08759,0.08768,0.08704,0.08735,399128.370865
1774483200,0.08756,0.08896,0.08699,0.08736,1176402.399075
1774497600,0.0872,0.08733,0.08549,0.08574,2057009.018711
1774512000,0.08577,0.08577,0.08425,0.08438,524508.64205
1774526400,0.08442,0.08524,0.08406,0.08413,537159.644565
1774540800,0.08419,0.08439,0.0835,0.08368,218534.26499
1774555200,0.08355,0.08457,0.08333,0.08409,540616.510771
1774569600,0.08396,0.08425,0.08358,0.08376,179021.986389
1774584000,0.08375,0.0841,0.08325,0.08391,340699.63893
1774598400,0.08411,0.08412,0.08115,0.08162,1630913.427983
1774612800,0.08151,0.08203,0.0808,0.08147,2100873.714899
1774627200,0.08143,0.0817,0.08079,0.08114,945774.50482
1774641600,0.08121,0.08155,0.08095,0.08132,217113.032816
1774656000,0.08144,0.08169,0.08086,0.08136,374172.237607
1774670400,0.08136,0.0821,0.08117,0.08207,229966.984027
1774684800,0.08228,0.08244,0.08176,0.08222,116064.973053
1774699200,0.08222,0.08322,0.08175,0.08274,905489.763214
1774713600,0.0828,0.08319,0.08252,0.08261,880529.149946
1774728000,0.08265,0.08314,0.0815,0.08155,413436.019778
1774742400,0.08157,0.08242,0.08125,0.08216,313988.979204
1774756800,0.08221,0.08222,0.08131,0.08131,495096.692761
1774771200,0.08125,0.08161,0.08088,0.08134,223819.923276
1774785600,0.08134,0.08134,0.08076,0.08101,407351.687464
1774800000,0.08104,0.08113,0.0806,0.08091,215409.661554
1774814400,0.08093,0.0816,0.07918,0.0811,1529281.614132
1774828800,0.08123,0.08294,0.08107,0.0826,676558.010386
1774843200,0.08263,0.08353,0.08243,0.08353,223857.906017
1774857600,0.08377,0.08418,0.08284,0.08349,506219.108858
1774872000,0.08345,0.0838,0.0828,0.0835,270019.23142
1774886400,0.08351,0.08355,0.08141,0.08211,533256.691836
1774900800,0.0823,0.08302,0.08187,0.08213,342392.965514
1774915200,0.08215,0.08371,0.08196,0.08323,362469.592714
1774929600,0.08328,0.08584,0.08294,0.08584,2800913.624987
1774944000,0.08563,0.08822,0.08448,0.08621,5702195.148426
1774958400,0.0864,0.08948,0.0845,0.0887,4565515.983837
1774972800,0.08901,0.09296,0.0889,0.09245,3394787.492512
1774987200,0.09274,0.09421,0.09113,0.09383,3317025.20615
