time,open,high,low,close,volume
1672531200,1195,1195,1190.86,1192.72,3244.260872
1672545600,1192.72,1194.53,1191.15,1194.53,2028.957521
1672560000,1194.54,1196.38,1192.7,1195.36,840.567584
1672574400,1195.64,1197.72,1193.8,1195.64,351.438058
1672588800,1195.65,1203.73,1195.6,1201.39,724.639974
1672603200,1201.49,1203.46,1199.27,1199.76,1982.366314
1672617600,1199.85,1202.1,1192.58,1201.19,521.8041
1672632000,1201.52,1220,1199.6,1212.82,1346.207091
1672646400,1212.81,1223.95,1212.49,1216.31,3965.413881
1672660800,1216.32,1219.87,1213.36,1218.68,726.521889
1672675200,1218.68,1219.15,1215.28,1218.34,730.962274
1672689600,1218.34,1222.26,1211.42,1213.71,1482.464651
1672704000,1213.61,1216.21,1211.75,1214.81,593.529427
1672718400,1214.8,1219.29,1212.88,1216.29,1433.28571
1672732800,1216.59,1218.18,1213.79,1214.43,1211.964194
1672747200,1214.54,1218.78,1204.98,1211.31,4064.401575
1672761600,1211.32,1212.35,1204.07,1209.29,4286.822478
1672776000,1209.29,1214.85,1209.15,1213.92,1621.231543
1672790400,1214,1255,1212.25,1251,5727.488708
1672804800,1250.95,1254.29,1246.19,1252.03,2790.707643
1672819200,1251.88,1260,1248.18,1251.48,5310.989316
1672833600,1251.48,1258.05,1242.91,1255.31,5741.319889
1672848000,1255.32,1271.27,1250.93,1253.69,8436.581769
1672862400,1253.73,1256.88,1246,1256.32,2523.370905
1672876800,1256.39,1259.05,1251.97,1252.6,465.293201
1672891200,1252.62,1254.58,1247.79,1250.43,1681.159022
1672905600,1250.42,1254,1245.34,1254,1181.952947
1672920000,1254,1254.91,1242.06,1248.76,4241.572738
1672934400,1248.68,1254,1246.56,1253.99,1670.218522
1672948800,1253.73,1253.73,1248.41,1250.5,1906.723868
1672963200,1250.52,1257,1246.94,1251.53,5276.987335
1672977600,1251.54,1251.58,1245.76,1246.69,1509.598273
1672992000,1246.69,1248.99,1236.31,1243.3,4783.359032
1673006400,1243.31,1264.96,1236.46,1262.68,6965.587992
1673020800,1262.67,1276.99,1259.84,1272.58,3229.876135
1673035200,1272.59,1276.18,1265.15,1269.74,2882.074985
1673049600,1269.74,1270.59,1265.21,1265.85,369.486422
1673064000,1265.92,1266.57,1262,1266.56,1216.047171
1673078400,1266.57,1266.77,1262.28,1263.45,1264.086618
1673092800,1263.37,1265.25,1261.28,1264.89,520.78325
1673107200,1264.88,1265.77,1261.88,1265.59,947.174596
1673121600,1265.5,1266.24,1262.02,1263.53,1817.262799
1673136000,1263.68,1264.15,1257.38,1262.32,1607.37055
1673150400,1262.45,1264.05,1262.07,1263.66,552.402934
1673164800,1263.66,1266.07,1261.36,1261.75,579.082834
1673179200,1261.8,1275.07,1261.15,1274.81,2316.257932
1673193600,1274.81,1280,1262.38,1265.48,1941.479915
1673208000,1265.31,1295,1264.8,1289.53,6272.265356
1673222400,1289.53,1312.78,1285.4,1310.43,6772.043589
1673236800,1310.58,1313.78,1307.68,1312,4005.397934
1673251200,1312,1327.16,1308.27,1318.04,14171.569071
1673265600,1318.13,1341.71,1316.08,1335.1,6825.089141
1673280000,1335.39,1344,1329.71,1329.71,5364.895245
1673294400,1330.15,1331.65,1315.31,1320.55,9101.51377
1673308800,1320.55,1328.4,1316.61,1324.07,3118.803393
1673323200,1324.29,1328.31,1322.4,1322.79,757.010925
1673337600,1322.75,1334.2,1321.53,1329.06,1610.970954
1673352000,1329.12,1340,1323.4,1333.28,3585.237851
1673366400,1333.52,1344.3,1328.04,1339.47,3113.340687
1673380800,1339.79,1346.91,1334.45,1335.28,1779.550844
1673395200,1335.5,1341.56,1328,1330.85,3114.889279
1673409600,1330.84,1335.69,1327.87,1335.5,1710.620224
1673424000,1335.7,1338.25,1331.6,1336.41,9486.206663
1673438400,1336.59,1336.59,1320.69,1322.6,2931.31182
1673452800,1322.59,1345.23,1321.67,1342.21,5624.462075
1673467200,1342.32,1400,1340.15,1389.11,8490.138485
1673481600,1389.12,1419,1385.76,1401.2,8705.219283
1673496000,1401.01,1404.16,1393.07,1398.2,3172.511638
1673510400,1398.21,1401.86,1393.3,1398,3314.055166
1673524800,1397.94,1408.26,1351,1386.6,24426.028368
1673539200,1386.53,1436.91,1383.55,1426.39,14478.512021
1673553600,1426.45,1437.63,1415.26,1415.91,6326.942539
1673568000,1415.91,1417.38,1401.34,1414,3374.756308
1673582400,1414,1415.6,1405.57,1408.13,2955.796557
1673596800,1408.01,1418.49,1404.05,1409.17,2192.141483
1673611200,1409.33,1423.99,1401.66,1422.05,7545.466476
1673625600,1422.05,1424,1407.02,1420.01,5690.802637
1673640000,1420.02,1464.84,1417.74,1451.11,15177.398928
1673654400,1451.12,1600,1449.72,1555.7,21042.2652
1673668800,1555.69,1556.68,1542,1553.1,3237.308681
1673683200,1553.09,1564.69,1505.44,1531.01,9085.844218
1673697600,1531.01,1545.64,1509.19,1525.04,2717.004634
1673712000,1525.04,1537.84,1524.2,1530.45,1207.084313
1673726400,1530.21,1560,1528.01,1550.41,2911.188455
1673740800,1550.4,1551.46,1516.24,1525.45,4521.924369
1673755200,1525.45,1529.76,1522.37,1528.8,1195.000311
1673769600,1528.81,1534.15,1518.54,1533.6,1285.692106
1673784000,1533.61,1559.74,1529.55,1557.21,3940.297442
1673798400,1557.21,1567.22,1532.12,1550.52,3597.451073
1673812800,1550.63,1561.17,1542.62,1552.78,3073.506018
1673827200,1552.16,1584.09,1541.07,1569.28,6274.765718
1673841600,1569.28,1577.65,1562.64,1565.49,1355.290347
1673856000,1565.5,1566,1522,1543.2,4331.834864
1673870400,1543.21,1553.85,1520.36,1548.7,6641.264556
1673884800,1548.7,1606.75,1545.86,1590.62,10241.619055
1673899200,1591.04,1599.4,1572.97,1576.42,8271.652736
1673913600,1576.43,1581,1541.88,1562.96,4605.868448
1673928000,1563.41,1576,1558.39,1563.44,3968.818665
1673942400,1563.45,1570.66,1558.43,1569.41,1348.616304
1673956800,1569.14,1607.52,1562.71,1571.72,6567.052458
1673971200,1571.41,1598,1565.35,1588.56,5241.519984
1673985600,1588.56,1592.13,1564.9,1565.79,2987.968677
1674000000,1565.71,1591.2,1564.76,1581.93,2818.732653
1674014400,1582.28,1588.44,1578.32,1583.1,2074.376656
1674028800,1583.3,1583.77,1572.22,1576.2,3849.993031
1674043200,1576.01,1610.28,1535.11,1548.74,29994.062227
1674057600,1548.74,1567.41,1480,1541.49,26678.579307
1674072000,1541.23,1543.94,1507.84,1512.17,7517.731095
1674086400,1511.8,1526.98,1509.44,1525.09,3235.569566
1674100800,1525.1,1532.22,1525.05,1527.91,874.684203
1674115200,1528.05,1530.99,1516.2,1519.19,780.884719
1674129600,1519.2,1547.07,1514.01,1532.65,5281.709767
1674144000,1532.65,1554.28,1522.62,1552.06,4586.610958
1674158400,1552.21,1563.64,1544.86,1551.66,4156.508618
1674172800,1551.61,1563.03,1545.61,1553.81,2077.793531
1674187200,1553.81,1556.2,1541.96,1550.65,2847.445744
1674201600,1550.41,1554.99,1546.58,1549.45,1214.811371
1674216000,1549.41,1568.88,1549.21,1563.69,5333.274598
1674230400,1563.35,1601,1561.99,1600.74,9736.189129
1674244800,1601,1668.28,1601,1659.81,15810.476088
1674259200,1659.8,1675.76,1641.14,1648.63,6383.513983
1674273600,1648.63,1653.98,1644.57,1651.73,1953.793563
1674288000,1651.61,1679.01,1615.1,1646.44,9208.875899
1674302400,1646.51,1666,1644.98,1647.19,6884.677857
1674316800,1647.25,1668.05,1647.25,1663.39,3871.288382
1674331200,1663.64,1667.04,1623.18,1626.04,8761.362068
1674345600,1626.05,1635,1602.75,1621.98,4994.260395
1674360000,1621.98,1630.65,1621.16,1628.04,1718.703772
1674374400,1628.04,1631.45,1620.04,1624.23,1555.997249
1674388800,1624.24,1650.32,1617.59,1635.27,11269.787058
1674403200,1635.65,1662.69,1629.98,1634.45,6154.248844
1674417600,1634.5,1635.32,1606.99,1627.67,5018.161135
1674432000,1627.66,1641.84,1627.13,1631.2,3020.651389
1674446400,1630.81,1637.98,1629.19,1633.57,2699.126603
1674460800,1633.4,1639.07,1630.87,1635.81,1145.750204
1674475200,1635.81,1648.54,1585,1621.59,10303.420194
1674489600,1621.2,1639.55,1610.19,1619.28,9115.118054
1674504000,1619.28,1634.91,1618.83,1626.48,4285.245265
1674518400,1626.4,1640.04,1623.59,1638.65,2196.608227
1674532800,1638.65,1640,1633.85,1634.98,1998.778256
1674547200,1634.99,1637.02,1615.97,1624.89,4918.277621
1674561600,1624.98,1631.03,1602.67,1620,9302.31126
1674576000,1620.1,1624.49,1607.4,1622.79,6692.052164
1674590400,1622.78,1623.98,1531.35,1556.01,15848.174187
1674604800,1555.63,1557.05,1518,1545.77,4891.589533
1674619200,1545.77,1558.04,1545.77,1554.81,2072.917441
1674633600,1554.81,1557.28,1540,1545.71,1452.091303
1674648000,1545.71,1566.03,1524.55,1544.36,5975.365373
1674662400,1544.14,1561.98,1541.4,1561.6,4274.721648
1674676800,1561.6,1639.6,1561.59,1611.62,15344.427735
1674691200,1611.62,1633.39,1611.07,1614.32,3741.546261
1674705600,1614.32,1621.88,1600,1605,3600.153372
1674720000,1605.02,1610.45,1594.26,1603.77,1477.981098
1674734400,1603.77,1620.97,1585.07,1589.2,4920.17624
1674748800,1589.85,1607.05,1578.78,1603.25,4586.937065
1674763200,1603.26,1610.75,1595,1602.22,2664.475487
1674777600,1602.14,1606.17,1551,1566.31,9008.064147
1674792000,1566.25,1589.58,1563.33,1585.55,3966.718519
1674806400,1585.79,1585.81,1574.12,1578.93,1256.018646
1674820800,1579.05,1595.1,1563.57,1575.23,12401.174144
1674835200,1575.25,1611.36,1575.25,1610.43,7436.518858
1674849600,1610.55,1621.59,1586.48,1597.31,4408.574913
1674864000,1597.31,1606.82,1594,1599.26,1032.739746
1674878400,1599.36,1603.01,1587.36,1593.05,1062.58053
1674892800,1593.05,1594.31,1579.96,1586.28,11154.915711
1674907200,1586.36,1586.36,1564.05,1579.62,1725.560603
1674921600,1579.62,1580,1570.8,1577.23,609.697118
1674936000,1577.23,1577.31,1557.24,1572.63,2314.345334
1674950400,1572.41,1618.89,1567.61,1595,9999.998949
1674964800,1595,1599.84,1588.85,1593.27,1132.941003
1674979200,1593.04,1618.54,1590.52,1609.33,4692.108946
1674993600,1609.42,1626.94,1605.37,1611.62,3060.952039
1675008000,1611.63,1659.9,1606.35,1654.17,6312.56251
1675022400,1654.05,1654.64,1626.58,1645.2,5211.446274
1675036800,1645.2,1646.99,1631.8,1638.17,2049.226534
1675051200,1638.22,1641.21,1622.18,1627.25,2250.715872
1675065600,1626.81,1629.93,1578.39,1582.82,5486.517444
1675080000,1582.82,1596.3,1569,1583.84,6319.483973
1675094400,1583.84,1590.45,1530.51,1553.6,8989.082617
1675108800,1553.32,1568.16,1538,1567.2,2475.492238
1675123200,1567.19,1575,1560.82,1568.64,4079.260538
1675137600,1568.5,1580,1561.83,1579.81,3913.453061
1675152000,1579.86,1583.08,1566.19,1570.81,1177.776868
1675166400,1570.81,1596.46,1570.81,1588.22,8352.755924
1675180800,1588.24,1603.62,1586.82,1598.23,3822.245713
1675195200,1598.01,1600,1565.04,1586.01,3400.582653
1675209600,1586.01,1593.01,1577.84,1583.44,1516.165992
1675224000,1583.44,1585.08,1570,1575,2159.876027
1675238400,1574.8,1582.99,1566.79,1580.23,3110.06999
1675252800,1580.19,1589.03,1572.99,1576.01,4321.300536
1675267200,1576.01,1628.28,1558,1617.61,16952.17991
1675281600,1617.61,1647.85,1614.99,1641.6,9945.93925
1675296000,1641.6,1697,1640.4,1671.66,10459.941268
1675310400,1671.84,1676.63,1661.27,1665.23,2647.942123
1675324800,1665.24,1675.21,1663.41,1671.99,2290.850827
1675339200,1671.99,1689.48,1650,1677.86,7319.385268
1675353600,1677.86,1714.87,1666.93,1675.44,9780.147458
1675368000,1674.94,1685.04,1632.18,1643.09,7714.228029
1675382400,1643.24,1650.67,1630.97,1641.69,3420.608055
1675396800,1641.69,1647.68,1636.41,1637.24,1180.031166
1675411200,1637.62,1651.27,1631.2,1650.01,2414.736204
1675425600,1650.01,1674.15,1626.28,1664.5,15026.007938
1675440000,1664.57,1674.81,1651.33,1652.92,11188.974965
1675454400,1652.61,1671.45,1642.11,1664.4,4374.987232
1675468800,1664.41,1665.75,1650.56,1653.67,4110.545739
1675483200,1653.78,1659.52,1646.27,1657.99,1151.479297
1675497600,1657.99,1663.86,1652.15,1661.21,11019.739252
1675512000,1661.46,1694.9,1661.32,1679.29,7721.469503
1675526400,1679.85,1684.57,1672.59,1675.95,2319.576338
1675540800,1676,1688.05,1659.21,1666.19,3305.503475
1675555200,1666.19,1670.88,1657.61,1659.68,4241.588619
1675569600,1659.67,1669.85,1659.67,1668.81,1242.648
1675584000,1668.81,1672.51,1661.61,1662.62,4888.209226
1675598400,1662.63,1664.5,1635.73,1644.82,9683.809509
1675612800,1644.81,1647.43,1610.01,1620.87,6063.133829
1675627200,1620.87,1639.96,1612.58,1629.63,4848.959984
1675641600,1629.4,1642.67,1619.39,1626.8,2581.345917
1675656000,1626.81,1636.21,1608,1635.6,2761.84227
1675670400,1635.68,1637.41,1622.63,1635.98,1731.555061
1675684800,1635.98,1649.25,1618,1649.09,4143.010243
1675699200,1648.8,1657.83,1640.39,1649.07,8156.938566
1675713600,1649.07,1649.45,1605,1615.26,6750.47178
1675728000,1615.25,1635,1610.97,1632.65,2777.88519
1675742400,1633.05,1637.05,1630.94,1632.48,1450.377775
1675756800,1632.41,1647.41,1629.07,1641.85,3048.247818
1675771200,1641.85,1644.49,1626.19,1630.64,5190.262572
1675785600,1630.65,1677.3,1624.88,1656,16110.953886
1675800000,1656,1676,1652.4,1672.4,6413.517402
1675814400,1672,1698,1669.2,1681.36,6744.699063
1675828800,1681.47,1683.02,1672.76,1677.61,827.868417
1675843200,1677.61,1678,1668.41,1674.01,3333.792754
1675857600,1674.25,1681.85,1650.71,1652,6948.888161
1675872000,1652,1659.77,1630.77,1647.69,6333.361964
1675886400,1647.61,1655.04,1638.6,1650.33,3441.913223
1675900800,1650.32,1655.53,1610.5,1619.2,6933.301284
1675915200,1619,1636.31,1611.41,1630.41,1920.082977
1675929600,1630.41,1640.03,1630,1632.49,1782.075486
1675944000,1633.05,1648.32,1626.52,1631.39,3468.696178
1675958400,1631.5,1633.44,1560.18,1579.75,16570.327666
1675972800,1579.61,1582.96,1522.11,1545.17,21366.744807
1675987200,1545,1554.18,1541.96,1544.01,2616.25086
1676001600,1543.6,1553.25,1530.46,1552.02,1901.306513
1676016000,1551.86,1554.2,1535.06,1536.82,1685.197535
1676030400,1537.39,1548,1504.21,1522.64,5746.589784
1676044800,1522.64,1538.39,1515.47,1535.4,6791.48709
1676059200,1535.4,1536,1492,1514.17,15007.770002
1676073600,1513.01,1523.16,1508.61,1519.5,1584.125666
1676088000,1519.5,1523,1515.7,1521.24,911.800792
1676102400,1521.09,1525.63,1516.58,1519.7,721.409749
1676116800,1519.71,1527.1,1515.52,1523.02,3646.784172
1676131200,1523.24,1523.43,1503.33,1518.7,7691.494996
1676145600,1518.89,1543.65,1517.62,1539.21,6730.689857
1676160000,1539.21,1539.35,1531.08,1532.41,1675.784401
1676174400,1532,1534.49,1529.47,1532.18,412.336859
1676188800,1532.01,1539.41,1531.69,1534.59,1042.233657
1676203200,1534.01,1540,1522.88,1536.81,2055.637383
1676217600,1536.81,1548,1535.85,1540.02,13701.622488
1676232000,1540.88,1541.01,1494.22,1515.78,8472.728627
1676246400,1515.78,1523.99,1497.28,1516.93,2454.001546
1676260800,1516.9,1525.14,1516.4,1523.41,1337.486026
1676275200,1523.44,1523.44,1468,1486.05,14021.220122
1676289600,1486.05,1493.5,1476.84,1476.89,6755.984064
1676304000,1476.87,1495.57,1463.88,1491.93,5019.629386
1676318400,1491.27,1510,1483.22,1506.35,3705.319514
1676332800,1506.66,1508.38,1496.19,1499.25,3463.700719
1676347200,1499.43,1508.74,1498.56,1506.99,1684.960342
1676361600,1507.01,1520.39,1498.83,1508.6,1934.390559
1676376000,1508.89,1569.43,1486.38,1544.44,19205.53232
1676390400,1544.65,1565.29,1534.61,1561.25,4062.932696
1676404800,1561.21,1565.04,1550.96,1556.33,2582.004586
1676419200,1556.65,1557.46,1544,1548.6,1262.383403
1676433600,1548.61,1552.82,1545.31,1548.76,445.503988
1676448000,1549.05,1578,1545.85,1571.95,3645.795917
1676462400,1572.51,1593.25,1568.01,1579.6,7660.718889
1676476800,1579.61,1628.42,1574.81,1628.41,8252.996548
1676491200,1628.44,1680,1624.96,1675.76,10366.08937
1676505600,1676.75,1712,1674,1691.62,5478.355259
1676520000,1691.96,1696.12,1675.1,1680.5,2897.597639
1676534400,1680.65,1692.57,1678.72,1682,1742.010883
1676548800,1682,1730.01,1666.69,1725.37,22881.448723
1676563200,1725.21,1745.73,1688.19,1711.67,11432.880321
1676577600,1711.67,1711.67,1634.17,1638,14353.146732
1676592000,1638,1669.55,1630.69,1664.64,2370.97054
1676606400,1664.64,1664.65,1652.05,1653.84,10396.497701
1676620800,1653.55,1674.54,1648.6,1666.88,1289.763619
1676635200,1666.67,1682.55,1647.4,1673.44,10127.239517
1676649600,1673.45,1709.23,1662.63,1706.33,7023.679288
1676664000,1706.61,1721.35,1670.73,1694.19,6347.015642
1676678400,1694.25,1704.19,1693.09,1699.63,1690.945496
1676692800,1699.72,1703.89,1684.28,1690.65,6168.66388
1676707200,1690.64,1695.43,1686.67,1692.41,3187.055381
1676721600,1692.41,1699,1688.79,1696.58,1341.967063
1676736000,1696.58,1715.15,1683.02,1688.48,3123.937499
1676750400,1688.48,1693.96,1680.43,1692.4,1274.145192
1676764800,1692.04,1700.24,1690.81,1695.04,1684.362715
1676779200,1695.05,1709.71,1692.81,1693.44,1247.113208
1676793600,1693.42,1701.09,1692.07,1695.98,881.778741
1676808000,1695.98,1723.65,1694.46,1711.48,2895.144464
1676822400,1711.5,1726.55,1676.89,1684.65,4232.164009
1676836800,1684.41,1689.03,1667.18,1681.86,2421.325023
1676851200,1680.74,1686.38,1651.09,1684.99,2903.501779
1676865600,1684.99,1698.24,1684.81,1697.47,1056.670414
1676880000,1697.2,1719.43,1689.16,1714.03,3773.171007
1676894400,1714.01,1716.23,1698.78,1707.01,1964.479596
1676908800,1707.01,1710.69,1685.78,1710.33,2845.505476
1676923200,1710.33,1712.46,1691.88,1702.65,1703.41207
1676937600,1702.64,1716.12,1699,1704.08,817.127914
1676952000,1703.97,1709.97,1694.81,1703.91,1134.706951
1676966400,1703.9,1714.06,1664.03,1669.2,9725.370142
1676980800,1669.45,1684.65,1660,1671.84,4173.80864
1676995200,1671.85,1685.95,1655.55,1671.96,3750.303614
1677009600,1671.95,1673.1,1637.57,1659.15,3533.231525
1677024000,1659.14,1662.44,1621.65,1650.01,3941.537137
1677038400,1650.05,1650.29,1620.67,1643.51,6396.741262
1677052800,1643.95,1645.95,1625,1644.71,4318.759691
1677067200,1644.67,1650.2,1606,1614.38,4830.155964
1677081600,1613.88,1630.53,1596.24,1616.24,7512.780933
1677096000,1615.66,1645,1611.19,1643.39,1707.34081
1677110400,1643.4,1678,1637.62,1667.04,3543.486822
1677124800,1667.76,1671.51,1659.85,1667.22,3289.657075
1677139200,1666.94,1672.84,1632.15,1638.19,3555.532175
1677153600,1638.19,1671.45,1628.61,1656.11,14228.71067
1677168000,1656.11,1661.51,1634.72,1653.12,4156.005994
1677182400,1653.93,1659,1638.52,1650.54,2607.892315
1677196800,1650.54,1664.52,1646.72,1649.36,5916.375463
1677211200,1649.36,1656.58,1642.69,1652.41,1257.745041
1677225600,1652.31,1657.48,1643.58,1647.25,3091.237886
1677240000,1647.25,1653.82,1601,1603.15,12761.037496
1677254400,1602.74,1611.72,1575,1611.72,8136.526209
1677268800,1611.72,1623,1594.64,1607.87,3230.591251
1677283200,1607.86,1608.58,1595.7,1599.27,823.563491
1677297600,1598.62,1603.21,1595.33,1603.21,1173.839345
1677312000,1603.21,1607.72,1596.53,1600.33,2810.2737
1677326400,1600.27,1603.9,1593.51,1597.22,1611.616371
1677340800,1596.95,1600.77,1576.8,1585.16,3734.061349
1677355200,1585.09,1597.26,1558.29,1594.81,5855.73196
1677369600,1594.51,1606.72,1586.79,1603.25,1900.073323
1677384000,1602.96,1603.72,1596.84,1599.87,920.741962
1677398400,1600.28,1607,1597.68,1604.25,2029.763143
1677412800,1604.39,1615.79,1596.5,1605.11,2325.634711
1677427200,1605.38,1636.16,1600,1633.54,3589.91338
1677441600,1633.61,1650,1623.58,1641.54,3791.226278
1677456000,1641.64,1649.95,1633,1641.89,2332.046936
1677470400,1640.57,1641.07,1631.67,1637.52,424.355298
1677484800,1636.55,1642.94,1632.27,1640.76,2358.284135
1677499200,1641.24,1665,1637.36,1644.62,6620.944809
1677513600,1644.05,1646.23,1616.33,1623.22,5755.70063
1677528000,1623.22,1636,1609.37,1633.5,3118.467674
1677542400,1633.51,1635.8,1627.03,1633.07,500.293874
1677556800,1633.08,1633.08,1617.77,1617.8,1791.20289
1677571200,1617.8,1631.62,1617.3,1630.15,1300.358665
1677585600,1629.93,1647.76,1629.93,1641.3,4784.533949
1677600000,1641.3,1646.03,1623.26,1627.99,2355.60445
1677614400,1627.68,1632.35,1597.07,1603.78,5660.822609
1677628800,1605.54,1639.99,1596,1637.63,3826.144522
1677643200,1637.64,1660,1635.69,1650.84,2957.940682
1677657600,1651.06,1669.48,1649.19,1655.97,4284.163978
1677672000,1656.16,1668.7,1646.4,1658.23,1736.679875
1677686400,1657.79,1660.68,1633,1634.84,3243.943815
1677700800,1634.11,1666,1633.36,1665.22,2306.503007
1677715200,1665.21,1677.63,1645.1,1648.37,5265.416009
1677729600,1647.94,1652.01,1640.03,1644.22,3454.47788
1677744000,1644.32,1648,1638.71,1644.5,2183.931588
1677758400,1644.69,1645.21,1620.14,1628.78,3340.417309
1677772800,1628.29,1651.97,1621.38,1648.67,4963.613026
1677787200,1648.81,1657.19,1640.49,1648.13,1646.204549
1677801600,1648.04,1649.1,1542.13,1566.34,11543.704932
1677816000,1565.9,1576.98,1563.53,1568.99,2533.613334
1677830400,1568.82,1574.56,1564.09,1565.6,1662.287245
1677844800,1565.6,1580.56,1561.59,1566.6,2206.353145
1677859200,1566.54,1574.98,1550,1565.78,2473.530574
1677873600,1565.57,1570.64,1547.15,1569.68,2122.064704
1677888000,1569.65,1577.68,1568.41,1570.55,420.214266
1677902400,1570.83,1572.63,1562.79,1569.35,453.467525
1677916800,1568.9,1570.73,1567.23,1569.08,483.879413
1677931200,1569.05,1571.33,1562.1,1562.1,677.656661
1677945600,1562.09,1565.61,1557.21,1559.75,838.265474
1677960000,1559.61,1568.34,1549.42,1566.58,3654.621011
1677974400,1566.82,1588.36,1554.23,1568.1,2998.417129
1677988800,1568.17,1572.82,1568.17,1568.62,478.345335
1678003200,1568.9,1572,1564.33,1568.65,599.181883
1678017600,1568.65,1573.84,1568.21,1569.57,715.930271
1678032000,1569.07,1572.4,1564.08,1565.81,757.442055
1678046400,1565.82,1578.81,1556.45,1564.5,1181.481945
1678060800,1564.1,1573.27,1557.61,1562.9,1102.165824
1678075200,1562.55,1565,1555.55,1562.1,276.232657
1678089600,1562.11,1567.77,1558.04,1563.43,718.471398
1678104000,1563.43,1581.98,1562.33,1577.99,1802.845808
1678118400,1577.92,1580.88,1564,1566.11,2198.41277
1678132800,1566.11,1570.59,1559.98,1566,1139.220665
1678147200,1565.99,1583.63,1561.86,1574.83,4549.112121
1678161600,1575.27,1576.46,1570.85,1571.57,1362.003365
1678176000,1571.58,1571.58,1562.4,1562.58,1149.833653
1678190400,1563.1,1572.69,1529.22,1560.97,6897.433772
1678204800,1560.54,1564.87,1548.18,1551.32,2526.420922
1678219200,1550.9,1563.46,1543.11,1561.47,4664.864504
1678233600,1561.47,1569.72,1558.48,1562.05,2046.90967
1678248000,1562.2,1563.04,1548.34,1550.39,920.460643
1678262400,1551.06,1560.9,1550.24,1557,1242.768216
1678276800,1557.01,1565.43,1542,1560.04,3042.735469
1678291200,1560.12,1564.83,1548.69,1552.59,1188.789968
1678305600,1552.58,1560.84,1525.01,1532.26,4132.555254
1678320000,1532.06,1544.56,1531.24,1541.28,1062.354813
1678334400,1541.36,1541.36,1535.99,1536.66,1254.983626
1678348800,1536.67,1537.99,1525,1534.54,3200.304204
1678363200,1534.84,1545.12,1527.59,1533.53,3759.232865
1678377600,1533.54,1536.83,1481.9,1487.82,10985.329502
1678392000,1487.93,1488.35,1409.64,1438.15,19145.846589
1678406400,1437.61,1437.61,1409.53,1427.1,4517.533089
1678420800,1426.2,1426.66,1391.84,1412,13524.062211
1678435200,1412,1412,1370,1385.38,5759.158146
1678449600,1385.02,1448.08,1382.9,1417.29,24052.628194
1678464000,1417.58,1440.43,1400.92,1423.68,20269.306138
1678478400,1423.68,1438.52,1406.46,1430,6503.361108
1678492800,1430,1488.94,1429.99,1468.17,18430.524258
1678507200,1468.01,1471.03,1422.23,1425.3,14622.265711
1678521600,1425.07,1457.33,1415.01,1435.08,8211.590275
1678536000,1435.1,1445.91,1433.23,1441.46,10835.031144
1678550400,1441.39,1471.05,1435.25,1465.45,5617.465388
1678564800,1465.45,1489.27,1463.43,1483.38,6726.264254
1678579200,1483.59,1486.48,1467.36,1481.41,10883.980613
1678593600,1481.47,1489.57,1466,1472.24,2346.951811
1678608000,1472.25,1477.5,1470.23,1474.28,2480.501992
1678622400,1474.28,1477.5,1460.43,1472.45,4898.572535
1678636800,1472.04,1568,1470.71,1533.02,17104.677229
1678651200,1533.16,1607.72,1532.15,1591.57,21778.727884
1678665600,1591.71,1636.66,1587.34,1595.53,8281.446058
1678680000,1595.52,1622,1595.32,1614.4,8134.27702
1678694400,1614.41,1614.72,1570.56,1585.6,13627.440364
1678708800,1584.92,1701.24,1575.63,1672.08,29049.441871
1678723200,1672.17,1691.53,1654.73,1684.65,21767.780675
1678737600,1685.72,1688.8,1667.23,1680,10992.851199
1678752000,1679.99,1690,1671.63,1684.32,3144.710505
1678766400,1685.08,1700,1669.72,1676.13,5443.26766
1678780800,1676,1698.01,1666,1690.31,8807.791929
1678795200,1691.39,1784.65,1679.97,1775.99,35027.115554
1678809600,1776,1780.15,1690.28,1725.98,22982.349665
1678824000,1725.99,1731.86,1666.38,1705.56,10356.626106
1678838400,1704.84,1721.31,1686.82,1708.37,3260.39915
1678852800,1708.37,1715,1701.59,1713.45,3667.862953
1678867200,1712.53,1713.1,1656.44,1686.2,6562.652843
1678881600,1687.3,1706.03,1630.02,1637.74,13851.360108
1678896000,1637.74,1662.84,1616,1652.16,14454.182247
1678910400,1652.23,1670.77,1643.15,1656.38,6639.16851
1678924800,1656.38,1665.99,1639,1651.18,10195.144867
1678939200,1652.1,1663.86,1642.85,1660.36,3135.930588
1678953600,1660.75,1674.47,1644.97,1665.14,2948.964014
1678968000,1665.49,1669.55,1640.53,1667.11,8010.837016
1678982400,1666.51,1696.2,1656.3,1684.37,4257.699885
1678996800,1684.37,1685.77,1656,1677.09,5361.328671
1679011200,1677.14,1728.29,1667,1712.02,9245.924565
1679025600,1712.02,1735,1702,1721.26,3473.996576
1679040000,1721.26,1768,1715.03,1765.86,6027.121753
1679054400,1765.46,1765.86,1707,1720.07,10732.732046
1679068800,1719.76,1747.57,1712.89,1747.25,5510.12948
1679083200,1747.41,1802.25,1735.86,1793.22,12474.58082
1679097600,1793.3,1836.79,1772,1815.61,23806.618605
1679112000,1815.86,1826.86,1807.92,1819.08,2529.33608
1679126400,1819.01,1821.19,1793.45,1817.65,6254.857914
1679140800,1817.75,1845.73,1779.17,1790.28,7571.651065
1679155200,1790.02,1806.9,1750,1795.81,14309.570267
1679169600,1795.83,1806.52,1755.41,1763.03,6526.490346
1679184000,1762.72,1789.85,1762.39,1786.45,2291.370976
1679198400,1786.81,1790.24,1767.03,1778.97,1171.106817
1679212800,1779.04,1792,1771.4,1789.97,1362.542874
1679227200,1789.98,1817.1,1778.42,1801.1,4630.952037
1679241600,1799.18,1845.47,1796.8,1826.1,13059.866127
1679256000,1826.65,1832.34,1780,1785.14,9910.143681
1679270400,1785.91,1790.43,1745.64,1757,7706.874416
1679284800,1754.64,1798.19,1742,1796.99,8464.335653
1679299200,1797,1807.29,1771.73,1784.82,4885.280635
1679313600,1785.4,1788.45,1757.48,1767.28,5589.504383
1679328000,1767.79,1771.89,1745,1756.2,6190.347455
1679342400,1756.12,1764.84,1728.25,1735.84,4109.234438
1679356800,1735.83,1760,1731.85,1747.12,2140.90775
1679371200,1747.11,1755.87,1723.44,1735.15,3187.699392
1679385600,1735.2,1769,1730.3,1764.19,5409.832312
1679400000,1764.19,1837.02,1761.51,1815.21,11790.773776
1679414400,1814.36,1827.02,1778,1792.74,10032.624879
1679428800,1793.31,1808.93,1783.07,1804.51,3898.846602
1679443200,1804.17,1808.91,1782.99,1803.01,3450.453084
1679457600,1802.82,1810.38,1790.91,1796.21,814.08697
1679472000,1796.22,1797.31,1785.01,1789.86,1681.883358
1679486400,1788.83,1825.1,1786.76,1808.83,5607.872015
1679500800,1808.82,1812.97,1715,1719.57,30232.907386
1679515200,1719.44,1742.49,1713.49,1737.51,6061.828488
1679529600,1737.85,1748.21,1732.69,1739.83,2650.736109
1679544000,1739.97,1757.41,1734.03,1754.09,2689.713843
1679558400,1754.09,1762.74,1748.76,1758.55,2899.573992
1679572800,1759.01,1858.45,1745,1839.61,12432.086758
1679587200,1839.62,1843,1793.99,1823.02,10817.869549
1679601600,1823.57,1823.57,1806.14,1816.15,3289.454085
1679616000,1816.06,1821.66,1808.07,1815.5,4358.650783
1679630400,1815.51,1819,1806.1,1818,1575.406337
1679644800,1818.01,1818.01,1733.3,1749.38,6746.609986
1679659200,1749.69,1789.21,1745.3,1769.24,19163.985499
1679673600,1768.37,1770.87,1728.01,1764.72,7154.480179
1679688000,1765.13,1765.13,1731.58,1751.48,3739.767074
1679702400,1751.67,1763.97,1749.56,1758.44,1020.67451
1679716800,1759.16,1760.06,1744.9,1749.57,476.262878
1679731200,1749.53,1752.05,1738,1747.03,1433.20581
1679745600,1746.77,1765.48,1740.73,1757.09,3098.621969
1679760000,1756.83,1759.38,1717.59,1718.46,7148.273312
1679774400,1719.04,1745,1715.04,1743.67,3049.633026
1679788800,1743.57,1758.08,1740.6,1751.06,4743.89766
1679803200,1751.19,1756.51,1747.34,1754.19,512.255634
1679817600,1754.12,1788,1752.53,1779.99,7782.479177
1679832000,1779.96,1801.26,1754.9,1764.6,5705.230429
1679846400,1764.6,1773.31,1756.4,1766.74,814.961263
1679860800,1766.15,1784.65,1756.28,1775.66,1925.374148
1679875200,1775.66,1781.47,1760.75,1766.61,6344.049396
1679889600,1765.71,1768.02,1748.23,1752.08,1473.015861
1679904000,1752.09,1769.53,1750.37,1766.02,1237.668642
1679918400,1766.02,1769.33,1686.5,1711.94,16706.180078
1679932800,1711.6,1733,1701.27,1703.86,6845.739609
1679947200,1703.97,1716.89,1696.88,1715.42,4185.764355
1679961600,1715.39,1726.84,1697.53,1711.29,3624.186299
1679976000,1710.77,1736.02,1709.56,1724.49,1778.160293
1679990400,1724.18,1752.56,1709.46,1745.1,3561.445553
1680004800,1744.9,1749.24,1729.78,1744.37,5841.167178
1680019200,1744.32,1794.79,1726.48,1785.09,16076.640766
1680033600,1786.68,1789.04,1761.44,1772.99,5791.631889
1680048000,1772.99,1789.23,1772.99,1778.8,7938.575255
1680062400,1779.21,1816.46,1779.21,1804.88,12404.472822
1680076800,1805.03,1824,1801,1810.94,12898.665934
1680091200,1811.1,1816.31,1792.92,1807.81,4471.409752
1680105600,1807.92,1812,1792.57,1808.18,4802.12896
1680120000,1808.95,1809.37,1783,1793.31,4769.296328
1680134400,1793.1,1828.67,1765,1786.66,9673.761841
1680148800,1787.62,1813.1,1785.83,1806.54,2840.012542
1680163200,1806.55,1807.55,1794.19,1805.6,4012.754335
1680177600,1804.96,1806.88,1785.09,1789.34,2352.757405
1680192000,1789.3,1792.58,1762.8,1781.45,5051.217718
1680206400,1781.43,1798.81,1779,1793.71,3341.36546
1680220800,1793.53,1816.29,1789.58,1804.14,5332.698245
1680235200,1803.44,1808.57,1780.78,1795.66,3081.093351
1680249600,1795.85,1799.62,1787.58,1793.4,1148.288216
1680264000,1793.44,1846.56,1791.68,1830.48,8657.199472
1680278400,1830.75,1834.06,1818.54,1829.42,3663.5421
1680292800,1829.46,1829.47,1815.01,1821.86,3258.187801
1680307200,1821.82,1841.75,1820.08,1827.11,1427.955238
1680321600,1827.11,1829.57,1813.63,1824.02,1428.877811
1680336000,1824.5,1828.8,1821.8,1825.01,606.118562
1680350400,1824.96,1827.75,1814.34,1820.86,1020.709002
1680364800,1820.95,1824.49,1810,1813,3560.864053
1680379200,1813,1826.21,1813,1821.06,2228.895148
1680393600,1821.07,1822.76,1809.61,1817.22,1057.376775
1680408000,1817.87,1824,1814.35,1821.2,729.285555
1680422400,1821.24,1823,1815,1817.49,890.054576
1680436800,1817.43,1818.9,1789.21,1798.17,3582.627073
1680451200,1798.17,1804.33,1772.5,1780.7,2626.286446
1680465600,1781.36,1796.2,1778.34,1795.01,1283.374036
1680480000,1795.23,1795.23,1763,1778.54,4788.113465
1680494400,1778.71,1796.13,1772.93,1795.6,1940.713458
1680508800,1795.5,1818.77,1795.16,1808.18,5128.391585
1680523200,1808.19,1823.37,1788.49,1797.23,6106.915732
1680537600,1797.43,1839.69,1791.48,1818.45,8987.247017
1680552000,1818.44,1819.5,1770.45,1809.72,8891.412806
1680566400,1810.75,1816.12,1803.07,1808.99,4288.743347
1680580800,1808.41,1823.99,1802.99,1812.01,2671.481041
1680595200,1812.28,1874.62,1811.92,1864.94,14947.709413
1680609600,1865.17,1891.54,1852.46,1863.06,14261.542394
1680624000,1863.41,1874.41,1858.04,1868.47,3890.264789
1680638400,1868.47,1887.62,1859.38,1871.99,6044.678799
1680652800,1872,1924.99,1865.04,1913.18,8732.830188
1680667200,1912.76,1919.1,1908.01,1910.16,4120.801992
1680681600,1910.35,1921.23,1906,1914.21,2684.00222
1680696000,1914.22,1942,1881.16,1896.7,8250.34257
1680710400,1897.04,1918.79,1888.26,1910.13,3285.195523
1680724800,1909.47,1914.79,1905,1909.02,2894.739806
1680739200,1908.95,1909.05,1886.86,1898.87,4427.093964
1680753600,1899.14,1899.14,1876,1878.83,1873.546385
1680768000,1879.39,1885.35,1854.11,1869.5,4463.511615
1680782400,1869.51,1879.76,1854.65,1875.88,4143.843856
1680796800,1875.88,1883.72,1866.64,1871.84,2890.469281
1680811200,1871.49,1879.44,1860.29,1873.13,1593.457159
1680825600,1873.1,1883.11,1867,1877.66,1928.307515
1680840000,1877.58,1879.51,1840.91,1851.78,2210.979381
1680854400,1851.65,1859.55,1846,1848.76,1950.893041
1680868800,1848.76,1864,1844.9,1861.82,1979.892684
1680883200,1861.43,1862.57,1853.06,1855.66,884.685814
1680897600,1855.87,1873,1852.98,1864.43,1769.105921
1680912000,1864.62,1872.71,1856.06,1869.81,1380.836973
1680926400,1869.81,1879,1865.26,1872.25,2117.276775
1680940800,1872.25,1875.2,1866.17,1868.54,547.242272
1680955200,1868.28,1871.85,1863.18,1867.68,1132.487612
1680969600,1867.8,1870.37,1849,1854.86,1945.098177
1680984000,1854.87,1858.78,1848,1849.63,862.584391
1680998400,1849.76,1860,1847.67,1853.65,1937.816377
1681012800,1852.85,1857.49,1825.48,1836.47,4002.437372
1681027200,1836.59,1841.4,1830.9,1840.29,2245.366175
1681041600,1840.28,1844.88,1829,1838.41,966.310803
1681056000,1838.41,1868,1836.99,1857,3961.049246
1681070400,1858.03,1874.2,1853.84,1859.61,1873.578938
1681084800,1859.69,1865.53,1848,1859.15,1328.737559
1681099200,1859.02,1865.25,1856,1860.07,549.189912
1681113600,1860.94,1863.42,1856.66,1858.98,939.985725
1681128000,1858.84,1868.96,1848.01,1862.33,6251.812293
1681142400,1862.33,1905.06,1858.51,1890.48,9486.165356
1681156800,1891.49,1920,1879.68,1911.15,6341.367081
1681171200,1911.02,1938.33,1908.65,1924.18,7293.187768
1681185600,1924.56,1927.04,1910.46,1923.62,2850.681909
1681200000,1923.62,1923.62,1914,1917.37,1709.561897
1681214400,1917.37,1924.01,1904.81,1915.04,2279.957667
1681228800,1914.92,1917.04,1893.17,1895.48,9742.207993
1681243200,1895.47,1897.96,1883.54,1891.99,2213.375265
1681257600,1891.44,1898.41,1855,1865.33,4671.234821
1681272000,1865.32,1876.65,1863.42,1871.66,1353.256891
1681286400,1871.66,1875.72,1864.94,1874.31,2246.237165
1681300800,1874,1934.56,1869,1913.51,13001.636391
1681315200,1913.45,1920,1895.99,1901.08,5560.890096
1681329600,1901.08,1930,1901.08,1917.94,4180.689847
1681344000,1918.45,1921.29,1902,1914.79,3119.888233
1681358400,1914.54,1925,1910.69,1924.99,2867.157388
1681372800,1925,1996,1921.58,1987.13,15195.371661
1681387200,1987.44,2011.94,1987.3,1999,11094.119147
1681401600,1999.8,2025.3,1993.33,2013.01,7837.514205
1681416000,2013,2019.27,2003.11,2014.28,4437.255409
1681430400,2014.23,2130,2012.06,2110.17,17558.960519
1681444800,2110.99,2125,2104.99,2108.19,6951.899213
1681459200,2108.16,2118.88,2104.44,2115.8,3798.963322
1681473600,2115.81,2124.5,1967.21,2059.98,16261.752772
1681488000,2059.43,2093.7,2043.39,2091.97,10012.990414
1681502400,2092.27,2123.07,2087.18,2101.92,3527.014811
1681516800,2101.92,2107.71,2072.84,2090.26,2178.217004
1681531200,2090.43,2105.9,2083.55,2100.01,873.643705
1681545600,2100.01,2113.55,2094.3,2102.43,2023.425439
1681560000,2102.44,2109.71,2095.12,2100.01,1935.43894
1681574400,2100.02,2109.99,2086.08,2102.12,5706.734933
1681588800,2101.42,2104.29,2082.64,2092.1,1109.913506
1681603200,2092.2,2096.49,2075.37,2087.58,1292.648335
1681617600,2087.51,2103.73,2087.43,2100.01,930.049632
1681632000,2100.01,2101.03,2082,2088.23,1705.299552
1681646400,2088.24,2099.99,2078.54,2096.01,1107.440748
1681660800,2096.01,2141.07,2089.43,2115.36,5376.427344
1681675200,2115.54,2132.32,2095.7,2119.97,3735.123103
1681689600,2119.87,2121.59,2075,2097.94,4973.888997
1681704000,2097.77,2103.21,2089.54,2091.3,2298.946759
1681718400,2090.91,2099.83,2065.45,2078.05,3877.765657
1681732800,2077.79,2082.66,2057.24,2071.86,6790.367294
1681747200,2071.93,2090.27,2071.85,2079.07,5168.617243
1681761600,2079.89,2084.19,2068.08,2076.45,1164.512338
1681776000,2075.43,2084.79,2049.48,2080.67,2364.116488
1681790400,2080.91,2110,2079.41,2101.01,2938.939247
1681804800,2101.01,2124.35,2095.21,2119.33,3525.203136
1681819200,2119.34,2120.58,2089.4,2096.52,3699.290916
1681833600,2096.54,2101.27,2071.41,2081.67,3142.199385
1681848000,2081.66,2108.07,2075.7,2104.5,5881.17885
1681862400,2104.51,2104.73,2089.35,2092.19,1004.727225
1681876800,2092.18,2092.66,2066.12,2074.2,3348.411945
1681891200,2074.23,2074.23,1964.03,1981.64,23525.40214
1681905600,1981.45,2008,1971.27,1983.68,7523.638407
1681920000,1984.08,1991.82,1967.1,1981.39,3611.103849
1681934400,1980.68,1988.69,1923.95,1934.82,6725.036986
1681948800,1933.93,1954.16,1926.79,1949.48,4833.527109
1681963200,1949.57,1964,1948.48,1949.2,3077.716842
1681977600,1949.36,1961.99,1938.13,1940.22,2009.552027
1681992000,1940.45,1983.22,1936.95,1946.77,8117.86766
1682006400,1945.97,1954.39,1910,1927.21,10227.510831
1682020800,1927.21,1953.59,1924.73,1943.63,2445.069308
1682035200,1943.22,1956.74,1935.51,1946.66,1269.391737
1682049600,1946.71,1947.37,1900,1928.68,5901.604543
1682064000,1928.73,1934.23,1903.37,1908.01,3442.61638
1682078400,1908.2,1922.28,1891.9,1903.67,4457.324908
1682092800,1903.5,1907.18,1834.96,1843.5,14811.615693
1682107200,1842.82,1854.47,1827.72,1849.26,4307.885311
1682121600,1849.27,1862.69,1846.3,1859.6,1590.762693
1682136000,1859.87,1865.31,1849.68,1851.19,2103.578454
1682150400,1851.13,1856,1843.72,1853.25,2747.781963
1682164800,1853.25,1871.66,1847.58,1866.24,1646.15842
1682179200,1866.52,1887.36,1866.52,1872.75,1983.94795
1682193600,1872.75,1879.77,1865.71,1874.22,839.01304
1682208000,1874.37,1874.47,1849.46,1862.9,1058.443791
1682222400,1862.16,1875.93,1860.91,1875.93,609.141893
1682236800,1874.71,1877.02,1863.6,1874.97,443.105271
1682251200,1875.53,1882,1852.63,1859.72,1889.014131
1682265600,1859.71,1872.81,1835.72,1847,6877.146623
1682280000,1847,1867.34,1839.41,1861.89,4453.922173
1682294400,1861.89,1889,1851.21,1867.66,2891.454818
1682308800,1867.99,1867.99,1827.33,1844.34,2621.91913
1682323200,1845.26,1855,1831.25,1854.97,2044.83913
1682337600,1854.98,1874.9,1832.47,1834.1,7097.366133
1682352000,1832.46,1845.95,1807.98,1830.45,5995.343036
1682366400,1831.02,1845.27,1828.5,1841.5,1139.315916
1682380800,1842,1850.44,1827.39,1830.15,1532.770882
1682395200,1830.03,1835.1,1812.32,1815.71,1606.197037
1682409600,1815.71,1829.1,1805.89,1826.59,2494.436461
1682424000,1826.04,1833.62,1803.69,1814.64,9548.796214
1682438400,1814.46,1846.71,1812.01,1837.4,3604.984903
1682452800,1837.98,1878.31,1836.87,1865.9,6167.701573
1682467200,1866.34,1883.22,1862.29,1862.31,3643.208906
1682481600,1863.09,1876.47,1858.42,1862.15,1155.544058
1682496000,1862.1,1919.88,1862.01,1914.33,6926.09253
1682510400,1914.69,1964.14,1914.69,1953.64,13610.641547
1682524800,1953.91,1958,1815,1830.12,18827.395066
1682539200,1828.45,1882.95,1787,1866.14,15817.822906
1682553600,1866.15,1937.3,1861.86,1896.78,11458.370965
1682568000,1896.57,1918.6,1873.01,1885.75,2554.232196
1682582400,1885.63,1893.55,1876.05,1882.08,2948.442543
1682596800,1881.65,1915.82,1863.02,1900.01,9112.583762
1682611200,1900.01,1940.15,1891.64,1922.49,6662.21289
1682625600,1922.8,1930.63,1895.51,1908.78,8417.005073
1682640000,1908.73,1914.78,1902.72,1905.79,2372.067428
1682654400,1905.79,1923.59,1905.79,1919.33,3367.957015
1682668800,1919.74,1919.75,1895.79,1902.64,5257.185327
1682683200,1902.25,1915.13,1875.11,1886.9,4986.370155
1682697600,1886.91,1904.54,1883.79,1892.59,3949.1116
1682712000,1892.59,1901.63,1887.97,1892.7,1037.05512
1682726400,1892.7,1899.46,1887.51,1898.32,494.287742
1682740800,1898.31,1906.86,1897.41,1903.92,1795.717659
1682755200,1903.68,1904.28,1894.69,1899,195.964965
1682769600,1899,1919.3,1897,1906.8,1878.773733
1682784000,1906.79,1908.58,1884.59,1904.34,1297.934992
1682798400,1904.26,1909.47,1898.2,1908.26,1047.0391
1682812800,1908.39,1908.46,1894.37,1896.86,380.598944
1682827200,1894.4,1905,1893.73,1903.55,313.666777
1682841600,1903.86,1914.01,1900.94,1900.94,686.880047
1682856000,1901.54,1939,1900,1921.01,4102.102256
1682870400,1922.49,1935.19,1895.2,1905.96,9643.341962
1682884800,1905.42,1905.42,1866.65,1869.58,2806.535498
1682899200,1869.58,1885.96,1825.41,1846.31,6326.454108
1682913600,1846.23,1855.1,1834.08,1849.1,2053.02875
1682928000,1849.1,1853.71,1841,1845.18,1723.781823
1682942400,1845.11,1852.78,1826.05,1833.17,4752.86405
1682956800,1833.73,1841.91,1808.7,1813.81,5740.714362
1682971200,1812.06,1832.35,1805.98,1831.76,4621.466797
1682985600,1830.83,1836.62,1823.24,1830.29,1355.587172
1683000000,1830.29,1841.01,1824.33,1834.68,517.435253
1683014400,1835.53,1839.34,1826.94,1833.25,2083.237088
1683028800,1833.25,1869,1825,1858,7150.170836
1683043200,1858,1882.36,1853.09,1869.15,7889.435035
1683057600,1870.28,1877.47,1869,1870.55,1182.638061
1683072000,1870.9,1870.95,1854.41,1863.55,931.370912
1683086400,1863.68,1870.3,1857.36,1866.22,3625.270099
1683100800,1866.18,1873.4,1860.45,1860.45,1063.371827
1683115200,1859.78,1862.57,1843.71,1853.87,3653.760976
1683129600,1853.82,1894.97,1851.64,1868.51,9717.414067
1683144000,1868.19,1915.97,1857.56,1905,4747.611484
1683158400,1905,1908.74,1896.9,1904.61,1906.667019
1683172800,1904.62,1905.73,1880,1898.37,14456.075127
1683187200,1898.72,1917,1896.58,1904.92,2270.760734
1683201600,1904.93,1906.18,1880,1887.81,4923.228835
1683216000,1886.92,1892,1867.18,1876.04,5083.127131
1683230400,1876.04,1880.17,1871.34,1877.29,2414.155635
1683244800,1878.07,1909.12,1876.59,1896.99,3785.02107
1683259200,1897.48,1907.99,1894.44,1895.96,770.182376
1683273600,1896.18,1916.15,1895.36,1910.99,2269.0826
1683288000,1912.16,1958.74,1889.56,1957.73,11433.40015
1683302400,1956.01,2025,1956.01,1992.77,11956.7357
1683316800,1992.81,1998.8,1986.59,1995.34,4748.075721
1683331200,1995.5,2019.9,1965.56,1972.59,6691.377824
1683345600,1972.53,1974.14,1958,1961.36,2038.230766
1683360000,1961.34,1961.34,1922.19,1937.42,4304.60837
1683374400,1937.07,1937.32,1864.11,1881.13,11199.075024
1683388800,1880.53,1909.5,1878.82,1903.27,4233.138595
1683403200,1902.29,1902.7,1887.74,1899.85,1997.793736
1683417600,1899.86,1921.63,1890.98,1896.23,2694.664604
1683432000,1896.34,1911.21,1893.22,1908.91,765.759942
1683446400,1908.4,1915.15,1899.15,1904.29,1560.795874
1683460800,1904.29,1936,1904.29,1919.51,4167.919454
1683475200,1919.6,1924.12,1905.16,1913.16,4395.605553
1683489600,1913.16,1923.87,1871.58,1873.24,3427.075197
1683504000,1872.11,1885,1843.13,1867.8,8179.052447
1683518400,1867.78,1871,1840.46,1853.32,3593.645293
1683532800,1853.22,1868.81,1836.66,1864.4,8546.462608
1683547200,1864.89,1877.85,1850,1866.59,4695.99938
1683561600,1866.11,1867.7,1812,1828.83,14388.807476
1683576000,1829.18,1850.19,1829.17,1848.86,2322.20654
1683590400,1849.25,1858.47,1838.44,1844.54,3757.612063
1683604800,1844.95,1849.92,1831.54,1849.92,2823.716628
1683619200,1849.19,1849.92,1835.77,1847.94,1747.682707
1683633600,1847.95,1854.58,1835.55,1840.64,3983.228637
1683648000,1840.8,1860.19,1837.18,1852.9,5361.529628
1683662400,1853.06,1862.6,1841.86,1848.17,2360.65167
1683676800,1847.86,1858.63,1842.02,1844.97,2054.079394
1683691200,1844.46,1849.23,1835.84,1838.82,2113.853182
1683705600,1838.83,1851.28,1835.21,1851.19,536.889179
1683720000,1851.02,1888.97,1847.63,1873.94,11697.910049
1683734400,1873.78,1880,1792.02,1850.91,16920.562473
1683748800,1850.73,1863.31,1827.35,1842,5053.092557
1683763200,1842,1842.36,1820.39,1828.67,2679.902335
1683777600,1828.03,1835,1825.43,1829.84,1555.361048
1683792000,1830.16,1830.16,1810.65,1821.95,1502.453288
1683806400,1821.96,1839.11,1783.68,1808.66,6423.22776
1683820800,1808.56,1810,1770.71,1784.12,9052.41077
1683835200,1784.64,1800.93,1783.71,1795.4,4253.294167
1683849600,1794.98,1800.7,1760,1762.39,6529.96445
1683864000,1763.26,1771.01,1740,1759.67,7448.127307
1683878400,1759.8,1771.97,1756.28,1765.71,3017.335906
1683892800,1765.7,1784.26,1761.42,1766.35,4805.486169
1683907200,1766.22,1794.82,1741.72,1790.11,6486.246334
1683921600,1792.36,1816.45,1781.5,1808.26,5907.354562
1683936000,1808.23,1816.45,1802.2,1806.69,2458.839719
1683950400,1806.56,1807.08,1797.81,1804.01,1284.090436
1683964800,1804.01,1813,1802.02,1803.79,1041.048583
1683979200,1804.7,1810.98,1788,1796.63,2398.991981
1683993600,1796.08,1807.84,1788,1794.47,2531.664644
1684008000,1794.46,1806.21,1794.46,1796.22,1228.632882
1684022400,1796.08,1805.42,1790.98,1804.66,2736.47895
1684036800,1804.65,1809.73,1801.27,1806.33,401.699655
1684051200,1806.07,1807.78,1801.18,1802.77,656.798502
1684065600,1802.77,1824.98,1797.71,1819.69,3273.639027
1684080000,1819.69,1822.6,1792.74,1797.32,2923.675577
1684094400,1795.91,1803.28,1792,1799.85,1825.363094
1684108800,1799.89,1836,1785.8,1827.62,4496.011367
1684123200,1827.97,1835.48,1818.78,1829.24,3579.057434
1684137600,1829.24,1834.87,1824.35,1824.84,1706.766263
1684152000,1824.98,1836.52,1813.19,1828.72,5881.370787
1684166400,1829.24,1847.9,1824.55,1828.74,8493.564162
1684180800,1829.13,1829.44,1813.02,1816.64,2071.443729
1684195200,1815.81,1823.21,1796.63,1813.25,3204.41109
1684209600,1813.26,1824.28,1806.91,1822.55,972.742496
1684224000,1822.55,1828.35,1811.5,1816.33,9440.273054
1684238400,1816.95,1823.42,1810.18,1820.24,7182.183587
1684252800,1820.2,1831,1813.59,1816.9,2943.149309
1684267200,1816.52,1829.21,1814.86,1823.92,1159.511944
1684281600,1824.07,1835.92,1817.98,1823.7,1794.359607
1684296000,1823.98,1826.54,1801.28,1808.39,2158.642068
1684310400,1808.6,1808.6,1788.09,1790.16,4554.469052
1684324800,1790.16,1800.1,1782.95,1796.85,2264.931616
1684339200,1796.85,1833.34,1794.87,1827.11,5947.072452
1684353600,1827.57,1834.78,1818.94,1821.75,2873.459836
1684368000,1821.79,1827.08,1818.25,1825.59,2404.651988
1684382400,1825.59,1831.73,1815.17,1826.77,1223.426039
1684396800,1826.7,1828.47,1823.13,1824.88,845.887708
1684411200,1824.95,1826.67,1802.26,1807.82,4640.358522
1684425600,1807.43,1812.64,1772.15,1796.62,6385.26075
1684440000,1794.91,1820.82,1793.52,1801.01,3123.270648
1684454400,1801,1807.53,1797.61,1801.55,904.402912
1684468800,1801.56,1810.85,1799.01,1806.56,870.253024
1684483200,1805.97,1811.71,1805.6,1807.87,1134.247835
1684497600,1808.39,1829,1800.31,1815.79,5712.243409
1684512000,1815.53,1822.4,1808.18,1811.59,1683.622551
1684526400,1811.49,1815.33,1810.27,1812.66,1074.439768
1684540800,1812.66,1813.81,1807.49,1813.76,595.703309
1684555200,1814.23,1814.31,1809.01,1811.7,392.788704
1684569600,1811.82,1816,1811.75,1813.48,675.798983
1684584000,1813.57,1821.21,1813.03,1817.93,925.855669
1684598400,1817.58,1830,1814.63,1821.44,4211.229708
1684612800,1822.21,1824,1811.83,1820,5526.91269
1684627200,1819.79,1828.55,1816.88,1818.45,782.641898
1684641600,1818.42,1818.5,1814.12,1817.52,221.797381
1684656000,1817.52,1817.52,1807.67,1809.86,799.284136
1684670400,1809.1,1817.64,1802.44,1807.3,1311.42596
1684684800,1807.3,1810.96,1802.75,1810.06,1296.186665
1684699200,1810.07,1812.59,1796.68,1804.26,1823.670799
1684713600,1804.79,1807.1,1791.93,1800.74,1656.458209
1684728000,1800.67,1814.02,1800.59,1811.09,536.311891
1684742400,1811.01,1819.78,1810.91,1813.57,867.465584
1684756800,1813.84,1826.89,1808.89,1816.81,3468.730918
1684771200,1816.69,1823.37,1813.65,1815.82,2830.002257
1684785600,1816.2,1824.91,1813.2,1817.45,752.615401
1684800000,1817.63,1873.34,1815.35,1865.45,5043.061159
1684814400,1866.83,1868.74,1846.24,1853.9,3409.532437
1684828800,1854.49,1857.8,1849.87,1855.1,1112.945988
1684843200,1855.03,1860.95,1842.34,1856.81,2589.56742
1684857600,1857.07,1857.69,1841.86,1852.22,2556.350226
1684872000,1852.22,1857.06,1846.73,1854.24,1644.968701
1684886400,1854.12,1854.13,1812,1821.73,4227.644535
1684900800,1821.52,1828.04,1813.29,1814.01,1690.686124
1684915200,1814,1821.01,1810.7,1814.99,1515.116273
1684929600,1815.47,1817.93,1777.83,1792.71,8449.464057
1684944000,1792.65,1798.07,1785,1791.79,2949.692848
1684958400,1792.33,1808.54,1791.65,1799.75,3851.006588
1684972800,1799.83,1807.74,1761.43,1780.88,5791.738696
1684987200,1780.79,1786.88,1773.66,1778.09,1345.173177
1685001600,1778.16,1791.39,1778.15,1789.46,1014.122323
1685016000,1790.61,1810,1786.27,1791.14,4032.502383
1685030400,1791.59,1818,1791.42,1808.98,2456.624522
1685044800,1809.9,1813.2,1805.52,1805.83,1338.944108
1685059200,1805.83,1808.85,1796.3,1807.13,1282.995275
1685073600,1807.35,1816.99,1801.88,1816.77,878.917549
1685088000,1816.75,1817.7,1811.42,1813.54,943.379355
1685102400,1813.53,1838.2,1808.61,1831.03,5750.908832
1685116800,1831.69,1836.99,1823.35,1836.4,2764.157494
1685131200,1836.99,1836.99,1827.07,1828.55,789.115867
1685145600,1828.81,1835.84,1825.72,1834.78,678.016927
1685160000,1834.78,1835.99,1828.71,1829.84,451.25405
1685174400,1830.24,1831.34,1824.75,1827.81,933.988763
1685188800,1827.82,1832,1813.51,1823.73,1620.767781
1685203200,1823.73,1829.76,1818,1826.91,943.047615
1685217600,1826.93,1832.69,1825.54,1831.12,2015.767025
1685232000,1831.13,1860.64,1824.33,1851.05,5695.961756
1685246400,1852.33,1858.91,1845.72,1848.31,2434.463894
1685260800,1848.04,1852.44,1843.63,1843.93,719.901105
1685275200,1844.18,1845.02,1837.4,1844.2,1799.275374
1685289600,1843.8,1858.57,1840.45,1849.41,3228.897444
1685304000,1849.76,1920,1849.75,1908.51,11688.666275
1685318400,1909.83,1929.26,1901.35,1904.76,6295.036676
1685332800,1905.31,1906.22,1894.14,1900,1796.076772
1685347200,1900,1904.98,1893.63,1903.26,1772.77902
1685361600,1903.26,1904.64,1886.16,1889.31,4549.844003
1685376000,1889.21,1895.49,1873.65,1890.83,2678.409357
1685390400,1891.43,1904.17,1885.95,1892.81,1882.779481
1685404800,1892.95,1912.47,1881.72,1901.87,1375.660269
1685419200,1901.43,1905,1892.95,1898.68,563.293039
1685433600,1897.97,1917.36,1897.91,1915.55,2026.528531
1685448000,1915.98,1916.55,1893.96,1900.88,2480.869539
1685462400,1900.87,1912.25,1891.15,1907.74,2770.08243
1685476800,1907.68,1914.86,1897.69,1900.81,2046.393774
1685491200,1900.8,1907.88,1885.32,1898.33,2455.909632
1685505600,1898.08,1898.35,1857.49,1870.01,8036.570078
1685520000,1870.01,1872.79,1860.22,1865.29,4334.607742
1685534400,1866.13,1874.43,1843.65,1858.72,5537.63273
1685548800,1858.25,1869.46,1854.54,1863.35,1630.117593
1685563200,1863.75,1880.03,1861.9,1873.59,3700.934859
1685577600,1873.88,1888.66,1838.01,1855.78,5462.446846
1685592000,1855.36,1860.65,1851.4,1854.48,779.310522
1685606400,1854,1864.7,1852.32,1861.24,782.969357
1685620800,1861.23,1866.36,1855.9,1862.51,7909.929474
1685635200,1862.93,1881.85,1857,1869,3962.320813
1685649600,1868.99,1873.58,1852.96,1861.48,1413.045211
1685664000,1861.21,1879.84,1847.19,1878,2429.439971
1685678400,1878,1897.27,1875.49,1885.31,9410.876912
1685692800,1885.85,1899.02,1885.85,1894.88,2428.879021
1685707200,1894.98,1898.63,1876.29,1892.58,3886.438055
1685721600,1892.57,1914.75,1887.79,1908.75,4888.537882
1685736000,1908.76,1910.52,1902.93,1907.25,1928.080077
1685750400,1907.25,1909.9,1898.06,1900.16,2254.935657
1685764800,1900.15,1905.69,1897.84,1903.05,399.034697
1685779200,1903.03,1907.43,1901.04,1903.99,3096.059849
1685793600,1904,1907.34,1894,1904,1997.499628
1685808000,1903.7,1903.99,1884,1886.67,1539.474385
1685822400,1886.66,1893.1,1883.49,1891.99,1331.171931
1685836800,1891.98,1894.79,1884.9,1894.32,1076.548284
1685851200,1894.29,1901.03,1891.03,1899.68,1366.760214
1685865600,1899.69,1907.33,1899.15,1902.56,970.9956
1685880000,1902.56,1915.04,1899.38,1901.34,3570.882255
1685894400,1901.86,1905.71,1896.38,1904.52,923.072897
1685908800,1904.56,1912.25,1885.16,1889.99,2433.216884
1685923200,1889.77,1890.52,1867.5,1869.22,3393.29618
1685937600,1868.27,1872.67,1861.86,1872.37,1695.073024
1685952000,1872.37,1873,1863.72,1869.84,2150.803505
1685966400,1869.84,1869.99,1821,1821,11998.977099
1685980800,1821,1822.43,1777,1806.51,16727.320175
1685995200,1806.52,1815.32,1792.86,1810.64,4533.781212
1686009600,1810.83,1813.65,1803.4,1812.02,1576.018336
1686024000,1811.99,1819.04,1811.12,1813.7,1230.426853
1686038400,1813.71,1822.83,1809.95,1813.14,1289.234742
1686052800,1813.14,1846.45,1796.35,1841.78,11714.894679
1686067200,1841.79,1898,1841.79,1891.94,12518.874886
1686081600,1893.39,1894.58,1874.25,1883.98,3242.612905
1686096000,1884.36,1896.55,1871.42,1877.49,2251.618036
1686110400,1877.34,1883,1875.05,1875.63,540.699838
1686124800,1875.64,1878.79,1844,1870.44,5758.639235
1686139200,1870.44,1870.57,1835.8,1839.69,5907.945446
1686153600,1838.14,1852.83,1832.99,1850.53,3481.595939
1686168000,1850.65,1850.65,1821.4,1832.32,3949.915375
1686182400,1832.31,1841.36,1828.81,1833.8,3008.873001
1686196800,1833.8,1845.95,1832.79,1841.47,1114.462453
1686211200,1841.46,1846.93,1837.96,1843.77,809.526586
1686225600,1843.77,1862.19,1837.74,1856.3,8002.408569
1686240000,1856.21,1856.29,1841.43,1847,2169.210405
1686254400,1847,1853.44,1845.15,1846,1148.5886
1686268800,1846.03,1849.89,1828.5,1838.43,3807.735898
1686283200,1838.42,1841.76,1832.25,1835.78,1018.853593
1686297600,1835.78,1847,1835.11,1844.67,1342.181806
1686312000,1844.68,1854.75,1839.49,1841.51,2190.76037
1686326400,1840.99,1843,1830.06,1831.5,2700.469697
1686340800,1831.5,1840.21,1828.2,1840.2,983.000074
1686355200,1840.2,1844.43,1821.97,1827.11,2195.24801
1686369600,1826.87,1829.37,1727,1733.06,15484.424309
1686384000,1732.81,1750.21,1718.73,1749.07,5102.889893
1686398400,1749.07,1749.07,1733.59,1737.76,2782.525619
1686412800,1737.98,1773.3,1721.75,1743.95,9438.487885
1686427200,1744.22,1758.19,1739.28,1752.38,1774.664034
1686441600,1752.33,1752.84,1744.43,1751.08,818.03702
1686456000,1751.27,1759.71,1745.47,1754.18,909.213397
1686470400,1754.18,1755.48,1745.79,1752.24,554.782934
1686484800,1752.56,1752.57,1739.13,1741.52,1502.723429
1686499200,1741.52,1768.02,1740.07,1762.93,2726.548964
1686513600,1763.09,1778.8,1741.67,1752.92,5448.680107
1686528000,1752.92,1754.9,1720.09,1735.29,5910.531385
1686542400,1735.48,1746.54,1733,1736.12,1785.684961
1686556800,1736.15,1758.65,1735.07,1745.93,1460.328819
1686571200,1745.93,1746.39,1729.81,1731.48,2346.487538
1686585600,1731.84,1745.97,1721.03,1733.53,5278.371751
1686600000,1733.53,1745.22,1730.15,1742.2,2246.122581
1686614400,1742.2,1754.43,1728,1746.8,2525.866985
1686628800,1746.79,1752.14,1741.44,1748.35,1751.11632
1686643200,1748.35,1757.77,1746.11,1753.29,1753.139332
1686657600,1753.39,1765.89,1724.6,1730.31,4112.609168
1686672000,1729.04,1749.71,1729.04,1739.59,3824.168522
1686686400,1739.62,1744.11,1733.37,1739.03,2019.766449
1686700800,1739.03,1747.36,1738.07,1745.09,1241.410436
1686715200,1745.09,1746.23,1737.41,1740.71,689.330314
1686729600,1740.71,1749.72,1740.56,1745.44,663.730529
1686744000,1745.44,1748.49,1737.08,1740.48,1829.633742
1686758400,1740.47,1745.42,1721,1728.23,6509.497859
1686772800,1727.03,1728.11,1630.01,1650.37,27340.442874
1686787200,1650.37,1655.19,1644.33,1651.08,2097.840195
1686801600,1651.07,1652.3,1629.96,1634.47,14701.049029
1686816000,1634.37,1641.3,1620.06,1639.56,6277.96468
1686830400,1639.8,1648.21,1632.74,1640.47,5526.05843
1686844800,1640.35,1670.95,1632.53,1666.95,8255.958211
1686859200,1667.32,1680.33,1653.06,1665.33,4462.941376
1686873600,1665.32,1668.13,1659.01,1665.65,1950.250412
1686888000,1665.79,1672.83,1665.71,1669.15,3117.35193
1686902400,1669.18,1675.62,1662.04,1662.11,1256.949953
1686916800,1662.13,1684.14,1648.77,1679.22,5080.291228
1686931200,1679.96,1727.34,1676.17,1720.08,12377.643999
1686945600,1720.07,1726,1714.54,1716.65,2943.373613
1686960000,1716.95,1720.98,1713.8,1717.8,689.88017
1686974400,1717.88,1768.14,1716.45,1743.48,3659.006126
1686988800,1743.61,1746.14,1734.12,1737.25,2076.238916
1687003200,1737.45,1741,1720,1727.13,1572.872426
1687017600,1727.13,1731.73,1721.24,1727.26,939.207808
1687032000,1727.26,1732.27,1722.53,1727.3,1234.279974
1687046400,1727.3,1729.28,1720.1,1728.22,540.932697
1687060800,1728.24,1737.04,1722.78,1729.08,791.567041
1687075200,1729.09,1734.36,1726.13,1734.32,2033.804271
1687089600,1734.33,1741.32,1730.17,1737.63,840.263196
1687104000,1737.7,1747.85,1736.18,1740.46,1634.845878
1687118400,1740.46,1742.36,1713.29,1720.3,3021.208339
1687132800,1720.31,1727.54,1713.86,1722.77,1415.508656
1687147200,1722.77,1726.51,1719.84,1724.53,1130.559324
1687161600,1724.02,1726,1720.29,1725.62,794.56079
1687176000,1725.55,1733.18,1715.81,1721,2161.776551
1687190400,1720.77,1750.94,1698.95,1723.83,7248.736723
1687204800,1724.4,1737.84,1722.47,1737.1,5042.937942
1687219200,1736.85,1749.44,1730.13,1730.67,3921.773802
1687233600,1730.14,1733.9,1722.91,1729.56,2508.712606
1687248000,1729.51,1733.56,1723.27,1733.56,1604.712455
1687262400,1733.56,1737.11,1715,1732.4,2943.860896
1687276800,1732.47,1791.88,1728.26,1781.91,10727.784847
1687291200,1783.18,1795.77,1775.44,1792.26,3916.857479
1687305600,1792.54,1826,1787.74,1810.99,5429.159739
1687320000,1811.22,1822.78,1808.04,1812.75,3656.202517
1687334400,1812.77,1834.03,1807.72,1830.6,5441.480604
1687348800,1830.13,1858.06,1816.68,1850.74,12610.188533
1687363200,1850.73,1900.73,1847.3,1882.03,18259.460668
1687377600,1882.15,1900,1871.74,1888.72,5695.176535
1687392000,1888.8,1930.88,1883.31,1915.65,13910.537777
1687406400,1915.65,1919.03,1902,1909.59,4629.962032
1687420800,1910.14,1912.01,1881.5,1886.72,4009.270614
1687435200,1886.5,1910,1867.12,1877.26,5190.355366
1687449600,1877.28,1892.42,1875.97,1890.36,5013.164148
1687464000,1890.52,1892.1,1867.95,1872.03,6239.941113
1687478400,1872.26,1883.62,1863.95,1881.97,2107.382489
1687492800,1881.97,1886.74,1875.23,1881.13,1302.127062
1687507200,1881.22,1888.88,1875.02,1880.37,1859.316735
1687521600,1880.34,1920.64,1862.89,1917.72,5920.988596
1687536000,1917.72,1938.92,1885.23,1901.11,9115.42922
1687550400,1901.41,1909.45,1879,1892.63,4841.347163
1687564800,1893,1896,1879.88,1894.87,3726.999988
1687579200,1894.54,1898.06,1882.97,1883.28,1338.291671
1687593600,1883.27,1893.75,1882.97,1891.06,672.368909
1687608000,1890.77,1906,1869.03,1873.33,3350.941271
1687622400,1873.88,1889.44,1867.38,1888.42,3297.525493
1687636800,1888.36,1888.36,1866.08,1875.63,1648.932354
1687651200,1875.63,1896.6,1869.24,1895.32,1860.168226
1687665600,1895.48,1929.81,1895.48,1911.91,7330.692917
1687680000,1911.82,1923.98,1908.41,1918,7268.218047
1687694400,1917.88,1919.08,1880.23,1886.49,3853.573019
1687708800,1886.38,1895.34,1880.31,1894.02,2507.869369
1687723200,1894.22,1904.71,1888.36,1898.61,2618.654933
1687737600,1898.84,1903.09,1866,1879.55,3679.321084
1687752000,1879.51,1903.2,1870.91,1891.68,1999.641592
1687766400,1892.83,1893.48,1872.73,1880.22,1064.959713
1687780800,1880.22,1907.5,1871.1,1889.1,3098.821377
1687795200,1888.95,1890,1838,1855.11,8476.13709
1687809600,1854,1861.4,1846.81,1858.86,1391.096007
1687824000,1858.74,1878.18,1856.24,1872.01,5715.258281
1687838400,1871.77,1878.86,1861.58,1874.72,2355.349372
1687852800,1875.09,1888.81,1872.14,1881.4,3078.967303
1687867200,1881.41,1896.76,1862.71,1871.47,4583.28089
1687881600,1871.46,1912.19,1869.31,1894.39,5728.52663
1687896000,1894.39,1897.62,1884.74,1889.8,2146.962578
1687910400,1889.68,1890.08,1854.51,1866.76,5772.766785
1687924800,1866.37,1869.95,1848.22,1850.73,3091.314441
1687939200,1850.73,1864.99,1850.68,1861.57,2053.071351
1687953600,1861.57,1868.87,1846,1859.76,2259.691612
1687968000,1859.73,1865.42,1817.06,1832.52,3915.033356
1687982400,1832.25,1836.62,1825.24,1827.76,3636.067289
1687996800,1827.81,1842.62,1827.53,1837.37,2592.165691
1688011200,1837.38,1849.27,1836.22,1847,441.009983
1688025600,1847.64,1871.98,1847.05,1869.5,1444.18881
1688040000,1869.5,1878,1847.52,1851.42,2313.553039
1688054400,1852.16,1859.46,1842.07,1857.48,2278.140937
1688068800,1857.48,1858,1842.97,1851.81,1686.185323
1688083200,1851.82,1877.69,1842.12,1872.5,1657.168499
1688097600,1873.57,1907,1870.01,1888.23,3763.311235
1688112000,1888.23,1893.91,1883.35,1892.52,1401.605965
1688126400,1890.79,1913.17,1825.8,1851.58,11146.139685
1688140800,1851.57,1946,1850.3,1927.06,15059.027805
1688155200,1927.06,1942,1919.66,1933.19,5333.15104
1688169600,1934.02,1944.09,1917.66,1919.91,4997.594518
1688184000,1919.91,1921.87,1909.04,1919.78,2106.175976
1688198400,1919.68,1926.87,1913.33,1922.62,4516.592627
1688212800,1922.62,1929.53,1918.37,1922.86,1514.577434
1688227200,1923,1923.85,1917.1,1923.56,730.362504
1688241600,1923.56,1926.87,1921.79,1924.61,350.517624
1688256000,1924.61,1925.81,1911.61,1913.88,1659.26349
1688270400,1914.08,1916.93,1912.06,1915.44,548.341507
1688284800,1915.42,1921.16,1913.69,1919.94,535.816868
1688299200,1920.38,1927.48,1889.17,1919.5,2458.628122
1688313600,1918.49,1923.23,1902.51,1914.12,1476.267719
1688328000,1914.13,1960,1912.12,1937.21,11806.217551
1688342400,1937.21,1952.5,1933.71,1949.5,3777.390542
1688356800,1949.5,1971.8,1943.17,1967.42,5887.342482
1688371200,1967.72,1974.5,1954.83,1962.49,3206.156911
1688385600,1962.5,1974.98,1954.98,1968.68,2921.393883
1688400000,1968.34,1974.56,1955.74,1968.57,3729.596617
1688414400,1968.57,1968.6,1947.98,1955.5,4070.966271
1688428800,1955.79,1965.93,1950.81,1963.11,1469.334068
1688443200,1963.11,1963.11,1948,1949.32,2521.820173
1688457600,1949.46,1961.5,1948.22,1959.83,1021.142525
1688472000,1960.54,1961.02,1951.34,1954.29,1551.242869
1688486400,1954.27,1964.86,1931.71,1934.14,2014.109595
1688500800,1934.01,1942.28,1932.99,1935.31,2013.131119
1688515200,1935.31,1941.68,1931.83,1940.79,933.109764
1688529600,1940.79,1941.09,1932.96,1936.27,2948.211689
1688544000,1936.95,1936.95,1905.8,1910.12,5141.420732
1688558400,1910.13,1913.17,1894.77,1902.62,4507.671351
1688572800,1902.34,1918.47,1901.58,1907.4,3866.89688
1688587200,1907.75,1914.86,1905.91,1911.01,545.493311
1688601600,1911.01,1914.25,1899.66,1912.96,4033.663316
1688616000,1912.95,1928.67,1909.47,1924.87,1083.950117
1688630400,1924.82,1955.37,1912,1917.95,3017.970101
1688644800,1917.72,1918.4,1866.79,1889.73,7626.295392
1688659200,1889.74,1894.2,1878.56,1885.57,3535.887631
1688673600,1885.35,1887.62,1845.85,1846.81,7843.851417
1688688000,1846.68,1859.4,1825.99,1858.17,6929.078085
1688702400,1858.17,1862.69,1852.55,1856.82,835.623296
1688716800,1856.48,1864.76,1854.66,1860.97,866.239588
1688731200,1860.98,1877.4,1853.1,1873.22,2370.25309
1688745600,1873.23,1875.5,1858.05,1863.62,1473.406785
1688760000,1863.62,1870.99,1863.61,1869.53,1557.990921
1688774400,1869.53,1871.83,1863.62,1863.94,821.469344
1688788800,1863.95,1863.95,1855.56,1861.88,712.043852
1688803200,1862.19,1867.42,1858.56,1859.14,219.414061
1688817600,1859.33,1862.44,1856.42,1860.13,189.994902
1688832000,1860.13,1865,1845.46,1847.2,785.472724
1688846400,1846.4,1866.11,1844.22,1865.51,784.030674
1688860800,1865.51,1874.59,1863.75,1868.22,3250.991024
1688875200,1868.42,1870.83,1864.86,1867.62,282.084345
1688889600,1867.59,1870.56,1865.66,1869.55,247.721871
1688904000,1869.54,1878.9,1858.37,1866.02,1372.428323
1688918400,1866.59,1868.75,1862.5,1868.29,1268.882645
1688932800,1868.29,1872,1858.05,1863.28,388.815818
1688947200,1863.38,1866.41,1847.72,1861.85,2146.656318
1688961600,1862.2,1862.72,1853.53,1855.59,259.044601
1688976000,1856.01,1864.46,1851.01,1864.26,1063.982266
1688990400,1864.03,1872.8,1861.03,1871.92,779.540228
1689004800,1871.04,1900.95,1866.38,1899.46,2317.937782
1689019200,1900.38,1904.54,1868,1880.46,5915.435636
1689033600,1880.47,1884.37,1876.08,1880.07,2364.599682
1689048000,1880.07,1891.99,1877.5,1883.23,2286.869899
1689062400,1882.82,1883.06,1865.01,1868.26,1310.50157
1689076800,1868.24,1882.05,1862.66,1871.55,1771.820357
1689091200,1871.55,1875.63,1866.53,1874.83,2608.954388
1689105600,1875.45,1879.39,1871.79,1878.37,746.083861
1689120000,1878.65,1886.73,1876.8,1880.55,979.236177
1689134400,1880.5,1894.45,1879.51,1891.31,633.391016
1689148800,1890.57,1891.05,1886.41,1890.36,796.681553
1689163200,1890.37,1901.89,1878.96,1882.99,6296.721409
1689177600,1883,1890.47,1867.58,1870.06,2978.256752
1689192000,1869.52,1873.86,1865.9,1871.96,971.252949
1689206400,1871.75,1875.38,1865.99,1866.98,428.001797
1689220800,1866.99,1873.25,1864.56,1870.01,1206.947068
1689235200,1870,1885.61,1869.7,1884.14,4311.192517
1689249600,1884.14,1944,1877.19,1933.03,7822.479829
1689264000,1933.12,2012,1933,1996.15,21473.682914
1689278400,1995.54,2008.65,1971.73,2004.9,10870.328628
1689292800,2005.36,2027.41,2004.36,2009.84,6277.179313
1689307200,2009.84,2012,1988.48,1992.65,1441.284452
1689321600,1991.48,2002.8,1985.73,1992.98,2705.811757
1689336000,1992.93,2005.69,1985.74,1999,7423.587748
1689350400,1999,2000,1901,1914.23,16482.765348
1689364800,1914.24,1940.01,1900.29,1940.01,9304.031172
1689379200,1940,1940.01,1928.47,1931.44,1852.454819
1689393600,1931.44,1943.38,1928.62,1941.98,1146.502779
1689408000,1941.99,1946.92,1938.23,1940.41,808.511867
1689422400,1940.41,1940.41,1931,1935.17,1310.801575
1689436800,1935.17,1938.79,1929.78,1934.41,970.246189
1689451200,1934.34,1934.34,1927.28,1931.64,342.129492
1689465600,1931.64,1937,1916,1923.24,1462.807465
1689480000,1923.05,1932.23,1921.87,1926.23,1274.346398
1689494400,1926.19,1935.45,1926.17,1933.9,190.184727
1689508800,1933.9,1943.18,1930,1937.48,902.092826
1689523200,1937.69,1940.15,1926.22,1927.77,786.440656
1689537600,1927.22,1937.62,1918.53,1922.24,606.608858
1689552000,1922.22,1931.3,1918.54,1931.23,5792.044658
1689566400,1931.42,1935.62,1928,1929,1044.568538
1689580800,1929.11,1930.99,1891.25,1910.79,2499.427717
1689595200,1910.6,1916.87,1900.91,1909,1660.933549
1689609600,1909,1912.72,1875,1886.9,5426.159952
1689624000,1886.89,1920,1886.81,1912.21,2321.294937
1689638400,1911.07,1917.05,1907.25,1908.91,539.581765
1689652800,1909.04,1911.77,1895,1899.06,1507.002808
1689667200,1899.07,1909.19,1892.15,1893.95,1025.20391
1689681600,1894.29,1902.87,1886.1,1895.91,2027.03807
1689696000,1895.91,1903.64,1876.8,1891.27,2861.677967
1689710400,1891.27,1902.07,1891.15,1897.52,793.348567
1689724800,1897.51,1914,1896.39,1912.26,1099.204753
1689739200,1912.68,1917.79,1907.04,1908.21,2885.670841
1689753600,1907.09,1911.38,1901.35,1909.13,754.057482
1689768000,1909.18,1920,1895,1905.62,1550.580068
1689782400,1905.62,1917.39,1901.18,1909.47,3220.786126
1689796800,1910.12,1910.12,1882.68,1888.83,1445.535369
1689811200,1888.78,1898.77,1883.2,1894.91,580.882446
1689825600,1894.65,1914.22,1893.99,1912.81,637.378213
1689840000,1912.69,1927,1912.06,1920.87,2491.852647
1689854400,1920.87,1921.5,1885,1887.56,2697.385161
1689868800,1887.56,1892.2,1877.04,1886.96,2606.091887
1689883200,1886.86,1896.86,1882.23,1891.48,652.85806
1689897600,1891.36,1900.8,1886.97,1896.99,407.235432
1689912000,1896.99,1897.42,1888.28,1889.25,283.501129
1689926400,1889.27,1893.3,1884.36,1888.75,792.768813
1689940800,1888.75,1895.97,1886.13,1891.37,1105.345491
1689955200,1891.37,1905.63,1886.85,1894.93,3176.953759
1689969600,1894.93,1896.16,1891,1891.94,357.479603
1689984000,1892.28,1896.69,1891.94,1893.15,1238.889707
1689998400,1893.15,1895.88,1891,1891.78,312.009352
1690012800,1891.7,1894.38,1885.2,1888.17,357.753653
1690027200,1888.17,1890,1885.43,1889.49,222.219114
1690041600,1889.49,1890.88,1883.31,1887.46,457.004796
1690056000,1887.01,1888.66,1850.1,1865.4,1846.682929
1690070400,1865.96,1872.97,1859.22,1869.44,280.021971
1690084800,1869.78,1878.52,1869.59,1874.9,365.639583
1690099200,1875.83,1878.37,1873.75,1875.49,166.023038
1690113600,1875.49,1875.49,1872.33,1873.52,459.419984
1690128000,1873.88,1903.8,1873.88,1888,1465.816
1690142400,1888,1893.49,1875,1888.3,4556.630396
1690156800,1888.27,1889.63,1867.23,1867.6,1164.131248
1690171200,1867.59,1876.7,1863.69,1874.24,430.817931
1690185600,1874.81,1874.81,1834,1852.46,3281.345229
1690200000,1852.83,1853.86,1832.51,1841.79,6866.137149
1690214400,1841.79,1850.68,1839.53,1849.16,3499.225363
1690228800,1849.31,1851.26,1846.29,1850.01,2865.880828
1690243200,1849.94,1855,1845.81,1851.24,2022.904339
1690257600,1851.14,1853.38,1847.13,1849.85,377.95418
1690272000,1850.57,1861.21,1849.08,1853.17,670.764399
1690286400,1853.17,1866.66,1852.22,1857.88,877.722175
1690300800,1858,1865,1853.34,1857,1110.389294
1690315200,1856.88,1864,1855,1857.96,4696.074146
1690329600,1857.96,1865,1851.49,1858.64,2607.584959
1690344000,1858.24,1860.35,1851.83,1852.98,718.752027
1690358400,1852.88,1855.49,1846.38,1850.76,1533.966789
1690372800,1850.77,1861.03,1849.92,1860.16,4718.609215
1690387200,1860.23,1881.42,1856.21,1872.96,2589.846906
1690401600,1872.96,1886.65,1868,1871.8,2864.609626
1690416000,1871.87,1878.71,1868,1876.01,354.547222
1690430400,1876.01,1881.34,1869.53,1871.35,670.445923
1690444800,1871.09,1884.8,1869.2,1876.61,1322.871118
1690459200,1876.62,1878.34,1864.56,1868.75,1789.158901
1690473600,1868.75,1868.75,1855.7,1860.04,6592.625776
1690488000,1860.12,1861.27,1854.74,1860.37,646.907913
1690502400,1860.37,1864.45,1860.25,1861.02,701.605164
1690516800,1861.02,1863.53,1857.02,1858.78,926.310818
1690531200,1858.77,1867.25,1858.47,1867.25,196.571836
1690545600,1867.25,1881.96,1866.33,1874.75,4164.555207
1690560000,1874.81,1878.72,1867.01,1874.01,2953.438005
1690574400,1873.58,1876.9,1872.38,1875.32,864.243786
1690588800,1875.32,1876.64,1873.49,1873.78,271.686566
1690603200,1873.7,1876.5,1872.61,1872.62,255.088035
1690617600,1872.62,1873.75,1870.72,1870.83,198.344856
1690632000,1870.73,1874.67,1870.56,1872.84,297.551627
1690646400,1872.84,1879.05,1871.95,1878.03,297.530255
1690660800,1878.59,1885.72,1878.48,1881.15,1044.43671
1690675200,1881.16,1881.76,1878.44,1878.58,247.978251
1690689600,1878.5,1879.56,1874.43,1875.21,171.236798
1690704000,1875.06,1876.73,1873.86,1874.99,377.041094
1690718400,1875,1884.1,1872.8,1876.55,458.439147
1690732800,1876.51,1879,1859.51,1861.45,1116.240856
1690747200,1861.04,1865.23,1850.44,1861.64,1938.377496
1690761600,1861.62,1875.63,1861.05,1868.08,524.062348
1690776000,1869.17,1869.73,1863.08,1864.31,187.624973
1690790400,1864.31,1868.94,1864.31,1867.58,401.255644
1690804800,1867.59,1872.18,1856.89,1858.01,906.036393
1690819200,1858.01,1862.68,1854.24,1855.49,2055.639129
1690833600,1855.5,1859.96,1852,1855.91,1000.66981
1690848000,1855.92,1863.76,1815.18,1825.62,2252.117686
1690862400,1825.62,1835.26,1821.31,1833.66,1171.973511
1690876800,1833.66,1836,1829.52,1830.12,1395.743737
1690891200,1830.12,1835.17,1822.71,1832.72,2851.380175
1690905600,1833.51,1855.55,1828.7,1850.03,4668.404559
1690920000,1850.09,1874,1846,1873.19,5155.666344
1690934400,1873.04,1878.88,1862.34,1862.34,2182.52455
1690948800,1862.34,1863.67,1855.11,1855.37,1716.156408
1690963200,1855.16,1859.58,1852.5,1858.69,1480.668961
1690977600,1858.69,1859.69,1833.19,1841.1,3311.890394
1690992000,1840.68,1845.69,1819.31,1841.03,6056.719746
1691006400,1840.59,1844.56,1836.68,1839.09,1843.70156
1691020800,1838.6,1844.59,1836.23,1839.63,1497.324386
1691035200,1839.69,1839.87,1830.2,1830.67,1615.272734
1691049600,1830.5,1836.33,1824.08,1835.61,3024.851288
1691064000,1835.25,1847.28,1831.55,1838.45,1634.069998
1691078400,1838.48,1857.14,1837.26,1843.83,7851.064099
1691092800,1843.39,1851.23,1829.37,1834.42,2388.774634
1691107200,1834.1,1837.61,1826.58,1832.39,1003.680321
1691121600,1832.66,1836.06,1829.51,1835.9,1078.731274
1691136000,1835.89,1838.38,1831.63,1833.51,1380.092962
1691150400,1832.8,1849.56,1828.9,1845.72,5723.705399
1691164800,1846.11,1846.69,1825.17,1828.96,3131.799221
1691179200,1828.26,1831.39,1811.82,1827.53,1789.862744
1691193600,1827.51,1830.39,1825,1829.55,624.168192
1691208000,1829.55,1830.47,1826.31,1828.27,133.681188
1691222400,1828.27,1832.24,1827.21,1830.65,573.218542
1691236800,1830.66,1834.87,1828.26,1831.17,1571.226897
1691251200,1831.17,1836.34,1829,1833.12,520.555165
1691265600,1833.13,1836.44,1832.18,1834.56,150.400565
1691280000,1834.56,1836.19,1831.46,1831.55,109.006767
1691294400,1832.19,1834.51,1830.09,1832.94,238.272468
1691308800,1832.93,1835.13,1826.44,1830.13,312.491093
1691323200,1829.83,1830.47,1823.6,1826.59,1239.134658
1691337600,1826.72,1833.4,1825.65,1829.27,921.960941
1691352000,1829.26,1834.44,1825.03,1827.09,447.191013
1691366400,1827.11,1843.09,1823.27,1834.7,2390.249336
1691380800,1834.7,1838.1,1828.84,1832.96,551.994589
1691395200,1832.96,1833.29,1828.92,1830.78,411.645144
1691409600,1830.78,1832.84,1812.58,1815.75,4574.498125
1691424000,1815.37,1829,1800.59,1823.69,7419.245461
1691438400,1823.57,1828.3,1821.18,1827.04,906.353637
1691452800,1827.04,1832.85,1824.19,1827.76,798.053274
1691467200,1827.92,1835.93,1827.66,1827.9,1139.002934
1691481600,1827.95,1836.88,1827.64,1836.88,376.653969
1691496000,1837.2,1846.55,1834,1842.22,2794.635459
1691510400,1842.12,1870,1842.12,1858.49,6177.991484
1691524800,1858.48,1876.46,1854.28,1855.53,3188.792596
1691539200,1855.56,1860.16,1852.29,1854.11,1656.909237
1691553600,1854.05,1861.5,1852.93,1860.93,2208.701992
1691568000,1860.69,1864.67,1857.5,1861.84,761.191899
1691582400,1861.84,1870.35,1850.35,1851.76,3924.281401
1691596800,1851.76,1853.75,1845.02,1846.92,2809.017606
1691611200,1846.94,1857.1,1846.25,1854.07,1847.941563
1691625600,1854.07,1856.65,1851.34,1851.34,660.223345
1691640000,1851.34,1853.14,1848.43,1848.83,848.235051
1691654400,1848.82,1852.75,1848.47,1848.64,799.746727
1691668800,1848.64,1864.02,1846.39,1851.6,3514.378866
1691683200,1851.59,1852.09,1844.16,1847.83,1783.921296
1691697600,1847.64,1851.54,1847.02,1850.76,872.033681
1691712000,1850.73,1853.32,1842.1,1844.3,758.495628
1691726400,1844.29,1848.46,1844.29,1847.14,401.158438
1691740800,1847.14,1849.54,1842.99,1849.54,795.606585
1691755200,1849.54,1856.12,1842.52,1843.65,1975.997088
1691769600,1843.65,1846.63,1835.86,1842.32,2979.727806
1691784000,1842.63,1848.77,1842,1847.26,559.690485
1691798400,1847.15,1851.79,1846.45,1846.5,726.836303
1691812800,1846.57,1849.6,1845.71,1849.22,720.347606
1691827200,1849.22,1850.06,1847.63,1849.64,706.30378
1691841600,1849.64,1852.6,1849.41,1849.82,579.771211
1691856000,1849.82,1851.76,1846.57,1846.64,313.417497
1691870400,1846.64,1850.08,1845.61,1849.12,1175.555654
1691884800,1849.12,1850.61,1848.18,1848.8,334.827848
1691899200,1848.91,1848.91,1846.37,1848.72,127.834683
1691913600,1848.99,1850.14,1848.15,1848.68,157.553284
1691928000,1848.68,1850.62,1846.31,1847.37,385.931115
1691942400,1847.36,1860.09,1845.43,1857.09,1110.471465
1691956800,1857.68,1858.64,1833.57,1839.48,1867.024753
1691971200,1839.47,1845.95,1834.11,1843.95,2057.196976
1691985600,1844.33,1849.29,1844.33,1847.74,388.790374
1692000000,1847.69,1849.32,1842,1845.54,2347.721453
1692014400,1845.58,1853.69,1842,1851.26,1780.224778
1692028800,1851.54,1853.69,1837.43,1839.64,4230.538761
1692043200,1839.64,1844.8,1838.91,1843.95,1149.345147
1692057600,1843.95,1845.22,1841.39,1842.4,638.694741
1692072000,1842.4,1842.4,1838.66,1841.18,301.233498
1692086400,1841.19,1842.59,1836.68,1837.77,304.720533
1692100800,1837.77,1843.08,1835.73,1837.79,1127.169553
1692115200,1837.79,1840.57,1811.67,1827.11,3343.880957
1692129600,1826.9,1829.81,1823.66,1826.88,713.62779
1692144000,1826.88,1828.75,1826.11,1826.68,503.784986
1692158400,1826.63,1826.92,1817.62,1825.29,3833.19482
1692172800,1825.28,1825.29,1818.52,1823,726.259907
1692187200,1823,1825.62,1817.35,1818.22,1346.879395
1692201600,1818.21,1826.66,1813.86,1818.98,2854.075537
1692216000,1818.64,1820.7,1795.46,1805.56,7996.338908
1692230400,1805.57,1807.61,1778.6,1796.51,4105.139399
1692244800,1795.87,1800.95,1795.28,1797.62,872.533987
1692259200,1797.41,1797.68,1782.41,1785.59,1341.704979
1692273600,1785.58,1790.16,1726.42,1737.75,10888.993505
1692288000,1737.65,1746.79,1719.19,1736.25,5477.834376
1692302400,1736.14,1737.59,1517.07,1682.29,27678.459527
1692316800,1682.29,1699.51,1672.63,1676.59,3615.299586
1692331200,1677.07,1696.44,1660.85,1689.55,2717.008028
1692345600,1689.69,1695.37,1677.91,1684.73,2346.971777
1692360000,1684.98,1685.59,1657.44,1658.85,3535.914279
1692374400,1658.91,1677.14,1641.32,1655.18,6062.898002
1692388800,1656.63,1668.63,1655.1,1660.85,2957.089899
1692403200,1661.23,1670.78,1656.62,1659.03,1670.221434
1692417600,1659.07,1662.62,1653.88,1660.22,251.734966
1692432000,1660.32,1664.57,1659.05,1659.75,749.659219
1692446400,1660.03,1683.14,1657.98,1682.79,1512.238514
1692460800,1683.3,1695.99,1675.25,1677.27,1571.434476
1692475200,1677.27,1678.3,1664.11,1669.56,571.07624
1692489600,1669.56,1674.03,1664.82,1668.16,1704.052238
1692504000,1668.08,1669.79,1662.04,1665.64,686.512676
1692518400,1665.64,1675.52,1663.67,1675.05,1305.228965
1692532800,1675.1,1678.91,1664.1,1670.4,1365.622986
1692547200,1670.55,1678.77,1666.76,1678.15,1551.802474
1692561600,1678.16,1693.4,1678.16,1685.35,2455.373426
1692576000,1685.29,1685.44,1675.42,1677.24,1612.13481
1692590400,1677.25,1686.98,1669.12,1671.12,2495.376046
1692604800,1671.12,1674,1660.95,1671.96,1766.662224
1692619200,1671.96,1682.64,1649.98,1657.94,2926.203656
1692633600,1657.3,1674.98,1656.55,1671.88,1327.64008
1692648000,1671.89,1675.85,1666.3,1667.07,1959.965405
1692662400,1667.07,1669.05,1661.84,1664.01,1612.193946
1692676800,1664.01,1666.13,1660.87,1665.83,884.057031
1692691200,1665.83,1667.04,1660.04,1661.78,1256.59015
1692705600,1661.74,1666.29,1645.49,1649.37,2704.929756
1692720000,1648.89,1649.98,1618.82,1624.69,6363.497768
1692734400,1624.54,1638.69,1580.71,1633.24,5152.34443
1692748800,1634.41,1640.58,1629.09,1631.78,693.73805
1692763200,1630.95,1655.7,1629.99,1644.1,982.118504
1692777600,1644.66,1647.72,1640.09,1642.18,2498.386591
1692792000,1642,1658.8,1633.99,1656.49,5049.752559
1692806400,1656.65,1698.48,1655.2,1686.53,4916.469299
1692820800,1686.27,1692.19,1659.46,1679.1,2165.792053
1692835200,1679.1,1682.74,1672.67,1675.23,885.062982
1692849600,1675.53,1678.8,1672.51,1674.41,675.365584
1692864000,1674.41,1676.97,1665.35,1667.66,878.687826
1692878400,1667.3,1668.84,1641.66,1642.99,2837.573159
1692892800,1642.44,1655.5,1635.56,1648.43,3383.013442
1692907200,1648.56,1663.65,1643.52,1660.45,1460.09681
1692921600,1660.46,1663.54,1646.09,1654.97,2319.443705
1692936000,1655.01,1655.33,1646.8,1650.26,509.355092
1692950400,1650.69,1657.69,1650.43,1653.68,395.933769
1692964800,1653.69,1675.24,1635.77,1646.01,5393.999964
1692979200,1645.46,1654.24,1635.29,1645.99,2494.166064
1692993600,1645.95,1654.46,1644.98,1652.97,1994.709386
1693008000,1653,1654.73,1651.13,1653.9,972.926878
1693022400,1653.83,1653.93,1650.33,1651.94,362.472286
1693036800,1651.95,1652.8,1646.52,1649.46,391.713273
1693051200,1649.67,1651.82,1646.01,1650.66,492.350925
1693065600,1650.67,1650.81,1643.24,1645.55,512.95066
1693080000,1645.14,1649.58,1645.05,1646.31,133.623959
1693094400,1646.34,1649.66,1645.64,1646.53,929.547112
1693108800,1646.55,1654.16,1646.55,1647.99,345.868338
1693123200,1648.09,1651.97,1647.56,1648.78,154.942623
1693137600,1648.78,1658.65,1648.29,1654.43,775.626952
1693152000,1654.43,1659.25,1650.19,1655.38,1590.06938
1693166400,1655.28,1658.45,1650.49,1657.7,283.681354
1693180800,1657.69,1657.7,1648.01,1648.86,401.457417
1693195200,1648.94,1651.1,1636.84,1640.34,1090.782648
1693209600,1640.68,1642.53,1621.07,1639.13,1498.355364
1693224000,1639.31,1662.82,1639.04,1646.89,2777.208833
1693238400,1648.04,1653.46,1637.99,1646.14,2080.262334
1693252800,1645.64,1655.43,1643.76,1652.39,908.698572
1693267200,1652.34,1660.87,1650.23,1651.55,1421.456614
1693281600,1651.69,1652.82,1644.84,1647.13,666.111798
1693296000,1646.83,1647.17,1639.14,1641.4,325.761949
1693310400,1641.4,1738.93,1639.24,1714.64,12646.096919
1693324800,1714.64,1747.2,1709.46,1735.81,4856.931061
1693339200,1735.64,1742,1723.45,1729.46,3612.714495
1693353600,1729.35,1731.59,1713.6,1718.69,3361.75898
1693368000,1718.69,1721.39,1716.09,1716.91,1129.915349
1693382400,1716.91,1720.37,1711.25,1715.74,1761.37916
1693396800,1715.93,1722,1696.06,1703.43,3956.825554
1693411200,1703.43,1704.75,1696.23,1701.63,3737.304843
1693425600,1701.63,1707.47,1701.47,1705.12,989.945753
1693440000,1705.29,1705.29,1697.3,1698.56,4882.218746
1693454400,1698.56,1706.65,1698.56,1705.99,1579.649917
1693468800,1705.99,1723.38,1704,1713.62,2298.639191
1693483200,1713.62,1714.13,1676.87,1688.66,4338.994618
1693497600,1688.81,1689.03,1643.67,1656.94,5882.777227
1693512000,1656.53,1656.65,1630,1645.79,3792.217676
1693526400,1645.79,1654,1645.18,1651.67,3862.765231
1693540800,1651.68,1652.51,1642.98,1645.33,1543.328125
1693555200,1645.43,1647.64,1641,1646.42,3367.650145
1693569600,1646.42,1651.51,1622.99,1634.06,3419.321413
1693584000,1633.71,1636.5,1600.1,1618.08,6749.77276
1693598400,1617.93,1636.26,1615.55,1628.4,2447.075039
1693612800,1628.67,1633.7,1627.69,1632.09,692.416751
1693627200,1631.8,1635.96,1630.01,1631.76,320.12604
1693641600,1631.76,1636.06,1630.16,1634.61,166.977507
1693656000,1634.51,1644.5,1633.43,1638.79,601.54849
1693670400,1639,1640.83,1629.01,1633.84,468.791756
1693684800,1633.52,1638.99,1632.9,1636.89,994.019917
1693699200,1636.89,1637.5,1632.02,1636.05,319.134285
1693713600,1636.05,1638.62,1634.29,1635.93,236.78252
1693728000,1635.91,1636,1631.59,1634.25,976.922072
1693742400,1634.29,1640.44,1629.07,1632.87,1652.15116
1693756800,1632.93,1642,1625.11,1638.72,686.321809
1693771200,1638.82,1646.97,1633.56,1635.79,706.253892
1693785600,1635.8,1643.37,1631.86,1637.41,482.754118
1693800000,1637.43,1640,1634.87,1638.7,590.407248
1693814400,1638.6,1640.01,1630.98,1631.34,840.203922
1693828800,1631.46,1634.07,1618.78,1625.23,1533.025909
1693843200,1625.71,1634.37,1625.17,1630.45,629.617472
1693857600,1630.45,1631.58,1616.21,1629.17,1401.43604
1693872000,1629.17,1630.02,1608.13,1617.25,2156.057919
1693886400,1617.51,1625.96,1617.51,1623.69,268.785599
1693900800,1623.81,1635.78,1619.98,1633.8,1722.974024
1693915200,1633.8,1646.81,1625.26,1634.84,5232.899645
1693929600,1635.55,1641.91,1631.74,1631.75,3608.007436
1693944000,1632.23,1634,1626.58,1633.46,3531.440384
1693958400,1633.46,1639.15,1631.33,1632.91,1096.520991
1693972800,1632.58,1632.94,1626.9,1628.22,921.088282
1693987200,1628.42,1635.5,1628.39,1631.56,835.558596
1694001600,1631.87,1634.15,1619.15,1622.71,2149.094686
1694016000,1622.71,1668.43,1609.06,1630.07,11896.765034
1694030400,1630.02,1633.97,1626.98,1632.29,1526.297728
1694044800,1632.3,1639.18,1630.99,1639.18,1063.641696
1694059200,1639.37,1640.94,1634.33,1634.58,2296.134597
1694073600,1634.57,1634.57,1625.29,1626.26,738.917522
1694088000,1626.29,1632.44,1623.02,1629.53,1825.518682
1694102400,1629.4,1640.42,1628.84,1636.5,2966.335074
1694116800,1636.5,1669.36,1635.18,1647.55,4972.520251
1694131200,1647.56,1656.91,1643.3,1645.8,2374.036381
1694145600,1645.8,1652.78,1642.8,1645.77,773.856305
1694160000,1645.42,1646.45,1616.22,1625.12,1721.7164
1694174400,1625.12,1633.76,1624,1627.99,1610.640907
1694188800,1628.25,1634.42,1624.35,1633.82,1834.117339
1694203200,1633.82,1638.22,1630.34,1636.2,6066.89545
1694217600,1636.2,1636.57,1633.17,1634.27,577.026366
1694232000,1634.19,1635.17,1631.7,1634,574.728267
1694246400,1634.1,1635.58,1633.11,1634.81,211.27619
1694260800,1634.87,1636.63,1629.73,1634.89,580.641146
1694275200,1634.91,1636.95,1631.98,1633.78,395.005124
1694289600,1633.78,1636.68,1633.35,1635.39,213.73065
1694304000,1635.38,1635.58,1628,1631.04,441.098367
1694318400,1630.74,1630.74,1619,1624.86,902.191809
1694332800,1624.86,1626.42,1620,1624.34,460.430824
1694347200,1624.35,1627.8,1609.84,1619.3,961.518163
1694361600,1619.16,1619.16,1600.66,1616.92,1348.432525
1694376000,1616.52,1627.26,1614.34,1616.84,1000.32393
1694390400,1616.58,1618.33,1604.04,1611.72,1043.236041
1694404800,1611.71,1617.3,1607.72,1611.55,1113.952669
1694419200,1611.55,1612.03,1576.54,1586.22,2960.071469
1694433600,1586.22,1597.37,1550,1562.35,7418.101737
1694448000,1561.95,1567.39,1536.86,1538.35,4781.932036
1694462400,1538.35,1551.6,1530.85,1551.51,3450.884153
1694476800,1551.51,1593.6,1549.53,1584.16,3846.262894
1694491200,1584.6,1591.61,1574.31,1579.71,2033.928415
1694505600,1580.02,1624.44,1576.27,1609.12,2232.199724
1694520000,1609.18,1612.63,1595.33,1603.7,2340.182919
1694534400,1603.72,1620.37,1585.14,1599.02,2755.904986
1694548800,1598.38,1604.04,1591.34,1593.05,1339.518807
1694563200,1593.07,1600.64,1587.07,1589.47,988.291399
1694577600,1589.47,1603.2,1582,1583.68,1083.870289
1694592000,1583.69,1606.88,1583.69,1603.72,533.127509
1694606400,1604.24,1618.16,1591.87,1608.32,7405.139073
1694620800,1608.32,1615.57,1596.05,1600,1823.00643
1694635200,1600.01,1610,1600,1608,1064.902197
1694649600,1607.97,1638.27,1607.95,1620.08,3709.690006
1694664000,1620.09,1625,1613.17,1621.66,2267.892705
1694678400,1621.66,1626.71,1617.73,1625.42,1276.409998
1694692800,1624.84,1644.99,1617.83,1634.97,3921.408156
1694707200,1634.97,1643.76,1627.6,1636.12,2841.130523
1694721600,1636.24,1637.25,1625.54,1626.49,1361.780378
1694736000,1626.49,1635.87,1623.32,1634.51,2295.663133
1694750400,1634.51,1636.22,1627.7,1627.88,631.380494
1694764800,1628.06,1631.1,1619.27,1620.2,1005.354793
1694779200,1621.08,1624.81,1612.23,1619.5,3704.070658
1694793600,1619.5,1622.98,1617.88,1621.57,3240.413978
1694808000,1621.57,1652.6,1619.75,1641.25,2076.225833
1694822400,1641.42,1652.54,1640.11,1642.39,2242.538545
1694836800,1642.39,1642.47,1635.75,1637.46,344.807131
1694851200,1637.45,1639.07,1631.92,1635.76,287.285245
1694865600,1636.11,1639.07,1632.58,1636.04,366.140468
1694880000,1636.04,1639.63,1633.33,1634.42,344.122369
1694894400,1634.41,1638.21,1633.34,1635.21,184.152368
1694908800,1635.22,1635.22,1620.45,1629.72,1832.706996
1694923200,1629.72,1632.07,1628.24,1628.86,213.526472
1694937600,1628.86,1635.59,1628.85,1630.85,291.721023
1694952000,1630.86,1632.46,1628.23,1630.13,176.518738
1694966400,1630.13,1630.13,1619.21,1626.15,529.244077
1694980800,1626.19,1627.11,1613.27,1623.2,987.193217
1694995200,1623.21,1636.81,1605.99,1629.65,1396.507406
1695009600,1630.14,1638.09,1627.48,1632.9,877.972407
1695024000,1634.24,1657.49,1631.74,1655,2710.859841
1695038400,1655,1669.01,1651.25,1655.75,2613.801443
1695052800,1655.76,1658.59,1633.88,1641.35,2074.323269
1695067200,1641.49,1642.51,1636.2,1637.34,913.947771
1695081600,1637.34,1639.78,1627.67,1634.98,700.261506
1695096000,1634.97,1638.82,1633.15,1636.78,399.485785
1695110400,1637.03,1660.36,1636.54,1647.96,1190.453444
1695124800,1647.96,1658.58,1635.57,1656.08,1499.834419
1695139200,1657.07,1659.86,1641.32,1644.78,3453.880061
1695153600,1644.78,1644.78,1637.49,1643.49,2526.817152
1695168000,1643.5,1649.28,1636.36,1638.01,2197.159022
1695182400,1638.05,1639.25,1631.36,1634.51,2583.025349
1695196800,1634.57,1638.21,1619.3,1630,2119.667959
1695211200,1630.04,1634.11,1621.44,1629.46,1678.488585
1695225600,1629.46,1639.84,1606.1,1616.32,2556.803878
1695240000,1616.27,1629.32,1615.39,1622.72,893.02801
1695254400,1622.72,1625.05,1614.01,1623,2614.438905
1695268800,1623,1624.55,1616.8,1618.1,1409.157167
1695283200,1618.09,1622.1,1589.89,1594.57,3974.398718
1695297600,1595.06,1596.97,1568.39,1583.98,4934.753324
1695312000,1583.84,1592.6,1581.96,1590.13,1968.109434
1695326400,1590.12,1590.35,1583.82,1584.25,1315.557133
1695340800,1584.25,1595.31,1577.53,1594.22,1837.533718
1695355200,1594.78,1596.52,1587.24,1595.35,680.871271
1695369600,1595.35,1601.89,1593.17,1596.92,1133.407281
1695384000,1596.93,1600,1593.33,1593.55,1489.154739
1695398400,1593.55,1598.92,1587.1,1592.14,1835.356434
1695412800,1592.86,1595.15,1589.44,1593.07,912.964275
1695427200,1593.24,1598,1590.51,1591.82,2101.132974
1695441600,1591.52,1595.89,1590.09,1594.57,254.581063
1695456000,1594.91,1594.91,1591.4,1593.53,170.107459
1695470400,1593.41,1595,1588.21,1591.06,696.239382
1695484800,1591.06,1595,1589,1594.9,721.235767
1695499200,1594.9,1595.69,1590.35,1593.43,610.088969
1695513600,1593.43,1594.97,1591.35,1592.43,630.265796
1695528000,1592.42,1593.33,1591.64,1592.18,206.134597
1695542400,1592.17,1596.22,1592.08,1594.41,624.843614
1695556800,1594.42,1596.17,1589.24,1591.03,604.557662
1695571200,1591.03,1600.5,1578.6,1586.51,2218.887161
1695585600,1586.5,1590.79,1571.33,1580.91,1231.39996
1695600000,1580.9,1586.72,1563.63,1578,1816.388677
1695614400,1577.99,1581.78,1572.72,1580.86,1677.268973
1695628800,1580.91,1582.18,1565.64,1568.28,1611.175283
1695643200,1568.67,1589.35,1564.11,1584.13,2118.040995
1695657600,1583.66,1596.17,1583.66,1591.77,3627.681999
1695672000,1591.92,1595.89,1584.36,1588.32,1963.917382
1695686400,1588.33,1594.07,1585.96,1591.85,982.629411
1695700800,1591.84,1594.7,1587.34,1588.96,1120.894864
1695715200,1588.96,1598.03,1585.33,1591.15,1215.015566
1695729600,1591.16,1593.4,1579.8,1582.8,1374.057489
1695744000,1582.81,1592.47,1581.44,1588.94,1486.977373
1695758400,1588.9,1594.57,1583.53,1593.37,991.965735
1695772800,1593.55,1596.55,1589.3,1595.28,810.657114
1695787200,1595.88,1596.66,1590.01,1591.27,954.618789
1695801600,1591.2,1633.79,1589.37,1627.99,3479.993114
1695816000,1628.59,1630.35,1591.6,1600.15,4593.896905
1695830400,1600.15,1602.14,1583.59,1596.6,2145.193723
1695844800,1596.7,1598.52,1592.42,1597.61,1282.651877
1695859200,1597.75,1614.14,1597.09,1605.19,2472.893059
1695873600,1605.2,1620.05,1603.35,1617.23,2578.618576
1695888000,1618,1635.69,1613.87,1622.51,3484.533005
1695902400,1622.51,1653.51,1620.57,1653.31,5193.242274
1695916800,1652.35,1667.5,1645.54,1656.56,5520.542411
1695931200,1658.69,1660.93,1644.2,1652.83,1282.922138
1695945600,1652.84,1658.67,1648.73,1651.12,1833.324172
1695960000,1651.69,1687.99,1649.86,1685.94,2992.435049
1695974400,1685.78,1686.3,1667.31,1668.24,3335.626113
1695988800,1668.75,1683.08,1657.28,1672.03,3704.181521
1696003200,1671.94,1672.84,1657.4,1664.97,3554.800972
1696017600,1664.92,1670.67,1664.27,1667.9,834.805408
1696032000,1667.9,1672,1666.47,1670.31,700.299947
1696046400,1670.31,1675.19,1670.1,1672.25,174.824011
1696060800,1672.78,1679.21,1671.95,1676.04,379.563757
1696075200,1676.04,1693.66,1673.41,1683.29,1734.733438
1696089600,1683.51,1686.29,1675.01,1679.59,832.961186
1696104000,1679.59,1683.16,1667.41,1671.01,711.862713
1696118400,1671.01,1677.27,1671,1674.11,1736.16742
1696132800,1674.11,1680.23,1673.57,1679.21,748.782316
1696147200,1679.21,1692.68,1677.07,1689.69,5162.23697
1696161600,1689.69,1691.49,1679.88,1684.28,1156.281315
1696176000,1684.28,1684.66,1671.49,1676.63,886.012904
1696190400,1676.66,1756,1668.2,1733.57,8061.089078
1696204800,1733.75,1735.37,1718.71,1729.65,1910.405674
1696219200,1729.71,1733.88,1713.91,1730.64,2413.473033
1696233600,1730.95,1743.62,1725.51,1726,2844.701281
1696248000,1725.56,1733.8,1689.04,1693.17,8843.01787
1696262400,1692.47,1693.94,1638,1674.17,8464.484017
1696276800,1674.41,1674.5,1635.99,1663.05,5127.473934
1696291200,1662.71,1668.05,1660,1665.66,3911.770314
1696305600,1665.82,1670.46,1662.2,1662.67,1347.252538
1696320000,1662.9,1666.84,1650.21,1655.9,1054.459521
1696334400,1655.9,1662.86,1644,1648.87,4593.227832
1696348800,1648.24,1657.94,1647,1650.47,2837.567922
1696363200,1650.63,1659.45,1646.88,1657,1399.963192
1696377600,1656.99,1657.57,1585.85,1642.11,4634.567975
1696392000,1642.03,1644.78,1636.37,1644.69,1336.79674
1696406400,1644.78,1651.94,1643.96,1646.08,799.646969
1696420800,1646.5,1649.79,1628.63,1633.37,2846.615053
1696435200,1633.26,1654.25,1632.06,1643.08,3313.421752
1696449600,1643.09,1652.06,1641.12,1647.7,1804.412202
1696464000,1646.72,1654.52,1642.42,1642.99,1018.036863
1696478400,1642.54,1645.96,1632.48,1635.98,451.306838
1696492800,1636.14,1641.57,1635.16,1636.73,593.724844
1696507200,1636.8,1649.8,1607.4,1618.76,5856.032116
1696521600,1618.75,1621.71,1609.75,1616.55,2617.329389
1696536000,1616.92,1619.82,1611.01,1611.4,1012.292631
1696550400,1612.41,1625,1612.13,1624.3,1410.092547
1696564800,1624.42,1633.02,1619.51,1630.66,1611.567348
1696579200,1630.66,1639.26,1629.5,1635.03,1475.159954
1696593600,1634.89,1649.32,1612.11,1643.36,5439.80112
1696608000,1643.36,1654.99,1634.65,1646.93,3996.360935
1696622400,1647.96,1664,1644.1,1645.85,2441.744128
1696636800,1645.97,1648.45,1641,1642.17,1871.644437
1696651200,1642.3,1644.04,1637.47,1637.71,245.710064
1696665600,1637.69,1643.74,1637.51,1639.33,165.512735
1696680000,1639.48,1643.74,1636.89,1639.6,580.757612
1696694400,1639.66,1640.46,1631.36,1631.52,680.595917
1696708800,1631.55,1636.75,1631.32,1634.68,233.070314
1696723200,1634.68,1641.69,1634.32,1639.81,353.554962
1696737600,1639.82,1640.63,1626.58,1629.59,368.976443
1696752000,1629.67,1630.58,1617.88,1618.3,1604.633691
1696766400,1618.68,1637.18,1618,1632.44,1591.194043
1696780800,1632.43,1639.19,1630.51,1636.4,623.669916
1696795200,1636.6,1638.99,1628.32,1633.64,345.847056
1696809600,1633.53,1635.99,1624.39,1633.86,1041.859444
1696824000,1634.64,1635.42,1618.1,1620.99,1374.571757
1696838400,1621,1621.77,1586.46,1590.81,5099.097917
1696852800,1590.51,1597.39,1584,1586.31,5637.927132
1696867200,1586.32,1586.9,1549,1581.27,7118.202303
1696881600,1581.28,1583.63,1574.51,1580.09,1148.970923
1696896000,1579.9,1590.74,1576.11,1584.59,5171.417768
1696910400,1584.61,1593.4,1582.46,1590.15,1695.887988
1696924800,1590.42,1594.16,1578.39,1579.66,1217.251401
1696939200,1579.35,1587.8,1564.38,1568.16,1949.02578
1696953600,1568.22,1572.97,1558.08,1565.79,3247.695173
1696968000,1565.86,1569.85,1550.97,1567.39,1453.473902
1696982400,1567.59,1575.95,1542.25,1557.09,3116.022251
1696996800,1557.01,1561.63,1549.39,1557.09,3143.32203
1697011200,1557.09,1578.05,1556.47,1572.6,2308.035738
1697025600,1572.61,1576.54,1555.18,1559.71,7359.635466
1697040000,1559.26,1565.8,1548.94,1562.65,3195.5594
1697054400,1562.71,1568.83,1560.41,1566.56,2730.00496
1697068800,1565.93,1567.67,1556.19,1561.37,2937.851564
1697083200,1561.36,1566.49,1557.7,1558.91,580.724073
1697097600,1560.11,1560.4,1535.88,1551.81,1848.000167
1697112000,1551.69,1553.42,1539.1,1541,3738.15285
1697126400,1541.29,1544.26,1521.45,1531.3,4444.362767
1697140800,1531.29,1539.98,1530.24,1539.37,912.38574
1697155200,1539.37,1546.68,1537.7,1538.45,913.772336
1697169600,1538.45,1553.23,1538.44,1548.93,1999.954547
1697184000,1549.27,1552.12,1542.56,1545.86,4291.892682
1697198400,1546.14,1553.1,1537.2,1539.96,2690.413576
1697212800,1539.24,1548.83,1539.05,1545.49,2642.295615
1697227200,1545.32,1574.01,1543.25,1552.06,2351.206925
1697241600,1552.16,1556.48,1549.34,1553.87,808.547761
1697256000,1553.89,1554.97,1545.62,1547.86,558.786587
1697270400,1547.89,1549.4,1545.61,1547.22,452.430442
1697284800,1547.21,1557.76,1546.23,1556.54,794.799539
1697299200,1556.48,1558.17,1552.79,1555.67,521.407919
1697313600,1555.49,1561.18,1554.08,1555.01,161.734362
1697328000,1555.07,1557.71,1550.31,1554.86,560.495383
1697342400,1554.44,1555.09,1552.66,1554.28,167.739053
1697356800,1554.75,1559.59,1554.75,1555.85,408.896626
1697371200,1555.86,1559.43,1550,1554.26,457.641177
1697385600,1554.27,1564.9,1551.03,1560.36,1218.873208
1697400000,1560.37,1566.52,1553.17,1558.04,1404.650816
1697414400,1558.03,1566.65,1555.65,1563.3,1369.279167
1697428800,1563.23,1588.51,1560.72,1579.44,5289.838926
1697443200,1579.44,1586.87,1576.07,1583.08,1361.32737
1697457600,1583.08,1669.98,1568.46,1578.29,13337.955945
1697472000,1578.08,1603,1574.12,1589.95,3993.008445
1697486400,1590.43,1605,1579.3,1600.25,4434.113832
1697500800,1600.17,1601.28,1589.57,1589.93,2118.454076
1697515200,1589.92,1592.15,1584,1590.78,439.543215
1697529600,1590.32,1594.27,1584.01,1585.18,528.610251
1697544000,1585.22,1586.21,1565.95,1576.44,2429.469922
1697558400,1576.37,1580.92,1553.25,1564.78,3642.941115
1697572800,1564.72,1566.28,1558.27,1565.56,2151.50782
1697587200,1565.95,1571.86,1563.75,1568.61,1127.576695
1697601600,1568.75,1582.11,1567.34,1572.99,1819.19642
1697616000,1572.62,1585.68,1570.51,1579.7,1198.682459
1697630400,1579.71,1582.53,1569.65,1571.2,1238.409091
1697644800,1570.8,1575.02,1563.37,1563.37,1473.627704
1697659200,1563.48,1566.06,1556.19,1563.75,4543.430293
1697673600,1563.75,1567.34,1542.64,1548.8,2279.049044
1697688000,1549.06,1553.57,1546.3,1552.27,779.263693
1697702400,1552.23,1555.57,1542,1554.22,1503.5517
1697716800,1554.26,1565.78,1551.69,1561.75,3504.462016
1697731200,1562.05,1573.75,1560.6,1569.3,2593.330865
1697745600,1568.76,1573.41,1563.92,1567.64,1337.435103
1697760000,1567.64,1594.87,1562.01,1587.4,3821.864402
1697774400,1587.7,1589.64,1579.71,1584.34,1221.727032
1697788800,1584.03,1630.49,1584.03,1613.99,6965.92142
1697803200,1614,1617.18,1599,1605.58,18102.254204
1697817600,1605.59,1610.25,1598.32,1607.7,2406.963622
1697832000,1607.17,1610.52,1603.25,1604.57,3983.30737
1697846400,1604.57,1607.01,1593.32,1598.22,2993.308889
1697860800,1598.23,1607.79,1597.99,1607.16,2858.381617
1697875200,1607.74,1609.85,1603.86,1609.04,568.958774
1697889600,1609.04,1629.9,1604.31,1629.68,2163.086873
1697904000,1629.08,1644.15,1621.14,1636.03,3403.487234
1697918400,1636.45,1636.45,1626.62,1629.45,2715.488361
1697932800,1629.45,1640.62,1624.17,1629.99,1607.67145
1697947200,1630.45,1647.63,1625.85,1631.52,5274.574065
1697961600,1630.72,1636.12,1625.28,1628.74,3374.481266
1697976000,1628.9,1637.9,1620.43,1626.25,2269.640835
1697990400,1626.44,1640.99,1625.32,1635.83,3616.879974
1698004800,1636.08,1668,1635.07,1663.25,3441.504407
1698019200,1663.25,1700.83,1658.26,1694.78,7304.179773
1698033600,1694.79,1705.59,1670.65,1675.58,8717.133105
1698048000,1676.27,1684.16,1659.63,1676.91,2313.922404
1698062400,1677.12,1684.52,1663.54,1677.26,3336.483812
1698076800,1677.27,1713.07,1671.97,1710.24,7067.831033
1698091200,1709.7,1796.18,1704.57,1765.79,11840.117711
1698105600,1766.36,1849.24,1758.12,1808.7,14581.24
1698120000,1808.69,1836.84,1800.47,1808.58,7373.026101
1698134400,1808.26,1845.7,1806.18,1845.11,4696.049049
1698148800,1845.32,1854.56,1762.84,1777.38,12601.347505
1698163200,1778.74,1800,1756.16,1777.19,7253.183752
1698177600,1776.04,1795.71,1764.25,1784.47,7579.988661
1698192000,1785.01,1805.97,1777.33,1788.78,2889.119912
1698206400,1788.77,1795.01,1761.2,1769.26,2196.883449
1698220800,1769.3,1791.92,1760.59,1784.92,1940.770209
1698235200,1785.47,1817.12,1780.23,1807.69,6059.191761
1698249600,1807.04,1815.69,1780.65,1791.19,4186.208364
1698264000,1790.53,1796.07,1777.13,1787.71,2891.813328
1698278400,1787.71,1816.96,1780.56,1816.48,2177.581238
1698292800,1816.84,1857.79,1791.99,1850.09,4377.618414
1698307200,1849.53,1866,1804.57,1812.55,5437.169093
1698321600,1812.31,1824.65,1767,1778.21,8170.634482
1698336000,1778.2,1793.98,1762.17,1792.56,5216.591202
1698350400,1792.63,1811.14,1790.84,1803.93,2928.379326
1698364800,1803.94,1804.16,1773.45,1790.5,3674.576432
1698379200,1791.05,1796.49,1776.56,1776.56,1703.239242
1698393600,1776.57,1791.15,1775.72,1781.4,1822.20141
1698408000,1781.25,1800.13,1770.37,1783,6377.390839
1698422400,1783.03,1784.85,1741.68,1773.77,5004.68397
1698436800,1774.11,1783.77,1774.11,1780,2190.615608
1698451200,1780.01,1792.89,1779.32,1790.17,1894.985683
1698465600,1790.26,1795.36,1785.72,1787.49,771.112453
1698480000,1787.57,1801.94,1786.17,1788.68,583.373327
1698494400,1788.63,1791.5,1776.64,1789.94,1339.000167
1698508800,1790.92,1790.92,1776.99,1776.99,679.762239
1698523200,1777,1783.55,1770.94,1776.7,790.217434
1698537600,1776.7,1781.93,1763.73,1775.12,677.702235
1698552000,1775.12,1784.66,1773.13,1783.51,2468.612067
1698566400,1783.51,1792.87,1783.51,1789.43,588.778586
1698580800,1789.44,1800.49,1788.89,1792.48,1062.636174
1698595200,1792.48,1807.47,1787.92,1793.53,3130.364517
1698609600,1794.07,1811.13,1792.32,1795.67,1378.186958
1698624000,1795.67,1798.47,1780.23,1783.43,1127.231542
1698638400,1783.35,1791.99,1779.22,1787.79,455.587679
1698652800,1787.61,1827.51,1785.01,1815.4,6231.753782
1698667200,1815.45,1830,1806.25,1820.08,2686.54592
1698681600,1820.09,1820.09,1779.91,1802.41,3892.36043
1698696000,1802.44,1816.64,1797.76,1810.36,1300.727016
1698710400,1810.35,1819.98,1795.05,1796.21,5796.223729
1698724800,1795.84,1805.19,1788.76,1791.7,1073.482718
1698739200,1791.37,1814,1784.61,1811.26,1909.106921
1698753600,1810.34,1813.19,1782.2,1792.33,3147.522127
1698768000,1792.33,1814.85,1788.84,1811.03,3595.045519
1698782400,1811.82,1817.09,1803.3,1815.58,1371.640763
1698796800,1815.12,1828.83,1808.24,1810.31,2692.218007
1698811200,1810.32,1810.56,1798.64,1804.52,846.125761
1698825600,1804.51,1807.68,1792.88,1799.6,2027.180887
1698840000,1799.6,1826.99,1784.61,1792.52,8229.933929
1698854400,1792.53,1850.7,1792.36,1836.08,9733.610957
1698868800,1836.55,1857.99,1836.55,1847.43,7150.476103
1698883200,1847.58,1874.99,1841.26,1858.27,2874.082573
1698897600,1858.39,1860.43,1829.82,1835,3904.692091
1698912000,1833.68,1840.55,1822,1836.88,3551.171922
1698926400,1836.83,1843.72,1802,1804.13,5282.611733
1698940800,1803.75,1812.56,1786.17,1812.56,6995.195199
1698955200,1812.71,1813.38,1793.01,1801.22,4827.183138
1698969600,1801.22,1803.18,1777.85,1800,5367.824276
1698984000,1799.47,1801.77,1789.21,1798.37,3605.117195
1698998400,1798.68,1804.4,1781.15,1790.37,1449.746774
1699012800,1790.37,1814.01,1785.42,1812.74,4189.876871
1699027200,1812.88,1824.48,1800.48,1818.08,4365.211323
1699041600,1817.98,1835.18,1815.17,1833.93,4258.319081
1699056000,1833.94,1840.19,1825.14,1835.04,2102.847989
1699070400,1835.05,1840.22,1826.6,1834.93,11925.205066
1699084800,1834.93,1848.02,1832.38,1838.92,1664.017314
1699099200,1838.86,1841.78,1829.68,1832.93,1405.341492
1699113600,1832.93,1841.93,1832.92,1836.99,1662.806525
1699128000,1836.89,1870.49,1835.67,1857.44,5566.372457
1699142400,1857.35,1894.29,1848.28,1889.33,1465.113153
1699156800,1889.7,1894.56,1877.72,1886.36,8628.138725
1699171200,1886.35,1897.48,1879.28,1889.5,5778.051249
1699185600,1889.46,1901.34,1866.82,1875.79,6161.460102
1699200000,1875.62,1912.92,1874.45,1890.03,7884.966326
1699214400,1890.03,1910.88,1858.36,1893.74,9770.861879
1699228800,1893.18,1900.76,1882.28,1889.37,2449.770891
1699243200,1889.51,1890.55,1870.99,1879.64,3514.126909
1699257600,1879.72,1899.59,1875.33,1899.28,2402.559524
1699272000,1899.28,1914.96,1890.83,1901.52,8930.874233
1699286400,1901.52,1904.16,1886.23,1902.35,6257.374934
1699300800,1902.38,1907.49,1882.37,1901.57,5904.988202
1699315200,1901.7,1903.87,1879.09,1890.88,3924.562878
1699329600,1890.9,1896.35,1886.1,1892.71,2852.909825
1699344000,1892.68,1895.5,1868.05,1873.85,6502.645489
1699358400,1874.32,1880,1859.74,1862.82,3599.664756
1699372800,1863.34,1900.76,1851.01,1895.73,6589.022931
1699387200,1895.55,1907.5,1873.98,1886.02,2812.568853
1699401600,1885.98,1893.45,1881.01,1882.95,1508.89091
1699416000,1882.94,1886.61,1873.86,1875.69,1583.752937
1699430400,1875.63,1889,1874.38,1881.57,1441.250023
1699444800,1881.59,1892.62,1881.42,1889.67,1586.461745
1699459200,1889.11,1904.37,1886.94,1898.88,5666.094715
1699473600,1899.67,1904.98,1884.24,1889.1,3998.497797
1699488000,1889.01,1925.77,1883.94,1919.94,8654.698373
1699502400,1920.13,1929.16,1910.85,1912.98,4317.183286
1699516800,1912.43,1919.74,1905.08,1913.21,10383.126392
1699531200,1913.2,2049.83,1909.8,2036.54,38877.924671
1699545600,2035.78,2047.24,1962.86,2018.69,17075.477065
1699560000,2018.89,2131.86,2011.41,2119.3,20230.431457
1699574400,2121.15,2127.96,2095.22,2120.84,8714.756088
1699588800,2120.97,2137,2099.05,2101.61,9273.59406
1699603200,2101.62,2110.71,2082.3,2097.4,10158.555675
1699617600,2098.05,2099,2065,2090.53,7860.912293
1699632000,2090.5,2103.84,2087.13,2088.48,5298.719494
1699646400,2089.82,2101.04,2070.87,2077.88,9677.336494
1699660800,2078.16,2085.72,2030.82,2047.88,6931.626075
1699675200,2047.85,2061.29,2036.34,2056.45,2568.542049
1699689600,2055.85,2066.04,2047.11,2059.7,2099.846567
1699704000,2059.05,2088.61,2054.76,2070.12,6036.106443
1699718400,2069.51,2090.99,2068.45,2075.75,10003.115795
1699732800,2075.87,2075.87,2033.46,2052.75,4658.364239
1699747200,2052.76,2054,2018,2052.14,8524.866827
1699761600,2052.24,2060.51,2045.01,2058.43,2311.18515
1699776000,2058.43,2058.92,2047.01,2047.58,1393.781253
1699790400,2047.59,2066.78,2037.01,2058.22,1983.37114
1699804800,2058.59,2060.56,2046,2048.01,3623.825432
1699819200,2048,2066.43,2032.18,2045.29,8097.205149
1699833600,2045.1,2074.93,2036.57,2040.7,6653.307109
1699848000,2040.73,2056,2030.78,2049.28,3002.673112
1699862400,2049.12,2061.19,2040.01,2048.14,4181.670924
1699876800,2047.39,2107.83,2040,2106.33,13955.504005
1699891200,2106.3,2118.66,2066.25,2101.04,13092.300126
1699905600,2101.04,2102.76,2041.81,2054.78,6717.272752
1699920000,2054.16,2058.22,2031.9,2055.96,5663.758115
1699934400,2055.57,2064.56,2048.03,2061.56,2793.185674
1699948800,2061.73,2065,2026.42,2032.38,7150.437511
1699963200,2032.57,2055,2022.1,2038.15,9453.363752
1699977600,2038.13,2053.82,1933,1978.47,27517.79487
1699992000,1979.13,1994.71,1969.21,1979.44,4260.301123
1700006400,1979.61,1991.5,1967.03,1968.39,5096.987524
1700020800,1968.46,1987.75,1968.03,1983.43,1233.434122
1700035200,1983.67,2014.51,1981.6,2012.93,2524.334783
1700049600,2014.33,2026.44,2006.36,2022.01,12738.494158
1700064000,2021.69,2052.78,2003.39,2051.75,9415.400325
1700078400,2051.94,2062.96,2037.4,2060.92,4628.91308
1700092800,2060.17,2082.17,2051.95,2053.95,3457.130719
1700107200,2053.89,2065.44,2049.23,2054.01,3020.563859
1700121600,2053.89,2092,2036.53,2069.7,8308.338152
1700136000,2069.68,2070.01,1968,1996.59,11750.985099
1700150400,1996.66,2014.27,1935.43,1964.75,18906.208743
1700164800,1963.84,1970.23,1945.53,1961.5,5530.011675
1700179200,1961.5,1991,1959.71,1984.44,6396.38437
1700193600,1984.66,1987.67,1967.95,1970.14,2198.294283
1700208000,1970.22,1981.55,1955.18,1966.15,1505.596491
1700222400,1966.26,1970.83,1912.89,1917.16,9476.385334
1700236800,1918.43,1948.91,1905.47,1938.32,6657.622754
1700251200,1939.2,1967.64,1938.15,1961.4,5502.392568
1700265600,1961.39,1961.39,1940.85,1941.65,911.686256
1700280000,1941.66,1945.6,1918.63,1936.19,2413.486983
1700294400,1936.2,1945.12,1931.92,1935.27,1173.663584
1700308800,1935.57,1955.49,1932.06,1953.31,858.657842
1700323200,1953.31,1972.14,1953.3,1964.01,1698.083518
1700337600,1964.66,1967.68,1952.04,1963.34,761.244621
1700352000,1963.34,1963.79,1945,1957.82,689.19451
1700366400,1957.14,1967.1,1954.06,1962.63,1530.990845
1700380800,1963.11,1967,1947.99,1952.01,770.82118
1700395200,1952.59,1969.7,1946.48,1967.35,884.986426
1700409600,1967.41,1985.71,1966.96,1984.62,2603.632073
1700424000,1985.71,2016.36,1977.42,2012.77,7091.478807
1700438400,2012.82,2013.94,1996.33,2000.62,3493.628133
1700452800,2000.79,2024,1995.28,2019.97,2135.045051
1700467200,2020.31,2043.17,2010.07,2026.06,10780.311916
1700481600,2026.01,2050,1995.1,2043.17,8597.724876
1700496000,2043.22,2068.25,2010.06,2038.24,26451.785376
1700510400,2038.24,2040.45,2015.89,2021.87,10333.134531
1700524800,2022.03,2035,2008.95,2019.9,3320.218667
1700539200,2019.68,2020,2002.02,2003.32,5602.56916
1700553600,2003.43,2017,2001.85,2004.42,1466.634636
1700568000,2004.43,2015.01,1952.57,1988.86,11095.917864
1700582400,1989.33,2018.44,1961.02,1986.09,8780.713601
1700596800,1986.15,2007.29,1930.54,1934.14,5554.395447
1700611200,1933.47,1979.15,1931.23,1978.93,3218.11611
1700625600,1978.94,2001.2,1977.46,1993.68,3136.184834
1700640000,1993.7,2029.05,1993.68,2015.85,4396.142491
1700654400,2015.51,2040,2011.56,2034.04,7841.083834
1700668800,2033.98,2085,2028.41,2077.18,10495.451313
1700683200,2077.24,2092,2059,2064.2,9080.679769
1700697600,2064.2,2071.83,2053.86,2059.59,3034.988706
1700712000,2059.59,2069.18,2057.25,2066.06,805.391436
1700726400,2065.97,2088.51,2044.15,2062.99,2617.235641
1700740800,2062.78,2070.12,2038.15,2043.94,2597.160614
1700755200,2042.91,2067.17,2041.52,2062.61,1568.898198
1700769600,2062.74,2077.44,2060.97,2062.76,865.486534
1700784000,2062.75,2076.88,2060.41,2064.91,1768.274221
1700798400,2064.91,2082.14,2063.57,2080.58,1002.923923
1700812800,2081.07,2126.34,2076.51,2098.19,9851.779949
1700827200,2097.46,2132.95,2097.34,2118.12,6033.392197
1700841600,2117.14,2126.36,2080.45,2088.33,4555.296666
1700856000,2088.01,2097.01,2065,2081.28,2303.234019
1700870400,2081.27,2090.83,2074.67,2088.38,2559.170552
1700884800,2088.41,2091.09,2082.82,2089.93,1983.546853
1700899200,2089.93,2091.48,2067.27,2071.36,870.261454
1700913600,2071.37,2080.38,2068.36,2078.24,995.430738
1700928000,2078.24,2084.56,2075.05,2083.79,1167.498411
1700942400,2083.64,2086.96,2081.43,2083.76,858.229361
1700956800,2083.83,2084.42,2068.71,2076.74,1302.419392
1700971200,2076.71,2091.63,2072.22,2089.91,814.407462
1700985600,2089.9,2094.67,2083.55,2085.15,1300.461218
1701000000,2085.16,2089.67,2062.27,2066.5,2727.362707
1701014400,2065.67,2069.29,2037.71,2056.84,9231.591725
1701028800,2056.38,2081.53,2055.61,2062.85,2089.232537
1701043200,2062.84,2071.73,2040,2048.53,2522.897463
1701057600,2048.53,2054.64,2031.93,2045.5,1324.727838
1701072000,2045.43,2052.68,2018.26,2026.21,2234.402458
1701086400,2025.37,2030.1,1996.27,2002.72,9707.754407
1701100800,2002.88,2024.35,1986.01,1994.56,9137.732298
1701115200,1994.35,2029.06,1987.81,2027.19,3975.095443
1701129600,2027.44,2039.53,2020.69,2027.28,5057.481151
1701144000,2027.5,2029.62,1996.16,2014.67,3691.47295
1701158400,2014.67,2028.49,2005.07,2028.28,2350.914553
1701172800,2028.28,2041.37,2019.9,2036.57,1883.796891
1701187200,2036.58,2076.44,2036.24,2060.15,9027.639466
1701201600,2059.78,2065.64,2044.45,2049.41,3332.543674
1701216000,2048.91,2058.61,2040.77,2053.41,1258.699885
1701230400,2053.56,2064.12,2049.59,2057.88,1036.09937
1701244800,2058.03,2075,2046.7,2053.85,1648.510282
1701259200,2053.88,2062.33,2021.54,2033.01,5620.970088
1701273600,2031.83,2042.27,2020.74,2039.04,2224.530846
1701288000,2038.99,2040.27,2020.04,2029.53,1407.87169
1701302400,2029.4,2040.56,2023.41,2040.28,1305.5228
1701316800,2040.12,2044,2031.95,2035.93,737.306252
1701331200,2035.96,2046.76,2022.74,2045.57,1115.271729
1701345600,2045.47,2052.63,2025.55,2033.22,2482.687192
1701360000,2032.29,2044.44,2029.48,2041.6,1718.362502
1701374400,2041.59,2054.48,2040.38,2052.03,1600.833103
1701388800,2052.03,2093.4,2046.11,2092.65,3767.413668
1701403200,2092.63,2105.76,2088.49,2094.38,3914.353039
1701417600,2094.37,2110,2087.65,2094.12,4028.012441
1701432000,2093.06,2094,2071.63,2080,2027.532807
1701446400,2080.01,2108.67,2078.75,2091.05,3580.667381
1701460800,2091.05,2096.48,2083.69,2086.99,1292.60771
1701475200,2086.98,2095.89,2086.98,2094.33,2490.721426
1701489600,2094.33,2106.93,2091.16,2097.45,2414.803756
1701504000,2097.4,2106.67,2096.8,2101.47,1230.208367
1701518400,2100.97,2108.64,2094.1,2104.13,969.386056
1701532800,2104.13,2187.99,2098.5,2159.07,8794.515133
1701547200,2158.86,2174.91,2154.21,2165.6,3292.083984
1701561600,2165.61,2178.46,2156.88,2161.6,5257.989602
1701576000,2161.61,2165.84,2155.01,2165.48,1748.912067
1701590400,2165.49,2168.59,2158.76,2159.71,1241.829066
1701604800,2159.71,2164.1,2147.84,2161.01,4190.873596
1701619200,2161.01,2169.56,2151.98,2167.35,3520.688714
1701633600,2167.36,2217.74,2167,2193.33,8131.99866
1701648000,2193.34,2229.4,2192.03,2212.24,6591.674351
1701662400,2212.24,2263.55,2211.99,2246.99,8348.078063
1701676800,2247.49,2275.38,2214.03,2237.92,10906.522298
1701691200,2238.18,2255,2148,2211.34,12478.844602
1701705600,2210.21,2236,2204.24,2234.66,8666.816792
1701720000,2234.7,2253.67,2220,2243.02,2853.354787
1701734400,2243.02,2253,2223.08,2230.61,3078.300582
1701748800,2230.46,2237.76,2188.81,2200,3026.788139
1701763200,2200.01,2209.59,2191.18,2203.99,1889.292711
1701777600,2203.99,2233.18,2200.14,2229.14,4029.087304
1701792000,2229.15,2310.04,2221.49,2273.01,15558.592069
1701806400,2273.01,2297.5,2253.21,2292.9,4978.393262
1701820800,2292.91,2316.37,2275.53,2282.32,5912.873246
1701835200,2282.19,2285.26,2260,2265.98,2002.905732
1701849600,2265.98,2286.99,2236.86,2254.86,6768.386764
1701864000,2254.87,2269.47,2250,2253.74,3129.018074
1701878400,2252.81,2284.23,2252.07,2263.99,3394.315564
1701892800,2263.99,2265.42,2221.57,2233.47,5591.690691
1701907200,2233.46,2249.72,2231.64,2249.05,1965.979893
1701921600,2249.05,2268.75,2249.01,2261.44,1457.855396
1701936000,2261.43,2267.41,2222.09,2236.36,4291.133352
1701950400,2236.39,2328.92,2232.57,2320.34,8331.829222
1701964800,2321.37,2358.23,2318.06,2336.31,12647.06604
1701979200,2336.31,2382,2335.95,2356.41,5535.790735
1701993600,2356.31,2386,2355.06,2375.82,3478.519931
1702008000,2375.82,2390,2353.36,2353.67,3900.819132
1702022400,2353.19,2372.72,2348.1,2365.93,3337.059956
1702036800,2365.93,2375.88,2338.86,2346.15,8046.341866
1702051200,2346.65,2360.06,2339.92,2353.51,5384.151148
1702065600,2353.69,2376.56,2353.68,2358.77,6735.526128
1702080000,2358.77,2367.05,2350.88,2359.58,2050.315894
1702094400,2359.58,2386.14,2359.57,2383.98,3014.184302
1702108800,2383.72,2401.82,2350,2357.05,6532.491461
1702123200,2357.07,2369.43,2340,2363.75,5120.138264
1702137600,2364.07,2365.71,2345,2358.48,2805.94495
1702152000,2358.27,2362.8,2330,2340.25,3375.400639
1702166400,2340.26,2355.42,2340.25,2350.46,2235.757005
1702180800,2350.46,2357.41,2346,2353.95,964.096184
1702195200,2353.64,2355.14,2323,2337.8,1474.148104
1702209600,2337.81,2355.38,2337.79,2351.34,1621.32702
1702224000,2351.34,2362.38,2340.9,2355.1,3461.072286
1702238400,2354.99,2378.28,2345.74,2351.33,2713.726037
1702252800,2351.34,2353.47,1980,2252.98,14144.852436
1702267200,2252.98,2253.3,2229.05,2237.1,5207.868799
1702281600,2237.11,2251.48,2230.33,2249.55,3382.259837
1702296000,2249.65,2250.77,2202.17,2217.74,4682.798769
1702310400,2217.73,2219.66,2154.49,2185.14,11145.640721
1702324800,2185.08,2225.34,2180,2224.51,5621.119226
1702339200,2224.4,2241.48,2221.32,2230,4053.460622
1702353600,2230.01,2236.88,2211.43,2232.98,1664.152998
1702368000,2232.98,2237.46,2207.88,2208,1649.082227
1702382400,2208.01,2233.08,2184.94,2190.87,6347.798304
1702396800,2190.88,2196.5,2165,2175.95,4747.851415
1702411200,2175.95,2205.78,2166.64,2201.84,4353.903279
1702425600,2201.84,2205.44,2135.56,2165.68,3110.885801
1702440000,2165.57,2177.43,2147.03,2172.34,2079.367468
1702454400,2172.34,2182.62,2168,2170.05,1155.256588
1702468800,2170.05,2223.19,2168.06,2216.01,4063.630608
1702483200,2216.09,2254.69,2202.22,2251.62,6005.126495
1702497600,2251.63,2283.59,2245.71,2260.41,8160.387931
1702512000,2260.56,2261.31,2246.78,2250.72,1875.919733
1702526400,2250.72,2282.15,2247.04,2281.83,2714.897203
1702540800,2281.82,2307.65,2272.68,2307.65,1482.510016
1702555200,2307.65,2316.07,2210,2276.51,7508.240127
1702569600,2276.51,2313.83,2275.11,2292.66,3530.575254
1702584000,2292.65,2332.43,2285.4,2316.1,3916.479998
1702598400,2316.1,2316.8,2276.89,2279.32,3409.324207
1702612800,2279.32,2281.99,2253.49,2271.36,3484.439865
1702627200,2271.35,2286.53,2266.44,2273.81,1984.351345
1702641600,2273.81,2273.81,2225.19,2230.44,3645.094711
1702656000,2230.44,2247.15,2230.01,2242.31,1919.217223
1702670400,2242.27,2252.14,2201.09,2218.77,2905.468833
1702684800,2218.99,2256.43,2212.46,2253.87,832.273219
1702699200,2253.66,2254.74,2238.47,2239.71,699.323405
1702713600,2239.71,2252.32,2239.36,2250.67,1019.010233
1702728000,2250.67,2257.11,2239.23,2254.13,614.860153
1702742400,2254.13,2259.61,2231.09,2233.45,2295.584675
1702756800,2233.45,2239.45,2220.34,2226.39,1075.522504
1702771200,2226.39,2230.58,2211,2213.91,940.590406
1702785600,2213.9,2220.26,2198.88,2206.06,1087.602868
1702800000,2206.06,2216.56,2203.03,2213.9,1344.992975
1702814400,2213.91,2223.43,2200.75,2219.56,2664.726864
1702828800,2219.57,2238.61,2210,2231.27,3528.006537
1702843200,2231.27,2244.16,2192.17,2195.62,4163.319377
1702857600,2195.01,2202.59,2162.78,2173.51,2316.389691
1702872000,2173.51,2181.06,2165.1,2166.66,2219.52916
1702886400,2166.79,2174.84,2116.6,2139.69,4130.92118
1702900800,2139.69,2171.6,2126.18,2153.39,3977.424235
1702915200,2153.46,2175,2148.58,2174.32,4598.435397
1702929600,2174.32,2222,2167.56,2217.79,7132.600882
1702944000,2217.79,2250,2210.55,2235.09,3577.842571
1702958400,2235.09,2250.2,2230.53,2246.71,2028.365117
1702972800,2246.7,2253.4,2233.76,2234.88,2215.628729
1702987200,2234.88,2238.73,2180,2190.39,5586.094172
1703001600,2190.3,2203.7,2136,2175.57,6455.46115
1703016000,2175.57,2184.98,2165.61,2177.29,1931.430797
1703030400,2177.29,2190.62,2171.48,2185.4,1626.643856
1703044800,2185.42,2221.65,2183.79,2214.88,1616.97475
1703059200,2214.88,2221.82,2205.6,2209.84,1347.861391
1703073600,2209.84,2265,2203.82,2245.8,12098.137484
1703088000,2246.72,2249.54,2195.64,2204.34,8253.601974
1703102400,2204.35,2205.69,2155,2200.78,7949.332684
1703116800,2200.78,2201.44,2182.99,2200.37,3758.457764
1703131200,2200.41,2218.76,2193.81,2215.59,1936.679285
1703145600,2215.58,2256.44,2204.69,2253.07,5391.271276
1703160000,2253.44,2280.45,2200.14,2232.49,7052.473604
1703174400,2232.53,2244.66,2218.26,2223.29,5881.711313
1703188800,2223.29,2264.58,2218.17,2239.64,5432.911783
1703203200,2239.64,2261.41,2232.51,2248,3567.941352
1703217600,2248,2296.56,2246.2,2272,6278.880727
1703232000,2273.37,2332.67,2270.9,2313.89,10110.715284
1703246400,2312.99,2342.82,2291.69,2320.22,8805.726298
1703260800,2320.8,2342.25,2306.62,2311.55,10654.397254
1703275200,2311.48,2329.41,2306.32,2326.61,6093.24257
1703289600,2326.61,2330.73,2270.9,2274.27,6466.506753
1703304000,2274.28,2295,2269.13,2285.16,1604.313771
1703318400,2285.17,2294.07,2282.53,2288.81,1511.114369
1703332800,2288.63,2299,2286.67,2286.67,1822.525558
1703347200,2286.85,2312.16,2285.61,2292.86,4985.551458
1703361600,2292.89,2315,2287.01,2309.12,5283.324346
1703376000,2309.01,2326.09,2296.5,2317.28,3034.791304
1703390400,2317.44,2321,2277,2295.95,6143.05838
1703404800,2295.95,2298.08,2276.01,2290.01,2072.024575
1703419200,2290.01,2308.27,2287.38,2295.29,2899.942244
1703433600,2294.09,2298.06,2284.3,2288.5,1778.192409
1703448000,2288.5,2288.5,2247.01,2264.8,3978.914668
1703462400,2264.68,2277.69,2254.35,2277.67,2559.657543
1703476800,2277.17,2290.57,2276.09,2281.29,911.554555
1703491200,2281.27,2286.84,2267.54,2279.65,992.048572
1703505600,2279.13,2303.2,2274.29,2285.53,4084.130254
1703520000,2286.38,2286.73,2270.04,2272.82,4454.790749
1703534400,2273.62,2284.61,2258.32,2272.94,1841.777692
1703548800,2272.74,2274.58,2265.51,2268.17,1472.250119
1703563200,2269.4,2270,2222,2240,4920.71595
1703577600,2239.99,2242.35,2219,2241.5,5942.244151
1703592000,2241.5,2248.99,2224.82,2228.03,2576.53537
1703606400,2228.31,2231.09,2180,2210.6,6552.046808
1703620800,2210.6,2232.24,2210.51,2230.95,2622.080118
1703635200,2232.12,2232.76,2212.55,2217.42,699.572524
1703649600,2217.42,2230.63,2217.07,2229.94,903.508643
1703664000,2229.93,2290,2227.84,2285.71,6605.149983
1703678400,2285.87,2355.89,2276.78,2344,12053.75198
1703692800,2344.2,2375,2335.7,2347.25,10102.661396
1703707200,2347.25,2397,2347.25,2380.4,8421.731509
1703721600,2380.71,2445.04,2379.95,2416.22,11051.636456
1703736000,2416.46,2425.98,2360.76,2379.94,13416.212781
1703750400,2380.74,2412.38,2374.21,2402.47,5030.409634
1703764800,2403.3,2413.7,2350,2358.88,9955.671273
1703779200,2358.63,2383.02,2350.15,2363.18,6384.494926
1703793600,2362.78,2364.73,2338.78,2346.63,12619.288721
1703808000,2346.63,2365.5,2315.85,2352.21,4277.217981
1703822400,2352.21,2360.28,2332.84,2334.94,3419.810262
1703836800,2334.93,2380,2333.33,2374.29,2725.232934
1703851200,2374.49,2385,2320.17,2329.42,5777.013822
1703865600,2329.43,2334.68,2288.63,2318.09,8955.653416
1703880000,2318.08,2318.08,2258,2299.87,5941.952134
1703894400,2298.97,2309.01,2289.42,2299.34,1348.106032
1703908800,2299.34,2309.09,2294.36,2295.71,1026.094144
1703923200,2296.2,2297.14,2269.13,2288.42,2595.402741
1703937600,2288.45,2316.28,2283.97,2313.24,2106.791612
1703952000,2313.02,2322.2,2298.11,2298.75,2140.776287
1703966400,2298.75,2305,2265,2292.03,1279.962292
1703980800,2292.03,2303.67,2277.82,2283.46,1559.447336
1703995200,2283.45,2303.32,2279.95,2294.61,4389.753934
1704009600,2294.4,2314.65,2288.88,2307.23,2149.08674
1704024000,2307.23,2318.3,2292.35,2298.94,2444.521229
1704038400,2298.2,2308.05,2291.47,2294.44,1584.207781
1704052800,2294.43,2294.43,2260,2281.95,1786.255224
1704067200,2281.94,2305,2272.2,2273.66,2616.449887
1704081600,2273.65,2287,2266.64,2284.52,3061.785385
1704096000,2284.51,2303.43,2281,2303.43,580.86434
1704110400,2303.43,2316.01,2295.94,2314.32,1393.682753
1704124800,2314.33,2340.41,2307.39,2338.19,3137.55433
1704139200,2338.21,2352.57,2324.13,2352.57,2381.747242
1704153600,2352.57,2398.18,2326.3,2387.78,9000.889008
1704168000,2388.32,2392.87,2376.76,2387,3883.769728
1704182400,2386.99,2430.92,2383.01,2390.49,5619.461821
1704196800,2391.63,2404.34,2353.68,2358.96,4270.707082
1704211200,2359.09,2371.78,2351.7,2369.74,3866.62622
1704225600,2369.36,2380.1,2344.18,2356.21,2711.426457
1704240000,2356.21,2383.33,2350.01,2368.99,2077.251101
1704254400,2368.98,2380.76,2359.98,2362.77,2461.281295
1704268800,2362.7,2384.01,2300,2308.63,2776.149921
1704283200,2309.22,2309.57,1860,2240.46,30290.595795
1704297600,2240.46,2247.96,2192.97,2207.85,6683.698899
1704312000,2207.36,2228.22,2197.43,2210.31,2017.745096
1704326400,2210.3,2239.87,2204.91,2231.67,1876.29495
1704340800,2231.67,2246.27,2223.41,2223.87,1041.467271
1704355200,2223.87,2232.86,2207.73,2230.71,1320.65293
1704369600,2230.72,2284.99,2226.48,2279.02,2779.036163
1704384000,2278.93,2294.74,2262.29,2278.73,6868.345661
1704398400,2278.73,2297.5,2265.75,2268.7,3182.598371
1704412800,2269.33,2277.56,2217.26,2243.77,2946.630399
1704427200,2243.93,2265.64,2236.87,2255.01,2668.9318
1704441600,2255.01,2271.85,2236.23,2243.83,1749.164957
1704456000,2243.84,2254.37,2221,2225.33,2708.52575
1704470400,2225.38,2240.74,2209.32,2235.46,2726.601734
1704484800,2235.67,2278,2235.66,2269.24,3777.578371
1704499200,2269.23,2271.61,2252.16,2255.56,2524.831866
1704513600,2255.56,2256.19,2218.63,2234.03,3769.881568
1704528000,2234.02,2239.66,2231.32,2238.55,675.230954
1704542400,2238.55,2249.22,2230.05,2247.62,594.864662
1704556800,2247.73,2253.89,2240,2245.99,776.129715
1704571200,2245.99,2247.54,2233.8,2240.84,2164.942497
1704585600,2240.83,2253.57,2237.03,2243.07,1069.284842
1704600000,2243.32,2251,2242.51,2249.04,704.237037
1704614400,2249.03,2252,2232.5,2238.48,734.872731
1704628800,2238.49,2256,2224.7,2231.6,1674.94119
1704643200,2231.59,2249.63,2223.99,2248.96,1747.275413
1704657600,2248.97,2250.38,2208.4,2220.78,5395.28863
1704672000,2222.38,2224.07,2170,2191.57,4338.301703
1704686400,2191.64,2228.26,2189.58,2224.93,1795.893275
1704700800,2224.92,2242.46,2219.08,2240.02,846.615219
1704715200,2240.03,2282.88,2118,2272.11,6886.960556
1704729600,2272.1,2358.98,2262.32,2356.92,7651.594733
1704744000,2356.93,2358.98,2328.99,2333,2195.439566
1704758400,2333.01,2338.63,2292.55,2311.21,1737.261765
1704772800,2311.17,2318.11,2300.27,2308.39,976.106662
1704787200,2308.39,2310.8,2285,2300.5,1865.042803
1704801600,2300.19,2303.71,2230,2258.99,5373.606398
1704816000,2258.99,2277.44,2245.09,2270.13,2218.680583
1704830400,2270.14,2371.99,2249.5,2345.13,14641.512337
1704844800,2345.09,2400,2342.79,2362.54,9507.805246
1704859200,2362.67,2392.05,2360,2370.5,2394.067073
1704873600,2370.51,2429,2365.37,2401.85,5474.230934
1704888000,2401.97,2456.17,2346.6,2450.33,8998.390158
1704902400,2449.67,2481.01,2403,2480.01,8916.582741
1704916800,2480,2642.03,2407.46,2584.13,27515.890216
1704931200,2584.06,2614.63,2567.52,2614.4,7054.352055
1704945600,2614.29,2631.02,2575,2588.29,9000.366063
1704960000,2588.98,2666,2588.64,2660.01,4551.843084
1704974400,2660.01,2690.97,2599,2612.75,18473.313522
1704988800,2612.58,2623.43,2568.65,2622.24,11362.326767
1705003200,2622.28,2632.57,2590.52,2620.01,7378.039236
1705017600,2620.01,2624.52,2582,2590.4,2931.673506
1705032000,2590.29,2625.11,2587.89,2596.6,4427.12373
1705046400,2596.59,2667.98,2585.02,2648.72,5653.678272
1705060800,2648.72,2716.13,2636.7,2646.95,12706.56464
1705075200,2646.96,2688.24,2554,2581.81,19320.531868
1705089600,2581.8,2595.98,2438.29,2522.85,14126.402544
1705104000,2522.86,2555.39,2498,2547.42,4381.531697
1705118400,2547.43,2559.34,2539.93,2550.8,2011.005463
1705132800,2550.81,2559,2523.05,2543.08,1951.886411
1705147200,2543.09,2565.33,2532.01,2563.79,3961.722851
1705161600,2564.83,2577.45,2550.85,2572.27,3024.917898
1705176000,2569.95,2588.58,2563.34,2576.6,3767.371637
1705190400,2576.6,2578.8,2549.6,2550.27,1077.862645
1705204800,2550.28,2554.93,2541.19,2549.67,1172.578501
1705219200,2549.67,2552.27,2532.98,2537.69,2125.767454
1705233600,2537.69,2545.39,2525.18,2539.51,4246.837115
1705248000,2539.5,2542.4,2500,2500,3568.207819
1705262400,2499.76,2528.58,2468.78,2471.34,3528.134432
1705276800,2471.04,2513.09,2469.81,2502.14,2777.235017
1705291200,2502.15,2520,2502.15,2512.85,1431.52343
1705305600,2512.85,2540.83,2507.5,2537.52,4878.945834
1705320000,2537.53,2548.23,2506.52,2513.33,2407.302286
1705334400,2512.79,2550.82,2512.75,2532.68,2258.852012
1705348800,2532.67,2537.41,2497.73,2510.22,4385.293436
1705363200,2510.23,2534.56,2503.81,2534.45,889.654399
1705377600,2534.57,2537.71,2520.7,2524.17,1178.801577
1705392000,2524.16,2545.85,2521.12,2527.67,948.953403
1705406400,2527.68,2567.86,2499.28,2557.08,3902.038143
1705420800,2557.57,2577.68,2548.54,2573.62,2682.502791
1705435200,2573.61,2614.21,2573.27,2586.15,10984.09466
1705449600,2586.59,2592.67,2571.05,2571.05,1688.360947
1705464000,2571.06,2574.89,2551.29,2551.98,1269.053581
1705478400,2551.4,2552.53,2536.83,2541.23,1327.11125
1705492800,2541.02,2571.8,2532.67,2538.32,2589.866118
1705507200,2538.19,2542.39,2515.77,2532.71,7282.044114
1705521600,2532.71,2541.53,2507.46,2527.96,3928.484213
1705536000,2527.96,2531.53,2509.59,2527.1,1198.365347
1705550400,2527.1,2535.86,2524.01,2534.52,580.204632
1705564800,2534.52,2545.47,2513.17,2520.46,1045.854514
1705579200,2519.98,2532.24,2501.44,2523.36,2282.366505
1705593600,2523.36,2523.36,2424.55,2435.93,8513.785427
1705608000,2435.93,2468.86,2425,2467,2903.620312
1705622400,2467,2471.13,2441.06,2458.69,3576.072709
1705636800,2458.69,2470.91,2454.94,2463.43,961.135891
1705651200,2463.43,2491.4,2457.99,2487.92,1028.672454
1705665600,2487.93,2495.46,2457.81,2460.03,1830.451951
1705680000,2461.07,2499.06,2413.99,2490.48,6227.725153
1705694400,2490.48,2502.09,2480,2489.53,2103.258265
1705708800,2490.08,2490.08,2475,2479.68,1162.427146
1705723200,2479.66,2484.71,2475.06,2477.33,835.128664
1705737600,2477.33,2478.44,2463.01,2468.88,619.713749
1705752000,2468.88,2473.2,2458.17,2461.85,999.393361
1705780800,2464.16,2473.51,2464.16,2470.35,290.818273
1705795200,2470.35,2478.03,2463.26,2473,770.562941
1705809600,2473,2473,2465.44,2472.78,517.497056
1705824000,2472.78,2480.29,2471.75,2471.76,502.056969
1705838400,2471.76,2479.5,2464,2466.78,766.45452
1705852800,2466.78,2477.07,2464.01,2472.49,1049.544501
1705867200,2472.81,2474,2450.83,2454.13,1654.793284
1705881600,2454.13,2464.19,2423,2435.15,978.654931
1705896000,2435.15,2435.15,2400,2418.5,1998.957097
1705910400,2418.5,2418.5,2361.57,2380.47,3028.62857
1705924800,2379.99,2401.68,2349.74,2375.8,5443.648426
1705939200,2376.13,2382,2303.89,2319.71,6686.200274
1705953600,2319.37,2348.54,2302.16,2310.77,2237.864755
1705968000,2311.05,2340.3,2310.36,2337.6,1635.121318
1705982400,2337.6,2348.05,2314.76,2318.68,1708.820469
1705996800,2319.34,2322.16,2201.68,2215.77,7375.675312
1706011200,2216.04,2228.65,2165.9,2215.83,8843.593973
1706025600,2215.83,2229.26,2180.9,2183.61,5036.303797
1706040000,2184.08,2245,2182.64,2242.11,4259.557672
1706054400,2240.92,2252.41,2211.52,2211.84,3411.740265
1706068800,2212.31,2242.83,2211.86,2232.94,2384.495218
1706083200,2232.93,2262.21,2227.12,2243.1,1599.782543
1706097600,2243.05,2246.66,2218.5,2233.01,2352.760481
1706112000,2233.01,2242.41,2202.86,2212.07,4718.636842
1706126400,2212.07,2238.72,2196.3,2234.18,3084.76163
1706140800,2233.96,2237.96,2207,2216.5,2456.586037
1706155200,2216.5,2225.63,2203.53,2225.63,825.045563
1706169600,2225.64,2239.75,2217.06,2230.93,1455.187977
1706184000,2230.93,2232.69,2181.29,2187.99,2316.715366
1706198400,2187.98,2222.62,2170.82,2217.56,3782.466069
1706212800,2217.56,2228.61,2211.43,2217.38,1389.423584
1706227200,2217.38,2236.73,2209.94,2221.66,1051.775527
1706241600,2221.67,2228.17,2195.52,2196.47,1101.111421
1706256000,2196.46,2258.32,2195.9,2253.51,4815.063855
1706270400,2253.51,2262.21,2232.27,2255.91,3938.96071
1706284800,2255.91,2280,2251.76,2258.22,4435.191582
1706299200,2257.95,2270.99,2252.88,2267.82,2365.685065
1706313600,2267.82,2282,2266.34,2274.13,2045.956076
1706328000,2273.94,2276.07,2254.27,2257.74,796.222018
1706342400,2257.74,2269.99,2252.06,2265.84,856.936198
1706356800,2265.84,2274.04,2262.12,2270.41,1530.603449
1706371200,2270.41,2276.93,2263.01,2272.8,1171.646877
1706385600,2272.87,2275.27,2263.63,2268.11,2282.119454
1706400000,2266.59,2288,2263.45,2286.86,1541.846813
1706414400,2286.86,2307.29,2283.13,2283.13,1344.429215
1706428800,2283.13,2299.97,2278,2281.54,884.774416
1706443200,2281.55,2284.89,2263.83,2269.4,1088.939439
1706457600,2269.4,2275.48,2249.13,2253.86,2190.396923
1706472000,2253.85,2265.48,2241.35,2257.24,2186.268158
1706486400,2257.24,2276.48,2250.95,2271.16,752.000271
1706500800,2271.16,2272.78,2258.91,2259.06,347.688118
1706515200,2259.06,2276.25,2254.65,2263.53,635.274259
1706529600,2263.9,2273.7,2234.11,2273.7,3870.727035
1706544000,2273.7,2312.86,2265.43,2294.61,4092.730043
1706558400,2293.5,2322.91,2293.5,2316.49,1900.379807
1706572800,2316.5,2327.15,2305.1,2312.13,1220.422741
1706587200,2312.12,2312.45,2302.26,2309.17,1364.067975
1706601600,2309.05,2316.6,2303.27,2313.87,1155.525749
1706616000,2313.87,2347.35,2296.73,2339.49,3601.140208
1706630400,2339.5,2380.24,2336.44,2374.92,4965.597466
1706644800,2374.92,2390.18,2337.35,2343.32,4657.644939
1706659200,2343.4,2351.2,2326.96,2341.5,1841.749425
1706673600,2341.5,2342.22,2330.93,2339.5,795.809434
1706688000,2339.49,2339.86,2280,2298.55,1831.312019
1706702400,2298.56,2330.03,2291.54,2328,2634.271824
1706716800,2329.39,2350,2308.74,2321.63,4679.070927
1706731200,2321.73,2322.34,2263.5,2283.42,4812.349477
1706745600,2283.41,2287.06,2241.45,2256.29,4415.985677
1706760000,2256.29,2275.08,2250.37,2270.1,656.57466
1706774400,2270.1,2274.21,2263.3,2264.01,795.469996
1706788800,2264.01,2306.66,2261.33,2287.88,3237.639073
1706803200,2288.09,2309.99,2270.12,2302.88,2609.257088
1706817600,2303.52,2308.47,2287.26,2303.86,2314.067972
1706832000,2303.85,2319.98,2298.37,2301.26,2298.980947
1706846400,2301.26,2316.36,2296.23,2313.17,1335.248402
1706860800,2312.85,2316.42,2304,2315.8,667.038376
1706875200,2315.81,2322.56,2280.14,2311.76,2584.209443
1706889600,2311.77,2321.6,2286.58,2299.1,1906.872008
1706904000,2299.28,2307.62,2294.57,2306.46,765.339296
1706918400,2306.59,2327.55,2306.59,2320.42,1298.884976
1706932800,2320.4,2323.35,2312.72,2315.15,452.839583
1706947200,2315.14,2315.16,2300.51,2301.6,601.279947
1706961600,2301.6,2307.05,2293.51,2303.07,725.306073
1706976000,2303.07,2311.04,2296.2,2301.99,346.304329
1706990400,2302,2304.26,2293.79,2294.43,412.336746
1707004800,2294.43,2304.82,2292.2,2302.65,699.878734
1707019200,2302.64,2302.64,2287.01,2290.51,532.318393
1707033600,2290.23,2307.06,2287.24,2306,434.990384
1707048000,2306.01,2307.07,2297.37,2300.39,536.2667
1707062400,2300.41,2305.61,2268.73,2278.82,3165.422409
1707076800,2278.8,2309.41,2275.01,2288.62,2995.951989
1707091200,2288.62,2294.76,2268.41,2294.76,743.124753
1707105600,2294.75,2309.01,2288.32,2307.95,896.587
1707120000,2308.13,2328.29,2308.12,2326.83,2086.589202
1707134400,2326.84,2334.62,2292.6,2295.21,1237.086745
1707148800,2294.05,2308.49,2288.34,2302.98,1207.538172
1707163200,2302.99,2302.99,2282.2,2299.02,1827.627663
1707177600,2299.04,2326.06,2296.77,2314.31,1186.328138
1707192000,2314.34,2323.48,2307.01,2323.08,870.076986
1707206400,2323.07,2339.81,2316.61,2323.18,1509.448699
1707220800,2323.18,2345.67,2311.9,2340.65,5005.664161
1707235200,2340.66,2378.32,2340.29,2377.97,3613.035061
1707249600,2377.96,2389.78,2371.69,2372.13,2197.154517
1707264000,2372.14,2388,2362,2362.01,9598.899639
1707278400,2362.01,2366.1,2356.66,2360.01,836.788747
1707292800,2360.01,2373.87,2353.52,2358.75,1299.922279
1707307200,2358.75,2383.26,2358.74,2367.31,2059.933567
1707321600,2367.33,2422.94,2367.33,2419.08,8249.267086
1707336000,2419.19,2442.99,2418.79,2423.67,8139.503853
1707350400,2423.68,2449.32,2423.64,2432.12,10471.430652
1707364800,2432.12,2432.28,2411.09,2419.67,5792.916352
1707379200,2419.67,2427.34,2415.09,2423.98,4608.172933
1707393600,2423.98,2462.16,2414.89,2452.72,9060.307737
1707408000,2452.73,2453.29,2412.04,2421.41,7316.123815
1707422400,2421.42,2432.59,2419.2,2419.62,6273.735639
1707436800,2419.61,2463,2419.04,2446.58,4397.680332
1707451200,2446.59,2462.2,2440.24,2453.11,5044.202038
1707465600,2453.2,2504.34,2453.2,2502.21,5001.804502
1707480000,2502.22,2521.54,2476.38,2493.81,11337.812673
1707494400,2493.81,2524.31,2478.49,2486.53,6506.335455
1707508800,2486.53,2507.18,2486.52,2487.21,2110.269538
1707523200,2487.21,2514.51,2486,2512.2,1432.429731
1707537600,2512.2,2515.25,2496.74,2496.93,870.908718
1707552000,2495.95,2499.57,2474.08,2482.53,3316.296127
1707566400,2482.6,2496.14,2482.6,2490.95,1414.067607
1707580800,2490.94,2496.58,2485,2496.58,1043.620077
1707595200,2496.58,2516.05,2488.56,2500.02,4596.697236
1707609600,2500.02,2527.59,2495,2527.59,1048.780394
1707624000,2527.6,2536.71,2517.67,2526.68,1261.006717
1707638400,2526.67,2538.1,2514.31,2530.54,816.766089
1707652800,2530.8,2531.87,2507.48,2509.82,1008.148606
1707667200,2509.64,2519.39,2499.52,2508.5,934.034847
1707681600,2508.52,2512.99,2495.26,2507.02,1250.7782
1707696000,2507.03,2523.12,2492.67,2501.25,1812.478359
1707710400,2501.25,2502.85,2481.72,2502.22,689.898497
1707724800,2501.77,2505.14,2472.03,2487.23,1339.931214
1707739200,2487.24,2561.93,2482.87,2557.39,3132.163974
1707753600,2557.39,2637.19,2539.53,2610.55,7480.821143
1707768000,2611.44,2665.23,2611.44,2659,5057.164435
1707782400,2659.01,2685.24,2637.74,2639.21,4327.123959
1707796800,2639.32,2654.37,2638.64,2650.01,2590.647395
1707811200,2650,2685.24,2647.4,2681.23,2042.433716
1707825600,2681.23,2684.47,2589,2632.72,8661.899343
1707840000,2632.71,2638.25,2595.18,2612.84,3059.788512
1707854400,2613.12,2648.82,2612.85,2641.74,2193.544009
1707868800,2641.73,2644.72,2620.23,2639.27,1494.925457
1707883200,2639.27,2654,2622.38,2653.41,2163.060995
1707897600,2653.41,2760,2649.27,2756.33,8594.982616
1707912000,2755.85,2769,2733.36,2748.37,5056.459648
1707926400,2748.76,2764.4,2728.6,2762.16,3619.067331
1707940800,2762.16,2787.24,2758.63,2777.76,2182.884119
1707955200,2777.51,2826.71,2775.01,2803.35,5234.683833
1707969600,2803.35,2803.35,2764.52,2776.2,1658.595948
1707984000,2775.91,2802.46,2771.2,2793.41,1123.180543
1707998400,2793.41,2869.76,2780.86,2825.56,5258.256952
1708012800,2825.57,2842.17,2804,2838,4532.026333
1708027200,2838,2845.78,2790,2823.61,3665.532588
1708041600,2823.61,2858.4,2823.34,2849.01,3871.653126
1708056000,2849,2851.32,2815.04,2817.76,3354.85018
1708070400,2817.38,2834.7,2796.1,2824.28,3877.516282
1708084800,2824.29,2848.18,2717.32,2776.11,5251.889977
1708099200,2776.11,2805.64,2757.66,2763.34,3695.815928
1708113600,2762.35,2809.64,2759.97,2804.13,2323.560023
1708128000,2804.16,2804.97,2781.46,2794.33,2041.941424
1708142400,2794.33,2798.72,2780.4,2795.63,1559.59842
1708156800,2795.62,2795.63,2766.03,2783.14,956.517841
1708171200,2783.14,2785.99,2722,2755.56,1806.283033
1708185600,2755.55,2777.36,2743.96,2774.25,1250.656389
1708200000,2774.26,2800,2774.01,2787.7,2602.082967
1708214400,2787.69,2796.52,2768.06,2782.26,2019.307526
1708228800,2782.27,2807.31,2779.91,2799.19,1988.269965
1708243200,2799.45,2823.08,2799.39,2804.03,2619.233289
1708257600,2804.09,2812.74,2788.66,2806.87,790.11082
1708272000,2806.87,2844.01,2795.68,2828.32,1716.655025
1708286400,2828.11,2894.4,2818.01,2881.49,6391.594701
1708300800,2881.5,2890.59,2860,2886.48,2158.002187
1708315200,2886.48,2930,2882.22,2926.77,7611.992252
1708329600,2926.8,2927.34,2895.24,2911.3,2320.15212
1708344000,2911.31,2918.86,2887.84,2907.7,2619.435377
1708358400,2907.71,2951.84,2890,2936.72,7210.797037
1708372800,2934.64,2984,2929.62,2943.97,5072.854607
1708387200,2943.98,2955,2904,2907.65,2014.810996
1708401600,2906.48,2934.49,2905,2920.75,927.665427
1708416000,2920.75,2939.79,2876.51,2935.01,6610.62892
1708430400,2935.95,3000.9,2902.41,2925,10585.151773
1708444800,2925,2985,2887.45,2984.99,6401.217769
1708459200,2984.99,3032,2968.03,3016.33,4839.937574
1708473600,3016.13,3017.41,2989.26,3005.28,2623.044888
1708488000,3004.7,3010,2924.09,2939.42,3340.994605
1708502400,2939.42,2955.77,2890,2899.05,3391.86294
1708516800,2899.15,2927.6,2865.18,2914.25,5609.056013
1708531200,2912.73,2947.34,2887.49,2912.74,5896.189011
1708545600,2912.75,2980.54,2900.6,2971.37,3953.41227
1708560000,2970.35,2970.35,2906,2933.77,2495.717572
1708574400,2933.77,2994.13,2921.59,2992.02,1431.543056
1708588800,2992.02,3029.76,2972.65,2991,6505.756246
1708603200,2991.01,3003.15,2932.45,2986.26,2813.261941
1708617600,2985.79,2999.99,2959.95,2986.56,3580.582648
1708632000,2985.93,3036.91,2967.79,2970.33,3776.89411
1708646400,2970.33,2990.73,2933.3,2953.74,1493.277194
1708660800,2952.93,2966.3,2924,2931.41,1423.137424
1708675200,2931.4,2946.8,2915.53,2942.96,1627.929642
1708689600,2942.97,2961.11,2915.01,2916.3,2874.385534
1708704000,2916.3,2950,2908,2945.02,2504.077032
1708718400,2945.68,2953.17,2907.7,2921.96,1291.499559
1708732800,2921.96,2936.48,2907.7,2930.14,1373.518066
1708747200,2930.14,2963.51,2928.81,2962.5,904.609509
1708761600,2962.5,2964,2948.02,2961.81,680.221303
1708776000,2961.82,2967.61,2953.41,2955.32,1281.571998
1708790400,2955.32,3003.36,2955.03,2988.57,1962.843181
1708804800,2988.56,2994,2980,2990.81,1903.661077
1708819200,2991.7,3045,2985,3025.55,3353.319721
1708833600,3025.28,3045,3012.65,3030.11,4465.374638
1708848000,3029.92,3039.72,3012.11,3038.36,1733.241075
1708862400,3038.37,3072.18,3027.39,3043.94,4123.573127
1708876800,3043.47,3085,3028.49,3082.52,5417.832495
1708891200,3082.52,3121.22,3082.51,3112.8,5256.18465
1708905600,3112.79,3133,3085.66,3107.74,3201.317375
1708920000,3107.96,3114.39,3085.62,3086.47,1907.993556
1708934400,3086.47,3100.48,3036.68,3056.82,4197.942594
1708948800,3056.82,3146.75,3039.53,3146.75,8991.57638
1708963200,3146.76,3183.63,3132,3181.05,8165.442199
1708977600,3180.76,3197,3164.93,3178.69,5218.784578
1708992000,3178.69,3274.44,3163.26,3219.19,14029.988061
1709006400,3220.05,3238.9,3202.92,3218.12,2205.461722
1709020800,3218.09,3269.99,3218.09,3256.28,5785.345208
1709035200,3256.28,3287.64,3223.51,3231.7,7398.386723
1709049600,3230.64,3260,3206.52,3251.31,5321.91286
1709064000,3251.34,3268.99,3239,3244.25,4494.437785
1709078400,3244.59,3258.8,3233.12,3250,1092.75987
1709092800,3250,3307.03,3247.85,3304.31,2358.544865
1709107200,3304.66,3368.69,3281.23,3300,8800.726089
1709121600,3300.01,3375,3290.01,3350.82,10160.475024
1709136000,3350.82,3496.02,3111,3300.73,29884.781327
1709150400,3300.75,3385.53,3259.1,3385.53,4402.040339
1709164800,3385.67,3465,3379.49,3406.71,6150.752388
1709179200,3406.7,3490,3399.47,3468.16,3099.61215
1709193600,3468.96,3519.68,3445.57,3515.05,4274.602659
1709208000,3513.55,3515.83,3447.49,3468.97,7068.966729
1709222400,3468.97,3472.33,3350,3403.88,11996.969261
1709236800,3403.49,3415.71,3305,3342.6,6823.248693
1709251200,3342.6,3388.48,3341.19,3368.97,3227.781833
1709265600,3368.46,3398.4,3366.14,3368.75,1640.464797
1709280000,3368.75,3439.12,3356.83,3412.72,2325.009258
1709294400,3412.73,3448.75,3382.72,3391.06,6479.617339
1709308800,3391.06,3436.37,3381.51,3428.75,2090.939219
1709323200,3428.75,3455,3423.9,3436.26,3372.316644
1709337600,3436.26,3459.95,3429.03,3446.09,3015.455911
1709352000,3446.09,3451.78,3402.48,3435.54,4408.880683
1709366400,3434.31,3436.56,3401,3410,1833.875445
1709380800,3410.01,3430,3399,3421.83,2455.482055
1709395200,3421.94,3435.49,3415.23,3429.88,2069.283159
1709409600,3429.77,3434.88,3405.81,3421.49,2585.864985
1709424000,3421.49,3434.87,3414.89,3433.15,679.473681
1709438400,3433.15,3445,3360,3396.23,3898.845657
1709452800,3396.22,3415.69,3380,3413.93,929.479747
1709467200,3413.94,3446.89,3410.01,3425.6,2468.152267
1709481600,3425.2,3484.89,3422,3467.57,3419.920674
1709496000,3467.85,3490,3461.38,3489.54,2157.02223
1709510400,3489.53,3529.36,3430.64,3474.35,4997.907586
1709524800,3474.42,3489.16,3460.51,3481.4,1621.304897
1709539200,3480.77,3542,3480.77,3506.92,5834.766285
1709553600,3506.92,3570,3465.9,3562.05,7748.923296
1709568000,3562.06,3611.78,3535.67,3597.01,7555.000882
1709582400,3597,3644.32,3565,3631.23,4328.081211
1709596800,3633.2,3698.84,3613.24,3695.69,6689.470293
1709611200,3695.7,3744,3645.46,3679.68,7429.748524
1709625600,3679.68,3742,3658.35,3734.77,2680.212296
1709640000,3733.7,3827.69,3733.66,3787.9,8217.739871
1709654400,3785.33,3797.33,3211.27,3364.67,29849.776566
1709668800,3364.67,3583.47,3331.52,3560.01,14009.820536
1709683200,3560,3594.06,3499.57,3542.18,4853.765787
1709697600,3542.18,3790.69,3539.05,3788.17,11620.275662
1709712000,3788.34,3895,3780.91,3880,9924.444584
1709726400,3880,3898.7,3728.31,3792.03,11255.523434
1709740800,3792.41,3885.37,3771.8,3857.87,5747.783605
1709755200,3857.86,3896.81,3799.87,3817.95,5484.201631
1709769600,3821.01,3853.56,3768.47,3775.31,3347.861671
1709784000,3775.32,3803,3738.34,3790.43,3253.952288
1709798400,3790.42,3815.71,3774.65,3789.58,2713.818256
1709812800,3789.57,3857.54,3768.59,3842.1,4943.48525
1709827200,3840.95,3889.02,3818.97,3874.99,3140.776694
1709841600,3875,3938.34,3848.44,3872.54,4325.628891
1709856000,3873.26,3943.34,3871.36,3902.55,2260.699615
1709870400,3902.55,3954.91,3884.8,3915.92,1507.809863
1709884800,3915.92,3958,3915.91,3951,3208.932868
1709899200,3951,3998,3889.61,3905.67,6765.37302
1709913600,3906.01,3981.5,3824.77,3933.59,5995.147006
1709928000,3933.59,3960.41,3884.97,3892.23,3520.788296
1709942400,3892.23,3940.42,3887.68,3933.86,2532.075333
1709956800,3933.86,3950,3920.59,3936.46,1008.683727
1709971200,3936.46,3942.3,3900,3921.06,955.558713
1709985600,3921.37,3935,3910.55,3924.43,1086.440203
1710000000,3924.43,3927.93,3880.46,3889.51,3061.413332
1710014400,3889.5,3919.89,3889.5,3914.01,1776.901555
1710028800,3914.01,3947.46,3907.93,3943.55,1448.472038
1710043200,3942.84,3957.61,3938.94,3954.13,2130.481972
1710057600,3953.63,3969.3,3932.47,3940.24,1020.009455
1710072000,3940.87,3953.51,3870.57,3892.96,2162.845712
1710086400,3892.96,3930.7,3891.03,3906.01,845.968889
1710100800,3906,3912.29,3800.86,3880.98,3609.273713
1710115200,3880.98,3890,3739.2,3866.42,3741.896865
1710129600,3866.43,4010.55,3839.06,4003.41,6360.702273
1710144000,4002.27,4054.83,3987.17,4031.72,5187.935422
1710158400,4031.72,4065.02,4016.82,4021.03,5020.291608
1710172800,4020.77,4088,4006,4034.14,6288.925747
1710187200,4034.11,4080,4031.26,4065.29,3710.883111
1710201600,4065.3,4090,4018,4030.33,2013.193296
1710216000,4030.32,4050,4002.9,4028.03,1548.500802
1710230400,4028,4062.5,3968.14,4022.35,4589.796928
1710244800,4022.35,4051.42,3950,3988.33,7250.780416
1710259200,3988.56,3995.92,3830.56,3983.06,8920.723957
1710273600,3983.05,3983.06,3933,3980.4,3025.203416
1710288000,3980.93,4045.27,3973.7,4044.68,1897.866437
1710302400,4044.68,4076,4031.96,4039.85,3911.591385
1710316800,4039.86,4083.99,4039.85,4051.11,2132.219616
1710331200,4051.18,4055.71,3937,3966.25,5248.53958
1710345600,3967.3,4012.99,3957.45,4007.04,3293.041671
1710360000,4005.29,4021.79,3980,4007.21,1872.143761
1710374400,4006.11,4011.72,3958.22,3994.01,1522.258189
1710388800,3994.01,4004.98,3945,3965.02,4993.632783
1710403200,3965.02,3998.52,3945.33,3954.99,3147.577159
1710417600,3955,3968.14,3822.47,3845,6636.066789
1710432000,3845.01,3893.18,3722.46,3778.78,8863.061977
1710446400,3780.03,3889.44,3779.14,3880.78,4519.943891
1710460800,3881.16,3965,3625,3721.44,8811.536802
1710475200,3721.16,3776.99,3655.25,3751.75,4742.914453
1710489600,3751.75,3758.1,3570,3686.01,5975.791999
1710504000,3685.86,3737.85,3670,3686.99,3617.854321
1710518400,3687,3805,3661.14,3689.45,4962.733601
1710532800,3689.51,3747.81,3608.69,3738,3942.352744
1710547200,3740.14,3778.94,3722.43,3737.32,2248.030223
1710561600,3737.33,3741.82,3691.35,3738.12,2199.097344
1710576000,3738.45,3738.45,3665.6,3692.92,1342.280834
1710590400,3692.92,3710.76,3640.01,3676.49,2310.277544
1710604800,3676.49,3677.57,3566.91,3597.48,3860.825742
1710619200,3597.47,3630,3466.78,3520.27,7177.859296
1710633600,3519.95,3577,3502.95,3568.18,2476.82614
1710648000,3568.64,3569.81,3414.01,3468.91,5209.573456
1710662400,3468.71,3599.19,3459.24,3573.51,2182.890457
1710676800,3573.11,3641.3,3526.81,3623.67,6143.538961
1710691200,3624.39,3651.46,3600.56,3650,3351.95623
1710705600,3650.01,3675,3627,3642.62,2351.788598
1710720000,3642.62,3642.62,3556.96,3596.48,1805.652609
1710734400,3596.48,3638.77,3575,3624.73,1230.742388
1710748800,3624.73,3624.73,3550,3595.46,1786.091059
1710763200,3595.47,3609.29,3485.48,3522.79,3817.575516
1710777600,3522.79,3561.29,3456,3480.92,3056.22513
1710792000,3480.62,3547.45,3480.62,3518.43,2453.307552
1710806400,3518.43,3547.76,3365,3417.87,5538.749573
1710820800,3417.24,3424.5,3307.9,3357.83,4797.32536
1710835200,3357.83,3357.86,3200.17,3272.28,11673.617215
1710849600,3272.74,3319.43,3219.84,3299.57,5830.412247
1710864000,3299.58,3358.63,3280.83,3333.57,5461.385907
1710878400,3333.87,3337.04,3146.98,3162.42,8812.491643
1710892800,3158.67,3259.9,3155.45,3158.97,4863.883698
1710907200,3161.06,3224.25,3059.65,3217.98,8539.572789
1710921600,3218.17,3294.43,3205.74,3291.19,5296.989417
1710936000,3291.2,3396.23,3277.19,3291.95,13108.955799
1710950400,3292.73,3404.78,3142.91,3377.07,20211.645577
1710964800,3380.02,3535.01,3372.28,3515.43,8382.022445
1710979200,3515,3557.85,3495,3512.82,4202.117018
1710993600,3512.82,3535.89,3448.21,3517.84,2283.758169
1711008000,3517.84,3587.94,3517.83,3532.56,3466.582935
1711022400,3532.39,3574.4,3478.68,3496.28,5284.25881
1711036800,3497.12,3544.99,3411.7,3442.34,4722.2339
1711051200,3442.56,3520.57,3413.14,3492.49,3801.536167
1711065600,3492.5,3526.34,3454.38,3520.01,1923.274639
1711080000,3520.01,3542.24,3501.71,3510.09,1471.777388
1711094400,3510.08,3522.5,3398.65,3405.31,3045.932969
1711108800,3405.32,3425.3,3283,3348.8,7635.984128
1711123200,3348.8,3358.63,3290.99,3344.41,2545.747278
1711137600,3342.88,3345.67,3250,3335.09,2065.05241
1711152000,3335.59,3362.84,3273.28,3304.08,5278.114132
1711166400,3304.08,3384.01,3300.38,3365.41,2082.207913
1711180800,3365.42,3378.5,3330.43,3361.71,1062.191592
1711195200,3362.14,3422.99,3347.57,3406.15,1685.346116
1711209600,3406.15,3433.22,3386.07,3387.1,1510.361357
1711224000,3387.09,3399.63,3331.03,3332.7,1306.875092
1711238400,3331.03,3367.66,3311.03,3311.82,2125.450817
1711252800,3311.03,3344.85,3301.76,3342.83,1509.069852
1711267200,3343.2,3389.99,3337.42,3387.28,2674.619325
1711281600,3387.28,3414.02,3379.55,3396.8,1600.218761
1711296000,3396.92,3408.57,3335,3383.16,1125.697134
1711310400,3383.76,3468.5,3376.29,3454.03,2594.68371
1711324800,3454.03,3460,3420.55,3452.29,1937.290383
1711339200,3453.62,3504.6,3445,3445.88,3451.895446
1711353600,3445.88,3472.28,3437.01,3437.02,3662.022223
1711368000,3437.02,3587,3433.71,3583.01,7587.265619
1711382400,3583.35,3659.81,3569.75,3640.14,6932.495849
1711396800,3640.97,3650.62,3570.47,3591.3,3455.795904
1711411200,3591.3,3640.57,3583.44,3627.45,1789.31795
1711425600,3626.43,3680.32,3621.28,3638.89,1717.613985
1711440000,3638.88,3670,3631.77,3633.62,1644.000489
1711454400,3633.63,3649.18,3549.6,3594.39,6318.517667
1711468800,3594.25,3601.28,3544.08,3559.17,3189.544988
1711483200,3559.17,3612.31,3558.44,3587.04,3257.796895
1711497600,3587.36,3626,3577.94,3605.62,2820.580662
1711512000,3605.62,3616.01,3559.01,3565.16,1521.347609
1711526400,3565.16,3590.53,3530.47,3584.99,2873.204509
1711540800,3585,3663.28,3496.57,3512.81,9841.97352
1711555200,3512.83,3529.29,3456.9,3490.5,4834.057974
1711569600,3490.49,3518.36,3488.52,3498.52,2681.343302
1711584000,3499.05,3528.62,3464.43,3494.04,2541.916986
1711598400,3494.04,3577.58,3493.32,3572.94,4015.678571
1711612800,3572.94,3590,3565.46,3576.24,1139.269155
1711627200,3576.25,3610,3553,3578.52,3737.963196
1711641600,3578.53,3578.53,3532.93,3567,3197.998508
1711656000,3567,3579,3542.86,3562.69,3514.883609
1711670400,3562.69,3582.65,3552.78,3562.93,1764.239342
1711684800,3562.49,3577.95,3516.5,3519.01,1900.137326
1711699200,3520.46,3561.73,3519.75,3550.64,2034.00882
1711713600,3550.64,3558.69,3486.07,3488.51,3814.777876
1711728000,3488.51,3502.52,3474.2,3501.96,5005.767121
1711742400,3501.29,3524.05,3480,3511.68,2664.598458
1711756800,3511.68,3522.1,3489.4,3491.35,1773.121581
1711771200,3491.35,3532.3,3491.18,3494.75,5284.955533
1711785600,3494.05,3563.03,3494.04,3562.48,2397.118017
1711800000,3562.49,3565.62,3534.3,3539.29,1686.433056
1711814400,3539.44,3547.49,3491.35,3510,864.85034
1711828800,3509.99,3518.03,3498.42,3508.28,1651.678936
1711843200,3507.69,3544.12,3506.94,3538.42,2000.637265
1711857600,3538.42,3629.7,3533,3623,1677.207004
1711872000,3625.73,3631.04,3600.83,3609.48,1049.503103
1711886400,3609.48,3636.68,3607.87,3618.67,896.273423
1711900800,3618.67,3654.1,3615,3637.35,2103.263865
1711915200,3637.35,3649,3618.26,3647.72,1483.827185
1711929600,3647.71,3647.72,3603.43,3612.08,2030.06704
1711944000,3612.08,3612.08,3506.44,3548.98,5299.732253
1711958400,3548.98,3561.58,3522.38,3539.31,1874.261102
1711972800,3539.32,3570.42,3436.65,3444.36,5542.742311
1711987200,3444.58,3491.17,3410.09,3488.47,3964.61829
1712001600,3488.46,3515,3474.59,3505.48,4282.959139
1712016000,3505.87,3507.46,3324,3369.28,7433.015257
1712030400,3368.88,3392.32,3342.98,3367.22,3907.48343
1712044800,3366.29,3372.37,3277.79,3309.74,6503.538827
1712059200,3309.43,3323.02,3233.13,3242.55,3840.53203
1712073600,3242.55,3284.75,3215.87,3284.73,2593.114863
1712088000,3277.58,3307.37,3246,3278.03,5123.454877
1712102400,3278.75,3324.04,3206.01,3316.06,3541.410133
1712116800,3316.12,3323.12,3284.8,3307.65,1627.339217
1712131200,3307.66,3358.63,3294.45,3321.21,1897.700067
1712145600,3320.11,3366.33,3295.99,3330.9,2660.693766
1712160000,3330.9,3366.96,3284.08,3318.55,4052.131642
1712174400,3317.54,3324.42,3290.53,3312.28,1702.815606
1712188800,3310.72,3332.71,3267.37,3274.88,2931.954809
1712203200,3275.44,3333.49,3255.1,3322.64,1054.218842
1712217600,3322.64,3353.17,3318.7,3340.61,765.326381
1712232000,3340.62,3393.54,3339.64,3364.65,3215.440268
1712246400,3364.65,3443.76,3362.86,3362.86,5341.251021
1712260800,3370.32,3370.47,3281.85,3329.56,5967.683732
1712275200,3329.57,3335.29,3253.7,3308.05,2031.72752
1712289600,3308.05,3318.79,3224.91,3286.88,3333.258204
1712304000,3286.89,3310.96,3240.73,3242.7,3399.788573
1712318400,3242.71,3330,3212.11,3328.54,5596.192379
1712332800,3328.54,3344.97,3308.19,3322.25,2524.815585
1712347200,3322.24,3345,3312.93,3320.55,931.918199
1712361600,3320.55,3345.01,3310,3333.44,3170.382907
1712376000,3333.44,3351.99,3323.71,3334,454.865366
1712390400,3334.01,3349.6,3328.47,3332.05,396.363349
1712404800,3331.5,3360,3319.8,3337.32,517.063577
1712419200,3337.32,3357.21,3332.95,3349.94,699.071711
1712433600,3350.72,3397.06,3346.62,3354.95,1153.52771
1712448000,3354.94,3413.99,3348.7,3390.19,2625.160661
1712462400,3390.83,3405.29,3378.01,3389.13,429.300529
1712476800,3389.13,3396.06,3379.12,3391.48,451.840334
1712491200,3391.58,3420,3386.31,3391.68,1036.631282
1712505600,3390.98,3411.65,3370.57,3381.89,553.330542
1712520000,3381.47,3458.66,3379.38,3454.03,1754.373486
1712534400,3454.06,3457.31,3409.41,3423.72,3918.658615
1712548800,3423.72,3476.75,3415.35,3472.67,1974.723898
1712563200,3472.68,3636.59,3472.51,3629.46,8522.348727
1712577600,3629.47,3669.22,3612.95,3629,6123.298086
1712592000,3629.01,3710.06,3629,3703.78,4368.051727
1712606400,3704.08,3726.84,3681.77,3694.38,4070.707995
1712620800,3694.38,3726.79,3666.3,3693.66,3235.3221
1712635200,3693.65,3700.79,3635.72,3643.57,2169.269792
1712649600,3642.8,3644.75,3581.04,3629.99,3306.328625
1712664000,3630,3640.78,3482.01,3529.55,8589.903588
1712678400,3530.31,3535.01,3451.02,3518.2,5355.84854
1712692800,3518.19,3522.61,3487.02,3505.69,1458.634891
1712707200,3505.68,3535.96,3465.71,3512.31,3224.227904
1712721600,3511.39,3553.35,3506.19,3536.72,2318.636131
1712736000,3536.72,3536.72,3496.04,3521.31,818.842073
1712750400,3521.32,3525.54,3408.01,3477.82,6571.694804
1712764800,3477.82,3546.93,3470,3521.18,2619.635185
1712779200,3520.33,3559.3,3496.05,3543.42,2352.494124
1712793600,3543.42,3574.87,3527.46,3574.87,903.390141
1712808000,3574.87,3604.55,3554.02,3584.55,1697.112346
1712822400,3583.22,3614.88,3515.57,3519.18,2259.091532
1712836800,3520.64,3574.61,3486.68,3506.9,4215.649277
1712851200,3508.07,3519.3,3476.2,3515.36,1812.772713
1712865600,3516.26,3529.83,3491.99,3505.25,1370.869092
1712880000,3505.24,3537.45,3502.2,3534.54,904.317294
1712894400,3534.54,3551.15,3509.21,3516.38,3195.88718
1712908800,3517.26,3540.89,3509.66,3532.81,2197.997119
1712923200,3532.82,3532.82,3437.15,3440.61,3806.867122
1712937600,3440.22,3452.19,2926.93,3206.96,21519.851644
1712952000,3206.96,3256.91,3202.48,3240.1,3702.218207
1712966400,3240.11,3240.11,3146.94,3231.72,4060.395106
1712980800,3231.72,3272,3225.35,3259.2,2336.018094
1712995200,3258.59,3300.09,3249.24,3268.99,1318.557359
1713009600,3268.99,3295.53,3255.54,3273.08,2274.678981
1713024000,3273.08,3280.34,3000.01,3089.65,10268.854141
1713038400,3085.52,3094.49,2537,3013.12,26720.978234
1713052800,3011.42,3023.25,2913.43,2960.04,3213.956637
1713081600,2960.17,3066.1,2960.17,3028.5,1900.491402
1713096000,3028.5,3072.75,3007.36,3057.27,2996.439966
1713110400,3056.33,3098.55,2975.47,3074.61,4983.370398
1713124800,3073.89,3173.4,3050,3155.99,4112.73669
1713139200,3156,3156.01,3102.9,3149.17,1821.71398
1713153600,3149.07,3256.98,3125.06,3245.5,5405.929521
1713168000,3245.66,3278.53,3231.82,3233.55,5102.991795
1713182400,3233,3244.98,3107,3166.42,5581.162067
1713196800,3165.26,3179.96,3026,3103.94,6525.926859
1713211200,3103.08,3127.43,3062.11,3101.38,2888.7317
1713225600,3101.38,3119.08,3053.5,3072.08,2986.967833
1713240000,3072.08,3127.57,2987.26,3108.45,3586.875507
1713254400,3108.42,3110,3006.3,3093.11,3274.873093
1713268800,3093.11,3094.16,3012.01,3012.01,4180.468493
1713283200,3012.01,3085.16,2998.73,3058.89,3411.727978
1713297600,3057.02,3116.16,3051.82,3084.92,2640.183523
1713312000,3084.92,3108.34,3070.51,3094.89,1926.755791
1713326400,3095.87,3121.54,3069.05,3080.37,1699.719512
1713340800,3080.76,3088.06,3042.4,3042.97,1283.515097
1713355200,3042.2,3062.5,2928.3,2948.89,6997.896867
1713369600,2946.79,3043.1,2914.34,3000.66,5703.959024
1713384000,3000.68,3011.72,2966,2985.4,3163.786928
1713398400,2985.4,3032.67,2955.19,3026.07,1689.546816
1713412800,3026.07,3033.09,2958.74,2975.89,1776.54601
1713427200,2975.88,3063.91,2957.68,3050.26,2393.13843
1713441600,3048.42,3094.49,2987.6,3069.31,3518.711769
1713456000,3069.32,3084.37,3022,3066.77,1321.326558
1713470400,3066.09,3080,3060,3064.51,1436.315099
1713484800,3064.51,3068.77,2867,2979.96,6528.735479
1713499200,2979.71,3125.46,2979.25,3084.09,2817.595826
1713513600,3084.09,3123.02,3079.29,3103.9,1576.173974
1713528000,3104.25,3120.42,3058.4,3081.05,2701.597698
1713542400,3081.05,3107.55,3043.84,3104.33,2311.966177
1713556800,3103.96,3105.12,3022.31,3058.52,1189.761411
1713571200,3058.52,3070.45,3021.63,3055.2,604.434673
1713585600,3055.2,3069.6,3050.96,3060.25,341.010757
1713600000,3060.26,3060.88,3033.37,3048.56,1250.495905
1713614400,3048.56,3112.57,3043.91,3109.71,650.341345
1713628800,3109.71,3164.35,3091.19,3149.45,1423.040488
1713643200,3149.53,3169.99,3142.01,3157.67,1186.331601
1713657600,3157.81,3197.14,3128.86,3170.27,1181.526217
1713672000,3168.95,3191.67,3158,3180.47,766.033271
1713686400,3180.49,3186.5,3152.25,3169.1,1173.521113
1713700800,3169.11,3174.7,3142.12,3159.1,1342.895962
1713715200,3159.11,3160.58,3120,3140.46,2575.891752
1713729600,3139.53,3168.49,3132.12,3148.05,580.492866
1713744000,3148.31,3210.14,3130.05,3190.6,1343.84287
1713758400,3190.01,3234.55,3187.45,3205.86,1157.146107
1713772800,3205.86,3224.46,3191.59,3194.16,1227.967706
1713787200,3194.16,3211.4,3170.49,3184.4,3303.26039
1713801600,3184.4,3218.21,3173.92,3189.9,2873.859461
1713816000,3189.91,3224.81,3185.09,3202,1958.829316
1713830400,3202,3223.33,3185.39,3186.81,2276.223489
1713844800,3186.81,3193.68,3154,3161.59,1779.32079
1713859200,3161.99,3185,3155,3178.21,809.819992
1713873600,3179.08,3263.55,3174.81,3223.61,3486.790208
1713888000,3225.42,3246.94,3216.07,3216.79,4212.774312
1713902400,3218.62,3221.98,3190,3220.02,2224.144225
1713916800,3220,3247.41,3212.92,3236.62,1027.971149
1713931200,3237.81,3274.6,3236.76,3250.3,1188.628783
1713945600,3250.3,3284.77,3244.17,3281.92,587.459935
1713960000,3281.93,3291.64,3168.95,3176.42,3628.728138
1713974400,3175.47,3191.86,3105.75,3132.42,2781.622594
1713988800,3132.79,3148,3112,3138.84,1195.305767
1714003200,3139.11,3170.18,3128.5,3147.11,1790.575233
1714017600,3147.08,3164.17,3128.22,3135.57,520.322195
1714032000,3135.56,3149.34,3074.39,3112.82,1713.791057
1714046400,3112.82,3164.35,3079.05,3157.15,3333.054479
1714060800,3157.16,3172,3146.16,3161.77,1448.333871
1714075200,3161.98,3190.86,3154.15,3155.68,923.105916
1714089600,3155.63,3163.67,3127.49,3141.7,780.391768
1714104000,3141.71,3153.17,3130.21,3136.67,701.652948
1714118400,3136.67,3154.82,3122.22,3128.38,1277.122495
1714132800,3128.21,3166.13,3102.55,3117,3541.745149
1714147200,3117.01,3153.32,3106.3,3135.68,1804.376322
1714161600,3133.43,3152.11,3122.24,3129.96,1721.865834
1714176000,3129.96,3137.66,3070.34,3120.76,1790.679928
1714190400,3120.77,3129.53,3108.83,3118.33,393.240287
1714204800,3118.47,3124.57,3108.28,3123.17,429.742255
1714219200,3122.52,3160.97,3121.01,3140.58,1398.966019
1714233600,3141.84,3279.31,3140.4,3234.18,4080.744896
1714248000,3234.47,3259,3222.73,3252.62,1106.594088
1714262400,3252.63,3324.85,3250,3307.25,1106.122478
1714276800,3307.25,3333,3298.91,3315,956.014817
1714291200,3315,3322.54,3274.99,3284.87,1625.976769
1714305600,3284.46,3323.66,3283.49,3319.61,1183.362714
1714320000,3319.61,3355.9,3307.57,3318.03,1465.943152
1714334400,3318.03,3319.51,3251.73,3262.02,1637.110865
1714348800,3262.03,3285.23,3171.41,3177.98,2601.408499
1714363200,3174.65,3205.25,3156.55,3185.7,2968.330028
1714377600,3186.01,3193.66,3148.73,3159.07,855.512477
1714392000,3159.07,3182.99,3113.7,3182.36,2200.765645
1714406400,3182.36,3187.77,3155.85,3182.99,1488.524871
1714420800,3182.98,3233,3164.21,3216.18,2351.629618
1714435200,3216.09,3247.51,3150.85,3179.87,2170.458119
1714449600,3180.34,3182.75,3152.66,3155.35,1054.651826
1714464000,3155.35,3160.79,3004.79,3006.54,4013.687006
1714478400,3006.55,3034,2965.61,2993.64,5410.194642
1714492800,2991.54,2993.94,2916.57,2923.75,5805.644669
1714507200,2923.47,3024.58,2923.47,3010.62,3848.270798
1714521600,3010.62,3020.14,2959.53,3000.58,3233.515107
1714536000,3000.93,3007.86,2858,2866.3,5008.523724
1714550400,2866.71,2899.99,2813.8,2899.99,4397.635761
1714564800,2900,2928.28,2863.75,2881.28,3234.157535
1714579200,2881.28,3012,2865.76,2925.34,4620.05419
1714593600,2924.91,2979.82,2912.9,2970.02,4099.644513
1714608000,2970.01,2975.26,2892.78,2925.35,1882.934598
1714622400,2926.26,2933.77,2896.32,2919.83,1128.730508
1714636800,2919.01,3000,2918,2997.42,2555.244504
1714651200,2994.35,3012.84,2952.95,2990.74,3786.372369
1714665600,2990.74,3007.1,2975.02,2998.33,2147.648904
1714680000,2998.63,3014.8,2971.83,2987.85,1196.72625
1714694400,2987.86,3034,2978.92,3010.68,1974.070723
1714708800,3010.57,3016.3,2958.64,2968.18,706.917736
1714723200,2968.3,2989.36,2960.23,2979.78,2484.427994
1714737600,2979.78,3084.31,2970.18,3078,7821.736957
1714752000,3078,3088,3064.58,3074.65,1453.513042
1714766400,3074.71,3126.36,3073.05,3104.77,4299.137348
1714780800,3105.13,3132.15,3093.28,3112.24,1557.523807
1714795200,3112.25,3123.56,3096.39,3096.51,157.984303
1714809600,3096.51,3165.24,3096.5,3129.64,1527.382456
1714824000,3130.38,3156.76,3118.37,3128.06,1378.10475
1714838400,3127.42,3139.57,3116.67,3137.47,748.214231
1714852800,3138.08,3146.52,3106.69,3117.78,600.733025
1714867200,3118.06,3125.91,3077,3087.03,984.746991
1714881600,3087.47,3115.13,3082.98,3106.9,219.636465
1714896000,3106.86,3168.98,3104.54,3135.95,904.774867
1714910400,3137.99,3164.77,3130.27,3163.01,844.150143
1714924800,3163.01,3164.99,3134.47,3143.45,2247.956365
1714939200,3143.44,3145.87,3126.04,3137.54,320.556954
1714953600,3137.54,3164.35,3125.1,3133.8,979.478818
1714968000,3133.89,3188.75,3129.06,3180.74,614.524284
1714982400,3180.64,3217.66,3131.42,3150.19,3347.802054
1714996800,3149.62,3154.67,3055.15,3091.82,3523.48254
1715011200,3091.82,3093.54,3046.88,3068.14,1600.794738
1715025600,3068.15,3088.64,3062.43,3063.02,901.541174
1715040000,3063.07,3095.98,3025,3049.56,955.375146
1715054400,3047.8,3081.41,3045.05,3078.59,791.962028
1715068800,3078.58,3127.99,3062.32,3064.2,1831.153337
1715083200,3064.21,3102.67,3047.02,3071.87,1790.444438
1715097600,3071.88,3077.35,3027.65,3048.32,1407.427481
1715112000,3048.31,3059.36,3002.72,3005.14,1491.111249
1715126400,3005.14,3036.42,2996.98,3031.73,1168.876421
1715140800,3031.73,3032.99,2990,2994.98,883.884853
1715155200,2994.96,3008.71,2980,2992.07,1432.64775
1715169600,2990.88,3028.95,2986.48,3005.83,2446.12669
1715184000,3005.98,3023.22,2985.91,2997.18,1757.083532
1715198400,2997.24,2999.99,2936.51,2972.86,4143.112323
1715212800,2972.87,3001.32,2972.86,2996.34,731.494117
1715227200,2996.34,3012.14,2976.6,2981.87,578.000165
1715241600,2981.64,2988.86,2951,2975.58,512.794081
1715256000,2975.59,3016.67,2956.93,3004.21,1459.372361
1715270400,3004.43,3024.17,2991.04,3021,1478.178365
1715284800,3021.01,3056.24,3017.3,3036.25,987.48731
1715299200,3036.25,3042.19,3020.14,3026.99,804.26207
1715313600,3026.99,3051.35,3022.26,3044.1,1067.97046
1715328000,3044.09,3044.21,3023.98,3035.99,499.232384
1715342400,3035.99,3041.33,2908.44,2917.41,3842.557742
1715356800,2917.41,2931.89,2880.05,2899.51,4016.742305
1715371200,2898.7,2915.17,2886.16,2909.56,1735.974117
1715385600,2909.56,2934.34,2906.59,2909.32,1065.363527
1715400000,2909.45,2924.58,2906.99,2920.37,872.549082
1715414400,2920.38,2922.55,2886.85,2902.14,520.495422
1715428800,2902.08,2941.91,2894.57,2924.24,1202.593018
1715443200,2923.56,2936.16,2916.89,2929.18,570.552232
1715457600,2928.69,2928.99,2906.09,2910.11,668.237081
1715472000,2910.11,2921.84,2910.01,2919.59,370.990752
1715486400,2919.44,2929.99,2902.01,2904.19,491.810627
1715500800,2904.2,2940,2901.78,2924.97,1657.045498
1715515200,2924.97,2940.17,2924.16,2935.73,1350.883508
1715529600,2936.35,2951.99,2921.83,2926.25,1388.843355
1715544000,2926.25,2933.02,2914.2,2929.17,489.634238
1715558400,2929.18,2940.78,2864.01,2887.93,3854.446537
1715572800,2887.93,2955,2871.79,2952.24,2401.729462
1715587200,2952,2992,2948.75,2964.3,1969.850296
1715601600,2964.31,2981.65,2949.3,2960.5,3399.60575
1715616000,2960.66,2976.56,2927.47,2953.4,2553.495232
1715630400,2954.24,2958.38,2939.12,2948.99,1051.723269
1715644800,2948.99,2957.51,2936.86,2938.98,469.200991
1715659200,2938.99,2945.66,2882.26,2917.98,989.986787
1715673600,2917.98,2917.98,2897.55,2904.81,1481.398589
1715688000,2904.81,2920,2871,2896.98,4018.71687
1715702400,2896.98,2897.25,2860.08,2891.04,1620.704381
1715716800,2891.29,2899.98,2876.97,2881.49,3681.362381
1715731200,2881.49,2900,2864.75,2899.8,2344.522908
1715745600,2899.8,2919.4,2897.28,2915.45,707.172087
1715760000,2915.45,2929.97,2887.33,2895.85,531.422291
1715774400,2895.85,2994.19,2895.43,2976.24,3794.816594
1715788800,2977,3025.13,2971.72,3025.12,2681.713118
1715803200,3025.13,3039.95,3011.16,3033.23,1773.126048
1715817600,3033.21,3040.93,2995.26,3014.47,4146.72298
1715832000,3014.47,3020.01,3004.97,3016.35,961.561353
1715846400,3016.02,3025.49,2991.93,3007.18,1879.314453
1715860800,3007.18,3007.23,2932.48,2957.18,5404.575321
1715875200,2957.07,2958.84,2927.13,2945.79,4391.104732
1715889600,2945.8,2945.8,2925.59,2944.48,948.35174
1715904000,2944.48,2954.41,2934.12,2950.63,618.398439
1715918400,2950.63,3032.79,2943.5,3024.83,2205.186541
1715932800,3024.83,3057.76,3018.64,3031.83,1886.619596
1715947200,3031.57,3116.15,3020.35,3112.99,5438.906467
1715961600,3112.99,3120,3070.42,3085.92,3638.06173
1715976000,3084,3095.09,3082.76,3093.54,1468.746849
1715990400,3093.54,3129.26,3087.13,3114.71,1934.882609
1716004800,3114.32,3118,3092.86,3100.51,503.459176
1716019200,3100.5,3144.67,3100.5,3137.15,859.757828
1716033600,3137.15,3137.15,3100,3112.1,873.050321
1716048000,3112.11,3121.66,3107.22,3119.07,426.497114
1716062400,3119.07,3125.78,3108.96,3121.37,488.506471
1716076800,3121.37,3134,3113.48,3127.65,408.112814
1716091200,3127.66,3127.67,3105.07,3113.16,614.896199
1716105600,3113.95,3124.22,3085.88,3101.53,708.346009
1716120000,3101.53,3101.53,3065.09,3076.99,724.064622
1716134400,3077,3083.35,3059,3064.12,1137.245452
1716148800,3063.62,3081.03,3055.7,3071.79,535.60978
1716163200,3071.79,3097.12,3050,3086.88,854.886894
1716177600,3086.73,3137.45,3067.1,3092.07,786.974016
1716192000,3092.05,3112,3089.45,3094.62,2232.427463
1716206400,3094.63,3120.21,3077.47,3117.03,2482.072376
1716220800,3117.04,3458.89,3113.66,3440.46,12628.109101
1716235200,3442.52,3690.83,3421.95,3661.3,23712.145557
1716249600,3661.31,3721.05,3640.01,3696.77,7529.406964
1716264000,3696.85,3699.03,3628.01,3658.88,5693.004857
1716278400,3658.89,3822.82,3650,3781,6102.057009
1716292800,3778.82,3832.37,3749.02,3775.97,10936.617172
1716307200,3775.98,3838,3680.36,3710.01,7581.271077
1716321600,3710.01,3818.81,3710,3789.23,4927.119943
1716336000,3789.32,3810,3775.67,3792.51,2880.249477
1716350400,3792.53,3793.34,3722.52,3747.36,7811.258416
1716364800,3747.37,3775.47,3692,3692,3362.087116
1716379200,3692.01,3773.46,3655,3761.18,6265.035843
1716393600,3761.34,3792.5,3703.52,3733.27,4256.460644
1716408000,3733.27,3777.63,3724.98,3736.82,6799.507392
1716422400,3736.82,3785,3736.81,3778.45,2230.150135
1716436800,3778.45,3833.81,3757.41,3813.04,4072.44476
1716451200,3812.51,3923.24,3791.04,3917.39,7457.602554
1716465600,3916.65,3943.11,3731,3813.45,14208.535702
1716480000,3813.46,3824.03,3701,3785.89,7868.261268
1716494400,3785.9,3904.34,3530,3780.86,31383.016255
1716508800,3780.87,3826.16,3740.84,3801.71,6573.125907
1716523200,3801.72,3810.1,3652,3677.83,4526.863148
1716537600,3677.84,3717.53,3630.87,3711.11,4553.919759
1716552000,3711.11,3729.37,3669.2,3689.69,2691.865834
1716566400,3689.7,3753.73,3655.01,3743.86,3775.011664
1716580800,3743.86,3755.08,3722.69,3726.37,2305.236674
1716595200,3726.37,3745.15,3707.98,3744.83,743.104964
1716609600,3744.83,3774.39,3744.82,3745.82,702.778354
1716624000,3745.76,3774.19,3738.01,3739.02,1190.331246
1716638400,3739.29,3757.59,3722.51,3743.08,980.997598
1716652800,3743.14,3763.38,3736.66,3756.47,720.322439
1716667200,3756.44,3759.72,3731.56,3749.32,779.787022
1716681600,3749.32,3768.8,3732.5,3768.79,1703.717121
1716696000,3768.8,3793.52,3741.61,3784.95,7512.931348
1716710400,3784,3818.4,3777.63,3811.44,2266.723749
1716724800,3811.52,3873.01,3793.09,3832.52,3854.138972
1716739200,3831.41,3879.9,3830.49,3872.81,2418.963372
1716753600,3872.82,3873.62,3817.18,3824.85,1472.39403
1716768000,3824.85,3936.8,3824.25,3917.28,4684.366828
1716782400,3917.39,3933.3,3887.38,3912.34,4561.56834
1716796800,3911.41,3950,3881.3,3897.8,4870.258418
1716811200,3898.11,3973.73,3890.92,3957.65,2681.438393
1716825600,3957.65,3970.31,3850,3867.3,2641.121673
1716840000,3868.49,3900,3857.73,3892.1,741.489874
1716854400,3892.1,3901.64,3826.86,3847.06,3770.978949
1716868800,3846.86,3859.68,3820,3844.19,1356.852261
1716883200,3844.19,3924.15,3838.66,3900.02,1914.793904
1716897600,3900.55,3907.51,3830,3855.99,2505.725547
1716912000,3855.99,3863.8,3771.37,3837.62,4413.107194
1716926400,3837.61,3866.01,3818,3839.98,822.35676
1716940800,3839.99,3856.12,3834.2,3846.21,1303.167075
1716955200,3846.72,3879.9,3817.57,3817.57,1762.150128
1716969600,3817.31,3824,3780,3805.23,2186.706295
1716984000,3806.11,3834.34,3750,3756.77,3378.246296
1716998400,3756.87,3773.8,3742.47,3745.35,1487.359679
1717012800,3745.35,3788.23,3742.21,3762.39,1108.8364
1717027200,3762.23,3789.05,3748.47,3787.51,1252.313666
1717041600,3787.52,3793.74,3713.29,3716.21,1631.523571
1717056000,3716.21,3752.77,3702,3734.54,1693.324849
1717070400,3734.54,3796.53,3733.41,3776.24,2639.43215
1717084800,3774.35,3821.64,3752.92,3763.02,2491.058088
1717099200,3763.43,3763.43,3720.04,3746.05,905.474028
1717113600,3746.91,3766,3741.94,3760,2591.178061
1717128000,3760,3764.25,3723.7,3726.86,1006.649727
1717142400,3726.87,3810,3726.87,3800.14,2004.450587
1717156800,3798.86,3843.01,3741.29,3741.29,3859.184129
1717171200,3741.3,3786.97,3722.19,3780.48,1388.193221
1717185600,3783.4,3796.03,3740.07,3758.2,1492.237533
1717200000,3758.37,3777.63,3750.16,3775.29,423.997493
1717214400,3775.43,3788.31,3766.72,3768.42,328.615378
1717228800,3768.42,3803,3768.42,3785.55,306.74919
1717243200,3785.03,3808,3785.03,3796,1251.388841
1717257600,3796,3806.31,3789.19,3799.99,355.365233
1717272000,3800,3827.06,3796.09,3813.41,735.479624
1717286400,3812.84,3834.36,3795,3803.81,705.389715
1717300800,3803.81,3817.18,3791.93,3794.4,514.139374
1717315200,3791.93,3804.57,3770.5,3800.79,363.09948
1717329600,3801.61,3804.67,3775.29,3795.6,893.664295
1717344000,3795.61,3800.59,3753.18,3780.08,848.050207
1717358400,3780.08,3793.44,3765.27,3779.48,358.23639
1717372800,3778.7,3815.51,3760.65,3797.37,1051.078482
1717387200,3797.88,3838.84,3795.29,3815.47,976.850394
1717401600,3815.5,3835.05,3805,3807.13,1690.387293
1717416000,3807.17,3849.01,3761.91,3794.03,5201.415862
1717430400,3795.46,3797.31,3758.64,3770.84,1912.721556
1717444800,3770.85,3781.25,3760.99,3765.89,1344.109089
1717459200,3766.08,3780.77,3728.77,3773.02,2924.833349
1717473600,3773.01,3777.29,3752.27,3772.92,1157.38925
1717488000,3772.93,3778,3743.33,3760.44,668.665851
1717502400,3760.44,3815,3752.44,3809.24,2732.431932
1717516800,3809.62,3831.45,3779.65,3801.35,3850.55116
1717531200,3801.36,3818.99,3794.62,3813.01,1400.005764
1717545600,3813.02,3836.8,3803,3807.59,1044.49387
1717560000,3807.59,3816.8,3778.75,3808.99,1260.674034
1717574400,3809,3809.07,3790.01,3802.33,736.266968
1717588800,3802.55,3821.98,3781.85,3814.07,1439.414262
1717603200,3813.42,3875.46,3800,3875.46,3793.487793
1717617600,3875.45,3884.42,3842.46,3866.35,1188.594703
1717632000,3866.36,3875.99,3854.78,3862.99,622.767809
1717646400,3862.99,3865.22,3841.95,3851.76,614.117249
1717660800,3851.77,3855.17,3843.04,3847.98,639.290595
1717675200,3848.22,3863.82,3822.18,3842.19,2473.569174
1717689600,3842.19,3851.78,3788.46,3789.26,2664.404425
1717704000,3789.26,3812.5,3760,3811.83,1546.151224
1717718400,3811.83,3811.83,3792.35,3804.41,765.036352
1717732800,3804.41,3822.46,3804.4,3814.52,414.849321
1717747200,3814.53,3835.67,3800.07,3830.3,759.204026
1717761600,3830.3,3838.09,3772.45,3795.03,3394.048088
1717776000,3795.03,3803.2,3574.89,3687.23,8886.696213
1717790400,3686.13,3696.95,3669.85,3676.69,1884.704157
1717804800,3676.88,3688.28,3674.27,3686.61,1069.362161
1717819200,3686.61,3706.74,3675.46,3705.01,858.474497
1717833600,3705.02,3705.02,3678.8,3682.99,408.632408
1717848000,3682.99,3695,3657.39,3685.83,933.972164
1717862400,3685.84,3692.01,3673.71,3681.07,1282.675116
1717876800,3681.07,3682.16,3669.43,3680.04,1041.875037
1717891200,3680.21,3681,3665.53,3671.31,694.565204
1717905600,3671.32,3687.16,3671,3684.64,441.142409
1717920000,3684.15,3690.41,3682.22,3690.4,555.927035
1717934400,3690.41,3710.3,3681.9,3690,462.984735
1717948800,3690,3708.48,3689.99,3700.84,558.270799
1717963200,3701.53,3719.73,3697.62,3705.8,821.985349
1717977600,3705.8,3705.82,3681.53,3681.55,774.835028
1717992000,3681.55,3689.59,3640,3648.34,1439.836256
1718006400,3646.94,3676.54,3646.36,3672.37,418.922822
1718020800,3672.37,3710,3662.04,3704.71,2044.87978
1718035200,3701.24,3702.86,3662.87,3667.9,1679.629675
1718049600,3667.89,3675.39,3650.27,3664.38,1534.63968
1718064000,3664.38,3668.45,3565.91,3594.24,4425.264866
1718078400,3594.02,3594.02,3504.67,3532.78,4802.451227
1718092800,3534.22,3543.62,3503.12,3525.5,2072.091188
1718107200,3525.51,3541.54,3431.45,3445,3894.935221
1718121600,3445,3499.5,3430.48,3495.11,5348.927194
1718136000,3495.11,3506,3485.01,3497.85,571.851777
1718150400,3497.02,3510,3464.12,3508.35,1887.36291
1718164800,3508.56,3529.71,3507.4,3525.79,843.196897
1718179200,3525.73,3560.19,3516.37,3531.29,995.144416
1718193600,3530.92,3655.47,3530.78,3618.85,4861.622829
1718208000,3618.85,3623.06,3513.59,3529.22,5986.32993
1718222400,3529.63,3571.97,3522.01,3559.28,3911.767113
1718236800,3559.26,3559.26,3479.28,3501.15,1366.224918
1718251200,3501.14,3515.33,3487.73,3504.8,901.289582
1718265600,3504.8,3511.03,3473.53,3496.18,1972.866006
1718280000,3496.18,3532.03,3435,3440.3,4732.222774
1718294400,3440.89,3488.47,3428.75,3480.69,1553.170106
1718308800,3480.76,3488.34,3462.65,3468.9,852.684046
1718323200,3468.9,3506.06,3459.58,3490.57,1356.114446
1718337600,3490.56,3529.49,3489.72,3521.5,798.393694
1718352000,3515.64,3524.51,3505.04,3512.33,410.777501
1718366400,3513.21,3521.41,3460.28,3460.28,2159.180211
1718380800,3460.5,3464,3364.01,3405.62,7802.726187
1718395200,3405.62,3526.13,3402.67,3480.1,3281.95788
1718409600,3480.11,3500.03,3473.88,3499.01,781.170163
1718424000,3499.27,3552.71,3497.56,3525.38,2162.649028
1718438400,3526.73,3538.49,3519.39,3537.2,1074.311874
1718452800,3536.49,3592,3535.98,3561.33,1387.021762
1718467200,3563.23,3572.66,3551.43,3554.73,2413.302989
1718481600,3554.74,3572.63,3536.48,3564.36,882.817842
1718496000,3564.36,3570.24,3547.01,3552.5,1390.683475
1718510400,3552.51,3572.24,3542.03,3559.91,544.901845
1718524800,3559.91,3566.69,3544.79,3552.39,674.898414
1718539200,3552.4,3605.46,3551.23,3590.06,633.348538
1718553600,3589.88,3603.15,3585.9,3595.88,625.246106
1718568000,3595.88,3649.99,3586.87,3620.19,802.846527
1718582400,3620.93,3634.61,3572.58,3578.26,1303.679128
1718596800,3579.08,3591.49,3540,3551.81,1857.75945
1718611200,3549.57,3555.89,3490.86,3523.65,1927.16671
1718625600,3524.99,3542.89,3484.42,3492.3,3860.835783
1718640000,3492.35,3574.52,3465,3548.71,4916.337736
1718654400,3549.32,3551.15,3500.95,3511.23,2501.343456
1718668800,3511.23,3513.81,3350,3438.39,12297.160921
1718683200,3438.06,3459.26,3430,3442.78,1458.683704
1718697600,3442.79,3449.19,3394.24,3412.45,1811.748756
1718712000,3412.45,3432.63,3371.68,3420,3641.571356
1718726400,3420.41,3432.75,3385.93,3420.65,2109.007547
1718740800,3420.66,3485.03,3411.52,3481.86,1614.304725
1718755200,3482.11,3570,3465.69,3565.4,7073.959776
1718769600,3566,3581.38,3532.82,3542.48,5757.888238
1718784000,3542.48,3559.31,3516.99,3536.77,3478.265281
1718798400,3535.18,3547.27,3511.67,3524.41,2248.035936
1718812800,3524.42,3586.45,3522.84,3544.59,2486.067259
1718827200,3543.97,3573.38,3533,3557.63,1788.278199
1718841600,3557.63,3589.99,3533.97,3548.99,979.304336
1718856000,3549.93,3610,3545.06,3606.03,1662.471024
1718870400,3606.04,3620,3572.03,3596.85,1816.91106
1718884800,3596.92,3620,3491.08,3505.05,8065.782987
1718899200,3505.05,3537.6,3482.61,3532.49,2046.452627
1718913600,3532.49,3534.85,3509.61,3511.96,580.100105
1718928000,3511.96,3532.58,3493,3499.18,1641.096022
1718942400,3499.28,3517.2,3465,3472.27,1392.451008
1718956800,3473.55,3525.71,3443.9,3502.25,3513.469497
1718971200,3502.25,3515.91,3453.99,3489.69,6522.159344
1718985600,3490.02,3534.59,3470,3531.44,3832.440774
1719000000,3532.44,3543.6,3500.41,3517.25,566.33761
1719014400,3517.08,3519.5,3494.36,3503.86,1556.156602
1719028800,3503.86,3507.12,3490,3491.7,1097.714844
1719043200,3491.71,3495.35,3476,3491.5,523.292741
1719057600,3491.5,3507.41,3485.71,3501.01,1821.444763
1719072000,3501.01,3504.08,3484.47,3490.02,233.887298
1719086400,3489.96,3505,3486.05,3495.55,896.457424
1719100800,3494.48,3517.62,3494.47,3516.67,618.166238
1719115200,3516.68,3519.43,3505.04,3507.34,246.551972
1719129600,3507.34,3510.7,3488.01,3494.7,498.355457
1719144000,3494.73,3500.19,3471.35,3473.24,767.282664
1719158400,3472.51,3478.85,3461.12,3477.02,625.39662
1719172800,3476.98,3477.67,3408,3418.34,1329.005851
1719187200,3418.35,3429.73,3388,3400.68,1165.891772
1719201600,3400.67,3409.15,3352.5,3367.4,1411.476925
1719216000,3367.45,3391.95,3230,3318.8,4448.162151
1719230400,3318.8,3335.95,3264,3277.23,2530.056569
1719244800,3277.24,3312.88,3240.73,3289.53,5031.351874
1719259200,3290.26,3360.14,3258.15,3350.33,4391.877843
1719273600,3350.82,3382.85,3334.93,3371.22,1817.065432
1719288000,3370.9,3391.14,3356.65,3357.79,726.872705
1719302400,3358.81,3389.39,3343.14,3375.56,1353.771381
1719316800,3375.57,3421,3358,3420.12,2192.794789
1719331200,3420.01,3426.91,3380.78,3414.94,1772.006655
1719345600,3415.27,3417.66,3389.56,3394.93,493.049257
1719360000,3394.93,3424.85,3385.37,3394.49,492.577034
1719374400,3394.57,3401.78,3377.51,3400.09,712.519779
1719388800,3400.49,3401.22,3366.53,3378.56,702.558466
1719403200,3378.56,3393.19,3346.98,3360.8,2484.252102
1719417600,3360.63,3404.9,3328.14,3403.81,2795.774964
1719432000,3403.82,3413.17,3365.35,3367.66,1879.512214
1719446400,3367.67,3387.66,3362,3380.16,907.656505
1719460800,3380.16,3385.93,3365.16,3372.57,719.67642
1719475200,3372.32,3407.56,3367.61,3401.65,1118.220498
1719489600,3401.65,3470.72,3401.64,3446.64,4056.669136
1719504000,3447.19,3462,3437.38,3444.52,5387.209814
1719518400,3444.44,3449.84,3436.2,3445.39,544.245993
1719532800,3445.4,3482,3433.21,3455.49,771.976256
1719547200,3455.49,3456.85,3424.31,3429.23,928.314302
1719561600,3427.83,3455.71,3417.92,3447.67,1251.472593
1719576000,3447.67,3470.96,3399.63,3408.61,3412.483179
1719590400,3408.01,3410.17,3362,3370.99,1591.706674
1719604800,3371.07,3386.47,3362.96,3374.22,571.470658
1719619200,3374.23,3391.65,3374.22,3379.33,644.899842
1719633600,3379.33,3400,3375.85,3395.47,913.537329
1719648000,3394.65,3399.53,3382.31,3396.08,276.583485
1719662400,3396.08,3396.96,3378.99,3388.53,530.585367
1719676800,3388.53,3388.56,3371.94,3380.24,208.65817
1719691200,3379.19,3382.23,3366.7,3372.93,261.50529
1719705600,3372.93,3382,3350,3364.52,382.606165
1719720000,3364.71,3393.46,3355.77,3385.91,522.549657
1719734400,3386,3392.81,3381.22,3384.98,153.650822
1719748800,3384.99,3395.58,3374.88,3392.99,1399.571559
1719763200,3393,3424.85,3387.7,3423.34,869.47294
1719777600,3423.35,3451.84,3405,3432.23,693.233024
1719792000,3432.23,3516.66,3428.91,3494.21,2537.735292
1719806400,3494.21,3494.21,3481.21,3486.63,457.102657
1719820800,3486.63,3490.56,3455,3455.01,2375.686403
1719835200,3455.01,3476.03,3449.61,3469,1869.673023
1719849600,3469,3493.62,3459.32,3468.99,1068.264794
1719864000,3466.63,3471.33,3422.08,3438.36,819.336986
1719878400,3438.32,3458.59,3432.2,3454.86,789.10215
1719892800,3453.01,3458.72,3432.14,3434.9,1652.268056
1719907200,3433.65,3449.16,3428.86,3447.57,295.247867
1719921600,3447.57,3454.81,3398.39,3411.54,1489.269879
1719936000,3411.69,3428.8,3405.57,3409.68,631.404633
1719950400,3409.69,3420.28,3408.55,3415.81,1615.717114
1719964800,3415.81,3426.49,3330,3356.84,1912.36054
1719979200,3356.83,3366.34,3348.85,3349.98,392.235549
1719993600,3349.39,3351.27,3277.08,3302.47,1732.341836
1720008000,3302.65,3321.25,3272.84,3299.33,1754.927895
1720022400,3299.33,3318.01,3253.36,3263.22,4227.052177
1720036800,3263.14,3301.58,3250.59,3292.88,1291.592136
1720051200,3292.89,3307.71,3156.69,3239.69,3401.612068
1720065600,3239.69,3243.41,3170.38,3178.09,1337.699233
1720080000,3178.09,3192.26,3126.02,3156.89,2457.759072
1720094400,3156.93,3157.44,3087.95,3136.29,3944.935292
1720108800,3136.3,3150.39,3111.1,3133.41,1104.083779
1720123200,3133.41,3168.34,3052.75,3057.47,1431.951243
1720137600,3057.57,3105.65,2862.46,2919.99,11167.760147
1720152000,2920.18,2927.14,2811.35,2879.29,6773.707292
1720166400,2880.35,2955,2824.66,2946.71,3331.618026
1720180800,2947.05,3002.49,2922.9,2991.17,4012.966255
1720195200,2991.38,2999,2960.84,2984.81,1915.867481
1720209600,2987.28,2992.11,2965,2981.95,936.340249
1720224000,2981.79,3024.05,2956.05,2979.99,624.585676
1720238400,2979.7,3015.66,2962.79,3005.03,331.001819
1720252800,3005.03,3013.08,2986.37,3006.1,1926.442673
1720267200,3006.35,3030,2991.27,3020.45,568.469205
1720281600,3020.45,3063.91,3019.04,3060,1037.939371
1720296000,3058.61,3080.02,3058.01,3068.53,647.800718
1720310400,3067.56,3072.65,3041.64,3051.2,495.28032
1720324800,3051.21,3051.21,2994.01,3005.15,1772.878083
1720339200,3005.15,3029.72,3005.14,3015.42,1624.756958
1720353600,3015.43,3021.95,2957.08,2970.12,1917.25328
1720368000,2970.12,3008.33,2963.61,2984.52,547.768494
1720382400,2984.52,2998.32,2922.08,2929.7,2064.223428
1720396800,2929.71,2951.8,2825.01,2879.67,2469.841318
1720411200,2880.01,2930,2875.97,2926.28,934.452633
1720425600,2926.43,3093.18,2925.27,3051.54,1361.899984
1720440000,3051.54,3061.56,2894.01,2970.01,3227.129006
1720454400,2970.01,3008.92,2946.26,3006.55,2004.840521
1720468800,3004.15,3044.02,2985.81,3017.22,1064.323938
1720483200,3017.22,3072.41,3004.88,3066.06,900.357424
1720497600,3065.58,3087.78,3057.19,3060.76,1719.552898
1720512000,3060.41,3110.84,3056.76,3084.47,1577.547063
1720526400,3084.3,3105.82,3038.56,3068.31,1569.552019
1720540800,3068.31,3086.87,3047.09,3069.23,760.41439
1720555200,3069.51,3076.53,3049.44,3066.5,965.854304
1720569600,3066.5,3081.18,3024.37,3080.24,1155.293598
1720584000,3080.22,3129.78,3080.22,3097.95,1052.717126
1720598400,3097.96,3107.79,3080,3100.85,774.753889
1720612800,3100.86,3127.19,3080,3122.49,1625.454118
1720627200,3122.5,3149.45,3091.94,3107.88,2391.187822
1720641600,3106.99,3109.89,3082.36,3102.21,1064.865227
1720656000,3102.21,3126.36,3055.66,3076.77,847.086088
1720670400,3076.51,3121.36,3074.15,3117.77,2396.629406
1720684800,3117.99,3156.3,3114.73,3146.85,2550.263258
1720699200,3146.86,3213.77,3107.19,3118.35,2893.920147
1720713600,3118.4,3146.91,3099.54,3107.13,1134.333701
1720728000,3107.13,3120.29,3087.67,3098.64,948.435277
1720742400,3098.64,3116.39,3054.68,3085.19,1175.251885
1720756800,3085.18,3097.35,3060.01,3072.97,809.403564
1720771200,3072,3082.5,3048.46,3068.51,1552.63426
1720785600,3068.92,3138.43,3058.33,3133.01,1960.245522
1720800000,3133.01,3155.44,3115.89,3116.1,2397.413828
1720814400,3116.1,3134.28,3091.86,3133.65,917.792987
1720828800,3133.83,3138.5,3121.97,3121.98,476.118523
1720843200,3121.98,3143.46,3115,3140.56,1453.953679
1720857600,3140.7,3170.18,3132.38,3156.91,1240.857118
1720872000,3157.09,3163.81,3143.74,3155.69,598.192662
1720886400,3155.61,3164.62,3147.82,3164.62,334.3739
1720900800,3164.61,3200.1,3146.5,3177.16,1386.876373
1720915200,3176.66,3192.11,3166.31,3174.13,517.382885
1720929600,3173.97,3249.99,3172.43,3199.31,5318.704685
1720944000,3196.95,3224.45,3196.95,3202.98,923.411056
1720958400,3202.98,3203.77,3177.27,3190.38,351.811866
1720972800,3190.38,3196.79,3185,3191.36,382.750678
1720987200,3191.43,3266.29,3191.27,3246.69,2031.663221
1721001600,3246.35,3340.84,3235.03,3331.02,5128.736008
1721016000,3330.95,3368.05,3323.88,3357.61,1136.512037
1721030400,3357.61,3371.66,3330.78,3339.71,1168.832665
1721044800,3340.26,3394,3336.25,3369.32,2377.239918
1721059200,3369.32,3431.91,3363.28,3408.48,3712.322412
1721073600,3408.47,3493.29,3407.77,3486.35,4334.19817
1721088000,3486.38,3497.51,3458.11,3471.32,1669.333343
1721102400,3471.18,3477.09,3375,3379.39,1927.317128
1721116800,3378.47,3423.52,3350,3418.7,3457.824974
1721131200,3418.7,3485.99,3380.01,3479.17,3049.347434
1721145600,3479.17,3493,3445,3474.99,1805.14369
1721160000,3475,3475,3418.49,3442.5,1450.805336
1721174400,3442.99,3515.44,3442.99,3482.17,1635.958764
1721188800,3482.17,3516.04,3477.98,3487.85,2727.596333
1721203200,3487.43,3499.83,3443.51,3449.95,1700.25051
1721217600,3449.96,3474.67,3435.81,3440,1409.211358
1721232000,3440,3440,3376.5,3418.01,1958.732314
1721246400,3418.01,3426.7,3387.29,3387.54,1077.136918
1721260800,3387.46,3437.99,3385.37,3429.12,850.695642
1721275200,3429.13,3450.86,3409.72,3436.17,797.261064
1721289600,3434.99,3461.57,3434.5,3458.1,3509.956681
1721304000,3458.1,3487.04,3385.49,3388.85,2069.756897
1721318400,3388.85,3420.86,3369.35,3406.7,1678.439954
1721332800,3404.84,3435.22,3398.93,3425.49,654.08284
1721347200,3425.49,3429.27,3386.01,3427.08,1136.346334
1721361600,3427.09,3447.62,3388.57,3390.25,852.831748
1721376000,3390.25,3407.43,3378,3401.32,1504.885135
1721390400,3401.32,3472,3397.91,3463.57,1692.584101
1721404800,3463.58,3540.89,3463.57,3525.82,4713.952905
1721419200,3525.19,3526,3495.31,3505.15,1974.573869
1721433600,3505.52,3507.99,3482.33,3498.01,787.328513
1721448000,3498.01,3506.75,3492.74,3492.74,581.126788
1721462400,3492.74,3495.49,3484.24,3486.87,325.262974
1721476800,3486.88,3506.98,3483.37,3502.05,806.405946
1721491200,3504.19,3538.73,3494.27,3514.34,1562.429909
1721505600,3514.35,3526.33,3506,3518.62,890.993728
1721520000,3518.01,3528.98,3507.83,3512.79,649.908183
1721534400,3512.79,3513.11,3476.5,3486.9,714.041575
1721548800,3486.9,3505.28,3486.9,3497.14,218.772296
1721563200,3497.14,3516.14,3486.86,3500.01,572.097115
1721577600,3500.02,3524.35,3412.19,3491.99,4484.543545
1721592000,3491.99,3545,3485.77,3534.56,2813.162866
1721606400,3534.57,3563.21,3518.08,3518.08,1740.55014
1721620800,3518.09,3521.49,3461.89,3482.99,1582.663191
1721635200,3479.99,3500.99,3470.38,3500.19,539.648143
1721649600,3500.39,3505.19,3437.93,3457.65,1416.823821
1721664000,3457.65,3498.79,3446.07,3496.98,1439.764322
1721678400,3496.98,3497.99,3427,3440.38,2843.001778
1721692800,3441.07,3487.87,3437.9,3475.27,927.088507
1721707200,3475.21,3481.99,3428.16,3451.54,888.684729
1721721600,3452.45,3540.34,3452.45,3517.77,2330.348462
1721736000,3517.58,3517.59,3431.57,3455.25,3165.244689
1721750400,3455.26,3499.36,3390.5,3461.66,8073.459156
1721764800,3460.52,3500,3458.79,3480.96,1662.202407
1721779200,3480.97,3485.4,3428,3449.13,998.002493
1721793600,3448.86,3449.98,3433.02,3444.35,710.708495
1721808000,3444.35,3471.01,3443.93,3460.7,1044.900012
1721822400,3460.62,3468.98,3411.79,3416.82,1930.98789
1721836800,3415.24,3430.02,3361,3361,4567.548093
1721851200,3362.13,3375.25,3302,3336.11,3455.223368
1721865600,3336.11,3340.26,3154,3168.34,6598.038352
1721880000,3167.75,3192.74,3100.39,3171.17,2642.404164
1721894400,3171.17,3185.15,3154.43,3171.16,976.03506
1721908800,3171.45,3180,3108.72,3141.1,3039.493262
1721923200,3141.1,3170.76,3101.76,3122.21,1901.083362
1721937600,3122.99,3196.16,3087.72,3173.35,2162.175729
1721952000,3173.35,3256.9,3171.12,3236.1,1352.473826
1721966400,3236.11,3272.97,3234.21,3249.26,1987.443466
1721980800,3249.26,3261.33,3235.49,3246.48,459.357367
1721995200,3246.78,3268.8,3222.7,3254.94,1439.304082
1722009600,3254.93,3286.07,3244.32,3274.85,4928.86729
1722024000,3274.85,3285.59,3252.38,3275.76,679.309213
1722038400,3274.94,3274.94,3245,3245.98,907.820477
1722052800,3245.98,3276.2,3245,3272.76,361.61873
1722067200,3272.76,3282.32,3264.11,3277.55,441.954042
1722081600,3277.56,3327.57,3271.7,3280.68,2432.096313
1722096000,3280.69,3289.99,3232.98,3262.79,1491.487844
1722110400,3262.17,3293.44,3195,3249.22,1950.362975
1722124800,3249.23,3254.09,3228.72,3239.98,255.908994
1722139200,3239.98,3243.31,3201.5,3225.88,440.316514
1722153600,3225.88,3264.96,3217.96,3257.84,106.51158
1722168000,3257.47,3276.66,3255.55,3269.34,890.773154
1722182400,3269.34,3281.83,3263.61,3273.01,336.239799
1722196800,3272.16,3273.58,3252.5,3270.02,466.21206
1722211200,3269.63,3354.06,3267.72,3347.98,828.583558
1722225600,3347.98,3387,3340.12,3368.33,1375.830079
1722240000,3366.79,3395,3364.54,3376.28,1101.915841
1722254400,3376.28,3385,3290.94,3308.26,2205.395199
1722268800,3308.26,3320.51,3258.44,3310.14,3532.359198
1722283200,3310.78,3351.13,3310.14,3319.69,1462.700909
1722297600,3318.82,3334.43,3282.7,3320.57,637.144935
1722312000,3320.2,3350,3299.11,3340.15,1943.73928
1722326400,3340.02,3354.4,3327.48,3334.79,466.397699
1722340800,3334.3,3362.85,3292.98,3321.95,2570.768066
1722355200,3321.96,3326.17,3261.31,3270,1620.635848
1722369600,3270.01,3284.14,3231.43,3278.39,761.382303
1722384000,3278.39,3302,3262.68,3293.42,586.972277
1722398400,3293.42,3328.74,3262.48,3316.1,656.850693
1722412800,3316.06,3323.33,3306.38,3320,298.701495
1722427200,3320,3347.76,3299,3301.18,1927.102857
1722441600,3301.18,3324.56,3245.57,3265.19,2536.825043
1722456000,3264.45,3270.74,3215.64,3230.87,5754.672007
1722470400,3231.38,3240.15,3172.92,3178.21,1321.120251
1722484800,3177.4,3186.68,3136.81,3166.08,1861.11894
1722499200,3166.08,3191.36,3164.44,3187.76,885.514535
1722513600,3187.76,3205.29,3101.04,3115,2077.274504
1722528000,3115.01,3132,3079.55,3129.52,3273.164025
1722542400,3128.7,3213.29,3120,3201.93,1676.892425
1722556800,3201.94,3214.79,3135.95,3165.54,2973.845928
1722571200,3165.55,3171.21,3125.11,3146.78,286.851802
1722585600,3144.46,3163.45,3133.05,3151.16,1646.713237
1722600000,3150.63,3177.23,2985.38,3038.99,4895.22966
1722614400,3038.01,3044.14,2993.01,3010.38,2581.214157
1722628800,3010.38,3036.15,2966,2985.96,2924.17734
1722643200,2985.96,2996.99,2909.88,2978.81,3843.583916
1722657600,2978.82,2992.05,2958.32,2982.98,1569.852705
1722672000,2982.97,3001.41,2973.76,2995.61,217.576674
1722686400,2995.61,3013.47,2937.52,2942.67,1115.230597
1722700800,2941.57,2953.6,2878.63,2892.69,4123.79551
1722715200,2892.7,2920.19,2859.29,2902.03,2373.929958
1722729600,2902.2,2931.9,2877.71,2914.68,519.460494
1722744000,2914.18,2919.83,2887.13,2891.04,490.239963
1722758400,2891.37,2922.26,2877.71,2913.24,336.591995
1722772800,2913.24,2922.68,2818.92,2823.13,3031.355612
1722787200,2824.8,2834.94,2628,2757.05,9857.844907
1722801600,2756.5,2769.71,2680.87,2687.17,3166.170625
1722816000,2687.18,2694.76,1911.81,2313.94,39434.501182
1722830400,2313.63,2383.48,2157.42,2357.97,15431.603345
1722844800,2357.9,2361.28,2225.5,2291.39,12156.400109
1722859200,2291.38,2461.84,2184.77,2452.57,18658.621574
1722873600,2453.09,2517.62,2365.67,2405.53,7218.856645
1722888000,2406.12,2475,2403.78,2417.54,3598.114324
1722902400,2419.84,2547.72,2416.6,2492.98,4585.715122
1722916800,2492.99,2535.08,2480.48,2525.58,3331.62193
1722931200,2525.57,2525.57,2443.63,2461.85,2544.600815
1722945600,2459.52,2555.15,2417.15,2529.44,3177.87146
1722960000,2529.68,2550.35,2483.46,2495.29,4809.535912
1722974400,2494.07,2513.52,2448.6,2461.39,3251.74878
1722988800,2462.53,2528.65,2428.89,2510.18,1997.25306
1723003200,2508.4,2535,2489.14,2510.73,2492.034582
1723017600,2511.64,2552.41,2474.69,2474.69,2005.072402
1723032000,2474.42,2486.8,2366,2412.94,4805.043011
1723046400,2412.89,2416.29,2329.09,2351.16,4603.237062
1723060800,2350.87,2370.57,2311.07,2343.07,3084.981514
1723075200,2343.4,2464.88,2321.71,2432.09,4161.180735
1723089600,2431.28,2444.88,2413.23,2413.84,1403.950159
1723104000,2413.85,2460.73,2411.54,2450.68,963.222789
1723118400,2450.08,2525.6,2413.43,2507.06,4395.127927
1723132800,2507.97,2608.55,2507,2570.9,5743.490853
1723147200,2575.95,2722.73,2570.66,2685.81,7524.595774
1723161600,2685.28,2700,2648.31,2694.94,3401.425485
1723176000,2694.94,2706.4,2649.5,2670.01,1630.333034
1723190400,2670.01,2679.97,2620.47,2637.98,1651.24023
1723204800,2635.41,2661.89,2559.26,2559.27,2383.027745
1723219200,2559.26,2608.61,2555.01,2591.01,1899.494709
1723233600,2591.43,2612.52,2565.33,2600.02,2736.532414
1723248000,2600.19,2644.37,2578.89,2603.41,916.374181
1723262400,2603.58,2635.56,2592.32,2635.55,277.820826
1723276800,2635.56,2643.26,2623.79,2637.65,233.987414
1723291200,2637.53,2638.39,2598.01,2598.99,581.543428
1723305600,2599,2620.84,2591.91,2603.09,370.341527
1723320000,2603.79,2617.11,2598.37,2609.2,278.8845
1723334400,2609.21,2667.46,2607.16,2647.92,1011.694054
1723348800,2647.55,2680.52,2637.13,2679.08,415.436292
1723363200,2679.08,2719.11,2645.75,2655.95,954.860271
1723377600,2655.24,2656.87,2597.8,2614.67,1618.585578
1723392000,2614.67,2645.28,2597.53,2601.11,1039.095917
1723406400,2601.1,2601.98,2539.84,2553.06,3487.325428
1723420800,2555.79,2576,2511,2541.56,1619.582857
1723435200,2541.56,2581.35,2518.12,2569.45,873.952695
1723449600,2569.46,2681.54,2561.57,2673.28,2096.938459
1723464000,2673.28,2729.19,2595.17,2688.82,6589.972787
1723478400,2688.83,2697.34,2630,2657.82,2849.741778
1723492800,2658.67,2748.86,2658.67,2723.29,2053.385874
1723507200,2722.95,2737.19,2651.06,2657.13,2594.305832
1723521600,2657.14,2663.07,2637.6,2649,1277.673026
1723536000,2648.7,2657.11,2613.58,2642.81,1086.587661
1723550400,2643.37,2675.48,2633.36,2652.84,1765.5636
1723564800,2653.1,2729.99,2651.27,2712.86,4673.932464
1723579200,2712.94,2732.9,2695.52,2703,2197.507126
1723593600,2703.01,2724.13,2687.79,2711.47,1753.248175
1723608000,2711.48,2749.8,2710.19,2728.57,1781.106981
1723622400,2728.57,2763.62,2718.31,2754.23,1681.852925
1723636800,2754.24,2778.99,2635,2676.67,4340.189756
1723651200,2675.86,2675.86,2643.18,2669.85,2152.743109
1723665600,2669.59,2678.89,2642.01,2664.15,1245.37193
1723680000,2664.16,2672.09,2635.03,2652.68,1949.151997
1723694400,2652.83,2654.55,2591.1,2614.84,1532.280885
1723708800,2614.82,2641.71,2606.8,2638.5,516.468217
1723723200,2638.5,2675.11,2634.63,2669.29,2386.753593
1723737600,2669.3,2674.83,2521.44,2551.53,9664.815198
1723752000,2550.51,2589.51,2514.38,2570.08,2540.947929
1723766400,2570.09,2608.11,2552.27,2580.49,1071.487785
1723780800,2580.26,2627.11,2579.17,2617.55,1335.051124
1723795200,2617.56,2625,2607.99,2615.13,2104.02371
1723809600,2613.71,2617.99,2550.93,2570.65,4207.748054
1723824000,2571.61,2631.6,2565.17,2621.58,3190.096712
1723838400,2621.28,2625.64,2588.02,2593.43,2222.52333
1723852800,2593.5,2606.78,2588.86,2596.27,718.957057
1723867200,2595.39,2603.16,2591.85,2599.29,202.960786
1723881600,2599.29,2606.75,2594.72,2599.66,871.319172
1723896000,2599.65,2619.02,2597.68,2607.34,366.012811
1723910400,2607.23,2626.09,2607.23,2614.74,462.709765
1723924800,2614.99,2617.82,2602.32,2613.74,675.181586
1723939200,2613.74,2636.42,2605.97,2607.18,850.265495
1723953600,2607.18,2609.71,2596.75,2606.64,402.771284
1723968000,2606.65,2664.3,2605.94,2648.07,3240.33497
1723982400,2648.08,2685.35,2645.01,2671.72,2021.699666
1723996800,2671.78,2677.18,2644.89,2665.69,1122.554864
1724011200,2667.76,2669.99,2610.24,2612.65,600.986654
1724025600,2612.7,2646.22,2606.19,2645.31,1023.94817
1724040000,2645.09,2646.46,2613.38,2614.42,500.783283
1724054400,2614.42,2622.07,2561.87,2590.91,1610.968637
1724068800,2589.61,2604.73,2566.25,2585.4,3055.449352
1724083200,2585.41,2629.75,2576.49,2608.88,1203.50819
1724097600,2607.21,2639.81,2606,2637.92,821.525711
1724112000,2637.86,2675.78,2624.49,2661.51,919.216177
1724126400,2662.92,2695.07,2660,2675.88,676.895649
1724140800,2675.88,2675.88,2642.34,2643.27,749.019665
1724155200,2644.41,2656.54,2557.06,2575.07,2075.612496
1724169600,2575.37,2606.17,2566.42,2602.68,1506.483357
1724184000,2603.22,2607.77,2567.08,2573.45,785.384658
1724198400,2573.05,2597.11,2558.65,2591,853.875076
1724212800,2591,2605.59,2590.81,2601.04,858.713309
1724227200,2601.05,2606.19,2570.09,2579.68,709.665822
1724241600,2578.48,2617,2536.68,2603,4022.332831
1724256000,2602.47,2649.35,2593.08,2647.82,2020.271071
1724270400,2647.9,2662.7,2621.96,2629.76,1624.060021
1724284800,2629.77,2639.21,2586.27,2616.43,944.427796
1724299200,2616.89,2641.71,2614.36,2637.05,393.335325
1724313600,2637.05,2643.84,2622.95,2642.71,474.525703
1724328000,2642.72,2644.94,2592.04,2599.04,1696.592774
1724342400,2599.04,2618.54,2599.03,2605.58,922.507108
1724356800,2606.11,2626.3,2606.1,2623.19,1890.84964
1724371200,2623.19,2651.68,2623.18,2635.92,1004.151601
1724385600,2635.92,2688,2635.91,2669.06,1666.349451
1724400000,2669.07,2679.54,2652.74,2653.59,547.203703
1724414400,2653.12,2699.3,2633.58,2671.95,3089.701202
1724428800,2671.95,2749.75,2663.85,2749.55,3172.32793
1724443200,2748.31,2800,2747.06,2764.61,2259.960404
1724457600,2764.88,2770,2745,2748.41,1388.204735
1724472000,2748.41,2765.99,2742.35,2760.03,570.341421
1724486400,2759.89,2785.07,2757.66,2759.87,1105.497811
1724500800,2758.72,2764.8,2755.67,2762.62,1132.544236
1724515200,2762.62,2820.53,2761.82,2795.1,2855.20345
1724529600,2794.97,2806.97,2733.71,2769.76,2226.369329
1724544000,2769.77,2781.38,2752.01,2763.99,918.410916
1724558400,2764,2769.88,2735.83,2743.81,439.721942
1724572800,2744.05,2760.4,2740.65,2751.39,641.839581
1724587200,2751.4,2773.04,2747.9,2764.88,549.169731
1724601600,2765.09,2774.09,2762.46,2767.6,440.954912
1724616000,2768.34,2792.86,2742.89,2747,1049.688322
1724630400,2747.01,2761.38,2719.92,2745.4,686.463749
1724644800,2745.39,2752.77,2731.53,2735.32,841.554916
1724659200,2735.32,2747.77,2711.57,2738.26,1145.172903
1724673600,2738.28,2742,2704.49,2722.85,2424.467564
1724688000,2722.85,2731.84,2676.92,2679.02,2035.286768
1724702400,2679.44,2692.13,2669.69,2681.1,1480.879661
1724716800,2681.11,2693.18,2668.07,2685.69,1156.538388
1724731200,2685.7,2700.18,2676.36,2687.87,479.099189
1724745600,2687.87,2690.73,2620.27,2626.3,2098.597361
1724760000,2626.35,2628.27,2561.74,2579.62,3722.249554
1724774400,2579.01,2590,2565.32,2583.38,2145.673976
1724788800,2583.99,2586.65,2394,2458.44,5728.227685
1724803200,2458.44,2480.34,2421,2479.21,9020.959502
1724817600,2479.04,2484.99,2434.51,2437.29,1093.834484
1724832000,2437.3,2547.72,2430.22,2524.01,2939.290012
1724846400,2524.01,2537.89,2470.01,2496.75,2603.686337
1724860800,2496.84,2543.82,2457.53,2503.84,3172.566779
1724875200,2505.48,2553.69,2505.48,2528.36,1039.696544
1724889600,2528.37,2537.92,2514.29,2523.58,1020.414932
1724904000,2523.59,2558.28,2520.01,2549.88,268.545847
1724918400,2549.89,2573.05,2539.65,2557.04,810.839246
1724932800,2557.04,2596.82,2554.14,2578.52,2426.902296
1724947200,2578.53,2586.01,2512.13,2527.13,3562.131525
1724961600,2528,2543.7,2505.87,2528.61,1482.977173
1724976000,2528.62,2534.11,2506.04,2517.23,995.555849
1724990400,2516.71,2532.53,2506,2518.12,660.707617
1725004800,2518.12,2527.23,2509.18,2512.77,1779.262468
1725019200,2512.75,2551.74,2434.73,2448.66,4645.805142
1725033600,2448.66,2539.01,2431.12,2506.6,6301.917628
1725048000,2506.61,2529.57,2506.14,2526.84,869.924765
1725062400,2526.84,2533.33,2520.89,2522.73,427.354045
1725076800,2522.73,2528.82,2518.4,2521.38,460.867493
1725091200,2520.45,2528.21,2512.5,2524.72,357.233637
1725105600,2524.72,2526.09,2514.15,2517.26,264.732111
1725120000,2517.27,2518.29,2493.08,2499.6,510.266935
1725134400,2498.97,2526.08,2494.38,2512.79,473.855272
1725148800,2512.65,2514.58,2477,2488.89,846.55429
1725163200,2488.89,2489.4,2460,2485.96,2816.605821
1725177600,2485.97,2491.59,2460,2477.34,1511.782506
1725192000,2477,2489.12,2438.52,2480,5016.996184
1725206400,2480,2512.46,2459,2500.46,5014.520496
1725220800,2500.47,2513.72,2401,2427.5,2372.143096
1725235200,2427.51,2452.71,2424.61,2449.01,1509.153494
1725249600,2449.02,2464.01,2435.01,2439.15,1438.808596
1725264000,2439.15,2535.23,2439.15,2515.41,4030.583653
1725278400,2515.42,2525,2493.09,2515.09,2014.238831
1725292800,2515.09,2529.68,2506.27,2523.93,547.497663
1725307200,2524.4,2564.36,2522.51,2538.48,1425.811681
1725321600,2538.49,2551.53,2515.76,2515.77,439.044014
1725336000,2515.78,2525.39,2513.47,2520.38,889.437406
1725350400,2520.23,2520.23,2495.58,2508.27,1104.053629
1725364800,2508.87,2516.85,2436.44,2441.9,2493.350357
1725379200,2443.9,2467.34,2436,2445.42,2988.733818
1725393600,2446.16,2469.39,2414.3,2422.26,2203.987306
1725408000,2424.81,2448.16,2308,2372.67,6261.268318
1725422400,2372.68,2412.75,2363.72,2400.18,1875.142998
1725436800,2400.43,2408.78,2387.99,2400.2,1405.448126
1725451200,2400.21,2457.17,2393.79,2456.06,2066.924908
1725465600,2455.7,2488.55,2440.59,2451.93,3810.641369
1725480000,2451.93,2467.97,2445.37,2450.08,486.311749
1725494400,2450.4,2465.48,2404.47,2404.47,1141.198152
1725508800,2404.7,2417.45,2377.36,2412.47,883.277618
1725523200,2412.48,2415.25,2383.46,2388.85,722.208286
1725537600,2388.86,2413.05,2356.05,2371.7,2438.731001
1725552000,2371.61,2394.72,2347.6,2361.99,1516.815819
1725566400,2362,2376.96,2350.98,2368.47,1652.297441
1725580800,2368.17,2406.03,2357.12,2393.47,711.646153
1725595200,2392.33,2395.62,2323,2345.16,1211.576227
1725609600,2345.14,2378.76,2338.3,2372.53,553.421807
1725624000,2372.53,2406.23,2263.74,2288.19,9752.84327
1725638400,2288.19,2290.31,2207.01,2220.74,7140.786599
1725652800,2220.02,2226.88,2150,2224.45,5454.603589
1725667200,2224.45,2241.3,2222,2238.02,6531.222352
1725681600,2238.02,2293.44,2238.01,2288.73,1135.910376
1725696000,2288.72,2297.68,2275.92,2284.12,513.500194
1725710400,2284.12,2309.57,2282.92,2300.51,682.065915
1725724800,2300.46,2302.64,2265.01,2290.29,816.489668
1725739200,2290.29,2290.29,2258.71,2273.1,486.808794
1725753600,2273.11,2287.78,2263.48,2285.11,972.454866
1725768000,2285.11,2302.76,2283.98,2295.26,470.898488
1725782400,2295.27,2307.47,2287.59,2295.66,479.567905
1725796800,2295.66,2297,2242.87,2244.14,1148.156761
1725811200,2244.14,2282.3,2243.48,2271.7,1333.286595
1725825600,2271.7,2333.02,2267.25,2296.92,1387.441134
1725840000,2297.31,2318.46,2288.22,2303.86,710.870005
1725854400,2303.86,2315.21,2284.4,2313.75,725.660458
1725868800,2313.63,2337.09,2312.61,2314.12,1054.211799
1725883200,2314.12,2324.67,2274.57,2292.27,1859.241137
1725897600,2292.27,2353.38,2291.75,2350.87,3553.89136
1725912000,2350.96,2380,2337.62,2359.08,2265.372633
1725926400,2359.08,2359.34,2335.94,2340.91,729.047112
1725940800,2340.91,2366.27,2330.31,2361.63,823.062712
1725955200,2361.63,2370.44,2339.9,2352.34,642.607194
1725969600,2352.34,2361.9,2321.78,2324.87,798.646596
1725984000,2325.34,2389.72,2325.33,2382.98,2096.311278
1725998400,2381.41,2398,2372.28,2387.78,1593.92905
1726012800,2387.78,2389.3,2340.07,2347.86,1893.443156
1726027200,2347.99,2347.99,2320,2341.82,793.99987
1726041600,2341.68,2341.68,2309,2325.35,1044.286563
1726056000,2325.35,2353.4,2278.81,2324.61,3307.797038
1726070400,2325.4,2367.26,2325.4,2342.51,1503.565023
1726084800,2340.89,2350,2334.53,2339.99,616.736388
1726099200,2340,2390,2339.82,2369.83,1511.810309
1726113600,2369.83,2377.98,2353.95,2358.03,400.619038
1726128000,2358.03,2366.03,2344.42,2348.51,491.204907
1726142400,2348.51,2366.34,2315.98,2321.99,949.468584
1726156800,2321.99,2360.25,2321.98,2359.23,1829.400762
1726171200,2359.23,2370.89,2342.87,2361.34,1409.599408
1726185600,2361.34,2364.05,2350.34,2356.37,441.112362
1726200000,2356.38,2358.93,2338.17,2349.41,281.837504
1726214400,2349.41,2373.99,2342.29,2350.96,396.209025
1726228800,2352.52,2412.39,2343.11,2407.26,1034.26059
1726243200,2408,2429.49,2397.79,2421.2,3664.721695
1726257600,2422.57,2465,2414.49,2440.89,2738.96751
1726272000,2441.43,2442.15,2424.01,2434.09,4324.890554
1726286400,2434.21,2435.22,2415.85,2421.62,1881.481843
1726300800,2421.13,2421.6,2410.54,2416.27,314.052658
1726315200,2416.28,2424.36,2414.44,2419.38,308.815308
1726329600,2419.28,2421.63,2381,2409.9,2518.290313
1726344000,2409.91,2421.62,2409.9,2416.99,679.557305
1726358400,2417,2429.52,2416.99,2420.88,266.515319
1726372800,2420.78,2424.35,2416.48,2422.77,200.523685
1726387200,2422.77,2423.5,2403.18,2407.11,611.540708
1726401600,2407.11,2417.29,2396.89,2409.56,453.41827
1726416000,2409.29,2409.66,2365.01,2372.88,1009.50076
1726430400,2372.33,2372.33,2286.06,2316.87,1365.583204
1726444800,2316.26,2322.34,2253.06,2278.11,2211.994503
1726459200,2278.11,2311.38,2276.31,2311.06,1323.970422
1726473600,2311.07,2333.53,2289.41,2307.71,521.88566
1726488000,2307.71,2311.37,2269.14,2287.59,1343.506998
1726502400,2287.03,2308.65,2270,2273.05,2010.605566
1726516800,2274.33,2300,2268.86,2295.03,1485.55638
1726531200,2295.03,2298.24,2262.99,2283.66,1536.500693
1726545600,2283.66,2309.3,2282.64,2309.17,396.997956
1726560000,2308.98,2321.99,2302.37,2308.43,668.701923
1726574400,2308.43,2392.12,2303.83,2383.59,2797.924109
1726588800,2383.6,2388,2330.3,2352.61,1403.618404
1726603200,2352.8,2360.53,2331,2341.69,2126.135708
1726617600,2341.69,2341.69,2312.59,2336.5,1390.316815
1726632000,2336.51,2336.51,2314.83,2330.73,590.951617
1726646400,2330.73,2330.73,2277.26,2299.91,748.829076
1726660800,2299.98,2317.96,2289.01,2297.01,1809.488693
1726675200,2297.01,2363.96,2289.91,2313.99,3996.060089
1726689600,2313.99,2374.85,2291.32,2374.75,2088.712875
1726704000,2374.47,2412.22,2374.09,2404.25,1160.067513
1726718400,2404.04,2441,2400.31,2437.03,1917.935612
1726732800,2437.03,2440.97,2424.04,2435.81,4343.115357
1726747200,2435.59,2451,2422.06,2438.77,2285.313817
1726761600,2438.78,2493.44,2435.5,2462.52,5069.16498
1726776000,2462.53,2477.09,2454.79,2464.52,2742.6273
1726790400,2464.52,2519.98,2437.9,2519.98,2213.973876
1726804800,2519.97,2570.3,2517.4,2560.39,2020.661015
1726819200,2560.62,2564.81,2539.98,2544.66,1230.204224
1726833600,2544.66,2569.88,2516.13,2559.35,4758.079614
1726848000,2559.36,2567.18,2526.07,2540.31,4084.001391
1726862400,2541.33,2561.98,2538.56,2561.44,4485.261697
1726876800,2561.6,2587.3,2535.5,2544.81,4180.276255
1726891200,2544.27,2558.83,2530.01,2556.14,3580.694146
1726905600,2556.12,2557.6,2545.95,2557.03,3135.871859
1726920000,2557.03,2576.69,2552.75,2561.5,3647.205955
1726934400,2561.57,2578.98,2558.02,2572.47,3636.784367
1726948800,2573.23,2623.53,2562,2615,4581.397047
1726963200,2615.01,2633.03,2588.9,2596.01,5793.994506
1726977600,2596.01,2605.1,2577,2589.16,3324.349997
1726992000,2588.41,2596.31,2572,2582.62,3305.057027
1727006400,2582.62,2588.34,2557.19,2571.14,3860.906355
1727020800,2570.85,2592.4,2554.45,2579.68,3545.777203
1727035200,2579.56,2594.56,2528.08,2581.99,5702.919242
1727049600,2582,2685.02,2541.35,2677.13,6095.757941
1727064000,2677.12,2681.08,2637.81,2646.35,5739.56503
1727078400,2646.36,2661.87,2635.54,2645.01,10310.187092
1727092800,2645.01,2685.33,2633.25,2675.71,5423.467162
1727107200,2675.68,2701.15,2659.38,2673.03,5695.598338
1727121600,2672.53,2682.11,2640.17,2646.91,2019.313154
1727136000,2647.16,2651.16,2611.11,2626.03,2858.045395
1727150400,2626.04,2649.01,2618.86,2647.28,1137.137035
1727164800,2646.61,2665.99,2635.83,2636.48,1277.222749
1727179200,2636.49,2645,2592.47,2613.07,2885.943231
1727193600,2612.38,2655.56,2611.37,2651.99,1685.28125
1727208000,2651.99,2669.98,2640.57,2653.13,2269.171523
1727222400,2653.14,2672.53,2634.88,2644.79,1593.72308
1727236800,2644.8,2644.8,2612.11,2621.98,781.258102
1727251200,2621.2,2627.99,2614.3,2625.52,533.291128
1727265600,2625.99,2627.39,2598.25,2599.99,1698.548235
1727280000,2599.76,2607.33,2566.35,2570.01,2139.410937
1727294400,2570.01,2584.23,2554.51,2580.05,1478.611775
1727308800,2579.15,2603.99,2559.6,2601.45,1057.039036
1727323200,2601.46,2632.46,2591.81,2632.11,499.992301
1727337600,2629.39,2638.37,2614.05,2627.16,803.760376
1727352000,2627.16,2661.54,2610.21,2654.96,3124.416881
1727366400,2653.34,2664.49,2627.23,2650.63,2302.830404
1727380800,2650.8,2655.56,2620,2632.14,1674.387763
1727395200,2632.14,2643.5,2617.2,2638.33,623.908268
1727409600,2638.51,2666.66,2637.58,2659.39,1394.326052
1727424000,2657.91,2676.39,2641.9,2652.56,1204.656884
1727438400,2652.56,2698,2644.92,2683.48,2317.57811
1727452800,2683.48,2728.44,2680,2702.27,3888.475623
1727467200,2702.28,2707.5,2690.81,2695.01,1069.254243
1727481600,2695.01,2702.63,2690,2692.09,601.968194
1727496000,2692.1,2699.88,2675.92,2678.36,2046.631528
1727510400,2678.36,2678.65,2650.66,2674.28,840.627355
1727524800,2674.32,2674.67,2655,2670.09,756.595661
1727539200,2670.1,2684.81,2663.5,2677.02,586.02145
1727553600,2677.03,2680.08,2657.05,2678.61,492.014766
1727568000,2675.74,2683.66,2665.05,2675,331.237929
1727582400,2675,2675,2637.36,2640.24,507.733498
1727596800,2640.24,2653.35,2635.5,2652.59,1415.472641
1727611200,2652.6,2668.29,2642.98,2666.12,870.829171
1727625600,2666.12,2671.42,2653,2666.63,1689.066211
1727640000,2666.64,2672.78,2650,2657.89,876.064696
1727654400,2658.03,2662.14,2602.36,2629.69,2049.064705
1727668800,2629.7,2643.71,2623.37,2637.96,780.362398
1727683200,2637.96,2641.33,2594.2,2627.46,1855.428202
1727697600,2627.46,2636.21,2594.25,2594.25,1431.623618
1727712000,2594.45,2608.54,2575.4,2592.26,1424.296764
1727726400,2592.27,2614.78,2577.6,2602.97,762.618322
1727740800,2602.42,2630.86,2591.47,2628.14,915.816312
1727755200,2628.13,2656.03,2627.17,2644.78,957.26613
1727769600,2644.78,2645.19,2628.83,2628.83,656.209956
1727784000,2628.83,2633.36,2483.87,2523.64,9941.643418
1727798400,2523.92,2528.83,2430.09,2486.49,5405.459324
1727812800,2486.49,2489.4,2413.97,2448.27,2559.526773
1727827200,2447.38,2498.17,2441.95,2489.57,1740.663121
1727841600,2489.57,2491.14,2468.01,2483.32,608.951927
1727856000,2483.32,2485.79,2443.19,2456.56,934.094884
1727870400,2456.57,2462.99,2419.48,2460.82,3249.192058
1727884800,2460.85,2476.85,2367.94,2372.67,3845.872469
1727899200,2371.46,2391.32,2352.33,2363.93,2256.742599
1727913600,2363.92,2399,2352.81,2398.99,1037.603726
1727928000,2398.98,2402.24,2359.59,2365.87,365.105418
1727942400,2365.88,2369.32,2321.01,2351.69,1680.573984
1727956800,2351.69,2363.18,2311.08,2339.36,1968.909433
1727971200,2339.48,2352.01,2312.77,2351.36,766.167441
1727985600,2351.6,2356,2333.51,2349.46,531.729121
1728000000,2349.46,2378.39,2339.6,2367.26,747.510788
1728014400,2367.04,2385.72,2366.96,2381.69,630.48604
1728028800,2381.57,2392.2,2374.91,2385,776.715915
1728043200,2385,2416.11,2354.05,2415.11,3617.884795
1728057600,2416.04,2439,2411.71,2430,3417.469589
1728072000,2430,2431.09,2413.31,2414.51,722.020698
1728086400,2414.59,2428.2,2391.09,2400,646.250687
1728100800,2400.01,2426.74,2397.12,2416.64,902.432916
1728115200,2415.22,2427,2415.19,2417.45,691.278542
1728129600,2417.47,2423.82,2405.25,2415.24,807.233312
1728144000,2414.87,2415.24,2394.11,2395.23,678.827413
1728158400,2395.23,2419.39,2391,2414.78,386.538176
1728172800,2414.76,2421.19,2407.22,2413.71,224.573915
1728187200,2413.71,2420.52,2410.58,2418.39,282.797101
1728201600,2418.39,2429,2416.32,2428.99,539.285999
1728216000,2427.45,2455.05,2425.02,2447.77,1787.335127
1728230400,2447.82,2452.24,2435.45,2442,1098.150171
1728244800,2442.01,2444.32,2417.73,2440.03,1490.731527
1728259200,2439.82,2510.98,2437,2494.63,4432.329836
1728273600,2495.04,2497.21,2477.09,2481.95,954.395782
1728288000,2481.94,2487.99,2438.75,2473.98,1154.381381
1728302400,2473.99,2519,2462.11,2474.05,2720.801387
1728316800,2474.55,2479.42,2421.72,2445.36,1895.653537
1728331200,2445.36,2455.69,2405.01,2422.1,2371.116292
1728345600,2422.27,2447.58,2422.12,2437.48,1277.942118
1728360000,2437.48,2444.13,2412.2,2426.8,1286.055542
1728374400,2426.51,2438.37,2416.95,2437.63,325.912576
1728388800,2437.63,2450.19,2401.2,2417.84,1282.695679
1728403200,2417.94,2453.09,2410.17,2438.47,1662.996006
1728417600,2438.38,2462.83,2432.98,2439.22,701.504951
1728432000,2439.23,2471.13,2426.93,2444.99,1067.241117
1728446400,2444.99,2450.44,2431.9,2434.3,468.782129
1728460800,2434.3,2438.65,2427.71,2438.48,697.699244
1728475200,2438.48,2467.99,2421.98,2458.79,894.278007
1728489600,2458.8,2458.8,2405.18,2415.87,1200.627143
1728504000,2415.68,2415.68,2350.83,2366.78,2653.309247
1728518400,2366.79,2397.21,2364.89,2392.5,2011.500117
1728532800,2392.41,2406.62,2390.01,2392.95,1073.23728
1728547200,2393.08,2403.32,2366.16,2402.52,659.278195
1728561600,2402.53,2404.78,2369,2401.9,1476.757387
1728576000,2401.78,2416.23,2329.07,2366,3851.965826
1728590400,2366.01,2384.61,2356.6,2383.76,1572.623088
1728604800,2383.97,2412.99,2380.5,2408.99,651.96613
1728619200,2409,2414.51,2402.11,2404.75,244.05065
1728633600,2404.75,2422,2402,2415.73,785.90002
1728648000,2415.74,2451.94,2414.44,2444.5,1169.624469
1728662400,2444.51,2469.98,2433.84,2457.43,2220.589248
1728676800,2457.69,2461.39,2435,2436.86,1334.255647
1728691200,2436.87,2450,2433.52,2437.19,582.401322
1728705600,2437.2,2448.66,2437.19,2445.51,880.602303
1728720000,2445.19,2464.28,2441.81,2451.52,501.532867
1728734400,2451.53,2483.1,2449.96,2472.17,1774.489474
1728748800,2472.18,2484.05,2466.12,2470.32,596.10241
1728763200,2470.31,2488.34,2468.45,2477.11,1034.122351
1728777600,2477.11,2482.23,2454.18,2456.39,2061.958363
1728792000,2456.57,2467.22,2456.56,2462.65,483.858365
1728806400,2462.66,2469.46,2457.22,2457.9,549.087085
1728820800,2457.91,2468.33,2436.06,2438.78,1058.361551
1728835200,2438.79,2460,2437.17,2455.07,1374.395267
1728849600,2455.07,2481.14,2452.22,2466.4,1397.809093
1728864000,2466.4,2522.46,2442.47,2517.45,2771.92782
1728878400,2517.45,2545,2510.65,2532.9,1608.98956
1728892800,2532.91,2544.36,2518.36,2535.29,1038.890758
1728907200,2535.3,2639.08,2533.56,2633.46,4850.878986
1728921600,2632.64,2636,2613.05,2617.97,2015.234397
1728936000,2617.67,2650,2614.53,2628.13,1373.754405
1728950400,2628.14,2634.11,2606.35,2610.35,2056.616635
1728964800,2610.35,2619.99,2588.6,2614.64,848.122377
1728979200,2614.65,2619.19,2578.87,2583.37,588.010137
1728993600,2583.38,2684.97,2538,2572.73,7515.381654
1729008000,2572.64,2616.02,2571.34,2590.99,3188.874302
1729022400,2590.99,2605.99,2564.4,2605.99,807.20669
1729036800,2605.99,2629,2589.36,2616.61,1975.216063
1729051200,2616.52,2621.95,2599.35,2606.98,563.93462
1729065600,2606.99,2639.96,2604.84,2629.54,1804.074703
1729080000,2629.44,2644.31,2596.72,2606.87,1319.476362
1729094400,2606.86,2627.74,2591.38,2615.01,2604.029146
1729108800,2615.01,2626.34,2609.34,2610.42,824.617874
1729123200,2610.43,2642.7,2610.42,2640.01,1216.782092
1729137600,2640.01,2646.75,2620,2624.98,839.36505
1729152000,2624.99,2629.17,2596.55,2597.35,576.366253
1729166400,2597.25,2629.99,2582.42,2629.99,1312.221012
1729180800,2629.98,2629.98,2576.01,2595.28,1182.898897
1729195200,2595.28,2612.45,2595.27,2603.04,865.360456
1729209600,2603.05,2647.95,2595.53,2609.57,2704.189157
1729224000,2608.87,2644.59,2608.29,2642.56,847.055032
1729238400,2642.57,2647.31,2619.97,2620.05,806.221444
1729252800,2620.05,2660.91,2612.22,2652.62,2000.679609
1729267200,2652.87,2673.41,2630.01,2652.08,2176.262789
1729281600,2652.22,2652.22,2634.72,2641.79,637.287355
1729296000,2641.79,2660.99,2635.7,2647.33,374.497061
1729310400,2647.33,2648.89,2639.63,2639.64,180.17983
1729324800,2639.64,2646.92,2631.03,2631.03,245.976056
1729339200,2631.21,2652.28,2630.99,2643.61,297.475549
1729353600,2643.61,2644.4,2637.11,2640.72,266.759961
1729368000,2640.71,2653,2640.71,2648.53,350.571461
1729382400,2648.53,2652.7,2635.22,2640.4,1777.735994
1729396800,2640.06,2650.25,2638.34,2644.93,233.4027
1729411200,2644.93,2648.77,2643.32,2647.64,191.665414
1729425600,2647.64,2718,2642.2,2705.44,2508.578528
1729440000,2705.16,2706.99,2687.98,2699.01,1199.951105
1729454400,2699.03,2756.35,2697.65,2745.32,3099.847545
1729468800,2745.33,2765.98,2727.27,2731.38,2377.232352
1729483200,2731.38,2742.9,2721.96,2721.96,1394.350701
1729497600,2721.96,2726.83,2700.79,2703.43,399.678573
1729512000,2703.38,2708.41,2657.78,2676.53,1700.895985
1729526400,2676.53,2682,2656.61,2680.89,2693.621169
1729540800,2680.76,2681.69,2664.77,2665.78,1721.719497
1729555200,2665.78,2670,2616.05,2641.88,1773.145108
1729569600,2641.89,2657.7,2635.98,2645.01,899.879175
1729584000,2645.01,2645.05,2613.79,2631.88,1432.646634
1729598400,2631.89,2642.68,2607.25,2622.96,3189.309173
1729612800,2622.95,2630,2605.57,2627.82,1059.873957
1729627200,2627.81,2640.46,2617.34,2618.99,2409.575397
1729641600,2618.99,2624.11,2601,2613.52,1916.678041
1729656000,2613.52,2620.27,2601,2601,281.727121
1729670400,2601.01,2605.53,2562.3,2577.82,1065.538622
1729684800,2577.83,2583.66,2527.88,2536.91,2169.810429
1729699200,2536.91,2539.16,2445.86,2509.18,3964.087989
1729713600,2509.18,2524.36,2500.66,2523.56,1006.381421
1729728000,2523.57,2555.39,2507.35,2542.77,823.781181
1729742400,2542.77,2558,2538.45,2541.34,497.615875
1729756800,2540.99,2545.99,2507.07,2526.61,877.307013
1729771200,2526.39,2542.58,2512.17,2523.44,945.530816
1729785600,2523.34,2538.02,2506.13,2536.15,2271.634532
1729800000,2536.28,2557.45,2526.81,2534.07,1968.329109
1729814400,2534.23,2535.12,2510,2519.78,496.953343
1729828800,2519.47,2519.47,2462,2480.31,1377.695076
1729843200,2480.57,2543.99,2478.09,2543.15,4486.727985
1729857600,2543.15,2562.34,2509.16,2525.16,2098.358769
1729872000,2525.15,2533.18,2453.04,2472.53,2697.28924
1729886400,2471.95,2490.92,2379.82,2436.72,3468.127121
1729900800,2436.73,2451.39,2427.61,2448.33,1220.972594
1729915200,2448.33,2473.88,2447.91,2462.25,499.832446
1729929600,2462.3,2473.49,2461.26,2469.47,4812.566572
1729944000,2469.47,2472.67,2440,2453.11,1564.793545
1729958400,2453.11,2483.68,2453.1,2482.85,556.628483
1729972800,2483.24,2502.82,2478.86,2478.86,333.479738
1729987200,2478.87,2479.96,2466.88,2479.17,3322.633667
1730001600,2479.17,2482.3,2474.92,2476.88,166.734183
1730016000,2476.88,2478.62,2462.49,2466.71,1137.071361
1730030400,2466.71,2500.3,2466.7,2497,1278.921658
1730044800,2497,2505.36,2482.98,2489.4,325.352721
1730059200,2489.41,2522.03,2487.77,2505.42,1913.598711
1730073600,2505.42,2508.34,2470.37,2473.55,683.053204
1730088000,2473.55,2521.94,2471.17,2509.02,1359.996603
1730102400,2508.88,2539.12,2502.1,2523.65,1770.364904
1730116800,2523.65,2532.01,2496.96,2496.99,3162.887654
1730131200,2496.99,2522.92,2487.22,2504.89,9006.753688
1730145600,2504.9,2590,2504.89,2564.97,8807.851776
1730160000,2564.97,2630,2560,2603.98,14870.538908
1730174400,2603.99,2621.48,2603.99,2610.51,2898.77861
1730188800,2610.77,2635.05,2610.76,2628.97,1635.573214
1730203200,2628.98,2648.94,2610.89,2648.49,2079.489726
1730217600,2648.48,2680,2621.75,2625.57,5962.104769
1730232000,2625.45,2644.99,2605.56,2636.08,3618.866976
1730246400,2636.09,2646.03,2594.97,2637.28,1642.314057
1730260800,2637.27,2680,2635.62,2667.21,1074.469675
1730275200,2667.22,2692.57,2654.52,2656.59,2769.266782
1730289600,2656.6,2719.3,2651.18,2683.83,4728.330257
1730304000,2683.96,2693.79,2655,2655,1714.717987
1730318400,2654.32,2682.48,2635.98,2656.19,2094.850661
1730332800,2656.2,2666.3,2639.34,2655.29,794.425722
1730347200,2655.29,2655.29,2630.69,2645.88,1680.873353
1730361600,2645.87,2645.87,2625.4,2637.96,506.648898
1730376000,2638.02,2638.45,2543.36,2560.6,2607.530784
1730390400,2560.61,2560.61,2505.4,2512.06,2287.256389
1730404800,2510.54,2524.62,2500.97,2515.07,1623.17611
1730419200,2515.09,2527.08,2465.47,2500.54,4419.104303
1730433600,2500.54,2511.64,2484.02,2502.59,1587.202978
1730448000,2502.59,2521.32,2494.17,2514.33,788.594088
1730462400,2514.33,2582.98,2482.41,2498.16,4607.382941
1730476800,2498.39,2534.57,2496.13,2512.17,2628.272643
1730491200,2512.3,2525.19,2486.54,2512.19,1887.211628
1730505600,2512.19,2520.07,2502.78,2503.52,1031.711505
1730520000,2503.64,2510.99,2500.4,2506.52,650.898611
1730534400,2506.51,2507.28,2492.81,2499.75,271.354719
1730548800,2499.76,2501.14,2470.69,2487.58,2178.267012
1730563200,2487.57,2494.66,2479.77,2491.42,1214.347975
1730577600,2491.43,2495.53,2485.44,2491.03,1735.289756
1730592000,2491.78,2494.38,2422.01,2449.55,3074.292975
1730606400,2449.55,2460.99,2440.75,2449.92,3311.093837
1730620800,2449.91,2460.76,2443.64,2452.59,398.363667
1730635200,2452.6,2458.86,2413.74,2441.97,3126.35537
1730649600,2441.96,2457,2411.88,2450.07,2107.156835
1730664000,2450.08,2473.39,2445.99,2455.53,1546.854975
1730678400,2455.54,2487.67,2435.84,2471.54,1854.507379
1730692800,2471.55,2478.47,2455.91,2456.64,1323.280407
1730707200,2456.65,2474.54,2447.58,2467.77,592.026648
1730721600,2467.78,2483.15,2430.6,2441.47,1159.578544
1730736000,2441.48,2444.89,2405,2428.71,1848.364287
1730750400,2428.27,2428.64,2357.77,2395.92,4213.487552
1730764800,2395.92,2419.07,2379.9,2419.07,1432.870551
1730779200,2418.81,2442.44,2416.99,2441.89,462.89714
1730793600,2441.76,2444.6,2429.39,2439.43,812.976959
1730808000,2439.43,2478.28,2428.45,2439.01,3891.002883
1730822400,2439.01,2472.06,2402.68,2408.82,3398.675055
1730836800,2408.75,2438,2402.67,2422.26,2253.466828
1730851200,2422.26,2633.21,2421.56,2579.59,8467.303539
1730865600,2579.46,2641.7,2563.3,2595.67,6121.881322
1730880000,2595.3,2637.32,2573.84,2630.64,4222.003073
1730894400,2630.17,2666,2611.35,2636.4,3364.931651
1730908800,2636.4,2689.12,2635.97,2689.12,3908.837766
1730923200,2689.25,2746.07,2673.27,2723.26,7236.422713
1730937600,2723.26,2879,2701.38,2853.85,9349.172416
1730952000,2853.86,2856.16,2783.78,2821.61,3063.023837
1730966400,2821.61,2830.23,2792.96,2794.02,1197.403317
1730980800,2793.73,2850,2778.75,2850,2150.74693
1730995200,2849.69,2893.14,2827.8,2887.91,4330.505431
1731009600,2888.17,2919.01,2865.67,2896.87,5321.283376
1731024000,2896.95,2955,2889.29,2903.18,5853.96135
1731038400,2903.19,2926.16,2895.23,2915.8,2047.542383
1731052800,2915.79,2931.23,2899.03,2918.25,2300.66955
1731067200,2917.16,2958.2,2905.36,2939.84,2860.883821
1731081600,2938.96,2984.21,2895,2953.3,5055.683448
1731096000,2953.86,2976.06,2917.76,2962.95,6848.334535
1731110400,2963.1,2994.1,2957.24,2966.93,3476.420973
1731124800,2966.94,3059.9,2960,3033.36,4691.206902
1731139200,3033.36,3056.33,3023.33,3053.59,2374.314622
1731153600,3053.59,3053.59,3030.28,3042.48,1862.797432
1731168000,3042.48,3095,2990.89,3072.12,4985.031668
1731182400,3072.12,3157.2,3067.72,3129.5,6657.462669
1731196800,3128.19,3151.3,3106,3138.01,6568.684369
1731211200,3138.01,3219.15,3132.58,3187.92,5479.703458
1731225600,3187.92,3231.44,3170.98,3221.75,3825.667028
1731240000,3221.81,3236.73,3172.62,3212.45,3966.709065
1731254400,3212.45,3249.64,3153.54,3165.72,7514.468398
1731268800,3165.83,3224.84,3070.82,3186.05,9332.162236
1731283200,3186.18,3221.54,3176.22,3198.59,4286.962611
1731297600,3198.59,3198.59,3108.67,3143.06,6057.982583
1731312000,3142.85,3214.71,3136.35,3203.5,3512.005428
1731326400,3202.21,3260,3145.29,3240.96,6272.772898
1731340800,3241.45,3348.55,3238.68,3305.81,11078.224547
1731355200,3305.81,3390.87,3286.08,3375.78,13409.270257
1731369600,3375.76,3376.45,3255,3340.72,5067.840038
1731384000,3340.73,3396,3320.55,3371.36,6863.511033
1731398400,3371.36,3443.97,3208.13,3287.28,11462.181962
1731412800,3287.28,3299.12,3211.87,3263,4280.55144
1731427200,3263.17,3309.65,3215,3278.1,5812.499836
1731441600,3278.12,3312.51,3242.8,3248.11,5098.404921
1731456000,3247.87,3288.97,3208.21,3212.91,1928.6298
1731470400,3212.53,3232,3122.24,3164.49,3170.986226
1731484800,3165.28,3194.8,3145.96,3171.98,1324.425401
1731499200,3171.98,3333,3158.45,3315.76,6743.548989
1731513600,3318.37,3340.17,3158.02,3164,7108.290545
1731528000,3163.99,3200,3124.51,3190.95,5986.757772
1731542400,3191.47,3229.99,3168.2,3219.28,3159.642872
1731556800,3219.54,3241.47,3176.8,3219.21,7818.402208
1731571200,3219.59,3231.14,3159.18,3189.62,2657.631168
1731585600,3189.63,3199.35,3060.45,3074.62,5337.027045
1731600000,3077.51,3178.36,3071.05,3145.88,2623.841751
1731614400,3145,3145,3031.47,3059.32,2707.993705
1731628800,3059.55,3092.28,3037.4,3083.96,1160.518822
1731643200,3083.87,3083.87,3017.31,3042.65,1431.972067
1731657600,3041.1,3114.17,3024.66,3105.2,1327.3339
1731672000,3105.01,3130.32,3016.33,3023.93,3873.911507
1731686400,3023.92,3059,3015.98,3041.48,4482.02679
1731700800,3040.47,3120,3039.4,3090.47,3541.55282
1731715200,3090.48,3155.49,3075,3155.49,2607.736639
1731729600,3155.49,3163.54,3105.43,3107.81,2119.667266
1731744000,3108.07,3196,3106.79,3196,1503.825418
1731758400,3196,3218.81,3122.64,3141.82,1720.609981
1731772800,3141.59,3183.27,3130.48,3171.24,2506.036599
1731787200,3171.23,3175.13,3126.16,3133.41,1141.76929
1731801600,3133.66,3154.55,3038.53,3080.15,1699.490178
1731816000,3080.31,3147.53,3078.33,3135.47,3653.062521
1731830400,3137.06,3160.6,3102.37,3105.71,1083.721431
1731844800,3105.41,3125.84,3070.31,3086.85,962.413277
1731859200,3086.85,3114.14,3072.56,3097.51,1303.064029
1731873600,3097.52,3105.33,3044.07,3075.21,1231.854495
1731888000,3075.21,3122.47,3072.17,3112.41,3443.873513
1731902400,3112.12,3149.12,3099,3131.27,1591.186713
1731916800,3131.26,3137.82,3051.95,3056.3,2714.032862
1731931200,3056.3,3157,3053.45,3144.13,4487.909275
1731945600,3144.13,3198.2,3092.57,3130.24,4611.559633
1731960000,3130.91,3224.82,3125.9,3210.32,2734.9104
1731974400,3209.5,3223.32,3145.99,3150.47,1256.868967
1731988800,3150.51,3159.78,3112.2,3120.07,1555.500498
1732003200,3120.08,3131.04,3095.35,3129.99,1600.421374
1732017600,3128.63,3150.26,3078.24,3107.53,3985.414782
1732032000,3107.11,3147.91,3104.64,3124.82,3884.782627
1732046400,3124.89,3133.84,3069.47,3110.92,1973.118259
1732060800,3111.78,3126,3077,3100.78,1188.414174
1732075200,3100.78,3117.19,3092.11,3112.7,680.490678
1732089600,3112.7,3136,3090,3103.03,1939.224364
1732104000,3103.22,3159.9,3085.72,3133.32,2224.185353
1732118400,3133.35,3135.83,3033.9,3060.37,4984.799754
1732132800,3060.8,3094.05,3048.87,3072.09,1044.910176
1732147200,3072.07,3101.88,3036,3084.93,1956.801294
1732161600,3085.17,3144.79,3084.01,3138.78,3521.266558
1732176000,3137.74,3153,3121.49,3148.96,2651.139085
1732190400,3148.66,3373.2,3148.09,3278.14,13546.846991
1732204800,3278.15,3387.65,3278.14,3348.03,12302.824543
1732219200,3348.37,3380,3339.49,3360.9,4137.747519
1732233600,3360.9,3381.1,3295.47,3371.14,7070.282146
1732248000,3369.52,3427.98,3360.03,3367.63,3772.549044
1732262400,3366.6,3383.78,3315.96,3347.66,3460.832886
1732276800,3347.61,3359,3261.11,3317.66,4584.39359
1732291200,3317.65,3325.27,3267.03,3284.56,3820.480635
1732305600,3284.56,3333.41,3277.74,3331.54,3526.141779
1732320000,3332.12,3368.52,3318.18,3348.18,4328.499111
1732334400,3348.68,3364.82,3330.65,3345.01,3041.754107
1732348800,3345.48,3404.22,3340.69,3358.82,5518.399006
1732363200,3358.52,3499,3353.79,3467.87,10523.932956
1732377600,3467.86,3476.22,3387.96,3412.67,8773.465717
1732392000,3412.66,3430.99,3382.59,3397.28,3860.975942
1732406400,3397.44,3451,3394.22,3429.9,2555.736867
1732420800,3429.9,3435.36,3403.56,3426.38,1577.526844
1732435200,3426.33,3431.33,3343.97,3348.87,2553.768455
1732449600,3348.51,3358.89,3288,3296.22,6360.575421
1732464000,3296.21,3334.57,3290.36,3329.59,1908.953577
1732478400,3329.58,3373.1,3323.31,3364.84,1076.391742
1732492800,3364.53,3372.13,3305.12,3366.05,1470.050764
1732507200,3366.06,3421.29,3365.7,3402.22,3804.97854
1732521600,3402.78,3527.8,3402.1,3475.01,8226.035825
1732536000,3474.92,3538.28,3350,3520.48,11327.333554
1732550400,3519.21,3545.69,3427.24,3466.16,8861.999681
1732564800,3463.72,3508.41,3365,3413.65,9346.074742
1732579200,3413.65,3459.47,3394.99,3434.95,2721.048031
1732593600,3435.17,3441.19,3384.52,3397.71,2534.442642
1732608000,3394.06,3395.41,3280.37,3322.28,6169.250768
1732622400,3323.04,3360,3289.25,3298.41,3827.101314
1732636800,3298.4,3337.27,3254.78,3298.31,3090.00283
1732651200,3298.73,3342.88,3288.76,3323.32,2543.074324
1732665600,3323.34,3371.65,3302.49,3360.56,2276.597355
1732680000,3360.09,3443.85,3360.08,3422.47,3894.96013
1732694400,3422.48,3482.22,3404.87,3459.27,8873.943542
1732708800,3459.34,3573.09,3442.77,3556.98,6194.274467
1732723200,3556.98,3614,3538.35,3595.39,11464.565671
1732737600,3595.4,3688,3595.39,3657.55,8158.981696
1732752000,3657.17,3665.12,3570,3601.06,6289.64294
1732766400,3601.07,3620,3570.4,3592.06,1517.0144
1732780800,3592.05,3637.1,3582.9,3621.58,1664.116441
1732795200,3621.52,3642.36,3538.8,3542.34,10183.226215
1732809600,3542.37,3583.45,3531.36,3574.92,1690.375003
1732824000,3574.92,3597.51,3552.68,3578.35,1646.619771
1732838400,3579.53,3600,3551.23,3585.46,3608.795717
1732852800,3585.46,3596.05,3535.69,3544.79,1224.11072
1732867200,3544.79,3600.96,3544.79,3595.79,1836.270372
1732881600,3595.79,3647,3576.44,3619.03,3822.105084
1732896000,3619.03,3623.45,3562.99,3585.79,1830.071253
1732910400,3586.44,3605,3579,3593.87,1696.849683
1732924800,3593.83,3659.38,3572,3658.74,5558.601652
1732939200,3658.74,3727.48,3639.32,3702.52,3534.028565
1732953600,3702.51,3719.24,3632.51,3655.25,1600.02549
1732968000,3655.18,3686.17,3654.99,3679.75,1390.537425
1732982400,3677.82,3697.32,3660,3691.12,4478.113117
1732996800,3690.76,3737.46,3688.79,3706.1,5331.430822
1733011200,3706.12,3731.7,3662.94,3707.84,8758.339973
1733025600,3708.15,3718.51,3683.79,3704.35,932.62301
1733040000,3703.71,3716.66,3680,3694.81,2180.197215
1733054400,3694.24,3748.14,3683.81,3730.26,3071.100193
1733068800,3730.29,3744.65,3698.23,3709.55,1674.238556
1733083200,3710,3734.63,3682.13,3712.6,10834.0542
1733097600,3712.61,3762.46,3680.06,3690.54,7672.547444
1733112000,3688.42,3710.39,3653.99,3669.09,3218.79059
1733126400,3668.79,3673.09,3570.02,3590.02,4164.045504
1733140800,3590.02,3681.48,3583.9,3677.36,2624.584212
1733155200,3674,3684.23,3557.13,3613.54,7262.557658
1733169600,3612.23,3644.89,3601,3644.76,2851.562519
1733184000,3644.76,3655.97,3610.93,3640.14,1738.229301
1733198400,3640.14,3670,3603.17,3617.84,1647.366836
1733212800,3617.83,3634.85,3589.45,3613.87,1740.007118
1733227200,3613.87,3617.36,3505.1,3573.4,5201.427527
1733241600,3573.35,3593,3542.09,3579.5,4115.420503
1733256000,3579.52,3636.09,3576.53,3617.8,5005.374259
1733270400,3617.22,3708,3617.22,3663.86,3199.159042
1733284800,3664,3721.05,3663.6,3717.5,1944.032384
1733299200,3717.5,3750,3700.22,3730.94,3284.398848
1733313600,3730.63,3854.64,3691.99,3826.27,7309.332258
1733328000,3825.27,3848,3738.17,3848,11187.420096
1733342400,3848,3895,3830,3844.31,9410.056981
1733356800,3844.1,3908.29,3772.99,3836.14,8311.012379
1733371200,3836.14,3883.1,3826.12,3855,5207.704548
1733385600,3854.62,3944,3853.39,3937,10236.026216
1733400000,3935.61,3956,3866.39,3894,7099.664052
1733414400,3894,3927,3823.17,3833.13,5115.606177
1733428800,3833.01,3865.27,3680,3791.3,9562.248617
1733443200,3790.01,3916.01,3782.72,3912.61,4975.036034
1733457600,3908.96,3929.28,3877.94,3895.86,2730.488698
1733472000,3895.87,3912.18,3849.5,3870.01,1625.904308
1733486400,3869.92,4043.97,3836.31,3997.41,13684.861954
1733500800,3997.16,4078.49,3988,4075,6750.15826
1733515200,4075,4093,4000,4005.25,7636.1417
1733529600,4005.21,4029.99,3978.16,3994.86,1511.574472
1733544000,3993.88,4007.4,3973.54,3992,3112.650687
1733558400,3991.99,4010,3980,4003.02,1195.942713
1733572800,4003.04,4013.1,3981,4009.84,4121.485404
1733587200,4009.83,4023.17,3990.49,4015.63,1411.99015
1733601600,4015.63,4027.83,3999,4000.49,2735.762481
1733616000,4000.28,4010,3991,3991.46,2469.851189
1733630400,3991.46,3997.42,3955.58,3985.61,1890.819741
1733644800,3985.6,3985.6,3928,3974.29,2646.458117
1733659200,3974.45,4004.24,3962.34,3993.04,2530.727179
1733673600,3993.64,4001.8,3967.9,3992.46,1123.848984
1733688000,3992.34,4017.61,3977.46,4006.8,1879.50966
1733702400,4006.79,4007.96,3910.6,3931.32,3129.097485
1733716800,3931.32,3949.59,3881.93,3920,2693.148096
1733731200,3920,3920,3842,3850.05,2533.210106
1733745600,3849.7,3943.01,3800,3823.1,3725.841942
1733760000,3822.76,3863.32,3785.92,3792,3545.949907
1733774400,3792.88,3799.78,3488,3717,23729.763795
1733788800,3716.27,3780,3615.05,3683.63,7993.761331
1733803200,3684.38,3742.95,3640.17,3735.15,2416.163455
1733817600,3735.14,3772.77,3717,3753.4,1299.838644
1733832000,3751.74,3754.29,3560,3567.99,5112.125374
1733846400,3567.99,3632.73,3519.1,3629.5,8990.773982
1733860800,3629.15,3671.79,3616.9,3630.45,2896.84615
1733875200,3630.25,3669.65,3567,3663.15,2934.955725
1733889600,3664.79,3681.51,3650,3655.01,1297.682917
1733904000,3655.01,3729.77,3655,3716.37,2373.637428
1733918400,3716.38,3824.16,3712.44,3790.43,6623.210983
1733932800,3790.4,3816.01,3758,3807.59,4286.6197
1733947200,3807.59,3850.04,3807.59,3834,5924.447593
1733961600,3834,3948.63,3802.28,3939.14,4870.294092
1733976000,3937.13,3946.33,3897.01,3905.01,2186.374542
1733990400,3905.43,3937.02,3892.72,3912.22,2490.107592
1734004800,3912.23,3988.55,3912.23,3959.81,6043.198244
1734019200,3959.88,3986.98,3857,3871.42,5174.695569
1734033600,3871.24,3900,3836.98,3882.68,3052.739426
1734048000,3882.69,3940,3855,3931.76,2079.565653
1734062400,3931.77,3936.09,3875,3884.4,1591.075192
1734076800,3885.76,3922.07,3873.57,3905.21,1554.025946
1734091200,3904.71,3967.21,3880.01,3887.51,3311.319771
1734105600,3885.57,3944,3882.13,3919.56,2968.91057
1734120000,3919.56,3933.96,3894.36,3907.75,2286.242653
1734134400,3907.89,3943.52,3898,3912.68,1379.655869
1734148800,3912.68,3933,3907.17,3923.84,666.433302
1734163200,3922.7,3930.27,3886.84,3893.95,884.463774
1734177600,3893.95,3897.03,3850,3888.13,1389.361522
1734192000,3888.18,3895.48,3828.11,3859.61,1506.175105
1734206400,3858.72,3873.43,3825,3869.81,2214.081185
1734220800,3869.32,3893.53,3855.72,3876.34,765.626996
1734235200,3876.35,3907.3,3832.13,3843.35,625.330896
1734249600,3843.94,3876.87,3837.21,3874.91,993.89899
1734264000,3874.92,3906.45,3867.96,3893.38,2403.233635
1734278400,3893.38,3917.64,3885.89,3906,1196.014749
1734292800,3905.01,3972.06,3847.29,3954.5,3815.959435
1734307200,3955.82,4019.48,3930,3940.77,8298.843161
1734321600,3940.78,3978.22,3935.59,3972.86,916.809095
1734336000,3972.86,3972.87,3901.93,3909.97,2074.768596
1734350400,3909.68,3958.73,3884.69,3943.44,2563.501041
1734364800,3943.44,4107,3940,4058.06,9012.550893
1734379200,4058.33,4070,3980,3987.53,3355.88724
1734393600,3987.53,4041.23,3946.2,4035.11,3554.181425
1734408000,4035.37,4035.38,3986.01,3993.39,1832.949119
1734422400,3993.39,4029.91,3992.31,3998.27,2858.279015
1734436800,3998.27,4024.6,3917.97,3939.11,4263.876506
1734451200,3939.5,3983.32,3919.32,3945.5,2511.407563
1734465600,3945.5,3950.9,3850,3893.52,3429.931052
1734480000,3893.42,3903.21,3837.79,3850.87,2838.41928
1734494400,3850.87,3858.76,3806,3847.67,2772.749441
1734508800,3847.51,3885.6,3841.3,3881.71,2057.4383
1734523200,3881.71,3889.01,3826.01,3868.83,4116.139359
1734537600,3868.83,3903,3770.44,3770.44,3828.4082
1734552000,3770.29,3781.47,3615.38,3624.84,17695.639205
1734566400,3624.85,3670.55,3540,3668.98,5039.378865
1734580800,3668.01,3694.97,3651.52,3691.72,1536.341057
1734595200,3692.06,3718.46,3663.81,3704.56,1460.473278
1734609600,3703.96,3707.3,3570.27,3613.07,4811.853913
1734624000,3611.05,3633.61,3371.66,3436.98,13309.698499
1734638400,3435,3460,3324.01,3414.63,8329.299009
1734652800,3414.61,3457.87,3366.35,3410.23,8257.492754
1734667200,3410.65,3427.72,3325.69,3385.49,3093.902202
1734681600,3385.49,3385.49,3100,3100,12671.05138
1734696000,3100.01,3394,3096.65,3372.11,11997.357119
1734710400,3372.12,3496.75,3364.1,3478.15,5888.509247
1734724800,3478.16,3485.19,3392.12,3472,3251.475797
1734739200,3472.01,3485.97,3446.68,3463.15,3383.132369
1734753600,3463.16,3553.48,3459.16,3523,2269.462406
1734768000,3523,3523.9,3425.71,3441.61,2228.704833
1734782400,3441.61,3441.61,3346.07,3388.5,2550.341327
1734796800,3388.79,3398.13,3326.82,3358.29,2857.971819
1734811200,3358.16,3386,3293.51,3337.39,2194.53221
1734825600,3337.39,3371.62,3318.18,3351.81,1667.040398
1734840000,3351.81,3357.46,3294.01,3328.04,1619.205979
1734854400,3328.15,3398.08,3328.14,3380.01,1002.99473
1734868800,3380.01,3395.27,3273.68,3300.5,2127.033002
1734883200,3300.18,3335.14,3236.01,3242.49,1491.149476
1734897600,3242.5,3306.22,3220,3276.69,1856.775042
1734912000,3276.7,3351.6,3216.33,3346.95,1801.891304
1734926400,3346.95,3358.63,3259.13,3298.49,1292.658196
1734940800,3299.88,3350.76,3292.57,3335.41,1304.179815
1734955200,3335.39,3355.41,3267.1,3270.22,1581.843005
1734969600,3270.99,3377.75,3267.09,3331.99,4621.566563
1734984000,3332,3460.96,3325.61,3417.84,5490.398212
1734998400,3418.13,3419.55,3354.91,3392.48,1380.642481
1735012800,3392.34,3429.09,3381.48,3396.1,2158.881684
1735027200,3396.11,3410.68,3381.46,3408.19,3281.887033
1735041600,3408.99,3504.67,3392.44,3490.25,3133.631975
1735056000,3490.26,3534.69,3464.2,3464.2,2418.530431
1735070400,3464.15,3501.49,3432.24,3490.91,2852.917654
1735084800,3490.91,3491.46,3457.82,3473.41,889.823618
1735099200,3475.22,3505.5,3467.1,3486.43,338.928945
1735113600,3486.63,3543.46,3466.32,3467.25,926.610572
1735128000,3467.39,3496.88,3458.15,3468.35,963.721347
1735142400,3469.36,3484.12,3440,3478.64,762.814865
1735156800,3478.64,3496.32,3447.34,3494.01,648.186455
1735171200,3494.01,3509.19,3447.85,3453.15,1407.462697
1735185600,3453.1,3453.1,3415.97,3420.29,1040.843453
1735200000,3417.94,3421.33,3344.99,3368.92,1740.88152
1735214400,3368.9,3369.41,3326.82,3341.86,1375.103212
1735228800,3341.18,3360.32,3311.62,3336.17,1289.878817
1735243200,3336.65,3345.63,3301.9,3331.04,1753.78984
1735257600,3330.89,3381.27,3313.41,3373.81,1793.352253
1735272000,3373.82,3393.71,3315.01,3323.33,1925.200902
1735286400,3323.33,3435,3321.26,3414.69,3613.536242
1735300800,3414.69,3417.01,3302.64,3319.99,1884.261497
1735315200,3321.53,3360.69,3302,3348.98,2666.372465
1735329600,3348.98,3348.98,3305.54,3327.59,826.720574
1735344000,3327.94,3344.42,3316.91,3340.56,760.26667
1735358400,3340.56,3353.3,3327.23,3329.6,663.58072
1735372800,3329.38,3355.52,3327.78,3355.29,765.624729
1735387200,3355.3,3389,3347.25,3360.59,2090.664143
1735401600,3360.59,3404.14,3360.59,3393.25,675.316149
1735416000,3393.24,3418.35,3385.51,3398.39,779.543881
1735430400,3397.9,3398.48,3372,3376.33,361.99422
1735444800,3376.33,3401.08,3375.95,3400.9,506.006347
1735459200,3401.34,3406.86,3384.87,3395.1,3456.35481
1735473600,3395.1,3403.72,3350.67,3368.1,700.753971
1735488000,3367.67,3369.33,3341.54,3356,1050.545379
1735502400,3355.99,3359.31,3322.72,3349.5,1616.849152
1735516800,3349.5,3430.01,3342.07,3396.82,1270.907231
1735531200,3396.3,3422.39,3381.7,3420.21,1143.215937
1735545600,3420.18,3424.99,3390.98,3416.95,2108.94554
1735560000,3416.95,3424.78,3296.67,3317.47,2922.550265
1735574400,3317.35,3401.95,3310.38,3396.22,3292.611776
1735588800,3396.22,3413.35,3305.77,3355.59,3378.212104
1735603200,3355.59,3356.02,3312.09,3334.99,917.830806
1735617600,3334.81,3356.02,3326.26,3348.07,440.970415
1735632000,3348.87,3400.33,3348.37,3388.71,769.293043
1735646400,3388.98,3444.97,3388,3408.61,1923.380294
1735660800,3408.61,3410.86,3327.41,3349.91,1799.223427
1735675200,3349.42,3357.73,3324.2,3333.3,1733.920961
1735689600,3333.3,3358.82,3329.38,3347.1,1703.877735
1735704000,3347.11,3347.11,3330.12,3338.99,855.196534
1735718400,3339,3341.65,3310,3334.25,1099.997354
1735732800,3334.08,3351,3322.1,3345.02,700.973757
1735747200,3345.56,3356.66,3317.69,3349.28,1337.080632
1735761600,3349.28,3365,3345.18,3354,1711.676047
1735776000,3354.01,3398.7,3348.09,3385.13,1542.330403
1735790400,3385.13,3420.02,3382.54,3415,1151.139549
1735804800,3415,3470,3409.91,3467.64,4712.275091
1735819200,3467.18,3502.89,3437.81,3460.65,2368.323129
1735833600,3460.65,3485,3429.39,3459.01,2536.758588
1735848000,3459.01,3470,3417.1,3451.94,2286.707675
1735862400,3452.31,3470,3441.77,3466.67,1548.195616
1735876800,3466.67,3466.67,3430.5,3430.68,793.676833
1735891200,3430.48,3464.78,3422.19,3462.97,1560.947532
1735905600,3462.89,3570.55,3460,3563.49,4705.721553
1735920000,3563.08,3626.87,3563.08,3620.93,6879.75601
1735934400,3620.93,3622.95,3594.99,3607.57,2097.577866
1735948800,3607.28,3617.68,3581.99,3596.08,1090.470083
1735963200,3596.08,3606.53,3583.02,3592.67,316.541842
1735977600,3592.6,3601.78,3574.25,3601.58,1484.312205
1735992000,3601.02,3659.99,3593.99,3607.93,2627.059955
1736006400,3607.33,3642.18,3602.15,3630.98,1473.664976
1736020800,3630.98,3668.77,3630.98,3657.58,882.4244
1736035200,3657.59,3673.97,3629.06,3636,884.682016
1736049600,3636,3648.52,3629.17,3630.29,203.723851
1736064000,3629.74,3629.74,3602.42,3611.95,731.766968
1736078400,3611.96,3637.56,3593.37,3630.01,1596.176385
1736092800,3630.01,3644.99,3613.56,3635.95,1334.937554
1736107200,3636.16,3653.28,3628.97,3635.44,1535.939912
1736121600,3635.45,3681.12,3611.12,3663.18,1123.647171
1736136000,3663.57,3694,3642.44,3649.15,1340.001405
1736150400,3649.38,3658.92,3634.49,3652.8,473.931417
1736164800,3652.85,3713.12,3621.22,3713.12,3028.626425
1736179200,3713.12,3742.25,3657.34,3688.45,2399.967846
1736193600,3688.39,3702.4,3667.99,3688.57,2408.320969
1736208000,3688.58,3698.95,3664.9,3684.75,970.090544
1736222400,3682.75,3686.13,3660.12,3668.89,491.731665
1736236800,3668.89,3678.17,3627.63,3639.84,3701.027827
1736251200,3639.84,3644.13,3413.64,3461.02,12741.880214
1736265600,3461.02,3490.06,3374.12,3384.45,4998.779569
1736280000,3383.8,3411.67,3356.69,3380.7,2762.933216
1736294400,3380.67,3414.55,3345,3360.84,3974.354941
1736308800,3360,3372.28,3306.2,3354.75,3519.242519
1736323200,3353.43,3375,3325,3347.78,2660.37045
1736337600,3348.65,3383.52,3333,3345.79,2580.954027
1736352000,3345.79,3346.25,3210.73,3279.96,9067.666179
1736366400,3279.96,3332.11,3266.96,3326.34,2180.855206
1736380800,3326.4,3355,3302.07,3324.21,2691.129953
1736395200,3323.65,3340.45,3283.73,3288.32,1532.04538
1736409600,3288.31,3326.2,3268.06,3300.15,2337.401515
1736424000,3300.15,3333,3212,3317.99,4423.154098
1736438400,3319.48,3324.9,3190,3194.27,2701.151173
1736452800,3196.63,3237.11,3159.16,3219.04,9138.066398
1736467200,3218.8,3257.18,3214.42,3254.75,594.023968
1736481600,3254.35,3316.34,3242.62,3294.26,1434.909667
1736496000,3294.48,3320,3290,3309.71,747.432369
1736510400,3310.26,3314.61,3194.91,3244.77,7297.592889
1736524800,3244.77,3320,3233.07,3294.99,1745.065721
1736539200,3294.99,3294.99,3258.11,3266.05,745.778313
1736553600,3266.06,3268.54,3233.41,3236.05,1002.272856
1736568000,3236.06,3248.1,3226.29,3232.56,839.935713
1736582400,3232.57,3276.23,3220.26,3275,568.983078
1736596800,3275.01,3278.64,3257.13,3268.23,350.889326
1736611200,3268.24,3278.54,3259.51,3275.99,780.901809
1736625600,3275.99,3317.8,3273.9,3282.32,1880.467299
1736640000,3281.68,3288,3273.09,3283.48,458.575283
1736654400,3283.48,3285.99,3261.89,3264.34,668.139981
1736668800,3264.36,3266.54,3225.29,3252.33,657.812009
1736683200,3252.01,3290,3247.82,3284.23,848.806322
1736697600,3284.02,3295.83,3267.47,3275.98,585.965004
1736712000,3275.99,3286.04,3232.53,3264.98,636.263964
1736726400,3265.24,3335.86,3236.78,3240.17,1429.751147
1736740800,3240.17,3258.21,3181.77,3197.84,2446.302555
1736755200,3197.88,3200.54,3051.4,3053.12,4761.036705
1736769600,3053.21,3087.16,2920,3048.64,10377.239962
1736784000,3048.6,3057,2986.57,3025.08,4361.726214
1736798400,3025.08,3141,3010.37,3136.15,4053.744642
1736812800,3136.15,3172.13,3126.06,3158.67,867.579507
1736827200,3158.67,3186.01,3156.47,3170.3,767.555679
1736841600,3170.25,3255.25,3169.88,3216.49,1970.34996
1736856000,3215.83,3230,3177.6,3200,2000.414006
1736870400,3198.55,3232.8,3173.24,3211.84,1821.294005
1736884800,3211.84,3238.5,3193.89,3222.73,2356.638055
1736899200,3222.73,3242.74,3205.54,3236.99,1305.7284
1736913600,3236.99,3248.64,3216,3230.98,512.285471
1736928000,3230.99,3244.09,3186.61,3197.2,1868.893103
1736942400,3197.2,3351.6,3186.61,3334.57,5423.39095
1736956800,3334.58,3440.51,3325.59,3435.08,2442.754788
1736971200,3435.24,3473.02,3418.26,3451.43,2779.11551
1736985600,3451.43,3456.84,3345.54,3362.04,2434.943067
1737000000,3362.05,3387.99,3361.48,3382.57,1296.585501
1737014400,3382.57,3382.57,3300.01,3352.06,3967.140168
1737028800,3351.99,3363.21,3265.46,3330.75,6396.019883
1737043200,3331.18,3363.26,3312,3345.04,1717.162358
1737057600,3343.85,3350.06,3269.65,3307.25,2092.044371
1737072000,3307.26,3393.51,3306.82,3357.8,2344.934884
1737086400,3357.8,3385,3349.76,3371.37,1835.17875
1737100800,3371.38,3436.79,3371.37,3422.32,7355.100743
1737115200,3422.33,3450,3395.7,3421.29,3128.998079
1737129600,3421.3,3447.82,3409.25,3433.82,1817.819824
1737144000,3433.97,3526,3429.68,3473.69,5734.299892
1737158400,3473.69,3494.68,3367.37,3385.6,2909.476953
1737172800,3385.35,3393.02,3280.27,3289.28,6560.66977
1737187200,3286.05,3321.88,3227.9,3312.12,3834.109724
1737201600,3312.12,3342.99,3273.19,3305.5,4735.425266
1737216000,3304.12,3312.73,3248.88,3284.99,5341.976595
1737230400,3284.98,3315,3256.83,3306.14,2935.184343
1737244800,3306.14,3373.28,3295,3330.67,2449.4475
1737259200,3330.68,3332.15,3256.29,3269.95,2893.169833
1737273600,3269.86,3269.86,3125.4,3143.94,6299.138504
1737288000,3144.3,3419.54,3141.09,3379.47,12026.716719
1737302400,3379.2,3445.01,3375.01,3411.06,13205.082889
1737316800,3411.99,3427.64,3156.23,3210.68,15518.620991
1737331200,3209.3,3274.21,3141.8,3268.48,11314.614809
1737345600,3268.47,3444,3248,3376.75,10680.070697
1737360000,3377.17,3406.13,3331.14,3372.21,4592.826347
1737374400,3372.22,3374.73,3256.29,3334.62,4894.7992
1737388800,3333.35,3383.08,3203.7,3338.64,11418.802388
1737403200,3340.53,3340.53,3254.91,3278.11,2743.804094
1737417600,3279.03,3283.58,3202.14,3256.06,3548.40656
1737432000,3256.82,3259.29,3210.2,3250.37,2343.044473
1737446400,3250.37,3310,3231.15,3301.55,2033.100859
1737460800,3301.55,3330.29,3262.31,3292.42,5944.334005
1737475200,3292.43,3364.82,3287.54,3331.69,5409.53419
1737489600,3331.74,3345,3301.65,3327.15,3607.651786
1737504000,3327.23,3363.77,3323.36,3330.33,2329.58874
1737518400,3330.33,3338.31,3289.1,3289.1,1421.12232
1737532800,3288.46,3327.79,3275.11,3326.23,1475.615551
1737547200,3324.86,3329.29,3270,3278.21,3055.724592
1737561600,3278.22,3290.82,3240.24,3259.76,2026.228275
1737576000,3259.76,3275.34,3222.41,3239.35,5469.112589
1737590400,3239.35,3256.98,3201.2,3224.79,4859.560571
1737604800,3224.79,3230.04,3181.79,3229.98,1787.910966
1737619200,3229.99,3230.07,3187.05,3211.04,4040.900195
1737633600,3211.05,3286.82,3189.62,3257.39,4906.35188
1737648000,3257.39,3295.78,3197.63,3206,3509.486547
1737662400,3206.01,3346.92,3198.98,3337.96,6691.503175
1737676800,3338.84,3349.19,3276.45,3302.27,1991.002636
1737691200,3302.27,3417.09,3292.51,3378.8,5104.90795
1737705600,3379.48,3415.21,3377.2,3398.95,1839.500044
1737720000,3399.15,3427,3333.09,3382.61,4611.940819
1737734400,3382.62,3407.49,3365.99,3369.42,3352.36253
1737748800,3369.42,3379.58,3306.98,3309.92,5413.980681
1737763200,3309.92,3321.09,3270,3318.98,2880.551306
1737777600,3318.88,3318.88,3283.51,3289.53,1148.591408
1737792000,3289.53,3310,3271.54,3306.02,1461.789676
1737806400,3306.03,3306.99,3293.75,3304.67,950.943885
1737820800,3300.01,3343.6,3300,3338,1933.297318
1737835200,3338.01,3349.75,3314.08,3316.31,1483.581509
1737849600,3316.32,3347,3313.75,3337.67,998.009204
1737864000,3337.68,3359.15,3331.96,3337.84,937.601262
1737878400,3337.85,3340.65,3295,3310.52,911.811085
1737892800,3310.52,3318.79,3300,3313.45,917.691869
1737907200,3313.45,3341.94,3308.34,3337,1347.214074
1737921600,3337,3339.39,3230.74,3233.47,3072.416674
1737936000,3231.55,3250.83,3161.68,3181.98,4759.545685
1737950400,3181.98,3181.98,3021.8,3070.01,6821.153942
1737964800,3070.01,3086.06,3035,3060.61,2044.672688
1737979200,3060.01,3150,3054,3131.57,3496.859695
1737993600,3131.57,3131.57,3046.1,3071.99,3465.69526
1738008000,3071.99,3236.52,3071.63,3179.98,3476.809662
1738022400,3179.99,3215.36,3152.87,3202.85,2096.946854
1738036800,3202.85,3220.64,3188.88,3195.8,1425.363158
1738051200,3195.81,3204.99,3178.29,3185.26,1159.508719
1738065600,3185.26,3213.45,3157.71,3180.7,1942.095853
1738080000,3180.71,3180.71,3122.36,3147.37,1852.678176
1738094400,3146.64,3152.02,3039.96,3076.6,4261.317043
1738108800,3075.4,3130.28,3074.37,3128.24,3646.550093
1738123200,3128.42,3156.88,3115.43,3156.19,3049.026296
1738137600,3156.19,3161.8,3120.57,3133.32,1928.28401
1738152000,3133.33,3138.61,3080.66,3099.98,3506.537715
1738166400,3099.98,3150.08,3054.61,3127.38,5534.306843
1738180800,3126.4,3179.53,3092.83,3113.22,3700.608093
1738195200,3113.32,3200,3092.59,3200,2582.789681
1738209600,3200,3212.82,3179.1,3191.02,2802.987631
1738224000,3190.39,3228,3181.61,3223.7,1482.942965
1738238400,3223.7,3278.7,3209.85,3255.71,4251.570199
1738252800,3256.07,3283.43,3250.88,3272.08,2048.729535
1738267200,3272.08,3274.01,3229.03,3247.77,3195.589517
1738281600,3247.77,3281.13,3223.06,3229.54,1730.192891
1738296000,3229.54,3274.39,3215,3244.15,2146.29242
1738310400,3241.75,3337.2,3234.21,3336.75,2869.477536
1738324800,3336.76,3428.08,3327.04,3427.28,7394.128133
1738339200,3427.28,3438,3296,3341.55,7494.515357
1738353600,3338.77,3338.77,3276.82,3300.25,3648.200489
1738368000,3300.25,3327.76,3283.74,3290.84,1501.713457
1738382400,3290.77,3304.98,3275,3279.44,984.441115
1738396800,3279.48,3284.92,3226.29,3249.99,2872.567841
1738411200,3250,3270,3229.47,3250.21,1435.278224
1738425600,3250,3266.08,3180,3196.38,3588.21715
1738440000,3194.65,3195.94,3105,3116.46,5966.539804
1738454400,3116.47,3161.49,3070.68,3076.9,3304.57308
1738468800,3076.79,3137.37,3074.3,3099.98,2379.378825
1738483200,3099.98,3123.49,3053.19,3062.03,3328.716181
1738497600,3063.47,3099.97,3050,3079.91,1661.562568
1738512000,3080.22,3080.68,2891.44,2957.82,10309.19759
1738526400,2957.21,2986.38,2750,2869.46,14485.760277
1738540800,2869.4,2872.77,2127.94,2528.35,51221.21989
1738555200,2529.94,2632.96,2451,2624.04,9879.055664
1738569600,2625.61,2625.61,2530.26,2582.89,6459.927104
1738584000,2582.99,2732.9,2533.39,2706.42,16764.908502
1738598400,2707.51,2774,2670.96,2767.93,12821.356192
1738612800,2767.94,2923,2698.76,2883.26,15706.895008
1738627200,2883.04,2892.22,2794.95,2813.46,3541.256503
1738641600,2813.28,2838.37,2666,2704.99,5250.404435
1738656000,2705,2789.69,2681.09,2760,5750.788585
1738670400,2760.44,2846.75,2735.14,2779.46,7806.089215
1738684800,2779.53,2870.58,2769.74,2773.99,10485.716972
1738699200,2773.23,2795.09,2634.95,2735.22,10635.796812
1738713600,2732.21,2766.34,2700,2720.8,4083.119403
1738728000,2721.29,2787.8,2710.16,2760.57,4339.239027
1738742400,2760.29,2819.69,2749.4,2801.89,4923.837059
1738756800,2801.58,2825.94,2760,2773.66,9914.755621
1738771200,2773.67,2785.73,2715.84,2774.94,9115.938403
1738785600,2775.62,2801.65,2740.96,2788.76,2665.604054
1738800000,2788.62,2818.24,2757.69,2807.31,2734.592674
1738814400,2806.87,2855,2806.87,2832.06,2439.847153
1738828800,2832.66,2856.38,2796.91,2805.2,3912.795603
1738843200,2805.2,2808.91,2686.65,2705.44,7117.229372
1738857600,2706.02,2727.76,2675.18,2689.94,4484.686381
1738872000,2689.5,2725.58,2655.61,2687.08,3493.845734
1738886400,2687.06,2739.71,2681.13,2714.54,2471.529996
1738900800,2715.21,2729.13,2670.03,2713.66,2749.49912
1738915200,2713.56,2764,2707.89,2763.92,2091.623097
1738929600,2764,2797.73,2711.29,2721.88,5854.739722
1738944000,2723.02,2728.2,2659.1,2660.01,3281.976687
1738958400,2660.01,2660.77,2562.36,2623.39,4669.313318
1738972800,2622.97,2665.53,2617.3,2644.39,951.758705
1738987200,2642.78,2648.79,2596.86,2629.4,1338.801287
1739001600,2629.41,2631.7,2602.73,2615.49,3435.389059
1739016000,2615.49,2634.8,2590,2603.58,3388.547388
1739030400,2603.59,2649.29,2590.01,2637.43,888.992151
1739044800,2639.09,2645.39,2625.35,2632.79,460.44946
1739059200,2633.01,2696.99,2627.65,2677.29,790.313291
1739073600,2679.05,2679.05,2650.84,2662.13,259.657429
1739088000,2662.13,2672.83,2652.68,2655.83,946.811731
1739102400,2655.82,2662.38,2612.59,2654.22,952.510675
1739116800,2653.94,2665.17,2620,2624.09,1213.311006
1739131200,2624.37,2648.56,2524.7,2628.76,4221.66057
1739145600,2628.76,2657.63,2561.82,2625.7,4180.698451
1739160000,2626.19,2658.49,2619.95,2639.5,712.575307
1739174400,2639.51,2660.3,2635.33,2655.01,997.682966
1739188800,2655.01,2684.05,2633.87,2659.28,2053.429253
1739203200,2659.16,2692.4,2651.23,2672.64,2074.864945
1739217600,2672.95,2685,2652.2,2661.24,1277.805942
1739232000,2661.25,2724.52,2661.25,2678,1609.819697
1739246400,2678,2723.96,2676.97,2712.5,1503.605064
1739260800,2712.72,2756.91,2693.01,2708,3884.800136
1739275200,2708,2709,2630,2662.63,2938.807766
1739289600,2662.52,2670,2583.12,2590.43,3346.55811
1739304000,2590.43,2631.13,2561.17,2603.04,1731.533775
1739318400,2602.06,2622.48,2571.28,2586.78,1087.864763
1739332800,2586.78,2621.79,2578.52,2619.78,847.491848
1739347200,2618.89,2637.95,2611.97,2627.05,1089.310301
1739361600,2627.05,2664.69,2550,2606.76,5569.687281
1739376000,2607.1,2681.76,2584.14,2677.31,4119.185346
1739390400,2677.8,2794.68,2670.85,2737.85,6130.110354
1739404800,2737.86,2756,2716.59,2743.64,1647.746123
1739419200,2744.09,2745.15,2674.38,2681.69,2142.161709
1739433600,2681.86,2687.77,2651.45,2656.5,1705.112825
1739448000,2656.42,2678.39,2618.75,2647.41,4217.603855
1739462400,2648.23,2661.42,2614.28,2640.57,7108.482824
1739476800,2640.72,2680.48,2640.44,2676.18,1191.485464
1739491200,2676.26,2719.34,2666.92,2714.93,1480.732986
1739505600,2715.02,2716.42,2690.23,2700.55,1688.072207
1739520000,2699.98,2715.74,2684.72,2687.07,1340.838029
1739534400,2686.42,2746,2679.03,2732.99,3120.774735
1739548800,2732.99,2790.13,2711.07,2738.85,3183.548961
1739563200,2738.27,2751.53,2707.59,2725.81,1694.319664
1739577600,2725.87,2738.58,2705.16,2725.68,1652.743772
1739592000,2725.68,2732.83,2695,2697.98,730.944391
1739606400,2697.92,2714.48,2696.02,2709.11,451.426288
1739620800,2709.11,2713.83,2666,2690.19,968.096584
1739635200,2690.11,2705.93,2680.98,2692.22,818.31678
1739649600,2692.22,2704.84,2682,2693,1188.90696
1739664000,2693,2704.35,2689.39,2698.74,390.199311
1739678400,2699.02,2725.85,2691.63,2694.48,2161.693182
1739692800,2695.06,2712.74,2690.89,2712.74,689.033325
1739707200,2711.27,2711.93,2678.02,2694.48,1825.923302
1739721600,2694.47,2702.51,2662,2683.71,1320.667028
1739736000,2683.18,2687.32,2652.76,2663.01,888.851684
1739750400,2663.01,2682.46,2659.37,2672.08,655.92956
1739764800,2672.09,2693.36,2640,2684.06,1385.356001
1739779200,2684.06,2774.4,2677.59,2755.13,1675.941534
1739793600,2755.13,2847,2743.02,2756,10984.882893
1739808000,2755.71,2763.4,2689.33,2719.1,4283.065804
1739822400,2718.54,2775.99,2718.24,2742.99,1080.694777
1739836800,2743,2754.29,2708.91,2712.02,656.791461
1739851200,2712.03,2716.98,2654.38,2672.15,2859.573041
1739865600,2672.12,2705.84,2656,2679.39,4458.302779
1739880000,2679.39,2729.99,2660,2672.04,7108.20654
1739894400,2673.14,2682.74,2605.12,2629.6,4473.280441
1739908800,2627.4,2670.86,2620,2669.75,2428.94099
1739923200,2669.75,2698,2655.73,2692.51,922.835422
1739937600,2692.76,2714.36,2665.45,2707.67,1313.182193
1739952000,2707.67,2736.28,2705.8,2726.27,5694.848112
1739966400,2726.58,2728.14,2678.43,2696.46,3934.413821
1739980800,2696.33,2722.12,2694.99,2711.35,1891.597348
1739995200,2711.36,2732.71,2706.94,2715.01,1520.575625
1740009600,2715.01,2750,2711.01,2743.41,1338.205044
1740024000,2743.41,2757.6,2723.64,2731.11,438.427223
1740038400,2730.36,2746.16,2725.26,2741.27,701.131952
1740052800,2741.27,2768.86,2709,2711.53,1888.803646
1740067200,2712.45,2766.29,2708.26,2748.57,2333.439916
1740081600,2748.57,2762.04,2725,2739.33,1961.539781
1740096000,2739.34,2748,2729.01,2744.51,843.719952
1740110400,2744.52,2769.98,2744.51,2756.63,1402.40827
1740124800,2756.63,2829.03,2750.03,2788.93,2268.559439
1740139200,2788.96,2843.9,2675.95,2722.73,5087.442934
1740153600,2723.61,2768.24,2625.25,2639.32,7132.806528
1740168000,2639.33,2661.43,2616.73,2658.99,3394.438964
1740182400,2660.13,2687.65,2653.58,2676,1145.215327
1740196800,2675.21,2695.58,2673.5,2685.24,409.243937
1740211200,2685.24,2750,2677.85,2734.79,2289.368908
1740225600,2734.8,2785,2723.63,2775.85,4793.778676
1740240000,2774.96,2797.5,2757.94,2769.95,7065.621032
1740254400,2770.8,2777.39,2760,2763.33,799.373088
1740268800,2763.34,2774.39,2746.2,2752,3070.19472
1740283200,2752,3021.6,2746.77,2827.83,13254.943821
1740297600,2827.84,2831.62,2784.93,2798.3,2916.365856
1740312000,2798.31,2825.26,2773.29,2782.97,8285.781695
1740326400,2782.97,2822.09,2782.95,2807.96,6762.838672
1740340800,2807.97,2854.61,2787.62,2819.49,2637.914397
1740355200,2819.49,2838.33,2713.38,2720,5186.513878
1740369600,2718.01,2734.96,2695,2722.33,2537.371397
1740384000,2722.24,2722.7,2664.93,2689.22,4662.088523
1740398400,2689.22,2695.19,2638,2657.97,6540.541939
1740412800,2657.97,2681.02,2626,2640.42,6104.098567
1740427200,2640.22,2662.98,2473.34,2514.21,10860.812496
1740441600,2513.2,2530.28,2458.32,2493.59,9260.296852
1740456000,2494.44,2510,2309.99,2369.09,13412.108847
1740470400,2367.93,2436.46,2354.94,2431.61,7022.857214
1740484800,2431.86,2445.82,2359.25,2406.38,4939.815141
1740499200,2406.78,2469.61,2380.84,2468.9,8170.449671
1740513600,2468.33,2528.89,2454.51,2491.74,7967.900604
1740528000,2492.86,2502.24,2469.36,2487.69,1479.94629
1740542400,2487.7,2502.95,2473.73,2481.17,694.869168
1740556800,2481.63,2493.87,2458.27,2462.99,1930.796115
1740571200,2463,2464.14,2367.36,2427.72,10944.643541
1740585600,2426.4,2430.42,2265.43,2292.83,10657.55142
1740600000,2292.83,2378.65,2251.92,2332.44,6172.88449
1740614400,2333.12,2366.06,2313.92,2329.81,1586.962398
1740628800,2329.81,2369.24,2301.28,2355.25,2894.240668
1740643200,2355.25,2378.09,2341.8,2351.98,1440.570469
1740657600,2352.04,2358.65,2289.25,2323.98,2190.969468
1740672000,2323.55,2334.57,2276.5,2289.31,3761.829348
1740686400,2289.2,2308.86,2229.66,2304.85,4450.206561
1740700800,2305.4,2310.11,2123.68,2142.23,12838.084514
1740715200,2144.85,2152.2,2075.7,2104.63,9390.833081
1740729600,2103.36,2148.88,2075.01,2124.61,4478.285754
1740744000,2123.82,2227.72,2104.01,2221.83,6045.662882
1740758400,2222.45,2253.6,2194.67,2230.47,2387.588145
1740772800,2229.69,2237.42,2199,2236.31,1255.138406
1740787200,2236.42,2273.79,2212.17,2262.28,2471.481527
1740801600,2261.94,2278.76,2224.92,2226.94,1024.840582
1740816000,2228.12,2238.71,2172.54,2182.33,3329.441844
1740830400,2183.21,2185.46,2142.38,2173.47,1105.853419
1740844800,2172.95,2230.59,2168.97,2222.98,1251.564922
1740859200,2222.98,2233.07,2193.59,2215.6,4032.258774
1740873600,2216.67,2228.5,2200.71,2220,1147.240829
1740888000,2220.01,2233.88,2218.33,2220.74,516.707397
1740902400,2220.81,2257.71,2208.2,2238.01,1430.017518
1740916800,2238.01,2289.74,2173.62,2229.58,3587.649702
1740931200,2229.79,2518.22,2214.85,2486.97,28831.928965
1740945600,2486.44,2550,2482,2519.77,9033.629408
1740960000,2519.77,2525.23,2420,2439.76,3781.25575
1740974400,2440.36,2456,2353.36,2387.38,3337.982888
1740988800,2386.41,2386.41,2323.23,2355.63,2639.646037
1741003200,2355.72,2386.39,2267,2286.01,8328.922349
1741017600,2286.01,2295.29,2095,2106.66,7230.050464
1741032000,2108.58,2170,2095.9,2147.28,4660.236177
1741046400,2147.59,2164.69,2003.1,2075.69,9018.939944
1741060800,2074.01,2120,2068.17,2078.72,1676.265507
1741075200,2078.86,2115.86,2078.29,2100.38,1537.168413
1741089600,2100.44,2154.34,2020.47,2072.62,6328.885894
1741104000,2073.12,2173.83,1990.68,2172.6,8796.206676
1741118400,2172.01,2221.8,2126.54,2170.99,4678.373891
1741132800,2170.96,2191.11,2155.03,2159.56,1233.619134
1741147200,2160.29,2210.9,2158.79,2207.17,4465.251022
1741161600,2207.17,2273.18,2204.51,2218.04,3311.686927
1741176000,2217.85,2231.71,2166.03,2186.48,7219.239987
1741190400,2186.46,2221.49,2161.54,2217.81,2375.540528
1741204800,2218.3,2250.96,2214.71,2241.22,2744.222105
1741219200,2241.56,2294.86,2235.18,2290.37,1555.438536
1741233600,2289.62,2319.2,2275.99,2285.69,3362.343008
1741248000,2285.77,2304.87,2277.32,2295.09,1141.703754
1741262400,2297.8,2298.07,2210.1,2256.23,2947.019633
1741276800,2257,2265.58,2176.44,2197.41,6214.153313
1741291200,2197.41,2230.02,2193.31,2202.2,1351.808931
1741305600,2202.2,2225.53,2103.67,2147.52,5440.261433
1741320000,2147.52,2192.57,2145.07,2191.38,793.850086
1741334400,2191.74,2209.79,2177.86,2196.18,1064.732669
1741348800,2196.19,2257.45,2167.26,2208.93,7665.638159
1741363200,2208.93,2214.04,2140.84,2176.3,1955.013831
1741377600,2176.31,2185.72,2115.28,2139.49,3066.130332
1741392000,2139.49,2155,2105.76,2137.83,718.251123
1741406400,2137.14,2151.96,2131.59,2137.02,1152.54911
1741420800,2137.03,2142,2126.82,2140.2,1334.419125
1741435200,2140.23,2196.85,2137.37,2180.59,1761.695741
1741449600,2180.62,2232.35,2161.23,2224.23,5998.751961
1741464000,2224.21,2225.38,2193.83,2203.01,1481.370713
1741478400,2203.18,2210.62,2176.24,2185.86,605.521952
1741492800,2185.31,2195.72,2173.02,2184.48,813.883626
1741507200,2183.85,2187.1,2129.63,2146.34,4345.953638
1741521600,2146.34,2146.34,2086.13,2096.98,4942.298968
1741536000,2096.88,2107.33,1999.58,2040.07,6387.787038
1741550400,2040.08,2055,1991.13,2019.51,5054.303667
1741564800,2019.51,2069.29,1994.5,2058.49,3764.594147
1741579200,2058.49,2078.64,2054.88,2073.99,1483.166722
1741593600,2074.09,2152.15,2048.63,2127.29,6981.251118
1741608000,2127.91,2134.75,1997,2016.47,6964.89745
1741622400,2016.89,2024.19,1810.66,1870.57,18431.283691
1741636800,1867.48,1902.01,1841.91,1863.51,7040.755663
1741651200,1863.51,1889.4,1753.01,1848.32,7306.320666
1741665600,1848.33,1913.69,1845.41,1905.36,3116.769908
1741680000,1904.01,1927.57,1900.01,1913.92,1847.771784
1741694400,1913.94,1960,1840,1913.41,7244.653919
1741708800,1913.69,1962,1887.06,1952.2,6592.434285
1741723200,1951.64,1954.89,1917.31,1922.11,1887.451154
1741737600,1923.08,1932.11,1867.04,1868.12,2802.845497
1741752000,1868.12,1914.61,1853.42,1912.87,4393.536965
1741766400,1910.7,1955.52,1872.85,1917.72,4090.010884
1741780800,1916.47,1944.35,1830.42,1869.13,6465.961623
1741795200,1869.36,1893.91,1863.2,1880.28,2931.182295
1741809600,1878.63,1914.56,1873.57,1907.97,1946.460608
1741824000,1908.05,1916.59,1883.11,1886.4,3025.330822
1741838400,1886.52,1890.63,1859.57,1871.93,1302.155647
1741852800,1871.73,1903.71,1855,1896.94,2110.600008
1741867200,1899.84,1920.8,1865,1873.61,3575.396629
1741881600,1873.61,1877.47,1822.12,1850.83,4464.554319
1741896000,1850.83,1882.26,1839.65,1862.99,1789.603545
1741910400,1862.99,1892.52,1861.71,1887.99,1417.258186
1741924800,1887.99,1903.96,1887.49,1894.83,1900.970095
1741939200,1892.82,1907.73,1889.95,1902.27,1084.463032
1741953600,1901.99,1940.7,1877.73,1920.74,4879.870112
1741968000,1920.74,1944.13,1913.99,1934.3,1791.025501
1741982400,1934.54,1934.56,1910,1910.01,1086.699487
1741996800,1910.01,1921.99,1904.03,1919.99,871.961627
1742011200,1919.99,1933.15,1915.08,1917.09,902.996501
1742025600,1917.09,1931.32,1913.63,1929.68,457.05567
1742040000,1929.06,1938.43,1923.11,1936.84,1167.114908
1742054400,1936.84,1946.55,1928.88,1936.52,1596.478666
1742068800,1936.53,1957.6,1936.53,1936.8,874.526543
1742083200,1936.81,1939.79,1917.32,1927.75,503.141625
1742097600,1927.37,1932.43,1922.01,1925.52,616.060556
1742112000,1925.76,1925.76,1867.68,1873.9,1371.162258
1742126400,1873.89,1897.81,1873.86,1896,2086.492902
1742140800,1896.01,1921.78,1862.26,1880.66,1814.564811
1742155200,1880.99,1897.05,1870.39,1887.1,1046.101455
1742169600,1887.1,1915.24,1887.07,1908.75,938.536722
1742184000,1908.75,1911.96,1881,1900.38,819.310696
1742198400,1900.38,1917.39,1893.65,1911.26,858.031059
1742212800,1911.26,1937.9,1889.2,1918.66,2967.523266
1742227200,1918.67,1951.23,1908.65,1941.98,3108.054646
1742241600,1941.99,1946.71,1922.79,1926.26,1343.852358
1742256000,1926.26,1928.79,1897.88,1900.88,1057.211163
1742270400,1900.88,1909.39,1894.19,1904.78,1187.841172
1742284800,1904.68,1911.57,1885.68,1892.63,823.166477
1742299200,1892.31,1901.29,1872.31,1880.2,2931.420119
1742313600,1880.2,1907.67,1874,1903.8,1055.036187
1742328000,1903.82,1934.06,1898.29,1931.66,3527.195823
1742342400,1931.28,1948.15,1927.77,1938.2,1214.186953
1742356800,1938.2,1942.07,1929.98,1931.35,521.90271
1742371200,1931.48,2033.37,1931.48,2028.15,9563.551095
1742385600,2028.23,2055.97,1995.46,2048.63,4512.767484
1742400000,2048.63,2060.18,1998.23,2029.97,4659.65358
1742414400,2030.6,2068.99,2028.65,2057.01,1911.50046
1742428800,2056.71,2066.99,2022.07,2022.18,975.069775
1742443200,2022.18,2024.33,2006.45,2008.6,2095.520476
1742457600,2007.99,2021.36,1971.99,1988.58,4000.854202
1742472000,1988.59,2008.92,1965.4,1971.05,2448.095636
1742486400,1971.04,1978.35,1951.96,1972.74,4503.373467
1742500800,1973.78,1983.72,1970.39,1981.55,1517.106793
1742515200,1981.61,1993.93,1972.86,1976.99,973.194878
1742529600,1976.99,1988.66,1966,1975.01,717.295079
1742544000,1975.01,1980.18,1956.42,1966.29,1664.708437
1742558400,1965.88,1971.82,1935.91,1949.99,3376.052363
1742572800,1949.64,1975.94,1945.59,1974.28,1473.141735
1742587200,1973.04,1982.41,1961.9,1964.29,921.057696
1742601600,1964.29,1985.53,1964.28,1984.76,610.916696
1742616000,1984.76,1991.01,1983.16,1984.52,259.789387
1742630400,1983.16,2004.66,1981.67,1989.43,2245.25376
1742644800,1989.43,1995.58,1980.97,1985.65,891.999491
1742659200,1985.65,1998.5,1982.04,1994.98,954.548247
1742673600,1994.99,2002.62,1975.36,1980.15,1435.306916
1742688000,1980.15,2008.3,1977.27,2007.72,1314.703615
1742702400,2007.72,2017.47,1992.2,2007.49,322.669961
1742716800,2008.04,2018.83,2004,2007.62,1084.570733
1742731200,2007.64,2019.99,2002.38,2006.39,1321.368384
1742745600,2006.39,2006.51,1988.5,1996.1,1488.647824
1742760000,1996.11,2005.98,1980.58,2005.13,1016.98594
1742774400,2005.13,2020.46,1978.12,2014.23,2592.926455
1742788800,2014.23,2078,2014.23,2069.58,3184.073436
1742803200,2068.85,2104.11,2068.85,2091.87,2988.633248
1742817600,2091.88,2101.09,2074.06,2090,4010.944458
1742832000,2090.01,2100,2068.58,2090,3604.261698
1742846400,2089.77,2094.43,2070,2081.86,1556.711945
1742860800,2081.37,2097.82,2041.72,2044.29,2248.295004
1742875200,2043.4,2067.32,2038.61,2055.48,989.522797
1742889600,2055.48,2075.1,2053.73,2068.94,884.486912
1742904000,2068.92,2080,2053.72,2068.02,1399.414851
1742918400,2068.02,2083.75,2056.97,2076.36,1768.156559
1742932800,2076.35,2082.48,2054,2066.35,1322.2307
1742947200,2066.36,2078.7,2044.46,2049.22,1508.565438
1742961600,2049.55,2070.93,2048.23,2070.33,1339.316879
1742976000,2069.64,2075.42,2058.21,2070.07,1261.342464
1742990400,2069.85,2070.06,2007.62,2013.45,3980.663619
1743004800,2013.28,2021.42,1982.36,1999.79,5041.475376
1743019200,1999.8,2016.52,1993.06,2009.22,2356.423326
1743033600,2009.64,2036.93,2007.35,2030.21,1241.875711
1743048000,2030.21,2033.2,2022.72,2027.73,660.397342
1743062400,2027.73,2035.42,2013,2016.95,1109.909724
1743076800,2016.28,2026,1987.86,2005.08,2449.9219
1743091200,2004.93,2014.27,1993.71,2002.96,2241.130258
1743105600,2003.9,2018.93,2000,2002.08,1794.799917
1743120000,2002.09,2015.8,1991.74,2000.59,465.006062
1743134400,1999.68,2004.12,1902.03,1908.56,3872.335133
1743148800,1908.98,1922.17,1860,1900.14,4469.290462
1743163200,1900.01,1902.77,1871.37,1872,3070.355339
1743177600,1871.18,1884.8,1862.11,1871.44,2231.190018
1743192000,1872.55,1901.5,1872.55,1895.61,3062.583863
1743206400,1896,1911.99,1886.52,1899.04,757.569265
1743220800,1899.04,1903.19,1875.68,1880.09,944.852983
1743235200,1879.3,1885.8,1832.58,1843.33,2306.607185
1743249600,1843.75,1862.3,1833.82,1838.02,1129.373547
1743264000,1838.1,1846.71,1796.04,1826.92,3338.760666
1743278400,1825.94,1829.68,1812.07,1827.62,674.996531
1743292800,1827.69,1844.17,1813.85,1833.03,917.118216
1743307200,1833.03,1845,1832.77,1836.69,1315.777221
1743321600,1836.74,1847.43,1826.03,1832.67,2106.037759
1743336000,1832.51,1838.59,1788.54,1813.37,3331.770105
1743350400,1813.37,1832.59,1784.19,1813.64,2489.682526
1743364800,1813.8,1821.05,1767.65,1806.21,2975.233867
1743379200,1806.21,1822.56,1777.72,1797.5,2739.078113
1743393600,1797.75,1812.29,1789.77,1797.49,3620.596833
1743408000,1798.21,1818,1778.52,1812.56,2812.05658
1743422400,1812.55,1852.64,1796.24,1842.16,4900.477607
1743436800,1842.14,1847.33,1818.06,1828.25,1859.771172
1743451200,1826.69,1834.4,1816.69,1822.8,2135.693069
1743465600,1822.06,1841.26,1819.01,1834.35,933.030365
1743480000,1834.35,1865.3,1831.56,1853.01,1191.141853
1743494400,1853.94,1890.56,1853.94,1861.49,4498.021702
1743508800,1861.48,1927.19,1843.48,1918.03,10618.731376
1743523200,1918.2,1923,1901.65,1909.41,3978.231015
1743537600,1909.41,1921.4,1897.49,1905.28,1468.824924
1743552000,1905.28,1908.04,1873.38,1875.9,2495.211175
1743566400,1876.43,1881.99,1852.07,1865.99,1203.591329
1743580800,1865.12,1887.26,1862.73,1868.27,2775.388693
1743595200,1868.26,1918.78,1855.17,1898.73,3936.528628
1743609600,1900.11,1915.61,1883.96,1913.05,1678.435563
1743624000,1911.64,1955,1781.97,1792.97,9072.113969
1743638400,1794.85,1833.71,1788.67,1823.8,2326.822733
1743652800,1824.27,1843.76,1807.79,1815.86,1250.526832
1743667200,1815.28,1823.74,1787.57,1794.1,3849.879683
1743681600,1794.1,1799.07,1750,1781.62,10518.476614
1743696000,1781.65,1797.78,1767.94,1785.15,2556.127039
1743710400,1785.81,1819.69,1779.8,1815.63,1082.36259
1743724800,1815.62,1822.26,1771.4,1791.77,2649.72953
1743739200,1791.77,1821.16,1784.12,1817.45,1019.600983
1743753600,1817.57,1834.03,1759.59,1783.83,2269.107457
1743768000,1783.54,1819.99,1769.87,1795.37,8075.977312
1743782400,1794.6,1828.21,1783.07,1810.39,3203.685191
1743796800,1810.1,1826,1806.88,1815.21,1371.787884
1743811200,1815.99,1826,1809.22,1809.48,293.013966
1743825600,1809.33,1815.05,1803.74,1812.14,250.114826
1743840000,1812.27,1820.3,1807,1807,829.289423
1743854400,1807,1807.01,1777.43,1781.33,1084.159287
1743868800,1781.39,1794.29,1779.52,1781.23,764.857475
1743883200,1781.23,1808.63,1765.01,1805.58,2166.649875
1743897600,1805.58,1815.38,1802.53,1808.63,813.886277
1743912000,1808.77,1812.4,1792.68,1797.15,507.264306
1743926400,1797.15,1797.16,1783.69,1788.15,970.343266
1743940800,1788.15,1790.31,1738.8,1759.54,2786.406582
1743955200,1759.37,1759.58,1601,1626.37,16185.775174
1743969600,1626.18,1629.99,1537.26,1578.98,15874.039679
1743984000,1578.99,1612.87,1521.11,1542.98,7126.807032
1743998400,1542.99,1560,1410.7,1459.48,17934.363385
1744012800,1459.47,1518.42,1454.72,1481.47,11043.676989
1744027200,1482,1636.43,1477.44,1556.37,15271.829676
1744041600,1555.9,1571.57,1524.97,1545.62,4901.460059
1744056000,1547.04,1584.67,1544.97,1551.65,4376.536534
1744070400,1551.85,1617.6,1541.71,1584.26,4427.081919
1744084800,1584.26,1601.56,1562.14,1570.57,2662.554124
1744099200,1570.57,1588.72,1554.76,1588.71,2180.223075
1744113600,1588.72,1593.32,1517.95,1531.01,8056.525463
1744128000,1531.01,1531.36,1453.72,1464.99,9055.158266
1744142400,1464.83,1483.72,1445.07,1471.99,3156.276798
1744156800,1471.99,1480.22,1384.17,1418.07,7240.487821
1744171200,1417.68,1490.47,1414.88,1482.66,2762.435101
1744185600,1482.95,1494.8,1444.11,1454.94,3673.347902
1744200000,1454.57,1499.13,1440.34,1484.03,6072.872635
1744214400,1484.26,1670,1481.27,1640.2,22276.609126
1744228800,1640.43,1687.44,1640.42,1668.81,5442.740709
1744243200,1668.79,1668.8,1601.45,1615.98,2153.380869
1744257600,1615.99,1625.05,1584.68,1594.98,3101.966814
1744272000,1594.99,1605.88,1581.47,1593.74,4967.513694
1744286400,1593.74,1625.01,1482.66,1496.03,12499.170914
1744300800,1494.88,1530,1472.9,1514.16,6084.470161
1744315200,1513.36,1532.23,1513.36,1521.26,1732.020735
1744329600,1521.32,1548.59,1505.17,1543.69,4092.663563
1744344000,1543.65,1560.94,1540.64,1552.21,1859.924056
1744358400,1551.56,1582.87,1538.4,1557.4,6206.58734
1744372800,1557.34,1579.64,1540.56,1564.07,6468.281343
1744387200,1564.07,1591.01,1555.74,1564.31,4608.018902
1744401600,1564.76,1585.75,1558.29,1566.21,3515.333001
1744416000,1566.22,1569.15,1546.42,1553.88,895.406602
1744430400,1553.88,1583.7,1550.42,1581.23,1068.802494
1744444800,1581.87,1604.55,1580.63,1594.09,1164.242004
1744459200,1594.08,1668.28,1590.44,1655.15,9885.436694
1744473600,1655.15,1661.48,1627.81,1642.1,3980.125035
1744488000,1642.11,1659.3,1642.1,1643.34,1660.589844
1744502400,1643.35,1647.99,1606.32,1623.79,4320.074778
1744516800,1623.79,1623.79,1597,1614.38,2045.916981
1744531200,1613.54,1626.78,1592.89,1602.51,2058.957842
1744545600,1602.98,1607.27,1566.45,1586.54,2597.853319
1744560000,1586.54,1647.24,1562.5,1588.6,6791.560733
1744574400,1588.82,1615.29,1573.58,1596.65,1998.32169
1744588800,1596.65,1659.2,1595.39,1629.24,2560.23497
1744603200,1629,1640.99,1611.85,1635.2,3054.733575
1744617600,1635.28,1690.88,1629.31,1674.97,3293.285186
1744632000,1674.96,1688.58,1620.32,1627.93,4537.845924
1744646400,1627.67,1650.44,1616.1,1636.02,3590.228482
1744660800,1636.02,1636.98,1606.62,1622.99,2326.238762
1744675200,1622.99,1642.36,1616.05,1638.18,1247.494648
1744689600,1638.19,1646.87,1632.15,1644.22,1131.28828
1744704000,1644.22,1650.58,1623,1631.67,2603.338856
1744718400,1631.83,1659.87,1600.71,1619.98,3838.914805
1744732800,1619.99,1626.91,1598,1607.36,3084.441957
1744747200,1607.36,1614.24,1583.03,1588.98,2117.353721
1744761600,1588.62,1603.19,1577.3,1592.39,4002.603002
1744776000,1591.05,1592.98,1553.31,1563.56,2566.644583
1744790400,1563.57,1585,1557.35,1583.28,2427.644198
1744804800,1583.28,1613.59,1566.97,1590.04,4313.582292
1744819200,1590.36,1611.21,1538.85,1588.55,4969.833579
1744833600,1588.55,1597.63,1570.63,1577.06,2342.720136
1744848000,1577.29,1595.05,1574.83,1585.07,1361.231685
1744862400,1584.89,1609.28,1581.32,1601.38,1885.8189
1744876800,1601.38,1603.47,1589.39,1594.09,1028.654764
1744891200,1594.08,1601.9,1564.02,1582.51,2936.718353
1744905600,1582.51,1615.66,1578.21,1581.99,3303.80668
1744920000,1581.58,1591.79,1580.1,1582.34,2041.541188
1744934400,1582.48,1588.48,1578.5,1583.8,866.893059
1744948800,1583.8,1584,1574.11,1583.59,749.755718
1744963200,1583.6,1591.54,1582.31,1589.82,1193.031985
1744977600,1589.81,1596.15,1580.01,1582.46,1192.97678
1744992000,1582.46,1594.74,1582.46,1591.88,769.846865
1745006400,1591.88,1599.27,1587.03,1588.4,2217.723771
1745020800,1588.34,1599.42,1585.54,1597.91,2525.84
1745035200,1597.91,1611.72,1595.68,1600.76,1220.67007
1745049600,1600.76,1605.14,1593.71,1596.47,1431.612423
1745064000,1596.46,1611.93,1596.46,1605.86,1488.594631
1745078400,1605.86,1630,1598.35,1614.59,1761.622682
1745092800,1614.6,1621.59,1611.67,1613.14,1352.07309
1745107200,1613.14,1618.62,1609.1,1611.15,1996.527458
1745121600,1611.65,1616.92,1586.87,1596.55,2445.128022
1745136000,1596.54,1596.89,1566.55,1572.4,2282.212317
1745150400,1572.39,1583.8,1571.33,1573.38,848.979248
1745164800,1573.57,1586.6,1572.72,1585.93,1559.856832
1745179200,1585.93,1599.7,1575.38,1587.49,1538.447131
1745193600,1587.3,1644,1586.3,1633.85,7135.942608
1745208000,1633.86,1657.12,1631.73,1645.55,1981.297042
1745222400,1645.55,1653.61,1618.65,1626.66,2196.033065
1745236800,1626.4,1640.3,1609.39,1623.8,3961.250987
1745251200,1623.8,1626.18,1564.32,1574.01,3306.55768
1745265600,1574.01,1580.49,1571.86,1580.07,1105.184436
1745280000,1580.07,1593.88,1538.02,1578.92,3325.368296
1745294400,1579.41,1623,1575,1619.38,1203.794514
1745308800,1619.01,1637.64,1614.8,1631.47,2122.156687
1745323200,1631.46,1725.75,1628.75,1704.74,11165.417146
1745337600,1704.26,1710.47,1685,1699.43,3960.094889
1745352000,1700.21,1777.77,1694.03,1757.59,7186.739094
1745366400,1757.59,1806.61,1746.54,1796.01,7718.886601
1745380800,1796.02,1818,1775,1792.34,3582.627776
1745395200,1792.35,1811.4,1780.38,1797.77,1706.259542
1745409600,1797.75,1834.44,1762.69,1795.58,8806.052458
1745424000,1795.2,1809.6,1776.18,1787.48,3018.541519
1745438400,1787.08,1806.87,1786.44,1796.05,2894.656624
1745452800,1796.05,1802.39,1768.14,1768.94,2330.571681
1745467200,1768.89,1776.57,1753,1756,2851.586499
1745481600,1756.15,1760.79,1723.73,1754.47,3140.793476
1745496000,1754.48,1777.14,1745.55,1765.01,2440.969188
1745510400,1765.01,1777.85,1746.82,1765.15,3794.968884
1745524800,1765.01,1775,1750.44,1770,1559.12084
1745539200,1770,1789.53,1740.27,1760.49,3470.362461
1745553600,1760.91,1781.1,1759.48,1777.79,2419.59089
1745568000,1777.8,1792.88,1765.43,1789.77,2342.383005
1745582400,1789.78,1827.85,1760,1806.91,6637.907199
1745596800,1807.11,1811.56,1783.53,1803.47,4788.719488
1745611200,1803.48,1810,1786.1,1786.61,2521.958631
1745625600,1786.6,1816.9,1786.6,1798.47,4022.707031
1745640000,1798.49,1810.34,1790.01,1802.01,838.446642
1745654400,1802.01,1840,1779.91,1786.84,4486.660913
1745668800,1786.84,1804.84,1782.16,1800.97,2311.35772
1745683200,1800.88,1814.33,1797,1814.33,1218.814208
1745697600,1813.71,1830.37,1806.32,1820.85,1098.663114
1745712000,1821.62,1857.05,1803.1,1809.77,6405.310382
1745726400,1809.77,1811.35,1792,1804.18,935.86148
1745740800,1804.34,1815.02,1802.09,1807.36,757.108893
1745755200,1806.66,1807.91,1784.49,1794.58,2236.614887
1745769600,1794.49,1808.34,1788.45,1808.34,980.446395
1745784000,1808.35,1808.5,1785.68,1791.82,879.931243
1745798400,1791.82,1793.81,1753.39,1784.9,3267.616691
1745812800,1784.91,1812.82,1784.9,1805.43,1033.181947
1745827200,1805.42,1826.99,1790,1816.83,2404.47046
1745841600,1816.84,1817.65,1754.03,1762.73,3585.472399
1745856000,1762.74,1804.22,1746.58,1797.21,2913.273091
1745870400,1797.21,1805.65,1781.8,1799.56,1579.739881
1745884800,1799.56,1811.45,1789,1802.44,1059.204693
1745899200,1802.45,1824.37,1789.01,1822.15,1135.005977
1745913600,1822.5,1842,1817.67,1830.21,2375.353324
1745928000,1830.22,1833,1804.81,1815.55,2288.607274
1745942400,1815.55,1831.76,1809.22,1821.73,1750.686792
1745956800,1821.74,1825.4,1782.31,1798.99,3665.380389
1745971200,1798.98,1813.16,1790.09,1808.84,808.854738
1745985600,1809.37,1812.13,1792.67,1796.8,820.459009
1746000000,1796.81,1816.23,1793.34,1815.46,1004.011443
1746014400,1815.92,1816.56,1733.43,1765.68,4767.100901
1746028800,1764.87,1792.9,1757.25,1787.4,3274.408874
1746043200,1787.39,1808.34,1786.76,1793.92,1301.201335
1746057600,1793.87,1818.9,1792.79,1807.83,1246.949367
1746072000,1807.84,1816.01,1803.46,1810.88,686.675721
1746086400,1810.75,1859,1809.87,1845.42,4125.474885
1746100800,1845.42,1872.85,1827.04,1853.71,5290.786356
1746115200,1853.71,1870,1841.55,1845.74,2180.715468
1746129600,1844.21,1851.54,1835.39,1838.84,1523.024808
1746144000,1838.73,1851.63,1836.2,1847.89,1342.384868
1746158400,1847.89,1851.37,1817,1817,4157.149947
1746172800,1816.8,1835.67,1814.41,1832.94,1871.944045
1746187200,1832.94,1854.64,1825,1841.14,3092.472343
1746201600,1841.15,1869.99,1833.13,1841.35,4815.232657
1746216000,1841.34,1848.38,1834.04,1843.01,1571.124043
1746230400,1843.01,1843.61,1828.25,1835.15,1013.520326
1746244800,1835.37,1839.8,1825.55,1827.3,661.161552
1746259200,1826.77,1830.54,1819,1824.87,1383.442273
1746273600,1824.64,1839,1824.64,1834.91,1736.111845
1746288000,1834.94,1839,1811.86,1838.45,1839.60388
1746302400,1838.46,1847.5,1830.9,1833.85,1097.756
1746316800,1833.83,1848.27,1826.9,1833.38,1251.837841
1746331200,1833.02,1850.62,1830.13,1840.87,3853.950979
1746345600,1840.88,1841.24,1822.69,1827.82,2225.949009
1746360000,1827.82,1833.2,1820,1830.56,1506.820762
1746374400,1830.78,1833.42,1823.66,1828.43,457.918137
1746388800,1828.44,1841,1803.72,1809.09,2494.019911
1746403200,1808.95,1818.17,1783.04,1795,2089.941352
1746417600,1795,1829.88,1792.93,1826.61,1417.881552
1746432000,1826.61,1831.09,1799.74,1804.53,1053.702985
1746446400,1804.76,1814.6,1795.01,1800.86,2142.125087
1746460800,1800.87,1827.01,1800.87,1814.57,1227.727942
1746475200,1815.5,1832.44,1800,1819.9,1532.225103
1746489600,1819.9,1820.11,1794.01,1806.48,1338.410549
1746504000,1806.48,1808.79,1798.74,1805.95,596.276353
1746518400,1804.73,1805.43,1758,1768.65,2393.549445
1746532800,1768.65,1779.21,1752.41,1769.92,2427.263093
1746547200,1769.22,1797.62,1762.48,1785,1937.980921
1746561600,1785,1818.61,1765.56,1816.54,2874.60849
1746576000,1816.55,1848.62,1815.1,1826.14,3605.765734
1746590400,1826.14,1838.19,1824.32,1838.19,2100.398476
1746604800,1838.1,1845.66,1831.32,1836.02,6477.970149
1746619200,1836.03,1837.01,1815.11,1817.92,2298.148292
1746633600,1817.92,1817.93,1788.72,1797.39,5380.62611
1746648000,1797.39,1825.36,1790.12,1811.43,1585.593468
1746662400,1811.43,1904.66,1809,1900.36,4071.612103
1746676800,1901.22,1941.8,1892.35,1928.35,4980.738418
1746691200,1928.51,1966.84,1926.39,1957.76,6217.343089
1746705600,1957.68,2074.22,1955.76,2051.93,15782.244194
1746720000,2051.76,2138.71,2037.8,2118.28,12242.991153
1746734400,2117.57,2223,2112.1,2208.36,16031.750656
1746748800,2208.06,2243.39,2186.57,2205,8169.403276
1746763200,2204.58,2391.6,2202.36,2365.38,9485.056559
1746777600,2365,2488.8,2292.82,2350.11,19154.374525
1746792000,2350.9,2387.69,2272.43,2301,6342.905654
1746806400,2301.5,2355.42,2276.03,2330.02,6086.208515
1746820800,2331.36,2350.19,2324.03,2345.79,2946.372347
1746835200,2345.61,2378.49,2318.83,2340,3327.200867
1746849600,2339.89,2417.53,2326.87,2399.24,3279.411306
1746864000,2399.25,2435.79,2361.18,2384.46,4515.460603
1746878400,2384.81,2447.84,2384.81,2433.65,5964.390816
1746892800,2433.66,2512.91,2431.13,2499.75,17246.502129
1746907200,2499.76,2598.7,2471.15,2585,12719.711779
1746921600,2584.99,2606.65,2506.39,2538.52,10233.965216
1746936000,2538.12,2561.61,2455.8,2473.54,6222.172903
1746950400,2474.53,2534.3,2473.97,2531,3166.03395
1746964800,2531,2531.93,2434.8,2463.22,4091.369331
1746979200,2463.22,2525.29,2442.18,2508.58,4347.962286
1746993600,2508.76,2527.26,2484.8,2515.58,2919.202255
1747008000,2515.12,2547.32,2492.33,2519.19,3039.05751
1747022400,2519.2,2624,2486.89,2552.45,8953.302488
1747036800,2553.91,2583.98,2523.53,2531.23,11925.421406
1747051200,2530.71,2576.91,2480.49,2487.06,14291.384604
1747065600,2486.95,2510.67,2408.57,2461.13,8556.25752
1747080000,2461.13,2499,2452.66,2495.4,2486.048382
1747094400,2495.41,2495.78,2416.26,2425.29,5839.348258
1747108800,2424.92,2478.59,2422.88,2459.44,1870.196523
1747123200,2459.44,2524,2453.29,2512.3,1679.177107
1747137600,2512.3,2573.55,2493.66,2568.55,8992.835998
1747152000,2566.48,2736.66,2560.55,2690.41,13515.512249
1747166400,2693,2706.54,2654.95,2680.2,6729.729781
1747180800,2680.2,2725,2623.63,2646.6,5837.309673
1747195200,2646.86,2684.9,2636.77,2641.13,6495.7655
1747209600,2641.13,2644.84,2580,2624,4433.44018
1747224000,2624.01,2634.06,2558.83,2596.8,6564.114386
1747238400,2596.8,2616.92,2548.63,2604.19,3638.273071
1747252800,2604.19,2613.89,2586.32,2610.35,1819.930729
1747267200,2610.49,2645.09,2570,2575.48,4897.867097
1747281600,2575.48,2596.23,2516.3,2531.58,3184.329791
1747296000,2531.58,2567,2518,2555.45,4126.065202
1747310400,2555.45,2579.7,2473.8,2565.62,6660.978312
1747324800,2564.52,2603.69,2513.29,2529.83,7283.764498
1747339200,2531.56,2563.18,2514.14,2547.87,3083.08704
1747353600,2548.66,2583.87,2534.67,2582.27,2495.092448
1747368000,2582.27,2618.89,2565.91,2601.83,4945.198687
1747382400,2603.13,2647.09,2560,2620.91,5137.862592
1747396800,2620.91,2622.42,2575,2594.36,3082.573922
1747411200,2594.36,2602.21,2571.27,2593,2379.496688
1747425600,2592.99,2593.23,2530,2537.43,7828.673129
1747440000,2537.43,2537.43,2455.72,2497.21,3492.436225
1747454400,2497.56,2513.21,2477.26,2492.83,1500.838364
1747468800,2493.23,2496.49,2469.4,2481.71,1357.422558
1747483200,2482.11,2486.77,2447.63,2477.99,2510.677004
1747497600,2474.96,2487.8,2451.12,2470.48,2044.527743
1747512000,2470.93,2495.07,2456.01,2475.74,2025.627661
1747526400,2475.75,2487.74,2470.27,2478.1,1464.95063
1747540800,2477.43,2513.66,2477.43,2509.02,1731.350038
1747555200,2509.97,2527.77,2499.97,2502.06,1913.551756
1747569600,2502.06,2585,2489.13,2580.41,2863.820379
1747584000,2580.42,2583.75,2405,2411.38,6511.952899
1747598400,2409.91,2509.99,2308,2497.69,10043.01281
1747612800,2498.98,2513.31,2382,2387.4,4250.350378
1747627200,2387.4,2413.29,2350.33,2403.53,3858.159465
1747641600,2403.54,2421.33,2392,2417.65,1053.497525
1747656000,2417.66,2471.93,2385.81,2467.95,3212.157576
1747670400,2467.95,2547.21,2452.51,2521.46,5604.784063
1747684800,2519.12,2533.59,2493.8,2528.52,4530.280189
1747699200,2528.75,2588,2512.91,2553.46,3553.170995
1747713600,2553.46,2576.84,2523.87,2533,3924.301836
1747728000,2533.01,2539.31,2495.16,2514.71,1921.295864
1747742400,2514.72,2515.01,2466.67,2484.09,3853.022045
1747756800,2482.88,2511.33,2445.05,2504.04,6728.418715
1747771200,2502.33,2539.57,2486.37,2524.81,3701.776107
1747785600,2524.82,2554.78,2510.81,2545.29,6015.286024
1747800000,2545.29,2614.89,2536.37,2553.12,5519.094381
1747814400,2553.13,2562.48,2517.22,2538.32,3924.687817
1747828800,2538.32,2581.82,2522.84,2568.07,7129.079538
1747843200,2567.88,2615.25,2442.69,2513.81,16297.70696
1747857600,2512.44,2599,2489.01,2552.1,4144.044331
1747872000,2551.67,2646.94,2545.44,2629.12,7839.80128
1747886400,2629.13,2646.53,2603.01,2633,4336.283963
1747900800,2633,2692.01,2628.91,2651.92,13770.462791
1747915200,2650.96,2678.89,2624.46,2664.19,4912.634713
1747929600,2664.19,2674.81,2626.83,2633.49,8326.166651
1747944000,2633.49,2664.5,2630.18,2664.5,4794.608606
1747958400,2664.31,2731.8,2645.89,2722.95,13412.366453
1747972800,2722.94,2724.1,2651,2654.33,11025.605004
1747987200,2654.33,2687.44,2550.4,2566.25,9673.576327
1748001600,2566.25,2590.89,2501.6,2569.2,11099.038367
1748016000,2568.91,2586.17,2546.88,2560.74,6561.375274
1748030400,2560.74,2560.99,2505.39,2526.82,3629.808972
1748044800,2526.82,2556.39,2516.23,2549.88,2834.304619
1748059200,2549.99,2563.85,2537.87,2546.65,915.574986
1748073600,2546.65,2577.19,2545.98,2563.83,1925.227057
1748088000,2563.83,2565.22,2544.88,2555.81,1353.75231
1748102400,2555.82,2566.97,2546.1,2554.45,1225.818376
1748116800,2554.45,2555.48,2520,2531.68,1325.062906
1748131200,2531.67,2539.22,2478.45,2513.88,3296.607497
1748145600,2513.88,2518,2488.21,2493.28,2472.445159
1748160000,2493.28,2502.16,2463.62,2496.98,2233.171382
1748174400,2496.99,2523.12,2481,2512.45,3311.687007
1748188800,2512.45,2535,2496.98,2526.64,1695.382131
1748203200,2527.1,2554.18,2508.47,2551.43,1285.796677
1748217600,2550.95,2575.84,2538.78,2560.92,2692.672594
1748232000,2560.92,2599,2559.62,2581.79,2780.754341
1748246400,2581.99,2583.37,2557,2566.99,2689.397139
1748260800,2566.99,2574.74,2540,2567.01,1153.35802
1748275200,2567.02,2574.2,2526.98,2543.05,1328.588076
1748289600,2543.05,2582.71,2538.99,2563.64,2387.69573
1748304000,2563.64,2573.83,2512.11,2550.57,4958.244355
1748318400,2550,2617,2550,2606.55,5123.038299
1748332800,2606.56,2653.47,2606.55,2651.99,5210.092524
1748347200,2651.99,2682.84,2635,2668.61,5267.139067
1748361600,2668.98,2711,2659.76,2687.29,8362.923243
1748376000,2687.59,2694.12,2654,2663.04,4174.081351
1748390400,2663.03,2663.04,2621.02,2646.21,4497.628941
1748404800,2646.22,2652.09,2625.43,2636.38,3286.729235
1748419200,2636.39,2658.56,2610.6,2657.36,5799.53187
1748433600,2657.36,2689.57,2616.26,2627.37,8516.757312
1748448000,2627.38,2665,2617.16,2619.21,4183.861397
1748462400,2619.2,2686.43,2611.61,2682.41,2763.379308
1748476800,2682.4,2787.34,2672.64,2763.1,10405.013123
1748491200,2763.09,2765,2704.03,2731.41,5440.051812
1748505600,2731.41,2744.01,2710,2716.26,4975.110677
1748520000,2716.26,2719.86,2624.5,2642.92,10347.189023
1748534400,2642.92,2673.07,2631.07,2648.68,3922.753174
1748548800,2650.42,2666.95,2620.2,2631.26,2556.735077
1748563200,2631.27,2643.45,2558.53,2630.98,5529.526875
1748577600,2630.99,2647.13,2608.27,2622.52,3432.690588
1748592000,2620,2628.44,2590.45,2622.4,1348.67978
1748606400,2622.41,2625,2574.86,2600.01,2816.161133
1748620800,2600.01,2603.99,2536.2,2574.47,3923.674011
1748635200,2574.47,2587.86,2508.57,2531.46,7655.031862
1748649600,2531.45,2539.53,2479.01,2513.3,4671.956041
1748664000,2513.83,2526.41,2505.23,2521.91,1460.807382
1748678400,2521.92,2536.98,2507.32,2519.81,8605.240717
1748692800,2519.81,2550,2518.94,2537.57,3755.948976
1748707200,2537.58,2546.99,2516.53,2538.12,5654.786596
1748721600,2538.22,2549.99,2527.28,2529.11,1324.460693
1748736000,2529.33,2529.99,2495,2515.02,3600.290326
1748750400,2514.75,2527,2507.9,2508.47,3688.889283
1748764800,2508.99,2510.99,2480,2497.76,3550.583448
1748779200,2497.76,2524.7,2470.54,2523.29,5152.536561
1748793600,2523.29,2547.35,2495.7,2526.37,3667.281018
1748808000,2526.37,2547.14,2521.32,2538.28,1964.36335
1748822400,2540.63,2541.4,2488.4,2497.99,3638.575359
1748836800,2497.99,2513.71,2476.05,2506.91,9584.598269
1748851200,2506.92,2515.26,2476.46,2482.59,2411.048708
1748865600,2482.6,2555,2480.27,2545.05,11102.590544
1748880000,2545.08,2566.55,2526.72,2533.22,4627.82964
1748894400,2533.22,2615.52,2533.21,2608.13,5746.236688
1748908800,2608.14,2650,2590.8,2604.84,3613.286162
1748923200,2604.84,2621.02,2592.06,2610.01,1761.028825
1748937600,2611.33,2620,2597.09,2604.99,1195.107815
1748952000,2603.65,2654.99,2600,2625.43,5118.866987
1748966400,2625.43,2629.27,2605.95,2624.99,5012.674428
1748980800,2624.99,2624.99,2579.1,2594.64,3086.538862
1748995200,2594.64,2640.86,2585.39,2628.69,3703.610145
1749009600,2628.7,2645.44,2622.9,2629.38,1432.112482
1749024000,2629.46,2650,2626.37,2626.37,1769.116526
1749038400,2626.37,2680,2596.24,2668.69,5303.573952
1749052800,2668.69,2668.71,2624.13,2626.26,5349.097432
1749067200,2625.51,2625.52,2600.21,2608.18,4417.016928
1749081600,2608.17,2630.99,2605.15,2626.53,2529.699186
1749096000,2626.53,2634.22,2603.52,2604.91,1333.607799
1749110400,2604.92,2614.2,2582.61,2609.26,3855.965984
1749124800,2609.27,2641.35,2563.11,2590.32,4880.103034
1749139200,2590.7,2592.18,2507.97,2529.09,7583.9534
1749153600,2527.04,2534.28,2393.21,2416.63,11287.853607
1749168000,2416.64,2457.29,2385.58,2456.84,7408.680543
1749182400,2456.74,2467,2449,2455.51,5623.60357
1749196800,2455.93,2494.9,2455.14,2478.55,7830.036124
1749211200,2478.55,2530.85,2469.36,2511.49,4511.070644
1749225600,2511.5,2519.1,2486.47,2487.01,3812.839825
1749240000,2487.01,2506.99,2475.83,2478.03,1694.867082
1749254400,2478.02,2494.29,2458.83,2490.33,1784.687542
1749268800,2490.33,2501.74,2482.75,2492.45,2298.131443
1749283200,2492.91,2502.14,2485.07,2496.54,2953.098236
1749297600,2496.53,2524.01,2494.59,2520.9,6622.772607
1749312000,2520.64,2525,2508.21,2518.19,1670.676192
1749326400,2518.2,2543.18,2518.19,2525.68,1909.039969
1749340800,2525.54,2526.93,2511.01,2513.53,1883.612734
1749355200,2513.53,2519.76,2509.98,2514.33,490.362297
1749369600,2516.15,2520.94,2494.02,2513.8,2876.973212
1749384000,2513.8,2525.36,2501.63,2515.74,757.009836
1749398400,2515.78,2539.65,2515.73,2534.46,1876.297609
1749412800,2534.46,2547.1,2502.23,2511.12,3680.650134
1749427200,2511.12,2512.73,2485,2498.04,2124.700484
1749441600,2498.04,2498.12,2480,2493.33,2689.947395
1749456000,2493.33,2547.1,2486.5,2543.03,4905.796922
1749470400,2543.03,2549.48,2513.17,2536.4,5610.746279
1749484800,2536.4,2589.28,2536.4,2582.05,3492.814714
1749499200,2582.06,2696.49,2577.12,2681.57,10993.261179
1749513600,2681.06,2731.39,2677.94,2689.83,7140.628632
1749528000,2689.83,2699.72,2655.59,2677.96,5379.376374
1749542400,2678.47,2797.14,2670.7,2773.97,5276.309622
1749556800,2773.97,2778.08,2691.88,2732.67,8685.928987
1749571200,2732.7,2804.7,2729.81,2773.6,5766.293281
1749585600,2773.61,2825.42,2724.92,2816.32,6201.303463
1749600000,2816.36,2832.81,2773.79,2792.01,4639.804427
1749614400,2792.01,2803.75,2780.96,2794,1969.195507
1749628800,2791.87,2793.87,2755.55,2772.17,3267.2429
1749643200,2772.11,2880.51,2763.79,2865.78,10285.527489
1749657600,2865.49,2875,2802.68,2813.63,6346.982741
1749672000,2813.63,2831,2744.37,2771.98,7442.670707
1749686400,2771.98,2784.93,2747.86,2765.09,4584.992213
1749700800,2765.36,2776.08,2733.67,2743.37,2043.655993
1749715200,2740.44,2761.67,2721.44,2730.37,2301.747869
1749729600,2730.37,2772.6,2699.37,2720.87,6524.828562
1749744000,2720.1,2771.67,2693,2695.33,5158.27164
1749758400,2696.16,2702.59,2618.64,2643.89,10235.505633
1749772800,2643.89,2645,2440.77,2517.98,20804.842723
1749787200,2517.99,2542.05,2495,2528.17,4060.095276
1749801600,2528.16,2545.32,2508.8,2545.31,2523.058672
1749816000,2545.32,2563.99,2504.53,2551.76,4837.561877
1749830400,2552.74,2585,2510.9,2528.27,2768.368055
1749844800,2528.33,2584.12,2526.33,2579.64,2430.117066
1749859200,2579.52,2580.2,2548.52,2550.32,2125.383635
1749873600,2550.32,2557.04,2528.54,2538.96,1006.169461
1749888000,2538.28,2540,2521,2540,1613.927029
1749902400,2540,2545.83,2506.57,2521.49,1506.755218
1749916800,2521.49,2526.53,2489.95,2509.46,2404.146538
1749931200,2509.46,2539.49,2499,2533.18,1643.013535
1749945600,2531.43,2540.99,2526.8,2532.08,1698.848234
1749960000,2532.09,2552.01,2523.7,2531.15,1129.17896
1749974400,2529.29,2529.29,2509.44,2515.52,1110.664988
1749988800,2515.52,2554,2515.51,2541,2177.964481
1750003200,2541,2558.18,2531.69,2537.02,2061.825641
1750017600,2537.02,2548.91,2493.47,2546.96,4169.0644
1750032000,2547.47,2577.52,2515.87,2568.63,2538.187468
1750046400,2568.64,2638.09,2566.99,2627.34,2820.733561
1750060800,2628.5,2632.56,2594.12,2617.5,2270.216958
1750075200,2616.88,2658.18,2607.03,2633.32,3816.802061
1750089600,2633.32,2670,2629.12,2661.82,4964.692272
1750104000,2661.73,2679,2537.86,2541.11,10776.358821
1750118400,2545.53,2617.47,2527,2607.39,3278.530034
1750132800,2607.96,2610.57,2571.01,2582.99,1454.885062
1750147200,2582.6,2585.85,2543.54,2553.02,3021.248355
1750161600,2553.02,2566.93,2484.42,2498.12,4416.357733
1750176000,2498.13,2542.27,2455.85,2529.24,5715.449391
1750190400,2528.25,2534.36,2490.03,2510.11,3922.008886
1750204800,2510.11,2535.21,2506.45,2528.51,2154.652905
1750219200,2528.51,2545.76,2520,2532.4,1960.360606
1750233600,2532.92,2547.17,2489.5,2512.97,1852.70645
1750248000,2513.83,2542,2467.57,2509.75,5384.46004
1750262400,2509.76,2517.3,2466.05,2492.69,7004.135964
1750276800,2493.43,2537.57,2484.9,2525.79,2449.826809
1750291200,2525.5,2546.37,2507.88,2525.98,1593.235047
1750305600,2526.13,2530,2515.29,2519.28,1126.972766
1750320000,2519.49,2544.59,2519.49,2532.86,1069.80724
1750334400,2532.87,2535.67,2491,2493.9,1417.611948
1750348800,2493.9,2522.43,2485.77,2505.68,1126.644145
1750363200,2505.68,2532,2505,2521.43,890.005159
1750377600,2521.43,2531,2514.25,2518.08,430.597759
1750392000,2517.87,2550,2504.43,2548.99,1023.913978
1750406400,2548.99,2568.09,2542.09,2550.17,2281.042328
1750420800,2550.18,2559.34,2489.1,2493.98,3862.659561
1750435200,2494.28,2494.5,2366.73,2416.05,12199.661868
1750449600,2415.05,2437.49,2384,2406.04,3515.170459
1750464000,2406.71,2431.71,2397.27,2425.88,1820.292881
1750478400,2425.89,2428.09,2419.83,2426.6,551.35131
1750492800,2427.02,2448.51,2425.3,2442.64,965.995878
1750507200,2443.04,2444.98,2414.77,2423.75,1001.221696
1750521600,2424,2427.49,2382.87,2384.44,2243.945006
1750536000,2384.48,2408.47,2217.24,2296.29,13352.0192
1750550400,2296.43,2314,2248.09,2264.9,13885.408307
1750564800,2265.1,2297.3,2262.44,2271.29,1360.251771
1750579200,2271.3,2279.82,2235.42,2273.3,5615.495064
1750593600,2273.67,2287,2157.22,2173.49,10487.431024
1750608000,2175.15,2219.9,2171.53,2184.48,3362.327974
1750622400,2184.48,2236.54,2114.63,2227.41,7735.922541
1750636800,2227.41,2259,2223.18,2234.93,1803.405922
1750651200,2235.74,2274.53,2229.39,2257.86,2585.163241
1750665600,2258.4,2274.59,2239.95,2254.03,2541.407247
1750680000,2254.03,2313.1,2233.43,2249.55,6514.460779
1750694400,2249.55,2324.98,2190.68,2314.11,9277.561064
1750708800,2314.58,2442.18,2305.22,2413.73,11915.519034
1750723200,2413.32,2420,2392.37,2400.66,2066.07811
1750737600,2400.4,2437.36,2393.63,2395.86,7398.527124
1750752000,2395.13,2450,2378.37,2411.4,9736.190186
1750766400,2411.4,2455.57,2405.42,2439.09,3221.82057
1750780800,2439.09,2481.81,2419.48,2436.41,3672.93328
1750795200,2435.54,2451.66,2431.91,2448.24,1494.574768
1750809600,2448.24,2469.38,2438.64,2445.58,1311.98216
1750824000,2445.59,2451.85,2424.15,2446.28,1068.564472
1750838400,2446.07,2449.13,2409.95,2430.64,7402.583858
1750852800,2430.64,2447,2391.43,2406.94,6918.680198
1750867200,2406.94,2439.29,2402.91,2432.27,2434.113299
1750881600,2432.44,2454.95,2410,2419.12,1157.125526
1750896000,2419.11,2520,2419.01,2490.31,2769.15554
1750910400,2490.31,2499.9,2469.36,2491.87,1261.94685
1750924800,2491.69,2501.92,2441.71,2451.25,2661.749268
1750939200,2451.42,2459.39,2411.01,2434.76,5278.904779
1750953600,2434.76,2443.02,2420.09,2435.85,2292.749145
1750968000,2435.63,2457.97,2396.67,2416.21,2733.737068
1750982400,2416.22,2448,2380.39,2446.81,4077.793986
1750996800,2446.82,2460.14,2436.57,2443.42,1837.336108
1751011200,2443.47,2463.09,2437.67,2447.42,1247.7994
1751025600,2447.73,2457.5,2415.51,2440.01,2418.075972
1751040000,2440.01,2449,2390.92,2415.18,3199.73878
1751054400,2414.9,2428.86,2412.4,2424.18,870.05695
1751068800,2424.35,2424.36,2405.8,2421.48,662.104173
1751083200,2421.49,2434.5,2418.76,2432.65,498.0207
1751097600,2432.66,2433.22,2421.05,2428.45,451.09009
1751112000,2428.37,2441.73,2421.34,2438.26,651.946787
1751126400,2438.26,2447.98,2432.96,2434.4,1467.356486
1751140800,2434.23,2442.98,2428.31,2437.56,341.24036
1751155200,2437.56,2442.39,2426.5,2429.33,539.514687
1751169600,2429.32,2440.71,2428.58,2440.51,276.462183
1751184000,2441,2463.64,2439.26,2463,1303.427959
1751198400,2463.01,2463.52,2435.61,2437.24,826.180444
1751212800,2437.34,2443.23,2431.47,2437.67,404.829941
1751227200,2437.67,2523.77,2415,2501.2,3911.419735
1751241600,2501.2,2522.45,2496.48,2500.34,1417.641169
1751256000,2500.34,2505,2458.54,2481.8,1183.044029
1751270400,2481.58,2486.97,2447.7,2460.69,1683.250927
1751284800,2459,2488.95,2435.45,2475.38,2957.421315
1751299200,2475.15,2518.65,2462.61,2518.23,3511.785243
1751313600,2516.44,2522.37,2485.15,2486.1,3351.054561
1751328000,2486.1,2499.95,2477.72,2486.46,1545.944701
1751342400,2486.46,2486.46,2447.59,2465.75,1082.731733
1751356800,2465.75,2465.75,2444.4,2449.33,2967.557287
1751371200,2449.93,2456.47,2409,2424.18,4720.616317
1751385600,2424.23,2434.02,2401,2404.39,2072.523055
1751400000,2404.39,2418.22,2386.2,2405.76,4777.877976
1751414400,2405.76,2431.29,2373.31,2430.73,3992.980243
1751428800,2430.72,2453.11,2426.32,2448.51,979.977139
1751443200,2447.8,2459.74,2443.75,2446.18,1689.655312
1751457600,2446.32,2501.94,2433.46,2499.99,3987.706258
1751472000,2500.02,2608.59,2497.7,2606.55,10854.128281
1751486400,2606.56,2618.09,2569.1,2570.49,7370.384709
1751500800,2570.5,2586.18,2557.22,2561.12,7207.988405
1751515200,2561.12,2606.24,2561.11,2600.15,2625.015566
1751529600,2602.67,2615.8,2583.84,2598.36,6003.887966
1751544000,2598.56,2636.65,2566.92,2571.02,7286.521005
1751558400,2571.02,2594.04,2568.01,2586.99,1966.527254
1751572800,2586.99,2604.3,2586.98,2591.13,5453.717772
1751587200,2591.36,2602.74,2573.02,2578.99,1028.065281
1751601600,2578.91,2583.98,2531.53,2535.94,3232.014776
1751616000,2535.93,2559.12,2528.57,2549.99,2929.696143
1751630400,2549.99,2556.1,2500.61,2502.13,5021.969976
1751644800,2502.13,2502.46,2475.22,2481.73,3525.828623
1751659200,2481.73,2520.3,2481.73,2508,2124.963507
1751673600,2508,2525.31,2500,2519.23,2987.92071
1751688000,2519.23,2529,2514.95,2520.23,357.397838
1751702400,2520.24,2525.99,2508,2520,1028.52831
1751716800,2520.01,2521.69,2506.56,2507.66,666.09633
1751731200,2507.66,2513.73,2489.37,2506.44,1116.492069
1751745600,2506.44,2522.25,2499.24,2516.99,666.011471
1751760000,2516.99,2520.99,2511.15,2515.05,687.297477
1751774400,2515.05,2526.06,2510.33,2518.7,497.515101
1751788800,2518.88,2518.88,2505,2515.93,400.402959
1751803200,2515.93,2569.4,2512.7,2556.99,4089.502468
1751817600,2556.99,2559.57,2524.51,2541.41,2631.710434
1751832000,2541.41,2605,2541.4,2572.17,3265.917463
1751846400,2572.17,2589.22,2551.97,2577.26,1004.876093
1751860800,2577.26,2580,2560.61,2579.02,1653.68592
1751875200,2579.01,2588.24,2554.29,2563.36,1915.404355
1751889600,2563.36,2568.18,2529.08,2533.98,4554.531609
1751904000,2533.99,2556.76,2515,2544.05,5779.56701
1751918400,2544.01,2544.9,2525,2542.52,2463.390838
1751932800,2542.52,2552.9,2525.01,2538.46,2432.004672
1751947200,2538.46,2563.29,2534,2552.22,1537.888608
1751961600,2552.22,2585.59,2545,2575.26,4868.488501
1751976000,2575.26,2599.37,2559.03,2564.47,4874.324026
1751990400,2564.48,2627,2560.65,2611.98,7573.060938
1752004800,2611.86,2619.24,2598.18,2615.74,2000.814653
1752019200,2615.75,2627,2592.19,2592.21,3157.826835
1752033600,2592.21,2653.35,2592.2,2625.26,3417.978227
1752048000,2625.26,2629.98,2606.02,2626.05,4384.625099
1752062400,2626.05,2673.22,2624.39,2657.86,7590.668763
1752076800,2657.14,2795.41,2654.21,2765.76,22592.39101
1752091200,2765.76,2785.14,2732.16,2770.33,14252.423845
1752105600,2770.33,2799.91,2757.68,2776.84,9327.135133
1752120000,2776.85,2823.87,2768.14,2792.49,4316.997975
1752134400,2792.48,2797.42,2774.65,2780,3798.973341
1752148800,2780,2796.09,2758.07,2770.28,7370.444392
1752163200,2770.28,2841.92,2770.28,2819.53,11324.892754
1752177600,2818.78,3000.3,2816.05,2951.71,22095.179685
1752192000,2951.72,2974.92,2916.07,2970.38,5895.74594
1752206400,2970.38,3029.48,2948.31,2971.52,13933.532155
1752220800,2971.52,3039.25,2964.95,2986.14,3181.398084
1752235200,2986.14,3010.01,2940.1,2948.08,9012.136194
1752249600,2950.02,3010.75,2937.58,3008.83,4622.942945
1752264000,3008.83,3010,2926.17,2958.01,5722.19779
1752278400,2958.01,2970,2933.89,2965.29,1387.707473
1752292800,2965.3,2977.35,2944.18,2965.01,1892.144634
1752307200,2965.01,2980.68,2960.28,2963.44,1789.411021
1752321600,2963.44,2966.21,2905.34,2915,3638.082928
1752336000,2915,2945.94,2912.16,2940,1377.751136
1752350400,2940.01,2946.71,2917.64,2942.64,878.446641
1752364800,2942.64,2961.22,2938.61,2956.02,1001.253453
1752379200,2955.68,2966.64,2951.18,2964.22,2067.463613
1752393600,2964.22,2968.92,2945.39,2965.42,2973.620764
1752408000,2965.42,3019.71,2961.3,2994.52,4368.039392
1752422400,2993.84,3009.99,2964.14,2990.15,5056.034705
1752436800,2990.46,2998.4,2940.8,2973.24,4211.30184
1752451200,2973.25,3050,2964.59,3037.98,11968.802229
1752465600,3037.99,3064.43,3017.73,3044.4,7291.590362
1752480000,3045.06,3081.76,3024.82,3053,12136.288766
1752494400,3053.01,3066.99,2995.73,3010.61,6428.503682
1752508800,3011.76,3029.66,2979.44,2998.95,5023.089497
1752523200,2998.94,3018.28,2983.41,3014.59,5516.455669
1752537600,3014.29,3021.25,2935,2951.32,8299.167087
1752552000,2951.32,2992.91,2935.9,2978.28,3300.143677
1752566400,2977.08,2986.98,2961.88,2981.13,1770.464499
1752580800,2981.01,3065,2967.91,3036.65,10535.132469
1752595200,3038.3,3096.6,3033.37,3041.51,9883.336594
1752609600,3042.8,3144.09,3031.92,3140.01,12088.724311
1752624000,3140.01,3152.31,3105.16,3115.67,3823.538211
1752638400,3116.2,3174.51,3101.92,3163.6,5284.606494
1752652800,3163.01,3172,3145.88,3150,2847.847176
1752667200,3150.01,3265.95,3149.5,3245.76,11218.166345
1752681600,3245.76,3385,3237.4,3383.67,16516.430489
1752696000,3383.67,3423,3342.83,3372.67,12872.647615
1752710400,3372.46,3397.16,3312.11,3331.37,4648.273995
1752724800,3331.87,3467.5,3323.13,3450.05,9651.153893
1752739200,3450.05,3479.73,3427.48,3433.99,8783.944869
1752753600,3433.86,3440.03,3360.24,3421.63,10790.072345
1752768000,3421.75,3456.47,3370,3414.04,9753.064126
1752782400,3414.04,3524,3375.69,3479.33,17236.333064
1752796800,3479.34,3627,3461.76,3596.97,21984.881103
1752811200,3596.97,3675.93,3580.24,3607.69,7649.526042
1752825600,3609.06,3628.7,3586.06,3611.84,7109.139438
1752840000,3612.44,3673.26,3529.75,3567.13,17493.973836
1752854400,3566.81,3623.64,3541.17,3553.34,8479.457051
1752868800,3554.1,3577.13,3481.13,3549.05,7306.992562
1752883200,3549.18,3600,3512.07,3595.82,2557.301302
1752897600,3594.68,3609.01,3571,3575.23,1629.129849
1752912000,3575.23,3579.48,3542.66,3554.76,1524.575896
1752926400,3554.76,3572.67,3530.78,3554.5,1952.416915
1752940800,3554.5,3583.25,3537.16,3579.13,1410.157362
1752955200,3579.45,3600,3541.42,3596.18,3516.687872
1752969600,3596.18,3692.32,3581.4,3659.49,5033.145223
1752984000,3659.49,3690.79,3636.13,3671.94,3579.984115
1752998400,3671.43,3765,3671.42,3757.88,7359.778005
1753012800,3757.89,3789,3726.2,3787,5308.98883
1753027200,3787.01,3822.85,3732.98,3751.43,12494.390783
1753041600,3751.07,3773.84,3612.01,3760.07,8480.657921
1753056000,3759,3767.77,3706.71,3758.91,4261.807877
1753070400,3758.92,3813,3750.03,3788.41,5389.603072
1753084800,3788.8,3838.21,3758.77,3810.12,4955.207355
1753099200,3810.01,3859.67,3775,3812.69,12266.779122
1753113600,3812.69,3819,3721,3737.95,11728.096956
1753128000,3737.92,3780,3722.23,3764.17,3495.347185
1753142400,3764.17,3800,3701.62,3733.7,5720.239821
1753156800,3733.71,3734.99,3655.23,3677.69,7200.211132
1753171200,3677.7,3719.46,3618,3709.08,7307.340861
1753185600,3709.08,3731.06,3628.1,3717.51,9016.094643
1753200000,3718.89,3754.3,3657.78,3672.37,13403.626911
1753214400,3671.08,3750.43,3664.07,3749.04,2871.5387
1753228800,3749.04,3765.91,3716.17,3728.37,8152.427124
1753243200,3730.83,3737.6,3667.06,3675.12,5201.873674
1753257600,3675.95,3698.83,3643.78,3674.85,6001.424647
1753272000,3673.87,3684,3582.5,3645.59,15605.922275
1753286400,3646.25,3646.25,3555.77,3587,10339.967339
1753300800,3589.46,3637.63,3530,3629,6771.062387
1753315200,3629,3666.37,3613.48,3642.23,4103.404734
1753329600,3642.67,3657.57,3515,3595.01,6406.500622
1753344000,3595,3662.26,3582.22,3658.2,10304.10672
1753358400,3657.86,3773.86,3616.66,3732.62,9897.480232
1753372800,3732.63,3755.03,3666.64,3736.68,9443.784675
1753387200,3737.42,3745.01,3697.85,3706.09,4632.587102
1753401600,3709.34,3709.34,3575,3598.31,7258.672347
1753416000,3597.89,3668.03,3582.74,3633.11,4142.604754
1753430400,3633.11,3745,3630,3723.57,5321.020548
1753444800,3723.58,3735.24,3603.18,3635.25,4825.960105
1753459200,3634.76,3660.17,3617.9,3643.39,2166.668344
1753473600,3642.26,3729.23,3642.26,3725.52,4736.581875
1753488000,3725.52,3765.33,3701.31,3741.51,4642.41915
1753502400,3740.51,3755.99,3735,3743.41,1092.006259
1753516800,3743.41,3782.12,3734.41,3740.01,2620.128965
1753531200,3740.6,3756.53,3720,3736.44,2156.256022
1753545600,3737,3755,3711,3752.18,1115.137188
1753560000,3752.17,3793.2,3736.56,3742.2,2733.897768
1753574400,3742.45,3788.77,3732.49,3775.11,2211.989891
1753588800,3775.82,3809,3765.01,3769.59,1662.890646
1753603200,3769.94,3839.59,3751.81,3816.51,3215.164516
1753617600,3816.19,3835.52,3793.05,3819.92,2011.289721
1753632000,3819.92,3869.43,3812.19,3829.09,4242.108138
1753646400,3829.09,3878.86,3820,3875,2535.370302
1753660800,3875.01,3904,3845.25,3880.46,6203.131165
1753675200,3880.46,3939.3,3870,3894.13,6701.006873
1753689600,3893.55,3900,3834,3878.52,5211.536648
1753704000,3878.52,3888.83,3775,3808.97,5699.719802
1753718400,3808.46,3821,3755.33,3796.73,6532.073497
1753732800,3797.86,3802.24,3765.64,3797.08,1261.812209
1753747200,3798.36,3820,3733.39,3791.23,2519.930496
1753761600,3791.39,3878,3776.59,3877.23,3194.086769
1753776000,3877.37,3885.48,3811.48,3825,5085.197082
1753790400,3825,3871.17,3749.8,3762.45,4662.137142
1753804800,3762.45,3807.9,3716.23,3763.48,9897.570886
1753819200,3763.48,3798,3740.8,3792.87,3422.161838
1753833600,3792.86,3825,3757.24,3817.01,1819.31685
1753848000,3817.01,3831.5,3786.06,3810.95,2723.857249
1753862400,3810.66,3824.15,3744.31,3756.37,4008.105061
1753876800,3756.37,3828.79,3750,3797.5,2563.473319
1753891200,3797.36,3819.98,3663.75,3759.36,9676.428939
1753905600,3759.37,3809,3742.41,3806.85,5279.146943
1753920000,3808.01,3865,3800.92,3861.68,3043.972608
1753934400,3861.69,3877.25,3855.1,3863.31,3327.144816
1753948800,3862.89,3873.04,3827.14,3836.91,3207.956897
1753963200,3836.92,3842.25,3762.26,3787.91,8864.695525
1753977600,3787.91,3817.99,3735,3739.01,8091.257566
1753992000,3739,3755,3685.49,3698.08,5937.567626
1754006400,3697.68,3722.99,3614.82,3704.18,11207.307803
1754020800,3704.17,3704.17,3625.12,3649.99,4409.718914
1754035200,3647.7,3647.7,3586.57,3641.94,7191.607849
1754049600,3641.62,3673.51,3565.51,3616.52,14538.103516
1754064000,3616.52,3631.34,3512.52,3516.36,8899.170332
1754078400,3516.47,3550.15,3429.88,3485.96,11713.797034
1754092800,3485.96,3530.31,3476.52,3525.78,4638.311445
1754107200,3527.11,3536,3454.6,3519.05,3583.412766
1754121600,3518.62,3520.98,3474.09,3508.54,2757.064862
1754136000,3507.29,3513.8,3451.55,3457.08,2668.836887
1754150400,3457.08,3479.42,3372,3383.76,15413.720549
1754164800,3382.12,3440.45,3369,3392.97,4334.1672
1754179200,3392.97,3450,3350,3445,5301.942654
1754193600,3445.01,3458.92,3435.33,3453.38,1787.293906
1754208000,3453.39,3517.79,3453.39,3484.9,3536.14374
1754222400,3484.9,3503.89,3455.68,3476.4,2620.052793
1754236800,3476.4,3514.34,3468.99,3494.53,3036.413126
1754251200,3494.53,3518.23,3484.01,3496.8,2084.450821
1754265600,3496.95,3576.12,3490.84,3557.27,5318.029397
1754280000,3557.27,3565.3,3521.99,3553.34,3017.568052
1754294400,3553.34,3571,3503.74,3556.38,5235.317615
1754308800,3556.38,3665.95,3553.1,3650.14,11892.093015
1754323200,3649.88,3718.3,3649.88,3670.25,8501.754039
1754337600,3670.25,3736.1,3662,3719.99,2971.164523
1754352000,3720,3720,3649.61,3651.3,6076.734123
1754366400,3651.31,3679.61,3601,3612.84,8849.457213
1754380800,3612.69,3692.65,3610,3673.26,5644.18375
1754395200,3673.26,3679.79,3544.32,3567.4,28081.343489
1754409600,3567.4,3612.73,3560,3571.9,7630.96788
1754424000,3571.9,3621.24,3547.19,3611.38,2041.587195
1754438400,3611.38,3611.39,3565.35,3582.7,4744.822695
1754452800,3582.7,3677.79,3568.71,3640.01,8170.22263
1754467200,3640.01,3641.47,3610.2,3618.67,1118.082875
1754481600,3618.68,3670,3574.61,3667.08,2910.558982
1754496000,3667.09,3698.6,3640,3682.78,4533.146255
1754510400,3682.78,3684.52,3653.87,3683.56,4260.109093
1754524800,3683.56,3715,3650.36,3657.78,2164.284442
1754539200,3657.78,3709,3657.77,3700.99,2424.66653
1754553600,3701,3842.48,3701,3827.81,13917.756293
1754568000,3827.28,3865.52,3804.99,3838.22,13265.025991
1754582400,3838.28,3878.76,3780,3868.18,7243.424287
1754596800,3868.18,3927.5,3855,3912.74,11922.378563
1754611200,3912.75,3965.18,3880.42,3938.99,17527.376989
1754625600,3938.99,3938.99,3896.18,3916.15,5410.964074
1754640000,3916.15,3927.43,3885.13,3918.15,3430.606564
1754654400,3918.16,4012.57,3893.01,3955.07,23973.019241
1754668800,3955.07,4062.99,3952,4060,22368.773124
1754683200,4060,4070,4004,4008.37,6288.435863
1754697600,4008.37,4050,4008,4049.89,2604.121221
1754712000,4049.9,4200,4046.94,4170,14788.99681
1754726400,4170,4245.14,4169,4190.01,10174.975037
1754740800,4190.01,4224.39,4153.79,4208.79,12716.011302
1754755200,4208.79,4268.66,4195.14,4259.27,7013.154243
1754769600,4259.28,4323.41,4245.41,4262.91,10076.893632
1754784000,4262.91,4329.93,4204.37,4243.3,7676.74876
1754798400,4243.3,4264.41,4175.86,4183.26,6758.268312
1754812800,4184.81,4230.59,4162.16,4180.52,7588.735864
1754827200,4180.69,4236.4,4161.83,4219,10795.733237
1754841600,4219,4258.77,4217.25,4249,12524.195416
1754856000,4249,4255.08,4186.06,4251.61,11349.034589
1754870400,4251.62,4344.41,4240,4308.84,13209.766061
1754884800,4309.22,4347.99,4267.47,4273.53,8848.636996
1754899200,4272.75,4283.17,4171.29,4184.33,6170.452071
1754913600,4184.04,4329.5,4168.3,4329.5,14045.937667
1754928000,4329.5,4362.74,4236,4258.98,11419.464132
1754942400,4258.98,4258.98,4190,4225,8975.877534
1754956800,4225.01,4310,4221.44,4285.99,4764.288941
1754971200,4285.99,4319.8,4271.67,4315.22,3684.295403
1754985600,4315.26,4329.02,4258.27,4289.09,4120.470407
1755000000,4290.21,4479.07,4277.98,4471.34,23190.434982
1755014400,4471.34,4519,4442.27,4518.77,13498.707876
1755028800,4518.77,4634.45,4505.23,4590,24964.996636
1755043200,4590.01,4652.9,4565.31,4646.73,12059.342595
1755057600,4646.74,4690,4608.27,4625.83,12360.999166
1755072000,4625.84,4712,4610.11,4690.1,9020.649143
1755086400,4689.55,4735.56,4610.58,4662,13793.098046
1755100800,4662.01,4749.58,4662.01,4739.99,13793.422704
1755115200,4739.99,4782.99,4698.11,4750.83,19113.620766
1755129600,4750.83,4779.99,4711.24,4778,6051.68069
1755144000,4778.01,4790.39,4719.13,4749.23,8424.950213
1755158400,4749.41,4765.58,4644,4719.99,9917.38306
1755172800,4720,4737.89,4446.98,4621.01,38044.993762
1755187200,4621.1,4622.27,4485,4545.28,15977.674712
1755201600,4540.58,4577.79,4460.94,4549.29,13578.239211
1755216000,4549.3,4652.91,4540.96,4638.13,9970.240427
1755230400,4638.13,4663.8,4610.35,4643.57,4039.527525
1755244800,4643.7,4669.23,4617.07,4640.01,3304.510585
1755259200,4640.01,4667.53,4395.65,4431.19,18870.401771
1755273600,4431.19,4460.66,4374.38,4385.83,8893.384756
1755288000,4385.83,4494.61,4368.45,4443.2,7961.44866
1755302400,4443.2,4491.81,4420,4432.66,5922.823482
1755316800,4433.2,4465.1,4417.23,4455.74,4238.601692
1755331200,4454.82,4460.45,4374.88,4389.42,3995.794832
1755345600,4389.43,4428.17,4378.39,4400.86,2116.337565
1755360000,4400.86,4442.55,4396,4423.78,5064.680516
1755374400,4423.78,4440.48,4408,4424.21,1496.88775
1755388800,4423.99,4459.41,4400,4455.34,1413.430674
1755403200,4455.28,4495.02,4450,4469.22,3347.681396
1755417600,4469.49,4581.39,4463.95,4553.86,4653.047465
1755432000,4553.86,4567.53,4522.82,4562.23,3633.140588
1755446400,4562.24,4565.41,4430,4460.65,4609.634703
1755460800,4460.66,4535.57,4460,4472.99,1770.00785
1755475200,4472.99,4482.35,4285.78,4324.59,12535.06476
1755489600,4323.22,4350.25,4232,4259.04,10410.664575
1755504000,4259.22,4319,4228.77,4278.4,5884.85292
1755518400,4278.4,4369.04,4275,4345.28,6372.444874
1755532800,4345.28,4389.41,4303.88,4356.41,7710.018906
1755547200,4356.41,4385,4308.28,4312.56,4433.246257
1755561600,4312.56,4353.36,4214.55,4221.01,6973.922393
1755576000,4221.01,4249,4194.24,4232.87,8840.48748
1755590400,4232.99,4319.22,4220.02,4311.47,5340.319622
1755604800,4311.48,4342.74,4170,4191.94,13927.694595
1755619200,4191.13,4203.99,4115,4142.06,10652.078214
1755633600,4141.13,4164.86,4067.32,4074.66,7922.540976
1755648000,4074.64,4159,4065,4142.52,7985.541587
1755662400,4142.52,4211.13,4139.98,4185.11,6852.448348
1755676800,4185,4239.99,4152.31,4192.47,7105.875621
1755691200,4192.47,4307.05,4108.3,4255.56,10294.741718
1755705600,4255.55,4372,4255.55,4346.45,18032.601913
1755720000,4347.45,4378.12,4321.25,4334.99,4129.887594
1755734400,4335,4337.29,4280,4295.5,6696.973693
1755748800,4295.5,4320.7,4270.76,4309.99,1504.354857
1755763200,4310,4313.23,4257.62,4280.14,2372.231196
1755777600,4279.39,4325.17,4228,4242.37,6857.88495
1755792000,4242.38,4273.49,4208.88,4221.4,5990.676572
1755806400,4221.4,4259.25,4205,4223.73,2483.234505
1755820800,4224.57,4313.93,4223.23,4277.74,2502.288092
1755835200,4277.79,4341.62,4272.76,4328.51,5619.383011
1755849600,4327.86,4350,4275,4275.01,5752.297924
1755864000,4275.01,4669.96,4207.02,4615.37,48800.919627
1755878400,4615.92,4854.67,4615.38,4833.12,32999.352243
1755892800,4832.17,4889.93,4791.73,4830,24017.377462
1755907200,4830.01,4830.53,4659.21,4692.39,15591.3521
1755921600,4692.39,4760.4,4691.16,4710.16,7244.106517
1755936000,4711.79,4741.85,4691.5,4699.59,2592.867654
1755950400,4699.6,4765.34,4690.4,4749.13,5020.335636
1755964800,4749.13,4759.76,4727.86,4757.49,3298.387324
1755979200,4757.49,4795.95,4736.12,4776.69,3336.915841
1755993600,4776.67,4817.4,4752.96,4788.01,4931.012345
1756008000,4788.01,4798.24,4757.66,4760,1520.65163
1756022400,4760.01,4783.04,4721.55,4748.38,1937.541902
1756036800,4748.38,4826.93,4738.52,4796.62,3208.407886
1756051200,4796.63,4956.01,4747,4809.14,33562.712975
1756065600,4809.14,4822.44,4710,4779.18,11625.758198
1756080000,4779.81,4796.28,4671.8,4725.17,5345.052989
1756094400,4726.75,4737.29,4582,4590.49,9212.714624
1756108800,4590.49,4612.79,4518.81,4598.8,10633.145614
1756123200,4599.2,4682.61,4587.38,4613.17,8482.228847
1756137600,4613.17,4644.13,4413.49,4418.6,19017.914348
1756152000,4418.79,4444,4335.28,4377.69,16452.802186
1756166400,4377.59,4451.69,4310,4401.62,10011.246276
1756180800,4401.62,4455.08,4395.21,4430,4190.815021
1756195200,4429,4462.66,4400.07,4426.92,4068.165063
1756209600,4427.13,4577.33,4406.72,4522.24,13578.384435
1756224000,4519.26,4598.25,4500.97,4595.89,7234.033041
1756238400,4596.55,4633,4564.31,4600.83,9457.670073
1756252800,4601.11,4623.82,4540,4604.15,4161.726439
1756267200,4603.14,4644.09,4562.92,4577.4,8789.02607
1756281600,4578,4618.79,4556.71,4610,5527.833662
1756296000,4610.01,4661.12,4576.55,4658.51,9178.115431
1756310400,4658.52,4658.53,4534.37,4566.52,5970.284206
1756324800,4566.52,4610.54,4480.15,4506.04,8910.961708
1756339200,4506.12,4547.94,4466.08,4542,2364.064311
1756353600,4542,4584.98,4535.54,4584.21,3897.695595
1756368000,4583.74,4629.55,4582.14,4593.78,3650.673152
1756382400,4593.78,4615.61,4484.67,4504.72,6221.993904
1756396800,4504.61,4529.35,4435.09,4438.43,9971.157249
1756411200,4438.69,4515.85,4430,4512.18,5088.10435
1756425600,4512.13,4513.98,4435.75,4491.57,5426.517242
1756440000,4490.1,4497.7,4368.87,4381.24,5308.015449
1756454400,4381.65,4398.35,4319.52,4346.95,11575.990181
1756468800,4346.95,4453.95,4265,4317.7,12655.857438
1756483200,4316.77,4367.19,4299,4341.03,4899.734017
1756497600,4341.55,4379.98,4306.51,4359.78,2453.313404
1756512000,4360.76,4383.09,4261.15,4352.65,5314.839438
1756526400,4352.52,4413.53,4347.94,4402.4,2746.955539
1756540800,4402.18,4406.8,4378.46,4391.47,1270.016743
1756555200,4391.86,4392.25,4333.61,4375.84,3080.866878
1756569600,4376.24,4376.24,4338.34,4354.94,1043.066523
1756584000,4354.95,4377.79,4338,4374.39,740.78961
1756598400,4374.39,4486.57,4374.38,4486.56,7456.930029
1756612800,4486.57,4488.02,4434.99,4451.32,3088.721036
1756627200,4451.18,4481.65,4441.55,4477.89,3985.052004
1756641600,4477.23,4497.84,4451.35,4485.15,1990.299797
1756656000,4484.86,4490,4455,4455.61,3207.080225
1756670400,4455.61,4476.36,4380.68,4391.93,5235.879933
1756684800,4392.91,4430.23,4363.06,4405.99,3715.47061
1756699200,4406,4461,4361.21,4460.99,5480.498304
1756713600,4461,4491.18,4382.82,4391.99,4234.081325
1756728000,4392.97,4421.22,4349,4360.99,4247.59779
1756742400,4361.93,4370.01,4311.17,4367.97,3368.677341
1756756800,4368.12,4368.12,4213.21,4314.38,9736.748159
1756771200,4314.55,4392.39,4292.94,4367.19,2709.483922
1756785600,4366.9,4416.48,4363.31,4375.2,2566.799733
1756800000,4375.2,4405,4342.21,4347.71,2021.14883
1756814400,4347.71,4395.07,4271.87,4291.85,13955.886661
1756828800,4293.77,4330.61,4258.4,4274.26,10036.779868
1756843200,4274.23,4333.8,4266.79,4325.58,4117.713158
1756857600,4326.88,4355,4285.92,4334,4599.26052
1756872000,4334,4342,4291.2,4311.06,5325.220987
1756886400,4311.06,4383,4304.7,4371.39,7925.553698
1756900800,4372.27,4486.14,4343.06,4481.34,11071.011095
1756915200,4481.35,4488.63,4456.5,4476.34,11137.677192
1756929600,4477.22,4483.93,4436.95,4450,4009.585454
1756944000,4450,4480,4395,4399.68,2691.587757
1756958400,4400.38,4412.6,4358.49,4375.61,3613.437139
1756972800,4375.11,4434.63,4368.74,4408.84,2727.294817
1756987200,4408.84,4429.03,4294.11,4306.1,7792.326898
1757001600,4306.01,4322.62,4269,4276.03,4560.87217
1757016000,4275.98,4353.35,4275.89,4299.15,5049.187514
1757030400,4299.15,4333.47,4292.49,4329.4,1941.423293
1757044800,4329.4,4428.99,4317.13,4418.34,4245.328215
1757059200,4417.68,4425.66,4374.92,4417.91,4207.144104
1757073600,4417.91,4491.84,4256.47,4279.99,23191.23917
1757088000,4280,4331.98,4273.28,4330.01,4775.744392
1757102400,4330.02,4342.79,4288.32,4307.02,3968.633664
1757116800,4307.69,4328.95,4303.48,4319.83,1010.852934
1757131200,4320.65,4320.65,4292,4312.37,959.77638
1757145600,4312.59,4315.07,4288.41,4298.22,1127.5355
1757160000,4298.22,4309.15,4264.85,4271.19,1802.760627
1757174400,4270.9,4303.27,4233.14,4254.9,4693.937972
1757188800,4254.91,4286.59,4253.86,4274.96,1244.17743
1757203200,4274.96,4303.4,4272.02,4297.9,2149.481977
1757217600,4297.91,4305.07,4281.35,4293.01,1844.867292
1757232000,4294.91,4313.16,4292.75,4309.21,1457.410697
1757246400,4309.97,4309.97,4290.7,4297.88,1056.567091
1757260800,4298.16,4300.66,4270.02,4292.21,1497.387451
1757275200,4292.22,4335.74,4281.47,4305.19,1707.02877
1757289600,4305.19,4329.41,4280,4310.98,631.632714
1757304000,4311.34,4313,4289.1,4289.99,3042.09298
1757318400,4290,4336.89,4288.89,4312.04,5258.020497
1757332800,4311.7,4383.22,4306.23,4371.57,7650.865348
1757347200,4371.59,4372.3,4285,4288.01,4698.758785
1757361600,4291.26,4328.75,4282.12,4307.5,1289.334297
1757376000,4306.85,4314.31,4279.01,4307.99,1446.749736
1757390400,4308,4387.48,4303.82,4361.07,5436.73196
1757404800,4361.08,4366.06,4345,4349.71,2340.051441
1757419200,4349.72,4366.23,4277.11,4286.06,4379.650087
1757433600,4286.06,4298.79,4268.83,4295.86,3157.669781
1757448000,4295.87,4316.83,4283,4308.23,1539.192741
1757462400,4308.23,4325.6,4286.62,4318.35,971.887142
1757476800,4318.36,4331.12,4294.54,4327.75,1668.177258
1757491200,4327.75,4332.77,4309.72,4328.99,1546.444564
1757505600,4329,4450,4328.99,4406,17238.881972
1757520000,4406,4407.16,4300,4324.38,15555.414337
1757534400,4324.38,4356.2,4324.37,4349.81,1623.014563
1757548800,4350.27,4407.39,4341.39,4406.34,5078.869089
1757563200,4406.34,4446.25,4396.76,4441.02,8090.848995
1757577600,4441.31,4441.31,4407.39,4431.99,7361.097662
1757592000,4431.99,4479.62,4357.98,4415.04,12657.946813
1757606400,4415.04,4440,4409.05,4425.91,2028.061028
1757620800,4425.91,4470.25,4417.6,4462.85,3139.464145
1757635200,4462.85,4536.34,4453.59,4506,6456.269368
1757649600,4506,4562.47,4504.58,4526.39,5084.669739
1757664000,4526.4,4536.77,4508,4519.48,3922.676043
1757678400,4519.49,4570.4,4506.32,4545.11,9257.357388
1757692800,4545.11,4664.41,4535.05,4662.91,11508.042002
1757707200,4662.77,4750,4631.98,4716.93,8615.948357
1757721600,4716.93,4765.45,4695.46,4758.58,2350.829112
1757736000,4758.59,4758.59,4706.03,4713.55,3121.423664
1757750400,4714.65,4741.24,4711.35,4723.11,4842.733201
1757764800,4723.11,4732.3,4644.54,4654.89,5079.781199
1757779200,4654.89,4668.22,4610,4643.04,4085.273372
1757793600,4643.04,4674.68,4643.03,4666.17,1956.03804
1757808000,4666.17,4692.31,4655.28,4664.37,1735.440716
1757822400,4664.7,4684.75,4637.22,4653.67,2696.873739
1757836800,4653.68,4675,4630.44,4635.8,923.418646
1757851200,4635.8,4646,4581,4582.09,8312.08188
1757865600,4582.09,4630.31,4582.08,4616.95,4390.659908
1757880000,4617.06,4635,4600.3,4608.76,1012.322472
1757894400,4608.77,4643.89,4582.64,4640.23,1312.407306
1757908800,4640.24,4670.13,4590.95,4599.09,3935.234632
1757923200,4599.1,4599.1,4501.32,4534.73,3952.397432
1757937600,4534.73,4543.16,4467.79,4503.22,4038.110506
1757952000,4503.22,4512.95,4475.58,4493.17,4989.421681
1757966400,4493.15,4528.38,4490.53,4527.02,2276.774813
1757980800,4527.03,4536.9,4506.94,4524.61,2544.420932
1757995200,4524.61,4536.09,4490.36,4512.98,1773.924569
1758009600,4513.01,4531.78,4495,4501.86,1099.793375
1758024000,4502.03,4511.33,4416.7,4467.72,11468.070865
1758038400,4467.72,4510.97,4450.01,4495,5182.152503
1758052800,4495.01,4525,4488,4504.6,5142.352497
1758067200,4504.6,4552.11,4498,4500.01,4968.873958
1758081600,4500.02,4555,4469.02,4546.28,3934.80811
1758096000,4546.29,4546.29,4481.31,4493.16,1445.411639
1758110400,4493.17,4513.38,4468.12,4491.37,1315.587565
1758124800,4491.36,4534.91,4429.17,4519.06,17622.493698
1758139200,4519.83,4641.8,4489.12,4592.34,13234.892985
1758153600,4592.21,4644.29,4581.71,4616.43,1819.595772
1758168000,4616.43,4620.99,4555.45,4576.73,3131.46734
1758182400,4576.1,4606.05,4570.21,4574,1437.618283
1758196800,4574,4626.52,4560,4601.38,4240.290722
1758211200,4601.39,4637.53,4582.52,4591.53,5566.257496
1758225600,4591.53,4608.2,4571.95,4589.52,5230.6425
1758240000,4589.52,4620,4548,4550.23,3454.84786
1758254400,4550.24,4560.09,4519.47,4541.63,933.581195
1758268800,4541.63,4549.85,4509.23,4518.12,1361.641576
1758283200,4518.13,4544.24,4450,4476.19,5251.458971
1758297600,4477.18,4490,4441.03,4442.88,2108.477172
1758312000,4442.76,4479.66,4441.96,4471.11,1462.044509
1758326400,4471.12,4478.07,4460,4467.96,411.188898
1758340800,4467.74,4484.05,4465.4,4484.05,441.898681
1758355200,4484.04,4484.04,4460,4472.87,639.992706
1758369600,4472.87,4508.31,4465.16,4499.6,634.938962
1758384000,4499.61,4508.31,4475,4480,2344.73143
1758398400,4480.01,4502.41,4480,4481.59,4315.534418
1758412800,4481.59,4492.01,4461.25,4479.16,1605.505904
1758427200,4479.16,4493.3,4470.08,4480.52,1196.322858
1758441600,4480.52,4481.57,4444.59,4462.86,663.912357
1758456000,4462.86,4492.83,4462.64,4486.17,5558.708646
1758470400,4486.17,4500.58,4468.03,4496.99,6046.549407
1758484800,4496.99,4496.99,4447,4447,1151.614695
1758499200,4447.01,4456.92,4264.55,4306,15197.237278
1758513600,4306,4312.68,4000,4195.97,16580.535608
1758528000,4195.53,4210.3,4140,4184.47,6144.233258
1758542400,4184.8,4221.65,4164.52,4170.46,4755.393705
1758556800,4170.46,4186.59,4128.47,4137.3,14370.777818
1758571200,4138.07,4210.76,4138.06,4203.07,4137.379411
1758585600,4203.07,4212.94,4117.81,4191.18,2332.478507
1758600000,4191.02,4216.06,4150,4207.73,6200.657538
1758614400,4207.74,4234.65,4180.47,4195.12,3005.403245
1758628800,4195.12,4211.34,4164.27,4184.01,4623.847052
1758643200,4184.01,4206.99,4141,4153.16,6299.737772
1758657600,4153.89,4190,4141.49,4165.01,3637.326553
1758672000,4165.01,4193.62,4131.06,4149.11,4529.450829
1758686400,4149.12,4184.42,4075,4175,10343.340468
1758700800,4175,4275.48,4168.01,4183.21,6867.199899
1758715200,4183.21,4207,4149.96,4167,6816.480016
1758729600,4168.07,4195.51,4156.69,4165.6,1316.15443
1758744000,4165.25,4172.97,4133.98,4154.62,7039.144341
1758758400,4154.42,4161.74,4024.39,4064,5183.617297
1758772800,4064,4069.49,3970,4008.01,9164.359955
1758787200,4008.01,4052.53,3990.41,4003,4467.024562
1758801600,4003,4022.81,3926.39,4004.23,7455.558362
1758816000,4004.41,4007.65,3825.2,3912.72,23922.450973
1758830400,3912.55,3938.52,3854.61,3872.63,6547.38276
1758844800,3872.63,3971.12,3871.69,3967,2479.758016
1758859200,3967,3975.07,3911.53,3941.43,5586.590535
1758873600,3941.28,3946.01,3876,3909.12,3735.290202
1758888000,3909.12,3985,3876.97,3947.63,7919.871888
1758902400,3947.63,4070.64,3947.21,4029.49,14982.872161
1758916800,4029.49,4040.25,4008,4035.39,1753.596076
1758931200,4035.39,4035.39,4010,4021.18,443.417412
1758945600,4021.18,4027.89,4008.01,4009.2,375.190834
1758960000,4009.21,4019.4,3974.04,4001.8,937.907092
1758974400,4001.81,4040.4,3997.91,4021.99,929.604704
1758988800,4020.98,4020.98,3981.63,4002.2,2360.66629
1759003200,4002.21,4033.99,4002.14,4019.11,1598.4037
1759017600,4019.64,4031.64,3997.85,4004.73,387.046497
1759032000,4004.73,4018.68,3997.83,4014.28,1294.542248
1759046400,4014.29,4014.5,3984.95,3993.27,1129.686262
1759060800,3993.27,4026.5,3965.78,4022.55,5248.122019
1759075200,4022.55,4060,4022.54,4039.99,6710.254778
1759089600,4039.99,4150.26,4038.21,4145.33,10770.662216
1759104000,4145.33,4146.43,4103.61,4121.75,4164.656368
1759118400,4122,4123.54,4091.48,4109.36,1542.638141
1759132800,4109.59,4138.12,4095.8,4104.64,3664.267939
1759147200,4104.64,4207.88,4084.97,4167.7,7627.77171
1759161600,4167.7,4194.99,4131.41,4190.25,2739.719197
1759176000,4190.25,4237.67,4185.72,4218.01,2017.690013
1759190400,4218.01,4246,4191.95,4202.12,5624.380022
1759204800,4202.12,4206.76,4173.39,4184,3432.051454
1759219200,4184,4184,4137.77,4169.96,5555.805632
1759233600,4167.85,4176.91,4098.94,4120.61,2260.246566
1759248000,4120.61,4166.53,4093.11,4161.28,12717.223334
1759262400,4160.69,4199.3,4120.62,4146.97,5468.833536
1759276800,4146.98,4174.35,4125.99,4131.61,925.253607
1759291200,4130.02,4155.84,4124.4,4147.95,624.639072
1759305600,4147.95,4325.62,4145.45,4298.21,10324.787964
1759320000,4298.21,4346.03,4280.65,4329.76,10870.091274
1759334400,4329.77,4342.47,4293.01,4334.13,4121.605288
1759348800,4334.14,4359.72,4293.04,4350.03,2206.934741
1759363200,4349.96,4401.81,4336.56,4378.89,5895.065943
1759377600,4378.9,4422.94,4363.08,4377.73,3974.508909
1759392000,4377.83,4398.35,4373.73,4383.88,1538.739025
1759406400,4382.57,4442,4336.22,4439.39,6077.827855
1759420800,4439.39,4530.85,4430,4499.39,11157.114138
1759435200,4498.66,4499.04,4461.98,4487.47,4133.64269
1759449600,4487.48,4561.82,4466.99,4503.62,4449.382872
1759464000,4503.62,4511.31,4457.38,4465.77,2261.047982
1759478400,4465.75,4497.09,4430.88,4483.05,3873.108802
1759492800,4483.05,4545.44,4440.36,4538.77,7972.566745
1759507200,4538.75,4593.82,4454.25,4522.06,11080.244586
1759521600,4522.65,4546.4,4496.99,4514.89,5681.60256
1759536000,4514.89,4519.68,4467.87,4491.07,3365.283983
1759550400,4491.07,4520,4483.24,4502.26,3750.40802
1759564800,4502.26,4505.96,4483.35,4486.83,2728.059385
1759579200,4486.83,4514.16,4445.55,4457.86,1093.459766
1759593600,4457.86,4479.4,4442.55,4468.94,1442.445778
1759608000,4469.38,4494.52,4469.37,4489,1712.114349
1759622400,4489,4572.58,4472.49,4530.37,5880.946549
1759636800,4530.37,4611.84,4530.37,4604.81,5644.696534
1759651200,4604.99,4616.47,4524.83,4552.28,2921.369855
1759665600,4552.28,4552.28,4527.48,4534.87,994.426075
1759680000,4534.87,4541.62,4486.4,4487.07,3207.812486
1759694400,4487.08,4521.76,4472.64,4516.68,3920.560664
1759708800,4516.68,4550.45,4491.44,4539.64,2776.932267
1759723200,4539.38,4578.74,4511.35,4533.81,1739.948237
1759737600,4534.36,4593.89,4534.36,4573.66,2469.029708
1759752000,4573.66,4759.01,4573.66,4675.1,23191.636011
1759766400,4675.1,4732,4662.25,4726.21,7408.203427
1759780800,4726.22,4736.52,4674.72,4688.96,7356.841301
1759795200,4687.59,4699,4666.73,4692.94,1171.459941
1759809600,4692.94,4730.23,4668,4678.61,2947.502472
1759824000,4678.62,4713.2,4636.6,4712.01,2757.714322
1759838400,4712.01,4757.08,4481.41,4514.99,20484.712094
1759852800,4514.99,4523.19,4451.99,4480.53,12842.926314
1759867200,4480.53,4519,4435.01,4450.01,2828.591574
1759881600,4450.01,4501.8,4437.05,4443.81,3205.823732
1759896000,4444.99,4466.12,4414.17,4464.57,1804.421927
1759910400,4464.35,4507.7,4461.33,4487.91,2887.112586
1759924800,4487.91,4525,4441.01,4448.47,5570.286536
1759939200,4448.64,4558.2,4442.5,4517.81,3121.973339
1759953600,4517.82,4538.3,4500.98,4526.57,1990.490888
1759968000,4526.58,4528.47,4405.01,4452.14,2529.318357
1759982400,4452.15,4458.61,4411.17,4426.35,1701.88454
1759996800,4426.34,4426.35,4319.46,4376.66,11753.437144
1760011200,4376.66,4414.04,4295,4317.39,6878.985142
1760025600,4317.4,4345,4269.2,4340.82,8482.133854
1760040000,4340.49,4385.59,4331.71,4370.28,4583.431724
1760054400,4370.28,4395,4346.04,4351.37,1918.06054
1760068800,4351.38,4377.12,4316.4,4321.61,3105.717019
1760083200,4321.61,4351.07,4313.93,4345.35,2803.335315
1760097600,4345.33,4391.55,4070,4102.27,21650.154871
1760112000,4102.28,4153.07,3953,3997.87,28410.79902
1760126400,3997.88,4049,3423.26,3837.22,74113.699584
1760140800,3837.11,3883.3,3735,3797.81,5990.014272
1760155200,3797.82,3836.15,3740,3761.32,4872.055371
1760169600,3761.32,3861.82,3754.11,3842.69,5664.245255
1760184000,3843.21,3858.77,3790.21,3828.74,4874.040835
1760198400,3828.74,3848.34,3736.21,3763.65,6571.376486
1760212800,3763.94,3768.68,3650,3749.47,4599.883209
1760227200,3750.02,3819,3700,3785.02,4674.963415
1760241600,3785.02,3844.99,3781.64,3829.99,2674.863052
1760256000,3830,3867.08,3808.37,3820.5,1662.788552
1760270400,3820.5,4080,3800,4037.99,15301.062647
1760284800,4037.26,4169.33,4037.16,4139.11,23042.234379
1760299200,4139.12,4200,4084.46,4156.74,16808.957217
1760313600,4156.74,4222,4129.29,4141.99,2692.908278
1760328000,4141.99,4198,4120.52,4180.06,3810.628761
1760342400,4180.06,4195,4042.17,4085,6877.816063
1760356800,4085.01,4180.2,4061.61,4138.98,5177.942064
1760371200,4138.7,4274.96,4134.98,4255.01,8697.123771
1760385600,4255.01,4293.6,4240,4244.36,7889.187095
1760400000,4244.36,4264.58,4141.61,4156.64,3591.20232
1760414400,4156.64,4163.86,3970.02,3979.99,10035.415709
1760428800,3980.98,4016.77,3890.78,3974.76,12140.068705
1760443200,3974.76,4090.93,3897.27,4089.71,8211.212061
1760457600,4088.3,4168.1,4049.99,4104.34,19633.821635
1760472000,4105.32,4143.26,4076.21,4125.99,5864.444417
1760486400,4125.99,4144.33,4064.13,4084.47,1020.968665
1760500800,4084.48,4125.99,4071.64,4125.89,1785.450388
1760515200,4125.89,4216.33,4092.13,4101.71,2378.225832
1760529600,4101.72,4108.85,3963,3984.07,8027.825302
1760544000,3983.9,4015.1,3934.01,3984.24,5425.414389
1760558400,3984.24,3997.07,3932,3987.78,3417.670842
1760572800,3987.78,4037.58,3978.46,4015.43,1991.740239
1760587200,4016.69,4049.57,3982.8,4006.73,2136.60936
1760601600,4005.03,4080,3945,4063.42,1903.737536
1760616000,4062.92,4087.62,3895.08,3908.82,11248.641866
1760630400,3908.41,3968.38,3854.03,3870.53,9985.205483
1760644800,3870.75,3897.1,3828,3895.24,3026.788536
1760659200,3895.24,3949,3889.98,3934.28,2302.035615
1760673600,3934.66,3936.07,3752.28,3755.44,5445.690594
1760688000,3755.44,3818,3677,3778.03,11050.376097
1760702400,3778.04,3809.24,3713.01,3800.01,5319.88563
1760716800,3800.01,3850,3780.84,3828.01,4798.268538
1760731200,3828.61,3882.78,3819.84,3833.11,1782.059197
1760745600,3833.11,3882.16,3821.43,3872.1,1078.199984
1760760000,3871.93,3929.2,3842.61,3891.94,1499.70976
1760774400,3893.82,3906.6,3864.77,3881.01,1079.922669
1760788800,3881.01,3894.87,3853.69,3879.3,642.206181
1760803200,3879.25,3899.16,3855.75,3893.96,2544.332888
1760817600,3894.59,3909.63,3871.75,3889.37,1118.277047
1760832000,3889.37,3906.74,3856.03,3906.47,1539.584775
1760846400,3906.47,3919.47,3877.47,3888.65,813.764764
1760860800,3888.75,3954.93,3826.4,3925.86,4051.6809
1760875200,3925.62,4000,3912.61,3980.51,2984.786255
1760889600,3980.52,4026.96,3961.47,3988.01,7276.754333
1760904000,3988.01,4028.63,3974,3984.67,2797.080495
1760918400,3984.47,4038.06,3909.93,4029.47,3567.837218
1760932800,4027.56,4085.3,4025.29,4056.77,3572.811512
1760947200,4056.77,4071.1,4013.64,4036.88,2207.801456
1760961600,4036.88,4049,4004.22,4005.95,2892.123075
1760976000,4005.95,4005.95,3923.67,3981.36,5704.39409
1760990400,3981.35,4003.93,3972.25,3981.32,1239.138606
1761004800,3981.32,3984.96,3921.94,3925.77,983.951046
1761019200,3925.78,3925.78,3842,3896,3561.101696
1761033600,3896,3896,3855,3893.22,1561.737106
1761048000,3893.22,4084.64,3856.55,4082.64,8740.256508
1761062400,4082.71,4110,3969,3997.25,9594.321385
1761076800,3997.81,4002.26,3859.99,3874.68,2937.546972
1761091200,3874.69,3891.38,3822.14,3860.74,3625.799878
1761105600,3861.41,3883.1,3840.42,3872.01,2035.082574
1761120000,3872.01,3872.01,3768.75,3830.6,2172.052409
1761134400,3830.6,3876.14,3776.79,3843.84,5682.804711
1761148800,3843.85,3859.3,3784.83,3805.33,3419.494252
1761163200,3803.81,3814.83,3708.51,3805.71,6716.075165
1761177600,3805.71,3835.48,3797.77,3827.32,1570.833828
1761192000,3827.32,3895.61,3823.72,3882.33,2328.623569
1761206400,3882.33,3904.41,3862.5,3864.85,1076.634389
1761220800,3864.85,3886.23,3811.39,3877.21,2910.699883
1761235200,3878,3933,3848.45,3862.43,3094.238355
1761249600,3862.43,3862.44,3823.15,3858.33,1349.041813
1761264000,3858.34,3896.19,3850,3893.11,1176.77921
1761278400,3893.11,3988.03,3888.8,3949.99,4195.920532
1761292800,3950,3970.02,3929.62,3946.65,1535.403557
1761307200,3947.02,4021.75,3875,3889.34,5738.832501
1761321600,3889.68,3938.42,3867.52,3931.31,1395.284011
1761336000,3927.6,3945,3925.44,3935.68,1553.570576
1761350400,3935.68,3938.48,3914.34,3922.17,432.529153
1761364800,3922.17,3960.64,3921.99,3929.06,830.940085
1761379200,3929.06,3956.64,3928.45,3941.08,1462.598431
1761393600,3941.08,3955,3925.58,3933.23,918.624512
1761408000,3933.23,3968.91,3931,3957.87,512.297948
1761422400,3957.86,3965.54,3938.06,3954.29,2241.620015
1761436800,3954.29,3961.85,3916.74,3932.14,2029.842058
1761451200,3932.13,3956.17,3929.88,3952.91,1141.577577
1761465600,3952.91,4053.32,3950.98,4044.99,1852.782212
1761480000,4044.74,4097.02,4043.1,4074.95,3807.179687
1761494400,4074.95,4080.62,4047.26,4066.99,3132.444057
1761508800,4067,4177.73,4055.98,4158.73,9161.961646
1761523200,4158.83,4225.3,4149.63,4205.35,3295.718663
1761537600,4205.36,4252.57,4195.21,4200.01,2973.033569
1761552000,4200.01,4200.01,4135,4160.98,4436.921565
1761566400,4160.98,4187.17,4122.6,4172.86,1783.805855
1761580800,4172.86,4234.03,4172.86,4190.9,4560.70756
1761595200,4192.26,4194.89,4095.47,4118.66,7418.25623
1761609600,4118.66,4141.32,4071.98,4095.49,2169.932323
1761624000,4095.5,4126.34,4068.28,4117.73,1234.328486
1761638400,4116.75,4134.59,4105.47,4112.22,1218.547659
1761652800,4112.23,4174.82,4074.36,4097.78,3899.353988
1761667200,4096.85,4148.6,4029.79,4039.96,10797.089224
1761681600,4040.37,4044.54,3926.42,3980.25,11641.696406
1761696000,3980.15,4008.21,3965.49,3999.3,900.02176
1761710400,3999.31,4035.79,3999.3,4025.35,7138.689302
1761724800,4025.35,4026.31,3985.06,4013.73,4950.547101
1761739200,4013.73,4028.65,3942.31,3951.71,3991.239083
1761753600,3951.71,4018.97,3840,3904.5,12938.574318
1761768000,3904.5,3964.29,3877.12,3902.54,2760.175894
1761782400,3902.54,3948.66,3886.61,3935.97,1244.855301
1761796800,3934.85,3943.02,3841,3940.01,4471.543763
1761811200,3939.98,3939.99,3880.01,3882.84,4097.19872
1761825600,3881.17,3884.49,3761.19,3773.9,14707.400515
1761840000,3773.9,3801.09,3679.02,3690.35,7412.781981
1761854400,3687,3805.6,3678.76,3802.67,2959.97714
1761868800,3803.69,3857.4,3796.49,3828.07,2557.948006
1761883200,3828.08,3870.92,3822.12,3823.76,3931.275382
1761897600,3828,3878.07,3817.46,3873.97,1900.30088
1761912000,3872.54,3884.29,3828.51,3861.56,2216.371445
1761926400,3861.57,3900,3804.29,3886,4087.842579
1761940800,3885.14,3889.52,3840,3846.73,1117.747941
1761955200,3846.73,3860.94,3830.69,3859.73,953.176621
1761969600,3859.74,3866.62,3850.53,3858.56,990.891827
1761984000,3858.57,3879.06,3858.57,3875.03,1437.874131
1761998400,3875.03,3878.69,3835.37,3870.09,1817.924563
1762027200,3872.09,3881.41,3863.27,3872.37,861.779369
1762041600,3872.37,3882.78,3861.09,3879.22,331.383711
1762056000,3879.22,3916.6,3875.61,3906.75,657.185983
1762070400,3906.75,3906.98,3853.63,3890,1087.71728
1762084800,3890,3890,3837.92,3853,1369.850187
1762099200,3853,3865.6,3840.95,3855,638.538198
1762113600,3855.36,3912.6,3844.99,3907.44,2089.17198
1762128000,3906.81,3913.33,3730,3736.01,3979.627627
1762142400,3736.21,3762.82,3685,3713.76,4372.186484
1762156800,3712.72,3739.22,3664.98,3709.99,4139.5677
1762171200,3710.92,3745.99,3582.66,3590.01,8037.278171
1762185600,3590.01,3679.39,3561.22,3629.52,7648.554511
1762200000,3630.22,3634.21,3558.19,3601.99,12280.859846
1762214400,3601.99,3649.9,3566.58,3642.17,11936.366247
1762228800,3642.01,3645.62,3470.93,3492.06,10560.501142
1762243200,3492.06,3531.1,3460,3529.21,3147.82061
1762257600,3529.21,3584.92,3472,3504.65,5001.01968
1762272000,3505.73,3516.26,3224.14,3229,19976.062671
1762286400,3228.82,3303.12,3058.27,3288.88,24021.511378
1762300800,3286.58,3346,3168.13,3331.91,7918.661643
1762315200,3331.91,3353.42,3306.22,3333.34,5716.581404
1762329600,3331.2,3331.2,3273.65,3321.28,1693.129066
1762344000,3321.29,3398,3311.8,3397.63,5656.344526
1762358400,3397.65,3477,3371.01,3456.78,13407.313132
1762372800,3456.29,3480,3409.53,3424.01,4793.060038
1762387200,3424.01,3449.79,3377,3432.27,1462.245385
1762401600,3432.3,3454.94,3364.82,3379.85,2680.14714
1762416000,3379.12,3413.76,3366.52,3398.96,990.403552
1762430400,3398.95,3402.4,3276.38,3299.04,5620.331731
1762444800,3298.01,3350.94,3243.78,3323.5,12676.084954
1762459200,3323.5,3335.6,3287.22,3313.54,2980.742725
1762473600,3313.53,3363.63,3275,3345.39,6769.806242
1762488000,3345.4,3366.6,3318.27,3356.29,4464.342911
1762502400,3356.24,3358.85,3223.16,3260.2,7316.059064
1762516800,3259.73,3313.33,3178.39,3295.06,41971.12742
1762531200,3294.83,3447.69,3273.01,3441.93,11268.638642
1762545600,3441.7,3488.32,3430.81,3433.9,24861.673307
1762560000,3434.51,3463.71,3408.8,3452.4,3583.165998
1762574400,3452.15,3485.22,3418.07,3445.93,1196.5636
1762588800,3446.08,3467.07,3406.06,3411.92,1233.40758
1762603200,3411.76,3416.34,3370.53,3374,1965.244051
1762617600,3376.02,3406.21,3356.95,3388.22,1101.79238
1762632000,3388.53,3413.2,3380.36,3400.21,1393.858058
1762646400,3400.21,3401.36,3360,3374.51,636.83509
1762660800,3374.69,3424.55,3370.17,3422.24,2361.4666
1762675200,3422.3,3434.36,3381.98,3428.74,818.73616
1762689600,3427.69,3561,3423.94,3515,8964.928432
1762704000,3514.83,3580,3501.53,3580,6260.000891
1762718400,3580,3621,3563.38,3584.2,5255.349091
1762732800,3584.21,3658,3551.99,3626.96,8658.897759
1762747200,3626.97,3630.87,3590,3609.32,5240.93484
1762761600,3608.62,3628.9,3586.12,3608.13,2318.4084
1762776000,3608.13,3621.81,3510,3518.72,7162.586616
1762790400,3518.88,3575.73,3508,3557.13,5144.650689
1762804800,3556.77,3582.26,3530,3565.64,5342.167133
1762819200,3566.47,3644.2,3553.68,3605,5346.613504
1762833600,3605,3608.77,3532.5,3543.67,2639.336945
1762848000,3543.67,3585.26,3543.67,3573.25,2763.682566
1762862400,3574.04,3592.61,3469,3482.54,11283.793697
1762876800,3482.51,3500.4,3446.85,3455.92,8357.688852
1762891200,3455.94,3460.3,3404.17,3414.42,3577.042913
1762905600,3416.34,3454.14,3411.89,3438.27,1726.699818
1762920000,3438.27,3456.66,3425.01,3426.24,1074.706128
1762934400,3427.88,3566.95,3427.88,3549.01,1936.431256
1762948800,3549.24,3586.3,3417.26,3428.92,10092.996625
1762963200,3428.98,3453.1,3372.02,3408.56,9681.611957
1762977600,3408.55,3438.37,3393.68,3413.51,2327.162534
1762992000,3414.75,3475.21,3378.75,3454,2706.568264
1763006400,3451.16,3561.69,3434.25,3539.25,4559.644872
1763020800,3539.25,3547.01,3478.5,3503.49,2686.918746
1763035200,3501.76,3509.61,3369,3386.16,10615.849574
1763049600,3386.67,3398.04,3170.67,3195.29,17274.139437
1763064000,3194.55,3269.12,3153.33,3230.34,7025.015264
1763078400,3230.24,3248.5,3186.03,3224,6313.813901
1763092800,3224,3239.23,3105.31,3213.01,7248.945802
1763107200,3213.02,3216.84,3117.48,3140.75,4078.261227
1763121600,3143.5,3230.91,3067.18,3193.09,24048.459772
1763136000,3193.09,3252,3153.14,3206.12,8676.060796
1763150400,3206.13,3210.51,3087.37,3109.23,8616.553074
1763164800,3109.81,3189.96,3109.81,3177.49,1889.698877
1763179200,3177.5,3188.99,3158.49,3174.2,3023.418483
1763193600,3174.2,3174.4,3132.74,3149.94,1559.317208
1763208000,3150.04,3194.42,3145.55,3183.72,1441.773132
1763222400,3184.08,3227.5,3162.9,3196.62,3229.677694
1763236800,3196.63,3198.53,3150.8,3167.37,2913.664198
1763251200,3167.37,3207.59,3129.2,3200,2195.806075
1763265600,3200,3218.4,3186.25,3215.2,1502.580851
1763280000,3217.3,3244.75,3156.28,3165.23,5906.083639
1763294400,3166.02,3178.61,3097.07,3103.03,4285.109204
1763308800,3102.76,3124.71,3025,3089.17,12409.529092
1763323200,3089.26,3114.49,3003.32,3093.51,3907.746812
1763337600,3092.44,3176.06,3067.01,3173.43,2183.497722
1763352000,3174.11,3204.95,3163.5,3195.93,1633.321701
1763366400,3196.12,3217.79,3177.81,3201.21,1509.987701
1763380800,3201.22,3205,3094.3,3116.28,4569.525728
1763395200,3116.28,3138.35,2970,2978.68,14076.045792
1763409600,2978.69,3028.62,2955.78,3025.5,10989.682209
1763424000,3026.65,3046.44,2941.02,3022,9320.758507
1763438400,3022,3029,2957.45,3021.77,4263.077413
1763452800,3021.78,3067.95,3021.78,3052.27,3936.98817
1763467200,3054.71,3120,3021.02,3105.12,9897.379924
1763481600,3104.59,3168.86,3099,3143.41,10723.267053
1763496000,3143.41,3149.13,3095.34,3122,5615.00288
1763510400,3121.81,3123.16,3078.71,3112.92,1287.191479
1763524800,3107.38,3107.39,2990.12,3082.85,5961.913477
1763539200,3083.08,3109.11,3053.92,3080.97,1951.99546
1763553600,3081.16,3103.46,2964.66,2971.18,8071.569815
1763568000,2971.18,2984.09,2870.83,2878.16,18401.714858
1763582400,2878.31,3024.81,2871.62,3022.4,16327.213862
1763596800,3022.4,3054.63,3002.39,3037.03,2531.888901
1763611200,3036.47,3058.46,3004.38,3037.01,2894.777457
1763625600,3037.01,3039.33,2991.03,3021.15,1463.83101
1763640000,3021.15,3045.26,2950,2952.94,6794.742045
1763654400,2952.66,2958.35,2788.37,2844.33,18402.622765
1763668800,2844.3,2900,2817.01,2830,11044.385129
1763683200,2830.95,2881.24,2770.63,2806.55,4332.435055
1763697600,2806.31,2829.22,2656,2717.57,11772.501033
1763712000,2716.51,2749.32,2660.36,2684.84,6658.482821
1763726400,2684.87,2778.05,2621.08,2701.64,10053.884307
1763740800,2702,2804.3,2673.34,2750.2,10342.197161
1763755200,2750,2774.24,2708.15,2765.39,2522.208687
1763769600,2765.39,2781.77,2737.46,2751,1121.297573
1763784000,2750.56,2767.57,2725.01,2755,728.044052
1763798400,2755,2755,2704.51,2733.38,1177.576486
1763812800,2733.38,2750,2711.5,2737.59,1122.483427
1763827200,2737.59,2757.79,2733.38,2750.06,1329.199204
1763841600,2750.06,2797.32,2731.89,2767.09,1483.934248
1763856000,2767.09,2831.65,2767.08,2822.66,2091.428104
1763870400,2822.83,2850.23,2777.25,2792.37,1663.088037
1763884800,2792.37,2820.09,2792.36,2813.5,552.035485
1763899200,2813.5,2856.78,2810,2835.47,2111.142904
1763913600,2835.28,2843.45,2785.28,2821.18,2170.977183
1763928000,2821.19,2842.56,2793.93,2801,3204.234822
1763942400,2801,2864,2762.75,2856.34,2412.366837
1763956800,2856.34,2883.91,2801.75,2828.68,1295.64562
1763971200,2828.29,2839.57,2788.07,2802.73,1991.456834
1763985600,2802.73,2858.25,2785.17,2844.29,4751.244877
1764000000,2844.73,2977.65,2843.56,2958,8448.412515
1764014400,2958,2983.98,2948,2951.88,3447.087579
1764028800,2951.88,2951.88,2904.36,2911.31,3198.02424
1764043200,2911.31,2941.81,2902.54,2902.94,1248.776646
1764057600,2902.94,2907.53,2866.13,2890.75,1765.062936
1764072000,2890.75,2931.72,2856.2,2893.88,8398.839179
1764086400,2894.08,2956.97,2872.5,2921.18,3793.146357
1764100800,2921.38,2977.85,2906.26,2959.04,3729.865396
1764115200,2959.04,2980.5,2920.14,2926.16,2342.342307
1764129600,2926.16,2952.88,2920.57,2941.87,1356.503178
1764144000,2943.09,2946.4,2902.27,2914,1235.279959
1764158400,2914.01,2946.92,2888.11,2925.63,9481.213177
1764172800,2925.63,3044.02,2925.41,3032.99,10924.53331
1764187200,3032.99,3035,3009.17,3026.95,2768.747541
1764201600,3026.95,3070.59,3005.54,3034.49,3476.180769
1764216000,3034.49,3051.96,3018.18,3032.79,1404.106125
1764230400,3032.79,3042.95,3019.72,3029.78,1570.305705
1764244800,3029.78,3030.1,2986.2,3010.22,2274.675901
1764259200,3010.22,3038.35,3005.83,3031.68,917.302574
1764273600,3031.68,3043.18,3005.29,3014.85,1010.869885
1764288000,3014.85,3021.2,2995.62,3009.34,850.546248
1764302400,3009.35,3026.84,3001.2,3002.25,655.77775
1764316800,3002.24,3074.48,3002.06,3035.59,1311.101532
1764331200,3035.04,3097,3027.39,3075.13,6313.666854
1764345600,3075.13,3075.13,3012.34,3050.18,3061.849913
1764360000,3050.34,3059.6,3021.84,3032.32,964.282974
1764374400,3032.33,3052.04,3018.28,3022.5,1615.616083
1764388800,3022.5,3044,2992.51,3006.51,1773.184434
1764403200,3006.51,3010.91,2985,3001.45,704.487722
1764417600,3001.45,3013.5,2989,3008.45,1009.018696
1764432000,3008.46,3011.03,2964.9,2989.52,1472.83385
1764446400,2989.49,2999.81,2984.13,2990.01,881.125768
1764460800,2990.01,3011.19,2977.36,3001.9,693.820459
1764475200,3002.19,3008.93,2987.52,3006.34,458.163373
1764489600,3006.34,3017.65,3001,3003.01,661.098276
1764504000,3003.02,3052.2,3002.3,3028.66,2179.894779
1764518400,3028.89,3049.19,3028.88,3032.72,1499.386816
1764532800,3032.72,3041,2990.43,2991.95,1927.288015
1764547200,2992.16,2996.68,2815.39,2827.29,11243.75968
1764561600,2826.57,2843.52,2806.58,2841.06,5812.843818
1764576000,2840.66,2853.19,2830.5,2838.52,2019.926387
1764590400,2838.26,2838.26,2718.8,2745.41,20194.214098
1764604800,2745.41,2757.08,2719.8,2739.53,3885.071666
1764619200,2740.53,2818,2740.52,2799.79,6023.566389
1764633600,2799.8,2823.22,2784.31,2804.77,8183.074711
1764648000,2804.77,2816.27,2798.9,2806.83,962.438643
1764662400,2805.99,2832.57,2784.43,2825.44,1047.886618
1764676800,2825.44,3024.14,2818.22,3006.55,6115.935743
1764691200,3006.57,3034.42,2986.78,3016.42,6902.346098
1764705600,3016.42,3020,2975.18,2997.97,2861.73841
1764720000,2997.97,3047.34,2986.81,3032.02,2420.546097
1764734400,3032.03,3085,3030.97,3059.14,2832.975818
1764748800,3059.14,3077.54,3046,3073.6,1187.65087
1764763200,3073.6,3144.02,3031.27,3085.32,11609.469414
1764777600,3085.32,3141.36,3066.68,3128.84,3675.778372
1764792000,3128.69,3213,3118.44,3189.39,9111.16244
1764806400,3189.14,3239.96,3176.27,3210.68,3288.776761
1764820800,3210.68,3218.84,3170,3190.65,5257.60504
1764835200,3190.62,3208.63,3178.01,3186.71,2004.180973
1764849600,3186.8,3225.46,3141.18,3211.01,5704.897154
1764864000,3211.01,3224.15,3069.6,3120.22,9283.045769
1764878400,3119.95,3150.98,3107.38,3133.94,3493.356574
1764892800,3133.95,3192.73,3133.95,3170.12,2353.827102
1764907200,3170.13,3183.28,3152.87,3173.41,1191.511107
1764921600,3173.76,3173.82,3110,3132.5,2806.470183
1764936000,3132.5,3159.75,3084.87,3106.39,7544.282272
1764950400,3106.7,3107,2985,3038.57,10295.418406
1764964800,3038.42,3049.75,3008,3023.8,1723.883597
1764979200,3023.8,3045.64,3012.87,3040.66,879.494123
1764993600,3040.66,3042.2,3025.84,3025.89,538.760339
1765008000,3026.21,3041.48,3016.42,3039.5,806.105832
1765022400,3039.51,3069.61,3027.61,3040.91,1840.01869
1765036800,3040.91,3065,3026.77,3030.38,1110.507697
1765051200,3030.38,3053.86,3029,3040.62,753.766219
1765065600,3040.57,3055.78,3034.3,3055.21,790.85975
1765080000,3055.22,3059.06,3032.78,3037.5,555.620301
1765094400,3037.5,3043.91,3026.16,3037.82,387.859939
1765108800,3037.82,3051.97,2914,3026.97,6970.337776
1765123200,3027.94,3149.11,3002.38,3137.32,5303.567101
1765137600,3137.46,3145,3013.71,3060.35,3029.138172
1765152000,3060.19,3134.04,3042.24,3111.39,3515.231199
1765166400,3111.03,3139.85,3109.77,3133.42,2039.859819
1765180800,3133.43,3179.21,3126.13,3141.86,3446.12761
1765195200,3142.24,3177.2,3090.82,3101.95,6683.850227
1765209600,3101.95,3133.46,3077.25,3118.89,5433.174541
1765224000,3118.89,3151.43,3113.9,3124.35,1961.553258
1765238400,3124.35,3143.11,3091.74,3128.93,1719.0926
1765252800,3128.94,3130.91,3096.74,3122.65,1296.426548
1765267200,3122.51,3129.44,3094.28,3119.01,1288.166218
1765281600,3119.01,3255,3099.31,3242.9,6240.039341
1765296000,3245.44,3396.98,3245.23,3357.11,24413.288395
1765310400,3357.85,3360.51,3285.11,3318.37,7630.397967
1765324800,3318.37,3328.59,3289.82,3310.58,2476.768561
1765339200,3310.01,3333.24,3307.22,3327.93,1999.737039
1765353600,3327.53,3375.33,3300,3318.56,3912.581115
1765368000,3319.12,3338.69,3304.11,3328.04,4867.912647
1765382400,3328.04,3434.58,3321.08,3390.19,18316.695258
1765396800,3390.38,3448.32,3320.83,3324.64,12817.19665
1765411200,3324.8,3327.67,3168.82,3192.4,7506.345529
1765425600,3192.12,3216.26,3182.11,3202.02,4083.542226
1765440000,3201.91,3212.97,3179.64,3194.97,3907.765779
1765454400,3194.22,3209.95,3146.51,3180.63,7845.469179
1765468800,3179.66,3235,3155.98,3194.85,11621.85039
1765483200,3194.85,3273.06,3194.32,3236.85,5694.438348
1765497600,3237.17,3266,3187.3,3246.66,2772.44435
1765512000,3246.67,3264.69,3233.63,3246.82,1626.360335
1765526400,3247.38,3255.42,3227.59,3242.65,4998.252193
1765540800,3242.65,3251.33,3056.01,3072.14,7989.42175
1765555200,3072.1,3100.85,3046.15,3074.01,9398.038618
1765569600,3074.01,3096.5,3068.27,3085.09,4850.303339
1765584000,3085.23,3095.07,3078.83,3089.45,1335.664718
1765598400,3089.46,3095,3085.39,3094.33,595.232516
1765612800,3095,3135,3093.57,3120,1399.078174
1765627200,3120.01,3127.18,3096.18,3110.81,1153.097305
1765641600,3110.06,3116.78,3096.63,3109.16,2775.407893
1765656000,3109.16,3119.8,3080.12,3115.15,1851.268731
1765670400,3115,3129,3105.26,3119.12,1205.677846
1765684800,3119.28,3121.87,3105.7,3115.5,1505.50303
1765699200,3115.69,3120.06,3051.43,3085.07,5073.889674
1765713600,3085.26,3107.57,3070.85,3084.12,5412.051909
1765728000,3084.82,3107.31,3075.28,3094.49,4960.535195
1765742400,3094.5,3097.78,3026.11,3062.77,4977.328562
1765756800,3063.51,3149.99,3057.27,3108.56,8765.612619
1765771200,3108.56,3144.24,3104.39,3129.93,3891.939063
1765785600,3129.93,3175.7,3126.65,3157.15,2204.356426
1765800000,3157.16,3158,2986.03,3011.06,10747.483729
1765814400,3011.41,3016.78,2894.06,2940.02,10198.713909
1765828800,2940.01,2968.17,2916.91,2964.51,5194.511371
1765843200,2964.75,2977.69,2922.27,2936.26,4430.27725
1765857600,2936.47,2950.22,2875.91,2923.36,3419.148359
1765872000,2923.81,2964.06,2920.49,2957.14,1813.874584
1765886400,2957.65,2980.81,2887.04,2962.44,7507.668417
1765900800,2962.53,2966.98,2911.93,2945.46,8229.063987
1765915200,2945.01,2964.87,2936.76,2961.9,1576.221192
1765929600,2961.9,2972.23,2938.41,2946.67,1595.634164
1765944000,2946.67,2953.25,2914.4,2946.98,2224.870445
1765958400,2946.99,2946.99,2904.44,2927,2451.309697
1765972800,2927,3028.78,2885,2903.1,14640.645712
1765987200,2903.23,2924.82,2790.66,2819.25,21232.231396
1766001600,2819.11,2836.01,2804.83,2833.01,3662.077858
1766016000,2832.46,2846.39,2821,2830.84,3592.32552
1766030400,2830.78,2840.27,2822.07,2834.82,2171.047358
1766044800,2835.15,2862.29,2834.2,2857.25,2875.888906
1766059200,2857.74,2993.92,2853.58,2963.7,22618.936023
1766073600,2963.43,2965.42,2775,2781.5,19196.671068
1766088000,2780.17,2835.27,2778.27,2826.65,5753.272904
1766102400,2827.19,2933.86,2807.51,2905.78,11830.203873
1766116800,2906.37,2980.44,2905.62,2949.76,4916.724391
1766131200,2949.79,2968.97,2936.76,2963.19,3422.394391
1766145600,2963.74,3016.58,2942.76,2964.25,11107.737539
1766160000,2963.32,3005.64,2933.58,2983.67,6226.970302
1766174400,2983.68,3000,2973.36,2977.94,3464.571008
1766188800,2977.94,2992,2969.42,2987.52,1769.629181
1766203200,2987.52,2988.42,2974.05,2980.88,1849.936451
1766217600,2980.63,2987.67,2973.37,2984.73,2436.47293
1766232000,2984.73,2991.04,2965.91,2975.6,1889.899793
1766246400,2975.61,2979.99,2972.62,2976.82,1281.602823
1766260800,2976.82,2984.02,2971.37,2977.08,891.359462
1766275200,2977.08,2979.74,2961.36,2971.69,2455.63389
1766289600,2971.69,2980.93,2971.43,2980.09,1795.79784
1766304000,2980.1,3011.66,2977.44,2995.61,1891.295691
1766318400,2995.62,3003.9,2944.28,2974.1,4365.494416
1766332800,2974.1,2997.54,2967.53,2990.69,10682.758235
1766347200,2990.71,3012.11,2970.82,3001.35,6400.888164
1766361600,3001.36,3058.61,2970.4,3020.54,6507.46374
1766376000,3020.55,3041.12,3019.31,3029.44,2462.788881
1766390400,3028.51,3057.37,3025.16,3048.74,2882.97591
1766404800,3048.74,3075.51,3021.07,3050.6,7388.892384
1766419200,3051.23,3057.82,2972.86,2980.45,5004.822104
1766433600,2979.01,3013.49,2963.26,3007.03,3611.887785
1766448000,3007.29,3032.8,2971.42,2990.86,2355.799418
1766462400,2990.27,2997.06,2944.9,2962.67,2845.514586
1766476800,2962.67,2972.88,2950.34,2971.95,1549.08109
1766491200,2971.95,2971.95,2900.35,2927,5009.245926
1766505600,2926.97,2964.57,2908.85,2942.33,5535.518912
1766520000,2942.51,2985.14,2939.44,2963.44,3651.522716
1766534400,2963.44,2976.12,2920.43,2943.82,1755.879525
1766548800,2943.82,2956.22,2916.57,2930.37,3047.319401
1766563200,2930.38,2937.28,2913.19,2923.71,1313.759863
1766577600,2923.57,2936.76,2888,2923.66,2904.154225
1766592000,2923.66,2951.44,2920.06,2943.44,4635.623997
1766606400,2943.57,2960,2940,2945.49,1770.159057
1766620800,2945.42,2954.43,2935.09,2945.31,1060.791023
1766635200,2945.31,2945.35,2936,2939.99,447.758749
1766649600,2940,2943.3,2911.16,2923.02,1697.896558
1766664000,2923.02,2968.66,2918.94,2958.04,1646.269725
1766678400,2959.32,2964.4,2941.88,2954.37,1099.635618
1766692800,2954.38,2954.46,2890,2902.89,2522.438724
1766707200,2902.88,2990.83,2893.78,2962.61,4599.110499
1766721600,2962.61,2989.96,2951.19,2955.13,8731.575063
1766736000,2954.84,2973.06,2953.81,2962.87,1733.13053
1766750400,2962.87,2983.67,2893.72,2919.95,3331.624727
1766764800,2921.63,2931.23,2905.01,2923.32,2965.631434
1766779200,2923.32,2935.33,2919.15,2925.71,765.508293
1766793600,2925.72,2931.27,2920.72,2931.27,1026.588281
1766808000,2931.27,2935.63,2926.04,2930.93,488.720621
1766822400,2930.94,2937.95,2916.41,2929.24,1063.826851
1766836800,2929.24,2931.74,2924.36,2925,979.676236
1766851200,2925.01,2928.79,2916.37,2928.79,1721.282217
1766865600,2928.79,2958,2926.57,2947.1,1462.102192
1766880000,2946.85,2948.78,2939.26,2941.87,759.186397
1766894400,2941.49,2944.55,2928.55,2935.85,1198.988708
1766908800,2935.85,2944.52,2930,2941.35,1285.14436
1766923200,2941.36,2957.25,2936,2947.33,1488.548619
1766937600,2947.44,2952.18,2923.7,2931.21,2729.974771
1766952000,2931.08,2952.38,2926.66,2948.59,1334.374829
1766966400,2948.91,3043.89,2942.7,3040.54,10548.194324
1766980800,3040.54,3053.42,3003.59,3016.5,4702.749997
1766995200,3016.51,3021.87,2953.81,2956.69,3086.822425
1767009600,2956.69,2961.49,2907.38,2932.76,7376.103438
1767024000,2932.76,2942.37,2910.48,2928.98,9821.409758
1767038400,2929.14,2940.8,2922.53,2934.84,2117.68045
1767052800,2934.31,2951.79,2915.54,2946.99,2276.275318
1767067200,2947,2953.93,2933.72,2947.49,685.609692
1767081600,2947.49,2999.07,2946.9,2974.55,7617.035136
1767096000,2974.55,3004.08,2955.5,2986.22,9899.990105
1767110400,2986.67,2990,2941.96,2968.51,9377.356607
1767124800,2968.51,2971.59,2951.99,2970.49,3191.97896
1767139200,2970.31,2980.75,2958.7,2966.87,1196.680394
1767153600,2967.01,2975.35,2964.69,2972.44,853.722118
1767168000,2972.44,2999,2960.11,2999,3016.289485
1767182400,2998.14,3023,2963.64,2980.48,4246.968971
1767196800,2980.74,2992.72,2955.79,2966.66,4452.44015
1767211200,2966.6,2979.2,2958.98,2967.13,3112.573388
1767225600,2967.13,2983.96,2967.13,2974.64,1338.487602
1767240000,2974.65,2978.49,2967.9,2972.85,819.474368
1767254400,2972.85,2987.54,2972.84,2984.9,460.303923
1767268800,2984.62,2990.26,2973.74,2985.62,770.72657
1767283200,2985.62,3000.69,2976.43,2990.09,2437.505603
1767297600,2990.09,3006,2983.74,2999.8,3443.000896
1767312000,3000.22,3030.07,2989.3,3018.91,2342.528975
1767326400,3018.7,3033,3004.81,3014.57,3706.829826
1767340800,3014.12,3064.86,3012.37,3044.45,5259.189784
1767355200,3044.45,3106.13,3018.5,3084.08,9850.116959
1767369600,3084.09,3147.65,3077.58,3121.85,7587.651782
1767384000,3122.35,3143.16,3109.71,3124.04,4840.959816
1767398400,3124.04,3135.3,3118.07,3124.33,5203.146733
1767412800,3124.19,3126.2,3075.13,3088.4,2656.440701
1767427200,3089.06,3108.94,3083.45,3097.6,1614.692555
1767441600,3096.77,3113.31,3092,3099,2084.715802
1767456000,3099.01,3116.23,3096.44,3110.53,2433.648582
1767470400,3110.54,3128.52,3106,3125.5,1652.589186
1767484800,3125.5,3164.79,3125.23,3146.36,3785.54117
1767499200,3146.23,3160,3132.64,3139.54,1515.51422
1767513600,3139.84,3146.13,3124.19,3137.11,1179.4074
1767528000,3137.77,3144.94,3116.41,3133.94,2388.646691
1767542400,3133.94,3141.38,3118.26,3131.12,1428.198434
1767556800,3131.13,3154.02,3129.8,3143.42,1457.615497
1767571200,3143.18,3218,3143.1,3184.2,4418.644744
1767585600,3184.2,3186.65,3133.98,3156.01,1826.287553
1767600000,3156.01,3181.48,3151.36,3178.81,3147.425984
1767614400,3178.81,3202.93,3134.18,3194.99,8026.411283
1767628800,3194.44,3228.58,3159.91,3222.55,5128.89488
1767643200,3222.56,3264.6,3220.13,3224.67,9122.790615
1767657600,3224.83,3246.31,3203.16,3224.25,3203.928879
1767672000,3224.56,3252.25,3210.91,3217.84,2186.70419
1767686400,3217.84,3240.99,3213.01,3236.94,1073.555822
1767700800,3236.75,3308.21,3228.15,3270.85,10270.711036
1767715200,3271.12,3278.23,3181.17,3222.11,6122.802258
1767729600,3221.65,3299.18,3221.65,3295.29,3713.815214
1767744000,3295.36,3295.36,3238.27,3264.27,1971.221999
1767758400,3264.75,3268.71,3245.38,3252.64,667.814924
1767772800,3252.65,3260.66,3193.42,3218.58,1894.689076
1767787200,3218.23,3225.88,3142.58,3161.81,5574.071023
1767801600,3161.92,3175.79,3123,3142.29,5756.760007
1767816000,3142.11,3177.39,3125.45,3166.37,3281.278536
1767830400,3166.38,3180,3130.26,3139.15,3784.401589
1767844800,3139.15,3157.17,3086.73,3123.54,5231.910661
1767859200,3123.61,3132.33,3093.73,3116.92,1196.197514
1767873600,3116.93,3116.93,3050.33,3100.21,4311.945804
1767888000,3100.69,3135.65,3087.59,3108.34,3492.217244
1767902400,3108.34,3126.4,3085.78,3103.77,3324.787881
1767916800,3103.83,3145.45,3078.49,3116.59,3188.459643
1767931200,3116.6,3120.88,3107.48,3108.8,752.707897
1767945600,3107.24,3111,3063.73,3086.57,1926.704177
1767960000,3086.65,3139.42,3056.63,3108.22,5636.273779
1767974400,3108.42,3141.26,3066,3076.75,6103.673016
1767988800,3076.76,3088.85,3062.92,3084.39,4776.479764
1768003200,3084.39,3089.6,3076,3082.45,1121.322611
1768017600,3082.45,3088.64,3075.27,3088.4,297.157921
1768032000,3088.41,3099.28,3082.87,3091.97,886.841653
1768046400,3091.97,3098.37,3085.75,3091.51,424.984278
1768060800,3091.42,3094.95,3087.44,3087.45,2336.080003
1768075200,3087.45,3089.04,3074.11,3081.4,765.21557
1768089600,3081.4,3093.33,3080.42,3093.33,468.787642
1768104000,3093.33,3097.19,3086.14,3090.81,3041.927166
1768118400,3090.81,3104.96,3089.17,3100.58,1078.342183
1768132800,3100.58,3125.99,3100.58,3113.4,1287.113369
1768147200,3113.83,3142.42,3111.89,3120.6,5688.930052
1768161600,3119.71,3121.17,3088.18,3118.03,8355.961921
1768176000,3118.54,3166.62,3094.17,3148.05,2907.94324
1768190400,3148.05,3162.36,3129.86,3130.78,2441.716482
1768204800,3130.75,3142.47,3096.98,3112,3986.946953
1768219200,3112.01,3128.78,3061.56,3127.01,9917.918096
1768233600,3127.01,3143.5,3082.21,3118.55,7178.129227
1768248000,3118.56,3124.76,3082.66,3091.93,1992.960233
1768262400,3091.93,3114.22,3088.58,3112.14,5158.835796
1768276800,3112.14,3141.34,3108.7,3119.01,1920.912824
1768291200,3119.02,3144.65,3118.37,3130.36,1474.771944
1768305600,3130.36,3185.55,3127.01,3182.44,8785.229512
1768320000,3182.1,3243.88,3170.03,3214.96,14126.372655
1768334400,3214.96,3374.84,3189.33,3323.63,11704.905131
1768348800,3323.57,3356.87,3313.59,3349.74,4302.18637
1768363200,3349.75,3362.23,3320.88,3334.18,3415.519903
1768377600,3334.18,3340.92,3281.44,3283.71,7969.261391
1768392000,3283.72,3360.8,3279.18,3345.03,7676.052109
1768406400,3345.03,3402.64,3315.94,3366.74,15628.662092
1768420800,3367.2,3392.38,3348.09,3354.58,10029.0161
1768435200,3354.59,3355.5,3277.35,3285.64,5419.67665
1768449600,3285.15,3333.69,3283.56,3328.42,2635.370849
1768464000,3329.03,3376.34,3321.27,3348.22,2488.565224
1768478400,3348.42,3382.71,3284.72,3330.78,4613.881488
1768492800,3329.65,3336.5,3272.92,3294.38,5917.330631
1768507200,3294.36,3321.97,3276.9,3317.62,5493.268923
1768521600,3317.62,3325.9,3290.82,3293.75,2017.043336
1768536000,3293.75,3315.44,3276.23,3308.03,2407.946476
1768550400,3308.04,3318.23,3292.77,3300.6,1159.403708
1768564800,3300.8,3317.58,3251.53,3262.83,4767.37238
1768579200,3262.91,3286.8,3258.5,3274.92,5409.536982
1768593600,3274.69,3298,3262.18,3295.01,2147.485812
1768608000,3295.01,3295.62,3283.21,3288.15,1238.22524
1768622400,3288.15,3292.84,3284.7,3289.88,857.03127
1768636800,3289.88,3305.01,3288.01,3302.18,6177.664356
1768651200,3302.18,3328.38,3298.76,3328.38,2537.788104
1768665600,3328.38,3328.38,3311.33,3314.38,7266.492826
1768680000,3314.39,3317.98,3296,3308.93,1356.742028
1768694400,3308.93,3317.19,3295.37,3314.58,1086.352644
1768708800,3314.58,3316.37,3305.01,3305.82,618.436709
1768723200,3306.24,3324.74,3302.16,3321.09,791.240094
1768737600,3321.1,3344.99,3312.98,3332.32,1262.845702
1768752000,3332.32,3367,3328.51,3345.09,2500.801839
1768766400,3345.34,3354.2,3277.46,3282.62,3375.306588
1768780800,3281.96,3281.96,3174.44,3210.93,10540.927238
1768795200,3210.6,3215.24,3187.1,3205.28,2687.644931
1768809600,3205.28,3228.99,3196.27,3221.72,2962.956086
1768824000,3221.73,3233.93,3202,3214.22,3450.407526
1768838400,3214.22,3224.5,3206.66,3218.06,3210.548023
1768852800,3218.06,3223.23,3163.19,3187.31,9910.895227
1768867200,3187.28,3198.01,3174.01,3185.69,3181.236928
1768881600,3186.36,3186.77,3107.17,3120.97,11041.239504
1768896000,3119.8,3119.8,3082,3106.61,9032.700383
1768910400,3106.6,3110.99,2992.32,3029.3,10129.717078
1768924800,3029.3,3039.09,2976.66,2992.58,6734.765805
1768939200,2992.59,3003,2910,2936.29,9708.048018
1768953600,2936.29,2980,2919.01,2977.81,10502.122426
1768968000,2977.82,2996.67,2963.83,2967.61,11985.622062
1768982400,2967.61,2971.77,2936.08,2941.31,1570.009884
1768996800,2940.21,3022.98,2900.11,2999.74,10982.900401
1769011200,2999.75,3067.1,2864.1,3052.69,17832.340238
1769025600,3052.69,3054.68,2970,2979.9,4525.390972
1769040000,2979.54,3034.21,2978.33,3011.09,1934.312064
1769054400,3011.09,3024.55,2998.17,2998.37,1635.063727
1769068800,2998.38,3013.34,2975.81,2984.32,1327.82251
1769083200,2984.32,3006.34,2903.92,2940.51,5027.140955
1769097600,2939.8,2969.23,2921.89,2951.41,2822.687846
1769112000,2951.05,2955.09,2928.12,2948.85,2108.761373
1769126400,2949.42,2968.53,2943.5,2961.48,1733.174843
1769140800,2960.95,2979.99,2931.81,2945.24,8507.459305
1769155200,2945.18,2946.97,2911.41,2936.89,2259.175552
1769169600,2936.83,2960.38,2888.29,2948.72,2898.477995
1769184000,2948.72,3015.33,2936.13,2955.71,7316.069772
1769198400,2955.72,2959.64,2927.11,2953.01,2013.746894
1769212800,2953.01,2965.72,2945.97,2958.28,1031.443573
1769227200,2958.29,2962.14,2950.02,2953.06,1332.951105
1769241600,2952.75,2959.92,2950.48,2956.61,505.282374
1769256000,2956.62,2963.28,2940.13,2952.92,1491.353676
1769270400,2952.93,2964.05,2947.65,2950.02,1476.295514
1769284800,2950.02,2959.85,2945.38,2948.77,1325.576994
1769299200,2948.77,2955.55,2933.92,2938.45,1406.260002
1769313600,2938.06,2944.61,2930.27,2934.9,1514.272624
1769328000,2934.9,2942.86,2918,2932.91,3969.774996
1769342400,2932.91,2939.79,2918.74,2922.79,2603.646033
1769356800,2922.8,2923.49,2794.97,2809.99,14886.815157
1769371200,2809.99,2822.47,2784.3,2814.76,6642.24206
1769385600,2814.54,2894.36,2809.92,2845.66,5520.529252
1769400000,2845.67,2906.8,2845.67,2899.94,2251.323953
1769414400,2900.7,2930.17,2877.79,2888.76,2911.710053
1769428800,2889.11,2946.79,2873.2,2896.33,6378.323363
1769443200,2896.15,2932.99,2883.54,2919.84,5307.218504
1769457600,2919.84,2941.84,2893.37,2926.63,5113.477698
1769472000,2926.64,2944.5,2909.32,2936.15,1923.179594
1769486400,2936.79,2953.08,2920.86,2925.36,1232.78025
1769500800,2925.36,2928.37,2896.11,2913.45,1554.341864
1769515200,2913.45,2939.19,2902.27,2933.71,5302.124354
1769529600,2933.71,2994.04,2915.11,2975.96,5848.431326
1769544000,2975.97,3030.78,2974.83,3022.12,11587.534529
1769558400,3022.19,3024.89,2992.44,3000.82,2896.661818
1769572800,3000.83,3013.24,2988.91,2999.99,3122.82366
1769587200,3000,3040.31,2981.98,3035.71,12507.204536
1769601600,3035.13,3040.36,2979.32,3003.41,3519.308919
1769616000,3003.41,3026.72,2985.66,3013.58,7914.224112
1769630400,3012.54,3033.58,2992,3006.19,2429.6581
1769644800,3006.13,3007.84,2941.09,2948.14,2907.542655
1769659200,2947.87,2960.31,2933.31,2956.43,2397.10611
1769673600,2956.88,2964.49,2919.73,2924.52,3196.517136
1769688000,2924.29,2934.36,2792.46,2819.46,8317.872967
1769702400,2819.59,2855.7,2750.67,2792.18,12675.698911
1769716800,2792.27,2822.85,2784.73,2817.93,6399.035451
1769731200,2817.64,2823.79,2680,2736.28,14040.711603
1769745600,2736.29,2769.24,2693.63,2736.2,5070.23634
1769760000,2736.21,2763.5,2706.62,2755.08,4162.714634
1769774400,2755.09,2761.16,2689.37,2725.83,8708.270971
1769788800,2725.21,2757.5,2631.54,2738.62,11297.804475
1769803200,2738.62,2738.62,2661.27,2702.42,6802.704562
1769817600,2702.42,2710.35,2680.03,2691.53,4016.098289
1769832000,2691.53,2700.49,2663.88,2674.43,3323.88215
1769846400,2674.88,2678.83,2605.22,2636.04,6024.90524
1769860800,2635.94,2639.7,2508,2530.37,13998.870652
1769875200,2530.35,2546.71,2230,2380.01,40495.7734
1769889600,2380.01,2471.85,2352.08,2448.6,7932.899173
1769904000,2449.17,2473.24,2427.54,2442.22,4188.857916
1769918400,2442.77,2451.51,2390.93,2408.38,3578.661638
1769932800,2408.38,2436.5,2375,2409.99,4280.436197
1769947200,2409.94,2409.94,2285,2312.26,10642.834965
1769961600,2313.36,2374.56,2281.87,2318.31,7966.539514
1769976000,2318.21,2346.6,2220,2267.31,12161.248862
1769990400,2268.18,2321.21,2163.41,2236.89,16871.890385
1770004800,2236.6,2266.82,2155.79,2226.12,13364.720765
1770019200,2226.16,2315.31,2226.16,2279.08,9296.634164
1770033600,2280,2394.3,2280,2370.59,18077.947851
1770048000,2371.11,2385.37,2325.63,2330.09,11383.504113
1770062400,2330.07,2353.35,2311.51,2344.99,5673.247449
1770076800,2344.83,2357.83,2283.13,2341.4,8715.478575
1770091200,2341.59,2352.67,2296.19,2320.99,2889.041368
1770105600,2321,2330.37,2260.58,2274.39,4747.774036
1770120000,2274.36,2314.72,2250.77,2301.44,5632.52731
1770134400,2301.25,2301.25,2107.48,2203.79,21244.777365
1770148800,2202.62,2341.9,2185.7,2230.61,13861.343213
1770163200,2230.57,2291.41,2221.11,2280.69,3170.139163
1770177600,2280,2293.8,2253.67,2280.92,12112.473366
1770192000,2281.25,2283.04,2223.71,2253.2,4680.562043
1770206400,2252.62,2259.44,2133.46,2147.88,11113.931002
1770220800,2148.64,2189.09,2073,2183.56,26617.236067
1770235200,2183.77,2187.99,2084.21,2142.84,13822.082209
1770249600,2143.46,2168.33,2095,2107.07,7875.824916
1770264000,2106.14,2121.59,2062.86,2087.5,11252.467507
1770278400,2086.94,2144.63,2058.22,2075.4,5586.20228
1770292800,2075.4,2102.63,1923.64,1957.89,27253.607559
1770307200,1957.89,2013.84,1910.09,1924.45,16738.454244
1770321600,1924.56,1938.65,1812.68,1823.85,30722.005555
1770336000,1823.49,1945.49,1744.56,1889.61,20848.90854
1770350400,1889.96,1972.4,1884.15,1897.38,8877.89271
1770364800,1897.23,1935.92,1862.52,1930.77,11475.715416
1770379200,1929.89,2000.56,1912.73,1979.58,12594.481456
1770393600,1979.94,2089.97,1971.81,2064.12,16867.066168
1770408000,2064.07,2091.99,2041.23,2062.18,5461.024668
1770422400,2062.19,2084.87,2031.87,2079.79,4106.861329
1770436800,2079.77,2117,1993.48,2026.6,6997.815671
1770451200,2026.47,2030.3,1999.06,2016.95,2580.393351
1770465600,2016.83,2073.74,2008.64,2050.57,5835.829576
1770480000,2050.87,2129.48,2007.54,2089.83,23173.348803
1770494400,2089.91,2111.32,2072.61,2086.26,6592.191225
1770508800,2086.13,2105.41,2076,2077.2,1324.288734
1770523200,2077.42,2087.03,2064.97,2082.59,2619.714777
1770537600,2082.62,2136,2076.56,2130.84,2932.567976
1770552000,2131,2142.5,2096.61,2106.7,4006.684004
1770566400,2106.7,2127.68,2071.6,2125.2,3042.202702
1770580800,2125.46,2150,2071.15,2088.62,3665.325309
1770595200,2088.49,2101.03,2054.25,2098.28,3875.670631
1770609600,2098.72,2100.57,2063.18,2064.33,2325.459038
1770624000,2064.25,2068,2012.09,2024.87,4520.982006
1770638400,2026.01,2072.37,2008,2059.82,6255.306207
1770652800,2060.48,2168.59,2046.83,2129.24,11857.326997
1770667200,2130.39,2146.04,2088.26,2103.7,6368.291168
1770681600,2103.9,2123.64,2051.86,2063.54,3284.557588
1770696000,2063.6,2072.68,1997.08,2005.87,8413.372514
1770710400,2005.95,2027.86,1993.9,2001.82,3984.654851
1770724800,2001.74,2038.85,1986.64,2022.34,4954.151445
1770739200,2022.24,2046.25,1995.22,2017.07,5923.134983
1770753600,2017.37,2021.89,1996.89,2021.58,3315.207588
1770768000,2021.56,2030.35,1989.04,2007.73,5739.555439
1770782400,2008.14,2009.45,1938.01,1950.01,7327.329357
1770796800,1950.01,1955.25,1931.8,1952.84,3720.123479
1770811200,1952.85,2014.72,1902.5,1929.43,8537.167168
1770825600,1929.01,1961.16,1908.87,1951.44,8213.887236
1770840000,1951.06,1985.86,1931.74,1940.52,4922.120968
1770854400,1940.2,1976.76,1940.06,1968.12,1371.296005
1770868800,1967.57,1980.94,1952,1967.17,1338.640681
1770883200,1967.2,2000,1956.9,1989.46,2585.014033
1770897600,1988.28,1994.99,1944.61,1947.52,2991.080754
1770912000,1948.18,1949.09,1895.7,1923.88,6684.34532
1770926400,1924.22,1950.61,1908.42,1946.08,2871.954277
1770940800,1946.38,1956.45,1927.2,1951.76,1541.554167
1770955200,1951.76,1953.82,1923.57,1934.43,1526.724893
1770969600,1934.43,1967.38,1933.07,1958.62,1953.867377
1770984000,1958.81,2049.02,1951.66,2033.59,6855.848284
1770998400,2034.15,2071.71,2031.22,2057.3,5105.205986
1771012800,2057.11,2058.59,2038.95,2047.86,1767.600093
1771027200,2047.68,2056.52,2041.95,2053.41,758.469868
1771041600,2053.55,2059.88,2048,2056.46,443.599568
1771056000,2056.46,2106,2056.46,2097.81,3139.95334
1771070400,2098.57,2099.05,2064.26,2087.12,2846.244103
1771084800,2087.1,2089.91,2067.42,2087.57,2690.166058
1771099200,2087.95,2098.05,2078.07,2085.56,1849.50771
1771113600,2085.86,2088.73,2035.78,2058.54,6342.456167
1771128000,2058.62,2101.87,2058.62,2090.12,3566.716109
1771142400,2090.89,2095.86,2053.82,2061.38,2024.292583
1771156800,2061.38,2067.24,1992.29,2010.6,4783.177891
1771171200,2010.68,2010.68,1928,1941.55,8443.735454
1771185600,1941.45,1973.45,1933.53,1965.46,2048.306974
1771200000,1965.82,1979.84,1948.51,1958,1141.287467
1771214400,1958.22,1978.1,1952.27,1970.29,1083.690781
1771228800,1970.67,1992.53,1957.23,1975.86,1682.976917
1771243200,1976.1,2021.74,1937.5,1955.56,3406.540263
1771257600,1955.99,1987.49,1955.72,1973.46,1984.366403
1771272000,1973.39,2003.8,1970.45,1997.94,5556.677604
1771286400,1997.64,2009.73,1978.91,1984.93,1030.828632
1771300800,1985,1998.37,1964.38,1985.01,1017.371359
1771315200,1985.01,1989.72,1961.25,1967.42,1395.593265
1771329600,1967.78,2002,1941.24,1967.96,5354.67223
1771344000,1968.32,2014.02,1953.53,1997.31,6976.80551
1771358400,1997.38,2003,1986.15,1991.84,2192.611689
1771372800,1991.2,1999.38,1967.94,1996.45,2660.054946
1771387200,1996.15,2022.23,1992.81,2017.27,980.72875
1771401600,2017.44,2038.21,1976.24,1981.36,1904.621136
1771416000,1981.01,2009,1953.42,1985.17,4298.65097
1771430400,1984.91,1986.59,1922.94,1940.4,7107.180409
1771444800,1940.4,1955.45,1935.08,1955.31,2323.085181
1771459200,1955.29,1973.49,1949.38,1971.52,1469.343379
1771473600,1971.75,1986,1963.76,1981,1493.100716
1771488000,1980.98,1980.98,1948.25,1948.78,2223.306436
1771502400,1948.85,1954.56,1911.72,1925.8,3996.537525
1771516800,1925.73,1947.39,1905.46,1940.96,4500.651288
1771531200,1940.52,1951.91,1934.29,1948.33,2813.242266
1771545600,1948.37,1963,1946.89,1954.14,3645.435505
1771560000,1954.04,1970,1930.89,1961.98,20604.839478
1771574400,1960.96,1972.88,1940.13,1942.78,3601.707034
1771588800,1943.5,1980.76,1922.66,1963.26,6197.905332
1771603200,1963.8,1980.5,1938.84,1963.12,9329.253526
1771617600,1963.12,1974.3,1962.47,1968.71,2454.876964
1771632000,1968.35,1971.01,1955.34,1958.22,5437.960237
1771646400,1958.22,1965.3,1955.39,1962.3,557.701012
1771660800,1962.29,1987.5,1962.02,1976.82,1954.92288
1771675200,1976.65,1994.62,1969.52,1987.6,2494.616087
1771689600,1987.56,1994.97,1976.64,1987.92,1340.823321
1771704000,1988,1989.93,1970.01,1973.59,1659.131573
1771718400,1973.19,1982,1967.36,1974.29,739.113236
1771732800,1974.3,1978.64,1970.69,1975.58,553.086952
1771747200,1975.58,1982,1970.63,1980,1116.658437
1771761600,1980,1980.97,1944.02,1953.12,3003.693149
1771776000,1953.12,1954.21,1934.72,1943.29,2295.904028
1771790400,1943.3,1960,1939.4,1957.4,1715.370778
1771804800,1957.41,1957.8,1845.58,1863.05,9160.852686
1771819200,1863.06,1888.17,1853.62,1884.71,2935.688365
1771833600,1885,1927.82,1876.47,1915.18,3491.95351
1771848000,1915.2,1934.99,1892.68,1895.58,6192.351533
1771862400,1895.49,1899.82,1837.22,1856.76,7338.291112
1771876800,1856.76,1869.37,1846.57,1856.01,5792.249851
1771891200,1855.62,1868.77,1811.5,1830.8,9005.092411
1771905600,1831.21,1839.8,1813.6,1824.11,8492.305717
1771920000,1825.23,1835.74,1814.65,1825.97,1867.410307
1771934400,1826.69,1849.99,1792.8,1847.64,8057.528439
1771948800,1847.65,1864.63,1838.8,1852.48,7747.604477
1771963200,1852.48,1863.99,1845.77,1851.81,1567.887381
1771977600,1851.81,1946.22,1846.74,1905.91,6376.615545
1771992000,1906.2,1914.36,1878.31,1893.2,2572.821974
1772006400,1893.21,1927.95,1890.18,1926.02,3251.883926
1772020800,1926.26,2028,1922.41,2014.49,13785.31124
1772035200,2014.56,2085.9,2013.95,2071.45,9357.284322
1772049600,2071.66,2158.6,2035.07,2056.79,10752.307805
1772064000,2057.65,2077.8,2040.01,2054.52,4301.372976
1772078400,2054.73,2083.12,2052.3,2053.51,2197.926821
1772092800,2053.58,2082.77,2045.5,2056.83,2327.113546
1772107200,2057.51,2077.87,2012.18,2033.12,7012.725189
1772121600,2033.86,2039.03,1975.33,2030.56,14514.473533
1772136000,2030.42,2041.71,2018.86,2027.58,4048.403253
1772150400,2027.82,2049,2001.42,2045.42,2643.159229
1772164800,2045.42,2063,2023,2031.55,2676.20283
1772179200,2032.53,2045.26,1954.1,1961.82,7362.16702
1772193600,1962.49,1968.7,1939,1949.42,7861.559205
1772208000,1949.2,1949.2,1907.56,1920.84,5718.43767
1772222400,1920.86,1933.63,1886.52,1929.13,4968.605163
1772236800,1929.86,1936.87,1920.1,1924.56,1416.209402
1772251200,1924.45,1930.69,1836,1866.46,8480.937427
1772265600,1866.73,1880.83,1845.39,1863.54,7049.911605
1772280000,1864.05,1916.19,1863.38,1899.38,4571.912052
1772294400,1899.27,1955,1887.47,1947.81,6080.403143
1772308800,1947.49,1984.14,1940,1965,6148.330711
1772323200,1964.78,2054.51,1945,2023.06,8402.772717
1772337600,2023.42,2029.9,1989.75,2007.56,3839.1343
1772352000,2007.6,2010.68,1973.24,1983.46,1930.014034
1772366400,1983.56,2028,1969.14,1993.07,4593.557492
1772380800,1993.89,2008.94,1947.97,1954.03,5252.797544
1772395200,1954.17,1969.24,1907.66,1939.3,7699.39809
1772409600,1939.3,1988.25,1937.89,1971.85,2873.974068
1772424000,1972.55,1983.42,1926.61,1941.17,2402.892402
1772438400,1941.91,1966.71,1922,1947.08,2552.370701
1772452800,1947.79,2066.38,1921.25,2047.59,8262.528468
1772467200,2047.71,2089.38,2018.35,2043.89,7389.851858
1772481600,2043.74,2058.26,2025.16,2027.17,4502.819101
1772496000,2027.85,2041.11,1998.8,2008.55,3152.992742
1772510400,2008.69,2018.44,1987.93,1995.81,2261.088518
1772524800,1995.86,1999.65,1940,1961.13,9584.965805
1772539200,1961.12,1989.44,1929.03,1969.89,4429.311044
1772553600,1969.32,2013.15,1959.31,1986.22,9443.619883
1772568000,1986.52,2001.42,1959.94,1983.19,3233.922954
1772582400,1982.99,1998.25,1945,1961.73,2876.853766
1772596800,1961.32,2010,1951.23,2007.24,4157.873434
1772611200,2007.01,2092.49,2000.58,2055.29,8430.757155
1772625600,2054.93,2158,2037.21,2150.51,15391.428732
1772640000,2151.25,2200,2130.03,2179.19,16907.20948
1772654400,2179.17,2180.95,2117.08,2129.35,8850.780325
1772668800,2127.96,2142.66,2108.51,2121,9526.85573
1772683200,2121.04,2144.8,2096.66,2105.3,3470.910521
1772697600,2105.83,2163.65,2095,2138.3,4429.957403
1772712000,2138.4,2142.89,2068.28,2087.09,6364.713756
1772726400,2087.73,2093.86,2055.06,2074.83,5990.137958
1772740800,2074.81,2099.38,2069.38,2073.24,2062.938883
1772755200,2073.24,2092.84,2061.98,2083.78,1821.693688
1772769600,2084.21,2086.99,2060,2082.23,1827.824852
1772784000,2083.31,2083.31,2046.9,2051.78,4105.73234
1772798400,2051.63,2062.12,1967.04,1978.62,8716.184172
1772812800,1978.44,1992.5,1956.45,1984.11,3820.778796
1772827200,1984.11,1989.61,1970,1978.92,4346.214901
1772841600,1978.91,1996.03,1972.36,1980.69,3344.942169
1772856000,1980,1983.88,1964.48,1983.29,8784.683659
1772870400,1983.4,1994.49,1975.49,1989,2725.465824
1772884800,1988.98,1991.26,1971,1981.41,1979.738439
1772899200,1981.41,1984.08,1948.22,1955.44,5526.058467
1772913600,1955.24,1974,1955.13,1969.38,844.644928
1772928000,1969.75,1976.84,1937.45,1947.76,5118.353268
1772942400,1947.76,1959.99,1930,1955.74,4232.464366
1772956800,1955.15,1979.54,1946.01,1951.99,4343.953912
1772971200,1951.79,1954,1924.74,1943.7,3294.882152
1772985600,1943.19,1970,1928.25,1963.77,4766.246276
1773000000,1965.08,1971.46,1912.79,1937.24,5689.59364
1773014400,1937.2,2004.85,1930.26,1977.66,5515.75969
1773028800,1977.55,2013.57,1964.11,1983.17,3099.427109
1773043200,1983.17,2022.49,1981.16,1992,3629.640301
1773057600,1992.01,2032.99,1992,2023.38,5760.619884
1773072000,2023.19,2054.96,2006.49,2034.81,6383.954901
1773086400,2034.92,2037.85,1989.55,1994.57,7535.854989
1773100800,1993.39,2053.71,1991.4,2026.95,7349.570379
1773115200,2027.01,2059.53,2026.61,2050.44,2638.490177
1773129600,2051.53,2073.88,2051.53,2061.99,4428.165889
1773144000,2061.86,2085.99,2009.45,2079.84,10068.017027
1773158400,2079.84,2088.25,2027.34,2037.54,10918.386464
1773172800,2036.89,2047.53,2019.67,2037.16,2784.500041
1773187200,2036.97,2041.93,2018.47,2021.37,2570.853181
1773201600,2021.55,2041,2007.5,2012.69,4027.190722
1773216000,2012.68,2033.59,2009.58,2018.19,1641.391732
1773230400,2017.91,2083.22,2013.1,2049.72,5695.519498
1773244800,2050.37,2086.22,2046.99,2077.07,9158.08908
1773259200,2076.98,2084.77,2045.85,2052.18,2910.97337
1773273600,2052.29,2057.98,2018.19,2023.55,2429.821413
1773288000,2023.55,2041.57,2019.27,2040.49,1341.24112
1773302400,2040.74,2076.56,2038.68,2063.48,2794.708692
1773316800,2063.33,2094.56,2038.65,2073.06,6799.479354
1773331200,2072.86,2077.98,2045.5,2071.49,4672.437724
1773345600,2070.4,2092.93,2056.22,2073.83,5164.673082
1773360000,2073.36,2148,2070.66,2119.17,11074.234143
1773374400,2119.17,2119.53,2090.4,2099.38,2952.052638
1773388800,2099.38,2132.9,2092,2121.74,5536.835286
1773403200,2121.18,2209.88,2121.04,2128.42,22889.060723
1773417600,2128.82,2144.24,2091.51,2101.9,7815.209359
1773432000,2103,2116.44,2076.66,2093.25,5880.484118
1773446400,2093.05,2104,2082.53,2101.52,3989.813087
1773460800,2101.52,2105.96,2069.28,2077.72,1823.646155
1773475200,2077.74,2081.23,2062.22,2073.75,1518.132796
1773489600,2074.14,2080.4,2070.47,2075.15,1502.760975
1773504000,2075.15,2079.85,2069.71,2078.01,831.039404
1773518400,2078.04,2100.47,2076.58,2096.52,1654.416426
1773532800,2096.52,2108.01,2084.01,2096.58,1560.808741
1773547200,2096.59,2116.02,2096.58,2106.04,1516.587574
1773561600,2106.13,2123.5,2106.13,2119.63,1115.441354
1773576000,2120.02,2120.23,2086.77,2093.97,4225.671826
1773590400,2093.98,2118.12,2089.5,2113.93,5587.860175
1773604800,2114.2,2202.98,2110.57,2178.97,13235.371286
1773619200,2178.84,2252.87,2165.91,2236.32,14299.704491
1773633600,2236,2288,2236,2249.19,10893.311753
1773648000,2249.41,2280,2235.34,2270.47,5135.58369
1773662400,2270.47,2307.77,2255,2274.35,12156.668201
1773676800,2274.09,2347.98,2270.79,2330.82,11225.503284
1773691200,2331.22,2385.4,2323.66,2352.65,7915.835686
1773705600,2352.65,2376.21,2308.91,2320.3,11231.027577
1773720000,2320.31,2338.37,2297.65,2328.05,6580.776338
1773734400,2327.97,2334.85,2305.29,2327.61,4877.282275
1773748800,2327.45,2359.45,2305.67,2317.05,10245.163506
1773763200,2316.74,2343.25,2313.57,2321.32,8716.915162
1773777600,2321.29,2344.83,2317.34,2318.03,7585.351517
1773792000,2318.12,2350.41,2308,2341.6,4054.238959
1773806400,2341.6,2342.56,2312.87,2318.11,2743.898869
1773820800,2318.23,2333.44,2262.51,2269.9,4197.349204
1773835200,2269.7,2270.72,2171,2188.02,8484.784209
1773849600,2188.04,2220.44,2166.39,2185.79,8837.348825
1773864000,2185.79,2206.79,2153.94,2203.68,4336.822268
1773878400,2203.61,2233.8,2188.01,2212.59,3200.515428
1773892800,2212.59,2213.15,2143.42,2166.57,4530.028441
1773907200,2167,2192,2158.6,2166.61,2846.93904
1773921600,2167.04,2167.27,2100,2119.44,10654.558521
1773936000,2119.24,2156.44,2104.78,2141.56,16124.389253
1773950400,2141.93,2156,2131.66,2137.77,16197.297368
1773964800,2137.75,2160.83,2133.03,2151.53,3206.702839
1773979200,2151.49,2158.73,2121.95,2151.13,8372.192482
1773993600,2150.9,2176.58,2131.75,2141.22,3684.408193
1774008000,2141.23,2152.55,2117.54,2133.82,8116.620846
1774022400,2133.57,2143.79,2117.15,2132.43,6450.917377
1774036800,2132.62,2168.02,2123.55,2146.26,8265.099024
1774051200,2146.05,2158.44,2144.05,2153.19,1639.566933
1774065600,2153.08,2160.82,2150.22,2155.13,1864.091818
1774080000,2155.13,2158.98,2149.11,2156.89,772.421182
1774094400,2156.89,2167.31,2146.44,2155.46,1622.027563
1774108800,2154.79,2155.27,2142.81,2152.15,1879.062711
1774123200,2152.16,2156.62,2071.1,2085.46,5607.75826
1774137600,2085.44,2126.95,2050,2113.84,6477.156305
1774152000,2113.8,2121.66,2093.27,2093.44,2116.778678
1774166400,2093.56,2095.65,2066.75,2069.68,1898.056613
1774180800,2069.87,2091.62,2068.21,2082.84,3435.367164
1774195200,2082.85,2084.65,2054.31,2063.1,7159.209774
1774209600,2062.98,2073.1,2025.3,2053.71,17393.113753
1774224000,2053.7,2071.68,2034.97,2051.76,14516.021827
1774238400,2052.11,2071.19,2022.58,2043.27,7009.276211
1774252800,2044.01,2197.22,2029.32,2133.64,11629.235585
1774267200,2133.74,2191.5,2107.87,2128.49,15292.993977
1774281600,2128.5,2176.79,2116.43,2154.89,14051.055795
1774296000,2154.29,2165.7,2140.33,2151.36,2074.74352
1774310400,2151.63,2155.5,2125,2141.35,13332.474036
1774324800,2141.45,2171.28,2128.45,2165.81,3004.458359
1774339200,2165.84,2174.85,2147.38,2165.33,1852.425459
1774353600,2165.59,2169.29,2119.57,2134.84,5428.649071
1774368000,2134.66,2139.8,2099.58,2115.49,17187.414535
1774382400,2115.79,2162.5,2114.53,2155.73,5202.14786
1774396800,2155.78,2169,2146.29,2157.58,3877.758955
1774411200,2157.7,2178.88,2156.19,2164.24,2407.935655
1774425600,2164.18,2199.03,2164.18,2186.23,4575.448522
1774440000,2186.37,2197.32,2147.11,2162.41,7441.909057
1774454400,2162.42,2192.96,2156.63,2171.62,12192.541108
1774468800,2172.47,2181.94,2158.99,2168.53,7820.193944
1774483200,2168.17,2173,2142.51,2152.52,5737.752251
1774497600,2152.53,2153,2111.87,2122.47,4979.734094
1774512000,2122.75,2125.81,2063.05,2067.78,8217.755326
1774526400,2067.89,2092.25,2052.14,2069.66,7984.761325
1774540800,2069.38,2069.54,2032.8,2048.96,7449.556831
1774555200,2048.07,2078.93,2045.47,2059.17,5870.931383
1774569600,2059.28,2075.55,2056.1,2060.3,1499.171981
1774584000,2060.32,2070.78,2042.69,2065.01,4622.083672
1774598400,2065,2066.74,1982.11,1990.58,12268.589313
1774612800,1990.79,2009.46,1969.4,1990,8258.997324
1774627200,1989.91,1995.59,1972.52,1990.1,5410.147875
1774641600,1990.1,1994.5,1978.45,1991.66,1936.431101
1774656000,1991.48,1993.9,1981.78,1988.08,1309.162794
1774670400,1988.08,2007.62,1985.95,2005.68,6799.641622
1774684800,2005.68,2006.93,1991.51,1996.93,569.536071
1774699200,1996.2,2045.1,1991.67,2025.47,6166.125895
1774713600,2025.67,2029.01,2015.69,2019.1,1242.396696
1774728000,2019.23,2025,1986.55,1993.71,3152.364148
1774742400,1993.06,2017.85,1990.39,2009.73,2098.150997
1774756800,2009.73,2010.8,1996.37,2004.44,1490.154861
1774771200,2004.44,2005.84,1990.5,2002.77,1239.31572
1774785600,2002.23,2003.45,1981.94,1990.87,2953.412325
1774800000,1991.32,2003.25,1986.32,1994.07,2226.675559
1774814400,1994.13,2007.02,1936.7,1983.07,8713.139772
1774828800,1983.08,2041.2,1978.77,2034.32,15540.244709
1774843200,2034.33,2063.6,2034.32,2057.57,2988.883648
1774857600,2057.73,2079.7,2047.13,2069,3895.856089
1774872000,2069.69,2086.7,2042.7,2073.14,6338.318868
1774886400,2072.97,2073.42,2012.27,2021.92,4608.571152
1774900800,2021.73,2046.97,2012.46,2024.67,3225.598963
1774915200,2024.73,2090,2014.66,2065.4,3775.363641
1774929600,2065.4,2069.81,2040.97,2054.01,2027.949626
1774944000,2054.09,2057.05,2011.2,2039.29,4240.260319
1774958400,2039.29,2090.36,2034.39,2052.56,6560.811316
1774972800,2052.92,2121.39,2052.64,2094.74,8976.150107
1774987200,2094.8,2107.77,2086.67,2103.97,3506.356208
1775001600,2103.25,2115.26,2080.87,2100.87,3864.117426
1775016000,2100.99,2156.5,2098.58,2129.68,4097.643369
1775030400,2129.69,2141.33,2124.89,2134.73,2679.185031
1775044800,2134.73,2148.1,2108,2134.62,5483.783485
1775059200,2134.56,2167.25,2123.69,2140.32,5194.451683
1775073600,2140.93,2164.46,2130.14,2140.1,3745.240149
1775088000,2140.06,2158.95,2046.22,2056.04,7755.190937
1775102400,2055.79,2057.58,2034.93,2055.39,3795.624824
1775116800,2055.39,2055.39,2024.5,2032.64,2696.775541
1775131200,2032.47,2071.71,2016.68,2059.02,7190.69082
1775145600,2059.24,2074,2043.46,2065.57,4359.279105
1775160000,2065.51,2074.27,2054,2056.93,2608.177829
1775174400,2056.94,2062.16,2041.3,2054.36,1530.772663
1775188800,2054.36,2075.16,2047.61,2065.23,1965.755266
1775203200,2065.61,2071.03,2053.38,2062.8,1354.028229
1775217600,2062.78,2080.8,2042.12,2051.56,2250.145069
1775232000,2051.11,2056.42,2044.01,2052.62,1073.409161
1775246400,2052.59,2060,2049,2053.54,1565.865129
1775260800,2053.54,2053.54,2047.88,2049.77,1563.367786
1775275200,2049.9,2057.31,2048.5,2053.74,1224.017063
1775289600,2053.74,2055.01,2047.49,2051.07,1004.391554
1775304000,2051.08,2060.84,2044.88,2056.08,1904.259838
1775318400,2055.97,2083.58,2053.03,2064.43,2722.374771
1775332800,2064.43,2071.48,2060,2065.03,1214.039661
1775347200,2065.19,2065.23,2053.89,2055.58,1291.571307
1775361600,2055.99,2057.15,2026.93,2036.76,1826.929976
1775376000,2036.57,2051.73,2035.31,2041.91,659.266213
1775390400,2041.92,2068.68,2021.71,2053.25,4592.22361
1775404800,2053.45,2068.93,2048.13,2061.32,1428.666026
1775419200,2061.32,2121.77,2050.04,2108.25,4436.778551
1775433600,2109.71,2146,2109.71,2128.62,4384.910929
1775448000,2128.77,2140.3,2120,2134.28,4008.340828
1775462400,2134.28,2174.24,2133.03,2151.63,5215.64076
1775476800,2151.63,2169.53,2137.82,2165.02,6601.187573
1775491200,2164.95,2168.92,2124.01,2143.87,4389.738571
1775505600,2143.79,2154.89,2087.95,2107.24,5430.426617
1775520000,2107.22,2119.54,2094.1,2108.25,2219.744649
1775534400,2108.23,2119.41,2096.72,2103.93,1925.466612
1775548800,2103.94,2133.69,2082.52,2089.25,3972.206201
1775563200,2089.25,2092.52,2059.82,2080.01,5321.965131
1775577600,2080.02,2116.1,2077.43,2113.86,4177.747843
1775592000,2114,2273.51,2110.56,2240.22,16826.508575
1775606400,2240.01,2249.83,2228.37,2234.3,5927.548308
1775620800,2234.54,2260.22,2234.54,2253.68,4462.10573
1775635200,2253.91,2263.34,2237.96,2247.38,2091.506329
1775649600,2247.4,2270,2186.97,2214.94,5011.6472
1775664000,2215.26,2239.5,2198,2211.63,6813.009487
1775678400,2211.37,2222,2180.61,2190.38,2595.837856
1775692800,2190.39,2194.63,2162.33,2182.67,1870.752356
1775707200,2182.61,2188.43,2175.71,2181.4,1226.433
1775721600,2181.48,2196.45,2176.95,2180.02,1465.790255
1775736000,2180.16,2225,2157.17,2218.21,4913.798665
1775750400,2218.13,2229.32,2193.26,2217.5,4934.512879
1775764800,2217.14,2246.17,2183.84,2189.56,2899.796707
1775779200,2190.6,2204.62,2177.44,2186.26,3108.898889
1775793600,2186.26,2202.99,2176.49,2179.3,1171.401184
1775808000,2179.81,2223.78,2177.08,2216.31,2957.216743
1775822400,2216.15,2258.47,2208.9,2224.16,6571.729483
1775836800,2224.51,2256.44,2222.42,2254.43,5672.70846
1775851200,2254.04,2257.92,2236.78,2245.89,2806.414097
1775865600,2245.89,2252.53,2235.74,2238.19,1156.112422
1775880000,2238.19,2243.74,2229.78,2233.27,1246.322412
1775894400,2233.37,2250.35,2233.19,2247.16,2255.792556
1775908800,2247.19,2257.5,2234.62,2250.47,1207.526014
1775923200,2250.46,2329.85,2247.58,2316.86,6434.559225
1775937600,2316.91,2317.6,2277.94,2285.62,3798.150914
1775952000,2285.67,2288.99,2207.7,2214.44,5036.725546
1775966400,2214.44,2221.31,2209.32,2220.08,994.933808
1775980800,2219.04,2219.69,2194.9,2205.36,1903.376526
1775995200,2205.08,2208.27,2176.15,2187.32,1950.051785
1776009600,2187.36,2207.55,2183.99,2199.23,2404.632954
1776024000,2199.23,2219.64,2184.56,2191.77,3548.568765
1776038400,2191.74,2209.37,2187.81,2195.15,977.060869
1776052800,2194.53,2201.29,2182.22,2186.62,2690.745555
1776067200,2186.68,2195.71,2179.36,2187.63,2493.020415
1776081600,2187.41,2237.52,2175,2210,5035.843294
1776096000,2210.01,2269.27,2202.29,2263.05,7923.57497
1776110400,2263,2395.05,2248.15,2369.39,13578.983501
1776124800,2370,2378.58,2355.43,2366.16,2960.394796
1776139200,2366.7,2390.36,2355.3,2378.76,2408.055421
1776153600,2378.82,2396.29,2368.53,2374.9,3798.947827
1776168000,2374.89,2417.01,2335,2365.8,11398.970089
1776182400,2365.28,2372,2303.97,2314.64,5030.514596
1776196800,2314.87,2332.62,2309.82,2323.21,5213.223072
1776211200,2323.07,2343.83,2318.85,2329.44,2395.636133
1776225600,2329.42,2338.49,2309.86,2316.99,2070.670337
1776240000,2317,2339.51,2312.86,2337.7,1019.236775
1776254400,2337.7,2349.99,2317.81,2332.25,2998.990263
1776268800,2332.21,2386.01,2330.05,2375.88,6029.579831
1776283200,2376.04,2380.39,2349.19,2360.32,4286.385757
1776297600,2360.64,2369.1,2346.71,2358.26,1802.076948
1776312000,2357.89,2363.32,2329.41,2341.69,3111.695773
1776326400,2341.55,2348.24,2329.46,2336,1490.590249
1776340800,2335.96,2351.49,2285.92,2340.15,7600.834824
1776355200,2340.15,2362.33,2310.14,2360.39,4059.349162
1776369600,2360.53,2364.77,2336.42,2348.89,1884.668678
1776384000,2348.89,2351.6,2324.68,2325.86,1370.963981
1776398400,2325.87,2342.49,2317.48,2333.86,866.778523
1776412800,2334.29,2377.53,2333.55,2355.61,3032.555101
1776427200,2355.61,2459.72,2350.61,2443.27,16459.161056
1776441600,2443.28,2465.91,2411.91,2429.68,8726.24906
1776456000,2429.07,2442.8,2417.14,2420.5,2145.844162
1776470400,2420.01,2428,2401.14,2405.85,2509.361835
1776484800,2405.99,2414.39,2401,2404.06,1464.127027
1776499200,2404.31,2405.6,2344.37,2353.33,6035.497933
1776513600,2353.63,2370.2,2346.38,2364.31,4953.63232
1776528000,2364.32,2375.5,2340.47,2350.47,2401.246585
1776542400,2349.45,2360.48,2346.01,2351.31,652.405967
1776556800,2351.26,2355.99,2333.57,2340.52,1750.543813
1776571200,2340.52,2346.65,2298.27,2317.5,5485.151503
1776585600,2316.68,2331.85,2307.09,2330.3,4458.510415
1776600000,2330.52,2350.5,2311.63,2330.58,6173.071777
1776614400,2331.32,2332.36,2287.55,2301,3884.327502
1776628800,2301,2301,2253.84,2263.67,3143.568482
1776643200,2263.48,2294.63,2261.09,2287.08,1918.365443
1776657600,2287.08,2332.61,2264.43,2298.8,2812.98861
1776672000,2299.34,2320.19,2290.41,2309.65,1129.150382
1776686400,2309.15,2326.82,2279.95,2314.49,3254.904202
1776700800,2314.9,2344.99,2299.62,2333.1,3372.190626
1776715200,2332.92,2347.25,2308.51,2315,3639.316625
1776729600,2315.01,2327.08,2299.87,2312.45,1617.54951
1776744000,2312.23,2327.47,2305.41,2319.38,1275.273769
1776758400,2318.98,2339.44,2314.37,2322,2720.569781
1776772800,2321.08,2328.27,2291.4,2310.85,3100.995255
1776787200,2310.85,2331.29,2285.23,2298.75,9873.222386
1776801600,2298.76,2330,2296.65,2328.11,3795.890496
1776816000,2327.76,2379.62,2313.75,2364.36,4043.722403
1776830400,2364.36,2414.99,2358.6,2390.01,5563.361132
1776844800,2390.15,2401.14,2383.24,2399.88,1327.151023
1776859200,2399.37,2424.05,2391.76,2404.55,6271.51363
1776873600,2404.78,2414,2384.47,2398.33,8411.39445
1776888000,2398.17,2407.15,2374.38,2374.95,3204.747777
1776902400,2374.96,2382.24,2333.13,2342.61,3832.510337
1776916800,2341.01,2359,2337.86,2344.88,1636.287882
1776931200,2344.88,2345.1,2306.73,2330.22,4001.563606
1776945600,2330.23,2343.81,2315.78,2334.06,2238.535338
1776960000,2334.24,2335.88,2286.81,2313.63,6623.151861
1776974400,2313.72,2339.04,2313.72,2330.81,2068.323473
1776988800,2331.06,2337.88,2302.05,2308.94,2933.050359
1777003200,2308.95,2317.18,2300.5,2310.12,1090.395646
1777017600,2312.11,2332.93,2304.19,2328.74,1863.662645
1777032000,2328.42,2332,2302.16,2324.66,2837.373976
1777046400,2324.31,2325.4,2309.09,2322.12,2261.833796
1777060800,2321.89,2328.96,2307.72,2315.72,1567.970067
1777075200,2315.74,2321.77,2312.16,2318.77,403.142719
1777089600,2318.9,2319.51,2313.86,2317.34,239.976687
1777104000,2317.34,2323.41,2311.43,2314.28,886.595599
1777118400,2314.36,2319,2298.25,2308.86,1807.435344
1777132800,2308.87,2314.49,2301.51,2310.56,1927.441219
1777147200,2310.52,2321.01,2309.29,2319.82,616.865497
1777161600,2319.82,2319.99,2307.57,2310.22,515.203078
1777176000,2310.23,2336.42,2309.54,2331.59,1488.083829
1777190400,2331.73,2338,2330.25,2336.84,560.451136
1777204800,2336.84,2352.32,2325.84,2349.51,2790.573642
1777219200,2349.51,2376.85,2341.13,2368.23,4414.003598
1777233600,2368.24,2380,2349.51,2369.5,3485.563199
1777248000,2369.5,2404.07,2360.52,2395.05,3649.214207
1777262400,2395.14,2396.46,2313.68,2316.79,5195.581171
1777276800,2316.33,2325.48,2310.01,2320.32,1083.803662
1777291200,2320.08,2329.43,2264.68,2274.15,8250.443024
1777305600,2274.89,2292.81,2270.25,2288.24,3821.614503
1777320000,2289,2307.99,2284.94,2303.5,1630.264245
1777334400,2303.59,2310,2280.96,2290.56,2246.049167
1777348800,2290.65,2296.92,2270.02,2287.22,1240.800527
1777363200,2287.23,2291.37,2270.41,2274.45,817.837007
1777377600,2274.46,2285.66,2256.63,2278.82,6578.177281
1777392000,2279.56,2304.75,2273.8,2301.42,2413.62382
1777406400,2301.43,2305,2283.89,2289.05,1093.803774
1777420800,2288.78,2316.17,2279.01,2311,1791.691967
1777435200,2311.49,2342.83,2309.19,2323.4,2450.36222
1777449600,2323.14,2345.9,2320.68,2331.49,1218.009975
1777464000,2331.5,2331.73,2263.06,2271.52,6849.495437
1777478400,2271.73,2288.84,2220,2232.12,8014.402556
1777492800,2232.38,2264.68,2230,2252.11,2599.282019
1777507200,2252.12,2277.64,2235.55,2252.84,2934.648761
1777521600,2252.48,2261.34,2230.78,2259.73,3476.488047
1777536000,2259.57,2271.79,2251.79,2257.74,1358.518159
1777550400,2257.74,2273.99,2241.65,2264.79,3361.653878
1777564800,2264.75,2266.34,2250.86,2261.95,1159.257806
1777579200,2261.16,2266.42,2251.73,2256.51,2040.017182
1777593600,2256.99,2293.55,2256.77,2281.91,1026.426979
1777608000,2282.02,2285.54,2271.72,2278.82,1690.900158
1777622400,2279.05,2291.75,2276.77,2286.3,678.162051
1777636800,2286.14,2325.18,2283.39,2307.36,5954.735371
1777651200,2307.31,2313.97,2297.53,2305.46,1941.83031
1777665600,2304.88,2305.45,2279.28,2295.4,1584.314228
1777680000,2295.4,2307.76,2293.16,2304.34,416.732287
1777694400,2304.13,2305.89,2296.61,2300.56,422.113236
1777708800,2300.76,2307,2299,2301.73,290.731772
1777723200,2301.74,2311.51,2301.4,2309.24,1054.637886
1777737600,2309.15,2313.13,2304.13,2310.98,707.361697
1777752000,2310.98,2341.44,2309.36,2316.62,1821.877569
1777766400,2316.81,2317.24,2299.26,2301.61,1207.986812
1777780800,2301.4,2313.26,2297.35,2309.01,801.236331
1777795200,2309.09,2326.5,2307.57,2319.15,779.132455
1777809600,2319.15,2332.33,2319.15,2328.03,1638.778543
1777824000,2328.03,2338.72,2321.93,2336.19,16087.572644
1777838400,2336.19,2355.95,2315.5,2322.47,5243.949888
1777852800,2322.56,2390.98,2308.95,2384.7,4394.865584
1777867200,2384.71,2398.34,2354,2362.45,4167.809891
1777881600,2362.47,2370.57,2313.68,2337.03,4974.445466
1777896000,2337.03,2381.4,2326.01,2349.03,3493.84711
1777910400,2349.86,2379.03,2336.51,2356.32,3267.937685
1777924800,2355.86,2365.13,2344.39,2345.82,1496.226215
1777939200,2347.06,2388.25,2344.67,2382.06,2499.84541
1777953600,2381.88,2390.26,2367.28,2380.48,3200.972301
1777968000,2380.4,2384.11,2366.83,2379.46,610.037331
1777982400,2379.69,2399.48,2369.46,2381.41,5179.453925
1777996800,2381.41,2383.54,2359.4,2371.57,3853.054493
1778011200,2371.62,2388,2353.79,2360.63,3228.243078
1778025600,2360.64,2380,2354.3,2376.68,986.671885
1778040000,2376.68,2378.43,2355,2370.9,1117.6837
1778054400,2371,2423,2369.26,2409.91,5286.437851
1778068800,2409.92,2413,2346,2358.86,5286.769872
1778083200,2358.86,2366.33,2335.54,2348.61,2100.782086
1778097600,2348.63,2356.57,2337.88,2351,4492.72145
1778112000,2351.01,2351.95,2313.44,2322,2879.62839
1778126400,2322,2346.63,2318,2344.21,1804.621224
1778140800,2344.38,2346,2317.35,2329.97,1056.237487
1778155200,2329.93,2336.61,2286,2294.15,7206.588229
1778169600,2294.62,2303.98,2280.22,2295.03,3294.784621
1778184000,2295.34,2302.52,2280.42,2290.77,4174.457801
1778198400,2290.8,2293.73,2265.02,2279.07,1726.823932
1778212800,2279.07,2284.3,2267.01,2281.34,572.754362
1778227200,2281.1,2296.65,2279.61,2295.5,833.326078
1778241600,2295.51,2301.29,2269.14,2292,1704.255711
1778256000,2292,2320.44,2285.84,2315,3449.756368
1778270400,2315.35,2318.74,2303.15,2307.12,1464.263691
1778284800,2307.11,2320.55,2304.19,2315.49,808.81431
1778299200,2315.23,2324.37,2310.89,2314.62,495.122013
1778313600,2314.3,2319.84,2310.02,2314.93,680.044322
1778328000,2314.21,2318.09,2299,2316.99,2673.134584
1778342400,2317,2337.42,2315.33,2331.98,2818.029701
1778356800,2331.98,2333.19,2324.12,2326.17,829.902008
1778371200,2326.17,2332.76,2318.12,2327.23,637.784941
1778385600,2327.44,2331,2325.82,2327.29,592.256714
1778400000,2327.18,2333.66,2318.99,2322.37,552.542066
1778414400,2322.31,2350.9,2320.44,2347.29,3533.845915
1778428800,2347.5,2366.82,2339.97,2365.78,7319.298641
1778443200,2365.64,2382.07,2312.06,2370.56,10688.572241
1778457600,2371.13,2373.91,2320,2329.97,5392.828408
1778472000,2329.97,2340.88,2326.11,2329.98,1285.374042
1778486400,2330.13,2338.73,2326.5,2334.79,709.187072
1778500800,2335.38,2338.41,2303.59,2332.64,2638.195589
1778515200,2332.64,2343.35,2323.15,2339.93,1477.537044
1778529600,2339.98,2344.85,2334.63,2339.4,1344.23478
1778544000,2339.26,2340.2,2295,2308.69,2812.512303
1778558400,2308.71,2313.65,2290.99,2295,841.424937
1778572800,2294.16,2295.26,2278.58,2286.32,1138.078941
1778587200,2286.35,2293.14,2256.68,2261.41,9043.988012
1778601600,2261.14,2286.64,2256,2284.57,2249.193928
1778616000,2284.58,2290.61,2273.18,2274.63,2295.105151
1778630400,2274.53,2302.81,2273.31,2301.39,1074.059222
1778644800,2301.42,2307.56,2295.33,2299.99,981.966168
1778659200,2299.99,2322.57,2298.14,2301.04,2873.715467
1778673600,2301.02,2306.42,2233.1,2236.71,5681.975737
1778688000,2235.47,2267.01,2234.88,2255.67,3349.636948
1778702400,2255.5,2263.58,2250.13,2257.79,1230.955719
1778716800,2257.79,2268.81,2238,2241.32,1893.137402
1778731200,2241.3,2274,2238.5,2264.9,475.256948
1778745600,2264.51,2270.1,2252.05,2253.1,613.916167
1778760000,2252.84,2298.44,2246.16,2298.39,5254.540218
1778774400,2298.07,2318.43,2293.73,2298.26,3568.416682
1778788800,2298,2301.17,2280.21,2282.72,1192.402062
1778803200,2282.71,2299.78,2260.1,2272.9,1683.465239
1778817600,2272.89,2273.15,2237.19,2265.01,1618.015109
1778832000,2265.01,2265.01,2250.03,2257.01,639.275305
1778846400,2256.88,2260.04,2203.5,2222.29,8928.47572
1778860800,2221.92,2231.88,2218.07,2222.08,2101.853533
1778875200,2222.18,2224.67,2213.36,2223.6,1327.7232
1778889600,2223.6,2229.99,2222.17,2226.94,1085.403316
1778904000,2226.95,2227.17,2180.21,2193.89,2879.77077
1778918400,2193.78,2195.81,2162.11,2175.37,1528.056125
1778932800,2175.37,2186.94,2171.31,2178.86,1086.916907
1778947200,2178.93,2183.28,2169.54,2178.65,1450.043559
1778961600,2178.65,2182.62,2178.2,2179.99,468.634614
1778976000,2179.95,2184.38,2166.57,2180.05,6731.772835
1778990400,2180.32,2193.41,2179.96,2185.57,445.413923
1779004800,2185.46,2197,2182.22,2191.31,452.627011
1779019200,2191.31,2197.01,2178,2185.26,645.029858
1779033600,2185.34,2192.49,2176,2191.41,807.208409
1779048000,2191.07,2193.21,1914.69,2129.74,8909.05029
1779062400,2129.31,2130.46,2103.29,2117.27,4838.173677
1779076800,2117.22,2124.71,2108.87,2120.14,8961.8518
1779091200,2120.1,2137.96,2109.03,2132.62,1367.91657
1779105600,2132.94,2155.79,2092.61,2105.49,9787.03963
1779120000,2106.25,2126.97,2075,2122.97,7561.552716
1779134400,2123,2140.91,2113.35,2128.63,6415.227663
1779148800,2128.81,2144.99,2118.09,2129.76,1665.054835
1779163200,2129.84,2145.12,2122.11,2139.67,3815.158667
1779177600,2139.48,2139.87,2105.76,2109.41,1442.396366
1779192000,2108.95,2125.08,2092.13,2108.28,4916.131103
1779206400,2108.29,2122.56,2105.42,2110.89,5889.608149
1779220800,2110.89,2118.78,2101,2109.86,1314.020883
1779235200,2109.86,2116.41,2101.24,2109.72,1575.369901
1779249600,2109.72,2133.98,2105.81,2127.08,4021.793114
1779264000,2127.08,2135,2122.43,2126.3,956.253471
1779278400,2126.04,2147.16,2112.24,2134.6,3699.343702
1779292800,2134.77,2145.87,2122.45,2137.36,3342.996252
1779307200,2137.15,2138.64,2116.36,2127.3,942.512577
1779321600,2127.39,2155,2126.1,2143.86,1988.492334
1779336000,2143.69,2146.76,2122.26,2132.94,814.784352
1779350400,2133.04,2145.98,2107.14,2113.08,2648.65683
1779364800,2113.08,2135.88,2103.07,2130.22,4231.074167
1779379200,2130.23,2151.5,2120,2140.37,2164.515726
1779393600,2140.98,2141.27,2125,2131.98,3166.524265
1779408000,2131.85,2138.91,2123.83,2135.72,761.474402
1779422400,2135.76,2138.91,2120.21,2126.37,328.948822
1779436800,2126.38,2130.59,2116.71,2127.74,828.275594
1779451200,2128.25,2135.7,2110.98,2117.21,4862.474735
1779465600,2117.12,2127.62,2055.64,2062.55,5367.234357
1779480000,2063.29,2077.19,2055.67,2063.58,2801.854135
1779494400,2063.54,2068.91,2050.01,2068.42,978.040402
1779508800,2068.51,2068.51,2001.74,2026.22,4774.5644
1779523200,2026.15,2033.04,2018.8,2029.38,1050.102584
1779537600,2029.36,2065.91,2025.18,2058.12,2904.392736
1779552000,2057.92,2080.54,2054.95,2074.82,2274.670684
1779566400,2075.8,2147.52,2072.19,2115.28,4886.123162
1779580800,2115.28,2124,2110.43,2116.71,1112.34287
1779595200,2116.63,2127,2111.6,2117.83,509.373712
1779609600,2118.44,2127.85,2116.7,2122.79,610.700744
1779624000,2122.8,2122.8,2075.82,2092.99,2994.865
1779638400,2093,2105.54,2092.86,2098.12,6210.058532
1779652800,2098.11,2103.8,2060.78,2097.46,2917.969211
1779667200,2097.36,2110.74,2089.92,2092.99,2124.030096
1779681600,2093.07,2116.01,2089.92,2114.36,12962.928992
1779696000,2114.47,2122.48,2109.61,2113.21,915.514434
1779710400,2113.21,2135.94,2110.48,2125.24,1763.164021
1779724800,2125.19,2139.33,2115,2119.66,988.589211
1779739200,2119.62,2121.12,2100.39,2111.05,706.793393
1779753600,2110.97,2111.9,2082.89,2091.14,2312.634547
1779768000,2091.17,2101.86,2086.72,2093.47,1709.339553
1779782400,2093.13,2134.41,2092.22,2118.65,914.99014
1779796800,2118.61,2138.18,2076.24,2085.38,4619.642645
1779811200,2084.67,2087.17,2052.53,2071.04,3092.722138
1779825600,2071.09,2075.64,2062.88,2070.8,1234.981591
1779840000,2070.91,2080.95,2066.12,2067.09,1543.781851
1779854400,2066.79,2081.03,2053.67,2080.7,1140.460269
1779868800,2080.53,2093.32,2075.3,2076.63,774.717918
1779883200,2077.29,2093.43,2048.14,2068.09,4118.870626
1779897600,2068.05,2070.76,2040.04,2053.97,3348.789088
1779912000,2053.58,2061.89,2013,2021.81,3362.260336
1779926400,2021.72,2025.87,1968.14,1978.04,6528.97123
1779940800,1978.2,1992.9,1964.34,1991.73,2912.89421
1779955200,1991.74,1994.67,1981.39,1986.4,1380.995247
1779969600,1986.31,1999.06,1964.66,1987.25,7132.795704
1779984000,1987.41,2027.41,1981.91,2011.06,4718.998892
1779998400,2011.54,2021.44,2002.57,2006.96,4074.740672
1780012800,2006.93,2014.14,1994.74,1999.88,2381.732977
1780027200,1999.98,2018.89,1995.12,2004.69,947.893151
1780041600,2004.68,2013.07,2000.06,2004.64,731.57463
1780056000,2004.65,2043,1974.05,2028.04,11452.529991
1780070400,2028.38,2040.88,2002.03,2014.28,8523.354911
1780084800,2014.46,2020.99,2004.17,2011.61,4741.873236
1780099200,2011.65,2020.88,2008.01,2013.89,3254.495218
1780113600,2013.98,2017.22,1999.65,2013.53,1475.106532
1780128000,2013.59,2019.15,2011.04,2014.6,525.30146
1780142400,2014.68,2028.94,2014.29,2023.49,808.157997
1780156800,2023.58,2026.98,2016.71,2025.56,1232.888769
1780171200,2025.57,2028.01,2017.15,2019.12,1246.333449
1780185600,2019.32,2034.71,2017.59,2030.38,1113.390014
1780200000,2030.42,2031.58,2020,2020.99,522.532537
1780214400,2020.99,2025.99,2012.9,2020.18,1008.398724
1780228800,2020.12,2023.18,2003.07,2007.7,2261.601487
1780243200,2007.69,2009.29,1991.58,1996.84,1926.219055
1780257600,1996.82,2019.75,1996.82,2004.09,1236.641664
1780272000,2004.07,2017.99,1989.01,2006.56,2989.375825
1780286400,2006.44,2009.27,1969.15,1974.24,1458.837704
1780300800,1974.02,1987.47,1969.37,1978.75,1849.390752
1780315200,1979.52,1991.45,1955.14,1965.5,5585.380733
1780329600,1965.49,2005.88,1955.55,2001.99,7387.564603
1780344000,2001.98,2005.99,1981.69,2003.99,2212.123273
1780358400,2003.94,2004.1,1959.96,2001.07,2757.19942
1780372800,2000.98,2003.33,1971.54,1979.11,1636.688425
1780387200,1979.13,1985.81,1964.04,1976,2547.732209
1780401600,1975.79,1980,1888,1912.19,10561.492623
1780416000,1911.85,1940,1879.61,1909.6,13619.790275
1780430400,1909.33,1915.55,1836.76,1857.22,7565.954756
1780444800,1857.22,1871.64,1815.19,1825.5,6838.631436
1780459200,1825.65,1881.29,1825.64,1875.94,6153.280064
1780473600,1875.91,1889.46,1867.57,1875.55,1762.478172
1780488000,1875.55,1877.31,1833.76,1834.22,4350.043139
1780502400,1834.59,1841.65,1794.23,1800.99,5132.723757
1780516800,1800.81,1848.75,1767.33,1810.58,9263.461671
1780531200,1810.52,1818.41,1716,1807.03,12229.592482
1780545600,1806.99,1815.94,1771.45,1775.87,2813.787149
1780560000,1775.62,1780.87,1728.2,1749.51,8370.720249
1780574400,1749.41,1791.93,1742.51,1775.7,3558.943169
1780588800,1775.02,1784.66,1752.33,1775.02,4522.746781
1780603200,1774.08,1780.96,1751.27,1768.9,2063.66168
1780617600,1768.61,1772.18,1720.75,1727.43,2671.289484
1780632000,1727.99,1745.2,1623.37,1677.74,15620.435414
1780646400,1677.84,1688.09,1659.07,1662.08,5564.380944
1780660800,1662.09,1675.82,1571.49,1582.93,12845.704865
1780675200,1582.6,1612.15,1539.72,1573.57,16859.594218
1780689600,1573.06,1619.07,1556.56,1583.16,13174.857531
1780704000,1582.96,1600.42,1555.56,1563.11,2359.334066
1780718400,1563.02,1580.61,1505.75,1574.27,9588.161418
1780732800,1574.39,1592.45,1534.78,1557.64,2921.834512
1780747200,1557.99,1575.17,1544.93,1559.45,2315.980513
1780761600,1559.51,1565.52,1546,1553.85,3200.778316
1780776000,1553.79,1569.19,1550.31,1568.99,1727.611559
1780790400,1568.94,1600,1563.3,1593.93,3418.390011
1780804800,1594.22,1622.21,1584.72,1614.54,3254.877742
1780819200,1614.72,1648.01,1608.02,1629.52,4577.204218
1780833600,1629.45,1639.1,1606.79,1629.3,9047.514337
1780848000,1629.3,1638.8,1603.93,1612.85,12104.262084
1780862400,1612.44,1719,1608.87,1690.22,12604.291723
1780876800,1689.82,1711.05,1670.87,1678.78,7609.117959
1780891200,1678.79,1680.01,1644.64,1672.32,4213.291624
1780905600,1672.25,1695.84,1656.32,1683.07,2843.781026
1780920000,1682.6,1705.15,1666.38,1690.22,4575.002266
1780934400,1690.7,1702.91,1674.88,1684.45,6676.98537
1780948800,1684.48,1713.33,1678.74,1689.91,5308.553345
1780963200,1689.81,1695.94,1654.12,1668.84,7726.908745
1780977600,1668.7,1695,1664,1678.79,3413.553985
1780992000,1679.12,1679.75,1664.53,1671.54,1608.140552
1781006400,1670.8,1682.72,1633.12,1635.96,16853.464595
1781020800,1635.37,1657.16,1613.08,1656.18,8415.498962
1781035200,1656.16,1662.05,1629.5,1638.31,3909.018299
1781049600,1638.31,1645.92,1620.71,1629.41,3358.185299
1781064000,1629.41,1642.03,1615.26,1638.88,10505.939461
1781078400,1638.73,1639.75,1604.53,1618.65,4503.36614
1781092800,1618.7,1666.74,1614.48,1656.59,6994.37168
1781107200,1656.66,1657.21,1621.16,1628.41,5253.09041
1781121600,1627.77,1634.3,1602.91,1620.37,6012.073039
1781136000,1620.01,1659.02,1620.01,1651.35,2440.613538
1781150400,1651.76,1661,1644.3,1652.68,1296.831148
1781164800,1652.68,1673.03,1652.2,1665.07,4485.234958
1781179200,1665.03,1665.3,1634.11,1643.53,7167.216027
1781193600,1643.53,1691.84,1631.07,1679.82,7228.163678
1781208000,1680.04,1682.01,1665.79,1671.53,2538.36546
1781222400,1671.6,1680.62,1659.51,1670.59,3165.296598
1781236800,1670.59,1679.13,1650.35,1660.25,1563.943438
1781251200,1659.92,1683.14,1659.92,1672.08,909.629382
1781265600,1672.08,1689.66,1651.42,1658.9,3598.913165
1781280000,1658.92,1676.83,1656.68,1665.34,2606.193975
1781294400,1665.11,1667.17,1658.59,1665.21,4429.066881
1781308800,1665.32,1674.76,1662.27,1664.16,1829.550945
1781323200,1664.35,1675.99,1661.49,1675.14,2521.137659
1781337600,1675.21,1678.91,1671.75,1677.41,952.081431
1781352000,1677.41,1684.94,1675.95,1681.43,2327.642257
1781366400,1681.43,1681.63,1670.47,1678.01,3004.199272
1781380800,1678.01,1696.32,1673.68,1680.48,3903.749057
1781395200,1680.35,1688.99,1678.03,1680.87,2340.633954
1781409600,1680.98,1681.31,1672.92,1675.02,1323.160493
1781424000,1675.03,1677.63,1668.01,1672.94,438.861611
1781438400,1672.94,1673.51,1653.69,1661.97,1052.290104
1781452800,1661.9,1666.91,1657.83,1664.27,916.091483
1781467200,1664.28,1731.63,1661.6,1725.08,8321.966386
1781481600,1725.1,1730.98,1708.57,1719.61,3693.454384
1781496000,1719.97,1722.47,1714.91,1715.51,2798.912514
1781510400,1715.49,1766.77,1711.02,1763.67,6137.317777
1781524800,1763.76,1848.02,1759.6,1843.81,15515.807924
1781539200,1844,1846.39,1811.12,1820.56,10489.554537
1781553600,1820.87,1825.28,1782.09,1795.36,7479.941968
1781568000,1795.37,1800.75,1763.89,1778.22,9259.423565
1781582400,1778.19,1782.23,1757.74,1772.84,3365.439651
1781596800,1772.87,1806.32,1772.29,1797.88,2886.972935
1781611200,1798.38,1837.9,1762.78,1781.23,6604.237541
1781625600,1781.23,1806.84,1772.05,1792.69,6349.425202
1781640000,1793.49,1798.48,1786.02,1791.29,11658.118014
1781654400,1792.17,1808.8,1777.82,1791.87,2707.699681
1781668800,1792.11,1799.95,1777.71,1783.51,1065.988456
1781683200,1783.29,1784.75,1758.07,1762.52,1388.285767
1781697600,1762.65,1775.46,1740.72,1772.04,7156.562185
1781712000,1771.94,1794.11,1728.06,1733.4,8019.058842
1781726400,1733.02,1749.52,1724.8,1748.99,3773.666484
1781740800,1748.97,1761.2,1740.01,1742,1228.613472
1781755200,1742.38,1751.5,1720.51,1748,1668.404415
1781769600,1747.95,1751.51,1737.6,1741.53,824.481033
1781784000,1741.51,1750.81,1677.82,1680.15,7140.679411
1781798400,1679.95,1705,1669.56,1702.94,5314.513465
1781812800,1703.38,1714.42,1698.01,1709.09,1802.243967
1781827200,1709.03,1717.71,1680.26,1695.82,2629.116036
1781841600,1695.76,1701.7,1684.92,1693.81,761.463094
1781856000,1694.14,1697.62,1685.5,1689.97,864.823125
1781870400,1690.3,1710.48,1678,1706.11,1916.669395
1781884800,1706.11,1709.97,1692.35,1699.73,2257.431632
1781899200,1699.63,1713.28,1697.29,1709.67,1601.114898
1781913600,1709.46,1715.66,1702.42,1706.52,861.932393
1781928000,1706.46,1730.87,1704.85,1724.01,2972.521926
1781942400,1724.22,1729.67,1719.76,1725.65,596.336133
1781956800,1725.65,1747.05,1706.76,1738.65,2192.316716
1781971200,1739.13,1739.13,1719.07,1727.28,1145.693857
1781985600,1727.18,1743.86,1724.61,1739,756.795392
1782000000,1739,1739.05,1731.62,1736.26,823.088069
1782014400,1735.88,1738.57,1728.43,1730.13,981.914271
1782028800,1730.14,1734.91,1717,1722.5,696.479927
1782043200,1722.99,1730,1715.21,1729.01,1103.289295
1782057600,1729,1739.2,1719.54,1732.33,7345.407426
1782072000,1732.44,1733.48,1700.2,1704.98,3765.138633
1782086400,1704.99,1760.12,1704.99,1728.14,2771.904471
1782100800,1728.13,1749.02,1725.69,1744.31,2175.134446
1782115200,1744.93,1772.86,1741.5,1766.06,1613.719417
1782129600,1766.25,1777.82,1740.8,1742.91,5849.336986
1782144000,1743.16,1745.28,1727.93,1732.93,3420.231277
1782158400,1732.21,1737.53,1715.54,1726.64,2630.626262
1782172800,1726.12,1734.46,1718.68,1727.88,2110.060521
1782187200,1727.88,1728.97,1679.73,1681.08,4910.005513
1782201600,1680.94,1682.63,1633.1,1658.91,6738.218027
1782216000,1658.93,1669.54,1643.33,1657.29,5843.16384
1782230400,1657.33,1671.46,1648.13,1660.64,3687.09094
1782244800,1660.45,1670.95,1657.96,1665.12,2992.782693
1782259200,1665.12,1677.83,1656.01,1664.36,5103.329908
1782273600,1664.74,1677.19,1656.44,1670.54,3043.693439
1782288000,1671.28,1689.37,1654,1676.03,2947.621428
1782302400,1677.38,1678.94,1614.25,1616.59,13647.566551
1782316800,1615.9,1633.43,1551.12,1582.17,14055.7714
1782331200,1581.89,1626.94,1576.59,1619.85,5224.201701
1782345600,1619.86,1623.77,1612.33,1616.86,1423.568212
1782360000,1617.07,1657.06,1614.68,1654.33,2440.237486
1782374400,1654.86,1656.01,1626.04,1630.8,1292.570292
1782388800,1631.07,1647.25,1530,1567.68,15796.013465
1782403200,1567.97,1585.15,1552.64,1556.69,5036.890816
1782417600,1557.75,1580.99,1554.45,1565.05,3955.770933
1782432000,1565.17,1569.16,1510,1555.46,16086.374589
1782446400,1555.68,1583.46,1541.71,1579.31,2959.459665
1782460800,1578.47,1579.75,1538.81,1542.89,3505.204058
1782475200,1542.94,1585.02,1520,1578.3,7872.957184
1782489600,1578.03,1591.7,1568.06,1572.71,6342.698976
1782504000,1572.71,1580.5,1565.86,1576.45,2288.909772
1782518400,1576.47,1584.4,1569.36,1578.25,2847.846152
1782532800,1578.26,1584.19,1573.02,1583.25,397.546084
1782547200,1583.36,1583.73,1576.76,1581.5,1550.218343
1782561600,1581.51,1608.55,1578.86,1603.08,5889.853377
1782576000,1603.1,1605.53,1571.01,1575.97,4754.672285
1782590400,1575.98,1582.65,1560.01,1571.61,4058.297163
1782604800,1571.67,1578.1,1567.4,1572.74,3487.44509
1782619200,1572.84,1574.76,1560.4,1573.47,2460.140304
1782633600,1573.68,1583.22,1571,1580.5,2590.059416
1782648000,1580.67,1585.8,1572.46,1578.44,1419.234927
1782662400,1578.69,1579.05,1555,1562.48,5564.778701
1782676800,1562.34,1579.06,1546.26,1569.49,3508.233357
1782691200,1569.72,1585.9,1549,1581.81,2741.011908
1782705600,1582.3,1586.06,1560.05,1578.2,1015.130181
1782720000,1578.21,1584.42,1567.95,1572.82,1448.191689
1782734400,1572.54,1595,1554.71,1577.51,6565.324081
1782748800,1577.59,1634.48,1571.42,1623.12,10776.693458
1782763200,1623.08,1624.03,1605.45,1610.44,3239.594251
1782777600,1610.83,1611.82,1584.42,1585.11,3324.890321
1782792000,1585.01,1593.07,1577.15,1589.72,1287.221688
1782806400,1590.12,1591.99,1573.56,1575.52,1452.032494
1782820800,1576.09,1576.09,1548.31,1562.19,13231.259402
1782835200,1562.77,1579.78,1559.77,1577.27,3592.301827
1782849600,1577.94,1580.68,1563.85,1569.91,2911.011556
1782864000,1569.79,1596.21,1551.13,1592.15,12733.167021
1782878400,1592.35,1600.99,1568.98,1576.25,5144.97631
1782892800,1576.26,1582.7,1565.51,1568.18,2648.398911
1782907200,1568.09,1628.83,1563.76,1618.94,6228.459373
1782921600,1618.94,1626.1,1606.06,1616.6,8454.424982
1782936000,1616.3,1643.71,1606.28,1607.9,10081.278799
1782950400,1607.64,1640,1595.71,1638.38,8060.404424
1782964800,1637.65,1637.87,1612.89,1613.85,1555.719433
1782979200,1614.22,1652.4,1613.16,1648.67,3587.753843
1782993600,1647.57,1723.01,1645.71,1695.19,12473.855414
1783008000,1695.3,1705.27,1685.01,1698.71,3280.657796
1783022400,1698.41,1704.98,1690.36,1698.69,3456.551946
1783036800,1699.07,1718.91,1692.83,1704.42,7709.912707
1783051200,1704.38,1721.02,1701,1716.72,5232.847859
1783065600,1715.87,1746.56,1714.5,1740.94,4073.891927
1783080000,1740.66,1750.74,1727.42,1729.46,3946.523664
1783094400,1729.53,1750.62,1726.47,1744.23,1943.607051
1783108800,1744.23,1773.11,1742.12,1757.04,5936.466688
1783123200,1756.3,1762,1742.93,1752.28,968.866094
1783137600,1752.28,1762.31,1750.17,1756.76,942.443521
1783152000,1756.66,1763.29,1753.35,1756.6,1263.944337
1783166400,1756.54,1796.41,1756.39,1789.59,5627.23469
1783180800,1789.79,1805.52,1777.69,1791.33,4410.012922
1783195200,1791.2,1793.97,1771.01,1778.72,2390.500921
1783209600,1778.72,1779.07,1755.98,1759.84,1905.945701
1783224000,1759.99,1770.56,1758.52,1770.41,883.791182
1783238400,1768.7,1771.06,1747.15,1758.43,1324.056127
1783252800,1758.72,1779.01,1754.83,1773.01,2555.880634
1783267200,1773.18,1784.35,1768.65,1779.82,6205.687487
1783281600,1779.85,1806.34,1768.32,1784.48,4237.177081
1783296000,1784.41,1797,1771,1777.82,1758.654296
1783310400,1778,1782.57,1763.74,1770.67,3793.015986
1783324800,1770.66,1775.7,1754.07,1758.47,2267.862606
1783339200,1757.99,1787.62,1727.93,1786.76,5877.511106
1783353600,1787.09,1803.56,1781.39,1791.59,4733.287823
1783368000,1791.2,1834.73,1786.25,1798.55,7382.330244
1783382400,1798.49,1808.62,1768.1,1770.02,5417.6592
1783396800,1769.86,1780.82,1756.4,1769.66,1887.294527
1783411200,1769.84,1783.22,1766.9,1779.01,1335.447557
1783425600,1779.19,1801.52,1759.42,1795.67,6022.313624
1783440000,1795.77,1810.52,1772.76,1789.33,5637.399039
1783454400,1789.14,1791.99,1764.62,1769.69,2291.111046
1783468800,1769.7,1783.52,1739.29,1749.73,5659.157141
1783483200,1750.34,1757.81,1743.98,1755.96,2207.931055
1783497600,1755.34,1756.97,1724.27,1746.4,5014.562903
1783512000,1746.4,1749.98,1711.44,1721.32,7588.948548
1783526400,1721.14,1745.01,1721.13,1739.82,4082.993493
1783540800,1739.67,1743.04,1730.41,1742.03,1999.628212
1783555200,1742,1754,1720.74,1728.75,4498.941787
1783569600,1729.04,1760.53,1729.03,1751.7,1529.036111
1783584000,1751.76,1757.1,1739.72,1742.45,1069.885248
1783598400,1742.55,1750.01,1731.42,1737.95,3993.914998
1783612800,1737.94,1758,1730.74,1747.09,1865.990613
1783627200,1747.15,1749.58,1740.67,1743.93,1654.778719
1783641600,1743.94,1778.37,1735,1774.56,4404.467661
1783656000,1774.56,1778.81,1766.01,1772.14,1826.819615
1783670400,1772.2,1801.1,1771.7,1799.89,3354.917699
1783684800,1799.9,1809.93,1771.84,1789.18,8650.561745
1783699200,1789.29,1797.58,1779.97,1791.33,2026.139625
1783713600,1791.67,1796.77,1788.24,1795.54,2056.752847
1783728000,1795.63,1797.26,1785.77,1795.68,2673.731315
1783742400,1795.46,1801.77,1793.72,1798.28,3289.335061
1783756800,1798.58,1801.9,1793.82,1798.78,1369.164932
1783771200,1798.78,1825.98,1796.88,1813.47,4464.176928
1783785600,1813.48,1828.44,1809.65,1822.86,5648.593463
1783800000,1822.87,1827.78,1785.53,1786.52,6039.025587
1783814400,1786.67,1812.51,1778.61,1810.13,3786.140916
1783828800,1810.39,1811.34,1787.85,1797.48,1852.841279
1783843200,1797.6,1807.87,1795.59,1803.34,1125.616737
1783857600,1802.61,1824.99,1802,1819.69,3346.932847
1783872000,1819.8,1822.87,1813.29,1820.43,3154.919647
1783886400,1820.43,1822.59,1795.5,1805.53,3255.487153
1783900800,1805.57,1845,1774.41,1779.22,16855.38789
1783915200,1779.23,1789.62,1773.28,1786.08,3110.669558
1783929600,1786.43,1791.82,1776.21,1779.12,1740.071278
1783944000,1779.19,1784.67,1761.55,1775.7,6463.091892
1783958400,1775.34,1779.2,1749.14,1773.06,5052.030386
1783972800,1772.12,1775.32,1751.28,1774.65,4206.596977
1783987200,1774.48,1792.18,1771.52,1781.56,2327.415827
1784001600,1781.5,1790.67,1777.07,1778.67,1217.855646
1784016000,1778.67,1802.92,1776.92,1796.03,2787.913971
1784030400,1796.04,1886.28,1792.59,1873.13,15440.554508
1784044800,1873.75,1880.02,1860.7,1875.71,4656.967822
1784059200,1876.42,1895.43,1871.05,1890.06,4137.914843
1784073600,1890.49,1891.85,1863.29,1875.36,3853.391339
1784088000,1874.74,1890.29,1863.58,1868.75,3521.876005
1784102400,1868.76,1884.68,1868.76,1883.51,1002.120788
1784116800,1883.51,1944.54,1877.75,1930,12836.445667
1784131200,1930.02,1935,1902.57,1922.72,7321.442195
1784145600,1922.67,1928.92,1914.02,1916.61,3169.668453
1784160000,1916.62,1927.34,1907,1916.94,3173.150071
1784174400,1917.14,1927.52,1904,1908.94,2738.529342
1784188800,1908.97,1910.96,1874.33,1884.03,8772.845327
1784203200,1884.03,1892.49,1866.13,1880.64,7421.042407
1784217600,1880.65,1881.62,1861.97,1874.37,7032.821393
1784232000,1873.83,1879.87,1856.5,1863.33,2930.830117
1784246400,1863.19,1868.87,1842.22,1850.96,3195.901092
1784260800,1850.95,1850.99,1819.88,1826.5,3677.597609
1784275200,1826.56,1841.78,1820.21,1837.65,1215.287771
1784289600,1837.53,1838.48,1800.9,1829.35,11859.99848
1784304000,1829.36,1854.12,1825.47,1842.2,5994.933488
1784318400,1841.7,1845,1834.08,1840.56,1662.887608
1784332800,1840.56,1845.53,1838.36,1844.43,1379.833759
1784347200,1844.65,1847.65,1841.08,1842.75,526.264146
1784361600,1842.82,1847.94,1841.27,1844.34,344.714703
1784376000,1844.34,1849.19,1836.56,1842.61,1991.744205
1784390400,1842.61,1865.28,1840.21,1857.14,4518.564893
1784404800,1857.34,1864.4,1854.11,1861.54,1463.904178
1784419200,1861.7,1875.82,1857,1865.79,2545.370179
1784433600,1865.79,1870.33,1863.22,1868.13,1249.648733
1784448000,1868.85,1878.09,1862.88,1869.97,1218.36661
1784462400,1869.98,1877.21,1863.83,1869.46,1740.788589
1784476800,1869.46,1872.22,1842.61,1860.92,4527.142773
1784491200,1860.87,1875.27,1856.18,1871.33,3372.839674
1784505600,1871.33,1890,1861.45,1877.88,3335.683946
1784520000,1877.9,1878.25,1842.3,1861.51,5178.131994
1784534400,1862.13,1893.97,1852.94,1891.19,3985.64996
1784548800,1891.19,1903.04,1851.86,1901.13,6522.259521
1784563200,1900.74,1916.83,1888.61,1896.69,5279.169096
1784577600,1897.7,1906,1893.31,1903.56,1685.267464
1784592000,1903.36,1926.51,1899.64,1925.83,2302.585139
1784606400,1925.58,1938.06,1920.51,1933.2,2396.673643
1784620800,1933.21,1950.79,1925.79,1934.35,3887.296015
1784635200,1934.36,1944.06,1923.08,1930.67,3476.154496
1784649600,1930.67,1934.19,1914.15,1922.46,4733.286014
1784664000,1922.46,1930.07,1915.95,1928.41,2730.254168
1784678400,1928.87,1943.89,1925.61,1927.46,3279.437958
1784692800,1927.25,1937.96,1909.29,1912.97,2761.725285
1784707200,1912.97,1931.79,1912.96,1925.61,1463.570663
1784721600,1925.61,1954.15,1912.46,1941.43,6609.711259
1784736000,1941.6,1955.41,1919.95,1924.05,7449.993499
1784750400,1924.14,1938.72,1921.85,1933.37,1769.101624
1784764800,1933.37,1940.27,1916.99,1919.61,1178.634681
1784779200,1919.61,1927.8,1910.07,1914.31,2501.422285
1784793600,1914.32,1930.23,1913.1,1925.08,1118.232525
1784808000,1925.09,1926.9,1882,1894.36,6300.197993
1784822400,1894.36,1894.36,1867.5,1875.42,5244.287244
1784836800,1874.34,1887.14,1873.13,1877.03,2149.42941
1784851200,1877.05,1880.07,1857.72,1879.15,4276.472221
1784865600,1879.15,1907.69,1872.11,1894.47,2715.877008
1784880000,1894.71,1894.74,1875.15,1882.5,709.368829
1784894400,1882.51,1884.13,1845.48,1860.42,5907.548131
1784908800,1860.1,1864.7,1851.76,1861.45,1747.093067
1784923200,1861.45,1863.61,1855.49,1860.28,760.048535
1784937600,1859.61,1862.51,1854.51,1857.34,927.194071
1784952000,1856.99,1861.07,1853,1854.48,595.167675
1784966400,1854.16,1858,1849.83,1855.95,366.328562
1784980800,1855.95,1869.53,1855.08,1866.11,891.943535
1784995200,1866.16,1874.8,1862.97,1872.99,1227.21935
1785009600,1873.12,1878.16,1866.31,1873.37,4412.400229
1785024000,1873.4,1882,1872.46,1880.28,1531.565715
1785038400,1880.7,1887.35,1876.8,1879.53,832.079693
1785052800,1879.96,1886.1,1877.56,1883.97,339.327986
1785067200,1884.18,1914.79,1880.65,1913.35,2562.587434
1785081600,1913.16,1927.25,1906.86,1912.43,3385.952507
1785096000,1912.59,1964.99,1909.86,1953.47,6143.464871
1785110400,1953.5,1953.5,1934.33,1947.86,4111.298785
1785124800,1947.69,1978.99,1946.77,1962.63,4684.737309
1785139200,1962.81,1969.69,1955.41,1957.87,2047.442391
1785153600,1957.85,1974.99,1916.45,1925.69,7755.714539
1785168000,1925.62,1953.13,1921.14,1946.38,4453.55612
1785182400,1946.4,1948.71,1881.5,1891.1,9174.645043
1785196800,1890.79,1892.83,1863.44,1879.37,4842.304107
1785211200,1879.4,1887.2,1874.8,1881.68,2446.633856
1785225600,1881.69,1883.37,1870.17,1875.22,1298.003858
1785240000,1874.84,1922.03,1855,1917.91,8056.932205
1785254400,1917.9,1926.48,1891.19,1919.33,3851.073938
1785268800,1919.33,1927.74,1902.07,1919.88,2250.522717
1785283200,1919.78,1926.11,1888.62,1889.59,975.335986
1785297600,1890.26,1923.05,1881.97,1921.1,1527.438263
1785312000,1922.44,1922.46,1907.54,1913.01,1359.327169
1785326400,1912.8,1912.8,1885,1889.02,2949.604412
1785340800,1889.36,1932.98,1881.95,1886.47,7623.358807
1785355200,1887.02,1910.26,1872.17,1908.21,3704.017687
