time,open,high,low,close,volume
1672531200,5.162,5.168,5.112,5.112,1240.763157
1672545600,5.106,5.151,5.098,5.133,1939.106294
1672560000,5.153,5.172,5.138,5.172,140.076766
1672574400,5.173,5.228,5.157,5.208,940.715832
1672588800,5.2,5.234,5.2,5.234,2799.715262
1672603200,5.232,5.26,5.232,5.24,3232.89802
1672617600,5.25,5.272,5.177,5.223,1829.919105
1672632000,5.218,5.333,5.218,5.284,2849.216723
1672646400,5.3,5.34,5.275,5.3,5162.464389
1672660800,5.308,5.392,5.299,5.392,15031.543946
1672675200,5.392,5.454,5.392,5.424,6088.54317
1672689600,5.431,5.437,5.349,5.376,3611.229352
1672704000,5.381,5.411,5.354,5.405,3144.574961
1672718400,5.38,5.416,5.361,5.391,1734.366362
1672732800,5.38,5.407,5.338,5.366,1833.857248
1672747200,5.376,5.402,5.296,5.323,1606.643354
1672761600,5.324,5.343,5.281,5.32,2664.197988
1672776000,5.324,5.392,5.324,5.379,962.840552
1672790400,5.391,5.547,5.366,5.536,7538.025558
1672804800,5.538,5.588,5.525,5.548,5914.985698
1672819200,5.528,5.536,5.509,5.528,1113.72273
1672833600,5.544,5.586,5.495,5.57,9323.321389
1672848000,5.559,5.585,5.501,5.501,6478.756665
1672862400,5.51,5.526,5.462,5.521,2868.70096
1672876800,5.524,5.553,5.489,5.489,1164.466048
1672891200,5.515,5.541,5.465,5.468,618.185852
1672905600,5.462,5.462,5.412,5.439,2758.806931
1672920000,5.43,5.44,5.386,5.404,2208.680585
1672934400,5.396,5.405,5.37,5.405,2270.060547
1672948800,5.413,5.415,5.331,5.373,2326.682147
1672963200,5.364,5.408,5.329,5.395,4091.970305
1672977600,5.381,5.388,5.285,5.324,1783.444129
1672992000,5.327,5.337,5.284,5.284,2011.145795
1673006400,5.295,5.425,5.251,5.425,2086.756108
1673020800,5.429,5.498,5.406,5.492,3886.221552
1673035200,5.488,5.528,5.479,5.527,3253.11984
1673049600,5.515,5.557,5.514,5.521,5314.594074
1673064000,5.514,5.514,5.478,5.48,2137.697057
1673078400,5.503,5.509,5.454,5.461,1280.231956
1673092800,5.454,5.468,5.437,5.45,902.126634
1673107200,5.452,5.452,5.411,5.416,669.912242
1673121600,5.416,5.416,5.395,5.412,3009.683101
1673136000,5.419,5.456,5.348,5.438,2334.767575
1673150400,5.435,5.469,5.435,5.442,1482.366492
1673164800,5.455,5.488,5.454,5.478,957.969665
1673179200,5.471,5.521,5.46,5.521,1215.572037
1673193600,5.487,5.487,5.425,5.425,927.247682
1673208000,5.444,5.601,5.444,5.563,2843.540596
1673222400,5.581,5.753,5.569,5.728,5905.208357
1673236800,5.714,5.765,5.714,5.764,4361.935149
1673251200,5.76,5.857,5.729,5.844,11040.421722
1673265600,5.838,5.931,5.795,5.913,17916.23476
1673280000,5.914,5.961,5.848,5.855,7448.804668
1673294400,5.859,5.859,5.738,5.796,1019.324023
1673308800,5.8,5.867,5.72,5.806,4452.963597
1673323200,5.812,5.833,5.763,5.763,5780.823876
1673337600,5.763,5.788,5.718,5.727,2812.566431
1673352000,5.727,5.747,5.662,5.719,8037.410949
1673366400,5.724,5.798,5.702,5.779,12271.897479
1673380800,5.777,5.809,5.761,5.78,1645.541244
1673395200,5.77,5.812,5.653,5.653,1164.707071
1673409600,5.66,5.74,5.657,5.739,554.212775
1673424000,5.741,5.757,5.726,5.752,8397.058733
1673438400,5.743,5.743,5.61,5.61,5602.611376
1673452800,5.616,5.725,5.606,5.717,4231.421335
1673467200,5.728,5.95,5.702,5.918,8050.363926
1673481600,5.918,6.046,5.857,5.998,9017.763494
1673496000,6,6.068,5.936,6.068,9963.863362
1673510400,6.07,6.07,5.97,6.004,8077.501159
1673524800,6.009,6.187,5.897,5.996,39413.076269
1673539200,5.982,6.124,5.973,6.089,23164.756951
1673553600,6.093,6.18,6.073,6.175,9549.735099
1673568000,6.178,6.204,6.055,6.145,4333.156139
1673582400,6.147,6.162,6.07,6.076,3517.534246
1673596800,6.08,6.143,6.058,6.058,5442.840687
1673611200,6.074,6.111,6.015,6.098,7058.836167
1673625600,6.085,6.158,6.039,6.143,1514.051471
1673640000,6.144,6.35,6.137,6.291,7943.149022
1673654400,6.3,6.82,6.3,6.747,59037.69483
1673668800,6.716,6.959,6.684,6.798,6674.871149
1673683200,6.803,6.87,6.39,6.631,21279.118622
1673697600,6.612,6.671,6.46,6.62,13050.336266
1673712000,6.618,6.639,6.53,6.553,2248.068966
1673726400,6.535,6.641,6.535,6.641,869.739891
1673740800,6.627,6.651,6.442,6.54,4778.405468
1673755200,6.544,6.582,6.498,6.527,3260.159492
1673769600,6.53,6.53,6.395,6.484,2712.643735
1673784000,6.486,6.631,6.45,6.615,5189.33556
1673798400,6.625,6.631,6.499,6.599,9367.4747
1673812800,6.581,6.679,6.55,6.591,4668.717774
1673827200,6.597,6.742,6.558,6.567,7170.92806
1673841600,6.59,6.725,6.59,6.62,3604.06473
1673856000,6.629,6.629,6.438,6.459,4861.366456
1673870400,6.463,6.47,6.279,6.4,5097.259748
1673884800,6.401,6.565,6.38,6.551,3847.396552
1673899200,6.559,6.681,6.533,6.541,15938.776744
1673913600,6.537,6.575,6.408,6.531,8055.504363
1673928000,6.527,6.568,6.527,6.554,278.750792
1673942400,6.566,6.601,6.519,6.58,1561.589114
1673956800,6.589,6.641,6.444,6.451,5557.730362
1673971200,6.45,6.484,6.378,6.483,8201.339323
1673985600,6.486,6.498,6.326,6.344,2922.552378
1674000000,6.368,6.489,6.34,6.459,7039.593749
1674014400,6.466,6.515,6.44,6.454,613.345743
1674028800,6.449,6.449,6.299,6.324,3357.831807
1674043200,6.325,6.816,6.105,6.279,51434.583184
1674057600,6.27,6.367,6,6.201,54271.78433
1674072000,6.205,6.216,6.038,6.052,8535.353226
1674086400,6.053,6.132,6.05,6.104,2471.339761
1674100800,6.099,6.159,6.099,6.125,2229.258641
1674115200,6.127,6.158,6.056,6.062,3547.857806
1674129600,6.05,6.125,5.99,6.07,5123.302228
1674144000,6.06,6.154,6.019,6.146,2628.242171
1674158400,6.157,6.193,6.114,6.175,8860.991565
1674172800,6.147,6.224,6.098,6.179,1027.271987
1674187200,6.19,6.19,6.093,6.127,499.998992
1674201600,6.116,6.12,6.078,6.086,743.521315
1674216000,6.093,6.201,6.093,6.179,1202.576929
1674230400,6.188,6.375,6.188,6.375,3554.600147
1674244800,6.376,6.697,6.376,6.689,9352.173632
1674259200,6.683,6.735,6.609,6.697,5100.566071
1674273600,6.706,6.752,6.678,6.747,3879.218298
1674288000,6.737,6.769,6.529,6.665,8604.582693
1674302400,6.659,6.688,6.583,6.605,8045.771651
1674316800,6.631,6.762,6.631,6.762,3599.48796
1674331200,6.769,6.821,6.65,6.658,17746.810917
1674345600,6.64,6.75,6.61,6.692,3001.395473
1674360000,6.707,6.765,6.707,6.733,3022.871402
1674374400,6.736,6.858,6.716,6.834,12241.636355
1674388800,6.846,7.079,6.793,7.057,18157.584229
1674403200,7.041,7.106,6.925,6.925,33627.805681
1674417600,6.931,6.937,6.763,6.904,18978.948096
1674432000,6.907,6.969,6.835,6.835,14576.326253
1674446400,6.836,6.901,6.815,6.834,1444.241147
1674460800,6.826,6.905,6.804,6.859,8670.483698
1674475200,6.858,7.071,6.614,6.781,74851.843817
1674489600,6.786,6.872,6.712,6.715,6877.573007
1674504000,6.728,6.765,6.683,6.715,4004.014654
1674518400,6.727,6.82,6.676,6.82,9121.49987
1674532800,6.8,6.806,6.748,6.765,4871.32306
1674547200,6.776,6.779,6.634,6.66,3691.605105
1674561600,6.665,6.701,6.568,6.637,6037.372899
1674576000,6.639,6.68,6.567,6.68,3822.146741
1674590400,6.682,6.682,6.212,6.285,27180.608725
1674604800,6.302,6.317,6.104,6.275,9753.193084
1674619200,6.278,6.366,6.278,6.363,735.457104
1674633600,6.379,6.393,6.271,6.291,1451.193182
1674648000,6.307,6.425,6.275,6.347,9092.703124
1674662400,6.354,6.466,6.333,6.466,4488.908676
1674676800,6.47,6.71,6.47,6.597,23222.628266
1674691200,6.615,6.672,6.58,6.58,36327.441083
1674705600,6.581,6.661,6.535,6.563,4171.798186
1674720000,6.553,6.577,6.489,6.552,4277.775218
1674734400,6.524,6.66,6.453,6.52,8513.089091
1674748800,6.521,6.691,6.462,6.691,17861.451962
1674763200,6.692,6.791,6.68,6.75,9068.858246
1674777600,6.748,6.783,6.569,6.61,19970.603384
1674792000,6.612,6.783,6.609,6.783,17905.055704
1674806400,6.789,6.789,6.67,6.707,25736.809214
1674820800,6.71,6.747,6.606,6.67,4865.016568
1674835200,6.686,6.829,6.686,6.822,12479.597867
1674849600,6.83,6.873,6.789,6.856,20116.054065
1674864000,6.864,6.905,6.801,6.832,774.375821
1674878400,6.844,6.896,6.769,6.79,5470.570815
1674892800,6.791,6.828,6.759,6.769,1509.827924
1674907200,6.759,6.759,6.592,6.661,6680.653266
1674921600,6.661,6.686,6.616,6.657,5038.586613
1674936000,6.649,6.649,6.555,6.64,1628.640768
1674950400,6.604,6.834,6.562,6.81,5866.280125
1674964800,6.812,6.816,6.78,6.789,1938.105253
1674979200,6.791,6.955,6.772,6.884,6030.79007
1674993600,6.904,6.937,6.869,6.915,4788.751354
1675008000,6.921,6.981,6.868,6.966,4991.120063
1675022400,6.973,6.976,6.895,6.922,1685.88127
1675036800,6.925,7.006,6.838,6.877,5932.116636
1675051200,6.883,6.896,6.787,6.787,874.95324
1675065600,6.788,6.819,6.533,6.596,11588.200541
1675080000,6.596,6.69,6.56,6.635,16250.425002
1675094400,6.633,6.69,6.357,6.453,10789.594476
1675108800,6.454,6.512,6.371,6.512,1796.246393
1675123200,6.501,6.576,6.451,6.524,1934.718587
1675137600,6.523,6.548,6.47,6.548,1017.810707
1675152000,6.554,6.554,6.439,6.498,1604.916523
1675166400,6.498,6.596,6.492,6.596,4012.211433
1675180800,6.596,6.641,6.581,6.641,3590.401251
1675195200,6.645,6.649,6.512,6.569,4454.231265
1675209600,6.567,6.618,6.534,6.605,1788.475373
1675224000,6.618,6.633,6.512,6.55,1237.953835
1675238400,6.528,6.528,6.433,6.524,2954.463905
1675252800,6.513,6.547,6.373,6.409,6051.230348
1675267200,6.401,6.669,6.326,6.621,17500.466076
1675281600,6.655,6.909,6.61,6.803,13819.881091
1675296000,6.803,7.089,6.803,7.015,25049.845248
1675310400,7.022,7.066,6.892,6.91,8720.344144
1675324800,6.925,7.069,6.925,7.043,24315.242454
1675339200,7.05,7.149,6.946,7.097,44297.336693
1675353600,7.101,7.522,7.101,7.233,38425.64536
1675368000,7.242,7.331,7.057,7.107,36738.827341
1675382400,7.121,7.29,6.983,7.076,11044.400702
1675396800,7.078,7.15,6.925,6.988,11600.961227
1675411200,6.982,7.092,6.944,7.092,4209.292366
1675425600,7.088,7.238,6.947,7.186,33955.154779
1675440000,7.209,7.269,7.067,7.067,42295.739336
1675454400,7.059,7.093,7.019,7.062,12151.498671
1675468800,7.071,7.172,7.01,7.086,15943.611455
1675483200,7.074,7.119,7.027,7.119,2378.130602
1675497600,7.14,7.262,7.133,7.233,4073.07815
1675512000,7.23,7.341,7.224,7.286,12552.330692
1675526400,7.282,7.314,7.235,7.253,14060.325303
1675540800,7.249,7.337,7.19,7.197,1914.741953
1675555200,7.205,7.235,7.159,7.177,1274.198756
1675569600,7.197,7.27,7.19,7.268,3982.654545
1675584000,7.264,7.32,7.176,7.182,3452.850691
1675598400,7.183,7.208,6.913,6.926,18159.758906
1675612800,6.909,6.95,6.786,6.835,13941.250146
1675627200,6.821,6.944,6.76,6.895,8755.475506
1675641600,6.9,6.968,6.798,6.847,5242.19306
1675656000,6.851,6.87,6.722,6.87,2539.357761
1675670400,6.879,6.893,6.765,6.825,1106.521946
1675684800,6.83,6.893,6.74,6.893,4899.547548
1675699200,6.895,6.926,6.821,6.849,7183.071567
1675713600,6.833,6.844,6.604,6.642,15465.260387
1675728000,6.637,6.747,6.637,6.74,2827.414781
1675742400,6.737,6.82,6.737,6.806,2633.377346
1675756800,6.801,6.858,6.759,6.835,2443.499252
1675771200,6.835,6.877,6.726,6.762,8531.016746
1675785600,6.749,6.94,6.688,6.87,22460.11132
1675800000,6.875,7.001,6.869,6.998,16349.983451
1675814400,6.99,7.055,6.956,6.994,8756.963015
1675828800,7.003,7.014,6.941,6.984,5798.985558
1675843200,6.946,6.946,6.875,6.93,2503.170186
1675857600,6.927,6.931,6.753,6.774,3953.664296
1675872000,6.765,6.789,6.589,6.723,15470.337342
1675886400,6.712,6.809,6.68,6.796,2313.969329
1675900800,6.812,6.862,6.502,6.559,28797.219598
1675915200,6.553,6.663,6.513,6.66,8233.135502
1675929600,6.657,6.723,6.635,6.66,4453.227221
1675944000,6.659,6.797,6.614,6.679,11073.076762
1675958400,6.654,6.709,6.35,6.463,30840.375428
1675972800,6.408,6.473,6.171,6.321,28431.071221
1675987200,6.307,6.339,6.271,6.338,3030.319091
1676001600,6.32,6.455,6.283,6.455,2019.752196
1676016000,6.443,6.458,6.342,6.342,1365.746755
1676030400,6.353,6.464,6.294,6.345,23983.012571
1676044800,6.359,6.441,6.252,6.428,2355.763244
1676059200,6.432,6.432,6.222,6.368,13726.502494
1676073600,6.362,6.484,6.346,6.483,3645.16301
1676088000,6.449,6.449,6.389,6.409,276.262906
1676102400,6.397,6.409,6.363,6.406,3618.383338
1676116800,6.404,6.438,6.392,6.431,1802.144764
1676131200,6.437,6.439,6.371,6.409,703.87161
1676145600,6.403,6.495,6.403,6.486,1132.499725
1676160000,6.48,6.48,6.455,6.461,1284.618908
1676174400,6.461,6.529,6.461,6.523,1223.037837
1676188800,6.529,6.546,6.517,6.535,383.646988
1676203200,6.537,6.543,6.46,6.506,2823.052037
1676217600,6.512,6.547,6.465,6.513,4330.789126
1676232000,6.51,6.513,6.3,6.335,8295.38457
1676246400,6.347,6.38,6.225,6.322,2765.278989
1676260800,6.328,6.373,6.325,6.373,577.87
1676275200,6.346,6.346,6.116,6.245,22420.392025
1676289600,6.24,6.276,6.165,6.165,1659.504846
1676304000,6.165,6.24,6.101,6.213,15622.674723
1676318400,6.223,6.272,6.188,6.26,781.630587
1676332800,6.259,6.283,6.232,6.27,636.505713
1676347200,6.261,6.304,6.261,6.304,225.419908
1676361600,6.292,6.333,6.259,6.305,3457.746561
1676376000,6.315,6.484,6.238,6.4,5138.688404
1676390400,6.409,6.547,6.385,6.538,1006.748218
1676404800,6.554,6.594,6.526,6.592,7513.416738
1676419200,6.593,6.597,6.514,6.552,1220.324799
1676433600,6.527,6.575,6.513,6.56,632.664108
1676448000,6.547,6.637,6.547,6.637,2778.217374
1676462400,6.641,6.693,6.593,6.62,1711.445008
1676476800,6.622,6.765,6.582,6.76,4718.643929
1676491200,6.761,6.942,6.761,6.935,9879.639242
1676505600,6.937,7.012,6.879,6.938,7025.858763
1676520000,6.894,6.943,6.83,6.839,7278.627302
1676534400,6.835,6.852,6.777,6.778,4437.199327
1676548800,6.775,6.928,6.702,6.928,10940.302872
1676563200,6.927,6.95,6.779,6.869,4167.87485
1676577600,6.86,6.874,6.474,6.478,30568.093414
1676592000,6.474,6.645,6.449,6.643,5622.361046
1676606400,6.659,6.674,6.61,6.656,2655.590298
1676620800,6.649,6.683,6.615,6.651,1992.987809
1676635200,6.655,6.697,6.584,6.62,11629.135212
1676649600,6.61,6.789,6.534,6.781,8922.290409
1676664000,6.789,6.824,6.602,6.739,24431.334054
1676678400,6.735,7.022,6.735,6.934,18248.303042
1676692800,6.921,6.951,6.846,6.854,2159.082429
1676707200,6.847,6.875,6.806,6.863,7320.854971
1676721600,6.863,7.145,6.851,7.093,19063.609992
1676736000,7.093,7.118,6.972,7.003,9811.229341
1676750400,6.997,6.998,6.956,6.98,1008.35591
1676764800,6.973,7.05,6.969,6.987,9977.233015
1676779200,7.001,7.1,7.001,7.04,6475.95438
1676793600,7.04,7.137,7.022,7.126,44971.047796
1676808000,7.102,7.621,7.102,7.514,48192.622887
1676822400,7.515,7.582,7.245,7.245,29726.001621
1676836800,7.245,7.298,7.177,7.206,5916.45252
1676851200,7.225,7.266,7.052,7.258,8020.491458
1676865600,7.259,7.326,7.259,7.326,3751.831932
1676880000,7.329,7.364,7.269,7.338,4007.091999
1676894400,7.304,7.312,7.266,7.266,4170.556459
1676908800,7.264,7.264,7.166,7.262,27268.888649
1676923200,7.263,7.367,7.263,7.367,34119.709967
1676937600,7.374,7.431,7.34,7.354,2764.640027
1676952000,7.343,7.343,7.298,7.313,89806.217881
1676966400,7.306,7.337,7.064,7.083,8227.997198
1676980800,7.087,7.137,6.973,7.038,16969.21019
1676995200,7.038,7.11,6.987,7.074,3186.14855
1677009600,7.085,7.085,6.895,7.028,7338.555466
1677024000,7.034,7.034,6.849,6.991,28312.300171
1677038400,6.979,6.979,6.862,6.917,10190.681432
1677052800,6.917,6.917,6.785,6.879,3023.419885
1677067200,6.898,6.956,6.756,6.774,6717.680252
1677081600,6.762,6.854,6.723,6.825,8378.560958
1677096000,6.801,6.932,6.782,6.926,1862.110795
1677110400,6.934,7.045,6.928,7.01,2533.67259
1677124800,7.022,7.039,6.978,6.995,2297.147548
1677139200,6.994,7.023,6.838,6.839,22444.431266
1677153600,6.871,7.035,6.871,6.97,5176.213602
1677168000,6.965,6.965,6.829,6.905,6607.447085
1677182400,6.917,6.94,6.88,6.94,1605.224925
1677196800,6.946,7.042,6.946,6.973,3636.688122
1677211200,6.992,6.992,6.916,6.983,293.620732
1677225600,6.999,7.013,6.872,6.933,6083.140672
1677240000,6.929,6.938,6.689,6.696,8660.976665
1677254400,6.688,6.688,6.524,6.561,6812.303323
1677268800,6.602,6.635,6.472,6.571,5778.835411
1677283200,6.576,6.6,6.542,6.568,726.778727
1677297600,6.55,6.586,6.517,6.586,170.813382
1677312000,6.602,6.618,6.534,6.557,906.17444
1677326400,6.56,6.56,6.491,6.504,704.803239
1677340800,6.504,6.526,6.387,6.408,4816.944869
1677355200,6.415,6.466,6.284,6.462,3636.943317
1677369600,6.448,6.544,6.442,6.544,778.866437
1677384000,6.535,6.549,6.515,6.544,828.83349
1677398400,6.537,6.551,6.529,6.532,257.109231
1677412800,6.54,6.558,6.503,6.543,312.081382
1677427200,6.538,6.612,6.522,6.612,4088.93126
1677441600,6.62,6.65,6.544,6.603,3631.505218
1677456000,6.602,6.608,6.572,6.59,501.719959
1677470400,6.577,6.577,6.513,6.539,590.782493
1677484800,6.533,6.533,6.471,6.508,545.959889
1677499200,6.51,6.645,6.488,6.589,6764.442398
1677513600,6.575,6.589,6.39,6.418,3598.104534
1677528000,6.419,6.45,6.365,6.45,32196.376263
1677542400,6.416,6.473,6.407,6.473,765.180741
1677556800,6.448,6.511,6.439,6.453,923.468914
1677571200,6.444,6.552,6.441,6.54,4888.996092
1677585600,6.545,6.609,6.537,6.609,1783.47071
1677600000,6.609,6.623,6.525,6.545,22219.568584
1677614400,6.533,6.565,6.406,6.487,5698.261931
1677628800,6.498,6.727,6.485,6.715,1839.888747
1677643200,6.722,6.822,6.717,6.807,13724.33961
1677657600,6.791,6.815,6.76,6.808,2801.273501
1677672000,6.815,6.863,6.778,6.846,5699.043351
1677686400,6.795,6.838,6.703,6.703,7258.21575
1677700800,6.707,6.849,6.707,6.847,10121.081598
1677715200,6.85,6.891,6.741,6.777,6754.457662
1677729600,6.766,6.793,6.71,6.754,793.375928
1677744000,6.741,6.761,6.688,6.723,1320.235033
1677758400,6.722,6.722,6.608,6.621,1151.147033
1677772800,6.622,6.643,6.564,6.634,2457.304608
1677787200,6.616,6.66,6.607,6.637,19097.281695
1677801600,6.625,6.625,6.097,6.196,18206.544244
1677816000,6.174,6.26,6.174,6.258,10374.051086
1677830400,6.257,6.282,6.227,6.241,3285.467362
1677844800,6.222,6.266,6.209,6.22,12612.040116
1677859200,6.21,6.283,6.205,6.246,1733.20479
1677873600,6.252,6.263,6.163,6.263,2241.808032
1677888000,6.281,6.293,6.232,6.233,230.418274
1677902400,6.242,6.242,6.182,6.208,837.797682
1677916800,6.206,6.22,6.174,6.204,798.418136
1677931200,6.211,6.222,6.164,6.164,926.422442
1677945600,6.158,6.193,6.114,6.146,2967.894096
1677960000,6.115,6.142,6.021,6.142,7391.449478
1677974400,6.159,6.265,6.136,6.249,2814.515806
1677988800,6.247,6.298,6.239,6.245,960.768751
1678003200,6.261,6.297,6.232,6.293,6603.936631
1678017600,6.292,6.318,6.285,6.299,4456.978808
1678032000,6.274,6.345,6.274,6.345,2178.705309
1678046400,6.353,6.391,6.328,6.354,1879.800089
1678060800,6.346,6.387,6.249,6.295,27474.366046
1678075200,6.298,6.364,6.263,6.339,477.177225
1678089600,6.325,6.356,6.312,6.312,3211.903332
1678104000,6.321,6.431,6.3,6.43,2450.311325
1678118400,6.42,6.433,6.358,6.377,1136.758438
1678132800,6.361,6.374,6.306,6.331,2662.363129
1678147200,6.341,6.427,6.328,6.399,3542.018442
1678161600,6.4,6.407,6.382,6.4,1076.970691
1678176000,6.419,6.421,6.309,6.324,2106.613764
1678190400,6.319,6.447,6.275,6.447,4638.414901
1678204800,6.455,6.473,6.34,6.368,2402.16546
1678219200,6.368,6.43,6.309,6.43,1588.105997
1678233600,6.43,6.491,6.43,6.465,1955.632973
1678248000,6.474,6.474,6.4,6.41,825.470321
1678262400,6.389,6.43,6.389,6.4,1512.386393
1678276800,6.406,6.406,6.245,6.372,12697.536636
1678291200,6.374,6.374,6.248,6.268,1650.9338
1678305600,6.254,6.31,6.061,6.098,6695.178838
1678320000,6.101,6.161,6.061,6.146,860.27001
1678334400,6.146,6.155,6.127,6.154,975.358536
1678348800,6.128,6.131,6.069,6.118,1335.607537
1678363200,6.099,6.194,6.099,6.155,2050.788888
1678377600,6.137,6.142,5.871,5.887,17524.149379
1678392000,5.888,5.891,5.614,5.744,19887.028109
1678406400,5.698,5.723,5.625,5.691,2957.247125
1678420800,5.67,5.674,5.528,5.599,7656.496853
1678435200,5.558,5.558,5.382,5.493,15568.545881
1678449600,5.49,5.662,5.485,5.614,6794.739672
1678464000,5.594,5.669,5.582,5.645,3277.162663
1678478400,5.635,5.67,5.573,5.664,25504.245554
1678492800,5.637,5.83,5.635,5.706,19517.027313
1678507200,5.694,5.694,5.352,5.364,34852.714674
1678521600,5.359,5.469,5.315,5.345,9044.709139
1678536000,5.358,5.419,5.289,5.309,3682.098179
1678550400,5.307,5.459,5.301,5.44,9068.28007
1678564800,5.442,5.488,5.431,5.474,8592.842286
1678579200,5.466,5.521,5.428,5.487,4510.236553
1678593600,5.494,5.555,5.457,5.457,4452.364871
1678608000,5.482,5.523,5.478,5.512,4895.529932
1678622400,5.48,5.507,5.454,5.46,3616.227
1678636800,5.463,5.769,5.455,5.69,8774.712766
1678651200,5.706,5.938,5.706,5.909,9162.908882
1678665600,5.941,6.238,5.914,6.024,33731.73502
1678680000,6.034,6.076,6.025,6.025,650.195034
1678694400,6.02,6.02,5.838,5.893,4173.244221
1678708800,5.861,6.233,5.824,6.125,23613.563952
1678723200,6.109,6.206,5.289,6.131,30801.571267
1678737600,6.138,6.172,6.079,6.108,20590.484173
1678752000,6.097,6.155,6.085,6.122,5694.256589
1678766400,6.109,6.177,6.079,6.079,590.85303
1678780800,6.068,6.108,6.01,6.087,2683.103726
1678795200,6.08,6.6,6.062,6.57,32912.50103
1678809600,6.59,6.611,6.289,6.409,13252.919463
1678824000,6.414,6.414,6.206,6.334,2785.93529
1678838400,6.325,6.433,6.294,6.402,11094.230248
1678852800,6.421,6.441,6.359,6.4,798.605439
1678867200,6.398,6.409,6.141,6.22,6775.438147
1678881600,6.23,6.277,5.929,5.929,8719.547895
1678896000,5.965,5.978,5.748,5.856,23352.039839
1678910400,5.907,5.948,5.889,5.925,2547.38309
1678924800,5.929,5.948,5.845,5.908,463.037855
1678939200,5.905,5.977,5.871,5.964,2291.846935
1678953600,5.964,5.967,5.873,5.94,864.321819
1678968000,5.932,5.952,5.8,5.948,7282.877566
1678982400,5.946,5.992,5.9,5.964,2492.70879
1678996800,5.964,5.964,5.855,5.939,1348.468892
1679011200,5.911,6.11,5.847,6.03,8656.685351
1679025600,6.08,6.133,6.049,6.079,652.406985
1679040000,6.075,6.269,6.075,6.269,4399.727032
1679054400,6.255,6.255,6.046,6.096,10965.972629
1679068800,6.097,6.26,6.087,6.236,7011.704001
1679083200,6.233,6.431,6.222,6.424,24448.445435
1679097600,6.428,6.633,6.368,6.582,6069.748761
1679112000,6.581,6.603,6.515,6.58,2570.932713
1679126400,6.517,6.609,6.454,6.588,3751.864925
1679140800,6.55,6.622,6.368,6.458,2392.835811
1679155200,6.435,6.551,6.313,6.5,3270.796133
1679169600,6.509,6.539,6.448,6.505,17429.271111
1679184000,6.518,6.719,6.518,6.645,8351.770554
1679198400,6.647,6.647,6.492,6.512,4474.368641
1679212800,6.491,6.538,6.425,6.538,1561.609245
1679227200,6.535,6.612,6.485,6.564,4110.181982
1679241600,6.58,6.665,6.575,6.623,2965.925523
1679256000,6.62,6.625,6.48,6.511,4832.187597
1679270400,6.477,6.609,6.38,6.38,16176.526174
1679284800,6.38,6.5,6.338,6.5,3299.635035
1679299200,6.5,6.52,6.432,6.432,1781.985214
1679313600,6.421,6.436,6.354,6.393,3083.485224
1679328000,6.37,6.409,6.192,6.24,5137.317741
1679342400,6.242,6.284,6.17,6.181,7290.407892
1679356800,6.207,6.28,6.168,6.2,1716.88464
1679371200,6.232,6.232,6.063,6.13,1631.353478
1679385600,6.136,6.246,6.108,6.241,6211.424076
1679400000,6.244,6.514,6.237,6.502,12103.984833
1679414400,6.481,6.486,6.326,6.39,10466.356061
1679428800,6.409,6.444,6.368,6.444,4229.910409
1679443200,6.389,6.441,6.336,6.441,1826.091577
1679457600,6.424,6.454,6.389,6.389,5742.788828
1679472000,6.369,6.369,6.276,6.292,2217.668853
1679486400,6.287,6.402,6.263,6.288,3196.381042
1679500800,6.285,6.303,5.919,5.97,19234.105651
1679515200,5.939,6.085,5.929,6.072,6028.545223
1679529600,6.098,6.117,6.033,6.06,5799.261426
1679544000,6.061,6.166,6.061,6.166,2805.412388
1679558400,6.173,6.201,6.165,6.183,3819.645734
1679572800,6.179,6.45,6.13,6.422,1755.807203
1679587200,6.433,6.433,6.22,6.282,6322.896043
1679601600,6.229,6.259,6.177,6.259,1733.028149
1679616000,6.214,6.283,6.214,6.25,103.292602
1679630400,6.262,6.262,6.232,6.237,10198.680208
1679644800,6.22,6.22,5.85,5.919,16450.24151
1679659200,5.91,6.033,5.905,5.981,44583.603126
1679673600,5.964,5.98,5.835,5.913,7036.814353
1679688000,5.908,5.908,5.819,5.888,1671.293548
1679702400,5.898,5.909,5.864,5.901,1468.184294
1679716800,5.865,5.867,5.833,5.85,1770.749808
1679731200,5.849,5.86,5.806,5.854,4979.965148
1679745600,5.835,5.838,5.765,5.806,5606.844984
1679760000,5.842,5.842,5.69,5.709,17402.769297
1679774400,5.7,5.75,5.698,5.722,190.258717
1679788800,5.694,5.749,5.689,5.736,431.781434
1679803200,5.723,5.755,5.723,5.733,587.638751
1679817600,5.739,5.811,5.732,5.809,1638.530486
1679832000,5.794,5.866,5.784,5.806,7569.261455
1679846400,5.811,5.811,5.742,5.774,4108.50553
1679860800,5.77,5.813,5.738,5.81,910.663185
1679875200,5.788,5.799,5.74,5.753,1744.594742
1679889600,5.763,5.777,5.706,5.735,862.255151
1679904000,5.731,5.798,5.73,5.798,1071.836245
1679918400,5.802,5.815,5.513,5.62,8971.767027
1679932800,5.62,5.669,5.583,5.586,8559.779283
1679947200,5.582,5.658,5.568,5.658,704.402274
1679961600,5.611,5.637,5.584,5.599,1280.201972
1679976000,5.614,5.716,5.614,5.705,3181.152213
1679990400,5.701,5.755,5.665,5.755,322.610719
1680004800,5.752,5.752,5.71,5.732,3349.317716
1680019200,5.719,5.875,5.693,5.875,2265.624956
1680033600,5.863,5.865,5.795,5.816,2188.429314
1680048000,5.828,5.911,5.828,5.904,2475.577228
1680062400,5.9,6.007,5.9,5.975,1433.895283
1680076800,5.967,6.03,5.967,6,8360.143796
1680091200,6.013,6.014,5.936,5.986,10343.400147
1680105600,5.984,6.011,5.96,6.006,10059.624384
1680120000,5.988,5.991,5.921,5.954,1119.998388
1680134400,5.937,6.065,5.837,5.912,3920.143228
1680148800,5.911,5.943,5.897,5.924,5832.384138
1680163200,5.93,5.952,5.879,5.952,1465.469762
1680177600,5.941,5.992,5.909,5.973,1429.589188
1680192000,5.978,5.978,5.842,5.878,2057.378008
1680206400,5.876,5.91,5.871,5.891,131.915792
1680220800,5.896,5.927,5.889,5.927,1357.582282
1680235200,5.939,5.94,5.883,5.914,3435.22798
1680249600,5.94,5.974,5.938,5.959,1029.349462
1680264000,5.964,6.12,5.964,6.061,22801.655181
1680278400,6.063,6.109,6.057,6.081,1234.55383
1680292800,6.07,6.082,6.053,6.063,866.035466
1680307200,6.063,6.095,6.063,6.095,1459.815105
1680321600,6.1,6.1,6.039,6.074,2455.471853
1680336000,6.088,6.188,6.088,6.15,2041.112868
1680350400,6.164,6.165,6.095,6.095,2439.184695
1680364800,6.096,6.111,6.052,6.084,647.404053
1680379200,6.12,6.12,6.08,6.095,1603.567489
1680393600,6.111,6.111,6.049,6.072,573.085061
1680408000,6.07,6.074,6.058,6.058,683.896003
1680422400,6.063,6.063,6.013,6.02,8830.511799
1680436800,6.012,6.028,5.895,5.935,11448.980959
1680451200,5.942,5.98,5.9,5.912,4473.451985
1680465600,5.914,5.952,5.897,5.942,2481.315865
1680480000,5.946,5.953,5.825,5.887,3401.092531
1680494400,5.895,5.932,5.888,5.929,951.743406
1680508800,5.94,6.068,5.94,5.997,2383.003151
1680523200,5.992,6.019,5.929,5.961,2698.48259
1680537600,5.963,6.075,5.938,6.019,2473.249597
1680552000,6.019,6.019,5.854,5.934,6717.912001
1680566400,5.934,5.948,5.908,5.921,3003.911586
1680580800,5.901,5.957,5.876,5.94,1979.774436
1680595200,5.943,6.071,5.943,6.063,3031.294406
1680609600,6.081,6.139,6.076,6.111,10604.058069
1680624000,6.099,6.164,6.099,6.158,5856.788556
1680638400,6.163,6.204,6.153,6.157,5354.135097
1680652800,6.14,6.298,6.137,6.296,4011.57089
1680667200,6.291,6.338,6.29,6.32,1408.268968
1680681600,6.319,6.33,6.295,6.295,6279.035213
1680696000,6.311,6.314,6.161,6.194,9492.313457
1680710400,6.194,6.233,6.171,6.215,1258.48102
1680724800,6.205,6.234,6.205,6.234,547.628347
1680739200,6.212,6.227,6.161,6.227,2406.000358
1680753600,6.225,6.226,6.17,6.17,612.997202
1680768000,6.17,6.18,6.063,6.086,1802.424903
1680782400,6.115,6.151,6.077,6.151,334.505578
1680796800,6.137,6.137,6.089,6.104,3921.682324
1680811200,6.107,6.107,6.049,6.08,1578.409915
1680825600,6.081,6.094,6.058,6.085,768.760451
1680840000,6.079,6.085,5.954,5.955,2161.806715
1680854400,5.957,5.998,5.957,5.992,572.092097
1680868800,5.963,6.031,5.963,6.021,1718.118082
1680883200,6.017,6.017,5.978,5.98,1329.257051
1680897600,5.99,6.02,5.978,6.007,574.624543
1680912000,6.007,6.017,5.955,6.017,850.932601
1680926400,6.011,6.055,6.011,6.044,396.53334
1680940800,6.027,6.027,5.996,6.006,1775.237516
1680955200,6.004,6.004,5.97,5.98,4768.772077
1680969600,5.97,5.976,5.9,5.922,4183.514459
1680984000,5.93,5.951,5.9,5.925,2344.095465
1680998400,5.926,5.943,5.9,5.9,556.10495
1681012800,5.914,5.917,5.846,5.847,2586.461832
1681027200,5.852,5.872,5.842,5.871,74.969124
1681041600,5.88,5.894,5.835,5.853,783.959983
1681056000,5.851,5.911,5.828,5.89,1064.800418
1681070400,5.894,5.943,5.886,5.92,1264.492632
1681084800,5.914,5.923,5.849,5.89,303.783546
1681099200,5.878,5.883,5.86,5.86,726.865529
1681113600,5.871,5.897,5.871,5.885,605.326714
1681128000,5.862,5.898,5.842,5.887,968.539424
1681142400,5.893,6.027,5.882,6.009,8449.262531
1681156800,5.972,6.038,5.967,6.007,6048.712409
1681171200,6.01,6.089,6.003,6.063,4177.997768
1681185600,6.048,6.071,6.039,6.069,2481.320654
1681200000,6.067,6.067,6,6.009,1610.926017
1681214400,6.005,6.038,5.989,6.015,1362.750543
1681228800,6.012,6.017,5.959,5.959,2327.88793
1681243200,5.951,5.951,5.922,5.944,1540.228179
1681257600,5.95,5.953,5.722,5.772,23921.188623
1681272000,5.77,5.866,5.769,5.836,4629.573518
1681286400,5.836,5.859,5.805,5.805,2007.067815
1681300800,5.827,6.005,5.826,5.951,4473.555389
1681315200,5.946,5.96,5.91,5.923,10426.075895
1681329600,5.936,5.959,5.909,5.959,8826.058328
1681344000,5.951,5.951,5.913,5.938,111.733246
1681358400,5.945,5.958,5.937,5.958,156.144111
1681372800,5.949,6.104,5.949,6.064,13000.708261
1681387200,6.068,6.204,6.068,6.16,31495.261919
1681401600,6.179,6.248,6.167,6.197,23143.977789
1681416000,6.198,6.221,6.186,6.2,3111.428298
1681430400,6.222,6.47,6.222,6.4,12532.877616
1681444800,6.4,6.43,6.33,6.351,56231.962173
1681459200,6.371,6.371,6.328,6.329,4233.659318
1681473600,6.338,6.346,6.157,6.181,15379.025108
1681488000,6.154,6.348,6.133,6.334,4131.861064
1681502400,6.336,6.377,6.285,6.313,2937.967655
1681516800,6.296,6.303,6.229,6.233,4346.878497
1681531200,6.24,6.284,6.226,6.284,5293.60883
1681545600,6.284,6.317,6.266,6.307,5995.135321
1681560000,6.3,6.328,6.251,6.323,27047.67327
1681574400,6.308,6.364,6.268,6.3,34187.163805
1681588800,6.307,6.309,6.235,6.278,10558.106007
1681603200,6.27,6.27,6.146,6.174,25762.587895
1681617600,6.169,6.265,6.169,6.265,4840.613041
1681632000,6.265,6.483,6.23,6.236,29762.995789
1681646400,6.262,6.273,6.211,6.251,4399.872094
1681660800,6.259,6.359,6.239,6.278,2322.425072
1681675200,6.276,6.366,6.244,6.321,7810.939967
1681689600,6.294,6.311,6.1,6.244,9549.543503
1681704000,6.232,6.237,6.186,6.189,1621.467255
1681718400,6.187,6.214,6.099,6.126,9241.19161
1681732800,6.135,6.177,6.073,6.107,12304.696701
1681747200,6.1,6.166,6.09,6.152,1593.824465
1681761600,6.145,6.159,6.11,6.132,2825.300055
1681776000,6.139,6.168,6.037,6.155,3513.893438
1681790400,6.166,6.277,6.166,6.255,4501.807339
1681804800,6.27,6.318,6.236,6.316,5226.235365
1681819200,6.312,6.34,6.244,6.266,15608.716635
1681833600,6.282,6.374,6.27,6.286,5959.939772
1681848000,6.296,6.338,6.296,6.33,1059.88222
1681862400,6.333,6.49,6.296,6.371,4365.704343
1681876800,6.357,6.357,6.243,6.256,12127.208127
1681891200,6.237,6.237,5.837,5.921,75569.415727
1681905600,5.921,6.003,5.904,5.932,12012.015492
1681920000,5.935,5.949,5.867,5.912,5113.199747
1681934400,5.899,5.92,5.755,5.831,5808.624932
1681948800,5.828,5.912,5.827,5.909,5529.751857
1681963200,5.908,5.952,5.893,5.893,2276.455063
1681977600,5.895,5.926,5.856,5.858,1122.809314
1681992000,5.902,5.937,5.813,5.813,2527.386518
1682006400,5.798,5.798,5.663,5.732,12682.300411
1682020800,5.746,5.802,5.739,5.791,3489.325171
1682035200,5.792,5.833,5.773,5.814,2713.179143
1682049600,5.82,5.82,5.712,5.775,1787.439774
1682064000,5.779,5.779,5.686,5.704,1652.591956
1682078400,5.685,5.747,5.636,5.716,1770.368596
1682092800,5.72,5.723,5.434,5.48,18090.290496
1682107200,5.47,5.48,5.418,5.477,6847.13198
1682121600,5.483,5.515,5.459,5.515,1136.088004
1682136000,5.517,5.548,5.517,5.531,1537.077559
1682150400,5.524,5.535,5.459,5.494,1962.792729
1682164800,5.488,5.526,5.45,5.51,1650.855332
1682179200,5.502,5.532,5.474,5.494,1433.684612
1682193600,5.497,5.506,5.472,5.506,791.633177
1682208000,5.5,5.5,5.405,5.48,3260.734618
1682222400,5.475,5.519,5.473,5.519,2097.6084
1682236800,5.52,5.53,5.5,5.528,1386.799827
1682251200,5.527,5.536,5.401,5.429,2584.068908
1682265600,5.424,5.449,5.318,5.382,3389.522762
1682280000,5.38,5.43,5.364,5.43,2433.2391
1682294400,5.399,5.522,5.399,5.477,3546.826274
1682308800,5.468,5.476,5.382,5.407,2247.546553
1682323200,5.416,5.445,5.362,5.445,2701.880886
1682337600,5.42,5.471,5.373,5.373,2677.495432
1682352000,5.378,5.396,5.297,5.357,2975.524308
1682366400,5.371,5.371,5.341,5.359,1486.81495
1682380800,5.339,5.344,5.302,5.312,1216.589369
1682395200,5.348,5.363,5.28,5.288,2892.645662
1682409600,5.279,5.332,5.279,5.332,1954.858872
1682424000,5.318,5.328,5.246,5.25,1734.569908
1682438400,5.249,5.339,5.236,5.313,3455.085697
1682452800,5.327,5.468,5.327,5.45,5133.675137
1682467200,5.444,5.486,5.441,5.448,1083.660117
1682481600,5.457,5.489,5.453,5.46,2505.396967
1682496000,5.462,5.595,5.461,5.589,2820.597696
1682510400,5.603,5.676,5.586,5.616,23724.801944
1682524800,5.609,5.609,5.231,5.273,7190.197675
1682539200,5.255,5.354,5.14,5.354,7404.108717
1682553600,5.354,5.52,5.354,5.453,2186.831451
1682568000,5.444,5.468,5.369,5.372,607.991032
1682582400,5.384,5.436,5.383,5.436,428.797867
1682596800,5.387,5.53,5.368,5.522,1396.710423
1682611200,5.511,5.576,5.495,5.571,1561.684265
1682625600,5.576,5.584,5.543,5.563,10494.586828
1682640000,5.562,5.562,5.517,5.52,4774.959272
1682654400,5.528,5.55,5.528,5.546,1008.000808
1682668800,5.524,5.524,5.485,5.499,973.622204
1682683200,5.488,5.508,5.463,5.473,1161.179936
1682697600,5.478,5.528,5.476,5.513,3372.65594
1682712000,5.525,5.533,5.517,5.52,422.092689
1682726400,5.528,5.584,5.517,5.584,2586.576494
1682740800,5.587,5.59,5.569,5.59,301.950668
1682755200,5.586,5.599,5.583,5.588,505.645987
1682769600,5.586,5.622,5.584,5.584,408.420428
1682784000,5.594,5.62,5.54,5.62,875.311241
1682798400,5.615,5.631,5.61,5.631,413.233111
1682812800,5.627,5.627,5.589,5.595,655.592566
1682827200,5.606,5.631,5.602,5.628,149.822673
1682841600,5.621,5.622,5.592,5.592,631.196698
1682856000,5.591,5.667,5.578,5.606,930.794663
1682870400,5.612,5.633,5.49,5.495,2370.691894
1682884800,5.494,5.5,5.449,5.449,1576.741752
1682899200,5.471,5.489,5.351,5.405,2431.936619
1682913600,5.383,5.403,5.373,5.389,1088.884384
1682928000,5.383,5.406,5.377,5.387,1441.324736
1682942400,5.37,5.397,5.323,5.333,5841.208021
1682956800,5.333,5.34,5.253,5.295,2902.645361
1682971200,5.293,5.336,5.277,5.33,889.653226
1682985600,5.33,5.33,5.284,5.285,1186.786313
1683000000,5.304,5.332,5.302,5.324,548.074972
1683014400,5.333,5.333,5.277,5.283,762.045426
1683028800,5.291,5.332,5.253,5.299,4350.186574
1683043200,5.297,5.358,5.282,5.342,5554.1676
1683057600,5.349,5.356,5.319,5.331,8845.437699
1683072000,5.329,5.329,5.262,5.262,2791.775773
1683086400,5.259,5.267,5.239,5.259,1792.365295
1683100800,5.256,5.271,5.224,5.224,2030.276911
1683115200,5.21,5.232,5.189,5.224,675.428075
1683129600,5.224,5.309,5.22,5.289,1882.960222
1683144000,5.312,5.395,5.294,5.381,1495.360104
1683158400,5.392,5.392,5.352,5.352,852.042943
1683172800,5.348,5.348,5.333,5.339,1678.677935
1683187200,5.346,5.366,5.326,5.326,433.756884
1683201600,5.334,5.335,5.27,5.299,1176.63148
1683216000,5.265,5.293,5.228,5.234,1049.7953
1683230400,5.227,5.261,5.221,5.261,1050.303474
1683244800,5.268,5.319,5.248,5.308,422.253763
1683259200,5.313,5.321,5.288,5.316,739.030662
1683273600,5.316,5.324,5.309,5.324,690.943139
1683288000,5.332,5.544,5.272,5.544,5537.801843
1683302400,5.541,5.615,5.503,5.535,1587.162109
1683316800,5.524,5.57,5.521,5.553,2343.432028
1683331200,5.559,5.603,5.508,5.534,1146.535173
1683345600,5.532,5.541,5.505,5.515,3656.457034
1683360000,5.509,5.509,5.455,5.474,2203.148148
1683374400,5.474,5.479,5.283,5.283,5509.408461
1683388800,5.279,5.347,5.27,5.326,13880.898306
1683403200,5.316,5.331,5.312,5.312,539.33915
1683417600,5.289,5.339,5.25,5.262,531.499128
1683432000,5.276,5.316,5.27,5.316,782.307137
1683446400,5.323,5.323,5.303,5.303,69.096084
1683460800,5.313,5.355,5.313,5.332,1445.754468
1683475200,5.332,5.345,5.314,5.323,1234.699183
1683489600,5.337,5.337,5.289,5.289,527.394368
1683504000,5.262,5.278,5.006,5.171,29596.765926
1683518400,5.15,5.15,5.052,5.093,2955.618909
1683532800,5.087,5.117,5.057,5.116,806.461761
1683547200,5.099,5.14,5.097,5.122,10352.827027
1683561600,5.105,5.117,4.8,4.906,49200.92751
1683576000,4.923,4.979,4.911,4.979,7238.438288
1683590400,4.959,5.007,4.953,4.971,2034.686303
1683604800,4.972,5.017,4.961,5.002,9806.051138
1683619200,4.993,5.002,4.957,5.001,1439.32197
1683633600,4.998,5,4.968,4.982,2323.312638
1683648000,4.976,5.001,4.966,4.968,1391.047965
1683662400,4.98,4.984,4.91,4.957,4034.132736
1683676800,4.958,5.024,4.945,4.965,8010.36779
1683691200,4.964,4.98,4.957,4.98,1111.643679
1683705600,4.961,5,4.951,5,724.826325
1683720000,4.994,5.11,4.984,5.08,5430.507963
1683734400,5.066,5.122,4.858,5.077,23494.475434
1683748800,5.078,5.134,5.054,5.134,3794.43631
1683763200,5.132,5.196,5.107,5.138,3308.644373
1683777600,5.123,5.156,5.121,5.155,608.768861
1683792000,5.122,5.132,5.098,5.114,1963.304239
1683806400,5.116,5.151,5.022,5.115,4073.680856
1683820800,5.109,5.113,4.906,5.023,10561.36055
1683835200,5.037,5.074,5.037,5.073,719.431487
1683849600,5.067,5.086,4.957,4.957,716.72262
1683864000,4.949,5.024,4.916,4.991,43471.822632
1683878400,4.997,5.114,4.979,5.081,2709.76273
1683892800,5.09,5.142,5.08,5.08,6645.226371
1683907200,5.07,5.146,5.009,5.146,4753.362694
1683921600,5.126,5.213,5.121,5.199,5980.366774
1683936000,5.204,5.211,5.155,5.155,1504.868572
1683950400,5.159,5.173,5.152,5.169,588.807329
1683964800,5.171,5.183,5.133,5.133,880.273615
1683979200,5.134,5.142,5.108,5.114,376.35508
1683993600,5.108,5.12,5.084,5.112,1826.297522
1684008000,5.117,5.125,5.104,5.115,234.364857
1684022400,5.103,5.117,5.085,5.113,2058.420981
1684036800,5.11,5.155,5.11,5.136,1009.069196
1684051200,5.141,5.147,5.132,5.132,585.003558
1684065600,5.128,5.189,5.128,5.187,1444.326923
1684080000,5.18,5.18,5.134,5.134,2331.112388
1684094400,5.133,5.137,5.118,5.137,391.251903
1684108800,5.108,5.196,5.079,5.195,6676.995646
1684123200,5.194,5.211,5.173,5.2,1347.459192
1684137600,5.202,5.221,5.155,5.159,7163.882312
1684152000,5.171,5.185,5.115,5.147,39179.677008
1684166400,5.158,5.176,5.133,5.139,1234.233342
1684180800,5.14,5.163,5.123,5.123,550.627255
1684195200,5.121,5.136,5.047,5.105,5354.058269
1684209600,5.111,5.132,5.104,5.126,3438.228161
1684224000,5.114,5.119,5.093,5.093,431.257061
1684238400,5.099,5.123,5.07,5.123,5326.569208
1684252800,5.128,5.151,5.108,5.108,1554.109514
1684267200,5.099,5.151,5.099,5.144,393.716454
1684281600,5.143,5.216,5.143,5.183,12317.285894
1684296000,5.197,5.2,5.13,5.136,2265.292124
1684310400,5.13,5.16,5.118,5.121,711.129308
1684324800,5.122,5.159,5.122,5.131,222.27631
1684339200,5.131,5.307,5.131,5.304,1651.813774
1684353600,5.302,5.339,5.252,5.339,1688.688811
1684368000,5.34,5.429,5.34,5.419,12025.22483
1684382400,5.408,5.408,5.339,5.368,1535.244414
1684396800,5.368,5.375,5.316,5.316,629.934664
1684411200,5.319,5.326,5.289,5.294,2248.735706
1684425600,5.298,5.315,5.216,5.285,3155.315724
1684440000,5.272,5.32,5.272,5.307,930.4365
1684454400,5.301,5.301,5.273,5.281,1246.796435
1684468800,5.287,5.312,5.285,5.312,21599.16496
1684483200,5.319,5.325,5.303,5.308,952.349711
1684497600,5.322,5.372,5.311,5.35,1852.082139
1684512000,5.348,5.36,5.323,5.323,1038.456489
1684526400,5.331,5.331,5.308,5.311,4518.15055
1684540800,5.303,5.303,5.277,5.289,498.953906
1684555200,5.291,5.291,5.276,5.276,913.55474
1684569600,5.282,5.282,5.268,5.268,406.345387
1684584000,5.272,5.277,5.259,5.266,1186.065802
1684598400,5.259,5.286,5.25,5.283,1220.070051
1684612800,5.294,5.295,5.28,5.289,1305.793374
1684627200,5.281,5.298,5.263,5.272,238.833842
1684641600,5.265,5.268,5.236,5.243,811.588661
1684656000,5.239,5.24,5.185,5.198,756.141542
1684670400,5.201,5.209,5.159,5.174,1176.880095
1684684800,5.181,5.182,5.156,5.16,5725.948798
1684699200,5.164,5.164,5.091,5.112,2895.651144
1684713600,5.116,5.116,5.057,5.102,1195.977219
1684728000,5.094,5.141,5.091,5.114,6948.821277
1684742400,5.116,5.137,5.113,5.115,831.592777
1684756800,5.128,5.131,5.081,5.088,3360.78944
1684771200,5.081,5.093,5.062,5.078,1375.537864
1684785600,5.076,5.085,5.072,5.076,275.936165
1684800000,5.081,5.194,5.062,5.192,4054.584366
1684814400,5.192,5.199,5.107,5.117,1392.729047
1684828800,5.11,5.13,5.103,5.126,635.916072
1684843200,5.122,5.124,5.105,5.124,2499.710126
1684857600,5.118,5.118,5.032,5.058,2722.962143
1684872000,5.063,5.084,5.06,5.072,325.423846
1684886400,5.07,5.07,4.94,4.973,770.602721
1684900800,4.957,5,4.951,4.951,4079.979097
1684915200,4.968,4.976,4.956,4.956,3078.260952
1684929600,4.948,4.958,4.873,4.932,6937.446837
1684944000,4.917,4.958,4.909,4.95,304.202094
1684958400,4.947,4.982,4.947,4.982,1383.461889
1684972800,4.966,4.967,4.874,4.955,2330.709477
1684987200,4.949,4.964,4.94,4.959,739.745723
1685001600,4.95,4.962,4.935,4.937,401.892468
1685016000,4.969,4.969,4.917,4.921,2131.258892
1685030400,4.917,4.972,4.917,4.954,5568.870738
1685044800,4.934,4.949,4.932,4.949,428.644041
1685059200,4.946,4.98,4.94,4.977,6640.205252
1685073600,4.978,4.982,4.961,4.981,696.827579
1685088000,4.98,4.993,4.977,4.992,129.232497
1685102400,4.994,5.02,4.977,5.007,2315.616708
1685116800,4.998,5,4.966,4.998,135.921371
1685131200,4.997,4.999,4.977,4.981,14726.2346
1685145600,4.979,4.981,4.968,4.981,1578.239468
1685160000,4.994,5.022,4.994,5.015,1475.647635
1685174400,5.009,5.009,4.994,5.002,459.544285
1685188800,5.007,5.023,5.005,5.006,1134.531368
1685203200,4.998,4.998,4.986,4.998,1179.054958
1685217600,5.013,5.042,5.013,5.042,628.088685
1685232000,5.043,5.1,5.029,5.089,3677.46014
1685246400,5.091,5.091,5.069,5.08,1164.195189
1685260800,5.06,5.078,5.057,5.077,825.819104
1685275200,5.048,5.051,5.04,5.049,254.294287
1685289600,5.052,5.09,5.045,5.07,13350.874538
1685304000,5.069,5.165,5.068,5.149,4396.539677
1685318400,5.143,5.17,5.137,5.141,4545.93532
1685332800,5.131,5.159,5.11,5.159,1539.665451
1685347200,5.159,5.159,5.142,5.153,896.748579
1685361600,5.14,5.14,5.107,5.111,1123.518342
1685376000,5.111,5.127,5.092,5.125,1220.314273
1685390400,5.114,5.134,5.101,5.117,651.021956
1685404800,5.11,5.139,5.106,5.129,264.362295
1685419200,5.127,5.17,5.12,5.146,408.727607
1685433600,5.142,5.2,5.132,5.197,4673.926213
1685448000,5.193,5.193,5.125,5.144,5628.09555
1685462400,5.135,5.157,5.13,5.157,1135.856162
1685476800,5.155,5.159,5.137,5.14,1428.464077
1685491200,5.138,5.152,5.108,5.151,655.374083
1685505600,5.148,5.153,5.002,5.075,6760.633018
1685520000,5.084,5.085,5.051,5.057,1585.600946
1685534400,5.043,5.061,5.028,5.032,799.330003
1685548800,5.035,5.039,5.022,5.027,2206.117241
1685563200,5.028,5.036,4.993,5.022,3425.224773
1685577600,5.027,5.05,4.957,4.997,1965.644308
1685592000,5.001,5.024,5.001,5.013,727.889101
1685606400,5.003,5.032,5.003,5.026,540.059491
1685620800,5.033,5.047,5.017,5.03,407.331496
1685635200,5.029,5.044,5,5,994.322277
1685649600,5.016,5.02,4.982,4.987,802.566471
1685664000,4.977,5.034,4.95,5.034,566.811564
1685678400,5.034,5.066,5.034,5.057,448.61974
1685692800,5.065,5.087,5.065,5.073,5875.632087
1685707200,5.078,5.078,5.033,5.047,554.33697
1685721600,5.054,5.091,5.051,5.089,947.287881
1685736000,5.086,5.087,5.06,5.068,364.240563
1685750400,5.066,5.066,5.047,5.055,437.40382
1685764800,5.056,5.067,5.053,5.067,126.47444
1685779200,5.069,5.085,5.065,5.085,661.78761
1685793600,5.089,5.098,5.083,5.098,186.663854
1685808000,5.098,5.099,5.07,5.07,493.505346
1685822400,5.073,5.075,5.064,5.072,505.819631
1685836800,5.079,5.109,5.077,5.109,892.904379
1685851200,5.113,5.114,5.085,5.113,109.165426
1685865600,5.113,5.127,5.104,5.104,444.341745
1685880000,5.108,5.119,5.013,5.013,2444.240831
1685894400,5.009,5.047,4.993,5.044,3973.585794
1685908800,5.045,5.06,5.002,5.002,1153.960596
1685923200,5.009,5.02,4.935,4.972,9726.556973
1685937600,4.981,4.987,4.962,4.987,1967.154642
1685952000,4.984,4.984,4.974,4.98,160.256482
1685966400,4.976,4.976,4.778,4.778,4678.356222
1685980800,4.767,4.779,4.558,4.712,42926.237086
1685995200,4.702,4.739,4.69,4.739,8241.878734
1686009600,4.728,4.728,4.697,4.715,827.43468
1686024000,4.717,4.738,4.717,4.733,1601.230694
1686038400,4.737,4.763,4.736,4.736,510.032941
1686052800,4.733,4.786,4.68,4.784,10054.839987
1686067200,4.783,4.837,4.75,4.818,115068.716472
1686081600,4.819,4.819,4.753,4.773,2311.651834
1686096000,4.766,4.786,4.739,4.739,2446.900298
1686110400,4.753,4.764,4.729,4.742,2073.920751
1686124800,4.734,4.75,4.66,4.711,8587.593805
1686139200,4.71,4.71,4.575,4.593,14141.640124
1686153600,4.58,4.584,4.518,4.544,6051.242372
1686168000,4.534,4.547,4.483,4.547,10842.920797
1686182400,4.55,4.584,4.53,4.53,1574.664871
1686196800,4.537,4.583,4.537,4.579,638.919581
1686211200,4.594,4.627,4.594,4.627,656.772438
1686225600,4.631,4.666,4.627,4.644,3068.292305
1686240000,4.644,4.646,4.605,4.637,999.160159
1686254400,4.635,4.648,4.624,4.638,12539.027028
1686268800,4.626,4.628,4.581,4.62,785.309324
1686283200,4.628,4.629,4.573,4.579,1062.330538
1686297600,4.583,4.623,4.583,4.623,2663.337397
1686312000,4.625,4.664,4.614,4.614,709.833614
1686326400,4.614,4.633,4.558,4.558,26188.088056
1686340800,4.551,4.598,4.535,4.589,2678.765138
1686355200,4.585,4.585,4.449,4.488,1643.0901
1686369600,4.462,4.472,3.641,3.885,204209.509595
1686384000,3.884,4.002,3.881,4.002,11649.815189
1686398400,4.002,4.025,3.942,4.02,11169.264527
1686412800,4.031,4.128,3.986,4.047,14076.977377
1686427200,4.042,4.099,4.03,4.085,8253.688501
1686441600,4.072,4.096,4.042,4.095,2690.742725
1686456000,4.056,4.08,4.054,4.057,4586.241119
1686470400,4.054,4.078,4.033,4.078,1257.939618
1686484800,4.08,4.081,4.034,4.039,4468.535726
1686499200,4.044,4.105,4.044,4.102,7756.035699
1686513600,4.099,4.113,4.023,4.061,10717.616785
1686528000,4.036,4.062,3.951,4.022,6084.775388
1686542400,4.03,4.094,4.03,4.06,1421.828594
1686556800,4.065,4.166,4.065,4.148,3119.997222
1686571200,4.145,4.15,4.127,4.143,2182.626197
1686585600,4.128,4.211,4.112,4.211,15903.844304
1686600000,4.215,4.311,4.215,4.306,20570.111609
1686614400,4.298,4.333,4.247,4.322,17089.704273
1686628800,4.318,4.331,4.305,4.326,2905.000007
1686643200,4.326,4.385,4.316,4.385,6376.339118
1686657600,4.385,4.525,4.23,4.23,112206.82069
1686672000,4.223,4.289,4.218,4.279,3107.100925
1686686400,4.281,4.302,4.253,4.29,1323.844934
1686700800,4.268,4.306,4.256,4.306,1026.843114
1686715200,4.308,4.308,4.256,4.277,7545.644413
1686729600,4.289,4.461,4.289,4.43,45476.583714
1686744000,4.452,4.525,4.452,4.49,19836.937124
1686758400,4.52,4.64,4.52,4.581,25479.492633
1686772800,4.569,4.569,4.332,4.397,24761.289838
1686787200,4.401,4.559,4.401,4.559,6056.575239
1686801600,4.566,4.586,4.383,4.404,14598.552205
1686816000,4.403,4.413,4.304,4.375,6016.332359
1686830400,4.38,4.407,4.279,4.304,36012.649318
1686844800,4.287,4.458,4.227,4.439,5244.791571
1686859200,4.459,4.515,4.422,4.424,4159.067117
1686873600,4.42,4.449,4.393,4.441,4902.223556
1686888000,4.433,4.463,4.41,4.439,2385.28733
1686902400,4.454,4.458,4.399,4.4,405.096727
1686916800,4.419,4.458,4.37,4.458,1969.536303
1686931200,4.456,4.626,4.447,4.558,11061.052944
1686945600,4.553,4.57,4.534,4.547,828.005257
1686960000,4.545,4.56,4.522,4.539,1643.757245
1686974400,4.536,4.678,4.529,4.652,24393.510064
1686988800,4.631,4.642,4.59,4.597,1441.869186
1687003200,4.59,4.611,4.542,4.569,3006.862009
1687017600,4.562,4.564,4.526,4.526,3643.67022
1687032000,4.533,4.54,4.512,4.525,366.415297
1687046400,4.512,4.528,4.49,4.528,229.999513
1687060800,4.522,4.542,4.51,4.524,340.001537
1687075200,4.521,4.537,4.5,4.537,826.147878
1687089600,4.536,4.594,4.536,4.589,546.277265
1687104000,4.59,4.604,4.561,4.561,619.6462
1687118400,4.557,4.557,4.462,4.487,1151.822082
1687132800,4.483,4.487,4.445,4.48,4437.690718
1687147200,4.474,4.488,4.461,4.461,210.083009
1687161600,4.461,4.465,4.435,4.448,1325.566109
1687176000,4.483,4.483,4.408,4.411,505.77952
1687190400,4.415,4.481,4.369,4.433,4522.149619
1687204800,4.435,4.507,4.435,4.471,11775.174103
1687219200,4.473,4.487,4.435,4.435,2212.604384
1687233600,4.436,4.443,4.427,4.436,838.327345
1687248000,4.435,4.435,4.414,4.421,876.137461
1687262400,4.429,4.429,4.339,4.388,2972.989808
1687276800,4.382,4.609,4.38,4.56,2994.31882
1687291200,4.593,4.593,4.556,4.577,1607.02803
1687305600,4.57,4.659,4.553,4.621,936.846003
1687320000,4.627,4.643,4.591,4.601,1048.786528
1687334400,4.57,4.6,4.553,4.554,4976.954746
1687348800,4.578,4.628,4.534,4.608,2630.414127
1687363200,4.628,4.818,4.628,4.72,13673.118738
1687377600,4.74,4.799,4.718,4.789,5554.33808
1687392000,4.801,4.901,4.801,4.855,2105.715375
1687406400,4.858,4.87,4.792,4.837,1678.396274
1687420800,4.837,4.842,4.694,4.741,4621.524165
1687435200,4.743,4.802,4.694,4.723,2581.892074
1687449600,4.733,4.792,4.733,4.769,2119.376749
1687464000,4.778,4.778,4.728,4.728,4633.17283
1687478400,4.741,4.766,4.741,4.766,1750.334066
1687492800,4.764,4.8,4.764,4.789,5745.484999
1687507200,4.792,4.804,4.772,4.799,1084.922487
1687521600,4.795,4.879,4.717,4.875,2534.217235
1687536000,4.879,4.921,4.841,4.849,4555.202421
1687550400,4.881,4.893,4.835,4.868,361.542669
1687564800,4.855,4.872,4.835,4.863,1391.080765
1687579200,4.866,4.872,4.797,4.8,1485.655453
1687593600,4.806,4.833,4.806,4.818,458.15114
1687608000,4.814,4.833,4.707,4.716,18291.097127
1687622400,4.713,4.748,4.692,4.747,4680.810629
1687636800,4.733,4.735,4.683,4.731,5128.451662
1687651200,4.738,4.997,4.717,4.994,16466.859053
1687665600,4.998,5.282,4.998,5.255,16808.01505
1687680000,5.256,5.496,5.256,5.326,45664.380061
1687694400,5.351,5.479,5.234,5.298,24254.711745
1687708800,5.299,5.354,5.253,5.332,6112.419783
1687723200,5.332,5.511,5.302,5.436,79755.139065
1687737600,5.425,5.542,5.268,5.329,18843.322092
1687752000,5.332,5.456,5.28,5.423,7015.938335
1687766400,5.422,5.523,5.368,5.467,20465.179636
1687780800,5.472,5.479,5.345,5.371,13548.238825
1687795200,5.378,5.378,5.221,5.305,21601.73348
1687809600,5.298,5.307,5.222,5.265,7473.885041
1687824000,5.266,5.329,5.236,5.29,1608.959357
1687838400,5.273,5.328,5.259,5.317,10074.352529
1687852800,5.316,5.352,5.294,5.324,2283.186284
1687867200,5.312,5.354,5.239,5.241,13613.929218
1687881600,5.236,5.343,5.236,5.29,6627.187482
1687896000,5.285,5.29,5.258,5.275,11872.133118
1687910400,5.254,5.254,5.116,5.152,12591.727147
1687924800,5.145,5.146,5.057,5.067,9553.55749
1687939200,5.069,5.123,5.068,5.082,2274.845963
1687953600,5.075,5.098,5.009,5.021,4929.784404
1687968000,5.027,5.031,4.73,4.813,11563.331958
1687982400,4.812,4.856,4.771,4.836,3591.469697
1687996800,4.834,4.871,4.83,4.859,1822.232399
1688011200,4.866,4.935,4.861,4.927,7494.821829
1688025600,4.93,5.011,4.903,5.011,5991.154395
1688040000,4.997,5.039,4.948,4.954,28424.637427
1688054400,4.956,4.979,4.897,4.954,3921.637907
1688068800,4.939,4.939,4.884,4.928,1000.062443
1688083200,4.928,5.218,4.907,5.181,28849.939977
1688097600,5.145,5.236,5.104,5.148,5781.319101
1688112000,5.144,5.193,5.088,5.193,32058.949221
1688126400,5.199,5.254,4.802,4.976,18267.837103
1688140800,4.971,5.26,4.969,5.26,5694.921994
1688155200,5.256,5.332,5.256,5.275,2718.872531
1688169600,5.277,5.333,5.213,5.221,1827.547673
1688184000,5.233,5.245,5.182,5.204,1211.871559
1688198400,5.221,5.317,5.219,5.317,858.720598
1688212800,5.319,5.52,5.318,5.479,27095.449943
1688227200,5.479,5.595,5.479,5.564,5247.165298
1688241600,5.542,5.599,5.533,5.581,3540.982098
1688256000,5.592,5.592,5.451,5.451,4210.222899
1688270400,5.476,5.518,5.472,5.478,3773.951761
1688284800,5.477,5.688,5.454,5.666,11175.333473
1688299200,5.654,5.68,5.457,5.519,20070.821108
1688313600,5.524,5.548,5.458,5.522,2574.619257
1688328000,5.513,5.618,5.499,5.551,6370.426848
1688342400,5.563,5.775,5.55,5.754,9999.482517
1688356800,5.752,5.752,5.622,5.676,5270.667607
1688371200,5.677,5.693,5.611,5.619,676.806716
1688385600,5.619,5.7,5.59,5.681,5514.439512
1688400000,5.654,5.668,5.582,5.653,2998.583414
1688414400,5.637,5.637,5.5,5.517,2698.439077
1688428800,5.506,5.553,5.463,5.532,2391.587036
1688443200,5.503,5.548,5.469,5.489,6940.965559
1688457600,5.488,5.536,5.446,5.536,2488.748008
1688472000,5.517,5.579,5.487,5.551,16413.943091
1688486400,5.552,5.593,5.377,5.425,4636.314528
1688500800,5.433,5.536,5.42,5.519,4443.706959
1688515200,5.504,5.647,5.503,5.6,12821.92659
1688529600,5.592,5.724,5.558,5.689,9997.572357
1688544000,5.687,5.687,5.356,5.395,17383.7754
1688558400,5.39,5.445,5.323,5.35,8624.000473
1688572800,5.345,5.419,5.344,5.364,891.688732
1688587200,5.359,5.438,5.348,5.438,719.912605
1688601600,5.405,5.415,5.359,5.381,1544.324261
1688616000,5.384,5.534,5.371,5.534,2438.023053
1688630400,5.514,5.631,5.479,5.493,10274.965382
1688644800,5.498,5.503,5.253,5.35,19546.370636
1688659200,5.357,5.436,5.324,5.389,12588.567003
1688673600,5.393,5.439,5.273,5.273,4197.924664
1688688000,5.274,5.487,5.22,5.487,3628.473262
1688702400,5.492,5.511,5.412,5.432,2234.946919
1688716800,5.441,5.537,5.436,5.439,1866.657643
1688731200,5.442,5.572,5.405,5.551,9778.199031
1688745600,5.56,5.56,5.486,5.505,1954.672017
1688760000,5.495,5.513,5.462,5.468,2799.561033
1688774400,5.481,5.484,5.402,5.402,9571.781906
1688788800,5.4,5.4,5.357,5.36,3314.961149
1688803200,5.367,5.412,5.302,5.332,2814.075827
1688817600,5.332,5.332,5.306,5.316,1107.243467
1688832000,5.307,5.327,5.213,5.213,23830.42947
1688846400,5.21,5.259,5.182,5.257,26844.847367
1688860800,5.257,5.336,5.246,5.316,19073.501918
1688875200,5.313,5.331,5.244,5.271,1741.116133
1688889600,5.273,5.295,5.243,5.277,20222.058599
1688904000,5.261,5.29,5.21,5.223,1813.12844
1688918400,5.221,5.253,5.213,5.25,3504.113075
1688932800,5.242,5.257,5.201,5.232,840.938224
1688947200,5.213,5.213,5.099,5.132,9322.206887
1688961600,5.128,5.153,5.105,5.147,1030.296044
1688976000,5.138,5.212,5.094,5.212,1099.95472
1688990400,5.206,5.23,5.164,5.23,4249.952738
1689004800,5.215,5.34,5.205,5.34,1479.423986
1689019200,5.344,5.354,5.198,5.237,11310.202822
1689033600,5.236,5.274,5.217,5.254,482.576901
1689048000,5.249,5.295,5.233,5.261,4022.818962
1689062400,5.259,5.262,5.213,5.229,4017.993203
1689076800,5.21,5.3,5.21,5.253,2272.778636
1689091200,5.245,5.269,5.19,5.195,677.864741
1689105600,5.222,5.269,5.199,5.259,2436.883881
1689120000,5.269,5.36,5.269,5.311,3698.604761
1689134400,5.334,5.365,5.325,5.35,614.309225
1689148800,5.338,5.338,5.312,5.324,1450.216966
1689163200,5.334,5.368,5.253,5.253,5190.488754
1689177600,5.253,5.285,5.192,5.21,4118.681313
1689192000,5.205,5.279,5.205,5.27,1781.409748
1689206400,5.275,5.3,5.233,5.233,1399.61548
1689220800,5.235,5.353,5.229,5.332,1441.219473
1689235200,5.318,5.384,5.318,5.364,665.61495
1689249600,5.362,5.53,5.324,5.519,44923.764
1689264000,5.519,6.291,5.504,5.742,81484.15442
1689278400,5.751,5.878,5.681,5.878,26965.198651
1689292800,5.879,5.977,5.862,5.952,26963.379222
1689307200,5.951,5.977,5.892,5.92,10473.969276
1689321600,5.912,5.989,5.846,5.886,29733.038694
1689336000,5.884,6.049,5.834,6.019,7937.298013
1689350400,6.034,6.151,5.759,5.774,35286.725977
1689364800,5.775,5.869,5.748,5.869,1473.195906
1689379200,5.877,5.877,5.785,5.823,6062.157151
1689393600,5.806,5.905,5.785,5.905,2064.993378
1689408000,5.906,5.93,5.856,5.88,1930.22355
1689422400,5.878,5.928,5.849,5.849,2955.029358
1689436800,5.842,5.842,5.775,5.829,1995.738134
1689451200,5.816,5.816,5.769,5.804,1314.426921
1689465600,5.815,5.824,5.691,5.736,12536.113333
1689480000,5.743,5.781,5.731,5.766,1883.325219
1689494400,5.765,5.773,5.73,5.773,2053.458249
1689508800,5.773,5.842,5.771,5.827,2879.797534
1689523200,5.808,5.861,5.734,5.734,3075.517021
1689537600,5.727,5.756,5.671,5.727,1794.572501
1689552000,5.708,6.021,5.704,5.971,9417.183528
1689566400,5.987,6.143,5.973,6.014,83372.132703
1689580800,6.025,6.05,5.712,5.827,20932.211996
1689595200,5.834,6.019,5.732,5.856,13910.004632
1689609600,5.851,5.941,5.682,5.756,14659.978824
1689624000,5.738,5.936,5.738,5.911,5661.672747
1689638400,5.922,6.101,5.922,6.079,24019.552983
1689652800,6.084,6.265,6.026,6.187,63738.026646
1689667200,6.189,6.214,6.086,6.125,74861.791765
1689681600,6.124,6.124,5.924,5.949,47312.0105
1689696000,5.953,5.994,5.876,5.89,9345.827595
1689710400,5.892,5.914,5.865,5.905,6350.693069
1689724800,5.878,6.041,5.869,6.01,5333.256347
1689739200,6.002,6.025,5.9,5.9,3930.733891
1689753600,5.902,5.902,5.824,5.884,3392.372038
1689768000,5.88,5.919,5.815,5.881,2648.506701
1689782400,5.869,5.983,5.836,5.967,4735.861818
1689796800,5.95,5.955,5.857,5.878,4198.747135
1689811200,5.877,5.918,5.842,5.857,1184.098313
1689825600,5.862,5.946,5.823,5.941,2610.09346
1689840000,5.946,6.157,5.946,6.1,14268.867611
1689854400,6.102,6.115,5.865,5.905,17824.216439
1689868800,5.913,5.945,5.889,5.94,2013.312817
1689883200,5.927,6.043,5.856,6.009,28973.591293
1689897600,6.01,6.234,5.95,6.17,20654.679992
1689912000,6.183,6.202,6.116,6.138,58324.573139
1689926400,6.132,6.194,6.11,6.188,20037.733239
1689940800,6.183,6.377,6.15,6.207,31807.643426
1689955200,6.214,6.287,6.176,6.209,34808.10601
1689969600,6.219,6.268,6.196,6.206,4075.547267
1689984000,6.203,6.252,6.166,6.22,3252.318153
1689998400,6.216,6.218,6.174,6.218,1212.099007
1690012800,6.206,6.208,6.114,6.183,2908.481245
1690027200,6.175,6.185,6.124,6.144,3139.138779
1690041600,6.153,6.186,6.103,6.149,6948.467758
1690056000,6.153,6.178,5.961,5.987,5615.758873
1690070400,5.988,6.064,5.984,6.043,1020.129368
1690084800,6.044,6.13,6.02,6.09,2436.557745
1690099200,6.105,6.112,6.069,6.069,205.821525
1690113600,6.064,6.124,6.064,6.118,1582.99878
1690128000,6.115,6.223,6.115,6.16,6333.738551
1690142400,6.172,6.181,6.117,6.143,4139.149442
1690156800,6.141,6.172,5.975,5.975,2764.933012
1690171200,5.973,6.047,5.962,6.026,7880.722154
1690185600,6.016,6.016,5.821,5.88,7431.87491
1690200000,5.88,5.88,5.716,5.768,10930.781365
1690214400,5.761,5.801,5.742,5.768,4077.687851
1690228800,5.766,5.807,5.743,5.783,3180.283828
1690243200,5.783,5.805,5.749,5.782,1525.160802
1690257600,5.77,5.77,5.707,5.711,1642.942927
1690272000,5.713,5.77,5.701,5.737,5594.283769
1690286400,5.738,5.79,5.7,5.771,1268.048339
1690300800,5.779,5.808,5.731,5.77,1984.577829
1690315200,5.763,5.795,5.751,5.793,1132.510543
1690329600,5.79,5.878,5.725,5.824,1489.216595
1690344000,5.815,5.841,5.788,5.823,2360.802254
1690358400,5.829,5.838,5.779,5.779,4937.939742
1690372800,5.77,5.842,5.758,5.842,1129.546614
1690387200,5.851,5.869,5.747,5.818,1549.929347
1690401600,5.83,5.892,5.815,5.839,2273.126617
1690416000,5.833,5.944,5.815,5.923,2958.175926
1690430400,5.92,5.972,5.899,5.932,3867.104599
1690444800,5.931,5.968,5.912,5.937,17467.076277
1690459200,5.942,5.942,5.821,5.833,18910.533531
1690473600,5.839,5.863,5.806,5.844,1260.421875
1690488000,5.848,5.869,5.841,5.868,232.994195
1690502400,5.87,6.011,5.87,5.996,1319.965779
1690516800,5.959,5.968,5.898,5.899,1657.35992
1690531200,5.904,5.95,5.89,5.944,551.06935
1690545600,5.943,6.011,5.932,5.96,1253.578725
1690560000,5.959,5.991,5.918,5.991,1966.055478
1690574400,5.984,6.014,5.983,6.009,3180.091674
1690588800,6.011,6.073,6.01,6.047,6769.198244
1690603200,6.049,6.093,6.049,6.091,490.627555
1690617600,6.093,6.1,6.038,6.069,6112.642816
1690632000,6.067,6.139,6.058,6.13,9477.092146
1690646400,6.129,6.291,6.115,6.251,8566.691533
1690660800,6.269,6.356,6.264,6.332,14097.007964
1690675200,6.33,6.378,6.293,6.363,5008.269917
1690689600,6.356,6.422,6.326,6.326,6672.857028
1690704000,6.323,6.455,6.323,6.407,11674.773614
1690718400,6.404,6.429,6.366,6.391,49139.112494
1690732800,6.395,6.416,6.292,6.323,20043.418809
1690747200,6.304,6.432,6.167,6.418,19649.889232
1690761600,6.423,6.559,6.387,6.488,7283.639657
1690776000,6.481,6.532,6.432,6.486,3921.563803
1690790400,6.484,6.546,6.471,6.471,3172.962917
1690804800,6.476,6.558,6.462,6.518,8531.986128
1690819200,6.511,6.623,6.482,6.498,23425.192327
1690833600,6.504,6.558,6.459,6.505,11321.76153
1690848000,6.514,6.588,6.338,6.417,24992.401506
1690862400,6.399,6.466,6.337,6.416,20515.10775
1690876800,6.415,6.456,6.415,6.45,3241.853053
1690891200,6.443,6.486,6.412,6.486,5396.393775
1690905600,6.478,6.689,6.478,6.633,22862.035899
1690920000,6.626,6.679,6.582,6.672,6821.221656
1690934400,6.677,6.686,6.61,6.61,10370.123762
1690948800,6.606,6.606,6.398,6.405,18501.159763
1690963200,6.412,6.44,6.257,6.355,9163.157104
1690977600,6.34,6.34,6.269,6.291,9608.727286
1690992000,6.286,6.289,6.128,6.157,10694.728345
1691006400,6.161,6.192,6.128,6.153,964.557674
1691020800,6.128,6.248,6.094,6.152,12186.21189
1691035200,6.16,6.184,6.105,6.146,5965.40628
1691049600,6.147,6.23,6.068,6.22,9882.566034
1691064000,6.211,6.233,6.156,6.176,4355.730819
1691078400,6.168,6.206,6.111,6.136,2680.071073
1691092800,6.135,6.185,6.05,6.113,6812.251756
1691107200,6.09,6.141,6.075,6.102,23758.963193
1691121600,6.098,6.139,6.082,6.124,2195.599231
1691136000,6.125,6.133,6.098,6.108,1270.705807
1691150400,6.096,6.212,6.09,6.187,8815.951452
1691164800,6.171,6.205,6.022,6.03,10652.808224
1691179200,6.039,6.077,5.996,6.062,4037.903786
1691193600,6.059,6.073,5.992,6.018,2858.861192
1691208000,6.006,6.008,5.932,6.008,11636.094856
1691222400,5.999,5.999,5.947,5.968,8032.689998
1691236800,5.964,6.02,5.943,6.018,1376.29768
1691251200,6.024,6.068,6.007,6.053,1879.578173
1691265600,6.049,6.086,6.029,6.086,2938.420597
1691280000,6.088,6.155,6.078,6.109,3097.863805
1691294400,6.115,6.115,6.076,6.085,1189.464716
1691308800,6.086,6.102,6.032,6.043,1596.624989
1691323200,6.047,6.051,5.991,5.991,5144.022105
1691337600,5.986,6.007,5.953,5.966,2581.518778
1691352000,5.97,6.019,5.934,5.948,3752.358426
1691366400,5.943,6,5.885,5.986,3120.538202
1691380800,5.96,5.977,5.895,5.91,2462.490169
1691395200,5.913,5.922,5.878,5.912,2196.98037
1691409600,5.887,5.906,5.799,5.826,6922.410759
1691424000,5.809,5.887,5.731,5.834,6243.017254
1691438400,5.842,5.865,5.824,5.865,3695.945516
1691452800,5.858,5.861,5.813,5.843,7573.106366
1691467200,5.833,5.903,5.829,5.833,1851.121414
1691481600,5.836,5.91,5.828,5.91,2047.434829
1691496000,5.906,5.985,5.865,5.981,14093.568124
1691510400,5.981,6.144,5.97,6.08,37246.494052
1691524800,6.079,6.145,6.06,6.085,8965.893054
1691539200,6.084,6.092,6.038,6.056,5572.081293
1691553600,6.058,6.126,6.041,6.122,3947.986428
1691568000,6.129,6.167,6.109,6.122,9061.158837
1691582400,6.129,6.189,6.081,6.111,10063.923286
1691596800,6.128,6.155,6.089,6.132,4172.60291
1691611200,6.135,6.291,6.114,6.246,13367.112452
1691625600,6.244,6.325,6.221,6.303,4764.60881
1691640000,6.313,6.317,6.202,6.227,7532.20455
1691654400,6.232,6.265,6.213,6.242,2958.739942
1691668800,6.243,6.341,6.166,6.2,23380.485159
1691683200,6.203,6.205,6.147,6.185,3435.634483
1691697600,6.19,6.223,6.168,6.188,979.162079
1691712000,6.177,6.21,6.126,6.166,9771.176202
1691726400,6.174,6.191,6.165,6.165,1788.713926
1691740800,6.163,6.167,6.101,6.167,2427.559938
1691755200,6.174,6.181,6.111,6.123,4382.026853
1691769600,6.123,6.151,6.097,6.129,3377.472322
1691784000,6.13,6.197,6.13,6.197,3359.139468
1691798400,6.189,6.246,6.163,6.173,4483.401534
1691812800,6.175,6.207,6.141,6.156,2713.374689
1691827200,6.154,6.154,6.122,6.147,428.134141
1691841600,6.159,6.176,6.136,6.171,7996.815093
1691856000,6.177,6.217,6.168,6.169,5246.401659
1691870400,6.171,6.22,6.159,6.219,1823.0299
1691884800,6.223,6.223,6.177,6.178,2006.165482
1691899200,6.17,6.177,6.147,6.15,670.924734
1691913600,6.155,6.167,6.124,6.124,2439.508546
1691928000,6.122,6.143,6.107,6.114,474.905802
1691942400,6.106,6.181,6.091,6.164,9664.145046
1691956800,6.162,6.162,6.055,6.107,5158.780247
1691971200,6.085,6.161,6.078,6.126,3343.211005
1691985600,6.149,6.19,6.149,6.172,3067.250548
1692000000,6.183,6.204,6.172,6.203,649.02185
1692014400,6.188,6.287,6.176,6.279,7528.945403
1692028800,6.281,6.359,6.226,6.251,22650.550911
1692043200,6.239,6.295,6.228,6.256,1798.295377
1692057600,6.271,6.286,6.225,6.245,5879.246322
1692072000,6.252,6.261,6.196,6.216,7324.652244
1692086400,6.226,6.259,6.182,6.19,7297.316786
1692100800,6.215,6.279,6.215,6.239,4486.172664
1692115200,6.226,6.253,5.935,5.972,54400.08157
1692129600,5.964,6.035,5.938,5.964,3213.407485
1692144000,5.934,5.94,5.868,5.872,4918.162857
1692158400,5.87,5.875,5.824,5.847,6334.045526
1692172800,5.845,5.846,5.788,5.794,6697.169231
1692187200,5.79,5.79,5.548,5.582,36808.119634
1692201600,5.566,5.607,5.495,5.508,16794.982544
1692216000,5.511,5.521,5.289,5.451,20092.590784
1692230400,5.45,5.472,5.349,5.472,5830.535232
1692244800,5.444,5.499,5.44,5.47,16500.764829
1692259200,5.471,5.471,5.378,5.38,24165.142929
1692273600,5.381,5.422,5.227,5.253,14712.368219
1692288000,5.247,5.337,5.211,5.302,11320.880733
1692302400,5.307,5.308,4.494,4.999,89330.340662
1692316800,4.99,5.029,4.939,4.975,9938.558741
1692331200,4.984,5.05,4.933,5.013,16523.025441
1692345600,5.005,5.018,4.948,4.99,6237.81336
1692360000,4.99,5.007,4.947,4.958,7505.390288
1692374400,4.955,4.968,4.835,4.879,9714.315923
1692388800,4.885,4.958,4.88,4.908,3164.457662
1692403200,4.898,4.951,4.891,4.899,1303.185746
1692417600,4.893,4.92,4.864,4.92,1171.439818
1692432000,4.921,4.935,4.905,4.909,802.825466
1692446400,4.905,4.969,4.893,4.969,1705.881651
1692460800,4.969,4.999,4.904,4.904,8850.293587
1692475200,4.904,4.91,4.868,4.904,3353.496034
1692489600,4.903,4.915,4.884,4.891,1753.936231
1692504000,4.891,4.897,4.864,4.872,2571.191524
1692518400,4.882,4.928,4.864,4.911,4663.219643
1692532800,4.91,4.933,4.881,4.886,7059.63802
1692547200,4.883,4.909,4.868,4.883,1581.161489
1692561600,4.888,4.924,4.888,4.904,2203.638668
1692576000,4.893,4.911,4.858,4.858,1221.252006
1692590400,4.858,4.893,4.823,4.825,4389.861979
1692604800,4.827,4.852,4.778,4.852,6475.263276
1692619200,4.854,4.871,4.719,4.756,16553.467092
1692633600,4.754,4.814,4.738,4.807,3782.946143
1692648000,4.814,4.825,4.769,4.769,3181.298776
1692662400,4.767,4.767,4.719,4.719,3375.352703
1692676800,4.712,4.757,4.681,4.747,2888.936994
1692691200,4.746,4.749,4.703,4.703,1420.402445
1692705600,4.702,4.739,4.657,4.669,4306.846759
1692720000,4.67,4.671,4.554,4.588,9335.01945
1692734400,4.596,4.697,4.5,4.665,21716.590934
1692748800,4.665,4.711,4.657,4.67,7887.020293
1692763200,4.668,4.767,4.648,4.723,7208.463939
1692777600,4.732,4.774,4.69,4.69,1367.74904
1692792000,4.697,4.77,4.655,4.76,4409.958104
1692806400,4.762,4.853,4.757,4.828,16904.484841
1692820800,4.811,4.83,4.742,4.754,10409.061302
1692835200,4.76,4.772,4.719,4.766,7998.486998
1692849600,4.762,4.811,4.758,4.777,6035.832771
1692864000,4.774,4.774,4.735,4.751,9153.946587
1692878400,4.747,4.747,4.643,4.652,13884.586316
1692892800,4.645,4.685,4.62,4.637,10581.005017
1692907200,4.637,4.648,4.594,4.648,7274.187308
1692921600,4.65,4.669,4.61,4.621,6025.854908
1692936000,4.616,4.616,4.562,4.585,9661.413714
1692950400,4.591,4.619,4.587,4.596,4538.448056
1692964800,4.606,4.617,4.519,4.556,25855.537123
1692979200,4.556,4.567,4.519,4.533,30580.331865
1692993600,4.526,4.548,4.52,4.548,23145.53759
1693008000,4.546,4.584,4.532,4.567,1960.161536
1693022400,4.577,4.596,4.563,4.577,3451.22373
1693036800,4.566,4.582,4.555,4.572,1564.032926
1693051200,4.56,4.596,4.558,4.59,2450.527147
1693065600,4.596,4.596,4.567,4.583,631.66583
1693080000,4.596,4.638,4.593,4.601,3848.788987
1693094400,4.602,4.641,4.602,4.619,2050.332738
1693108800,4.615,4.66,4.615,4.63,885.389844
1693123200,4.628,4.657,4.62,4.621,1703.983675
1693137600,4.628,4.689,4.617,4.67,5332.066597
1693152000,4.669,4.696,4.657,4.678,2548.437259
1693166400,4.679,4.702,4.663,4.683,635.596858
1693180800,4.682,4.682,4.579,4.612,5401.528697
1693195200,4.612,4.628,4.569,4.607,3203.151143
1693209600,4.603,4.625,4.566,4.625,1695.100864
1693224000,4.637,4.729,4.637,4.681,5530.059487
1693238400,4.683,4.706,4.643,4.681,2958.816874
1693252800,4.687,4.687,4.656,4.671,2287.914836
1693267200,4.675,4.706,4.629,4.65,6159.927624
1693281600,4.647,4.647,4.606,4.61,2197.012954
1693296000,4.609,4.61,4.57,4.58,2158.073092
1693310400,4.573,4.873,4.566,4.784,31341.877792
1693324800,4.785,4.864,4.785,4.834,15732.513491
1693339200,4.831,4.849,4.785,4.802,6030.602049
1693353600,4.799,4.802,4.715,4.735,19916.782891
1693368000,4.735,4.735,4.7,4.711,3660.123655
1693382400,4.711,4.727,4.697,4.705,9411.637245
1693396800,4.696,4.734,4.639,4.656,17316.708491
1693411200,4.65,4.665,4.639,4.654,2999.695092
1693425600,4.646,4.662,4.638,4.643,2618.756475
1693440000,4.638,4.638,4.596,4.605,4124.11967
1693454400,4.599,4.629,4.599,4.629,2470.74381
1693468800,4.618,4.677,4.605,4.661,2071.582807
1693483200,4.66,4.66,4.518,4.552,9676.374228
1693497600,4.534,4.548,4.333,4.392,33479.542784
1693512000,4.385,4.385,4.323,4.37,10781.225508
1693526400,4.37,4.417,4.364,4.417,7649.578076
1693540800,4.413,4.416,4.379,4.382,3251.485542
1693555200,4.383,4.395,4.367,4.39,3454.476269
1693569600,4.399,4.409,4.315,4.337,8350.704735
1693584000,4.331,4.34,4.237,4.258,48299.102629
1693598400,4.258,4.296,4.245,4.265,22462.949306
1693612800,4.258,4.318,4.258,4.318,2094.203326
1693627200,4.311,4.326,4.307,4.32,1267.473363
1693641600,4.326,4.379,4.306,4.361,6106.562987
1693656000,4.353,4.396,4.348,4.372,7162.883597
1693670400,4.366,4.373,4.32,4.364,3932.091671
1693684800,4.359,4.396,4.358,4.396,1147.814041
1693699200,4.395,4.399,4.365,4.379,1095.127534
1693713600,4.389,4.458,4.389,4.458,4561.494816
1693728000,4.455,4.456,4.4,4.431,989.4815
1693742400,4.434,4.465,4.412,4.43,3209.615353
1693756800,4.426,4.435,4.374,4.409,3184.821916
1693771200,4.403,4.428,4.394,4.412,3713.343088
1693785600,4.414,4.494,4.412,4.46,5496.752407
1693800000,4.463,4.465,4.407,4.438,4131.452311
1693814400,4.442,4.467,4.418,4.418,1480.48445
1693828800,4.413,4.445,4.378,4.41,1778.595547
1693843200,4.407,4.421,4.395,4.416,1458.991846
1693857600,4.424,4.438,4.36,4.437,3015.550653
1693872000,4.437,4.45,4.321,4.322,9686.103584
1693886400,4.321,4.323,4.274,4.289,5692.23079
1693900800,4.291,4.32,4.291,4.31,4929.750504
1693915200,4.31,4.373,4.29,4.363,8466.87333
1693929600,4.351,4.383,4.332,4.352,4288.834016
1693944000,4.356,4.378,4.351,4.372,254.099178
1693958400,4.379,4.401,4.363,4.375,1786.19565
1693972800,4.365,4.379,4.354,4.376,411.651666
1693987200,4.364,4.44,4.364,4.434,938.059172
1694001600,4.437,4.447,4.37,4.409,9181.159953
1694016000,4.397,4.489,4.344,4.413,17587.795418
1694030400,4.427,4.462,4.427,4.45,1627.848805
1694044800,4.455,4.463,4.42,4.463,343.235111
1694059200,4.479,4.485,4.456,4.478,1484.120376
1694073600,4.476,4.476,4.42,4.431,2105.107894
1694088000,4.416,4.452,4.41,4.439,677.525176
1694102400,4.457,4.478,4.43,4.43,550.743246
1694116800,4.44,4.522,4.44,4.471,3117.445498
1694131200,4.458,4.477,4.415,4.435,2203.177309
1694145600,4.448,4.465,4.437,4.439,1283.080809
1694160000,4.443,4.443,4.303,4.356,7990.335885
1694174400,4.357,4.392,4.357,4.372,1290.562832
1694188800,4.365,4.391,4.359,4.391,597.166558
1694203200,4.39,4.39,4.366,4.37,887.324918
1694217600,4.368,4.375,4.351,4.352,418.897738
1694232000,4.354,4.357,4.339,4.351,5017.498317
1694246400,4.352,4.352,4.334,4.339,1429.981604
1694260800,4.333,4.335,4.31,4.323,3978.706128
1694275200,4.329,4.342,4.329,4.341,967.572848
1694289600,4.339,4.341,4.324,4.324,2842.218093
1694304000,4.311,4.34,4.256,4.278,17455.502796
1694318400,4.276,4.276,4.124,4.253,16902.182259
1694332800,4.247,4.247,4.206,4.212,1583.36511
1694347200,4.214,4.231,4.157,4.21,5324.136641
1694361600,4.215,4.22,4.159,4.209,4810.490838
1694376000,4.206,4.251,4.206,4.218,1296.013835
1694390400,4.224,4.229,4.189,4.225,1846.764024
1694404800,4.218,4.244,4.213,4.224,1378.243203
1694419200,4.223,4.223,4.079,4.142,16671.225364
1694433600,4.142,4.175,4.079,4.119,18395.823388
1694448000,4.115,4.133,4.035,4.061,4919.797843
1694462400,4.057,4.109,4.05,4.108,2359.358194
1694476800,4.109,4.22,4.092,4.194,3359.276257
1694491200,4.198,4.212,4.143,4.173,1663.68644
1694505600,4.17,4.315,4.17,4.258,8752.778378
1694520000,4.257,4.258,4.216,4.244,4076.26737
1694534400,4.246,4.29,4.186,4.23,1950.348046
1694548800,4.233,4.233,4.19,4.19,809.506073
1694563200,4.195,4.234,4.184,4.217,1565.224646
1694577600,4.22,4.292,4.188,4.23,3790.053658
1694592000,4.223,4.285,4.223,4.285,2079.426965
1694606400,4.274,4.307,4.247,4.291,2599.133406
1694620800,4.299,4.301,4.245,4.245,696.000873
1694635200,4.258,4.272,4.246,4.254,765.241847
1694649600,4.266,4.326,4.259,4.288,1425.210938
1694664000,4.27,4.28,4.256,4.277,30.456207
1694678400,4.273,4.28,4.256,4.28,1033.397665
1694692800,4.298,4.357,4.286,4.329,11122.868897
1694707200,4.331,4.331,4.294,4.302,1480.414757
1694721600,4.324,4.324,4.26,4.275,1640.713076
1694736000,4.259,4.31,4.226,4.303,3061.161708
1694750400,4.301,4.316,4.262,4.262,1589.067066
1694764800,4.266,4.311,4.266,4.29,876.289096
1694779200,4.286,4.297,4.27,4.284,1057.069285
1694793600,4.289,4.297,4.261,4.268,1321.172142
1694808000,4.265,4.375,4.265,4.352,5855.83811
1694822400,4.345,4.414,4.332,4.377,4054.490669
1694836800,4.376,4.392,4.352,4.361,914.648627
1694851200,4.365,4.366,4.321,4.321,2601.703577
1694865600,4.316,4.344,4.306,4.327,638.094565
1694880000,4.333,4.351,4.313,4.313,1653.860872
1694894400,4.324,4.344,4.324,4.336,892.999934
1694908800,4.335,4.335,4.266,4.315,4121.231659
1694923200,4.323,4.339,4.322,4.323,68.878672
1694937600,4.322,4.387,4.312,4.347,2788.592646
1694952000,4.349,4.365,4.344,4.349,430.581885
1694966400,4.34,4.341,4.278,4.289,5037.774961
1694980800,4.294,4.294,4.238,4.286,12250.556994
1694995200,4.286,4.339,4.246,4.322,3379.521813
1695009600,4.336,4.352,4.322,4.337,12077.645992
1695024000,4.338,4.439,4.337,4.416,3787.593527
1695038400,4.422,4.458,4.415,4.435,3893.109257
1695052800,4.418,4.448,4.355,4.376,2286.221907
1695067200,4.384,4.384,4.356,4.359,23895.830408
1695081600,4.35,4.399,4.35,4.383,647.006649
1695096000,4.381,4.396,4.376,4.391,21732.896614
1695110400,4.395,4.477,4.395,4.41,1720.983289
1695124800,4.439,4.468,4.401,4.444,3181.173034
1695139200,4.449,4.456,4.401,4.407,1109.869566
1695153600,4.388,4.411,4.383,4.411,938.19586
1695168000,4.411,4.412,4.389,4.401,817.081558
1695182400,4.392,4.41,4.392,4.41,96.881406
1695196800,4.402,4.421,4.36,4.373,1246.957694
1695211200,4.365,4.405,4.358,4.382,5797.838371
1695225600,4.387,4.412,4.317,4.35,12558.023118
1695240000,4.36,4.392,4.347,4.366,2016.453199
1695254400,4.37,4.379,4.339,4.361,511.306487
1695268800,4.358,4.363,4.316,4.316,1100.741742
1695283200,4.314,4.325,4.249,4.268,2583.388323
1695297600,4.272,4.272,4.215,4.24,1298.630536
1695312000,4.238,4.254,4.233,4.249,3822.907067
1695326400,4.23,4.25,4.221,4.246,3437.171094
1695340800,4.246,4.271,4.202,4.252,3573.01112
1695355200,4.249,4.253,4.223,4.244,8180.571689
1695369600,4.245,4.268,4.241,4.263,1235.745093
1695384000,4.27,4.27,4.229,4.229,1142.794394
1695398400,4.231,4.26,4.213,4.233,2394.130613
1695412800,4.235,4.264,4.229,4.264,2020.920539
1695427200,4.269,4.299,4.239,4.251,2720.086011
1695441600,4.248,4.271,4.242,4.27,3607.330451
1695456000,4.274,4.283,4.268,4.272,1893.275069
1695470400,4.272,4.28,4.246,4.246,20678.832966
1695484800,4.244,4.267,4.244,4.265,14304.978471
1695499200,4.267,4.272,4.26,4.272,1060.067343
1695513600,4.272,4.291,4.257,4.28,314.580682
1695528000,4.275,4.275,4.253,4.254,307.124922
1695542400,4.256,4.27,4.256,4.268,123.910078
1695556800,4.28,4.286,4.271,4.273,578.185901
1695571200,4.273,4.306,4.244,4.249,9369.630766
1695585600,4.246,4.273,4.215,4.233,2812.949472
1695600000,4.233,4.283,4.207,4.235,2063.058585
1695614400,4.24,4.251,4.23,4.25,283.093021
1695628800,4.255,4.255,4.228,4.236,492.493522
1695643200,4.231,4.267,4.218,4.258,3519.545947
1695657600,4.263,4.3,4.255,4.265,675.069246
1695672000,4.27,4.278,4.254,4.264,1084.828544
1695686400,4.274,4.313,4.266,4.311,951.918728
1695700800,4.309,4.309,4.28,4.289,23672.484346
1695715200,4.289,4.292,4.273,4.286,222.263988
1695729600,4.282,4.299,4.224,4.229,4294.16596
1695744000,4.231,4.252,4.225,4.246,5085.540324
1695758400,4.246,4.248,4.203,4.247,801.416891
1695772800,4.259,4.307,4.256,4.307,3297.687032
1695787200,4.304,4.304,4.278,4.294,184.549047
1695801600,4.298,4.408,4.287,4.396,3366.743409
1695816000,4.397,4.415,4.266,4.302,14236.414141
1695830400,4.305,4.31,4.204,4.233,6912.194597
1695844800,4.23,4.25,4.207,4.244,3324.640833
1695859200,4.248,4.285,4.243,4.272,1622.846475
1695873600,4.268,4.303,4.251,4.303,21671.432235
1695888000,4.295,4.342,4.284,4.304,2749.585234
1695902400,4.31,4.413,4.309,4.411,8825.004443
1695916800,4.414,4.477,4.41,4.435,40576.477089
1695931200,4.436,4.436,4.392,4.412,605.586694
1695945600,4.419,4.444,4.403,4.414,804.421995
1695960000,4.408,4.496,4.406,4.496,2008.759435
1695974400,4.498,4.498,4.445,4.451,2523.058603
1695988800,4.45,4.477,4.401,4.462,3503.611933
1696003200,4.461,4.466,4.332,4.332,7152.367182
1696017600,4.326,4.406,4.325,4.398,981.732789
1696032000,4.414,4.431,4.397,4.431,374.196103
1696046400,4.415,4.453,4.412,4.425,1171.276588
1696060800,4.428,4.44,4.42,4.435,828.892143
1696075200,4.432,4.472,4.428,4.462,2411.17078
1696089600,4.465,4.476,4.446,4.474,2682.58123
1696104000,4.468,4.469,4.438,4.463,978.68761
1696118400,4.458,4.479,4.449,4.455,1216.959957
1696132800,4.456,4.525,4.449,4.509,2550.588517
1696147200,4.508,4.599,4.506,4.574,6908.401975
1696161600,4.562,4.588,4.538,4.566,24860.568833
1696176000,4.567,4.567,4.508,4.532,5965.007628
1696190400,4.537,4.675,4.524,4.655,7211.992345
1696204800,4.653,4.679,4.616,4.662,7597.372757
1696219200,4.631,4.663,4.601,4.652,757.447508
1696233600,4.656,4.686,4.645,4.645,3470.517126
1696248000,4.633,4.634,4.512,4.523,17990.94801
1696262400,4.521,4.543,4.42,4.478,17492.111869
1696276800,4.47,4.479,4.425,4.462,5113.432284
1696291200,4.463,4.504,4.459,4.485,1092.486568
1696305600,4.492,4.508,4.472,4.484,521.141068
1696320000,4.48,4.502,4.451,4.454,10073.798448
1696334400,4.451,4.457,4.387,4.387,3715.328088
1696348800,4.398,4.402,4.345,4.354,1724.311881
1696363200,4.347,4.385,4.341,4.363,2281.39525
1696377600,4.362,4.362,4.24,4.317,4030.534946
1696392000,4.312,4.343,4.3,4.319,1852.88706
1696406400,4.342,4.356,4.312,4.329,1063.895108
1696420800,4.329,4.341,4.278,4.296,23618.628745
1696435200,4.298,4.33,4.288,4.316,4395.107913
1696449600,4.318,4.33,4.305,4.305,1578.4694
1696464000,4.309,4.331,4.279,4.287,858.269137
1696478400,4.281,4.307,4.27,4.282,1639.733136
1696492800,4.287,4.32,4.277,4.313,1096.69085
1696507200,4.289,4.341,4.262,4.287,4123.448637
1696521600,4.28,4.297,4.265,4.282,769.823019
1696536000,4.278,4.305,4.274,4.305,826.530994
1696550400,4.306,4.343,4.296,4.337,671.029101
1696564800,4.334,4.369,4.32,4.353,1527.982729
1696579200,4.351,4.374,4.341,4.341,10572.817989
1696593600,4.351,4.411,4.315,4.396,29668.761475
1696608000,4.399,4.408,4.37,4.389,2871.076094
1696622400,4.389,4.426,4.386,4.386,1131.29028
1696636800,4.406,4.421,4.392,4.392,613.170282
1696651200,4.399,4.401,4.355,4.355,956.133632
1696665600,4.353,4.381,4.35,4.381,681.491983
1696680000,4.366,4.383,4.365,4.383,866.323406
1696694400,4.365,4.368,4.356,4.362,779.829383
1696708800,4.371,4.377,4.371,4.376,55.76982
1696723200,4.377,4.378,4.366,4.375,62.31474
1696737600,4.364,4.364,4.339,4.342,632.144535
1696752000,4.342,4.345,4.294,4.294,2931.231125
1696766400,4.304,4.348,4.3,4.335,1350.909133
1696780800,4.335,4.357,4.325,4.357,215.830037
1696795200,4.366,4.37,4.335,4.34,18856.571176
1696809600,4.331,4.353,4.303,4.353,4469.8616
1696824000,4.359,4.359,4.314,4.314,361.037945
1696838400,4.324,4.324,4.171,4.187,8300.142943
1696852800,4.185,4.217,4.154,4.159,24305.913186
1696867200,4.15,4.153,4.062,4.133,4324.991382
1696881600,4.132,4.142,4.102,4.139,3284.24445
1696896000,4.145,4.15,4.112,4.135,1790.170736
1696910400,4.128,4.158,4.119,4.158,803.060034
1696924800,4.153,4.168,4.13,4.132,732.103492
1696939200,4.127,4.151,4.101,4.109,2328.485116
1696953600,4.105,4.125,4.091,4.122,994.022268
1696968000,4.103,4.124,4.062,4.12,7110.985072
1696982400,4.122,4.146,4.051,4.091,7805.838771
1696996800,4.106,4.118,4.095,4.112,1361.917861
1697011200,4.109,4.146,4.101,4.12,289.401209
1697025600,4.125,4.128,4.071,4.081,2458.384248
1697040000,4.062,4.093,4.055,4.093,2329.090777
1697054400,4.075,4.126,4.075,4.126,530.178065
1697068800,4.123,4.138,4.102,4.122,892.664036
1697083200,4.123,4.139,4.112,4.127,1496.557389
1697097600,4.119,4.119,4.034,4.081,1391.021316
1697112000,4.083,4.093,4.046,4.05,4825.857875
1697126400,4.045,4.049,3.978,3.978,8524.871135
1697140800,3.977,4.005,3.977,4,6413.96292
1697155200,3.984,4.014,3.984,3.993,1190.90225
1697169600,4,4.025,3.994,4.025,10533.70403
1697184000,4.029,4.034,4.007,4.008,1110.247832
1697198400,4.001,4.023,3.977,3.987,3392.14825
1697212800,3.984,4.024,3.984,4.009,2690.073771
1697227200,4.013,4.089,4.013,4.024,1753.024116
1697241600,4.025,4.057,4.025,4.057,3573.839101
1697256000,4.062,4.062,4.033,4.045,3196.582573
1697270400,4.052,4.059,4.052,4.059,177.388488
1697284800,4.065,4.089,4.065,4.089,7283.0419
1697299200,4.093,4.093,4.075,4.089,353.720267
1697313600,4.096,4.098,4.085,4.089,567.757955
1697328000,4.086,4.121,4.066,4.111,1073.553942
1697342400,4.112,4.123,4.106,4.118,822.858209
1697356800,4.123,4.135,4.11,4.11,524.641574
1697371200,4.104,4.104,4.094,4.103,44.12503
1697385600,4.109,4.126,4.109,4.116,22431.953834
1697400000,4.119,4.134,4.095,4.098,397.590071
1697414400,4.104,4.149,4.104,4.14,397.643738
1697428800,4.149,4.22,4.149,4.165,3565.904022
1697443200,4.164,4.169,4.133,4.139,3515.196415
1697457600,4.158,4.274,4.108,4.11,28317.783723
1697472000,4.122,4.178,4.122,4.135,11025.479781
1697486400,4.138,4.153,4.104,4.127,5309.581062
1697500800,4.115,4.122,4.099,4.102,5454.352064
1697515200,4.105,4.106,4.057,4.071,6597.466776
1697529600,4.076,4.077,4.02,4.02,53920.642897
1697544000,4.022,4.022,3.868,3.932,57534.289794
1697558400,3.929,3.933,3.84,3.861,8265.406618
1697572800,3.863,3.891,3.838,3.886,19011.128321
1697587200,3.884,3.887,3.852,3.864,3388.20467
1697601600,3.853,3.919,3.853,3.875,7212.691687
1697616000,3.872,3.92,3.866,3.92,4362.964063
1697630400,3.922,3.958,3.91,3.946,6239.531331
1697644800,3.948,3.968,3.919,3.936,8302.885607
1697659200,3.919,3.941,3.91,3.939,2537.132953
1697673600,3.929,3.94,3.874,3.903,2700.503871
1697688000,3.905,3.922,3.9,3.914,2242.603472
1697702400,3.914,3.92,3.869,3.89,4712.28495
1697716800,3.89,3.927,3.881,3.918,7177.286149
1697731200,3.921,3.938,3.899,3.923,2612.455625
1697745600,3.928,3.939,3.918,3.927,5230.161273
1697760000,3.93,4.025,3.923,4.002,8603.28145
1697774400,4.002,4.008,3.983,3.991,1355.45655
1697788800,3.996,4.109,3.996,4.047,17607.30027
1697803200,4.052,4.059,3.977,3.984,7850.472832
1697817600,3.979,4.012,3.974,3.992,24991.196846
1697832000,3.987,4.005,3.977,4.002,10353.786548
1697846400,4.002,4.003,3.964,3.978,3643.81
1697860800,3.973,4.039,3.968,4.039,13818.286293
1697875200,4.035,4.062,4.022,4.042,8217.038577
1697889600,4.045,4.12,4.035,4.117,7967.904966
1697904000,4.135,4.153,4.109,4.132,14035.158969
1697918400,4.139,4.158,4.121,4.141,4274.221714
1697932800,4.141,4.169,4.111,4.135,3968.400804
1697947200,4.15,4.246,4.073,4.137,10357.086652
1697961600,4.137,4.15,4.101,4.139,3062.313881
1697976000,4.143,4.155,4.103,4.103,3784.425407
1697990400,4.126,4.154,4.126,4.133,1599.635998
1698004800,4.138,4.211,4.126,4.211,1644.549544
1698019200,4.22,4.346,4.216,4.3,14304.317377
1698033600,4.293,4.331,4.249,4.254,9151.835165
1698048000,4.266,4.294,4.215,4.261,44220.430481
1698062400,4.259,4.272,4.192,4.247,6484.871523
1698076800,4.236,4.315,4.229,4.292,35063.94535
1698091200,4.288,4.422,4.245,4.371,96916.520044
1698105600,4.371,4.486,4.353,4.379,101250.802768
1698120000,4.371,4.415,4.269,4.302,56849.6924
1698134400,4.302,4.409,4.302,4.405,58092.488477
1698148800,4.408,4.455,4.124,4.195,88558.252785
1698163200,4.193,4.256,4.133,4.178,60535.472071
1698177600,4.184,4.242,4.126,4.217,24155.788145
1698192000,4.218,4.332,4.188,4.279,11347.10793
1698206400,4.281,4.303,4.13,4.164,16826.48278
1698220800,4.164,4.22,4.146,4.18,14818.661629
1698235200,4.185,4.294,4.176,4.272,36646.024757
1698249600,4.268,4.312,4.177,4.218,37887.909435
1698264000,4.21,4.21,4.133,4.17,7342.692247
1698278400,4.169,4.284,4.151,4.283,16795.337009
1698292800,4.284,4.352,4.2,4.352,9907.597906
1698307200,4.359,4.375,4.205,4.242,49087.929543
1698321600,4.239,4.298,4.014,4.055,56351.259846
1698336000,4.035,4.092,4.01,4.092,5865.884712
1698350400,4.089,4.13,4.085,4.115,3801.777006
1698364800,4.098,4.118,4.023,4.091,4821.8833
1698379200,4.084,4.111,4.053,4.083,3665.587294
1698393600,4.074,4.11,4.064,4.074,6385.178663
1698408000,4.08,4.141,4.034,4.111,23689.875803
1698422400,4.11,4.125,3.96,4.003,45769.96385
1698436800,4.004,4.027,3.999,4.027,14328.921184
1698451200,4.028,4.092,4.024,4.092,16338.610822
1698465600,4.092,4.12,4.086,4.107,9510.839327
1698480000,4.105,4.129,4.093,4.114,9853.572595
1698494400,4.113,4.114,4.058,4.114,13281.418032
1698508800,4.106,4.106,4.09,4.09,4167.844391
1698523200,4.085,4.098,4.068,4.083,3697.51401
1698537600,4.084,4.108,4.028,4.067,20414.060561
1698552000,4.064,4.144,4.06,4.12,10069.743787
1698566400,4.12,4.208,4.119,4.157,14324.455734
1698580800,4.164,4.18,4.088,4.174,10649.785537
1698595200,4.168,4.198,4.147,4.182,8503.534604
1698609600,4.182,4.211,4.14,4.154,5066.045966
1698624000,4.159,4.187,4.128,4.13,2878.766132
1698638400,4.132,4.155,4.095,4.131,4372.97338
1698652800,4.124,4.232,4.119,4.2,23341.170323
1698667200,4.204,4.222,4.155,4.19,9113.275014
1698681600,4.193,4.201,4.074,4.155,10291.562891
1698696000,4.145,4.172,4.144,4.172,5278.194921
1698710400,4.18,4.244,4.167,4.167,10279.682962
1698724800,4.158,4.194,4.111,4.13,16408.883474
1698739200,4.129,4.247,4.084,4.229,30226.441932
1698753600,4.233,4.243,4,4.058,52210.703574
1698768000,4.034,4.117,4.028,4.103,12746.707354
1698782400,4.104,4.158,4.098,4.158,19458.927681
1698796800,4.148,4.18,4.113,4.119,17862.537145
1698811200,4.117,4.127,4.043,4.098,12356.679454
1698825600,4.09,4.108,4.04,4.065,2065.675278
1698840000,4.072,4.15,4.021,4.1,22843.118724
1698854400,4.105,4.846,4.105,4.72,139366.802429
1698868800,4.733,4.859,4.68,4.797,65372.688709
1698883200,4.812,4.925,4.705,4.772,74684.715195
1698897600,4.773,4.775,4.55,4.702,48913.067317
1698912000,4.695,4.784,4.572,4.622,17742.338225
1698926400,4.622,4.655,4.482,4.562,35871.133351
1698940800,4.571,4.702,4.506,4.663,31227.03421
1698955200,4.643,4.713,4.62,4.708,8199.814121
1698969600,4.682,4.687,4.468,4.602,13462.969333
1698984000,4.584,4.686,4.547,4.686,14054.417145
1698998400,4.683,4.703,4.589,4.65,7862.995982
1699012800,4.62,4.774,4.578,4.759,36721.500404
1699027200,4.763,4.771,4.58,4.637,19070.182169
1699041600,4.639,4.683,4.639,4.653,12482.896614
1699056000,4.651,4.734,4.617,4.734,11203.195508
1699070400,4.735,4.77,4.696,4.756,10349.546773
1699084800,4.756,4.785,4.686,4.706,10079.058192
1699099200,4.708,4.747,4.634,4.663,6600.102702
1699113600,4.656,4.699,4.65,4.687,4390.789003
1699128000,4.687,4.759,4.678,4.714,2937.177306
1699142400,4.714,4.829,4.705,4.829,23429.146491
1699156800,4.829,4.91,4.806,4.837,12974.654417
1699171200,4.832,4.858,4.766,4.786,11634.335753
1699185600,4.792,4.822,4.624,4.699,34394.441079
1699200000,4.691,4.864,4.68,4.789,17649.711338
1699214400,4.797,4.826,4.719,4.778,8876.825896
1699228800,4.778,4.865,4.768,4.78,6448.136005
1699243200,4.783,4.783,4.671,4.763,4884.030532
1699257600,4.764,5.104,4.75,5.018,54667.861334
1699272000,5.034,5.099,4.994,5.083,29937.723018
1699286400,5.084,5.097,5.003,5.097,4490.530234
1699300800,5.093,5.155,5.04,5.109,10002.831477
1699315200,5.108,5.108,4.957,5.033,9640.187998
1699329600,5.031,5.042,4.985,5.014,5889.069398
1699344000,5.015,5.028,4.88,4.911,12158.53377
1699358400,4.911,4.938,4.785,4.849,7877.463125
1699372800,4.85,4.982,4.778,4.964,7446.251693
1699387200,4.965,5.016,4.911,4.932,10636.252792
1699401600,4.936,4.981,4.898,4.949,3136.266029
1699416000,4.941,5.005,4.923,4.991,2107.141355
1699430400,4.998,5.252,4.998,5.155,25758.078406
1699444800,5.152,5.187,5.109,5.172,5591.513731
1699459200,5.17,5.269,5.165,5.208,12868.022367
1699473600,5.204,5.221,5.159,5.195,13126.576519
1699488000,5.175,5.272,5.15,5.182,21889.638976
1699502400,5.187,5.292,5.174,5.183,15585.235659
1699516800,5.179,5.229,5.098,5.157,14167.319745
1699531200,5.158,5.385,5.123,5.244,31712.091771
1699545600,5.259,5.283,4.815,4.904,39504.113389
1699560000,4.867,5.16,4.81,5.119,15042.974623
1699574400,5.118,5.291,5.097,5.192,25228.195253
1699588800,5.204,5.266,5.136,5.14,8529.461589
1699603200,5.15,5.371,5.064,5.324,24129.832003
1699617600,5.325,5.325,5.102,5.191,22379.578058
1699632000,5.198,5.254,5.192,5.207,13422.39346
1699646400,5.204,5.313,5.178,5.281,6913.896197
1699660800,5.291,5.357,5.187,5.263,19586.655086
1699675200,5.266,5.445,5.163,5.312,13595.137456
1699689600,5.314,5.424,5.291,5.337,7816.152335
1699704000,5.328,5.53,5.32,5.488,29484.277374
1699718400,5.484,5.531,5.424,5.523,25568.681956
1699732800,5.508,5.508,5.34,5.401,10034.84455
1699747200,5.388,5.388,5.211,5.346,8598.32311
1699761600,5.35,5.473,5.302,5.473,8196.297376
1699776000,5.473,5.493,5.371,5.391,10810.156653
1699790400,5.385,5.445,5.291,5.394,9852.760175
1699804800,5.394,5.414,5.325,5.413,5341.402598
1699819200,5.401,5.523,5.378,5.413,9901.282015
1699833600,5.415,5.56,5.345,5.39,14954.420047
1699848000,5.41,5.442,5.297,5.427,10657.350172
1699862400,5.423,5.502,5.34,5.373,13296.94522
1699876800,5.376,5.536,5.308,5.536,12231.446368
1699891200,5.54,5.624,5.371,5.476,18183.162731
1699905600,5.489,5.5,5.202,5.25,19221.426977
1699920000,5.236,5.259,5.123,5.23,9280.099384
1699934400,5.238,5.299,5.205,5.289,3657.875789
1699948800,5.29,5.298,5.069,5.118,15484.065288
1699963200,5.114,5.261,5.098,5.153,7827.845315
1699977600,5.163,5.237,4.837,4.941,25785.650059
1699992000,4.945,5.074,4.941,5.052,5726.915253
1700006400,5.059,5.187,5.059,5.111,5404.441738
1700020800,5.105,5.245,5.105,5.222,6467.892047
1700035200,5.224,5.298,5.172,5.296,8528.314953
1700049600,5.298,5.333,5.235,5.333,10144.486055
1700064000,5.334,5.377,5.229,5.37,23267.537942
1700078400,5.37,5.389,5.326,5.385,15392.23115
1700092800,5.39,5.502,5.39,5.459,10527.267097
1700107200,5.465,5.542,5.444,5.519,14824.729688
1700121600,5.527,5.582,5.44,5.494,21444.815642
1700136000,5.49,5.492,5.243,5.279,94773.547089
1700150400,5.27,5.39,5.109,5.213,37271.582782
1700164800,5.216,5.249,5.13,5.194,13630.592669
1700179200,5.194,5.395,5.182,5.332,17944.618241
1700193600,5.333,5.357,5.219,5.222,8612.003135
1700208000,5.231,5.288,5.106,5.115,13737.540816
1700222400,5.116,5.158,4.854,4.864,48714.22785
1700236800,4.887,5.069,4.852,5.063,18845.937612
1700251200,5.055,5.123,5.026,5.105,4041.74571
1700265600,5.099,5.099,4.985,4.985,1906.22801
1700280000,4.995,5.025,4.82,4.952,25080.815844
1700294400,4.952,5.018,4.936,4.956,7857.550099
1700308800,4.957,5.051,4.884,5.036,28742.468819
1700323200,5.035,5.169,5.035,5.092,27157.26911
1700337600,5.088,5.093,5.023,5.063,10900.458084
1700352000,5.065,5.065,4.955,5.05,12106.741327
1700366400,5.05,5.123,5.039,5.092,4545.078404
1700380800,5.098,5.115,5.048,5.068,9903.394036
1700395200,5.08,5.093,5.034,5.093,3601.421568
1700409600,5.09,5.189,5.069,5.184,10033.04634
1700424000,5.189,5.244,5.135,5.239,10443.671329
1700438400,5.243,5.25,5.17,5.175,7851.985559
1700452800,5.172,5.25,5.162,5.243,57300.66406
1700467200,5.246,5.3,5.214,5.23,48632.564888
1700481600,5.235,5.306,5.136,5.293,31673.546927
1700496000,5.3,5.372,5.186,5.253,28518.665932
1700510400,5.223,5.237,5.11,5.187,5675.226303
1700524800,5.218,5.269,5.116,5.18,10137.36217
1700539200,5.173,5.214,5.094,5.1,16618.531195
1700553600,5.102,5.16,5.084,5.085,13106.143922
1700568000,5.093,5.104,4.911,5.04,27437.908102
1700582400,5.045,5.093,4.84,4.966,37142.294744
1700596800,4.967,5.131,4.836,4.853,38258.469491
1700611200,4.838,5.294,4.838,5.286,40059.963441
1700625600,5.287,5.333,5.213,5.265,18902.208083
1700640000,5.275,5.408,5.257,5.356,11868.929434
1700654400,5.363,5.703,5.342,5.703,155680.94305
1700668800,5.702,5.986,5.652,5.946,130658.604358
1700683200,5.952,6.297,5.952,6.114,131333.720459
1700697600,6.12,6.254,6.063,6.162,40648.828465
1700712000,6.156,6.239,6.074,6.148,76911.913348
1700726400,6.147,6.298,6.13,6.191,48713.985084
1700740800,6.184,6.425,6.172,6.231,85755.410578
1700755200,6.229,6.438,6.229,6.285,68853.785673
1700769600,6.289,6.424,6.226,6.337,28068.214298
1700784000,6.329,6.603,6.24,6.29,134777.842274
1700798400,6.249,6.302,6.162,6.228,25374.702468
1700812800,6.195,6.348,6.104,6.304,101468.653858
1700827200,6.293,6.323,6.15,6.15,41136.108161
1700841600,6.168,6.251,6.081,6.145,31256.63787
1700856000,6.142,6.192,6.113,6.17,8104.713374
1700870400,6.147,6.294,6.147,6.232,15406.527299
1700884800,6.24,6.313,6.168,6.208,22538.649473
1700899200,6.22,6.237,6.073,6.112,9359.128455
1700913600,6.107,6.211,6.09,6.128,12392.383664
1700928000,6.127,6.197,6.127,6.149,11225.606289
1700942400,6.148,6.194,6.123,6.181,9135.24732
1700956800,6.166,6.183,6.092,6.127,10035.493443
1700971200,6.123,6.17,6.113,6.157,2346.549278
1700985600,6.153,6.173,6.051,6.051,7988.0112
1701000000,6.054,6.091,5.892,5.903,41484.427915
1701014400,5.898,6.113,5.835,6.083,20601.072516
1701028800,6.073,6.212,6.073,6.177,25832.091805
1701043200,6.176,6.298,6.011,6.103,31187.662553
1701057600,6.101,6.142,5.924,6.034,42719.465955
1701072000,6.035,6.205,5.989,6.172,33064.871683
1701086400,6.173,6.282,5.994,6.197,55582.262339
1701100800,6.19,6.229,6.004,6.058,33591.121034
1701115200,6.063,6.361,6.018,6.297,68063.922559
1701129600,6.297,6.567,6.24,6.518,78110.289247
1701144000,6.52,6.569,6.13,6.223,89631.140845
1701158400,6.222,6.25,6.08,6.143,50863.720772
1701172800,6.148,6.258,6.12,6.213,27783.921598
1701187200,6.224,6.293,6.165,6.181,45492.409602
1701201600,6.176,6.202,6.114,6.166,14874.568316
1701216000,6.173,6.329,6.147,6.318,16065.600699
1701230400,6.326,6.381,6.273,6.29,25821.106923
1701244800,6.296,6.339,6.232,6.289,18966.687083
1701259200,6.277,6.282,6.065,6.066,29189.586292
1701273600,6.068,6.118,5.993,6.097,93131.944507
1701288000,6.098,6.101,6.009,6.018,5700.852695
1701302400,6.009,6.034,5.908,5.998,72433.507338
1701316800,5.988,6.007,5.872,5.953,56225.104379
1701331200,5.953,5.953,5.851,5.927,60860.117785
1701345600,5.926,5.972,5.872,5.958,33869.909662
1701360000,5.955,5.984,5.876,5.924,21340.016804
1701374400,5.913,5.968,5.895,5.951,12175.943999
1701388800,5.943,6.06,5.899,6.028,8079.364568
1701403200,6.027,6.047,5.993,6.005,10479.476371
1701417600,5.998,6.095,5.998,6.088,17042.7139
1701432000,6.087,6.087,5.992,6.009,25168.056381
1701446400,6.009,6.071,6.009,6.061,8754.336269
1701460800,6.053,6.067,6.009,6.014,2761.754477
1701475200,6.012,6.127,6.012,6.089,14783.540124
1701489600,6.089,6.1,6.035,6.058,4614.0765
1701504000,6.061,6.142,6.061,6.139,6263.389748
1701518400,6.139,6.159,6.04,6.045,5934.72616
1701532800,6.05,6.212,6.014,6.156,27389.514971
1701547200,6.157,6.194,6.123,6.179,13445.451416
1701561600,6.18,6.204,6.128,6.147,14908.568131
1701576000,6.137,6.151,6.096,6.151,2916.620692
1701590400,6.146,6.247,6.135,6.189,11438.355911
1701604800,6.182,6.182,5.939,6.001,13900.36808
1701619200,6.005,6.096,5.981,6.01,7226.315354
1701633600,6.009,6.117,6.002,6.064,8845.629754
1701648000,6.053,6.193,6.044,6.149,24451.73644
1701662400,6.152,6.247,6.135,6.163,11579.614945
1701676800,6.17,6.222,5.87,6.072,101350.849114
1701691200,6.077,6.303,5.991,6.016,47133.159535
1701705600,6.028,6.085,6.014,6.038,4027.632033
1701720000,6.034,6.104,6,6.104,11506.296574
1701734400,6.105,6.232,6.08,6.122,8078.733299
1701748800,6.119,6.205,6.003,6.036,8308.841047
1701763200,6.046,6.067,5.98,6.028,4619.803456
1701777600,6.026,6.234,6.026,6.208,34901.810226
1701792000,6.19,6.343,6.175,6.242,24514.116672
1701806400,6.249,6.281,6.194,6.264,8974.343946
1701820800,6.263,6.295,6.147,6.169,10352.407565
1701835200,6.174,6.201,6.019,6.096,34413.550387
1701849600,6.099,6.19,5.956,6.028,110637.326266
1701864000,6.03,6.064,5.983,6.055,16772.804075
1701878400,6.06,6.131,6.037,6.131,13450.531486
1701892800,6.127,6.128,5.989,6.005,14816.058277
1701907200,6.006,6.115,6.003,6.08,3674.411055
1701921600,6.086,6.194,6.086,6.157,19555.258303
1701936000,6.144,6.171,5.988,6.035,11503.311631
1701950400,6.022,6.214,6.022,6.19,16812.871499
1701964800,6.202,6.343,6.15,6.157,25234.276688
1701979200,6.187,6.302,6.165,6.294,4573.548885
1701993600,6.302,6.414,6.271,6.41,13685.787954
1702008000,6.4,6.45,6.311,6.333,22092.560163
1702022400,6.324,6.415,6.315,6.408,22185.944882
1702036800,6.398,6.49,6.285,6.317,161476.850487
1702051200,6.328,6.47,6.328,6.444,37996.665535
1702065600,6.443,6.544,6.443,6.518,26912.227952
1702080000,6.518,6.881,6.518,6.769,45509.401115
1702094400,6.775,6.827,6.643,6.763,27610.2026
1702108800,6.761,6.789,6.576,6.696,12293.922464
1702123200,6.696,6.76,6.57,6.663,26006.202935
1702137600,6.67,6.789,6.589,6.727,23966.659808
1702152000,6.742,7.122,6.688,6.832,62107.962409
1702166400,6.851,6.874,6.672,6.692,10119.117426
1702180800,6.704,6.749,6.683,6.724,10365.525677
1702195200,6.719,6.727,6.516,6.559,15992.200606
1702209600,6.553,6.694,6.553,6.654,4168.758976
1702224000,6.652,6.652,6.321,6.552,47211.232522
1702238400,6.555,6.645,6.555,6.605,33276.338242
1702252800,6.593,6.606,5.945,6.265,32050.568253
1702267200,6.256,6.292,6.184,6.199,62853.962348
1702281600,6.206,6.287,6.205,6.278,7658.866729
1702296000,6.283,6.291,6.071,6.116,31663.656618
1702310400,6.106,6.125,5.895,6.04,34116.135995
1702324800,6.021,6.11,6.012,6.11,6538.801462
1702339200,6.11,6.28,6.091,6.201,75072.333768
1702353600,6.198,6.257,6.159,6.257,4532.866263
1702368000,6.254,6.271,6.182,6.185,6775.151162
1702382400,6.186,6.338,6.174,6.255,33820.218427
1702396800,6.255,6.264,6.129,6.166,11709.911856
1702411200,6.176,6.249,6.11,6.231,27040.251005
1702425600,6.234,6.265,6.01,6.065,11905.192846
1702440000,6.074,6.092,5.95,6.075,10503.371435
1702454400,6.061,6.1,6.001,6.001,2830.784682
1702468800,6.007,6.246,6.004,6.21,8906.448043
1702483200,6.211,6.265,6.11,6.257,16440.309171
1702497600,6.263,6.325,6.234,6.297,7482.066864
1702512000,6.298,6.332,6.26,6.283,3978.192312
1702526400,6.283,6.358,6.261,6.318,3814.128713
1702540800,6.322,6.465,6.292,6.463,44755.633134
1702555200,6.463,6.47,6.08,6.292,42814.135403
1702569600,6.293,6.368,6.259,6.317,92640.357004
1702584000,6.31,6.359,6.267,6.352,6318.993815
1702598400,6.349,6.349,6.221,6.238,5373.644493
1702612800,6.219,6.223,6.15,6.165,3790.099634
1702627200,6.167,6.243,6.152,6.209,2930.091899
1702641600,6.205,6.205,6.094,6.139,7338.432747
1702656000,6.138,6.15,6.094,6.119,5077.74613
1702670400,6.118,6.125,5.995,6.034,11940.947273
1702684800,6.033,6.148,5.946,6.141,7493.416662
1702699200,6.128,6.154,6.114,6.154,799.445029
1702713600,6.154,6.178,6.127,6.178,2734.490549
1702728000,6.179,6.245,6.162,6.219,18721.086271
1702742400,6.219,6.236,6.126,6.157,3572.003057
1702756800,6.159,6.184,6.13,6.153,2077.532482
1702771200,6.169,6.234,6.154,6.203,2860.234975
1702785600,6.204,6.222,6.069,6.113,1338.06571
1702800000,6.083,6.248,6.076,6.196,3168.675179
1702814400,6.178,6.21,6.098,6.181,13323.62576
1702828800,6.189,6.275,6.189,6.211,21445.177793
1702843200,6.212,6.243,6.059,6.065,24492.313202
1702857600,6.061,6.099,5.872,5.94,10477.865349
1702872000,5.935,5.96,5.857,5.867,6516.33426
1702886400,5.881,5.899,5.599,5.687,105846.648874
1702900800,5.708,5.79,5.64,5.751,5048.549032
1702915200,5.757,5.824,5.729,5.802,6461.320872
1702929600,5.806,5.952,5.776,5.934,16696.436745
1702944000,5.925,6.02,5.904,6.002,2229.482574
1702958400,6.004,6.007,5.978,6.007,2665.438352
1702972800,6.002,6.022,5.958,5.977,3327.965526
1702987200,5.98,5.994,5.845,5.907,6939.372893
1703001600,5.913,5.941,5.754,5.86,6198.770907
1703016000,5.864,5.885,5.814,5.831,2440.806587
1703030400,5.835,5.883,5.8,5.867,8672.206198
1703044800,5.871,5.977,5.871,5.965,10423.115483
1703059200,5.965,6.002,5.935,5.975,9720.219208
1703073600,5.983,6.102,5.971,6.074,13426.266472
1703088000,6.077,6.077,5.944,5.944,7666.010032
1703102400,5.946,5.946,5.835,5.926,14616.662322
1703116800,5.927,5.938,5.869,5.91,13469.390124
1703131200,5.912,5.972,5.889,5.951,5318.143846
1703145600,5.952,6.053,5.946,6.053,10358.049192
1703160000,6.06,6.091,5.913,5.942,12350.579186
1703174400,5.969,6.033,5.962,6.033,12882.377495
1703188800,6.035,6.205,6.031,6.18,39217.115181
1703203200,6.186,6.294,6.175,6.199,31633.111713
1703217600,6.21,6.258,6.126,6.174,61073.970013
1703232000,6.179,6.328,6.178,6.311,8591.629284
1703246400,6.315,6.461,6.281,6.32,9889.956418
1703260800,6.348,6.481,6.325,6.366,24256.134369
1703275200,6.372,6.43,6.372,6.411,10218.07281
1703289600,6.396,6.428,6.113,6.121,16177.599561
1703304000,6.127,6.222,6.116,6.21,4735.915552
1703318400,6.215,6.232,6.176,6.207,2281.52861
1703332800,6.205,6.22,6.169,6.208,3643.602294
1703347200,6.201,6.27,6.189,6.253,8066.254643
1703361600,6.262,6.355,6.247,6.354,10326.88142
1703376000,6.343,6.83,6.328,6.702,34764.176331
1703390400,6.714,6.723,6.459,6.57,13108.34424
1703404800,6.576,6.85,6.501,6.724,61178.166693
1703419200,6.725,6.943,6.682,6.943,52292.1199
1703433600,6.938,7.174,6.81,7.044,83897.420883
1703448000,7.049,7.09,6.738,6.83,77588.628203
1703462400,6.875,6.911,6.735,6.749,13046.067154
1703476800,6.778,6.878,6.777,6.785,3880.067897
1703491200,6.782,6.835,6.688,6.71,33523.605046
1703505600,6.687,7.151,6.673,7.011,71225.394433
1703520000,7.015,7.035,6.905,6.905,35808.258926
1703534400,6.901,6.98,6.818,6.976,11992.326938
1703548800,6.962,6.98,6.86,6.934,5939.874464
1703563200,6.92,6.939,6.635,6.772,28004.380262
1703577600,6.776,7.329,6.679,7.3,54108.339463
1703592000,7.322,7.811,7.215,7.289,151800.869668
1703606400,7.274,7.42,6.916,7.335,97933.463143
1703620800,7.357,7.45,7.293,7.372,17910.382334
1703635200,7.356,7.369,6.98,7.012,18508.961365
1703649600,7.063,7.269,7.063,7.212,11596.985015
1703664000,7.205,7.279,7.151,7.249,11035.424706
1703678400,7.245,7.363,7.16,7.24,31086.192609
1703692800,7.244,7.43,7.228,7.252,24438.913424
1703707200,7.254,7.312,7.208,7.258,15610.716715
1703721600,7.239,7.506,7.238,7.471,47147.439196
1703736000,7.458,8,7.357,7.927,80510.665369
1703750400,7.911,8.043,7.678,7.719,38552.42119
1703764800,7.708,7.857,7.429,7.58,110123.810666
1703779200,7.578,8.258,7.578,8.244,80392.77674
1703793600,8.221,8.233,7.78,7.83,50309.972062
1703808000,7.822,7.887,7.565,7.714,83647.357893
1703822400,7.702,7.832,7.517,7.535,32920.220176
1703836800,7.535,7.769,7.526,7.683,46868.708131
1703851200,7.69,7.777,7.446,7.532,75539.635834
1703865600,7.531,7.79,7.377,7.737,42468.020281
1703880000,7.727,7.754,7.431,7.565,9771.02902
1703894400,7.525,7.775,7.501,7.69,21510.568827
1703908800,7.698,7.797,7.636,7.642,13176.7772
1703923200,7.636,7.678,7.382,7.46,14560.59264
1703937600,7.46,7.514,7.322,7.498,6822.07764
1703952000,7.509,7.559,7.455,7.456,5013.236405
1703966400,7.488,7.496,7.344,7.374,7947.039934
1703980800,7.376,7.456,7.259,7.3,11102.146863
1703995200,7.3,7.475,7.3,7.455,4437.376292
1704009600,7.459,7.636,7.438,7.633,4214.622031
1704024000,7.617,7.698,7.524,7.535,14936.290727
1704038400,7.531,7.572,7.43,7.43,3791.349564
1704052800,7.442,7.442,7.138,7.224,6862.202502
1704067200,7.23,7.354,7.207,7.213,7175.477053
1704081600,7.23,7.302,7.14,7.302,3257.308901
1704096000,7.311,7.347,7.246,7.323,4632.043837
1704110400,7.321,7.518,7.296,7.503,7201.037583
1704124800,7.504,7.616,7.449,7.616,5479.42497
1704139200,7.62,7.64,7.52,7.606,6705.241818
1704153600,7.601,7.721,7.56,7.638,10695.225933
1704168000,7.639,7.705,7.578,7.578,11716.001762
1704182400,7.576,7.683,7.476,7.502,7122.914915
1704196800,7.518,7.536,7.247,7.3,9807.863884
1704211200,7.287,7.353,7.241,7.271,10097.760003
1704225600,7.247,7.313,7.154,7.175,5803.998251
1704240000,7.178,7.29,7.178,7.235,4133.147671
1704254400,7.236,7.371,7.236,7.257,8998.13723
1704268800,7.266,7.359,7.042,7.105,44252.928502
1704283200,7.083,7.083,5.941,6.609,161715.854215
1704297600,6.584,6.622,6.246,6.36,12831.606529
1704312000,6.351,6.481,6.35,6.43,13234.497839
1704326400,6.435,6.519,6.377,6.516,5847.697585
1704340800,6.5,6.589,6.5,6.517,7141.550899
1704355200,6.513,6.579,6.438,6.564,7797.365856
1704369600,6.565,6.719,6.565,6.669,27447.513876
1704384000,6.669,6.69,6.518,6.518,17808.300509
1704398400,6.52,6.613,6.516,6.537,6488.335799
1704412800,6.541,6.638,6.271,6.543,24274.408321
1704427200,6.552,6.593,6.509,6.539,6919.081825
1704441600,6.534,6.577,6.357,6.393,4514.164185
1704456000,6.398,6.461,6.271,6.326,16459.979666
1704470400,6.33,6.351,6.179,6.275,16020.1539
1704484800,6.273,6.435,6.273,6.435,17011.557101
1704499200,6.438,6.441,6.333,6.345,1130.334002
1704513600,6.334,6.346,6.028,6.139,22179.50365
1704528000,6.14,6.265,6.112,6.259,4464.626399
1704542400,6.266,6.407,6.226,6.407,6689.811422
1704556800,6.41,6.44,6.335,6.382,5685.928396
1704571200,6.383,6.409,6.29,6.308,2798.603085
1704585600,6.308,6.396,6.301,6.368,2872.934291
1704600000,6.369,6.443,6.369,6.408,2639.414373
1704614400,6.406,6.428,6.304,6.306,3501.269571
1704628800,6.304,6.345,6.175,6.218,4186.603613
1704643200,6.212,6.239,6.12,6.211,11806.237448
1704657600,6.206,6.219,5.929,6.006,7323.641171
1704672000,5.998,6.029,5.67,5.776,20600.818096
1704686400,5.76,5.952,5.743,5.912,19300.268242
1704700800,5.912,6.058,5.912,6.054,17011.723082
1704715200,6.055,6.125,6.011,6.048,59407.901574
1704729600,6.06,6.231,5.984,6.226,26992.33948
1704744000,6.231,6.244,6.138,6.244,9655.322103
1704758400,6.226,6.277,6.104,6.152,10121.764445
1704772800,6.153,6.207,6.11,6.119,6511.343217
1704787200,6.116,6.116,5.951,6.003,10624.116398
1704801600,6.005,6.016,5.807,5.834,15994.434881
1704816000,5.827,5.88,5.766,5.823,8136.592
1704830400,5.817,6.036,5.712,6.019,21829.320625
1704844800,6.006,6.157,5.98,6.05,20561.817979
1704859200,6.047,6.093,6.01,6.054,2769.257616
1704873600,6.042,6.276,5.979,6.227,13609.63329
1704888000,6.222,6.251,5.956,6.233,35018.530653
1704902400,6.245,6.357,6.134,6.35,75152.943679
1704916800,6.345,6.753,6.215,6.565,52516.866135
1704931200,6.566,6.717,6.518,6.717,16315.527102
1704945600,6.713,6.782,6.555,6.648,10084.947873
1704960000,6.649,6.863,6.641,6.854,18772.256155
1704974400,6.854,6.975,6.629,6.685,39241.030164
1704988800,6.689,6.831,6.536,6.779,12203.428675
1705003200,6.78,6.825,6.659,6.825,8505.056484
1705017600,6.826,6.827,6.626,6.698,3388.103278
1705032000,6.688,6.815,6.672,6.725,8255.376284
1705046400,6.724,6.814,6.629,6.784,8279.221885
1705060800,6.798,6.971,6.729,6.747,46150.225204
1705075200,6.745,6.893,6.461,6.659,28247.517898
1705089600,6.66,6.761,6.235,6.577,42397.873339
1705104000,6.576,6.674,6.392,6.651,12529.984149
1705118400,6.626,6.693,6.607,6.626,5394.666252
1705132800,6.626,6.668,6.515,6.542,5767.182121
1705147200,6.549,6.619,6.509,6.572,5633.847232
1705161600,6.569,6.682,6.527,6.633,8193.310805
1705176000,6.645,6.687,6.623,6.643,1861.597473
1705190400,6.633,6.65,6.571,6.593,2660.221523
1705204800,6.595,6.662,6.539,6.626,3768.468799
1705219200,6.628,6.628,6.554,6.572,15522.00726
1705233600,6.558,6.598,6.536,6.566,2010.034814
1705248000,6.563,6.571,6.412,6.412,11463.367301
1705262400,6.407,6.473,6.308,6.319,15183.278232
1705276800,6.315,6.51,6.315,6.509,6410.488482
1705291200,6.511,6.64,6.486,6.539,21279.574475
1705305600,6.537,6.714,6.519,6.63,7032.492195
1705320000,6.646,6.666,6.491,6.508,5330.423296
1705334400,6.505,6.721,6.505,6.634,8272.50256
1705348800,6.644,6.719,6.562,6.661,11966.804692
1705363200,6.67,6.784,6.655,6.784,5190.490112
1705377600,6.783,6.874,6.774,6.815,14411.51768
1705392000,6.809,6.921,6.798,6.847,34700.882654
1705406400,6.837,6.869,6.678,6.848,15055.53615
1705420800,6.845,6.902,6.804,6.839,25681.731265
1705435200,6.841,6.916,6.821,6.821,2494.665472
1705449600,6.827,6.891,6.822,6.822,3194.494766
1705464000,6.825,6.825,6.695,6.709,11511.999786
1705478400,6.706,6.795,6.682,6.79,35402.872966
1705492800,6.769,6.876,6.731,6.734,17706.887301
1705507200,6.741,6.829,6.728,6.758,3650.319056
1705521600,6.757,6.786,6.668,6.767,3359.878455
1705536000,6.755,6.831,6.683,6.69,3711.83552
1705550400,6.683,6.716,6.662,6.697,1533.199959
1705564800,6.698,6.751,6.556,6.589,8864.311308
1705579200,6.594,6.607,6.523,6.581,2981.997633
1705593600,6.575,6.575,6.231,6.264,32078.515378
1705608000,6.27,6.357,6.261,6.306,5952.539284
1705622400,6.312,6.335,6.154,6.247,8892.531362
1705636800,6.238,6.377,6.231,6.314,3328.344406
1705651200,6.314,6.366,6.287,6.362,6680.139784
1705665600,6.344,6.361,6.222,6.241,19053.283076
1705680000,6.222,6.32,6.049,6.311,14465.450027
1705694400,6.304,6.352,6.295,6.346,9473.586335
1705708800,6.347,6.43,6.306,6.39,3224.022523
1705723200,6.409,6.61,6.376,6.563,18647.170065
1705737600,6.548,6.548,6.452,6.491,14948.1267
1705752000,6.486,6.528,6.461,6.482,1721.567127
1705780800,6.51,6.51,6.47,6.487,2065.907949
1705795200,6.492,6.499,6.43,6.497,966.242724
1705809600,6.491,6.503,6.425,6.466,1108.466489
1705824000,6.462,6.494,6.451,6.465,343.088285
1705838400,6.455,6.51,6.446,6.446,4511.316318
1705852800,6.422,6.459,6.411,6.447,2022.39228
1705867200,6.441,6.457,6.362,6.362,1972.317725
1705881600,6.374,6.39,6.206,6.247,4997.888046
1705896000,6.251,6.302,6.175,6.291,1042.425777
1705910400,6.296,6.296,6.083,6.21,9235.160059
1705924800,6.194,6.223,6.05,6.122,5976.533871
1705939200,6.15,6.15,5.967,6.026,13325.876747
1705953600,6.039,6.13,6.007,6.035,6299.766623
1705968000,6.034,6.121,6.034,6.118,3002.455368
1705982400,6.11,6.116,5.962,5.969,3554.614671
1705996800,5.984,6.012,5.671,5.687,18809.066977
1706011200,5.748,5.748,5.537,5.705,16521.956673
1706025600,5.711,5.748,5.661,5.685,6217.030146
1706040000,5.677,5.84,5.669,5.84,3103.762889
1706054400,5.838,5.862,5.724,5.725,3212.488545
1706068800,5.74,5.814,5.729,5.784,2277.576354
1706083200,5.788,5.903,5.776,5.837,13894.907955
1706097600,5.844,5.854,5.759,5.822,2146.708921
1706112000,5.827,5.853,5.76,5.803,9090.739863
1706126400,5.812,5.853,5.755,5.853,7210.692688
1706140800,5.849,5.853,5.783,5.816,4900.775348
1706155200,5.818,5.826,5.757,5.826,907.976904
1706169600,5.844,5.848,5.791,5.834,720.250563
1706184000,5.833,5.833,5.696,5.718,5661.37079
1706198400,5.716,5.768,5.639,5.737,9985.540324
1706212800,5.727,5.76,5.713,5.749,2218.691864
1706227200,5.739,5.8,5.701,5.787,12344.234178
1706241600,5.779,5.793,5.732,5.734,1353.815382
1706256000,5.741,5.86,5.741,5.86,1373.055912
1706270400,5.862,5.917,5.815,5.917,6582.400451
1706284800,5.917,5.968,5.912,5.95,15424.692423
1706299200,5.951,5.956,5.9,5.952,1802.746889
1706313600,5.967,5.975,5.933,5.952,1851.854553
1706328000,5.956,5.959,5.873,5.884,461.717055
1706342400,5.894,5.928,5.848,5.922,949.882801
1706356800,5.929,5.952,5.926,5.941,247.95059
1706371200,5.944,5.987,5.918,5.983,3034.256792
1706385600,5.982,5.995,5.972,5.987,3241.015123
1706400000,5.983,6.031,5.964,6.031,659.575433
1706414400,6.029,6.077,5.982,5.991,2470.184181
1706428800,5.988,6.057,5.978,6.021,1179.261001
1706443200,6,6.004,5.931,5.965,21592.639554
1706457600,5.982,5.995,5.878,5.931,21459.953273
1706472000,5.925,5.958,5.906,5.943,9632.281422
1706486400,5.944,6.064,5.939,6.036,1829.184138
1706500800,6.021,6.021,5.965,5.965,2430.331652
1706515200,5.964,5.982,5.921,5.933,4171.98345
1706529600,5.933,6,5.877,6,14423.80534
1706544000,6.006,6.091,5.984,6.069,16697.94906
1706558400,6.069,6.143,6.059,6.143,12065.877692
1706572800,6.143,6.194,6.126,6.169,8031.595074
1706587200,6.172,6.194,6.154,6.172,854.604577
1706601600,6.171,6.195,6.153,6.19,2847.862557
1706616000,6.191,6.282,6.123,6.24,18777.288961
1706630400,6.248,6.336,6.241,6.307,9187.321692
1706644800,6.308,6.329,6.216,6.261,16554.030374
1706659200,6.264,6.326,6.159,6.253,23775.668449
1706673600,6.258,6.259,6.182,6.234,1250.240189
1706688000,6.214,6.219,6,6.029,23822.764708
1706702400,6.029,6.089,5.942,6.088,37310.338868
1706716800,6.09,6.138,6.055,6.095,25245.934426
1706731200,6.08,6.08,5.937,5.998,29899.587497
1706745600,5.999,6.047,5.885,5.997,20040.055017
1706760000,5.99,6.019,5.938,5.991,7466.121395
1706774400,5.977,5.998,5.959,5.959,1878.482982
1706788800,5.947,6.037,5.947,6.005,9213.377849
1706803200,5.981,6.054,5.925,6.048,3798.344991
1706817600,6.045,6.084,6.034,6.039,2264.215891
1706832000,6.038,6.115,6.038,6.097,937.718847
1706846400,6.09,6.172,6.071,6.167,2032.034086
1706860800,6.166,6.199,6.127,6.196,7051.846236
1706875200,6.197,6.248,6.149,6.244,9612.670352
1706889600,6.25,6.252,6.075,6.107,14477.273568
1706904000,6.113,6.152,6.099,6.134,6019.672659
1706918400,6.138,6.244,6.13,6.244,7303.780608
1706932800,6.243,6.277,6.157,6.165,1095.955151
1706947200,6.167,6.192,6.124,6.124,6751.941781
1706961600,6.134,6.16,6.063,6.112,2651.623235
1706976000,6.115,6.143,6.11,6.133,8328.417467
1706990400,6.13,6.151,6.102,6.102,674.709645
1707004800,6.099,6.122,6.064,6.111,723.296437
1707019200,6.097,6.102,6.018,6.033,5316.338804
1707033600,6.038,6.055,5.999,6.055,12420.315636
1707048000,6.05,6.056,6.021,6.048,559.167465
1707062400,6.044,6.047,5.971,5.994,768.486739
1707076800,6.003,6.057,5.97,5.983,2558.453112
1707091200,5.98,6.005,5.918,5.964,3415.797712
1707105600,5.968,6.043,5.968,6.043,1850.770296
1707120000,6.045,6.081,6.021,6.061,1689.725421
1707134400,6.06,6.089,5.995,5.995,2375.739869
1707148800,6.004,6.03,5.979,5.991,2418.775331
1707163200,5.973,5.996,5.926,5.996,2074.507739
1707177600,5.997,6.179,5.997,6.153,6170.081862
1707192000,6.148,6.148,6.105,6.141,1587.42662
1707206400,6.131,6.202,6.127,6.149,1325.311713
1707220800,6.149,6.23,6.126,6.213,10194.464956
1707235200,6.218,6.33,6.204,6.33,5477.371944
1707249600,6.323,6.433,6.279,6.286,18486.119408
1707264000,6.281,6.323,6.274,6.278,7418.056405
1707278400,6.273,6.273,6.225,6.242,1407.594393
1707292800,6.243,6.298,6.226,6.25,3740.200564
1707307200,6.253,6.31,6.245,6.31,2975.315005
1707321600,6.314,6.457,6.314,6.413,12023.948779
1707336000,6.417,6.47,6.386,6.389,5123.561375
1707350400,6.39,6.428,6.385,6.401,1514.024176
1707364800,6.4,6.403,6.34,6.384,1812.812755
1707379200,6.391,6.414,6.35,6.358,1320.427116
1707393600,6.352,6.397,6.319,6.394,4215.069442
1707408000,6.393,6.398,6.324,6.324,2535.478161
1707422400,6.329,6.353,6.315,6.321,5699.599857
1707436800,6.32,6.47,6.32,6.402,10585.051277
1707451200,6.399,6.429,6.384,6.424,4766.988957
1707465600,6.424,6.504,6.42,6.5,3239.641329
1707480000,6.505,6.677,6.486,6.547,14219.876663
1707494400,6.557,6.603,6.507,6.552,6342.45087
1707508800,6.568,6.695,6.552,6.652,6089.568083
1707523200,6.657,6.749,6.642,6.707,9744.162795
1707537600,6.722,6.722,6.623,6.623,1981.101395
1707552000,6.623,6.639,6.541,6.597,3354.705636
1707566400,6.618,6.624,6.59,6.617,5934.432663
1707580800,6.621,6.64,6.602,6.64,4281.719996
1707595200,6.641,6.669,6.616,6.621,4220.869225
1707609600,6.616,6.659,6.583,6.659,2659.782408
1707624000,6.674,6.674,6.628,6.642,4046.37328
1707638400,6.635,6.654,6.6,6.648,1370.727335
1707652800,6.644,6.644,6.575,6.628,7863.442404
1707667200,6.6,6.809,6.597,6.803,11678.574866
1707681600,6.818,6.827,6.66,6.66,4011.465224
1707696000,6.686,6.734,6.599,6.633,3446.547822
1707710400,6.63,6.652,6.547,6.594,2968.12449
1707724800,6.596,6.596,6.485,6.525,2913.937654
1707739200,6.518,6.702,6.498,6.694,1932.093688
1707753600,6.695,6.851,6.642,6.773,13370.269441
1707768000,6.78,6.858,6.78,6.835,17123.645859
1707782400,6.836,6.873,6.712,6.72,6192.207771
1707796800,6.758,6.8,6.737,6.761,8938.743349
1707811200,6.78,6.835,6.774,6.795,1563.732651
1707825600,6.792,6.803,6.569,6.661,24588.522471
1707840000,6.668,6.702,6.615,6.667,3030.36055
1707854400,6.677,6.726,6.664,6.681,966.38532
1707868800,6.686,6.686,6.648,6.675,10811.878496
1707883200,6.681,6.705,6.652,6.698,601.974448
1707897600,6.714,6.879,6.702,6.879,5226.939213
1707912000,6.878,6.904,6.776,6.824,6669.968989
1707926400,6.812,6.866,6.786,6.866,4999.431721
1707940800,6.878,6.899,6.856,6.886,3143.418773
1707955200,6.9,7,6.9,6.976,12651.39498
1707969600,6.963,7.058,6.919,7.058,7824.299069
1707984000,7.019,7.243,7.011,7.238,9753.255107
1707998400,7.249,7.41,7.209,7.259,32667.849462
1708012800,7.273,7.449,7.204,7.418,19807.273346
1708027200,7.42,7.522,7.333,7.503,47345.644551
1708041600,7.513,7.681,7.442,7.611,25214.111844
1708056000,7.619,7.67,7.524,7.543,6096.920378
1708070400,7.535,7.605,7.467,7.525,8324.854633
1708084800,7.525,7.615,7.306,7.395,56335.019417
1708099200,7.396,7.439,7.348,7.413,4589.395579
1708113600,7.413,7.472,7.4,7.459,12057.968676
1708128000,7.448,7.541,7.438,7.481,7896.88616
1708142400,7.482,7.541,7.45,7.477,1264.053267
1708156800,7.492,7.59,7.394,7.59,4913.069564
1708171200,7.577,7.704,7.475,7.593,41637.851268
1708185600,7.58,7.742,7.498,7.611,11059.703369
1708200000,7.615,7.801,7.591,7.759,15050.660406
1708214400,7.806,7.987,7.7,7.702,22912.581587
1708228800,7.717,7.789,7.637,7.721,5058.782506
1708243200,7.691,7.728,7.642,7.677,2015.734741
1708257600,7.673,7.681,7.559,7.635,29776.259331
1708272000,7.625,7.679,7.587,7.599,13504.179963
1708286400,7.599,7.751,7.562,7.656,12299.920233
1708300800,7.657,7.739,7.6,7.725,13937.302991
1708315200,7.71,7.776,7.684,7.71,10432.408471
1708329600,7.714,7.722,7.583,7.65,8763.415772
1708344000,7.641,7.681,7.568,7.611,4938.413142
1708358400,7.61,7.697,7.521,7.604,10408.309497
1708372800,7.63,7.764,7.616,7.697,2594.972789
1708387200,7.7,7.71,7.5,7.5,6742.461851
1708401600,7.495,7.619,7.465,7.6,13098.398774
1708416000,7.59,7.626,7.387,7.612,22807.390108
1708430400,7.61,7.728,7.229,7.338,29339.824255
1708444800,7.33,7.475,7.242,7.475,17005.417139
1708459200,7.47,7.596,7.467,7.563,6556.191139
1708473600,7.548,7.549,7.446,7.46,5086.792416
1708488000,7.47,7.478,7.248,7.28,16841.879963
1708502400,7.289,7.353,7.145,7.231,12826.602173
1708516800,7.241,7.317,7.118,7.218,21985.47639
1708531200,7.216,7.248,7.082,7.157,20257.278867
1708545600,7.16,7.387,7.154,7.387,5757.679998
1708560000,7.379,7.42,7.295,7.34,9712.274133
1708574400,7.337,7.461,7.306,7.457,4712.225717
1708588800,7.48,7.506,7.4,7.432,8704.562073
1708603200,7.431,7.457,7.274,7.428,5991.719256
1708617600,7.435,7.475,7.362,7.43,5195.430864
1708632000,7.447,7.513,7.344,7.358,17959.175351
1708646400,7.36,7.418,7.101,7.136,34264.008432
1708660800,7.126,7.219,7.046,7.097,27856.027126
1708675200,7.09,7.149,7.059,7.128,3447.46132
1708689600,7.13,12.6,7.094,11.4,583018.900418
1708704000,11.382,11.558,10.481,10.95,363214.943619
1708718400,11.014,11.469,10.886,11.419,85786.08839
1708732800,11.384,12.514,11.202,12.248,285144.712764
1708747200,12.249,12.861,11.73,12.57,219438.02647
1708761600,12.596,12.609,11.927,12.141,126121.595323
1708776000,12.141,12.321,10.939,11.142,223883.051119
1708790400,11.11,11.369,10.966,11.213,149913.630841
1708804800,11.186,11.341,11.119,11.259,40936.74445
1708819200,11.26,11.623,10.093,10.456,184509.174732
1708833600,10.461,10.733,10.413,10.523,90544.409358
1708848000,10.518,10.844,10.426,10.807,39362.280424
1708862400,10.765,10.929,10.439,10.471,53202.52484
1708876800,10.472,10.788,10.448,10.725,43799.871476
1708891200,10.716,11.159,10.623,11.123,67469.861198
1708905600,11.142,11.469,10.825,11.091,128473.007147
1708920000,11.051,11.105,10.51,10.651,51859.09632
1708934400,10.653,10.774,10.454,10.56,27077.618137
1708948800,10.552,11.555,10.404,10.768,142874.241156
1708963200,10.771,10.838,10.348,10.543,142817.471812
1708977600,10.54,10.626,10.477,10.62,19361.731773
1708992000,10.618,10.792,10.443,10.573,43940.21741
1709006400,10.603,10.92,10.54,10.782,28133.529568
1709020800,10.782,11.203,10.771,10.948,65852.345935
1709035200,10.935,11.011,10.55,10.602,56453.616008
1709049600,10.594,11.17,10.594,10.768,72777.279398
1709064000,10.762,10.872,10.64,10.856,20720.664701
1709078400,10.837,11.275,10.837,10.876,24965.050859
1709092800,10.893,11.189,10.875,11.035,31140.996733
1709107200,11.035,11.087,10.564,10.666,47155.310198
1709121600,10.65,10.93,10.604,10.76,72591.129599
1709136000,10.765,11.163,9.725,10.453,237883.047746
1709150400,10.454,11.008,10.44,10.951,51515.852011
1709164800,10.944,11.111,10.793,10.856,12075.698917
1709179200,10.828,11.448,10.733,10.874,28006.318183
1709193600,10.877,11.445,10.768,11.073,49304.714536
1709208000,11.038,11.107,10.798,10.916,31439.870038
1709222400,10.919,11.971,10.852,11.533,142888.489699
1709236800,11.54,11.584,10.827,11.111,46440.984057
1709251200,11.129,11.39,10.933,11.048,57680.029874
1709265600,11.047,11.143,10.856,10.879,12428.667185
1709280000,10.849,11.135,10.835,11.135,11632.012209
1709294400,11.134,12.027,11.074,11.704,150416.328743
1709308800,11.73,11.826,11.524,11.557,57317.414377
1709323200,11.565,11.652,11.48,11.57,30603.73144
1709337600,11.574,12.554,11.315,12.554,133633.502343
1709352000,12.554,13.498,12.272,12.428,205976.765081
1709366400,12.432,12.483,11.919,12.11,34175.935812
1709380800,12.08,12.459,11.976,12.346,55333.135701
1709395200,12.315,12.654,12.154,12.53,45880.575769
1709409600,12.534,12.663,12.439,12.622,26237.74039
1709424000,12.618,12.781,12.319,12.414,24946.501914
1709438400,12.42,12.851,11.483,12.105,96954.367111
1709452800,12.146,12.752,11.953,12.752,31982.769712
1709467200,12.745,13.024,12.545,12.786,48840.524511
1709481600,12.8,13.258,12.616,12.692,92022.053039
1709496000,12.684,12.756,12.578,12.626,49736.980515
1709510400,12.65,12.909,12.321,12.333,67075.876577
1709524800,12.343,12.484,12.312,12.388,16469.670313
1709539200,12.382,12.782,12.237,12.763,71548.219821
1709553600,12.779,13.077,12.622,12.776,32712.567833
1709568000,12.785,12.817,12.073,12.354,62757.572116
1709582400,12.343,12.564,12.231,12.38,11781.15688
1709596800,12.381,12.661,12.295,12.597,39772.960345
1709611200,12.61,13.291,12.602,12.988,57209.457506
1709625600,12.972,13.471,12.687,13.12,35897.00817
1709640000,13.101,13.597,12.917,13.4,76246.958759
1709654400,13.386,14.103,11.218,12.075,199307.583341
1709668800,12.093,13.24,11.749,13.231,114547.901568
1709683200,13.201,13.443,12.569,13.323,112119.859032
1709697600,13.333,14.904,13.333,14.776,117487.139229
1709712000,14.816,15.868,14.749,15.604,72870.339151
1709726400,15.61,17.022,15.474,15.75,246580.19849
1709740800,15.758,15.975,15.435,15.881,64752.009223
1709755200,15.91,16.09,15.33,15.426,59986.177227
1709769600,15.422,15.568,14.837,14.902,18779.975634
1709784000,14.925,15.251,14.775,14.974,27818.913038
1709798400,14.952,15.202,14.75,14.864,18131.958478
1709812800,14.861,15.306,14.525,15.123,31523.499483
1709827200,15.12,15.14,14.691,14.824,32967.359762
1709841600,14.826,14.948,14.783,14.907,12431.694319
1709856000,14.908,15.409,14.896,15.402,18467.406066
1709870400,15.403,15.456,14.805,14.936,15769.248828
1709884800,14.936,15.351,14.905,15.075,8070.871688
1709899200,15.066,15.245,14.14,14.545,37162.5228
1709913600,14.537,14.865,14.226,14.621,82046.448422
1709928000,14.624,14.729,14.561,14.634,6342.403631
1709942400,14.616,15.032,14.574,15.032,9309.773215
1709956800,15.008,15.018,14.719,14.72,7435.386045
1709971200,14.7,14.733,13.899,14.301,56322.884693
1709985600,14.294,14.405,14.199,14.308,21508.756897
1710000000,14.264,14.498,14.164,14.164,10395.31621
1710014400,14.171,14.318,14.157,14.194,7816.052728
1710028800,14.217,14.4,14.122,14.313,17736.349948
1710043200,14.314,14.439,14.236,14.355,18939.551727
1710057600,14.339,14.339,14,14.061,11559.444162
1710072000,14.06,14.159,13.511,13.934,36825.067575
1710086400,13.905,14.238,13.882,14.003,19053.792071
1710100800,14.021,14.3,13.631,14.22,8801.030587
1710115200,14.251,14.309,13.516,14.164,19336.238314
1710129600,14.16,14.303,13.867,14.303,18780.353901
1710144000,14.294,14.433,14.207,14.282,19219.098847
1710158400,14.258,14.393,14.063,14.166,18114.118139
1710172800,14.166,14.264,13.952,14.11,11987.572818
1710187200,14.095,14.653,14.095,14.425,23533.058614
1710201600,14.447,14.552,14.275,14.289,10278.813147
1710216000,14.296,14.49,14.029,14.107,13423.924076
1710230400,14.119,14.267,13.712,14.088,10887.445145
1710244800,14.091,14.222,13.807,14.172,18080.524302
1710259200,14.171,14.172,12.978,13.999,40757.146282
1710273600,13.947,14.082,13.744,14.074,5622.852585
1710288000,14.067,14.342,13.962,14.339,7944.816713
1710302400,14.33,14.737,14.249,14.484,10301.09904
1710316800,14.49,14.592,14.244,14.263,9362.52419
1710331200,14.267,14.351,13.793,13.979,29323.398409
1710345600,13.975,14.205,13.921,14.176,8318.696273
1710360000,14.181,14.299,14.021,14.234,3751.958555
1710374400,14.234,14.405,14.109,14.203,10753.832939
1710388800,14.21,14.211,13.894,14.183,8849.193223
1710403200,14.159,14.469,13.982,14.165,10924.053918
1710417600,14.181,14.3,13.662,13.734,19049.017947
1710432000,13.745,14.017,13.152,13.491,27685.122703
1710446400,13.484,14.008,13.484,13.957,20053.391752
1710460800,13.947,14.125,12.641,13.135,33266.04205
1710475200,13.14,13.23,12.817,13.19,18093.8081
1710489600,13.101,13.109,12.15,12.776,53151.58005
1710504000,12.732,13,12.674,12.769,13733.907289
1710518400,12.785,13.246,12.651,12.8,6543.358826
1710532800,12.838,13.069,12.526,13.053,16926.195478
1710547200,13.057,13.154,13.011,13.132,27455.995125
1710561600,13.062,13.146,12.793,13,7364.541746
1710576000,12.99,13.073,12.638,12.727,8519.775494
1710590400,12.712,12.747,12.298,12.609,8252.689029
1710604800,12.598,12.678,11.984,12.126,12745.748768
1710619200,12.116,12.296,11.764,12.035,6598.992483
1710633600,12.026,12.273,11.827,12.273,8035.736986
1710648000,12.247,12.249,11.377,11.61,7580.526378
1710662400,11.626,12.217,11.626,12.14,18890.731068
1710676800,12.163,12.554,11.937,12.537,10229.328851
1710691200,12.54,12.648,12.473,12.648,5076.222535
1710705600,12.643,12.665,12.371,12.428,19083.297472
1710720000,12.414,12.414,12.025,12.377,8411.234151
1710734400,12.338,12.609,12.245,12.38,2700.810817
1710748800,12.375,12.375,12.076,12.221,11996.879986
1710763200,12.225,12.299,11.697,11.922,22784.671682
1710777600,11.908,11.989,11.566,11.701,27586.321776
1710792000,11.701,11.949,11.701,11.863,5341.958264
1710806400,11.874,12.031,11.126,11.355,23225.164366
1710820800,11.342,11.372,10.627,11.003,32419.00003
1710835200,10.968,10.968,10.386,10.894,46758.680465
1710849600,10.893,11.125,10.763,11.111,31734.16144
1710864000,11.132,11.34,11.061,11.253,23746.076475
1710878400,11.241,11.254,10.417,10.612,53868.716525
1710892800,10.606,11.069,10.592,10.711,40636.695656
1710907200,10.709,11.135,10.308,11.135,16939.777336
1710921600,11.063,11.236,10.946,11.191,4209.602628
1710936000,11.192,11.357,11.043,11.044,18873.091928
1710950400,11.032,11.598,10.64,11.552,34892.295322
1710964800,11.565,11.948,11.565,11.917,29820.794451
1710979200,11.919,12.03,11.815,11.89,6931.309827
1710993600,11.867,11.966,11.545,11.858,8670.211463
1711008000,11.867,12.124,11.867,12.073,29108.616306
1711022400,12.073,12.228,11.956,12.022,70777.713765
1711036800,12.014,12.229,11.676,11.912,57048.630433
1711051200,11.751,12.228,11.751,12.183,18326.982704
1711065600,12.183,12.238,11.871,12.187,8712.427944
1711080000,12.166,12.166,11.986,12.112,6304.951877
1711094400,12.087,12.087,11.723,11.79,16350.71709
1711108800,11.783,11.865,11.343,11.678,53800.423491
1711123200,11.65,11.766,11.505,11.764,17971.378424
1711137600,11.72,11.737,11.422,11.737,21951.601903
1711152000,11.76,11.95,11.58,11.68,14030.608248
1711166400,11.684,11.918,11.684,11.853,13454.310123
1711180800,11.828,11.915,11.694,11.848,5294.636694
1711195200,11.84,12.001,11.8,11.959,38507.733803
1711209600,11.961,12.008,11.83,11.83,3421.292867
1711224000,11.832,11.832,11.613,11.613,2678.467852
1711238400,11.625,11.798,11.625,11.678,4992.025514
1711252800,11.637,11.766,11.592,11.731,2508.958203
1711267200,11.731,11.906,11.715,11.882,4150.025251
1711281600,11.885,11.924,11.805,11.855,4668.875132
1711296000,11.855,11.917,11.67,11.909,2255.461519
1711310400,11.918,12.086,11.918,12.036,15936.858163
1711324800,12.045,12.116,11.942,12.066,4878.596351
1711339200,12.117,12.28,12.051,12.065,9516.562131
1711353600,12.104,12.202,12,12,7779.859062
1711368000,12.076,12.738,11.99,12.574,42702.550115
1711382400,12.567,12.735,12.559,12.648,24089.265483
1711396800,12.647,12.647,12.389,12.436,20358.922429
1711411200,12.434,12.706,12.398,12.699,8596.696521
1711425600,12.705,12.891,12.657,12.745,11597.427508
1711440000,12.725,12.882,12.706,12.731,14702.759598
1711454400,12.732,12.808,12.358,12.545,14365.488602
1711468800,12.567,12.727,12.396,12.576,17593.617689
1711483200,12.565,12.728,12.565,12.718,6018.501049
1711497600,12.696,12.814,12.627,12.632,7125.873184
1711512000,12.645,12.746,12.446,12.454,4802.593307
1711526400,12.489,12.651,12.329,12.554,4508.339588
1711540800,12.526,12.745,12.119,12.369,50800.619638
1711555200,12.347,12.584,12.141,12.206,46692.251323
1711569600,12.204,12.353,12.196,12.248,6057.370185
1711584000,12.242,12.379,12.11,12.225,16548.390559
1711598400,12.242,12.513,12.242,12.48,11952.23587
1711612800,12.487,12.543,12.367,12.386,5434.889099
1711627200,12.387,12.457,12.29,12.433,6803.075416
1711641600,12.396,12.872,12.318,12.872,22441.294834
1711656000,12.857,12.883,12.724,12.752,13869.548299
1711670400,12.755,12.878,12.638,12.784,4528.639459
1711684800,12.789,12.864,12.506,12.519,1230.575956
1711699200,12.527,13.14,12.461,13.026,26662.428308
1711713600,13.02,13.02,12.609,12.665,8440.170355
1711728000,12.662,12.741,12.524,12.624,11932.938592
1711742400,12.625,12.673,12.462,12.65,3796.988866
1711756800,12.651,12.776,12.585,12.643,3233.710729
1711771200,12.646,12.759,12.553,12.553,4381.02447
1711785600,12.558,12.731,12.524,12.731,2603.932469
1711800000,12.731,12.914,12.704,12.781,3647.577882
1711814400,12.775,12.871,12.656,12.813,2505.538343
1711828800,12.788,12.813,12.567,12.612,8752.62666
1711843200,12.617,12.792,12.589,12.767,7305.496615
1711857600,12.779,13.312,12.779,13.277,17459.074021
1711872000,13.287,13.323,12.991,12.991,5031.371897
1711886400,13.026,13.068,12.935,12.987,2246.904669
1711900800,12.977,13.075,12.909,13.011,1849.526434
1711915200,13.017,13.061,12.869,12.957,12632.282575
1711929600,12.95,12.95,12.752,12.759,17554.27395
1711944000,12.751,12.778,12.102,12.519,30107.073507
1711958400,12.511,12.573,12.39,12.457,19701.092833
1711972800,12.456,12.796,12.182,12.294,46205.025108
1711987200,12.28,12.392,12.049,12.392,8490.023781
1712001600,12.362,12.459,12.311,12.421,4391.579993
1712016000,12.425,12.432,11.52,11.698,32797.034038
1712030400,11.692,11.776,11.572,11.58,4884.443686
1712044800,11.563,11.577,11.197,11.386,24934.936427
1712059200,11.383,11.54,11.191,11.244,19476.378194
1712073600,11.229,11.397,11.196,11.358,4617.31941
1712088000,11.342,11.408,11.228,11.303,2722.140067
1712102400,11.305,11.453,10.964,11.046,11298.552232
1712116800,11.021,11.202,10.814,11.15,26611.835853
1712131200,11.084,11.266,11.034,11.105,7248.262798
1712145600,11.106,11.158,10.931,10.975,9109.854895
1712160000,10.964,11.084,10.763,10.837,9339.083086
1712174400,10.839,10.965,10.67,10.876,13692.291757
1712188800,10.876,11.046,10.823,10.828,3418.039613
1712203200,10.822,11.073,10.716,11.062,6453.764472
1712217600,11.05,11.149,11.05,11.134,3557.254679
1712232000,11.128,11.256,11.119,11.121,7361.657434
1712246400,11.125,11.253,11.039,11.045,3214.441822
1712260800,11.043,11.054,10.838,10.989,5469.30306
1712275200,10.983,11.068,10.646,10.864,6688.981999
1712289600,10.866,10.871,10.566,10.711,4658.485811
1712304000,10.701,10.833,10.507,10.507,5116.49705
1712318400,10.508,10.935,10.444,10.893,5030.997154
1712332800,10.941,10.976,10.83,10.967,3197.140225
1712347200,10.907,10.997,10.903,10.932,2169.333027
1712361600,10.934,11.015,10.9,10.983,611.248875
1712376000,11.009,11.165,10.993,11.069,3491.068627
1712390400,11.068,11.147,11.01,11.063,1751.35987
1712404800,11.06,11.176,11.008,11.157,1837.761567
1712419200,11.153,11.215,11.138,11.196,3231.98054
1712433600,11.18,11.339,11.171,11.247,2524.656011
1712448000,11.245,11.478,11.2,11.418,4604.218201
1712462400,11.421,11.455,11.219,11.273,2223.084921
1712476800,11.251,11.347,11.234,11.314,6007.528207
1712491200,11.307,11.426,11.275,11.348,3554.861449
1712505600,11.327,11.414,11.215,11.244,2092.922516
1712520000,11.25,11.411,11.237,11.396,1991.956573
1712534400,11.403,11.487,11.28,11.405,2800.042128
1712548800,11.412,11.544,11.311,11.488,2189.014062
1712563200,11.501,11.793,11.501,11.703,15324.733134
1712577600,11.705,11.755,11.547,11.613,25567.253926
1712592000,11.612,11.714,11.609,11.66,9038.969743
1712606400,11.661,11.725,11.623,11.623,4990.656192
1712620800,11.625,11.697,11.482,11.527,12430.952307
1712635200,11.532,11.612,11.351,11.351,14295.529018
1712649600,11.339,11.512,11.179,11.481,4248.644409
1712664000,11.5,11.5,11.04,11.194,4997.9202
1712678400,11.168,11.257,11.079,11.253,8816.340236
1712692800,11.263,11.294,11.084,11.223,3977.046703
1712707200,11.209,11.23,10.936,11.122,14189.600484
1712721600,11.108,11.304,11.108,11.179,1901.925543
1712736000,11.171,11.191,11.056,11.101,2747.184047
1712750400,11.104,11.194,10.677,11.11,21140.042819
1712764800,11.12,11.3,9.888,10.186,146988.89524
1712779200,10.174,10.229,9.812,10.039,99597.848231
1712793600,10.044,10.044,9.021,9.487,213863.758302
1712808000,9.485,9.485,9.325,9.36,52474.021717
1712822400,9.372,9.388,9.077,9.1,45792.546109
1712836800,9.103,9.346,8.926,9.023,50909.561125
1712851200,9.011,9.135,8.72,8.988,36810.262381
1712865600,8.999,9.208,8.982,9.129,22917.969339
1712880000,9.144,9.166,8.965,9.006,5875.304149
1712894400,9.011,9.175,8.993,9.13,11383.59008
1712908800,9.097,9.205,9.055,9.055,8521.011814
1712923200,9.057,9.066,8.719,8.853,87559.161146
1712937600,8.82,8.99,7.29,7.85,370199.294074
1712952000,7.848,8.026,7.823,7.93,45657.006251
1712966400,7.929,8,7.573,7.708,87902.472916
1712980800,7.712,7.992,7.711,7.839,27633.329562
1712995200,7.844,7.968,7.824,7.848,8250.017476
1713009600,7.853,7.947,7.811,7.811,11458.997216
1713024000,7.81,7.825,6.893,6.959,209377.305597
1713038400,6.971,7.21,5.926,6.925,346158.558823
1713052800,6.924,6.99,6.657,6.825,157255.24494
1713081600,6.845,7.232,6.845,7.03,28744.051715
1713096000,7.033,7.203,6.932,7.117,12730.678974
1713110400,7.119,7.338,6.909,7.212,21839.351687
1713124800,7.21,7.59,7.093,7.537,32783.790022
1713139200,7.532,7.532,7.293,7.432,21968.4682
1713153600,7.442,7.934,7.358,7.878,48490.505805
1713168000,7.879,7.931,7.73,7.861,26927.300355
1713182400,7.851,7.863,7.358,7.511,33321.273238
1713196800,7.512,7.541,7.025,7.366,40317.022666
1713211200,7.371,7.398,7.182,7.247,94340.988585
1713225600,7.249,7.309,7.04,7.085,48542.512562
1713240000,7.093,7.327,6.875,7.28,23368.695107
1713254400,7.27,7.311,6.997,7.311,4968.378067
1713268800,7.301,7.301,6.878,6.878,6894.001477
1713283200,6.875,7.19,6.773,7.066,81241.762089
1713297600,7.069,7.272,7.061,7.187,27111.123254
1713312000,7.192,7.217,7.061,7.121,5312.872517
1713326400,7.116,7.238,7.049,7.093,5995.893284
1713340800,7.103,7.128,6.903,6.913,18968.254295
1713355200,6.916,6.987,6.671,6.73,23171.117258
1713369600,6.711,7.095,6.623,6.981,104120.619171
1713384000,6.979,7.04,6.863,6.876,8152.310723
1713398400,6.89,7.152,6.733,7.072,29324.136815
1713412800,7.069,7.117,6.848,6.904,11084.18638
1713427200,6.891,7.145,6.825,7.101,6829.825657
1713441600,7.101,7.253,6.968,7.221,6486.035288
1713456000,7.222,7.257,7.058,7.242,11600.085524
1713470400,7.247,7.35,7.218,7.303,6515.894409
1713484800,7.304,7.304,6.72,7.098,47031.53297
1713499200,7.086,7.572,7.086,7.523,38514.279041
1713513600,7.501,7.688,7.487,7.522,11335.736412
1713528000,7.528,7.664,7.466,7.584,13208.164345
1713542400,7.575,7.613,7.449,7.568,6655.16159
1713556800,7.576,7.608,7.361,7.509,4626.712698
1713571200,7.493,7.671,7.407,7.582,14152.109101
1713585600,7.581,7.643,7.551,7.581,3465.464683
1713600000,7.571,7.579,7.464,7.501,2886.874487
1713614400,7.493,7.691,7.477,7.691,3332.375155
1713628800,7.7,7.919,7.642,7.82,23886.393293
1713643200,7.829,7.89,7.806,7.878,3599.040777
1713657600,7.877,7.951,7.696,7.858,2577.71987
1713672000,7.834,7.881,7.789,7.813,732.234645
1713686400,7.83,7.863,7.767,7.824,7122.207002
1713700800,7.821,7.821,7.681,7.73,4264.751012
1713715200,7.732,7.74,7.566,7.689,3422.719528
1713729600,7.646,7.784,7.57,7.722,26425.098358
1713744000,7.73,7.977,7.711,7.931,8694.926126
1713758400,7.911,8.058,7.911,7.998,9325.889256
1713772800,8.001,8.21,7.976,8.076,31438.835219
1713787200,8.08,8.094,7.915,8.043,28276.138504
1713801600,8.052,8.143,7.962,8.069,6815.620288
1713816000,8.075,8.299,8.075,8.209,21993.15266
1713830400,8.21,8.284,8.107,8.131,5672.554519
1713844800,8.154,8.348,8.035,8.062,24458.859265
1713859200,8.091,8.095,7.917,7.971,5558.389449
1713873600,7.974,8.148,7.961,8.041,2965.738847
1713888000,8.021,8.067,7.98,8.011,4280.209932
1713902400,8.022,8.047,7.936,7.95,14020.50769
1713916800,7.949,8.081,7.922,8.038,4579.734204
1713931200,8.027,8.167,8.026,8.105,1704.562085
1713945600,8.118,8.202,8.053,8.174,829.295748
1713960000,8.163,8.199,7.729,7.729,35910.373643
1713974400,7.706,7.871,7.673,7.806,24747.56134
1713988800,7.794,7.8,7.601,7.708,5025.879403
1714003200,7.713,7.808,7.629,7.689,1232.682877
1714017600,7.665,7.792,7.567,7.727,1635.743659
1714032000,7.772,7.832,7.606,7.767,18033.417888
1714046400,7.723,8.069,7.61,8.025,16708.425278
1714060800,8.031,8.112,7.918,7.953,14816.184602
1714075200,7.961,8.02,7.907,7.939,1544.107464
1714089600,7.931,7.931,7.72,7.836,9363.073664
1714104000,7.8,7.886,7.769,7.772,845.687826
1714118400,7.762,7.792,7.65,7.689,10508.339301
1714132800,7.663,7.757,7.537,7.595,9088.988744
1714147200,7.588,7.718,7.579,7.718,10531.881098
1714161600,7.722,7.784,7.646,7.696,18980.293906
1714176000,7.704,7.729,7.443,7.655,5864.629035
1714190400,7.677,7.761,7.661,7.714,679.499886
1714204800,7.698,7.731,7.578,7.63,4672.595095
1714219200,7.656,7.766,7.645,7.699,2654.576289
1714233600,7.731,8.057,7.684,7.888,24404.188221
1714248000,7.897,7.996,7.897,7.974,4829.936864
1714262400,7.976,8.098,7.936,8.086,5120.112009
1714276800,8.03,8.066,7.999,7.999,876.13078
1714291200,8.015,8.05,7.966,7.966,2899.236627
1714305600,7.996,8.2,7.993,8.176,6792.611778
1714320000,8.182,8.22,7.899,7.994,41938.009734
1714334400,7.993,8.015,7.806,7.833,7408.274208
1714348800,7.824,7.865,7.632,7.632,3116.946631
1714363200,7.613,7.715,7.553,7.595,27220.684846
1714377600,7.617,7.654,7.57,7.576,568.079656
1714392000,7.598,7.685,7.515,7.673,2404.438866
1714406400,7.678,7.701,7.587,7.622,1813.11425
1714420800,7.638,7.776,7.554,7.698,4574.629223
1714435200,7.687,7.794,7.554,7.689,2026.27139
1714449600,7.7,7.7,7.6,7.623,1077.358535
1714464000,7.615,7.615,7.175,7.184,28967.657309
1714478400,7.176,7.217,7.055,7.126,19460.652232
1714492800,7.105,7.143,6.794,6.804,25596.537156
1714507200,6.809,7.09,6.809,7.03,6092.252376
1714521600,7.028,7.069,6.949,7.049,17080.537102
1714536000,7.07,7.091,6.688,6.736,32112.422831
1714550400,6.713,6.787,6.54,6.787,14330.549723
1714564800,6.79,6.899,6.761,6.793,4721.512618
1714579200,6.778,7.145,6.744,6.876,14012.951648
1714593600,6.9,7.049,6.865,7.037,6682.247211
1714608000,7.04,7.04,6.85,6.97,4407.480238
1714622400,6.973,6.994,6.913,6.94,1589.435827
1714636800,6.934,7.14,6.934,7.14,2315.44832
1714651200,7.135,7.207,7.052,7.18,10389.430346
1714665600,7.172,7.172,7.051,7.117,60888.994308
1714680000,7.123,7.173,7.065,7.111,2081.014516
1714694400,7.114,7.197,7.065,7.132,1991.272146
1714708800,7.131,7.145,6.984,6.996,11813.500603
1714723200,6.998,7.042,6.961,7.029,2576.826091
1714737600,7.023,7.457,7.016,7.455,102600.647032
1714752000,7.446,7.519,7.41,7.447,18294.670544
1714766400,7.449,7.62,7.449,7.591,44144.887343
1714780800,7.59,7.632,7.506,7.565,8284.791829
1714795200,7.577,7.59,7.514,7.514,437.650742
1714809600,7.513,7.705,7.513,7.537,3575.443689
1714824000,7.534,7.593,7.487,7.539,4387.9532
1714838400,7.515,7.584,7.514,7.584,2404.065841
1714852800,7.594,7.607,7.518,7.533,2802.034572
1714867200,7.545,7.551,7.363,7.437,19468.81506
1714881600,7.442,7.464,7.368,7.464,3844.491737
1714896000,7.433,7.504,7.404,7.432,285.398257
1714910400,7.448,7.544,7.371,7.544,16130.178644
1714924800,7.538,7.629,7.474,7.51,17742.973441
1714939200,7.512,7.639,7.51,7.595,3228.444384
1714953600,7.586,7.67,7.527,7.551,24319.907936
1714968000,7.551,7.788,7.539,7.771,12457.711146
1714982400,7.786,7.942,7.65,7.701,28289.805709
1714996800,7.695,7.707,7.449,7.57,24021.096873
1715011200,7.559,7.596,7.487,7.528,6814.241084
1715025600,7.529,7.603,7.471,7.473,7664.202215
1715040000,7.467,7.589,7.395,7.472,1556.181085
1715054400,7.491,7.531,7.433,7.511,673.852001
1715068800,7.495,7.644,7.495,7.511,13843.602502
1715083200,7.538,7.674,7.463,7.576,3044.472119
1715097600,7.577,7.577,7.467,7.501,3109.767593
1715112000,7.516,7.563,7.379,7.393,4865.567601
1715126400,7.431,7.431,7.321,7.399,2061.128376
1715140800,7.42,7.422,7.258,7.262,11097.366659
1715155200,7.318,7.396,7.239,7.344,10021.569987
1715169600,7.377,7.511,7.336,7.465,5047.088142
1715184000,7.446,7.467,7.348,7.393,2062.753816
1715198400,7.397,7.397,7.211,7.332,8243.673011
1715212800,7.325,7.373,7.324,7.35,644.138983
1715227200,7.374,7.379,7.28,7.28,1327.053237
1715241600,7.303,7.323,7.174,7.282,1863.719432
1715256000,7.284,7.398,7.249,7.349,4041.738608
1715270400,7.374,7.438,7.332,7.438,3481.326879
1715284800,7.432,7.538,7.432,7.503,6529.363513
1715299200,7.501,7.517,7.457,7.473,559.482115
1715313600,7.479,7.557,7.471,7.543,1847.588959
1715328000,7.549,7.549,7.494,7.526,1645.154304
1715342400,7.541,7.542,7.209,7.237,6279.438243
1715356800,7.218,7.249,7.072,7.081,7063.126705
1715371200,7.095,7.118,7.03,7.113,4065.413838
1715385600,7.112,7.197,7.098,7.115,671.38132
1715400000,7.129,7.139,7.12,7.139,3915.902025
1715414400,7.121,7.121,7.017,7.052,4222.297661
1715428800,7.052,7.118,7.049,7.071,288.865702
1715443200,7.099,7.109,7.079,7.099,197.129966
1715457600,7.086,7.086,7.03,7.031,3032.527148
1715472000,7.029,7.061,7.012,7.055,1085.663309
1715486400,7.058,7.125,7.058,7.065,264.515063
1715500800,7.073,7.13,7.073,7.109,4724.7291
1715515200,7.107,7.179,7.092,7.179,763.830093
1715529600,7.181,7.21,7.054,7.082,4750.622714
1715544000,7.07,7.081,6.985,7.066,751.214613
1715558400,7.058,7.098,6.842,6.91,4074.950792
1715572800,6.908,7.084,6.882,7.084,11441.664686
1715587200,7.085,7.197,7.085,7.087,4745.05017
1715601600,7.094,7.108,7.05,7.104,3727.419241
1715616000,7.114,7.188,6.99,7.04,9788.000215
1715630400,7.01,7.03,6.985,7,2698.064084
1715644800,6.993,6.993,6.91,6.944,2326.357947
1715659200,6.954,6.988,6.779,6.949,7906.469061
1715673600,6.937,6.948,6.913,6.948,891.932165
1715688000,6.938,6.984,6.83,6.916,9284.481247
1715702400,6.885,6.885,6.76,6.837,8712.930551
1715716800,6.82,6.828,6.76,6.783,5971.570955
1715731200,6.804,6.868,6.74,6.864,3163.300116
1715745600,6.864,6.873,6.855,6.864,1277.431598
1715760000,6.859,6.931,6.835,6.847,2421.653648
1715774400,6.934,7.319,6.934,7.267,9204.243622
1715788800,7.282,7.396,7.219,7.396,4191.633262
1715803200,7.421,7.434,7.354,7.371,11163.365772
1715817600,7.364,7.41,7.319,7.4,3472.00584
1715832000,7.394,7.43,7.361,7.405,2346.188987
1715846400,7.38,7.388,7.317,7.352,20154.50659
1715860800,7.31,7.312,7.069,7.224,2630.749382
1715875200,7.193,7.267,7.163,7.234,3972.498354
1715889600,7.23,7.308,7.213,7.292,3475.553533
1715904000,7.294,7.321,7.257,7.3,3102.791348
1715918400,7.3,7.538,7.267,7.489,6409.83137
1715932800,7.509,7.541,7.37,7.41,1454.658641
1715947200,7.394,7.58,7.365,7.579,15606.762738
1715961600,7.548,7.602,7.506,7.537,7300.729248
1715976000,7.529,7.538,7.481,7.492,3722.998705
1715990400,7.477,7.572,7.461,7.545,1523.343723
1716004800,7.534,7.595,7.507,7.56,5025.926525
1716019200,7.55,7.769,7.55,7.707,22097.105456
1716033600,7.703,8.221,7.648,7.971,85656.459151
1716048000,7.951,8.095,7.867,7.98,11706.939981
1716062400,7.974,7.995,7.85,7.857,18002.201712
1716076800,7.858,7.934,7.765,7.918,18781.220224
1716091200,7.915,7.961,7.868,7.903,11365.246927
1716105600,7.903,7.906,7.721,7.818,6069.250052
1716120000,7.814,7.817,7.635,7.704,4620.182319
1716134400,7.692,7.741,7.626,7.702,9444.688516
1716148800,7.695,7.711,7.588,7.646,5097.013786
1716163200,7.646,7.989,7.627,7.744,43978.276261
1716177600,7.732,7.887,7.632,7.733,11278.897712
1716192000,7.737,7.85,7.709,7.71,1812.621497
1716206400,7.71,7.728,7.65,7.727,892.50086
1716220800,7.752,8.525,7.738,8.473,51092.084196
1716235200,8.475,9.523,8.475,9.328,180966.333669
1716249600,9.336,9.422,9.129,9.257,23460.970911
1716264000,9.245,9.354,9.086,9.278,29711.575453
1716278400,9.27,9.452,9.208,9.383,36883.497138
1716292800,9.392,9.611,9.278,9.348,46298.544429
1716307200,9.328,9.599,9.273,9.42,46210.25656
1716321600,9.428,9.665,9.428,9.643,41981.251067
1716336000,9.648,9.676,9.485,9.573,11754.028139
1716350400,9.578,9.682,9.4,9.478,17454.553154
1716364800,9.476,9.519,9.198,9.199,16392.872638
1716379200,9.198,9.414,9.033,9.27,31942.420813
1716393600,9.269,9.327,9.098,9.137,11861.892606
1716408000,9.14,9.432,9.134,9.311,20972.312978
1716422400,9.312,9.426,9.286,9.408,15809.376093
1716436800,9.355,9.82,9.354,9.707,30726.852898
1716451200,9.703,9.798,9.437,9.755,18483.676435
1716465600,9.736,9.855,9.22,9.282,23140.883707
1716480000,9.295,9.3,8.977,9.12,32039.900053
1716494400,9.098,9.351,8.7,9.078,28848.237413
1716508800,9.053,9.363,9.011,9.254,21572.000069
1716523200,9.229,9.814,8.998,9.087,51898.661959
1716537600,9.096,9.53,8.947,9.352,45370.177392
1716552000,9.323,9.41,9.158,9.158,7718.835384
1716566400,9.154,10.124,9.02,10.08,73544.372539
1716580800,10.095,10.552,10.006,10.211,91568.765288
1716595200,10.199,10.866,10.152,10.737,136925.944414
1716609600,10.769,10.985,10.692,10.866,76587.556497
1716624000,10.868,10.976,10.74,10.963,44838.068773
1716638400,10.972,11.2,10.677,10.889,158063.713435
1716652800,10.91,11.45,10.78,11.086,125471.894465
1716667200,11.055,11.332,11.009,11.327,27106.835125
1716681600,11.307,11.415,11.065,11.383,95904.148981
1716696000,11.377,11.531,11.108,11.327,85554.184592
1716710400,11.325,11.64,11.185,11.516,77592.002889
1716724800,11.514,11.786,11.283,11.457,133420.820545
1716739200,11.442,11.544,11.288,11.329,55647.788303
1716753600,11.334,11.373,11.129,11.158,12024.687959
1716768000,11.162,11.357,11.094,11.114,27726.702368
1716782400,11.109,11.246,11.071,11.153,7511.686593
1716796800,11.156,11.211,10.948,11.115,12384.628753
1716811200,11.117,11.145,10.907,11.101,35660.244041
1716825600,11.096,11.217,11.017,11.107,21408.673853
1716840000,11.119,11.191,11.006,11.052,9752.384313
1716854400,11.05,11.114,10.691,10.761,31137.282538
1716868800,10.772,11.062,10.611,10.913,41254.408058
1716883200,10.913,10.984,10.803,10.803,15597.940817
1716897600,10.803,11.026,10.629,10.825,39188.764219
1716912000,10.82,11.176,10.82,11.136,55151.7205
1716926400,11.112,11.49,11.042,11.101,40794.659888
1716940800,11.101,11.329,10.87,11.216,58609.822518
1716955200,11.182,11.22,10.838,10.838,27562.102186
1716969600,10.832,10.91,10.673,10.766,16884.303144
1716984000,10.774,10.787,10.48,10.498,15509.562026
1716998400,10.498,10.677,10.447,10.48,31606.373335
1717012800,10.477,10.599,10.436,10.436,15364.712688
1717027200,10.439,10.644,10.439,10.588,13870.514991
1717041600,10.591,10.625,10.372,10.466,26973.547386
1717056000,10.463,10.853,10.432,10.763,18873.806583
1717070400,10.757,11.125,10.729,10.92,95663.413331
1717084800,10.911,11.196,10.842,10.845,54074.901156
1717099200,10.838,10.838,10.619,10.76,8872.104044
1717113600,10.762,10.954,10.684,10.738,22290.580883
1717128000,10.744,10.778,10.601,10.637,2439.899274
1717142400,10.63,11.125,10.614,10.972,55312.739073
1717156800,10.995,11.022,10.407,10.407,27518.171522
1717171200,10.405,10.498,10.136,10.238,38973.397574
1717185600,10.244,10.269,9.921,9.951,41671.63219
1717200000,9.95,10.048,9.863,10.012,39853.599545
1717214400,9.993,10.042,9.981,10,10074.323958
1717228800,9.991,10.027,9.947,9.973,2815.831776
1717243200,9.969,9.971,9.868,9.951,11199.452825
1717257600,9.94,9.97,9.867,9.886,8393.125564
1717272000,9.89,9.95,9.86,9.887,28884.065125
1717286400,9.856,9.949,9.789,9.878,5540.146783
1717300800,9.877,9.887,9.743,9.743,920.472648
1717315200,9.745,9.813,9.672,9.786,14060.041278
1717329600,9.774,9.774,9.686,9.708,7084.35872
1717344000,9.7,9.7,9.364,9.458,21658.394817
1717358400,9.449,9.462,9.383,9.423,9796.751445
1717372800,9.422,9.668,9.288,9.568,13852.007496
1717387200,9.57,9.793,9.566,9.686,16460.231986
1717401600,9.666,9.731,9.626,9.647,6227.355209
1717416000,9.641,9.832,9.551,9.667,20252.707728
1717430400,9.641,9.65,9.517,9.6,10843.366033
1717444800,9.594,9.614,9.48,9.49,2215.146099
1717459200,9.489,9.581,9.442,9.551,6784.847771
1717473600,9.531,9.557,9.452,9.511,16644.176619
1717488000,9.501,9.561,9.407,9.546,11071.757461
1717502400,9.549,10.439,9.524,10.367,86036.436155
1717516800,10.373,11.947,10.291,11.506,333601.303962
1717531200,11.506,11.865,11.025,11.478,294599.908963
1717545600,11.474,11.606,11.275,11.37,27823.113667
1717560000,11.374,11.374,11.1,11.24,32645.315777
1717574400,11.205,11.265,11.049,11.154,19174.408942
1717588800,11.136,11.271,10.887,10.943,46687.768704
1717603200,10.947,11.247,10.904,11.09,38993.280845
1717617600,11.097,11.222,11.064,11.155,10460.378893
1717632000,11.158,11.27,10.752,10.764,26415.424053
1717646400,10.802,10.859,10.621,10.768,20478.240373
1717660800,10.764,10.781,10.586,10.638,18284.86397
1717675200,10.64,10.798,10.636,10.722,13714.157107
1717689600,10.729,10.764,10.48,10.481,10466.012355
1717704000,10.482,10.679,10.425,10.626,6722.372456
1717718400,10.617,10.689,10.617,10.659,3949.874147
1717732800,10.654,10.734,10.654,10.695,6527.59668
1717747200,10.655,10.67,10.45,10.568,12950.838497
1717761600,10.549,10.61,10.266,10.451,19853.406068
1717776000,10.427,10.436,9.22,9.814,122289.034887
1717790400,9.794,9.826,9.745,9.824,7456.618867
1717804800,9.815,9.921,9.808,9.91,4094.598638
1717819200,9.894,10.07,9.891,10.07,8636.549844
1717833600,10.068,10.076,9.829,9.851,3004.092747
1717848000,9.829,9.996,9.801,9.992,24136.292143
1717862400,9.987,10.198,9.924,9.949,25181.598433
1717876800,9.937,10.056,9.879,10.048,16840.58308
1717891200,10.008,10.071,9.896,9.97,13237.652703
1717905600,9.953,10.036,9.933,9.981,14643.513994
1717920000,9.972,9.987,9.861,9.87,31135.121953
1717934400,9.877,9.983,9.77,9.775,4783.358426
1717948800,9.776,9.88,9.776,9.828,3834.339788
1717963200,9.837,9.846,9.801,9.813,890.97842
1717977600,9.819,9.835,9.727,9.736,7028.580592
1717992000,9.731,9.84,9.618,9.63,6600.908801
1718006400,9.627,9.938,9.627,9.878,6710.467367
1718020800,9.881,10.67,9.836,10.646,75486.511164
1718035200,10.65,10.669,10.271,10.287,51201.814942
1718049600,10.277,10.409,10.185,10.342,33134.665189
1718064000,10.355,10.382,9.792,9.832,46308.916811
1718078400,9.814,9.86,9.363,9.416,53362.635473
1718092800,9.422,9.462,9.281,9.281,31246.636782
1718107200,9.282,9.314,8.723,8.905,93377.424811
1718121600,8.92,9.079,8.859,9.042,45596.934782
1718136000,9.033,9.041,8.951,8.977,10802.516643
1718150400,8.975,9.225,8.776,9.208,38306.471208
1718164800,9.165,9.481,9.162,9.481,28992.999504
1718179200,9.482,9.814,9.438,9.691,27087.692004
1718193600,9.697,10.322,9.697,10.235,65965.143215
1718208000,10.235,10.333,9.798,9.836,62335.277738
1718222400,9.838,10.092,9.815,10.066,23711.699529
1718236800,10.067,10.141,9.66,9.815,19339.742914
1718251200,9.822,9.912,9.802,9.905,25564.055809
1718265600,9.87,9.971,9.783,9.931,7034.464952
1718280000,9.932,10.112,9.784,9.84,22997.451476
1718294400,9.778,10.174,9.756,10.13,21300.548964
1718308800,10.083,10.238,9.942,10.154,18014.417589
1718323200,10.156,10.48,10.068,10.451,73451.861587
1718337600,10.448,10.86,10.448,10.654,80424.388565
1718352000,10.645,10.871,10.623,10.8,22190.948684
1718366400,10.818,10.995,10.51,10.609,88108.139949
1718380800,10.616,10.698,10.234,10.297,89959.049868
1718395200,10.296,10.618,10.276,10.416,39275.328388
1718409600,10.42,10.836,10.393,10.692,37752.814915
1718424000,10.708,11.074,10.347,10.977,73510.516511
1718438400,10.958,11.017,10.827,10.954,13022.01332
1718452800,10.942,11.85,10.869,11.535,80669.904785
1718467200,11.523,11.607,11.326,11.358,38246.835374
1718481600,11.35,11.565,11.258,11.511,63885.265058
1718496000,11.511,11.671,11.288,11.378,29922.380967
1718510400,11.364,11.583,11.252,11.473,16389.89007
1718524800,11.469,11.618,11.396,11.492,9315.713467
1718539200,11.495,11.513,11.329,11.478,15764.141706
1718553600,11.477,11.558,11.385,11.505,26549.724441
1718568000,11.506,12.056,11.466,11.974,68229.702719
1718582400,11.969,11.969,10.991,11.026,146179.679754
1718596800,10.994,11.134,10.919,11.01,17974.050485
1718611200,11.018,11.079,10.824,10.879,8168.211477
1718625600,10.895,11.059,10.706,10.72,18701.357072
1718640000,10.712,11.234,10.54,10.916,60587.965584
1718654400,10.913,10.917,10.562,10.61,35485.880427
1718668800,10.601,10.628,9.831,10.022,154166.037719
1718683200,10.026,10.042,9.794,9.917,26875.047441
1718697600,9.86,9.945,9.653,9.695,37103.223288
1718712000,9.696,9.793,9.366,9.51,54594.028485
1718726400,9.52,9.55,9.249,9.55,36972.034288
1718740800,9.551,9.765,9.503,9.754,29525.33779
1718755200,9.744,10.463,9.627,10.447,84360.942447
1718769600,10.446,10.45,10.136,10.379,53192.779708
1718784000,10.376,10.388,10.084,10.096,33718.549675
1718798400,10.094,10.159,9.915,9.991,21571.681137
1718812800,9.994,10.263,9.994,10.036,25098.827674
1718827200,10.013,10.195,9.904,9.955,12712.79492
1718841600,9.946,10.138,9.888,9.93,18091.339229
1718856000,9.927,10.172,9.853,10.106,19209.577009
1718870400,10.109,10.287,9.986,10.155,9084.167227
1718884800,10.132,10.156,9.647,9.963,43421.743854
1718899200,9.928,10.193,9.81,10.192,43422.635032
1718913600,10.2,10.206,9.998,10.014,64421.469447
1718928000,10.023,10.114,9.922,9.99,7420.765588
1718942400,9.971,10.048,9.813,9.835,9435.010596
1718956800,9.845,10.101,9.725,10.097,16153.225072
1718971200,10.102,10.306,9.881,9.984,29237.972832
1718985600,9.983,10.012,9.708,9.87,17244.197802
1719000000,9.835,9.885,9.749,9.8,19551.151011
1719014400,9.739,9.817,9.611,9.729,9434.823333
1719028800,9.733,10.047,9.725,9.989,3679.166681
1719043200,9.978,10.07,9.815,9.867,15701.897817
1719057600,9.868,9.965,9.853,9.928,2285.325808
1719072000,9.933,9.951,9.856,9.889,2533.71201
1719086400,9.868,9.881,9.83,9.846,2195.901341
1719100800,9.827,9.962,9.827,9.939,793.45108
1719115200,9.95,10.069,9.95,10.001,10318.88309
1719129600,9.999,10.069,9.999,10.064,12173.271863
1719144000,10.065,10.086,9.931,9.976,6228.46702
1719158400,9.977,10.016,9.851,9.966,5336.259462
1719172800,9.966,9.966,9.762,9.77,12281.769203
1719187200,9.769,9.809,9.52,9.548,7211.864947
1719201600,9.538,9.56,9.102,9.202,18870.482157
1719216000,9.192,9.337,8.82,9.016,35187.472034
1719230400,9.001,9.087,8.784,8.834,58125.798392
1719244800,8.814,9.066,8.754,8.841,27991.79322
1719259200,8.85,9.369,8.771,9.315,38249.643894
1719273600,9.328,9.381,9.189,9.338,15229.683132
1719288000,9.325,9.489,9.325,9.411,9079.142194
1719302400,9.432,9.497,9.297,9.45,27222.13165
1719316800,9.453,9.517,9.305,9.43,13583.039774
1719331200,9.428,9.537,9.262,9.537,7671.495358
1719345600,9.542,9.558,9.441,9.493,2930.983051
1719360000,9.493,9.641,9.437,9.507,6783.53543
1719374400,9.492,9.527,9.441,9.472,2611.029943
1719388800,9.452,9.452,9.313,9.35,11403.508703
1719403200,9.353,9.5,9.234,9.315,3439.888778
1719417600,9.316,9.457,9.17,9.457,26132.074338
1719432000,9.466,9.547,9.372,9.38,9048.025167
1719446400,9.372,9.399,9.275,9.289,4736.612228
1719460800,9.281,9.393,9.197,9.212,12205.199312
1719475200,9.21,9.396,9.185,9.315,2848.932211
1719489600,9.316,9.629,9.316,9.447,30361.958631
1719504000,9.445,9.489,9.328,9.436,6136.582636
1719518400,9.439,9.524,9.389,9.489,10968.936237
1719532800,9.492,9.615,9.451,9.584,3738.629122
1719547200,9.56,9.584,9.455,9.462,14359.351305
1719561600,9.501,9.502,9.357,9.436,13418.945666
1719576000,9.41,9.511,9.251,9.387,22816.884659
1719590400,9.351,9.361,8.923,9.222,47560.815492
1719604800,9.194,9.229,8.953,8.982,8587.668965
1719619200,8.945,9.048,8.934,9.023,4003.83239
1719633600,9.024,9.109,8.931,9.04,3187.364582
1719648000,9.022,9.042,8.929,8.967,5108.545438
1719662400,8.937,8.98,8.864,8.98,12198.132383
1719676800,8.982,8.99,8.841,8.93,5908.294933
1719691200,8.924,8.95,8.834,8.841,2295.231897
1719705600,8.842,8.877,8.759,8.861,4030.980656
1719720000,8.859,8.984,8.822,8.96,34230.105458
1719734400,8.953,9.008,8.939,8.958,7654.745539
1719748800,8.974,9.15,8.944,9.15,6188.327209
1719763200,9.151,9.216,9.096,9.195,3458.615336
1719777600,9.196,9.326,9.132,9.274,10212.170987
1719792000,9.288,9.5,9.266,9.494,16439.223032
1719806400,9.489,9.507,9.343,9.373,3280.833872
1719820800,9.372,9.374,9.185,9.2,3794.505605
1719835200,9.206,9.252,9.126,9.219,13639.465793
1719849600,9.235,9.433,9.229,9.356,9544.828915
1719864000,9.354,9.354,9.133,9.14,5864.879798
1719878400,9.126,9.146,9.064,9.146,6604.791746
1719892800,9.147,9.211,9.026,9.034,2231.858464
1719907200,9.04,9.058,8.962,8.999,31968.801262
1719921600,8.986,9.054,8.873,8.986,14795.848038
1719936000,8.988,9,8.806,8.963,21738.933828
1719950400,8.953,9.011,8.929,8.98,12268.775997
1719964800,8.98,9.041,8.745,8.867,8592.337036
1719979200,8.832,8.946,8.805,8.87,2350.630641
1719993600,8.858,8.915,8.495,8.598,9551.574336
1720008000,8.574,8.683,8.427,8.631,74006.952211
1720022400,8.635,8.705,8.45,8.452,29114.507026
1720036800,8.462,8.552,8.399,8.516,12295.273339
1720051200,8.524,8.565,8.001,8.277,42070.588798
1720065600,8.291,8.323,8.056,8.072,12152.992524
1720080000,8.077,8.108,7.951,8.055,11066.239637
1720094400,8.033,8.045,7.756,8.027,14930.806405
1720108800,8.03,8.03,7.872,7.893,5585.857951
1720123200,7.864,7.992,7.589,7.62,18168.816819
1720137600,7.624,7.64,6.8,6.966,94721.483772
1720152000,6.971,7.18,6.771,7.074,38687.418837
1720166400,7.064,7.417,6.85,7.414,41999.022679
1720180800,7.397,7.739,7.314,7.736,27856.451042
1720195200,7.735,7.793,7.648,7.751,8133.385751
1720209600,7.756,7.819,7.719,7.771,8091.930296
1720224000,7.762,7.96,7.669,7.751,11132.272584
1720238400,7.738,7.908,7.683,7.854,2706.531766
1720252800,7.815,7.894,7.778,7.859,865.238968
1720267200,7.837,8.005,7.795,7.97,16680.977235
1720281600,7.96,8.226,7.947,8.097,23426.843642
1720296000,8.094,8.259,8.094,8.186,24698.157755
1720310400,8.176,8.197,8.051,8.099,28363.864986
1720324800,8.07,8.071,7.895,7.945,17524.17987
1720339200,7.95,8.012,7.936,7.973,2565.325712
1720353600,7.956,7.98,7.709,7.774,9926.07377
1720368000,7.819,7.936,7.799,7.86,28801.470654
1720382400,7.866,7.879,7.595,7.65,10508.972722
1720396800,7.648,7.681,7.324,7.536,10099.263793
1720411200,7.508,7.728,7.499,7.719,14838.92379
1720425600,7.734,8.299,7.734,8.111,18017.998347
1720440000,8.129,8.15,7.651,7.904,22646.969681
1720454400,7.94,8.092,7.877,8.022,20286.401564
1720468800,8.017,8.1,7.974,8.033,6754.188846
1720483200,8.032,8.186,7.98,8.087,3291.44335
1720497600,8.169,8.225,8.095,8.146,3040.645122
1720512000,8.163,8.271,8.118,8.144,2881.860497
1720526400,8.135,8.186,7.997,8.069,2710.169705
1720540800,8.104,8.181,8.097,8.118,6614.254723
1720555200,8.124,8.2,8.036,8.175,64002.519939
1720569600,8.168,8.168,8.015,8.121,8895.760103
1720584000,8.148,8.344,8.114,8.114,14425.458867
1720598400,8.119,8.148,8.054,8.104,22326.635358
1720612800,8.095,8.153,8,8.097,8227.508329
1720627200,8.137,8.223,8.052,8.058,37010.460851
1720641600,8.056,8.072,8.012,8.03,3765.3569
1720656000,8.027,8.077,7.857,7.918,19448.595009
1720670400,7.91,8.015,7.91,7.999,1174.215316
1720684800,7.997,8.017,7.964,8.017,3389.012648
1720699200,8,8.169,7.796,7.821,14353.950377
1720713600,7.818,7.98,7.77,7.914,8092.404259
1720728000,7.91,7.914,7.793,7.81,3977.90174
1720742400,7.826,7.946,7.746,7.872,4894.22993
1720756800,7.869,7.873,7.787,7.807,3292.836175
1720771200,7.813,7.831,7.703,7.8,6155.797653
1720785600,7.806,8.139,7.805,8.127,10967.857366
1720800000,8.131,8.255,8.085,8.095,19700.700679
1720814400,8.095,8.114,8.009,8.114,3210.646752
1720828800,8.116,8.159,8.097,8.126,4899.425512
1720843200,8.116,8.24,8.104,8.2,3489.430192
1720857600,8.196,8.293,8.132,8.239,7896.157303
1720872000,8.225,8.229,8.091,8.187,4849.0068
1720886400,8.178,8.202,8.113,8.132,17354.573528
1720900800,8.135,8.251,8.094,8.186,2834.039485
1720915200,8.202,8.229,8.109,8.173,6825.60352
1720929600,8.194,8.411,8.194,8.349,4723.555134
1720944000,8.376,8.413,8.272,8.307,2376.930299
1720958400,8.28,8.28,8.141,8.224,7398.942154
1720972800,8.208,8.227,8.158,8.182,5103.855721
1720987200,8.182,8.495,8.178,8.419,8537.945462
1721001600,8.42,8.555,8.385,8.482,3989.520737
1721016000,8.504,8.504,8.422,8.443,1527.395272
1721030400,8.452,8.455,8.295,8.41,9976.283569
1721044800,8.41,8.474,8.356,8.384,5677.552239
1721059200,8.384,8.5,8.374,8.413,14174.627741
1721073600,8.439,8.611,8.439,8.595,19096.256006
1721088000,8.597,8.651,8.533,8.593,10608.232341
1721102400,8.591,8.591,8.003,8.018,24059.902675
1721116800,8.039,8.128,7.883,8.085,18312.869771
1721131200,8.087,8.361,7.977,8.361,16828.612778
1721145600,8.362,8.362,8.12,8.203,14530.117005
1721160000,8.227,8.237,8.084,8.193,11905.657715
1721174400,8.174,8.414,8.17,8.246,17421.657187
1721188800,8.247,8.335,8.214,8.272,3275.818532
1721203200,8.205,8.256,8.07,8.107,4274.174085
1721217600,8.097,8.187,8.022,8.077,14161.010318
1721232000,8.065,8.083,7.883,8.073,9511.171959
1721246400,8.03,8.045,7.926,7.926,2639.054478
1721260800,7.92,8.045,7.92,8.017,3515.154403
1721275200,8.011,8.022,7.931,7.932,1618.588744
1721289600,7.933,8.001,7.83,8.001,6381.662109
1721304000,8.004,8.016,7.684,7.684,6376.911516
1721318400,7.684,7.775,7.567,7.748,2475.329132
1721332800,7.747,7.871,7.725,7.846,9782.94826
1721347200,7.844,7.892,7.673,7.884,2369.928152
1721361600,7.892,7.899,7.709,7.729,3343.949067
1721376000,7.738,7.779,7.686,7.779,1155.709162
1721390400,7.793,7.967,7.774,7.934,12518.630636
1721404800,7.943,8.032,7.905,7.906,14637.136704
1721419200,7.929,8.001,7.901,7.986,9388.184607
1721433600,7.999,8.009,7.887,7.957,4221.662987
1721448000,7.946,8.013,7.946,7.967,10404.436474
1721462400,7.977,7.978,7.867,7.896,3126.672739
1721476800,7.886,7.992,7.83,7.992,4679.090185
1721491200,7.997,8.044,7.922,7.98,5955.992604
1721505600,7.981,8.015,7.962,8.014,1930.485478
1721520000,8.023,8.088,7.961,8.087,6124.927152
1721534400,8.049,8.066,7.857,7.915,53236.163782
1721548800,7.904,7.984,7.904,7.92,7209.063752
1721563200,7.921,8.048,7.865,7.979,1242.046714
1721577600,7.979,8.071,7.63,7.947,17535.31609
1721592000,7.948,8.178,7.936,8.12,22170.84029
1721606400,8.159,8.159,7.996,8.002,3465.936948
1721620800,7.991,8.009,7.834,7.907,12704.880074
1721635200,7.942,8.012,7.911,7.951,3180.339757
1721649600,7.95,8.005,7.864,7.913,9950.416944
1721664000,7.914,7.993,7.89,7.993,2978.359523
1721678400,7.966,7.982,7.756,7.808,7782.10998
1721692800,7.823,7.998,7.802,7.899,2899.890949
1721707200,7.87,7.87,7.63,7.698,5281.022197
1721721600,7.72,7.95,7.72,7.947,10624.343177
1721736000,7.935,7.943,7.723,7.84,11596.953206
1721750400,7.823,7.823,7.555,7.774,18030.074806
1721764800,7.774,7.79,7.678,7.728,3311.666965
1721779200,7.698,7.76,7.616,7.677,6171.758836
1721793600,7.659,7.659,7.488,7.615,5105.711728
1721808000,7.632,7.689,7.609,7.671,2874.931556
1721822400,7.663,7.706,7.548,7.584,15075.383244
1721836800,7.559,7.628,7.464,7.464,5393.761723
1721851200,7.496,7.522,7.338,7.427,15776.401865
1721865600,7.427,7.452,7.086,7.19,18201.762696
1721880000,7.17,7.219,7.096,7.178,8820.472076
1721894400,7.174,7.213,7.132,7.179,7505.048951
1721908800,7.177,7.264,7.086,7.216,4209.156063
1721923200,7.227,7.307,7.102,7.173,2969.551746
1721937600,7.141,7.295,7.041,7.287,7928.081511
1721952000,7.306,7.487,7.285,7.436,8840.334571
1721966400,7.434,7.659,7.434,7.62,11609.332935
1721980800,7.625,7.654,7.583,7.589,9788.450239
1721995200,7.589,7.623,7.536,7.614,9887.278848
1722009600,7.627,7.678,7.6,7.655,4116.282032
1722024000,7.668,7.695,7.615,7.684,2138.85005
1722038400,7.674,7.689,7.614,7.668,11675.670242
1722052800,7.649,7.734,7.643,7.734,2055.634342
1722067200,7.729,7.779,7.711,7.779,1194.848433
1722081600,7.784,7.873,7.696,7.728,3067.28033
1722096000,7.751,7.757,7.594,7.626,2407.145895
1722110400,7.592,7.986,7.558,7.69,37278.725651
1722124800,7.666,7.666,7.571,7.571,3235.429873
1722139200,7.567,7.567,7.46,7.549,3594.162222
1722153600,7.553,7.623,7.52,7.623,1699.837049
1722168000,7.593,7.639,7.537,7.562,749.246849
1722182400,7.553,7.596,7.528,7.56,3828.404585
1722196800,7.55,7.55,7.49,7.531,4140.124546
1722211200,7.524,7.769,7.524,7.701,1275.154361
1722225600,7.729,7.855,7.72,7.826,9461.972339
1722240000,7.834,7.851,7.779,7.784,4724.363455
1722254400,7.766,7.896,7.686,7.772,16895.401526
1722268800,7.792,7.792,7.656,7.728,8369.073387
1722283200,7.733,7.753,7.66,7.697,4519.677174
1722297600,7.67,7.747,7.586,7.646,1966.1334
1722312000,7.649,7.695,7.59,7.655,1713.062029
1722326400,7.627,7.633,7.571,7.582,2243.636963
1722340800,7.571,7.602,7.494,7.545,5971.749832
1722355200,7.543,7.551,7.346,7.384,5924.756597
1722369600,7.345,7.395,7.3,7.378,4821.514205
1722384000,7.365,7.467,7.365,7.406,1632.452702
1722398400,7.402,7.454,7.318,7.422,2884.50131
1722412800,7.413,7.413,7.363,7.372,1195.790328
1722427200,7.371,7.438,7.314,7.337,3265.745378
1722441600,7.306,7.353,7.15,7.167,5339.380205
1722456000,7.163,7.221,7.143,7.167,7804.900851
1722470400,7.167,7.252,7.154,7.159,8032.422431
1722484800,7.147,7.159,7.003,7.067,4799.959787
1722499200,7.058,7.184,7.058,7.184,6658.855905
1722513600,7.171,7.197,6.959,7.09,18382.106803
1722528000,7.09,7.107,6.866,7,16504.881056
1722542400,7.03,7.214,6.996,7.184,6408.47563
1722556800,7.183,7.235,7.041,7.079,1000.99513
1722571200,7.109,7.161,7.019,7.108,5887.442751
1722585600,7.072,7.1,7.053,7.064,7420.694565
1722600000,7.059,7.11,6.557,6.722,28886.35902
1722614400,6.701,6.713,6.565,6.623,7569.872288
1722628800,6.62,6.699,6.519,6.613,12344.73082
1722643200,6.611,6.647,6.411,6.647,28174.040448
1722657600,6.644,6.708,6.637,6.668,1623.670508
1722672000,6.666,6.722,6.637,6.714,1486.380282
1722686400,6.714,6.772,6.553,6.553,12302.907956
1722700800,6.56,6.63,6.429,6.503,14640.2663
1722715200,6.514,6.659,6.46,6.659,6763.028919
1722729600,6.606,6.677,6.562,6.628,7080.688187
1722744000,6.629,6.664,6.587,6.601,4175.683842
1722758400,6.598,6.603,6.442,6.525,4677.509289
1722772800,6.527,6.527,6.193,6.212,23917.635473
1722787200,6.205,6.306,5.978,6.288,24038.96764
1722801600,6.282,6.333,6.137,6.137,5471.980316
1722816000,6.134,6.184,4.92,5.321,293933.78576
1722830400,5.309,5.492,4.811,5.199,105752.266529
1722844800,5.189,5.197,4.708,4.942,57249.971601
1722859200,4.943,5.424,4.794,5.379,40956.776607
1722873600,5.387,5.47,5.198,5.274,6933.198619
1722888000,5.276,5.442,5.275,5.358,9958.912186
1722902400,5.379,5.748,5.372,5.65,26426.419857
1722916800,5.662,5.823,5.651,5.808,5835.927249
1722931200,5.806,5.807,5.6,5.641,6855.147986
1722945600,5.647,5.894,5.584,5.821,14716.29102
1722960000,5.825,5.883,5.795,5.821,8247.801349
1722974400,5.825,5.855,5.736,5.783,17495.292437
1722988800,5.795,5.962,5.721,5.91,6702.094158
1723003200,5.911,5.975,5.87,5.912,8791.936085
1723017600,5.906,6.013,5.839,5.855,6623.93922
1723032000,5.842,5.878,5.607,5.694,10396.895139
1723046400,5.697,5.716,5.549,5.61,5896.956997
1723060800,5.618,5.696,5.534,5.652,4660.130046
1723075200,5.659,5.985,5.592,5.899,6243.070165
1723089600,5.893,6.026,5.878,5.906,5403.679536
1723104000,5.916,5.97,5.876,5.877,15975.311878
1723118400,5.871,6.069,5.845,6.005,6431.101815
1723132800,6.005,6.087,5.99,6.031,8702.18649
1723147200,6.038,6.318,6.026,6.287,7621.950599
1723161600,6.249,6.269,6.176,6.207,1464.997278
1723176000,6.226,6.232,6.121,6.202,786.368609
1723190400,6.189,6.23,6.128,6.165,720.768441
1723204800,6.176,6.184,5.968,6.002,2725.382262
1723219200,5.995,6.151,5.988,6.133,4144.506975
1723233600,6.13,6.151,6.07,6.143,5851.584639
1723248000,6.141,6.218,6.113,6.127,2199.42707
1723262400,6.113,6.175,6.1,6.175,2032.590877
1723276800,6.174,6.224,6.167,6.219,2947.58437
1723291200,6.227,6.242,6.169,6.232,2599.717572
1723305600,6.204,6.23,6.194,6.229,388.097013
1723320000,6.221,6.225,6.18,6.192,628.279119
1723334400,6.198,6.287,6.198,6.258,2648.3792
1723348800,6.252,6.283,6.223,6.283,1273.386431
1723363200,6.284,6.395,6.234,6.247,6174.854695
1723377600,6.227,6.232,6.037,6.083,1946.301767
1723392000,6.069,6.14,6.001,6.001,909.155059
1723406400,6,6,5.88,5.918,3114.811657
1723420800,5.918,5.957,5.87,5.942,1989.694937
1723435200,5.947,6.005,5.863,6.003,1765.799103
1723449600,6.016,6.296,6.003,6.237,1855.48116
1723464000,6.233,6.306,6.009,6.206,9990.167674
1723478400,6.202,6.237,6.05,6.09,3626.293449
1723492800,6.095,6.268,6.081,6.252,2417.659935
1723507200,6.229,6.278,6.144,6.148,1287.193374
1723521600,6.134,6.209,6.129,6.159,970.631387
1723536000,6.163,6.178,6.09,6.138,5411.836747
1723550400,6.156,6.24,6.147,6.214,16525.869921
1723564800,6.232,6.378,6.232,6.324,10176.68637
1723579200,6.329,6.392,6.323,6.349,2743.305823
1723593600,6.34,6.365,6.266,6.365,7841.547318
1723608000,6.342,6.494,6.342,6.476,11921.368497
1723622400,6.476,6.504,6.418,6.442,6751.293256
1723636800,6.425,6.487,6.225,6.396,6585.773819
1723651200,6.366,6.389,6.339,6.368,3190.133536
1723665600,6.373,6.451,6.325,6.451,11411.929556
1723680000,6.429,6.442,6.305,6.31,7353.472423
1723694400,6.309,6.312,6.21,6.253,1797.943503
1723708800,6.253,6.316,6.237,6.315,1580.000297
1723723200,6.327,6.422,6.304,6.4,6578.286891
1723737600,6.416,6.428,6.084,6.116,6865.061316
1723752000,6.119,6.287,6.087,6.204,11068.417117
1723766400,6.21,6.364,6.21,6.3,6654.677881
1723780800,6.303,6.42,6.303,6.39,5402.565368
1723795200,6.39,6.489,6.374,6.453,17282.47933
1723809600,6.446,6.453,6.263,6.282,6694.677723
1723824000,6.297,6.566,6.297,6.557,10845.174868
1723838400,6.563,6.617,6.487,6.501,12859.065108
1723852800,6.5,6.543,6.452,6.53,9033.609753
1723867200,6.529,6.529,6.442,6.445,1131.133057
1723881600,6.451,6.469,6.409,6.413,2472.238149
1723896000,6.413,6.463,6.345,6.345,5872.12711
1723910400,6.348,6.423,6.348,6.423,7088.10717
1723924800,6.419,6.423,6.371,6.413,2411.73476
1723939200,6.414,6.431,6.368,6.368,6930.499925
1723953600,6.351,6.37,6.299,6.303,1877.806363
1723968000,6.31,6.439,6.305,6.391,7191.485131
1723982400,6.394,6.414,6.338,6.347,3412.036782
1723996800,6.34,6.351,6.225,6.225,7690.513203
1724011200,6.225,6.244,6.173,6.173,2878.461253
1724025600,6.156,6.256,6.142,6.254,6685.150837
1724040000,6.249,6.258,6.194,6.194,2831.755959
1724054400,6.177,6.216,6.124,6.142,2410.742975
1724068800,6.149,6.191,6.074,6.084,16611.979632
1724083200,6.062,6.193,6.039,6.176,4142.807615
1724097600,6.171,6.204,6.166,6.203,1087.556363
1724112000,6.197,6.422,6.197,6.421,11038.332339
1724126400,6.416,6.474,6.364,6.379,2921.070353
1724140800,6.367,6.411,6.359,6.394,1119.864757
1724155200,6.388,6.399,6.121,6.144,6149.553905
1724169600,6.163,6.216,6.127,6.214,8755.455761
1724184000,6.232,6.29,6.209,6.266,1876.130699
1724198400,6.287,6.421,6.25,6.377,4630.426181
1724212800,6.39,6.554,6.376,6.527,11508.929332
1724227200,6.528,6.535,6.373,6.468,3661.044578
1724241600,6.436,6.618,6.345,6.593,7982.740459
1724256000,6.601,7.13,6.564,7.093,52337.295541
1724270400,7.091,7.214,7.056,7.102,26373.117846
1724284800,7.101,7.112,6.92,6.971,16805.21461
1724299200,6.97,7.034,6.97,6.973,55667.942598
1724313600,6.957,7.014,6.887,7.014,91558.306156
1724328000,6.977,6.986,6.888,6.899,23063.501117
1724342400,6.899,6.923,6.885,6.892,5871.361937
1724356800,6.907,6.933,6.896,6.92,930.792136
1724371200,6.908,6.961,6.883,6.894,8488.748647
1724385600,6.884,6.998,6.872,6.92,6801.369203
1724400000,6.923,6.965,6.833,6.844,131284.657474
1724414400,6.858,6.989,6.81,6.904,47060.339312
1724428800,6.887,7.058,6.833,6.985,69243.172824
1724443200,6.99,7.096,6.99,7.005,28510.19307
1724457600,7.011,7.105,6.969,6.985,8807.916438
1724472000,6.969,7.007,6.913,6.994,3011.811181
1724486400,6.991,7.091,6.963,6.978,5203.350059
1724500800,6.971,7.063,6.918,7.011,52348.451477
1724515200,7.024,7.12,7.004,7.068,30623.425354
1724529600,7.058,7.074,6.835,6.92,28542.050363
1724544000,6.924,6.933,6.729,6.814,12088.613695
1724558400,6.781,6.871,6.675,6.716,20989.379004
1724572800,6.696,6.768,6.686,6.7,31586.239783
1724587200,6.691,6.823,6.681,6.723,4217.839713
1724601600,6.738,6.745,6.621,6.65,15350.318404
1724616000,6.644,6.738,6.613,6.627,6574.842034
1724630400,6.633,6.665,6.532,6.611,8430.873801
1724644800,6.612,6.632,6.546,6.557,3913.672189
1724659200,6.549,6.643,6.518,6.607,9159.387656
1724673600,6.595,6.608,6.414,6.427,58886.528718
1724688000,6.406,6.45,6.279,6.307,9501.634499
1724702400,6.294,6.337,6.252,6.295,11191.977301
1724716800,6.296,6.343,6.262,6.294,2381.475302
1724731200,6.294,6.338,6.183,6.219,43283.738039
1724745600,6.223,6.232,6.056,6.091,12880.860806
1724760000,6.072,6.124,5.993,6.029,13748.264603
1724774400,6.029,6.077,6,6,20709.427853
1724788800,6.005,6.023,5.61,5.722,39838.103535
1724803200,5.71,5.759,5.64,5.737,10907.056829
1724817600,5.725,5.773,5.631,5.634,15339.303048
1724832000,5.63,5.923,5.618,5.821,9541.557413
1724846400,5.818,5.853,5.694,5.732,5241.630849
1724860800,5.715,5.798,5.594,5.736,16539.919973
1724875200,5.723,5.809,5.702,5.769,3019.641656
1724889600,5.766,5.796,5.758,5.774,8161.874213
1724904000,5.783,5.869,5.749,5.854,5325.234913
1724918400,5.831,5.973,5.824,5.949,5336.383641
1724932800,5.932,6.003,5.917,5.979,1393.586873
1724947200,5.986,5.991,5.736,5.797,9592.596666
1724961600,5.81,5.839,5.752,5.83,1153.058496
1724976000,5.832,5.867,5.801,5.805,1613.945687
1724990400,5.814,5.839,5.767,5.786,4840.050007
1725004800,5.801,5.861,5.797,5.861,3641.167762
1725019200,5.851,5.91,5.595,5.627,12725.860258
1725033600,5.61,5.888,5.61,5.828,6338.99461
1725048000,5.828,5.89,5.825,5.887,479.405208
1725062400,5.882,5.921,5.851,5.885,1439.34391
1725076800,5.894,6.004,5.894,5.978,15304.43457
1725091200,5.986,5.988,5.88,5.95,9427.314418
1725105600,5.944,5.979,5.925,5.974,6225.088457
1725120000,5.984,6.092,5.906,5.935,31398.247091
1725134400,5.913,5.958,5.913,5.942,430.294378
1725148800,5.949,5.951,5.778,5.841,5652.694558
1725163200,5.818,5.835,5.734,5.776,10733.691968
1725177600,5.778,5.804,5.712,5.744,9404.746913
1725192000,5.747,5.754,5.655,5.744,8487.446825
1725206400,5.748,5.771,5.658,5.746,4090.669304
1725220800,5.751,5.78,5.546,5.619,9543.779127
1725235200,5.619,5.693,5.619,5.671,17693.199177
1725249600,5.639,5.697,5.594,5.695,6483.947086
1725264000,5.7,6.112,5.697,6.015,107365.891645
1725278400,6.016,6.147,5.928,6.137,42615.623045
1725292800,6.15,6.202,6.112,6.133,21705.443778
1725307200,6.148,6.209,6.101,6.101,3040.125649
1725321600,6.102,6.183,6.095,6.161,8205.741297
1725336000,6.146,6.267,6.136,6.257,20861.844071
1725350400,6.259,6.277,6.168,6.256,14515.603966
1725364800,6.26,6.301,6.043,6.05,29712.016398
1725379200,6.05,6.141,6.05,6.088,15279.711651
1725393600,6.101,6.212,6.029,6.029,18739.514258
1725408000,6.039,6.166,5.79,6.104,28515.032295
1725422400,6.079,6.272,6.078,6.271,25849.733887
1725436800,6.271,6.34,6.144,6.188,11806.616607
1725451200,6.192,6.645,6.155,6.397,104930.499675
1725465600,6.403,6.593,6.345,6.444,34967.241367
1725480000,6.441,6.526,6.398,6.429,37945.523088
1725494400,6.432,6.505,6.318,6.336,3548.216826
1725508800,6.329,6.377,6.239,6.278,22286.970753
1725523200,6.264,6.283,6.247,6.279,1710.001125
1725537600,6.278,6.291,6.172,6.231,8501.927006
1725552000,6.238,6.285,6.216,6.245,8471.388907
1725566400,6.247,6.323,6.229,6.307,4269.849712
1725580800,6.307,6.33,6.258,6.316,8189.002591
1725595200,6.302,6.302,6.123,6.178,8074.543738
1725609600,6.182,6.235,6.168,6.227,12947.572858
1725624000,6.203,6.303,6.107,6.159,7213.986967
1725638400,6.156,6.163,6.038,6.076,14007.577024
1725652800,6.065,6.18,5.88,6.169,10152.311548
1725667200,6.179,6.212,6.12,6.156,5742.849697
1725681600,6.157,6.304,6.157,6.293,26774.0168
1725696000,6.294,6.508,6.294,6.464,23094.342742
1725710400,6.467,6.51,6.426,6.467,6600.824374
1725724800,6.473,6.501,6.428,6.449,28659.904175
1725739200,6.44,6.44,6.381,6.428,5969.253871
1725753600,6.423,6.5,6.395,6.449,4872.396382
1725768000,6.448,6.471,6.4,6.422,3019.369975
1725782400,6.419,6.441,6.341,6.354,12100.244057
1725796800,6.352,6.37,6.263,6.263,7941.773005
1725811200,6.254,6.335,6.249,6.335,1705.829092
1725825600,6.328,6.422,6.288,6.343,5779.487607
1725840000,6.347,6.462,6.337,6.462,6456.030402
1725854400,6.467,6.695,6.406,6.675,18165.872531
1725868800,6.676,6.727,6.6,6.645,7761.322648
1725883200,6.647,6.668,6.524,6.548,7878.032932
1725897600,6.548,6.693,6.548,6.671,7724.254704
1725912000,6.671,6.746,6.638,6.731,2981.558857
1725926400,6.731,6.732,6.583,6.584,6222.275619
1725940800,6.584,6.594,6.507,6.556,9466.506415
1725955200,6.56,6.631,6.512,6.611,5164.113068
1725969600,6.611,6.619,6.52,6.606,4602.255229
1725984000,6.551,6.822,6.551,6.731,24543.722233
1725998400,6.739,6.754,6.695,6.706,1331.408098
1726012800,6.712,6.747,6.614,6.67,6807.930283
1726027200,6.676,6.735,6.544,6.734,30398.687161
1726041600,6.723,6.772,6.692,6.745,16565.957159
1726056000,6.708,6.832,6.564,6.729,17292.138797
1726070400,6.751,6.987,6.751,6.924,47093.515013
1726084800,6.929,6.939,6.752,6.753,18882.840433
1726099200,6.759,6.925,6.725,6.911,20345.208163
1726113600,6.91,6.927,6.724,6.732,11602.336927
1726128000,6.736,6.778,6.697,6.71,15088.93822
1726142400,6.709,6.734,6.625,6.649,5297.153944
1726156800,6.657,6.859,6.656,6.823,35450.416183
1726171200,6.799,6.878,6.738,6.796,23572.686622
1726185600,6.796,6.796,6.702,6.713,2213.087208
1726200000,6.7,6.749,6.691,6.749,5816.145696
1726214400,6.726,6.916,6.71,6.885,13372.921543
1726228800,6.887,7.088,6.835,7.028,20662.763989
1726243200,7.034,7.05,6.914,6.914,7859.793933
1726257600,6.912,6.941,6.894,6.937,4952.310002
1726272000,6.926,6.926,6.761,6.788,25893.260325
1726286400,6.782,6.805,6.732,6.732,6386.896455
1726300800,6.733,6.733,6.673,6.68,5412.599469
1726315200,6.685,6.719,6.664,6.704,1563.074606
1726329600,6.696,6.696,6.603,6.656,9277.212503
1726344000,6.669,6.686,6.653,6.674,858.6386
1726358400,6.663,6.76,6.663,6.743,7600.279406
1726372800,6.749,6.785,6.737,6.785,2883.349886
1726387200,6.791,6.808,6.729,6.776,10373.143243
1726401600,6.773,6.844,6.734,6.814,2737.467123
1726416000,6.809,6.809,6.634,6.661,1967.067623
1726430400,6.65,6.657,6.47,6.537,6331.12612
1726444800,6.537,6.561,6.365,6.431,12186.174115
1726459200,6.426,6.507,6.421,6.507,521.555362
1726473600,6.506,6.552,6.425,6.464,4860.006038
1726488000,6.464,6.464,6.357,6.405,8953.671687
1726502400,6.386,6.39,6.31,6.377,1632.316278
1726516800,6.371,6.412,6.344,6.412,805.07118
1726531200,6.419,6.478,6.346,6.443,8546.881301
1726545600,6.437,6.643,6.437,6.615,39470.249661
1726560000,6.643,6.655,6.569,6.57,4447.62947
1726574400,6.568,6.975,6.568,6.963,22467.291701
1726588800,6.964,7.138,6.78,6.805,46207.73871
1726603200,6.817,6.835,6.752,6.784,1499.426955
1726617600,6.77,6.77,6.62,6.673,21762.50703
1726632000,6.65,6.668,6.595,6.649,2133.804866
1726646400,6.617,6.617,6.494,6.556,1395.339285
1726660800,6.521,6.547,6.427,6.438,3779.36285
1726675200,6.425,6.659,6.393,6.567,33371.846044
1726689600,6.545,6.767,6.513,6.767,4759.923941
1726704000,6.77,6.899,6.742,6.877,18514.015855
1726718400,6.883,6.901,6.816,6.853,10027.927634
1726732800,6.872,6.873,6.777,6.829,2754.535422
1726747200,6.831,6.873,6.732,6.742,8768.968814
1726761600,6.757,6.897,6.757,6.786,41727.930896
1726776000,6.801,6.838,6.768,6.811,3248.369336
1726790400,6.808,6.849,6.685,6.849,27974.876921
1726804800,6.849,6.981,6.849,6.946,8656.197335
1726819200,6.929,6.932,6.762,6.796,8199.657215
1726833600,6.797,6.829,6.688,6.773,15898.493951
1726848000,6.767,6.795,6.702,6.747,3520.781135
1726862400,6.744,6.83,6.727,6.827,6837.442591
1726876800,6.83,6.896,6.769,6.769,4274.636077
1726891200,6.757,6.767,6.688,6.767,2474.082658
1726905600,6.764,6.787,6.735,6.735,10475.202124
1726920000,6.767,6.896,6.762,6.811,11585.944836
1726934400,6.827,6.892,6.823,6.884,12916.445131
1726948800,6.877,6.926,6.862,6.903,5033.950094
1726963200,6.908,6.908,6.757,6.79,1896.845159
1726977600,6.794,6.794,6.636,6.696,27032.295375
1726992000,6.699,6.709,6.618,6.663,17684.423516
1727006400,6.654,6.691,6.606,6.623,4978.087658
1727020800,6.602,6.659,6.575,6.659,3782.010833
1727035200,6.657,6.675,6.492,6.641,5151.124857
1727049600,6.635,6.94,6.54,6.873,58559.550942
1727064000,6.887,6.9,6.698,6.707,13651.98707
1727078400,6.694,6.755,6.665,6.744,5417.990746
1727092800,6.75,6.881,6.694,6.872,4575.627816
1727107200,6.877,6.912,6.821,6.873,8260.068138
1727121600,6.881,6.898,6.82,6.844,5121.799572
1727136000,6.834,6.874,6.745,6.874,11370.759999
1727150400,6.875,6.957,6.834,6.957,8713.027597
1727164800,6.959,7.029,6.907,6.935,2719.202516
1727179200,6.938,6.947,6.782,6.872,8645.062199
1727193600,6.854,6.927,6.854,6.925,8365.317141
1727208000,6.927,6.968,6.895,6.926,3215.971808
1727222400,6.929,7.002,6.907,6.975,6629.9469
1727236800,7.001,7.041,6.826,6.89,29759.492316
1727251200,6.897,6.911,6.83,6.893,15895.598549
1727265600,6.883,6.926,6.822,6.864,15144.527063
1727280000,6.863,6.951,6.816,6.816,3939.37243
1727294400,6.822,6.863,6.75,6.78,7318.824466
1727308800,6.778,6.844,6.678,6.843,3304.075149
1727323200,6.827,7.036,6.805,7.031,6006.771151
1727337600,7.024,7.148,6.971,7.108,40479.69446
1727352000,7.109,7.338,7.08,7.303,65986.502448
1727366400,7.31,7.369,7.223,7.283,17062.935049
1727380800,7.295,7.393,7.229,7.359,75224.69994
1727395200,7.351,7.394,7.293,7.394,11147.852279
1727409600,7.392,7.443,7.365,7.366,6220.530429
1727424000,7.358,7.479,7.358,7.457,5040.63197
1727438400,7.446,7.575,7.426,7.514,9709.319465
1727452800,7.544,7.706,7.451,7.494,16211.116386
1727467200,7.515,7.715,7.479,7.624,17271.885419
1727481600,7.624,7.866,7.624,7.821,11824.792663
1727496000,7.819,7.819,7.532,7.532,19146.01613
1727510400,7.531,7.609,7.395,7.59,4632.354333
1727524800,7.554,7.722,7.521,7.674,11515.481472
1727539200,7.674,7.674,7.01,7.622,81876.958516
1727553600,7.622,7.623,7.497,7.613,9156.083699
1727568000,7.592,7.619,7.504,7.54,6658.2733
1727582400,7.526,7.527,7.408,7.41,4982.502473
1727596800,7.415,7.48,7.394,7.456,2137.144223
1727611200,7.461,7.487,7.38,7.446,29306.184486
1727625600,7.447,7.533,7.357,7.533,4202.520033
1727640000,7.535,7.557,7.416,7.416,3747.986061
1727654400,7.474,7.48,7.284,7.385,8910.491621
1727668800,7.374,7.591,7.374,7.555,9281.520708
1727683200,7.555,7.621,7.418,7.553,25444.056134
1727697600,7.542,7.741,7.525,7.525,21502.675703
1727712000,7.521,7.591,7.442,7.463,28779.831304
1727726400,7.456,7.626,7.327,7.4,9576.590174
1727740800,7.388,7.63,7.347,7.63,6274.229969
1727755200,7.631,7.791,7.609,7.741,7786.112355
1727769600,7.756,7.849,7.684,7.684,10288.156088
1727784000,7.691,7.717,6.998,7.197,56127.143663
1727798400,7.171,7.204,6.782,7.006,19471.532101
1727812800,6.975,6.984,6.819,6.868,4058.22604
1727827200,6.865,7.057,6.821,7.027,6212.822338
1727841600,7.004,7.248,6.992,7.191,5685.506649
1727856000,7.205,7.286,6.99,7.028,12282.363348
1727870400,7.015,7.033,6.849,7.009,10297.636058
1727884800,7.01,7.117,6.63,6.693,25101.749223
1727899200,6.658,6.739,6.619,6.682,5329.446989
1727913600,6.678,6.783,6.604,6.763,3923.101235
1727928000,6.762,6.762,6.588,6.588,2155.1289
1727942400,6.582,6.621,6.408,6.55,7588.670902
1727956800,6.519,6.634,6.39,6.525,5985.151645
1727971200,6.457,6.55,6.417,6.515,1818.883564
1727985600,6.551,6.582,6.481,6.561,2660.745031
1728000000,6.572,6.671,6.534,6.628,1727.67035
1728014400,6.677,6.783,6.677,6.776,9499.150571
1728028800,6.782,6.811,6.677,6.684,9881.081863
1728043200,6.7,6.735,6.58,6.713,90284.447291
1728057600,6.718,6.806,6.702,6.758,5922.433889
1728072000,6.762,6.764,6.692,6.716,2792.769733
1728086400,6.711,6.766,6.647,6.695,491.255785
1728100800,6.68,6.805,6.679,6.757,1019.378771
1728115200,6.786,6.788,6.733,6.749,3063.242086
1728129600,6.76,6.881,6.76,6.881,14404.417989
1728144000,6.873,6.887,6.772,6.777,8839.77181
1728158400,6.774,6.839,6.753,6.831,2316.700274
1728172800,6.801,6.87,6.801,6.817,5167.625493
1728187200,6.821,6.852,6.782,6.824,275.500853
1728201600,6.826,6.847,6.807,6.807,779.251973
1728216000,6.838,6.975,6.838,6.963,3191.08268
1728230400,6.954,6.984,6.912,6.936,9528.841868
1728244800,6.923,7.082,6.923,7.081,4890.10575
1728259200,7.082,7.413,7.082,7.256,19643.565721
1728273600,7.265,7.357,7.23,7.305,2890.665376
1728288000,7.323,7.376,7.166,7.335,7340.19475
1728302400,7.323,7.459,7.29,7.353,18880.664655
1728316800,7.381,7.454,7.281,7.312,21476.491046
1728331200,7.325,7.357,7.192,7.226,9119.041631
1728345600,7.235,7.257,7.17,7.225,3079.1417
1728360000,7.227,7.293,7.069,7.095,4008.070479
1728374400,7.091,7.164,7.076,7.158,3836.227411
1728388800,7.147,7.197,6.995,7.08,6379.137405
1728403200,7.068,7.141,7.036,7.113,5543.871887
1728417600,7.1,7.208,7.1,7.173,3740.3459
1728432000,7.183,7.231,7.125,7.142,486.382407
1728446400,7.121,7.164,7.069,7.111,2665.500685
1728460800,7.116,7.245,7.114,7.231,5548.417675
1728475200,7.217,7.375,7.139,7.369,5834.71592
1728489600,7.318,7.33,7.207,7.292,4889.344765
1728504000,7.271,7.293,7.061,7.293,12188.37561
1728518400,7.281,7.42,7.214,7.42,10744.108058
1728532800,7.408,7.676,7.397,7.563,31826.298331
1728547200,7.587,7.962,7.587,7.744,107463.842676
1728561600,7.748,8.301,7.71,8.301,144938.16596
1728576000,8.309,8.457,7.879,8.064,132672.978615
1728590400,8.05,8.185,7.937,8.126,44291.906426
1728604800,8.12,8.2,7.973,8.055,29823.487642
1728619200,8.048,8.208,7.862,8.143,59517.684874
1728633600,8.127,8.226,8.012,8.056,17072.525395
1728648000,8.055,8.13,7.887,7.961,17654.451915
1728662400,7.95,8.022,7.875,7.903,21136.956038
1728676800,7.904,7.967,7.836,7.879,6298.085174
1728691200,7.876,7.895,7.776,7.778,13728.010442
1728705600,7.784,7.862,7.752,7.85,5801.03914
1728720000,7.843,8.026,7.837,7.944,21869.992915
1728734400,7.928,8.043,7.901,7.901,22812.773722
1728748800,7.941,8.219,7.941,8.192,35597.787565
1728763200,8.187,8.301,8.118,8.127,13583.453044
1728777600,8.122,8.136,7.928,8.013,5963.63138
1728792000,7.991,8.053,7.958,7.966,5946.340689
1728806400,7.961,7.971,7.895,7.908,5508.059147
1728820800,7.902,7.959,7.64,7.643,43828.118179
1728835200,7.642,7.714,7.567,7.693,22791.460551
1728849600,7.684,7.73,7.59,7.691,4284.106749
1728864000,7.676,7.875,7.604,7.77,5629.684357
1728878400,7.804,7.934,7.747,7.855,17088.450242
1728892800,7.851,8.063,7.802,8.04,6358.850286
1728907200,8.012,8.259,7.993,8.222,16410.872164
1728921600,8.222,8.302,8.143,8.143,15664.682131
1728936000,8.148,8.167,8.095,8.131,3766.847555
1728950400,8.126,8.294,8.082,8.113,10355.083471
1728964800,8.103,8.132,7.979,8.041,4980.985858
1728979200,8.04,8.049,7.813,7.857,17080.689461
1728993600,7.861,8.169,7.683,7.786,28591.985367
1729008000,7.792,7.932,7.749,7.782,16351.460659
1729022400,7.781,7.852,7.689,7.843,8820.887478
1729036800,7.834,8,7.732,7.948,17262.370337
1729051200,7.95,7.971,7.699,7.735,8847.084883
1729065600,7.72,7.822,7.719,7.77,7403.76878
1729080000,7.759,7.826,7.579,7.6,17189.387928
1729094400,7.612,7.683,7.561,7.631,16715.148873
1729108800,7.631,7.7,7.569,7.576,6908.960638
1729123200,7.579,7.64,7.554,7.64,4616.468984
1729137600,7.642,7.66,7.423,7.492,14721.127741
1729152000,7.498,7.502,7.308,7.331,8545.353627
1729166400,7.319,7.43,7.319,7.416,4266.584602
1729180800,7.408,7.409,7.194,7.304,13708.583513
1729195200,7.306,7.387,7.306,7.338,10058.958213
1729209600,7.352,7.494,7.329,7.398,18384.347132
1729224000,7.398,7.507,7.398,7.478,5855.547408
1729238400,7.489,7.499,7.401,7.401,1405.160252
1729252800,7.399,7.507,7.357,7.5,27783.86039
1729267200,7.49,7.495,7.425,7.434,5309.87193
1729281600,7.438,7.464,7.367,7.464,8815.727788
1729296000,7.463,7.587,7.457,7.518,5601.114273
1729310400,7.513,7.535,7.478,7.483,896.306133
1729324800,7.489,7.496,7.376,7.376,1225.226055
1729339200,7.375,7.487,7.372,7.444,2301.642685
1729353600,7.425,7.425,7.31,7.317,2918.663465
1729368000,7.319,7.373,7.313,7.323,4387.488956
1729382400,7.34,7.345,7.294,7.318,6978.430271
1729396800,7.327,7.417,7.307,7.407,3319.181374
1729411200,7.417,7.486,7.383,7.48,5864.223247
1729425600,7.487,7.77,7.459,7.628,29073.277586
1729440000,7.627,7.735,7.605,7.636,8464.904957
1729454400,7.639,7.763,7.639,7.753,16081.909532
1729468800,7.757,7.792,7.672,7.682,6433.844125
1729483200,7.67,7.752,7.636,7.658,7645.948538
1729497600,7.679,7.683,7.569,7.636,7571.095223
1729512000,7.626,7.629,7.415,7.516,13848.025111
1729526400,7.499,7.707,7.445,7.7,13645.563302
1729540800,7.688,7.958,7.688,7.786,28510.749058
1729555200,7.812,7.944,7.704,7.886,16187.00089
1729569600,7.885,8.68,7.83,8.129,163403.578901
1729584000,8.128,8.231,7.973,8.108,28282.545965
1729598400,8.107,8.174,7.934,8.046,12901.047449
1729612800,8.043,8.08,7.871,8.059,12910.115884
1729627200,8.051,8.102,7.987,7.991,16939.971203
1729641600,8.008,8.013,7.769,7.81,3913.240419
1729656000,7.814,7.814,7.741,7.753,2786.41162
1729670400,7.747,7.766,7.658,7.679,20648.979604
1729684800,7.676,7.8,7.654,7.678,12692.355175
1729699200,7.653,7.701,7.487,7.687,12112.82245
1729713600,7.699,7.87,7.69,7.852,5961.982715
1729728000,7.875,8.132,7.843,8.031,7504.834713
1729742400,8.033,8.092,7.985,8.012,14805.115925
1729756800,8.046,8.132,7.972,8.057,26890.341443
1729771200,8.088,8.2,8,8.005,19687.716571
1729785600,8.002,8.076,7.924,8.032,8657.945313
1729800000,8.032,8.063,7.979,8.036,8627.166976
1729814400,8.04,8.182,8.04,8.067,10851.79234
1729828800,8.059,8.059,7.859,7.868,7868.203046
1729843200,7.856,8.031,7.761,8.031,12494.149848
1729857600,8.038,8.105,7.939,8.017,21377.301729
1729872000,8.019,8.146,7.706,7.884,23098.361831
1729886400,7.879,7.92,7.178,7.436,21084.453503
1729900800,7.399,7.762,7.31,7.717,16143.596827
1729915200,7.703,7.711,7.509,7.547,6347.427004
1729929600,7.546,7.625,7.51,7.545,12084.238674
1729944000,7.542,7.549,7.284,7.298,23021.623199
1729958400,7.296,7.434,7.284,7.41,5494.520501
1729972800,7.409,7.467,7.372,7.435,8416.387951
1729987200,7.406,7.645,7.368,7.645,22754.466086
1730001600,7.647,7.79,7.549,7.583,17762.239476
1730016000,7.614,7.617,7.416,7.437,6785.551405
1730030400,7.434,7.493,7.367,7.476,10698.575258
1730044800,7.484,7.569,7.484,7.527,3089.201312
1730059200,7.56,7.593,7.456,7.529,6466.156799
1730073600,7.515,7.624,7.363,7.368,6380.236485
1730088000,7.419,7.526,7.303,7.505,13655.186211
1730102400,7.505,7.545,7.418,7.511,4655.954853
1730116800,7.521,7.574,7.46,7.505,16123.598422
1730131200,7.485,7.636,7.399,7.609,6381.329769
1730145600,7.625,7.782,7.619,7.778,11571.872715
1730160000,7.782,7.995,7.757,7.921,21679.115882
1730174400,7.938,7.951,7.825,7.895,6715.734985
1730188800,7.9,7.943,7.877,7.895,4035.662525
1730203200,7.88,7.924,7.775,7.85,10981.387501
1730217600,7.863,7.988,7.857,7.898,7269.922011
1730232000,7.91,8.003,7.825,7.925,3703.10173
1730246400,7.941,7.959,7.831,7.942,5974.983939
1730260800,7.939,8.064,7.907,8.006,5010.16864
1730275200,7.989,8.095,7.934,8.015,7014.568115
1730289600,8.01,8.231,7.937,8.173,10033.840646
1730304000,8.21,8.28,8.113,8.199,13703.652076
1730318400,8.192,8.318,8.114,8.114,9962.956874
1730332800,8.114,8.171,8.007,8.007,6161.67843
1730347200,8.003,8.011,7.939,7.966,6417.16144
1730361600,7.965,7.965,7.844,7.855,11409.772943
1730376000,7.858,7.894,7.665,7.703,22884.596028
1730390400,7.681,7.734,7.496,7.496,22247.644348
1730404800,7.492,7.672,7.485,7.625,11655.816158
1730419200,7.61,7.831,7.561,7.712,14145.775991
1730433600,7.72,7.809,7.687,7.713,10097.394841
1730448000,7.728,7.853,7.714,7.796,14815.403683
1730462400,7.78,8.03,7.72,7.805,34540.552311
1730476800,7.84,7.884,7.572,7.598,17779.081652
1730491200,7.589,7.645,7.521,7.553,15864.642211
1730505600,7.553,7.756,7.535,7.572,6371.930585
1730520000,7.579,7.58,7.477,7.477,6687.679693
1730534400,7.487,7.499,7.408,7.413,3068.056912
1730548800,7.418,7.418,7.317,7.323,14508.37787
1730563200,7.345,7.409,7.321,7.407,6976.542503
1730577600,7.382,7.401,7.328,7.388,3412.648679
1730592000,7.388,7.423,7.102,7.199,18383.941083
1730606400,7.229,7.229,7.146,7.152,6755.990898
1730620800,7.143,7.212,7.13,7.13,3144.441579
1730635200,7.161,7.188,6.838,6.974,16035.194573
1730649600,6.956,7.013,6.839,6.971,6202.604025
1730664000,6.977,7.093,6.966,7.045,5965.216725
1730678400,7.007,7.128,6.957,7.036,2383.792175
1730692800,7.031,7.046,6.876,6.882,8787.274543
1730707200,6.893,6.968,6.853,6.94,5071.045529
1730721600,6.94,6.983,6.858,6.877,2285.196166
1730736000,6.872,6.893,6.766,6.825,7660.963743
1730750400,6.844,6.852,6.621,6.778,15786.150223
1730764800,6.775,6.882,6.773,6.847,3785.729155
1730779200,6.855,6.946,6.849,6.946,1440.514704
1730793600,6.942,6.971,6.896,6.971,10697.313871
1730808000,6.974,7.218,6.971,7.077,7993.51175
1730822400,7.08,7.266,7.001,7.009,5681.741066
1730836800,7.009,7.208,6.995,7.197,10035.638309
1730851200,7.212,8.242,7.212,8.242,119624.176579
1730865600,8.244,9.467,8.231,8.858,185851.200317
1730880000,8.904,9.205,8.593,9.062,81815.819577
1730894400,9.066,9.342,9.027,9.313,107475.197058
1730908800,9.29,9.373,9.176,9.311,55263.25404
1730923200,9.32,9.697,9.238,9.292,47859.176865
1730937600,9.327,9.543,9.208,9.238,66693.385051
1730952000,9.239,9.263,8.828,8.947,35991.666892
1730966400,8.922,8.965,8.878,8.929,23107.216066
1730980800,8.932,9.213,8.913,9.114,17127.561431
1730995200,9.102,9.181,9.011,9.083,10519.65111
1731009600,9.088,9.116,8.837,8.902,19520.568405
1731024000,8.907,9.045,8.817,8.893,39078.625127
1731038400,8.882,8.955,8.728,8.748,13698.912219
1731052800,8.747,8.771,8.695,8.748,13989.393138
1731067200,8.753,9.041,8.669,8.801,35863.396992
1731081600,8.787,8.798,8.535,8.73,13057.797555
1731096000,8.726,8.87,8.642,8.853,18634.356971
1731110400,8.843,8.918,8.684,8.684,46617.839483
1731124800,8.691,9.13,8.691,9.036,54120.873866
1731139200,9.051,9.166,8.978,9.108,29968.032557
1731153600,9.098,9.11,8.886,8.959,37264.925467
1731168000,8.951,9.184,8.804,9.092,10269.001017
1731182400,9.094,9.333,8.987,9.234,32481.108268
1731196800,9.249,9.36,9.079,9.225,40949.627655
1731211200,9.221,9.537,9.192,9.252,51435.266515
1731225600,9.238,9.322,9.135,9.319,34611.818257
1731240000,9.322,9.626,9.214,9.413,95602.583459
1731254400,9.387,9.499,9.091,9.175,69768.804506
1731268800,9.19,9.346,8.699,9.231,88179.328937
1731283200,9.207,9.4,9.193,9.34,28327.689396
1731297600,9.341,9.341,8.776,8.973,29390.027348
1731312000,8.965,9.075,8.85,9.075,33615.167106
1731326400,9.078,9.191,8.792,9.064,52724.350972
1731340800,9.077,9.27,9.075,9.134,42112.105812
1731355200,9.123,9.382,8.929,9.349,59073.593749
1731369600,9.346,10.813,8.949,9.862,170928.356886
1731384000,9.854,9.893,9.512,9.72,66734.357536
1731398400,9.717,9.873,8.836,9.16,105805.801185
1731412800,9.131,9.259,8.747,8.823,40925.970452
1731427200,8.838,8.962,8.644,8.936,46311.598973
1731441600,8.936,9.14,8.796,8.955,28237.047032
1731456000,8.958,9.075,8.526,8.526,34616.211716
1731470400,8.531,8.685,8.26,8.483,36249.333585
1731484800,8.47,8.578,8.355,8.488,27884.115256
1731499200,8.477,9.166,8.402,9.081,93801.052304
1731513600,9.072,9.129,8.431,8.476,35320.936965
1731528000,8.469,8.658,8.336,8.624,15406.851923
1731542400,8.62,8.664,8.438,8.59,29930.658816
1731556800,8.592,8.83,8.562,8.715,26593.397487
1731571200,8.736,8.771,8.382,8.479,10747.321137
1731585600,8.451,8.537,8.14,8.249,23077.401937
1731600000,8.235,8.619,8.212,8.537,69116.922048
1731614400,8.513,8.513,8.063,8.183,48960.527023
1731628800,8.185,8.289,8.041,8.169,31379.080768
1731643200,8.166,8.166,7.87,8.074,46270.006481
1731657600,8.075,8.319,7.994,8.289,21691.154458
1731672000,8.284,8.341,7.935,7.982,24621.542422
1731686400,7.982,8.337,7.963,8.287,14911.205874
1731700800,8.289,8.595,8.289,8.568,18219.372621
1731715200,8.549,8.872,8.514,8.825,20627.596036
1731729600,8.827,8.856,8.699,8.792,18923.38641
1731744000,8.797,9.074,8.781,9.071,27842.420228
1731758400,9.074,9.182,8.806,8.927,50094.795716
1731772800,8.927,9.244,8.927,9.157,45809.148611
1731787200,9.158,9.231,9.031,9.074,38300.357766
1731801600,9.077,9.335,8.63,8.851,50859.893289
1731816000,8.852,9.106,8.81,9.044,13837.441066
1731830400,9.034,9.112,8.854,8.854,19085.366841
1731844800,8.854,8.979,8.83,8.875,20939.471257
1731859200,8.869,8.973,8.705,8.813,20228.213789
1731873600,8.805,8.857,8.588,8.74,18279.106998
1731888000,8.752,9.248,8.727,9.027,96102.007532
1731902400,9.028,9.255,9.014,9.226,23457.489822
1731916800,9.226,9.363,8.942,8.951,21685.264026
1731931200,8.982,9.25,8.848,9.218,42782.652171
1731945600,9.226,9.387,8.876,9.023,62274.761573
1731960000,9.017,9.285,8.991,9.249,13986.24196
1731974400,9.25,9.35,9.127,9.153,12715.661915
1731988800,9.172,9.324,9.127,9.158,7282.363565
1732003200,9.207,9.581,9.157,9.526,59275.644069
1732017600,9.508,9.637,9.201,9.404,36816.802547
1732032000,9.404,9.525,9.374,9.401,13411.373816
1732046400,9.399,9.457,9.192,9.413,24936.256136
1732060800,9.406,9.406,8.928,9.039,14986.418385
1732075200,9.053,9.287,9.004,9.118,36454.391417
1732089600,9.115,9.213,8.983,9.035,40692.426087
1732104000,9.015,9.212,8.909,9.035,9861.753468
1732118400,9.039,9.049,8.59,8.678,22527.84828
1732132800,8.656,8.896,8.623,8.822,7431.289363
1732147200,8.804,8.976,8.507,8.591,30279.905003
1732161600,8.58,8.908,8.58,8.884,9751.064708
1732176000,8.867,8.881,8.675,8.831,7845.141014
1732190400,8.821,9.461,8.821,9.158,62946.845777
1732204800,9.159,9.688,9.068,9.102,155050.287941
1732219200,9.102,9.309,9.047,9.267,23457.332161
1732233600,9.247,9.438,9.149,9.331,34757.370871
1732248000,9.349,9.542,9.27,9.311,30606.20383
1732262400,9.341,9.516,9.228,9.482,11753.04844
1732276800,9.476,9.737,9.183,9.499,49228.410396
1732291200,9.498,9.538,9.227,9.29,18220.657281
1732305600,9.293,9.966,9.286,9.946,45615.596856
1732320000,9.94,10.401,9.762,10.154,82181.401357
1732334400,10.151,10.551,9.983,10.519,52615.985704
1732348800,10.512,10.705,10.424,10.479,68483.740675
1732363200,10.49,11.334,10.455,11.265,57317.054585
1732377600,11.277,11.349,10.708,10.879,138520.96406
1732392000,10.874,10.874,10.59,10.736,30813.512039
1732406400,10.739,11.058,10.698,10.997,34246.278675
1732420800,10.989,11.382,10.832,11.141,74372.919445
1732435200,11.138,11.254,10.618,10.647,51923.487981
1732449600,10.651,10.788,10.17,10.175,75268.897027
1732464000,10.171,10.552,10.126,10.459,24298.724399
1732478400,10.438,10.947,10.438,10.9,29753.606831
1732492800,10.846,10.931,10.541,10.902,21310.717489
1732507200,10.893,11.634,10.847,11.493,64996.332163
1732521600,11.493,11.95,11.35,11.842,139534.336278
1732536000,11.832,12.383,11.398,12.271,177194.624295
1732550400,12.277,12.409,11.325,11.399,75574.773766
1732564800,11.387,11.57,10.966,11.113,39060.537278
1732579200,11.119,11.75,11.016,11.479,35025.717832
1732593600,11.455,11.774,11.339,11.384,72664.006832
1732608000,11.359,11.368,10.49,10.711,39480.371946
1732622400,10.704,11.256,10.621,10.765,80904.86488
1732636800,10.766,11.07,10.508,10.63,30750.931015
1732651200,10.632,10.941,10.632,10.884,25855.098291
1732665600,10.857,11.3,10.725,11.269,26265.455479
1732680000,11.267,11.757,11.267,11.68,27834.776422
1732694400,11.686,11.876,11.61,11.826,28345.393079
1732708800,11.833,13.179,11.745,12.849,167438.70072
1732723200,12.88,13.404,12.836,13.379,64961.837441
1732737600,13.363,13.798,13.05,13.545,142929.670321
1732752000,13.535,13.535,12.405,12.512,138772.992272
1732766400,12.514,12.736,12.429,12.696,17451.683013
1732780800,12.662,13.17,12.662,12.849,47551.847651
1732795200,12.845,13.071,12.577,12.59,33758.276514
1732809600,12.599,12.67,12.475,12.663,22837.155901
1732824000,12.664,12.904,12.619,12.774,20026.027663
1732838400,12.765,12.873,12.473,12.6,29867.627526
1732852800,12.601,12.642,12.312,12.422,11560.262297
1732867200,12.422,12.772,12.422,12.733,32250.165071
1732881600,12.727,12.974,12.66,12.82,41579.039558
1732896000,12.824,12.872,12.641,12.707,28093.831119
1732910400,12.686,12.728,12.494,12.578,19000.097732
1732924800,12.578,13.284,12.53,13.218,35144.559452
1732939200,13.225,13.389,12.835,12.989,40441.76149
1732953600,12.989,13.117,12.604,12.687,18028.919576
1732968000,12.692,13.11,12.68,12.734,26504.140795
1732982400,12.737,12.932,12.677,12.932,16973.291462
1732996800,12.901,13.044,12.725,12.786,27651.331516
1733011200,12.77,13.052,12.607,13,20350.932065
1733025600,12.986,13.19,12.825,13.113,40796.590269
1733040000,13.099,13.3,12.905,13.001,20568.586001
1733054400,12.991,13.335,12.924,13.167,19853.194411
1733068800,13.167,13.268,12.913,13.061,17242.195534
1733083200,13.034,13.175,12.845,13.06,37269.693105
1733097600,13.064,13.488,12.775,12.846,55601.482345
1733112000,12.856,13.11,12.599,13.043,38511.788537
1733126400,13.031,13.212,12.441,13.149,61577.691056
1733140800,13.084,14.56,13.045,14.272,222920.071515
1733155200,14.277,14.521,13.595,13.772,65399.448116
1733169600,13.772,14.102,13.626,13.997,51665.658737
1733184000,13.998,14.149,13.79,14.04,36902.553366
1733198400,14,14.648,13.922,14.054,104348.207494
1733212800,14.041,14.373,13.918,14.173,25851.261879
1733227200,14.162,14.44,13.136,14.233,89970.832818
1733241600,14.244,14.48,13.856,14.159,127884.802759
1733256000,14.15,15.337,14.15,15.126,112842.581783
1733270400,15.127,15.36,14.667,14.874,53185.045549
1733284800,14.875,15.421,14.81,15.319,44907.196248
1733299200,15.331,16.1,15.211,15.934,118233.39558
1733313600,15.96,16.388,15.476,16.089,75015.000873
1733328000,16.073,16.514,15.431,16.324,50540.233451
1733342400,16.3,16.337,15.469,15.684,40400.549097
1733356800,15.665,15.707,14.795,15.051,75923.776397
1733371200,15.029,15.476,15.011,15.409,25870.81805
1733385600,15.387,15.866,15.291,15.767,13331.142376
1733400000,15.772,15.926,15.239,15.468,26848.519524
1733414400,15.451,15.781,15.228,15.282,25670.097628
1733428800,15.272,15.393,14.551,15.067,47181.411275
1733443200,15.043,16.278,15.043,16.218,59215.222468
1733457600,16.209,16.602,15.93,16.16,29273.967919
1733472000,16.165,16.614,15.942,16.19,22405.960875
1733486400,16.172,17.344,16.007,16.685,161417.061322
1733500800,16.686,18.189,16.613,18.155,120379.402615
1733515200,18.157,18.45,17.539,17.58,67865.883488
1733529600,17.586,18.128,17.404,18.039,55187.75008
1733544000,18.011,18.615,17.77,18.259,29273.093204
1733558400,18.261,18.298,17.397,17.444,26946.136468
1733572800,17.447,17.662,17.333,17.575,29985.980571
1733587200,17.582,17.849,17.25,17.727,35803.531839
1733601600,17.725,18.376,17.602,18.05,104427.296876
1733616000,18.101,18.41,17.679,17.679,44209.169596
1733630400,17.678,18.399,17.539,18.386,36835.469578
1733644800,18.399,18.852,17.933,18.652,42395.834903
1733659200,18.646,19.454,18.447,18.635,106018.272403
1733673600,18.656,18.66,18.242,18.398,18439.545414
1733688000,18.358,18.947,18.29,18.597,23629.555781
1733702400,18.614,18.845,17.958,18.196,23033.658512
1733716800,18.18,18.192,17.612,17.832,30502.706435
1733731200,17.828,17.84,16.868,17.019,65706.488264
1733745600,16.99,17.639,16.807,17.113,65969.949958
1733760000,17.083,17.284,16.678,16.678,17802.902831
1733774400,16.689,16.716,13.899,16.085,139992.679426
1733788800,16.027,16.675,15.275,15.737,39360.886001
1733803200,15.726,15.968,15.259,15.68,27894.003477
1733817600,15.684,16.299,15.439,16.148,10676.790984
1733832000,16.141,16.142,14.668,14.678,78314.983043
1733846400,14.686,15.067,14.048,14.904,42948.337977
1733860800,14.835,15.386,14.765,15.248,19633.521651
1733875200,15.251,15.751,14.739,15.658,15676.237146
1733889600,15.657,15.868,15.244,15.244,25849.352111
1733904000,15.247,15.789,15.247,15.779,30657.85039
1733918400,15.776,17.088,15.727,17.035,95124.280428
1733932800,17.028,17.222,16.865,17.028,27965.922874
1733947200,17.03,17.171,16.937,17.161,9178.36481
1733961600,17.159,18.35,16.92,17.974,27295.99371
1733976000,17.979,18.844,17.969,18.352,41238.504079
1733990400,18.362,18.728,18.213,18.45,51138.656957
1734004800,18.457,18.969,18.107,18.118,60577.750424
1734019200,18.122,18.287,17.533,17.567,28869.964601
1734033600,17.561,17.88,17.42,17.698,16423.331463
1734048000,17.703,18.165,17.269,17.892,35181.086463
1734062400,17.897,18.069,17.198,17.336,14707.58087
1734076800,17.293,17.493,17.182,17.355,2885.745009
1734091200,17.364,17.465,16.939,16.989,27234.036983
1734105600,16.947,17.571,16.859,17.289,16653.428008
1734120000,17.292,17.552,17.186,17.492,6414.524349
1734134400,17.371,17.763,17.225,17.254,11212.654893
1734148800,17.234,17.394,17.152,17.188,13165.276085
1734163200,17.191,17.337,17.076,17.158,6490.009497
1734177600,17.137,17.177,16.49,16.8,46842.326321
1734192000,16.798,16.824,16.564,16.79,25467.174077
1734206400,16.79,16.893,16.494,16.757,27904.122479
1734220800,16.745,17.057,16.507,16.601,8889.903536
1734235200,16.571,16.888,16.222,16.318,19688.840952
1734249600,16.319,16.662,16.314,16.592,10961.911239
1734264000,16.663,17.066,16.559,17.019,12475.90796
1734278400,16.998,17.032,16.62,16.806,14701.801733
1734292800,16.795,17.204,16.337,17.056,19073.643684
1734307200,17.068,17.448,16.566,16.639,24886.859707
1734321600,16.618,16.8,16.539,16.711,4319.745506
1734336000,16.801,16.825,16.267,16.332,12141.348366
1734350400,16.335,16.648,16.239,16.521,15659.632767
1734364800,16.518,17.247,16.518,16.795,21674.883854
1734379200,16.833,16.833,16.233,16.256,28134.184013
1734393600,16.235,16.25,15.86,16.067,22465.169185
1734408000,16.036,16.036,15.811,15.86,10141.327561
1734422400,15.869,16.376,15.869,16.293,9368.811417
1734436800,16.301,16.408,15.623,15.715,35197.304249
1734451200,15.708,16.357,15.616,16.127,9441.711961
1734465600,16.152,16.545,16.021,16.285,18041.501863
1734480000,16.236,16.605,15.984,16.4,9364.210117
1734494400,16.3,16.716,15.978,16.347,19243.326919
1734508800,16.391,16.525,16.148,16.444,19381.452564
1734523200,16.416,16.446,15.474,15.595,16904.602054
1734537600,15.6,16.003,15.383,15.409,13808.379832
1734552000,15.42,15.435,14.602,14.808,53471.738651
1734566400,14.806,14.905,13.8,14.62,44874.969684
1734580800,14.593,14.737,14.406,14.666,39972.859896
1734595200,14.606,15.14,14.443,15.023,13110.548339
1734609600,14.998,15.387,14.333,14.615,35196.521762
1734624000,14.606,14.652,12.878,13.1,119313.047128
1734638400,13.145,13.485,12.65,12.731,57451.937172
1734652800,12.716,13.239,12.534,13.106,49046.323914
1734667200,13.13,13.192,12.435,12.738,78650.452111
1734681600,12.739,12.739,11.204,11.215,152749.310653
1734696000,11.224,12.611,11.216,12.499,180204.088568
1734710400,12.465,13.428,12.394,13.263,51878.670382
1734724800,13.261,13.821,13.095,13.681,40947.72802
1734739200,13.651,13.875,13.436,13.827,16957.334728
1734753600,13.804,14.758,13.776,14.475,37153.358098
1734768000,14.474,14.501,13.772,13.892,23666.606487
1734782400,13.85,13.85,13.027,13.561,31903.863179
1734796800,13.52,13.526,13.164,13.416,23966.586374
1734811200,13.42,13.509,13.163,13.404,9625.678932
1734825600,13.373,13.97,13.244,13.853,23258.43056
1734840000,13.854,13.868,13.333,13.538,11710.650058
1734854400,13.539,14.273,13.539,14.178,22309.10417
1734868800,14.177,14.231,13.516,13.725,25651.724928
1734883200,13.706,14.232,13.595,13.653,18548.030696
1734897600,13.652,14.064,13.487,13.872,25746.881536
1734912000,13.873,14.337,13.462,14.213,14983.942603
1734926400,14.216,14.401,13.625,13.812,18882.558813
1734940800,13.78,14.192,13.75,13.75,26319.970211
1734955200,13.762,13.932,13.227,13.495,24908.207366
1734969600,13.502,13.968,13.325,13.689,72338.612252
1734984000,13.69,14.599,13.69,14.263,31205.951564
1734998400,14.245,14.245,13.79,14.008,17800.538899
1735012800,13.996,14.157,13.807,13.876,7348.872796
1735027200,13.867,13.961,13.742,13.935,13354.814657
1735041600,13.951,14.715,13.813,14.604,20909.344452
1735056000,14.609,14.704,14.41,14.479,12412.927545
1735070400,14.471,14.74,14.324,14.58,11844.452544
1735084800,14.572,14.572,14.183,14.218,7558.797373
1735099200,14.179,14.314,14.123,14.123,6382.359745
1735113600,14.127,14.442,13.879,13.883,17272.228119
1735128000,13.89,14.05,13.805,13.852,8945.607075
1735142400,13.859,13.896,13.711,13.872,8287.899433
1735156800,13.857,13.907,13.668,13.893,14547.978219
1735171200,13.909,14.065,13.451,13.504,20641.749437
1735185600,13.482,13.482,13.215,13.248,5575.422127
1735200000,13.241,13.246,12.828,13.015,15751.848246
1735214400,13.028,13.081,12.747,12.89,34023.973325
1735228800,12.878,13.164,12.85,13.164,5786.161859
1735243200,13.172,13.436,13.062,13.221,27122.291289
1735257600,13.25,13.932,13.166,13.752,109676.129362
1735272000,13.736,13.967,13.409,13.522,89593.231839
1735286400,13.523,14.231,13.523,14.084,65254.487894
1735300800,14.088,14.09,13.356,13.487,29003.147618
1735315200,13.477,13.711,13.32,13.411,28764.753342
1735329600,13.371,13.371,13.159,13.312,12509.457078
1735344000,13.327,13.356,13.074,13.226,18767.136252
1735358400,13.193,13.303,13.013,13.042,10517.440466
1735372800,13.049,13.285,13.022,13.237,3326.447643
1735387200,13.223,13.586,13.151,13.265,14388.372026
1735401600,13.302,13.555,13.202,13.369,11856.598272
1735416000,13.413,13.773,13.387,13.563,9658.594421
1735430400,13.576,13.576,13.358,13.434,6443.654988
1735444800,13.445,13.484,13.305,13.465,1490.273942
1735459200,13.457,13.467,13.296,13.315,1533.733778
1735473600,13.321,13.49,13.188,13.244,6939.902742
1735488000,13.222,13.222,13.041,13.077,6782.89381
1735502400,13.05,13.066,12.834,12.984,3184.18072
1735516800,12.972,13.544,12.972,13.308,13234.859396
1735531200,13.348,13.445,13.158,13.406,12271.40953
1735545600,13.446,13.52,13.272,13.456,22166.923068
1735560000,13.459,13.505,12.738,12.881,38927.209603
1735574400,12.877,13.619,12.848,13.515,24545.975949
1735588800,13.555,13.555,13.023,13.33,19462.682956
1735603200,13.296,13.389,13.109,13.233,26023.134255
1735617600,13.22,13.396,13.15,13.272,3182.118084
1735632000,13.269,13.672,13.25,13.671,14998.116059
1735646400,13.652,13.881,13.561,13.581,19899.512998
1735660800,13.592,13.604,13.194,13.197,17184.507996
1735675200,13.223,13.558,13.168,13.221,7353.297652
1735689600,13.205,13.356,13.193,13.193,4908.741703
1735704000,13.21,13.285,13.116,13.213,10729.075716
1735718400,13.213,13.221,13.028,13.194,6215.478072
1735732800,13.193,13.44,13.192,13.44,3645.105975
1735747200,13.441,13.647,13.277,13.555,4429.872464
1735761600,13.603,13.666,13.514,13.612,8841.434697
1735776000,13.651,13.932,13.634,13.825,8485.782712
1735790400,13.844,14.177,13.808,14.106,27161.13181
1735804800,14.147,14.408,14.026,14.31,20547.009102
1735819200,14.363,14.568,14.229,14.28,12617.096116
1735833600,14.281,14.479,14.212,14.33,12997.422011
1735848000,14.312,14.381,14.169,14.364,2510.990082
1735862400,14.362,14.367,14.122,14.346,15749.994433
1735876800,14.346,14.365,14.061,14.062,13136.630946
1735891200,14.073,14.553,14.057,14.49,16919.52316
1735905600,14.487,14.936,14.395,14.936,33656.281871
1735920000,14.914,15.179,14.883,15.158,19067.68389
1735934400,15.164,15.241,15.051,15.191,15895.089246
1735948800,15.191,15.281,14.895,15.04,30955.389895
1735963200,14.959,15.06,14.868,14.975,25419.056877
1735977600,14.955,15.006,14.768,14.947,12201.512031
1735992000,14.948,15.423,14.948,15.132,18826.592977
1736006400,15.143,15.367,15.075,15.32,10026.586659
1736020800,15.307,15.391,15.239,15.284,9706.02219
1736035200,15.284,15.352,15.048,15.093,3920.243919
1736049600,15.107,15.217,15.049,15.08,5133.049199
1736064000,15.101,15.119,14.872,15.039,13096.831887
1736078400,15.05,15.16,14.818,15.069,10123.433048
1736092800,15.029,15.198,14.998,15.178,7981.211926
1736107200,15.179,15.302,15.108,15.158,13224.183676
1736121600,15.176,15.497,14.968,15.362,30945.585328
1736136000,15.387,15.637,15.174,15.174,17150.509814
1736150400,15.175,15.266,14.941,15.041,36893.367267
1736164800,15.05,15.464,14.813,15.31,20570.928294
1736179200,15.314,15.549,14.982,15.22,29140.266476
1736193600,15.171,15.212,14.996,15.073,2169.725345
1736208000,15.066,15.124,14.919,15.013,1984.247099
1736222400,15.014,15.025,14.878,14.905,4002.962132
1736236800,14.905,15.018,14.669,14.779,8420.95829
1736251200,14.781,14.917,13.9,14.1,32476.003329
1736265600,14.067,14.205,13.607,13.632,31276.545518
1736280000,13.632,13.779,13.471,13.536,18269.772615
1736294400,13.55,13.826,13.409,13.494,12825.343121
1736308800,13.477,13.496,13.02,13.286,19586.516839
1736323200,13.287,13.429,13.248,13.305,8590.471081
1736337600,13.267,13.421,13.159,13.228,22183.668368
1736352000,13.219,13.219,12.504,12.942,31723.816344
1736366400,12.914,13.163,12.803,13.115,15481.109727
1736380800,13.11,13.347,13.04,13.05,12833.518546
1736395200,13.075,13.106,12.723,12.763,15403.457251
1736409600,12.783,12.967,12.702,12.828,13238.052701
1736424000,12.823,12.987,12.381,12.936,20124.277348
1736438400,12.921,12.984,12.533,12.618,4248.088155
1736452800,12.608,12.951,12.4,12.872,8298.445979
1736467200,12.866,13.448,12.866,13.404,15118.160497
1736481600,13.378,13.503,13.218,13.394,22035.491094
1736496000,13.421,13.424,13.239,13.299,8005.802758
1736510400,13.308,13.362,12.865,13.115,26219.032098
1736524800,13.112,13.947,13.044,13.878,67833.777909
1736539200,13.869,14.096,13.73,13.942,35496.718653
1736553600,13.942,14.111,13.57,13.598,29660.131587
1736568000,13.609,13.711,13.475,13.515,9054.54059
1736582400,13.514,13.849,13.463,13.814,4767.294541
1736596800,13.792,13.804,13.629,13.636,2900.642107
1736611200,13.652,13.761,13.59,13.761,11007.876279
1736625600,13.708,13.938,13.642,13.642,19785.144887
1736640000,13.64,13.847,13.631,13.847,14510.648613
1736654400,13.84,13.84,13.666,13.695,2404.689458
1736668800,13.741,13.743,13.538,13.707,3077.191431
1736683200,13.678,13.832,13.603,13.78,8144.641165
1736697600,13.75,13.882,13.722,13.793,6373.397998
1736712000,13.807,13.836,13.52,13.633,15714.658158
1736726400,13.623,13.921,13.161,13.227,12626.117778
1736740800,13.228,13.368,12.962,13.145,4000.944139
1736755200,13.102,13.134,12.264,12.275,19784.870224
1736769600,12.28,12.714,12.041,12.615,30926.430952
1736784000,12.568,12.6,12.13,12.376,8244.938477
1736798400,12.35,12.964,12.285,12.888,13471.490682
1736812800,12.926,13.092,12.841,13.038,3130.450559
1736827200,13.046,13.151,12.953,12.953,10782.584812
1736841600,12.953,13.414,12.953,13.151,6790.662813
1736856000,13.167,13.422,13.034,13.222,11842.279986
1736870400,13.215,13.336,13.121,13.286,6828.805239
1736884800,13.285,13.389,13.209,13.309,5167.797916
1736899200,13.315,13.4,13.129,13.249,6241.624033
1736913600,13.272,13.415,13.142,13.333,10189.04292
1736928000,13.359,13.437,12.954,13.054,5498.161532
1736942400,13.048,14.425,12.999,14.196,31749.681549
1736956800,14.25,14.615,14.184,14.593,8495.636469
1736971200,14.616,14.681,14.363,14.548,8092.175721
1736985600,14.544,14.612,14.23,14.285,19973.336916
1737000000,14.289,14.392,14.236,14.348,5702.159018
1737014400,14.353,14.364,13.98,14.324,17489.310159
1737028800,14.305,14.564,13.942,14.425,26152.157181
1737043200,14.425,14.569,14.23,14.384,12572.683265
1737057600,14.388,14.42,14.019,14.128,22180.774501
1737072000,14.096,14.769,14.085,14.54,15179.620562
1737086400,14.551,14.854,14.501,14.763,13014.432022
1737100800,14.798,15.063,14.781,14.968,22442.834583
1737115200,14.932,15.02,14.751,14.933,10983.620531
1737129600,14.938,15.008,14.729,14.914,12638.895417
1737144000,14.925,15.177,14.925,14.995,11186.508528
1737158400,15.008,15.256,14.437,14.488,33966.730407
1737172800,14.447,14.533,14.028,14.07,36476.27335
1737187200,14.05,14.325,13.886,14.325,20591.540519
1737201600,14.313,14.458,14.104,14.167,10589.997632
1737216000,14.191,14.232,13.905,14.099,20635.465978
1737230400,14.105,14.211,13.928,14.187,18631.27027
1737244800,14.153,14.504,14.121,14.211,28398.854527
1737259200,14.168,14.208,13.733,13.908,38831.561101
1737273600,13.845,13.845,13.09,13.192,28669.581799
1737288000,13.179,14.458,13.179,14.193,20544.854697
1737302400,14.196,14.562,14.154,14.464,16463.941538
1737316800,14.466,14.564,12.979,13.28,53117.967355
1737331200,13.262,13.481,12.884,13.361,33060.146969
1737345600,13.322,14.787,13.237,14.193,57718.774152
1737360000,14.203,14.515,13.968,14.219,29722.784676
1737374400,14.214,14.214,13.671,13.927,17922.315118
1737388800,13.944,14.067,13.121,13.767,36488.088517
1737403200,13.738,13.769,13.354,13.482,10755.714662
1737417600,13.535,13.535,13.093,13.294,9117.783334
1737432000,13.239,13.284,12.981,13.224,12420.160983
1737446400,13.175,13.57,13.123,13.515,20716.565921
1737460800,13.518,13.661,13.286,13.455,16876.586829
1737475200,13.451,13.851,13.451,13.565,29364.237541
1737489600,13.565,13.586,13.386,13.507,20002.118131
1737504000,13.508,13.62,13.426,13.511,7022.893229
1737518400,13.518,13.568,13.308,13.315,2330.139653
1737532800,13.305,13.444,13.146,13.438,11472.826358
1737547200,13.423,13.436,13.164,13.264,13667.254393
1737561600,13.232,13.288,13.03,13.071,7042.143825
1737576000,13.052,13.126,12.824,12.873,11446.267601
1737590400,12.87,12.916,12.624,12.762,19294.534779
1737604800,12.752,12.776,12.588,12.697,3791.252666
1737619200,12.69,12.69,12.408,12.487,6797.912787
1737633600,12.476,12.997,12.396,12.799,15025.780269
1737648000,12.844,13.049,12.472,12.516,11785.536599
1737662400,12.525,12.862,12.45,12.81,13732.92505
1737676800,12.812,12.864,12.51,12.712,3367.363455
1737691200,12.61,13.118,12.603,12.905,10557.774083
1737705600,12.928,13.013,12.904,12.982,1429.694534
1737720000,13.039,13.142,12.776,12.862,12458.802085
1737734400,12.878,13.048,12.702,12.702,8018.569134
1737748800,12.704,12.713,12.436,12.467,10690.864436
1737763200,12.45,12.46,12.27,12.446,8763.880908
1737777600,12.446,12.446,12.134,12.163,3786.528502
1737792000,12.158,12.224,12.052,12.179,4479.68363
1737806400,12.172,12.236,12.108,12.148,6079.517775
1737820800,12.137,12.227,12.137,12.155,8686.581077
1737835200,12.168,12.237,12.071,12.082,4700.134752
1737849600,12.068,12.263,12.018,12.231,6895.273728
1737864000,12.191,12.385,12.148,12.182,3202.547421
1737878400,12.194,12.22,11.89,12.028,10643.95936
1737892800,11.971,12.012,11.924,11.967,11909.881425
1737907200,11.952,12.115,11.909,12.028,9690.95645
1737921600,12.029,12.043,11.418,11.418,26044.826587
1737936000,11.417,11.512,11.01,11.019,32360.894001
1737950400,11.019,11.019,10.256,10.653,44594.669649
1737964800,10.61,10.614,10.363,10.505,12873.238387
1737979200,10.506,11.003,10.489,10.882,44066.586845
1737993600,10.861,10.883,10.454,10.548,17147.514797
1738008000,10.623,11.09,10.61,10.995,10092.362821
1738022400,11.002,11.102,10.818,11.009,3966.898245
1738036800,11.02,11.342,11.015,11.158,25961.372728
1738051200,11.14,11.274,11.072,11.196,19946.182775
1738065600,11.182,11.269,11.01,11.076,6395.584983
1738080000,11.063,11.269,10.985,11.25,8564.58208
1738094400,11.253,11.313,10.857,11.136,9813.452
1738108800,11.117,11.596,11.108,11.583,19130.978125
1738123200,11.601,11.978,11.575,11.9,12158.448176
1738137600,11.879,12.049,11.782,11.987,17677.982365
1738152000,12.001,12.071,11.639,11.669,13363.24337
1738166400,11.673,11.968,11.416,11.836,13887.744065
1738180800,11.807,12.033,11.674,11.741,22180.292399
1738195200,11.732,12.05,11.652,12.004,10308.561201
1738209600,12.017,12.139,11.881,11.91,50803.982926
1738224000,11.907,12.132,11.86,12.126,3029.183745
1738238400,12.059,12.294,11.972,12.107,45839.369418
1738252800,12.094,12.227,12.041,12.175,22894.899139
1738267200,12.183,12.236,11.962,11.966,6334.823066
1738281600,11.968,12.062,11.779,11.833,8739.397214
1738296000,11.818,12.068,11.788,11.862,5901.085182
1738310400,11.859,12.068,11.81,12.02,22031.576477
1738324800,12.021,12.687,11.975,12.681,56589.128357
1738339200,12.69,12.841,11.941,12.016,33902.534329
1738353600,11.979,11.986,11.673,11.76,36973.94605
1738368000,11.765,11.914,11.647,11.647,3607.918787
1738382400,11.678,11.736,11.595,11.606,17826.348337
1738396800,11.608,11.621,11.308,11.381,22142.277684
1738411200,11.371,11.472,11.314,11.446,17174.963238
1738425600,11.446,11.647,11.193,11.249,20701.148211
1738440000,11.187,11.22,10.821,10.869,11847.239559
1738454400,10.856,11.099,10.574,10.639,10012.638707
1738468800,10.64,10.884,10.623,10.693,13005.785571
1738483200,10.678,10.76,10.44,10.44,4464.742305
1738497600,10.425,10.569,10.384,10.502,15031.310109
1738512000,10.453,10.466,9.197,9.578,54280.875927
1738526400,9.549,9.689,8.717,9.186,49559.88679
1738540800,9.187,9.187,6.919,8.126,134657.429183
1738555200,8.118,9.349,7.782,9.349,59029.732004
1738569600,9.288,9.288,9,9.12,34151.610437
1738584000,9.145,10.017,9.011,9.959,32869.227502
1738598400,9.913,10.06,9.685,10.004,15375.240046
1738612800,9.961,10.219,9.656,9.949,48171.355381
1738627200,9.979,9.983,9.52,9.538,25067.874336
1738641600,9.546,9.59,9,9.058,55631.440073
1738656000,9.031,9.271,8.938,9.141,18120.489302
1738670400,9.144,9.498,9.144,9.336,14305.806967
1738684800,9.33,9.577,9.209,9.209,8438.270453
1738699200,9.231,9.277,8.78,9.083,39553.92947
1738713600,9.084,9.263,9.024,9.193,10579.656692
1738728000,9.167,9.474,9.167,9.341,5934.666167
1738742400,9.372,9.505,9.218,9.487,8053.31923
1738756800,9.462,9.52,9.186,9.393,14036.511238
1738771200,9.392,9.435,9.117,9.406,25602.353916
1738785600,9.387,9.42,9.132,9.268,6651.781106
1738800000,9.276,9.451,9.206,9.348,13183.816726
1738814400,9.32,9.448,9.308,9.338,5410.172766
1738828800,9.353,9.435,9.256,9.368,2340.634851
1738843200,9.344,9.344,8.94,8.979,9607.857536
1738857600,8.993,9.123,8.924,8.957,6909.74454
1738872000,8.969,9.118,8.898,8.976,3325.284039
1738886400,8.986,9.171,8.96,9.065,7226.82725
1738900800,9.071,9.124,8.841,8.974,6169.051109
1738915200,8.972,9.243,8.962,9.243,11665.245561
1738929600,9.243,9.498,9.085,9.105,18878.387321
1738944000,9.079,9.28,8.924,9.234,10058.529526
1738958400,9.191,9.191,8.741,9.018,33071.984774
1738972800,8.986,9.186,8.951,8.951,11303.014029
1738987200,8.954,8.969,8.755,8.907,2757.105102
1739001600,8.859,8.872,8.724,8.806,2126.95793
1739016000,8.807,8.95,8.769,8.882,3772.818377
1739030400,8.883,9.154,8.873,9.058,12676.27027
1739044800,9.071,9.167,9.026,9.141,3444.637927
1739059200,9.139,9.279,8.998,9.246,14219.493114
1739073600,9.225,9.262,9.168,9.262,6994.184451
1739088000,9.262,9.293,9.215,9.215,2002.265518
1739102400,9.202,9.279,8.994,9.258,11024.048672
1739116800,9.251,9.312,9.036,9.058,4523.066565
1739131200,9.055,9.152,8.71,9.137,9981.576533
1739145600,9.134,9.293,8.83,9.118,17654.014844
1739160000,9.107,9.217,9.083,9.152,1666.194341
1739174400,9.145,9.272,9.133,9.19,31536.908973
1739188800,9.193,9.363,9.086,9.242,3982.869825
1739203200,9.233,9.529,9.233,9.458,51926.232753
1739217600,9.464,9.593,9.411,9.459,10752.665702
1739232000,9.456,9.77,9.456,9.673,13574.083352
1739246400,9.674,10.036,9.674,10.007,11736.154286
1739260800,9.986,10.018,9.869,9.957,1720.70335
1739275200,9.914,9.914,9.56,9.674,30010.372945
1739289600,9.639,9.696,9.249,9.321,58241.07985
1739304000,9.282,9.482,9.281,9.383,19179.692861
1739318400,9.388,9.454,9.245,9.35,4990.723061
1739332800,9.292,9.505,9.245,9.496,16601.102404
1739347200,9.504,9.564,9.38,9.471,4452.493095
1739361600,9.472,9.589,9.077,9.467,12705.950909
1739376000,9.439,9.794,9.354,9.794,10058.985054
1739390400,9.79,10.124,9.746,9.948,41504.121301
1739404800,9.957,10.071,9.878,9.97,5877.246
1739419200,9.935,9.937,9.672,9.704,3911.929413
1739433600,9.683,9.78,9.603,9.63,10493.822574
1739448000,9.63,9.708,9.48,9.646,21920.491771
1739462400,9.576,9.713,9.526,9.605,2445.384459
1739476800,9.613,9.882,9.613,9.881,4061.059081
1739491200,9.884,10.053,9.819,10.044,16203.896707
1739505600,10.031,10.038,9.855,9.886,4996.529334
1739520000,9.888,10.088,9.888,9.955,4743.947154
1739534400,9.938,10.124,9.928,10.123,3510.216367
1739548800,10.11,10.355,10.024,10.108,13301.802784
1739563200,10.103,10.173,9.97,10.051,13104.910697
1739577600,10.056,10.144,9.931,10.1,11893.698497
1739592000,10.099,10.139,9.916,9.916,4971.677744
1739606400,9.921,9.973,9.856,9.891,7427.437336
1739620800,9.879,9.955,9.755,9.851,17547.815967
1739635200,9.85,9.875,9.774,9.79,3528.592419
1739649600,9.79,9.827,9.727,9.8,1753.882501
1739664000,9.799,9.861,9.752,9.792,15705.844286
1739678400,9.773,9.885,9.732,9.737,7568.461202
1739692800,9.726,9.934,9.722,9.934,1900.698445
1739707200,9.934,9.935,9.668,9.725,7767.701189
1739721600,9.697,9.759,9.58,9.678,4774.612573
1739736000,9.672,9.73,9.579,9.582,3119.223653
1739750400,9.587,9.744,9.587,9.678,2029.249754
1739764800,9.674,9.806,9.449,9.708,15014.198272
1739779200,9.659,10.027,9.659,10.008,8066.563064
1739793600,10.014,10.235,9.832,9.857,7697.283036
1739808000,9.858,9.932,9.663,9.847,8239.374063
1739822400,9.834,10.065,9.798,9.932,12558.930798
1739836800,9.936,9.941,9.759,9.819,3984.953131
1739851200,9.825,9.832,9.461,9.566,13705.905978
1739865600,9.555,9.74,9.417,9.579,4965.507596
1739880000,9.577,9.768,9.329,9.359,11969.014392
1739894400,9.349,9.408,9.15,9.248,7356.845349
1739908800,9.246,9.625,9.225,9.625,22237.205233
1739923200,9.611,9.653,9.473,9.544,4047.69885
1739937600,9.507,9.708,9.39,9.703,7793.810908
1739952000,9.674,9.718,9.605,9.645,6911.92786
1739966400,9.647,9.654,9.441,9.455,27734.006312
1739980800,9.487,9.6,9.455,9.523,1520.263537
1739995200,9.545,9.545,9.385,9.435,3793.985258
1740009600,9.417,9.56,9.337,9.431,11894.952343
1740024000,9.423,9.509,9.244,9.249,1645.226347
1740038400,9.249,9.284,9.173,9.217,6546.14653
1740052800,9.209,9.328,8.978,8.995,25050.892318
1740067200,9.011,9.474,8.977,9.33,35822.32176
1740081600,9.33,9.385,9.232,9.348,9993.055993
1740096000,9.348,9.36,9.24,9.285,2492.288861
1740110400,9.29,9.376,9.264,9.264,2368.830684
1740124800,9.269,9.535,9.241,9.42,49545.031149
1740139200,9.418,9.636,9.05,9.164,15540.896066
1740153600,9.14,9.378,8.578,8.625,18800.684201
1740168000,8.664,8.818,8.626,8.727,11786.827334
1740182400,8.715,8.894,8.68,8.722,20842.49891
1740196800,8.726,8.843,8.726,8.829,1893.811282
1740211200,8.825,8.969,8.777,8.919,4811.180671
1740225600,8.921,9.014,8.863,9.014,4110.961516
1740240000,9.015,9.062,8.961,8.995,2480.008323
1740254400,8.98,9.121,8.939,9.051,10329.710643
1740268800,9.04,9.054,8.949,9.017,2273.557248
1740283200,9.017,9.203,8.996,9.203,1722.586466
1740297600,9.204,9.212,9.086,9.098,37421.442671
1740312000,9.104,9.145,8.925,8.944,4273.453499
1740326400,8.953,9.045,8.953,8.998,1422.142172
1740340800,8.985,9.095,8.93,9.032,1361.150914
1740355200,9.023,9.117,8.732,8.732,2071.018331
1740369600,8.722,8.806,8.587,8.68,5910.071416
1740384000,8.682,8.682,8.444,8.532,11994.060461
1740398400,8.532,8.559,8.256,8.332,11931.214635
1740412800,8.333,8.403,8.086,8.209,15118.113098
1740427200,8.205,8.391,7.795,7.976,23322.349684
1740441600,7.976,8.089,7.813,7.93,9045.926924
1740456000,7.918,7.958,7.431,7.687,27585.822282
1740470400,7.687,7.91,7.589,7.9,10601.465304
1740484800,7.845,7.946,7.67,7.829,3495.137699
1740499200,7.821,8.601,7.764,8.238,145065.836366
1740513600,8.241,8.548,8.225,8.335,21754.901686
1740528000,8.313,8.495,8.24,8.416,10547.374202
1740542400,8.383,8.442,8.21,8.268,6488.748952
1740556800,8.25,8.304,8.161,8.187,19101.828544
1740571200,8.187,8.226,7.875,8.137,13058.65991
1740585600,8.122,8.131,7.646,7.73,27301.362652
1740600000,7.715,8.041,7.653,7.888,9680.76707
1740614400,7.903,8.109,7.901,8.016,4681.150568
1740628800,8.015,8.164,7.948,8.16,2064.963331
1740643200,8.114,8.283,8.091,8.153,12737.07603
1740657600,8.157,8.21,7.983,8.091,8633.681202
1740672000,8.084,8.095,7.832,7.866,9494.919073
1740686400,7.843,7.879,7.721,7.864,4567.580223
1740700800,7.864,7.882,7.25,7.29,48191.183008
1740715200,7.258,7.343,7.107,7.15,11928.565149
1740729600,7.129,7.322,7.044,7.181,12981.443796
1740744000,7.208,7.537,7.12,7.469,14849.153432
1740758400,7.469,7.52,7.377,7.488,5121.405267
1740772800,7.491,7.516,7.409,7.495,2081.416225
1740787200,7.495,7.619,7.349,7.589,14658.890457
1740801600,7.588,7.652,7.412,7.435,3519.033885
1740816000,7.454,7.488,7.278,7.313,2520.015276
1740830400,7.323,7.351,7.207,7.325,1394.994892
1740844800,7.341,7.532,7.312,7.523,3944.613266
1740859200,7.509,7.585,7.472,7.482,4439.18985
1740873600,7.487,7.539,7.444,7.479,3843.215438
1740888000,7.487,7.518,7.451,7.47,3255.979167
1740902400,7.444,7.558,7.423,7.531,2769.801066
1740916800,7.52,7.726,7.321,7.58,9389.735681
1740931200,7.59,8.325,7.557,8.191,27079.913788
1740945600,8.191,8.318,8.157,8.247,5278.164587
1740960000,8.273,8.273,7.942,8.033,7904.399855
1740974400,8.025,8.058,7.756,7.984,10212.189175
1740988800,7.919,7.919,7.745,7.874,2655.914411
1741003200,7.911,8.002,7.633,7.757,8016.152432
1741017600,7.728,7.766,7.17,7.198,12505.035372
1741032000,7.203,7.302,7.058,7.124,10154.933959
1741046400,7.115,7.141,6.591,6.791,26379.334028
1741060800,6.794,6.914,6.737,6.784,8039.160765
1741075200,6.78,6.85,6.714,6.739,3872.785235
1741089600,6.726,7.002,6.599,6.801,48085.437434
1741104000,6.824,7.09,6.48,7.05,25713.595692
1741118400,7.053,7.153,6.926,7.081,15604.464861
1741132800,7.059,7.161,7.021,7.064,15583.536612
1741147200,7.082,7.394,7.076,7.394,9185.287904
1741161600,7.38,7.536,7.325,7.343,33236.420617
1741176000,7.359,7.394,7.263,7.327,5659.742145
1741190400,7.329,7.404,7.281,7.395,3872.645025
1741204800,7.399,7.549,7.383,7.525,3756.317157
1741219200,7.536,7.687,7.468,7.571,15479.873463
1741233600,7.584,7.683,7.519,7.519,4970.222936
1741248000,7.521,7.553,7.455,7.487,21595.871882
1741262400,7.499,7.501,7.175,7.324,6779.471659
1741276800,7.334,7.339,7.058,7.201,10188.507007
1741291200,7.187,7.23,7.104,7.104,1249.041749
1741305600,7.106,7.169,6.828,7.067,23591.863607
1741320000,7.082,7.233,7.072,7.173,3534.84471
1741334400,7.184,7.315,7.155,7.216,3054.204134
1741348800,7.222,7.353,7.14,7.257,23595.707843
1741363200,7.248,7.31,7.096,7.212,4720.099462
1741377600,7.218,7.271,7.016,7.06,13028.304949
1741392000,7.059,7.088,6.967,7.033,938.438027
1741406400,7.034,7.09,6.947,6.952,8372.827931
1741420800,6.957,6.979,6.899,6.931,1906.611745
1741435200,6.941,7.147,6.941,7.059,5766.889627
1741449600,7.046,7.216,6.987,7.216,14453.308465
1741464000,7.194,7.216,7.127,7.158,349.516801
1741478400,7.16,7.206,7.015,7.062,16305.813105
1741492800,7.048,7.112,7.029,7.056,670.563207
1741507200,7.057,7.057,6.845,6.901,16134.13984
1741521600,6.875,6.896,6.707,6.737,3756.49671
1741536000,6.742,6.766,6.416,6.512,32731.436231
1741550400,6.503,6.546,6.325,6.392,18245.639678
1741564800,6.396,6.618,6.327,6.606,21086.697239
1741579200,6.586,6.754,6.586,6.746,11658.064012
1741593600,6.749,6.946,6.634,6.783,3524.471289
1741608000,6.776,6.809,6.308,6.387,17406.218897
1741622400,6.375,6.391,5.788,6.003,21283.542614
1741636800,5.99,6.031,5.903,5.916,14738.551495
1741651200,5.916,5.945,5.518,5.713,30284.962509
1741665600,5.709,5.95,5.7,5.89,17196.334604
1741680000,5.875,6.022,5.87,5.994,24127.591764
1741694400,5.998,6.107,5.724,6.001,41867.179421
1741708800,5.989,6.236,5.893,6.2,12264.736791
1741723200,6.191,6.221,6.086,6.086,9309.411852
1741737600,6.095,6.134,5.886,5.886,40789.70403
1741752000,5.884,6.002,5.826,6.002,31358.606814
1741766400,6.005,6.098,5.953,6.066,8321.576625
1741780800,6.07,6.201,5.749,5.812,33334.59495
1741795200,5.816,5.885,5.771,5.836,40382.379019
1741809600,5.808,5.916,5.808,5.916,7331.560621
1741824000,5.894,5.961,5.862,5.896,2555.09789
1741838400,5.899,5.917,5.741,5.835,19455.130982
1741852800,5.831,6.021,5.79,6.021,11687.80368
1741867200,6.022,6.072,5.834,5.878,11763.678211
1741881600,5.892,5.895,5.701,5.803,21684.358852
1741896000,5.788,5.933,5.758,5.894,6641.443404
1741910400,5.888,5.95,5.88,5.927,7615.533687
1741924800,5.928,5.94,5.858,5.889,2952.368307
1741939200,5.884,5.931,5.836,5.898,27327.253095
1741953600,5.9,6.082,5.865,5.993,47654.640752
1741968000,5.985,6.133,5.952,6.108,5912.754581
1741982400,6.069,6.104,6.026,6.026,2698.346388
1741996800,6.023,6.088,6.003,6.082,2401.47232
1742011200,6.089,6.167,6.065,6.1,1461.866257
1742025600,6.101,6.157,6.082,6.154,3516.25184
1742040000,6.141,6.149,6.098,6.131,17917.598091
1742054400,6.132,6.192,6.124,6.141,6389.669151
1742068800,6.147,6.323,6.147,6.279,8658.579656
1742083200,6.275,6.276,6.151,6.229,5036.997216
1742097600,6.231,6.291,6.224,6.278,4188.23534
1742112000,6.258,6.273,6.013,6.027,11858.421781
1742126400,6.025,6.077,5.982,6.046,27708.104362
1742140800,6.042,6.186,6.042,6.1,5761.707667
1742155200,6.078,6.179,6.073,6.141,1830.23711
1742169600,6.15,6.261,6.1,6.225,11902.53742
1742184000,6.231,6.24,6.088,6.187,1753.110687
1742198400,6.177,6.276,6.152,6.239,9861.85022
1742212800,6.233,6.292,6.117,6.204,9104.040116
1742227200,6.199,6.384,6.199,6.364,5836.643461
1742241600,6.372,6.383,6.28,6.301,1520.413574
1742256000,6.297,6.316,6.17,6.18,17360.523922
1742270400,6.196,6.287,6.196,6.258,1416.324828
1742284800,6.268,6.318,6.194,6.194,3358.0001
1742299200,6.21,6.236,6.109,6.19,5960.483917
1742313600,6.144,6.303,6.1,6.289,6156.379357
1742328000,6.307,6.371,6.256,6.371,7857.890113
1742342400,6.376,6.467,6.376,6.402,7447.839892
1742356800,6.406,6.406,6.333,6.333,12756.792269
1742371200,6.332,6.649,6.325,6.649,10616.223361
1742385600,6.65,6.987,6.518,6.939,125596.106208
1742400000,6.938,7.36,6.786,6.954,96482.030556
1742414400,6.94,7.017,6.899,6.989,9567.990379
1742428800,7.013,7.052,6.858,6.867,3501.247982
1742443200,6.863,6.869,6.797,6.857,5379.514029
1742457600,6.862,6.885,6.725,6.764,9579.554832
1742472000,6.734,6.841,6.702,6.713,15054.178113
1742486400,6.733,6.869,6.648,6.869,6779.268121
1742500800,6.823,6.903,6.82,6.903,5052.085552
1742515200,6.905,6.921,6.836,6.855,2607.625523
1742529600,6.844,6.888,6.8,6.868,937.741835
1742544000,6.868,6.892,6.796,6.826,589.692783
1742558400,6.827,6.878,6.733,6.75,1897.797751
1742572800,6.764,6.841,6.759,6.768,2352.067553
1742587200,6.779,6.835,6.718,6.777,17678.207104
1742601600,6.794,6.873,6.794,6.869,2091.605744
1742616000,6.874,6.921,6.818,6.818,4922.791835
1742630400,6.825,6.88,6.797,6.797,2156.306553
1742644800,6.793,6.802,6.733,6.741,1531.660488
1742659200,6.741,6.882,6.73,6.856,1132.791685
1742673600,6.864,6.867,6.728,6.74,8542.290825
1742688000,6.747,6.827,6.744,6.815,1798.718133
1742702400,6.806,6.806,6.725,6.787,1839.153156
1742716800,6.766,6.794,6.729,6.729,431.552325
1742731200,6.736,6.761,6.665,6.685,2664.745967
1742745600,6.675,6.697,6.62,6.667,9514.015522
1742760000,6.663,6.681,6.625,6.681,1393.484136
1742774400,6.688,6.774,6.584,6.774,8424.8124
1742788800,6.792,6.934,6.787,6.909,8600.718374
1742803200,6.93,7.073,6.93,7.071,1678.467098
1742817600,7.079,7.157,6.98,7.048,11543.075918
1742832000,7.037,7.093,6.959,7.084,13783.157382
1742846400,7.086,7.15,7.028,7.078,8794.194302
1742860800,7.068,7.125,6.936,6.942,5696.187266
1742875200,6.968,7.043,6.952,7.005,2780.084057
1742889600,7.024,7.114,7.024,7.033,2274.903889
1742904000,7.037,7.063,6.967,7,3142.500306
1742918400,6.983,7.039,6.944,7,8483.137458
1742932800,7.013,7.027,6.932,6.97,1619.591191
1742947200,6.943,7.076,6.878,6.928,3074.041036
1742961600,6.929,7.08,6.922,7.08,2582.089447
1742976000,7.084,7.12,7.026,7.106,3081.439086
1742990400,7.093,7.093,6.807,6.837,91180.02761
1743004800,6.828,6.867,6.688,6.789,20024.636365
1743019200,6.805,6.82,6.654,6.722,2083.804004
1743033600,6.721,6.901,6.705,6.877,8855.22968
1743048000,6.85,6.901,6.788,6.854,10938.464889
1743062400,6.863,6.882,6.706,6.721,16433.456093
1743076800,6.707,6.834,6.657,6.786,10080.141532
1743091200,6.791,6.793,6.688,6.785,5225.955875
1743105600,6.765,6.834,6.723,6.723,928.498629
1743120000,6.726,6.83,6.691,6.749,1707.404248
1743134400,6.789,6.789,6.387,6.387,11570.20795
1743148800,6.42,6.43,6.257,6.3,10113.365653
1743163200,6.292,6.304,6.111,6.111,9653.474253
1743177600,6.122,6.142,6.074,6.123,2545.487297
1743192000,6.114,6.187,6.051,6.171,25214.029279
1743206400,6.183,6.247,6.094,6.196,2252.615342
1743220800,6.183,6.201,6.112,6.12,777.667275
1743235200,6.143,6.161,6.007,6.04,2187.216604
1743249600,6.034,6.124,5.977,5.977,5131.212976
1743264000,5.992,6.005,5.867,5.939,5511.430727
1743278400,5.914,5.957,5.879,5.957,9499.621297
1743292800,5.957,6.05,5.919,6.003,1598.968643
1743307200,6.022,6.054,5.977,5.993,8645.449921
1743321600,5.989,6.03,5.962,5.978,5873.498764
1743336000,5.971,6,5.906,5.954,6490.088207
1743350400,5.966,6.001,5.868,5.969,1719.482958
1743364800,5.952,5.953,5.809,5.868,5708.08216
1743379200,5.869,5.935,5.772,5.821,3297.373722
1743393600,5.838,5.977,5.83,5.865,1186.02608
1743408000,5.877,5.902,5.744,5.885,7715.076059
1743422400,5.893,6.041,5.841,6.008,11859.851809
1743436800,6.023,6.025,5.913,5.973,2221.654257
1743451200,5.982,6.049,5.953,5.972,2483.571488
1743465600,5.969,6.066,5.969,6.019,1360.499181
1743480000,6.033,6.122,6.028,6.094,18425.205796
1743494400,6.118,6.229,6.077,6.108,10186.720236
1743508800,6.116,6.313,6.058,6.274,4679.005108
1743523200,6.278,6.314,6.207,6.253,6596.359139
1743537600,6.271,6.345,6.256,6.267,3224.720107
1743552000,6.266,6.28,6.114,6.142,4254.383953
1743566400,6.138,6.498,6.02,6.092,106003.712519
1743580800,6.078,6.143,6.071,6.082,5551.835325
1743595200,6.065,6.285,6.018,6.246,20363.288837
1743609600,6.265,6.267,6.134,6.24,2542.247902
1743624000,6.213,6.406,5.791,5.833,12157.052827
1743638400,5.828,6.037,5.813,6.015,15076.188005
1743652800,6.023,6.062,5.943,5.947,3454.531544
1743667200,5.973,6.026,5.853,5.862,2608.275342
1743681600,5.865,5.886,5.654,5.766,19630.399186
1743696000,5.766,5.793,5.677,5.742,18206.915332
1743710400,5.746,5.867,5.738,5.862,3636.65223
1743724800,5.868,5.903,5.778,5.853,3973.371716
1743739200,5.844,5.991,5.815,5.976,5299.549257
1743753600,5.988,6.029,5.66,5.761,5286.473028
1743768000,5.763,5.923,5.716,5.845,41842.985717
1743782400,5.845,5.951,5.796,5.898,38460.977657
1743796800,5.911,5.971,5.879,5.907,11485.980381
1743811200,5.903,5.935,5.869,5.876,333.933806
1743825600,5.874,5.908,5.862,5.901,133.695974
1743840000,5.909,5.938,5.888,5.898,227.200629
1743854400,5.887,5.896,5.773,5.798,2969.806471
1743868800,5.791,5.831,5.772,5.78,1915.216086
1743883200,5.793,5.869,5.767,5.866,2025.947339
1743897600,5.854,5.883,5.814,5.829,1458.445328
1743912000,5.83,5.853,5.799,5.842,190.916454
1743926400,5.827,5.894,5.701,5.721,422.802258
1743940800,5.726,5.732,5.564,5.624,5114.488498
1743955200,5.623,5.625,5.15,5.215,39723.431237
1743969600,5.213,5.222,4.978,5.095,17030.154919
1743984000,5.099,5.219,4.942,4.99,9417.105264
1743998400,4.994,5.053,4.607,4.705,32356.760018
1744012800,4.705,4.982,4.698,4.893,16389.420859
1744027200,4.904,5.342,4.885,5.121,36509.447096
1744041600,5.108,5.155,5.02,5.079,5195.008477
1744056000,5.081,5.2,5.081,5.117,9174.843676
1744070400,5.12,5.3,5.088,5.183,9187.770493
1744084800,5.212,5.243,5.146,5.158,20302.384246
1744099200,5.167,5.253,5.1,5.253,4598.67169
1744113600,5.249,5.25,5.066,5.101,5205.397031
1744128000,5.102,5.104,4.765,4.794,92411.92816
1744142400,4.799,4.848,4.693,4.77,10972.500793
1744156800,4.77,4.808,4.559,4.665,17993.46107
1744171200,4.672,4.898,4.672,4.881,7487.351508
1744185600,4.898,4.898,4.727,4.743,7274.093924
1744200000,4.738,4.908,4.705,4.861,28302.323615
1744214400,4.862,5.445,4.862,5.356,40347.563687
1744228800,5.378,5.494,5.378,5.417,14724.912183
1744243200,5.411,5.411,5.201,5.25,3113.537634
1744257600,5.263,5.3,5.189,5.212,1933.109302
1744272000,5.207,5.221,5.13,5.16,8010.054632
1744286400,5.169,5.27,4.879,4.9,13044.885871
1744300800,4.901,5.006,4.85,5.006,10814.440023
1744315200,4.996,5.045,4.996,5.021,2022.429875
1744329600,5.019,5.145,5.003,5.115,5474.515023
1744344000,5.116,5.198,5.116,5.157,5229.779583
1744358400,5.133,5.245,5.132,5.204,11009.916981
1744372800,5.209,5.236,5.159,5.213,7137.503083
1744387200,5.205,5.318,5.179,5.264,7419.323156
1744401600,5.258,5.3,5.227,5.233,4898.808848
1744416000,5.228,5.233,5.152,5.174,2906.741934
1744430400,5.173,5.301,5.151,5.288,2493.65018
1744444800,5.303,5.329,5.293,5.319,3719.095396
1744459200,5.317,5.559,5.317,5.514,10384.726655
1744473600,5.519,5.583,5.485,5.501,8646.177543
1744488000,5.51,5.558,5.5,5.504,4191.710896
1744502400,5.503,5.517,5.402,5.423,5843.79014
1744516800,5.422,5.45,5.343,5.438,536.570526
1744531200,5.401,5.508,5.401,5.414,5179.440294
1744545600,5.423,5.427,5.313,5.354,7619.155851
1744560000,5.356,5.54,5.288,5.348,6780.51262
1744574400,5.349,5.415,5.264,5.338,8744.033882
1744588800,5.321,5.558,5.321,5.439,15144.997208
1744603200,5.442,5.488,5.38,5.439,1296.752406
1744617600,5.448,5.648,5.43,5.596,12015.630659
1744632000,5.596,5.596,5.374,5.381,7164.447683
1744646400,5.382,5.48,5.347,5.427,7286.754538
1744660800,5.427,5.434,5.336,5.346,1369.536868
1744675200,5.346,5.404,5.307,5.404,2125.565542
1744689600,5.382,5.423,5.363,5.421,1677.422629
1744704000,5.422,5.442,5.345,5.367,5774.731925
1744718400,5.363,5.452,5.263,5.279,3296.938179
1744732800,5.288,5.342,5.22,5.231,18810.412703
1744747200,5.234,5.259,5.175,5.181,6298.63892
1744761600,5.178,5.255,5.158,5.224,1368.541599
1744776000,5.22,5.22,5.119,5.131,2673.808538
1744790400,5.117,5.195,5.097,5.173,2632.312852
1744804800,5.175,5.241,5.125,5.168,15161.818855
1744819200,5.185,5.238,5.028,5.198,9529.285959
1744833600,5.198,5.226,5.13,5.152,2362.50088
1744848000,5.156,5.222,5.147,5.175,780.875838
1744862400,5.18,5.295,5.18,5.27,1275.97149
1744876800,5.271,5.271,5.189,5.208,1393.573273
1744891200,5.22,5.238,5.097,5.175,4067.597905
1744905600,5.175,5.283,5.167,5.186,3535.030223
1744920000,5.193,5.221,5.158,5.179,828.048794
1744934400,5.183,5.183,5.136,5.164,400.558441
1744948800,5.149,5.205,5.149,5.205,1143.271143
1744963200,5.206,5.227,5.187,5.204,1103.490491
1744977600,5.206,5.238,5.148,5.15,1536.608391
1744992000,5.159,5.215,5.159,5.188,1021.886567
1745006400,5.187,5.217,5.169,5.173,1810.2951
1745020800,5.175,5.268,5.174,5.261,3185.083356
1745035200,5.256,5.28,5.233,5.277,1074.046878
1745049600,5.266,5.307,5.247,5.247,1362.293685
1745064000,5.249,5.272,5.223,5.244,225.284918
1745078400,5.248,5.325,5.234,5.309,1372.605253
1745092800,5.314,5.354,5.311,5.32,872.826358
1745107200,5.312,5.35,5.311,5.33,297.7491
1745121600,5.331,5.349,5.268,5.27,1395.682251
1745136000,5.275,5.279,5.153,5.176,1263.113883
1745150400,5.18,5.224,5.168,5.215,577.811887
1745164800,5.218,5.276,5.218,5.276,1622.926987
1745179200,5.276,5.327,5.215,5.25,1524.622357
1745193600,5.25,5.451,5.25,5.404,4016.610615
1745208000,5.417,5.504,5.394,5.466,6288.612842
1745222400,5.467,5.488,5.396,5.411,3452.504684
1745236800,5.416,5.473,5.386,5.408,1558.026356
1745251200,5.41,5.42,5.224,5.292,8336.26863
1745265600,5.276,5.285,5.245,5.277,2323.544406
1745280000,5.27,5.33,5.189,5.27,1266.295185
1745294400,5.267,5.378,5.214,5.373,2841.712163
1745308800,5.374,5.425,5.336,5.417,8676.565014
1745323200,5.423,5.689,5.406,5.607,24100.287885
1745337600,5.61,5.648,5.576,5.626,7146.303678
1745352000,5.629,5.827,5.616,5.819,12098.827671
1745366400,5.826,5.965,5.797,5.95,12583.532114
1745380800,5.961,6.03,5.898,5.94,8270.92894
1745395200,5.941,6.077,5.929,5.998,4165.838592
1745409600,6.022,6.073,5.863,5.983,13611.051048
1745424000,5.977,6.086,5.956,5.976,8394.475555
1745438400,5.993,6.102,5.991,6.057,8144.575902
1745452800,6.038,6.047,5.861,5.861,7420.269248
1745467200,5.859,5.878,5.751,5.755,2166.702655
1745481600,5.761,5.768,5.656,5.768,4761.022995
1745496000,5.769,5.928,5.755,5.861,13568.492406
1745510400,5.856,5.898,5.772,5.81,5950.768583
1745524800,5.816,5.843,5.748,5.811,4762.663681
1745539200,5.814,5.879,5.698,5.758,8371.956158
1745553600,5.748,5.906,5.747,5.906,1446.416049
1745568000,5.907,5.927,5.826,5.856,8426.379236
1745582400,5.86,5.984,5.764,5.947,10652.415206
1745596800,5.938,5.957,5.844,5.858,1564.788738
1745611200,5.872,5.906,5.823,5.837,2011.94738
1745625600,5.84,6.027,5.84,5.949,7562.937474
1745640000,5.936,5.969,5.877,5.967,10307.293504
1745654400,5.923,6.017,5.772,5.789,6836.856886
1745668800,5.798,5.843,5.748,5.833,6511.570894
1745683200,5.832,5.834,5.795,5.8,1958.196324
1745697600,5.828,5.845,5.786,5.815,4709.081219
1745712000,5.82,5.995,5.754,5.766,6469.271682
1745726400,5.798,5.798,5.676,5.738,3937.410535
1745740800,5.726,5.757,5.716,5.74,2634.816329
1745755200,5.702,5.702,5.557,5.573,9266.534652
1745769600,5.571,5.622,5.517,5.621,5359.814251
1745784000,5.609,5.61,5.499,5.509,2468.324104
1745798400,5.507,5.507,5.337,5.438,15346.784018
1745812800,5.443,5.575,5.442,5.567,4458.700348
1745827200,5.556,5.643,5.522,5.619,16172.123579
1745841600,5.615,5.615,5.358,5.407,18888.75645
1745856000,5.408,5.496,5.372,5.469,5274.459062
1745870400,5.465,5.465,5.39,5.434,7833.074674
1745884800,5.435,5.495,5.395,5.443,4751.879001
1745899200,5.431,5.504,5.355,5.499,2539.352041
1745913600,5.505,5.541,5.436,5.444,2054.272784
1745928000,5.44,5.443,5.359,5.367,3821.361719
1745942400,5.371,5.427,5.34,5.35,7983.420929
1745956800,5.339,5.339,5.21,5.277,17819.500908
1745971200,5.267,5.337,5.253,5.337,15586.537015
1745985600,5.34,5.373,5.271,5.271,4037.05772
1746000000,5.283,5.391,5.276,5.372,2303.944443
1746014400,5.372,5.378,5.072,5.203,22709.214178
1746028800,5.192,5.283,5.168,5.27,4094.723606
1746043200,5.272,5.36,5.262,5.272,13096.057835
1746057600,5.275,5.354,5.275,5.282,4353.188948
1746072000,5.278,5.295,5.242,5.267,1199.953613
1746086400,5.258,5.392,5.258,5.373,11319.706998
1746100800,5.354,5.42,5.295,5.351,21485.47495
1746115200,5.347,5.429,5.347,5.351,8795.421432
1746129600,5.346,5.387,5.304,5.321,5077.125203
1746144000,5.319,5.376,5.311,5.328,11965.999747
1746158400,5.331,5.332,5.254,5.29,24940.23113
1746172800,5.27,5.314,5.249,5.265,7859.527401
1746187200,5.265,5.317,5.222,5.262,10610.709012
1746201600,5.266,5.358,5.197,5.215,4197.025489
1746216000,5.213,5.253,5.202,5.245,7671.835064
1746230400,5.251,5.262,5.169,5.205,5613.096349
1746244800,5.209,5.234,5.159,5.169,807.262202
1746259200,5.169,5.192,5.111,5.129,4421.050582
1746273600,5.125,5.199,5.123,5.188,15142.755089
1746288000,5.154,5.185,5.028,5.123,17415.78757
1746302400,5.13,5.184,5.091,5.099,3921.676959
1746316800,5.082,5.132,5.051,5.092,7383.351195
1746331200,5.079,5.114,5.063,5.087,21059.696057
1746345600,5.079,5.092,5.018,5.078,2337.922604
1746360000,5.079,5.099,5.025,5.062,4846.397437
1746374400,5.068,5.086,5.012,5.045,8984.505904
1746388800,5.054,5.104,4.971,4.989,6618.074533
1746403200,4.983,5.064,4.963,5.021,6556.455636
1746417600,5.022,5.11,5.021,5.102,3996.186153
1746432000,5.099,5.099,4.971,4.987,9089.265457
1746446400,4.983,5.017,4.926,4.944,8306.219898
1746460800,4.945,5.014,4.945,4.965,7184.06643
1746475200,4.963,5.02,4.897,4.973,8515.007785
1746489600,4.973,4.974,4.879,4.95,1721.674411
1746504000,4.948,4.957,4.905,4.927,2969.495478
1746518400,4.907,4.924,4.815,4.844,8110.175243
1746532800,4.847,4.931,4.847,4.909,4703.945033
1746547200,4.87,4.922,4.844,4.881,3014.234523
1746561600,4.874,4.985,4.744,4.961,22278.157113
1746576000,4.964,5.05,4.908,4.943,7883.822698
1746590400,4.939,4.956,4.891,4.956,2515.380472
1746604800,4.934,4.956,4.867,4.873,4372.61978
1746619200,4.881,4.881,4.789,4.808,5479.77391
1746633600,4.791,4.835,4.747,4.793,7719.152402
1746648000,4.791,4.912,4.78,4.873,5236.570514
1746662400,4.876,5.173,4.844,5.173,16036.790997
1746676800,5.176,5.219,5.115,5.188,17605.023233
1746691200,5.198,5.246,5.18,5.231,19521.092374
1746705600,5.237,5.677,5.201,5.543,83413.595976
1746720000,5.546,5.649,5.504,5.615,19330.117316
1746734400,5.619,6.154,5.586,6.154,101510.3301
1746748800,6.155,6.321,6.002,6.177,42706.624347
1746763200,6.178,6.566,6.158,6.483,50010.111662
1746777600,6.492,6.696,6.208,6.348,76298.843425
1746792000,6.353,6.448,6.156,6.255,51928.447709
1746806400,6.239,6.384,6.197,6.294,6857.207016
1746820800,6.3,6.381,6.287,6.364,6444.927857
1746835200,6.365,6.754,6.361,6.432,104975.483659
1746849600,6.423,6.654,6.38,6.609,45934.245108
1746864000,6.599,6.722,6.525,6.546,48387.990254
1746878400,6.556,6.788,6.556,6.766,29856.251589
1746892800,6.76,7.04,6.752,6.879,34862.34957
1746907200,6.861,7.589,6.808,7.555,94917.52866
1746921600,7.54,7.553,7.182,7.274,46612.919488
1746936000,7.269,7.302,6.981,7.044,22574.222055
1746950400,7.038,7.172,7.019,7.11,24719.672394
1746964800,7.086,7.106,6.746,6.81,101148.212242
1746979200,6.814,6.955,6.724,6.918,22993.862455
1746993600,6.921,6.985,6.861,6.923,11571.433804
1747008000,6.929,7.048,6.83,7.02,15960.474586
1747022400,7.026,7.342,6.942,7.125,54846.965491
1747036800,7.131,7.198,7.002,7.002,40340.35121
1747051200,7.013,7.182,6.83,6.903,47429.071761
1747065600,6.907,7.012,6.614,6.842,17186.271706
1747080000,6.85,6.922,6.8,6.895,8658.075649
1747094400,6.887,6.888,6.54,6.563,9622.442966
1747108800,6.538,6.698,6.533,6.641,32836.939652
1747123200,6.652,6.811,6.619,6.767,28993.914749
1747137600,6.767,6.882,6.709,6.848,26009.547233
1747152000,6.854,7.365,6.854,7.197,34017.852114
1747166400,7.202,7.207,7.046,7.093,20936.026467
1747180800,7.103,7.148,6.876,6.894,35231.685545
1747195200,6.89,6.952,6.779,6.803,13908.38253
1747209600,6.798,6.798,6.661,6.753,78084.36818
1747224000,6.75,6.769,6.601,6.639,14511.500377
1747238400,6.66,6.686,6.545,6.611,15730.878179
1747252800,6.606,6.636,6.568,6.604,10844.335813
1747267200,6.609,6.773,6.545,6.608,12080.415081
1747281600,6.608,6.651,6.333,6.361,31003.109307
1747296000,6.357,6.479,6.279,6.356,14538.884964
1747310400,6.355,6.445,6.174,6.413,29066.75712
1747324800,6.413,6.507,6.196,6.241,14366.467112
1747339200,6.252,6.29,6.118,6.226,12104.278842
1747353600,6.226,6.33,6.175,6.326,27539.909621
1747368000,6.335,6.383,6.273,6.344,11019.671534
1747382400,6.324,6.462,6.212,6.366,20852.462873
1747396800,6.37,6.385,6.229,6.3,3318.937086
1747411200,6.305,6.339,6.212,6.251,3087.318317
1747425600,6.239,6.24,6.036,6.07,16057.10039
1747440000,6.075,6.078,5.842,5.946,26577.127679
1747454400,5.935,5.992,5.888,5.898,6197.811912
1747468800,5.903,5.908,5.829,5.853,2150.062021
1747483200,5.856,5.873,5.737,5.833,10716.090344
1747497600,5.831,5.844,5.702,5.723,8674.956644
1747512000,5.726,5.799,5.654,5.736,19650.568827
1747526400,5.734,5.766,5.699,5.755,3716.669489
1747540800,5.753,5.977,5.753,5.977,3656.866748
1747555200,5.977,6.05,5.888,5.888,3612.837698
1747569600,5.885,6.318,5.878,6.317,22141.522212
1747584000,6.319,6.322,5.824,5.824,30948.166892
1747598400,5.807,6.161,5.69,6.122,17945.578081
1747612800,6.141,6.174,5.753,5.761,25935.64165
1747627200,5.756,5.81,5.664,5.76,37629.486706
1747641600,5.75,5.781,5.701,5.763,1763.182842
1747656000,5.761,5.873,5.676,5.847,12790.99511
1747670400,5.837,6.054,5.818,5.977,21969.62303
1747684800,5.977,5.98,5.883,5.947,28282.273503
1747699200,5.932,6.114,5.867,5.99,14812.519514
1747713600,5.97,6.094,5.937,5.96,38759.705476
1747728000,5.957,5.981,5.791,5.827,15801.827271
1747742400,5.83,5.837,5.741,5.793,14889.152614
1747756800,5.793,5.903,5.701,5.887,6142.342604
1747771200,5.856,6.111,5.843,6.019,54514.470175
1747785600,6.029,6.502,5.952,6.384,112266.687236
1747800000,6.399,6.503,6.265,6.315,97662.157696
1747814400,6.331,6.364,6.154,6.232,14729.907054
1747828800,6.237,6.37,6.157,6.332,20346.705798
1747843200,6.334,6.47,5.993,6.173,49719.520207
1747857600,6.166,6.325,6.097,6.217,21649.997097
1747872000,6.228,6.483,6.208,6.417,25240.46891
1747886400,6.387,6.439,6.28,6.376,23390.496733
1747900800,6.352,6.586,6.352,6.412,64518.117567
1747915200,6.414,6.565,6.333,6.465,14808.965842
1747929600,6.469,6.496,6.374,6.378,6218.040442
1747944000,6.383,6.439,6.316,6.434,17001.645963
1747958400,6.432,6.788,6.389,6.728,91790.185796
1747972800,6.725,6.734,6.399,6.431,11760.941876
1747987200,6.426,6.609,6.134,6.154,9293.170823
1748001600,6.151,6.255,5.98,6.139,69188.13473
1748016000,6.149,6.239,6.086,6.16,14259.813788
1748030400,6.136,6.148,5.942,5.98,14811.358687
1748044800,5.974,6.099,5.965,6.086,9641.812656
1748059200,6.085,6.166,6.075,6.141,2383.544341
1748073600,6.115,6.237,6.089,6.229,11031.969497
1748088000,6.215,6.255,6.158,6.213,5333.372131
1748102400,6.212,6.309,6.175,6.195,21896.85746
1748116800,6.194,6.212,6.1,6.118,2321.676858
1748131200,6.117,6.169,5.983,6.106,11904.183665
1748145600,6.085,6.089,5.983,6.009,1165.871398
1748160000,5.996,6,5.902,5.987,20504.482885
1748174400,5.991,6.083,5.93,6.028,17263.790043
1748188800,6.016,6.088,5.977,6.07,1815.390308
1748203200,6.036,6.172,6.008,6.16,4610.640327
1748217600,6.16,6.231,6.131,6.178,11716.251025
1748232000,6.156,6.603,6.156,6.526,85533.380507
1748246400,6.526,6.654,6.514,6.608,22871.087748
1748260800,6.609,6.653,6.407,6.531,52708.663599
1748275200,6.539,6.568,6.384,6.396,16384.611051
1748289600,6.402,6.526,6.383,6.497,4146.417272
1748304000,6.507,6.518,6.273,6.456,17281.827066
1748318400,6.456,6.737,6.442,6.651,25371.210681
1748332800,6.657,6.764,6.628,6.673,19835.664766
1748347200,6.678,6.78,6.46,6.518,70230.01675
1748361600,6.519,6.646,6.495,6.529,19656.330311
1748376000,6.536,6.539,6.315,6.333,63648.368912
1748390400,6.328,6.409,6.253,6.397,93008.237525
1748404800,6.371,6.822,6.361,6.718,129847.880839
1748419200,6.701,6.977,6.698,6.874,100274.662844
1748433600,6.883,6.912,6.644,6.723,66276.922616
1748448000,6.736,6.764,6.621,6.621,11294.428196
1748462400,6.628,6.882,6.602,6.85,40492.052854
1748476800,6.839,7.66,6.836,7.499,278579.462408
1748491200,7.506,7.529,7.098,7.16,169079.47131
1748505600,7.152,7.211,7.083,7.118,17337.97152
1748520000,7.11,7.11,6.746,6.798,106215.55125
1748534400,6.792,6.814,6.665,6.717,53381.596882
1748548800,6.714,6.74,6.528,6.561,44019.163354
1748563200,6.558,6.697,6.315,6.488,112829.354585
1748577600,6.475,6.663,6.441,6.525,41227.059699
1748592000,6.522,6.638,6.456,6.61,29742.763218
1748606400,6.587,6.641,6.472,6.502,23178.388827
1748620800,6.5,6.54,6.243,6.498,28461.473576
1748635200,6.472,6.527,6.127,6.201,32246.011126
1748649600,6.198,6.225,5.914,5.993,52839.776827
1748664000,5.985,6.088,5.887,6.074,36649.002439
1748678400,6.064,6.07,5.976,6.016,2862.379078
1748692800,6.016,6.143,6.015,6.095,14773.021269
1748707200,6.078,6.176,6.077,6.156,4831.772992
1748721600,6.141,6.183,6.048,6.059,11297.004104
1748736000,6.058,6.097,5.888,5.979,95886.050537
1748750400,5.971,6.304,5.966,6.175,117937.186357
1748764800,6.156,6.25,6.083,6.175,19759.207414
1748779200,6.172,6.237,6.117,6.213,23322.407706
1748793600,6.219,6.296,6.144,6.204,20362.635091
1748808000,6.199,6.382,6.198,6.307,8181.229656
1748822400,6.308,6.311,6.063,6.084,46250.387474
1748836800,6.081,6.183,6.043,6.16,3487.631588
1748851200,6.167,6.19,6.076,6.124,8427.198415
1748865600,6.114,6.33,6.114,6.319,24515.422895
1748880000,6.318,6.383,6.231,6.252,14533.428344
1748894400,6.263,6.471,6.263,6.445,12162.12569
1748908800,6.447,6.566,6.335,6.369,67526.822504
1748923200,6.366,6.409,6.296,6.4,12016.311731
1748937600,6.404,6.483,6.349,6.465,30467.611951
1748952000,6.471,7.095,6.447,6.768,291996.3554
1748966400,6.784,6.792,6.64,6.723,34033.754035
1748980800,6.702,6.72,6.588,6.64,13193.736928
1748995200,6.633,6.738,6.567,6.725,8544.231693
1749009600,6.712,6.758,6.67,6.706,17063.45641
1749024000,6.706,6.84,6.706,6.769,19732.238225
1749038400,6.769,6.807,6.286,6.503,159249.953275
1749052800,6.481,6.483,6.337,6.338,16750.599538
1749067200,6.335,6.363,6.268,6.305,25546.831599
1749081600,6.313,6.353,6.269,6.344,7012.360469
1749096000,6.343,6.369,6.245,6.259,20666.556725
1749110400,6.267,6.325,6.216,6.284,22590.975976
1749124800,6.281,6.47,6.259,6.372,37992.862622
1749139200,6.34,6.34,6.059,6.106,163845.651494
1749153600,6.082,6.085,5.803,5.916,94473.4731
1749168000,5.903,6.047,5.832,6.039,49623.302758
1749182400,6.043,6.049,5.973,5.989,17967.706782
1749196800,5.991,6.072,5.991,6.033,2520.593041
1749211200,6.034,6.156,6.007,6.082,24055.299632
1749225600,6.094,6.121,6.037,6.065,11866.027581
1749240000,6.049,6.073,5.977,5.993,12400.724298
1749254400,5.993,6.212,5.966,6.155,116062.947343
1749268800,6.144,6.187,6.098,6.178,10399.5016
1749283200,6.18,6.18,6.11,6.175,2704.90082
1749297600,6.173,6.404,6.173,6.315,116138.506061
1749312000,6.309,6.376,6.243,6.318,31194.624739
1749326400,6.327,6.42,6.327,6.358,9446.875279
1749340800,6.352,6.359,6.299,6.318,32554.237278
1749355200,6.293,6.312,6.24,6.292,24187.375358
1749369600,6.286,6.338,6.212,6.338,11651.497852
1749384000,6.343,6.423,6.307,6.352,12932.01516
1749398400,6.363,6.453,6.362,6.373,20325.778419
1749412800,6.379,6.429,6.318,6.323,26296.264409
1749427200,6.321,6.339,6.245,6.297,4533.234845
1749441600,6.295,6.3,6.211,6.279,10544.657762
1749456000,6.285,6.581,6.251,6.538,32012.805278
1749470400,6.538,6.574,6.433,6.498,19702.776054
1749484800,6.506,6.638,6.506,6.601,15084.442454
1749499200,6.606,6.877,6.605,6.849,43344.023171
1749513600,6.843,7.214,6.842,7.088,224011.837544
1749528000,7.094,7.191,7.04,7.13,40127.129756
1749542400,7.135,8.095,7.135,7.994,137037.422228
1749556800,7.996,8.305,7.926,8.193,206881.56803
1749571200,8.231,8.39,8.142,8.273,91602.919627
1749585600,8.265,8.674,8.241,8.668,124429.094388
1749600000,8.669,8.67,8.219,8.26,129396.290581
1749614400,8.271,8.469,8.259,8.39,26963.869016
1749628800,8.37,8.378,8.152,8.17,41136.943427
1749643200,8.163,8.442,8.14,8.355,77240.188009
1749657600,8.349,8.349,8.001,8.019,71333.995246
1749672000,8.026,8.165,7.96,8.154,98558.461245
1749686400,8.15,8.241,8.07,8.094,23110.342572
1749700800,8.085,8.16,7.926,7.955,41197.198363
1749715200,7.956,8.026,7.789,7.79,27863.714512
1749729600,7.8,8.044,7.736,7.753,52440.790861
1749744000,7.756,7.991,7.729,7.755,26954.616752
1749758400,7.796,7.809,7.484,7.484,39953.562254
1749772800,7.489,7.491,6.808,7.16,165939.924608
1749787200,7.141,7.488,7.034,7.41,91656.530449
1749801600,7.401,7.508,7.223,7.341,39880.310513
1749816000,7.348,7.578,7.206,7.485,38395.990545
1749830400,7.487,7.682,7.37,7.502,108569.288062
1749844800,7.462,7.779,7.371,7.776,55577.891532
1749859200,7.765,7.765,7.492,7.492,27109.982796
1749873600,7.491,7.533,7.319,7.341,37874.08703
1749888000,7.34,7.353,7.255,7.325,14662.882149
1749902400,7.327,7.38,7.169,7.198,12121.441176
1749916800,7.209,7.269,7.113,7.229,27697.407295
1749931200,7.188,7.355,7.184,7.302,6459.75516
1749945600,7.309,7.477,7.309,7.351,17729.667485
1749960000,7.333,7.37,7.218,7.227,3834.750123
1749974400,7.22,7.22,7.145,7.213,8760.54704
1749988800,7.202,7.286,7.129,7.129,29615.850021
1750003200,7.146,7.181,7.029,7.066,30548.6893
1750017600,7.063,7.189,6.983,7.167,13535.854475
1750032000,7.174,7.432,7.04,7.332,28406.687207
1750046400,7.335,7.731,7.335,7.63,46802.294116
1750060800,7.634,7.759,7.551,7.74,31536.273125
1750075200,7.736,7.974,7.657,7.839,39030.682175
1750089600,7.847,7.908,7.742,7.845,20935.105239
1750104000,7.847,7.876,7.423,7.433,33553.243262
1750118400,7.433,7.851,7.329,7.794,67876.864759
1750132800,7.819,7.87,7.639,7.644,14228.573421
1750147200,7.64,7.727,7.557,7.628,37560.698028
1750161600,7.63,7.676,7.223,7.317,113026.481767
1750176000,7.319,7.523,7.302,7.452,83828.024216
1750190400,7.448,7.494,7.295,7.433,34281.878241
1750204800,7.444,7.564,7.345,7.539,29242.163332
1750219200,7.539,7.791,7.396,7.474,54397.95498
1750233600,7.474,7.499,7.126,7.354,83158.506693
1750248000,7.343,7.569,7.184,7.482,44443.637183
1750262400,7.48,7.53,7.314,7.35,55239.801468
1750276800,7.351,7.646,7.301,7.577,29837.788221
1750291200,7.583,7.705,7.494,7.677,27889.152314
1750305600,7.673,7.765,7.581,7.755,44288.344097
1750320000,7.746,7.949,7.68,7.689,28759.689103
1750334400,7.7,7.764,7.47,7.515,61496.24937
1750348800,7.517,7.629,7.512,7.549,15963.833918
1750363200,7.547,7.752,7.528,7.683,52151.820341
1750377600,7.684,7.895,7.517,7.578,34077.414189
1750392000,7.572,7.832,7.451,7.81,23733.851966
1750406400,7.823,7.992,7.698,7.711,45208.006634
1750420800,7.729,7.793,7.514,7.528,40050.677036
1750435200,7.54,7.54,6.992,7.113,227211.263554
1750449600,7.096,7.19,7.02,7.074,111884.629676
1750464000,7.051,7.125,7.035,7.088,55827.034165
1750478400,7.095,7.095,6.943,6.95,31595.440895
1750492800,6.949,7.069,6.881,6.931,43139.554493
1750507200,6.93,6.942,6.735,6.828,50834.146997
1750521600,6.812,6.903,6.79,6.801,30480.282383
1750536000,6.788,6.964,6.206,6.477,74499.56118
1750550400,6.468,6.608,6.355,6.428,34017.912949
1750564800,6.439,6.544,6.394,6.422,8014.277436
1750579200,6.434,6.447,6.324,6.431,23952.332777
1750593600,6.418,6.446,6.123,6.188,98228.90963
1750608000,6.197,6.269,6.036,6.052,59968.556214
1750622400,6.051,6.282,5.931,6.258,42661.785057
1750636800,6.26,6.352,6.22,6.29,19886.873161
1750651200,6.25,6.343,6.243,6.341,24632.707561
1750665600,6.337,6.353,6.222,6.242,6626.81188
1750680000,6.225,6.381,6.151,6.187,52667.453335
1750694400,6.185,6.713,6.035,6.588,180904.847267
1750708800,6.608,6.919,6.572,6.81,97990.0346
1750723200,6.804,6.85,6.74,6.821,25049.6994
1750737600,6.805,7.083,6.78,6.885,92366.976235
1750752000,6.889,6.996,6.796,6.921,29379.620628
1750766400,6.919,7.001,6.878,6.971,18261.886032
1750780800,6.979,7.163,6.963,7,44181.761184
1750795200,7.015,7.091,7.002,7.054,7857.627892
1750809600,7.065,7.357,7.006,7.179,73949.485603
1750824000,7.179,7.264,7.121,7.25,14542.420472
1750838400,7.249,7.25,7.083,7.093,20633.007914
1750852800,7.096,7.15,6.85,6.888,68527.370793
1750867200,6.899,7.011,6.884,6.99,10826.095038
1750881600,7.003,7.06,6.951,6.988,6476.370453
1750896000,6.981,7.316,6.925,7.21,30417.140544
1750910400,7.224,7.274,7.146,7.238,5801.102727
1750924800,7.206,7.242,6.929,6.948,24934.870704
1750939200,6.948,6.954,6.771,6.852,49221.897953
1750953600,6.855,6.884,6.74,6.881,25302.512702
1750968000,6.856,6.973,6.788,6.801,12266.889014
1750982400,6.808,6.964,6.731,6.923,9583.482604
1750996800,6.916,6.996,6.862,6.862,6536.125441
1751011200,6.873,6.978,6.861,6.868,7974.497337
1751025600,6.885,6.943,6.788,6.94,13560.23959
1751040000,6.926,6.987,6.786,6.911,12559.566859
1751054400,6.906,6.963,6.895,6.916,3641.367994
1751068800,6.914,6.922,6.842,6.877,4561.999854
1751083200,6.877,6.963,6.854,6.963,6623.079781
1751097600,6.959,7.09,6.934,7.004,17429.92907
1751112000,6.999,7.08,6.998,7.07,9136.902598
1751126400,7.081,7.171,7.079,7.094,13961.140867
1751140800,7.103,7.168,7.092,7.134,2289.850409
1751155200,7.132,7.144,6.981,6.987,33203.029291
1751169600,6.981,7.046,6.963,7.04,2910.880162
1751184000,7.044,7.312,7.016,7.262,22451.584322
1751198400,7.277,7.287,7.133,7.135,14752.143823
1751212800,7.134,7.25,7.13,7.2,2422.64867
1751227200,7.207,7.499,7.163,7.393,27886.180632
1751241600,7.411,7.455,7.272,7.315,16675.567407
1751256000,7.312,7.361,7.197,7.302,3268.657219
1751270400,7.294,7.303,7.154,7.154,7161.132946
1751284800,7.161,7.239,7.054,7.196,9956.503156
1751299200,7.201,7.278,7.132,7.278,5770.737768
1751313600,7.271,7.284,7.131,7.143,29840.005058
1751328000,7.134,7.179,7.078,7.094,5889.526667
1751342400,7.093,7.123,6.973,7.123,20036.543839
1751356800,7.121,7.121,6.993,6.993,2078.056216
1751371200,6.998,7.051,6.894,6.938,20192.713176
1751385600,6.935,6.965,6.857,6.857,13279.946161
1751400000,6.851,6.918,6.596,6.61,88184.32791
1751414400,6.592,6.657,6.507,6.566,53822.483147
1751428800,6.535,7.038,6.532,7.005,182571.486132
1751443200,7.019,7.218,6.996,7.08,26400.821078
1751457600,7.085,7.329,7.005,7.3,63954.263858
1751472000,7.312,7.491,7.312,7.466,62341.37578
1751486400,7.469,7.568,7.338,7.357,50025.789288
1751500800,7.352,7.404,7.285,7.314,53086.727571
1751515200,7.31,7.736,7.31,7.69,50039.958845
1751529600,7.703,7.764,7.638,7.72,19704.939904
1751544000,7.724,7.863,7.589,7.589,49244.022245
1751558400,7.595,7.702,7.585,7.596,12867.217593
1751572800,7.589,7.655,7.456,7.475,26227.117432
1751587200,7.476,7.625,7.422,7.444,28537.988125
1751601600,7.443,7.469,7.301,7.304,35558.626866
1751616000,7.299,7.411,7.268,7.349,9044.157007
1751630400,7.356,7.366,6.9,6.9,97715.09249
1751644800,6.9,6.921,6.783,6.887,53668.781466
1751659200,6.882,6.985,6.882,6.93,29220.626586
1751673600,6.931,6.996,6.83,6.932,49124.816841
1751688000,6.9,7.029,6.873,7.004,10920.333131
1751702400,7.003,7.027,6.931,7.004,6909.536537
1751716800,7.004,7.014,6.915,6.915,34352.484406
1751731200,6.925,6.957,6.879,6.952,3981.184119
1751745600,6.952,7.412,6.942,7.329,236253.042547
1751760000,7.332,7.432,7.219,7.296,42253.530381
1751774400,7.288,7.343,7.233,7.261,3423.467261
1751788800,7.259,7.299,7.233,7.27,22656.446304
1751803200,7.274,7.534,7.259,7.394,30718.977303
1751817600,7.394,7.423,7.336,7.374,11726.179757
1751832000,7.385,7.575,7.384,7.418,20687.719885
1751846400,7.423,7.514,7.348,7.471,10326.552925
1751860800,7.48,7.486,7.355,7.422,21694.111381
1751875200,7.413,7.417,7.361,7.379,13186.275699
1751889600,7.367,7.423,7.293,7.341,8392.861955
1751904000,7.339,7.351,7.25,7.305,25865.160954
1751918400,7.306,7.395,7.24,7.388,5610.794101
1751932800,7.387,7.452,7.321,7.379,11194.997234
1751947200,7.335,7.477,7.332,7.423,2862.400988
1751961600,7.424,7.622,7.393,7.614,37077.697228
1751976000,7.624,7.681,7.5,7.577,84890.374107
1751990400,7.592,7.873,7.533,7.682,78652.885119
1752004800,7.686,7.705,7.599,7.656,73868.332275
1752019200,7.661,7.672,7.543,7.551,76960.357905
1752033600,7.557,7.76,7.547,7.76,31883.71213
1752048000,7.762,7.965,7.751,7.951,16307.767054
1752062400,7.941,8.286,7.941,8.141,88682.748728
1752076800,8.163,8.455,8.134,8.402,75346.640579
1752091200,8.41,8.486,8.29,8.317,64290.007664
1752105600,8.31,8.351,8.179,8.179,67948.759617
1752120000,8.177,8.435,8.152,8.376,70479.006587
1752134400,8.38,8.38,8.227,8.227,9435.652091
1752148800,8.244,8.347,8.022,8.06,89020.416169
1752163200,8.064,8.317,8.061,8.242,65984.424962
1752177600,8.245,8.621,8.245,8.481,86747.919845
1752192000,8.464,8.465,8.311,8.431,38016.773772
1752206400,8.399,8.997,8.351,8.626,262897.853883
1752220800,8.645,9.032,8.642,8.934,46904.583436
1752235200,8.932,9.073,8.697,8.726,59175.504143
1752249600,8.734,8.892,8.712,8.871,44407.493341
1752264000,8.872,8.878,8.541,8.7,96943.374645
1752278400,8.7,8.863,8.609,8.746,23596.006849
1752292800,8.758,8.783,8.496,8.543,6384.90919
1752307200,8.558,8.605,8.394,8.49,44310.447092
1752321600,8.491,8.522,8.177,8.239,36709.253495
1752336000,8.235,8.406,8.216,8.359,6020.262303
1752350400,8.343,8.417,8.285,8.384,8633.871249
1752364800,8.39,8.517,8.355,8.477,10429.119406
1752379200,8.462,8.533,8.43,8.5,11451.940663
1752393600,8.489,8.49,8.388,8.472,3855.893192
1752408000,8.461,8.747,8.452,8.598,39690.663316
1752422400,8.595,8.694,8.548,8.645,16257.083755
1752436800,8.6,8.694,8.41,8.522,48457.090185
1752451200,8.523,8.907,8.499,8.828,31759.966127
1752465600,8.829,9.433,8.783,9.398,175033.554767
1752480000,9.404,9.598,9.244,9.333,84781.370737
1752494400,9.406,9.66,9.188,9.267,62482.555878
1752508800,9.279,9.299,9.052,9.108,37897.579101
1752523200,9.112,9.196,8.988,9.134,21527.367334
1752537600,9.14,9.172,8.694,8.774,44384.117308
1752552000,8.766,9.091,8.71,9.08,21048.408853
1752566400,9.057,9.095,8.943,9.028,9056.241258
1752580800,9.039,9.302,8.954,9.152,50058.749033
1752595200,9.133,9.283,8.945,8.97,42722.437534
1752609600,8.965,9.401,8.954,9.338,24114.218095
1752624000,9.343,9.526,9.136,9.156,42608.523898
1752638400,9.167,9.328,9.118,9.259,12013.585206
1752652800,9.267,9.267,9.043,9.085,33471.393529
1752667200,9.084,9.334,8.991,9.008,86451.310579
1752681600,9.013,9.287,8.777,9.13,94357.568711
1752696000,9.145,9.313,8.887,8.905,65167.543402
1752710400,8.907,9.093,8.679,8.741,46838.8361
1752724800,8.739,9.029,8.694,9.003,26781.525812
1752739200,9.01,9.172,8.944,8.985,24127.781203
1752753600,8.99,9.023,8.713,8.906,49413.20824
1752768000,8.888,8.962,8.7,8.814,78255.219924
1752782400,8.812,9.101,8.65,8.938,51153.933757
1752796800,8.952,10.078,8.866,10.068,224338.172057
1752811200,10.042,10.839,9.992,10.512,221880.987274
1752825600,10.519,10.919,10.519,10.646,104388.612545
1752840000,10.662,10.788,10.114,10.3,94956.342684
1752854400,10.301,10.357,10.05,10.163,35125.698724
1752868800,10.15,10.32,9.937,10.126,33363.692378
1752883200,10.148,10.238,9.805,10.229,30513.637492
1752897600,10.232,10.382,10.214,10.241,24300.589079
1752912000,10.243,10.297,10.063,10.087,5532.530047
1752926400,10.081,10.155,9.971,10.097,13720.537789
1752940800,10.091,10.193,9.993,10.149,18560.928739
1752955200,10.145,10.211,9.988,10.173,11173.178864
1752969600,10.174,10.571,10.122,10.427,24096.500744
1752984000,10.441,10.626,10.334,10.532,34407.747851
1752998400,10.52,10.733,10.458,10.699,22531.520144
1753012800,10.704,10.802,10.49,10.788,19694.602193
1753027200,10.793,10.882,10.567,10.643,19682.441414
1753041600,10.636,10.769,10.376,10.656,35967.580981
1753056000,10.667,10.667,10.323,10.551,30615.959859
1753070400,10.554,10.732,10.407,10.554,11732.700791
1753084800,10.562,10.689,10.37,10.544,15458.45794
1753099200,10.527,11.683,10.46,11.107,136510.54455
1753113600,11.104,11.233,10.669,10.763,51212.13633
1753128000,10.753,10.919,10.705,10.842,25273.13699
1753142400,10.846,11.061,10.486,10.58,32829.850154
1753156800,10.608,10.654,10.305,10.333,31308.165235
1753171200,10.351,10.576,10.132,10.514,40375.740607
1753185600,10.501,10.596,10.209,10.523,20621.41919
1753200000,10.52,10.66,10.429,10.461,46141.52615
1753214400,10.43,10.794,10.43,10.782,10005.131052
1753228800,10.783,10.845,10.626,10.657,20491.20408
1753243200,10.679,10.76,10.486,10.525,10328.928833
1753257600,10.51,10.564,10.259,10.346,16316.387673
1753272000,10.324,10.36,9.78,10.167,48632.788656
1753286400,10.165,10.174,9.852,10.101,21261.796017
1753300800,10.091,10.253,9.672,10.176,20637.258303
1753315200,10.185,10.427,10.156,10.278,10316.290203
1753329600,10.251,10.319,9.676,9.997,26713.072047
1753344000,9.981,10.285,9.918,10.274,16632.545732
1753358400,10.242,10.518,9.997,10.372,33662.185976
1753372800,10.37,10.514,10.043,10.464,18214.17084
1753387200,10.463,10.503,10.106,10.117,15574.980571
1753401600,10.121,10.129,9.76,9.854,39797.965536
1753416000,9.855,10.113,9.737,9.992,15105.959186
1753430400,10.019,10.622,10.016,10.525,27358.829767
1753444800,10.528,10.562,9.995,10.1,38302.104907
1753459200,10.087,10.188,10.003,10.144,8982.480505
1753473600,10.091,10.432,10.091,10.425,11727.683336
1753488000,10.426,10.564,10.345,10.55,14637.00267
1753502400,10.552,10.555,10.413,10.432,10597.340076
1753516800,10.417,10.591,10.417,10.452,6177.317098
1753531200,10.453,10.48,10.331,10.441,13509.329786
1753545600,10.441,10.578,10.383,10.57,5580.988537
1753560000,10.566,10.774,10.511,10.552,12687.69775
1753574400,10.557,10.675,10.501,10.595,5921.46696
1753588800,10.596,10.769,10.551,10.57,7957.380409
1753603200,10.571,10.763,10.466,10.64,14659.63223
1753617600,10.628,10.834,10.611,10.75,8475.021357
1753632000,10.751,10.881,10.707,10.768,7117.776837
1753646400,10.769,11.049,10.764,10.998,29052.951241
1753660800,10.957,11.077,10.795,10.944,10636.435838
1753675200,10.952,11.183,10.881,11.046,11237.718469
1753689600,11.024,11.084,10.875,10.936,8042.25922
1753704000,10.925,10.998,10.476,10.595,35392.743656
1753718400,10.575,10.685,10.394,10.486,8348.738861
1753732800,10.486,10.53,10.365,10.457,7968.924104
1753747200,10.447,10.639,10.212,10.44,25942.699294
1753761600,10.415,10.627,10.286,10.627,8369.816346
1753776000,10.621,10.646,10.241,10.295,24348.609524
1753790400,10.304,10.509,10.072,10.165,20924.634604
1753804800,10.141,10.331,10.009,10.215,13469.761942
1753819200,10.199,10.328,10.093,10.295,5118.838752
1753833600,10.312,10.494,10.156,10.376,5041.640275
1753848000,10.364,10.435,10.24,10.282,4035.387773
1753862400,10.287,10.418,9.815,9.843,29669.494313
1753876800,9.845,10.166,9.804,10.051,22236.191091
1753891200,10.069,10.244,9.57,9.947,39766.702766
1753905600,9.986,10.094,9.797,9.996,7578.928945
1753920000,10.005,10.228,9.955,10.156,6960.981635
1753934400,10.137,10.21,10.114,10.137,9007.896192
1753948800,10.131,10.205,9.955,9.982,8292.489906
1753963200,9.984,10.01,9.522,9.655,54395.773429
1753977600,9.668,9.873,9.543,9.567,19512.879736
1753992000,9.545,9.551,9.308,9.337,53515.452809
1754006400,9.343,9.429,9.14,9.377,97978.989767
1754020800,9.376,9.396,9.181,9.223,41863.272381
1754035200,9.178,9.235,9.027,9.152,22510.692824
1754049600,9.148,9.257,8.924,9.059,46745.272229
1754064000,9.057,9.169,8.928,9.145,19068.37148
1754078400,9.15,9.203,8.854,9.057,15415.780802
1754092800,9.042,9.17,9.013,9.158,10514.824021
1754107200,9.154,9.154,8.861,9.064,14261.878802
1754121600,9.075,9.096,8.924,9.018,10153.08591
1754136000,9.011,9.096,8.918,8.93,6451.534401
1754150400,8.93,8.968,8.686,8.773,20734.248773
1754164800,8.77,8.87,8.704,8.817,7573.077366
1754179200,8.758,8.989,8.697,8.978,12349.981852
1754193600,8.96,8.99,8.92,8.99,4135.098762
1754208000,8.997,9.196,8.997,9.128,26760.938891
1754222400,9.109,9.177,9.093,9.125,5280.475447
1754236800,9.141,9.19,9.119,9.17,16231.626236
1754251200,9.153,9.224,9.13,9.148,6509.717178
1754265600,9.162,9.379,9.153,9.351,12092.76494
1754280000,9.354,9.41,9.241,9.33,4963.715543
1754294400,9.335,9.391,9.289,9.308,2212.346272
1754308800,9.317,10.017,9.311,10,114487.627799
1754323200,9.995,10.088,9.779,9.803,34209.191004
1754337600,9.786,10.029,9.777,9.942,15508.625934
1754352000,9.956,9.965,9.792,9.8,10754.988289
1754366400,9.79,9.861,9.662,9.671,16187.997924
1754380800,9.713,9.927,9.671,9.882,5391.970801
1754395200,9.884,9.886,9.462,9.475,19812.907674
1754409600,9.482,9.573,9.416,9.439,19114.791723
1754424000,9.434,9.614,9.361,9.569,20728.427771
1754438400,9.581,9.581,9.422,9.435,5712.673977
1754452800,9.411,9.696,9.398,9.67,20410.088823
1754467200,9.666,9.669,9.476,9.505,11085.632996
1754481600,9.521,9.724,9.42,9.723,23137.578409
1754496000,9.72,9.795,9.599,9.774,24356.719824
1754510400,9.777,9.79,9.666,9.724,3583.136014
1754524800,9.702,9.81,9.641,9.668,5252.683585
1754539200,9.681,9.813,9.656,9.78,1750.716796
1754553600,9.795,10.156,9.795,10.097,17868.369432
1754568000,10.109,10.189,10.021,10.111,29764.301589
1754582400,10.134,10.289,9.925,10.255,19836.144965
1754596800,10.266,10.44,10.236,10.429,7866.427977
1754611200,10.428,10.581,10.272,10.518,104390.45104
1754625600,10.549,10.636,10.402,10.62,27993.612444
1754640000,10.602,10.696,10.554,10.602,6163.403828
1754654400,10.604,10.798,10.485,10.588,24105.111723
1754668800,10.602,11.038,10.602,11.03,37953.158899
1754683200,11.036,11.041,10.858,10.869,11037.5341
1754697600,10.866,11.044,10.865,11.044,4986.068975
1754712000,11.032,11.392,10.974,11.192,37154.085089
1754726400,11.181,11.278,11.128,11.143,34303.094387
1754740800,11.148,11.227,10.769,10.858,61990.331811
1754755200,10.858,11.002,10.855,10.97,14881.919608
1754769600,10.97,11.109,10.905,10.994,183737.163766
1754784000,11.005,11.177,10.89,10.992,60549.666157
1754798400,10.987,11.064,10.62,10.637,29265.944211
1754812800,10.618,10.732,10.535,10.621,10721.302334
1754827200,10.582,11.359,10.449,11.061,133458.073005
1754841600,11.062,11.158,10.945,11.008,8443.335855
1754856000,10.963,10.964,10.82,10.945,6123.410871
1754870400,10.945,11.308,10.931,11.205,25138.802375
1754884800,11.217,11.352,11.012,11.039,16200.36874
1754899200,11.039,11.204,10.6,10.643,88822.818238
1754913600,10.636,10.897,10.571,10.897,30741.38422
1754928000,10.9,11.983,10.9,11.22,242463.935678
1754942400,11.219,11.236,10.883,11.024,35626.892213
1754956800,11.035,11.544,11.035,11.343,49040.382073
1754971200,11.329,11.448,11.141,11.221,24167.362089
1754985600,11.232,11.274,10.81,10.971,27574.287898
1755000000,10.966,11.429,10.895,11.354,56882.846914
1755014400,11.354,11.512,11.223,11.434,52420.384362
1755028800,11.428,11.618,11.422,11.589,69942.562257
1755043200,11.582,11.81,11.201,11.478,91069.269605
1755057600,11.46,11.995,11.44,11.978,64779.692788
1755072000,11.98,12.258,11.773,12.17,70843.023051
1755086400,12.17,12.274,11.833,11.965,60470.74787
1755100800,12.004,12.236,11.913,12.026,38533.110398
1755115200,12.035,12.273,11.986,12.133,21983.280198
1755129600,12.128,12.266,12.021,12.147,31275.252341
1755144000,12.136,12.153,11.581,11.621,58688.785399
1755158400,11.621,11.629,11.335,11.383,28499.52802
1755172800,11.369,11.441,10.651,11.046,99333.005903
1755187200,11.005,11.009,10.806,10.89,29347.297894
1755201600,10.881,10.937,10.733,10.884,16418.896796
1755216000,10.888,11.146,10.849,11.085,25075.215858
1755230400,11.082,11.148,10.948,11.043,10239.020017
1755244800,11.062,11.119,10.972,11.006,4161.921564
1755259200,10.998,11.082,10.469,10.56,44954.155096
1755273600,10.561,10.682,10.422,10.573,40369.757786
1755288000,10.551,10.825,10.551,10.722,10274.865639
1755302400,10.728,10.869,10.728,10.748,13017.23408
1755316800,10.756,11.155,10.741,11.024,91788.257142
1755331200,11.007,11.123,10.84,10.862,31044.412157
1755345600,10.911,10.981,10.815,10.896,16223.588916
1755360000,10.907,11.019,10.891,10.986,7079.822696
1755374400,10.98,11.135,10.913,11.025,18151.25293
1755388800,11.028,11.099,10.925,11.099,7999.970283
1755403200,11.102,11.207,11.064,11.139,18168.333107
1755417600,11.145,11.261,11.055,11.197,18141.151357
1755432000,11.203,11.355,11.063,11.355,9371.257508
1755446400,11.351,11.385,10.964,11.025,16588.941543
1755460800,10.994,11.205,10.977,11.023,11414.528695
1755475200,11.031,11.054,10.535,10.651,33069.973596
1755489600,10.628,10.742,10.233,10.293,50356.760082
1755504000,10.301,10.443,10.222,10.349,28125.283855
1755518400,10.35,10.571,10.339,10.484,19329.131537
1755532800,10.489,10.639,10.402,10.58,11110.578441
1755547200,10.569,10.66,10.476,10.488,7604.646047
1755561600,10.491,10.621,10.256,10.264,14124.02951
1755576000,10.251,10.364,10.159,10.293,9774.564084
1755590400,10.305,10.506,10.252,10.483,18374.727842
1755604800,10.495,10.5,10.163,10.231,10599.695836
1755619200,10.212,10.231,9.928,10.019,23626.301347
1755633600,10.018,10.11,9.928,9.944,10449.937759
1755648000,9.95,10.182,9.923,10.125,8233.045602
1755662400,10.119,10.217,10.105,10.188,6060.746747
1755676800,10.197,10.371,10.13,10.214,7279.459906
1755691200,10.235,10.469,9.995,10.336,39893.894973
1755705600,10.348,10.598,10.348,10.593,13456.778321
1755720000,10.59,10.691,10.56,10.606,11387.282575
1755734400,10.608,10.695,10.491,10.549,7484.024824
1755748800,10.53,10.584,10.439,10.538,3236.15507
1755763200,10.535,10.554,10.38,10.421,4615.141346
1755777600,10.424,10.468,10.251,10.281,11833.123836
1755792000,10.26,10.335,10.2,10.204,9605.635271
1755806400,10.219,10.322,10.176,10.224,4431.007857
1755820800,10.236,10.43,10.202,10.287,8106.745358
1755835200,10.288,10.448,10.238,10.438,67928.525254
1755849600,10.436,10.51,10.236,10.236,4967.334676
1755864000,10.226,11.154,10.023,11.052,133670.214883
1755878400,11.066,11.616,11.066,11.596,53114.526128
1755892800,11.576,11.62,11.376,11.411,28054.226434
1755907200,11.446,11.457,11.022,11.091,32854.548295
1755921600,11.096,11.322,11.096,11.166,9276.419451
1755936000,11.173,11.286,11.131,11.195,5225.359636
1755950400,11.215,11.4,11.155,11.26,18430.335255
1755964800,11.276,11.388,11.209,11.388,9318.205761
1755979200,11.389,11.391,11.287,11.331,9716.672886
1755993600,11.341,11.403,11.165,11.221,7692.623488
1756008000,11.25,11.266,11.058,11.067,2836.36266
1756022400,11.048,11.122,10.86,10.895,6553.62216
1756036800,10.889,11.168,10.889,11.036,2471.562653
1756051200,11.048,11.434,10.92,11.062,23437.411789
1756065600,11.048,11.078,10.81,10.916,27307.238097
1756080000,10.918,10.962,10.685,10.83,23526.90143
1756094400,10.835,10.838,10.311,10.33,20066.391442
1756108800,10.342,10.387,10.146,10.275,35623.187628
1756123200,10.278,10.285,10.105,10.105,13106.234439
1756137600,10.101,10.2,9.76,9.76,43872.752525
1756152000,9.755,9.797,9.594,9.703,21695.176817
1756166400,9.697,9.903,9.58,9.799,57780.425799
1756180800,9.777,9.835,9.69,9.74,10190.314039
1756195200,9.744,9.782,9.656,9.687,6904.413739
1756209600,9.689,9.905,9.592,9.696,22780.019038
1756224000,9.707,9.961,9.683,9.947,8542.133273
1756238400,9.938,10.009,9.883,9.954,12421.993025
1756252800,9.947,10.031,9.821,10,4773.218198
1756267200,9.98,10.079,9.874,9.885,23495.749701
1756281600,9.917,9.981,9.836,9.949,9790.324951
1756296000,9.946,10.118,9.889,10.118,16792.057706
1756310400,10.109,10.122,9.912,9.934,12632.456714
1756324800,9.931,10.053,9.782,9.845,24306.641249
1756339200,9.848,10.072,9.785,10.052,14026.655668
1756353600,10.047,10.074,9.982,10.039,3800.572901
1756368000,10.035,10.11,9.966,10.016,10117.289857
1756382400,10.025,10.037,9.856,9.879,12573.758816
1756396800,9.883,9.962,9.746,9.746,10776.29587
1756411200,9.744,10.073,9.74,10.012,6216.136711
1756425600,10.019,10.069,9.885,9.992,4615.251281
1756440000,9.97,9.995,9.641,9.641,12581.236922
1756454400,9.658,9.702,9.42,9.572,26531.693076
1756468800,9.573,9.856,9.437,9.535,30269.245409
1756483200,9.541,9.622,9.452,9.534,8811.460485
1756497600,9.505,9.651,9.472,9.637,7741.758123
1756512000,9.63,9.699,9.409,9.649,13696.561893
1756526400,9.636,9.804,9.617,9.804,3144.278799
1756540800,9.808,9.815,9.692,9.769,8598.442921
1756555200,9.778,9.778,9.624,9.773,15557.468786
1756569600,9.741,9.741,9.633,9.687,2486.797645
1756584000,9.666,9.739,9.637,9.731,1944.453092
1756598400,9.725,9.9,9.725,9.9,6726.527768
1756612800,9.902,9.914,9.781,9.806,4190.051511
1756627200,9.818,9.896,9.781,9.869,3768.345578
1756641600,9.868,9.88,9.748,9.809,38272.491203
1756656000,9.797,9.827,9.734,9.755,4413.433518
1756670400,9.738,9.782,9.613,9.617,3213.277412
1756684800,9.611,9.612,9.359,9.416,20838.497421
1756699200,9.388,9.732,9.333,9.732,17888.634585
1756713600,9.735,9.813,9.545,9.57,6632.718773
1756728000,9.551,9.587,9.351,9.355,4818.186583
1756742400,9.365,9.432,9.273,9.432,17149.348319
1756756800,9.44,9.442,9.119,9.339,35969.00371
1756771200,9.344,9.544,9.289,9.534,5630.199719
1756785600,9.535,9.636,9.481,9.485,4728.78769
1756800000,9.487,9.567,9.48,9.48,5451.217422
1756814400,9.455,9.607,9.289,9.363,25438.583636
1756828800,9.386,9.528,9.378,9.424,6112.186579
1756843200,9.427,9.623,9.427,9.578,17169.234973
1756857600,9.59,9.628,9.484,9.555,4419.025266
1756872000,9.549,9.568,9.404,9.434,6764.141836
1756886400,9.453,9.603,9.408,9.56,8914.057216
1756900800,9.569,9.724,9.513,9.721,10191.544008
1756915200,9.715,9.73,9.661,9.717,6011.722352
1756929600,9.723,9.76,9.657,9.681,22242.627707
1756944000,9.687,9.712,9.532,9.532,5985.102019
1756958400,9.534,9.563,9.403,9.451,10905.365849
1756972800,9.442,9.487,9.361,9.418,35030.15982
1756987200,9.41,9.473,9.227,9.237,31445.03232
1757001600,9.222,9.264,9.171,9.192,19207.82146
1757016000,9.196,9.39,9.196,9.291,4843.716906
1757030400,9.287,9.414,9.287,9.414,5897.060031
1757044800,9.418,9.585,9.398,9.584,5422.00489
1757059200,9.585,9.599,9.49,9.599,19184.202456
1757073600,9.583,9.719,9.322,9.357,18106.10047
1757088000,9.358,9.439,9.32,9.432,6557.520796
1757102400,9.435,9.493,9.393,9.393,2229.257342
1757116800,9.397,9.433,9.351,9.375,2506.677314
1757131200,9.362,9.362,9.29,9.31,6495.9351
1757145600,9.329,9.329,9.249,9.289,5445.572859
1757160000,9.308,9.363,9.27,9.27,1493.830608
1757174400,9.281,9.332,9.239,9.239,5901.113342
1757188800,9.245,9.341,9.245,9.34,2406.580002
1757203200,9.336,9.424,9.319,9.413,19004.757104
1757217600,9.412,9.429,9.354,9.362,7779.501145
1757232000,9.374,9.414,9.345,9.407,773.785902
1757246400,9.406,9.413,9.367,9.381,4257.154256
1757260800,9.372,9.374,9.268,9.311,2385.835067
1757275200,9.309,9.44,9.296,9.393,1193.559502
1757289600,9.398,9.532,9.331,9.442,7093.936754
1757304000,9.452,9.461,9.385,9.388,16990.223231
1757318400,9.408,9.694,9.408,9.631,17697.314831
1757332800,9.639,9.78,9.613,9.737,15342.976769
1757347200,9.733,9.745,9.518,9.519,22013.642916
1757361600,9.523,9.593,9.479,9.534,3399.780611
1757376000,9.557,9.607,9.428,9.496,5118.817914
1757390400,9.491,9.79,9.471,9.73,19173.92313
1757404800,9.742,9.92,9.706,9.777,39776.370137
1757419200,9.768,9.881,9.397,9.481,44046.935457
1757433600,9.46,9.502,9.413,9.494,25725.810509
1757448000,9.466,9.549,9.429,9.535,6251.925143
1757462400,9.541,9.673,9.482,9.64,8232.407788
1757476800,9.631,9.712,9.551,9.651,8982.126099
1757491200,9.647,9.67,9.58,9.597,1933.87514
1757505600,9.599,9.804,9.599,9.771,21562.931955
1757520000,9.77,9.807,9.582,9.622,12152.468228
1757534400,9.582,9.772,9.582,9.744,12969.260316
1757548800,9.744,9.9,9.716,9.899,10570.830238
1757563200,9.879,9.98,9.826,9.911,22919.391924
1757577600,9.919,9.947,9.81,9.814,16215.905894
1757592000,9.818,9.96,9.716,9.755,30118.661585
1757606400,9.76,9.839,9.747,9.83,10292.243537
1757620800,9.831,10.03,9.817,9.992,8180.360452
1757635200,9.997,10.119,9.953,10.07,11817.541425
1757649600,10.079,10.205,10.058,10.072,25120.90826
1757664000,10.074,10.074,9.953,9.961,9739.110087
1757678400,9.961,10.103,9.914,10.046,6729.372222
1757692800,10.034,10.167,10.015,10.161,8180.635846
1757707200,10.144,10.221,10.069,10.184,9932.699892
1757721600,10.184,10.289,10.137,10.266,11039.336623
1757736000,10.264,10.268,10.162,10.18,7977.298116
1757750400,10.168,10.342,10.168,10.319,24756.619511
1757764800,10.32,10.342,10.06,10.116,34415.863193
1757779200,10.123,10.16,9.947,10.062,26401.169758
1757793600,10.061,10.138,10.061,10.104,4371.995787
1757808000,10.131,10.131,9.006,9.486,91473.195727
1757822400,9.486,9.771,9.453,9.7,46605.593767
1757836800,9.69,9.743,9.509,9.509,10047.777902
1757851200,9.518,9.572,9.351,9.381,32294.136081
1757865600,9.399,9.481,9.39,9.42,16147.118046
1757880000,9.421,9.524,9.403,9.418,10221.904427
1757894400,9.41,9.497,9.339,9.497,4524.280683
1757908800,9.479,9.536,9.268,9.281,14370.646462
1757923200,9.267,9.267,9.034,9.153,55014.534481
1757937600,9.143,9.185,9.06,9.135,16308.346637
1757952000,9.125,9.135,9.068,9.121,10243.1528
1757966400,9.123,9.171,9.123,9.17,6215.787892
1757980800,9.17,9.22,9.13,9.135,15297.36939
1757995200,9.129,9.176,9.059,9.167,4391.293642
1758009600,9.181,9.337,9.181,9.289,20770.980107
1758024000,9.281,9.344,9.116,9.234,20447.12013
1758038400,9.212,9.342,9.185,9.301,9207.68341
1758052800,9.298,9.391,9.27,9.329,3252.313823
1758067200,9.334,9.393,9.294,9.294,3395.688504
1758081600,9.294,9.367,9.204,9.358,16481.629974
1758096000,9.324,9.326,9.214,9.267,14776.541538
1758110400,9.262,9.274,9.191,9.22,7636.705361
1758124800,9.2,9.386,9.138,9.353,9449.173551
1758139200,9.389,9.612,9.273,9.555,17355.341059
1758153600,9.566,9.664,9.5,9.643,13735.631758
1758168000,9.646,9.654,9.476,9.52,6779.957533
1758182400,9.517,9.63,9.497,9.508,20325.974721
1758196800,9.521,9.562,9.417,9.553,13258.376326
1758211200,9.557,9.66,9.543,9.6,25703.014376
1758225600,9.595,9.665,9.551,9.613,17842.278941
1758240000,9.611,9.73,9.395,9.407,35033.982453
1758254400,9.409,9.438,9.324,9.366,15410.72812
1758268800,9.37,9.404,9.245,9.277,13190.701528
1758283200,9.277,9.339,9.134,9.181,13863.514803
1758297600,9.182,9.225,9.085,9.093,33065.537923
1758312000,9.089,9.18,9.089,9.159,11140.12854
1758326400,9.161,9.219,9.136,9.199,2169.286212
1758340800,9.196,9.274,9.184,9.23,5019.959563
1758355200,9.223,9.226,9.112,9.182,3996.630337
1758369600,9.182,9.284,9.148,9.235,15420.172203
1758384000,9.241,9.261,9.157,9.172,1431.06709
1758398400,9.186,9.236,9.176,9.192,1785.98
1758412800,9.19,9.211,9.149,9.201,4255.333904
1758427200,9.194,9.221,9.17,9.173,1196.895288
1758441600,9.187,9.188,9.045,9.101,11395.949416
1758456000,9.095,9.166,9.087,9.11,6942.342432
1758470400,9.112,9.17,9.041,9.145,2884.563105
1758484800,9.142,9.142,9.044,9.056,4780.642894
1758499200,9.05,9.081,8.63,8.712,43912.522372
1758513600,8.709,8.779,7.53,8.167,108545.718971
1758528000,8.168,8.21,8.068,8.143,23170.70304
1758542400,8.146,8.238,8.069,8.084,21881.804935
1758556800,8.08,8.161,8.05,8.065,14228.886108
1758571200,8.075,8.241,8.075,8.232,19303.91105
1758585600,8.238,8.263,8.02,8.173,7386.170125
1758600000,8.162,8.217,8.076,8.17,50640.861593
1758614400,8.163,8.241,8.121,8.163,9631.614409
1758628800,8.156,8.214,8.11,8.149,14556.983751
1758643200,8.134,8.202,8.027,8.035,15260.208816
1758657600,8.041,8.138,8.041,8.08,18424.039718
1758672000,8.077,8.151,7.928,7.937,21098.741405
1758686400,7.937,8.143,7.833,8.115,10721.795374
1758700800,8.122,8.184,8.105,8.134,5073.396295
1758715200,8.139,8.197,8.052,8.099,15941.312665
1758729600,8.103,8.113,8.025,8.066,7241.464624
1758744000,8.059,8.067,7.9,7.911,27516.363142
1758758400,7.908,7.944,7.762,7.801,19062.638836
1758772800,7.794,7.817,7.62,7.746,41275.571398
1758787200,7.75,7.811,7.665,7.672,6087.233585
1758801600,7.683,7.791,7.526,7.673,38007.157073
1758816000,7.679,7.687,7.278,7.522,44127.575104
1758830400,7.518,7.55,7.398,7.457,28802.74288
1758844800,7.467,7.606,7.441,7.573,20488.952359
1758859200,7.57,7.57,7.396,7.457,13832.873201
1758873600,7.462,7.469,7.333,7.457,21612.794024
1758888000,7.44,7.526,7.339,7.451,5789.450096
1758902400,7.463,7.623,7.463,7.562,12348.138234
1758916800,7.554,7.641,7.538,7.623,4912.465797
1758931200,7.627,7.636,7.596,7.604,2511.34377
1758945600,7.603,7.616,7.525,7.533,1267.970224
1758960000,7.531,7.582,7.476,7.559,7069.043883
1758974400,7.569,7.634,7.525,7.597,8626.843648
1758988800,7.59,7.59,7.5,7.56,3185.412931
1759003200,7.562,7.661,7.562,7.621,2569.821461
1759017600,7.621,7.627,7.524,7.525,15028.629566
1759032000,7.528,7.56,7.491,7.527,3964.387987
1759046400,7.502,7.527,7.462,7.488,4396.770813
1759060800,7.476,7.553,7.414,7.539,16633.503625
1759075200,7.539,7.604,7.539,7.597,12841.943836
1759089600,7.6,7.773,7.596,7.748,7767.669909
1759104000,7.757,7.759,7.68,7.724,37627.191541
1759118400,7.718,7.724,7.638,7.681,2370.410415
1759132800,7.673,7.756,7.656,7.672,1161.012308
1759147200,7.671,7.837,7.579,7.702,25704.185581
1759161600,7.696,7.739,7.6,7.739,4174.050336
1759176000,7.747,7.83,7.743,7.743,3648.407552
1759190400,7.746,7.776,7.659,7.669,2781.853144
1759204800,7.672,7.703,7.58,7.601,3285.414334
1759219200,7.605,7.619,7.54,7.607,36968.111102
1759233600,7.601,7.603,7.434,7.486,9914.163794
1759248000,7.479,7.63,7.462,7.626,18934.344036
1759262400,7.631,7.721,7.593,7.637,3836.567935
1759276800,7.641,7.668,7.549,7.55,3659.874212
1759291200,7.543,7.648,7.543,7.592,7595.207405
1759305600,7.599,7.951,7.582,7.87,42587.132452
1759320000,7.878,7.993,7.826,7.978,22145.608352
1759334400,7.971,8.097,7.96,8.053,20623.38929
1759348800,8.055,8.072,7.99,8.072,6668.787523
1759363200,8.067,8.296,8.038,8.177,81331.608954
1759377600,8.166,8.227,8.134,8.16,6948.893566
1759392000,8.163,8.209,8.163,8.175,12561.374112
1759406400,8.172,8.22,7.999,8.163,20467.820133
1759420800,8.175,8.391,8.16,8.358,34141.935378
1759435200,8.348,8.361,8.287,8.36,9973.519332
1759449600,8.356,8.397,8.245,8.325,12703.624555
1759464000,8.33,8.372,8.192,8.215,23757.610831
1759478400,8.191,8.266,8.162,8.221,13828.095609
1759492800,8.218,8.371,8.142,8.371,8924.409515
1759507200,8.381,8.494,8.163,8.257,52961.039869
1759521600,8.255,8.279,8.168,8.168,13069.562381
1759536000,8.193,8.197,8.05,8.077,8750.891926
1759550400,8.078,8.127,8.052,8.073,8673.186899
1759564800,8.079,8.085,7.931,7.947,7266.016109
1759579200,7.952,8.034,7.923,7.934,5497.307647
1759593600,7.941,7.989,7.916,7.982,6891.381858
1759608000,7.992,8.029,7.987,8.021,7117.826879
1759622400,8.025,8.197,7.976,8.161,7884.96936
1759636800,8.181,8.391,8.169,8.391,10869.918849
1759651200,8.397,8.429,8.236,8.335,11623.141544
1759665600,8.292,8.301,8.182,8.207,5527.4805
1759680000,8.209,8.215,8.011,8.021,6319.07316
1759694400,8.013,8.092,8.009,8.059,4438.631219
1759708800,8.055,8.185,8.017,8.129,3390.290396
1759723200,8.1,8.288,8.054,8.201,4966.134584
1759737600,8.228,8.286,8.225,8.229,4571.749995
1759752000,8.243,8.416,8.243,8.392,21014.170627
1759766400,8.382,8.426,8.333,8.425,14854.49831
1759780800,8.425,8.446,8.348,8.348,4057.543021
1759795200,8.351,8.388,8.308,8.342,11292.459594
1759809600,8.337,8.339,7.985,8.104,62311.99104
1759824000,8.089,8.156,8.016,8.145,7494.684465
1759838400,8.145,8.21,7.794,7.828,19632.535766
1759852800,7.826,7.885,7.73,7.742,29120.478465
1759867200,7.749,7.846,7.737,7.776,9286.838195
1759881600,7.769,7.865,7.716,7.755,6863.510459
1759896000,7.76,7.791,7.707,7.771,18820.575763
1759910400,7.779,7.854,7.763,7.8,4949.496658
1759924800,7.8,7.979,7.789,7.888,17951.505586
1759939200,7.884,8.122,7.881,8.042,17926.063113
1759953600,8.053,8.113,8.017,8.072,5269.429914
1759968000,8.066,8.078,7.82,7.932,7549.042532
1759982400,7.922,7.97,7.825,7.844,3366.811603
1759996800,7.839,7.851,7.69,7.851,19500.163988
1760011200,7.838,7.9,7.701,7.742,33542.242565
1760025600,7.741,7.789,7.647,7.789,22305.676366
1760040000,7.792,7.907,7.772,7.863,5333.550774
1760054400,7.867,8.579,7.867,8.462,191983.219156
1760068800,8.466,8.498,8.144,8.172,23964.698994
1760083200,8.166,8.212,8.126,8.15,8216.5278
1760097600,8.157,8.293,7.674,7.755,51332.338489
1760112000,7.747,7.857,7.355,7.419,44084.324478
1760126400,7.411,7.465,3.519,5.811,500174.72648
1760140800,5.808,6.899,5.555,5.858,232583.726952
1760155200,5.849,5.973,5.81,5.882,45176.960031
1760169600,5.886,6.128,5.871,6.042,40474.115064
1760184000,6.035,6.116,5.927,6.085,28680.287704
1760198400,6.085,6.123,5.816,5.86,36537.168127
1760212800,5.867,5.888,5.664,5.86,43755.958478
1760227200,5.854,6.009,5.804,5.973,20698.152564
1760241600,5.98,6.193,5.965,6.139,25846.398166
1760256000,6.148,6.196,6.04,6.082,9007.734186
1760270400,6.086,6.502,6.02,6.484,54750.772987
1760284800,6.487,6.704,6.487,6.663,117181.532192
1760299200,6.67,6.706,6.55,6.633,42328.998806
1760313600,6.632,6.659,6.512,6.564,24178.796177
1760328000,6.572,6.824,6.546,6.726,17296.808931
1760342400,6.717,6.786,6.503,6.66,14982.665776
1760356800,6.64,6.875,6.601,6.778,23031.215358
1760371200,6.764,7.043,6.757,7.021,28574.98477
1760385600,7.028,7.121,7.017,7.06,10889.350703
1760400000,7.056,7.078,6.862,6.876,17493.0213
1760414400,6.887,6.887,6.429,6.539,28656.983726
1760428800,6.522,6.702,6.454,6.58,10936.893524
1760443200,6.571,6.786,6.367,6.76,27247.249361
1760457600,6.754,6.86,6.655,6.76,20637.836634
1760472000,6.752,6.836,6.728,6.826,7198.338355
1760486400,6.822,6.866,6.727,6.767,5949.653326
1760500800,6.77,6.85,6.754,6.849,6440.097221
1760515200,6.845,6.98,6.695,6.764,10407.647139
1760529600,6.728,6.75,6.516,6.537,20685.188265
1760544000,6.542,6.61,6.504,6.54,3962.397524
1760558400,6.547,6.582,6.45,6.582,8602.318445
1760572800,6.563,6.668,6.552,6.633,13051.950307
1760587200,6.62,6.657,6.548,6.584,2233.751302
1760601600,6.587,6.675,6.355,6.631,13620.32984
1760616000,6.646,6.681,6.333,6.349,18190.856692
1760630400,6.347,6.477,6.231,6.301,23977.757619
1760644800,6.309,6.324,6.224,6.275,74267.365923
1760659200,6.283,6.396,6.283,6.396,7437.541321
1760673600,6.378,6.379,5.95,5.951,30044.205528
1760688000,5.957,6.197,5.854,6.12,56687.682654
1760702400,6.122,6.168,6.003,6.168,38877.787413
1760716800,6.173,6.239,6.119,6.137,3401.49737
1760731200,6.129,6.226,6.125,6.14,6322.545206
1760745600,6.141,6.203,6.121,6.151,7474.069411
1760760000,6.145,6.197,6.073,6.073,15418.451302
1760774400,6.079,6.088,5.994,6.004,34586.767364
1760788800,6.004,6.014,5.915,5.956,9520.004976
1760803200,5.939,6.074,5.913,6.026,14620.796263
1760817600,6.032,6.055,6.015,6.027,11395.874429
1760832000,6.009,6.056,5.972,6.047,2741.551421
1760846400,6.054,6.059,5.987,6.01,10911.025353
1760860800,6.019,6.214,5.961,6.165,21072.789339
1760875200,6.159,6.324,6.118,6.28,18101.755295
1760889600,6.279,6.36,6.256,6.31,155523.607591
1760904000,6.308,6.33,6.255,6.263,2386.899167
1760918400,6.25,6.418,6.146,6.414,19053.075306
1760932800,6.409,6.54,6.383,6.47,8343.527485
1760947200,6.453,6.494,6.414,6.475,11339.236661
1760961600,6.463,6.476,6.377,6.377,6421.224526
1760976000,6.377,6.396,6.267,6.389,33099.319154
1760990400,6.373,6.405,6.34,6.34,3164.376726
1761004800,6.339,6.353,6.235,6.235,9170.794197
1761019200,6.228,6.243,6.115,6.206,19136.645833
1761033600,6.2,6.24,6.135,6.24,18921.297163
1761048000,6.23,6.649,6.215,6.586,61547.633114
1761062400,6.59,6.635,6.461,6.537,48360.481495
1761076800,6.504,6.507,6.25,6.261,8091.18251
1761091200,6.256,6.299,6.217,6.233,3622.910632
1761105600,6.247,6.282,6.143,6.207,8237.366639
1761120000,6.176,6.201,6.054,6.129,8224.392762
1761134400,6.133,6.229,6.073,6.158,10017.495489
1761148800,6.144,6.175,6.047,6.082,8594.379743
1761163200,6.093,6.101,5.832,6.038,42853.016786
1761177600,6.027,6.119,6.027,6.108,10605.242745
1761192000,6.115,6.234,6.1,6.192,3099.883346
1761206400,6.185,6.219,6.157,6.17,1611.983391
1761220800,6.138,6.275,6.124,6.268,4346.529622
1761235200,6.266,6.362,6.245,6.3,3495.199858
1761249600,6.294,6.316,6.223,6.31,4325.445809
1761264000,6.319,6.326,6.256,6.256,1089.703158
1761278400,6.261,6.417,6.261,6.353,3734.825441
1761292800,6.361,6.405,6.317,6.348,22613.732611
1761307200,6.356,6.469,6.187,6.187,17464.686831
1761321600,6.196,6.302,6.17,6.268,19569.952838
1761336000,6.264,6.294,6.235,6.236,3716.722948
1761350400,6.252,6.276,6.193,6.193,6164.097581
1761364800,6.19,6.221,6.183,6.184,6265.002662
1761379200,6.183,6.218,6.164,6.172,15876.683504
1761393600,6.175,6.212,6.169,6.184,3580.7801
1761408000,6.185,6.266,6.178,6.262,4778.110141
1761422400,6.264,6.288,6.217,6.244,29507.536449
1761436800,6.24,6.254,6.151,6.168,3524.015982
1761451200,6.166,6.224,6.16,6.219,1004.668455
1761465600,6.234,6.434,6.23,6.43,18915.000091
1761480000,6.433,6.539,6.417,6.539,39594.925275
1761494400,6.537,6.578,6.475,6.574,18493.805688
1761508800,6.569,6.727,6.528,6.66,50766.983154
1761523200,6.669,6.879,6.659,6.77,11509.615013
1761537600,6.77,6.853,6.691,6.724,28698.72223
1761552000,6.729,6.757,6.597,6.625,27402.78922
1761566400,6.628,6.658,6.521,6.571,4788.284875
1761580800,6.573,6.681,6.573,6.606,7377.24591
1761595200,6.576,6.587,6.47,6.513,14842.206135
1761609600,6.512,6.544,6.469,6.49,5793.589143
1761624000,6.493,6.601,6.451,6.533,1864.960302
1761638400,6.529,6.594,6.523,6.538,1683.403991
1761652800,6.536,6.63,6.418,6.532,5358.357304
1761667200,6.529,6.604,6.403,6.43,8296.406313
1761681600,6.425,6.425,6.251,6.337,18963.146496
1761696000,6.341,6.379,6.315,6.32,3742.54173
1761710400,6.312,6.379,6.309,6.352,3032.778777
1761724800,6.341,6.373,6.294,6.365,1401.126519
1761739200,6.369,6.406,6.212,6.232,14182.495761
1761753600,6.228,6.44,6.152,6.394,30129.704774
1761768000,6.394,6.445,6.264,6.294,6100.024991
1761782400,6.292,6.385,6.04,6.103,94174.780688
1761796800,6.112,6.145,5.926,6.129,18193.525878
1761811200,6.106,6.108,6.001,6.016,17592.850854
1761825600,6.009,6.009,5.796,5.822,42197.219589
1761840000,5.802,5.864,5.669,5.67,32769.347887
1761854400,5.68,5.852,5.672,5.845,11443.881419
1761868800,5.845,5.916,5.835,5.888,10817.818461
1761883200,5.896,5.952,5.876,5.883,17965.861667
1761897600,5.883,5.885,5.747,5.832,12402.30432
1761912000,5.831,5.841,5.7,5.734,11992.373203
1761926400,5.73,5.802,5.618,5.785,10517.725934
1761940800,5.787,5.787,5.732,5.748,4611.923379
1761955200,5.742,5.816,5.736,5.812,7110.319655
1761969600,5.812,5.814,5.719,5.803,6317.26948
1761984000,5.812,5.867,5.794,5.835,5422.296997
1761998400,5.835,5.868,5.79,5.81,11738.760076
1762027200,5.819,5.865,5.804,5.864,917.265137
1762041600,5.858,5.869,5.826,5.838,1348.32672
1762056000,5.837,5.921,5.837,5.912,2620.317421
1762070400,5.907,5.907,5.803,5.884,1638.88251
1762084800,5.879,5.879,5.723,5.771,3900.719311
1762099200,5.763,5.802,5.723,5.743,3782.273031
1762113600,5.748,5.875,5.736,5.875,2356.03064
1762128000,5.858,5.881,5.454,5.457,42074.331427
1762142400,5.453,5.453,5.274,5.346,48108.249017
1762156800,5.342,5.438,5.327,5.399,15390.010671
1762171200,5.395,5.459,4.945,5.137,53545.004014
1762185600,5.109,5.306,5.108,5.193,36331.929405
1762200000,5.188,5.198,5.087,5.191,15460.75402
1762214400,5.192,5.275,5.174,5.271,7862.291373
1762228800,5.268,5.283,5.026,5.056,39260.568397
1762243200,5.06,5.227,5.054,5.206,76751.037329
1762257600,5.204,5.25,5.091,5.151,11618.788041
1762272000,5.153,5.189,4.88,4.958,55569.791901
1762286400,4.942,5.129,4.741,5.079,32699.948311
1762300800,5.073,5.184,4.877,5.177,10843.511917
1762315200,5.188,5.252,5.139,5.222,141375.631916
1762329600,5.206,5.277,5.133,5.277,18897.124891
1762344000,5.277,5.373,5.235,5.369,96689.044782
1762358400,5.368,5.482,5.329,5.455,45799.912751
1762372800,5.456,5.485,5.33,5.345,8557.817655
1762387200,5.343,5.366,5.261,5.336,11412.344227
1762401600,5.34,5.354,5.235,5.249,6129.782726
1762416000,5.243,5.297,5.243,5.276,6319.01124
1762430400,5.277,5.33,5.184,5.191,27870.744723
1762444800,5.204,5.298,5.108,5.282,8314.912272
1762459200,5.293,5.304,5.215,5.255,8653.494264
1762473600,5.258,5.371,5.247,5.332,4317.998088
1762488000,5.334,5.47,5.288,5.467,6096.392511
1762502400,5.459,5.49,5.305,5.366,17515.882317
1762516800,5.374,5.588,5.248,5.581,32677.864154
1762531200,5.57,5.938,5.547,5.908,45459.79858
1762545600,5.905,5.994,5.851,5.868,13735.829866
1762560000,5.869,6.11,5.808,6.05,50304.760805
1762574400,6.047,6.075,5.879,5.994,15951.082977
1762588800,5.999,6.128,5.944,6.085,31326.275422
1762603200,6.09,6.101,5.913,5.986,16457.944994
1762617600,5.991,6.029,5.914,6.023,43957.613031
1762632000,6.021,6.055,5.977,6.026,9485.777873
1762646400,6.007,6.007,5.807,5.823,23586.602453
1762660800,5.825,5.941,5.817,5.937,7782.819087
1762675200,5.927,6.415,5.862,6.394,55107.403791
1762689600,6.387,6.657,6.321,6.517,74049.645947
1762704000,6.515,6.771,6.509,6.763,34085.00668
1762718400,6.76,6.76,6.552,6.57,29358.188863
1762732800,6.58,6.712,6.551,6.71,36791.249902
1762747200,6.713,6.794,6.65,6.745,21806.194328
1762761600,6.742,7.193,6.712,7.133,69830.018819
1762776000,7.137,7.145,6.782,6.959,70615.583072
1762790400,6.962,7.292,6.91,7.153,72872.195949
1762804800,7.161,10.039,7.149,9.376,1085770.357088
1762819200,9.375,10.357,9.1,9.305,735592.296951
1762833600,9.337,9.343,8.349,8.446,490696.694518
1762848000,8.439,8.719,8.154,8.64,421918.019388
1762862400,8.643,9.38,8.367,8.994,504797.48348
1762876800,8.987,9.172,8.535,8.675,231952.500719
1762891200,8.673,8.693,8.157,8.235,305149.633431
1762905600,8.238,8.816,8.237,8.727,137726.234732
1762920000,8.7,8.853,8.378,8.378,196577.934216
1762934400,8.411,8.815,8.411,8.645,134091.118723
1762948800,8.639,8.653,7.755,7.826,165244.123894
1762963200,7.808,7.969,7.542,7.559,99759.186556
1762977600,7.549,7.735,7.47,7.564,87206.994351
1762992000,7.568,8.187,7.53,7.921,150973.712186
1763006400,7.92,8.137,7.844,7.869,75814.855457
1763020800,7.869,8.096,7.817,7.924,60004.920015
1763035200,7.915,8.122,7.637,7.915,150589.736469
1763049600,7.926,8.005,7.512,7.563,233601.139906
1763064000,7.551,7.83,7.448,7.744,168261.480353
1763078400,7.743,7.802,7.482,7.58,153635.87613
1763092800,7.57,7.631,7.23,7.545,48576.089172
1763107200,7.52,7.52,7.139,7.214,117350.958134
1763121600,7.213,7.322,6.975,7.262,138434.357689
1763136000,7.264,7.343,7.031,7.211,80774.011346
1763150400,7.204,7.204,6.92,6.97,49806.237328
1763164800,6.978,7.449,6.972,7.416,63093.272991
1763179200,7.416,7.539,7.369,7.498,34822.594678
1763193600,7.497,7.497,7.263,7.291,13018.386895
1763208000,7.288,7.516,7.283,7.466,115901.846817
1763222400,7.43,7.636,7.363,7.496,40475.442059
1763236800,7.477,7.494,7.347,7.358,15316.886413
1763251200,7.357,7.442,7.195,7.428,18539.965649
1763265600,7.419,7.872,7.349,7.871,41380.505894
1763280000,7.853,7.905,7.566,7.566,48495.681311
1763294400,7.563,7.638,7.328,7.33,28069.4528
1763308800,7.324,7.377,7.142,7.181,72540.775892
1763323200,7.183,7.231,6.98,7.181,65733.588172
1763337600,7.174,7.386,7.11,7.345,22843.759193
1763352000,7.345,8.099,7.332,8.094,48386.691712
1763366400,8.098,8.153,7.742,8.015,126777.528544
1763380800,8.01,8.096,7.676,7.764,107448.296407
1763395200,7.775,7.775,7.095,7.144,129121.24524
1763409600,7.134,7.456,7.086,7.416,63428.914736
1763424000,7.413,7.575,7.25,7.515,55725.574819
1763438400,7.517,7.517,7.179,7.359,66338.928119
1763452800,7.363,7.454,7.26,7.338,35798.95278
1763467200,7.329,7.632,7.266,7.607,67842.072767
1763481600,7.606,7.754,7.53,7.544,82424.070411
1763496000,7.554,7.555,7.431,7.484,42437.168629
1763510400,7.493,7.503,7.322,7.446,28128.742943
1763524800,7.371,7.371,7.104,7.294,44122.776355
1763539200,7.29,7.387,7.274,7.274,22713.992439
1763553600,7.268,7.298,6.861,6.864,90122.080052
1763568000,6.873,7.007,6.811,6.834,131521.470188
1763582400,6.825,7.236,6.824,7.223,89358.734389
1763596800,7.206,7.331,7.176,7.281,16263.922789
1763611200,7.279,7.332,7.182,7.311,14002.9913
1763625600,7.302,7.33,7.193,7.267,31243.018006
1763640000,7.252,7.37,7.05,7.05,86366.647297
1763654400,7.058,7.059,6.473,6.581,176758.00835
1763668800,6.561,6.72,6.533,6.557,18434.384342
1763683200,6.561,6.724,6.561,6.59,44517.660227
1763697600,6.584,6.629,5.903,6.282,71985.933988
1763712000,6.276,6.385,6.083,6.106,64085.946344
1763726400,6.117,6.387,6.03,6.231,116114.984507
1763740800,6.231,6.511,6.177,6.384,57316.152626
1763755200,6.389,6.463,6.274,6.417,15654.985654
1763769600,6.431,6.529,6.431,6.528,26740.579832
1763784000,6.521,6.531,6.333,6.333,28356.515429
1763798400,6.329,6.333,6.1,6.119,15138.151934
1763812800,6.099,6.16,6.008,6.056,39528.484502
1763827200,6.062,6.129,5.978,6.018,30231.313084
1763841600,6.014,6.335,5.863,6.172,106438.414057
1763856000,6.16,6.28,6.089,6.28,19268.65943
1763870400,6.281,6.337,6.181,6.192,33946.378392
1763884800,6.2,6.267,6.149,6.166,5582.065165
1763899200,6.172,6.274,6.172,6.273,8862.870504
1763913600,6.235,6.261,6.068,6.201,19302.459933
1763928000,6.212,6.296,6.121,6.133,41005.880318
1763942400,6.121,6.393,6.086,6.367,11816.165824
1763956800,6.373,6.42,6.212,6.25,34608.289804
1763971200,6.222,6.28,6.102,6.151,8422.716955
1763985600,6.137,6.231,6.058,6.195,40982.256029
1764000000,6.195,6.388,6.192,6.353,47474.640026
1764014400,6.352,6.41,6.287,6.3,31508.61548
1764028800,6.296,6.335,6.221,6.272,34735.739605
1764043200,6.28,6.364,6.191,6.191,14090.895487
1764057600,6.196,6.225,6.117,6.137,32092.824995
1764072000,6.142,6.203,5.891,5.919,43263.42624
1764086400,5.929,6.145,5.917,6.096,39325.75484
1764100800,6.102,6.314,6.078,6.237,42246.29598
1764115200,6.238,6.309,6.154,6.159,20699.630935
1764129600,6.162,6.228,6.153,6.228,10234.803485
1764144000,6.226,6.226,6.072,6.104,31376.328944
1764158400,6.103,6.144,6.003,6.033,7077.342328
1764172800,6.04,6.383,6.04,6.343,25982.035306
1764187200,6.337,6.36,6.264,6.304,7325.015675
1764201600,6.29,6.43,6.263,6.269,23316.019503
1764216000,6.266,6.308,6.184,6.2,15875.229664
1764230400,6.181,6.247,6.156,6.165,2982.051465
1764244800,6.16,6.212,6.104,6.186,18971.113674
1764259200,6.18,6.264,6.161,6.258,9416.436003
1764273600,6.264,6.276,6.135,6.139,6815.232446
1764288000,6.146,6.164,6.051,6.108,7025.288762
1764302400,6.104,6.137,6.076,6.09,3321.008959
1764316800,6.093,6.298,6.091,6.2,10902.209653
1764331200,6.197,6.35,6.175,6.269,10987.469128
1764345600,6.252,6.255,6.068,6.199,15270.004049
1764360000,6.195,6.221,6.13,6.13,7035.764977
1764374400,6.135,6.211,6.126,6.126,3606.450879
1764388800,6.12,6.174,6.086,6.113,3765.654339
1764403200,6.113,6.176,6.099,6.148,2353.488242
1764417600,6.158,6.158,6.086,6.123,19605.397799
1764432000,6.121,6.122,5.981,6.029,8637.52502
1764446400,6.025,6.082,6.023,6.062,3040.349392
1764460800,6.064,6.12,6.013,6.114,10244.424104
1764475200,6.116,6.222,6.048,6.216,13589.793782
1764489600,6.224,6.281,6.12,6.131,29418.927524
1764504000,6.126,6.233,6.109,6.132,5102.413878
1764518400,6.146,6.189,6.137,6.144,3282.305646
1764532800,6.147,6.178,6.031,6.031,4951.378105
1764547200,6.046,6.057,5.516,5.535,105760.465562
1764561600,5.537,5.555,5.477,5.554,39944.703465
1764576000,5.547,5.592,5.528,5.557,10588.819265
1764590400,5.551,5.615,5.444,5.566,46828.142248
1764604800,5.575,5.593,5.456,5.483,11476.160883
1764619200,5.485,5.644,5.485,5.605,12397.78254
1764633600,5.607,5.645,5.455,5.534,25897.528868
1764648000,5.533,5.543,5.473,5.493,4841.498279
1764662400,5.49,5.546,5.363,5.54,65183.991132
1764676800,5.536,6.04,5.515,5.984,58443.733097
1764691200,5.991,6.015,5.863,5.954,20700.889855
1764705600,5.933,5.974,5.874,5.919,12393.993099
1764720000,5.926,6.02,5.925,5.985,20455.168028
1764734400,5.99,6.175,5.972,6.051,20715.462113
1764748800,6.061,6.087,6.008,6.034,7636.806919
1764763200,6.034,6.087,5.9,5.991,55336.392601
1764777600,6.003,6.095,5.966,6.039,12789.917044
1764792000,6.041,6.194,6.021,6.108,21742.705588
1764806400,6.11,6.194,6.068,6.142,8665.099591
1764820800,6.149,6.167,6.06,6.098,4214.868199
1764835200,6.087,6.12,6.032,6.05,7202.21384
1764849600,6.048,6.082,5.937,6.053,7760.220321
1764864000,6.042,6.073,5.842,5.94,11323.208199
1764878400,5.947,5.982,5.93,5.965,1488.360767
1764892800,5.965,6.037,5.964,5.982,4242.228813
1764907200,5.991,5.996,5.889,5.961,15255.252072
1764921600,5.94,5.942,5.78,5.805,17696.01618
1764936000,5.798,5.826,5.707,5.726,13701.435031
1764950400,5.731,5.731,5.429,5.532,25143.667237
1764964800,5.521,5.547,5.467,5.473,21611.947275
1764979200,5.473,5.53,5.423,5.516,4604.76217
1764993600,5.51,5.525,5.476,5.493,2569.378497
1765008000,5.496,5.528,5.465,5.487,4889.584206
1765022400,5.477,5.583,5.477,5.54,17247.791281
1765036800,5.537,5.621,5.537,5.553,7295.975817
1765051200,5.554,5.59,5.541,5.563,7944.771893
1765065600,5.575,5.626,5.575,5.625,5011.845684
1765080000,5.614,5.636,5.572,5.59,3221.030931
1765094400,5.573,5.599,5.515,5.558,19554.537548
1765108800,5.539,5.583,5.326,5.528,40001.715735
1765123200,5.521,5.669,5.47,5.641,57197.258403
1765137600,5.649,5.657,5.375,5.462,24742.035592
1765152000,5.458,5.624,5.436,5.566,9254.28733
1765166400,5.576,5.711,5.576,5.665,14989.365399
1765180800,5.665,5.767,5.663,5.7,15333.327467
1765195200,5.694,5.728,5.586,5.6,7162.752284
1765209600,5.6,5.662,5.56,5.6,8436.124238
1765224000,5.607,5.676,5.599,5.615,25687.944159
1765238400,5.619,5.633,5.429,5.518,47200.978185
1765252800,5.511,5.515,5.427,5.475,17555.633581
1765267200,5.477,5.487,5.442,5.487,6110.828208
1765281600,5.471,5.733,5.465,5.717,46445.098219
1765296000,5.727,5.97,5.727,5.842,114491.323244
1765310400,5.841,5.856,5.661,5.745,39863.124901
1765324800,5.748,5.752,5.62,5.664,36092.597624
1765339200,5.657,5.685,5.587,5.61,12146.553818
1765353600,5.602,5.671,5.534,5.56,28977.210089
1765368000,5.562,5.594,5.532,5.575,23009.368294
1765382400,5.581,5.818,5.563,5.805,32690.980916
1765396800,5.806,5.944,5.6,5.601,43276.818947
1765411200,5.597,5.606,5.28,5.32,62687.171448
1765425600,5.31,5.393,5.295,5.356,11935.516841
1765440000,5.351,5.417,5.33,5.408,8311.876493
1765454400,5.398,5.404,5.311,5.35,9130.981862
1765468800,5.347,5.47,5.312,5.419,26207.619257
1765483200,5.419,5.602,5.401,5.55,17013.238134
1765497600,5.556,5.589,5.47,5.542,2574.793066
1765512000,5.54,5.602,5.5,5.578,8076.041266
1765526400,5.576,5.645,5.552,5.57,15202.73605
1765540800,5.577,5.635,5.258,5.292,52937.875108
1765555200,5.285,6.07,5.214,5.354,220105.447152
1765569600,5.354,5.429,5.307,5.429,149933.229767
1765584000,5.425,5.442,5.375,5.403,2076.179228
1765598400,5.404,5.437,5.386,5.435,6947.942902
1765612800,5.437,5.506,5.437,5.469,10410.959929
1765627200,5.463,5.475,5.419,5.46,5762.799598
1765641600,5.463,5.482,5.435,5.451,2385.966283
1765656000,5.447,5.527,5.42,5.506,2658.241523
1765670400,5.502,5.563,5.48,5.507,16827.654882
1765684800,5.514,5.516,5.465,5.489,3538.759219
1765699200,5.489,5.491,5.343,5.403,14718.279555
1765713600,5.387,5.445,5.363,5.384,10857.317004
1765728000,5.378,5.418,5.319,5.335,5401.578425
1765742400,5.333,5.364,5.25,5.31,12428.706816
1765756800,5.306,5.458,5.296,5.392,18470.166749
1765771200,5.4,5.427,5.366,5.379,7563.347663
1765785600,5.381,5.453,5.373,5.402,1793.270549
1765800000,5.393,5.419,5.064,5.107,82069.376392
1765814400,5.098,5.127,4.977,5.076,31876.209209
1765828800,5.072,5.078,5,5.078,16346.456655
1765843200,5.076,5.089,4.999,5.054,6704.348726
1765857600,5.054,5.059,4.935,5.03,46355.945824
1765872000,5.029,5.166,5.016,5.155,6672.47504
1765886400,5.155,5.274,5.094,5.249,55068.161706
1765900800,5.246,5.246,5.139,5.194,21616.97481
1765915200,5.196,5.205,5.158,5.199,15787.072334
1765929600,5.195,5.242,5.131,5.137,61883.195513
1765944000,5.134,5.139,5.061,5.097,28348.522694
1765958400,5.094,5.108,5.062,5.095,9019.858177
1765972800,5.095,5.32,5.02,5.084,43399.112875
1765987200,5.081,5.125,4.89,4.952,40557.046839
1766001600,4.953,4.984,4.885,4.966,12158.009847
1766016000,4.967,4.99,4.912,4.933,8872.902343
1766030400,4.933,4.963,4.854,4.927,10946.237106
1766044800,4.928,5.343,4.928,5.215,252972.622124
1766059200,5.22,5.43,5.174,5.291,138803.883993
1766073600,5.291,5.295,4.897,4.902,355008.972562
1766088000,4.902,5.015,4.865,4.957,53851.325515
1766102400,4.957,5.134,4.898,5.053,52764.543829
1766116800,5.055,5.187,5.009,5.187,58087.969613
1766131200,5.184,5.253,5.154,5.229,37406.309671
1766145600,5.229,5.328,5.163,5.189,29248.936146
1766160000,5.189,5.297,5.186,5.269,23523.050569
1766174400,5.27,5.331,5.252,5.317,24051.88955
1766188800,5.314,5.326,5.256,5.319,27510.252459
1766203200,5.315,5.839,5.289,5.746,354721.445795
1766217600,5.739,5.777,5.591,5.744,64104.53969
1766232000,5.743,6.074,5.68,6.051,199273.565219
1766246400,6.046,6.303,6.044,6.238,225102.406708
1766260800,6.24,6.372,6.159,6.266,132823.64613
1766275200,6.256,6.278,6.117,6.188,54351.781237
1766289600,6.197,6.493,6.197,6.322,116745.781714
1766304000,6.331,6.391,6.263,6.27,46958.302859
1766318400,6.276,6.412,6.065,6.091,104029.641541
1766332800,6.084,6.194,6.077,6.123,54120.267618
1766347200,6.118,6.146,6.062,6.111,20272.598353
1766361600,6.116,6.265,6.027,6.182,51432.043552
1766376000,6.174,6.331,6.157,6.237,30572.136271
1766390400,6.253,6.32,6.161,6.233,22093.584746
1766404800,6.242,6.409,6.06,6.172,129374.030995
1766419200,6.151,6.216,6.003,6.028,45131.247881
1766433600,6.019,6.063,5.912,6.012,78038.558193
1766448000,6.012,6.118,6.005,6.07,36553.778141
1766462400,6.056,6.097,5.953,6.04,24454.653168
1766476800,6.055,6.067,5.813,5.856,73196.822637
1766491200,5.862,5.862,5.656,5.735,96842.71209
1766505600,5.74,5.828,5.703,5.77,16691.79204
1766520000,5.771,5.828,5.745,5.807,21454.141231
1766534400,5.807,5.858,5.696,5.744,44052.277181
1766548800,5.743,5.77,5.593,5.593,33746.211642
1766563200,5.599,5.766,5.598,5.732,87268.710039
1766577600,5.737,5.766,5.676,5.757,39019.355132
1766592000,5.758,5.888,5.755,5.781,33060.919382
1766606400,5.788,5.822,5.755,5.772,10435.109886
1766620800,5.773,5.854,5.764,5.821,3570.532671
1766635200,5.816,5.83,5.759,5.785,8140.462927
1766649600,5.795,5.824,5.745,5.779,2868.516198
1766664000,5.785,5.935,5.777,5.908,8214.093562
1766678400,5.908,6.072,5.901,5.923,90880.981966
1766692800,5.921,6.021,5.799,5.81,134672.152952
1766707200,5.803,5.966,5.729,5.906,48868.74964
1766721600,5.884,6.037,5.861,5.888,10759.573588
1766736000,5.899,5.955,5.885,5.906,85595.232631
1766750400,5.909,5.942,5.73,5.806,26295.921909
1766764800,5.807,5.846,5.761,5.842,18345.541736
1766779200,5.837,5.847,5.801,5.827,7515.615897
1766793600,5.826,6.006,5.82,5.996,33543.085773
1766808000,5.994,6.018,5.943,5.998,12631.944829
1766822400,5.997,6.033,5.904,5.948,26838.960447
1766836800,5.957,5.966,5.904,5.949,16030.543489
1766851200,5.959,5.971,5.904,5.93,27210.566312
1766865600,5.937,5.995,5.829,5.96,31217.531892
1766880000,5.964,6.088,5.941,6.021,44955.620712
1766894400,6.034,6.402,6.033,6.326,206903.130168
1766908800,6.326,6.369,6.248,6.287,56987.011627
1766923200,6.29,6.558,6.28,6.438,109303.44739
1766937600,6.444,6.455,6.125,6.137,68606.416778
1766952000,6.131,6.221,6.112,6.221,32623.925418
1766966400,6.224,6.374,6.135,6.329,153585.245215
1766980800,6.335,6.343,6.172,6.172,45109.495182
1766995200,6.179,6.187,6.028,6.11,94661.66094
1767009600,6.097,6.1,5.989,6.052,35779.803588
1767024000,6.048,6.061,5.939,5.955,55804.722593
1767038400,5.954,6.014,5.922,5.988,96629.952567
1767052800,5.984,6.036,5.946,5.984,79111.320075
1767067200,5.984,6,5.882,5.947,165972.589932
1767081600,5.949,6.026,5.94,5.977,150965.370243
1767096000,5.984,6.02,5.935,6.008,37620.289479
1767110400,6.005,6.015,5.921,5.947,11105.27493
1767124800,5.937,5.937,5.896,5.921,9699.541947
1767139200,5.914,5.968,5.863,5.919,72614.796475
1767153600,5.924,5.928,5.885,5.906,25063.932648
1767168000,5.908,5.925,5.854,5.925,19656.159877
1767182400,5.916,5.939,5.82,5.845,21712.091923
1767196800,5.844,5.854,5.661,5.674,36503.059758
1767211200,5.669,5.708,5.609,5.623,273038.581308
1767225600,5.632,5.693,5.632,5.632,17017.885114
1767240000,5.63,5.67,5.611,5.638,13667.56429
1767254400,5.642,5.681,5.634,5.671,8413.639409
1767268800,5.674,5.763,5.633,5.739,7252.189759
1767283200,5.749,5.829,5.711,5.821,39988.8701
1767297600,5.824,5.827,5.777,5.791,12254.448407
1767312000,5.799,5.83,5.667,5.794,19648.771507
1767326400,5.807,5.81,5.734,5.743,5889.772673
1767340800,5.737,5.88,5.737,5.791,16092.516769
1767355200,5.792,5.908,5.727,5.852,28102.518222
1767369600,5.867,6.018,5.842,6.013,21347.843553
1767384000,6.017,6.092,5.988,6.037,21034.30061
1767398400,6.037,6.119,6.032,6.054,21233.805779
1767412800,6.054,6.058,5.744,5.78,90265.412108
1767427200,5.78,5.844,5.762,5.797,16018.325806
1767441600,5.798,5.845,5.795,5.806,17212.74399
1767456000,5.815,5.906,5.815,5.896,16603.413126
1767470400,5.892,5.936,5.87,5.92,5689.506945
1767484800,5.914,6.016,5.914,5.944,29266.449567
1767499200,5.935,5.94,5.834,5.87,17397.591745
1767513600,5.858,5.936,5.826,5.906,15760.934638
1767528000,5.88,5.958,5.867,5.937,24885.490244
1767542400,5.942,5.996,5.81,5.85,24927.012902
1767556800,5.85,5.888,5.772,5.846,36325.884833
1767571200,5.853,6.033,5.838,5.955,61590.700472
1767585600,5.958,5.968,5.806,5.905,28324.027463
1767600000,5.902,5.949,5.819,5.906,38597.636586
1767614400,5.908,5.913,5.792,5.877,17399.428825
1767628800,5.871,5.948,5.726,5.902,57684.214821
1767643200,5.901,6.451,5.893,6.16,287951.111044
1767657600,6.16,6.246,6.083,6.155,55276.056117
1767672000,6.151,6.288,6.102,6.113,47874.214543
1767686400,6.118,6.196,6.089,6.187,32772.110851
1767700800,6.189,6.309,6.117,6.135,68305.681606
1767715200,6.144,6.18,5.846,5.923,84834.749217
1767729600,5.914,6.069,5.911,6.069,27608.099674
1767744000,6.064,6.086,5.916,6.001,19115.667203
1767758400,6.002,6.06,5.965,6.06,9048.426385
1767772800,6.043,6.07,5.88,5.923,24013.791274
1767787200,5.912,5.912,5.687,5.747,85306.275825
1767801600,5.734,5.771,5.653,5.69,23258.547588
1767816000,5.69,5.751,5.635,5.723,19979.119749
1767830400,5.713,5.809,5.67,5.677,32500.140011
1767844800,5.674,5.728,5.479,5.608,87226.589254
1767859200,5.615,5.619,5.437,5.476,75323.356302
1767873600,5.477,5.494,5.388,5.485,20335.417286
1767888000,5.487,5.524,5.41,5.452,25915.197092
1767902400,5.443,5.52,5.402,5.486,11518.702342
1767916800,5.484,5.546,5.45,5.52,13008.041963
1767931200,5.499,5.501,5.463,5.463,13400.874214
1767945600,5.472,5.472,5.345,5.454,36341.060757
1767960000,5.444,5.561,5.41,5.489,56691.725589
1767974400,5.489,5.575,5.429,5.433,45771.152147
1767988800,5.434,5.482,5.434,5.464,3727.530985
1768003200,5.459,5.475,5.436,5.448,7607.185701
1768017600,5.45,5.514,5.424,5.514,7660.153366
1768032000,5.515,5.524,5.47,5.509,29300.8707
1768046400,5.508,5.545,5.484,5.492,11257.947278
1768060800,5.499,5.51,5.473,5.492,3636.91009
1768075200,5.502,5.508,5.439,5.476,4510.900871
1768089600,5.469,5.524,5.459,5.519,8626.243049
1768104000,5.52,5.526,5.487,5.496,4479.857018
1768118400,5.496,5.512,5.483,5.496,1995.648887
1768132800,5.497,5.525,5.445,5.466,13178.841564
1768147200,5.471,5.522,5.458,5.483,20373.350106
1768161600,5.48,5.48,5.371,5.444,7563.198335
1768176000,5.438,5.579,5.387,5.527,19227.059012
1768190400,5.51,5.599,5.434,5.448,14376.367103
1768204800,5.446,5.459,5.359,5.411,17226.899755
1768219200,5.404,5.414,5.28,5.375,18035.051886
1768233600,5.387,5.435,5.308,5.387,45226.995767
1768248000,5.383,5.407,5.289,5.362,6301.679126
1768262400,5.361,5.393,5.346,5.369,29588.929585
1768276800,5.366,5.448,5.366,5.426,2972.135557
1768291200,5.42,5.462,5.4,5.426,12369.807564
1768305600,5.422,5.566,5.418,5.566,15000.437076
1768320000,5.566,5.62,5.537,5.6,23107.538516
1768334400,5.605,5.799,5.559,5.717,59439.747611
1768348800,5.728,5.784,5.704,5.765,18696.595987
1768363200,5.766,5.775,5.696,5.753,24027.697593
1768377600,5.753,5.83,5.699,5.699,56647.809349
1768392000,5.707,5.814,5.669,5.784,67168.155051
1768406400,5.786,5.847,5.66,5.758,53321.318908
1768420800,5.761,5.785,5.679,5.68,23171.615773
1768435200,5.681,5.681,5.482,5.487,38438.758809
1768449600,5.486,5.52,5.457,5.501,12947.2227
1768464000,5.508,5.583,5.483,5.532,20451.344102
1768478400,5.525,5.542,5.322,5.391,56152.358682
1768492800,5.394,5.432,5.27,5.3,29067.95003
1768507200,5.297,5.355,5.229,5.348,73638.28001
1768521600,5.348,5.357,5.282,5.307,16507.33467
1768536000,5.309,5.336,5.24,5.312,70731.798106
1768550400,5.312,5.337,5.297,5.316,11581.402779
1768564800,5.321,5.333,5.13,5.168,30617.510793
1768579200,5.164,5.243,5.15,5.232,20560.308353
1768593600,5.239,5.345,5.223,5.314,12746.879713
1768608000,5.31,5.341,5.306,5.338,4138.362771
1768622400,5.327,5.363,5.324,5.359,18343.419535
1768636800,5.361,5.411,5.347,5.347,3088.865146
1768651200,5.339,5.44,5.335,5.434,4257.736458
1768665600,5.428,5.435,5.373,5.389,3171.398921
1768680000,5.388,5.404,5.34,5.348,6129.667257
1768694400,5.345,5.384,5.286,5.328,10728.680863
1768708800,5.328,5.333,5.297,5.308,5131.679079
1768723200,5.308,5.329,5.304,5.329,1729.144643
1768737600,5.32,5.334,5.257,5.333,8959.342311
1768752000,5.333,5.391,5.331,5.35,17032.330701
1768766400,5.353,5.384,5.09,5.096,14291.441301
1768780800,5.093,5.093,4.595,5.034,170034.353346
1768795200,5.017,5.038,4.952,4.958,45544.109646
1768809600,4.958,5.017,4.936,4.997,30474.231452
1768824000,4.993,5.016,4.971,4.973,32517.245532
1768838400,4.974,5.044,4.974,5.029,14708.979836
1768852800,5.033,5.041,4.971,5.024,6858.549942
1768867200,5.024,5.025,4.987,4.996,10342.157572
1768881600,4.991,4.997,4.911,4.944,27173.950572
1768896000,4.938,4.942,4.869,4.893,7550.156701
1768910400,4.888,4.92,4.764,4.806,30330.953301
1768924800,4.808,4.833,4.709,4.758,21347.410379
1768939200,4.755,4.815,4.691,4.799,16816.449051
1768953600,4.796,4.938,4.793,4.932,8995.023981
1768968000,4.924,4.956,4.877,4.877,3041.050806
1768982400,4.883,4.913,4.841,4.846,14559.926007
1768996800,4.837,4.991,4.791,4.974,31656.81299
1769011200,4.968,5.063,4.764,5.061,33717.648661
1769025600,5.062,5.062,4.921,4.933,19419.843977
1769040000,4.942,4.989,4.937,4.945,3857.942438
1769054400,4.945,4.957,4.916,4.933,707.96963
1769068800,4.924,4.961,4.918,4.924,5526.270075
1769083200,4.911,4.94,4.77,4.808,17662.257533
1769097600,4.817,4.871,4.807,4.849,18402.236338
1769112000,4.848,4.856,4.809,4.833,5896.566352
1769126400,4.828,4.887,4.816,4.872,6585.936054
1769140800,4.876,4.903,4.835,4.868,4009.539136
1769155200,4.864,4.877,4.825,4.863,4429.936713
1769169600,4.863,4.897,4.769,4.889,13551.68525
1769184000,4.89,4.975,4.854,4.864,8402.705867
1769198400,4.861,4.882,4.818,4.868,4884.431331
1769212800,4.87,4.881,4.835,4.879,6500.896619
1769227200,4.87,4.901,4.866,4.879,1326.503586
1769241600,4.879,4.906,4.874,4.883,7655.829946
1769256000,4.898,4.901,4.835,4.835,8059.123462
1769270400,4.837,4.858,4.82,4.837,6994.928091
1769284800,4.839,4.863,4.839,4.848,4247.530499
1769299200,4.854,4.867,4.821,4.825,3502.425747
1769313600,4.825,4.847,4.798,4.814,10036.555619
1769328000,4.82,4.876,4.801,4.848,10018.845075
1769342400,4.843,4.868,4.801,4.801,5683.651858
1769356800,4.803,4.803,4.559,4.575,71185.323242
1769371200,4.576,4.647,4.568,4.632,29539.806847
1769385600,4.63,4.681,4.483,4.587,169542.844866
1769400000,4.59,4.624,4.55,4.614,19287.490922
1769414400,4.616,4.682,4.613,4.626,8281.583085
1769428800,4.632,4.752,4.612,4.684,13951.358236
1769443200,4.688,4.738,4.656,4.696,14659.501537
1769457600,4.701,4.745,4.673,4.705,11963.019096
1769472000,4.696,4.731,4.684,4.718,16857.961465
1769486400,4.722,4.741,4.677,4.685,9500.158584
1769500800,4.689,4.698,4.63,4.665,26872.60777
1769515200,4.644,4.709,4.631,4.704,7263.159878
1769529600,4.713,4.762,4.627,4.733,215127.645024
1769544000,4.735,4.81,4.728,4.799,18712.907399
1769558400,4.8,4.806,4.773,4.778,4167.89009
1769572800,4.776,4.8,4.747,4.791,2011.582543
1769587200,4.791,4.864,4.782,4.864,24760.463415
1769601600,4.855,4.868,4.772,4.811,23217.403357
1769616000,4.81,4.848,4.78,4.827,9685.847598
1769630400,4.826,4.864,4.793,4.831,7481.245591
1769644800,4.819,4.822,4.686,4.706,6479.766475
1769659200,4.703,4.739,4.683,4.731,5748.946858
1769673600,4.721,4.721,4.644,4.649,15554.256188
1769688000,4.65,4.686,4.41,4.45,26807.141406
1769702400,4.446,4.495,4.282,4.343,116261.024363
1769716800,4.33,4.396,4.316,4.39,35853.950359
1769731200,4.394,4.417,4.198,4.244,105875.732572
1769745600,4.249,4.309,4.176,4.254,20569.851452
1769760000,4.24,4.322,4.18,4.303,15730.061218
1769774400,4.306,4.311,4.205,4.254,25417.050078
1769788800,4.249,4.337,4.14,4.308,16765.996538
1769803200,4.289,4.289,4.219,4.27,13632.429228
1769817600,4.271,4.295,4.258,4.263,7941.828263
1769832000,4.266,4.276,4.205,4.225,6707.180742
1769846400,4.221,4.225,4.122,4.137,18972.076269
1769860800,4.139,4.14,3.89,3.996,68547.251201
1769875200,3.995,4.062,3.593,3.821,216632.705071
1769889600,3.829,3.963,3.775,3.958,53921.758428
1769904000,3.957,4.018,3.938,3.99,22769.315419
1769918400,3.99,4.006,3.93,3.963,10715.011262
1769932800,3.961,3.987,3.902,3.937,21380.448398
1769947200,3.933,3.933,3.763,3.827,26850.99578
1769961600,3.816,3.927,3.807,3.85,25153.553069
1769976000,3.852,3.904,3.753,3.836,30045.734898
1769990400,3.838,3.954,3.721,3.843,29289.753405
1770004800,3.84,3.876,3.705,3.855,50791.586234
1770019200,3.856,3.925,3.853,3.912,56684.84703
1770033600,3.912,3.993,3.899,3.964,22975.298843
1770048000,3.963,3.979,3.92,3.927,10714.466357
1770062400,3.92,3.94,3.901,3.923,7787.808916
1770076800,3.925,3.927,3.832,3.92,10457.3414
1770091200,3.92,3.947,3.883,3.901,9049.684888
1770105600,3.903,3.929,3.847,3.894,22704.90009
1770120000,3.891,3.965,3.86,3.965,18991.306473
1770134400,3.957,3.957,3.692,3.879,50238.445293
1770148800,3.868,4.007,3.831,3.854,23949.892724
1770163200,3.852,3.955,3.849,3.944,7688.677628
1770177600,3.939,3.947,3.893,3.926,6619.176962
1770192000,3.91,3.925,3.821,3.853,44461.565382
1770206400,3.843,3.846,3.67,3.72,27404.340595
1770220800,3.714,3.874,3.635,3.853,80855.614518
1770235200,3.85,3.854,3.71,3.796,54435.306567
1770249600,3.792,3.826,3.737,3.738,23692.415171
1770264000,3.744,3.778,3.69,3.693,31877.903525
1770278400,3.697,3.765,3.596,3.635,75172.665232
1770292800,3.632,3.703,3.312,3.345,173727.796629
1770307200,3.352,3.473,3.257,3.268,55615.03988
1770321600,3.274,3.301,3.123,3.162,98120.101788
1770336000,3.164,3.254,2.848,3.077,223998.364396
1770350400,3.078,3.27,3.069,3.196,44624.206582
1770364800,3.194,3.343,3.173,3.343,27540.402037
1770379200,3.33,3.458,3.316,3.446,36096.60763
1770393600,3.448,3.628,3.436,3.551,53852.803487
1770408000,3.547,3.596,3.51,3.55,31652.084253
1770422400,3.549,3.581,3.488,3.565,13074.081216
1770436800,3.565,3.613,3.435,3.479,41491.308466
1770451200,3.462,3.495,3.43,3.46,11551.660451
1770465600,3.463,3.559,3.459,3.515,10366.71414
1770480000,3.519,3.601,3.509,3.559,50265.836101
1770494400,3.555,3.577,3.526,3.54,7366.411422
1770508800,3.538,3.54,3.507,3.507,3023.378251
1770523200,3.502,3.517,3.47,3.487,4339.387369
1770537600,3.492,3.542,3.467,3.534,6386.9959
1770552000,3.525,3.546,3.491,3.506,12019.136546
1770566400,3.505,3.517,3.434,3.515,9538.659432
1770580800,3.492,3.543,3.442,3.462,5955.631047
1770595200,3.463,3.508,3.435,3.503,5081.499189
1770609600,3.494,3.494,3.441,3.459,4913.445173
1770624000,3.459,3.459,3.319,3.336,23045.114849
1770638400,3.34,3.438,3.306,3.434,20093.061554
1770652800,3.423,3.577,3.406,3.52,17935.981411
1770667200,3.514,3.531,3.46,3.495,3631.361592
1770681600,3.494,3.496,3.382,3.402,7296.897946
1770696000,3.406,3.433,3.334,3.359,5157.644108
1770710400,3.358,3.393,3.349,3.349,73910.446341
1770724800,3.353,3.377,3.318,3.366,15399.764961
1770739200,3.366,3.399,3.327,3.352,11328.972347
1770753600,3.351,3.369,3.329,3.358,2415.586278
1770768000,3.361,3.387,3.33,3.368,7677.115319
1770782400,3.36,3.362,3.241,3.267,15137.042848
1770796800,3.255,3.267,3.223,3.26,3309.517462
1770811200,3.259,4.571,3.248,3.817,889635.209279
1770825600,3.823,3.906,3.446,3.493,553265.200487
1770840000,3.497,3.575,3.344,3.366,240020.742483
1770854400,3.366,3.494,3.355,3.471,93198.677421
1770868800,3.468,3.474,3.373,3.41,50777.723009
1770883200,3.409,3.425,3.32,3.409,34606.173749
1770897600,3.402,3.465,3.322,3.34,107323.127081
1770912000,3.342,3.347,3.19,3.221,134548.211829
1770926400,3.219,3.251,3.143,3.245,47661.553458
1770940800,3.243,3.278,3.208,3.272,16606.346609
1770955200,3.27,3.329,3.255,3.301,22857.530289
1770969600,3.302,3.329,3.288,3.316,21694.803685
1770984000,3.322,3.46,3.308,3.403,87598.135456
1770998400,3.41,3.489,3.41,3.426,70906.622445
1771012800,3.418,3.44,3.389,3.396,9628.299613
1771027200,3.401,3.408,3.378,3.401,9874.581214
1771041600,3.407,3.427,3.387,3.404,18114.12673
1771056000,3.404,3.517,3.404,3.517,123286.926823
1771070400,3.518,3.596,3.446,3.589,55389.722067
1771084800,3.572,3.731,3.552,3.665,102453.985524
1771099200,3.669,3.691,3.59,3.625,36260.860006
1771113600,3.627,3.673,3.557,3.624,35654.058479
1771128000,3.621,3.674,3.605,3.62,10881.272641
1771142400,3.625,3.637,3.547,3.584,20127.632023
1771156800,3.586,3.594,3.467,3.509,44600.900644
1771171200,3.501,3.508,3.398,3.423,53324.530554
1771185600,3.412,3.472,3.412,3.47,6596.241202
1771200000,3.466,3.535,3.466,3.519,18433.632797
1771214400,3.522,3.584,3.522,3.536,16499.955117
1771228800,3.537,3.578,3.464,3.503,15859.580508
1771243200,3.496,3.575,3.43,3.441,30204.857811
1771257600,3.446,3.526,3.446,3.516,12065.511287
1771272000,3.513,3.626,3.508,3.6,30420.39531
1771286400,3.602,3.632,3.553,3.59,26852.081769
1771300800,3.588,3.6,3.53,3.571,4392.803609
1771315200,3.57,3.571,3.512,3.518,14358.326724
1771329600,3.52,3.573,3.455,3.503,83556.336787
1771344000,3.505,3.575,3.478,3.534,45550.679737
1771358400,3.54,3.55,3.511,3.525,19466.540366
1771372800,3.528,3.549,3.497,3.546,2578.901944
1771387200,3.546,3.592,3.534,3.58,7227.230881
1771401600,3.569,3.604,3.52,3.55,33915.382183
1771416000,3.555,3.6,3.5,3.556,29721.90856
1771430400,3.529,3.545,3.372,3.402,49573.492072
1771444800,3.395,3.438,3.364,3.402,85508.949502
1771459200,3.4,3.464,3.398,3.417,39630.902859
1771473600,3.423,3.437,3.387,3.427,8739.537182
1771488000,3.431,3.433,3.38,3.387,8340.534125
1771502400,3.388,3.39,3.294,3.32,31891.948482
1771516800,3.317,3.38,3.295,3.364,15254.285736
1771531200,3.364,3.387,3.344,3.387,13464.366056
1771545600,3.385,3.419,3.378,3.395,2785.928509
1771560000,3.383,3.412,3.366,3.397,9653.615756
1771574400,3.4,3.444,3.397,3.399,6999.00605
1771588800,3.398,3.473,3.311,3.455,65944.863
1771603200,3.454,3.487,3.387,3.454,30350.231934
1771617600,3.458,3.489,3.44,3.487,2687.197593
1771632000,3.496,3.531,3.472,3.513,9714.638681
1771646400,3.515,3.56,3.515,3.545,4516.361487
1771660800,3.543,3.691,3.536,3.645,129689.570215
1771675200,3.651,3.685,3.617,3.64,45669.786066
1771689600,3.636,3.648,3.604,3.627,10938.495636
1771704000,3.626,3.636,3.61,3.617,5995.015036
1771718400,3.605,3.624,3.556,3.567,27874.626543
1771732800,3.578,3.598,3.546,3.583,43484.951068
1771747200,3.58,3.587,3.547,3.554,3333.641747
1771761600,3.549,3.549,3.452,3.479,16164.767661
1771776000,3.468,3.484,3.453,3.463,5140.144057
1771790400,3.462,3.491,3.434,3.489,21836.796905
1771804800,3.489,3.495,3.275,3.31,36712.758602
1771819200,3.314,3.366,3.289,3.355,8702.753829
1771833600,3.353,3.566,3.348,3.439,48377.469497
1771848000,3.433,3.49,3.387,3.399,49510.669928
1771862400,3.376,3.409,3.313,3.324,15220.978865
1771876800,3.323,3.38,3.316,3.346,24761.093889
1771891200,3.348,3.395,3.294,3.321,71076.917126
1771905600,3.319,3.336,3.291,3.317,11600.714441
1771920000,3.315,3.342,3.298,3.314,10030.81864
1771934400,3.312,3.375,3.25,3.36,16097.876613
1771948800,3.365,3.399,3.343,3.355,16540.333676
1771963200,3.343,3.363,3.313,3.337,25261.845602
1771977600,3.342,3.556,3.334,3.471,52650.434582
1771992000,3.474,3.502,3.429,3.497,17508.367176
1772006400,3.498,3.565,3.483,3.559,10154.563803
1772020800,3.562,4.029,3.558,3.932,225211.5549
1772035200,3.944,4.128,3.926,4.098,123744.552035
1772049600,4.088,4.29,3.988,4.055,212532.64908
1772064000,4.048,4.091,3.983,4.022,30119.131224
1772078400,4.021,4.057,3.968,3.989,32560.281778
1772092800,3.994,4.09,3.989,4.003,35647.266448
1772107200,4.012,4.032,3.789,3.802,50480.677395
1772121600,3.804,3.837,3.715,3.837,62391.085547
1772136000,3.839,3.899,3.818,3.877,25705.751371
1772150400,3.874,3.911,3.842,3.911,9313.741919
1772164800,3.911,3.943,3.864,3.891,17932.040812
1772179200,3.892,3.908,3.752,3.759,27928.351745
1772193600,3.757,3.827,3.743,3.798,25975.798123
1772208000,3.787,3.787,3.707,3.738,29915.935909
1772222400,3.738,3.759,3.676,3.744,21720.124811
1772236800,3.747,3.769,3.709,3.716,8822.880737
1772251200,3.712,3.727,3.569,3.645,45824.064805
1772265600,3.636,3.636,3.543,3.553,35995.322964
1772280000,3.557,3.704,3.547,3.657,79614.839805
1772294400,3.654,3.817,3.645,3.812,26924.928692
1772308800,3.794,3.89,3.779,3.812,20942.591301
1772323200,3.817,3.972,3.779,3.857,20196.714985
1772337600,3.858,3.867,3.778,3.815,32230.801752
1772352000,3.813,3.831,3.752,3.767,54720.305809
1772366400,3.764,3.832,3.736,3.803,8714.307694
1772380800,3.786,3.83,3.73,3.733,11349.645069
1772395200,3.731,3.786,3.67,3.746,41870.473183
1772409600,3.749,3.85,3.746,3.838,10864.352937
1772424000,3.837,3.851,3.742,3.766,4734.035369
1772438400,3.752,3.825,3.723,3.793,75443.802079
1772452800,3.777,4.039,3.744,3.987,47714.319536
1772467200,3.988,4.048,3.895,3.945,39163.801773
1772481600,3.941,3.971,3.905,3.928,22641.323813
1772496000,3.927,3.941,3.867,3.915,22894.405363
1772510400,3.892,3.907,3.848,3.88,12764.20221
1772524800,3.88,3.889,3.787,3.797,39303.622008
1772539200,3.799,3.87,3.752,3.835,28897.836852
1772553600,3.856,3.925,3.843,3.881,24006.571735
1772568000,3.875,3.935,3.851,3.916,62323.854296
1772582400,3.915,3.96,3.859,3.918,36065.152229
1772596800,3.912,3.952,3.879,3.946,11529.459893
1772611200,3.962,4.08,3.938,3.988,78617.657005
1772625600,3.985,4.05,3.919,4.041,31667.817202
1772640000,4.041,4.087,3.98,4.066,25113.960191
1772654400,4.063,4.063,3.946,3.974,12668.940441
1772668800,3.978,4.021,3.959,3.986,41384.557124
1772683200,3.988,4.019,3.958,3.968,13702.868073
1772697600,3.972,4.086,3.97,4.045,26435.104555
1772712000,4.045,4.094,3.984,4.008,43880.522277
1772726400,4.005,4.024,3.93,3.992,48470.658067
1772740800,3.997,4.021,3.972,3.972,4159.926907
1772755200,3.971,4.019,3.95,3.981,14625.376474
1772769600,3.986,4.014,3.949,4.008,8012.614986
1772784000,4.012,4.012,3.939,3.939,3484.519361
1772798400,3.925,3.956,3.808,3.833,66108.298674
1772812800,3.834,3.877,3.816,3.849,16887.540208
1772827200,3.852,3.859,3.828,3.848,7439.912796
1772841600,3.855,3.866,3.834,3.834,4399.510875
1772856000,3.828,3.836,3.781,3.823,13590.853596
1772870400,3.827,3.842,3.809,3.826,9492.87359
1772884800,3.823,3.835,3.783,3.798,4005.796436
1772899200,3.791,3.817,3.758,3.766,11042.946851
1772913600,3.768,3.787,3.733,3.768,7892.550824
1772928000,3.771,3.775,3.708,3.723,6874.949549
1772942400,3.722,3.741,3.695,3.735,1612.68789
1772956800,3.715,3.794,3.715,3.741,7739.546961
1772971200,3.706,3.76,3.676,3.687,21148.902718
1772985600,3.694,3.723,3.659,3.711,9530.691124
1773000000,3.709,3.727,3.611,3.664,17683.752268
1773014400,3.661,3.792,3.661,3.738,18558.769114
1773028800,3.742,3.832,3.742,3.782,27344.840843
1773043200,3.782,3.868,3.782,3.815,14251.574842
1773057600,3.81,3.968,3.81,3.95,28381.538603
1773072000,3.937,3.989,3.88,3.93,19718.437457
1773086400,3.932,3.936,3.854,3.86,2703.97139
1773100800,3.858,3.985,3.858,3.902,8654.794976
1773115200,3.906,3.953,3.905,3.953,3397.74057
1773129600,3.954,3.997,3.933,3.94,11050.896994
1773144000,3.93,3.978,3.852,3.941,70809.72396
1773158400,3.929,3.945,3.847,3.866,9695.097546
1773172800,3.868,3.876,3.827,3.843,12635.67461
1773187200,3.84,3.875,3.83,3.835,3542.42748
1773201600,3.832,3.862,3.807,3.822,6012.746224
1773216000,3.827,3.878,3.824,3.863,23320.431964
1773230400,3.86,3.965,3.849,3.9,8491.396073
1773244800,3.901,3.94,3.891,3.926,2669.78393
1773259200,3.926,3.933,3.886,3.889,8312.015013
1773273600,3.9,3.907,3.847,3.862,3435.736295
1773288000,3.862,3.892,3.85,3.89,4837.587809
1773302400,3.889,3.95,3.872,3.91,8961.835874
1773316800,3.916,3.928,3.845,3.903,2778.947294
1773331200,3.881,3.927,3.877,3.913,8317.143055
1773345600,3.914,3.933,3.886,3.928,7144.485428
1773360000,3.919,4.059,3.912,4.041,17896.663644
1773374400,4.041,4.047,3.973,3.985,14417.49498
1773388800,3.993,4.13,3.981,4.092,44407.17677
1773403200,4.089,4.202,4.062,4.07,32842.053498
1773417600,4.075,4.104,4.006,4.029,33789.940625
1773432000,4.032,4.052,3.982,4.002,7968.785203
1773446400,4,4.01,3.973,4.005,15952.140543
1773460800,4.011,4.017,3.923,3.929,5938.597379
1773475200,3.929,3.943,3.906,3.934,11581.833559
1773489600,3.926,3.949,3.923,3.935,7442.984401
1773504000,3.927,3.939,3.912,3.916,754.710705
1773518400,3.919,3.949,3.914,3.947,6809.687523
1773532800,3.948,3.982,3.923,3.942,5042.886076
1773547200,3.955,3.974,3.939,3.946,8411.622858
1773561600,3.947,3.997,3.946,3.997,3258.973982
1773576000,3.98,3.992,3.937,3.96,4074.929892
1773590400,3.967,4.008,3.952,3.995,7076.232636
1773604800,4.003,4.111,3.997,4.067,9627.460044
1773619200,4.069,4.173,4.056,4.1,25468.218915
1773633600,4.106,4.125,3.975,4.087,177050.158485
1773648000,4.084,4.103,4.039,4.06,16464.799465
1773662400,4.059,4.149,4.053,4.096,21211.034321
1773676800,4.093,4.182,4.093,4.152,59567.854735
1773691200,4.151,4.195,4.123,4.154,35060.473697
1773705600,4.151,4.174,4.059,4.077,27257.167218
1773720000,4.078,4.086,4.003,4.03,19198.597396
1773734400,4.031,4.04,3.984,4.01,20175.857594
1773748800,4.011,4.014,3.947,3.972,13087.853353
1773763200,3.976,4.025,3.976,3.984,26639.220745
1773777600,3.984,4.015,3.954,3.958,17934.337869
1773792000,3.954,4.015,3.94,3.995,5779.53099
1773806400,3.995,3.996,3.931,3.943,5758.607939
1773820800,3.948,3.962,3.849,3.862,19241.012803
1773835200,3.856,3.858,3.643,3.676,72153.808444
1773849600,3.669,3.698,3.619,3.651,24681.867799
1773864000,3.649,3.695,3.621,3.683,9915.527746
1773878400,3.68,3.719,3.66,3.688,22584.821362
1773892800,3.68,3.687,3.585,3.603,26565.330792
1773907200,3.596,3.625,3.578,3.604,7014.198603
1773921600,3.604,3.604,3.5,3.531,61691.583308
1773936000,3.529,3.591,3.523,3.559,14718.736542
1773950400,3.561,3.583,3.557,3.58,18480.353179
1773964800,3.58,3.626,3.576,3.611,26268.529163
1773979200,3.609,3.636,3.585,3.623,25422.894076
1773993600,3.623,3.648,3.585,3.593,8038.918794
1774008000,3.595,3.607,3.553,3.562,6776.199159
1774022400,3.556,3.59,3.548,3.59,9371.180349
1774036800,3.584,3.621,3.565,3.607,8413.912371
1774051200,3.608,3.627,3.602,3.605,4215.33938
1774065600,3.601,3.606,3.589,3.598,4787.753905
1774080000,3.598,3.618,3.585,3.594,8567.037432
1774094400,3.595,3.596,3.576,3.594,6263.810117
1774108800,3.584,3.59,3.572,3.578,1196.867056
1774123200,3.58,3.584,3.461,3.485,7243.821722
1774137600,3.479,3.532,3.428,3.52,17659.363313
1774152000,3.51,3.52,3.488,3.49,3916.464471
1774166400,3.48,3.493,3.46,3.465,857.401535
1774180800,3.472,3.488,3.467,3.479,4825.108315
1774195200,3.481,3.496,3.436,3.457,1922.111853
1774209600,3.46,3.491,3.414,3.478,8442.034238
1774224000,3.474,3.532,3.458,3.497,12668.855304
1774238400,3.5,3.545,3.459,3.483,7822.829182
1774252800,3.486,3.678,3.442,3.593,19412.682484
1774267200,3.578,3.625,3.524,3.524,16571.192615
1774281600,3.531,3.603,3.514,3.575,74796.001815
1774296000,3.572,3.598,3.564,3.585,5305.212609
1774310400,3.59,3.594,3.55,3.585,7582.305269
1774324800,3.586,3.601,3.548,3.6,9917.197983
1774339200,3.591,3.601,3.566,3.589,9480.563724
1774353600,3.591,3.597,3.543,3.567,32796.512447
1774368000,3.568,3.582,3.529,3.541,9891.481641
1774382400,3.546,3.618,3.546,3.61,6457.355347
1774396800,3.611,3.617,3.587,3.601,7455.998028
1774411200,3.599,3.666,3.599,3.644,8961.688963
1774425600,3.643,3.728,3.643,3.694,15820.464214
1774440000,3.704,3.755,3.67,3.699,36534.08724
1774454400,3.699,3.745,3.679,3.701,221603.619306
1774468800,3.698,3.728,3.678,3.705,6641.395956
1774483200,3.709,3.715,3.657,3.666,6031.80965
1774497600,3.666,3.666,3.594,3.609,7202.479642
1774512000,3.605,3.605,3.526,3.526,30113.474619
1774526400,3.523,3.56,3.5,3.515,12622.001185
1774540800,3.514,3.526,3.484,3.5,4470.927707
1774555200,3.506,3.553,3.506,3.529,30969.426181
1774569600,3.525,3.551,3.518,3.533,2953.675223
1774584000,3.528,3.534,3.503,3.508,7329.2582
1774598400,3.513,3.513,3.367,3.405,27869.680752
1774612800,3.4,3.44,3.368,3.416,19369.726455
1774627200,3.407,3.422,3.368,3.394,18570.654429
1774641600,3.393,3.393,3.368,3.386,4020.882688
1774656000,3.385,3.389,3.353,3.362,15542.411879
1774670400,3.359,3.402,3.358,3.395,1571.118121
1774684800,3.398,3.403,3.368,3.389,5754.696448
1774699200,3.386,3.429,3.369,3.415,6641.631569
1774713600,3.416,3.438,3.412,3.433,2650.865146
1774728000,3.437,3.449,3.373,3.383,37940.877124
1774742400,3.38,3.413,3.368,3.405,6119.388332
1774756800,3.404,3.407,3.385,3.399,3006.757133
1774771200,3.395,3.395,3.355,3.379,5414.24289
1774785600,3.375,3.376,3.343,3.354,5311.165986
1774800000,3.355,3.37,3.34,3.355,4523.475728
1774814400,3.357,3.424,3.253,3.351,48163.842978
1774828800,3.358,3.457,3.353,3.452,6130.691563
1774843200,3.451,3.533,3.451,3.533,5872.637636
1774857600,3.528,3.57,3.498,3.524,14033.34319
1774872000,3.526,3.557,3.493,3.523,10182.043305
1774886400,3.525,3.533,3.454,3.474,12661.604923
1774900800,3.474,3.51,3.46,3.475,961.334506
1774915200,3.479,3.566,3.462,3.53,3898.223955
1774929600,3.529,3.536,3.497,3.507,4149.770901
1774944000,3.504,3.51,3.448,3.482,10089.147402
1774958400,3.483,3.552,3.478,3.513,12605.38312
1774972800,3.522,3.586,3.497,3.532,38676.578517
1774987200,3.536,3.559,3.524,3.539,17240.494438
