time,open,high,low,close,volume
1672531200,0.33867,0.33887,0.33689,0.33786,1016251.434776
1672545600,0.33791,0.33802,0.33522,0.3368,212165.211417
1672560000,0.33659,0.33849,0.33631,0.33786,114060.763292
1672574400,0.33815,0.33875,0.33603,0.3367,546284.910478
1672588800,0.3371,0.33975,0.3369,0.33878,494048.663332
1672603200,0.33884,0.33925,0.33775,0.33852,266118.971597
1672617600,0.33891,0.33917,0.30098,0.32849,8094685.671621
1672632000,0.32838,0.33898,0.32635,0.33743,2409217.419144
1672646400,0.33773,0.34742,0.33773,0.3442,2152280.779865
1672660800,0.34448,0.35174,0.34209,0.35124,1741036.194389
1672675200,0.35051,0.355,0.34974,0.35125,1798696.707569
1672689600,0.3515,0.35458,0.34766,0.34786,1101730.034946
1672704000,0.34822,0.34829,0.34156,0.34268,4462749.658745
1672718400,0.34262,0.35174,0.34213,0.34899,2597271.511795
1672732800,0.34901,0.34951,0.34371,0.34371,379595.568648
1672747200,0.3438,0.34705,0.34048,0.34329,2411421.368689
1672761600,0.3433,0.34542,0.34103,0.34497,1503845.939058
1672776000,0.34525,0.3463,0.34332,0.34364,308133.472002
1672790400,0.34359,0.35191,0.34246,0.34862,2272043.277205
1672804800,0.34892,0.34981,0.34693,0.34948,1418958.53436
1672819200,0.34921,0.35071,0.3474,0.34874,855366.259295
1672833600,0.34821,0.34912,0.34397,0.34751,1858332.025867
1672848000,0.34734,0.3514,0.34488,0.34636,2606727.416674
1672862400,0.34653,0.34781,0.34442,0.34781,808952.735232
1672876800,0.34711,0.34832,0.34391,0.34584,1446036.562594
1672891200,0.3459,0.34778,0.34356,0.34463,344882.926649
1672905600,0.34496,0.34509,0.3374,0.34166,3451909.397827
1672920000,0.34165,0.34225,0.33848,0.34,1130523.772054
1672934400,0.33954,0.34146,0.33758,0.34113,1547996.805534
1672948800,0.34101,0.34195,0.33385,0.33807,539774.124214
1672963200,0.33785,0.34041,0.33657,0.33939,305789.185973
1672977600,0.33898,0.33899,0.33176,0.33525,754532.216726
1672992000,0.33485,0.33671,0.33415,0.33441,366399.407372
1673006400,0.33431,0.338,0.33344,0.33773,5410322.4916
1673020800,0.33775,0.34254,0.336,0.34186,1117596.030959
1673035200,0.3418,0.34562,0.34061,0.34454,1016436.150844
1673049600,0.34426,0.34544,0.34261,0.34298,366202.024055
1673064000,0.3426,0.34357,0.34151,0.34251,1136699.150253
1673078400,0.3424,0.34323,0.34199,0.34268,304725.307716
1673092800,0.34265,0.345,0.34203,0.34484,664109.645807
1673107200,0.34484,0.34554,0.34265,0.3448,581439.973189
1673121600,0.34478,0.34496,0.34295,0.34382,365929.996165
1673136000,0.34435,0.34459,0.33666,0.34123,1164403.502596
1673150400,0.34139,0.34139,0.33952,0.33995,286680.579869
1673164800,0.33995,0.34172,0.33851,0.33883,410620.862611
1673179200,0.33883,0.34327,0.3388,0.34285,562889.738406
1673193600,0.3428,0.3428,0.33891,0.34048,1154393.839735
1673208000,0.34011,0.34672,0.34011,0.34451,1269006.96684
1673222400,0.34502,0.35314,0.34354,0.35117,2502219.66539
1673236800,0.35236,0.35435,0.34752,0.34864,892831.436152
1673251200,0.34859,0.35244,0.34803,0.35015,1211964.114806
1673265600,0.35001,0.35681,0.34142,0.35524,2624700.833277
1673280000,0.35525,0.35743,0.3515,0.35675,1406147.212142
1673294400,0.35539,0.35646,0.34668,0.34911,900715.600777
1673308800,0.34976,0.3522,0.34289,0.34857,1280295.776084
1673323200,0.34898,0.34931,0.34604,0.34713,1985947.925029
1673337600,0.34697,0.35049,0.34697,0.34889,645646.67953
1673352000,0.34905,0.35066,0.34669,0.35026,1300242.447689
1673366400,0.35018,0.35358,0.34835,0.3533,722293.359044
1673380800,0.35344,0.35416,0.35044,0.35071,990382.922125
1673395200,0.35055,0.35159,0.348,0.34906,933099.098894
1673409600,0.34905,0.36783,0.34905,0.36212,3369246.709946
1673424000,0.36221,0.36576,0.35937,0.36178,2383304.213231
1673438400,0.36174,0.3746,0.36105,0.36943,2849195.155593
1673452800,0.36908,0.37834,0.36755,0.3723,2703062.633725
1673467200,0.37206,0.37477,0.36865,0.37291,900476.90915
1673481600,0.37203,0.38108,0.37045,0.37666,916872.810008
1673496000,0.37667,0.37872,0.37111,0.37318,778311.838033
1673510400,0.37339,0.37416,0.36825,0.36919,617836.921067
1673524800,0.36892,0.37457,0.36,0.36748,2451073.435068
1673539200,0.36748,0.37804,0.36667,0.37505,1463372.998236
1673553600,0.37532,0.3775,0.37406,0.37502,1155936.926501
1673568000,0.37478,0.37877,0.37065,0.37877,539611.091192
1673582400,0.37913,0.37999,0.37512,0.37661,365789.923047
1673596800,0.37683,0.37811,0.37339,0.3744,887396.997688
1673611200,0.3738,0.37481,0.36825,0.37399,1053402.323599
1673625600,0.37399,0.37678,0.37036,0.37655,385035.277363
1673640000,0.3764,0.3866,0.37603,0.38576,1335260.464527
1673654400,0.3856,0.40576,0.38527,0.40128,2297227.472056
1673668800,0.4014,0.4078,0.39849,0.40401,698286.782929
1673683200,0.40385,0.4084,0.37633,0.3925,2756035.383284
1673697600,0.3924,0.39698,0.38721,0.39433,652665.826671
1673712000,0.39499,0.39519,0.39076,0.39258,1014488.684378
1673726400,0.39177,0.39668,0.39138,0.39505,511048.841339
1673740800,0.39548,0.3961,0.38511,0.39034,398406.050716
1673755200,0.39026,0.39028,0.386,0.38772,94584.291572
1673769600,0.38813,0.38813,0.38047,0.38402,483853.261746
1673784000,0.38401,0.38873,0.37997,0.38849,683757.754938
1673798400,0.38878,0.38964,0.38376,0.38605,479906.870115
1673812800,0.38519,0.38726,0.38268,0.38483,218971.953123
1673827200,0.385,0.40542,0.38466,0.40483,1218883.419657
1673841600,0.40528,0.40603,0.39252,0.39286,953060.770011
1673856000,0.39273,0.3928,0.377,0.38471,1498966.545079
1673870400,0.38457,0.38675,0.37861,0.38555,679414.204843
1673884800,0.386,0.39296,0.38495,0.3917,614900.920487
1673899200,0.39236,0.39397,0.38479,0.38615,533069.390222
1673913600,0.38563,0.38854,0.37937,0.38311,506747.650807
1673928000,0.383,0.38989,0.383,0.38989,233116.103385
1673942400,0.38976,0.39147,0.38483,0.3881,629368.686516
1673956800,0.38794,0.39191,0.38441,0.38676,1521017.17186
1673971200,0.38721,0.39533,0.3852,0.39275,905686.625772
1673985600,0.39299,0.39878,0.38672,0.3872,1170944.158346
1674000000,0.38731,0.39244,0.38528,0.38743,592379.925916
1674014400,0.38723,0.38896,0.38606,0.3889,828744.779238
1674028800,0.38886,0.39161,0.38466,0.3894,710964.152077
1674043200,0.38885,0.39603,0.37251,0.3817,2621618.966702
1674057600,0.38101,0.39105,0.36558,0.39051,8154132.196092
1674072000,0.38969,0.39,0.37731,0.37858,1068893.32515
1674086400,0.37797,0.38124,0.37658,0.37854,815338.458737
1674100800,0.37868,0.38484,0.37868,0.38348,395804.059908
1674115200,0.384,0.38932,0.38218,0.3846,550008.280952
1674129600,0.38446,0.39352,0.38203,0.39015,2461566.857724
1674144000,0.39036,0.3963,0.38921,0.3936,1255927.539143
1674158400,0.39394,0.39559,0.39166,0.39306,784105.362872
1674172800,0.39293,0.39293,0.38913,0.39041,1378334.441316
1674187200,0.3901,0.39151,0.38606,0.38818,239662.257038
1674201600,0.38825,0.39324,0.38795,0.39125,342171.852522
1674216000,0.39172,0.39397,0.38992,0.3926,703793.510791
1674230400,0.39332,0.40286,0.39304,0.4023,1465748.96813
1674244800,0.40257,0.41407,0.40257,0.41328,3930389.265055
1674259200,0.413,0.41418,0.40627,0.41027,1495501.666953
1674273600,0.41064,0.4115,0.40818,0.41016,527266.730696
1674288000,0.41018,0.4164,0.39714,0.40851,2628044.649956
1674302400,0.40884,0.41317,0.40625,0.40713,980057.556416
1674316800,0.40863,0.4143,0.40863,0.41355,934270.524167
1674331200,0.41366,0.41366,0.40229,0.40312,918453.751404
1674345600,0.4032,0.4061,0.39926,0.40465,206366.918145
1674360000,0.40452,0.40822,0.40438,0.40455,269990.51312
1674374400,0.40449,0.40587,0.40294,0.40433,552094.490779
1674388800,0.40425,0.40973,0.40099,0.40575,812149.196754
1674403200,0.40559,0.41198,0.40333,0.40503,800057.375223
1674417600,0.40433,0.40433,0.3968,0.40076,1508094.759108
1674432000,0.40056,0.41233,0.4002,0.40495,575978.059699
1674446400,0.40481,0.41384,0.4038,0.41345,1603627.381942
1674460800,0.41372,0.43242,0.41345,0.42253,2748960.678359
1674475200,0.4222,0.43001,0.41313,0.42174,3499285.018201
1674489600,0.42253,0.43173,0.4193,0.42608,3271270.220739
1674504000,0.42741,0.43296,0.42317,0.42467,1921268.355882
1674518400,0.42296,0.42526,0.4199,0.42446,1083462.297905
1674532800,0.42414,0.42489,0.41836,0.42392,1628407.010284
1674547200,0.42379,0.43106,0.42065,0.42183,1546052.819017
1674561600,0.42186,0.42386,0.41697,0.42143,1462699.508633
1674576000,0.42136,0.42413,0.41556,0.42411,720283.13336
1674590400,0.42429,0.42447,0.40314,0.40802,1469632.10742
1674604800,0.40717,0.40744,0.3977,0.40446,1989862.484478
1674619200,0.4047,0.40954,0.404,0.40939,647177.676913
1674633600,0.40967,0.41061,0.40385,0.40554,760309.017861
1674648000,0.40544,0.40918,0.40257,0.40638,759366.399908
1674662400,0.40628,0.41183,0.4046,0.41183,1454685.160935
1674676800,0.41159,0.42398,0.41159,0.41723,2048032.935969
1674691200,0.41729,0.41729,0.41055,0.41063,794714.264146
1674705600,0.41125,0.41513,0.40837,0.4096,723350.327357
1674720000,0.40954,0.41242,0.409,0.41044,436182.408549
1674734400,0.41095,0.4146,0.40669,0.40895,1375491.921882
1674748800,0.40936,0.41257,0.40549,0.41234,1200828.492844
1674763200,0.41273,0.41347,0.4091,0.40947,999428.673348
1674777600,0.40921,0.41052,0.39899,0.40598,1883735.381618
1674792000,0.40574,0.40755,0.40341,0.40749,556579.760086
1674806400,0.40749,0.40944,0.40615,0.40656,590127.138533
1674820800,0.40661,0.40881,0.40431,0.40675,874396.697458
1674835200,0.40666,0.41304,0.40651,0.41282,1298445.862162
1674849600,0.4127,0.41358,0.4093,0.41256,927370.090326
1674864000,0.4128,0.41643,0.40961,0.41097,1264418.49489
1674878400,0.41111,0.41428,0.409,0.41119,140374.01246
1674892800,0.4108,0.41132,0.40924,0.41096,194827.597209
1674907200,0.41111,0.41113,0.40608,0.40946,507939.480089
1674921600,0.40936,0.41036,0.40761,0.40955,436432.031891
1674936000,0.40972,0.40972,0.40585,0.40797,569703.959092
1674950400,0.4078,0.4139,0.40692,0.41015,1318201.66732
1674964800,0.41049,0.41081,0.40912,0.41023,227985.787888
1674979200,0.41017,0.41423,0.41008,0.41172,501237.001345
1674993600,0.41251,0.41314,0.41074,0.41214,200153.3908
1675008000,0.41214,0.41722,0.4111,0.41567,1028364.702095
1675022400,0.416,0.416,0.41186,0.41348,602876.294923
1675036800,0.41339,0.42194,0.40769,0.41365,1845637.921023
1675051200,0.41398,0.41516,0.40938,0.41045,914313.228665
1675065600,0.41005,0.41168,0.396,0.39759,1989182.251155
1675080000,0.39735,0.40319,0.39693,0.39969,712449.738516
1675094400,0.39963,0.40159,0.3861,0.3953,2994036.514135
1675108800,0.39498,0.3961,0.38936,0.39363,1544413.0332
1675123200,0.39329,0.39385,0.38812,0.3903,900003.075656
1675137600,0.392,0.39592,0.38842,0.39554,1956778.775647
1675152000,0.39599,0.40217,0.39463,0.39896,1790010.740947
1675166400,0.39984,0.40326,0.39949,0.40212,941817.842556
1675180800,0.40233,0.41122,0.40185,0.40997,2439920.170127
1675195200,0.41041,0.41121,0.40255,0.40593,1098853.939334
1675209600,0.40571,0.40617,0.40093,0.40248,692366.043293
1675224000,0.40302,0.40646,0.39859,0.4002,225586.078874
1675238400,0.39984,0.40489,0.39885,0.40307,202465.631722
1675252800,0.4029,0.4049,0.39693,0.3977,626699.398803
1675267200,0.39721,0.40968,0.39684,0.40752,1957604.464212
1675281600,0.40833,0.4154,0.40768,0.41347,1311283.555311
1675296000,0.41346,0.41753,0.41041,0.41275,599010.873448
1675310400,0.41265,0.41504,0.41011,0.41274,328746.554704
1675324800,0.41275,0.41526,0.41238,0.41475,467869.226835
1675339200,0.41471,0.41565,0.41073,0.41422,706620.87205
1675353600,0.41418,0.41938,0.4122,0.41317,932604.232061
1675368000,0.41276,0.41489,0.40865,0.4099,954190.504773
1675382400,0.4098,0.41134,0.40638,0.41115,711723.016599
1675396800,0.41095,0.41276,0.40939,0.41065,400456.005938
1675411200,0.41062,0.41354,0.40975,0.41099,277180.827929
1675425600,0.41085,0.4121,0.40558,0.41048,1232042.110768
1675440000,0.41049,0.41117,0.40685,0.40973,641299.98967
1675454400,0.40882,0.41244,0.40754,0.41207,583101.531991
1675468800,0.41169,0.41179,0.40859,0.40859,364470.947009
1675483200,0.40857,0.4098,0.40792,0.4097,153505.513734
1675497600,0.40965,0.41111,0.40849,0.41088,247110.687392
1675512000,0.41091,0.41344,0.41031,0.41295,985352.741293
1675526400,0.41336,0.42044,0.41101,0.41661,640883.336898
1675540800,0.41663,0.41664,0.408,0.41092,814658.576341
1675555200,0.4106,0.41187,0.40718,0.40872,365915.744567
1675569600,0.40879,0.41058,0.40875,0.4105,95465.804513
1675584000,0.41004,0.41174,0.40922,0.40922,359178.707198
1675598400,0.40932,0.41001,0.39866,0.40038,1859299.213099
1675612800,0.40024,0.40092,0.39443,0.39814,1384483.274667
1675627200,0.39771,0.39988,0.39631,0.39857,3330099.137733
1675641600,0.39857,0.40309,0.39672,0.39791,464919.100039
1675656000,0.39853,0.40124,0.39411,0.39802,773781.043607
1675670400,0.39802,0.39977,0.3951,0.39784,341629.296601
1675684800,0.39756,0.39969,0.39656,0.39969,850455.128357
1675699200,0.40025,0.40357,0.39872,0.40228,830863.60002
1675713600,0.40254,0.40305,0.39132,0.39216,600147.735147
1675728000,0.39204,0.39515,0.39042,0.39293,477475.69268
1675742400,0.39294,0.39693,0.39268,0.39524,354376.032375
1675756800,0.39561,0.39824,0.39316,0.39616,620980.873814
1675771200,0.39672,0.39759,0.3938,0.39442,494494.475472
1675785600,0.39419,0.40128,0.39161,0.40007,1389089.162417
1675800000,0.39978,0.40482,0.39949,0.4038,814966.80475
1675814400,0.40366,0.40577,0.40028,0.40148,634076.116751
1675828800,0.40067,0.40244,0.39994,0.40193,539740.51045
1675843200,0.40172,0.40204,0.39918,0.40194,644239.55783
1675857600,0.40204,0.40207,0.39736,0.39736,405466.578772
1675872000,0.39733,0.39885,0.394,0.39679,480901.844675
1675886400,0.3959,0.3994,0.3949,0.39798,514542.96741
1675900800,0.39773,0.39925,0.38619,0.39066,1238873.369773
1675915200,0.39031,0.39426,0.38966,0.39417,1593804.169154
1675929600,0.3941,0.39479,0.39217,0.39361,907481.286756
1675944000,0.39381,0.40861,0.39363,0.40201,1819861.87732
1675958400,0.40254,0.40405,0.38074,0.38813,3688387.71392
1675972800,0.38755,0.38979,0.37294,0.38165,2593752.920648
1675987200,0.38179,0.38755,0.38109,0.387,1468545.080212
1676001600,0.38755,0.38761,0.38052,0.3865,286302.566824
1676016000,0.38718,0.38718,0.38297,0.38297,484361.563576
1676030400,0.38366,0.38491,0.3777,0.37983,1897036.002017
1676044800,0.37992,0.38443,0.37783,0.38431,779096.390471
1676059200,0.38448,0.38456,0.37984,0.38218,665010.104372
1676073600,0.382,0.38374,0.38048,0.38201,139802.788139
1676088000,0.38236,0.38341,0.38098,0.38182,345092.499685
1676102400,0.38174,0.38312,0.38151,0.38227,193484.295708
1676116800,0.38255,0.38333,0.38182,0.38244,141961.085711
1676131200,0.38244,0.38246,0.38,0.38133,236108.313156
1676145600,0.38125,0.38407,0.38111,0.38372,413114.927215
1676160000,0.38353,0.38363,0.38136,0.38161,389261.356921
1676174400,0.3814,0.38202,0.3804,0.38138,187757.000256
1676188800,0.38138,0.38352,0.38121,0.38282,178007.673802
1676203200,0.38264,0.38302,0.38103,0.38252,228671.743661
1676217600,0.38251,0.38489,0.38206,0.38374,658331.980182
1676232000,0.38392,0.38392,0.37219,0.37492,1228501.17848
1676246400,0.37461,0.37838,0.36663,0.37243,949318.432814
1676260800,0.37177,0.37706,0.3714,0.37554,626419.248938
1676275200,0.37587,0.37588,0.3621,0.36552,3312668.075678
1676289600,0.3655,0.37104,0.36514,0.36687,2051165.691121
1676304000,0.36702,0.37144,0.36355,0.3714,759427.006831
1676318400,0.3715,0.37316,0.36958,0.37066,1234090.645627
1676332800,0.37053,0.37059,0.36491,0.36795,1161577.026233
1676347200,0.36786,0.37079,0.36655,0.37067,315633.663185
1676361600,0.37105,0.37123,0.36675,0.36916,939743.134395
1676376000,0.36963,0.37739,0.36555,0.37555,1435703.901193
1676390400,0.37566,0.38022,0.37345,0.37966,601954.224043
1676404800,0.37938,0.38373,0.37757,0.38228,582477.265605
1676419200,0.38211,0.38211,0.37675,0.38061,1199028.989781
1676433600,0.38048,0.38298,0.3796,0.38281,747138.500766
1676448000,0.38251,0.38652,0.38104,0.38632,1535942.458247
1676462400,0.38624,0.38919,0.38608,0.38728,2574822.588584
1676476800,0.38699,0.39478,0.3852,0.39411,1179989.721867
1676491200,0.39364,0.40236,0.39361,0.40119,1814501.027475
1676505600,0.40115,0.40447,0.39687,0.40081,989528.07294
1676520000,0.40081,0.40265,0.39818,0.39944,628577.307775
1676534400,0.39978,0.40173,0.39668,0.39758,667119.812866
1676548800,0.39688,0.40169,0.39447,0.40169,1799822.635836
1676563200,0.40169,0.40342,0.39613,0.39973,2216860.300873
1676577600,0.39911,0.39936,0.38434,0.38434,916241.965582
1676592000,0.38433,0.39071,0.38142,0.39023,529025.022415
1676606400,0.39,0.39072,0.38654,0.38736,149523.00633
1676620800,0.38685,0.3895,0.38649,0.38771,121523.798673
1676635200,0.388,0.39135,0.38632,0.38874,482000.85399
1676649600,0.38913,0.39553,0.3861,0.39524,1170206.448852
1676664000,0.39583,0.39985,0.39016,0.3953,675383.448417
1676678400,0.39498,0.39596,0.39321,0.39503,1092354.813773
1676692800,0.39511,0.39651,0.39364,0.39439,233981.382082
1676707200,0.39438,0.39481,0.39148,0.39263,393769.356616
1676721600,0.39241,0.3955,0.39241,0.3955,211664.419861
1676736000,0.39503,0.39744,0.39303,0.39317,952839.062345
1676750400,0.39316,0.39505,0.39212,0.39445,353898.305081
1676764800,0.39427,0.39557,0.38931,0.39136,766851.471732
1676779200,0.39102,0.39415,0.39102,0.39151,86718.684479
1676793600,0.39145,0.39339,0.3912,0.39331,268018.486938
1676808000,0.39341,0.39701,0.39299,0.39605,252359.376122
1676822400,0.3964,0.3976,0.38699,0.3889,699748.206904
1676836800,0.38848,0.38894,0.38521,0.38609,661261.848448
1676851200,0.38608,0.38983,0.3775,0.38832,1035468.252661
1676865600,0.38818,0.39228,0.38818,0.39085,185163.297954
1676880000,0.39088,0.39466,0.38931,0.39305,316524.032311
1676894400,0.39305,0.40861,0.39161,0.40242,1766107.928335
1676908800,0.4029,0.408,0.39864,0.40317,806418.88135
1676923200,0.40276,0.40334,0.39708,0.39832,246578.985884
1676937600,0.39842,0.3987,0.39402,0.39417,1256662.512773
1676952000,0.39406,0.40041,0.39406,0.39962,253517.032824
1676966400,0.40011,0.40222,0.38961,0.38961,1200060.259922
1676980800,0.39007,0.39279,0.38833,0.38897,331375.349173
1676995200,0.3894,0.39438,0.38761,0.39365,439883.444672
1677009600,0.39377,0.3949,0.38902,0.39142,290150.633764
1677024000,0.39199,0.39199,0.3835,0.39027,1052947.394195
1677038400,0.38996,0.39199,0.38552,0.39015,249704.706524
1677052800,0.39063,0.39078,0.38623,0.39048,278515.524857
1677067200,0.39059,0.39749,0.38635,0.38857,842781.622696
1677081600,0.38801,0.39415,0.38686,0.39353,597156.237227
1677096000,0.39324,0.39634,0.39108,0.39509,1004995.411846
1677110400,0.39527,0.39683,0.39029,0.39511,983661.024803
1677124800,0.39577,0.39751,0.39378,0.39634,310528.770359
1677139200,0.39635,0.39716,0.38843,0.38939,452747.360668
1677153600,0.38913,0.39311,0.3885,0.38934,1033447.867768
1677168000,0.38901,0.39098,0.38585,0.39098,1008410.299888
1677182400,0.39108,0.39153,0.38557,0.38832,1126454.641541
1677196800,0.38833,0.39033,0.38775,0.38953,464338.641354
1677211200,0.38951,0.39061,0.38644,0.3884,168621.92081
1677225600,0.38861,0.38983,0.38703,0.38896,315192.47696
1677240000,0.38898,0.39051,0.3789,0.38187,1833714.463004
1677254400,0.38106,0.38106,0.37308,0.3777,2366684.763626
1677268800,0.37762,0.37952,0.37269,0.37835,1058158.171591
1677283200,0.37812,0.37892,0.37643,0.37806,163656.355995
1677297600,0.37746,0.37855,0.37634,0.37789,251936.369354
1677312000,0.3777,0.3793,0.37646,0.37752,515953.535326
1677326400,0.37764,0.37837,0.37538,0.37749,221722.745853
1677340800,0.37745,0.37847,0.37362,0.37579,269492.530766
1677355200,0.37572,0.37797,0.36944,0.37786,1318501.009181
1677369600,0.37785,0.37853,0.37685,0.37839,780412.732264
1677384000,0.3784,0.3784,0.37746,0.37792,417492.204584
1677398400,0.37792,0.37861,0.37619,0.37665,123112.463563
1677412800,0.37669,0.37752,0.37553,0.37611,175397.904303
1677427200,0.37613,0.3803,0.375,0.37947,676985.118004
1677441600,0.3793,0.38055,0.3759,0.37794,619903.559908
1677456000,0.37787,0.37809,0.3755,0.37601,447147.608941
1677470400,0.37715,0.37761,0.3742,0.3742,450696.278156
1677484800,0.37421,0.37489,0.37088,0.37316,656340.906988
1677499200,0.3736,0.37913,0.37271,0.37726,308797.698979
1677513600,0.37782,0.37811,0.37351,0.37725,246022.879823
1677528000,0.3758,0.38,0.3758,0.37871,164400.397925
1677542400,0.37871,0.37907,0.37197,0.37583,804819.533337
1677556800,0.37585,0.3786,0.37303,0.37426,180819.609083
1677571200,0.3739,0.37703,0.37242,0.37703,662831.588628
1677585600,0.37711,0.37991,0.37688,0.37978,335574.133057
1677600000,0.37981,0.38227,0.37777,0.38026,1156715.055856
1677614400,0.38053,0.38186,0.37429,0.37669,452027.794389
1677628800,0.37615,0.37649,0.373,0.37645,664806.530163
1677643200,0.37648,0.3829,0.37576,0.38196,433845.0381
1677657600,0.38282,0.38407,0.37932,0.38001,490457.772348
1677672000,0.38017,0.38208,0.37865,0.38154,1622492.857897
1677686400,0.3815,0.38415,0.37884,0.38017,659660.822407
1677700800,0.38049,0.38421,0.38049,0.38349,333725.428489
1677715200,0.38382,0.38458,0.3777,0.3778,1030797.649056
1677729600,0.37763,0.37995,0.37759,0.37867,418295.532543
1677744000,0.37885,0.37963,0.37688,0.3783,517484.582275
1677758400,0.3784,0.37884,0.37451,0.37549,248157.889469
1677772800,0.37575,0.38075,0.37382,0.38075,122751.292954
1677787200,0.38084,0.38094,0.37713,0.37729,107979.898234
1677801600,0.37725,0.37796,0.352,0.3648,4059014.796425
1677816000,0.36442,0.36925,0.36379,0.36555,553470.095343
1677830400,0.36548,0.3683,0.36445,0.36795,393216.689178
1677844800,0.36749,0.3696,0.36555,0.36742,574019.58196
1677859200,0.36705,0.37104,0.36641,0.37042,659083.764438
1677873600,0.37046,0.38049,0.36983,0.37736,832088.340398
1677888000,0.37727,0.37993,0.37482,0.37523,524129.847282
1677902400,0.37581,0.37654,0.37406,0.3762,71900.261048
1677916800,0.3757,0.37612,0.37494,0.37531,47223.497906
1677931200,0.37567,0.37606,0.37471,0.37533,477200.704514
1677945600,0.37516,0.37887,0.37219,0.37251,616099.889622
1677960000,0.37298,0.37431,0.36843,0.37354,469110.234348
1677974400,0.37351,0.37706,0.3712,0.37442,452477.224627
1677988800,0.37444,0.375,0.37247,0.37281,70568.063972
1678003200,0.37287,0.37287,0.37132,0.37157,139297.651962
1678017600,0.37155,0.37245,0.371,0.37112,431416.357082
1678032000,0.371,0.37114,0.36752,0.36811,559970.756484
1678046400,0.3681,0.37025,0.36577,0.36686,389236.429523
1678060800,0.36672,0.36949,0.36072,0.36575,936948.508612
1678075200,0.36576,0.3678,0.36299,0.36299,232102.449345
1678089600,0.36298,0.36524,0.35936,0.36156,499972.415075
1678104000,0.36127,0.36752,0.3608,0.36752,444590.811088
1678118400,0.36778,0.37362,0.36676,0.37176,1240405.299802
1678132800,0.37267,0.37332,0.36962,0.37024,884730.447795
1678147200,0.36966,0.37081,0.36702,0.36796,563886.657643
1678161600,0.36799,0.37252,0.36796,0.36955,299508.350567
1678176000,0.3692,0.37167,0.3681,0.37075,291445.580636
1678190400,0.37076,0.382,0.37076,0.37896,2881643.213518
1678204800,0.3791,0.38222,0.37584,0.38001,941401.517821
1678219200,0.38043,0.3843,0.37845,0.38015,2182079.204704
1678233600,0.38013,0.38569,0.37666,0.37864,511992.697938
1678248000,0.37874,0.38057,0.37248,0.3761,653735.579141
1678262400,0.376,0.38962,0.376,0.38694,2248106.721932
1678276800,0.38747,0.40117,0.38635,0.39639,2902475.684259
1678291200,0.39642,0.39872,0.39068,0.39582,1691304.889076
1678305600,0.39565,0.3983,0.38408,0.38899,2712945.063194
1678320000,0.38893,0.394,0.3858,0.38858,1091988.344873
1678334400,0.3889,0.39096,0.38552,0.3901,517632.621621
1678348800,0.39039,0.39586,0.38935,0.39325,976824.027142
1678363200,0.39311,0.39717,0.3916,0.39303,1519162.305104
1678377600,0.39313,0.39331,0.3765,0.3785,2145647.366645
1678392000,0.378,0.378,0.36411,0.37122,2473677.46241
1678406400,0.37068,0.37455,0.36534,0.37452,1520267.969735
1678420800,0.37399,0.37468,0.36744,0.37021,523308.242155
1678435200,0.37033,0.37109,0.35744,0.36119,1218417.04241
1678449600,0.36142,0.37197,0.36096,0.36893,1224363.210019
1678464000,0.36913,0.37218,0.36407,0.3679,776890.459348
1678478400,0.36854,0.37335,0.36699,0.37115,1388240.996287
1678492800,0.37106,0.37718,0.36976,0.37204,2913639.175268
1678507200,0.37169,0.37169,0.36342,0.36481,1956557.724524
1678521600,0.3642,0.36684,0.36155,0.36369,3728535.831361
1678536000,0.36299,0.365,0.36092,0.36455,2416061.397924
1678550400,0.36474,0.36699,0.36223,0.36587,1988547.025535
1678564800,0.36586,0.36779,0.36413,0.36655,1269600.513427
1678579200,0.36694,0.368,0.36534,0.36683,806611.287798
1678593600,0.36645,0.36782,0.36066,0.36275,1135648.588216
1678608000,0.3627,0.3634,0.36059,0.36296,702382.702185
1678622400,0.36312,0.36313,0.35365,0.35646,1720767.830571
1678636800,0.35618,0.36725,0.35182,0.36153,2900815.287647
1678651200,0.36152,0.374,0.36117,0.37393,3804989.179508
1678665600,0.37393,0.37922,0.36756,0.36794,2958332.005463
1678680000,0.36744,0.37043,0.36744,0.36897,4405836.708407
1678694400,0.36912,0.36938,0.35722,0.36128,1997528.069015
1678708800,0.36102,0.38146,0.35757,0.37526,5546728.130752
1678723200,0.37596,0.37764,0.37009,0.37317,1650278.574561
1678737600,0.37304,0.37646,0.37132,0.3735,1757551.011377
1678752000,0.3739,0.37399,0.37034,0.37192,1785896.012434
1678766400,0.37271,0.37438,0.36937,0.37017,901231.142067
1678780800,0.37012,0.37115,0.36677,0.36973,816229.665557
1678795200,0.36939,0.38805,0.36804,0.38579,4828689.218263
1678809600,0.38622,0.38693,0.37117,0.3784,3227304.446266
1678824000,0.3786,0.37939,0.36831,0.3738,1367721.260013
1678838400,0.37368,0.37597,0.37019,0.3755,684804.42406
1678852800,0.37562,0.37738,0.373,0.3756,578404.612476
1678867200,0.37529,0.37553,0.36619,0.36982,2734709.466811
1678881600,0.36941,0.37222,0.36,0.36157,1417346.078029
1678896000,0.36152,0.36402,0.35712,0.36155,1067205.633472
1678910400,0.36185,0.36401,0.35978,0.36038,648230.890273
1678924800,0.36011,0.36405,0.35772,0.3637,127815.348635
1678939200,0.36343,0.36648,0.36274,0.36451,126096.636769
1678953600,0.36456,0.36628,0.36152,0.36364,386372.593985
1678968000,0.36354,0.36491,0.35948,0.36403,1470621.260231
1678982400,0.36402,0.36774,0.36278,0.36687,447689.296319
1678996800,0.36683,0.36683,0.363,0.36558,1044834.486783
1679011200,0.36556,0.37,0.3631,0.36952,617815.732881
1679025600,0.36991,0.37081,0.36819,0.36997,324825.744325
1679040000,0.36992,0.37837,0.36818,0.37837,1151263.715113
1679054400,0.37803,0.38283,0.36848,0.37001,2077708.831509
1679068800,0.37026,0.37573,0.36912,0.37548,373343.894316
1679083200,0.37576,0.38149,0.37355,0.38039,2247447.201828
1679097600,0.38027,0.39041,0.3777,0.385,1594456.179006
1679112000,0.38529,0.38631,0.38185,0.38243,459814.976023
1679126400,0.38222,0.38465,0.37783,0.38376,597519.35164
1679140800,0.38368,0.38432,0.37468,0.37748,1171692.237058
1679155200,0.37783,0.38191,0.3704,0.38025,1085456.026722
1679169600,0.38022,0.38118,0.3732,0.37448,544702.70524
1679184000,0.37471,0.37828,0.37392,0.37825,511009.074648
1679198400,0.37847,0.38898,0.37654,0.38015,1865235.3821
1679212800,0.38038,0.397,0.37884,0.39461,2582891.033444
1679227200,0.3952,0.40107,0.39089,0.39277,2730545.689793
1679241600,0.39301,0.39745,0.39197,0.39524,1165119.606843
1679256000,0.39595,0.39774,0.3866,0.3866,2101771.378123
1679270400,0.38705,0.39206,0.38167,0.38173,1125035.761218
1679284800,0.38138,0.3848,0.37874,0.38472,906914.087155
1679299200,0.38501,0.38598,0.37965,0.38336,1346359.273611
1679313600,0.38341,0.38418,0.37949,0.37959,1127541.247262
1679328000,0.37995,0.38079,0.372,0.37539,8689670.705568
1679342400,0.37554,0.37893,0.37323,0.37399,938661.046455
1679356800,0.37422,0.38434,0.37325,0.38174,664000.44709
1679371200,0.3833,0.38741,0.37918,0.3873,868409.24481
1679385600,0.38741,0.3944,0.38419,0.39154,1625003.878771
1679400000,0.39177,0.43133,0.39018,0.42962,6882718.918891
1679414400,0.43085,0.47981,0.42735,0.47446,15236387.850653
1679428800,0.47507,0.49265,0.4561,0.46841,10248157.06241
1679443200,0.47033,0.47498,0.45234,0.45943,1563060.30784
1679457600,0.4596,0.47174,0.45388,0.4565,2821110.109421
1679472000,0.45585,0.4594,0.44213,0.44362,2628049.959715
1679486400,0.44365,0.45402,0.43409,0.43491,4009247.348786
1679500800,0.43585,0.44688,0.40969,0.41327,7827518.103546
1679515200,0.41247,0.4265,0.41247,0.42218,2086448.435897
1679529600,0.42198,0.42648,0.4128,0.4199,876000.029618
1679544000,0.4196,0.45488,0.41899,0.44791,2360990.089746
1679558400,0.44925,0.45529,0.43904,0.4493,3318497.143875
1679572800,0.4493,0.45445,0.43574,0.44899,3651434.65268
1679587200,0.44925,0.4555,0.43625,0.44406,1881043.302385
1679601600,0.44362,0.44688,0.43849,0.44439,2671604.434818
1679616000,0.44452,0.44452,0.43222,0.43317,895130.774266
1679630400,0.4328,0.43807,0.42891,0.43352,583161.318877
1679644800,0.43355,0.43439,0.41842,0.42352,1590292.409751
1679659200,0.42329,0.42932,0.42184,0.42728,797701.677078
1679673600,0.42727,0.43054,0.41492,0.42617,1183410.087781
1679688000,0.42573,0.42725,0.41712,0.42571,1182032.44195
1679702400,0.4264,0.43193,0.42341,0.43083,413685.108557
1679716800,0.431,0.45338,0.42995,0.44564,1940539.912369
1679731200,0.44564,0.44813,0.4389,0.44792,1078075.197274
1679745600,0.44728,0.46342,0.44111,0.4585,2686482.423166
1679760000,0.45919,0.46513,0.44909,0.44985,3318336.164763
1679774400,0.45016,0.45584,0.44111,0.44365,1255745.577359
1679788800,0.44307,0.45158,0.44104,0.44865,866140.807656
1679803200,0.44748,0.45923,0.44691,0.45695,488909.244143
1679817600,0.4579,0.46378,0.45544,0.45839,987830.150076
1679832000,0.45925,0.45956,0.44553,0.44795,808554.236639
1679846400,0.44734,0.44962,0.44444,0.44839,815376.491465
1679860800,0.44839,0.45183,0.44228,0.4483,1171729.717172
1679875200,0.44829,0.45656,0.44292,0.45443,741651.410774
1679889600,0.45523,0.45928,0.44904,0.45928,1333256.406657
1679904000,0.45993,0.47946,0.45993,0.47731,2785028.772326
1679918400,0.47825,0.48839,0.45517,0.45775,6551451.830627
1679932800,0.4583,0.47438,0.45537,0.46789,3501882.201567
1679947200,0.46768,0.48111,0.46625,0.47944,2499533.014501
1679961600,0.47916,0.48363,0.46542,0.47321,2923455.614618
1679976000,0.47382,0.49362,0.47122,0.48296,3947297.806143
1679990400,0.48376,0.49966,0.47851,0.49696,4183612.746239
1680004800,0.49738,0.505,0.49256,0.49825,5330582.175897
1680019200,0.49826,0.53225,0.49474,0.51999,7297053.23449
1680033600,0.52,0.53627,0.51192,0.514,5918698.694384
1680048000,0.51399,0.53924,0.51399,0.53641,2849815.402796
1680062400,0.53514,0.561,0.53226,0.55853,7199715.210038
1680076800,0.55782,0.58479,0.55362,0.56991,8220289.817757
1680091200,0.5694,0.56994,0.53436,0.54453,8154934.807657
1680105600,0.54376,0.5554,0.53655,0.55229,4176129.846759
1680120000,0.55227,0.55696,0.53167,0.54277,2743247.70204
1680134400,0.54257,0.55143,0.52168,0.53378,3825011.900858
1680148800,0.53365,0.54227,0.52612,0.53821,2830085.79857
1680163200,0.53754,0.5573,0.52829,0.55043,3123587.491497
1680177600,0.54926,0.54926,0.53023,0.53271,2713999.862086
1680192000,0.5327,0.53948,0.52733,0.53943,4315196.526613
1680206400,0.53826,0.54237,0.53023,0.53229,1346365.948417
1680220800,0.53186,0.53684,0.5287,0.53343,395394.965264
1680235200,0.53276,0.54906,0.53276,0.53428,2494866.138397
1680249600,0.53428,0.53683,0.52722,0.53081,2082344.559419
1680264000,0.53052,0.54037,0.52602,0.53024,2894692.539147
1680278400,0.53047,0.53614,0.5294,0.53589,1049309.016514
1680292800,0.53505,0.54846,0.53346,0.53798,3147340.759499
1680307200,0.53745,0.53764,0.53193,0.53218,717182.964149
1680321600,0.5321,0.53425,0.50415,0.50857,3065597.816141
1680336000,0.50926,0.52388,0.4979,0.5173,3267202.818392
1680350400,0.51548,0.51789,0.50914,0.51135,854519.027214
1680364800,0.51144,0.51338,0.50381,0.50735,728211.754394
1680379200,0.50834,0.51179,0.50775,0.50973,951661.399579
1680393600,0.50968,0.51983,0.50201,0.5127,827956.599411
1680408000,0.51213,0.51998,0.51192,0.51403,652977.873782
1680422400,0.51427,0.51761,0.51285,0.51581,597459.651854
1680436800,0.51439,0.5268,0.50802,0.52163,1549257.003474
1680451200,0.52184,0.52911,0.51725,0.51963,1709630.152424
1680465600,0.51989,0.52171,0.51608,0.51871,1491274.919486
1680480000,0.51854,0.52435,0.50415,0.51226,968253.3444
1680494400,0.51256,0.51416,0.50622,0.51416,861390.138461
1680508800,0.51396,0.51835,0.51268,0.51498,888034.127552
1680523200,0.51397,0.5163,0.50614,0.5089,792798.570649
1680537600,0.50862,0.51452,0.50426,0.50907,1587491.070654
1680552000,0.50996,0.50996,0.48227,0.49618,3942237.83557
1680566400,0.49601,0.49796,0.48745,0.49539,593365.185433
1680580800,0.49568,0.5022,0.49412,0.49627,614156.634636
1680595200,0.49625,0.5013,0.49415,0.49855,1242656.568271
1680609600,0.49892,0.50521,0.49671,0.49822,1614093.578259
1680624000,0.49826,0.50636,0.49671,0.50475,1779216.464336
1680638400,0.50511,0.50761,0.50141,0.50367,624838.918956
1680652800,0.50268,0.50699,0.49885,0.50507,591667.682026
1680667200,0.50591,0.52683,0.50435,0.52178,1810358.420106
1680681600,0.52179,0.52515,0.51376,0.51528,788335.589511
1680696000,0.51561,0.51638,0.50078,0.50341,1791812.690681
1680710400,0.5039,0.50927,0.49894,0.5078,921823.982784
1680724800,0.50811,0.50897,0.50382,0.50646,381012.750852
1680739200,0.50577,0.50577,0.49426,0.50232,961926.857728
1680753600,0.50268,0.505,0.49701,0.49717,396290.040201
1680768000,0.49798,0.50063,0.49166,0.49907,836796.7959
1680782400,0.49907,0.50734,0.4961,0.50577,461816.813743
1680796800,0.50618,0.50982,0.50441,0.50799,681679.179986
1680811200,0.50723,0.50894,0.50158,0.50313,132378.570965
1680825600,0.50264,0.50415,0.49702,0.50227,1777853.188153
1680840000,0.50154,0.51479,0.50063,0.50794,1026923.495624
1680854400,0.50789,0.51316,0.50323,0.50385,717782.673863
1680868800,0.5045,0.5086,0.50341,0.50757,273757.076223
1680883200,0.5088,0.51399,0.50581,0.51295,467124.229868
1680897600,0.51296,0.5145,0.50999,0.51308,502895.471475
1680912000,0.51285,0.51285,0.50671,0.51255,440721.404477
1680926400,0.51135,0.51294,0.51036,0.51077,108211.417023
1680940800,0.5105,0.51163,0.50856,0.51023,294166.445134
1680955200,0.51016,0.51036,0.5086,0.50929,249468.905585
1680969600,0.50932,0.50982,0.503,0.50629,597178.281493
1680984000,0.50678,0.50704,0.5035,0.50537,216681.594757
1680998400,0.50525,0.50882,0.50504,0.5067,53326.640173
1681012800,0.50653,0.50798,0.50209,0.50332,325056.106212
1681027200,0.50312,0.50392,0.50237,0.50355,256945.12836
1681041600,0.5036,0.50534,0.49931,0.50202,325835.730139
1681056000,0.50188,0.507,0.50041,0.50575,278719.407635
1681070400,0.50544,0.50859,0.50431,0.50589,306761.413302
1681084800,0.50528,0.50749,0.50049,0.50447,214692.51496
1681099200,0.5043,0.50579,0.50285,0.50579,128008.764834
1681113600,0.50594,0.50691,0.50296,0.50497,233481.23112
1681128000,0.5046,0.50592,0.50214,0.505,247346.18022
1681142400,0.505,0.51373,0.5036,0.51359,2337007.743101
1681156800,0.5128,0.51998,0.51105,0.51797,670016.840577
1681171200,0.51776,0.51799,0.51245,0.51596,1145898.566676
1681185600,0.51666,0.52858,0.51571,0.52322,838785.513259
1681200000,0.52336,0.52389,0.51859,0.52105,903458.566905
1681214400,0.52012,0.52442,0.51743,0.51915,2176393.04537
1681228800,0.51926,0.51977,0.51113,0.5167,1189651.787932
1681243200,0.51565,0.51868,0.51479,0.51756,478757.333687
1681257600,0.51756,0.51792,0.50365,0.50843,506994.348736
1681272000,0.50806,0.51037,0.50627,0.50659,622243.877088
1681286400,0.50669,0.50669,0.50144,0.50314,1149344.351766
1681300800,0.50275,0.50949,0.49815,0.50284,2698993.775649
1681315200,0.50285,0.50518,0.50028,0.50258,653774.434716
1681329600,0.50269,0.50666,0.50237,0.50495,681518.973666
1681344000,0.50484,0.5064,0.50175,0.50539,389141.096031
1681358400,0.50535,0.5079,0.50491,0.5079,306210.317656
1681372800,0.50807,0.51384,0.50715,0.50882,794899.177199
1681387200,0.5092,0.51179,0.50817,0.51001,1869974.113808
1681401600,0.51002,0.5138,0.50831,0.51276,467638.196064
1681416000,0.51337,0.51603,0.5115,0.51329,1225709.130405
1681430400,0.51243,0.52395,0.51176,0.52067,1305584.915472
1681444800,0.52157,0.5476,0.52157,0.52823,2607459.594054
1681459200,0.52788,0.535,0.52565,0.53244,1997176.906086
1681473600,0.53224,0.53346,0.51458,0.51512,2506747.576707
1681488000,0.51479,0.5232,0.5125,0.5232,655870.066011
1681502400,0.52342,0.5279,0.52219,0.52358,697692.673439
1681516800,0.52317,0.52368,0.51742,0.51936,162732.633705
1681531200,0.51971,0.52225,0.51817,0.52217,113674.294082
1681545600,0.52174,0.52623,0.52087,0.52361,269575.231797
1681560000,0.52441,0.52566,0.52064,0.52159,906280.113137
1681574400,0.5212,0.52242,0.51712,0.51968,614300.995128
1681588800,0.52006,0.52188,0.51759,0.5201,151001.20336
1681603200,0.52079,0.52324,0.51603,0.51621,83144.547942
1681617600,0.51649,0.52066,0.51617,0.52066,86300.406482
1681632000,0.52062,0.52181,0.51729,0.51775,628603.142212
1681646400,0.51743,0.52106,0.51743,0.52016,157841.149129
1681660800,0.52029,0.52455,0.51891,0.52089,948813.850032
1681675200,0.5206,0.52317,0.51848,0.5212,452415.832303
1681689600,0.52104,0.52104,0.50967,0.51347,1527987.205033
1681704000,0.51346,0.51628,0.51112,0.51289,559436.526898
1681718400,0.51254,0.51521,0.51124,0.51294,305098.409143
1681732800,0.5128,0.51426,0.50698,0.50786,1323595.47513
1681747200,0.50752,0.51204,0.50724,0.51048,296220.537445
1681761600,0.51036,0.51304,0.50976,0.51107,153652.369612
1681776000,0.51128,0.51303,0.50962,0.51259,288092.506446
1681790400,0.51276,0.51819,0.51263,0.51615,865701.623115
1681804800,0.51596,0.52071,0.51313,0.52009,1410348.072901
1681819200,0.52036,0.52667,0.51762,0.52051,730420.851561
1681833600,0.52099,0.522,0.51648,0.5214,185052.330174
1681848000,0.52115,0.53827,0.52019,0.53189,1677393.61102
1681862400,0.53261,0.53705,0.52432,0.52637,521184.876759
1681876800,0.52656,0.5333,0.52055,0.52173,1821368.532351
1681891200,0.52184,0.52184,0.46477,0.49783,7774204.920155
1681905600,0.49744,0.50246,0.49521,0.49709,1191699.69408
1681920000,0.49735,0.49983,0.49116,0.49516,756458.813607
1681934400,0.49505,0.49676,0.48561,0.49198,2152847.281217
1681948800,0.49214,0.49557,0.48677,0.49439,968093.695314
1681963200,0.49539,0.49945,0.49228,0.49229,1303270.184969
1681977600,0.49263,0.49617,0.48797,0.48851,1176053.349244
1681992000,0.48796,0.49398,0.4804,0.4816,1287083.4306
1682006400,0.48121,0.48121,0.46501,0.47093,3379022.41316
1682020800,0.47151,0.47559,0.46859,0.47559,2135585.308712
1682035200,0.47495,0.47738,0.4694,0.47668,1049152.329801
1682049600,0.47669,0.47916,0.46642,0.4713,885820.736529
1682064000,0.47167,0.4733,0.46538,0.46711,1058616.621218
1682078400,0.46719,0.47021,0.46,0.46095,1603649.814459
1682092800,0.46065,0.4633,0.44218,0.44516,4385676.755331
1682107200,0.4448,0.45001,0.44036,0.4494,2107501.811568
1682121600,0.44937,0.4521,0.44576,0.4518,519427.701801
1682136000,0.45154,0.45555,0.44979,0.45084,317106.323054
1682150400,0.4505,0.45551,0.4505,0.45424,354992.253742
1682164800,0.45424,0.47542,0.4537,0.46762,1629710.51885
1682179200,0.46814,0.47474,0.46727,0.46941,759888.372656
1682193600,0.46942,0.47432,0.46846,0.47234,1942704.67879
1682208000,0.4718,0.47196,0.46122,0.46745,586329.07709
1682222400,0.46693,0.47201,0.46681,0.47201,222490.429234
1682236800,0.47188,0.47188,0.46543,0.46849,201961.29812
1682251200,0.46935,0.4701,0.45773,0.4608,1252049.767494
1682265600,0.46085,0.46391,0.45349,0.46094,1087765.077857
1682280000,0.46049,0.46567,0.45903,0.46477,778817.43
1682294400,0.4653,0.48499,0.46282,0.47101,1853768.353924
1682308800,0.47111,0.4732,0.46001,0.46001,1369686.976812
1682323200,0.46051,0.46686,0.45634,0.4653,771963.16056
1682337600,0.46549,0.46692,0.45764,0.458,1156059.955419
1682352000,0.458,0.46043,0.44725,0.46017,1196833.363332
1682366400,0.46035,0.46354,0.45888,0.46046,615241.059066
1682380800,0.46001,0.4625,0.457,0.45882,399015.44599
1682395200,0.45936,0.46164,0.45326,0.45468,279776.493476
1682409600,0.45476,0.45729,0.45102,0.45664,446458.515286
1682424000,0.45713,0.4585,0.45212,0.45443,890351.679695
1682438400,0.45428,0.46412,0.45336,0.46412,1178966.735003
1682452800,0.46358,0.47162,0.46358,0.46974,749728.825825
1682467200,0.46939,0.47132,0.46562,0.46641,576856.957615
1682481600,0.46664,0.4716,0.46662,0.46752,627090.519135
1682496000,0.46752,0.47473,0.46746,0.47302,3631925.73446
1682510400,0.47357,0.48295,0.47339,0.47771,2480368.062787
1682524800,0.47775,0.47867,0.44209,0.44758,3391623.142869
1682539200,0.44859,0.4622,0.43327,0.46217,1536595.429624
1682553600,0.46101,0.46972,0.45917,0.4625,460902.572664
1682568000,0.46237,0.46603,0.45787,0.46086,574115.170412
1682582400,0.46068,0.46193,0.4563,0.45957,292267.294984
1682596800,0.45954,0.46352,0.45633,0.46012,359589.069711
1682611200,0.4601,0.4694,0.45847,0.46709,1727593.283504
1682625600,0.46693,0.46815,0.463,0.46695,386156.30287
1682640000,0.46628,0.46812,0.46378,0.46797,136668.048881
1682654400,0.46782,0.4825,0.46782,0.47598,895201.847523
1682668800,0.4763,0.47635,0.46873,0.47043,1087201.627972
1682683200,0.47059,0.47395,0.46538,0.46975,626887.193353
1682697600,0.4694,0.47782,0.46892,0.47496,537906.293129
1682712000,0.47563,0.48172,0.47545,0.48006,724580.937721
1682726400,0.4787,0.48686,0.47817,0.48092,333259.887988
1682740800,0.48152,0.48186,0.47805,0.47885,146137.339292
1682755200,0.47903,0.48279,0.47633,0.48096,209010.73383
1682769600,0.48136,0.48236,0.47794,0.47847,327668.614054
1682784000,0.47915,0.47973,0.47166,0.47921,150195.355078
1682798400,0.47889,0.4795,0.4768,0.4783,284365.096677
1682812800,0.47809,0.47809,0.47401,0.47472,35894.298799
1682827200,0.47458,0.47772,0.47458,0.47586,45517.109966
1682841600,0.47637,0.47755,0.47484,0.47484,43372.684924
1682856000,0.4751,0.48172,0.47475,0.4795,530691.343981
1682870400,0.48041,0.48148,0.47396,0.47631,142216.02331
1682884800,0.4759,0.4759,0.46932,0.47163,958625.284192
1682899200,0.47033,0.47256,0.45931,0.46496,866661.452388
1682913600,0.46478,0.4656,0.4631,0.46332,640007.134965
1682928000,0.4633,0.46536,0.46268,0.46512,407476.981414
1682942400,0.46492,0.46713,0.45814,0.45977,464476.929585
1682956800,0.4602,0.46113,0.45496,0.45975,710945.629362
1682971200,0.4605,0.46515,0.459,0.46478,896997.245105
1682985600,0.46457,0.46491,0.45904,0.46373,246450.792767
1683000000,0.46343,0.46538,0.46155,0.46312,260744.27249
1683014400,0.46347,0.46457,0.46002,0.46052,172348.511702
1683028800,0.46081,0.46496,0.45866,0.46239,1170388.156837
1683043200,0.46251,0.46483,0.45782,0.46383,494634.561232
1683057600,0.46391,0.46627,0.46389,0.46472,256732.882734
1683072000,0.46455,0.46501,0.46028,0.46219,251946.202893
1683086400,0.46233,0.46233,0.45598,0.45829,914093.627117
1683100800,0.45853,0.46078,0.45533,0.45533,527737.505163
1683115200,0.45535,0.45561,0.45047,0.45327,1045285.436711
1683129600,0.45327,0.45818,0.45087,0.45515,665882.759602
1683144000,0.4551,0.46552,0.45492,0.46322,657429.54555
1683158400,0.463,0.46444,0.46072,0.46439,414832.213463
1683172800,0.46373,0.46503,0.46096,0.4615,440151.651759
1683187200,0.4615,0.46193,0.4588,0.4603,607836.831334
1683201600,0.46034,0.46128,0.45621,0.45633,667310.658764
1683216000,0.4563,0.45939,0.45512,0.4591,275325.911516
1683230400,0.45924,0.46181,0.4586,0.46126,362918.944315
1683244800,0.46108,0.465,0.46085,0.46344,203914.105676
1683259200,0.46344,0.46508,0.46064,0.46085,890584.617947
1683273600,0.46076,0.46225,0.45869,0.46144,370128.484452
1683288000,0.46133,0.46396,0.4546,0.46302,511590.711637
1683302400,0.4634,0.47049,0.46322,0.46763,973566.974482
1683316800,0.4669,0.46866,0.46657,0.46769,705824.468027
1683331200,0.4675,0.46947,0.46323,0.4634,195053.273977
1683345600,0.46408,0.46503,0.46226,0.46279,126921.115611
1683360000,0.46235,0.46259,0.45997,0.46216,285993.433295
1683374400,0.4623,0.46232,0.45201,0.45535,1062786.875049
1683388800,0.45521,0.4602,0.45491,0.45837,343845.894856
1683403200,0.45798,0.46007,0.45616,0.45913,408790.738964
1683417600,0.45911,0.46067,0.45609,0.45628,84124.651992
1683432000,0.45694,0.45893,0.45694,0.45844,93341.974166
1683446400,0.45842,0.45866,0.45692,0.45802,99514.825765
1683460800,0.45816,0.46009,0.45816,0.45888,244078.27704
1683475200,0.45897,0.45938,0.45542,0.45565,247056.530178
1683489600,0.45591,0.45769,0.44684,0.44925,930331.831308
1683504000,0.44833,0.45148,0.4252,0.43869,1476644.572627
1683518400,0.43839,0.44144,0.43355,0.43621,505031.683335
1683532800,0.43625,0.43782,0.43112,0.43702,1146764.08807
1683547200,0.43745,0.43781,0.43295,0.43374,415887.647238
1683561600,0.4335,0.43419,0.41001,0.42047,3135105.195442
1683576000,0.42,0.4304,0.42,0.42924,1808241.162181
1683590400,0.42816,0.4289,0.42318,0.42338,516147.795518
1683604800,0.42401,0.42733,0.42089,0.42602,524187.882195
1683619200,0.42584,0.42584,0.42087,0.4246,1209622.729213
1683633600,0.42458,0.42741,0.42175,0.42191,1793190.981829
1683648000,0.42195,0.42579,0.42153,0.42496,627887.619243
1683662400,0.42533,0.43051,0.42466,0.42903,1100788.894233
1683676800,0.42898,0.43376,0.42778,0.42889,647332.268886
1683691200,0.42898,0.43168,0.42588,0.42595,800099.833275
1683705600,0.42641,0.42717,0.4233,0.42599,888910.845005
1683720000,0.42597,0.43336,0.42396,0.42979,1652676.124348
1683734400,0.42979,0.43099,0.41259,0.43018,3322653.720028
1683748800,0.43014,0.43425,0.4277,0.43055,989163.463082
1683763200,0.4307,0.4307,0.42644,0.42872,439616.704481
1683777600,0.42885,0.42946,0.42391,0.42549,450431.250261
1683792000,0.42549,0.42586,0.42168,0.42539,982175.703898
1683806400,0.42524,0.42814,0.41708,0.4198,1400193.754598
1683820800,0.41995,0.42067,0.41193,0.41609,1889941.391711
1683835200,0.41612,0.42236,0.41612,0.4211,327456.072336
1683849600,0.42084,0.42253,0.41656,0.41725,289959.197983
1683864000,0.41705,0.4437,0.41705,0.42423,1850657.306906
1683878400,0.42403,0.43262,0.424,0.42805,764777.449124
1683892800,0.42815,0.43045,0.42421,0.42445,802711.469535
1683907200,0.42439,0.42568,0.41616,0.42504,801538.63419
1683921600,0.42449,0.43186,0.42377,0.43058,426959.766587
1683936000,0.43032,0.43032,0.42618,0.42668,223451.41521
1683950400,0.42685,0.4277,0.42525,0.42723,94059.590395
1683964800,0.42719,0.42807,0.42614,0.42676,350114.739008
1683979200,0.42665,0.42702,0.42352,0.42563,251158.679605
1683993600,0.42548,0.42752,0.42457,0.42543,405961.517677
1684008000,0.42566,0.42566,0.42415,0.4244,270881.629839
1684022400,0.42403,0.42736,0.42154,0.42639,136391.492693
1684036800,0.42607,0.42735,0.42539,0.42543,40969.439466
1684051200,0.42577,0.42678,0.42546,0.42649,84583.248457
1684065600,0.4265,0.4316,0.4257,0.42936,231152.28073
1684080000,0.42942,0.42951,0.42338,0.42486,139686.129081
1684094400,0.4247,0.4267,0.42468,0.42523,142985.395062
1684108800,0.4256,0.42898,0.42157,0.42835,331018.55168
1684123200,0.42814,0.43038,0.42504,0.42543,198526.236811
1684137600,0.42602,0.42919,0.42438,0.42541,744456.095341
1684152000,0.42535,0.42713,0.42375,0.4262,574042.551038
1684166400,0.4264,0.42824,0.42505,0.42824,172733.802226
1684180800,0.4285,0.42899,0.42607,0.42732,260140.120894
1684195200,0.42757,0.42807,0.42041,0.42444,163181.875285
1684209600,0.42427,0.42619,0.42228,0.42616,130961.076156
1684224000,0.42615,0.42615,0.4205,0.42195,350334.926352
1684238400,0.42195,0.42278,0.4187,0.42187,803484.758409
1684252800,0.42221,0.42526,0.42107,0.42293,764604.340289
1684267200,0.42293,0.44267,0.42216,0.44173,4373451.854461
1684281600,0.44275,0.46138,0.44009,0.45883,4489689.404919
1684296000,0.45881,0.45993,0.445,0.44892,1579514.478927
1684310400,0.44831,0.44831,0.44149,0.44476,1328050.438572
1684324800,0.445,0.44936,0.43765,0.44067,850137.267876
1684339200,0.44071,0.44991,0.43824,0.44947,1095033.495656
1684353600,0.44818,0.44955,0.44477,0.44825,3201388.991663
1684368000,0.44838,0.44838,0.44315,0.44772,127124.969015
1684382400,0.44782,0.45016,0.44425,0.44788,335145.43459
1684396800,0.44807,0.47227,0.4446,0.46526,2129111.228107
1684411200,0.46535,0.46932,0.45899,0.4603,1498803.538807
1684425600,0.46052,0.46278,0.44882,0.45697,1121601.187245
1684440000,0.45729,0.465,0.45623,0.45978,1557659.916815
1684454400,0.46035,0.46796,0.45779,0.4663,363970.78345
1684468800,0.46619,0.46787,0.45953,0.45987,496908.549581
1684483200,0.46015,0.46593,0.45941,0.46278,1013501.916589
1684497600,0.4633,0.475,0.46103,0.46574,3040535.104191
1684512000,0.46492,0.46948,0.46362,0.4656,3648650.532663
1684526400,0.46519,0.46858,0.46452,0.46759,748491.247701
1684540800,0.46759,0.4685,0.46348,0.46467,422334.840602
1684555200,0.46424,0.46549,0.46238,0.46451,112293.413468
1684569600,0.46461,0.4688,0.46352,0.46743,291673.068325
1684584000,0.46769,0.46826,0.46584,0.46653,266762.781611
1684598400,0.46669,0.46889,0.46559,0.46767,171046.044448
1684612800,0.46779,0.47179,0.46711,0.46866,449953.878801
1684627200,0.46866,0.47031,0.46788,0.46811,148641.655185
1684641600,0.46811,0.47048,0.46811,0.46918,103264.100098
1684656000,0.46884,0.46973,0.46417,0.46611,326262.433429
1684670400,0.46552,0.4664,0.45595,0.45949,741882.416307
1684684800,0.45948,0.45948,0.45544,0.45924,232303.208136
1684699200,0.45952,0.46309,0.45668,0.457,434553.352137
1684713600,0.45757,0.45977,0.45,0.45588,182105.645828
1684728000,0.45563,0.46747,0.45563,0.46139,1192229.426643
1684742400,0.46114,0.46276,0.45739,0.462,502309.044326
1684756800,0.46199,0.4632,0.45669,0.45669,2324143.157713
1684771200,0.45653,0.46098,0.45274,0.46014,601010.305868
1684785600,0.4602,0.46226,0.45963,0.46179,553180.15162
1684800000,0.46185,0.4666,0.46033,0.46519,215076.779208
1684814400,0.46477,0.467,0.46176,0.46225,491102.491815
1684828800,0.46208,0.46216,0.45976,0.46095,316199.137411
1684843200,0.46094,0.46178,0.45857,0.46046,450506.065921
1684857600,0.46068,0.46304,0.45897,0.46287,275957.526229
1684872000,0.46287,0.46584,0.46238,0.4656,691019.506595
1684886400,0.46465,0.46465,0.45501,0.45784,637456.919237
1684900800,0.45745,0.46058,0.45681,0.45748,529938.076082
1684915200,0.45663,0.45738,0.4535,0.4561,2095967.329019
1684929600,0.45628,0.457,0.44585,0.45068,5409997.845683
1684944000,0.45046,0.45383,0.4456,0.45237,2196287.747665
1684958400,0.45264,0.45456,0.45198,0.45314,168737.925204
1684972800,0.45272,0.45336,0.44335,0.45302,398486.485248
1684987200,0.453,0.45409,0.44872,0.44972,309556.182455
1685001600,0.44971,0.45196,0.44713,0.45191,305247.208561
1685016000,0.45198,0.45385,0.4478,0.4478,1986073.834562
1685030400,0.44779,0.45346,0.44661,0.45179,822907.478355
1685044800,0.45179,0.45469,0.45174,0.45372,151661.37541
1685059200,0.45373,0.46735,0.45276,0.46474,1091078.626794
1685073600,0.46482,0.46606,0.46007,0.46091,543569.697525
1685088000,0.46092,0.4672,0.46056,0.46563,422065.482323
1685102400,0.46591,0.46841,0.46336,0.46344,743895.83756
1685116800,0.46344,0.46682,0.46057,0.46598,423760.639119
1685131200,0.46598,0.46972,0.46598,0.46877,1380888.60215
1685145600,0.46878,0.47499,0.46662,0.47388,259742.110741
1685160000,0.47412,0.47883,0.46538,0.47417,1160467.152883
1685174400,0.47421,0.47424,0.47106,0.47224,94786.036767
1685188800,0.4722,0.47348,0.4675,0.47085,983114.398851
1685203200,0.47114,0.47177,0.46881,0.47088,203065.476271
1685217600,0.4709,0.47242,0.47015,0.47211,659643.12646
1685232000,0.47192,0.47416,0.47022,0.47333,337944.322643
1685246400,0.47353,0.47427,0.47144,0.47338,394689.308618
1685260800,0.47296,0.47384,0.47187,0.47276,120699.195573
1685275200,0.47268,0.47318,0.47167,0.47226,111678.9953
1685289600,0.47249,0.48,0.47197,0.47703,1091355.419885
1685304000,0.47709,0.48617,0.47709,0.48258,1378778.993849
1685318400,0.48269,0.48485,0.48067,0.4821,432027.568896
1685332800,0.48066,0.48322,0.47793,0.48062,261269.94582
1685347200,0.48059,0.48063,0.47731,0.48023,437958.49031
1685361600,0.4798,0.48241,0.47846,0.4786,598727.857977
1685376000,0.47888,0.4943,0.47617,0.48468,1761079.484842
1685390400,0.48433,0.4951,0.48433,0.4945,1159124.54537
1685404800,0.4945,0.4983,0.48958,0.49747,511388.041824
1685419200,0.49709,0.505,0.49616,0.50146,1486509.840459
1685433600,0.50122,0.50606,0.49851,0.50255,704049.631863
1685448000,0.50255,0.50871,0.49419,0.50471,1585034.487945
1685462400,0.50481,0.525,0.50296,0.51964,9795922.682984
1685476800,0.5202,0.52868,0.50036,0.52161,3709371.288426
1685491200,0.52121,0.52759,0.51667,0.52755,958056.947362
1685505600,0.52719,0.52772,0.508,0.5086,1798413.42072
1685520000,0.50861,0.51319,0.50115,0.51112,1212199.206532
1685534400,0.51129,0.51366,0.5017,0.50474,766937.359893
1685548800,0.50493,0.51628,0.50112,0.51495,1087161.653727
1685563200,0.5139,0.51977,0.51235,0.51683,665665.568901
1685577600,0.51679,0.51679,0.50327,0.50865,319242.135607
1685592000,0.50809,0.50878,0.50231,0.505,237856.983668
1685606400,0.50463,0.50786,0.50283,0.50481,1299224.910022
1685620800,0.50551,0.50806,0.50188,0.50474,932524.363666
1685635200,0.50514,0.50927,0.50313,0.50716,786511.135188
1685649600,0.50717,0.51,0.50629,0.50655,879752.391821
1685664000,0.50655,0.51656,0.50393,0.51535,668474.64498
1685678400,0.51588,0.51969,0.5143,0.51535,1102295.157831
1685692800,0.51593,0.51593,0.5133,0.51447,709972.677088
1685707200,0.51452,0.51927,0.51272,0.51881,2606130.712594
1685721600,0.51832,0.52753,0.517,0.5263,2343953.567447
1685736000,0.52627,0.52627,0.52224,0.52518,1845665.155152
1685750400,0.52474,0.52484,0.51976,0.52394,506615.744276
1685764800,0.52369,0.53304,0.52263,0.52362,1144035.164882
1685779200,0.52481,0.526,0.52202,0.52318,1904165.378356
1685793600,0.52275,0.52316,0.51748,0.5211,559457.386809
1685808000,0.52157,0.52325,0.5145,0.52023,1530835.595252
1685822400,0.52025,0.52201,0.5189,0.51894,219506.924891
1685836800,0.5189,0.52313,0.51558,0.52173,221245.444465
1685851200,0.52225,0.52493,0.52009,0.52493,365925.930606
1685865600,0.52569,0.52681,0.52343,0.52467,600535.906529
1685880000,0.5246,0.5379,0.52386,0.53608,1528877.035967
1685894400,0.53602,0.539,0.53191,0.53862,1755264.865988
1685908800,0.53835,0.54647,0.53385,0.53481,3775519.447579
1685923200,0.5357,0.54288,0.52838,0.5303,1371182.694661
1685937600,0.53077,0.54031,0.53034,0.53436,991835.319006
1685952000,0.53438,0.53686,0.53033,0.53454,892505.424929
1685966400,0.53456,0.5383,0.50365,0.50431,3640577.282976
1685980800,0.5033,0.51154,0.4875,0.50406,6073578.768773
1685995200,0.50441,0.51247,0.49644,0.50917,2711534.740248
1686009600,0.509,0.5116,0.50277,0.50645,573218.002664
1686024000,0.50625,0.5135,0.50354,0.5057,1423426.308066
1686038400,0.50568,0.51143,0.50568,0.50872,960187.835832
1686052800,0.50896,0.5189,0.49579,0.51072,4146697.20066
1686067200,0.511,0.52955,0.50773,0.52913,3101060.016864
1686081600,0.52822,0.53224,0.5225,0.52984,3749438.430628
1686096000,0.52994,0.53168,0.52431,0.52759,592657.374629
1686110400,0.52768,0.5377,0.52551,0.52601,3417146.044424
1686124800,0.52635,0.53309,0.51852,0.53293,4083048.275429
1686139200,0.53343,0.53363,0.51342,0.517,4210185.497145
1686153600,0.51765,0.5188,0.50738,0.5188,1460784.402691
1686168000,0.51832,0.52634,0.51359,0.5183,3642978.409372
1686182400,0.51832,0.52186,0.51618,0.51782,293048.296855
1686196800,0.51802,0.52398,0.51737,0.52066,370862.987929
1686211200,0.5198,0.52236,0.51612,0.51879,249623.385614
1686225600,0.51886,0.52567,0.5178,0.52489,1583312.927431
1686240000,0.52452,0.52453,0.51879,0.52316,985180.655374
1686254400,0.5237,0.5277,0.52362,0.52413,595234.389633
1686268800,0.52419,0.52642,0.52226,0.52442,325499.066358
1686283200,0.52369,0.52634,0.52064,0.5243,828284.528812
1686297600,0.52429,0.52996,0.52429,0.52907,536112.252905
1686312000,0.52957,0.54117,0.52868,0.53063,2133916.385998
1686326400,0.53105,0.53474,0.5276,0.53153,1183377.175454
1686340800,0.53149,0.53987,0.5314,0.53812,2291089.562667
1686355200,0.53714,0.53852,0.52,0.52232,2043059.278427
1686369600,0.52232,0.5247,0.47522,0.48967,7493378.496077
1686384000,0.48995,0.49625,0.48644,0.49593,2097410.118394
1686398400,0.49556,0.49556,0.48672,0.4896,2579371.978616
1686412800,0.49018,0.50757,0.48421,0.50515,4258049.43702
1686427200,0.50553,0.51276,0.50193,0.50711,2515217.099366
1686441600,0.50704,0.50896,0.50384,0.5061,341296.220422
1686456000,0.506,0.50778,0.50309,0.50585,350770.974352
1686470400,0.50579,0.51007,0.504,0.50872,228383.026404
1686484800,0.50813,0.51004,0.50599,0.50864,787392.376958
1686499200,0.50861,0.52913,0.50861,0.52514,1412699.145076
1686513600,0.52576,0.52811,0.51452,0.52094,1196653.799477
1686528000,0.52055,0.52265,0.50903,0.51341,496092.336406
1686542400,0.514,0.51807,0.51143,0.51228,511163.135749
1686556800,0.51256,0.5225,0.51133,0.51882,1721767.647427
1686571200,0.5187,0.5203,0.51281,0.51402,470114.363422
1686585600,0.51464,0.52297,0.51279,0.5222,1207308.2501
1686600000,0.5222,0.52795,0.52126,0.52527,2499789.901984
1686614400,0.52565,0.52796,0.51943,0.52628,493265.112755
1686628800,0.52676,0.5314,0.52454,0.52933,1980204.353415
1686643200,0.5299,0.565,0.52659,0.56163,5773206.227347
1686657600,0.56211,0.56237,0.50482,0.5093,8095835.622635
1686672000,0.50807,0.5196,0.5073,0.51671,3614158.632332
1686686400,0.51697,0.52405,0.51498,0.51926,3374301.465631
1686700800,0.51912,0.52019,0.51071,0.51384,768644.867758
1686715200,0.51385,0.51598,0.49788,0.50085,1325594.411774
1686729600,0.49994,0.50825,0.49966,0.50825,747152.494082
1686744000,0.50814,0.5096,0.50072,0.50235,696641.806954
1686758400,0.50176,0.50675,0.49176,0.5009,1959807.599998
1686772800,0.50109,0.50131,0.46141,0.47998,7680942.844605
1686787200,0.48,0.48382,0.47651,0.48173,450595.412263
1686801600,0.4811,0.48511,0.46826,0.46826,1504100.597559
1686816000,0.46845,0.47697,0.46845,0.47545,902283.949561
1686830400,0.47572,0.48127,0.47291,0.47348,1716427.026135
1686844800,0.47357,0.48312,0.46761,0.48002,1817344.528157
1686859200,0.48054,0.48366,0.47503,0.47994,1104410.693279
1686873600,0.4797,0.48133,0.47521,0.47969,224147.430964
1686888000,0.47987,0.48262,0.47671,0.47682,1010661.397021
1686902400,0.47669,0.47919,0.455,0.46229,2591684.078088
1686916800,0.46229,0.46729,0.4561,0.46543,1826380.402093
1686931200,0.4645,0.47617,0.4619,0.47255,2523807.605727
1686945600,0.47265,0.47591,0.46911,0.47549,1712542.649443
1686960000,0.47551,0.47575,0.46982,0.4716,549146.712786
1686974400,0.47137,0.48635,0.47044,0.47983,648367.14582
1686988800,0.47992,0.48299,0.47693,0.47873,604506.885849
1687003200,0.47865,0.48164,0.47544,0.47867,359127.32033
1687017600,0.47868,0.4815,0.47755,0.48,269328.635356
1687032000,0.48,0.48168,0.47875,0.47982,1071381.832563
1687046400,0.47971,0.4827,0.47448,0.48089,205706.728611
1687060800,0.48089,0.48302,0.47891,0.48232,657236.221509
1687075200,0.48301,0.48988,0.48106,0.488,627401.725536
1687089600,0.487,0.49594,0.48416,0.49319,800497.369734
1687104000,0.49285,0.4975,0.48999,0.49529,1661888.344554
1687118400,0.49545,0.49715,0.48425,0.48678,2369837.262488
1687132800,0.48681,0.49214,0.48101,0.49103,178968.541632
1687147200,0.4908,0.49435,0.48958,0.48958,877370.048564
1687161600,0.4893,0.48954,0.48497,0.48931,646015.524074
1687176000,0.48934,0.49134,0.4862,0.48837,299471.264641
1687190400,0.48871,0.49802,0.48714,0.49445,1127955.918078
1687204800,0.49469,0.49577,0.49209,0.49281,284351.078015
1687219200,0.49212,0.49623,0.48943,0.49063,192009.419562
1687233600,0.4901,0.49096,0.4843,0.48684,973010.2374
1687248000,0.48585,0.48676,0.4783,0.4835,1131393.431791
1687262400,0.48342,0.48455,0.47128,0.47846,1908311.703468
1687276800,0.47852,0.49028,0.47625,0.48904,1913060.188527
1687291200,0.48927,0.49357,0.48871,0.49316,1325344.026518
1687305600,0.49303,0.50012,0.48948,0.4975,1165257.039417
1687320000,0.49773,0.50325,0.49346,0.49744,1255397.6669
1687334400,0.49729,0.4978,0.49012,0.49495,1327891.048363
1687348800,0.49495,0.49839,0.49093,0.49549,1584723.208066
1687363200,0.49515,0.50199,0.49,0.4981,3367802.098248
1687377600,0.49836,0.50272,0.49397,0.50007,1420213.417777
1687392000,0.50022,0.52638,0.49874,0.51563,1347499.485953
1687406400,0.51576,0.5167,0.50801,0.51181,1110357.656919
1687420800,0.51172,0.51269,0.48233,0.49352,2122978.396463
1687435200,0.49328,0.50133,0.48756,0.49404,1897754.218431
1687449600,0.49398,0.49928,0.4925,0.49928,460063.774666
1687464000,0.49925,0.49938,0.49366,0.49441,173013.285758
1687478400,0.49389,0.50077,0.49237,0.50011,160558.011431
1687492800,0.50028,0.50149,0.49191,0.4924,782654.880912
1687507200,0.49231,0.49537,0.4908,0.49255,659748.81909
1687521600,0.49217,0.49848,0.48404,0.49781,1841210.727267
1687536000,0.49781,0.50248,0.49444,0.50114,2005851.507291
1687550400,0.50121,0.50132,0.4921,0.49621,1332400.786799
1687564800,0.49628,0.49628,0.4893,0.4929,398498.577937
1687579200,0.49228,0.49473,0.4893,0.48943,230835.713141
1687593600,0.48955,0.49356,0.48955,0.49237,658642.626031
1687608000,0.49251,0.49438,0.47883,0.48462,1375650.89044
1687622400,0.48377,0.48832,0.48143,0.4875,420755.428927
1687636800,0.48741,0.48817,0.48328,0.4872,1422527.991034
1687651200,0.48656,0.49,0.48332,0.48928,225742.98716
1687665600,0.48967,0.49198,0.48801,0.49039,851835.138325
1687680000,0.49048,0.49466,0.49021,0.49234,725603.163371
1687694400,0.4919,0.49748,0.48763,0.48932,658565.654879
1687708800,0.48951,0.49258,0.48587,0.48904,530933.738309
1687723200,0.48909,0.49196,0.48832,0.49016,537922.597526
1687737600,0.49028,0.49117,0.48285,0.48368,219433.012789
1687752000,0.48434,0.48574,0.48091,0.48448,255278.703931
1687766400,0.48446,0.48464,0.47821,0.48265,581694.788893
1687780800,0.48267,0.48747,0.48008,0.48472,1223306.8043
1687795200,0.48482,0.48487,0.4707,0.47913,2433650.912712
1687809600,0.4793,0.48012,0.47342,0.47911,221459.716501
1687824000,0.478,0.48288,0.47682,0.48224,360081.58446
1687838400,0.48228,0.48298,0.4773,0.47895,793105.63253
1687852800,0.4793,0.48218,0.4777,0.48097,706238.635982
1687867200,0.48076,0.48716,0.47637,0.47885,2233199.391137
1687881600,0.47811,0.48322,0.47805,0.48261,821799.056385
1687896000,0.48203,0.48521,0.48138,0.48388,229299.358293
1687910400,0.48359,0.48405,0.47928,0.48245,288248.50574
1687924800,0.48223,0.4835,0.47169,0.4734,499479.705588
1687939200,0.47335,0.47736,0.47269,0.4752,1629239.312152
1687953600,0.47547,0.47553,0.47122,0.47491,644625.925606
1687968000,0.47511,0.47528,0.44607,0.46002,5055709.484271
1687982400,0.45999,0.46814,0.45762,0.46472,1624446.635974
1687996800,0.46477,0.46924,0.46186,0.46725,346869.795484
1688011200,0.46726,0.46893,0.46452,0.46698,6727591.395733
1688025600,0.46698,0.47391,0.46678,0.47001,1622172.528783
1688040000,0.47004,0.47461,0.46802,0.46971,3270634.721006
1688054400,0.46973,0.47582,0.46973,0.47558,2505025.345741
1688068800,0.47564,0.4774,0.47231,0.47471,1177078.868765
1688083200,0.47514,0.47976,0.46844,0.47906,584070.849524
1688097600,0.47953,0.48233,0.47249,0.47555,1711521.404502
1688112000,0.47575,0.48189,0.47435,0.48006,1515030.002117
1688126400,0.48002,0.48206,0.45014,0.465,3726802.005917
1688140800,0.46455,0.47748,0.4623,0.47748,1180287.123028
1688155200,0.477,0.47764,0.47339,0.47339,2195962.053221
1688169600,0.4731,0.4731,0.46457,0.46919,1290247.924549
1688184000,0.46893,0.47126,0.46573,0.47005,634583.168722
1688198400,0.47074,0.47134,0.46851,0.47076,173638.72592
1688212800,0.47065,0.47567,0.47065,0.47167,579624.660286
1688227200,0.47207,0.4752,0.47092,0.4739,532194.291223
1688241600,0.47409,0.47499,0.47217,0.47346,618678.026046
1688256000,0.47345,0.49562,0.47057,0.49247,1425206.45078
1688270400,0.49329,0.49467,0.4799,0.48326,590436.852063
1688284800,0.48219,0.48293,0.4786,0.47953,251091.91551
1688299200,0.47924,0.49249,0.47684,0.48429,1048010.660038
1688313600,0.48486,0.48699,0.48096,0.48431,353957.499496
1688328000,0.4841,0.48654,0.48173,0.48431,564636.846051
1688342400,0.48445,0.48618,0.4797,0.48181,580523.641071
1688356800,0.48284,0.48421,0.47876,0.48068,1175784.335914
1688371200,0.48043,0.48688,0.4798,0.48566,862079.866834
1688385600,0.48539,0.4868,0.47892,0.48481,5130032.138723
1688400000,0.48487,0.491,0.47943,0.48988,1425266.885478
1688414400,0.48989,0.49069,0.48707,0.48951,1111315.337797
1688428800,0.48908,0.49318,0.48621,0.49304,260643.418607
1688443200,0.49263,0.49263,0.48722,0.48769,469491.979593
1688457600,0.48744,0.49014,0.48496,0.48827,1112590.290853
1688472000,0.48833,0.48969,0.48202,0.48322,736600.952648
1688486400,0.48383,0.48834,0.48273,0.48643,480140.766269
1688500800,0.48689,0.48938,0.48625,0.48691,927840.714109
1688515200,0.48826,0.49161,0.48727,0.49157,149179.115702
1688529600,0.49157,0.49157,0.48684,0.48852,226867.874384
1688544000,0.48816,0.48888,0.46935,0.47802,1435964.602926
1688558400,0.47791,0.47848,0.46962,0.47166,1110466.469828
1688572800,0.47161,0.47805,0.47112,0.47661,416317.973411
1688587200,0.47652,0.47904,0.47634,0.47763,168557.188342
1688601600,0.47723,0.47876,0.47383,0.47807,111498.725986
1688616000,0.47746,0.48214,0.47721,0.47859,330938.232196
1688630400,0.47935,0.48385,0.47386,0.47511,1930161.450114
1688644800,0.47405,0.47437,0.46158,0.46949,2338887.917807
1688659200,0.46938,0.46999,0.46528,0.46697,539438.703515
1688673600,0.46838,0.47039,0.462,0.462,726404.364881
1688688000,0.4627,0.46953,0.45805,0.46904,339322.671814
1688702400,0.46924,0.47049,0.46241,0.46241,393089.344881
1688716800,0.4628,0.46741,0.4628,0.46617,259401.780029
1688731200,0.46626,0.46951,0.465,0.46738,338242.666359
1688745600,0.46722,0.46819,0.46453,0.46679,225211.677871
1688760000,0.46686,0.46884,0.46637,0.46854,668356.368858
1688774400,0.46877,0.46877,0.46671,0.46705,74265.712948
1688788800,0.46647,0.4677,0.46582,0.46732,61664.380866
1688803200,0.46731,0.46854,0.46638,0.46729,75370.641513
1688817600,0.46729,0.46977,0.46631,0.46911,113038.437344
1688832000,0.46985,0.47467,0.46714,0.47044,321242.001732
1688846400,0.47107,0.47168,0.46842,0.47041,577774.023289
1688860800,0.46991,0.47156,0.4698,0.47041,38381.667547
1688875200,0.47072,0.47076,0.46855,0.46897,27096.272811
1688889600,0.46958,0.47033,0.46818,0.46932,30284.449102
1688904000,0.46924,0.47088,0.46698,0.46985,264922.949625
1688918400,0.46999,0.47087,0.46858,0.46987,95829.357372
1688932800,0.46987,0.47007,0.46764,0.46828,431782.51358
1688947200,0.46858,0.46892,0.46289,0.46562,337706.173071
1688961600,0.46588,0.46892,0.46549,0.46839,575353.22072
1688976000,0.46876,0.47376,0.46594,0.47118,595858.978744
1688990400,0.47123,0.47282,0.4705,0.4724,457979.720538
1689004800,0.47263,0.47939,0.47063,0.47897,526502.29794
1689019200,0.47963,0.48003,0.47385,0.47722,905367.28677
1689033600,0.478,0.47813,0.47443,0.4758,206718.407952
1689048000,0.47604,0.4777,0.47472,0.47597,491677.473263
1689062400,0.47663,0.4773,0.47212,0.47371,226483.920591
1689076800,0.47339,0.47507,0.47209,0.47362,409002.656846
1689091200,0.47376,0.47386,0.4711,0.47381,376359.570412
1689105600,0.47389,0.47639,0.47353,0.4754,349248.198125
1689120000,0.47536,0.47594,0.47354,0.4752,149854.390712
1689134400,0.47519,0.477,0.47412,0.4754,175741.466285
1689148800,0.47541,0.47541,0.47232,0.47393,305338.948436
1689163200,0.47379,0.47636,0.46913,0.47067,1440470.889814
1689177600,0.47067,0.47212,0.46444,0.46812,1183192.941495
1689192000,0.4683,0.47146,0.46774,0.47122,105726.40571
1689206400,0.47159,0.47261,0.4695,0.47193,137550.9901
1689220800,0.47207,0.47302,0.47007,0.47152,171016.496272
1689235200,0.47172,0.47406,0.47068,0.47322,243043.383845
1689249600,0.47389,0.66001,0.47219,0.59,17027168.480114
1689264000,0.59036,0.94795,0.584,0.82199,67450824.578898
1689278400,0.8208,0.83227,0.772,0.81499,20933306.052724
1689292800,0.81579,0.82499,0.72289,0.78296,14016965.043005
1689307200,0.78312,0.81949,0.76507,0.76973,6179131.520253
1689321600,0.77009,0.80664,0.76791,0.79876,4735502.082631
1689336000,0.79842,0.79983,0.76631,0.77803,4294115.629947
1689350400,0.77785,0.78193,0.66557,0.69973,24428095.430056
1689364800,0.70021,0.7266,0.68602,0.71822,9035101.751151
1689379200,0.71901,0.73569,0.69327,0.72087,6814823.11595
1689393600,0.7209,0.73317,0.71429,0.72415,1949257.385972
1689408000,0.72387,0.72919,0.71155,0.71908,2235471.401226
1689422400,0.71801,0.73437,0.71801,0.72352,1578276.558448
1689436800,0.72328,0.731,0.70002,0.72355,3153658.941623
1689451200,0.7233,0.72372,0.70624,0.71453,2529953.323593
1689465600,0.71429,0.72671,0.705,0.71189,3313907.109643
1689480000,0.7117,0.71927,0.70784,0.71551,544513.933826
1689494400,0.71533,0.76251,0.71472,0.74951,4404266.446666
1689508800,0.74965,0.7788,0.74183,0.7703,7035954.190717
1689523200,0.77141,0.78957,0.73,0.74299,8889346.384968
1689537600,0.74267,0.76105,0.73873,0.74721,4080469.446048
1689552000,0.74707,0.75924,0.74218,0.75689,2322117.458513
1689566400,0.75596,0.75696,0.74303,0.74981,2029367.345328
1689580800,0.74898,0.75018,0.72082,0.7356,3235257.618334
1689595200,0.73577,0.74507,0.72773,0.73869,2844747.466237
1689609600,0.73887,0.76721,0.71279,0.73435,7308181.159595
1689624000,0.73399,0.74684,0.73172,0.73754,3299923.992382
1689638400,0.73741,0.75271,0.73478,0.73845,2441984.079838
1689652800,0.73899,0.75311,0.732,0.74154,2798151.414911
1689667200,0.74182,0.76505,0.7369,0.74886,5192193.039083
1689681600,0.74887,0.76898,0.74351,0.75787,3102866.103936
1689696000,0.75773,0.77133,0.74389,0.76068,7276677.782194
1689710400,0.76208,0.7835,0.7534,0.77881,4986832.069091
1689724800,0.77845,0.8177,0.77202,0.79725,13660356.025015
1689739200,0.79742,0.8046,0.78097,0.78932,7583003.130108
1689753600,0.78964,0.79789,0.77078,0.7946,4663663.28054
1689768000,0.79556,0.81283,0.79128,0.80037,7338591.790069
1689782400,0.80046,0.8525,0.79452,0.83474,19668426.563254
1689796800,0.8351,0.83693,0.80994,0.82,9161038.342474
1689811200,0.82,0.8502,0.81635,0.83274,3912269.256185
1689825600,0.83199,0.84344,0.8142,0.81768,6985749.999997
1689840000,0.81713,0.82429,0.7987,0.80824,5276023.122614
1689854400,0.8084,0.81642,0.77946,0.78767,6967370.091545
1689868800,0.78697,0.79631,0.78591,0.7929,2976975.49605
1689883200,0.79266,0.80366,0.77128,0.79399,4349487.415981
1689897600,0.794,0.79873,0.78502,0.79336,1137258.610356
1689912000,0.79336,0.79447,0.775,0.77897,1962078.757507
1689926400,0.77893,0.7814,0.75,0.77405,6429630.239606
1689940800,0.77399,0.77956,0.77168,0.77566,3808042.29398
1689955200,0.775,0.79498,0.7706,0.78429,4596035.020664
1689969600,0.78428,0.78428,0.76605,0.77116,1855980.472759
1689984000,0.77155,0.77809,0.766,0.7745,2375778.234989
1689998400,0.7745,0.77574,0.76978,0.77371,726964.708062
1690012800,0.77387,0.77993,0.764,0.77256,759479.820534
1690027200,0.77266,0.77268,0.76109,0.76734,1475265.161979
1690041600,0.76728,0.77103,0.73582,0.74763,6095213.444238
1690056000,0.7477,0.754,0.7222,0.7329,3583422.183231
1690070400,0.7329,0.7375,0.71561,0.7354,2670874.070223
1690084800,0.73528,0.74553,0.73528,0.73806,2099800.651765
1690099200,0.7382,0.74785,0.73615,0.7413,1529765.328045
1690113600,0.74112,0.74341,0.73668,0.73999,1211749.321203
1690128000,0.74083,0.75183,0.7304,0.73784,2580625.649373
1690142400,0.73802,0.74185,0.73183,0.73851,1233386.526683
1690156800,0.73849,0.74213,0.72293,0.72821,1601007.543796
1690171200,0.72791,0.7332,0.7183,0.7238,1685134.242201
1690185600,0.72338,0.72338,0.682,0.69375,6886648.001376
1690200000,0.69304,0.7,0.6814,0.69433,10973299.497728
1690214400,0.69453,0.70888,0.69403,0.70291,3649867.169114
1690228800,0.70354,0.7073,0.69827,0.70229,1402654.289077
1690243200,0.70216,0.70282,0.6886,0.69584,1054523.299532
1690257600,0.69646,0.69717,0.67349,0.6797,2120016.736323
1690272000,0.68061,0.69438,0.67769,0.68518,1310577.833203
1690286400,0.68519,0.70766,0.68519,0.7008,1760649.170605
1690300800,0.70061,0.7059,0.69507,0.70026,1547305.893459
1690315200,0.70008,0.71598,0.69826,0.70914,2529424.238558
1690329600,0.7091,0.71448,0.70149,0.71152,682421.527727
1690344000,0.7105,0.7105,0.69706,0.70008,1025850.078243
1690358400,0.70031,0.70376,0.6927,0.69761,1237279.903206
1690372800,0.6973,0.70591,0.69632,0.70401,716959.897965
1690387200,0.70401,0.71946,0.69497,0.71404,4096412.660311
1690401600,0.71395,0.73258,0.71226,0.71636,4674092.236763
1690416000,0.71594,0.72158,0.70842,0.71807,821672.411472
1690430400,0.71785,0.72136,0.71046,0.71152,848823.309714
1690444800,0.71081,0.71881,0.71,0.7163,1245466.499134
1690459200,0.71617,0.73353,0.70711,0.72152,2698388.28185
1690473600,0.72133,0.72842,0.71061,0.71328,1440013.404647
1690488000,0.71231,0.71574,0.70759,0.71374,627960.520465
1690502400,0.71357,0.71857,0.71143,0.71365,410594.489977
1690516800,0.71415,0.71467,0.70501,0.70574,937765.284432
1690531200,0.7055,0.71288,0.7018,0.70935,890176.175474
1690545600,0.70923,0.71685,0.7092,0.71244,3209317.989166
1690560000,0.71258,0.715,0.70828,0.71237,1553860.27743
1690574400,0.71175,0.71351,0.71001,0.71215,510452.950338
1690588800,0.71185,0.71288,0.70984,0.71078,325664.12904
1690603200,0.71079,0.71512,0.71063,0.71159,844544.015547
1690617600,0.71157,0.7127,0.705,0.70871,685345.677418
1690632000,0.7087,0.71078,0.70718,0.70854,869785.461936
1690646400,0.70852,0.71457,0.70765,0.71426,636862.481724
1690660800,0.71509,0.71509,0.71115,0.71229,408675.27115
1690675200,0.71224,0.71224,0.709,0.71025,341697.86312
1690689600,0.7105,0.71188,0.70934,0.71007,148151.797654
1690704000,0.71023,0.73465,0.71005,0.71948,1182201.067362
1690718400,0.71948,0.72252,0.71255,0.71471,960534.955124
1690732800,0.71507,0.71744,0.69795,0.70339,1099202.393108
1690747200,0.70303,0.70648,0.68395,0.7046,1935667.042135
1690761600,0.70459,0.71112,0.7026,0.70554,602137.061129
1690776000,0.706,0.70771,0.70201,0.7049,390419.322146
1690790400,0.70505,0.70545,0.70112,0.70414,572005.746625
1690804800,0.70398,0.70683,0.695,0.69636,1307553.671871
1690819200,0.69633,0.72064,0.69307,0.71424,1452666.158666
1690833600,0.71488,0.71961,0.686,0.69758,3218245.543719
1690848000,0.6975,0.6975,0.67234,0.68762,3084142.283539
1690862400,0.68763,0.69206,0.68586,0.68989,1624078.246228
1690876800,0.69,0.69176,0.68685,0.687,1430288.865
1690891200,0.68715,0.69762,0.68445,0.69355,3009137.77602
1690905600,0.69335,0.70313,0.69006,0.69903,2642477.677267
1690920000,0.69934,0.70818,0.69721,0.70682,1525636.468561
1690934400,0.70659,0.70761,0.69921,0.70004,1708617.609382
1690948800,0.70042,0.7011,0.69289,0.69408,902722.094443
1690963200,0.69379,0.69744,0.69149,0.69604,488979.285266
1690977600,0.69588,0.69592,0.681,0.68689,2673422.291314
1690992000,0.68688,0.68806,0.67578,0.68681,2666491.662812
1691006400,0.68647,0.68877,0.68324,0.68421,1262371.231322
1691020800,0.68436,0.68699,0.68014,0.6823,1140592.422138
1691035200,0.6823,0.68241,0.66356,0.6695,2964359.766315
1691049600,0.66951,0.66976,0.65325,0.66511,3880187.817971
1691064000,0.66535,0.67284,0.65862,0.66993,2897559.6806
1691078400,0.67026,0.67547,0.66752,0.67326,1559063.088457
1691092800,0.67356,0.67664,0.66107,0.66244,1265324.702177
1691107200,0.66226,0.66708,0.66067,0.6639,893755.572834
1691121600,0.66424,0.66662,0.65555,0.65821,1329565.469701
1691136000,0.65811,0.66187,0.65525,0.65833,860040.957717
1691150400,0.65711,0.66584,0.65508,0.66265,1402019.221294
1691164800,0.66271,0.66706,0.64911,0.65302,2283809.766221
1691179200,0.65294,0.65437,0.6242,0.63452,5810061.882946
1691193600,0.63448,0.63481,0.61,0.62262,4582132.618146
1691208000,0.6223,0.6241,0.61754,0.62265,1393608.077254
1691222400,0.62276,0.63168,0.6218,0.62642,1020112.392658
1691236800,0.62633,0.62885,0.62012,0.62398,2483990.84647
1691251200,0.62372,0.63185,0.61805,0.62662,1461001.231728
1691265600,0.62653,0.62959,0.62439,0.62815,577399.85694
1691280000,0.62805,0.63598,0.62649,0.63507,922412.904187
1691294400,0.63463,0.63802,0.63092,0.63263,1091541.653162
1691308800,0.63232,0.63664,0.6289,0.63225,767185.283306
1691323200,0.63217,0.63224,0.62305,0.62553,1428523.066984
1691337600,0.62539,0.62918,0.62432,0.62639,343174.153847
1691352000,0.62673,0.63104,0.62043,0.62303,743045.670722
1691366400,0.62293,0.62855,0.61961,0.62469,1275280.401273
1691380800,0.62422,0.62739,0.60504,0.61007,1886926.805957
1691395200,0.61068,0.61999,0.60928,0.61867,1656830.884131
1691409600,0.61865,0.6195,0.60811,0.61646,2706702.826938
1691424000,0.61548,0.61916,0.59267,0.616,5039654.022367
1691438400,0.61663,0.6235,0.61444,0.62281,1280913.76331
1691452800,0.6229,0.62425,0.61668,0.6195,1451466.292134
1691467200,0.61981,0.62639,0.6175,0.62091,1096083.344718
1691481600,0.6214,0.6228,0.61335,0.62224,1511536.43181
1691496000,0.62249,0.63093,0.62046,0.62842,2215480.331188
1691510400,0.62841,0.64357,0.62841,0.63699,3615128.550422
1691524800,0.63698,0.648,0.6358,0.64167,3229681.2748
1691539200,0.64166,0.6475,0.63555,0.63951,1109704.779063
1691553600,0.63948,0.64573,0.63823,0.64433,754912.105625
1691568000,0.6446,0.64878,0.63967,0.64486,1818079.608189
1691582400,0.64475,0.66549,0.64442,0.65387,6238194.587796
1691596800,0.65422,0.66496,0.64795,0.65959,4402817.736354
1691611200,0.65963,0.65969,0.63,0.64318,8328609.350976
1691625600,0.64302,0.64402,0.63633,0.63699,1541661.498347
1691640000,0.63756,0.63804,0.624,0.6254,2573227.796585
1691654400,0.6255,0.63171,0.6254,0.62796,3784682.117613
1691668800,0.62811,0.637,0.62787,0.63045,5299495.82537
1691683200,0.63088,0.6351,0.62351,0.63381,2195372.561513
1691697600,0.63355,0.63466,0.63132,0.63252,847782.650592
1691712000,0.63249,0.63564,0.63137,0.63481,641106.250037
1691726400,0.63436,0.64,0.63076,0.63107,1073310.54904
1691740800,0.63097,0.63225,0.62725,0.63225,1095573.060677
1691755200,0.63262,0.63383,0.62521,0.62821,1334373.91617
1691769600,0.62792,0.63052,0.6265,0.63,746252.932593
1691784000,0.62996,0.63248,0.62988,0.63152,360976.157028
1691798400,0.63113,0.63269,0.62788,0.62919,285328.07875
1691812800,0.62905,0.63041,0.6279,0.62986,246613.370758
1691827200,0.62986,0.63091,0.62877,0.62965,414670.633754
1691841600,0.6296,0.63238,0.62829,0.62993,2188331.780363
1691856000,0.63047,0.63087,0.62216,0.62725,1371076.916084
1691870400,0.62577,0.62866,0.62452,0.62732,763403.391755
1691884800,0.6273,0.62975,0.62573,0.62902,510058.668972
1691899200,0.6289,0.62905,0.62611,0.62897,290310.96203
1691913600,0.62897,0.62902,0.62672,0.6274,566377.284621
1691928000,0.62744,0.6295,0.62647,0.6279,492722.92003
1691942400,0.62771,0.63782,0.62739,0.63543,3466364.503279
1691956800,0.63543,0.6365,0.62346,0.62555,2263299.645816
1691971200,0.6251,0.63006,0.62386,0.6294,592218.029532
1691985600,0.62941,0.63479,0.6252,0.62564,3028593.116287
1692000000,0.62543,0.629,0.62492,0.62756,387919.832998
1692014400,0.62706,0.63186,0.62566,0.63091,904406.678657
1692028800,0.63111,0.63166,0.62456,0.62763,2505980.697777
1692043200,0.628,0.63623,0.62732,0.63348,1324861.459866
1692057600,0.63358,0.63384,0.62822,0.63049,647321.351578
1692072000,0.63055,0.63091,0.62498,0.62645,1580973.508351
1692086400,0.62626,0.62779,0.62508,0.62509,1614208.03809
1692100800,0.625,0.62785,0.62,0.62407,864754.928043
1692115200,0.62409,0.62588,0.58003,0.6026,8205220.606372
1692129600,0.60193,0.60992,0.60099,0.60977,1612381.528651
1692144000,0.60964,0.60984,0.60549,0.60693,1126808.91066
1692158400,0.60748,0.61749,0.59861,0.60183,5483594.189232
1692172800,0.60186,0.60256,0.59457,0.59964,2028121.412519
1692187200,0.59918,0.59931,0.58712,0.59356,2946587.631236
1692201600,0.59371,0.602,0.59123,0.5954,3670779.655112
1692216000,0.59577,0.59713,0.57114,0.58836,9153708.530885
1692230400,0.58825,0.59415,0.57934,0.59031,2585367.31831
1692244800,0.59028,0.5931,0.58657,0.58898,1185221.632146
1692259200,0.58903,0.5911,0.58283,0.58413,1652390.498472
1692273600,0.58413,0.5878,0.57248,0.57573,5545608.599644
1692288000,0.57577,0.57899,0.56789,0.5755,4398356.363398
1692302400,0.5757,0.57631,0.39948,0.50684,39604383.905407
1692316800,0.50645,0.51543,0.48304,0.4934,7665973.28785
1692331200,0.49351,0.52,0.48697,0.50557,8372602.71299
1692345600,0.50566,0.5103,0.5006,0.50824,4749770.10063
1692360000,0.50831,0.51151,0.49811,0.50216,3978863.416019
1692374400,0.50222,0.5083,0.48818,0.49903,5692414.849614
1692388800,0.4997,0.51043,0.49963,0.50598,1375081.14473
1692403200,0.50599,0.50963,0.50273,0.5056,1088223.586494
1692417600,0.50535,0.50714,0.50069,0.50514,437602.537332
1692432000,0.50514,0.50718,0.50307,0.50332,738001.246457
1692446400,0.50336,0.52402,0.50287,0.52189,5098437.25658
1692460800,0.52168,0.52394,0.5163,0.51948,1690630.514919
1692475200,0.51977,0.52111,0.51265,0.51932,1081493.704974
1692489600,0.51982,0.52179,0.51592,0.51843,668929.119387
1692504000,0.51841,0.52857,0.51774,0.52785,1377091.123876
1692518400,0.52772,0.55727,0.52497,0.54561,3435536.598365
1692532800,0.54555,0.5499,0.533,0.53827,2639018.976481
1692547200,0.53867,0.5437,0.53119,0.54139,2802883.704634
1692561600,0.54191,0.54517,0.53699,0.53845,849279.143556
1692576000,0.53847,0.53961,0.53055,0.53184,748288.765691
1692590400,0.53191,0.53363,0.51731,0.5201,1981576.185178
1692604800,0.52062,0.52615,0.51715,0.52581,1725477.91413
1692619200,0.52553,0.53037,0.50267,0.51049,4826962.632947
1692633600,0.51067,0.52637,0.5084,0.52124,2708483.712376
1692648000,0.52124,0.52641,0.5196,0.52457,1191033.563265
1692662400,0.52429,0.52506,0.5182,0.52107,1299243.491865
1692676800,0.52135,0.52229,0.51571,0.51842,965769.999768
1692691200,0.51833,0.51934,0.51444,0.51687,841836.408991
1692705600,0.51687,0.52031,0.5087,0.51166,3858983.921445
1692720000,0.51121,0.51681,0.50383,0.51151,3143604.069935
1692734400,0.51188,0.525,0.50302,0.52064,1804004.028722
1692748800,0.52074,0.52346,0.51745,0.51882,2287982.424661
1692763200,0.51882,0.52232,0.51676,0.51713,1342229.703407
1692777600,0.51724,0.52145,0.51668,0.51894,850560.830986
1692792000,0.51909,0.52357,0.51572,0.52294,1481047.888257
1692806400,0.52285,0.53646,0.52246,0.5326,4304042.794714
1692820800,0.5326,0.53295,0.52311,0.53021,1634273.036214
1692835200,0.53032,0.53093,0.52606,0.52859,579342.455209
1692849600,0.52858,0.53179,0.52672,0.52808,883312.901204
1692864000,0.52836,0.52865,0.52251,0.52409,1690571.493349
1692878400,0.52419,0.5246,0.51287,0.5148,2559933.314342
1692892800,0.51467,0.51795,0.51111,0.51606,1808144.615253
1692907200,0.51609,0.51952,0.51194,0.51849,1507233.218867
1692921600,0.51844,0.5207,0.5132,0.51686,812823.649833
1692936000,0.51723,0.51813,0.50867,0.50935,2277376.857061
1692950400,0.50922,0.5148,0.50764,0.51394,2015007.527882
1692964800,0.51394,0.52581,0.51166,0.51563,3668658.048315
1692979200,0.51598,0.53167,0.51404,0.52487,3139929.232072
1692993600,0.52474,0.5272,0.52228,0.52537,772527.680715
1693008000,0.52547,0.52641,0.52265,0.52359,456546.270527
1693022400,0.52359,0.52359,0.51792,0.52129,674857.326564
1693036800,0.52094,0.52374,0.52003,0.52282,264180.002175
1693051200,0.52279,0.5277,0.52095,0.5249,603477.875114
1693065600,0.52529,0.52664,0.52321,0.52572,1173561.059101
1693080000,0.52598,0.5272,0.52175,0.52329,738762.968707
1693094400,0.52295,0.52481,0.52184,0.52481,467729.469055
1693108800,0.52475,0.52957,0.52457,0.52696,1748275.390679
1693123200,0.52706,0.52922,0.52588,0.52653,422037.73889
1693137600,0.52682,0.52996,0.52627,0.52666,664071.384586
1693152000,0.52673,0.52787,0.52344,0.52474,993046.627963
1693166400,0.52433,0.52558,0.51307,0.52343,1848657.43673
1693180800,0.52333,0.52342,0.51724,0.51956,753188.658955
1693195200,0.51937,0.52077,0.51477,0.51637,637833.621385
1693209600,0.51604,0.51634,0.51009,0.51618,1396761.814013
1693224000,0.51618,0.52143,0.51618,0.51976,2236069.995321
1693238400,0.51983,0.52375,0.51807,0.52133,1435978.441466
1693252800,0.52117,0.52455,0.52016,0.52286,678935.989361
1693267200,0.52274,0.5232,0.5194,0.5208,584469.593766
1693281600,0.52062,0.52082,0.51539,0.51616,575517.753909
1693296000,0.51619,0.51814,0.51293,0.5156,630112.205324
1693310400,0.51551,0.54902,0.51423,0.53474,7680102.451598
1693324800,0.53526,0.54426,0.53343,0.53886,2938188.694006
1693339200,0.53907,0.54336,0.53844,0.54011,1188025.651726
1693353600,0.53973,0.54029,0.53043,0.53394,1298622.696208
1693368000,0.533,0.53575,0.52946,0.53216,1186018.956506
1693382400,0.53208,0.53349,0.52783,0.52922,955548.804561
1693396800,0.52951,0.5314,0.52137,0.52413,2118951.311064
1693411200,0.52409,0.52827,0.52324,0.52724,1725672.9548
1693425600,0.52761,0.52954,0.52699,0.52843,1163969.963149
1693440000,0.52844,0.52844,0.52445,0.52622,451164.930225
1693454400,0.52659,0.52843,0.52412,0.526,648242.425103
1693468800,0.52552,0.52839,0.52281,0.52649,639045.383975
1693483200,0.52635,0.52656,0.51415,0.51769,2321943.103858
1693497600,0.51781,0.51954,0.4945,0.5095,11176439.389362
1693512000,0.50917,0.51238,0.50308,0.51091,2057342.775154
1693526400,0.51091,0.51153,0.50734,0.50984,1888173.819694
1693540800,0.50984,0.51016,0.50241,0.50399,974989.269433
1693555200,0.50424,0.50744,0.50182,0.50696,860888.165235
1693569600,0.50685,0.50816,0.49896,0.50127,2435188.742875
1693584000,0.50115,0.50165,0.48637,0.49192,5800870.211389
1693598400,0.49165,0.49883,0.49159,0.49809,2358774.207079
1693612800,0.49792,0.49841,0.49451,0.49802,2157367.708603
1693627200,0.49804,0.4989,0.495,0.49572,419014.288536
1693641600,0.49632,0.49802,0.49533,0.49727,110503.232116
1693656000,0.49727,0.50244,0.49592,0.50065,818554.72927
1693670400,0.50078,0.5013,0.4944,0.49711,758760.014847
1693684800,0.497,0.4998,0.49558,0.49883,413544.506531
1693699200,0.4989,0.50236,0.49753,0.50183,666577.927914
1693713600,0.50238,0.50539,0.50088,0.50319,1903608.308594
1693728000,0.50386,0.50395,0.50159,0.50251,278185.043084
1693742400,0.50249,0.50448,0.49884,0.5017,992240.995007
1693756800,0.50182,0.51055,0.5018,0.50622,1788228.330853
1693771200,0.5064,0.50738,0.50361,0.50453,323246.214182
1693785600,0.50459,0.51266,0.5043,0.5095,498001.444906
1693800000,0.50957,0.51259,0.50082,0.50277,568200.623759
1693814400,0.50376,0.50609,0.50041,0.50102,455098.763744
1693828800,0.50083,0.5039,0.49653,0.50302,664890.957989
1693843200,0.50287,0.509,0.5021,0.509,564129.998127
1693857600,0.50906,0.5103,0.50364,0.50854,775935.952871
1693872000,0.50852,0.50852,0.50181,0.50531,352133.658248
1693886400,0.50531,0.50748,0.50181,0.50401,481400.35968
1693900800,0.50429,0.50519,0.5015,0.50315,1092248.742846
1693915200,0.50344,0.5047,0.49881,0.502,1636391.234948
1693929600,0.502,0.50367,0.50035,0.50239,434745.90476
1693944000,0.5024,0.50634,0.50204,0.50527,522196.509187
1693958400,0.50546,0.50554,0.50305,0.50434,897743.665176
1693972800,0.50421,0.50481,0.49991,0.5015,827561.25885
1693987200,0.5015,0.50193,0.49975,0.50105,440670.031099
1694001600,0.50127,0.50222,0.49344,0.49739,2345219.092033
1694016000,0.49748,0.50405,0.49047,0.50097,2751270.890741
1694030400,0.50086,0.50342,0.50059,0.50335,447457.770498
1694044800,0.50273,0.50329,0.49967,0.50261,313628.860619
1694059200,0.50274,0.50372,0.4981,0.49977,841103.326893
1694073600,0.50002,0.50007,0.49631,0.49777,789915.081296
1694088000,0.49743,0.49971,0.49742,0.49912,581004.358771
1694102400,0.49913,0.50151,0.49903,0.50111,606506.415101
1694116800,0.50088,0.50635,0.50046,0.505,1543672.510338
1694131200,0.50493,0.50728,0.50262,0.50481,695695.481798
1694145600,0.50475,0.50663,0.50208,0.5034,204965.299566
1694160000,0.50356,0.50479,0.4941,0.49803,1041723.687458
1694174400,0.49805,0.50222,0.49779,0.50073,2486524.888147
1694188800,0.50133,0.50555,0.50006,0.50495,536741.633377
1694203200,0.50484,0.50577,0.50295,0.50496,2173608.052708
1694217600,0.50464,0.50464,0.50154,0.50238,180751.656474
1694232000,0.50243,0.50416,0.50146,0.50386,189281.766893
1694246400,0.50407,0.50462,0.50316,0.50378,359457.484119
1694260800,0.50376,0.50438,0.50193,0.50427,329672.767793
1694275200,0.50427,0.50463,0.50262,0.5039,152461.497073
1694289600,0.5039,0.504,0.50311,0.50362,228370.525506
1694304000,0.5035,0.5035,0.49933,0.50171,501599.183349
1694318400,0.50168,0.50168,0.4956,0.49996,1069651.913077
1694332800,0.49975,0.50052,0.49844,0.49953,255996.5111
1694347200,0.49943,0.49989,0.49261,0.49626,1186526.392018
1694361600,0.49632,0.49914,0.49371,0.49809,1200096.778473
1694376000,0.49795,0.50134,0.49672,0.49672,1077891.59359
1694390400,0.49697,0.4979,0.4915,0.4965,569770.084119
1694404800,0.49655,0.49655,0.476,0.48522,4102867.668794
1694419200,0.48528,0.48528,0.4589,0.4687,3990022.140076
1694433600,0.46932,0.47673,0.46921,0.47189,1869664.864453
1694448000,0.47184,0.47411,0.46479,0.46907,1884951.032037
1694462400,0.46901,0.47513,0.46727,0.47423,1641693.258878
1694476800,0.47435,0.48383,0.46999,0.47896,1089279.866502
1694491200,0.47908,0.48094,0.47114,0.4748,1294281.434912
1694505600,0.4748,0.48383,0.47035,0.47896,1502341.970685
1694520000,0.47914,0.48276,0.4767,0.48276,1494152.781835
1694534400,0.4827,0.48662,0.47761,0.48187,2022973.804548
1694548800,0.48169,0.48448,0.47993,0.48062,915228.97526
1694563200,0.48036,0.48137,0.47744,0.47908,339365.301127
1694577600,0.47879,0.4897,0.47285,0.47446,3044541.184788
1694592000,0.47438,0.4822,0.47438,0.48161,594887.51525
1694606400,0.48171,0.48416,0.47839,0.48321,2413286.806459
1694620800,0.48318,0.48463,0.4795,0.48188,1274931.392913
1694635200,0.48232,0.4855,0.48215,0.48325,1007656.374566
1694649600,0.48297,0.48627,0.48155,0.48483,541043.380846
1694664000,0.48489,0.48525,0.47999,0.48108,487639.496096
1694678400,0.48104,0.48374,0.48029,0.48344,396527.612599
1694692800,0.48312,0.49,0.48189,0.48811,4750653.146072
1694707200,0.48817,0.49371,0.48601,0.4933,1429077.378042
1694721600,0.49323,0.49351,0.48878,0.48962,535226.176027
1694736000,0.4894,0.5,0.48927,0.49818,1340876.413802
1694750400,0.49818,0.50864,0.49362,0.49362,2299166.507904
1694764800,0.49376,0.4989,0.4931,0.4934,961458.526376
1694779200,0.49351,0.49457,0.48754,0.49361,1546366.807293
1694793600,0.4936,0.5001,0.49321,0.49811,852082.02283
1694808000,0.49814,0.50369,0.49814,0.50042,1412578.48196
1694822400,0.50065,0.50344,0.49824,0.50127,641094.631449
1694836800,0.50074,0.50143,0.49842,0.49909,258304.237977
1694851200,0.49922,0.50235,0.49902,0.5005,421289.149186
1694865600,0.50051,0.5019,0.49735,0.49926,428208.89106
1694880000,0.49941,0.50253,0.49901,0.5005,296441.883322
1694894400,0.50036,0.50111,0.49889,0.49968,225371.927103
1694908800,0.49987,0.49987,0.49258,0.49737,540811.089997
1694923200,0.49756,0.49771,0.49358,0.4948,184001.000754
1694937600,0.49485,0.49877,0.49485,0.49772,327557.633414
1694952000,0.49794,0.50039,0.4969,0.49969,281441.790045
1694966400,0.49998,0.50024,0.49535,0.49715,239230.960172
1694980800,0.49707,0.49708,0.48984,0.49294,1011302.992753
1694995200,0.49257,0.49805,0.48724,0.49751,1722104.642147
1695009600,0.49774,0.49871,0.49083,0.49127,423760.162292
1695024000,0.49118,0.50167,0.49091,0.50136,1174581.968737
1695038400,0.50162,0.50739,0.49973,0.50424,1594040.443222
1695052800,0.50423,0.50508,0.49838,0.50441,1369795.535429
1695067200,0.5041,0.50696,0.50226,0.50322,724379.582387
1695081600,0.50319,0.515,0.50078,0.50883,1873025.384644
1695096000,0.50883,0.51106,0.50357,0.50367,1202747.187362
1695110400,0.50371,0.51032,0.50358,0.50935,1300578.902984
1695124800,0.5095,0.51196,0.50647,0.51196,531488.043214
1695139200,0.51209,0.51648,0.50831,0.51571,1003960.346882
1695153600,0.51558,0.51561,0.51125,0.51401,590362.784312
1695168000,0.51401,0.52545,0.51191,0.52358,1825897.312924
1695182400,0.52361,0.52361,0.51323,0.51379,1146147.934093
1695196800,0.51461,0.51686,0.50694,0.5148,952195.900968
1695211200,0.51571,0.51933,0.5103,0.51795,685441.889157
1695225600,0.51782,0.52194,0.51124,0.51652,1274222.698035
1695240000,0.51585,0.52498,0.51379,0.52145,1729412.944033
1695254400,0.52139,0.52139,0.51318,0.51834,662784.924964
1695268800,0.51853,0.51853,0.50841,0.50946,1137378.789178
1695283200,0.50963,0.51148,0.50079,0.50542,3407626.501377
1695297600,0.50514,0.50665,0.50018,0.50506,2105498.899428
1695312000,0.50506,0.51127,0.50396,0.51116,1501146.831511
1695326400,0.51103,0.51128,0.50563,0.50725,841248.401208
1695340800,0.50724,0.51273,0.50389,0.51252,625138.608626
1695355200,0.51279,0.51382,0.50688,0.5111,1563853.994473
1695369600,0.51148,0.51359,0.50711,0.50974,923331.715241
1695384000,0.51015,0.51229,0.5091,0.51078,838914.020065
1695398400,0.51088,0.51677,0.50728,0.51487,2788116.770978
1695412800,0.51564,0.51564,0.51092,0.51208,606957.496624
1695427200,0.51233,0.51302,0.51048,0.51163,417626.380824
1695441600,0.51134,0.51478,0.51043,0.512,1107344.516362
1695456000,0.51218,0.51323,0.51137,0.51258,258074.174594
1695470400,0.51259,0.51259,0.5085,0.50997,527077.308478
1695484800,0.50955,0.51084,0.50854,0.5102,949243.421075
1695499200,0.51027,0.51028,0.50581,0.50769,343501.09637
1695513600,0.5071,0.50956,0.50621,0.50797,248837.903296
1695528000,0.50776,0.50899,0.50758,0.50835,139168.965843
1695542400,0.50823,0.5113,0.50811,0.51107,268502.811545
1695556800,0.5115,0.5115,0.50857,0.5093,315547.816104
1695571200,0.50926,0.51076,0.50581,0.50668,533645.700307
1695585600,0.50634,0.508,0.49841,0.50221,2292322.064558
1695600000,0.502,0.5039,0.496,0.50181,1312362.590854
1695614400,0.50163,0.50324,0.49075,0.49587,4808994.349737
1695628800,0.49599,0.49651,0.49289,0.49544,1171789.813069
1695643200,0.49586,0.5,0.49443,0.49902,1678535.7042
1695657600,0.49932,0.50698,0.49932,0.50592,1531203.484238
1695672000,0.5062,0.50641,0.5018,0.50541,1069865.454275
1695686400,0.5054,0.50722,0.50194,0.50566,790737.160979
1695700800,0.50569,0.50642,0.49875,0.50175,862285.196937
1695715200,0.5018,0.50233,0.49791,0.50072,1138635.025892
1695729600,0.50029,0.50263,0.49954,0.50066,1357375.103512
1695744000,0.49995,0.50552,0.49995,0.50484,1225271.100005
1695758400,0.50471,0.50595,0.49598,0.50182,2450165.651877
1695772800,0.50137,0.50345,0.49931,0.50264,972951.603341
1695787200,0.50288,0.50313,0.49658,0.49951,1432009.755933
1695801600,0.49947,0.50719,0.49692,0.50576,2378243.361884
1695816000,0.50607,0.50658,0.49941,0.5013,2185136.921943
1695830400,0.50126,0.50478,0.5,0.50409,1333113.698856
1695844800,0.50394,0.50482,0.49858,0.4989,1535951.951198
1695859200,0.49892,0.50089,0.49743,0.49745,972546.921899
1695873600,0.49756,0.49841,0.495,0.49677,2270644.469269
1695888000,0.49696,0.50258,0.49571,0.50083,3064747.221263
1695902400,0.5012,0.505,0.4991,0.505,2215884.379584
1695916800,0.50486,0.51003,0.50452,0.50769,1943150.852847
1695931200,0.50776,0.50995,0.50604,0.50988,1850430.505992
1695945600,0.50991,0.51283,0.50925,0.50926,657519.014505
1695960000,0.50917,0.51006,0.50609,0.50777,1009842.093507
1695974400,0.50788,0.51191,0.50659,0.51163,561923.655278
1695988800,0.51173,0.54933,0.51173,0.53204,10139916.596992
1696003200,0.53225,0.53595,0.52667,0.53276,3482735.651847
1696017600,0.53257,0.53691,0.51721,0.52158,4344465.240938
1696032000,0.52074,0.52105,0.51364,0.51702,1810831.508583
1696046400,0.51757,0.51823,0.51527,0.51534,981396.171708
1696060800,0.51571,0.51969,0.51484,0.51716,661631.709073
1696075200,0.5174,0.51807,0.51517,0.51672,982834.735511
1696089600,0.51677,0.51923,0.51575,0.51811,1079329.899134
1696104000,0.51795,0.5185,0.5143,0.515,326618.316712
1696118400,0.51485,0.51667,0.51374,0.51667,382479.163884
1696132800,0.51643,0.51817,0.51574,0.518,208031.221434
1696147200,0.518,0.52386,0.51701,0.52112,2013019.1361
1696161600,0.52112,0.52195,0.51727,0.51909,516527.837885
1696176000,0.51915,0.51915,0.51513,0.51649,338684.161616
1696190400,0.51642,0.52582,0.51539,0.52411,1547429.204004
1696204800,0.5245,0.52651,0.52119,0.52543,720112.760061
1696219200,0.52544,0.52573,0.51985,0.52244,1461083.924966
1696233600,0.52246,0.5248,0.52101,0.52129,1034094.233648
1696248000,0.52127,0.52441,0.51608,0.51787,737913.875039
1696262400,0.51752,0.52337,0.505,0.51615,4079567.733259
1696276800,0.51597,0.51666,0.50942,0.51235,1591882.77596
1696291200,0.51231,0.51459,0.50994,0.51362,316723.233637
1696305600,0.51355,0.51362,0.50664,0.5099,1177525.728722
1696320000,0.50999,0.511,0.50699,0.50963,1043296.346949
1696334400,0.50962,0.51306,0.50585,0.5075,1480009.167763
1696348800,0.5075,0.51426,0.50709,0.51398,1303222.899404
1696363200,0.5144,0.551,0.50917,0.53909,9326485.601016
1696377600,0.53908,0.54254,0.52,0.53571,8844750.979798
1696392000,0.5357,0.5357,0.52512,0.53204,943440.645483
1696406400,0.53212,0.5364,0.52789,0.53287,4602752.042844
1696420800,0.53324,0.53528,0.52804,0.5294,2095557.722518
1696435200,0.52881,0.53869,0.52663,0.52962,3797433.295105
1696449600,0.52958,0.53386,0.52908,0.53255,2426111.58595
1696464000,0.53269,0.53269,0.52728,0.52977,593552.880858
1696478400,0.52977,0.53004,0.52089,0.52368,1008951.42669
1696492800,0.52313,0.52511,0.52135,0.52255,1136702.300574
1696507200,0.52247,0.52724,0.51592,0.5193,1652519.984866
1696521600,0.51931,0.52575,0.51782,0.52237,2550763.232511
1696536000,0.52256,0.52494,0.52199,0.52279,464085.141823
1696550400,0.52272,0.52715,0.52239,0.52561,212283.387803
1696564800,0.52559,0.52559,0.51883,0.51983,777993.768293
1696579200,0.51993,0.52301,0.51933,0.52069,2162035.196164
1696593600,0.52077,0.52536,0.51715,0.52424,1403494.961341
1696608000,0.52474,0.52678,0.52325,0.52603,745508.905131
1696622400,0.52605,0.52968,0.52568,0.52575,656971.040902
1696636800,0.52566,0.52592,0.52375,0.52429,193016.116179
1696651200,0.52371,0.5245,0.52116,0.52268,448179.775111
1696665600,0.5228,0.52392,0.52181,0.52231,444362.464957
1696680000,0.5225,0.524,0.52183,0.52288,376413.076632
1696694400,0.52287,0.52357,0.5201,0.52124,325618.444073
1696708800,0.52126,0.52256,0.52103,0.52198,248767.864778
1696723200,0.52195,0.52381,0.52161,0.52298,148398.44439
1696737600,0.52327,0.5233,0.52028,0.52194,181758.29741
1696752000,0.52194,0.52224,0.51955,0.51955,283413.814014
1696766400,0.51931,0.52185,0.51593,0.51827,285398.668265
1696780800,0.51805,0.51884,0.5175,0.51844,426599.550265
1696795200,0.51843,0.51938,0.51665,0.51787,210713.943786
1696809600,0.5176,0.52017,0.51401,0.51905,389424.864639
1696824000,0.51907,0.51953,0.51196,0.5147,1009297.788458
1696838400,0.51467,0.5147,0.4875,0.49813,5934717.816101
1696852800,0.4981,0.50243,0.49758,0.49857,963220.739287
1696867200,0.49859,0.5018,0.49141,0.5012,1986289.03821
1696881600,0.50096,0.50623,0.50073,0.50269,526370.207029
1696896000,0.50269,0.50269,0.49795,0.50019,960227.634166
1696910400,0.50019,0.50143,0.49488,0.50004,1013713.691411
1696924800,0.50004,0.50131,0.49581,0.49667,702156.134039
1696939200,0.49678,0.4975,0.49187,0.4943,688590.169736
1696953600,0.4943,0.49961,0.4934,0.49961,1446038.235179
1696968000,0.49961,0.50005,0.49559,0.49664,1167649.984577
1696982400,0.49642,0.4977,0.48648,0.48973,2035681.633788
1696996800,0.48985,0.491,0.48202,0.48291,2862921.407039
1697011200,0.48262,0.48905,0.48161,0.48697,1755102.616958
1697025600,0.48703,0.48864,0.4825,0.48316,993819.01061
1697040000,0.48316,0.4876,0.4785,0.48514,4805984.667577
1697054400,0.48524,0.4891,0.485,0.48889,544610.295207
1697068800,0.4887,0.4887,0.48374,0.48586,739738.865562
1697083200,0.4858,0.48684,0.48142,0.48173,800686.037177
1697097600,0.48199,0.48219,0.47439,0.4801,2658683.621487
1697112000,0.48017,0.48076,0.4767,0.47752,1719605.400295
1697126400,0.4777,0.48303,0.473,0.48124,1665791.301033
1697140800,0.48099,0.48458,0.48094,0.48287,494625.185388
1697155200,0.48294,0.48522,0.48233,0.48267,599487.898707
1697169600,0.48259,0.48279,0.47891,0.48234,1221548.284507
1697184000,0.48263,0.48313,0.47871,0.4794,239323.184077
1697198400,0.47939,0.48516,0.47864,0.48101,1995016.081326
1697212800,0.48099,0.48359,0.47964,0.48346,581023.925993
1697227200,0.48373,0.49128,0.48316,0.48521,1795893.853722
1697241600,0.48499,0.48645,0.48443,0.48525,743934.08897
1697256000,0.48524,0.48609,0.48348,0.48374,570988.382493
1697270400,0.48379,0.48606,0.48375,0.48536,83444.842891
1697284800,0.48538,0.48747,0.48498,0.48747,893439.691213
1697299200,0.48743,0.48831,0.48581,0.48632,212343.664724
1697313600,0.48631,0.48733,0.48587,0.48672,200033.250717
1697328000,0.48667,0.48772,0.48533,0.48587,117254.820159
1697342400,0.48599,0.48649,0.48555,0.48648,41853.014726
1697356800,0.48658,0.48829,0.48637,0.48682,377791.929097
1697371200,0.48677,0.48766,0.48566,0.48713,240720.552154
1697385600,0.48704,0.4899,0.48681,0.48775,939310.013717
1697400000,0.48798,0.49,0.48701,0.48756,452529.66185
1697414400,0.48755,0.48858,0.48621,0.48777,356384.173637
1697428800,0.48786,0.49723,0.48508,0.493,2203990.155876
1697443200,0.493,0.49546,0.49019,0.49419,1371642.175289
1697457600,0.49427,0.51056,0.4914,0.49214,6979241.092896
1697472000,0.49215,0.49812,0.49053,0.49662,1023919.798544
1697486400,0.49648,0.49938,0.49437,0.49804,921657.128794
1697500800,0.49797,0.49801,0.49275,0.49285,323898.549719
1697515200,0.49241,0.49241,0.489,0.49155,1234862.887178
1697529600,0.49154,0.49285,0.48767,0.49249,1317918.70173
1697544000,0.49265,0.49269,0.48474,0.49066,634913.784987
1697558400,0.49035,0.49304,0.48979,0.49288,250432.19098
1697572800,0.49325,0.4941,0.49049,0.49149,806042.324236
1697587200,0.49126,0.49149,0.48884,0.49052,436758.049845
1697601600,0.49075,0.49234,0.48827,0.48916,1106181.181402
1697616000,0.48893,0.491,0.48677,0.49075,1753341.060508
1697630400,0.49069,0.49089,0.4872,0.48752,699604.411654
1697644800,0.48752,0.49264,0.48749,0.48945,3335392.140288
1697659200,0.48941,0.49015,0.48601,0.48796,448179.282247
1697673600,0.48803,0.48824,0.48036,0.48292,1178140.120649
1697688000,0.48339,0.48397,0.47782,0.48009,659123.504704
1697702400,0.48007,0.48313,0.47834,0.48238,1001027.771853
1697716800,0.48258,0.48714,0.48222,0.48714,1028392.056541
1697731200,0.48702,0.48922,0.48539,0.48888,560257.534507
1697745600,0.48906,0.52457,0.48834,0.52036,9954498.640825
1697760000,0.51986,0.53091,0.51259,0.52077,3945972.954293
1697774400,0.52087,0.52097,0.509,0.50981,2679672.214305
1697788800,0.5098,0.52089,0.5098,0.51611,3893603.620942
1697803200,0.51664,0.53,0.51467,0.52395,2743387.584472
1697817600,0.52411,0.52418,0.51606,0.5218,13388506.042498
1697832000,0.52147,0.52386,0.51466,0.51504,2071578.616554
1697846400,0.51505,0.51551,0.51133,0.51414,969160.222699
1697860800,0.51415,0.5177,0.51281,0.5177,578334.830207
1697875200,0.5178,0.5189,0.51581,0.51812,720997.746377
1697889600,0.51794,0.535,0.51491,0.52325,4321325.416823
1697904000,0.52363,0.52723,0.52165,0.52173,2022912.363415
1697918400,0.52194,0.52445,0.51878,0.52128,1687756.598558
1697932800,0.52117,0.52396,0.51686,0.52022,1117145.918182
1697947200,0.52049,0.52429,0.51215,0.51661,1384263.204378
1697961600,0.51667,0.51886,0.51543,0.51632,224591.393652
1697976000,0.51634,0.51918,0.51634,0.51847,952058.985449
1697990400,0.51859,0.52311,0.51859,0.52058,1641874.212983
1698004800,0.52057,0.5239,0.51765,0.522,1116882.386313
1698019200,0.52266,0.52718,0.51977,0.52439,2554744.379188
1698033600,0.52442,0.53011,0.52125,0.52354,3147410.097733
1698048000,0.52371,0.53526,0.52221,0.53148,4600651.455266
1698062400,0.53143,0.538,0.52531,0.53264,3285534.761641
1698076800,0.5324,0.536,0.53008,0.53598,1701345.74912
1698091200,0.53563,0.55311,0.53404,0.54756,10849619.916314
1698105600,0.54767,0.5573,0.54291,0.54458,8969141.353043
1698120000,0.54428,0.54879,0.5359,0.54036,8369442.378444
1698134400,0.53938,0.55358,0.53938,0.55234,5752428.351255
1698148800,0.55204,0.58597,0.52238,0.55403,20510676.21169
1698163200,0.55395,0.56441,0.54608,0.56014,7267166.779834
1698177600,0.56026,0.56291,0.5527,0.55876,2802228.823564
1698192000,0.55862,0.56086,0.55093,0.55348,4271998.182391
1698206400,0.55348,0.55732,0.541,0.54412,4111420.282052
1698220800,0.54398,0.55428,0.53943,0.55164,5840638.863622
1698235200,0.55165,0.56118,0.5504,0.55909,3954252.032464
1698249600,0.55905,0.564,0.5505,0.55673,5331855.888073
1698264000,0.55682,0.55754,0.55136,0.5554,1832054.095599
1698278400,0.55513,0.5587,0.5528,0.55725,1591272.980465
1698292800,0.55703,0.55831,0.54918,0.55785,2943109.745712
1698307200,0.55769,0.56918,0.552,0.55601,2608758.107644
1698321600,0.55614,0.56124,0.5424,0.54771,4044259.713625
1698336000,0.54751,0.55424,0.54485,0.5511,4115718.358255
1698350400,0.5511,0.55478,0.54984,0.55365,3105772.363187
1698364800,0.55358,0.55862,0.54848,0.55247,1167166.016955
1698379200,0.5527,0.5527,0.5452,0.5452,1602472.144735
1698393600,0.54537,0.55182,0.54521,0.54908,1597874.844157
1698408000,0.54909,0.555,0.548,0.55438,1452137.133912
1698422400,0.55441,0.55481,0.53167,0.5451,3313508.43522
1698436800,0.54511,0.54695,0.54289,0.54312,1186088.605232
1698451200,0.54283,0.54526,0.54082,0.54526,499510.399471
1698465600,0.54526,0.54669,0.54382,0.54508,1043876.539232
1698480000,0.54509,0.55033,0.54504,0.54712,574034.792502
1698494400,0.5472,0.54777,0.54326,0.54732,361712.054702
1698508800,0.54755,0.54757,0.5445,0.54467,575009.915008
1698523200,0.54469,0.54769,0.54407,0.5448,800906.593105
1698537600,0.54476,0.54569,0.54084,0.54251,843380.026203
1698552000,0.54251,0.54766,0.5425,0.54695,294436.58109
1698566400,0.54723,0.55588,0.54723,0.55537,1102265.116848
1698580800,0.55545,0.55746,0.55207,0.55648,928604.201456
1698595200,0.55678,0.56189,0.55567,0.55862,2726840.346188
1698609600,0.5589,0.55991,0.55515,0.55607,752621.516033
1698624000,0.55618,0.55754,0.55203,0.5546,722499.21645
1698638400,0.55467,0.55475,0.54937,0.55294,1583311.807636
1698652800,0.5527,0.56682,0.55195,0.563,2124215.461005
1698667200,0.56316,0.58412,0.56177,0.57772,7183335.508897
1698681600,0.57782,0.5837,0.5696,0.58243,7199365.534986
1698696000,0.58218,0.58257,0.57592,0.57835,1184138.374157
1698710400,0.57841,0.58068,0.57362,0.57446,1382343.999033
1698724800,0.57444,0.57606,0.56604,0.56793,1807615.230629
1698739200,0.56841,0.62046,0.56343,0.60425,10523563.420412
1698753600,0.60425,0.61403,0.58187,0.59532,6643088.528006
1698768000,0.5953,0.60464,0.59232,0.59918,3398485.576399
1698782400,0.59824,0.60355,0.59404,0.60002,1282163.301639
1698796800,0.6,0.6,0.59243,0.59262,1180434.094271
1698811200,0.59266,0.60904,0.58077,0.59893,3757459.880965
1698825600,0.59883,0.60485,0.5966,0.60302,1775433.554573
1698840000,0.60289,0.61136,0.59357,0.59707,7043614.397717
1698854400,0.59705,0.61331,0.5948,0.60919,5860786.774048
1698868800,0.60903,0.61703,0.60763,0.60885,4146404.84137
1698883200,0.60884,0.61354,0.60502,0.61227,2513385.593681
1698897600,0.61228,0.61228,0.60226,0.60423,3199355.781412
1698912000,0.60518,0.624,0.60235,0.617,4741747.612518
1698926400,0.61736,0.62622,0.60177,0.60428,4051689.467816
1698940800,0.60422,0.61329,0.58664,0.61015,6804238.722603
1698955200,0.60995,0.61172,0.60274,0.60545,1776370.262429
1698969600,0.60497,0.6054,0.59178,0.60112,2527127.388614
1698984000,0.60124,0.60161,0.59301,0.59638,868954.812365
1698998400,0.59638,0.60739,0.59521,0.6025,3801843.231709
1699012800,0.60269,0.61306,0.60107,0.61167,5273479.842455
1699027200,0.61168,0.61229,0.60393,0.61051,2881139.671462
1699041600,0.61076,0.61542,0.61024,0.61274,2502882.159505
1699056000,0.6123,0.6124,0.60927,0.61158,988046.959959
1699070400,0.61164,0.617,0.61046,0.61484,1177089.891186
1699084800,0.61472,0.61825,0.61346,0.61464,1610087.913404
1699099200,0.61463,0.61527,0.60933,0.61059,867049.057161
1699113600,0.61028,0.61386,0.61028,0.6127,564618.33234
1699128000,0.6127,0.61797,0.61223,0.61589,1282161.484473
1699142400,0.61573,0.63112,0.615,0.62526,4035227.01625
1699156800,0.6253,0.62577,0.6195,0.62263,2033087.614357
1699171200,0.62266,0.65579,0.62083,0.64597,7333798.979686
1699185600,0.64483,0.64989,0.62893,0.64487,4392596.089138
1699200000,0.64531,0.66,0.6432,0.65444,4710924.81928
1699214400,0.65463,0.66292,0.64478,0.66122,4491547.748764
1699228800,0.66122,0.68846,0.65908,0.68211,8003175.51364
1699243200,0.6816,0.68406,0.66849,0.68166,2803634.08167
1699257600,0.68161,0.70389,0.67722,0.70234,8700653.924871
1699272000,0.70256,0.73295,0.70037,0.71734,11351799.487215
1699286400,0.71727,0.71887,0.70331,0.71591,8359346.427498
1699300800,0.71591,0.72441,0.70875,0.7151,5205653.451136
1699315200,0.71473,0.71473,0.6505,0.68994,12391671.54327
1699329600,0.68994,0.6955,0.67946,0.69449,4386685.737814
1699344000,0.69438,0.70065,0.67,0.68332,5750542.734986
1699358400,0.68317,0.68915,0.6654,0.67191,6512775.173985
1699372800,0.67206,0.69159,0.65531,0.68878,11906617.104866
1699387200,0.68962,0.69679,0.67804,0.68551,7479414.312174
1699401600,0.68483,0.69195,0.67917,0.68512,1108197.23927
1699416000,0.68436,0.68732,0.67294,0.67391,4569208.797544
1699430400,0.67431,0.69881,0.67308,0.69322,4807063.945561
1699444800,0.69282,0.69619,0.67978,0.68461,3891817.041484
1699459200,0.68341,0.69351,0.68178,0.69075,5544682.501214
1699473600,0.69042,0.69486,0.6828,0.68737,3644954.369974
1699488000,0.68738,0.695,0.68106,0.6915,3961651.790071
1699502400,0.69151,0.70671,0.69091,0.69515,7295524.072681
1699516800,0.69528,0.70534,0.6888,0.6948,6240088.097054
1699531200,0.69508,0.70338,0.66441,0.6864,17026586.034648
1699545600,0.68735,0.68924,0.62608,0.658,13190795.760863
1699560000,0.65746,0.66791,0.64474,0.66693,4034458.424501
1699574400,0.66678,0.67101,0.65805,0.66577,4028722.715779
1699588800,0.66571,0.66701,0.65246,0.65324,2067207.035637
1699603200,0.65321,0.66207,0.6447,0.6607,2938626.826116
1699617600,0.6607,0.66099,0.63672,0.64711,5377846.736319
1699632000,0.64703,0.66388,0.64669,0.65941,5865247.13401
1699646400,0.65958,0.66566,0.65662,0.6598,6480900.362102
1699660800,0.65959,0.665,0.64788,0.64964,4690670.439685
1699675200,0.6496,0.66171,0.641,0.66072,1716851.08023
1699689600,0.66088,0.68766,0.66023,0.66784,5883465.174239
1699704000,0.66768,0.68,0.66613,0.6733,6561454.986699
1699718400,0.67364,0.68063,0.66719,0.67408,3339408.349321
1699732800,0.67417,0.67417,0.655,0.66233,2810593.826651
1699747200,0.66303,0.66362,0.64602,0.66072,1477250.740854
1699761600,0.66047,0.66936,0.65726,0.66782,725135.41934
1699776000,0.66799,0.67086,0.66423,0.66504,4582557.534302
1699790400,0.66528,0.6668,0.65797,0.66484,1784304.787304
1699804800,0.66441,0.66534,0.65902,0.66106,1240524.506251
1699819200,0.66101,0.66698,0.6576,0.66152,3091313.403608
1699833600,0.66133,0.6676,0.65316,0.65419,2684982.221446
1699848000,0.65399,0.6597,0.649,0.65621,2752890.240834
1699862400,0.65641,0.65999,0.64645,0.65099,1615734.491174
1699876800,0.65089,0.65377,0.64006,0.65017,3179801.670643
1699891200,0.65039,0.65449,0.6427,0.65178,2140091.865141
1699905600,0.65179,0.7499,0.6405,0.67098,44254273.006833
1699920000,0.67062,0.672,0.65595,0.65969,3281890.511531
1699934400,0.6595,0.67006,0.659,0.66411,1272497.622808
1699948800,0.66418,0.6698,0.621,0.65117,5129070.276803
1699963200,0.65074,0.66417,0.64726,0.65383,3482385.587305
1699977600,0.65403,0.6562,0.5938,0.62249,12867840.678878
1699992000,0.62217,0.63311,0.6211,0.62967,4361245.239258
1700006400,0.6297,0.63103,0.62536,0.62607,1978590.731095
1700020800,0.62653,0.63475,0.62653,0.62894,1898070.016815
1700035200,0.62894,0.64086,0.62894,0.64032,3028776.385139
1700049600,0.64035,0.64077,0.63558,0.63968,2718603.430077
1700064000,0.63992,0.64646,0.63227,0.64635,6729871.260095
1700078400,0.64635,0.65062,0.64085,0.64865,3896285.811692
1700092800,0.64862,0.64954,0.64434,0.6465,2000169.768347
1700107200,0.64649,0.6526,0.64599,0.65113,1689104.890995
1700121600,0.65114,0.6519,0.63893,0.64128,3992034.459127
1700136000,0.64129,0.64174,0.602,0.62248,7854041.517436
1700150400,0.62249,0.627,0.60346,0.61626,5458643.368057
1700164800,0.61625,0.61926,0.606,0.61189,3483987.637728
1700179200,0.61174,0.62352,0.61074,0.62207,1834294.196825
1700193600,0.62205,0.6242,0.6151,0.61527,1214747.105903
1700208000,0.61535,0.619,0.60789,0.6127,1704295.403637
1700222400,0.61277,0.614,0.58502,0.5902,6027069.638135
1700236800,0.59009,0.60932,0.58803,0.6068,6222259.57517
1700251200,0.6068,0.61602,0.60642,0.61339,901878.316661
1700265600,0.61339,0.61339,0.60252,0.60286,1345656.752582
1700280000,0.60277,0.60591,0.58988,0.60072,2933313.583445
1700294400,0.60073,0.60815,0.59884,0.60316,1747308.919284
1700308800,0.60336,0.60874,0.59765,0.60801,3361455.608379
1700323200,0.6073,0.61467,0.60611,0.61356,1536646.930946
1700337600,0.61345,0.61386,0.60711,0.61082,733182.978586
1700352000,0.61076,0.61076,0.60173,0.60786,652459.190483
1700366400,0.60781,0.61086,0.60701,0.61039,849719.97093
1700380800,0.61039,0.61364,0.60793,0.60913,903508.61899
1700395200,0.60913,0.62573,0.60894,0.62109,5213242.985632
1700409600,0.62095,0.6273,0.61826,0.62461,2215757.770494
1700424000,0.62526,0.62864,0.62087,0.62585,3415129.314225
1700438400,0.62633,0.62716,0.62158,0.62306,1023270.271273
1700452800,0.62324,0.62482,0.6157,0.62265,3824892.771847
1700467200,0.62258,0.62852,0.61914,0.62361,1637910.544566
1700481600,0.62376,0.62434,0.61183,0.61931,1986241.737312
1700496000,0.61933,0.62304,0.61213,0.6193,3707623.874134
1700510400,0.61917,0.6202,0.60707,0.61233,1651002.103771
1700524800,0.61242,0.6179,0.60668,0.61381,2290240.478151
1700539200,0.61402,0.61656,0.60594,0.60963,2087412.283852
1700553600,0.60986,0.61731,0.60775,0.61114,2109697.551139
1700568000,0.61127,0.61548,0.59276,0.6042,5095491.396275
1700582400,0.60433,0.60601,0.58066,0.59511,4392093.590389
1700596800,0.59521,0.60215,0.57238,0.57953,5470866.290671
1700611200,0.57877,0.5936,0.57799,0.59324,1389250.870045
1700625600,0.5932,0.5972,0.5885,0.59346,1767288.814784
1700640000,0.59342,0.59818,0.59123,0.594,2141745.05398
1700654400,0.59433,0.59852,0.59086,0.59361,1775890.417503
1700668800,0.5934,0.6133,0.59212,0.60929,3330904.77532
1700683200,0.6093,0.61631,0.6083,0.61099,3496201.718972
1700697600,0.61167,0.61474,0.60887,0.6112,884865.578307
1700712000,0.61123,0.61145,0.6065,0.61123,1429246.789377
1700726400,0.61123,0.6232,0.61092,0.61363,1795033.721055
1700740800,0.61363,0.62229,0.60923,0.61661,1714808.32013
1700755200,0.61676,0.62392,0.61346,0.62173,1509682.562963
1700769600,0.62172,0.62323,0.61788,0.6201,1820403.459973
1700784000,0.62094,0.625,0.62058,0.62115,1709953.216599
1700798400,0.62107,0.62473,0.61798,0.62391,2761177.268488
1700812800,0.62391,0.62551,0.61954,0.62063,1465701.875979
1700827200,0.62043,0.62506,0.6157,0.6227,1720660.219218
1700841600,0.62244,0.62504,0.61641,0.6192,1624552.669466
1700856000,0.61956,0.62277,0.61742,0.62158,670318.995997
1700870400,0.62135,0.62319,0.619,0.62255,965579.444238
1700884800,0.62254,0.62266,0.61992,0.62242,239537.115757
1700899200,0.62242,0.62314,0.61555,0.61786,735204.772439
1700913600,0.618,0.61991,0.61689,0.61952,214124.940485
1700928000,0.61942,0.62172,0.61924,0.62079,494180.773914
1700942400,0.62074,0.62356,0.61924,0.62298,726068.694437
1700956800,0.62312,0.62312,0.61875,0.6204,267434.145002
1700971200,0.62009,0.62187,0.61927,0.62187,232773.763125
1700985600,0.62176,0.63605,0.6202,0.62997,3390944.642347
1701000000,0.6299,0.6385,0.61821,0.62291,2900466.401691
1701014400,0.62237,0.62318,0.60705,0.61794,2354531.332094
1701028800,0.61807,0.61984,0.61565,0.61565,1076231.808004
1701043200,0.61579,0.61692,0.6054,0.60977,1160501.780946
1701057600,0.60971,0.61171,0.60101,0.60738,2537513.884095
1701072000,0.60735,0.60889,0.59915,0.60392,1037028.865999
1701086400,0.60381,0.60539,0.59731,0.59793,4042011.523075
1701100800,0.59786,0.60484,0.594,0.59865,3869252.455336
1701115200,0.59866,0.60403,0.59543,0.60392,1381502.291863
1701129600,0.60375,0.605,0.60133,0.60447,613072.386106
1701144000,0.60465,0.605,0.59585,0.60278,1417672.569798
1701158400,0.6028,0.60714,0.59733,0.60478,2496147.607054
1701172800,0.6049,0.61152,0.6036,0.60863,860218.069007
1701187200,0.60886,0.61399,0.60701,0.61131,2145063.885883
1701201600,0.61119,0.6132,0.6097,0.61093,951668.443446
1701216000,0.6109,0.61294,0.60925,0.61248,499745.6518
1701230400,0.61247,0.6158,0.60962,0.61353,4700750.830057
1701244800,0.61387,0.61762,0.60915,0.61162,3237626.957201
1701259200,0.6113,0.6129,0.60444,0.6079,1263991.710621
1701273600,0.60814,0.60992,0.60433,0.60934,2538275.977876
1701288000,0.60949,0.60983,0.6063,0.6094,584720.654381
1701302400,0.60923,0.60923,0.60539,0.60889,494526.279393
1701316800,0.60863,0.60979,0.60347,0.60383,1665987.250472
1701331200,0.60391,0.60594,0.59794,0.60586,4321104.448526
1701345600,0.60594,0.60665,0.60046,0.60212,1556732.098525
1701360000,0.60159,0.60483,0.60018,0.60334,880346.542799
1701374400,0.60366,0.60785,0.60347,0.60642,849709.1798
1701388800,0.60642,0.61235,0.60365,0.61051,803730.049677
1701403200,0.61059,0.61233,0.60891,0.61028,447855.768987
1701417600,0.61035,0.61446,0.60887,0.61089,760738.990143
1701432000,0.61124,0.612,0.60594,0.60762,970810.83888
1701446400,0.60823,0.61204,0.60735,0.61176,1222561.426492
1701460800,0.61204,0.61343,0.61083,0.61285,706740.59401
1701475200,0.61285,0.61365,0.61129,0.61298,577803.60287
1701489600,0.61311,0.61619,0.61309,0.61396,1062332.755109
1701504000,0.61396,0.61561,0.61352,0.61367,222096.876714
1701518400,0.61367,0.6166,0.61184,0.61434,1402432.150005
1701532800,0.61433,0.62213,0.61229,0.61919,1604913.800548
1701547200,0.6193,0.62268,0.61789,0.62121,1684533.140981
1701561600,0.62151,0.62261,0.61749,0.61811,1196788.441249
1701576000,0.61841,0.6206,0.61823,0.62055,644019.550052
1701590400,0.62064,0.63382,0.61908,0.62775,2549501.599636
1701604800,0.628,0.628,0.61804,0.62162,1926643.730595
1701619200,0.62185,0.62189,0.6174,0.62171,913980.517887
1701633600,0.62172,0.62729,0.6208,0.62347,982768.153367
1701648000,0.6232,0.6312,0.6222,0.62762,1530624.489997
1701662400,0.6281,0.635,0.62804,0.63348,4416854.759368
1701676800,0.63326,0.64388,0.585,0.62024,6742095.563527
1701691200,0.62023,0.62383,0.6131,0.61544,3304977.101579
1701705600,0.61554,0.62233,0.61506,0.62159,3209982.340145
1701720000,0.62098,0.62614,0.61997,0.6245,1455464.913687
1701734400,0.62451,0.63,0.61632,0.61839,833783.23409
1701748800,0.61838,0.62092,0.60815,0.61234,1136277.210649
1701763200,0.61245,0.61383,0.60887,0.61103,882760.077821
1701777600,0.61078,0.6155,0.60823,0.61433,1079781.746018
1701792000,0.61426,0.62717,0.61335,0.62227,2345147.841895
1701806400,0.62214,0.62354,0.61794,0.62109,1427303.077677
1701820800,0.62122,0.62667,0.61916,0.622,1560514.971036
1701835200,0.622,0.62833,0.61123,0.62715,2024999.454674
1701849600,0.62747,0.64102,0.6117,0.62014,4532199.348857
1701864000,0.62015,0.62848,0.62014,0.62763,2135794.922338
1701878400,0.62749,0.63144,0.62529,0.63066,1556181.275358
1701892800,0.63075,0.64367,0.62835,0.64022,3309216.46692
1701907200,0.64004,0.64166,0.63065,0.63279,1263154.24997
1701921600,0.63288,0.654,0.6328,0.64883,3683626.492368
1701936000,0.64849,0.64849,0.62231,0.63204,3444856.452952
1701950400,0.63202,0.63826,0.62963,0.63732,2247009.141353
1701964800,0.63731,0.64613,0.63555,0.64179,2117917.826045
1701979200,0.64179,0.64676,0.64021,0.64339,1540864.789859
1701993600,0.64351,0.65024,0.64057,0.64676,1041921.104862
1702008000,0.64661,0.65059,0.63821,0.64181,1395490.166568
1702022400,0.64154,0.64991,0.63946,0.6483,1352629.047573
1702036800,0.64862,0.65969,0.64717,0.65968,5520143.20149
1702051200,0.65966,0.67163,0.65966,0.6711,4800436.032335
1702065600,0.67097,0.67575,0.66697,0.67264,2663918.75095
1702080000,0.67217,0.67873,0.66728,0.676,2123171.736803
1702094400,0.676,0.70006,0.676,0.69199,6884807.6858
1702108800,0.69198,0.69511,0.67162,0.68727,3362219.512217
1702123200,0.6876,0.69234,0.67268,0.6808,3797923.077297
1702137600,0.68083,0.68167,0.66431,0.671,1716836.43225
1702152000,0.67122,0.67492,0.65275,0.65869,2323715.156647
1702166400,0.65965,0.66886,0.65965,0.66574,1589045.449015
1702180800,0.6654,0.671,0.66029,0.66583,1043747.943081
1702195200,0.66556,0.66616,0.64732,0.65619,4342358.660744
1702209600,0.65634,0.66216,0.65606,0.66154,1495447.075436
1702224000,0.66153,0.66512,0.65443,0.66229,1357740.413981
1702238400,0.66256,0.6695,0.65832,0.66175,1690456.273771
1702252800,0.66177,0.66276,0.60724,0.62782,7956964.61612
1702267200,0.62737,0.62984,0.61769,0.6212,3113003.084915
1702281600,0.62119,0.62687,0.61589,0.62648,2179748.086703
1702296000,0.62654,0.62674,0.614,0.61945,2257839.834168
1702310400,0.61964,0.62158,0.60108,0.61172,4152795.261246
1702324800,0.61169,0.62,0.60969,0.6185,2036437.845562
1702339200,0.61851,0.62573,0.61781,0.62303,2276260.968758
1702353600,0.62351,0.62573,0.61572,0.62499,1358101.069466
1702368000,0.62511,0.62511,0.61951,0.61951,964355.897493
1702382400,0.61975,0.62439,0.6129,0.61672,1045830.283523
1702396800,0.61662,0.61888,0.60683,0.61629,2523747.069434
1702411200,0.6165,0.6209,0.61239,0.619,1277687.156732
1702425600,0.61919,0.61919,0.60306,0.60508,2385028.34478
1702440000,0.60445,0.60736,0.5934,0.60453,3217040.715287
1702454400,0.60464,0.60823,0.60036,0.60069,567897.880269
1702468800,0.60083,0.61592,0.60065,0.6147,2543687.721026
1702483200,0.61468,0.62606,0.611,0.62534,1905942.748951
1702497600,0.62561,0.63493,0.62276,0.62717,2990096.040321
1702512000,0.62802,0.62817,0.62101,0.62319,1022584.960864
1702526400,0.62325,0.62795,0.62259,0.62588,933702.174341
1702540800,0.62596,0.63402,0.6229,0.63402,1340815.062161
1702555200,0.63393,0.63419,0.60554,0.62341,2318512.869439
1702569600,0.62333,0.63406,0.62333,0.63236,2023615.596466
1702584000,0.63183,0.63782,0.62917,0.63172,1425698.278667
1702598400,0.63141,0.64388,0.63028,0.63487,3259477.538457
1702612800,0.63502,0.63558,0.6286,0.63092,1522667.109812
1702627200,0.63084,0.63505,0.62943,0.6299,2439438.670646
1702641600,0.62962,0.62962,0.61613,0.61939,2161337.379202
1702656000,0.61931,0.62542,0.61764,0.62331,1539397.294676
1702670400,0.62337,0.62492,0.613,0.61538,1122761.527119
1702684800,0.6155,0.62165,0.61088,0.62165,359416.05083
1702699200,0.6217,0.6217,0.61868,0.61983,374958.567438
1702713600,0.61973,0.62323,0.61954,0.62323,443541.954142
1702728000,0.62325,0.62459,0.6212,0.62403,792573.466617
1702742400,0.62412,0.62481,0.6177,0.61861,544997.067785
1702756800,0.61929,0.62079,0.61796,0.61988,769416.830837
1702771200,0.62037,0.62173,0.61539,0.61818,557285.464815
1702785600,0.61824,0.61991,0.61293,0.61298,373122.630496
1702800000,0.61294,0.62273,0.61211,0.61946,523327.973412
1702814400,0.61944,0.61947,0.61247,0.61797,693011.946677
1702828800,0.61725,0.62136,0.6161,0.61822,840196.747182
1702843200,0.61826,0.61887,0.60821,0.61001,809118.561557
1702857600,0.60976,0.61282,0.6011,0.60552,973316.908923
1702872000,0.60576,0.60881,0.60037,0.6009,1567755.128843
1702886400,0.60084,0.60167,0.57814,0.58888,5322582.447822
1702900800,0.58866,0.6,0.5863,0.59613,1242088.902525
1702915200,0.59623,0.60643,0.5943,0.60514,1429821.465705
1702929600,0.60535,0.61431,0.60353,0.61229,1672762.632795
1702944000,0.6123,0.61633,0.6087,0.6121,1035292.734655
1702958400,0.61195,0.61381,0.60935,0.61086,732859.621855
1702972800,0.61105,0.61218,0.60693,0.60821,488971.982127
1702987200,0.60821,0.61086,0.60221,0.60519,815013.129451
1703001600,0.6052,0.60725,0.59737,0.60477,1728824.171499
1703016000,0.60466,0.60752,0.6029,0.60506,984378.177853
1703030400,0.60434,0.60875,0.60175,0.60825,481818.811825
1703044800,0.60849,0.61151,0.60668,0.60941,920328.22402
1703059200,0.60941,0.614,0.60839,0.611,815604.264882
1703073600,0.61111,0.625,0.61026,0.62156,2551691.445442
1703088000,0.62167,0.62634,0.61748,0.6214,2293079.578251
1703102400,0.62159,0.62159,0.60708,0.6172,1932928.760602
1703116800,0.6166,0.61661,0.61114,0.61446,1006848.9116
1703131200,0.61455,0.61709,0.61172,0.61659,1075539.626737
1703145600,0.61654,0.621,0.6136,0.61806,1228734.280218
1703160000,0.61882,0.621,0.61024,0.61527,2071419.570704
1703174400,0.61528,0.619,0.61339,0.61884,2453533.897231
1703188800,0.61887,0.62478,0.61873,0.62412,2538972.9303
1703203200,0.62421,0.62658,0.61836,0.61999,1022316.902227
1703217600,0.61999,0.62317,0.61633,0.61849,1225742.121696
1703232000,0.6188,0.63099,0.61732,0.62153,1819286.779035
1703246400,0.62161,0.62197,0.61582,0.62003,1793837.589812
1703260800,0.61987,0.62167,0.61573,0.61795,816742.800258
1703275200,0.61796,0.6256,0.61796,0.62523,883981.424554
1703289600,0.62525,0.62527,0.61334,0.61451,1794544.636362
1703304000,0.61451,0.6171,0.6115,0.61556,234720.8873
1703318400,0.61559,0.61764,0.61403,0.61563,476484.688671
1703332800,0.61564,0.61983,0.61545,0.61852,2729830.235513
1703347200,0.61851,0.62108,0.61806,0.61865,1445283.744479
1703361600,0.61868,0.62033,0.61697,0.61966,893582.584845
1703376000,0.61966,0.6225,0.61679,0.62062,1125809.335389
1703390400,0.62062,0.623,0.60914,0.6167,3728763.621767
1703404800,0.61664,0.62141,0.61346,0.61863,1240252.11659
1703419200,0.61882,0.624,0.61743,0.62196,1950945.379852
1703433600,0.6219,0.62378,0.6202,0.62373,902428.708306
1703448000,0.62373,0.63146,0.60554,0.61245,6058647.546152
1703462400,0.61288,0.61862,0.60908,0.61679,3180928.137353
1703476800,0.61679,0.61721,0.61564,0.61629,432494.051123
1703491200,0.61641,0.64839,0.61626,0.642,6849747.145448
1703505600,0.64208,0.6466,0.6318,0.63318,3113110.900743
1703520000,0.63348,0.63862,0.63157,0.63786,1742043.345746
1703534400,0.63778,0.64699,0.63548,0.64624,3042121.471387
1703548800,0.64624,0.6468,0.63328,0.63849,2288971.155236
1703563200,0.63864,0.63864,0.61501,0.62101,4658196.199359
1703577600,0.62115,0.62511,0.61516,0.62411,3113861.374327
1703592000,0.62403,0.63137,0.61836,0.62018,4147906.107446
1703606400,0.61979,0.62753,0.59541,0.61617,3632315.432924
1703620800,0.61603,0.62247,0.61573,0.62238,605277.558871
1703635200,0.62237,0.62237,0.6131,0.61672,678872.375747
1703649600,0.61674,0.62357,0.61674,0.6197,1358707.438387
1703664000,0.61953,0.63122,0.61887,0.62724,1601398.658355
1703678400,0.62738,0.63416,0.62606,0.63325,2427050.806479
1703692800,0.63349,0.64309,0.63134,0.63934,5149745.982957
1703707200,0.63948,0.642,0.63155,0.63455,2229116.394058
1703721600,0.63493,0.64938,0.63333,0.64203,3347774.564002
1703736000,0.64177,0.65782,0.62865,0.63719,5630231.762257
1703750400,0.63662,0.6504,0.63384,0.64374,2792925.67315
1703764800,0.64356,0.64522,0.62541,0.6295,5218691.890242
1703779200,0.62893,0.6337,0.62721,0.63331,1588576.907571
1703793600,0.63235,0.63726,0.62642,0.63512,1549014.76546
1703808000,0.63562,0.63601,0.622,0.63171,1440527.893169
1703822400,0.63176,0.63322,0.62369,0.62421,999071.948843
1703836800,0.62451,0.63299,0.62434,0.63188,2380058.746478
1703851200,0.63188,0.63679,0.6215,0.62466,1459688.04591
1703865600,0.62463,0.62665,0.61643,0.62349,3742287.266147
1703880000,0.62348,0.62348,0.6123,0.62326,1658521.123597
1703894400,0.623,0.62477,0.61939,0.62071,1887732.708709
1703908800,0.62071,0.62662,0.6207,0.62203,2815232.554142
1703923200,0.62204,0.62305,0.61643,0.62058,1546049.022804
1703937600,0.6206,0.62917,0.62058,0.62889,1278462.650648
1703952000,0.62849,0.62946,0.62454,0.62501,700783.317207
1703966400,0.62501,0.62559,0.62066,0.62066,966924.2904
1703980800,0.62058,0.62337,0.6182,0.62031,705580.352648
1703995200,0.62023,0.6242,0.62008,0.62339,208817.135213
1704009600,0.6234,0.62762,0.62211,0.62317,411698.785236
1704024000,0.62312,0.6251,0.62037,0.62208,1043755.407869
1704038400,0.62205,0.62378,0.62001,0.6204,880983.402815
1704052800,0.6204,0.62068,0.6063,0.61458,1878793.567417
1704067200,0.615,0.6184,0.6115,0.61296,975591.23014
1704081600,0.61295,0.61522,0.60786,0.61502,1127288.721362
1704096000,0.61507,0.61998,0.61437,0.61998,316545.319185
1704110400,0.62017,0.62197,0.61851,0.62174,978338.906177
1704124800,0.62145,0.62613,0.62007,0.62613,2121741.570964
1704139200,0.62614,0.63118,0.62572,0.62968,1565079.44878
1704153600,0.62969,0.63576,0.62928,0.63453,2288337.851135
1704168000,0.63444,0.63495,0.62857,0.63152,1254074.526226
1704182400,0.63153,0.64,0.62968,0.63227,2025018.465669
1704196800,0.6324,0.6338,0.62262,0.62536,2257346.555313
1704211200,0.62583,0.629,0.62187,0.6278,1203914.317061
1704225600,0.62765,0.6292,0.62424,0.62461,1825312.705255
1704240000,0.62462,0.62804,0.62301,0.6262,674947.778212
1704254400,0.62625,0.6394,0.62625,0.6323,1318338.629737
1704268800,0.63232,0.63634,0.61272,0.61902,2125621.007965
1704283200,0.61914,0.61914,0.45411,0.57729,27695657.755845
1704297600,0.57665,0.58045,0.56747,0.57405,4880146.760869
1704312000,0.57381,0.59032,0.57381,0.58252,2963982.279701
1704326400,0.5828,0.58356,0.57025,0.58182,823479.349617
1704340800,0.5816,0.58496,0.57469,0.57496,1805126.084157
1704355200,0.5761,0.57888,0.57146,0.57708,797761.041991
1704369600,0.57728,0.58884,0.57605,0.58618,2041925.830706
1704384000,0.58618,0.5898,0.5811,0.58748,3584938.541111
1704398400,0.58748,0.59428,0.58588,0.58721,2740593.821887
1704412800,0.5876,0.58915,0.5558,0.57644,2827074.984089
1704427200,0.57652,0.57847,0.57286,0.57406,1465018.817742
1704441600,0.57378,0.57942,0.5666,0.56909,923247.214077
1704456000,0.56909,0.57282,0.56026,0.56368,1643830.982701
1704470400,0.5637,0.57028,0.55348,0.56802,1866091.326912
1704484800,0.56802,0.57632,0.56801,0.57632,1058810.185198
1704499200,0.57601,0.57601,0.57147,0.57196,590222.108693
1704513600,0.57224,0.57385,0.558,0.5647,1186312.688537
1704528000,0.56481,0.56735,0.56202,0.56637,755080.204393
1704542400,0.56637,0.57359,0.5655,0.57121,896261.315095
1704556800,0.57129,0.57261,0.56745,0.56948,573688.099669
1704571200,0.56979,0.5706,0.56461,0.56829,1367292.167182
1704585600,0.56764,0.57136,0.56531,0.56687,552657.805199
1704600000,0.56683,0.57019,0.5658,0.5694,331236.970917
1704614400,0.56942,0.57298,0.56496,0.56669,444395.623951
1704628800,0.56656,0.57057,0.56419,0.56761,299319.399947
1704643200,0.56761,0.56859,0.56125,0.56777,1377160.57064
1704657600,0.56755,0.56791,0.54638,0.55129,1803922.340004
1704672000,0.55131,0.58147,0.5452,0.55985,7390237.044565
1704686400,0.56008,0.56552,0.55434,0.55749,1261813.094001
1704700800,0.55434,0.56358,0.55434,0.56246,672340.648788
1704715200,0.5628,0.56999,0.56249,0.56606,3479996.150156
1704729600,0.56662,0.58186,0.56445,0.58126,2949204.583626
1704744000,0.58121,0.58166,0.57502,0.57805,2692030.680643
1704758400,0.57804,0.57866,0.56706,0.5733,1160660.974188
1704772800,0.57343,0.57539,0.56835,0.57178,1699370.540402
1704787200,0.57195,0.57322,0.5623,0.56893,955812.842253
1704801600,0.56893,0.56977,0.55437,0.5602,1911659.90192
1704816000,0.55994,0.57699,0.556,0.57287,8394001.56606
1704830400,0.57312,0.57879,0.55617,0.5671,6408534.456488
1704844800,0.56703,0.57218,0.56645,0.56955,1127545.298094
1704859200,0.56954,0.57204,0.56294,0.56359,2295176.354755
1704873600,0.56361,0.56775,0.55845,0.56389,952720.661353
1704888000,0.56361,0.57877,0.54923,0.57026,3458168.657796
1704902400,0.57035,0.58022,0.56368,0.57913,4033320.965611
1704916800,0.57932,0.61428,0.5635,0.60085,11380352.959472
1704931200,0.60095,0.60287,0.59372,0.60282,2252472.832542
1704945600,0.6029,0.60587,0.58666,0.59765,4231614.278196
1704960000,0.59725,0.61465,0.59567,0.61209,1341315.119936
1704974400,0.61138,0.62388,0.59522,0.60116,9409883.35011
1704988800,0.60114,0.60636,0.59196,0.60506,2445034.542987
1705003200,0.60505,0.60688,0.59858,0.60193,1463898.898213
1705017600,0.60198,0.60366,0.59061,0.59805,1145261.603678
1705032000,0.59822,0.60067,0.59366,0.59509,2137393.240753
1705046400,0.59459,0.60232,0.58887,0.60039,2779381.478778
1705060800,0.60037,0.60115,0.58367,0.58697,3469870.991434
1705075200,0.58686,0.59084,0.56581,0.57925,5213390.162208
1705089600,0.57915,0.583,0.5545,0.57,4583508.014238
1705104000,0.56962,0.57254,0.5635,0.57175,848831.194754
1705118400,0.57152,0.57584,0.57127,0.57481,794285.244042
1705132800,0.57485,0.57691,0.57042,0.57387,1404216.620757
1705147200,0.57423,0.57648,0.5715,0.57464,2280759.611646
1705161600,0.5742,0.5755,0.57123,0.57457,706525.37672
1705176000,0.57451,0.57736,0.57397,0.57456,610140.973281
1705190400,0.57463,0.57541,0.57194,0.57374,623180.442645
1705204800,0.57364,0.57624,0.57191,0.57531,333481.513522
1705219200,0.57518,0.57968,0.57503,0.57671,576855.062586
1705233600,0.5764,0.57821,0.57455,0.57733,795712.885578
1705248000,0.57729,0.587,0.57418,0.57677,2242549.950014
1705262400,0.5757,0.5922,0.5728,0.57625,4045050.943146
1705276800,0.57625,0.58913,0.57625,0.58573,1388570.76559
1705291200,0.58614,0.58699,0.57625,0.57728,1444965.90887
1705305600,0.57711,0.5812,0.57629,0.57869,1109741.407009
1705320000,0.5786,0.57959,0.56855,0.56913,2319469.261156
1705334400,0.56967,0.58129,0.56964,0.58066,1899212.391506
1705348800,0.58049,0.58101,0.574,0.57565,2330156.257597
1705363200,0.57577,0.57815,0.57164,0.57758,690250.194632
1705377600,0.57758,0.57785,0.57141,0.57593,776012.148575
1705392000,0.57546,0.57655,0.57272,0.57362,432257.29197
1705406400,0.57418,0.5776,0.56593,0.57548,2204977.617863
1705420800,0.57509,0.57854,0.57303,0.57795,1591981.522632
1705435200,0.57815,0.57981,0.57539,0.57562,1258851.527717
1705449600,0.57575,0.5762,0.57348,0.57492,378564.000092
1705464000,0.57483,0.57544,0.5687,0.5721,1550667.361311
1705478400,0.57197,0.57238,0.56924,0.57028,515796.527507
1705492800,0.57027,0.57141,0.56638,0.56865,1010532.68394
1705507200,0.56858,0.57124,0.56122,0.57104,1549610.82055
1705521600,0.57112,0.57252,0.56684,0.5681,1614750.48928
1705536000,0.56811,0.56811,0.56303,0.56589,712514.485601
1705550400,0.56589,0.56802,0.56433,0.56797,1013598.577254
1705564800,0.56806,0.56852,0.56155,0.56249,761568.929243
1705579200,0.5626,0.56349,0.5582,0.56179,1444387.438691
1705593600,0.5618,0.56219,0.54251,0.54555,3438459.087701
1705608000,0.54598,0.5523,0.5456,0.5513,1153291.625791
1705622400,0.5515,0.55298,0.54445,0.54939,1173922.261256
1705636800,0.54882,0.55154,0.54655,0.54691,1001763.7333
1705651200,0.54667,0.55082,0.54553,0.54982,1546710.895409
1705665600,0.54984,0.55037,0.53685,0.53827,1207304.439986
1705680000,0.53829,0.54631,0.52129,0.54547,5376722.891057
1705694400,0.54547,0.54854,0.54336,0.54386,1364411.125156
1705708800,0.54382,0.54397,0.53893,0.54313,262768.353624
1705723200,0.54312,0.55183,0.54312,0.54898,419011.827013
1705737600,0.54887,0.55136,0.54355,0.54893,718492.926378
1705752000,0.54886,0.55054,0.54711,0.54751,979473.818968
1705780800,0.54852,0.55393,0.54,0.55337,1009185.008571
1705795200,0.55318,0.55485,0.54951,0.55374,656620.368514
1705809600,0.5534,0.55395,0.55032,0.55188,532831.475676
1705824000,0.55188,0.55408,0.55085,0.55181,840166.688791
1705838400,0.55211,0.55455,0.55027,0.55123,323604.792148
1705852800,0.55157,0.55235,0.54911,0.55053,819439.368523
1705867200,0.55092,0.55124,0.54547,0.54568,1386068.014496
1705881600,0.54588,0.5489,0.54,0.54141,1312503.678662
1705896000,0.5414,0.54163,0.53443,0.53655,1321247.183162
1705910400,0.53641,0.53709,0.52567,0.53091,1268801.675063
1705924800,0.53091,0.53378,0.52293,0.5281,1329712.097321
1705939200,0.52807,0.53507,0.51609,0.52494,2619931.674958
1705953600,0.52506,0.53184,0.52506,0.52634,2151239.738036
1705968000,0.52634,0.5299,0.52187,0.52952,1138020.236563
1705982400,0.53,0.53111,0.52073,0.52139,639329.910737
1705996800,0.52207,0.52326,0.50117,0.50433,3926014.042308
1706011200,0.50432,0.51251,0.4961,0.51031,3886434.883614
1706025600,0.50974,0.51282,0.50631,0.50765,1391232.514206
1706040000,0.50762,0.51864,0.50605,0.51774,1603549.15497
1706054400,0.5173,0.51862,0.5127,0.51441,669310.096385
1706068800,0.51441,0.51735,0.51072,0.51525,1416093.49927
1706083200,0.51542,0.5186,0.5109,0.51646,1474766.359775
1706097600,0.51642,0.5181,0.51255,0.51591,1610147.174578
1706112000,0.51617,0.51747,0.51234,0.5146,953206.522152
1706126400,0.51441,0.51874,0.51297,0.51788,1090141.502137
1706140800,0.51795,0.51795,0.51402,0.51486,276906.701207
1706155200,0.51496,0.51547,0.50983,0.51341,1788970.849428
1706169600,0.51373,0.51405,0.51032,0.51196,739699.813166
1706184000,0.51203,0.51266,0.50562,0.50708,2586625.572466
1706198400,0.50739,0.51446,0.504,0.51353,1884287.935914
1706212800,0.51361,0.51517,0.51096,0.51334,2776334.178496
1706227200,0.51328,0.51334,0.50875,0.51286,1670973.431583
1706241600,0.51309,0.51475,0.51001,0.51188,1185477.308667
1706256000,0.51134,0.52204,0.51082,0.52082,1544449.008485
1706270400,0.521,0.52159,0.51701,0.52088,1861526.280481
1706284800,0.52111,0.53645,0.52111,0.53268,3833682.071358
1706299200,0.53237,0.53458,0.52945,0.53182,1463238.344356
1706313600,0.53223,0.53436,0.53011,0.53261,470894.844313
1706328000,0.53255,0.53435,0.52801,0.52859,287883.588638
1706342400,0.5283,0.52997,0.52626,0.52974,938503.138867
1706356800,0.52979,0.53177,0.52909,0.52989,193535.895745
1706371200,0.52978,0.53128,0.52842,0.53019,381854.059208
1706385600,0.53019,0.53223,0.52988,0.53031,200027.45091
1706400000,0.5304,0.53286,0.52927,0.53286,287142.615044
1706414400,0.53269,0.53551,0.53023,0.53023,1229071.833896
1706428800,0.53078,0.53331,0.53007,0.53026,467368.631148
1706443200,0.53048,0.53114,0.52836,0.52943,672350.443695
1706457600,0.52985,0.53052,0.52173,0.52381,606661.841296
1706472000,0.52409,0.52685,0.52133,0.52413,417388.197884
1706486400,0.52377,0.52913,0.52179,0.52853,443266.2506
1706500800,0.52841,0.52933,0.52411,0.52472,759174.512791
1706515200,0.52467,0.52858,0.52163,0.52558,802072.896246
1706529600,0.52559,0.52703,0.51934,0.52701,1256530.574095
1706544000,0.52733,0.538,0.52574,0.53579,2620869.908401
1706558400,0.53595,0.54,0.53465,0.53538,2606286.751818
1706572800,0.5353,0.53894,0.53363,0.53747,1113223.178703
1706587200,0.53757,0.5376,0.53113,0.53397,1720437.376471
1706601600,0.5342,0.53494,0.53132,0.53388,769815.661284
1706616000,0.53388,0.53555,0.52356,0.52559,2667465.879861
1706630400,0.52586,0.52894,0.51399,0.51468,5256782.91768
1706644800,0.51421,0.51593,0.5075,0.51078,4282231.249869
1706659200,0.51016,0.51101,0.50254,0.51022,3397381.982833
1706673600,0.51019,0.52499,0.50984,0.51105,16773827.827111
1706688000,0.51056,0.51156,0.50122,0.50673,1137008.513747
1706702400,0.50657,0.50956,0.485,0.50854,4679457.386281
1706716800,0.50821,0.51427,0.50723,0.51082,3695405.537673
1706731200,0.51102,0.51102,0.499,0.50296,1518008.058344
1706745600,0.50303,0.50375,0.49181,0.49766,3678940.436604
1706760000,0.49766,0.4985,0.4912,0.49203,1418892.221368
1706774400,0.49203,0.49716,0.49001,0.49243,1739030.210128
1706788800,0.49244,0.50234,0.49244,0.4998,1622684.964238
1706803200,0.4993,0.51026,0.49785,0.50952,1809371.898008
1706817600,0.50941,0.50945,0.50391,0.50579,1907486.800236
1706832000,0.50583,0.50748,0.50404,0.50624,809545.466695
1706846400,0.50571,0.5068,0.50363,0.5068,933488.639373
1706860800,0.5068,0.50686,0.50275,0.50412,1165080.528584
1706875200,0.50438,0.50478,0.49887,0.50251,1265204.938838
1706889600,0.503,0.50588,0.50101,0.5039,5989014.785427
1706904000,0.50435,0.513,0.50336,0.51034,5153810.51077
1706918400,0.50989,0.50989,0.50583,0.50743,727791.949996
1706932800,0.50719,0.50869,0.5065,0.5077,526272.029682
1706947200,0.50779,0.52705,0.50718,0.52097,13773609.956099
1706961600,0.52139,0.52615,0.51684,0.52039,1586622.459073
1706976000,0.5201,0.52201,0.51711,0.52095,4234984.483184
1706990400,0.52074,0.52206,0.51802,0.51888,624387.517713
1707004800,0.51888,0.51897,0.51524,0.51751,504197.963623
1707019200,0.51751,0.51751,0.50904,0.51011,965835.991048
1707033600,0.51003,0.51394,0.50939,0.51308,1587447.783995
1707048000,0.51276,0.51375,0.51001,0.51096,909212.628663
1707062400,0.51079,0.51257,0.50443,0.50678,1010097.314383
1707076800,0.50652,0.50928,0.50001,0.50357,1012976.519187
1707091200,0.50307,0.50549,0.4971,0.50548,1077283.046143
1707105600,0.50532,0.50618,0.50311,0.50388,622125.889839
1707120000,0.50397,0.50701,0.50178,0.50459,15077254.047121
1707134400,0.50496,0.50836,0.5005,0.50132,933318.71705
1707148800,0.50213,0.51321,0.5021,0.5095,2433775.278033
1707163200,0.50948,0.5095,0.50396,0.50613,1450418.02635
1707177600,0.50578,0.50795,0.50382,0.50627,1478447.533172
1707192000,0.50641,0.507,0.50127,0.50299,740685.640694
1707206400,0.50368,0.50484,0.5,0.5005,3174057.67464
1707220800,0.50123,0.5048,0.49803,0.50396,692864.755745
1707235200,0.50439,0.50949,0.50259,0.50949,2127217.534052
1707249600,0.50949,0.51086,0.50464,0.5051,1549040.789495
1707264000,0.50511,0.50609,0.5028,0.50333,740000.020702
1707278400,0.50327,0.50472,0.49966,0.50072,682850.513029
1707292800,0.50068,0.50348,0.49907,0.50161,1288346.333134
1707307200,0.50154,0.50451,0.50129,0.50332,443612.321606
1707321600,0.50327,0.50989,0.50295,0.50896,2076023.389953
1707336000,0.5095,0.51517,0.5095,0.51404,2459152.746257
1707350400,0.51375,0.51779,0.51105,0.51365,1527902.875829
1707364800,0.51369,0.5148,0.50979,0.5117,1369784.576383
1707379200,0.51208,0.51736,0.51161,0.51305,1713961.928321
1707393600,0.5132,0.51889,0.51202,0.51723,3186447.615362
1707408000,0.51723,0.51825,0.51162,0.51513,1784587.930634
1707422400,0.51514,0.5174,0.51311,0.51473,1920599.915731
1707436800,0.51472,0.52043,0.51403,0.51893,874587.32695
1707451200,0.51893,0.51948,0.51456,0.51763,2365201.003514
1707465600,0.51764,0.52615,0.51686,0.52455,2830424.318063
1707480000,0.52455,0.52615,0.51795,0.52154,1842773.092115
1707494400,0.52157,0.52673,0.51962,0.52612,2062909.783501
1707508800,0.52613,0.52822,0.52402,0.52595,1512002.208434
1707523200,0.52614,0.52818,0.52358,0.52735,854988.966664
1707537600,0.52741,0.52747,0.52378,0.524,481449.800779
1707552000,0.52406,0.52546,0.51925,0.52118,596069.022041
1707566400,0.52121,0.52286,0.52002,0.52237,541210.193888
1707580800,0.52223,0.52387,0.52142,0.52292,1286362.587741
1707595200,0.52291,0.52563,0.52264,0.52401,643554.264156
1707609600,0.52418,0.52689,0.52177,0.52689,756922.340576
1707624000,0.5269,0.52966,0.5267,0.52825,1266223.798458
1707638400,0.52825,0.53582,0.52799,0.53353,1418467.828846
1707652800,0.53353,0.53353,0.52639,0.52938,640437.8455
1707667200,0.52923,0.52952,0.52472,0.52898,1251533.62366
1707681600,0.52897,0.52898,0.52408,0.52613,801947.404197
1707696000,0.52612,0.52852,0.5189,0.52306,895260.992266
1707710400,0.5229,0.5229,0.51535,0.51938,1431328.26901
1707724800,0.51948,0.52018,0.51482,0.51789,810241.97196
1707739200,0.51789,0.52865,0.51755,0.52796,1163991.715892
1707753600,0.52823,0.53755,0.52503,0.5311,3016461.540964
1707768000,0.5311,0.53542,0.53,0.53177,1810294.101647
1707782400,0.5317,0.53393,0.52773,0.52857,1117706.020112
1707796800,0.52857,0.53118,0.52778,0.53074,1451271.226649
1707811200,0.53087,0.531,0.52633,0.52879,1518757.569183
1707825600,0.5288,0.5288,0.5143,0.51984,4037116.814527
1707840000,0.51994,0.527,0.5187,0.5253,2111219.857607
1707854400,0.52536,0.52977,0.51979,0.52492,1956116.188462
1707868800,0.52481,0.52564,0.52074,0.52531,246622.463929
1707883200,0.52523,0.52546,0.52196,0.52495,2336390.608325
1707897600,0.52507,0.53308,0.5246,0.53187,2070595.000787
1707912000,0.53185,0.53799,0.5291,0.5326,2093202.711686
1707926400,0.53261,0.53999,0.53009,0.53896,2432205.79924
1707940800,0.53892,0.5424,0.53812,0.53833,1792565.571961
1707955200,0.53833,0.55863,0.53721,0.55323,3820181.78554
1707969600,0.55309,0.55701,0.54239,0.54989,1322086.064922
1707984000,0.54989,0.55499,0.54681,0.55044,2143480.92525
1707998400,0.55048,0.555,0.54422,0.54641,5665073.910247
1708012800,0.54709,0.55523,0.54258,0.55423,2385156.062864
1708027200,0.55431,0.57741,0.55201,0.56264,7253084.814325
1708041600,0.56285,0.57931,0.5587,0.5793,3448595.980709
1708056000,0.57931,0.57938,0.5633,0.56631,2478946.501693
1708070400,0.56607,0.5741,0.56043,0.57154,2370435.308198
1708084800,0.57122,0.57366,0.55305,0.56,3414960.254604
1708099200,0.56024,0.566,0.55937,0.56073,2725610.306835
1708113600,0.56065,0.56872,0.56065,0.56453,1756772.290746
1708128000,0.56477,0.56571,0.55822,0.56007,1097041.997517
1708142400,0.56001,0.56164,0.55807,0.5611,762617.36428
1708156800,0.56129,0.56129,0.55092,0.5539,1291214.480703
1708171200,0.55409,0.55488,0.54,0.54659,4198468.426925
1708185600,0.54617,0.55111,0.54521,0.54948,1288817.932615
1708200000,0.54922,0.55306,0.54911,0.54994,846787.431116
1708214400,0.54983,0.55306,0.54758,0.55023,859918.583187
1708228800,0.55041,0.55882,0.55041,0.55482,985485.862469
1708243200,0.55514,0.55897,0.55359,0.55862,304468.714227
1708257600,0.55894,0.55999,0.55374,0.55972,823020.356181
1708272000,0.55971,0.56266,0.55761,0.55846,1026031.727454
1708286400,0.55865,0.56164,0.55529,0.55701,452421.774388
1708300800,0.55719,0.56227,0.55719,0.56,542596.196044
1708315200,0.55975,0.5638,0.55637,0.56373,1479546.674059
1708329600,0.56373,0.56374,0.55601,0.5592,1302047.703805
1708344000,0.559,0.56077,0.5557,0.558,810627.761199
1708358400,0.55838,0.56382,0.55408,0.56252,2164697.700819
1708372800,0.5628,0.56759,0.56073,0.56254,1999631.809528
1708387200,0.56258,0.57251,0.55586,0.56711,2401788.006574
1708401600,0.56711,0.5736,0.5649,0.56668,2212527.869517
1708416000,0.56725,0.57147,0.55785,0.57124,2096618.24087
1708430400,0.5715,0.57521,0.54515,0.55474,4222474.952934
1708444800,0.55479,0.56066,0.54485,0.56043,3114151.913108
1708459200,0.56042,0.56674,0.55928,0.563,2234875.409833
1708473600,0.56283,0.56295,0.55638,0.55886,465666.355323
1708488000,0.55911,0.55911,0.54569,0.54694,906890.318166
1708502400,0.54712,0.55055,0.53259,0.53943,4188599.533085
1708516800,0.53894,0.54458,0.53434,0.53961,1243009.782302
1708531200,0.53999,0.54376,0.5355,0.54234,1564758.303611
1708545600,0.54214,0.54922,0.54087,0.54903,1408402.634394
1708560000,0.54886,0.54886,0.53881,0.54302,956053.8116
1708574400,0.54303,0.54749,0.54015,0.54578,1235433.761926
1708588800,0.54734,0.55,0.54461,0.5451,1885560.741977
1708603200,0.5451,0.54628,0.53694,0.5436,959282.762533
1708617600,0.5436,0.55,0.54026,0.54774,1647383.779044
1708632000,0.54789,0.552,0.53983,0.54112,3337429.274686
1708646400,0.54091,0.54335,0.53643,0.53755,644616.67546
1708660800,0.53773,0.54074,0.53557,0.53673,894619.6599
1708675200,0.53676,0.5381,0.53,0.53626,1176682.599207
1708689600,0.53616,0.53744,0.53154,0.53178,1268973.220524
1708704000,0.53191,0.53862,0.525,0.53823,2298916.273148
1708718400,0.53824,0.5409,0.53096,0.53405,1296685.97179
1708732800,0.53388,0.53698,0.53151,0.53656,337608.054546
1708747200,0.53652,0.54248,0.53619,0.54221,1038087.177586
1708761600,0.54242,0.54637,0.54012,0.54609,1142991.861388
1708776000,0.54593,0.546,0.54293,0.54319,1248575.863018
1708790400,0.54309,0.54779,0.54295,0.54604,731030.867989
1708804800,0.5461,0.5466,0.54378,0.54528,535833.443141
1708819200,0.54489,0.54797,0.54296,0.54533,479256.990328
1708833600,0.5455,0.54674,0.54382,0.54654,189594.301597
1708848000,0.5464,0.54856,0.54406,0.54429,601795.629623
1708862400,0.54437,0.54604,0.5425,0.54358,417284.496616
1708876800,0.54368,0.54582,0.542,0.5455,757205.018988
1708891200,0.54542,0.54671,0.54218,0.54245,465583.597895
1708905600,0.54253,0.54293,0.538,0.54066,1554697.95473
1708920000,0.54067,0.5407,0.53629,0.53692,796706.382749
1708934400,0.5369,0.53928,0.53059,0.53115,1399098.916516
1708948800,0.53057,0.54265,0.52901,0.54164,1733484.455793
1708963200,0.54164,0.55294,0.54119,0.55076,3474119.918127
1708977600,0.55054,0.55293,0.54866,0.55098,2559852.484089
1708992000,0.5512,0.56092,0.54826,0.55276,3729410.049624
1709006400,0.55329,0.55709,0.5506,0.55241,2066713.822056
1709020800,0.5527,0.56455,0.55214,0.55977,2181135.231713
1709035200,0.55957,0.56976,0.55523,0.56146,2637026.407109
1709049600,0.56146,0.59715,0.5574,0.59396,11345935.289219
1709064000,0.5936,0.59369,0.57835,0.58649,4640456.522449
1709078400,0.58649,0.59031,0.57773,0.57832,3200951.579379
1709092800,0.57894,0.58407,0.57591,0.5833,2162919.526506
1709107200,0.58356,0.59195,0.57667,0.57981,3888798.130417
1709121600,0.58074,0.59035,0.58035,0.58754,3093476.184445
1709136000,0.58746,0.60616,0.50966,0.56546,17664364.805492
1709150400,0.56497,0.57751,0.56025,0.57562,2823382.746707
1709164800,0.5757,0.587,0.56803,0.58612,2661121.909353
1709179200,0.58668,0.60784,0.58199,0.59382,5243552.422998
1709193600,0.59441,0.60125,0.58906,0.59634,2569010.178426
1709208000,0.59648,0.6089,0.59104,0.60629,3508070.833633
1709222400,0.60677,0.625,0.592,0.60974,8149982.392062
1709236800,0.60969,0.61136,0.578,0.58626,4054595.312677
1709251200,0.58704,0.5955,0.58691,0.5919,2279455.196767
1709265600,0.59135,0.59679,0.5836,0.58491,1489769.717845
1709280000,0.58495,0.59541,0.58346,0.5894,1719590.405385
1709294400,0.58941,0.5984,0.58561,0.58772,2487630.060412
1709308800,0.58818,0.59706,0.58676,0.59576,2618282.534808
1709323200,0.59577,0.60391,0.59342,0.60172,3325739.477303
1709337600,0.60175,0.63958,0.60023,0.63179,8067070.140993
1709352000,0.632,0.63397,0.62117,0.63141,4669868.743626
1709366400,0.63093,0.64325,0.62126,0.64325,4480361.123208
1709380800,0.64325,0.6512,0.62872,0.63013,4073940.201303
1709395200,0.63018,0.63902,0.62678,0.63426,3806299.055617
1709409600,0.63424,0.64539,0.62826,0.64519,2469866.392066
1709424000,0.64432,0.64482,0.62905,0.63613,1220487.277401
1709438400,0.63572,0.64012,0.5901,0.61112,5599997.451082
1709452800,0.61223,0.62416,0.60713,0.62399,1337343.348877
1709467200,0.62399,0.63021,0.6182,0.62297,1605671.824129
1709481600,0.62298,0.62945,0.62073,0.6271,1136697.611212
1709496000,0.6271,0.63288,0.62502,0.62738,831585.426001
1709510400,0.62702,0.639,0.61395,0.63558,1936825.631914
1709524800,0.63436,0.64383,0.62386,0.63739,2471406.724318
1709539200,0.63743,0.66507,0.63374,0.65954,9555980.806998
1709553600,0.65991,0.66514,0.645,0.66266,5690619.214917
1709568000,0.66228,0.66324,0.63482,0.65605,6759085.279383
1709582400,0.65589,0.65589,0.64644,0.64831,3810357.002079
1709596800,0.64846,0.66926,0.64436,0.65353,5004997.963195
1709611200,0.65362,0.65686,0.622,0.6413,4735657.62065
1709625600,0.64087,0.6528,0.63199,0.64991,2017746.288129
1709640000,0.64942,0.65451,0.6337,0.63951,3622392.569648
1709654400,0.63904,0.64175,0.53,0.5699,18451195.065548
1709668800,0.56874,0.59606,0.56,0.59297,12407570.144229
1709683200,0.59287,0.60076,0.57642,0.58488,4714355.159941
1709697600,0.58427,0.6171,0.58419,0.61491,3264710.446553
1709712000,0.61496,0.62404,0.60835,0.61472,2672971.879193
1709726400,0.61444,0.6152,0.58906,0.59883,6191876.896431
1709740800,0.59883,0.61489,0.59883,0.61301,2790169.002537
1709755200,0.61272,0.61669,0.60921,0.61254,2074842.29736
1709769600,0.61321,0.6285,0.60751,0.62748,4095586.284495
1709784000,0.62723,0.63013,0.61369,0.6259,4066236.533295
1709798400,0.62514,0.62837,0.6186,0.62254,2188608.235663
1709812800,0.6223,0.629,0.6158,0.62654,4569124.168585
1709827200,0.6257,0.63555,0.62063,0.63328,3522909.702756
1709841600,0.63351,0.63967,0.62784,0.62849,3652907.575973
1709856000,0.62849,0.63461,0.62661,0.62891,3720135.6528
1709870400,0.62918,0.63094,0.62069,0.62244,2658394.512509
1709884800,0.62254,0.63134,0.6195,0.62841,1457914.462898
1709899200,0.62859,0.63115,0.60341,0.6152,8813647.275851
1709913600,0.61519,0.62555,0.60334,0.62076,6500919.322534
1709928000,0.62121,0.62535,0.61913,0.6218,2628787.736287
1709942400,0.62179,0.6306,0.62001,0.62738,1630153.19179
1709956800,0.62749,0.63367,0.62641,0.6307,745959.943965
1709971200,0.63069,0.6312,0.61769,0.62414,875639.185612
1709985600,0.62412,0.62671,0.61962,0.62315,851581.544339
1710000000,0.62283,0.62477,0.61843,0.621,2131555.060278
1710014400,0.62198,0.62469,0.62039,0.62095,1423617.987378
1710028800,0.62147,0.62557,0.62072,0.62358,944698.55794
1710043200,0.62351,0.62804,0.623,0.62717,899213.146933
1710057600,0.62728,0.62863,0.6189,0.62008,1067159.873708
1710072000,0.62021,0.62164,0.60389,0.61146,1948168.153114
1710086400,0.61117,0.61579,0.61105,0.61312,1307732.081705
1710100800,0.61313,0.61522,0.59771,0.60861,3617770.320696
1710115200,0.60881,0.60983,0.585,0.60869,3991007.705575
1710129600,0.60879,0.62408,0.60368,0.62011,1816542.241931
1710144000,0.62035,0.63,0.61943,0.62303,4734983.396198
1710158400,0.62351,0.695,0.61685,0.69344,16689661.776764
1710172800,0.69349,0.7442,0.67837,0.73085,46754470.569951
1710187200,0.73101,0.73694,0.7112,0.72327,14305028.48858
1710201600,0.72294,0.7328,0.68791,0.68869,6371534.03837
1710216000,0.68951,0.70953,0.686,0.70304,5532605.802561
1710230400,0.70286,0.7049,0.67929,0.70169,6515967.331891
1710244800,0.70099,0.71337,0.688,0.70253,7344305.186926
1710259200,0.70329,0.7033,0.66,0.69156,17839747.41448
1710273600,0.69083,0.69118,0.6831,0.688,4613129.253645
1710288000,0.68817,0.7008,0.68248,0.69881,2945111.159719
1710302400,0.69786,0.70321,0.69418,0.69615,2744339.366236
1710316800,0.69615,0.69921,0.68767,0.68917,2638044.069911
1710331200,0.6894,0.69206,0.66884,0.67797,6215051.242878
1710345600,0.67797,0.68968,0.67449,0.6845,5409398.72486
1710360000,0.6845,0.69234,0.68089,0.68943,3010135.770173
1710374400,0.68967,0.69003,0.68138,0.68517,1697012.46935
1710388800,0.68445,0.6856,0.67217,0.68076,3469863.23318
1710403200,0.68148,0.70768,0.67744,0.68587,4472285.227707
1710417600,0.68559,0.69031,0.66,0.66902,8980221.363161
1710432000,0.66843,0.6772,0.63757,0.65071,8285911.782641
1710446400,0.65108,0.6725,0.65027,0.66889,3029559.263711
1710460800,0.66891,0.67513,0.611,0.63643,7998606.269563
1710475200,0.63632,0.64014,0.62342,0.63568,5099032.998902
1710489600,0.63537,0.63633,0.5979,0.62152,8078630.112766
1710504000,0.62164,0.63173,0.61834,0.62705,2122905.843976
1710518400,0.6274,0.64427,0.61835,0.63047,4168836.447676
1710532800,0.63044,0.63715,0.6197,0.63345,4295688.336522
1710547200,0.63432,0.64702,0.63375,0.64168,2838938.202474
1710561600,0.64085,0.64243,0.63121,0.6399,1062053.257107
1710576000,0.63893,0.64235,0.62481,0.63121,833626.676934
1710590400,0.63046,0.63106,0.613,0.62434,1668286.709313
1710604800,0.62409,0.62503,0.5979,0.6069,7716380.668216
1710619200,0.60624,0.61393,0.59282,0.60257,4553789.016064
1710633600,0.60256,0.61567,0.6,0.61416,1928349.989574
1710648000,0.61478,0.61478,0.58744,0.59994,4142137.506838
1710662400,0.5999,0.61897,0.59713,0.61379,1163739.182741
1710676800,0.61455,0.62132,0.60531,0.61977,2152801.291879
1710691200,0.61968,0.62312,0.61715,0.62175,1150241.913635
1710705600,0.6219,0.62461,0.61642,0.6186,2420473.016561
1710720000,0.61857,0.62353,0.60243,0.62011,1402309.244534
1710734400,0.62016,0.62749,0.61614,0.62115,1150928.744539
1710748800,0.62092,0.62092,0.60776,0.61126,1716831.82653
1710763200,0.61161,0.61294,0.59714,0.60611,3528001.164406
1710777600,0.60561,0.60973,0.59445,0.60386,3341967.383465
1710792000,0.60391,0.66855,0.60391,0.6453,13694843.154178
1710806400,0.64519,0.64853,0.60558,0.61451,7241398.045852
1710820800,0.61503,0.6153,0.57822,0.599,3521815.831274
1710835200,0.599,0.59937,0.57147,0.58985,4679541.303299
1710849600,0.58967,0.60631,0.58846,0.60556,3504335.296822
1710864000,0.60533,0.61071,0.60107,0.60792,2470828.552646
1710878400,0.60719,0.60785,0.57526,0.58483,4088081.672079
1710892800,0.58373,0.59425,0.57931,0.58279,2250939.209651
1710907200,0.58338,0.59574,0.56845,0.59437,4452003.542852
1710921600,0.59415,0.5997,0.59101,0.59637,4500633.056415
1710936000,0.59529,0.6,0.585,0.58659,3530459.846042
1710950400,0.58631,0.60897,0.56874,0.60624,4933935.946532
1710964800,0.60622,0.61905,0.60462,0.6115,7442786.092484
1710979200,0.6115,0.61362,0.60554,0.60749,1883125.677029
1710993600,0.60803,0.60911,0.59758,0.6046,2739470.215058
1711008000,0.60461,0.62399,0.60461,0.61813,2718872.198439
1711022400,0.61789,0.6554,0.61428,0.63669,7642681.835484
1711036800,0.63685,0.64605,0.62819,0.6365,3568397.230898
1711051200,0.63523,0.64274,0.62926,0.64094,4639477.410295
1711065600,0.64034,0.645,0.6224,0.63621,2905416.485874
1711080000,0.63617,0.63798,0.6297,0.63484,2147305.735935
1711094400,0.63499,0.63841,0.6148,0.61628,3725845.643753
1711108800,0.61628,0.62195,0.5992,0.61073,3882038.487034
1711123200,0.60959,0.61484,0.60439,0.61325,2123703.646494
1711137600,0.61255,0.61482,0.6044,0.61154,2061747.723442
1711152000,0.6116,0.61707,0.60398,0.60871,573489.284272
1711166400,0.60866,0.6181,0.60853,0.61605,701875.709075
1711180800,0.61594,0.62085,0.6154,0.619,846258.659024
1711195200,0.61904,0.63265,0.61889,0.62786,2143996.59987
1711209600,0.62797,0.631,0.62453,0.62483,1921893.583949
1711224000,0.62484,0.62541,0.61597,0.61726,1379234.892742
1711238400,0.61676,0.6217,0.61488,0.61597,696546.409257
1711252800,0.6161,0.63333,0.61428,0.62744,795803.006187
1711267200,0.62603,0.63333,0.62603,0.63076,924695.11442
1711281600,0.63081,0.63496,0.62699,0.63158,1270499.090699
1711296000,0.63202,0.63244,0.624,0.62992,678389.072864
1711310400,0.62901,0.63546,0.62847,0.6326,1577521.211436
1711324800,0.63219,0.63391,0.629,0.63122,985111.414118
1711339200,0.63121,0.63715,0.6287,0.62961,1713710.659761
1711353600,0.63037,0.634,0.62724,0.62774,1784825.843552
1711368000,0.62731,0.64613,0.62724,0.64298,3335014.636542
1711382400,0.6425,0.6625,0.63682,0.65575,6546965.61407
1711396800,0.6558,0.65839,0.63862,0.64068,5121808.135054
1711411200,0.64072,0.6473,0.63983,0.64414,1292963.27878
1711425600,0.64413,0.653,0.64375,0.64657,2048983.023054
1711440000,0.647,0.64996,0.6434,0.64457,2096765.045751
1711454400,0.64457,0.64539,0.62654,0.63425,2947213.808025
1711468800,0.63437,0.63579,0.6255,0.62963,2776941.039143
1711483200,0.62965,0.63412,0.62944,0.63171,1667829.780279
1711497600,0.63177,0.63463,0.62902,0.63176,738561.331016
1711512000,0.63176,0.63206,0.61893,0.62055,1361199.741592
1711526400,0.62055,0.62309,0.61222,0.62211,2169943.485611
1711540800,0.62246,0.62969,0.60626,0.61101,3218116.098967
1711555200,0.61101,0.61786,0.60733,0.6137,3000224.592895
1711569600,0.6137,0.61525,0.609,0.6115,1645064.123522
1711584000,0.61137,0.61586,0.6031,0.60907,2171296.330213
1711598400,0.60907,0.62357,0.60907,0.62204,800472.418962
1711612800,0.62211,0.62419,0.61889,0.62094,2351844.120514
1711627200,0.62098,0.62463,0.61723,0.62296,1472339.813478
1711641600,0.62295,0.63711,0.61969,0.62735,3728496.295553
1711656000,0.62716,0.62994,0.62362,0.62476,862593.788143
1711670400,0.62478,0.62549,0.61956,0.6213,1064423.349239
1711684800,0.62126,0.62318,0.60903,0.61027,1852737.877813
1711699200,0.6106,0.63196,0.61057,0.62988,2936954.741617
1711713600,0.62945,0.6449,0.62043,0.62475,4849468.129277
1711728000,0.62468,0.63592,0.62404,0.62625,3048221.492629
1711742400,0.62632,0.63262,0.6219,0.6306,2290880.83335
1711756800,0.6306,0.63192,0.62447,0.62569,848073.783186
1711771200,0.62562,0.62829,0.62283,0.62283,1051914.379288
1711785600,0.62283,0.62771,0.62109,0.62764,1166954.359995
1711800000,0.62767,0.63703,0.62575,0.62911,2030679.858852
1711814400,0.62902,0.63313,0.6235,0.62724,2935477.05229
1711828800,0.62699,0.62757,0.61855,0.62188,1057695.193812
1711843200,0.62188,0.62566,0.621,0.62257,375957.895042
1711857600,0.62249,0.62788,0.62186,0.62722,1846896.061302
1711872000,0.62736,0.62862,0.625,0.62645,494918.245033
1711886400,0.62653,0.6287,0.62574,0.62688,506377.668102
1711900800,0.62682,0.62983,0.62454,0.62856,1286833.409527
1711915200,0.62879,0.62956,0.62527,0.62932,796132.779372
1711929600,0.62932,0.63315,0.62749,0.62761,1900463.148648
1711944000,0.6275,0.62911,0.601,0.61548,3401624.260042
1711958400,0.61542,0.61542,0.60791,0.60988,1743716.929176
1711972800,0.60955,0.61452,0.59495,0.5997,3031664.490035
1711987200,0.59929,0.61222,0.599,0.61189,1986785.279283
1712001600,0.61113,0.61428,0.61066,0.61128,1188739.816074
1712016000,0.61148,0.61821,0.58451,0.5961,4196544.738622
1712030400,0.59576,0.60328,0.59429,0.60006,2593803.681549
1712044800,0.60017,0.60185,0.58057,0.5883,3349958.365663
1712059200,0.58816,0.59334,0.57889,0.58174,3247519.862144
1712073600,0.58177,0.59347,0.58035,0.5912,2887957.623456
1712088000,0.59076,0.59436,0.5845,0.58549,3233634.982552
1712102400,0.58549,0.58802,0.56781,0.58561,2610566.285527
1712116800,0.58561,0.59137,0.58356,0.58866,1794412.536166
1712131200,0.58856,0.59285,0.58088,0.58315,2782054.050347
1712145600,0.58339,0.58568,0.57677,0.5804,2066420.804478
1712160000,0.58001,0.58484,0.57315,0.57621,1861212.280985
1712174400,0.5762,0.57672,0.5672,0.57425,2973687.173563
1712188800,0.5743,0.57859,0.56562,0.56879,1129868.726611
1712203200,0.56863,0.57617,0.56235,0.57348,2741830.0479
1712217600,0.57348,0.57859,0.57282,0.57514,2300527.083208
1712232000,0.57512,0.61677,0.57503,0.5939,6703797.968564
1712246400,0.59439,0.60518,0.59422,0.59653,3321807.210062
1712260800,0.59649,0.5965,0.58565,0.5938,2224645.213183
1712275200,0.59333,0.59391,0.57973,0.588,1649590.592557
1712289600,0.58771,0.5879,0.57746,0.58168,3529559.369056
1712304000,0.58171,0.58768,0.57204,0.5723,2255217.247212
1712318400,0.57231,0.58398,0.56917,0.58346,3229332.555949
1712332800,0.58343,0.59071,0.58143,0.58895,2051336.466368
1712347200,0.58894,0.5916,0.58679,0.58723,2494969.442576
1712361600,0.5874,0.59109,0.58578,0.58962,547866.442872
1712376000,0.58972,0.59242,0.58939,0.59064,1031019.972964
1712390400,0.59026,0.59229,0.58773,0.58828,1793229.084796
1712404800,0.58811,0.59671,0.58704,0.59404,2037195.604157
1712419200,0.59426,0.59495,0.58937,0.59085,1538241.926306
1712433600,0.59085,0.59843,0.58927,0.59309,1658039.647614
1712448000,0.59314,0.59803,0.59305,0.59559,652602.071274
1712462400,0.59535,0.59676,0.59458,0.59582,326561.641825
1712476800,0.59603,0.5985,0.59539,0.59747,471963.173656
1712491200,0.59743,0.60252,0.59502,0.597,1884534.659644
1712505600,0.59735,0.60039,0.5903,0.59136,1079351.764687
1712520000,0.59163,0.59509,0.5902,0.59455,920138.308706
1712534400,0.59445,0.59445,0.5886,0.59189,616305.268968
1712548800,0.59188,0.60442,0.59005,0.6014,3178530.455747
1712563200,0.60222,0.61127,0.60092,0.60735,2626594.086279
1712577600,0.60739,0.61817,0.6024,0.61553,2598460.150153
1712592000,0.61524,0.62624,0.61508,0.62464,4266147.266651
1712606400,0.62463,0.62576,0.6151,0.6151,2274087.180337
1712620800,0.6151,0.61684,0.61194,0.61325,1061973.221477
1712635200,0.61318,0.6204,0.60765,0.60854,1376126.604096
1712649600,0.60766,0.62591,0.6019,0.62402,1344921.344802
1712664000,0.62433,0.642,0.61159,0.62181,7006321.85112
1712678400,0.62181,0.6248,0.61144,0.62423,2854337.497332
1712692800,0.62389,0.62724,0.61099,0.61386,1767266.474994
1712707200,0.61376,0.61487,0.60019,0.60652,1870429.113548
1712721600,0.60606,0.6161,0.60606,0.61459,1112581.781537
1712736000,0.61425,0.61601,0.6057,0.61253,1834289.941264
1712750400,0.61254,0.61344,0.59303,0.60735,3292793.982867
1712764800,0.60735,0.62,0.60414,0.619,3037238.230911
1712779200,0.61901,0.62,0.6131,0.6175,1481189.244126
1712793600,0.61728,0.62191,0.61528,0.61979,1291540.965354
1712808000,0.61959,0.621,0.615,0.61887,1511754.089218
1712822400,0.6189,0.62116,0.608,0.60937,2201643.60824
1712836800,0.60936,0.61493,0.60589,0.60802,1617230.428887
1712851200,0.60821,0.61261,0.60326,0.61232,1504233.47833
1712865600,0.61226,0.61435,0.60703,0.60857,4391408.133587
1712880000,0.60865,0.61199,0.60689,0.61199,964186.813753
1712894400,0.61199,0.61575,0.60915,0.61003,731385.539328
1712908800,0.61018,0.61247,0.60685,0.60801,1124516.143824
1712923200,0.60801,0.6081,0.59101,0.59328,4483095.542945
1712937600,0.59319,0.59639,0.45628,0.53668,27827594.145026
1712952000,0.53637,0.55081,0.53411,0.54736,10113048.614987
1712966400,0.54715,0.54773,0.5293,0.54314,2843438.77881
1712980800,0.54288,0.54911,0.54179,0.54242,1270964.228443
1712995200,0.54286,0.54582,0.5393,0.54264,836704.939649
1713009600,0.54244,0.54828,0.5411,0.54361,1330649.122813
1713024000,0.543,0.54383,0.48,0.49277,6940391.580753
1713038400,0.49203,0.49651,0.3875,0.47942,33345211.917679
1713052800,0.47942,0.48396,0.46596,0.47318,2299878.986766
1713081600,0.47358,0.5075,0.47358,0.48284,6062614.243743
1713096000,0.48274,0.49291,0.47961,0.48674,3391884.37318
1713110400,0.48687,0.49575,0.47382,0.49039,2594245.471924
1713124800,0.49,0.50742,0.48448,0.50385,3543369.119425
1713139200,0.50374,0.50461,0.49472,0.49848,972318.100717
1713153600,0.49847,0.51891,0.49543,0.51472,1926727.394065
1713168000,0.51411,0.51921,0.51163,0.51201,3325217.704274
1713182400,0.5119,0.51479,0.48916,0.49731,5226570.851838
1713196800,0.49721,0.50014,0.481,0.49783,5620940.143174
1713211200,0.4976,0.50004,0.48961,0.49779,2884436.464673
1713225600,0.49743,0.49792,0.48642,0.48908,1317732.730654
1713240000,0.48954,0.50198,0.47431,0.49868,6548378.618877
1713254400,0.4987,0.49909,0.47892,0.49145,3767335.10117
1713268800,0.49135,0.49228,0.48127,0.4884,5402377.395506
1713283200,0.48814,0.49758,0.48744,0.49198,3495803.581052
1713297600,0.49197,0.51026,0.49104,0.4967,3054019.69813
1713312000,0.4965,0.49815,0.49299,0.49791,1135513.381766
1713326400,0.49778,0.5079,0.49585,0.50462,1314509.289887
1713340800,0.50449,0.5056,0.48759,0.48759,2600872.932222
1713355200,0.4878,0.49332,0.47358,0.47791,3257146.162472
1713369600,0.47798,0.5024,0.47122,0.49935,4751109.291954
1713384000,0.49928,0.49928,0.49088,0.49514,1890387.112326
1713398400,0.4951,0.49931,0.48695,0.49746,917854.757407
1713412800,0.49719,0.49818,0.48801,0.49021,759653.367111
1713427200,0.49067,0.49865,0.486,0.49559,1557265.501625
1713441600,0.4962,0.50613,0.48802,0.50089,1939470.624215
1713456000,0.50091,0.50357,0.49417,0.50357,2342646.38395
1713470400,0.50302,0.504,0.50105,0.50296,1668194.132451
1713484800,0.50295,0.50295,0.46689,0.48508,3324311.382429
1713499200,0.48475,0.50347,0.48288,0.49549,1945040.893104
1713513600,0.4954,0.50309,0.49488,0.50211,1850748.059511
1713528000,0.50198,0.50419,0.49387,0.50357,2025424.348376
1713542400,0.5035,0.50796,0.49755,0.50689,2470629.349019
1713556800,0.50676,0.5109,0.49685,0.50288,1469636.691488
1713571200,0.50317,0.51478,0.49917,0.51209,3654219.514623
1713585600,0.5121,0.5161,0.51051,0.51473,1604436.127347
1713600000,0.51433,0.52616,0.51262,0.52037,1919528.007098
1713614400,0.52002,0.52207,0.51573,0.52142,4269918.518212
1713628800,0.52149,0.53008,0.52002,0.52726,3728541.0401
1713643200,0.52746,0.52987,0.52601,0.52916,599321.72106
1713657600,0.52908,0.53026,0.52241,0.52699,694177.878628
1713672000,0.52681,0.53546,0.52619,0.53386,765621.119903
1713686400,0.5333,0.53674,0.52825,0.53067,387707.822627
1713700800,0.53067,0.53068,0.52351,0.52749,1163212.862449
1713715200,0.52801,0.52814,0.51781,0.52307,1057834.34855
1713729600,0.52313,0.52895,0.52171,0.52465,1097952.320428
1713744000,0.52485,0.53595,0.5229,0.53256,3239083.567946
1713758400,0.5327,0.53977,0.53253,0.53274,1999770.045716
1713772800,0.53254,0.53578,0.53104,0.53328,1245292.767871
1713787200,0.53384,0.54359,0.53133,0.53887,2344570.238808
1713801600,0.539,0.55349,0.539,0.55179,5420268.03564
1713816000,0.55172,0.57053,0.55141,0.55601,13478606.120587
1713830400,0.55609,0.5576,0.54739,0.54953,1298193.290238
1713844800,0.5502,0.55172,0.54572,0.54892,1214021.90354
1713859200,0.54986,0.55053,0.54177,0.54388,2658701.190492
1713873600,0.54398,0.55002,0.54222,0.54695,2005963.89076
1713888000,0.54709,0.55519,0.54681,0.55518,2752782.696151
1713902400,0.55425,0.55507,0.54376,0.5449,1607047.003193
1713916800,0.5449,0.5479,0.54106,0.54703,1025516.3999
1713931200,0.54662,0.55154,0.54564,0.54927,1249432.195191
1713945600,0.54934,0.55171,0.54239,0.54427,915134.945104
1713960000,0.54404,0.54589,0.524,0.52619,5218757.780414
1713974400,0.52612,0.53757,0.52539,0.53756,2611779.970757
1713988800,0.53691,0.53764,0.52016,0.52719,1932024.844996
1714003200,0.5271,0.53041,0.5192,0.52597,891706.863612
1714017600,0.52584,0.52936,0.51887,0.52242,778076.908792
1714032000,0.52217,0.52685,0.516,0.519,1225617.056142
1714046400,0.51886,0.5251,0.51365,0.52413,1523217.266262
1714060800,0.52426,0.53116,0.5236,0.53054,1977120.400925
1714075200,0.53001,0.53248,0.52449,0.52541,1683286.994987
1714089600,0.52549,0.52968,0.51754,0.52781,1250182.703891
1714104000,0.52782,0.53542,0.52536,0.52606,1408570.866618
1714118400,0.5258,0.52703,0.521,0.52254,789744.913992
1714132800,0.52268,0.52614,0.51466,0.52028,1714648.356598
1714147200,0.52051,0.5284,0.51929,0.52707,1963493.800735
1714161600,0.52674,0.52968,0.52264,0.52579,1157425.756886
1714176000,0.5261,0.52633,0.50688,0.51911,1586982.868976
1714190400,0.51911,0.51991,0.51455,0.51455,286343.250689
1714204800,0.51417,0.51534,0.51063,0.51272,712681.286447
1714219200,0.51268,0.51903,0.51249,0.51557,478559.642791
1714233600,0.51581,0.52255,0.51469,0.51971,1137856.161463
1714248000,0.51999,0.51999,0.51666,0.5182,384561.208416
1714262400,0.51765,0.52386,0.51727,0.52231,468433.503023
1714276800,0.52205,0.52485,0.52128,0.52311,577407.142384
1714291200,0.52311,0.52339,0.51667,0.51694,263609.397736
1714305600,0.51704,0.52031,0.51704,0.51999,394581.514852
1714320000,0.51998,0.52134,0.51874,0.51925,1096668.768257
1714334400,0.51904,0.51953,0.50862,0.50983,837409.528604
1714348800,0.50984,0.5138,0.5033,0.50374,239774.608131
1714363200,0.50348,0.50833,0.499,0.50254,2848442.17247
1714377600,0.50262,0.50856,0.50019,0.50537,541709.945625
1714392000,0.50616,0.5139,0.5033,0.51227,2166559.79701
1714406400,0.51257,0.51711,0.51134,0.51596,1636210.325738
1714420800,0.51509,0.51697,0.50981,0.51516,1033362.7323
1714435200,0.51433,0.51901,0.50815,0.51451,1113256.038416
1714449600,0.51482,0.51706,0.50981,0.51031,831737.303728
1714464000,0.51019,0.5105,0.49434,0.49695,2818161.838769
1714478400,0.4974,0.50014,0.4882,0.49572,4219326.776241
1714492800,0.49574,0.50102,0.485,0.50102,13146829.048748
1714507200,0.50061,0.51287,0.4962,0.49975,6437264.926421
1714521600,0.50017,0.5032,0.496,0.50281,804966.901276
1714536000,0.50281,0.504,0.48507,0.49033,1805492.868805
1714550400,0.48936,0.49472,0.47871,0.49348,5358949.800879
1714564800,0.49355,0.49873,0.49248,0.49744,944584.43086
1714579200,0.49818,0.52046,0.49807,0.51006,3150740.782287
1714593600,0.51026,0.51826,0.50713,0.51673,2236684.839965
1714608000,0.51684,0.51899,0.50772,0.51073,669225.718813
1714622400,0.51072,0.51424,0.50674,0.51298,536737.946441
1714636800,0.51287,0.51832,0.5109,0.51734,920928.396985
1714651200,0.51739,0.52222,0.5131,0.52,975397.472904
1714665600,0.52013,0.52351,0.51835,0.52285,1573113.471518
1714680000,0.52312,0.5246,0.51784,0.51819,1607122.888762
1714694400,0.51811,0.52311,0.51618,0.52233,314426.734703
1714708800,0.52223,0.52262,0.51781,0.5182,1763096.118844
1714723200,0.51845,0.52623,0.51467,0.51652,1372859.812226
1714737600,0.51652,0.52787,0.51535,0.52703,2252989.813173
1714752000,0.52695,0.53103,0.52537,0.53099,1555130.751489
1714766400,0.531,0.53661,0.53008,0.53197,2352130.321379
1714780800,0.53193,0.53307,0.52777,0.5298,862261.882508
1714795200,0.5298,0.5308,0.528,0.5281,209797.042885
1714809600,0.52801,0.53754,0.528,0.53406,335087.093775
1714824000,0.53425,0.54,0.53404,0.53628,1746137.529316
1714838400,0.53607,0.53607,0.53214,0.53374,456062.924151
1714852800,0.53381,0.53532,0.52904,0.53032,410416.813396
1714867200,0.53044,0.53094,0.52424,0.52809,545442.005711
1714881600,0.52814,0.53011,0.52656,0.52906,248881.535721
1714896000,0.52867,0.53162,0.52814,0.52957,175002.09506
1714910400,0.5296,0.53226,0.52666,0.53185,2226286.974795
1714924800,0.53167,0.53301,0.5288,0.53019,762968.497381
1714939200,0.53013,0.5306,0.52762,0.52965,447850.593779
1714953600,0.52965,0.53317,0.52878,0.53168,429666.265885
1714968000,0.53136,0.53981,0.53087,0.53981,834378.200188
1714982400,0.53984,0.54731,0.53142,0.53477,2770306.091196
1714996800,0.53486,0.55955,0.52445,0.55899,4295641.718607
1715011200,0.55933,0.56996,0.54256,0.54649,9627452.860584
1715025600,0.54685,0.54809,0.5394,0.54023,1031299.233037
1715040000,0.54,0.54406,0.53335,0.53874,561839.541744
1715054400,0.53884,0.54013,0.53168,0.53819,1023458.437728
1715068800,0.53811,0.54351,0.53453,0.53453,1531850.156642
1715083200,0.53464,0.54179,0.53451,0.54005,1282279.066894
1715097600,0.54029,0.54249,0.53534,0.53536,1011984.853274
1715112000,0.53602,0.53733,0.522,0.52489,2080104.260039
1715126400,0.52539,0.52616,0.51905,0.52532,1084986.470733
1715140800,0.52523,0.52698,0.51777,0.52099,844623.741583
1715155200,0.52083,0.52302,0.51898,0.52047,631550.741809
1715169600,0.52114,0.52992,0.51739,0.52747,2466594.778044
1715184000,0.52732,0.52917,0.523,0.52521,657417.910427
1715198400,0.5259,0.52592,0.51551,0.51713,1793980.164134
1715212800,0.51701,0.52208,0.51701,0.52208,1144848.716332
1715227200,0.52192,0.52345,0.5142,0.51557,483183.643864
1715241600,0.51606,0.51922,0.50913,0.51366,861814.727746
1715256000,0.51354,0.51774,0.50876,0.51709,3647355.131144
1715270400,0.51694,0.5195,0.51364,0.5191,1244193.157355
1715284800,0.5191,0.52162,0.51404,0.52092,2292884.186322
1715299200,0.52065,0.52072,0.517,0.51753,958811.033772
1715313600,0.51779,0.51876,0.51544,0.51737,1407853.729852
1715328000,0.51737,0.51737,0.51301,0.51598,1895347.27823
1715342400,0.51604,0.51678,0.49728,0.50144,2882554.213372
1715356800,0.50095,0.50573,0.49728,0.50483,1591549.233099
1715371200,0.50494,0.50616,0.49968,0.50235,1576190.524549
1715385600,0.50235,0.50564,0.50177,0.50313,143943.288778
1715400000,0.50314,0.50606,0.50276,0.50539,273898.125909
1715414400,0.50577,0.5058,0.50079,0.50204,97321.948068
1715428800,0.50215,0.5069,0.50186,0.50652,442244.795778
1715443200,0.50631,0.50717,0.50552,0.50643,443538.007322
1715457600,0.50626,0.50668,0.50449,0.50592,185251.093627
1715472000,0.50561,0.50773,0.50538,0.50772,161218.347991
1715486400,0.50772,0.50856,0.50337,0.50387,169377.091443
1715500800,0.50396,0.50658,0.50278,0.50403,473287.931186
1715515200,0.50422,0.50511,0.50324,0.50458,438839.60352
1715529600,0.50448,0.50605,0.50036,0.50087,433326.91295
1715544000,0.50108,0.50108,0.49599,0.49926,609914.384261
1715558400,0.4995,0.50236,0.48672,0.49315,5933744.975448
1715572800,0.49321,0.50475,0.49057,0.50425,1539824.500392
1715587200,0.50351,0.51054,0.5002,0.50638,2361400.589754
1715601600,0.50661,0.5098,0.5045,0.50975,695304.119648
1715616000,0.50964,0.51202,0.5045,0.50777,1737245.873802
1715630400,0.50778,0.50798,0.50253,0.50497,1815974.486204
1715644800,0.50476,0.50889,0.50345,0.50666,854305.777085
1715659200,0.5067,0.5076,0.49746,0.50508,1564045.90044
1715673600,0.50508,0.50864,0.50264,0.50625,1358062.09808
1715688000,0.50619,0.51288,0.49796,0.50793,1442304.452027
1715702400,0.50805,0.50805,0.502,0.50515,443241.518971
1715716800,0.50481,0.50579,0.49853,0.49992,852260.356081
1715731200,0.50052,0.50189,0.49679,0.50139,1013044.396613
1715745600,0.50103,0.50316,0.4981,0.49958,1801635.158394
1715760000,0.49977,0.50362,0.49801,0.5009,537956.465626
1715774400,0.50063,0.51199,0.49873,0.51132,2420898.213305
1715788800,0.51135,0.51914,0.51025,0.51914,1957850.154806
1715803200,0.51929,0.51982,0.51667,0.51912,1240015.689997
1715817600,0.51909,0.51955,0.51568,0.51758,697410.76014
1715832000,0.51738,0.52046,0.51679,0.52046,829006.814096
1715846400,0.52047,0.5225,0.51597,0.51897,1673149.090037
1715860800,0.51897,0.5197,0.51215,0.51885,1070328.822891
1715875200,0.51866,0.52155,0.51637,0.5183,1637191.460768
1715889600,0.51823,0.51835,0.51279,0.51588,1275167.554666
1715904000,0.51588,0.51765,0.51405,0.51662,328065.060131
1715918400,0.51688,0.52277,0.51523,0.52212,1221513.413858
1715932800,0.52214,0.5224,0.51846,0.52054,564389.14393
1715947200,0.52054,0.52739,0.52046,0.52567,1028421.944851
1715961600,0.52567,0.52939,0.52208,0.52365,1495645.085365
1715976000,0.52382,0.52487,0.52182,0.52353,696294.283925
1715990400,0.52353,0.52438,0.52219,0.52438,650056.410401
1716004800,0.52441,0.52458,0.52239,0.52263,417749.932019
1716019200,0.52298,0.52579,0.52298,0.52388,364579.066694
1716033600,0.52413,0.52465,0.51914,0.52232,379266.166812
1716048000,0.52236,0.52305,0.52062,0.52109,846915.25786
1716062400,0.5209,0.52206,0.52031,0.52136,397865.116691
1716076800,0.52138,0.52362,0.52075,0.52246,739833.976439
1716091200,0.52204,0.523,0.51962,0.52076,172218.607769
1716105600,0.52081,0.52107,0.51625,0.51764,995408.075949
1716120000,0.51769,0.51769,0.51098,0.51272,842798.769639
1716134400,0.51265,0.51319,0.50763,0.50763,782189.740373
1716148800,0.5076,0.51003,0.50688,0.50961,583008.038041
1716163200,0.50958,0.51378,0.50691,0.51337,206247.415006
1716177600,0.51305,0.51808,0.50649,0.51409,445970.025404
1716192000,0.5141,0.51447,0.51021,0.5125,730530.615505
1716206400,0.51251,0.51793,0.51071,0.51638,865285.300491
1716220800,0.51674,0.53422,0.51649,0.53422,2359943.486231
1716235200,0.53432,0.53778,0.52902,0.53769,5033178.028404
1716249600,0.53761,0.54296,0.53319,0.53545,4551220.844382
1716264000,0.53567,0.54019,0.53316,0.54019,1202855.671665
1716278400,0.54036,0.5462,0.53808,0.54261,1265015.259126
1716292800,0.54266,0.55712,0.5407,0.54193,7575962.022492
1716307200,0.54194,0.54609,0.53403,0.53692,2469522.61681
1716321600,0.53676,0.54066,0.5312,0.53715,1845525.654856
1716336000,0.53714,0.53715,0.53306,0.53629,753264.701456
1716350400,0.53624,0.53624,0.52812,0.53445,986344.801512
1716364800,0.53449,0.53751,0.53121,0.53449,1683762.619176
1716379200,0.5326,0.53653,0.5267,0.53555,1366730.425637
1716393600,0.53558,0.53773,0.52637,0.52838,1628084.152393
1716408000,0.52862,0.53,0.522,0.52643,2530271.883937
1716422400,0.52643,0.52932,0.5252,0.52907,748337.337609
1716436800,0.52904,0.52951,0.52471,0.52879,596844.195396
1716451200,0.52872,0.53,0.52262,0.52878,620572.714993
1716465600,0.52878,0.5477,0.51,0.52885,3810544.874304
1716480000,0.52881,0.52947,0.51626,0.52028,2727804.701081
1716494400,0.5191,0.52978,0.50282,0.52848,2402911.208687
1716508800,0.52842,0.53425,0.52575,0.52998,411786.424391
1716523200,0.53029,0.53109,0.51711,0.52259,760557.568339
1716537600,0.52259,0.53094,0.51836,0.52748,1257596.464557
1716552000,0.52749,0.5367,0.52688,0.53204,2032683.459543
1716566400,0.53256,0.53407,0.53,0.53299,1780626.613491
1716580800,0.53311,0.53585,0.53133,0.53567,732185.407119
1716595200,0.53584,0.53585,0.53321,0.53432,246897.877161
1716609600,0.53474,0.53729,0.5339,0.53474,861405.966729
1716624000,0.53476,0.54119,0.53425,0.53791,913769.098864
1716638400,0.53791,0.54227,0.53353,0.53955,728794.081148
1716652800,0.53965,0.54056,0.53712,0.53928,926155.184287
1716667200,0.5396,0.54206,0.53865,0.54164,345391.780184
1716681600,0.54116,0.54164,0.53875,0.53992,221327.996114
1716696000,0.53961,0.53968,0.53753,0.53922,213788.326414
1716710400,0.53921,0.53953,0.53425,0.53593,668804.234949
1716724800,0.53593,0.536,0.5299,0.53104,446472.769299
1716739200,0.53097,0.53174,0.52938,0.53067,246964.988417
1716753600,0.53053,0.53053,0.52593,0.52809,389145.796366
1716768000,0.52808,0.53324,0.52736,0.53151,277127.450811
1716782400,0.53121,0.53182,0.52345,0.527,865249.170926
1716796800,0.5275,0.53184,0.5262,0.52773,946356.291787
1716811200,0.52758,0.54,0.52758,0.53876,1170973.591592
1716825600,0.53888,0.54058,0.5287,0.53126,1462460.975854
1716840000,0.53137,0.53584,0.53092,0.53347,1254220.768926
1716854400,0.53352,0.53471,0.52514,0.52756,719794.676917
1716868800,0.52718,0.52723,0.52123,0.5257,1321960.30564
1716883200,0.52556,0.53223,0.52556,0.52987,323455.818283
1716897600,0.53023,0.53279,0.52593,0.52959,728850.483704
1716912000,0.52943,0.5298,0.52194,0.52661,1758658.603696
1716926400,0.52702,0.52954,0.52503,0.52821,297828.348147
1716940800,0.5285,0.52865,0.52439,0.52823,537725.313531
1716955200,0.52817,0.53088,0.52495,0.52556,1371325.392217
1716969600,0.52574,0.53221,0.5217,0.52847,1040750.170337
1716984000,0.52847,0.53139,0.52688,0.5276,793495.545691
1716998400,0.5269,0.5284,0.52316,0.52316,1149227.054022
1717012800,0.52301,0.52436,0.51929,0.52317,618834.47802
1717027200,0.5231,0.52689,0.52235,0.52686,530100.70937
1717041600,0.52688,0.52718,0.51332,0.51615,1663500.888979
1717056000,0.5153,0.52173,0.51267,0.5201,872123.010145
1717070400,0.51962,0.52405,0.51944,0.52405,1005695.512129
1717084800,0.52432,0.52584,0.5216,0.52208,1136487.847918
1717099200,0.52156,0.52156,0.51699,0.51871,1215376.307275
1717113600,0.51834,0.52158,0.51767,0.52137,724726.519371
1717128000,0.52165,0.52169,0.5157,0.51618,601191.155173
1717142400,0.51617,0.52316,0.51617,0.52087,947245.320896
1717156800,0.52102,0.52504,0.51671,0.51685,808596.958254
1717171200,0.51711,0.5187,0.51188,0.51789,876347.970249
1717185600,0.51761,0.5195,0.51687,0.51703,535491.84181
1717200000,0.5171,0.51958,0.51708,0.51894,234310.711218
1717214400,0.51868,0.51945,0.51803,0.51857,379305.120188
1717228800,0.51887,0.52088,0.51804,0.52,268322.0806
1717243200,0.51973,0.52133,0.51952,0.51982,194896.867755
1717257600,0.51985,0.5202,0.51796,0.51929,421418.426149
1717272000,0.51941,0.52016,0.51722,0.5183,304183.806706
1717286400,0.5183,0.51936,0.51776,0.5186,262476.150057
1717300800,0.51866,0.51907,0.51613,0.51644,259711.294611
1717315200,0.51636,0.51736,0.513,0.51673,582401.068247
1717329600,0.51674,0.51948,0.51607,0.51729,143779.239813
1717344000,0.51727,0.51727,0.508,0.5125,841451.050098
1717358400,0.5126,0.51449,0.51037,0.51348,365427.473289
1717372800,0.51348,0.51833,0.5118,0.51629,531990.396873
1717387200,0.51618,0.52164,0.5148,0.52103,1033135.529589
1717401600,0.52051,0.52241,0.51863,0.51863,416360.942494
1717416000,0.51873,0.52278,0.517,0.52169,1141592.399204
1717430400,0.5217,0.52176,0.51736,0.52159,1708051.582215
1717444800,0.5216,0.5222,0.5197,0.5202,490434.45464
1717459200,0.5198,0.52184,0.51883,0.52098,251207.225649
1717473600,0.52104,0.52169,0.51825,0.52006,372179.229379
1717488000,0.52021,0.52552,0.51841,0.52214,1647149.945421
1717502400,0.52238,0.52949,0.5221,0.52945,888646.466003
1717516800,0.52945,0.53,0.52475,0.52749,2219768.770006
1717531200,0.52741,0.52741,0.5245,0.52576,357160.77144
1717545600,0.52586,0.52748,0.52456,0.52575,519794.134253
1717560000,0.52575,0.52695,0.52456,0.52687,555180.177655
1717574400,0.52675,0.53251,0.5254,0.52858,2656229.567705
1717588800,0.52871,0.52999,0.52594,0.52903,606774.579794
1717603200,0.52918,0.53023,0.52568,0.52752,1705818.987556
1717617600,0.52753,0.5278,0.5244,0.52562,478087.979561
1717632000,0.52596,0.52716,0.52448,0.52561,259236.66388
1717646400,0.52574,0.52601,0.52239,0.52473,628851.222992
1717660800,0.52441,0.52707,0.52294,0.52609,899694.550295
1717675200,0.52603,0.5277,0.52512,0.52646,1269576.157511
1717689600,0.52629,0.52759,0.51928,0.51975,1868186.486337
1717704000,0.51944,0.52194,0.5163,0.52149,846834.311333
1717718400,0.52149,0.52239,0.52,0.52238,243404.397268
1717732800,0.52239,0.52559,0.52238,0.52491,925103.951213
1717747200,0.52511,0.52715,0.52248,0.52683,430271.918645
1717761600,0.52691,0.52733,0.52201,0.52356,1833878.041587
1717776000,0.52351,0.53476,0.4533,0.49319,25174374.650663
1717790400,0.49326,0.50335,0.49201,0.49891,2364120.211254
1717804800,0.49891,0.50034,0.49703,0.49998,394976.462295
1717819200,0.49967,0.5006,0.49845,0.50014,589203.729348
1717833600,0.49993,0.50015,0.49127,0.49325,723324.772688
1717848000,0.49328,0.49547,0.49067,0.49313,780498.739721
1717862400,0.49272,0.49522,0.48956,0.49307,654674.495915
1717876800,0.49308,0.49443,0.49152,0.49274,613308.328827
1717891200,0.49265,0.49446,0.49145,0.49305,281471.98392
1717905600,0.49306,0.49448,0.49248,0.49398,166100.347979
1717920000,0.49399,0.49504,0.49315,0.49437,319760.681705
1717934400,0.49437,0.49697,0.49374,0.49515,253337.012738
1717948800,0.4952,0.49814,0.49494,0.49767,171411.65031
1717963200,0.49785,0.49931,0.49732,0.49871,394757.355311
1717977600,0.49866,0.50111,0.49674,0.50081,454088.312492
1717992000,0.50076,0.5008,0.4934,0.4934,346241.942027
1718006400,0.49365,0.49957,0.49365,0.49673,915533.99673
1718020800,0.49679,0.5053,0.49622,0.50453,1325066.739218
1718035200,0.50402,0.50443,0.49644,0.49663,1697421.619579
1718049600,0.49637,0.49771,0.49501,0.49671,886050.456614
1718064000,0.49671,0.49672,0.4809,0.48775,2171190.467291
1718078400,0.48772,0.48845,0.47911,0.48571,1744822.803544
1718092800,0.48571,0.487,0.48336,0.48372,469409.428808
1718107200,0.48379,0.48441,0.47011,0.47632,2120993.858185
1718121600,0.4772,0.4816,0.47189,0.47995,2651088.363802
1718136000,0.47959,0.48135,0.47889,0.48022,659856.287876
1718150400,0.48021,0.48141,0.47433,0.48141,1143672.304133
1718164800,0.48141,0.48281,0.47829,0.48095,946679.567382
1718179200,0.48091,0.48456,0.48027,0.48161,1181827.99354
1718193600,0.48182,0.4981,0.48182,0.4966,4214402.075499
1718208000,0.49679,0.49754,0.48183,0.48426,2711064.616766
1718222400,0.48416,0.49199,0.48288,0.49156,1711595.331368
1718236800,0.49155,0.49155,0.4833,0.486,1100014.329431
1718251200,0.486,0.48887,0.4841,0.48839,592217.377078
1718265600,0.48834,0.48834,0.48405,0.48421,962041.209311
1718280000,0.48445,0.48855,0.47976,0.48026,1160508.42395
1718294400,0.4802,0.4848,0.47925,0.48217,993129.313864
1718308800,0.48203,0.48272,0.4758,0.47688,1353858.463175
1718323200,0.47688,0.48108,0.47465,0.47847,695091.876377
1718337600,0.47862,0.4813,0.47744,0.47783,705097.727263
1718352000,0.47761,0.4795,0.47615,0.47779,654250.220502
1718366400,0.4778,0.48047,0.47261,0.47411,1089258.008152
1718380800,0.4741,0.47462,0.46,0.4689,3506093.041166
1718395200,0.46868,0.47861,0.46868,0.47428,800375.222786
1718409600,0.47428,0.47652,0.47399,0.47652,266734.157993
1718424000,0.47653,0.4792,0.47652,0.47832,176035.379076
1718438400,0.47812,0.48027,0.47812,0.47982,246327.798602
1718452800,0.47982,0.48504,0.47912,0.48482,364117.690733
1718467200,0.48443,0.50497,0.48364,0.494,2370404.013675
1718481600,0.49402,0.49708,0.48878,0.49052,1150641.78711
1718496000,0.49052,0.49139,0.48805,0.49083,493533.052998
1718510400,0.49065,0.49105,0.48805,0.48823,427971.897961
1718524800,0.48825,0.49894,0.4882,0.49589,728134.771058
1718539200,0.49573,0.4958,0.48899,0.49077,298977.432334
1718553600,0.49065,0.49076,0.48758,0.48949,244791.223839
1718568000,0.48945,0.4905,0.48765,0.48884,388221.957397
1718582400,0.48885,0.49043,0.48441,0.4889,581981.170201
1718596800,0.48865,0.50054,0.48387,0.49825,1685286.435647
1718611200,0.49899,0.50358,0.49121,0.49857,1656855.649382
1718625600,0.49856,0.52026,0.49736,0.50875,5081839.763515
1718640000,0.50889,0.51902,0.49543,0.51767,2765633.002277
1718654400,0.51766,0.51835,0.50337,0.50521,1012697.847368
1718668800,0.50453,0.50776,0.47001,0.4904,5850946.919861
1718683200,0.48985,0.50421,0.48734,0.50024,2280289.167095
1718697600,0.50019,0.51014,0.49324,0.49539,2689919.199781
1718712000,0.49546,0.4968,0.48237,0.4847,1716782.767499
1718726400,0.48466,0.48466,0.47651,0.4822,1267415.294888
1718740800,0.48211,0.49143,0.48124,0.49077,952896.193673
1718755200,0.49066,0.497,0.48903,0.49593,572584.33528
1718769600,0.49521,0.49644,0.49064,0.49169,1200340.121904
1718784000,0.4914,0.4941,0.48715,0.49248,2667888.456174
1718798400,0.49199,0.49534,0.49006,0.4922,445583.724415
1718812800,0.49208,0.4994,0.49159,0.49575,513558.948617
1718827200,0.49599,0.49779,0.49024,0.49291,3831162.217298
1718841600,0.4925,0.49737,0.49157,0.4932,366391.502801
1718856000,0.49323,0.50263,0.49212,0.49994,1765503.827175
1718870400,0.49979,0.5019,0.49393,0.50081,2787800.161563
1718884800,0.50081,0.50151,0.49158,0.49196,3542914.083178
1718899200,0.49158,0.49298,0.48837,0.49044,737750.738144
1718913600,0.49059,0.49171,0.48851,0.48851,350680.061405
1718928000,0.48853,0.49049,0.48661,0.48826,336963.840984
1718942400,0.48775,0.49236,0.48752,0.49044,1172706.914633
1718956800,0.49002,0.49534,0.484,0.49393,2883430.156547
1718971200,0.49373,0.49399,0.48238,0.48501,3773169.899386
1718985600,0.48507,0.48585,0.47957,0.48511,394745.891535
1719000000,0.48589,0.49318,0.48406,0.48889,2219561.476938
1719014400,0.48889,0.48941,0.48686,0.48706,405769.2681
1719028800,0.48714,0.48838,0.48608,0.4866,372332.044115
1719043200,0.48642,0.48649,0.48399,0.48537,357453.015846
1719057600,0.48562,0.48783,0.485,0.48585,810181.963102
1719072000,0.48566,0.48766,0.48549,0.48765,122163.020713
1719086400,0.48778,0.48778,0.48628,0.48641,213381.764135
1719100800,0.48648,0.48866,0.48615,0.48865,116566.631529
1719115200,0.48853,0.48884,0.48728,0.48764,400349.32517
1719129600,0.48751,0.48851,0.4837,0.48568,1258210.365816
1719144000,0.48579,0.48587,0.48116,0.48237,538096.917157
1719158400,0.48238,0.48242,0.48002,0.48189,408087.924678
1719172800,0.48212,0.48218,0.47408,0.47943,474477.066768
1719187200,0.47947,0.47983,0.47221,0.47636,3084246.512536
1719201600,0.4758,0.47704,0.46772,0.47344,1845684.157655
1719216000,0.47351,0.47789,0.46415,0.47538,3346896.462886
1719230400,0.47535,0.48192,0.47239,0.47241,3446783.50608
1719244800,0.4726,0.47444,0.46578,0.46624,949151.369587
1719259200,0.46669,0.47444,0.46194,0.47398,782648.054132
1719273600,0.4738,0.4787,0.47286,0.47747,1758813.742847
1719288000,0.47747,0.47905,0.47316,0.47575,977545.386048
1719302400,0.47554,0.47741,0.47294,0.47627,2136434.139191
1719316800,0.47648,0.4797,0.47323,0.47686,4345288.275162
1719331200,0.47687,0.47901,0.47518,0.47758,599984.446482
1719345600,0.47767,0.47837,0.47443,0.47572,483914.367891
1719360000,0.4757,0.47794,0.47413,0.47496,133648.258063
1719374400,0.47506,0.47536,0.47236,0.47326,166833.99025
1719388800,0.47324,0.47677,0.47066,0.47476,4526156.576781
1719403200,0.47477,0.47551,0.46862,0.46961,3539206.626307
1719417600,0.46958,0.47169,0.46553,0.47138,572032.986259
1719432000,0.47165,0.47186,0.46941,0.46947,451734.525357
1719446400,0.4695,0.46989,0.46728,0.46893,371621.294236
1719460800,0.46896,0.4696,0.46559,0.4668,268456.165224
1719475200,0.46656,0.47119,0.46592,0.47001,1424961.392653
1719489600,0.47019,0.4767,0.47011,0.47161,3285310.523648
1719504000,0.47208,0.47445,0.47133,0.47295,317319.987127
1719518400,0.4731,0.47545,0.47276,0.47469,755770.361184
1719532800,0.47465,0.47694,0.47369,0.47585,644753.140315
1719547200,0.47582,0.47866,0.47451,0.47715,1003497.688055
1719561600,0.47726,0.48,0.47527,0.47921,1868786.669134
1719576000,0.47942,0.48,0.47344,0.47554,3723474.99655
1719590400,0.47553,0.47553,0.46969,0.47299,1402760.098474
1719604800,0.47299,0.47418,0.46873,0.47079,236107.723275
1719619200,0.47085,0.47393,0.47082,0.47378,283369.328072
1719633600,0.47372,0.47576,0.47318,0.47499,337330.783821
1719648000,0.47514,0.47603,0.47459,0.47581,105215.184421
1719662400,0.47577,0.47584,0.47382,0.47446,521748.725952
1719676800,0.47435,0.47441,0.47325,0.47359,124074.062613
1719691200,0.47351,0.47383,0.4713,0.47196,184021.060493
1719705600,0.47192,0.47291,0.46947,0.47079,131988.543614
1719720000,0.4709,0.47444,0.47,0.47369,242251.917637
1719734400,0.47369,0.47427,0.47084,0.47178,719090.059258
1719748800,0.4718,0.47405,0.47124,0.47271,623590.10543
1719763200,0.4728,0.4742,0.47164,0.47352,171196.466524
1719777600,0.47365,0.47738,0.47335,0.47539,339541.541451
1719792000,0.47548,0.47962,0.47479,0.47792,478192.705624
1719806400,0.47796,0.48136,0.4765,0.47949,448472.5355
1719820800,0.47933,0.4839,0.4782,0.47917,1057533.413714
1719835200,0.47887,0.48182,0.47726,0.47902,3829598.343627
1719849600,0.47913,0.47936,0.47631,0.4764,933935.248405
1719864000,0.47635,0.4781,0.47565,0.47663,333026.797645
1719878400,0.47663,0.47839,0.47575,0.47805,214456.854484
1719892800,0.4778,0.48007,0.47745,0.47836,446689.412128
1719907200,0.47759,0.48772,0.47759,0.48565,3712741.073398
1719921600,0.48557,0.48783,0.48116,0.48133,2691930.411581
1719936000,0.48127,0.48398,0.48052,0.48234,878720.027071
1719950400,0.48239,0.4848,0.48218,0.4845,375841.418501
1719964800,0.48454,0.4861,0.47699,0.47965,501548.259077
1719979200,0.4798,0.48317,0.4785,0.4822,648539.473908
1719993600,0.48182,0.4847,0.48035,0.48189,5483730.557692
1720008000,0.48186,0.48186,0.47065,0.47109,992521.341078
1720022400,0.47102,0.47102,0.461,0.46232,2145226.86593
1720036800,0.46258,0.46725,0.46205,0.46689,351790.037026
1720051200,0.46701,0.46926,0.44397,0.45981,1728523.223374
1720065600,0.45907,0.45992,0.45379,0.45387,872181.394315
1720080000,0.45368,0.45504,0.44791,0.45245,2665579.700634
1720094400,0.45237,0.45256,0.43731,0.44421,6313130.609348
1720108800,0.444,0.44418,0.43686,0.441,1185475.603722
1720123200,0.441,0.44671,0.43165,0.43262,1015483.007829
1720137600,0.43254,0.4329,0.3826,0.39782,12933100.754212
1720152000,0.39829,0.40772,0.38891,0.40436,3563615.646009
1720166400,0.40438,0.41862,0.39734,0.4169,3579724.892274
1720180800,0.41689,0.42522,0.41188,0.4244,2091947.264587
1720195200,0.42481,0.42753,0.42237,0.42549,2429402.616258
1720209600,0.42559,0.42687,0.42306,0.42509,587574.479874
1720224000,0.42516,0.43185,0.42361,0.42772,2338030.77173
1720238400,0.42773,0.43456,0.42665,0.43324,690216.082913
1720252800,0.43278,0.43648,0.43052,0.43609,1313046.405861
1720267200,0.43583,0.4394,0.43339,0.43853,1748801.744614
1720281600,0.43803,0.44925,0.43763,0.44831,1618290.125844
1720296000,0.44831,0.44995,0.44689,0.44911,655944.099905
1720310400,0.44911,0.44911,0.44367,0.44465,652556.532238
1720324800,0.44476,0.44476,0.43434,0.43744,968803.898347
1720339200,0.43719,0.43835,0.43329,0.43487,970791.159678
1720353600,0.43483,0.43562,0.422,0.4276,1074319.125678
1720368000,0.42719,0.43289,0.42719,0.42941,802058.149422
1720382400,0.4296,0.43112,0.4185,0.41944,1070698.346143
1720396800,0.41987,0.42096,0.40351,0.41476,5545616.199681
1720411200,0.41456,0.424,0.414,0.42308,1410105.259368
1720425600,0.42251,0.44091,0.42221,0.43953,2650345.14991
1720440000,0.43986,0.44348,0.4214,0.42404,3213949.335497
1720454400,0.42405,0.43161,0.42049,0.43029,1172795.879191
1720468800,0.43043,0.43232,0.4272,0.43162,912146.164595
1720483200,0.43157,0.43398,0.42765,0.4333,1172786.766712
1720497600,0.43301,0.43667,0.43246,0.43446,665821.971988
1720512000,0.43444,0.43793,0.43286,0.43419,2476866.000094
1720526400,0.43424,0.43611,0.42826,0.43152,3366826.013504
1720540800,0.43149,0.43608,0.43115,0.4358,1556849.579169
1720555200,0.43579,0.43738,0.43498,0.43566,754304.365403
1720569600,0.43569,0.43607,0.43198,0.43588,625675.583264
1720584000,0.43607,0.44109,0.43606,0.43961,2029057.659297
1720598400,0.43981,0.4423,0.43677,0.44027,1541672.30267
1720612800,0.44018,0.44088,0.43076,0.43318,4124760.952241
1720627200,0.43364,0.43655,0.43212,0.43629,855649.3169
1720641600,0.43629,0.43928,0.43608,0.43891,476883.989157
1720656000,0.43891,0.44303,0.43662,0.44028,437750.063163
1720670400,0.44033,0.44592,0.43957,0.4445,1774940.192029
1720684800,0.44449,0.4521,0.44357,0.44992,2142679.755697
1720699200,0.44979,0.45471,0.43915,0.44059,6786705.112077
1720713600,0.44046,0.44994,0.43896,0.44756,1274808.298604
1720728000,0.44748,0.44914,0.44542,0.44914,376503.656991
1720742400,0.44919,0.45272,0.44437,0.45183,995567.101411
1720756800,0.45182,0.46393,0.44875,0.463,2282122.353164
1720771200,0.46254,0.47823,0.46021,0.47108,4434419.859991
1720785600,0.47135,0.47223,0.45891,0.46152,4610086.648881
1720800000,0.46142,0.47035,0.46129,0.46985,3178939.422426
1720814400,0.47006,0.47759,0.467,0.47456,3532453.948612
1720828800,0.47463,0.49482,0.47398,0.49277,2117669.160173
1720843200,0.49308,0.51577,0.49128,0.5155,15243614.294694
1720857600,0.51544,0.51813,0.5087,0.511,3000447.563001
1720872000,0.51036,0.53998,0.51034,0.53694,6426884.07495
1720886400,0.53655,0.56595,0.5306,0.56096,7069630.729311
1720900800,0.56121,0.56168,0.52287,0.52589,6657712.144669
1720915200,0.52592,0.53132,0.514,0.5201,1864789.55772
1720929600,0.51989,0.52922,0.51652,0.52672,1209259.859448
1720944000,0.52553,0.54087,0.52553,0.5285,2808711.302357
1720958400,0.52836,0.53225,0.52224,0.52745,1108140.827956
1720972800,0.52721,0.53454,0.52655,0.53177,395874.232937
1720987200,0.53175,0.53465,0.52,0.52005,3525804.828835
1721001600,0.52079,0.5315,0.52079,0.5266,1366644.276051
1721016000,0.52772,0.53439,0.52664,0.5308,1680870.228161
1721030400,0.53012,0.54011,0.5275,0.53678,1525438.746283
1721044800,0.53639,0.53678,0.52364,0.52458,1588592.10119
1721059200,0.52409,0.53667,0.52273,0.53549,3475997.370549
1721073600,0.536,0.53836,0.53115,0.53718,4578990.813388
1721088000,0.53752,0.57,0.53594,0.56562,4444690.00174
1721102400,0.5657,0.56582,0.536,0.54026,3141465.849897
1721116800,0.54074,0.54761,0.53302,0.54691,1168599.147272
1721131200,0.54691,0.588,0.54355,0.58495,13550243.537516
1721145600,0.58497,0.59416,0.57603,0.58315,6600104.763402
1721160000,0.58328,0.58522,0.57433,0.57931,1561147.498874
1721174400,0.57932,0.58871,0.579,0.58578,5467707.611388
1721188800,0.58591,0.6185,0.5858,0.61009,8175753.431023
1721203200,0.60918,0.6229,0.60389,0.61289,3393593.145117
1721217600,0.61353,0.63413,0.59252,0.6026,13110732.514284
1721232000,0.60264,0.62318,0.59653,0.61434,11365274.404521
1721246400,0.61425,0.63743,0.61425,0.62607,6563032.609622
1721260800,0.62608,0.64499,0.60144,0.60727,8896665.2167
1721275200,0.6071,0.61284,0.578,0.58018,6077401.992374
1721289600,0.58064,0.58411,0.56684,0.57897,4464026.231035
1721304000,0.57909,0.58792,0.56164,0.56268,8852105.145624
1721318400,0.56315,0.57182,0.558,0.56948,6282182.202322
1721332800,0.56961,0.57213,0.56436,0.56965,1343349.709378
1721347200,0.56963,0.57042,0.54043,0.55608,4916461.357274
1721361600,0.55592,0.56102,0.54731,0.54942,2684965.355776
1721376000,0.54917,0.55345,0.54138,0.55294,2686072.957497
1721390400,0.5529,0.56926,0.54875,0.56199,2958265.101442
1721404800,0.56246,0.58658,0.5622,0.58022,5961879.678753
1721419200,0.58022,0.58188,0.56916,0.57318,5187998.44453
1721433600,0.57337,0.58306,0.57127,0.5817,2276546.828364
1721448000,0.5817,0.605,0.58043,0.5959,4001193.148128
1721462400,0.59549,0.59679,0.58644,0.59225,1249804.800024
1721476800,0.59194,0.59638,0.5871,0.59128,1617683.260732
1721491200,0.59164,0.59786,0.58758,0.59205,1634285.417806
1721505600,0.59227,0.59772,0.59022,0.59398,834370.114046
1721520000,0.594,0.59733,0.58922,0.59396,1800450.306668
1721534400,0.59431,0.60752,0.58818,0.58922,3125243.007183
1721548800,0.5891,0.59328,0.58122,0.58251,2193613.109228
1721563200,0.5827,0.58924,0.57511,0.58837,1873024.247746
1721577600,0.58838,0.59413,0.57334,0.59172,2433007.549349
1721592000,0.59148,0.60298,0.5902,0.59819,2230429.236457
1721606400,0.59819,0.60019,0.59124,0.5946,846842.954491
1721620800,0.59452,0.605,0.58605,0.59798,1866280.675163
1721635200,0.59854,0.614,0.59179,0.61099,4076782.640194
1721649600,0.611,0.61892,0.605,0.61024,4860915.463842
1721664000,0.61052,0.62323,0.60803,0.61874,2915554.62164
1721678400,0.61908,0.62131,0.6001,0.60841,4554367.941591
1721692800,0.60848,0.61471,0.60342,0.61395,1745830.383512
1721707200,0.61394,0.61734,0.59513,0.60022,2009829.197163
1721721600,0.59946,0.60784,0.59309,0.59703,1929842.960372
1721736000,0.59631,0.6034,0.58771,0.60089,2389060.185087
1721750400,0.6002,0.60036,0.58024,0.595,2636648.241691
1721764800,0.59518,0.60376,0.59229,0.59763,1793640.299654
1721779200,0.59764,0.60541,0.59222,0.60432,672952.48558
1721793600,0.60481,0.60559,0.59705,0.60316,1214543.501485
1721808000,0.60295,0.63283,0.6021,0.6287,3369810.54317
1721822400,0.629,0.63305,0.61952,0.62447,4505423.764772
1721836800,0.62415,0.62631,0.61625,0.62298,4550363.32243
1721851200,0.62361,0.62767,0.60633,0.61864,2465831.5183
1721865600,0.61804,0.62189,0.59542,0.60586,5328835.346898
1721880000,0.60586,0.615,0.59794,0.61081,2790091.653627
1721894400,0.60953,0.61199,0.59991,0.61058,2423681.973109
1721908800,0.61099,0.62658,0.6013,0.61728,6166969.988606
1721923200,0.61667,0.62574,0.59784,0.60056,3634976.293316
1721937600,0.60082,0.60281,0.58467,0.59953,3190372.595988
1721952000,0.59956,0.6078,0.5978,0.60519,1422583.578385
1721966400,0.60478,0.60916,0.59855,0.59855,2158544.273154
1721980800,0.59838,0.60473,0.59665,0.60178,1647409.599343
1721995200,0.60112,0.60241,0.58599,0.59253,3617316.841187
1722009600,0.59213,0.60279,0.59028,0.59963,2112320.302583
1722024000,0.59963,0.60588,0.59576,0.60343,3297334.133845
1722038400,0.60344,0.60344,0.595,0.59676,1952032.391586
1722052800,0.59657,0.60347,0.59657,0.60067,540143.781877
1722067200,0.6008,0.60314,0.59799,0.60114,513263.409284
1722081600,0.60114,0.60942,0.59611,0.59857,3472067.868206
1722096000,0.59857,0.6,0.59006,0.59714,913716.671103
1722110400,0.59607,0.60168,0.58273,0.59575,1391766.352116
1722124800,0.59575,0.60254,0.5914,0.5996,807814.038296
1722139200,0.60027,0.60443,0.59623,0.60403,1265515.640582
1722153600,0.60401,0.61418,0.60292,0.60293,1043198.98432
1722168000,0.60301,0.60458,0.59737,0.60295,895241.913156
1722182400,0.60355,0.60515,0.59994,0.60283,1612714.940545
1722196800,0.60271,0.60286,0.59818,0.60205,1517007.432524
1722211200,0.60139,0.60857,0.60039,0.6066,878294.955789
1722225600,0.60654,0.61172,0.60551,0.61025,1960634.01719
1722240000,0.61024,0.61168,0.60567,0.60813,1254778.743719
1722254400,0.60838,0.61077,0.595,0.59895,2940049.995021
1722268800,0.59888,0.6062,0.59185,0.60517,2837632.99949
1722283200,0.60541,0.60913,0.59974,0.6022,2467168.286108
1722297600,0.60179,0.60421,0.5957,0.60056,899672.369356
1722312000,0.60045,0.60218,0.59662,0.59983,857936.920354
1722326400,0.59933,0.63733,0.59775,0.62968,5102836.353433
1722340800,0.63,0.63584,0.61134,0.61819,3676683.39658
1722355200,0.61844,0.63569,0.61796,0.62843,6958013.020631
1722369600,0.62864,0.63116,0.619,0.62743,2436242.430964
1722384000,0.62773,0.65824,0.62574,0.64946,6905069.682028
1722398400,0.64946,0.655,0.63808,0.64619,6201709.373083
1722412800,0.64638,0.65499,0.64335,0.64946,2421621.31928
1722427200,0.64944,0.65643,0.644,0.65201,5419130.726733
1722441600,0.65251,0.65386,0.62961,0.63236,6974729.999056
1722456000,0.6317,0.63485,0.6221,0.62281,3802335.491163
1722470400,0.623,0.63005,0.60701,0.6112,2059449.526328
1722484800,0.61133,0.61318,0.597,0.60968,3202703.331797
1722499200,0.60845,0.61066,0.60135,0.60984,1868760.339707
1722513600,0.60911,0.61427,0.5824,0.58559,4497225.21361
1722528000,0.58517,0.58833,0.56781,0.58221,5093753.4074
1722542400,0.58211,0.59923,0.57777,0.59583,2385814.152182
1722556800,0.59564,0.59631,0.57975,0.58736,812323.947893
1722571200,0.58736,0.58759,0.55675,0.57285,3504952.85945
1722585600,0.57214,0.57795,0.5667,0.57366,1003283.939849
1722600000,0.57375,0.57991,0.54616,0.5615,7848841.949752
1722614400,0.56132,0.56539,0.55465,0.56208,1280219.693806
1722628800,0.56295,0.57223,0.55818,0.55998,1998984.606153
1722643200,0.55998,0.56443,0.54284,0.56343,1867365.455083
1722657600,0.56344,0.57673,0.5618,0.57557,621561.094977
1722672000,0.57541,0.57541,0.56463,0.56998,1287612.97677
1722686400,0.5703,0.57288,0.55499,0.55632,1093182.513174
1722700800,0.55583,0.56619,0.54212,0.54214,2595773.659938
1722715200,0.54258,0.55811,0.54053,0.55612,1014795.034176
1722729600,0.55522,0.55817,0.55049,0.55703,383675.243611
1722744000,0.55693,0.55851,0.54629,0.54732,704128.344131
1722758400,0.54726,0.55071,0.54251,0.54369,1146384.697251
1722772800,0.54378,0.54932,0.525,0.52847,4014809.553947
1722787200,0.52802,0.53679,0.51407,0.53555,3504559.44085
1722801600,0.535,0.5397,0.52235,0.52235,1885191.305144
1722816000,0.52274,0.5255,0.46,0.47321,17282995.433534
1722830400,0.47325,0.48081,0.43658,0.46944,12279470.434245
1722844800,0.46958,0.47104,0.4382,0.4521,5317801.272137
1722859200,0.45216,0.49324,0.432,0.48888,10091404.388506
1722873600,0.48888,0.49914,0.47346,0.47994,4902797.084985
1722888000,0.48082,0.49958,0.47966,0.48868,3903351.951095
1722902400,0.48883,0.51719,0.48825,0.51179,4826971.507122
1722916800,0.51174,0.51887,0.50601,0.51713,3882976.22753
1722931200,0.51718,0.51718,0.49759,0.50431,3382125.927927
1722945600,0.50371,0.51778,0.49516,0.51068,7125883.041077
1722960000,0.51111,0.518,0.50904,0.51233,3842595.249651
1722974400,0.51264,0.51504,0.50333,0.5061,1118620.375937
1722988800,0.50631,0.51757,0.50046,0.51575,2816093.038006
1723003200,0.51561,0.51971,0.51015,0.51346,1910848.688461
1723017600,0.51349,0.51959,0.51291,0.51441,2302109.455211
1723032000,0.51457,0.51777,0.49278,0.49992,6866311.732678
1723046400,0.49997,0.53914,0.4976,0.5327,6953899.991504
1723060800,0.53299,0.64733,0.51436,0.60069,52805509.739755
1723075200,0.6005,0.62372,0.57864,0.6116,8534807.862195
1723089600,0.61159,0.61719,0.59517,0.60634,5857041.520887
1723104000,0.60613,0.62273,0.60566,0.615,3793024.401235
1723118400,0.61552,0.61941,0.60075,0.61323,6998551.461139
1723132800,0.61349,0.6425,0.60779,0.62133,7569373.104421
1723147200,0.62213,0.62266,0.60584,0.6174,5362966.140473
1723161600,0.61677,0.62444,0.60799,0.61461,2626431.183142
1723176000,0.61462,0.61689,0.59697,0.60314,4808421.910674
1723190400,0.60319,0.60506,0.58192,0.5868,3726550.760335
1723204800,0.58684,0.58862,0.56745,0.57321,5862320.49829
1723219200,0.57328,0.58476,0.57241,0.58199,3402131.005146
1723233600,0.58114,0.58296,0.57296,0.58093,2054122.942233
1723248000,0.58092,0.59414,0.57856,0.5896,1399064.138295
1723262400,0.58977,0.59175,0.58413,0.58671,501137.70353
1723276800,0.5866,0.59063,0.58499,0.58944,563906.721946
1723291200,0.58933,0.60204,0.58931,0.59919,2967581.858912
1723305600,0.59842,0.60119,0.58829,0.59121,1492159.517003
1723320000,0.59126,0.59544,0.58233,0.58403,1260411.630909
1723334400,0.58425,0.59311,0.58379,0.58927,730732.804136
1723348800,0.58851,0.59368,0.58657,0.59183,373984.862234
1723363200,0.59183,0.59273,0.57332,0.57634,1431726.183016
1723377600,0.57573,0.57664,0.56174,0.56711,2788411.88346
1723392000,0.56635,0.57108,0.55901,0.55954,2134686.359574
1723406400,0.55948,0.55948,0.54575,0.55293,3345985.501267
1723420800,0.55271,0.56625,0.55068,0.56435,1271862.248834
1723435200,0.56445,0.57031,0.55774,0.56816,873456.947368
1723449600,0.56816,0.5793,0.56746,0.57634,4410931.666744
1723464000,0.57599,0.5771,0.55551,0.57156,4209890.899408
1723478400,0.5716,0.57911,0.56137,0.56946,6214084.604906
1723492800,0.56944,0.57186,0.56014,0.56862,3343973.482083
1723507200,0.56815,0.57257,0.5638,0.56536,1188657.782733
1723521600,0.56536,0.57343,0.56326,0.57312,915042.492579
1723536000,0.57279,0.57904,0.56589,0.57529,3949437.611829
1723550400,0.57529,0.58,0.56751,0.57404,3202412.876461
1723564800,0.57437,0.58356,0.57341,0.57774,3684476.193615
1723579200,0.57781,0.58014,0.573,0.57686,1883468.103009
1723593600,0.57705,0.58074,0.57111,0.57968,2262544.424329
1723608000,0.57968,0.58148,0.57491,0.57691,1607913.067117
1723622400,0.5768,0.58262,0.57521,0.57942,1183149.503412
1723636800,0.57995,0.58282,0.56439,0.5743,5921968.546759
1723651200,0.5743,0.5758,0.56602,0.56737,3147018.515054
1723665600,0.56731,0.56969,0.56589,0.56895,1335243.349149
1723680000,0.56895,0.57403,0.56673,0.57209,1231035.516857
1723694400,0.57228,0.57228,0.5625,0.56604,1297815.251579
1723708800,0.56604,0.56978,0.56214,0.56894,1972007.291379
1723723200,0.56981,0.57299,0.56573,0.57152,2004965.385269
1723737600,0.57188,0.57295,0.55324,0.55654,3106022.499556
1723752000,0.55657,0.56234,0.5506,0.56048,3409137.429765
1723766400,0.56057,0.56823,0.55805,0.5624,1165219.23524
1723780800,0.56277,0.5688,0.5605,0.56741,1006310.08394
1723795200,0.56741,0.57094,0.56517,0.56628,1567707.69683
1723809600,0.56628,0.5678,0.55405,0.55814,2107440.72072
1723824000,0.55811,0.56937,0.5568,0.56709,3099814.595342
1723838400,0.56725,0.56815,0.56314,0.56393,1277515.916879
1723852800,0.56393,0.56517,0.56169,0.56306,303027.174474
1723867200,0.56308,0.56608,0.56269,0.56442,177741.218205
1723881600,0.56442,0.5656,0.56283,0.56504,145672.061373
1723896000,0.56492,0.56946,0.56476,0.56694,428136.036699
1723910400,0.56707,0.57079,0.56692,0.56709,558028.713069
1723924800,0.56754,0.56754,0.56472,0.56712,275512.840396
1723939200,0.56666,0.56948,0.56571,0.5661,405505.169473
1723953600,0.56616,0.56659,0.56441,0.56515,196385.047394
1723968000,0.56519,0.5707,0.56496,0.56762,679817.993203
1723982400,0.56763,0.58359,0.56763,0.57341,696600.372181
1723996800,0.57352,0.57605,0.56913,0.57265,744496.792955
1724011200,0.57276,0.5743,0.56312,0.56313,825875.640313
1724025600,0.56312,0.56769,0.56149,0.56658,678223.061638
1724040000,0.56653,0.57599,0.56545,0.5733,817643.350933
1724054400,0.57374,0.58996,0.57374,0.58524,3346196.104306
1724068800,0.58536,0.58653,0.57534,0.57945,2189190.212435
1724083200,0.57954,0.60965,0.57882,0.60277,6405696.785385
1724097600,0.60252,0.60267,0.5939,0.59839,3247643.687651
1724112000,0.59864,0.60987,0.59766,0.60791,1658229.343716
1724126400,0.60802,0.61362,0.60533,0.60711,1823364.617569
1724140800,0.60711,0.61499,0.6069,0.60909,1195495.850145
1724155200,0.60911,0.60936,0.58637,0.5899,5555644.89041
1724169600,0.58993,0.60324,0.58969,0.59999,2924322.393628
1724184000,0.60034,0.60041,0.59228,0.59408,2049144.323445
1724198400,0.59357,0.60184,0.592,0.59596,1339297.520968
1724212800,0.596,0.59956,0.59337,0.59852,1222984.990672
1724227200,0.59871,0.59972,0.59414,0.59647,534930.180948
1724241600,0.59634,0.59752,0.58536,0.59249,3622561.042837
1724256000,0.59253,0.60524,0.59048,0.60287,2796468.300283
1724270400,0.60302,0.60445,0.59902,0.60026,1130374.208959
1724284800,0.60026,0.60145,0.59296,0.59833,685175.00326
1724299200,0.59832,0.604,0.59698,0.60199,635857.879679
1724313600,0.60198,0.604,0.59863,0.60286,410056.909239
1724328000,0.60273,0.60273,0.59485,0.59587,1566105.626226
1724342400,0.5955,0.60443,0.59527,0.59888,1216802.421063
1724356800,0.59906,0.59989,0.59298,0.59745,1383827.136341
1724371200,0.59743,0.60283,0.59681,0.5986,1099723.653267
1724385600,0.59883,0.60181,0.59615,0.59928,1800964.305036
1724400000,0.59979,0.60077,0.59706,0.5971,611085.6
1724414400,0.59713,0.60407,0.59101,0.59922,2711386.729295
1724428800,0.59887,0.60992,0.59845,0.60775,4155986.128405
1724443200,0.60775,0.6165,0.60553,0.61127,2370700.146492
1724457600,0.61127,0.61142,0.6051,0.60836,1312206.537741
1724472000,0.60842,0.61242,0.60664,0.60927,306077.046452
1724486400,0.60928,0.6143,0.60818,0.61053,1290015.295212
1724500800,0.61106,0.63068,0.61076,0.62039,3857205.949777
1724515200,0.62003,0.62595,0.61706,0.61992,2025867.986311
1724529600,0.61992,0.62452,0.606,0.61316,2631478.786216
1724544000,0.61302,0.61424,0.60504,0.60751,2097181.379801
1724558400,0.60809,0.60973,0.59579,0.59945,1654833.519047
1724572800,0.59906,0.60279,0.59756,0.60131,737099.03488
1724587200,0.60131,0.60598,0.60112,0.60315,553129.479469
1724601600,0.60302,0.60446,0.6,0.60063,678211.759031
1724616000,0.60063,0.60538,0.59954,0.59993,550593.706363
1724630400,0.60041,0.60217,0.59256,0.59697,642338.497666
1724644800,0.59689,0.59823,0.59246,0.59526,410094.040507
1724659200,0.59536,0.60027,0.59389,0.59587,1238659.536939
1724673600,0.59588,0.59603,0.58621,0.59305,1592816.560455
1724688000,0.5927,0.59383,0.57889,0.58144,1745433.696237
1724702400,0.58167,0.59014,0.57999,0.58772,979331.950411
1724716800,0.5877,0.59481,0.58726,0.59316,964539.562784
1724731200,0.59315,0.59457,0.58635,0.59096,1079085.497542
1724745600,0.59096,0.59249,0.58397,0.58716,1900804.905079
1724760000,0.58711,0.59888,0.58552,0.59393,3664950.91043
1724774400,0.59386,0.6,0.59224,0.59264,1516556.031459
1724788800,0.5933,0.59331,0.55386,0.5674,5300302.798027
1724803200,0.56709,0.56957,0.56051,0.56785,983024.333759
1724817600,0.56782,0.575,0.56746,0.5694,1377750.858007
1724832000,0.56913,0.5837,0.56513,0.58071,1164255.433046
1724846400,0.5806,0.58466,0.56419,0.56892,1912823.343871
1724860800,0.5687,0.57756,0.55627,0.57242,3307698.487589
1724875200,0.57312,0.57735,0.56545,0.56943,1009301.452105
1724889600,0.56943,0.57313,0.56819,0.57132,439949.007323
1724904000,0.571,0.57695,0.57048,0.57467,1126241.800515
1724918400,0.57469,0.57673,0.57175,0.57471,635484.728149
1724932800,0.5747,0.57646,0.57077,0.57219,1289158.633429
1724947200,0.57238,0.57646,0.55676,0.56288,3889977.356454
1724961600,0.56313,0.56519,0.55832,0.56227,808550.245057
1724976000,0.56208,0.56504,0.56064,0.56157,525084.40738
1724990400,0.56177,0.56627,0.55864,0.56479,1014510.55713
1725004800,0.56446,0.56525,0.56181,0.5636,977094.329054
1725019200,0.56372,0.56791,0.54633,0.54847,3268047.746163
1725033600,0.5484,0.56278,0.54672,0.56229,2441936.983881
1725048000,0.56192,0.56737,0.56049,0.56663,1126533.815347
1725062400,0.56663,0.56817,0.565,0.56501,468573.51078
1725076800,0.56501,0.56824,0.56484,0.5664,327892.956888
1725091200,0.56673,0.57214,0.56455,0.56896,463739.113255
1725105600,0.56932,0.56996,0.565,0.56657,319594.102725
1725120000,0.56643,0.56816,0.56262,0.56784,574928.473787
1725134400,0.56782,0.56854,0.56566,0.56633,463617.697293
1725148800,0.56625,0.56662,0.55902,0.56082,562269.969025
1725163200,0.56062,0.56064,0.55344,0.55883,592869.776039
1725177600,0.55918,0.56003,0.55581,0.55756,620953.673668
1725192000,0.55804,0.55901,0.55209,0.55612,2154955.752029
1725206400,0.55653,0.56119,0.552,0.55953,601440.126703
1725220800,0.55957,0.56283,0.544,0.54744,1956509.91685
1725235200,0.54744,0.5507,0.54652,0.54967,396040.799788
1725249600,0.54967,0.551,0.54473,0.546,222213.29181
1725264000,0.54624,0.55716,0.54592,0.55493,513405.467886
1725278400,0.55488,0.55976,0.55102,0.55792,602415.586011
1725292800,0.55792,0.5674,0.55583,0.56739,953810.585135
1725307200,0.56739,0.56858,0.56455,0.5677,899508.42222
1725321600,0.5677,0.57188,0.566,0.56658,718800.629849
1725336000,0.56655,0.56926,0.5653,0.5691,737787.168315
1725350400,0.56951,0.57191,0.56614,0.56993,800405.726687
1725364800,0.57025,0.57232,0.55748,0.55894,2767052.990155
1725379200,0.55901,0.56537,0.55873,0.5644,1054072.162828
1725393600,0.56537,0.5674,0.55501,0.55679,671541.96182
1725408000,0.55711,0.55965,0.5333,0.55364,2045151.462698
1725422400,0.55251,0.55589,0.54989,0.5545,861295.832666
1725436800,0.55453,0.55648,0.5491,0.55127,458257.473774
1725451200,0.55022,0.56269,0.54728,0.56238,1707524.35913
1725465600,0.56241,0.5651,0.55648,0.55708,1047223.122805
1725480000,0.55782,0.56069,0.55593,0.5579,697822.997255
1725494400,0.55798,0.55973,0.55264,0.55298,765139.502123
1725508800,0.55295,0.55444,0.55,0.55337,389077.302713
1725523200,0.55333,0.55442,0.54823,0.55016,765067.450685
1725537600,0.55016,0.55512,0.54582,0.54606,952637.873267
1725552000,0.54624,0.54765,0.54003,0.54312,1830846.104351
1725566400,0.5426,0.54536,0.54111,0.54411,512279.562216
1725580800,0.5443,0.54707,0.54061,0.54577,851943.045739
1725595200,0.54577,0.54631,0.5325,0.53503,2374655.037927
1725609600,0.53496,0.53919,0.53399,0.53795,1121653.643717
1725624000,0.53819,0.54504,0.52186,0.52603,3201256.569275
1725638400,0.52601,0.52614,0.513,0.5151,3280462.522108
1725652800,0.5148,0.52545,0.50214,0.52104,2984430.187297
1725667200,0.52104,0.52386,0.51977,0.52195,663292.943097
1725681600,0.52224,0.5315,0.52207,0.52979,488327.455603
1725696000,0.5296,0.52963,0.52632,0.52731,657331.499497
1725710400,0.52753,0.53277,0.52753,0.53133,477570.786725
1725724800,0.53166,0.53182,0.526,0.53044,558435.838344
1725739200,0.53048,0.53048,0.52315,0.52486,780231.436381
1725753600,0.52486,0.528,0.52402,0.52768,380132.092116
1725768000,0.52769,0.53,0.52768,0.52937,472250.52591
1725782400,0.52936,0.53098,0.52821,0.5291,115329.358949
1725796800,0.52901,0.52906,0.52238,0.52238,253222.938763
1725811200,0.52246,0.52695,0.52114,0.52559,390317.640488
1725825600,0.52559,0.53134,0.52411,0.52901,715441.463521
1725840000,0.52901,0.53084,0.52734,0.53052,534147.332853
1725854400,0.53052,0.53153,0.52691,0.53079,489593.995396
1725868800,0.53102,0.53377,0.5298,0.5313,1311062.641216
1725883200,0.53116,0.53332,0.52799,0.52961,1065752.172471
1725897600,0.52961,0.53907,0.52961,0.53855,839692.877912
1725912000,0.53856,0.54269,0.53666,0.53955,1052501.039576
1725926400,0.53959,0.53959,0.53377,0.53392,361342.972692
1725940800,0.53389,0.53997,0.53336,0.53931,813680.066684
1725955200,0.53921,0.54134,0.5363,0.53865,703785.475597
1725969600,0.5383,0.54139,0.53569,0.53647,664035.871161
1725984000,0.53634,0.54113,0.53583,0.54024,730096.295185
1725998400,0.54051,0.54269,0.53939,0.54077,728768.746043
1726012800,0.54083,0.54111,0.53101,0.53277,616999.618171
1726027200,0.53345,0.5351,0.53016,0.53365,522173.860661
1726041600,0.53361,0.53425,0.53019,0.53388,393720.648337
1726056000,0.53388,0.53496,0.52348,0.53197,2043705.949743
1726070400,0.53286,0.53888,0.53286,0.53717,742790.987682
1726084800,0.53663,0.53745,0.53455,0.53545,433190.967679
1726099200,0.5351,0.53917,0.53365,0.53741,446946.603215
1726113600,0.53739,0.53894,0.5353,0.53838,259565.151491
1726128000,0.53838,0.53995,0.5366,0.53703,460863.754311
1726142400,0.5373,0.58892,0.53611,0.55798,7940894.330882
1726156800,0.55763,0.56608,0.55443,0.56321,3052448.655716
1726171200,0.56292,0.56774,0.56105,0.5629,933063.681848
1726185600,0.56291,0.56369,0.55598,0.56117,736551.848757
1726200000,0.56117,0.57311,0.56,0.56358,1197379.090779
1726214400,0.56429,0.56908,0.56192,0.56212,768360.151345
1726228800,0.56274,0.57266,0.56259,0.5712,2334066.035037
1726243200,0.5712,0.57139,0.56656,0.56743,974552.773294
1726257600,0.56743,0.57456,0.56743,0.57312,882456.679575
1726272000,0.57309,0.58,0.57091,0.57773,790718.467009
1726286400,0.57766,0.5806,0.57483,0.57966,705635.227937
1726300800,0.57952,0.59223,0.57868,0.5875,3323250.220449
1726315200,0.58718,0.59126,0.58382,0.58745,1460355.763734
1726329600,0.58735,0.59435,0.58688,0.59087,1699959.567533
1726344000,0.591,0.5989,0.59087,0.59567,3270504.07724
1726358400,0.59595,0.59634,0.58776,0.58821,1186371.242352
1726372800,0.58817,0.58959,0.58506,0.58858,658213.858267
1726387200,0.58888,0.59052,0.58017,0.58368,1198344.218292
1726401600,0.58324,0.58968,0.58262,0.58817,680270.951315
1726416000,0.5888,0.58893,0.58251,0.58389,1012713.886946
1726430400,0.58389,0.58423,0.56078,0.571,5048936.883357
1726444800,0.571,0.5725,0.56022,0.56848,1500939.85265
1726459200,0.56798,0.57501,0.56764,0.57208,567335.386622
1726473600,0.57198,0.57443,0.56898,0.5708,698148.355699
1726488000,0.57095,0.57374,0.56488,0.56849,1185125.072289
1726502400,0.56859,0.59115,0.56859,0.58671,4042141.971801
1726516800,0.58693,0.5886,0.57883,0.58624,1157753.880601
1726531200,0.58628,0.58824,0.5794,0.58682,1415486.935702
1726545600,0.58682,0.58997,0.5837,0.58522,361184.30422
1726560000,0.58538,0.589,0.58426,0.58501,1640305.85247
1726574400,0.58501,0.59329,0.58043,0.59074,2027536.951338
1726588800,0.5908,0.59094,0.58472,0.58884,1511007.645491
1726603200,0.58871,0.58929,0.58311,0.58407,1637193.086362
1726617600,0.58397,0.58406,0.57562,0.58052,830612.896123
1726632000,0.5802,0.58184,0.5757,0.57783,848728.881201
1726646400,0.57765,0.57816,0.57,0.57314,2920064.351691
1726660800,0.57313,0.57313,0.56226,0.56453,899741.883651
1726675200,0.56428,0.583,0.56391,0.57462,2323982.129833
1726689600,0.57476,0.58627,0.5717,0.58546,807328.742711
1726704000,0.58546,0.58983,0.58152,0.58528,1691361.21686
1726718400,0.58503,0.58865,0.58244,0.5855,2833203.746433
1726732800,0.58511,0.5868,0.57956,0.58559,1286798.606562
1726747200,0.5856,0.59321,0.58354,0.58631,1457380.394869
1726761600,0.58637,0.59414,0.58593,0.58998,1972681.970111
1726776000,0.58999,0.59335,0.58505,0.58685,1358725.403752
1726790400,0.58684,0.58877,0.57663,0.58812,1010180.186227
1726804800,0.58812,0.59285,0.58602,0.59105,1421319.750312
1726819200,0.59044,0.59079,0.58414,0.5848,1055570.855156
1726833600,0.5846,0.58739,0.57726,0.58032,2560173.997054
1726848000,0.58011,0.58384,0.57667,0.58331,775864.786998
1726862400,0.5833,0.58817,0.58284,0.58491,975347.828726
1726876800,0.58491,0.58491,0.58038,0.58171,631367.63452
1726891200,0.58171,0.58367,0.58017,0.58342,186116.397969
1726905600,0.58352,0.58551,0.58265,0.58469,340525.045431
1726920000,0.58468,0.58771,0.58369,0.58708,789050.138534
1726934400,0.58712,0.61235,0.58664,0.60034,5873250.479115
1726948800,0.60152,0.60382,0.59432,0.59811,1957806.064243
1726963200,0.59786,0.605,0.59567,0.59916,1422153.433027
1726977600,0.59916,0.59999,0.59367,0.59611,864244.520389
1726992000,0.59614,0.59684,0.59055,0.59329,645674.155737
1727006400,0.59328,0.5938,0.58401,0.58908,1481623.282411
1727020800,0.58909,0.59308,0.58522,0.59033,607422.828225
1727035200,0.59033,0.59235,0.5784,0.58751,2160420.653136
1727049600,0.58751,0.59556,0.57947,0.59399,1391820.526802
1727064000,0.59383,0.59566,0.58793,0.58897,408278.601878
1727078400,0.5884,0.58986,0.58403,0.58629,229029.961017
1727092800,0.58629,0.59087,0.58419,0.58914,809035.568141
1727107200,0.58802,0.58922,0.58451,0.58775,484259.382048
1727121600,0.58755,0.58783,0.58346,0.58485,525494.063674
1727136000,0.58485,0.58659,0.582,0.58523,504611.283202
1727150400,0.58547,0.5874,0.58347,0.58691,179531.364325
1727164800,0.58673,0.59049,0.58655,0.58849,972933.564785
1727179200,0.58867,0.59049,0.5816,0.58362,1154725.472566
1727193600,0.58361,0.59132,0.5828,0.59132,913500.393794
1727208000,0.59134,0.59314,0.58836,0.5915,1990073.856543
1727222400,0.59137,0.59537,0.59,0.59394,1034255.565996
1727236800,0.59333,0.59387,0.58532,0.58745,364678.583988
1727251200,0.58746,0.59046,0.58632,0.59046,477737.413799
1727265600,0.59047,0.59225,0.58543,0.58543,712147.362345
1727280000,0.58542,0.5877,0.58347,0.58487,1018299.331697
1727294400,0.58542,0.58758,0.58259,0.58316,450990.888843
1727308800,0.58288,0.58377,0.57444,0.5818,1389978.613303
1727323200,0.58203,0.58895,0.58179,0.58847,796467.333077
1727337600,0.58799,0.59109,0.586,0.5896,762078.564307
1727352000,0.58989,0.5937,0.58822,0.5932,2801925.337828
1727366400,0.59286,0.59612,0.59092,0.59279,2633923.42698
1727380800,0.59261,0.59379,0.58723,0.59068,932484.455908
1727395200,0.59067,0.59114,0.5831,0.58659,881792.4396
1727409600,0.58677,0.59266,0.58677,0.58923,1223631.481719
1727424000,0.58943,0.59191,0.5862,0.58712,1901924.290127
1727438400,0.58711,0.59677,0.58696,0.58854,4010277.354531
1727452800,0.58854,0.59169,0.58568,0.58655,2073697.290668
1727467200,0.58702,0.58954,0.58467,0.58846,489062.848099
1727481600,0.58844,0.59274,0.58824,0.59073,407983.266159
1727496000,0.59093,0.61162,0.58603,0.60722,1797035.438025
1727510400,0.60797,0.62382,0.59589,0.61682,12692321.968527
1727524800,0.61682,0.62459,0.61145,0.61757,3935543.971158
1727539200,0.61798,0.628,0.6155,0.62256,4041384.0064
1727553600,0.62265,0.62394,0.61116,0.61463,1807549.791068
1727568000,0.6139,0.61661,0.60827,0.61297,792136.55015
1727582400,0.61322,0.63433,0.61135,0.62852,2538528.538078
1727596800,0.62853,0.63,0.62202,0.62382,933369.973816
1727611200,0.62434,0.66429,0.62148,0.65942,14290176.747748
1727625600,0.65942,0.661,0.64909,0.65235,4450612.321919
1727640000,0.65255,0.65255,0.63703,0.64149,3896584.398821
1727654400,0.64149,0.65139,0.63535,0.64526,3204937.107271
1727668800,0.64525,0.65409,0.64091,0.64482,1892152.315231
1727683200,0.64527,0.65432,0.62552,0.62984,6657893.2776
1727697600,0.62919,0.63652,0.61746,0.61785,4270470.766777
1727712000,0.61762,0.62342,0.61645,0.62332,1827701.204402
1727726400,0.62278,0.6248,0.60919,0.61136,1591719.459621
1727740800,0.61122,0.624,0.61005,0.62262,1901654.243712
1727755200,0.62277,0.62867,0.61817,0.62846,1515476.077943
1727769600,0.62846,0.63396,0.62581,0.62868,1534034.420888
1727784000,0.62915,0.62993,0.58361,0.61208,9188767.178375
1727798400,0.6119,0.62664,0.57826,0.61,11311350.137854
1727812800,0.61,0.61949,0.58864,0.59694,2357466.027146
1727827200,0.59689,0.62004,0.59418,0.60284,2869369.773308
1727841600,0.6025,0.60464,0.59578,0.60083,2096126.956375
1727856000,0.60039,0.60333,0.58007,0.58589,1917950.013482
1727870400,0.58578,0.59265,0.57567,0.58444,2140460.927059
1727884800,0.58459,0.58994,0.56515,0.57519,4447817.544894
1727899200,0.57503,0.57819,0.52685,0.53838,17869844.332953
1727913600,0.53807,0.54433,0.52313,0.53751,4285122.100147
1727928000,0.53733,0.54189,0.51799,0.51955,4395559.507587
1727942400,0.51913,0.52535,0.50705,0.51745,5094916.303335
1727956800,0.51706,0.52816,0.51187,0.52308,5853024.417015
1727971200,0.52274,0.52853,0.51201,0.52718,3489311.065598
1727985600,0.52619,0.52748,0.52134,0.52174,1118070.185728
1728000000,0.52175,0.5281,0.51513,0.52436,2111486.297563
1728014400,0.52436,0.52875,0.52071,0.52412,1303949.651868
1728028800,0.52409,0.52774,0.5211,0.52508,2388198.886243
1728043200,0.52474,0.52789,0.51595,0.52191,3250113.656582
1728057600,0.5216,0.53885,0.5216,0.53598,3278337.992547
1728072000,0.53597,0.53611,0.53175,0.53416,1258215.018029
1728086400,0.53416,0.53504,0.52696,0.52754,1178356.574133
1728100800,0.52771,0.53457,0.52697,0.53349,241718.958657
1728115200,0.53325,0.53466,0.53057,0.53143,670394.264752
1728129600,0.53148,0.53279,0.52895,0.53089,388273.868886
1728144000,0.53063,0.53483,0.52662,0.53363,1143303.479434
1728158400,0.53376,0.53413,0.5274,0.52957,1432560.710287
1728172800,0.52952,0.53274,0.52812,0.52962,490694.107148
1728187200,0.5296,0.53257,0.52891,0.53106,166540.118701
1728201600,0.53114,0.53188,0.52862,0.5309,563264.826179
1728216000,0.53085,0.53754,0.53017,0.5366,1082585.746286
1728230400,0.53679,0.53713,0.53168,0.53197,1314576.511454
1728244800,0.53206,0.5349,0.53005,0.53367,378776.636569
1728259200,0.53367,0.54442,0.5328,0.54062,1593912.438794
1728273600,0.54022,0.54331,0.53992,0.54056,514505.267552
1728288000,0.5402,0.54194,0.53097,0.5369,1363446.281434
1728302400,0.53698,0.54493,0.53585,0.5407,2908575.771992
1728316800,0.5407,0.54534,0.53473,0.54016,2324540.594422
1728331200,0.54014,0.54016,0.52879,0.52879,4352491.95496
1728345600,0.52885,0.5334,0.52884,0.5323,814938.35527
1728360000,0.53264,0.53439,0.524,0.52731,1427151.097411
1728374400,0.52731,0.53131,0.52631,0.53099,317503.690466
1728388800,0.53128,0.53173,0.52119,0.52439,1361438.325175
1728403200,0.52443,0.53049,0.52301,0.52988,1456445.00689
1728417600,0.53,0.53541,0.52883,0.53091,829714.052467
1728432000,0.53087,0.53425,0.52907,0.53286,318230.505153
1728446400,0.53283,0.53397,0.52888,0.53085,713638.069805
1728460800,0.53054,0.5338,0.52888,0.53217,434858.66334
1728475200,0.53218,0.5322,0.526,0.53112,1114973.473499
1728489600,0.53118,0.5333,0.52815,0.5298,1012791.096776
1728504000,0.52973,0.52973,0.52103,0.52408,2349658.996366
1728518400,0.52403,0.52833,0.52229,0.52713,941526.312265
1728532800,0.52698,0.528,0.525,0.52537,338158.8951
1728547200,0.5254,0.52918,0.52301,0.52918,710262.542848
1728561600,0.52917,0.54394,0.52724,0.53491,2153680.7611
1728576000,0.53479,0.53926,0.52393,0.52576,2061137.336438
1728590400,0.52582,0.5304,0.52455,0.53005,862170.260991
1728604800,0.53018,0.5358,0.52958,0.53512,863673.024609
1728619200,0.53512,0.54049,0.5327,0.53838,591373.076481
1728633600,0.53821,0.54013,0.5325,0.53569,3363386.347821
1728648000,0.53568,0.5385,0.53381,0.5383,2953733.046072
1728662400,0.53811,0.54147,0.53655,0.54124,1690394.806593
1728676800,0.54129,0.54245,0.53793,0.53864,987112.394182
1728691200,0.53864,0.53927,0.53551,0.53584,316589.914534
1728705600,0.53592,0.53851,0.53584,0.53802,321856.381373
1728720000,0.53801,0.5416,0.53766,0.53914,306620.568176
1728734400,0.53904,0.543,0.53881,0.54153,574466.946107
1728748800,0.5415,0.54208,0.53727,0.53811,1215079.936074
1728763200,0.53825,0.54008,0.5375,0.5396,264680.594026
1728777600,0.53961,0.53961,0.5355,0.53581,209605.281782
1728792000,0.5359,0.53755,0.5359,0.5366,184959.178978
1728806400,0.53654,0.53704,0.531,0.531,627913.635998
1728820800,0.53115,0.53293,0.52568,0.52788,659382.886651
1728835200,0.52786,0.53044,0.5252,0.52727,1506058.521536
1728849600,0.52728,0.53174,0.5267,0.53158,936811.888644
1728864000,0.5316,0.53878,0.52825,0.53781,999331.219385
1728878400,0.5385,0.53905,0.53569,0.53861,843017.211257
1728892800,0.53862,0.54108,0.53663,0.53831,591025.376026
1728907200,0.5383,0.5516,0.53749,0.5484,3081232.297446
1728921600,0.5488,0.55069,0.54319,0.54644,1887345.171969
1728936000,0.54667,0.54915,0.54378,0.54811,1010559.485402
1728950400,0.54811,0.555,0.54662,0.54727,2036530.632194
1728964800,0.5473,0.54977,0.5418,0.54554,538696.39146
1728979200,0.54548,0.54661,0.53442,0.5352,1100467.603605
1728993600,0.53583,0.54899,0.53175,0.53908,2551693.055191
1729008000,0.53909,0.54552,0.53871,0.5437,2159766.083455
1729022400,0.54383,0.54401,0.53688,0.54175,782807.51595
1729036800,0.54175,0.5448,0.53939,0.54279,503894.832275
1729051200,0.54278,0.54413,0.53776,0.53892,742215.511422
1729065600,0.53888,0.54561,0.53878,0.54417,647393.809524
1729080000,0.54395,0.55222,0.54247,0.54798,1063351.022143
1729094400,0.54799,0.55373,0.5463,0.55232,717254.552857
1729108800,0.55275,0.5536,0.54802,0.54817,497279.650621
1729123200,0.54821,0.5498,0.54589,0.54945,810635.627517
1729137600,0.54941,0.56595,0.54941,0.55433,2431775.69803
1729152000,0.55434,0.55863,0.551,0.55273,876281.810841
1729166400,0.55219,0.55718,0.54776,0.55342,1506913.684883
1729180800,0.55343,0.55343,0.542,0.54432,1097122.541461
1729195200,0.54425,0.54779,0.54305,0.54363,699803.853049
1729209600,0.54386,0.54644,0.53984,0.54366,571503.199753
1729224000,0.5436,0.55214,0.54255,0.55024,815367.184763
1729238400,0.54995,0.55279,0.547,0.547,560808.772249
1729252800,0.54641,0.54732,0.5428,0.54633,1629827.554858
1729267200,0.54633,0.54879,0.54343,0.54652,1687883.405101
1729281600,0.54629,0.54677,0.54483,0.54659,669076.78167
1729296000,0.5466,0.5499,0.54546,0.54752,473533.830421
1729310400,0.54755,0.54863,0.54597,0.54612,330011.469604
1729324800,0.54628,0.54749,0.54299,0.54324,507914.715769
1729339200,0.54335,0.54552,0.54335,0.54433,457679.447229
1729353600,0.54431,0.54443,0.54079,0.54144,621497.374588
1729368000,0.54154,0.54481,0.54154,0.54466,378923.53181
1729382400,0.54414,0.54438,0.542,0.5429,325618.724344
1729396800,0.54287,0.54353,0.54,0.54036,442574.665021
1729411200,0.54044,0.54186,0.5375,0.54097,836876.572812
1729425600,0.54119,0.54461,0.5375,0.54454,797470.282583
1729440000,0.54443,0.54515,0.54193,0.54248,845356.881777
1729454400,0.54234,0.54837,0.54222,0.54811,1059677.668504
1729468800,0.54833,0.54999,0.54534,0.54754,498935.522249
1729483200,0.54755,0.55388,0.54607,0.54832,668108.593937
1729497600,0.54832,0.56,0.54831,0.55321,1873208.348148
1729512000,0.5532,0.5546,0.54229,0.54589,1476525.76199
1729526400,0.54584,0.54777,0.5412,0.54754,593409.841095
1729540800,0.54754,0.5478,0.54429,0.54495,366553.063521
1729555200,0.54491,0.5461,0.53964,0.543,586858.12548
1729569600,0.54297,0.54901,0.54296,0.54703,1039549.945916
1729584000,0.54681,0.54681,0.531,0.53392,1577165.864086
1729598400,0.53392,0.53522,0.52929,0.53321,1026694.397547
1729612800,0.53268,0.53534,0.53011,0.53384,504104.317852
1729627200,0.53384,0.53581,0.53208,0.53334,394700.435549
1729641600,0.53352,0.53403,0.53,0.53081,1553876.006363
1729656000,0.5308,0.53156,0.52538,0.52651,411619.878713
1729670400,0.5265,0.52734,0.522,0.52619,2357469.18401
1729684800,0.52655,0.52835,0.5219,0.52326,1178231.49018
1729699200,0.52354,0.52377,0.51177,0.52134,3706948.067495
1729713600,0.52163,0.52616,0.5198,0.52551,902936.334064
1729728000,0.5255,0.52951,0.525,0.52856,501806.005737
1729742400,0.528,0.53225,0.52753,0.52851,699445.609665
1729756800,0.52844,0.52945,0.52387,0.52751,1178319.647075
1729771200,0.52735,0.53093,0.52719,0.52885,763988.102365
1729785600,0.5289,0.5325,0.52771,0.53223,702073.053091
1729800000,0.5324,0.53337,0.53086,0.53183,501069.799975
1729814400,0.53167,0.53179,0.5279,0.52862,710093.500178
1729828800,0.52864,0.52879,0.52002,0.52359,840754.682473
1729843200,0.52357,0.52676,0.52141,0.5263,498947.728252
1729857600,0.52618,0.52707,0.52072,0.52211,526154.033172
1729872000,0.52191,0.52305,0.50922,0.51495,2395497.134715
1729886400,0.51444,0.51727,0.48676,0.50142,7010714.225427
1729900800,0.50126,0.5114,0.49842,0.5114,1758690.518366
1729915200,0.51141,0.51434,0.51103,0.51375,825258.394904
1729929600,0.51344,0.51444,0.51173,0.51391,747457.4894
1729944000,0.5139,0.51421,0.50592,0.5085,548187.840761
1729958400,0.50844,0.51258,0.50844,0.5123,410081.739799
1729972800,0.5123,0.51514,0.51147,0.51275,1251902.419292
1729987200,0.51275,0.51636,0.5115,0.51578,729764.050399
1730001600,0.51565,0.5157,0.51378,0.51428,216618.715553
1730016000,0.51429,0.51481,0.5104,0.51154,955939.455559
1730030400,0.51167,0.51625,0.51167,0.51625,347990.893565
1730044800,0.51625,0.51709,0.51301,0.51457,400012.160897
1730059200,0.5144,0.51712,0.513,0.51638,879979.335983
1730073600,0.5163,0.51669,0.51219,0.51266,516436.792762
1730088000,0.51249,0.51767,0.51117,0.51584,377747.454596
1730102400,0.51569,0.52026,0.51569,0.51927,707840.540192
1730116800,0.51927,0.52105,0.5131,0.51337,1426286.69332
1730131200,0.51357,0.5185,0.51127,0.51722,676487.887377
1730145600,0.51743,0.5208,0.5165,0.51916,547968.625865
1730160000,0.51918,0.5255,0.5182,0.5229,1489247.705525
1730174400,0.52289,0.52791,0.52289,0.52506,1341302.536345
1730188800,0.52532,0.52665,0.523,0.52544,709548.102878
1730203200,0.52521,0.52846,0.52367,0.52564,1283702.655243
1730217600,0.52579,0.53072,0.52501,0.5264,2065259.2074
1730232000,0.52614,0.5286,0.52087,0.52814,1043326.382704
1730246400,0.52803,0.52813,0.52206,0.52506,426796.328341
1730260800,0.52489,0.52582,0.52288,0.52355,377217.57374
1730275200,0.52322,0.52487,0.52,0.5205,1106791.711687
1730289600,0.5205,0.5255,0.51937,0.52329,1531159.998772
1730304000,0.52316,0.52402,0.52147,0.52253,401974.09945
1730318400,0.52203,0.52528,0.52091,0.52281,348362.581524
1730332800,0.52274,0.52358,0.51968,0.52131,560797.455913
1730347200,0.5213,0.52175,0.516,0.51752,654447.541315
1730361600,0.51748,0.52039,0.51509,0.51841,877513.773507
1730376000,0.51846,0.5194,0.5078,0.51028,1160427.876977
1730390400,0.51036,0.51151,0.50291,0.5055,1512988.87409
1730404800,0.50565,0.51052,0.5055,0.50888,454873.410401
1730419200,0.50899,0.518,0.5025,0.518,652386.319514
1730433600,0.51824,0.52038,0.5096,0.51147,449061.516177
1730448000,0.51188,0.52361,0.51075,0.51859,1658908.042608
1730462400,0.51844,0.52332,0.512,0.51581,1051948.975716
1730476800,0.51573,0.52139,0.51216,0.51605,1033667.092492
1730491200,0.51596,0.51679,0.5076,0.51276,487349.114614
1730505600,0.51282,0.51578,0.51257,0.5142,305408.491042
1730520000,0.51423,0.515,0.5115,0.51267,147999.947374
1730534400,0.51274,0.51284,0.51035,0.51127,270689.542407
1730548800,0.51111,0.51263,0.50665,0.50993,605854.769037
1730563200,0.50992,0.51141,0.50805,0.51001,587312.976254
1730577600,0.51002,0.5103,0.50724,0.51003,440073.015628
1730592000,0.51032,0.51073,0.498,0.5023,961441.709816
1730606400,0.50199,0.50705,0.50199,0.50556,307801.921877
1730620800,0.50543,0.50558,0.50125,0.50263,507018.392194
1730635200,0.50257,0.50354,0.49216,0.49697,3148659.585196
1730649600,0.49687,0.50068,0.49347,0.50044,818253.542173
1730664000,0.50045,0.50437,0.49988,0.50292,260842.051959
1730678400,0.50292,0.50776,0.50038,0.50712,325075.981536
1730692800,0.50718,0.50809,0.50375,0.50583,1010223.045802
1730707200,0.50536,0.51379,0.50463,0.51194,1156118.614165
1730721600,0.51194,0.51216,0.50844,0.51015,1074048.119283
1730736000,0.50998,0.51338,0.50601,0.50601,1269672.376179
1730750400,0.50602,0.50713,0.49483,0.50322,2750664.191721
1730764800,0.50322,0.50573,0.50154,0.50479,923341.612485
1730779200,0.5048,0.5145,0.5046,0.51449,1080443.007101
1730793600,0.51449,0.51833,0.509,0.50914,1126661.560155
1730808000,0.50905,0.51416,0.50602,0.50965,1473103.356514
1730822400,0.50977,0.51466,0.50708,0.50833,1297249.271387
1730836800,0.50816,0.51539,0.50687,0.5141,1227905.737501
1730851200,0.51422,0.53719,0.51419,0.53398,2658651.677407
1730865600,0.53398,0.54247,0.53046,0.53588,3499910.025303
1730880000,0.5377,0.5377,0.52675,0.53489,1483310.038488
1730894400,0.53462,0.53605,0.52788,0.53127,1452205.134299
1730908800,0.53102,0.53706,0.53072,0.53656,1579883.338509
1730923200,0.53684,0.54714,0.5366,0.54234,2152752.958625
1730937600,0.54245,0.57851,0.53823,0.56055,4670312.510706
1730952000,0.55995,0.56275,0.55064,0.55562,1638485.843626
1730966400,0.55593,0.55715,0.54701,0.54737,1248424.538212
1730980800,0.54737,0.55016,0.54078,0.5501,2749701.06919
1730995200,0.55014,0.55566,0.54957,0.55541,2421895.780542
1731009600,0.55548,0.55876,0.55069,0.55617,1421110.37458
1731024000,0.55615,0.56,0.54838,0.55,2440058.039731
1731038400,0.54977,0.55328,0.54694,0.55091,1545243.778649
1731052800,0.55108,0.55243,0.54716,0.55071,1530339.728982
1731067200,0.55086,0.55816,0.5498,0.55264,1057913.31518
1731081600,0.55264,0.5551,0.54173,0.55201,1540144.225064
1731096000,0.55201,0.55443,0.5469,0.55413,2072330.543825
1731110400,0.55398,0.55398,0.54601,0.5466,760527.496229
1731124800,0.54665,0.55533,0.54649,0.55297,778179.863803
1731139200,0.55325,0.55662,0.55147,0.55307,519181.761773
1731153600,0.55347,0.55347,0.545,0.54892,1281808.676843
1731168000,0.54834,0.55204,0.54399,0.55021,1128398.879555
1731182400,0.55004,0.56186,0.54954,0.5597,1422233.589788
1731196800,0.55956,0.575,0.556,0.57177,4822535.058831
1731211200,0.5721,0.59274,0.57063,0.58608,4946540.029729
1731225600,0.58594,0.58806,0.58159,0.58701,1835101.677287
1731240000,0.58692,0.61968,0.58252,0.60495,11165823.253698
1731254400,0.60517,0.61628,0.59105,0.59619,7938225.531098
1731268800,0.59596,0.5986,0.56306,0.58868,10298086.041853
1731283200,0.58885,0.59861,0.58571,0.59489,3384865.485969
1731297600,0.59497,0.59699,0.57093,0.57779,5318996.136171
1731312000,0.57758,0.588,0.57728,0.588,1925525.707765
1731326400,0.588,0.59677,0.57675,0.59111,5794372.447367
1731340800,0.59144,0.59929,0.58914,0.59929,6249179.896475
1731355200,0.59935,0.6336,0.59935,0.62181,12631457.870636
1731369600,0.6218,0.62252,0.59737,0.60638,6269801.480442
1731384000,0.60672,0.61788,0.59595,0.61651,7476339.895186
1731398400,0.61724,0.71499,0.60637,0.64753,27950589.414199
1731412800,0.64771,0.70363,0.62514,0.67801,18576003.565033
1731427200,0.67866,0.706,0.66293,0.6937,12401052.516633
1731441600,0.6935,0.74,0.69294,0.70445,24810853.51168
1731456000,0.70461,0.74,0.66746,0.66746,9038297.37588
1731470400,0.6681,0.67735,0.64194,0.66197,7351592.384457
1731484800,0.66161,0.678,0.6535,0.67751,3261833.630618
1731499200,0.67639,0.72289,0.66536,0.71492,13404488.953048
1731513600,0.71449,0.74884,0.6801,0.6822,13415592.849285
1731528000,0.68184,0.69365,0.67009,0.69095,4768718.227843
1731542400,0.69068,0.70593,0.68391,0.6975,6121966.015188
1731556800,0.69766,0.705,0.68399,0.69891,3140412.66816
1731571200,0.69893,0.72137,0.69826,0.71913,4586350.399278
1731585600,0.71873,0.755,0.70082,0.71284,17458503.665741
1731600000,0.71397,0.8,0.70624,0.79079,20979798.27165
1731614400,0.79065,0.8989,0.7566,0.77298,40068615.215533
1731628800,0.77409,0.83556,0.77062,0.82166,14210069.821979
1731643200,0.81958,0.8398,0.78361,0.78588,9895317.662381
1731657600,0.78612,0.83364,0.77334,0.82672,9445010.771733
1731672000,0.82639,0.92,0.81665,0.86649,36698556.731681
1731686400,0.86618,0.89774,0.86002,0.89774,13247289.254401
1731700800,0.89763,0.92747,0.86869,0.89247,22704621.441655
1731715200,0.89278,0.91881,0.87825,0.90876,6870029.663477
1731729600,0.90876,0.98356,0.906,0.973,19108876.627194
1731744000,0.9724,1.08816,0.96136,1.04862,46082822.246257
1731758400,1.04933,1.27472,1.03191,1.10915,61837704.803753
1731772800,1.1106,1.20705,1.08385,1.18577,26009203.656205
1731787200,1.18658,1.2024,1.1029,1.12065,15746520.347372
1731801600,1.12066,1.15986,1.03556,1.06104,22901602.018317
1731816000,1.06103,1.08966,0.99888,1.06923,19587222.001355
1731830400,1.06831,1.1014,1.03519,1.03628,7327188.330747
1731844800,1.03628,1.14729,1.0359,1.08485,12696554.979917
1731859200,1.08406,1.08956,1.03278,1.03553,7843480.643283
1731873600,1.03555,1.07138,1.03201,1.05452,5829439.750698
1731888000,1.05464,1.13963,1.05464,1.11887,9454426.475941
1731902400,1.11859,1.18673,1.11438,1.16973,14650527.441028
1731916800,1.16989,1.17349,1.1077,1.1195,9727828.776261
1731931200,1.11929,1.17827,1.10469,1.1676,9856390.592648
1731945600,1.1669,1.16771,1.06449,1.09053,17207468.519829
1731960000,1.09083,1.14122,1.08294,1.11493,10656934.601284
1731974400,1.11503,1.14818,1.11235,1.13873,6932526.244409
1731988800,1.1385,1.14318,1.09861,1.10297,7877098.422245
1732003200,1.10289,1.10752,1.08345,1.10192,7890988.980923
1732017600,1.10191,1.125,1.07,1.09758,11379254.578186
1732032000,1.09757,1.11795,1.08594,1.10726,6885591.273544
1732046400,1.10675,1.11772,1.0733,1.10191,8017384.926336
1732060800,1.10197,1.11545,1.0574,1.07991,5397182.024027
1732075200,1.079,1.09434,1.07,1.08217,3434832.62792
1732089600,1.08175,1.13865,1.07759,1.12134,8959738.787526
1732104000,1.12102,1.15,1.11267,1.1215,9073702.201544
1732118400,1.1215,1.13259,1.06499,1.08513,20786765.07961
1732132800,1.08468,1.12,1.076,1.10467,7334555.478475
1732147200,1.10466,1.13328,1.08,1.09721,8792949.798605
1732161600,1.09708,1.13135,1.08661,1.11165,4382357.23204
1732176000,1.11018,1.13493,1.10786,1.11099,5271310.658189
1732190400,1.11099,1.15799,1.097,1.10418,11905722.067993
1732204800,1.10385,1.24357,1.09814,1.17327,52487209.631939
1732219200,1.17297,1.26423,1.167,1.24757,17031721.909427
1732233600,1.2485,1.4161,1.24523,1.38773,85989474.376889
1732248000,1.38501,1.43309,1.36339,1.36494,20998344.407354
1732262400,1.36524,1.47737,1.36507,1.46819,14990193.478823
1732276800,1.4682,1.50026,1.353,1.44371,32830217.211729
1732291200,1.44348,1.49175,1.40416,1.43745,18580765.782773
1732305600,1.43771,1.4924,1.431,1.4732,12602056.616689
1732320000,1.47305,1.63397,1.47111,1.56702,44222347.867164
1732334400,1.56702,1.56702,1.48139,1.54627,10937413.416287
1732348800,1.54649,1.57812,1.51704,1.54647,6752056.096472
1732363200,1.54643,1.60559,1.5228,1.55709,15553484.709121
1732377600,1.55808,1.57921,1.41733,1.478,30378379.901682
1732392000,1.4778,1.498,1.42209,1.46985,10991282.349164
1732406400,1.46821,1.51776,1.44,1.47476,14325706.673046
1732420800,1.47447,1.48447,1.43757,1.4668,4064441.162869
1732435200,1.46665,1.46918,1.36838,1.38611,11406491.004248
1732449600,1.38816,1.40457,1.25945,1.30826,32215902.006871
1732464000,1.30759,1.41151,1.29819,1.38027,21761437.547904
1732478400,1.38027,1.46172,1.37359,1.43372,25225626.865989
1732492800,1.4343,1.4345,1.35726,1.40449,8283198.022295
1732507200,1.40484,1.505,1.40317,1.48011,28160295.582027
1732521600,1.4806,1.53897,1.46728,1.48099,20655678.335322
1732536000,1.48073,1.48784,1.37024,1.42291,19635858.513222
1732550400,1.42405,1.52644,1.40795,1.47573,28262728.016885
1732564800,1.4742,1.47951,1.38146,1.41293,11244109.586854
1732579200,1.41293,1.45788,1.39813,1.44628,3578856.280183
1732593600,1.446,1.45727,1.40818,1.42614,2646530.160513
1732608000,1.42614,1.42614,1.28288,1.333,18267285.405101
1732622400,1.33267,1.384,1.31328,1.34568,14519125.656318
1732636800,1.347,1.40036,1.33494,1.37901,12439659.442512
1732651200,1.37846,1.4269,1.37357,1.39816,9549932.462033
1732665600,1.39816,1.418,1.3568,1.36567,5546993.744516
1732680000,1.36488,1.416,1.35238,1.41167,2660689.004086
1732694400,1.41166,1.46671,1.40594,1.4325,6878702.065007
1732708800,1.43295,1.50906,1.41049,1.49649,11960687.66001
1732723200,1.49636,1.50693,1.46221,1.48658,10278922.856841
1732737600,1.4863,1.5238,1.46782,1.47274,10757599.777736
1732752000,1.472,1.4847,1.44311,1.46621,5350372.800021
1732766400,1.46621,1.49437,1.45826,1.46309,3234921.915156
1732780800,1.4622,1.47316,1.44019,1.46603,2520060.925677
1732795200,1.46508,1.47786,1.4311,1.43441,3902323.837662
1732809600,1.43441,1.48227,1.43297,1.47816,2630020.25844
1732824000,1.47834,1.54545,1.46547,1.54545,12334060.749137
1732838400,1.54239,1.57987,1.52383,1.55143,13402770.237138
1732852800,1.55142,1.64699,1.5396,1.5883,9879322.921185
1732867200,1.58878,1.68319,1.58878,1.65189,10974671.215526
1732881600,1.65296,1.77568,1.6455,1.71,22567571.255034
1732896000,1.71091,1.73677,1.67699,1.72737,11912955.522192
1732910400,1.72696,1.8183,1.71863,1.80241,19748044.825755
1732924800,1.80156,1.86502,1.75862,1.81889,23699699.934071
1732939200,1.81906,1.95,1.8059,1.91485,20690471.076327
1732953600,1.91448,1.93641,1.84808,1.89843,12386651.064693
1732968000,1.89753,1.90107,1.81819,1.87905,10422788.050733
1732982400,1.87873,1.91315,1.85699,1.90052,12900942.94058
1732996800,1.9011,1.95846,1.882,1.95253,21450129.786309
1733011200,1.95259,1.95555,1.85022,1.891,10838003.683917
1733025600,1.89101,1.9021,1.8574,1.87419,7556089.193733
1733040000,1.87295,1.94874,1.87068,1.91387,6200898.506315
1733054400,1.91341,1.9224,1.89355,1.90292,5445245.946446
1733068800,1.90292,2.15,1.883,2.12563,38403153.18248
1733083200,2.12563,2.3739,2.07344,2.29393,62025220.226049
1733097600,2.29806,2.51,2.2885,2.39779,74520464.856108
1733112000,2.3966,2.483,2.35314,2.44182,29202722.443968
1733126400,2.44032,2.455,2.19019,2.31376,33765946.61912
1733140800,2.31497,2.75,2.2988,2.70308,53415038.764448
1733155200,2.70165,2.86971,2.58,2.74848,48474089.780811
1733169600,2.74696,2.8,2.63559,2.72585,36769892.754409
1733184000,2.72481,2.7781,2.64306,2.77507,16729914.370478
1733198400,2.77347,2.78146,2.51871,2.63196,20160300.911055
1733212800,2.63065,2.868,2.56526,2.84699,16876256.676672
1733227200,2.84803,2.9,2.27639,2.52369,79819735.781724
1733241600,2.5245,2.60925,2.47943,2.57037,37476786.170164
1733256000,2.57037,2.69,2.5119,2.51204,31927477.511481
1733270400,2.51204,2.58305,2.50076,2.54631,7167013.640067
1733284800,2.54631,2.6565,2.54129,2.62422,8006314.897422
1733299200,2.62372,2.68,2.60273,2.61157,8790254.645392
1733313600,2.61128,2.62912,2.48791,2.515,14570818.625677
1733328000,2.51499,2.52421,2.3153,2.39899,46580808.405228
1733342400,2.39999,2.44634,2.2729,2.36257,36740004.201491
1733356800,2.361,2.39827,2.16666,2.25714,41565158.062294
1733371200,2.25782,2.38644,2.24775,2.3768,13709245.78798
1733385600,2.37757,2.4995,2.36228,2.41057,9906756.080135
1733400000,2.41083,2.41852,2.30952,2.37549,10134190.119913
1733414400,2.37662,2.44461,2.32753,2.33804,21253840.458047
1733428800,2.33806,2.35126,2.218,2.2471,20396964.161624
1733443200,2.2471,2.34,2.2297,2.31202,5456612.560639
1733457600,2.31128,2.39666,2.30708,2.32252,5523162.851498
1733472000,2.3225,2.33858,2.24378,2.27582,4865547.92717
1733486400,2.27591,2.3801,2.26,2.33102,8900159.748065
1733500800,2.33208,2.41574,2.33193,2.3692,11708766.512096
1733515200,2.3692,2.46857,2.36329,2.42906,14470489.593635
1733529600,2.42932,2.50437,2.40312,2.41844,9851072.30578
1733544000,2.41842,2.45,2.38605,2.41046,6501402.427305
1733558400,2.41,2.45,2.39968,2.43303,3319583.068423
1733572800,2.43444,2.55125,2.42477,2.54264,10642018.482436
1733587200,2.54452,2.57188,2.47058,2.51617,14159196.057301
1733601600,2.51617,2.62,2.50347,2.61247,14065690.996755
1733616000,2.61248,2.6192,2.56665,2.59461,5558470.226711
1733630400,2.5943,2.59555,2.52785,2.55608,5281210.639817
1733644800,2.55558,2.55603,2.48037,2.54025,5725582.132566
1733659200,2.54125,2.56767,2.51306,2.54443,4017823.044217
1733673600,2.54442,2.64951,2.53915,2.58101,10697783.563955
1733688000,2.58191,2.62279,2.55802,2.60413,5694649.126065
1733702400,2.60372,2.60857,2.43295,2.47119,16014767.604782
1733716800,2.4716,2.49472,2.40602,2.44365,7741609.985939
1733731200,2.44363,2.44363,2.35495,2.3716,9827188.098604
1733745600,2.37142,2.465,2.36632,2.38773,9468646.267377
1733760000,2.38578,2.439,2.37695,2.40623,5316038.247087
1733774400,2.40625,2.41028,1.9899,2.21737,44401484.63265
1733788800,2.21501,2.27816,2.04195,2.15122,24231114.741582
1733803200,2.15065,2.225,2.08607,2.20907,12279999.753459
1733817600,2.20871,2.25774,2.178,2.21994,3690490.133276
1733832000,2.22007,2.22694,2.03256,2.0402,17731309.399061
1733846400,2.04264,2.15176,1.899,2.12829,35031521.042302
1733860800,2.1258,2.42,2.11315,2.37267,38215972.919643
1733875200,2.37279,2.38718,2.22,2.3,12575227.022108
1733889600,2.3015,2.35657,2.28779,2.28903,4023000.248827
1733904000,2.28824,2.401,2.28764,2.36109,8123952.985917
1733918400,2.35966,2.47351,2.33001,2.45219,17864125.439043
1733932800,2.45145,2.46249,2.3818,2.43561,9394684.625155
1733947200,2.43662,2.44535,2.39328,2.39499,6188831.122248
1733961600,2.395,2.43,2.35203,2.40711,7673388.777511
1733976000,2.4055,2.48,2.40503,2.42456,9373567.505708
1733990400,2.42505,2.4515,2.3825,2.41,5529510.481518
1734004800,2.41,2.4514,2.39823,2.41851,4649214.563755
1734019200,2.41795,2.4461,2.34,2.34801,7391667.733299
1734033600,2.348,2.39639,2.31,2.33782,5522776.595707
1734048000,2.33909,2.36714,2.30881,2.352,4382561.41332
1734062400,2.352,2.35406,2.28371,2.31399,4119464.105844
1734076800,2.31802,2.3533,2.30231,2.335,2119178.240643
1734091200,2.33512,2.48854,2.33512,2.3992,15221270.847321
1734105600,2.3992,2.44533,2.38352,2.42199,5643009.140687
1734120000,2.42094,2.44311,2.41071,2.42284,3284343.546805
1734134400,2.42284,2.477,2.39996,2.46285,5505670.104977
1734148800,2.46326,2.53,2.44781,2.48848,6555950.553262
1734163200,2.48848,2.50294,2.42589,2.43152,3271664.272428
1734177600,2.43036,2.43717,2.367,2.40283,4852224.247199
1734192000,2.40283,2.41255,2.37,2.39678,3080817.800498
1734206400,2.39652,2.40968,2.35544,2.39957,4362224.080118
1734220800,2.40012,2.43744,2.385,2.41598,3674933.541323
1734235200,2.41707,2.44811,2.39,2.39908,2630760.684356
1734249600,2.39877,2.43328,2.39,2.42629,1318352.258253
1734264000,2.42672,2.43,2.39083,2.41437,2510393.747507
1734278400,2.41494,2.4385,2.40519,2.40591,1810888.270744
1734292800,2.40591,2.47,2.36781,2.44586,6174449.295012
1734307200,2.44598,2.46801,2.39099,2.40351,4515256.055312
1734321600,2.40431,2.41721,2.39804,2.40444,2319345.326974
1734336000,2.40424,2.40611,2.32738,2.35184,5568258.953228
1734350400,2.35185,2.39861,2.34561,2.37403,3866379.02877
1734364800,2.37427,2.587,2.37427,2.47437,23939900.273981
1734379200,2.47438,2.52972,2.463,2.4849,8245853.282507
1734393600,2.48487,2.49102,2.44108,2.4852,4083397.679221
1734408000,2.4846,2.55,2.46123,2.53684,4935363.596378
1734422400,2.53582,2.72673,2.53582,2.68982,21519709.829202
1734436800,2.68787,2.72083,2.54018,2.59641,28216413.133965
1734451200,2.596,2.65923,2.5788,2.60039,11232421.253839
1734465600,2.6001,2.62834,2.52399,2.56702,8645522.34796
1734480000,2.56774,2.59,2.52185,2.52366,4673851.761577
1734494400,2.52367,2.53896,2.46822,2.509,6575078.697734
1734508800,2.509,2.59,2.49228,2.57995,5895620.433977
1734523200,2.58159,2.58159,2.455,2.47259,8005435.242607
1734537600,2.4727,2.51644,2.40034,2.40202,7651493.556323
1734552000,2.40247,2.4184,2.25,2.30918,21904699.914534
1734566400,2.3089,2.3658,2.17122,2.3517,18649208.437087
1734580800,2.35094,2.38459,2.33263,2.37935,5762139.9465
1734595200,2.3797,2.43,2.34732,2.41001,4105845.896854
1734609600,2.41002,2.41451,2.2677,2.32898,8703115.096601
1734624000,2.32596,2.34439,2.19,2.22766,14395954.564889
1734638400,2.22781,2.28851,2.1561,2.23663,10067182.530442
1734652800,2.23665,2.35283,2.22345,2.32588,6187663.578665
1734667200,2.32588,2.33961,2.24995,2.28665,4008943.874129
1734681600,2.28554,2.28929,1.95502,1.965,22568237.239718
1734696000,1.96511,2.24674,1.95789,2.21345,19068485.341186
1734710400,2.21373,2.31148,2.20087,2.27648,9673837.82955
1734724800,2.27745,2.29521,2.20515,2.27849,7347489.949964
1734739200,2.27879,2.31329,2.25218,2.29749,2996908.09323
1734753600,2.29852,2.383,2.29,2.35362,5884152.653267
1734768000,2.35361,2.36688,2.28413,2.30626,2970978.350795
1734782400,2.30615,2.30615,2.19139,2.25792,6685685.380929
1734796800,2.25627,2.26471,2.20035,2.23978,3999010.739589
1734811200,2.24161,2.26178,2.20537,2.23502,2761937.110797
1734825600,2.23715,2.25614,2.205,2.23883,2163025.021348
1734840000,2.23957,2.245,2.17482,2.2263,3121605.669659
1734854400,2.22732,2.29,2.22629,2.25878,2612783.799634
1734868800,2.25878,2.27306,2.19659,2.21837,2630438.746958
1734883200,2.21682,2.25853,2.18257,2.18797,2513609.32847
1734897600,2.18929,2.22411,2.16,2.20022,5192728.614308
1734912000,2.20116,2.21735,2.13,2.21418,5917110.192723
1734926400,2.2145,2.23153,2.15445,2.17592,3058059.691055
1734940800,2.17678,2.22099,2.17195,2.19927,2614140.814003
1734955200,2.19944,2.22,2.13152,2.13947,5797556.876822
1734969600,2.14022,2.20034,2.13722,2.18014,4516408.667781
1734984000,2.17999,2.27694,2.17908,2.25902,6825462.685149
1734998400,2.25912,2.25989,2.21198,2.24622,3126970.810609
1735012800,2.24411,2.26245,2.2269,2.2443,1353342.233675
1735027200,2.24348,2.255,2.2212,2.24294,761382.042135
1735041600,2.24298,2.33454,2.22681,2.32063,5890213.008375
1735056000,2.32003,2.348,2.30642,2.30642,5668300.583063
1735070400,2.30641,2.33754,2.27795,2.32191,2266953.522356
1735084800,2.32214,2.32214,2.28336,2.29626,1545398.953129
1735099200,2.29607,2.31252,2.28,2.28199,1140523.101987
1735113600,2.282,2.33135,2.2621,2.26861,1962034.845726
1735128000,2.26861,2.29694,2.262,2.27688,1206032.712324
1735142400,2.27782,2.30868,2.25693,2.30491,2708609.942063
1735156800,2.30525,2.31347,2.28448,2.29602,1186063.497945
1735171200,2.29588,2.31381,2.265,2.27071,1307925.147404
1735185600,2.27071,2.27071,2.23246,2.2395,1651465.13704
1735200000,2.23954,2.24419,2.16,2.18831,2854865.731929
1735214400,2.18809,2.189,2.153,2.16401,3192757.41731
1735228800,2.164,2.18476,2.12672,2.16579,4518868.349856
1735243200,2.16568,2.17591,2.13,2.15371,3065325.278762
1735257600,2.15372,2.18659,2.13067,2.17181,2081907.642798
1735272000,2.17103,2.18454,2.12691,2.1399,2460934.490154
1735286400,2.13989,2.234,2.13989,2.21113,4884558.362799
1735300800,2.21123,2.21148,2.13,2.14145,3424545.237653
1735315200,2.14172,2.17781,2.11265,2.17604,4431118.743232
1735329600,2.17603,2.177,2.13119,2.14298,1673370.818185
1735344000,2.14299,2.15441,2.1311,2.15211,1586222.652697
1735358400,2.1518,2.16591,2.14289,2.15372,826767.576275
1735372800,2.15466,2.1726,2.15452,2.16598,636082.710382
1735387200,2.16597,2.191,2.15472,2.16642,1703379.902431
1735401600,2.16869,2.19955,2.16859,2.18745,1755306.429748
1735416000,2.18744,2.20171,2.17684,2.18081,1277633.038734
1735430400,2.18063,2.18511,2.168,2.1832,731896.446609
1735444800,2.1832,2.19458,2.17272,2.19411,1179891.257195
1735459200,2.19338,2.19338,2.17398,2.17472,609966.511001
1735473600,2.17424,2.18303,2.14702,2.1625,1653624.622246
1735488000,2.16121,2.16218,2.135,2.13937,1399245.761622
1735502400,2.13883,2.13883,2.06673,2.0908,6329537.43617
1735516800,2.09081,2.1465,2.08197,2.0985,4308407.101472
1735531200,2.0985,2.10842,2.04363,2.06463,4516713.257327
1735545600,2.06444,2.08049,2.04777,2.07311,2025570.07163
1735560000,2.07311,2.09193,1.99338,2.02043,6902351.900732
1735574400,2.02083,2.10739,1.99648,2.101,4954129.659702
1735588800,2.101,2.13798,2.03366,2.0544,5615104.831286
1735603200,2.0548,2.06206,2.0128,2.01912,3668137.40132
1735617600,2.01816,2.03302,2.01,2.03204,1172626.38494
1735632000,2.03053,2.09551,2.03052,2.07291,2916184.144185
1735646400,2.07219,2.14637,2.07213,2.12634,5208261.571952
1735660800,2.12633,2.12633,2.06,2.08972,4495901.022213
1735675200,2.08971,2.10203,2.06966,2.08017,2578533.86907
1735689600,2.07974,2.10831,2.07804,2.10264,1998155.551955
1735704000,2.10241,2.14343,2.0953,2.11911,2747126.83639
1735718400,2.11997,2.1398,2.08567,2.13236,2197421.822128
1735732800,2.13215,2.22752,2.12704,2.22332,6715683.668132
1735747200,2.22358,2.33946,2.20614,2.31306,14135325.880041
1735761600,2.31019,2.35,2.285,2.327,5799611.356029
1735776000,2.327,2.445,2.32575,2.41839,10399734.698154
1735790400,2.41996,2.4236,2.34,2.36578,4268684.868771
1735804800,2.36579,2.4135,2.36579,2.40361,2886278.594355
1735819200,2.40168,2.41884,2.36306,2.40134,3969034.94128
1735833600,2.40227,2.43415,2.37255,2.38631,4617835.934049
1735848000,2.3863,2.41,2.36519,2.4,3555973.648091
1735862400,2.4003,2.47251,2.39588,2.46801,4588497.289989
1735876800,2.468,2.468,2.4035,2.41325,2520227.669805
1735891200,2.41325,2.43516,2.4,2.40819,1796650.662882
1735905600,2.40717,2.44684,2.40021,2.4449,4379572.750574
1735920000,2.445,2.47841,2.43585,2.47224,5890821.785495
1735934400,2.47224,2.47224,2.44065,2.45338,4263033.091694
1735948800,2.45339,2.50733,2.42641,2.46517,3988020.308872
1735963200,2.46477,2.4649,2.44355,2.44678,1285251.313622
1735977600,2.4456,2.45092,2.42825,2.4398,1416565.146487
1735992000,2.44108,2.46373,2.401,2.41201,3403683.032609
1736006400,2.41201,2.43228,2.41201,2.423,1552825.004019
1736020800,2.423,2.44239,2.41642,2.418,1666530.695949
1736035200,2.418,2.42736,2.3748,2.39048,2857349.728575
1736049600,2.39088,2.41479,2.38836,2.40018,1496205.901539
1736064000,2.40067,2.40263,2.328,2.35272,3935970.708023
1736078400,2.35296,2.38053,2.34415,2.367,2449640.756706
1736092800,2.3669,2.41011,2.36,2.38281,2629302.110456
1736107200,2.383,2.41372,2.38281,2.39897,1569970.941162
1736121600,2.39906,2.44,2.37294,2.41211,2362683.977514
1736136000,2.41161,2.42343,2.39112,2.39227,785870.340546
1736150400,2.39205,2.40261,2.37349,2.39457,2435707.256975
1736164800,2.39423,2.45,2.36922,2.43686,5469709.831251
1736179200,2.43777,2.45907,2.403,2.42565,4597309.771927
1736193600,2.42576,2.43,2.4107,2.42117,2037942.730932
1736208000,2.42147,2.423,2.39524,2.40653,2299847.659736
1736222400,2.40704,2.44755,2.40605,2.42788,2996974.258888
1736236800,2.42828,2.47,2.40714,2.42076,3625196.950103
1736251200,2.42187,2.44089,2.28,2.31458,10199062.189178
1736265600,2.314,2.34544,2.265,2.28124,6000589.058224
1736280000,2.28124,2.30622,2.26,2.27059,3386862.977122
1736294400,2.27085,2.365,2.269,2.32,5647339.703168
1736308800,2.32024,2.33425,2.26,2.28596,4106667.304913
1736323200,2.28564,2.33804,2.28564,2.32499,4076052.318364
1736337600,2.32503,2.37641,2.2795,2.30739,5159830.946252
1736352000,2.30819,2.33795,2.2,2.31514,12448307.632835
1736366400,2.3149,2.395,2.29817,2.37367,8052686.11822
1736380800,2.37283,2.39435,2.33272,2.348,4071121.957483
1736395200,2.34807,2.36568,2.3,2.31178,3062247.645127
1736409600,2.31203,2.33,2.28519,2.3031,2907213.252266
1736424000,2.30269,2.33647,2.235,2.31774,7015652.259217
1736438400,2.31774,2.32809,2.26823,2.27823,6507244.538783
1736452800,2.27857,2.29863,2.24972,2.27258,5667415.379608
1736467200,2.27258,2.29402,2.25975,2.28841,2498380.613751
1736481600,2.28968,2.325,2.27824,2.31055,4213771.251554
1736496000,2.31036,2.32162,2.30159,2.30971,2006243.528741
1736510400,2.3082,2.31755,2.24675,2.2884,5557195.923361
1736524800,2.28845,2.36,2.26879,2.35858,6539236.243157
1736539200,2.35858,2.37,2.332,2.34086,3320720.993878
1736553600,2.34098,2.36425,2.32511,2.3314,1993099.022231
1736568000,2.33141,2.34608,2.32666,2.34364,1068968.242857
1736582400,2.34323,2.4364,2.33208,2.41787,5481060.973602
1736596800,2.41832,2.42792,2.37904,2.40634,4442545.955855
1736611200,2.40631,2.53002,2.39712,2.52955,17287947.184334
1736625600,2.5284,2.59963,2.50727,2.57577,12389385.833239
1736640000,2.57585,2.58,2.50459,2.54053,3470929.596156
1736654400,2.54085,2.55231,2.51021,2.54101,1465887.224375
1736668800,2.54101,2.5489,2.46724,2.49341,3703076.693123
1736683200,2.49338,2.53,2.488,2.52257,4224798.056528
1736697600,2.52256,2.55692,2.51387,2.5475,6098708.965971
1736712000,2.54749,2.54749,2.48125,2.50349,4927709.164739
1736726400,2.50326,2.56295,2.49453,2.50601,4617764.529321
1736740800,2.506,2.53939,2.444,2.45983,5210129.874305
1736755200,2.46,2.46,2.33299,2.33788,8035943.451005
1736769600,2.33787,2.495,2.33217,2.4672,12513464.124687
1736784000,2.4656,2.49428,2.425,2.4628,8137291.298029
1736798400,2.46279,2.55427,2.45,2.5249,8484329.418926
1736812800,2.52491,2.55241,2.5145,2.53181,2774271.295513
1736827200,2.53184,2.54999,2.51304,2.51401,2550703.93346
1736841600,2.5154,2.59963,2.5154,2.57458,6798652.026843
1736856000,2.5755,2.59081,2.54,2.57927,6686996.414721
1736870400,2.5774,2.69331,2.55327,2.66415,15834620.745513
1736884800,2.664,2.67871,2.63591,2.6675,6562114.354499
1736899200,2.6675,2.87569,2.64742,2.82923,18965583.428371
1736913600,2.82923,2.89408,2.78305,2.85676,6877360.309373
1736928000,2.85708,2.87472,2.7114,2.76076,13343516.651124
1736942400,2.76256,3.02557,2.72629,2.97065,29330900.733779
1736956800,2.97065,3,2.87336,2.94587,14625548.644696
1736971200,2.94587,3.2,2.93284,3.14091,28885865.368212
1736985600,3.14337,3.14959,2.9192,3.03916,26490403.24342
1737000000,3.03915,3.14814,3.03885,3.09042,6358636.721964
1737014400,3.09103,3.21048,3.02106,3.2,15302238.973023
1737028800,3.2,3.38722,3.16395,3.30659,43793630.598458
1737043200,3.30603,3.39987,3.30427,3.34931,20633368.507382
1737057600,3.34932,3.34953,3.16339,3.24232,19398789.10891
1737072000,3.24545,3.3489,3.2453,3.3068,9489281.429469
1737086400,3.30707,3.35369,3.28316,3.30371,5316757.054804
1737100800,3.30371,3.32979,3.22861,3.3,11087842.861276
1737115200,3.30001,3.30001,3.17903,3.2,9983206.508473
1737129600,3.2,3.2599,3.16943,3.23665,10320420.991457
1737144000,3.23641,3.31802,3.22902,3.29292,11701229.965623
1737158400,3.29292,3.299,3.2,3.24001,7125570.578051
1737172800,3.24001,3.24339,3.06941,3.11987,10056116.053558
1737187200,3.11654,3.18069,3.06029,3.17064,6770432.911286
1737201600,3.17185,3.245,3.1527,3.17448,9298947.053785
1737216000,3.17405,3.21568,3.13228,3.20925,8815952.68207
1737230400,3.20875,3.28555,3.1701,3.265,9626526.567212
1737244800,3.265,3.28696,3.22242,3.24691,8175100.964704
1737259200,3.24801,3.24865,3.16761,3.17651,6187745.737288
1737273600,3.17651,3.17651,3.03161,3.05,14548887.860798
1737288000,3.05017,3.15525,3.05017,3.14373,8047081.638283
1737302400,3.14373,3.22199,3.126,3.22,8489934.565048
1737316800,3.22,3.23,2.8106,2.95537,30583359.42133
1737331200,2.95651,3.12934,2.907,3.11029,12155326.680091
1737345600,3.11047,3.27062,3.0729,3.1949,12493764.370893
1737360000,3.19489,3.34,3.19458,3.32279,12603047.702812
1737374400,3.32279,3.3625,3.2,3.27474,15330474.207578
1737388800,3.26992,3.31784,3,3.1489,26994573.387483
1737403200,3.1489,3.17535,3.02795,3.10321,11404502.507375
1737417600,3.10259,3.18649,3.06115,3.10096,7325192.517093
1737432000,3.09879,3.09879,3.012,3.06668,4900443.341314
1737446400,3.06624,3.11711,3.04273,3.10752,5242655.249452
1737460800,3.10842,3.15371,3.07553,3.11664,6088097.317791
1737475200,3.11665,3.23975,3.11637,3.2011,12269020.833621
1737489600,3.20341,3.20364,3.14415,3.17544,4204422.204076
1737504000,3.17504,3.20715,3.16872,3.17717,2849905.438151
1737518400,3.17718,3.18938,3.15166,3.1727,3010784.351331
1737532800,3.17139,3.23183,3.14297,3.23183,4510504.33755
1737547200,3.23183,3.25924,3.15395,3.16246,7648934.356788
1737561600,3.16279,3.26306,3.13,3.22335,7683087.823108
1737576000,3.22335,3.28529,3.1542,3.176,11624257.633641
1737590400,3.17728,3.17959,3.11664,3.15035,2722685.427229
1737604800,3.1506,3.15382,3.10128,3.12913,2629645.743053
1737619200,3.12876,3.12904,3.0622,3.08395,7236330.80716
1737633600,3.0836,3.16608,3.03564,3.1345,25017116.891808
1737648000,3.13451,3.185,3.06471,3.08004,7832185.056997
1737662400,3.08005,3.17149,3.06,3.11963,5781534.016254
1737676800,3.11963,3.1351,3.05499,3.12156,3824476.393379
1737691200,3.12293,3.173,3.11329,3.1649,4089089.801513
1737705600,3.1649,3.20356,3.16164,3.19937,5499275.280369
1737720000,3.19737,3.20722,3.13757,3.16626,4687514.549391
1737734400,3.16625,3.17092,3.13384,3.14188,2381040.573401
1737748800,3.14302,3.14455,3.08352,3.10303,4084274.830633
1737763200,3.10303,3.13376,3.09764,3.13313,1723781.965519
1737777600,3.13363,3.13463,3.095,3.10762,903621.043154
1737792000,3.10793,3.1158,3.075,3.11499,3607200.753847
1737806400,3.11499,3.12533,3.109,3.11181,736314.407861
1737820800,3.11083,3.13341,3.11081,3.12529,1458660.726797
1737835200,3.12528,3.14,3.10751,3.10789,2086686.045619
1737849600,3.10797,3.14,3.10428,3.1339,1335212.12865
1737864000,3.13389,3.142,3.12293,3.13999,1091449.501175
1737878400,3.14,3.14198,3.11069,3.12972,1667600.600533
1737892800,3.12973,3.12973,3.112,3.11508,1176600.819406
1737907200,3.11538,3.13756,3.10666,3.13092,1994289.375524
1737921600,3.1306,3.13134,3.01112,3.02239,5620192.564573
1737936000,3.02239,3.03909,2.94078,3.00353,9619258.609119
1737950400,3.00299,3.00299,2.6562,2.80986,29938301.15856
1737964800,2.80852,2.82953,2.71556,2.78975,10173394.22408
1737979200,2.7895,2.99665,2.77,2.9561,10082824.452938
1737993600,2.95732,3.03001,2.87686,2.91243,10492989.239377
1738008000,2.91405,3.06001,2.91405,3.05479,12903686.328831
1738022400,3.05544,3.095,3.00774,3.08947,6010005.259145
1738036800,3.08588,3.1474,3.08547,3.105,7549571.44629
1738051200,3.10499,3.143,3.0727,3.13695,3766834.609942
1738065600,3.1387,3.21499,3.11542,3.18519,12078816.986971
1738080000,3.18528,3.1965,3.11969,3.13749,5512050.361305
1738094400,3.1375,3.13756,3.013,3.05767,10179951.389291
1738108800,3.05768,3.09161,3.05345,3.08395,2784886.907881
1738123200,3.08354,3.12129,3.07344,3.1044,2115490.155291
1738137600,3.1044,3.12578,3.06999,3.08387,5573898.620607
1738152000,3.08388,3.09685,3.026,3.06392,4259323.153042
1738166400,3.06406,3.125,2.96744,3.07321,10404516.490913
1738180800,3.07555,3.13333,3.03711,3.06824,7258261.80176
1738195200,3.06828,3.12241,3.05,3.12239,3261849.608956
1738209600,3.1224,3.13279,3.1,3.10905,3764681.656514
1738224000,3.10847,3.11531,3.09656,3.10202,1681979.068843
1738238400,3.10203,3.1557,3.08255,3.12122,4601857.535675
1738252800,3.12123,3.1428,3.10202,3.13055,3781549.150424
1738267200,3.13054,3.15142,3.11532,3.13001,3290361.691956
1738281600,3.13001,3.13371,3.08188,3.09427,3305589.381327
1738296000,3.09427,3.09919,3.0711,3.08131,2005312.370327
1738310400,3.0813,3.1,3.06,3.09962,1983328.768691
1738324800,3.09962,3.11619,3.075,3.10016,3811857.604653
1738339200,3.09981,3.10316,3.01499,3.03251,7177541.621059
1738353600,3.0325,3.0467,3.00151,3.03577,3011787.818188
1738368000,3.03569,3.06974,3.0257,3.0387,1166108.526514
1738382400,3.03916,3.0562,3.02499,3.0264,1309778.250532
1738396800,3.028,3.03859,2.9563,2.99307,4764482.991631
1738411200,2.99348,3.00635,2.95257,2.97268,4608177.697526
1738425600,2.97361,3.00158,2.90615,2.93892,3319480.667958
1738440000,2.93868,2.94465,2.85,2.8779,6877250.216382
1738454400,2.87823,2.95473,2.82789,2.83237,5204528.114023
1738468800,2.83236,2.92551,2.825,2.88065,6083439.579316
1738483200,2.88065,2.91445,2.78051,2.78574,6761681.071098
1738497600,2.78569,2.84811,2.73058,2.81,9357756.221946
1738512000,2.80991,2.80991,2.50001,2.66957,34105247.667783
1738526400,2.66694,2.72052,2.47,2.57815,20404685.059255
1738540800,2.5791,2.58411,1.75,2.25772,75658851.18486
1738555200,2.25907,2.45423,2.12707,2.43395,18666290.195394
1738569600,2.432,2.44319,2.31149,2.37409,13343677.536361
1738584000,2.37414,2.59939,2.21,2.55924,30407190.861018
1738598400,2.55852,2.78499,2.54403,2.75347,20459418.551717
1738612800,2.75155,2.75228,2.65,2.70319,18394859.156053
1738627200,2.70305,2.7916,2.6918,2.72306,8895593.903615
1738641600,2.72346,2.73258,2.474,2.48708,12089594.795303
1738656000,2.48672,2.63619,2.47725,2.59067,8175843.003183
1738670400,2.59126,2.69278,2.5863,2.62352,14969958.141088
1738684800,2.62353,2.71309,2.58775,2.59045,11621715.796183
1738699200,2.59057,2.62149,2.41942,2.52781,19063664.41276
1738713600,2.52785,2.56417,2.47113,2.50721,4265135.555894
1738728000,2.50721,2.54076,2.48798,2.51209,4235774.924018
1738742400,2.51085,2.55475,2.49855,2.55093,5496867.32312
1738756800,2.55124,2.57,2.47725,2.50308,8350520.768529
1738771200,2.50288,2.50889,2.34454,2.43822,12944599.407168
1738785600,2.43847,2.46334,2.36148,2.38059,5322559.119187
1738800000,2.38095,2.43396,2.37755,2.42603,3380663.731348
1738814400,2.42651,2.46805,2.4192,2.44045,3033394.930117
1738828800,2.44045,2.46922,2.42089,2.45019,2144256.574311
1738843200,2.45012,2.45327,2.2867,2.31552,6612631.174749
1738857600,2.31672,2.36987,2.27941,2.29573,12581862.496291
1738872000,2.29572,2.36382,2.29027,2.32562,5388083.254296
1738886400,2.32564,2.37343,2.31169,2.35392,3918188.965497
1738900800,2.35543,2.37132,2.268,2.2889,3631412.637063
1738915200,2.29018,2.43379,2.27946,2.41938,7967014.965107
1738929600,2.41929,2.53994,2.37444,2.4799,16409281.775485
1738944000,2.4799,2.51338,2.41283,2.42872,15237471.939449
1738958400,2.42758,2.42985,2.35004,2.3978,12208938.053731
1738972800,2.39781,2.42614,2.37668,2.38333,1546396.483202
1738987200,2.38375,2.40262,2.35251,2.3952,2210014.703811
1739001600,2.39541,2.41599,2.36352,2.412,3542741.145087
1739016000,2.41058,2.43404,2.38401,2.39063,3183018.550482
1739030400,2.39127,2.435,2.3779,2.42538,3267125.622271
1739044800,2.42539,2.43474,2.40549,2.42001,1414288.775907
1739059200,2.42001,2.505,2.40756,2.505,4062258.907484
1739073600,2.505,2.50774,2.4523,2.4669,3013641.836079
1739088000,2.46706,2.49491,2.44067,2.44068,2396928.956993
1739102400,2.44068,2.448,2.38013,2.42988,5478498.861062
1739116800,2.428,2.43343,2.387,2.39873,2669366.610277
1739131200,2.40071,2.42277,2.31102,2.3932,11412177.201124
1739145600,2.3936,2.435,2.3236,2.38329,7820800.474626
1739160000,2.38198,2.41999,2.37269,2.40769,3756260.970426
1739174400,2.40641,2.45306,2.40298,2.43,2665698.285134
1739188800,2.43001,2.47275,2.40657,2.42215,5505093.005861
1739203200,2.4203,2.44389,2.41,2.42432,2209312.143992
1739217600,2.42585,2.44198,2.4087,2.42366,4521160.345921
1739232000,2.42372,2.46777,2.421,2.44208,6099476.281086
1739246400,2.44208,2.5275,2.44175,2.50002,5671804.504564
1739260800,2.50001,2.51259,2.478,2.49686,6621767.126597
1739275200,2.49686,2.49818,2.43394,2.46874,5996079.050685
1739289600,2.46553,2.48,2.37066,2.38715,11434197.489983
1739304000,2.38754,2.44572,2.38501,2.41241,5873538.42046
1739318400,2.41286,2.42638,2.38276,2.38784,4623472.720213
1739332800,2.38784,2.41617,2.381,2.40768,2544084.083027
1739347200,2.40768,2.43192,2.40232,2.42085,2009336.329798
1739361600,2.42115,2.45,2.33303,2.39947,17815996.972346
1739376000,2.39841,2.465,2.37902,2.44736,8438797.562593
1739390400,2.44708,2.49501,2.44004,2.47318,6128772.900226
1739404800,2.47354,2.483,2.45364,2.48243,1504690.994247
1739419200,2.48243,2.48605,2.43,2.44219,4184711.389888
1739433600,2.44179,2.45613,2.425,2.44441,1804329.106736
1739448000,2.44428,2.47,2.41723,2.44805,5732371.079163
1739462400,2.44779,2.47289,2.42176,2.45455,2557148.919315
1739476800,2.45471,2.60473,2.45445,2.55989,12827356.570478
1739491200,2.56056,2.59202,2.5324,2.59032,4740055.49222
1739505600,2.59204,2.59734,2.53643,2.58895,2786649.612884
1739520000,2.58908,2.78879,2.58804,2.73263,20329660.138776
1739534400,2.73264,2.78,2.68,2.72534,13590335.013612
1739548800,2.72535,2.83464,2.70033,2.78815,14004140.691931
1739563200,2.78909,2.81134,2.69255,2.73929,6534483.343341
1739577600,2.7393,2.83226,2.72598,2.8141,6866856.185618
1739592000,2.81378,2.81378,2.74634,2.76408,2783598.452135
1739606400,2.76409,2.81797,2.76408,2.79774,4051699.334204
1739620800,2.79804,2.82504,2.76,2.7814,3381441.51192
1739635200,2.78191,2.78548,2.73828,2.74501,6775760.608788
1739649600,2.74501,2.76397,2.71423,2.76289,3065618.990324
1739664000,2.76289,2.7984,2.75606,2.78165,1444115.657756
1739678400,2.78165,2.80331,2.75375,2.76149,3204474.792168
1739692800,2.7611,2.77736,2.74202,2.76505,1687959.726361
1739707200,2.7651,2.767,2.7085,2.72501,2659193.090457
1739721600,2.725,2.74268,2.695,2.72611,2727434.210995
1739736000,2.72613,2.76825,2.72,2.72869,4841789.400905
1739750400,2.72889,2.76322,2.70196,2.715,3241581.310157
1739764800,2.715,2.71797,2.63777,2.65598,5263507.370452
1739779200,2.65595,2.69931,2.64323,2.67201,4960845.167469
1739793600,2.67201,2.72999,2.64364,2.64711,7117262.252587
1739808000,2.64663,2.663,2.60761,2.65063,8587906.299849
1739822400,2.64947,2.68666,2.64353,2.65941,3722475.981689
1739836800,2.65949,2.6678,2.62671,2.65985,2113070.806952
1739851200,2.65971,2.66668,2.54012,2.5634,4831722.677584
1739865600,2.56348,2.607,2.54822,2.57339,4227933.731381
1739880000,2.57338,2.62834,2.52716,2.53901,8423427.241378
1739894400,2.53789,2.5552,2.47,2.51114,13538295.543843
1739908800,2.51113,2.56609,2.497,2.56137,5463581.17801
1739923200,2.56137,2.57691,2.52001,2.55307,5102021.513257
1739937600,2.55332,2.5644,2.51125,2.55668,4927809.780155
1739952000,2.55622,2.62899,2.543,2.61455,5114525.991906
1739966400,2.61494,2.62399,2.5751,2.6075,8693320.176993
1739980800,2.60887,2.688,2.60638,2.65878,7038548.961204
1739995200,2.66111,2.745,2.65701,2.73928,5033011.158569
1740009600,2.73928,2.74912,2.68169,2.70506,4213287.931494
1740024000,2.70506,2.73266,2.67058,2.68792,2062496.119344
1740038400,2.68792,2.70985,2.67833,2.68092,3868154.212378
1740052800,2.68109,2.74568,2.66933,2.67095,6313522.322575
1740067200,2.67096,2.72841,2.66786,2.70858,4194442.792336
1740081600,2.70862,2.71487,2.67161,2.68888,4008122.183686
1740096000,2.68888,2.69309,2.642,2.6452,2638669.794208
1740110400,2.64411,2.67549,2.64247,2.66001,2525072.774294
1740124800,2.66019,2.69798,2.64788,2.65268,2172612.447334
1740139200,2.65248,2.71549,2.56791,2.61215,14071302.354115
1740153600,2.61215,2.64765,2.50848,2.52377,11500669.371694
1740168000,2.52378,2.57526,2.51521,2.5702,6068769.231009
1740182400,2.5702,2.5969,2.55268,2.57211,2147915.951676
1740196800,2.5711,2.59381,2.56935,2.58151,828190.858499
1740211200,2.58255,2.59601,2.56602,2.58866,1196874.462234
1740225600,2.58866,2.5969,2.58052,2.59023,586965.48777
1740240000,2.59123,2.61001,2.5839,2.5875,1996234.179951
1740254400,2.58751,2.5899,2.572,2.57553,2016882.08384
1740268800,2.57553,2.57553,2.544,2.55121,2786547.124953
1740283200,2.55121,2.59993,2.54675,2.59,2034232.967873
1740297600,2.58999,2.59204,2.56713,2.57045,1344137.344133
1740312000,2.57046,2.57315,2.52017,2.52268,1779600.677366
1740326400,2.52297,2.5649,2.52297,2.5527,3254215.158686
1740340800,2.5531,2.58107,2.54378,2.57581,2842137.086182
1740355200,2.57603,2.6045,2.47301,2.49097,7394832.736125
1740369600,2.49044,2.50307,2.44065,2.49458,5166931.717547
1740384000,2.49457,2.49457,2.435,2.49,4031687.122122
1740398400,2.49001,2.49634,2.40195,2.4303,8898296.306946
1740412800,2.43078,2.4787,2.38288,2.40114,7869649.952839
1740427200,2.40165,2.44757,2.23101,2.275,26297240.541377
1740441600,2.27753,2.3357,2.21196,2.28254,10360425.007604
1740456000,2.28068,2.30834,2.08908,2.15434,11607298.768241
1740470400,2.15161,2.21308,2.06397,2.18707,20382875.403958
1740484800,2.18722,2.27875,2.15353,2.2045,16470529.590925
1740499200,2.20521,2.26356,2.17,2.25966,7299182.531706
1740513600,2.25966,2.36342,2.24291,2.31954,11146253.603571
1740528000,2.31957,2.32808,2.2633,2.30973,4999632.253637
1740542400,2.30895,2.32513,2.26516,2.28572,1050288.578727
1740556800,2.28534,2.32,2.26464,2.27815,2696821.722001
1740571200,2.27869,2.30025,2.19441,2.2728,7529229.893528
1740585600,2.27266,2.28027,2.14845,2.17714,12364267.351043
1740600000,2.17714,2.24427,2.15045,2.19492,6297148.557986
1740614400,2.19536,2.21435,2.15765,2.20065,4450114.002578
1740628800,2.19965,2.23771,2.16974,2.22172,3950657.095831
1740643200,2.22137,2.25478,2.20026,2.2375,1943097.499059
1740657600,2.23776,2.24473,2.1655,2.20027,3512954.096892
1740672000,2.19938,2.234,2.17172,2.18725,3650050.573291
1740686400,2.18747,2.2058,2.14411,2.19625,5043416.350431
1740700800,2.19694,2.19936,2.01578,2.01653,17658655.874879
1740715200,2.01794,2.04789,1.98163,1.99802,9977290.387185
1740729600,1.998,2.05908,1.95,2.03101,7046382.717105
1740744000,2.03043,2.15596,2.01308,2.1467,12494929.850448
1740758400,2.14631,2.1648,2.11551,2.14694,5074129.824809
1740772800,2.14693,2.15772,2.11848,2.14537,2336411.27045
1740787200,2.14537,2.2165,2.122,2.18389,6882387.058475
1740801600,2.18367,2.21889,2.16227,2.16615,2888487.511969
1740816000,2.16697,2.19291,2.14021,2.1596,1992653.59565
1740830400,2.15965,2.17,2.12298,2.14983,2188166.210621
1740844800,2.14962,2.17457,2.135,2.1684,2401736.587458
1740859200,2.16801,2.20761,2.15904,2.189,3488807.611031
1740873600,2.19099,2.26639,2.17456,2.25336,5883668.679545
1740888000,2.25337,2.29543,2.23892,2.27423,2613505.617585
1740902400,2.27423,2.2818,2.2518,2.27475,2500876.833018
1740916800,2.27428,2.7154,2.21945,2.59538,30520517.25748
1740931200,2.6,3,2.59638,2.87411,76472212.702201
1740945600,2.8725,2.96094,2.83652,2.93911,15179765.346635
1740960000,2.93977,2.97,2.76327,2.79094,13758498.959616
1740974400,2.79109,2.82239,2.63057,2.68965,6123859.686619
1740988800,2.68929,2.69515,2.5,2.63177,12889161.081123
1741003200,2.63272,2.71545,2.5534,2.59584,11402061.448567
1741017600,2.59714,2.6355,2.33878,2.34441,28088054.305762
1741032000,2.34459,2.42127,2.29351,2.385,14787657.680644
1741046400,2.385,2.41876,2.21177,2.29674,14908600.38918
1741060800,2.29674,2.375,2.28598,2.31887,7498118.190701
1741075200,2.31887,2.41286,2.31887,2.35882,8147504.339852
1741089600,2.35868,2.52912,2.2874,2.4025,23850179.440086
1741104000,2.4025,2.52093,2.3132,2.494,18553917.604421
1741118400,2.49181,2.54,2.42722,2.45475,5632287.527682
1741132800,2.45408,2.54,2.4325,2.43769,8651586.191326
1741147200,2.43768,2.45832,2.408,2.44687,5372612.696414
1741161600,2.44716,2.53901,2.44492,2.47952,3757030.419943
1741176000,2.47929,2.50784,2.41911,2.44881,5394326.669146
1741190400,2.44802,2.51389,2.42671,2.49714,5331192.137821
1741204800,2.49648,2.51468,2.48852,2.50028,2784996.741351
1741219200,2.50028,2.54689,2.47238,2.51358,3577181.004829
1741233600,2.51359,2.554,2.50071,2.51264,3702452.53403
1741248000,2.51242,2.64501,2.51072,2.61071,9894692.360598
1741262400,2.61138,2.63905,2.54829,2.62196,6549613.377742
1741276800,2.62381,2.63914,2.52869,2.58323,8658940.944222
1741291200,2.58213,2.62482,2.57754,2.6001,2951628.272878
1741305600,2.60002,2.62095,2.3,2.46935,33782981.373408
1741320000,2.46935,2.5182,2.468,2.50408,2377158.054116
1741334400,2.50583,2.56782,2.49421,2.52974,6045933.609119
1741348800,2.53013,2.559,2.48488,2.50214,7823623.89405
1741363200,2.50214,2.52166,2.252,2.48261,16949430.248516
1741377600,2.48224,2.53087,2.34247,2.38186,14974531.675725
1741392000,2.38404,2.40947,2.32801,2.34163,3028304.130107
1741406400,2.342,2.37367,2.33065,2.36167,1640504.071162
1741420800,2.36017,2.36762,2.30166,2.31437,3670732.506371
1741435200,2.3145,2.36559,2.3061,2.35045,3134625.310996
1741449600,2.35064,2.35763,2.31082,2.3556,3583611.574759
1741464000,2.35514,2.36237,2.31333,2.32429,1383197.528355
1741478400,2.32496,2.34888,2.30525,2.32314,1185184.7976
1741492800,2.32314,2.34134,2.31107,2.3387,1068425.381117
1741507200,2.33885,2.34001,2.24026,2.25507,5285066.705573
1741521600,2.25409,2.25586,2.16666,2.1853,9057355.287079
1741536000,2.18442,2.19628,2.08169,2.16399,15879945.740631
1741550400,2.16162,2.208,2.11815,2.1362,14450326.873071
1741564800,2.13651,2.2,2.08758,2.17085,6215148.30698
1741579200,2.17018,2.20391,2.15867,2.18446,2892429.547451
1741593600,2.18428,2.26,2.13065,2.21513,9009914.493449
1741608000,2.21439,2.22534,2.06693,2.1179,13793726.072639
1741622400,2.11808,2.12652,1.99152,2.07625,19964710.865806
1741636800,2.0745,2.0897,2.01261,2.01906,4213171.578407
1741651200,2.02079,2.06267,1.9,2.04534,15718731.041472
1741665600,2.04508,2.12866,2.04226,2.09587,4655772.648303
1741680000,2.09434,2.16231,2.0902,2.15596,5434524.02806
1741694400,2.1559,2.15931,2.05514,2.13555,11487065.496349
1741708800,2.13419,2.21311,2.08,2.20989,10931704.147157
1741723200,2.20989,2.20993,2.16392,2.16863,6119931.215984
1741737600,2.16863,2.25417,2.16,2.16768,4667623.381132
1741752000,2.16666,2.19342,2.14411,2.18813,4042985.095625
1741766400,2.18784,2.23401,2.16829,2.21384,3416404.508182
1741780800,2.21398,2.275,2.13234,2.20272,14838569.280178
1741795200,2.20262,2.252,2.18798,2.23742,5409764.923429
1741809600,2.23715,2.24289,2.21132,2.239,3178798.61897
1741824000,2.23901,2.25781,2.22631,2.24068,2565505.050794
1741838400,2.24165,2.2519,2.218,2.23455,2897541.46475
1741852800,2.23474,2.28892,2.2148,2.28404,4391538.427667
1741867200,2.28408,2.35,2.27263,2.28734,14296841.192966
1741881600,2.2889,2.30743,2.21608,2.23872,7458534.343339
1741896000,2.23858,2.273,2.21685,2.25186,2990198.601816
1741910400,2.25179,2.2988,2.23703,2.28847,1848637.36453
1741924800,2.29,2.31187,2.28015,2.29624,2710173.326891
1741939200,2.29481,2.33,2.29138,2.31671,2191185.707585
1741953600,2.31671,2.38955,2.2966,2.35809,5864110.909558
1741968000,2.35809,2.3719,2.338,2.35543,3451203.518622
1741982400,2.35501,2.37095,2.3325,2.35617,2833204.882031
1741996800,2.35642,2.43,2.355,2.42536,3659781.070603
1742011200,2.42656,2.47702,2.37489,2.3944,6554110.143606
1742025600,2.39441,2.42562,2.38627,2.4251,2530047.804061
1742040000,2.42549,2.45448,2.415,2.42616,2049415.148858
1742054400,2.42582,2.42786,2.39436,2.40028,2306039.649467
1742068800,2.40028,2.41754,2.38207,2.39131,1815870.093549
1742083200,2.3913,2.40957,2.363,2.38205,2947836.276502
1742097600,2.3817,2.39581,2.36698,2.37903,1095311.550639
1742112000,2.38032,2.38433,2.2888,2.29809,4308947.298949
1742126400,2.29809,2.31942,2.26866,2.29613,5522390.567538
1742140800,2.29579,2.35228,2.28589,2.29338,4581554.273781
1742155200,2.29393,2.32,2.28449,2.29486,2839729.731151
1742169600,2.29407,2.35745,2.29185,2.35686,1994575.093915
1742184000,2.357,2.36811,2.30807,2.33632,2255383.484354
1742198400,2.33617,2.35386,2.32097,2.33978,2214936.375089
1742212800,2.33928,2.36368,2.30786,2.34354,3496825.894822
1742227200,2.34442,2.38131,2.33101,2.35998,7358084.395879
1742241600,2.35999,2.36177,2.336,2.33801,1693068.971735
1742256000,2.3382,2.33896,2.27441,2.28677,2743388.915642
1742270400,2.285,2.3,2.24355,2.28884,2438973.671843
1742284800,2.28902,2.30428,2.25929,2.26192,1315239.573468
1742299200,2.26154,2.26609,2.22657,2.23673,3400162.162279
1742313600,2.23592,2.26578,2.223,2.26,2613158.312664
1742328000,2.26215,2.294,2.25,2.28476,1777592.595412
1742342400,2.28515,2.30748,2.26532,2.29532,1665164.26746
1742356800,2.29531,2.30265,2.28267,2.29208,1644030.555985
1742371200,2.2926,2.34902,2.2926,2.33681,2912973.207229
1742385600,2.33681,2.5924,2.31701,2.556,28969113.746152
1742400000,2.55599,2.56681,2.454,2.48824,14254378.640447
1742414400,2.48861,2.564,2.4765,2.54757,5454413.029069
1742428800,2.54796,2.56109,2.47976,2.48501,2813580.262239
1742443200,2.48445,2.48769,2.43012,2.46678,3604347.363259
1742457600,2.4645,2.5176,2.4645,2.49041,3807434.230423
1742472000,2.49029,2.51823,2.435,2.4376,9442392.317802
1742486400,2.4375,2.45275,2.38901,2.43474,6717784.76908
1742500800,2.43481,2.45407,2.41255,2.43479,1987220.460026
1742515200,2.43445,2.46485,2.41327,2.425,2247805.907122
1742529600,2.42288,2.43345,2.38323,2.4071,2281734.897334
1742544000,2.40829,2.41849,2.37238,2.38745,3380180.407793
1742558400,2.38744,2.39838,2.35628,2.372,3084112.249468
1742572800,2.37132,2.42496,2.36201,2.40043,2197612.850106
1742587200,2.40021,2.41399,2.37201,2.37989,1065975.192804
1742601600,2.37993,2.40544,2.37157,2.38814,418706.459321
1742616000,2.38829,2.41125,2.38519,2.40113,498912.742677
1742630400,2.40107,2.41444,2.38519,2.39322,759960.022465
1742644800,2.3933,2.39575,2.36615,2.37744,2007356.572279
1742659200,2.37543,2.39268,2.37239,2.38103,1850876.103526
1742673600,2.38219,2.38347,2.36,2.37011,1184121.995041
1742688000,2.37058,2.39193,2.36499,2.38769,1449674.787715
1742702400,2.38786,2.4,2.3773,2.39529,318826.449068
1742716800,2.39505,2.42452,2.38198,2.40489,1464703.134057
1742731200,2.40488,2.42184,2.3941,2.41297,1564261.73015
1742745600,2.41302,2.41688,2.38585,2.39905,997848.583565
1742760000,2.39987,2.44,2.3885,2.43952,1592258.219292
1742774400,2.4395,2.45723,2.4154,2.44339,2612162.331943
1742788800,2.44339,2.4691,2.44005,2.44426,2126663.42816
1742803200,2.44426,2.47625,2.44426,2.45942,3049234.177328
1742817600,2.46029,2.50278,2.4429,2.47355,2923411.603649
1742832000,2.47335,2.47516,2.44635,2.4671,4370452.371427
1742846400,2.4671,2.47599,2.42862,2.45056,2066281.132034
1742860800,2.45056,2.46469,2.40912,2.41345,1991077.306596
1742875200,2.41386,2.43563,2.40832,2.42252,996625.367011
1742889600,2.42185,2.44878,2.42185,2.44487,1269803.694847
1742904000,2.4452,2.45676,2.42753,2.43883,2477454.762801
1742918400,2.43939,2.47639,2.42628,2.459,2838306.68272
1742932800,2.46043,2.47,2.43523,2.45,1772982.555858
1742947200,2.44962,2.47811,2.43693,2.43854,1635774.291149
1742961600,2.43868,2.47,2.4375,2.46615,843571.439401
1742976000,2.46566,2.472,2.4542,2.45765,1471654.623312
1742990400,2.45765,2.46008,2.39705,2.40594,4966682.965124
1743004800,2.40466,2.41358,2.35973,2.37093,10049923.624242
1743019200,2.37092,2.389,2.32966,2.34892,4336586.153151
1743033600,2.34893,2.38947,2.34543,2.3778,2085268.302305
1743048000,2.37858,2.38121,2.35383,2.36447,1833665.636169
1743062400,2.36477,2.37964,2.33891,2.34249,1845337.191023
1743076800,2.34238,2.3657,2.30096,2.33999,5858399.292787
1743091200,2.33999,2.35618,2.32,2.33866,3590968.388264
1743105600,2.33866,2.3596,2.33026,2.34064,1758026.617794
1743120000,2.34057,2.34183,2.301,2.31033,1403399.774627
1743134400,2.31033,2.31342,2.21649,2.22064,4244435.078073
1743148800,2.22015,2.24195,2.19351,2.22596,3131344.610932
1743163200,2.22604,2.24487,2.17323,2.17737,5387527.431365
1743177600,2.17739,2.19223,2.15244,2.17896,4639609.840827
1743192000,2.17901,2.2108,2.15924,2.20667,3727430.41335
1743206400,2.20664,2.22469,2.12662,2.175,3806345.575935
1743220800,2.175,2.18378,2.11153,2.12143,1504705.656688
1743235200,2.12013,2.1419,2.06001,2.08302,3739180.10341
1743249600,2.08327,2.13954,2.08108,2.10494,3755505.072479
1743264000,2.10528,2.1329,2.07135,2.13,4133531.100243
1743278400,2.1304,2.14,2.10154,2.13253,925748.831303
1743292800,2.13359,2.215,2.11523,2.18261,2664725.493116
1743307200,2.18198,2.194,2.16,2.17598,718305.509753
1743321600,2.17525,2.19706,2.15413,2.16261,1411039.286703
1743336000,2.16143,2.1677,2.12381,2.13661,1650646.294581
1743350400,2.13703,2.16997,2.11458,2.14247,2186599.173228
1743364800,2.14268,2.16173,2.10755,2.13594,3892548.410547
1743379200,2.13654,2.13932,2.08,2.08102,3306072.568335
1743393600,2.08147,2.11272,2.05431,2.06439,2559512.197148
1743408000,2.06439,2.09278,2.02395,2.08172,4118812.463424
1743422400,2.08173,2.13923,2.06044,2.11856,5825370.122356
1743436800,2.11935,2.13137,2.08,2.09001,2881420.948975
1743451200,2.09001,2.10461,2.07482,2.0896,1536202.663851
1743465600,2.0896,2.11496,2.06606,2.09653,1922625.782144
1743480000,2.09783,2.11997,2.09,2.09525,2745647.495314
1743494400,2.0951,2.19974,2.0951,2.13548,5748518.1873
1743508800,2.135,2.18028,2.09392,2.16,5992478.502323
1743523200,2.16001,2.16891,2.12109,2.13775,2525949.955154
1743537600,2.13857,2.15393,2.12101,2.13833,1762957.081103
1743552000,2.13883,2.13911,2.08486,2.10049,2175275.165077
1743566400,2.10001,2.11194,2.06835,2.11115,2118166.923259
1743580800,2.10928,2.13573,2.1002,2.11308,4150051.765994
1743595200,2.11308,2.19418,2.099,2.17282,5761046.411432
1743609600,2.17299,2.18017,2.131,2.1611,4349591.607485
1743624000,2.1611,2.23506,1.98325,2.02231,14772786.533731
1743638400,2.02231,2.07239,2.00805,2.06305,3551090.185862
1743652800,2.06305,2.08067,2.03196,2.05221,3203800.77627
1743667200,2.05219,2.05701,2.01364,2.03194,2313397.195817
1743681600,2.03194,2.04083,1.96053,2.00504,11362649.425465
1743696000,2.00501,2.0725,1.99201,2.05256,6130562.970457
1743710400,2.05289,2.06841,2.03521,2.06303,3085824.878573
1743724800,2.06434,2.07708,2.0358,2.04938,1850993.808219
1743739200,2.04956,2.09493,2.0425,2.09027,2140684.54276
1743753600,2.09334,2.10287,2.0172,2.047,4443866.083751
1743768000,2.04699,2.1597,2.03821,2.12347,12426645.987272
1743782400,2.12221,2.14547,2.09859,2.12674,3981727.044397
1743796800,2.12863,2.15187,2.11378,2.12968,2852431.0649
1743811200,2.12949,2.14304,2.11384,2.11627,1291575.75306
1743825600,2.11658,2.13901,2.11525,2.1355,769214.234556
1743840000,2.13549,2.168,2.12691,2.15945,2257448.731036
1743854400,2.16057,2.17533,2.11729,2.12155,2978402.831552
1743868800,2.12153,2.13722,2.11551,2.11885,1722477.170402
1743883200,2.12027,2.14702,2.1173,2.14401,1011962.064779
1743897600,2.14401,2.1575,2.1234,2.12943,1435895.572333
1743912000,2.12944,2.13685,2.086,2.09234,2272270.405979
1743926400,2.09319,2.10124,2.07698,2.08501,1096685.201585
1743940800,2.085,2.0937,2.04606,2.07352,3573187.242614
1743955200,2.07389,2.0748,1.97506,1.99529,10840060.138771
1743969600,1.99524,2.00321,1.86,1.92093,18291492.044266
1743984000,1.92075,1.95223,1.79791,1.82291,14097688.291106
1743998400,1.82208,1.8371,1.61014,1.67735,26317924.806781
1744012800,1.67739,1.81315,1.67316,1.76439,10904665.521006
1744027200,1.76464,2.00723,1.74585,1.87432,32117434.750585
1744041600,1.87413,1.92277,1.83794,1.88799,8006772.778016
1744056000,1.8883,1.9479,1.8883,1.89631,6299904.600736
1744070400,1.8974,1.933,1.85909,1.90345,7363361.240031
1744084800,1.90345,1.91873,1.84718,1.86743,3406721.333641
1744099200,1.86695,1.97,1.85184,1.95838,5177203.092147
1744113600,1.96,1.97386,1.89123,1.90369,9128760.77959
1744128000,1.90335,1.907,1.805,1.8219,9990655.56791
1744142400,1.8241,1.84156,1.77649,1.79385,6695796.552351
1744156800,1.79419,1.81134,1.72101,1.74729,7476399.69632
1744171200,1.74605,1.83708,1.74193,1.83304,3820407.991555
1744185600,1.83147,1.84374,1.76353,1.78136,4726736.244987
1744200000,1.78059,1.86355,1.7646,1.82751,8593845.228701
1744214400,1.82752,2.0896,1.82269,2.03802,22094226.045981
1744228800,2.0408,2.08956,2.033,2.05196,8498566.605223
1744243200,2.05241,2.05578,1.9712,2,4737405.973465
1744257600,2.00056,2.0166,1.97372,1.98971,3547685.887568
1744272000,1.99,2.0137,1.98,1.9999,2006615.190935
1744286400,1.99825,2.04174,1.92084,1.93264,8729652.03638
1744300800,1.93311,1.97279,1.9221,1.96172,5897495.530286
1744315200,1.96136,1.99589,1.95815,1.96464,2049004.338012
1744329600,1.96449,2.00502,1.9463,1.99923,3086534.301781
1744344000,1.99974,2.01302,1.98946,2.00386,1943921.336786
1744358400,2.00382,2.03268,1.99558,2.00828,2010545.149336
1744372800,2.0087,2.02412,1.985,2,4695724.962235
1744387200,2,2.06435,1.99311,2.04488,4216281.73015
1744401600,2.04488,2.05197,2.01211,2.02284,1991458.973816
1744416000,2.02284,2.02483,2.00268,2.01269,1290394.842575
1744430400,2.01284,2.05718,2.00766,2.05378,1911746.975061
1744444800,2.05398,2.07293,2.0505,2.06237,1172817.125362
1744459200,2.06237,2.1835,2.05981,2.15228,11071463.073642
1744473600,2.15311,2.16223,2.11574,2.1388,5338586.288325
1744488000,2.13887,2.165,2.13543,2.15845,2295259.326383
1744502400,2.15947,2.17299,2.13571,2.15664,2604977.077098
1744516800,2.15612,2.15946,2.12675,2.14605,1292026.768831
1744531200,2.14622,2.24466,2.13495,2.2004,8447657.813785
1744545600,2.20075,2.20475,2.13222,2.14668,4809229.776547
1744560000,2.14657,2.18452,2.09669,2.11952,6418199.11503
1744574400,2.11885,2.14396,2.08165,2.11777,3013055.399183
1744588800,2.11868,2.17919,2.11176,2.13944,4577628.794622
1744603200,2.13945,2.15893,2.10496,2.12792,1669489.647772
1744617600,2.12792,2.1558,2.11783,2.15516,1814027.249841
1744632000,2.1558,2.17748,2.11053,2.11602,5028431.802632
1744646400,2.11585,2.164,2.1071,2.15155,3734331.206212
1744660800,2.1524,2.15724,2.12323,2.12601,1530332.485767
1744675200,2.12726,2.15453,2.11753,2.15295,1545277.364505
1744689600,2.1529,2.15973,2.1327,2.154,2252026.641053
1744704000,2.15401,2.18479,2.1462,2.15196,2558426.160363
1744718400,2.15164,2.18422,2.12803,2.13386,4761100.665406
1744732800,2.13416,2.14264,2.10427,2.1185,2234057.756292
1744747200,2.11839,2.1265,2.08445,2.08533,2697308.621881
1744761600,2.08446,2.09752,2.0662,2.08318,4036095.291813
1744776000,2.08184,2.0904,2.04443,2.05049,2450358.094275
1744790400,2.0509,2.09021,2.0363,2.08935,2581598.114226
1744804800,2.08936,2.12009,2.06508,2.0924,6699558.113463
1744819200,2.09269,2.12659,2.0479,2.10711,4168152.859552
1744833600,2.10707,2.11543,2.0798,2.08341,2368338.530568
1744848000,2.08336,2.08921,2.06332,2.06963,1339243.8543
1744862400,2.06962,2.10704,2.06783,2.09084,2627444.757765
1744876800,2.09125,2.10645,2.0874,2.10192,1383885.300389
1744891200,2.1028,2.11364,2.0579,2.06619,3720277.094624
1744905600,2.06619,2.10387,2.053,2.0671,3681496.271071
1744920000,2.0671,2.08034,2.06175,2.06721,946194.353063
1744934400,2.06721,2.06885,2.04357,2.05594,1051286.691707
1744948800,2.05614,2.0702,2.04801,2.06886,984219.150578
1744963200,2.07019,2.0802,2.06798,2.07983,668968.153625
1744977600,2.08,2.08528,2.05701,2.05857,1041640.244461
1744992000,2.05826,2.088,2.05622,2.07975,1122807.284257
1745006400,2.07974,2.08528,2.05604,2.06283,862185.864632
1745020800,2.06283,2.085,2.05999,2.08461,488919.890038
1745035200,2.085,2.09601,2.07748,2.08906,1866253.229404
1745049600,2.08961,2.09781,2.08072,2.08133,831616.243282
1745064000,2.08133,2.09246,2.07624,2.07718,1182996.140706
1745078400,2.07717,2.09508,2.06651,2.08331,1400733.629293
1745092800,2.08329,2.09184,2.08054,2.08648,689906.228817
1745107200,2.08758,2.09299,2.08006,2.0834,373337.432833
1745121600,2.0834,2.08629,2.06292,2.06949,1257234.445727
1745136000,2.06972,2.0712,2.03803,2.04191,2884175.427505
1745150400,2.04191,2.06,2.04113,2.04904,1162221.832944
1745164800,2.04904,2.085,2.0461,2.08007,867831.96294
1745179200,2.08007,2.0909,2.06004,2.07851,959706.428161
1745193600,2.07852,2.12356,2.07731,2.10901,3827122.250352
1745208000,2.10953,2.14,2.10868,2.12663,2603880.292765
1745222400,2.12719,2.13976,2.10782,2.11761,1765473.650607
1745236800,2.11825,2.13939,2.10496,2.11522,2270285.628502
1745251200,2.11634,2.1171,2.06009,2.08835,3901377.9727
1745265600,2.08788,2.08788,2.07012,2.08524,2141257.846281
1745280000,2.08525,2.10275,2.06576,2.08343,2261898.745466
1745294400,2.08375,2.09547,2.06826,2.09235,593870.250616
1745308800,2.09235,2.10645,2.09147,2.09953,1514054.85057
1745323200,2.09958,2.19369,2.09643,2.15694,8346695.600442
1745337600,2.15781,2.17027,2.14138,2.15661,3278253.26571
1745352000,2.1569,2.249,2.14903,2.21411,6321637.323975
1745366400,2.21431,2.236,2.19505,2.23582,3589893.038927
1745380800,2.23559,2.2637,2.223,2.25764,3814932.808304
1745395200,2.25779,2.29999,2.25147,2.26055,5330307.999789
1745409600,2.26073,2.29607,2.19208,2.22881,7950840.189595
1745424000,2.22817,2.25084,2.20169,2.21964,2828822.501488
1745438400,2.21906,2.23044,2.21088,2.21956,1456965.957548
1745452800,2.2198,2.22396,2.17341,2.17453,2158053.671458
1745467200,2.17453,2.19323,2.1453,2.1499,2772914.819169
1745481600,2.1499,2.1587,2.12,2.15579,7172202.356298
1745496000,2.15579,2.23493,2.15315,2.21376,9726763.672183
1745510400,2.21392,2.22899,2.18501,2.20735,6973483.191428
1745524800,2.20758,2.2137,2.1892,2.20568,1290433.514738
1745539200,2.20595,2.2175,2.16599,2.18176,1936861.808205
1745553600,2.18188,2.20539,2.17705,2.19528,4752336.503759
1745568000,2.19561,2.21062,2.185,2.20492,3468442.217578
1745582400,2.20571,2.21937,2.17422,2.20225,6177488.212493
1745596800,2.20225,2.21054,2.18464,2.19736,3856710.136529
1745611200,2.19736,2.20212,2.17818,2.18333,1005980.086537
1745625600,2.18303,2.20376,2.18151,2.19198,1434805.154078
1745640000,2.19198,2.24745,2.18144,2.2219,2880403.278325
1745654400,2.22191,2.2343,2.188,2.19432,3974332.309039
1745668800,2.19433,2.20256,2.185,2.20067,1252153.398491
1745683200,2.20021,2.206,2.19327,2.20012,746430.538832
1745697600,2.20011,2.2029,2.18751,2.19207,473928.186805
1745712000,2.19213,2.20568,2.162,2.17544,2485921.331544
1745726400,2.17673,2.17915,2.162,2.17323,1304695.94133
1745740800,2.17324,2.18358,2.17023,2.18157,942358.076504
1745755200,2.18154,2.26947,2.17593,2.22716,6127743.273511
1745769600,2.22781,2.285,2.2172,2.28482,2379039.061021
1745784000,2.285,2.29471,2.24673,2.25269,5045101.913052
1745798400,2.25272,2.26574,2.2195,2.25945,3573501.01116
1745812800,2.25991,2.34129,2.25862,2.33608,8551940.873534
1745827200,2.33632,2.35936,2.309,2.31799,6848407.794918
1745841600,2.318,2.32893,2.25193,2.27465,4132927.015062
1745856000,2.27472,2.29714,2.26178,2.2932,2133365.480385
1745870400,2.29319,2.30496,2.285,2.29515,1096611.914568
1745884800,2.29516,2.31432,2.27678,2.28827,2271698.708638
1745899200,2.28766,2.29157,2.2653,2.28757,2739995.61593
1745913600,2.28709,2.316,2.2778,2.29204,5066238.826685
1745928000,2.29204,2.2935,2.26565,2.2935,2135968.627207
1745942400,2.2935,2.305,2.285,2.29322,1902685.239459
1745956800,2.29391,2.29547,2.22201,2.23875,6421648.681428
1745971200,2.23856,2.25171,2.22541,2.24868,2427189.330116
1745985600,2.25,2.2589,2.21,2.22029,1771886.085694
1746000000,2.21973,2.23827,2.21183,2.23827,2162345.158701
1746014400,2.23911,2.23911,2.125,2.15873,8725891.388417
1746028800,2.15821,2.214,2.1501,2.19516,4363952.828811
1746043200,2.19436,2.21126,2.18959,2.19113,1746671.109373
1746057600,2.19109,2.21945,2.18824,2.20398,1994294.517561
1746072000,2.20461,2.21516,2.19368,2.1998,3229469.201317
1746086400,2.19981,2.24405,2.19845,2.23767,2946121.986317
1746100800,2.2378,2.25796,2.21738,2.23747,3828480.680399
1746115200,2.23783,2.25402,2.2185,2.22,2085311.891613
1746129600,2.22,2.22877,2.21017,2.2134,1878176.19735
1746144000,2.21319,2.23404,2.20898,2.22563,1451041.580654
1746158400,2.2261,2.23363,2.19399,2.19448,2299242.030057
1746172800,2.19464,2.22098,2.19435,2.216,896211.965122
1746187200,2.216,2.24096,2.20803,2.21789,2390055.955463
1746201600,2.21789,2.23576,2.20272,2.21081,1869619.761939
1746216000,2.21081,2.21762,2.19622,2.20971,820731.409105
1746230400,2.21025,2.22,2.198,2.21279,1046090.797484
1746244800,2.21318,2.21822,2.201,2.20401,345726.360698
1746259200,2.20409,2.20715,2.18562,2.18919,1072123.81083
1746273600,2.18913,2.21651,2.18877,2.21,1628393.449283
1746288000,2.21001,2.21046,2.17728,2.19417,2845117.055646
1746302400,2.19435,2.2,2.18365,2.18863,1187171.895331
1746316800,2.18807,2.217,2.18463,2.19872,1360636.535223
1746331200,2.19954,2.21128,2.19269,2.21023,239011.124144
1746345600,2.21128,2.21128,2.18,2.18949,625591.769982
1746360000,2.1895,2.20377,2.17408,2.197,806501.898949
1746374400,2.19641,2.19972,2.16605,2.17656,1068174.626685
1746388800,2.17676,2.18619,2.15172,2.15649,795929.515324
1746403200,2.15626,2.17096,2.132,2.14753,1262852.735582
1746417600,2.14726,2.18332,2.14726,2.17643,1158835.231619
1746432000,2.17645,2.19975,2.13909,2.14606,2114183.952293
1746446400,2.1441,2.15418,2.10685,2.11502,2868225.558578
1746460800,2.11562,2.16152,2.11415,2.13984,3940772.54496
1746475200,2.13979,2.15042,2.11608,2.13222,1149378.35404
1746489600,2.13178,2.13989,2.0952,2.11812,1228546.170848
1746504000,2.11813,2.12456,2.09395,2.09883,1342699.172719
1746518400,2.09873,2.107,2.081,2.08936,4328872.479095
1746532800,2.09013,2.12064,2.078,2.11043,3149904.725479
1746547200,2.11089,2.14599,2.1047,2.13588,2241818.237008
1746561600,2.13599,2.15799,2.11251,2.15459,2206087.821381
1746576000,2.15489,2.17025,2.139,2.14768,1783596.901078
1746590400,2.14851,2.15464,2.1283,2.14,1822431.402879
1746604800,2.14071,2.15038,2.13565,2.14273,964446.139717
1746619200,2.14274,2.14511,2.123,2.12748,2264016.187463
1746633600,2.12658,2.13504,2.10542,2.11276,3012235.17945
1746648000,2.11247,2.13623,2.10855,2.12708,1521219.716776
1746662400,2.12707,2.18671,2.11841,2.18556,4281366.865336
1746676800,2.18567,2.20639,2.16815,2.18891,8351490.492741
1746691200,2.18892,2.21874,2.18838,2.20935,2811064.872495
1746705600,2.20935,2.275,2.20308,2.24439,9436526.963321
1746720000,2.24431,2.27484,2.2295,2.27343,4413568.609164
1746734400,2.27409,2.32794,2.25887,2.32711,10086555.7018
1746748800,2.32691,2.3309,2.29202,2.29352,2513644.319495
1746763200,2.29388,2.35941,2.28735,2.33641,4040541.027059
1746777600,2.33666,2.42776,2.33622,2.39522,12337921.5248
1746792000,2.3947,2.40623,2.3325,2.34989,9875250.741018
1746806400,2.34994,2.36649,2.32245,2.3555,5254889.587928
1746820800,2.35645,2.36178,2.33183,2.34501,2165587.710679
1746835200,2.34501,2.37925,2.33631,2.36698,2819353.27082
1746849600,2.36757,2.39644,2.35278,2.38984,1644592.459431
1746864000,2.38984,2.43654,2.36766,2.38096,8266087.218527
1746878400,2.38093,2.41915,2.38093,2.39886,2075922.188245
1746892800,2.39912,2.44775,2.3974,2.42042,6303155.670947
1746907200,2.4201,2.47523,2.40554,2.47008,5130673.15728
1746921600,2.47008,2.48211,2.38296,2.4031,5672333.404793
1746936000,2.40218,2.41689,2.34427,2.35519,4224119.768959
1746950400,2.35499,2.38559,2.351,2.38559,2469161.814533
1746964800,2.38559,2.39033,2.336,2.34793,2890184.163788
1746979200,2.34738,2.38319,2.331,2.37216,4077953.730972
1746993600,2.37204,2.3798,2.358,2.36733,1318507.874326
1747008000,2.36739,2.40831,2.35173,2.39615,3454508.760603
1747022400,2.39635,2.45276,2.37755,2.41439,9791002.883012
1747036800,2.41439,2.485,2.39219,2.44916,9266052.254615
1747051200,2.44866,2.656,2.44796,2.59313,29194499.942161
1747065600,2.59265,2.612,2.43004,2.53157,13523048.960384
1747080000,2.53245,2.55482,2.50382,2.54379,5171046.13551
1747094400,2.5438,2.54494,2.43,2.43185,3313416.475639
1747108800,2.431,2.515,2.42244,2.49829,3550833.667831
1747123200,2.49885,2.56619,2.487,2.53295,8322962.247664
1747137600,2.53515,2.56263,2.5063,2.54406,6686884.791011
1747152000,2.54387,2.605,2.53615,2.58295,7540042.922881
1747166400,2.58286,2.6,2.56069,2.583,3207003.546727
1747180800,2.58301,2.5968,2.54105,2.55696,3204675.051843
1747195200,2.55697,2.6325,2.54714,2.6186,5932421.958305
1747209600,2.61829,2.65001,2.564,2.61469,10822948.018138
1747224000,2.6147,2.62528,2.55017,2.56206,5810640.91829
1747238400,2.561,2.57174,2.52011,2.56617,3035664.412518
1747252800,2.56617,2.57064,2.53839,2.55241,1689655.997756
1747267200,2.55241,2.5712,2.51371,2.52346,1881543.694849
1747281600,2.52323,2.53461,2.45,2.46166,2991640.278304
1747296000,2.46167,2.50194,2.45,2.47854,2478195.784794
1747310400,2.47843,2.48876,2.40515,2.467,5271638.179977
1747324800,2.46659,2.50561,2.42055,2.4485,7774838.335946
1747339200,2.44861,2.45703,2.35464,2.38426,5847174.948291
1747353600,2.38488,2.41623,2.34899,2.4133,3118698.749201
1747368000,2.41329,2.43006,2.40091,2.40807,4276650.047478
1747382400,2.40806,2.4399,2.37395,2.4248,8764129.760191
1747396800,2.42537,2.4399,2.40823,2.42232,1921810.28358
1747411200,2.42232,2.43135,2.395,2.41953,1855536.713958
1747425600,2.41888,2.423,2.36345,2.38,2009587.439363
1747440000,2.38,2.38362,2.31474,2.37112,5739906.425361
1747454400,2.37111,2.39086,2.36373,2.38138,3970353.281641
1747468800,2.38131,2.3831,2.343,2.35303,3099143.216242
1747483200,2.35303,2.355,2.31694,2.33539,1921835.33974
1747497600,2.3354,2.34927,2.29963,2.33548,3315955.654384
1747512000,2.33472,2.36353,2.3295,2.35405,1400580.233775
1747526400,2.35403,2.36854,2.35001,2.359,1233279.245405
1747540800,2.359,2.39858,2.359,2.39838,2188036.802716
1747555200,2.39858,2.40605,2.38634,2.38889,1014807.287315
1747569600,2.38889,2.44343,2.38201,2.43841,3071667.6465
1747584000,2.43996,2.44958,2.367,2.37269,7708118.999639
1747598400,2.36955,2.43695,2.33314,2.4303,4337011.135277
1747612800,2.42958,2.4398,2.35,2.35001,3217956.248941
1747627200,2.35001,2.36327,2.28464,2.30703,5515720.519683
1747641600,2.30704,2.32634,2.28816,2.32524,1647060.111212
1747656000,2.32523,2.35823,2.2922,2.351,3226808.225445
1747670400,2.34999,2.39994,2.33876,2.39994,2981200.925368
1747684800,2.39993,2.39993,2.36678,2.38052,1678582.080948
1747699200,2.38095,2.4068,2.37486,2.38249,3060134.484566
1747713600,2.38268,2.39322,2.34699,2.34781,4278771.142496
1747728000,2.34681,2.35888,2.337,2.3471,4422684.991699
1747742400,2.34711,2.34758,2.3216,2.34311,2867204.859215
1747756800,2.34304,2.36574,2.31507,2.35683,2651185.121051
1747771200,2.35648,2.36483,2.33921,2.35589,1623222.814734
1747785600,2.3559,2.36725,2.33209,2.35951,1905151.982628
1747800000,2.35952,2.38901,2.34398,2.34892,6560428.260908
1747814400,2.34891,2.36095,2.33263,2.35373,2593789.696561
1747828800,2.35374,2.40576,2.34744,2.40155,7045407.946066
1747843200,2.40155,2.42982,2.336,2.39177,11544601.581842
1747857600,2.39177,2.4154,2.37103,2.39641,2298439.897284
1747872000,2.39641,2.42473,2.392,2.41758,3753670.822088
1747886400,2.41759,2.4205,2.38966,2.40764,4237497.862276
1747900800,2.40652,2.45681,2.40487,2.43071,10184417.769833
1747915200,2.43148,2.43906,2.41101,2.43089,3324527.076711
1747929600,2.43251,2.43964,2.41691,2.42342,3821498.529217
1747944000,2.42292,2.432,2.4056,2.43094,1598019.339518
1747958400,2.43109,2.47961,2.42249,2.47367,3410418.490318
1747972800,2.47367,2.4767,2.41186,2.4267,4200105.430302
1747987200,2.42708,2.45309,2.35309,2.36304,3246639.692107
1748001600,2.3639,2.38297,2.30364,2.36076,4994102.977701
1748016000,2.36076,2.37493,2.34,2.34,2286815.860461
1748030400,2.34001,2.34582,2.28616,2.29682,4611523.316007
1748044800,2.29682,2.33607,2.28602,2.33395,2502692.814171
1748059200,2.33395,2.34824,2.33,2.3362,660191.181851
1748073600,2.33748,2.359,2.33279,2.35257,351550.855712
1748088000,2.35254,2.35697,2.34613,2.35231,944801.599582
1748102400,2.35192,2.354,2.34247,2.34933,699643.295892
1748116800,2.34953,2.35098,2.32312,2.33086,883374.421225
1748131200,2.3302,2.33622,2.295,2.32359,2211646.51554
1748145600,2.32359,2.32634,2.30281,2.30797,1029158.842208
1748160000,2.30796,2.30796,2.28,2.2925,1323243.302838
1748174400,2.2925,2.31062,2.267,2.28808,1379318.792766
1748188800,2.288,2.31196,2.27301,2.30634,2172940.296392
1748203200,2.30684,2.34525,2.30012,2.343,2553919.561292
1748217600,2.343,2.35369,2.33345,2.34365,1452636.831905
1748232000,2.34396,2.3588,2.33721,2.35003,1309372.714307
1748246400,2.35004,2.355,2.33143,2.33549,1052459.421269
1748260800,2.3362,2.34398,2.31359,2.33354,2119088.526101
1748275200,2.33331,2.33689,2.29711,2.31385,1086750.210394
1748289600,2.31385,2.32396,2.30016,2.31088,1164202.801171
1748304000,2.31088,2.31724,2.27,2.2968,1515557.353994
1748318400,2.29696,2.3102,2.28548,2.30044,1015541.491069
1748332800,2.30044,2.32295,2.30044,2.31988,1156232.976691
1748347200,2.31989,2.354,2.31,2.33868,3628466.6143
1748361600,2.33894,2.35067,2.333,2.33565,1188746.142108
1748376000,2.33708,2.33796,2.30801,2.319,1816685.026271
1748390400,2.31901,2.32334,2.30372,2.31303,1417951.894865
1748404800,2.31304,2.31631,2.287,2.29652,1062360.743757
1748419200,2.29699,2.31178,2.29085,2.30892,886269.904252
1748433600,2.30905,2.31551,2.255,2.255,3284303.227327
1748448000,2.25501,2.26832,2.2279,2.2279,2767525.643412
1748462400,2.22799,2.28085,2.22799,2.27492,1076185.82684
1748476800,2.27492,2.31199,2.26824,2.29171,2233511.124766
1748491200,2.29224,2.29491,2.27544,2.28,1278162.686231
1748505600,2.28001,2.3049,2.27942,2.30219,1044627.513416
1748520000,2.30226,2.3083,2.26639,2.27681,1882370.507159
1748534400,2.2769,2.29006,2.255,2.26491,2731719.482318
1748548800,2.26488,2.28337,2.2379,2.2452,1247987.602715
1748563200,2.24519,2.25221,2.13274,2.21789,5245907.735093
1748577600,2.21806,2.22498,2.17689,2.19141,1626225.778507
1748592000,2.19174,2.2156,2.17381,2.20743,1794516.511608
1748606400,2.20743,2.2101,2.165,2.18341,4011315.458831
1748620800,2.18435,2.20561,2.1371,2.18627,3954431.218226
1748635200,2.18627,2.1963,2.13069,2.14044,3869985.247732
1748649600,2.14044,2.14957,2.08184,2.10996,3841869.895532
1748664000,2.11097,2.14323,2.10075,2.13056,1340740.738105
1748678400,2.13016,2.15231,2.12893,2.14081,5335899.115403
1748692800,2.14081,2.18327,2.1408,2.17469,2409527.134293
1748707200,2.17415,2.20685,2.17271,2.19371,1597416.565508
1748721600,2.1935,2.20121,2.17455,2.17456,647700.599495
1748736000,2.17527,2.17918,2.15048,2.16462,1428477.446418
1748750400,2.16451,2.17715,2.157,2.15892,537119.861142
1748764800,2.15969,2.16001,2.12516,2.14251,5339340.841248
1748779200,2.14251,2.15675,2.12749,2.1536,930884.149438
1748793600,2.15358,2.17651,2.14868,2.16881,1388375.753468
1748808000,2.16881,2.18787,2.15425,2.18033,1054663.738357
1748822400,2.18029,2.18401,2.15341,2.15887,1089613.930685
1748836800,2.15859,2.17883,2.15855,2.16444,1096698.779274
1748851200,2.16444,2.17883,2.137,2.14329,1658880.738577
1748865600,2.14385,2.16404,2.139,2.16023,2198740.435314
1748880000,2.16023,2.17818,2.15039,2.16711,1080435.429471
1748894400,2.16659,2.20563,2.16655,2.19689,2440170.501578
1748908800,2.1969,2.22173,2.18967,2.19716,2112815.614003
1748923200,2.19716,2.20709,2.187,2.18968,3281411.590753
1748937600,2.19017,2.21901,2.18531,2.218,3583499.447277
1748952000,2.21801,2.2764,2.20816,2.2646,3316953.778707
1748966400,2.26487,2.28169,2.24319,2.28169,3843996.009774
1748980800,2.28168,2.28169,2.2357,2.24573,1756975.309825
1748995200,2.24601,2.265,2.23214,2.25342,1014657.49847
1749009600,2.25375,2.25453,2.23,2.23508,1274582.958117
1749024000,2.23525,2.265,2.23525,2.25442,3640355.972495
1749038400,2.25443,2.26166,2.22187,2.24995,4391508.101933
1749052800,2.25025,2.25347,2.20642,2.20725,1672275.898717
1749067200,2.20638,2.21704,2.1975,2.20198,2209465.825176
1749081600,2.20195,2.21519,2.19941,2.20616,1280052.626907
1749096000,2.2062,2.21445,2.18551,2.18669,1936970.638604
1749110400,2.18708,2.21095,2.1868,2.20631,1449592.3869
1749124800,2.20609,2.22588,2.18,2.19411,3355555.203693
1749139200,2.1941,2.19411,2.11505,2.13037,5202634.579569
1749153600,2.13075,2.13238,2.05974,2.095,6635420.665098
1749168000,2.095,2.13071,2.08283,2.13071,3008223.238424
1749182400,2.13071,2.14359,2.12252,2.13076,1578277.504023
1749196800,2.13116,2.1563,2.13116,2.15099,1097634.243734
1749211200,2.151,2.1915,2.15,2.18637,3380175.719889
1749225600,2.18638,2.18683,2.16489,2.17621,1755024.176858
1749240000,2.17621,2.18324,2.1622,2.16221,1199158.402611
1749254400,2.16221,2.18112,2.1501,2.18021,1096131.895765
1749268800,2.18022,2.19,2.1723,2.1855,636678.958014
1749283200,2.185,2.18912,2.17603,2.18418,278717.055351
1749297600,2.18408,2.19092,2.18041,2.18407,333265.564066
1749312000,2.18411,2.18723,2.17351,2.17698,1327723.853944
1749326400,2.17698,2.18731,2.17642,2.17803,406577.380953
1749340800,2.17796,2.17802,2.16773,2.17686,516051.880197
1749355200,2.17686,2.22439,2.17228,2.20765,5194097.176335
1749369600,2.2109,2.24952,2.19629,2.24186,1972228.802345
1749384000,2.24262,2.29399,2.24262,2.27826,6821767.933681
1749398400,2.27901,2.292,2.2737,2.28959,1473203.623764
1749412800,2.28959,2.295,2.25598,2.26784,2851700.301099
1749427200,2.26672,2.268,2.23198,2.24319,2083369.411894
1749441600,2.24339,2.24339,2.225,2.23176,965408.683317
1749456000,2.23208,2.27084,2.23097,2.269,1994983.398221
1749470400,2.269,2.27,2.24099,2.2653,1661021.213654
1749484800,2.2653,2.31582,2.2632,2.29758,4242904.326685
1749499200,2.29818,2.32946,2.29589,2.3207,2978823.789383
1749513600,2.3207,2.32733,2.29876,2.30027,1755181.195506
1749528000,2.30027,2.30241,2.275,2.28557,1284852.262613
1749542400,2.28556,2.315,2.272,2.30487,2374961.460592
1749556800,2.30487,2.31847,2.26123,2.27696,3482138.225592
1749571200,2.27717,2.31268,2.27,2.29485,1985060.640304
1749585600,2.29486,2.31301,2.28522,2.30651,2167896.143465
1749600000,2.30651,2.31241,2.28,2.29814,1362827.54266
1749614400,2.29801,2.3,2.28384,2.29441,1112378.832225
1749628800,2.29441,2.33001,2.29441,2.31481,9214085.650788
1749643200,2.31507,2.33815,2.30451,2.3261,3559879.647483
1749657600,2.32625,2.33027,2.28387,2.28567,2134107.560978
1749672000,2.28564,2.30008,2.25402,2.27081,1952023.796907
1749686400,2.2708,2.27315,2.23704,2.24479,1313647.375577
1749700800,2.24479,2.25734,2.232,2.24043,1507286.867462
1749715200,2.24038,2.24974,2.22544,2.226,1091950.520019
1749729600,2.226,2.25311,2.22223,2.22878,1910789.401025
1749744000,2.22873,2.25584,2.20447,2.20448,1548984.34066
1749758400,2.20448,2.21365,2.17304,2.19081,2571131.580621
1749772800,2.19081,2.19242,2.08598,2.12738,9245666.093675
1749787200,2.12739,2.13143,2.0937,2.13,4131244.381827
1749801600,2.13,2.15681,2.12661,2.15561,2995692.536729
1749816000,2.15561,2.16301,2.12428,2.14862,1593704.477662
1749830400,2.1487,2.15966,2.11769,2.12201,1665376.210337
1749844800,2.12202,2.15148,2.12202,2.14856,697734.017362
1749859200,2.14814,2.16144,2.13413,2.15961,1069876.168604
1749873600,2.15984,2.17042,2.15184,2.16686,944879.380866
1749888000,2.16699,2.17882,2.15876,2.17789,3323344.515812
1749902400,2.17757,2.17775,2.14693,2.15026,1166579.875976
1749916800,2.15061,2.15146,2.11668,2.12547,3242978.956583
1749931200,2.1253,2.14586,2.11166,2.14,942748.788643
1749945600,2.14,2.15475,2.13948,2.1528,701542.535379
1749960000,2.1528,2.16291,2.15,2.15127,451426.520418
1749974400,2.15128,2.16728,2.14756,2.15845,846129.139593
1749988800,2.15953,2.17499,2.15815,2.16497,774612.536506
1750003200,2.16519,2.17048,2.15917,2.16479,896407.50377
1750017600,2.16479,2.17499,2.14145,2.16648,966893.324815
1750032000,2.16648,2.18711,2.15282,2.17252,1134210.525825
1750046400,2.17263,2.206,2.17183,2.20324,3379942.666713
1750060800,2.20343,2.24971,2.19445,2.24599,4029149.253489
1750075200,2.24626,2.30231,2.24481,2.29034,5826319.430322
1750089600,2.29082,2.336,2.29082,2.33598,7253951.269083
1750104000,2.33597,2.33598,2.23104,2.23925,5031807.32579
1750118400,2.23893,2.25765,2.20393,2.249,3979006.905778
1750132800,2.24908,2.253,2.22819,2.23718,2199772.307934
1750147200,2.23718,2.23889,2.1888,2.19397,3480458.976492
1750161600,2.19398,2.22491,2.16441,2.17958,5296276.161896
1750176000,2.17958,2.20347,2.14252,2.18439,4463197.944531
1750190400,2.18347,2.19074,2.14537,2.15955,2603941.590849
1750204800,2.15966,2.1777,2.15283,2.16736,849108.205567
1750219200,2.16737,2.17568,2.14898,2.16319,1461584.044893
1750233600,2.16319,2.16921,2.126,2.14215,1434179.371781
1750248000,2.14206,2.161,2.12,2.15189,2600152.741327
1750262400,2.15189,2.16225,2.129,2.14174,1578135.882
1750276800,2.14024,2.18076,2.13702,2.17048,1990408.553085
1750291200,2.1708,2.18458,2.15739,2.16701,1062582.404183
1750305600,2.16693,2.175,2.155,2.15679,2824775.180687
1750320000,2.15679,2.1671,2.151,2.1538,627447.616121
1750334400,2.1538,2.15895,2.14607,2.14623,1154566.777667
1750348800,2.14623,2.17705,2.14623,2.17224,984631.70052
1750363200,2.17245,2.174,2.16073,2.16572,610443.206959
1750377600,2.16506,2.17298,2.15648,2.15648,856872.904651
1750392000,2.15648,2.16828,2.14096,2.16595,1678168.378589
1750406400,2.16682,2.17575,2.16131,2.17228,599030.350143
1750420800,2.17228,2.178,2.13159,2.13409,2122932.960639
1750435200,2.13436,2.13735,2.08574,2.1293,3844705.49211
1750449600,2.12837,2.14797,2.11,2.11945,1371735.920024
1750464000,2.11945,2.13205,2.11609,2.13054,712011.820488
1750478400,2.13016,2.13444,2.11917,2.1339,769498.934347
1750492800,2.1339,2.14404,2.1338,2.13729,386925.97689
1750507200,2.13751,2.14,2.11,2.11725,921339.362111
1750521600,2.11712,2.11979,2.069,2.07056,2568068.957186
1750536000,2.07057,2.09275,1.9984,2.0644,5948489.239193
1750550400,2.06443,2.08749,2.0401,2.05994,1865414.062975
1750564800,2.05994,2.0885,2.05799,2.06793,975017.782117
1750579200,2.06792,2.0777,2.01567,2.02344,1668594.68193
1750593600,2.02559,2.02978,1.92501,1.93371,9457067.50995
1750608000,1.93371,1.98434,1.93005,1.96505,2914349.711571
1750622400,1.96429,2.02331,1.91,2.01812,5430905.39963
1750636800,2.0176,2.0331,2.00439,2.01955,1890816.203223
1750651200,2.0191,2.03575,2.01267,2.02395,1324286.128301
1750665600,2.02377,2.02782,1.98688,2.00205,1221142.798208
1750680000,2.00206,2.03879,1.98665,2.00002,3469889.419905
1750694400,2.00002,2.06399,1.96299,2.05896,5637504.819226
1750708800,2.05963,2.17094,2.05963,2.16084,8580046.221014
1750723200,2.16034,2.16711,2.13295,2.15187,2140883.400911
1750737600,2.15216,2.21051,2.14864,2.1798,2668476.926434
1750752000,2.18181,2.20606,2.164,2.18514,1724347.256919
1750766400,2.18495,2.19467,2.1675,2.18788,2247124.334224
1750780800,2.18788,2.20972,2.18551,2.20771,2189964.279277
1750795200,2.20772,2.216,2.17868,2.19034,2665446.384678
1750809600,2.19034,2.19849,2.17887,2.17956,565791.973121
1750824000,2.17979,2.18842,2.17122,2.18674,969431.106951
1750838400,2.18708,2.19769,2.17654,2.19618,1075493.371035
1750852800,2.19618,2.22942,2.17727,2.18185,4818983.424568
1750867200,2.18185,2.20728,2.17341,2.20728,2251332.743146
1750881600,2.20727,2.20727,2.17629,2.18714,844689.046896
1750896000,2.18705,2.21301,2.182,2.197,1095918.942951
1750910400,2.19695,2.19973,2.18426,2.19182,409009.084577
1750924800,2.19154,2.19631,2.17052,2.17302,543006.694695
1750939200,2.17302,2.174,2.108,2.12065,8547564.875362
1750953600,2.12065,2.13499,2.09642,2.12592,4707860.965607
1750968000,2.12511,2.14702,2.10402,2.10599,1631369.47332
1750982400,2.106,2.11223,2.0797,2.10731,2220472.017835
1750996800,2.1073,2.1149,2.08355,2.08678,1129142.473785
1751011200,2.08676,2.10629,2.08676,2.09085,675067.824336
1751025600,2.09085,2.10202,2.07,2.09811,1875387.127152
1751040000,2.09904,2.12311,2.07294,2.0975,1848638.582091
1751054400,2.09501,2.15548,2.09411,2.14312,3316537.132092
1751068800,2.14312,2.1919,2.1356,2.18644,3051785.228514
1751083200,2.18645,2.20085,2.17679,2.1932,1494151.173464
1751097600,2.19197,2.19442,2.18181,2.19334,688210.608791
1751112000,2.19346,2.20824,2.18311,2.20459,1320756.398678
1751126400,2.20459,2.2082,2.18572,2.18654,1450347.612193
1751140800,2.18656,2.189,2.17793,2.18611,1213891.919826
1751155200,2.18541,2.189,2.177,2.18489,786053.035298
1751169600,2.18489,2.188,2.183,2.18525,486226.940276
1751184000,2.18534,2.19681,2.18482,2.19594,898981.563705
1751198400,2.19595,2.19762,2.183,2.1844,850499.931185
1751212800,2.1844,2.19358,2.18148,2.18884,1112679.475931
1751227200,2.1888,2.21912,2.1816,2.20786,2702294.659637
1751241600,2.20786,2.21235,2.1953,2.19896,1145153.136124
1751256000,2.19861,2.19861,2.1737,2.18714,2089350.815244
1751270400,2.18756,2.18884,2.17061,2.17891,1057142.772716
1751284800,2.17891,2.1999,2.16576,2.19312,1901305.626829
1751299200,2.19312,2.32741,2.192,2.32122,9694530.413511
1751313600,2.32122,2.32587,2.23587,2.23718,6011476.569531
1751328000,2.23666,2.25411,2.226,2.23795,3080186.742776
1751342400,2.23795,2.23795,2.20718,2.22482,2005694.359755
1751356800,2.22448,2.22623,2.19489,2.20307,1285907.024693
1751371200,2.203,2.20987,2.17781,2.18986,3078708.508402
1751385600,2.18985,2.2045,2.15655,2.1573,3056734.349092
1751400000,2.15762,2.1819,2.14802,2.17219,2297765.117216
1751414400,2.17219,2.18889,2.15866,2.18801,4347675.177771
1751428800,2.18801,2.19881,2.18368,2.19326,1818181.160952
1751443200,2.19415,2.20436,2.17446,2.17709,1431683.042227
1751457600,2.1771,2.21499,2.16924,2.21382,2921349.20366
1751472000,2.21382,2.2901,2.212,2.26751,7136343.72314
1751486400,2.26751,2.26751,2.233,2.23432,2426724.827354
1751500800,2.23432,2.24815,2.226,2.2426,993131.083563
1751515200,2.24265,2.2825,2.24152,2.27955,2242561.2047
1751529600,2.27956,2.31015,2.27706,2.29652,2463619.635035
1751544000,2.29667,2.31177,2.24,2.24392,5764266.393747
1751558400,2.2437,2.28327,2.24334,2.27289,2141375.510648
1751572800,2.27372,2.28082,2.25402,2.25723,966960.421852
1751587200,2.25727,2.26855,2.24154,2.25019,576910.854187
1751601600,2.2502,2.2523,2.21666,2.22101,4081072.356952
1751616000,2.22101,2.24084,2.20841,2.2385,1225591.864155
1751630400,2.23868,2.24353,2.20544,2.21552,2215772.807604
1751644800,2.21547,2.2262,2.19719,2.21021,4258197.415025
1751659200,2.21021,2.22914,2.20901,2.22084,729541.246034
1751673600,2.22085,2.22807,2.21212,2.22642,377212.987252
1751688000,2.22641,2.23334,2.219,2.22457,275772.348051
1751702400,2.22522,2.22624,2.213,2.22252,1876716.52616
1751716800,2.22233,2.23045,2.21699,2.22354,364410.912211
1751731200,2.22354,2.22545,2.20345,2.21511,1062434.195147
1751745600,2.21527,2.22037,2.20847,2.21814,401173.641708
1751760000,2.21831,2.22213,2.21,2.2171,491798.926645
1751774400,2.21712,2.234,2.217,2.22817,654702.641268
1751788800,2.22817,2.28463,2.22757,2.26217,3047155.132865
1751803200,2.26256,2.28942,2.26098,2.27641,3652944.034191
1751817600,2.27641,2.28139,2.247,2.26503,1509990.810007
1751832000,2.26502,2.2892,2.26365,2.27262,2337243.566822
1751846400,2.27262,2.2788,2.2589,2.27069,531141.61802
1751860800,2.27198,2.27525,2.25728,2.27348,1330237.327696
1751875200,2.27263,2.29609,2.26899,2.28273,4365629.483921
1751889600,2.28293,2.3485,2.27117,2.33892,9492273.380193
1751904000,2.33884,2.35308,2.281,2.30038,6600025.261298
1751918400,2.30037,2.30037,2.2614,2.27101,2893900.135221
1751932800,2.27101,2.27348,2.25035,2.26379,1446051.606344
1751947200,2.26311,2.27683,2.25824,2.2755,1062286.616506
1751961600,2.27566,2.30034,2.2746,2.29401,2477904.777657
1751976000,2.29401,2.30347,2.27773,2.28558,4033964.795824
1751990400,2.286,2.32039,2.2843,2.32039,3340559.440254
1752004800,2.321,2.321,2.29701,2.31137,1975909.700089
1752019200,2.31137,2.31931,2.29903,2.30423,1208478.972517
1752033600,2.30404,2.33687,2.30245,2.33127,2168142.053613
1752048000,2.332,2.38735,2.331,2.38169,4380835.119177
1752062400,2.38169,2.40152,2.354,2.38216,7055288.077514
1752076800,2.38217,2.42801,2.37539,2.42,7871490.151339
1752091200,2.42,2.42141,2.38519,2.40476,4670310.943496
1752105600,2.40468,2.437,2.39438,2.42231,3414573.99643
1752120000,2.42231,2.44176,2.414,2.43747,1711841.519171
1752134400,2.43782,2.4621,2.42855,2.45391,3502933.465654
1752148800,2.45358,2.4605,2.422,2.45535,4377515.584398
1752163200,2.45535,2.512,2.449,2.50277,9516887.754567
1752177600,2.50278,2.56735,2.49382,2.5465,8582311.595326
1752192000,2.54651,2.59365,2.51127,2.57811,3141699.778675
1752206400,2.57811,2.59903,2.55419,2.58039,4876709.881801
1752220800,2.5804,2.66,2.58001,2.62714,6793049.72158
1752235200,2.62806,2.97358,2.62523,2.77261,32786245.912102
1752249600,2.77259,2.85884,2.6669,2.85884,19723301.814391
1752264000,2.85889,2.85889,2.66111,2.73373,12086258.908196
1752278400,2.73373,2.847,2.68945,2.79923,7694836.496533
1752292800,2.80153,2.80582,2.75657,2.77116,3058956.345446
1752307200,2.77116,2.84783,2.76705,2.80665,5204463.023593
1752321600,2.80683,2.80973,2.66084,2.68223,6796075.20927
1752336000,2.6827,2.75405,2.67263,2.73746,3696256.606211
1752350400,2.73782,2.74844,2.68415,2.73818,3869073.52291
1752364800,2.73818,2.7853,2.72478,2.768,3542791.124489
1752379200,2.76801,2.8144,2.75925,2.80054,2357668.896747
1752393600,2.8001,2.81675,2.77267,2.7883,2042716.549733
1752408000,2.78999,2.8944,2.78454,2.84063,8026840.818641
1752422400,2.84063,2.88064,2.81331,2.84586,5925513.961772
1752436800,2.84612,2.86322,2.76439,2.83733,5302589.326461
1752451200,2.83738,2.945,2.82378,2.92707,6868562.593657
1752465600,2.92719,2.98427,2.8788,2.95842,11341334.438135
1752480000,2.95842,3.02,2.93058,2.97768,18090134.57941
1752494400,2.97768,3.03244,2.9,2.94477,14093535.235795
1752508800,2.94477,3.00171,2.91167,2.93068,7723692.984081
1752523200,2.9305,2.96181,2.88,2.95893,5638566.481226
1752537600,2.95863,2.95872,2.80364,2.84963,9598704.733476
1752552000,2.85007,2.88684,2.82159,2.85265,4095543.856535
1752566400,2.85184,2.92829,2.82554,2.90326,4598910.493113
1752580800,2.90476,2.9334,2.84078,2.88904,6851894.887414
1752595200,2.88918,2.94296,2.85946,2.86404,5315609.79531
1752609600,2.86403,2.92902,2.85465,2.9195,5098448.510768
1752624000,2.91918,2.9376,2.88,2.90439,2678963.590038
1752638400,2.9044,2.9388,2.89323,2.93072,2262330.001382
1752652800,2.93028,2.96328,2.92282,2.95114,4453426.259699
1752667200,2.95111,3.00794,2.94701,2.97832,9331057.094555
1752681600,2.97832,3.07949,2.96805,3.06058,14481716.770153
1752696000,3.06004,3.1,3.02288,3.04001,13730399.402827
1752710400,3.04001,3.08059,2.99,3.02734,5423849.617824
1752724800,3.02502,3.1743,3.01649,3.1569,16048956.569652
1752739200,3.15691,3.30001,3.14247,3.26347,22658947.187129
1752753600,3.26363,3.27275,3.168,3.25445,18520454.483987
1752768000,3.25366,3.4,3.22671,3.30548,23189813.661361
1752782400,3.30548,3.5534,3.28452,3.48393,26755526.744899
1752796800,3.48393,3.6645,3.46739,3.60852,26766615.264347
1752811200,3.6089,3.64,3.44651,3.45444,11023802.896994
1752825600,3.4545,3.5115,3.40057,3.49172,16259059.244415
1752840000,3.49199,3.54694,3.34662,3.37662,19312216.753664
1752854400,3.37658,3.4906,3.36663,3.43571,12640729.004169
1752868800,3.4357,3.45,3.36071,3.41783,10056939.947118
1752883200,3.41782,3.47924,3.40097,3.45201,5933846.959903
1752897600,3.45201,3.48764,3.42057,3.46778,2797102.459653
1752912000,3.46757,3.47439,3.39,3.39564,3020775.884604
1752926400,3.39794,3.43152,3.3575,3.41143,9830347.781796
1752940800,3.41153,3.46,3.40403,3.4331,4519384.684559
1752955200,3.4331,3.4449,3.38189,3.42618,4352625.135486
1752969600,3.42619,3.459,3.39,3.43633,4889795.871682
1752984000,3.43633,3.46726,3.40566,3.44373,2828885.228878
1752998400,3.4437,3.53749,3.44369,3.4992,10884434.204795
1753012800,3.4992,3.54962,3.47733,3.51945,10594629.530665
1753027200,3.51945,3.55829,3.48728,3.52518,8860243.745325
1753041600,3.5247,3.52675,3.40563,3.45716,5892780.607045
1753056000,3.45583,3.49168,3.40972,3.47974,6680981.926434
1753070400,3.48036,3.57958,3.476,3.56858,3199109.939577
1753084800,3.56869,3.58,3.53029,3.5362,2997389.288028
1753099200,3.53498,3.65,3.5025,3.6042,12654594.979621
1753113600,3.6042,3.62639,3.53072,3.54797,12793615.160335
1753128000,3.54798,3.57611,3.51353,3.55255,4330372.691126
1753142400,3.55255,3.57499,3.46411,3.50084,6766025.546841
1753156800,3.50084,3.50475,3.42528,3.47641,5428774.547838
1753171200,3.47641,3.53,3.43012,3.52356,5010267.474828
1753185600,3.52356,3.53808,3.44495,3.50745,8787623.710147
1753200000,3.50745,3.57958,3.49667,3.52261,13923107.066782
1753214400,3.52244,3.55549,3.51583,3.55231,3783222.235493
1753228800,3.55231,3.55326,3.49154,3.49529,2825376.016213
1753243200,3.49528,3.51,3.46276,3.46881,2104137.478964
1753257600,3.46954,3.47668,3.42401,3.452,4047538.931658
1753272000,3.452,3.452,3.2222,3.32398,21968667.215706
1753286400,3.3237,3.3237,3.16,3.18613,15932944.160566
1753300800,3.18501,3.21638,3.05,3.18547,21932672.80418
1753315200,3.18611,3.23699,3.15439,3.19399,4706055.416918
1753329600,3.19408,3.1983,2.9593,3.07735,17886293.862928
1753344000,3.07711,3.18,3.05893,3.17023,8160437.4107
1753358400,3.17001,3.26748,3.12087,3.22712,12728383.271779
1753372800,3.22712,3.26127,3.17244,3.2119,10856375.762616
1753387200,3.21211,3.242,3.12712,3.14672,3197760.095265
1753401600,3.14719,3.16271,3.04583,3.0699,9676188.467783
1753416000,3.06976,3.11969,3.0358,3.07581,8204093.0753
1753430400,3.07581,3.15393,3.06,3.1358,7470535.665158
1753444800,3.13612,3.15273,3.0016,3.03852,9791599.704536
1753459200,3.0383,3.09809,3.02712,3.07276,2330208.790328
1753473600,3.07276,3.1495,3.07276,3.14213,5642656.14981
1753488000,3.14214,3.1627,3.10914,3.14535,2982200.11717
1753502400,3.14535,3.17579,3.14166,3.15554,4819895.369793
1753516800,3.15615,3.2099,3.15615,3.18701,2126296.323776
1753531200,3.18641,3.19945,3.179,3.19141,3196927.982227
1753545600,3.19141,3.2181,3.15483,3.1917,4642513.016832
1753560000,3.19192,3.208,3.16509,3.16601,1938392.053445
1753574400,3.16601,3.205,3.15828,3.19894,1696373.69942
1753588800,3.19895,3.23947,3.18781,3.19,2727251.913049
1753603200,3.19,3.213,3.17,3.18155,1972187.37178
1753617600,3.18123,3.20759,3.165,3.18733,2071899.930282
1753632000,3.18734,3.22997,3.17864,3.20978,3407910.705339
1753646400,3.20979,3.25,3.19175,3.23991,2608772.381208
1753660800,3.24047,3.29329,3.22471,3.2707,5123773.006525
1753675200,3.27077,3.33,3.25234,3.27468,4176571.183754
1753689600,3.2738,3.27531,3.22471,3.24429,6585261.083326
1753704000,3.24429,3.24851,3.13999,3.16051,6725262.32232
1753718400,3.16051,3.185,3.11473,3.16129,5712629.5019
1753732800,3.1609,3.162,3.1071,3.12278,3614056.383872
1753747200,3.12347,3.14657,3.081,3.14084,7859083.93038
1753761600,3.14001,3.18331,3.12467,3.17577,6456203.48557
1753776000,3.17724,3.18549,3.11367,3.1365,3171252.447277
1753790400,3.13771,3.1729,3.07685,3.10123,8844300.745472
1753804800,3.10123,3.16,3.05218,3.12,12625325.629312
1753819200,3.12,3.13479,3.09338,3.12758,4620719.538363
1753833600,3.12758,3.14956,3.09505,3.13829,2561047.255975
1753848000,3.13828,3.1462,3.10401,3.11953,2219885.481009
1753862400,3.12049,3.14005,3.045,3.04887,7865207.573443
1753876800,3.05066,3.152,3.04,3.14378,13675668.028118
1753891200,3.14441,3.16,2.99999,3.09808,16470293.742568
1753905600,3.09795,3.11591,3.06312,3.09528,4678082.947893
1753920000,3.09528,3.14637,3.08773,3.13952,4414291.436798
1753934400,3.14009,3.154,3.13212,3.15334,2151097.721113
1753948800,3.15334,3.17593,3.14822,3.1508,1900607.877074
1753963200,3.1519,3.1519,3.07281,3.10075,9637054.910017
1753977600,3.10074,3.13832,3.05165,3.05724,7694346.840509
1753992000,3.05721,3.06677,3.015,3.02276,7682001.595994
1754006400,3.02276,3.02572,2.92932,2.99836,13931752.277845
1754020800,2.99782,2.99782,2.93643,2.95535,4692398.184299
1754035200,2.9541,2.97064,2.89202,2.97008,8461081.174379
1754049600,2.97007,3.05758,2.93,3.04296,10699543.844557
1754064000,3.04295,3.0561,2.97261,3.01196,6063348.964165
1754078400,3.01196,3.02801,2.89553,2.95992,5450154.992936
1754092800,2.95992,2.98358,2.94859,2.97949,3413772.594324
1754107200,2.9795,3.01828,2.94858,2.99231,4538936.002414
1754121600,2.99232,2.99979,2.9303,2.93963,2434159.574039
1754136000,2.93941,2.945,2.8211,2.82853,8620815.914078
1754150400,2.82863,2.86485,2.74278,2.77817,19887242.706039
1754164800,2.77817,2.815,2.74092,2.76919,5324161.039227
1754179200,2.76896,2.84018,2.73,2.8384,8954344.847539
1754193600,2.83738,2.86972,2.81591,2.86378,2466457.187202
1754208000,2.86479,2.8949,2.8514,2.87127,2812454.648392
1754222400,2.87102,2.90222,2.85835,2.895,3296481.492542
1754236800,2.89507,2.92951,2.88559,2.91409,7401639.254696
1754251200,2.91544,2.96133,2.90157,2.94837,3533141.633778
1754265600,2.94838,3.03016,2.93308,3,8386002.957646
1754280000,3.00001,3.01825,2.96648,3.01326,2743717.667937
1754294400,3.01326,3.02403,2.9773,2.99322,3008185.386947
1754308800,2.99322,3.08278,2.98056,3.03222,15340723.990693
1754323200,3.03222,3.08999,3.03222,3.04773,7535953.768194
1754337600,3.04774,3.085,3.042,3.07217,2227502.257175
1754352000,3.07217,3.10613,3.035,3.03805,3953537.514975
1754366400,3.03906,3.05437,2.99793,3.00572,3734078.721878
1754380800,3.0038,3.07843,2.99879,3.06072,6332066.26073
1754395200,3.06073,3.06463,2.95565,2.96915,11418940.971764
1754409600,2.96915,2.99,2.94174,2.94643,4446146.102373
1754424000,2.94643,2.97493,2.91574,2.96119,3199172.594149
1754438400,2.96119,2.96328,2.90999,2.91395,4281313.168712
1754452800,2.91371,2.96641,2.90279,2.95567,3968490.163232
1754467200,2.95548,2.95823,2.91726,2.94632,1809254.727905
1754481600,2.94744,3.00778,2.92371,3.00499,5808634.511426
1754496000,3.00498,3.01793,2.97101,3.01,4414071.995431
1754510400,3.0117,3.0117,2.98202,2.99115,2129296.56561
1754524800,2.99115,3.01131,2.9673,2.96899,2481761.824708
1754539200,2.96816,3.01344,2.96621,3.00051,2130361.869196
1754553600,3.00053,3.08814,2.98765,3.07963,9799368.7546
1754568000,3.08006,3.0852,3.0418,3.06319,6034391.084251
1754582400,3.06319,3.10246,3.01075,3.10168,11191896.268906
1754596800,3.10247,3.333,3.10247,3.3198,25431790.910741
1754611200,3.31999,3.3748,3.27169,3.3748,12358467.520196
1754625600,3.3748,3.382,3.30638,3.356,9927378.162888
1754640000,3.356,3.35966,3.305,3.33901,3530359.613749
1754654400,3.339,3.37222,3.2075,3.22181,19517769.246632
1754668800,3.22181,3.337,3.22101,3.337,13060969.400908
1754683200,3.337,3.33825,3.28,3.28677,4786458.327354
1754697600,3.28677,3.31193,3.28044,3.29118,1677325.504036
1754712000,3.29119,3.33972,3.28885,3.32,4389184.295271
1754726400,3.32118,3.34858,3.30709,3.3091,4245689.964236
1754740800,3.30931,3.32676,3.24554,3.27363,7064488.227629
1754755200,3.27363,3.295,3.26054,3.26249,5849456.689802
1754769600,3.26249,3.27351,3.211,3.22649,7568847.381546
1754784000,3.22663,3.26372,3.221,3.25901,1474994.860702
1754798400,3.25901,3.27886,3.16285,3.18688,5590028.25945
1754812800,3.18719,3.21776,3.15167,3.19001,5110252.443502
1754827200,3.19194,3.20242,3.15556,3.18483,6072445.980148
1754841600,3.18457,3.21424,3.18182,3.20572,2681320.846627
1754856000,3.20716,3.20751,3.16,3.18765,4670095.854455
1754870400,3.18765,3.27363,3.17376,3.26568,7884465.805199
1754884800,3.26567,3.28812,3.23687,3.24315,6872370.179663
1754899200,3.24605,3.33283,3.20322,3.21732,9759935.747576
1754913600,3.21576,3.23495,3.18,3.20871,8800172.82969
1754928000,3.2087,3.22667,3.15,3.15,10992853.756583
1754942400,3.15001,3.16852,3.12,3.13167,8550961.139838
1754956800,3.13167,3.17565,3.12747,3.14901,2583574.892824
1754971200,3.14901,3.16532,3.11598,3.15327,1459721.200234
1754985600,3.15327,3.16365,3.10333,3.15163,2325990.628766
1755000000,3.15164,3.21979,3.14224,3.21294,8477444.693233
1755014400,3.21361,3.288,3.20536,3.28797,11871861.06171
1755028800,3.28797,3.3,3.25614,3.26628,10868554.89586
1755043200,3.26628,3.26628,3.20175,3.24354,9301458.413082
1755057600,3.24354,3.25691,3.20311,3.242,4275461.063205
1755072000,3.242,3.29913,3.24,3.2849,7340729.968392
1755086400,3.28472,3.33184,3.22719,3.25745,19276070.187273
1755100800,3.25749,3.28497,3.2464,3.27805,6005690.893782
1755115200,3.27839,3.29372,3.25269,3.2755,4251324.599537
1755129600,3.2755,3.35,3.27362,3.32724,8372191.752097
1755144000,3.32829,3.33556,3.2364,3.25596,6283496.696743
1755158400,3.25572,3.25647,3.203,3.22,6452653.762696
1755172800,3.22,3.23504,2.98795,3.09859,24076327.948803
1755187200,3.09859,3.1,3.04476,3.07058,7587412.947503
1755201600,3.07001,3.09196,3.03126,3.08186,3676757.3335
1755216000,3.08151,3.12482,3.07398,3.11978,1998739.667496
1755230400,3.12,3.14334,3.10771,3.12,2094559.159024
1755244800,3.11999,3.12938,3.1,3.11294,6853924.830761
1755259200,3.11318,3.14047,3.01498,3.02794,6357834.902302
1755273600,3.02794,3.09338,3.00383,3.06781,6252080.867055
1755288000,3.06749,3.1,3.05615,3.07959,2025223.614165
1755302400,3.07977,3.11473,3.07594,3.11037,1336674.148892
1755316800,3.11103,3.12913,3.09271,3.12609,1430833.819753
1755331200,3.12662,3.15779,3.106,3.106,6128928.621243
1755345600,3.10642,3.12848,3.10139,3.10547,1734768.28769
1755360000,3.10476,3.11438,3.09046,3.10269,2274443.097911
1755374400,3.10268,3.10837,3.09087,3.10685,666181.609159
1755388800,3.10684,3.12536,3.087,3.12038,2019242.708424
1755403200,3.12038,3.1389,3.11103,3.11816,1661011.772055
1755417600,3.11896,3.14067,3.113,3.13001,2067652.160818
1755432000,3.13001,3.14561,3.115,3.1453,1788042.487213
1755446400,3.1453,3.14808,3.07988,3.09081,4719091.92748
1755460800,3.0905,3.11513,3.088,3.08966,1622964.30187
1755475200,3.08966,3.09261,2.97,2.99301,8353152.717678
1755489600,2.99301,3.00694,2.95793,2.96577,3259954.368171
1755504000,2.96656,2.98009,2.94112,2.96717,3785707.930761
1755518400,2.96701,3.02504,2.96264,3.01755,4583841.160788
1755532800,3.01754,3.097,3.005,3.08308,5320452.509293
1755547200,3.0823,3.09657,3.05312,3.06208,3734527.951918
1755561600,3.06209,3.08,2.98512,2.99153,2435856.733484
1755576000,2.99151,3.02803,2.977,3.00401,3375313.642713
1755590400,3.00401,3.025,2.99268,3.01816,3409473.093098
1755604800,3.01817,3.04,2.92752,2.92974,6773997.850762
1755619200,2.92974,2.93551,2.87143,2.87566,7244090.975686
1755633600,2.87658,2.90587,2.85,2.86024,5501148.561538
1755648000,2.85992,2.9003,2.85001,2.88827,2589483.479792
1755662400,2.88826,2.90164,2.867,2.8674,1678700.541897
1755676800,2.86728,2.91343,2.86202,2.88801,7060498.82694
1755691200,2.88801,2.93315,2.8201,2.90449,6530657.200249
1755705600,2.90459,2.99,2.90456,2.98924,10630525.070675
1755720000,2.98982,2.98983,2.95,2.95125,2132794.908075
1755734400,2.95125,2.95833,2.91304,2.92978,1601286.479827
1755748800,2.92956,2.94,2.893,2.90724,1819289.433951
1755763200,2.90646,2.91618,2.88594,2.90281,5042484.926695
1755777600,2.90281,2.92346,2.87373,2.88547,3355154.016889
1755792000,2.88547,2.91879,2.85243,2.86637,2886665.211005
1755806400,2.86842,2.88763,2.842,2.85092,2458607.81194
1755820800,2.85091,2.88402,2.82216,2.83239,1917111.184904
1755835200,2.83198,2.8725,2.83074,2.86133,2914717.374243
1755849600,2.86106,2.875,2.805,2.80542,5266622.004477
1755864000,2.80542,3.04369,2.78174,3.01836,19864492.971188
1755878400,3.01837,3.1,3.01837,3.07166,16290682.7923
1755892800,3.07324,3.103,3.06378,3.07292,3216076.286121
1755907200,3.07292,3.07327,2.96834,2.99218,5333280.331573
1755921600,2.99192,3.0729,2.99151,3.05962,4690446.327188
1755936000,3.05962,3.07,3.02805,3.03999,1450390.578269
1755950400,3.04,3.04534,3.0057,3.01802,3864766.71016
1755964800,3.01802,3.02931,3.0094,3.02931,2799155.038341
1755979200,3.02931,3.0564,3.02566,3.04751,1314548.811076
1755993600,3.04746,3.08725,3.04464,3.0537,2106906.463922
1756008000,3.05176,3.05533,3.02876,3.0342,817436.055083
1756022400,3.03448,3.04549,2.99811,3.00927,4582513.313016
1756036800,3.00928,3.04026,3.00694,3.01405,2903384.647147
1756051200,3.01405,3.126,2.99851,3.032,12921829.804799
1756065600,3.032,3.0455,2.98819,3.02473,6993289.007447
1756080000,3.02477,3.05096,2.97323,3.0212,4404955.81198
1756094400,3.02248,3.02563,2.93003,2.93679,5172666.78622
1756108800,2.93828,2.96078,2.92024,2.94168,5124122.537993
1756123200,2.94168,2.97246,2.92779,2.95387,5014995.033748
1756137600,2.95438,2.96734,2.87156,2.8784,4134624.275226
1756152000,2.87629,2.89376,2.82443,2.85827,7123337.255057
1756166400,2.85827,2.89761,2.8453,2.8854,3208278.200812
1756180800,2.88567,2.93528,2.8855,2.91747,2283548.680047
1756195200,2.9175,2.9253,2.89054,2.90078,1448453.404757
1756209600,2.90078,2.94257,2.88841,2.93236,2584696.435894
1756224000,2.93236,3.08051,2.92746,3.05893,8256539.720435
1756238400,3.05894,3.05938,3.00403,3.012,4323631.871656
1756252800,3.012,3.012,2.982,3.0066,1989720.634203
1756267200,3.00555,3.02702,2.98501,2.99358,2312614.517875
1756281600,2.99466,3.02306,2.99466,2.99974,2586839.589938
1756296000,2.99862,3.0333,2.9891,3.01801,4120503.155405
1756310400,3.01837,3.04422,2.99013,3.00607,3617061.329481
1756324800,3.00588,3.02955,2.95,2.96815,3332820.696612
1756339200,2.96814,2.98889,2.955,2.98219,1869101.599271
1756353600,2.98213,3.011,2.97813,3.00237,3839613.495546
1756368000,3.00246,3.04,2.9965,3.00864,1155473.396276
1756382400,3.00864,3.02539,2.9728,2.98239,9669938.377274
1756396800,2.98238,2.99718,2.94298,2.94309,2871228.517382
1756411200,2.94533,2.977,2.94394,2.96737,2854474.660011
1756425600,2.96737,2.97529,2.93756,2.93831,1400082.715873
1756440000,2.93898,2.9404,2.86307,2.87051,3089351.273095
1756454400,2.87049,2.88746,2.84364,2.87626,4118639.847894
1756468800,2.87626,2.92033,2.8179,2.83501,6000964.359602
1756483200,2.83501,2.845,2.79993,2.81622,4279421.019425
1756497600,2.81368,2.82701,2.77,2.81926,3997208.481792
1756512000,2.81944,2.825,2.76,2.81477,2604350.34456
1756526400,2.81476,2.83473,2.811,2.83123,1633711.320131
1756540800,2.8314,2.83247,2.79652,2.81117,1127862.05304
1756555200,2.81082,2.81082,2.77475,2.80731,1555025.818604
1756569600,2.80634,2.81855,2.8,2.81078,964278.142457
1756584000,2.81078,2.81758,2.80001,2.81729,651421.361046
1756598400,2.81729,2.86852,2.81728,2.85133,1794481.200727
1756612800,2.85157,2.85658,2.82401,2.82906,1039798.125172
1756627200,2.82914,2.84365,2.81259,2.82418,532199.807385
1756641600,2.82419,2.82479,2.80309,2.82256,980654.431321
1756656000,2.82216,2.82216,2.79845,2.80022,2341836.958453
1756670400,2.80093,2.81712,2.77046,2.7757,1538393.739584
1756684800,2.77568,2.77906,2.726,2.74477,4051528.99777
1756699200,2.74236,2.79223,2.70144,2.79207,3969109.866875
1756713600,2.79242,2.83786,2.76845,2.77001,7546655.919314
1756728000,2.77001,2.78034,2.75211,2.76106,2490948.029024
1756742400,2.76106,2.77436,2.72137,2.77322,2980801.17272
1756756800,2.77317,2.77435,2.7,2.7556,2878103.623524
1756771200,2.75866,2.80036,2.74841,2.79868,1693807.302775
1756785600,2.79868,2.81566,2.78635,2.79318,2861946.124588
1756800000,2.79318,2.83116,2.79318,2.79736,1508724.552454
1756814400,2.79737,2.84742,2.7625,2.79,7950135.394556
1756828800,2.79025,2.82655,2.78202,2.82655,3205010.846233
1756843200,2.82655,2.86319,2.81868,2.8625,3129023.211007
1756857600,2.86251,2.86347,2.82767,2.8417,1618930.928485
1756872000,2.8413,2.84429,2.813,2.82081,1046819.665953
1756886400,2.82082,2.86309,2.82075,2.85749,2973848.093232
1756900800,2.85887,2.88701,2.844,2.87341,5678292.723988
1756915200,2.87341,2.87433,2.845,2.865,2421989.385906
1756929600,2.865,2.8675,2.84,2.8445,866957.695639
1756944000,2.8445,2.85719,2.83337,2.84481,985888.365612
1756958400,2.84512,2.86017,2.81517,2.82701,985452.83752
1756972800,2.827,2.85463,2.82528,2.84198,1508192.542781
1756987200,2.84198,2.84757,2.80322,2.81213,9912014.813474
1757001600,2.81213,2.82341,2.78694,2.78694,3176032.39955
1757016000,2.78652,2.825,2.78652,2.79551,1113298.6187
1757030400,2.79551,2.81399,2.7782,2.80714,1225279.799131
1757044800,2.80714,2.84941,2.80357,2.84435,1224981.280779
1757059200,2.84435,2.85338,2.82893,2.84329,5355384.248966
1757073600,2.84329,2.884,2.80052,2.8152,10286888.856674
1757088000,2.81519,2.86347,2.80394,2.86176,2772165.174681
1757102400,2.86403,2.86471,2.8151,2.81511,1472865.611018
1757116800,2.81511,2.82882,2.81264,2.82671,565184.514791
1757131200,2.82672,2.82672,2.815,2.8206,742912.302603
1757145600,2.8206,2.82067,2.80126,2.80481,1076561.198295
1757160000,2.80482,2.81821,2.80126,2.80273,440513.442074
1757174400,2.80236,2.80737,2.79271,2.79361,942389.316232
1757188800,2.79362,2.8125,2.79362,2.81023,452434.384412
1757203200,2.81008,2.82499,2.81008,2.82227,1252298.453497
1757217600,2.82227,2.8335,2.81898,2.83061,562624.622596
1757232000,2.83114,2.8369,2.82663,2.83246,320124.368773
1757246400,2.83246,2.92591,2.82901,2.8995,9523772.548761
1757260800,2.89947,2.89947,2.85214,2.86403,4408824.661486
1757275200,2.86403,2.89167,2.8558,2.87763,1569983.519677
1757289600,2.87736,2.89954,2.86238,2.88916,1872409.971858
1757304000,2.88914,2.90919,2.87541,2.90919,1501396.668463
1757318400,2.90919,2.95502,2.9047,2.93615,4898209.371514
1757332800,2.93675,2.995,2.93588,2.985,7903341.993502
1757347200,2.985,2.99,2.96,2.97553,6474712.503703
1757361600,2.97927,2.98327,2.95588,2.97001,2007496.463825
1757376000,2.97001,2.977,2.93588,2.952,1758561.064237
1757390400,2.95047,3.02706,2.94545,3.01972,2193856.499754
1757404800,3.01972,3.03651,3,3.00501,4744309.975155
1757419200,3.00501,3.03064,2.93556,2.94727,9736737.799561
1757433600,2.94727,2.97274,2.9443,2.96499,2001239.231835
1757448000,2.96534,2.96824,2.94008,2.94679,985792.757774
1757462400,2.94704,2.9644,2.93642,2.9619,1241681.550976
1757476800,2.9619,2.98,2.94548,2.98,822464.315248
1757491200,2.98,2.98699,2.96136,2.97222,1040510.710736
1757505600,2.97223,3.024,2.97164,3.00258,6275972.160663
1757520000,3.00258,3.17005,2.91331,2.98001,11287001.789357
1757534400,2.98001,2.98774,2.97237,2.98391,1156473.759013
1757548800,2.98392,3.00997,2.9787,3.00975,2688864.139937
1757563200,3.00985,3.0144,2.99231,3.00376,2626378.826096
1757577600,3.00344,3.03395,3.00025,3.00889,4815143.198835
1757592000,3.00992,3.0325,2.95144,2.99544,7231885.271321
1757606400,2.99544,3.03215,2.991,3.02498,4128224.773468
1757620800,3.02612,3.049,3.01136,3.04073,2917305.662705
1757635200,3.04084,3.07254,3.035,3.039,2189961.466988
1757649600,3.039,3.07379,3.02945,3.06758,2020879.364322
1757664000,3.0672,3.07126,3.03791,3.03968,1062510.631551
1757678400,3.03968,3.06569,3.01741,3.02793,3474534.033258
1757692800,3.02793,3.0955,3.02317,3.09305,3788519.841023
1757707200,3.09325,3.13874,3.08537,3.10647,4581832.564568
1757721600,3.10721,3.12492,3.09305,3.11518,1600839.981468
1757736000,3.11537,3.12243,3.10113,3.1179,2599220.207965
1757750400,3.1179,3.18685,3.1117,3.17404,7809622.445006
1757764800,3.17405,3.1827,3.12,3.13466,3223081.045982
1757779200,3.13518,3.14231,3.09,3.11222,3081609.742394
1757793600,3.11122,3.12971,3.11112,3.12114,1593822.69696
1757808000,3.12074,3.12617,3.0864,3.095,2368989.332792
1757822400,3.09503,3.109,3.0775,3.08502,1112689.029079
1757836800,3.08314,3.09571,3.05513,3.059,2081943.873624
1757851200,3.06019,3.06773,3.0125,3.03318,7172968.952844
1757865600,3.03318,3.05999,3.0312,3.03904,2299325.188697
1757880000,3.03831,3.05705,3.02737,3.02967,2659468.493051
1757894400,3.02967,3.0525,3.015,3.05,2424647.494172
1757908800,3.05,3.067,3.01631,3.02501,1371993.419615
1757923200,3.02501,3.02509,2.95693,3.00172,4492477.631928
1757937600,3.00173,3.0433,2.98574,3.02853,6043848.40105
1757952000,3.02898,3.03689,2.97223,2.991,5432791.918395
1757966400,2.991,3.00336,2.98139,2.99676,1417720.23306
1757980800,2.99676,2.99891,2.97889,2.98175,1515277.063695
1757995200,2.98175,3.01334,2.96512,3.00901,1032151.742488
1758009600,3.00901,3.0475,3.00511,3.03027,6357786.319941
1758024000,3.03048,3.0481,3.00347,3.03919,4078407.069504
1758038400,3.03919,3.058,3.03253,3.05263,3681905.712723
1758052800,3.05201,3.0579,3.0375,3.03836,1106900.614887
1758067200,3.03836,3.04703,3.01673,3.01753,912185.116257
1758081600,3.01753,3.03955,3.00801,3.0362,2163628.377675
1758096000,3.0362,3.03621,3.00635,3.01071,7888842.052779
1758110400,3.01047,3.03854,3.01047,3.02374,4463681.387714
1758124800,3.02332,3.06893,2.983,3.0355,13571833.811623
1758139200,3.03374,3.10718,3.00779,3.0847,6439741.495949
1758153600,3.08492,3.11066,3.07166,3.10796,2033316.65291
1758168000,3.10796,3.10796,3.05777,3.09116,1563054.754921
1758182400,3.09117,3.13834,3.09092,3.13834,2398217.248682
1758196800,3.13834,3.1398,3.10645,3.11412,4757648.123673
1758211200,3.1147,3.12263,3.09,3.10815,9335464.410449
1758225600,3.10814,3.10814,3.061,3.07486,3856853.020213
1758240000,3.07486,3.09404,3.0464,3.04833,1298723.318553
1758254400,3.04833,3.05456,3.02602,3.04009,1775289.06977
1758268800,3.04009,3.04876,3.025,3.03301,3399513.965943
1758283200,3.03301,3.04858,2.99066,3.01275,3470765.34261
1758297600,3.01275,3.01815,2.98699,2.98765,2286635.219341
1758312000,2.98766,3.00149,2.98047,2.99139,773304.007039
1758326400,2.99139,3.00181,2.982,2.99304,492948.485031
1758340800,2.99304,3.01,2.98928,3.00999,360409.659341
1758355200,3.01,3.01032,2.97607,2.99045,862825.373063
1758369600,2.99114,2.99718,2.97,2.99098,913028.66164
1758384000,2.99099,2.99462,2.97233,2.97642,1123530.487785
1758398400,2.97641,2.98684,2.97251,2.97732,1410913.53152
1758412800,2.97687,3,2.97505,2.99928,2124528.406553
1758427200,2.99929,3.015,2.99602,3.00001,1121925.881066
1758441600,3,3.00171,2.95752,2.97603,3035781.470523
1758456000,2.97604,2.988,2.9733,2.9812,655169.957572
1758470400,2.9812,2.98664,2.95354,2.98306,1695911.127567
1758484800,2.98293,2.99345,2.968,2.97255,1278574.207332
1758499200,2.97255,2.97599,2.88,2.90549,4447841.219947
1758513600,2.90548,2.9083,2.67861,2.80804,11600697.607265
1758528000,2.80806,2.82528,2.79412,2.81845,3353826.124568
1758542400,2.81893,2.876,2.80823,2.86158,3202940.554454
1758556800,2.86158,2.87238,2.81938,2.835,1968393.428485
1758571200,2.83499,2.85811,2.81687,2.85447,1416927.938719
1758585600,2.85447,2.8739,2.80221,2.86166,2110201.85792
1758600000,2.86166,2.88731,2.84,2.868,1703779.727124
1758614400,2.86701,2.87439,2.85265,2.86191,1294146.998726
1758628800,2.86191,2.88564,2.85515,2.87917,1204168.547391
1758643200,2.87917,2.8984,2.83894,2.85409,3310974.960002
1758657600,2.85367,2.85999,2.8189,2.82499,1169526.248259
1758672000,2.82502,2.84381,2.80584,2.81448,1636796.320811
1758686400,2.81449,2.876,2.79,2.87342,2534020.24742
1758700800,2.87342,2.88455,2.86915,2.88129,2327384.242695
1758715200,2.88129,2.95,2.87406,2.94,2933476.612257
1758729600,2.94,2.99544,2.93,2.97801,3723675.927651
1758744000,2.97805,2.9806,2.92427,2.9265,3049721.392202
1758758400,2.9265,2.94407,2.87041,2.87444,2554737.750192
1758772800,2.87304,2.87814,2.83444,2.841,2488351.242739
1758787200,2.841,2.85528,2.80815,2.816,3795108.849751
1758801600,2.81592,2.861,2.79,2.83301,6898049.131621
1758816000,2.83301,2.83729,2.72476,2.75615,7993040.533367
1758830400,2.76117,2.77127,2.73494,2.745,3562356.349152
1758844800,2.745,2.77848,2.73979,2.762,3102751.602185
1758859200,2.76201,2.77616,2.741,2.75662,2647355.285364
1758873600,2.75663,2.76927,2.70067,2.72811,4154019.199568
1758888000,2.72811,2.77795,2.70138,2.73594,9198992.572122
1758902400,2.73611,2.81105,2.73301,2.797,6819605.073776
1758916800,2.796,2.79959,2.77162,2.78448,1400929.670248
1758931200,2.78458,2.79103,2.768,2.78475,1330895.348535
1758945600,2.78475,2.80284,2.77693,2.78185,1349880.146488
1758960000,2.78178,2.7941,2.76264,2.77827,1669496.650319
1758974400,2.7786,2.79028,2.77471,2.78538,1456960.818169
1758988800,2.78538,2.79554,2.76372,2.79151,760248.019517
1759003200,2.79151,2.83,2.78879,2.80551,2716367.424998
1759017600,2.8059,2.81602,2.77846,2.78466,1492398.501772
1759032000,2.78466,2.79499,2.777,2.78896,376774.713105
1759046400,2.78845,2.795,2.77183,2.77705,435090.676359
1759060800,2.77714,2.81485,2.76711,2.81,1382727.227324
1759075200,2.81,2.83237,2.80519,2.82778,1951969.637829
1759089600,2.82849,2.86682,2.8275,2.86682,2359245.917306
1759104000,2.86682,2.88481,2.85001,2.86355,1909372.196975
1759118400,2.86355,2.90531,2.84505,2.88763,1275074.755415
1759132800,2.88762,2.89274,2.85406,2.85559,1091768.130153
1759147200,2.85535,2.92839,2.84582,2.89531,5062835.351993
1759161600,2.89531,2.90435,2.86861,2.89801,2748705.100258
1759176000,2.89801,2.915,2.87954,2.88148,1311060.444475
1759190400,2.88148,2.89387,2.871,2.87669,1081968.988305
1759204800,2.8767,2.90751,2.87297,2.87437,1541619.094002
1759219200,2.8742,2.8761,2.83541,2.84846,1955245.13914
1759233600,2.8477,2.86352,2.81372,2.82851,2569843.441361
1759248000,2.82851,2.86895,2.81801,2.86454,4240137.788961
1759262400,2.86453,2.87702,2.83418,2.84623,2164327.493666
1759276800,2.84623,2.85872,2.8147,2.82001,2251312.981488
1759291200,2.82001,2.85662,2.81653,2.85443,1333441.516873
1759305600,2.85443,2.95023,2.85253,2.94451,5007180.477322
1759320000,2.9445,2.95851,2.92806,2.94314,7859134.520014
1759334400,2.94314,2.96234,2.92063,2.95505,4793632.642712
1759348800,2.95486,2.95669,2.92712,2.94802,2044720.072352
1759363200,2.94976,2.988,2.94261,2.97319,3137349.827183
1759377600,2.97319,2.98757,2.95656,2.97043,2015529.669375
1759392000,2.97111,2.99686,2.96819,2.97447,1838707.05094
1759406400,2.97354,2.99612,2.94771,2.99309,6186346.238719
1759420800,2.99309,3.1,2.98913,3.09099,12531045.060317
1759435200,3.09303,3.09303,3.02742,3.04009,4540830.9468
1759449600,3.04007,3.04063,3.0075,3.02226,2524892.999673
1759464000,3.02279,3.03651,3.015,3.03567,2014023.378769
1759478400,3.03567,3.05964,3.0259,3.03987,2192402.423268
1759492800,3.04045,3.07475,3.01065,3.07211,5492297.240707
1759507200,3.07211,3.09556,3.0124,3.03601,4938230.66178
1759521600,3.036,3.05536,3.02423,3.04195,3080760.840316
1759536000,3.04197,3.05463,3.0098,3.03281,3909742.633964
1759550400,3.02509,3.03299,3.01759,3.01967,1366411.238196
1759564800,3.01919,3.02192,2.985,2.99257,1461713.492154
1759579200,2.99203,3.00748,2.94159,2.95011,8057011.451919
1759593600,2.95074,2.95763,2.94,2.94991,2092510.769681
1759608000,2.94991,2.97427,2.94782,2.9689,1628957.051463
1759622400,2.9689,3.02743,2.95795,3.00758,2435834.379793
1759636800,3.00758,3.065,3.00758,3.06435,6624287.625273
1759651200,3.06434,3.07,3.002,3.02193,2712712.802278
1759665600,3.02193,3.02193,2.9875,3.01317,2141848.493606
1759680000,3.01317,3.015,2.95,2.95382,2256890.014552
1759694400,2.9519,2.98499,2.95,2.97001,1231261.34278
1759708800,2.97001,2.99345,2.95745,2.97931,1099998.328796
1759723200,2.97931,2.9987,2.96386,2.97517,1139803.665486
1759737600,2.97519,3.0094,2.97519,2.99656,1359810.15209
1759752000,2.99657,3.03829,2.98628,3.03215,4316437.298222
1759766400,3.03215,3.04992,3.02323,3.0265,4987598.007237
1759780800,3.02651,3.0348,2.98918,2.99065,3367246.786024
1759795200,2.99065,3.00177,2.98,2.98734,1685827.498736
1759809600,2.98734,3.0036,2.965,2.97333,1439403.110577
1759824000,2.97343,2.98232,2.95832,2.97248,1590907.76975
1759838400,2.97138,2.99375,2.87176,2.886,6183036.259682
1759852800,2.886,2.90574,2.85026,2.85812,3484603.681039
1759867200,2.85858,2.88319,2.8525,2.85331,4004364.093174
1759881600,2.85331,2.879,2.84,2.84721,2301777.069014
1759896000,2.84721,2.86563,2.83111,2.85902,2304479.758936
1759910400,2.85967,2.88,2.85738,2.87717,795682.251059
1759924800,2.87717,2.89359,2.85413,2.86653,1992316.260139
1759939200,2.86652,2.92553,2.864,2.91164,3254521.451419
1759953600,2.91165,2.91165,2.87588,2.87911,2673875.506741
1759968000,2.87972,2.88,2.82528,2.84497,3354401.245643
1759982400,2.84497,2.849,2.81578,2.81784,1893424.791346
1759996800,2.81783,2.82798,2.77,2.82704,5499020.251711
1760011200,2.82704,2.8396,2.79242,2.80456,3063680.905639
1760025600,2.80456,2.81103,2.77291,2.7912,3729257.619217
1760040000,2.78932,2.8179,2.78481,2.8035,1658082.798188
1760054400,2.8035,2.82995,2.79259,2.81415,2100700.148336
1760068800,2.81416,2.831,2.80079,2.80342,1271448.294172
1760083200,2.80342,2.83,2.80138,2.8206,694971.108548
1760097600,2.81922,2.8375,2.71543,2.74247,7638738.462411
1760112000,2.74252,2.765,2.64008,2.67752,9293740.462121
1760126400,2.67773,2.69813,1.4,2.37396,63792408.432447
1760140800,2.37652,2.45615,2.09031,2.40017,14585878.563423
1760155200,2.40044,2.45537,2.394,2.41431,4792102.449498
1760169600,2.41484,2.50602,2.40253,2.47888,4468121.526854
1760184000,2.47814,2.48757,2.41777,2.48141,3493104.808059
1760198400,2.48141,2.495,2.38609,2.4118,4091808.173132
1760212800,2.4118,2.41318,2.32497,2.38495,3917845.370063
1760227200,2.38497,2.3894,2.315,2.34411,3006081.297527
1760241600,2.34395,2.40239,2.34319,2.39079,1661409.526065
1760256000,2.391,2.4104,2.37175,2.39794,1004937.478065
1760270400,2.39833,2.5177,2.36164,2.48987,7076874.892217
1760284800,2.48987,2.55341,2.48987,2.55001,7229763.356321
1760299200,2.55,2.58422,2.51158,2.52997,4983964.496544
1760313600,2.53076,2.5748,2.51637,2.55264,2189661.599916
1760328000,2.55265,2.6387,2.5362,2.62338,3073476.19037
1760342400,2.62348,2.64388,2.53649,2.57344,7250331.511991
1760356800,2.57042,2.61602,2.55372,2.58929,4537681.838175
1760371200,2.58973,2.64037,2.57333,2.62376,6550904.294294
1760385600,2.62509,2.6475,2.6,2.60678,2222963.876202
1760400000,2.60731,2.62219,2.55275,2.56265,3891034.195556
1760414400,2.56268,2.56701,2.42252,2.45408,7007110.738742
1760428800,2.45381,2.47788,2.41384,2.45309,7532976.80391
1760443200,2.45308,2.50101,2.38983,2.49948,11574357.720534
1760457600,2.49949,2.53659,2.45619,2.485,6374404.497828
1760472000,2.485,2.51177,2.47751,2.50468,1667275.125016
1760486400,2.50448,2.526,2.48206,2.49025,1377532.599285
1760500800,2.49025,2.51203,2.4823,2.50924,1977820.674906
1760515200,2.50924,2.54794,2.48032,2.49462,2009172.082935
1760529600,2.49462,2.51296,2.42656,2.43498,4608469.320803
1760544000,2.43463,2.45031,2.40331,2.40791,4068987.306641
1760558400,2.40791,2.42171,2.37486,2.41206,2545125.487713
1760572800,2.4124,2.43621,2.40076,2.41846,1511396.513648
1760587200,2.4197,2.43339,2.39629,2.4098,1278377.933664
1760601600,2.41121,2.46,2.354,2.45288,4623434.349065
1760616000,2.45289,2.46641,2.34037,2.35666,6853436.649525
1760630400,2.35622,2.39827,2.31,2.32854,7709633.072855
1760644800,2.32809,2.33668,2.285,2.32853,4654952.17353
1760659200,2.32853,2.39829,2.32133,2.35902,3346717.278732
1760673600,2.35913,2.36,2.22757,2.23866,5560243.69774
1760688000,2.23931,2.2958,2.19,2.28335,7471056.670037
1760702400,2.28239,2.30495,2.24193,2.30178,5462634.66085
1760716800,2.30178,2.32716,2.27917,2.29853,3176521.717059
1760731200,2.29854,2.34255,2.29251,2.29415,2842130.769993
1760745600,2.29416,2.343,2.29045,2.33976,1210465.61435
1760760000,2.33974,2.37688,2.31658,2.35395,1363635.589296
1760774400,2.35407,2.38,2.34888,2.37984,1352700.5619
1760788800,2.38,2.39242,2.34095,2.34977,1518197.891278
1760803200,2.35028,2.37187,2.33378,2.36812,1381581.031857
1760817600,2.36724,2.37332,2.35177,2.36063,1060240.486193
1760832000,2.36049,2.36899,2.33726,2.36899,848687.775699
1760846400,2.369,2.369,2.34257,2.34884,656306.668942
1760860800,2.34894,2.3975,2.31961,2.37639,1672028.941679
1760875200,2.37639,2.41539,2.36315,2.40209,2439509.818176
1760889600,2.40299,2.41991,2.39003,2.40016,2868298.428086
1760904000,2.40014,2.41057,2.388,2.39173,1797187.146363
1760918400,2.392,2.43952,2.35678,2.435,2772285.654085
1760932800,2.43501,2.4772,2.43203,2.4711,2203417.831056
1760947200,2.47078,2.48,2.45259,2.4584,1089675.806625
1760961600,2.45835,2.48463,2.44799,2.46357,2995249.461756
1760976000,2.46382,2.552,2.4293,2.52556,3375722.46675
1760990400,2.52556,2.53529,2.48418,2.49602,3699163.667401
1761004800,2.49601,2.49602,2.45,2.45348,1215962.014358
1761019200,2.45349,2.45514,2.41217,2.42749,2299569.454436
1761033600,2.42749,2.43332,2.40241,2.432,973814.657735
1761048000,2.432,2.5323,2.41,2.5223,6321116.253401
1761062400,2.5223,2.525,2.47388,2.4949,2520711.156021
1761076800,2.49496,2.49883,2.41708,2.42382,3009431.631265
1761091200,2.42382,2.43491,2.40698,2.42154,1115911.513836
1761105600,2.42154,2.43874,2.39314,2.41051,1970103.943118
1761120000,2.41031,2.41031,2.36828,2.39718,1436827.20228
1761134400,2.39772,2.41743,2.36737,2.4005,3247856.081142
1761148800,2.39937,2.40635,2.35453,2.37692,2292606.407237
1761163200,2.37647,2.38005,2.3275,2.36508,2396758.618522
1761177600,2.36564,2.38733,2.36188,2.38009,1155119.072101
1761192000,2.38009,2.41998,2.37797,2.40834,1593638.797605
1761206400,2.4086,2.4171,2.39023,2.39174,770812.058441
1761220800,2.39174,2.42,2.37648,2.40929,1606084.473
1761235200,2.40929,2.42728,2.39379,2.408,2414862.438643
1761249600,2.40597,2.40632,2.379,2.39528,1428014.39457
1761264000,2.39579,2.41,2.38819,2.40718,774882.966804
1761278400,2.40718,2.44956,2.40462,2.44,1888750.026584
1761292800,2.44,2.46339,2.43546,2.4566,777727.301493
1761307200,2.457,2.51506,2.45691,2.47876,4799039.28987
1761321600,2.47877,2.5125,2.463,2.50107,3431586.457737
1761336000,2.50115,2.51499,2.49808,2.51106,1909685.823496
1761350400,2.5111,2.56,2.50323,2.54185,3018012.176451
1761364800,2.54102,2.56939,2.53763,2.54333,1834635.590668
1761379200,2.54302,2.57,2.529,2.56478,1646650.2948
1761393600,2.56452,2.61951,2.56086,2.59821,3029171.922671
1761408000,2.59799,2.6529,2.58856,2.60565,3426677.841925
1761422400,2.60564,2.61809,2.59,2.59628,3978411.769476
1761436800,2.59628,2.62865,2.59231,2.60179,2724440.860606
1761451200,2.602,2.62666,2.6,2.6241,666538.292966
1761465600,2.62475,2.66146,2.61826,2.64664,2648977.656873
1761480000,2.64743,2.65679,2.63041,2.6418,2791461.62088
1761494400,2.64181,2.64181,2.60919,2.61455,2421119.509876
1761508800,2.61455,2.66009,2.59783,2.64608,3712523.897445
1761523200,2.6458,2.66981,2.6224,2.63562,2845891.952009
1761537600,2.63562,2.67402,2.62815,2.63001,1953807.935705
1761552000,2.63001,2.63907,2.60607,2.62566,1649992.231366
1761566400,2.62567,2.66342,2.60239,2.66004,2304620.612462
1761580800,2.66004,2.6972,2.65501,2.66914,3992671.944302
1761595200,2.66933,2.66933,2.62417,2.63404,2702212.96675
1761609600,2.63405,2.65,2.61008,2.631,1636741.126729
1761624000,2.631,2.6625,2.60866,2.63813,4484836.830842
1761638400,2.63899,2.66786,2.63511,2.64104,1151096.297175
1761652800,2.64114,2.68906,2.60682,2.63605,3528991.689177
1761667200,2.63605,2.67825,2.61184,2.64251,2570003.823383
1761681600,2.64251,2.64251,2.56685,2.60575,3265159.400068
1761696000,2.60576,2.627,2.60014,2.60905,1319531.652979
1761710400,2.60902,2.6358,2.60791,2.63443,777854.330258
1761724800,2.63421,2.66,2.62149,2.65139,714460.712716
1761739200,2.65139,2.66428,2.61445,2.62651,2402754.379458
1761753600,2.62718,2.65974,2.55,2.58558,4038252.009396
1761768000,2.58588,2.61777,2.53167,2.5502,3496987.850328
1761782400,2.5509,2.58937,2.53,2.57699,2414006.773087
1761796800,2.57921,2.59361,2.48915,2.58325,4349015.954673
1761811200,2.5832,2.5894,2.54185,2.54599,1228160.833747
1761825600,2.54809,2.55073,2.44616,2.45294,10260940.277428
1761840000,2.45294,2.47,2.37756,2.38437,5118035.441846
1761854400,2.38439,2.44088,2.37754,2.43873,2484014.79879
1761868800,2.43929,2.48197,2.43399,2.46999,3427695.367392
1761883200,2.47,2.49216,2.46847,2.47453,999562.455856
1761897600,2.47477,2.51376,2.46569,2.51376,1655053.665047
1761912000,2.51376,2.548,2.49201,2.52596,9065865.468305
1761926400,2.52596,2.55112,2.48461,2.54235,2698455.505621
1761940800,2.54228,2.54228,2.50163,2.50853,954183.674653
1761955200,2.50853,2.51735,2.489,2.51408,745925.748751
1761969600,2.51408,2.52216,2.49748,2.50494,331520.581314
1761984000,2.50516,2.51318,2.4989,2.49929,344242.066323
1761998400,2.49991,2.50467,2.475,2.48212,985259.75149
1762027200,2.48213,2.51675,2.48213,2.50527,407707.795225
1762041600,2.50527,2.51196,2.49384,2.5058,917934.981931
1762056000,2.5058,2.53537,2.5052,2.5327,708286.926001
1762070400,2.5327,2.55255,2.50867,2.54109,750457.69959
1762084800,2.54109,2.5498,2.5,2.50001,2021762.339008
1762099200,2.50002,2.50572,2.47948,2.48844,1750958.83913
1762113600,2.48816,2.53128,2.48391,2.52718,2024281.046367
1762128000,2.52602,2.53153,2.42706,2.42994,2704740.391098
1762142400,2.42958,2.4525,2.38971,2.41407,3208733.854671
1762156800,2.41406,2.42605,2.383,2.40201,1574721.588867
1762171200,2.40201,2.42963,2.28,2.32745,6846714.475133
1762185600,2.32823,2.3924,2.3194,2.32327,3552882.322603
1762200000,2.32328,2.32898,2.26074,2.30942,5364193.414675
1762214400,2.30942,2.36168,2.301,2.35708,1841921.340522
1762228800,2.35744,2.36333,2.23072,2.24244,3299121.980156
1762243200,2.2427,2.28298,2.23,2.28062,1785116.172387
1762257600,2.28013,2.32523,2.24,2.28218,4702089.75036
1762272000,2.28243,2.29428,2.15413,2.16827,8068055.522225
1762286400,2.16881,2.22868,2.06683,2.20506,9850511.114653
1762300800,2.20509,2.25268,2.10125,2.2361,3602589.775907
1762315200,2.23566,2.25983,2.22725,2.2475,1977164.214919
1762329600,2.2475,2.2475,2.20496,2.23751,1408552.284576
1762344000,2.23751,2.28618,2.23126,2.27604,2795457.669933
1762358400,2.27604,2.325,2.25475,2.32201,3523462.001198
1762372800,2.322,2.37637,2.31782,2.34307,4116045.936784
1762387200,2.34275,2.414,2.30889,2.35789,2774290.863338
1762401600,2.35867,2.36408,2.31304,2.32628,1142474.505906
1762416000,2.32627,2.33267,2.28874,2.3,1986833.319083
1762430400,2.29977,2.309,2.2265,2.23347,4171998.70357
1762444800,2.23348,2.24754,2.20274,2.21071,3666528.531934
1762459200,2.21123,2.2241,2.17963,2.21179,1775837.829619
1762473600,2.2118,2.23429,2.1925,2.22822,1553250.612705
1762488000,2.2288,2.2371,2.21083,2.23222,1419654.323785
1762502400,2.23229,2.23331,2.163,2.18705,2266837.135333
1762516800,2.18705,2.21852,2.15251,2.21083,4648564.329055
1762531200,2.21084,2.35232,2.20082,2.352,7280870.715419
1762545600,2.35183,2.37,2.31228,2.31355,5976854.05786
1762560000,2.31355,2.33568,2.29767,2.31794,1902671.45496
1762574400,2.31751,2.33462,2.2928,2.32094,1159398.9083
1762588800,2.32103,2.33215,2.29165,2.29485,1099397.073608
1762603200,2.29485,2.301,2.24051,2.25546,2520967.005176
1762617600,2.25546,2.27818,2.25035,2.27251,1371195.132333
1762632000,2.27251,2.28888,2.27118,2.28456,993849.086814
1762646400,2.28456,2.28551,2.24,2.25203,1287914.231562
1762660800,2.25303,2.29628,2.25291,2.29464,1279142.365671
1762675200,2.29525,2.29525,2.25202,2.27462,837512.06054
1762689600,2.27469,2.33157,2.26751,2.31501,2075696.231432
1762704000,2.31501,2.34974,2.30068,2.34853,1875035.4861
1762718400,2.34935,2.39379,2.32346,2.36571,3147436.769893
1762732800,2.36571,2.47883,2.34513,2.46093,9451844.052707
1762747200,2.46159,2.49077,2.43807,2.48068,3081374.17762
1762761600,2.48275,2.57049,2.46978,2.54001,4158588.245646
1762776000,2.54001,2.57,2.49687,2.52817,5839837.562653
1762790400,2.52816,2.562,2.51361,2.54885,5137368.569043
1762804800,2.54885,2.58021,2.5114,2.52519,3611825.382838
1762819200,2.52522,2.5692,2.51384,2.53132,2507803.136553
1762833600,2.53132,2.53169,2.44584,2.44666,3835700.386925
1762848000,2.44663,2.47009,2.44,2.46031,1404165.522209
1762862400,2.46095,2.47,2.42679,2.43721,2915442.188091
1762876800,2.43721,2.44192,2.411,2.41539,2161660.533217
1762891200,2.4157,2.42171,2.38,2.3904,2051221.254631
1762905600,2.3915,2.41276,2.38099,2.39838,1322851.330034
1762920000,2.39887,2.4069,2.36542,2.37357,1216934.630843
1762934400,2.37357,2.44,2.37356,2.43836,2613502.896479
1762948800,2.43836,2.4493,2.36294,2.36886,3050308.887604
1762963200,2.36812,2.37214,2.31583,2.33886,4123592.51416
1762977600,2.33886,2.3943,2.33282,2.38714,2858433.880096
1762992000,2.38769,2.51,2.38264,2.48351,4720958.402361
1763006400,2.48378,2.51953,2.4515,2.48693,4119418.245054
1763020800,2.48708,2.5254,2.47048,2.49599,2122161.263857
1763035200,2.49622,2.51778,2.42008,2.43385,6815975.362795
1763049600,2.43283,2.44347,2.31251,2.31422,7059104.919518
1763064000,2.31421,2.34491,2.27543,2.32089,5948990.644222
1763078400,2.32132,2.33671,2.2879,2.31425,3689820.564343
1763092800,2.31446,2.325,2.246,2.30566,4591701.821913
1763107200,2.30567,2.30853,2.25465,2.26646,2492714.794425
1763121600,2.26646,2.32571,2.22585,2.31091,7486685.646298
1763136000,2.31104,2.3375,2.275,2.31,3209746.952685
1763150400,2.31,2.31447,2.22334,2.24342,3905260.297632
1763164800,2.24301,2.3,2.24171,2.29306,2976024.74452
1763179200,2.29307,2.2948,2.27283,2.28422,730273.804258
1763193600,2.28447,2.28483,2.24125,2.25561,1542253.884831
1763208000,2.25505,2.2775,2.24389,2.25366,1814915.800597
1763222400,2.25366,2.26789,2.22765,2.25518,2209206.910357
1763236800,2.25532,2.25997,2.21111,2.23592,2633242.088034
1763251200,2.236,2.25425,2.18786,2.24865,3838698.763817
1763265600,2.24865,2.26841,2.23751,2.265,1929354.049363
1763280000,2.265,2.2775,2.22963,2.23394,1114605.307042
1763294400,2.2342,2.24374,2.18052,2.1838,4881818.637055
1763308800,2.18518,2.2292,2.15519,2.21428,6439155.667199
1763323200,2.21428,2.22864,2.16501,2.21327,2636069.994781
1763337600,2.21327,2.2613,2.19729,2.25572,1920043.407482
1763352000,2.25584,2.26666,2.23962,2.26186,952947.082819
1763366400,2.26187,2.28076,2.25773,2.27048,1147640.088754
1763380800,2.27048,2.3033,2.195,2.20854,10308032.399159
1763395200,2.20854,2.21921,2.11846,2.12421,7885335.031527
1763409600,2.1228,2.17,2.11302,2.1621,6399349.571513
1763424000,2.1621,2.17342,2.10584,2.16139,4753049.445896
1763438400,2.16276,2.17567,2.12381,2.15902,3567727.569982
1763452800,2.16124,2.19863,2.16104,2.18125,2389100.617109
1763467200,2.1815,2.22787,2.14875,2.21312,5897246.021384
1763481600,2.21312,2.23919,2.19956,2.22706,5389777.210847
1763496000,2.22707,2.24,2.20186,2.21611,4972786.042193
1763510400,2.21613,2.2175,2.19201,2.20692,1494190.571064
1763524800,2.20582,2.20582,2.12468,2.16801,3937889.786557
1763539200,2.16801,2.16914,2.12844,2.13031,2582756.800372
1763553600,2.13046,2.14859,2.08064,2.08437,6660222.217378
1763568000,2.08396,2.09932,2.02807,2.03464,12998737.285487
1763582400,2.03505,2.11502,2.025,2.10774,10093059.641205
1763596800,2.10774,2.13804,2.09461,2.1322,2129290.331515
1763611200,2.1321,2.14768,2.11686,2.13828,2470640.201931
1763625600,2.13806,2.13872,2.10725,2.11401,1849739.200167
1763640000,2.11437,2.14122,2.08055,2.08339,3311472.395309
1763654400,2.08311,2.08562,1.97281,2.00507,12311957.021176
1763668800,2.00471,2.05073,1.98499,1.99757,6997904.526078
1763683200,1.9977,2.02813,1.96034,1.97707,3035138.910008
1763697600,1.97724,1.99334,1.84503,1.91715,7264967.108316
1763712000,1.91715,1.953,1.86772,1.87237,7446534.479388
1763726400,1.87237,1.96352,1.81779,1.90934,11255756.086777
1763740800,1.90923,1.99669,1.88398,1.94707,7626464.419569
1763755200,1.94679,1.96422,1.9,1.94946,3456189.531587
1763769600,1.9497,1.96209,1.93048,1.94753,1823625.317343
1763784000,1.94753,1.95635,1.91297,1.95173,1748025.490022
1763798400,1.95181,1.95196,1.895,1.91691,1811791.144636
1763812800,1.91691,1.93714,1.88751,1.92811,2343745.395886
1763827200,1.92765,1.94893,1.92155,1.92654,1851333.315044
1763841600,1.9266,1.965,1.91939,1.94945,2062369.770173
1763856000,1.94945,2.049,1.9484,2.02966,3979699.246717
1763870400,2.02967,2.07424,2.01508,2.02574,4219152.722555
1763884800,2.02574,2.05137,2.02281,2.02972,1567017.460899
1763899200,2.03034,2.06432,2.02869,2.06194,2111685.254139
1763913600,2.06194,2.07987,2.04067,2.07422,4328679.651297
1763928000,2.07557,2.08412,2.043,2.04847,3795044.385094
1763942400,2.04872,2.1054,2.02408,2.08491,4738623.096777
1763956800,2.08491,2.10186,2.04543,2.06268,2205202.111791
1763971200,2.06174,2.07657,2.03726,2.05765,1068519.059535
1763985600,2.05714,2.09998,2.04774,2.08957,6137146.80771
1764000000,2.08957,2.237,2.08675,2.23447,13630287.865618
1764014400,2.23562,2.28669,2.22032,2.22693,8126762.122072
1764028800,2.22693,2.26397,2.2253,2.24305,2537640.782199
1764043200,2.24273,2.25753,2.21522,2.21529,2385740.824615
1764057600,2.21646,2.22001,2.18457,2.19553,2678325.041635
1764072000,2.196,2.23354,2.15789,2.18673,5673598.25552
1764086400,2.18689,2.20874,2.14768,2.1711,3736760.179133
1764100800,2.17277,2.21584,2.16436,2.20191,4593435.292279
1764115200,2.20119,2.21194,2.17267,2.1758,1325534.229655
1764129600,2.1758,2.205,2.171,2.20395,1609229.240325
1764144000,2.20405,2.20485,2.17,2.17161,1527604.084289
1764158400,2.17161,2.17857,2.14432,2.17196,2473314.384436
1764172800,2.17249,2.25406,2.1724,2.23224,6518393.792265
1764187200,2.23245,2.23546,2.21226,2.22337,2364578.783872
1764201600,2.22337,2.23437,2.2075,2.20975,1847622.790068
1764216000,2.20975,2.22031,2.19662,2.20438,3048581.313976
1764230400,2.20439,2.20952,2.185,2.19016,895317.686207
1764244800,2.19017,2.20331,2.17382,2.2024,1592620.729382
1764259200,2.20287,2.22937,2.19818,2.22349,2422837.353145
1764273600,2.22349,2.23265,2.19655,2.2,1853630.225446
1764288000,2.2,2.20379,2.167,2.18544,1811350.032348
1764302400,2.18551,2.22,2.1825,2.19692,1341102.045361
1764316800,2.19691,2.24939,2.18519,2.1969,1779802.903591
1764331200,2.1967,2.275,2.19,2.24545,8217017.33312
1764345600,2.24737,2.25117,2.15751,2.18827,5179278.231679
1764360000,2.188,2.1921,2.17338,2.17966,3206551.478922
1764374400,2.17982,2.1882,2.17322,2.18626,692744.198699
1764388800,2.18617,2.19,2.16634,2.18026,464102.592109
1764403200,2.18026,2.21425,2.17601,2.21161,817642.802192
1764417600,2.21138,2.222,2.19283,2.21851,3910711.023573
1764432000,2.21851,2.22153,2.19025,2.19477,2660853.472044
1764446400,2.19436,2.21562,2.18952,2.20284,921681.034436
1764460800,2.20285,2.21283,2.19,2.20645,1445027.715656
1764475200,2.20649,2.2096,2.18129,2.1995,3948516.361884
1764489600,2.19905,2.20998,2.18401,2.18947,849151.449114
1764504000,2.18948,2.20806,2.18534,2.19695,1436841.769285
1764518400,2.19701,2.2148,2.19636,2.19906,1493561.016126
1764532800,2.19966,2.20326,2.15371,2.15423,2859793.765068
1764547200,2.15423,2.16128,2.04349,2.05019,8977490.560296
1764561600,2.05019,2.05811,2.01649,2.05685,3800872.640965
1764576000,2.05653,2.05938,2.0324,2.03323,1026816.685506
1764590400,2.03385,2.04916,1.98441,2.00826,5762977.284164
1764604800,2.00826,2.01107,1.98697,1.99339,2799004.761607
1764619200,1.99423,2.04279,1.99415,2.03001,3360837.18302
1764633600,2.03001,2.04317,2.00303,2.02086,2216115.714664
1764648000,2.0203,2.0275,2.01001,2.01775,838940.160633
1764662400,2.01768,2.04097,1.99598,2.03707,1425308.464751
1764676800,2.03803,2.1644,2.02723,2.15656,5944348.374263
1764691200,2.15631,2.18358,2.13501,2.174,4846874.807545
1764705600,2.174,2.177,2.14819,2.15367,2162481.888324
1764720000,2.15371,2.19128,2.14166,2.17788,3320549.06298
1764734400,2.17788,2.22,2.17382,2.19121,3932160.596051
1764748800,2.1923,2.19568,2.16774,2.17659,1353418.700824
1764763200,2.177,2.1996,2.1429,2.16921,2105680.644898
1764777600,2.16922,2.1921,2.15961,2.18665,1481181.910084
1764792000,2.18727,2.213,2.184,2.19844,3348828.790014
1764806400,2.19844,2.21422,2.188,2.1951,1674372.587687
1764820800,2.1951,2.2,2.16673,2.17227,1099267.307155
1764835200,2.17227,2.17868,2.1429,2.15077,1669813.989539
1764849600,2.15158,2.15795,2.11417,2.1535,2944599.853127
1764864000,2.1535,2.15848,2.06942,2.09771,3918665.577145
1764878400,2.09796,2.11,2.08789,2.09615,1473207.037188
1764892800,2.09615,2.11297,2.08825,2.09153,759497.859701
1764907200,2.09136,2.09905,2.07799,2.09379,974771.790323
1764921600,2.09379,2.09379,2.055,2.06937,1151108.793777
1764936000,2.06933,2.10218,2.0585,2.07573,4342941.176924
1764950400,2.07548,2.07658,2.014,2.03818,4137754.812912
1764964800,2.03759,2.038,2.02061,2.03579,1425873.713783
1764979200,2.03579,2.04221,2.01851,2.03975,2701043.401862
1764993600,2.03975,2.05084,2.02942,2.03086,496228.630774
1765008000,2.03105,2.03386,2.01688,2.03273,853535.712496
1765022400,2.0327,2.04831,2.02301,2.03058,920076.928534
1765036800,2.03014,2.03978,2.022,2.02588,1004841.315516
1765051200,2.02597,2.03687,2.02354,2.03126,912113.963545
1765065600,2.03151,2.07267,2.02996,2.07001,1161629.140789
1765080000,2.07,2.073,2.02869,2.03091,1460428.361964
1765094400,2.03163,2.03628,2.026,2.0344,1179250.76612
1765108800,2.03441,2.05524,1.99,2.05315,3206008.671213
1765123200,2.05305,2.11041,2.03856,2.0855,3757067.013646
1765137600,2.08573,2.09338,2.01313,2.0447,4671650.354184
1765152000,2.0447,2.09236,2.02878,2.07187,6039136.289968
1765166400,2.07211,2.0936,2.07012,2.08637,1322644.628091
1765180800,2.08592,2.12356,2.08147,2.09043,1697034.706485
1765195200,2.09044,2.11111,2.0685,2.07577,2555345.853305
1765209600,2.07577,2.08733,2.06293,2.07839,3322849.483673
1765224000,2.07867,2.09466,2.07001,2.0725,2165599.06964
1765238400,2.07251,2.0825,2.05676,2.07022,1060986.047861
1765252800,2.07022,2.07037,2.04201,2.06098,1287562.534949
1765267200,2.06179,2.07016,2.04654,2.06901,830809.701952
1765281600,2.06898,2.11899,2.05,2.11545,6807513.225584
1765296000,2.11549,2.17784,2.11549,2.13289,7813854.296889
1765310400,2.13279,2.1339,2.08649,2.10674,4288115.419451
1765324800,2.10643,2.11,2.0825,2.08367,1453074.265586
1765339200,2.08368,2.09652,2.07731,2.08436,1132284.951844
1765353600,2.08457,2.0975,2.0644,2.07248,1312521.524734
1765368000,2.07196,2.07387,2.05677,2.06199,2145500.461706
1765382400,2.06203,2.08729,2.03704,2.06765,4676856.06819
1765396800,2.06947,2.11048,2.03535,2.04225,7212175.801502
1765411200,2.0422,2.04718,1.99378,2.00001,4675487.662267
1765425600,2,2.0199,1.99606,2.00751,1003474.890838
1765440000,2.00751,2.01911,2.00146,2.00876,655501.745696
1765454400,2.0087,2.01519,1.97866,1.99742,4844503.254172
1765468800,1.99672,2.02641,1.98451,2.01178,2998259.624692
1765483200,2.01168,2.05764,2.00839,2.03441,2484632.392976
1765497600,2.03442,2.04399,2.01597,2.03171,1258714.839308
1765512000,2.03147,2.04352,2.0234,2.03767,1380115.236
1765526400,2.03747,2.046,2.02554,2.04239,648801.17855
1765540800,2.04239,2.04804,1.97001,1.97897,3157895.841685
1765555200,1.97842,2.0259,1.97424,2.0038,4561303.952201
1765569600,2.00392,2.01878,1.99775,2.00772,1805949.452736
1765584000,2.00772,2.02449,2.00703,2.02268,1063712.22029
1765598400,2.02268,2.04774,2.02268,2.02853,1259462.982897
1765612800,2.02859,2.0425,2.02859,2.03367,904827.270275
1765627200,2.03322,2.0435,2.02847,2.03002,826755.41459
1765641600,2.03006,2.0339,2.01516,2.02001,637409.23679
1765656000,2.02,2.02524,2.00858,2.02288,519719.18085
1765670400,2.02288,2.03089,2.01739,2.02445,629011.979136
1765684800,2.02445,2.0252,2.01104,2.01953,391282.600196
1765699200,2.01952,2.0231,1.99,2.00136,687591.239102
1765713600,2.00136,2.00827,1.98788,1.99222,1099247.159696
1765728000,1.99147,2.00498,1.98301,1.98865,1235453.873651
1765742400,1.9889,1.99795,1.9525,1.97863,2368095.924065
1765756800,1.97883,2.01379,1.975,1.99555,1616180.552656
1765771200,1.99536,2.00499,1.99301,1.99492,780796.094634
1765785600,1.99509,2.0013,1.98402,1.9882,444744.989741
1765800000,1.98756,1.98785,1.913,1.92596,6046757.77263
1765814400,1.92514,1.93149,1.86985,1.89651,7638959.986264
1765828800,1.8965,1.89977,1.88,1.89842,3365509.90513
1765843200,1.89853,1.89853,1.855,1.87228,2850128.517538
1765857600,1.87302,1.8975,1.85234,1.87499,1637755.233762
1765872000,1.87525,1.925,1.87393,1.92066,1601859.404308
1765886400,1.92066,1.94815,1.89777,1.94033,4872264.041042
1765900800,1.94033,1.9421,1.91412,1.92653,2488918.297596
1765915200,1.92566,1.93286,1.91826,1.92935,1837347.361276
1765929600,1.92927,1.93988,1.91251,1.92512,1725647.008479
1765944000,1.92503,1.931,1.90637,1.92307,753434.261548
1765958400,1.92265,1.92294,1.89649,1.91267,1324445.216095
1765972800,1.91286,1.98656,1.90451,1.91065,8884204.022119
1765987200,1.91004,1.92275,1.84731,1.86467,6577188.15394
1766001600,1.86464,1.88393,1.85503,1.86226,1866248.776066
1766016000,1.86204,1.87179,1.85151,1.85479,1750284.930298
1766030400,1.85535,1.86112,1.82605,1.84064,2445510.560386
1766044800,1.84065,1.8799,1.83911,1.87723,2209509.036908
1766059200,1.87721,1.93319,1.8711,1.91873,8867081.503863
1766073600,1.91859,1.91968,1.80022,1.80589,6728922.464108
1766088000,1.80636,1.8236,1.80039,1.80629,5752762.357341
1766102400,1.80654,1.85236,1.77078,1.83866,6960489.889176
1766116800,1.83867,1.87576,1.82483,1.86642,4479582.467137
1766131200,1.86643,1.87112,1.85815,1.86943,1579789.66817
1766145600,1.86975,1.904,1.86366,1.87501,4079106.81281
1766160000,1.87466,1.91749,1.87258,1.90699,3110267.056577
1766174400,1.907,1.91943,1.89997,1.90805,2174065.041455
1766188800,1.90805,1.9088,1.89312,1.90328,1127261.364104
1766203200,1.90342,1.9175,1.89883,1.91302,1017271.064442
1766217600,1.91311,1.95786,1.9131,1.94276,3669346.833118
1766232000,1.94274,1.94737,1.91651,1.92057,1736639.511194
1766246400,1.92058,1.93071,1.91876,1.92428,1171554.749697
1766260800,1.92386,1.93686,1.92331,1.93271,626952.306045
1766275200,1.93271,1.94125,1.91553,1.92884,944574.06168
1766289600,1.92906,1.92979,1.91888,1.9242,634171.145397
1766304000,1.92414,1.94859,1.92169,1.93356,906718.498002
1766318400,1.93365,1.93796,1.89501,1.90433,1728987.580933
1766332800,1.9039,1.91847,1.89868,1.91738,1315179.061702
1766347200,1.91758,1.92634,1.90554,1.92147,586107.621807
1766361600,1.92147,1.9479,1.90263,1.91954,4565554.701427
1766376000,1.91954,1.92837,1.91329,1.92688,1104442.391135
1766390400,1.92654,1.93741,1.9141,1.93408,842287.902731
1766404800,1.93427,1.94634,1.91814,1.93353,2373300.544957
1766419200,1.93367,1.94166,1.90132,1.90132,2929979.104639
1766433600,1.9013,1.90808,1.89132,1.90333,2440237.182557
1766448000,1.90253,1.90809,1.8829,1.89175,1395434.303525
1766462400,1.89115,1.89664,1.87252,1.87993,1336084.872158
1766476800,1.87975,1.90474,1.875,1.90366,1076676.051233
1766491200,1.90419,1.90419,1.8629,1.88051,3848806.652108
1766505600,1.8805,1.8925,1.86696,1.88172,1458199.514798
1766520000,1.88171,1.8935,1.87169,1.87222,1478888.106521
1766534400,1.87265,1.87696,1.844,1.86124,1858938.703915
1766548800,1.86057,1.86682,1.83568,1.85356,1815439.83528
1766563200,1.85338,1.87462,1.85106,1.86805,615934.913996
1766577600,1.86797,1.87669,1.85164,1.86231,1441463.637495
1766592000,1.86223,1.86999,1.84801,1.86063,1178759.157429
1766606400,1.86077,1.868,1.85885,1.86072,1260870.942151
1766620800,1.86086,1.87328,1.85546,1.86902,1158540.826798
1766635200,1.86868,1.87538,1.86511,1.87344,721903.81083
1766649600,1.87341,1.88,1.8528,1.8582,1213301.690268
1766664000,1.8582,1.88729,1.85501,1.8812,1158487.034748
1766678400,1.88176,1.88235,1.86377,1.87203,1025861.205008
1766692800,1.87215,1.87257,1.82783,1.83175,1605247.892863
1766707200,1.83162,1.87889,1.8238,1.86265,1771445.669429
1766721600,1.86312,1.88133,1.85347,1.86245,1248327.126515
1766736000,1.86245,1.87939,1.86169,1.8701,601288.564465
1766750400,1.87035,1.87843,1.826,1.83612,2660556.954279
1766764800,1.83707,1.84913,1.83258,1.84455,1014806.616388
1766779200,1.84457,1.85866,1.84101,1.84233,1001676.525937
1766793600,1.84246,1.85248,1.84044,1.84987,1066369.858244
1766808000,1.8498,1.85148,1.84527,1.84644,429567.650601
1766822400,1.84672,1.85429,1.8437,1.85035,285946.233154
1766836800,1.85029,1.85218,1.84213,1.84857,942621.863631
1766851200,1.8487,1.85609,1.84258,1.85459,1140328.107786
1766865600,1.85537,1.8772,1.852,1.87186,921776.116555
1766880000,1.87219,1.87683,1.86735,1.87344,651045.934913
1766894400,1.87299,1.87813,1.87098,1.87217,826103.15537
1766908800,1.87224,1.87446,1.86127,1.87037,392837.309981
1766923200,1.87093,1.8749,1.86408,1.86883,435159.330796
1766937600,1.86883,1.87102,1.85259,1.85623,1503580.025115
1766952000,1.8562,1.86981,1.85298,1.86381,748010.817257
1766966400,1.86417,1.915,1.86131,1.91308,2721905.445266
1766980800,1.91322,1.91559,1.89024,1.89858,2497342.00759
1766995200,1.89897,1.90291,1.86496,1.86954,1465721.721176
1767009600,1.8697,1.87659,1.85351,1.8635,2111070.018202
1767024000,1.8635,1.86721,1.84724,1.85087,2392630.255229
1767038400,1.85138,1.8555,1.843,1.84863,1237336.931368
1767052800,1.84853,1.86123,1.84251,1.85896,1261420.797809
1767067200,1.85897,1.865,1.8533,1.85833,1058870.567135
1767081600,1.85817,1.86964,1.85764,1.85983,1084214.172932
1767096000,1.8602,1.87733,1.85265,1.87569,1299195.290484
1767110400,1.87603,1.88429,1.86788,1.87471,1891380.201587
1767124800,1.87439,1.8767,1.86476,1.87552,1491850.340105
1767139200,1.87543,1.88158,1.86751,1.86964,1929001.705392
1767153600,1.86968,1.87313,1.86547,1.87043,758889.88907
1767168000,1.87044,1.87806,1.86321,1.87718,1104333.250281
1767182400,1.87649,1.87989,1.85098,1.8571,6061783.855296
1767196800,1.85693,1.85763,1.82383,1.8259,3445559.001599
1767211200,1.8259,1.84421,1.8094,1.83915,4059789.26966
1767225600,1.83963,1.84681,1.83102,1.83102,1899674.186558
1767240000,1.83145,1.8525,1.82353,1.83936,1822368.588764
1767254400,1.8391,1.85274,1.83867,1.8521,570912.307919
1767268800,1.8521,1.86401,1.84857,1.85976,4147785.291605
1767283200,1.85976,1.87232,1.85364,1.87121,2043639.628098
1767297600,1.87137,1.87853,1.86489,1.8769,1911062.579991
1767312000,1.8769,1.89,1.86677,1.88621,1431933.848437
1767326400,1.88634,1.88808,1.86856,1.86937,777908.090185
1767340800,1.86937,1.90604,1.86887,1.88897,1774551.386564
1767355200,1.88908,1.9237,1.88646,1.91689,4272402.317321
1767369600,1.91689,1.99664,1.91432,1.99054,8939069.710825
1767384000,1.99205,2.03,1.9775,2.006,5093575.722226
1767398400,2.00613,2.043,2.00596,2.03954,3282445.949782
1767412800,2.03942,2.05537,1.98332,1.99298,4903870.080218
1767427200,1.9931,2.02077,1.99163,1.99857,1453805.251307
1767441600,1.99834,2.01721,1.99286,2.00528,2201623.162924
1767456000,2.00529,2.00965,1.99575,2.00657,4262368.722471
1767470400,2.00753,2.01795,1.99849,2.01737,1562839.37554
1767484800,2.0171,2.06028,2.0156,2.05718,4186023.280932
1767499200,2.05719,2.0799,2.05189,2.07053,2857055.1231
1767513600,2.07195,2.096,2.06041,2.09433,1674432.658454
1767528000,2.09344,2.11903,2.0798,2.08955,4610105.025241
1767542400,2.08981,2.10257,2.07179,2.08368,4529916.536549
1767556800,2.08352,2.10168,2.07882,2.09055,2341442.396907
1767571200,2.09002,2.16507,2.08671,2.1421,9919083.29405
1767585600,2.1419,2.14501,2.10838,2.13298,1867563.301287
1767600000,2.13296,2.1517,2.125,2.13273,2089840.123312
1767614400,2.13265,2.1687,2.111,2.16496,13841479.869154
1767628800,2.16459,2.2807,2.1643,2.27761,23556415.32308
1767643200,2.27777,2.36964,2.27622,2.34735,16132886.941054
1767657600,2.3482,2.41622,2.31583,2.38621,12625892.943156
1767672000,2.38611,2.40629,2.31996,2.32933,5525622.229763
1767686400,2.33091,2.37647,2.32462,2.37647,2975933.130891
1767700800,2.37647,2.39728,2.33352,2.34827,12476208.456175
1767715200,2.34827,2.35415,2.20259,2.2266,22368679.035356
1767729600,2.22677,2.30994,2.22677,2.30245,12615498.26461
1767744000,2.30277,2.31951,2.25549,2.26517,7099835.620361
1767758400,2.26519,2.2842,2.24126,2.2781,2431153.553248
1767772800,2.27856,2.28845,2.2317,2.24879,2359082.528427
1767787200,2.24952,2.25455,2.18115,2.19392,8133747.828184
1767801600,2.19381,2.22169,2.16841,2.19158,7345161.386387
1767816000,2.19236,2.1955,2.15,2.16342,3803411.041472
1767830400,2.16373,2.18926,2.14181,2.14824,6895770.993788
1767844800,2.14802,2.16931,2.09579,2.1163,5918534.791958
1767859200,2.11654,2.13106,2.07902,2.08915,2814129.495669
1767873600,2.08873,2.12856,2.06335,2.12504,5215828.013291
1767888000,2.12603,2.16715,2.11003,2.133,6043157.595003
1767902400,2.13202,2.14523,2.11149,2.12151,4149752.555025
1767916800,2.1213,2.14051,2.10711,2.13309,2817932.449124
1767931200,2.13325,2.14415,2.11756,2.11757,1093395.001805
1767945600,2.11782,2.12438,2.07024,2.10071,3305914.010093
1767960000,2.10071,2.16,2.0775,2.115,7374363.759542
1767974400,2.11661,2.14409,2.07502,2.08115,5069712.473012
1767988800,2.08036,2.09886,2.07484,2.09316,4042076.076384
1768003200,2.09313,2.09874,2.08501,2.08841,2536017.862352
1768017600,2.08842,2.09779,2.07716,2.09773,1229685.382898
1768032000,2.09763,2.10247,2.08751,2.09926,919563.722281
1768046400,2.10009,2.10761,2.08533,2.09047,3701489.093048
1768060800,2.09047,2.09837,2.08508,2.09198,701172.752013
1768075200,2.09221,2.09357,2.08115,2.08803,1754459.313242
1768089600,2.0878,2.09368,2.08401,2.09301,1442787.486484
1768104000,2.09308,2.0963,2.08389,2.09057,1296118.382529
1768118400,2.09056,2.09486,2.08577,2.093,364667.619917
1768132800,2.09389,2.1068,2.08,2.08619,1283930.733271
1768147200,2.08692,2.1,2.08289,2.085,1161155.737927
1768161600,2.08403,2.08403,2.04128,2.07174,5227044.286676
1768176000,2.07153,2.10335,2.03413,2.07931,8428054.85609
1768190400,2.07936,2.09201,2.05,2.05128,2518476.345815
1768204800,2.05128,2.05761,2.03238,2.04599,1684732.981214
1768219200,2.046,2.09184,2.03734,2.09184,2442686.090105
1768233600,2.09124,2.106,2.05134,2.06799,6193614.487761
1768248000,2.068,2.07384,2.03851,2.05175,2141643.772845
1768262400,2.05118,2.06189,2.04534,2.04766,1078286.466925
1768276800,2.04751,2.07765,2.04735,2.05076,1353455.171205
1768291200,2.05076,2.07303,2.05076,2.05865,669467.93561
1768305600,2.05825,2.0996,2.05415,2.09673,3560031.57777
1768320000,2.09673,2.13824,2.08293,2.13824,6095013.720166
1768334400,2.13846,2.18357,2.11897,2.16431,11124929.199542
1768348800,2.16444,2.19318,2.15601,2.18272,3315469.498872
1768363200,2.18233,2.184,2.13296,2.14772,3511820.898222
1768377600,2.14742,2.15276,2.11043,2.11416,2192226.695183
1768392000,2.11439,2.17408,2.11,2.15578,6576968.272397
1768406400,2.15609,2.1766,2.12519,2.14572,3998379.565602
1768420800,2.14597,2.16,2.13152,2.13878,1839612.040653
1768435200,2.13925,2.14325,2.0796,2.08788,4401452.026874
1768449600,2.08768,2.10676,2.08553,2.09962,1594302.922495
1768464000,2.1006,2.12214,2.09552,2.11145,1533076.938725
1768478400,2.11047,2.13225,2.06869,2.0961,4361726.862572
1768492800,2.09501,2.0977,2.0522,2.0654,3429151.071343
1768507200,2.06456,2.07989,2.05753,2.07816,1605597.496087
1768521600,2.07816,2.08657,2.064,2.06413,2611901.371751
1768536000,2.06411,2.07707,2.05751,2.07273,1784393.767568
1768550400,2.07271,2.08087,2.05784,2.06445,1398194.708359
1768564800,2.06459,2.06764,2.02479,2.03163,3475010.017291
1768579200,2.03163,2.05615,2.02916,2.05375,2688738.306169
1768593600,2.054,2.07855,2.04701,2.06668,2933064.923639
1768608000,2.06683,2.06836,2.0525,2.05541,1290948.465184
1768622400,2.0546,2.06505,2.05422,2.05721,684189.505121
1768636800,2.05721,2.06676,2.05528,2.06103,911570.248103
1768651200,2.06081,2.08168,2.05778,2.08126,3658212.93219
1768665600,2.08091,2.08198,2.06824,2.07241,2005638.532007
1768680000,2.07241,2.07391,2.0578,2.0622,1168473.518424
1768694400,2.06212,2.06746,2.04728,2.0577,1654011.587474
1768708800,2.05726,2.05899,2.04601,2.05125,802057.805852
1768723200,2.05106,2.06,2.04954,2.05383,216036.407293
1768737600,2.05384,2.05894,2.04482,2.04955,1540162.320127
1768752000,2.04955,2.065,2.04515,2.05281,2760346.690856
1768766400,2.05281,2.06422,1.98401,1.99081,4945979.975068
1768780800,1.99037,1.99037,1.84795,1.96653,11660727.24248
1768795200,1.96645,1.9737,1.95218,1.9619,1460370.652117
1768809600,1.96224,1.98245,1.95896,1.97129,1224832.067534
1768824000,1.97129,1.98421,1.9642,1.98082,792442.709662
1768838400,1.98082,2.0282,1.97938,2.0123,7649514.079976
1768852800,2.01343,2.01495,1.97776,1.98446,4134408.234713
1768867200,1.98504,1.9894,1.95443,1.96,2614306.46091
1768881600,1.96104,1.97275,1.94077,1.94713,1497242.027661
1768896000,1.94694,1.95104,1.91532,1.92712,1908152.688485
1768910400,1.92768,1.93843,1.90664,1.915,2269927.942565
1768924800,1.9155,1.925,1.8925,1.90001,4109141.406478
1768939200,1.89931,1.90953,1.86811,1.8878,3697410.360014
1768953600,1.88802,1.91459,1.88675,1.90082,1677626.566645
1768968000,1.90064,1.92597,1.89881,1.90794,1738721.597215
1768982400,1.90794,1.91317,1.8852,1.88777,886177.499017
1768996800,1.88862,1.95936,1.87688,1.95688,5103953.859503
1769011200,1.95651,1.9846,1.87056,1.97077,8294603.771014
1769025600,1.97167,1.98767,1.93776,1.94611,3711042.192637
1769040000,1.94587,1.965,1.94013,1.94569,1455229.752358
1769054400,1.94558,1.9575,1.94427,1.94612,1457766.931782
1769068800,1.94591,1.9625,1.94083,1.94203,608282.766063
1769083200,1.94177,1.9476,1.90001,1.91293,2499751.399257
1769097600,1.91314,1.93398,1.90407,1.93082,2540247.918298
1769112000,1.93022,1.9317,1.91421,1.92185,1332646.167221
1769126400,1.92185,1.92443,1.90697,1.91357,782628.274688
1769140800,1.91386,1.923,1.90124,1.91213,750551.439296
1769155200,1.91152,1.9125,1.89979,1.91166,765663.290752
1769169600,1.91149,1.92052,1.88315,1.91885,2050858.23982
1769184000,1.91969,1.96326,1.9184,1.9206,7286264.637401
1769198400,1.92125,1.92721,1.90588,1.91729,1839915.871531
1769212800,1.91729,1.92439,1.9134,1.92069,714374.870381
1769227200,1.9206,1.92484,1.91406,1.91615,527045.827673
1769241600,1.91615,1.91848,1.91157,1.91431,384699.690731
1769256000,1.91421,1.92153,1.90997,1.91033,737569.042835
1769270400,1.91032,1.91812,1.90674,1.91385,842898.709799
1769284800,1.91398,1.92,1.91124,1.91152,694982.561945
1769299200,1.9115,1.91397,1.89573,1.89759,885893.297372
1769313600,1.89769,1.90089,1.89133,1.8917,1030879.373704
1769328000,1.89198,1.9091,1.8843,1.9,3186910.643827
1769342400,1.89875,1.90004,1.88215,1.8851,778848.003953
1769356800,1.88529,1.88529,1.81,1.81622,7950122.012245
1769371200,1.81712,1.83866,1.8108,1.83356,2843138.485062
1769385600,1.834,1.88661,1.83144,1.86626,5264264.200915
1769400000,1.86695,1.89201,1.86695,1.87973,1007209.852804
1769414400,1.8798,1.89475,1.87455,1.88965,1119117.561879
1769428800,1.88962,1.94577,1.88962,1.92361,3289159.135933
1769443200,1.92385,1.93722,1.89726,1.90579,2781186.502214
1769457600,1.90578,1.91,1.88721,1.90195,2612499.957603
1769472000,1.90195,1.91446,1.89597,1.90694,1244751.825159
1769486400,1.90666,1.915,1.8925,1.89727,589895.123136
1769500800,1.89637,1.90022,1.87935,1.88615,882732.494628
1769515200,1.88562,1.89416,1.87175,1.89085,1218969.513777
1769529600,1.89083,1.91417,1.87456,1.90415,2058634.918485
1769544000,1.90398,1.9265,1.90364,1.91287,2948009.328578
1769558400,1.91308,1.91641,1.89201,1.89923,1507493.863232
1769572800,1.89923,1.92201,1.89399,1.91304,923053.843015
1769587200,1.91328,1.93929,1.90373,1.93897,852463.595319
1769601600,1.93881,1.93945,1.89894,1.90525,1488442.459365
1769616000,1.90576,1.92542,1.89833,1.91759,1217754.441096
1769630400,1.91594,1.92919,1.90501,1.90843,2691388.800718
1769644800,1.90834,1.91,1.86607,1.873,2022576.2263
1769659200,1.87282,1.88711,1.86109,1.88326,2655520.61533
1769673600,1.88325,1.88712,1.86522,1.86815,3769019.608228
1769688000,1.86811,1.87493,1.77868,1.79911,10587829.886492
1769702400,1.79911,1.84,1.77512,1.78629,9305575.100191
1769716800,1.78641,1.81106,1.78234,1.80463,2639956.240195
1769731200,1.80472,1.80972,1.71,1.74481,10563782.092517
1769745600,1.74517,1.7712,1.72724,1.75623,2751931.479621
1769760000,1.7557,1.77205,1.73119,1.76634,1449100.294077
1769774400,1.76634,1.78015,1.73874,1.75723,7135420.699616
1769788800,1.75605,1.78166,1.70988,1.76844,5860687.601666
1769803200,1.76908,1.76908,1.71505,1.73257,4606286.493525
1769817600,1.73296,1.75199,1.73092,1.74171,2038478.245329
1769832000,1.74154,1.74568,1.71,1.71666,1328379.280896
1769846400,1.71662,1.71948,1.67709,1.69924,3892909.584497
1769860800,1.69925,1.69925,1.61018,1.63255,8291540.332587
1769875200,1.63313,1.64677,1.50041,1.58049,18162251.725614
1769889600,1.58025,1.65203,1.56977,1.64564,7772030.879659
1769904000,1.64519,1.6781,1.64201,1.66516,5603731.516963
1769918400,1.66609,1.67226,1.64541,1.65737,1464508.881894
1769932800,1.65755,1.67527,1.63074,1.64867,2533498.078713
1769947200,1.64867,1.65146,1.57451,1.5929,4743286.752243
1769961600,1.5937,1.62617,1.58019,1.59874,2762572.166697
1769976000,1.59819,1.61314,1.55182,1.58837,9350386.3494
1769990400,1.58932,1.61702,1.52962,1.5789,8225689.353885
1770004800,1.57978,1.59794,1.53,1.57701,12015508.652072
1770019200,1.57778,1.62565,1.57778,1.61971,2826634.095759
1770033600,1.61992,1.65346,1.61921,1.64182,5878513.905318
1770048000,1.64173,1.6561,1.6236,1.6249,2929028.754632
1770062400,1.62359,1.63196,1.612,1.61777,2516121.742481
1770076800,1.61815,1.62013,1.5861,1.61179,2362460.083746
1770091200,1.61147,1.62402,1.59771,1.61495,1343999.611203
1770105600,1.61582,1.62424,1.59414,1.60195,1194931.709792
1770120000,1.60195,1.62,1.57769,1.61732,2653724.993519
1770134400,1.61551,1.61635,1.52589,1.57961,8289012.364426
1770148800,1.57948,1.63205,1.56443,1.57702,5732058.232374
1770163200,1.57606,1.60338,1.56508,1.59707,1784938.941052
1770177600,1.59733,1.60646,1.58083,1.60332,1776864.134871
1770192000,1.60333,1.60966,1.57568,1.59145,1685556.541302
1770206400,1.59219,1.5954,1.528,1.54175,7536349.089083
1770220800,1.54195,1.55366,1.50214,1.5515,7489696.943587
1770235200,1.55177,1.55298,1.49085,1.5087,7940453.15661
1770249600,1.5087,1.5116,1.43655,1.44033,9932745.122148
1770264000,1.44044,1.455,1.41551,1.42886,6753549.960822
1770278400,1.42916,1.44197,1.34,1.362,10617455.842004
1770292800,1.36257,1.38493,1.26565,1.294,22841740.825293
1770307200,1.294,1.30853,1.2053,1.21079,20398830.800491
1770321600,1.2111,1.26534,1.13565,1.21169,26613054.873876
1770336000,1.21258,1.295,1.11028,1.26868,21189068.160205
1770350400,1.26911,1.33423,1.262,1.29044,8576185.678666
1770364800,1.29062,1.38575,1.28379,1.36726,9222451.780216
1770379200,1.36693,1.54353,1.35684,1.51201,19385649.153775
1770393600,1.5127,1.53299,1.43607,1.45536,16516121.102819
1770408000,1.45536,1.49774,1.43777,1.4681,9027266.577226
1770422400,1.4685,1.48697,1.43147,1.47314,5292157.386239
1770436800,1.47267,1.48407,1.40615,1.41282,3892419.864246
1770451200,1.41267,1.42762,1.3848,1.3913,4501020.288738
1770465600,1.39121,1.43902,1.3901,1.40859,4370698.859645
1770480000,1.40878,1.44725,1.40551,1.42847,4020329.979142
1770494400,1.42966,1.44,1.4127,1.42259,2049609.855641
1770508800,1.42347,1.44105,1.4128,1.41581,1946057.141689
1770523200,1.41614,1.4246,1.40881,1.41983,849398.551119
1770537600,1.41965,1.46135,1.41872,1.45132,3052709.170823
1770552000,1.45178,1.46753,1.43,1.43909,2745910.03973
1770566400,1.43949,1.45127,1.40969,1.44901,3101236.14316
1770580800,1.4493,1.46154,1.42107,1.43,2649324.885254
1770595200,1.42993,1.45305,1.41842,1.45141,1767125.806623
1770609600,1.45123,1.45406,1.42048,1.42441,3188739.988029
1770624000,1.42473,1.42874,1.37138,1.39147,5168513.907254
1770638400,1.39234,1.449,1.39189,1.445,6392138.029619
1770652800,1.44587,1.46333,1.43277,1.45239,5650907.050489
1770667200,1.45201,1.45806,1.43445,1.43646,2488807.803849
1770681600,1.4365,1.45233,1.42744,1.43409,1571455.026282
1770696000,1.43409,1.45058,1.41305,1.42097,2123967.600153
1770710400,1.42152,1.43448,1.40566,1.40688,1912822.579852
1770724800,1.40694,1.42448,1.39128,1.40658,4049617.004999
1770739200,1.40623,1.42865,1.3937,1.40025,3611024.450577
1770753600,1.40029,1.40403,1.39162,1.39925,3308408.360223
1770768000,1.39913,1.4196,1.394,1.40334,1345038.09913
1770782400,1.40334,1.4081,1.35693,1.3666,4306618.150911
1770796800,1.36601,1.379,1.35491,1.37824,3422382.240781
1770811200,1.37829,1.41,1.34575,1.35366,6524458.131386
1770825600,1.35401,1.38656,1.34176,1.37801,4084152.824397
1770840000,1.37731,1.39615,1.35855,1.36882,3265750.892311
1770854400,1.36892,1.38519,1.36759,1.37486,1700043.21478
1770868800,1.37487,1.38706,1.37139,1.38172,1747269.357839
1770883200,1.38136,1.40696,1.37617,1.40121,1331687.879028
1770897600,1.40099,1.40206,1.37479,1.37501,3040031.44666
1770912000,1.37582,1.37833,1.34519,1.36369,6705271.039938
1770926400,1.36373,1.36916,1.34777,1.36229,3000412.870005
1770940800,1.36243,1.3703,1.348,1.36353,1866963.165364
1770955200,1.36428,1.36702,1.34751,1.35293,1238223.963838
1770969600,1.35299,1.37214,1.35123,1.36714,816247.198865
1770984000,1.36692,1.42175,1.35883,1.40426,6220891.771116
1770998400,1.40402,1.427,1.39853,1.41094,5017572.518119
1771012800,1.41074,1.41585,1.39716,1.40663,2941749.500558
1771027200,1.40671,1.41738,1.40465,1.41574,1181386.849632
1771041600,1.41556,1.42419,1.40688,1.42205,837513.202749
1771056000,1.42185,1.47268,1.42115,1.47147,4001702.771969
1771070400,1.47078,1.47604,1.45186,1.46844,2942547.963535
1771084800,1.46897,1.4996,1.45706,1.4972,4580000.452617
1771099200,1.49771,1.51266,1.48704,1.50878,3270234.448826
1771113600,1.50849,1.54395,1.5055,1.52594,5189178.515288
1771128000,1.52627,1.64974,1.52481,1.64949,6383395.949722
1771142400,1.64965,1.67135,1.55675,1.56115,10049227.188217
1771156800,1.56166,1.56463,1.51124,1.52286,7711162.622038
1771171200,1.52221,1.52307,1.44709,1.45276,5616671.751182
1771185600,1.45239,1.48903,1.44371,1.47439,4255393.397342
1771200000,1.47418,1.48548,1.4531,1.46117,1892926.363674
1771214400,1.4611,1.47501,1.44801,1.46031,1397290.331823
1771228800,1.46039,1.51288,1.46039,1.48365,3734781.166116
1771243200,1.48346,1.51643,1.46102,1.47347,6632618.156336
1771257600,1.4734,1.4935,1.47052,1.47455,2853556.89277
1771272000,1.47469,1.49258,1.46801,1.4869,2044913.972321
1771286400,1.48689,1.49226,1.4733,1.4826,1361776.319517
1771300800,1.48253,1.48791,1.46865,1.47266,1053997.930096
1771315200,1.47265,1.47579,1.4489,1.45175,2493783.372699
1771329600,1.45175,1.4628,1.42645,1.45648,5505413.841669
1771344000,1.45717,1.51199,1.45609,1.4848,6134956.151438
1771358400,1.48482,1.49218,1.47,1.47305,3697634.314475
1771372800,1.47356,1.48228,1.46312,1.47852,2575570.917278
1771387200,1.47835,1.48798,1.47438,1.48624,561654.708534
1771401600,1.48612,1.4932,1.4638,1.46589,1208431.225418
1771416000,1.46593,1.48873,1.45199,1.47613,2618232.479175
1771430400,1.47619,1.47702,1.41935,1.42226,4203385.394696
1771444800,1.42307,1.43213,1.41036,1.42111,2795824.711115
1771459200,1.4212,1.42957,1.4145,1.42843,1619421.31445
1771473600,1.42844,1.43709,1.40487,1.4323,2162336.876631
1771488000,1.43212,1.43212,1.40603,1.40873,1075893.58696
1771502400,1.40874,1.41351,1.38485,1.39716,4317681.37009
1771516800,1.39669,1.41818,1.38167,1.41151,4576296.783402
1771531200,1.41195,1.4138,1.39447,1.40619,1373156.984435
1771545600,1.40611,1.42828,1.40461,1.41224,1528878.8835
1771560000,1.4124,1.42335,1.40017,1.41895,1010703.410662
1771574400,1.41891,1.42789,1.40301,1.40483,1319689.280461
1771588800,1.4052,1.42973,1.378,1.429,6398478.046969
1771603200,1.42881,1.43879,1.40776,1.42293,3692694.210365
1771617600,1.42288,1.43086,1.41441,1.4287,1326720.382727
1771632000,1.42843,1.43306,1.41931,1.42514,887738.345284
1771646400,1.42544,1.43451,1.42435,1.43092,610077.188713
1771660800,1.43075,1.44589,1.42726,1.44359,1135393.44577
1771675200,1.44359,1.46413,1.436,1.45023,3031056.590553
1771689600,1.45057,1.45111,1.43625,1.44316,1267820.843593
1771704000,1.44307,1.44307,1.43,1.43017,1542830.263483
1771718400,1.43001,1.43323,1.41798,1.42316,1288293.075652
1771732800,1.42328,1.42547,1.41698,1.42087,1231276.94316
1771747200,1.42081,1.42508,1.41681,1.42302,330097.245779
1771761600,1.42304,1.4233,1.38598,1.39305,2874824.635485
1771776000,1.39298,1.39435,1.383,1.38629,921110.16468
1771790400,1.38634,1.40136,1.38,1.39246,1507340.244843
1771804800,1.39303,1.39432,1.33,1.34095,8144836.844204
1771819200,1.34104,1.37779,1.33563,1.3712,2811884.473077
1771833600,1.37115,1.40588,1.36207,1.39661,1629913.618832
1771848000,1.39646,1.42443,1.3674,1.37099,4306661.49948
1771862400,1.37032,1.37824,1.3488,1.35707,4697549.929987
1771876800,1.3569,1.36667,1.35008,1.35145,2725791.36758
1771891200,1.35144,1.36137,1.32751,1.33103,3499886.521535
1771905600,1.33214,1.3421,1.32186,1.32598,1877417.292152
1771920000,1.32592,1.33524,1.32141,1.33324,1122046.866872
1771934400,1.33318,1.3525,1.3125,1.35152,4024890.895623
1771948800,1.35153,1.36675,1.34514,1.35581,5712570.274805
1771963200,1.35582,1.36358,1.34191,1.34837,2677704.27437
1771977600,1.34824,1.39932,1.34081,1.36954,8889545.708751
1771992000,1.37002,1.37484,1.3533,1.36569,1143771.161538
1772006400,1.3657,1.38455,1.36333,1.38381,1406844.83919
1772020800,1.38376,1.44617,1.38109,1.44166,8912643.856814
1772035200,1.44172,1.47687,1.438,1.46664,9233688.803771
1772049600,1.46734,1.49365,1.41911,1.43371,10349803.639355
1772064000,1.43382,1.4483,1.4191,1.44215,5741887.276881
1772078400,1.44211,1.46947,1.43047,1.43405,6337843.421844
1772092800,1.43405,1.45635,1.43405,1.4369,1334354.220666
1772107200,1.43729,1.44571,1.40783,1.42136,6055252.890199
1772121600,1.42134,1.42355,1.38279,1.40745,6678759.268587
1772136000,1.40758,1.41303,1.38832,1.40265,2033005.097235
1772150400,1.40265,1.41329,1.39374,1.40794,1296126.080918
1772164800,1.40801,1.42143,1.40426,1.41688,1268666.470585
1772179200,1.41692,1.42602,1.381,1.3836,3004336.099423
1772193600,1.3827,1.38539,1.35314,1.35779,8816996.822109
1772208000,1.35779,1.36526,1.33864,1.35079,7923119.304785
1772222400,1.35106,1.35717,1.3392,1.35625,1634709.037767
1772236800,1.35627,1.365,1.35328,1.35514,1781973.343057
1772251200,1.35514,1.358,1.29064,1.30321,5668389.940154
1772265600,1.30269,1.30676,1.27024,1.29314,5955231.78354
1772280000,1.29343,1.35084,1.29229,1.32386,6394940.328416
1772294400,1.32387,1.35887,1.31514,1.35497,5266226.475158
1772308800,1.35462,1.39327,1.35144,1.3765,5873660.094723
1772323200,1.37684,1.43299,1.36565,1.41881,5900948.780289
1772337600,1.41928,1.42134,1.38865,1.39794,2031677.575351
1772352000,1.39809,1.39948,1.36768,1.37616,1358313.498626
1772366400,1.37582,1.40304,1.3618,1.37814,1845988.902247
1772380800,1.37934,1.38613,1.35477,1.35647,1970184.428407
1772395200,1.35602,1.37163,1.33718,1.35254,6238913.812892
1772409600,1.35287,1.3806,1.3513,1.37362,2216500.183868
1772424000,1.37362,1.37472,1.33801,1.34669,1614965.303847
1772438400,1.34714,1.36258,1.33885,1.35089,3912803.750656
1772452800,1.35122,1.41674,1.33369,1.40053,10122514.065963
1772467200,1.4011,1.42259,1.3834,1.40097,10438356.052733
1772481600,1.40092,1.40689,1.38618,1.38996,2895127.353655
1772496000,1.39013,1.39494,1.36737,1.37317,3896472.98517
1772510400,1.37307,1.3771,1.35805,1.36392,2216885.926423
1772524800,1.36365,1.36874,1.342,1.35319,3980657.161472
1772539200,1.35299,1.37088,1.33628,1.36449,6575606.516336
1772553600,1.36462,1.38683,1.35384,1.36249,3776297.573792
1772568000,1.3617,1.36911,1.34892,1.3609,1707880.371931
1772582400,1.36073,1.36979,1.34558,1.3533,1441578.238452
1772596800,1.353,1.37779,1.3455,1.37561,949922.736685
1772611200,1.3751,1.42711,1.36974,1.39901,5495714.742858
1772625600,1.39927,1.465,1.38274,1.46395,9734105.348537
1772640000,1.46351,1.47391,1.43595,1.45778,8551995.281152
1772654400,1.45766,1.4655,1.41664,1.43095,4658042.325715
1772668800,1.4317,1.43658,1.41622,1.41976,1971407.941606
1772683200,1.41977,1.43148,1.40836,1.41332,1788445.69498
1772697600,1.41351,1.45231,1.40998,1.43654,1654217.71483
1772712000,1.4367,1.44275,1.41011,1.41692,3173345.146815
1772726400,1.416,1.42364,1.3959,1.41062,4368887.906193
1772740800,1.41109,1.4203,1.4025,1.40423,2043798.677316
1772755200,1.40384,1.41458,1.39818,1.40557,2268796.227974
1772769600,1.40542,1.4085,1.3915,1.40767,1293493.575257
1772784000,1.40793,1.40793,1.39274,1.39542,712123.150318
1772798400,1.39512,1.39755,1.35129,1.35662,5946278.467149
1772812800,1.35643,1.36665,1.34604,1.36385,3063534.834418
1772827200,1.3637,1.37127,1.35394,1.3633,3790526.004865
1772841600,1.3637,1.37499,1.36284,1.36594,717060.991389
1772856000,1.36616,1.36864,1.36033,1.3671,1028001.565028
1772870400,1.36705,1.37346,1.36302,1.37,401238.776976
1772884800,1.37005,1.37005,1.35519,1.35751,843806.350863
1772899200,1.3575,1.36481,1.348,1.3506,882458.743313
1772913600,1.35059,1.359,1.35043,1.35666,868238.353445
1772928000,1.35712,1.36016,1.34438,1.34863,1040025.663626
1772942400,1.34867,1.3625,1.342,1.36022,574316.261921
1772956800,1.36034,1.37155,1.3548,1.35783,879862.330447
1772971200,1.35767,1.35899,1.342,1.34614,940713.748584
1772985600,1.34528,1.35987,1.33831,1.35645,1103649.702813
1773000000,1.35593,1.36193,1.32179,1.34033,3497696.522288
1773014400,1.34036,1.3655,1.33801,1.35062,2288714.164781
1773028800,1.35051,1.35796,1.33323,1.34048,987312.260279
1773043200,1.34093,1.36286,1.34035,1.35003,762670.354269
1773057600,1.34997,1.37259,1.34951,1.36033,3169322.981908
1773072000,1.36066,1.38437,1.35628,1.37361,2252527.995
1773086400,1.37316,1.37935,1.36094,1.3632,2149579.811509
1773100800,1.36306,1.39207,1.36095,1.37508,1842295.181764
1773115200,1.37509,1.38986,1.37325,1.38716,872794.895258
1773129600,1.38735,1.41949,1.38735,1.39081,4270619.396299
1773144000,1.39144,1.44232,1.3818,1.4307,5551158.026528
1773158400,1.43067,1.43674,1.38,1.38575,3996816.010705
1773172800,1.3847,1.39528,1.37811,1.38665,1671253.432137
1773187200,1.3867,1.39236,1.37837,1.37928,1711145.706688
1773201600,1.37928,1.39125,1.37428,1.37867,664257.647463
1773216000,1.37874,1.38093,1.37243,1.37382,496428.059546
1773230400,1.3738,1.411,1.37049,1.38263,5584252.629646
1773244800,1.38264,1.40743,1.38101,1.39063,5058489.318845
1773259200,1.39014,1.39718,1.3825,1.38454,1521399.517917
1773273600,1.38454,1.38617,1.37,1.37417,1887086.480424
1773288000,1.37393,1.37822,1.3668,1.37672,1078185.967141
1773302400,1.37663,1.39312,1.37446,1.38801,2026130.703094
1773316800,1.38807,1.39236,1.3659,1.37958,3857404.334335
1773331200,1.37938,1.38579,1.36977,1.37894,2434233.312935
1773345600,1.37903,1.38966,1.37157,1.3853,2538699.96829
1773360000,1.38457,1.42387,1.38376,1.41228,7016802.32471
1773374400,1.41229,1.428,1.4072,1.4153,4964885.395899
1773388800,1.41556,1.43872,1.41403,1.42064,4705279.597473
1773403200,1.42047,1.4529,1.40759,1.40926,9586533.251327
1773417600,1.40925,1.41495,1.39028,1.4013,4878715.427779
1773432000,1.40155,1.40583,1.39034,1.39936,1830841.027342
1773446400,1.39907,1.40385,1.39262,1.40118,933405.89807
1773460800,1.40122,1.40451,1.38551,1.39473,832545.888192
1773475200,1.39446,1.39713,1.3883,1.39246,418078.18591
1773489600,1.3925,1.39479,1.38823,1.39059,593403.223013
1773504000,1.39057,1.39397,1.38744,1.39067,872155.239316
1773518400,1.39065,1.40852,1.3893,1.4067,1358209.123678
1773532800,1.40681,1.42,1.40265,1.41232,2349477.570387
1773547200,1.41279,1.42108,1.40584,1.40799,3258688.001245
1773561600,1.40799,1.42056,1.40799,1.41966,407201.450064
1773576000,1.41998,1.42973,1.4133,1.41579,2274886.763282
1773590400,1.41594,1.42381,1.40913,1.41323,1156298.684882
1773604800,1.41303,1.46472,1.41071,1.44939,5310540.819897
1773619200,1.44894,1.47987,1.43615,1.46758,3007191.904533
1773633600,1.468,1.48779,1.46776,1.4829,4582988.321329
1773648000,1.48291,1.48891,1.4648,1.47012,1959029.712033
1773662400,1.46994,1.51664,1.46994,1.49332,8905470.923258
1773676800,1.49333,1.54389,1.4925,1.52909,9387675.529256
1773691200,1.53064,1.55311,1.52382,1.54327,4805505.601921
1773705600,1.54317,1.60681,1.53446,1.54423,16579774.886383
1773720000,1.545,1.55304,1.50525,1.53003,4428117.314446
1773734400,1.53,1.53286,1.50291,1.51008,2589317.342552
1773748800,1.51002,1.52273,1.49516,1.51431,5220948.07635
1773763200,1.5141,1.54121,1.50305,1.53279,6403418.791662
1773777600,1.5341,1.53687,1.51795,1.51856,1704657.369299
1773792000,1.51847,1.54,1.51,1.53919,4461821.119568
1773806400,1.53952,1.54234,1.5159,1.52036,1218974.241345
1773820800,1.52046,1.52772,1.48501,1.49028,2256897.733761
1773835200,1.49015,1.49103,1.4396,1.4424,5210980.109348
1773849600,1.44151,1.4675,1.43661,1.44934,6042531.555925
1773864000,1.44923,1.47596,1.44229,1.46509,8816949.00888
1773878400,1.46532,1.47873,1.45624,1.47438,1241887.772702
1773892800,1.47442,1.48206,1.45095,1.46123,3097061.879058
1773907200,1.46147,1.47099,1.45237,1.45858,1273491.596845
1773921600,1.45858,1.45858,1.425,1.43177,5794924.259453
1773936000,1.43177,1.45304,1.42228,1.44503,3226887.172535
1773950400,1.4449,1.45688,1.44307,1.44753,1852287.74012
1773964800,1.44754,1.46077,1.44548,1.45321,2855199.416197
1773979200,1.45321,1.46261,1.44369,1.45446,2115420.24813
1773993600,1.45457,1.46594,1.44258,1.44917,3122246.364315
1774008000,1.44906,1.45247,1.42764,1.43726,2056007.524983
1774022400,1.43737,1.4425,1.425,1.43514,2273327.749855
1774036800,1.43543,1.45181,1.42886,1.44483,1341985.540314
1774051200,1.445,1.44909,1.44242,1.4459,998011.127523
1774065600,1.44578,1.45226,1.44387,1.44387,1042887.596628
1774080000,1.44388,1.44515,1.43633,1.44236,618080.591986
1774094400,1.44241,1.44661,1.43332,1.43797,1757065.907562
1774108800,1.43781,1.44149,1.43381,1.43683,1692556.427996
1774123200,1.43684,1.44235,1.40088,1.40901,2119086.112245
1774137600,1.40828,1.42594,1.39478,1.4175,2625216.622405
1774152000,1.41734,1.41999,1.40254,1.40295,1202043.494713
1774166400,1.40306,1.40323,1.38547,1.39063,2069695.475948
1774180800,1.39064,1.40667,1.39058,1.3929,1433261.235068
1774195200,1.39259,1.39565,1.38107,1.38478,1932135.196439
1774209600,1.38538,1.39298,1.37132,1.38473,2138419.72809
1774224000,1.38471,1.39225,1.3742,1.38062,1203317.123058
1774238400,1.38089,1.3954,1.36267,1.3723,2454936.233405
1774252800,1.3724,1.44378,1.36133,1.41104,6753981.472834
1774267200,1.41226,1.465,1.40217,1.43091,5434642.889892
1774281600,1.43102,1.44608,1.42652,1.43456,2808786.125892
1774296000,1.43428,1.4395,1.42402,1.43195,1665898.64062
1774310400,1.4317,1.43436,1.40822,1.41415,3941587.802858
1774324800,1.41411,1.43197,1.40433,1.43081,2294940.184252
1774339200,1.43102,1.43261,1.41283,1.42304,988361.23597
1774353600,1.42309,1.42309,1.39534,1.40079,3101155.162283
1774368000,1.40061,1.40355,1.3838,1.3874,2172738.496439
1774382400,1.38718,1.4176,1.38601,1.4155,2998955.826673
1774396800,1.41562,1.42408,1.40646,1.41314,1264417.536137
1774411200,1.41263,1.42594,1.41074,1.41972,1542272.20077
1774425600,1.41995,1.43722,1.41226,1.42851,1929717.434753
1774440000,1.42916,1.43191,1.402,1.40688,3769008.143909
1774454400,1.40704,1.4203,1.40501,1.41093,1674809.46916
1774468800,1.4118,1.4226,1.40946,1.4142,868806.608116
1774483200,1.41412,1.41582,1.39608,1.40098,1041633.768969
1774497600,1.40114,1.40493,1.37978,1.38499,1453254.806263
1774512000,1.3853,1.38565,1.36746,1.37096,1432527.103902
1774526400,1.37116,1.38251,1.35339,1.35997,2485466.772149
1774540800,1.35996,1.3653,1.33582,1.34387,3669446.788487
1774555200,1.34391,1.36999,1.34359,1.36002,1697134.072528
1774569600,1.36016,1.37145,1.3574,1.36326,1329539.82814
1774584000,1.36327,1.36755,1.35497,1.35784,703704.856755
1774598400,1.35804,1.35907,1.3264,1.33417,3228941.893602
1774612800,1.33447,1.34653,1.27031,1.33553,18295497.95819
1774627200,1.33563,1.33674,1.3175,1.3246,2353042.079573
1774641600,1.32436,1.33189,1.31946,1.3249,1003556.526472
1774656000,1.32466,1.32874,1.31828,1.32606,682810.84633
1774670400,1.32641,1.34105,1.32498,1.33994,1046424.207566
1774684800,1.34,1.3422,1.33395,1.3397,691002.996292
1774699200,1.33953,1.357,1.33523,1.35256,2116631.337423
1774713600,1.35262,1.35359,1.34162,1.34401,675976.105661
1774728000,1.34402,1.34684,1.33031,1.33262,1365919.086948
1774742400,1.33262,1.34057,1.32892,1.3374,1084518.795915
1774756800,1.33752,1.34199,1.32783,1.33287,992206.101365
1774771200,1.33314,1.33927,1.33,1.33748,536153.417564
1774785600,1.3371,1.33729,1.3205,1.32474,862605.237031
1774800000,1.32473,1.328,1.31521,1.3168,1235583.951293
1774814400,1.31674,1.33115,1.29367,1.32671,3503103.82109
1774828800,1.32679,1.35381,1.32344,1.35067,2791095.729705
1774843200,1.35117,1.3595,1.34395,1.35669,2280929.408657
1774857600,1.35714,1.36561,1.34398,1.34892,1738699.984425
1774872000,1.34938,1.35448,1.33399,1.34406,3336532.835077
1774886400,1.34432,1.34444,1.31574,1.32182,2738093.094905
1774900800,1.32181,1.33303,1.31908,1.32307,1164036.931915
1774915200,1.32367,1.34701,1.31855,1.32488,1199437.123207
1774929600,1.32503,1.32842,1.3136,1.31791,1885482.900248
1774944000,1.31833,1.32202,1.30372,1.31373,2111279.185221
1774958400,1.31386,1.33754,1.31031,1.31404,2501618.291253
1774972800,1.31404,1.345,1.31308,1.34388,2997175.221312
1774987200,1.34388,1.3488,1.33175,1.3402,1536110.183857
